time,power (pu)
2019-01-01 00:00:00,0.16689516666666665
2019-01-01 01:00:00,0.007256658333333333
2019-01-01 02:00:00,0.09701808333333334
2019-01-01 03:00:00,0.42045499999999997
2019-01-01 04:00:00,0.6776333333333333
2019-01-01 05:00:00,0.5698766666666666
2019-01-01 06:00:00,0.1956483333333333
2019-01-01 07:00:00,0.011287046666666667
2019-01-01 08:00:00,0.047309816666666664
2019-01-01 09:00:00,0.4065775
2019-01-01 10:00:00,0.8232166666666667
2019-01-01 11:00:00,0.739975
2019-01-01 12:00:00,0.34715416666666665
2019-01-01 13:00:00,0.045217549999999995
2019-01-01 14:00:00,0.030272183333333334
2019-01-01 15:00:00,0.28245583333333335
2019-01-01 16:00:00,0.5870066666666667
2019-01-01 17:00:00,0.6115999999999999
2019-01-01 18:00:00,0.3025391666666667
2019-01-01 19:00:00,0.036189874999999996
2019-01-01 20:00:00,0.019575742416666667
2019-01-01 21:00:00,0.3269991666666667
2019-01-01 22:00:00,0.9044416666666666
2019-01-01 23:00:00,0.9958499999999999
2019-01-02 00:00:00,0.69069
2019-01-02 01:00:00,0.19867166666666666
2019-01-02 02:00:00,0.008165258333333335
2019-01-02 03:00:00,0.12248275
2019-01-02 04:00:00,0.5192191666666667
2019-01-02 05:00:00,0.8298000000000001
2019-01-02 06:00:00,0.670355
2019-01-02 07:00:00,0.21663583333333336
2019-01-02 08:00:00,0.011102569583333333
2019-01-02 09:00:00,0.06726554166666666
2019-01-02 10:00:00,0.5316325
2019-01-02 11:00:00,0.9835833333333334
2019-01-02 12:00:00,0.9115916666666665
2019-01-02 13:00:00,0.42314666666666667
2019-01-02 14:00:00,0.04945241666666667
2019-01-02 15:00:00,0.040561875
2019-01-02 16:00:00,0.3451325
2019-01-02 17:00:00,0.7349
2019-01-02 18:00:00,0.7794
2019-01-02 19:00:00,0.36794916666666666
2019-01-02 20:00:00,0.03940696666666666
2019-01-02 21:00:00,0.026420528666666665
2019-01-02 22:00:00,0.39651333333333333
2019-01-02 23:00:00,0.9636166666666667
2019-01-03 00:00:00,1.0
2019-01-03 01:00:00,0.7709833333333335
2019-01-03 02:00:00,0.1931659166666667
2019-01-03 03:00:00,0.008999749999999999
2019-01-03 04:00:00,0.19523625
2019-01-03 05:00:00,0.6940091666666668
2019-01-03 06:00:00,0.9917916666666667
2019-01-03 07:00:00,0.7311308333333334
2019-01-03 08:00:00,0.20179083333333334
2019-01-03 09:00:00,0.007020950000000001
2019-01-03 10:00:00,0.12540008333333333
2019-01-03 11:00:00,0.7572675
2019-01-03 12:00:00,1.0
2019-01-03 13:00:00,0.9616083333333334
2019-01-03 14:00:00,0.4331275
2019-01-03 15:00:00,0.037904266666666665
2019-01-03 16:00:00,0.0733395
2019-01-03 17:00:00,0.49186916666666664
2019-01-03 18:00:00,0.942025
2019-01-03 19:00:00,0.905625
2019-01-03 20:00:00,0.3688766666666667
2019-01-03 21:00:00,0.029362047750000002
2019-01-03 22:00:00,0.04694354666666666
2019-01-03 23:00:00,0.5478183333333334
2019-01-04 00:00:00,1.0
2019-01-04 01:00:00,1.0
2019-01-04 02:00:00,0.7473975
2019-01-04 03:00:00,0.1380955
2019-01-04 04:00:00,0.020481225
2019-01-04 05:00:00,0.33004333333333336
2019-01-04 06:00:00,0.8852083333333333
2019-01-04 07:00:00,1.0
2019-01-04 08:00:00,0.7014866666666667
2019-01-04 09:00:00,0.14418808333333333
2019-01-04 10:00:00,0.006102294083333333
2019-01-04 11:00:00,0.26440749999999996
2019-01-04 12:00:00,0.9390249999999999
2019-01-04 13:00:00,1.0
2019-01-04 14:00:00,0.9466166666666668
2019-01-04 15:00:00,0.3513925
2019-01-04 16:00:00,0.018950375
2019-01-04 17:00:00,0.15625533333333336
2019-01-04 18:00:00,0.7220049999999999
2019-01-04 19:00:00,1.0
2019-01-04 20:00:00,0.89455
2019-01-04 21:00:00,0.29925416666666665
2019-01-04 22:00:00,0.014243395999999998
2019-01-04 23:00:00,0.10172825000000002
2019-01-05 00:00:00,0.7568958333333333
2019-01-05 01:00:00,1.0
2019-01-05 02:00:00,1.0
2019-01-05 03:00:00,0.6007708333333333
2019-01-05 04:00:00,0.06638286666666667
2019-01-05 05:00:00,0.06233462499999999
2019-01-05 06:00:00,0.525085
2019-01-05 07:00:00,0.9849666666666667
2019-01-05 08:00:00,0.9947583333333334
2019-01-05 09:00:00,0.55471
2019-01-05 10:00:00,0.067280775
2019-01-05 11:00:00,0.02933940358333333
2019-01-05 12:00:00,0.5314458333333334
2019-01-05 13:00:00,1.0
2019-01-05 14:00:00,1.0
2019-01-05 15:00:00,0.8558916666666666
2019-01-05 16:00:00,0.20682133333333333
2019-01-05 17:00:00,0.016224358333333334
2019-01-05 18:00:00,0.3172666666666667
2019-01-05 19:00:00,0.907075
2019-01-05 20:00:00,1.0
2019-01-05 21:00:00,0.7968666666666667
2019-01-05 22:00:00,0.18980191666666665
2019-01-05 23:00:00,0.0056571225
2019-01-06 00:00:00,0.22975283333333332
2019-01-06 01:00:00,0.9247416666666668
2019-01-06 02:00:00,1.0
2019-01-06 03:00:00,0.9566833333333333
2019-01-06 04:00:00,0.35947583333333333
2019-01-06 05:00:00,0.020602116666666666
2019-01-06 06:00:00,0.158141
2019-01-06 07:00:00,0.7404008333333333
2019-01-06 08:00:00,1.0
2019-01-06 09:00:00,0.9191083333333334
2019-01-06 10:00:00,0.32972416666666665
2019-01-06 11:00:00,0.015360318891666667
2019-01-06 12:00:00,0.1205
2019-01-06 13:00:00,0.8115083333333333
2019-01-06 14:00:00,1.0
2019-01-06 15:00:00,1.0
2019-01-06 16:00:00,0.6223791666666667
2019-01-06 17:00:00,0.07721123333333334
2019-01-06 18:00:00,0.057301775
2019-01-06 19:00:00,0.5248908333333333
2019-01-06 20:00:00,0.9809666666666668
2019-01-06 21:00:00,0.9939749999999999
2019-01-06 22:00:00,0.5868049999999999
2019-01-06 23:00:00,0.08288938333333333
2019-01-07 00:00:00,0.021619245583333332
2019-01-07 01:00:00,0.44439166666666663
2019-01-07 02:00:00,0.9977499999999999
2019-01-07 03:00:00,1.0
2019-01-07 04:00:00,0.7439091666666667
2019-01-07 05:00:00,0.1527595
2019-01-07 06:00:00,0.017485191666666667
2019-01-07 07:00:00,0.31447833333333336
2019-01-07 08:00:00,0.8771583333333335
2019-01-07 09:00:00,0.9980166666666667
2019-01-07 10:00:00,0.6676216666666666
2019-01-07 11:00:00,0.12912491666666667
2019-01-07 12:00:00,0.009990045
2019-01-07 13:00:00,0.32737
2019-01-07 14:00:00,0.9709250000000001
2019-01-07 15:00:00,1.0
2019-01-07 16:00:00,0.9195166666666666
2019-01-07 17:00:00,0.30984333333333336
2019-01-07 18:00:00,0.016850741666666665
2019-01-07 19:00:00,0.1529294166666667
2019-01-07 20:00:00,0.6709108333333335
2019-01-07 21:00:00,0.9837416666666666
2019-01-07 22:00:00,0.8561500000000001
2019-01-07 23:00:00,0.33210500000000004
2019-01-08 00:00:00,0.019027826666666667
2019-01-08 01:00:00,0.08642533333333333
2019-01-08 02:00:00,0.6461758333333333
2019-01-08 03:00:00,1.0
2019-01-08 04:00:00,0.9246416666666666
2019-01-08 05:00:00,0.387905
2019-01-08 06:00:00,0.04107982499999999
2019-01-08 07:00:00,0.06151405833333332
2019-01-08 08:00:00,0.47999583333333334
2019-01-08 09:00:00,0.8767750000000001
2019-01-08 10:00:00,0.7960250000000001
2019-01-08 11:00:00,0.34582583333333333
2019-01-08 12:00:00,0.026886770500000004
2019-01-08 13:00:00,0.06585971666666667
2019-01-08 14:00:00,0.6029241666666667
2019-01-08 15:00:00,1.0
2019-01-08 16:00:00,1.0
2019-01-08 17:00:00,0.6078583333333334
2019-01-08 18:00:00,0.10829966666666666
2019-01-08 19:00:00,0.015350774999999999
2019-01-08 20:00:00,0.2624358333333333
2019-01-08 21:00:00,0.6749249999999999
2019-01-08 22:00:00,0.7886583333333332
2019-01-08 23:00:00,0.5510966666666667
2019-01-09 00:00:00,0.13000825000000002
2019-01-09 01:00:00,0.006071600083333334
2019-01-09 02:00:00,0.19008341666666667
2019-01-09 03:00:00,0.6798191666666666
2019-01-09 04:00:00,0.8881916666666666
2019-01-09 05:00:00,0.557985
2019-01-09 06:00:00,0.14912808333333333
2019-01-09 07:00:00,0.008558966666666667
2019-01-09 08:00:00,0.146058
2019-01-09 09:00:00,0.5540216666666666
2019-01-09 10:00:00,0.6993583333333333
2019-01-09 11:00:00,0.48028
2019-01-09 12:00:00,0.12712091666666667
2019-01-09 13:00:00,0.005570576666666667
2019-01-09 14:00:00,0.19442816666666668
2019-01-09 15:00:00,0.775825
2019-01-09 16:00:00,1.0
2019-01-09 17:00:00,0.8144083333333333
2019-01-09 18:00:00,0.2857516666666666
2019-01-09 19:00:00,0.026610516666666667
2019-01-09 20:00:00,0.0427475
2019-01-09 21:00:00,0.315995
2019-01-09 22:00:00,0.5585833333333333
2019-01-09 23:00:00,0.5360658333333334
2019-01-10 00:00:00,0.2808508333333333
2019-01-10 01:00:00,0.0307929925
2019-01-10 02:00:00,0.0264852825
2019-01-10 03:00:00,0.24961166666666668
2019-01-10 04:00:00,0.5381658333333333
2019-01-10 05:00:00,0.5402275
2019-01-10 06:00:00,0.2648058333333333
2019-01-10 07:00:00,0.041453341666666664
2019-01-10 08:00:00,0.016554366666666667
2019-01-10 09:00:00,0.21772000000000002
2019-01-10 10:00:00,0.4878516666666667
2019-01-10 11:00:00,0.4597466666666667
2019-01-10 12:00:00,0.237165
2019-01-10 13:00:00,0.030877579999999995
2019-01-10 14:00:00,0.0288766075
2019-01-10 15:00:00,0.3204625
2019-01-10 16:00:00,0.7458499999999999
2019-01-10 17:00:00,0.8064833333333332
2019-01-10 18:00:00,0.46003000000000005
2019-01-10 19:00:00,0.11631833333333333
2019-01-10 20:00:00,0.006257783333333333
2019-01-10 21:00:00,0.07059891666666666
2019-01-10 22:00:00,0.29379333333333335
2019-01-10 23:00:00,0.39631750000000004
2019-01-11 00:00:00,0.3131725
2019-01-11 01:00:00,0.11280499999999999
2019-01-11 02:00:00,0.004592538333333333
2019-01-11 03:00:00,0.05003291666666667
2019-01-11 04:00:00,0.22094250000000001
2019-01-11 05:00:00,0.3564025
2019-01-11 06:00:00,0.3019233333333333
2019-01-11 07:00:00,0.11272566666666668
2019-01-11 08:00:00,0.009376091666666668
2019-01-11 09:00:00,0.034443241666666666
2019-01-11 10:00:00,0.2181175
2019-01-11 11:00:00,0.34629
2019-01-11 12:00:00,0.26547166666666666
2019-01-11 13:00:00,0.10029550000000001
2019-01-11 14:00:00,0.005229335000000001
2019-01-11 15:00:00,0.066927
2019-01-11 16:00:00,0.33947916666666667
2019-01-11 17:00:00,0.5649000000000001
2019-01-11 18:00:00,0.5120975000000001
2019-01-11 19:00:00,0.2497775
2019-01-11 20:00:00,0.04738316666666667
2019-01-11 21:00:00,0.004449016666666667
2019-01-11 22:00:00,0.07906566666666666
2019-01-11 23:00:00,0.22905083333333334
2019-01-12 00:00:00,0.2541275
2019-01-12 01:00:00,0.168805
2019-01-12 02:00:00,0.04208933333333333
2019-01-12 03:00:00,0.0022750841666666667
2019-01-12 04:00:00,0.049909
2019-01-12 05:00:00,0.15723166666666666
2019-01-12 06:00:00,0.23140416666666666
2019-01-12 07:00:00,0.17573916666666667
2019-01-12 08:00:00,0.05099433333333333
2019-01-12 09:00:00,0.003291925
2019-01-12 10:00:00,0.03709691666666667
2019-01-12 11:00:00,0.16523833333333332
2019-01-12 12:00:00,0.22257500000000005
2019-01-12 13:00:00,0.15074833333333332
2019-01-12 14:00:00,0.04196583333333334
2019-01-12 15:00:00,0.0026131583333333336
2019-01-12 16:00:00,0.07630983333333333
2019-01-12 17:00:00,0.2637541666666667
2019-01-12 18:00:00,0.3909225
2019-01-12 19:00:00,0.339795
2019-01-12 20:00:00,0.1529325
2019-01-12 21:00:00,0.024162075
2019-01-12 22:00:00,0.005024116666666666
2019-01-12 23:00:00,0.06934791666666666
2019-01-13 00:00:00,0.16529083333333333
2019-01-13 01:00:00,0.16743166666666667
2019-01-13 02:00:00,0.10432499999999999
2019-01-13 03:00:00,0.022107683333333333
2019-01-13 04:00:00,0.0018905750000000002
2019-01-13 05:00:00,0.03544325
2019-01-13 06:00:00,0.11424250000000001
2019-01-13 07:00:00,0.17526833333333333
2019-01-13 08:00:00,0.12622916666666667
2019-01-13 09:00:00,0.034197000000000005
2019-01-13 10:00:00,0.002359725
2019-01-13 11:00:00,0.025845833333333332
2019-01-13 12:00:00,0.11511833333333334
2019-01-13 13:00:00,0.15359083333333332
2019-01-13 14:00:00,0.10041083333333332
2019-01-13 15:00:00,0.024328533333333336
2019-01-13 16:00:00,0.0020881741666666665
2019-01-13 17:00:00,0.05345775
2019-01-13 18:00:00,0.1850466666666667
2019-01-13 19:00:00,0.30134583333333337
2019-01-13 20:00:00,0.27326333333333336
2019-01-13 21:00:00,0.12182
2019-01-13 22:00:00,0.019370508333333335
2019-01-13 23:00:00,0.0043936416666666665
2019-01-14 00:00:00,0.056042999999999996
2019-01-14 01:00:00,0.1315808333333333
2019-01-14 02:00:00,0.14211
2019-01-14 03:00:00,0.097035
2019-01-14 04:00:00,0.022723291666666666
2019-01-14 05:00:00,0.0010349366666666667
2019-01-14 06:00:00,0.026259333333333332
2019-01-14 07:00:00,0.10681666666666667
2019-01-14 08:00:00,0.17681999999999998
2019-01-14 09:00:00,0.13160583333333334
2019-01-14 10:00:00,0.04279008333333333
2019-01-14 11:00:00,0.0036394083333333334
2019-01-14 12:00:00,0.017239141666666666
2019-01-14 13:00:00,0.09477166666666667
2019-01-14 14:00:00,0.13628416666666665
2019-01-14 15:00:00,0.09699583333333334
2019-01-14 16:00:00,0.028037083333333334
2019-01-14 17:00:00,0.0010510316666666668
2019-01-14 18:00:00,0.03213225
2019-01-14 19:00:00,0.15570416666666667
2019-01-14 20:00:00,0.3003108333333333
2019-01-14 21:00:00,0.2853533333333333
2019-01-14 22:00:00,0.13424916666666667
2019-01-14 23:00:00,0.024853583333333335
2019-01-15 00:00:00,0.0036380916666666667
2019-01-15 01:00:00,0.05389291666666666
2019-01-15 02:00:00,0.14351
2019-01-15 03:00:00,0.1791525
2019-01-15 04:00:00,0.13616666666666666
2019-01-15 05:00:00,0.03569708333333333
2019-01-15 06:00:00,0.0010331675
2019-01-15 07:00:00,0.029153833333333334
2019-01-15 08:00:00,0.1414925
2019-01-15 09:00:00,0.24409166666666668
2019-01-15 10:00:00,0.1960333333333333
2019-01-15 11:00:00,0.07752433333333333
2019-01-15 12:00:00,0.008156475
2019-01-15 13:00:00,0.017393025
2019-01-15 14:00:00,0.11020916666666666
2019-01-15 15:00:00,0.17259
2019-01-15 16:00:00,0.14501916666666667
2019-01-15 17:00:00,0.055411833333333334
2019-01-15 18:00:00,0.002606759416666667
2019-01-15 19:00:00,0.027620666666666672
2019-01-15 20:00:00,0.18533999999999998
2019-01-15 21:00:00,0.38687083333333333
2019-01-15 22:00:00,0.37461500000000003
2019-01-15 23:00:00,0.1895575
2019-01-16 00:00:00,0.03852616666666667
2019-01-16 01:00:00,0.004264116666666667
2019-01-16 02:00:00,0.07760449999999999
2019-01-16 03:00:00,0.22290166666666664
2019-01-16 04:00:00,0.2937341666666667
2019-01-16 05:00:00,0.21942250000000002
2019-01-16 06:00:00,0.05454808333333333
2019-01-16 07:00:00,0.0015803333333333333
2019-01-16 08:00:00,0.051707499999999997
2019-01-16 09:00:00,0.24687416666666667
2019-01-16 10:00:00,0.41299749999999996
2019-01-16 11:00:00,0.33396750000000003
2019-01-16 12:00:00,0.13225499999999998
2019-01-16 13:00:00,0.011992916666666666
2019-01-16 14:00:00,0.0304178
2019-01-16 15:00:00,0.1801333333333333
2019-01-16 16:00:00,0.29336083333333335
2019-01-16 17:00:00,0.27036750000000004
2019-01-16 18:00:00,0.10988424999999999
2019-01-16 19:00:00,0.005741514916666667
2019-01-16 20:00:00,0.04167848333333333
2019-01-16 21:00:00,0.28835916666666667
2019-01-16 22:00:00,0.5851091666666667
2019-01-16 23:00:00,0.5609116666666667
2019-01-17 00:00:00,0.2854891666666667
2019-01-17 01:00:00,0.051717000000000006
2019-01-17 02:00:00,0.009213166666666668
2019-01-17 03:00:00,0.15579749999999998
2019-01-17 04:00:00,0.40556999999999993
2019-01-17 05:00:00,0.4937775
2019-01-17 06:00:00,0.3233475
2019-01-17 07:00:00,0.06458291666666667
2019-01-17 08:00:00,0.00363208975
2019-01-17 09:00:00,0.12032458333333333
2019-01-17 10:00:00,0.4840241666666666
2019-01-17 11:00:00,0.7195916666666666
2019-01-17 12:00:00,0.5225291666666666
2019-01-17 13:00:00,0.17281916666666666
2019-01-17 14:00:00,0.010067199999999998
2019-01-17 15:00:00,0.07528041666666667
2019-01-17 16:00:00,0.35539499999999996
2019-01-17 17:00:00,0.547825
2019-01-17 18:00:00,0.4719691666666667
2019-01-17 19:00:00,0.1619045
2019-01-17 20:00:00,0.005925659166666667
2019-01-17 21:00:00,0.0854685
2019-01-17 22:00:00,0.5012916666666666
2019-01-17 23:00:00,0.9368000000000001
2019-01-18 00:00:00,0.84205
2019-01-18 01:00:00,0.38142666666666664
2019-01-18 02:00:00,0.048884591666666664
2019-01-18 03:00:00,0.031117133333333328
2019-01-18 04:00:00,0.33484749999999996
2019-01-18 05:00:00,0.7071416666666666
2019-01-18 06:00:00,0.7394083333333333
2019-01-18 07:00:00,0.39739083333333336
2019-01-18 08:00:00,0.054788991666666675
2019-01-18 09:00:00,0.01579525
2019-01-18 10:00:00,0.29410416666666667
2019-01-18 11:00:00,0.8838166666666666
2019-01-18 12:00:00,1.0
2019-01-18 13:00:00,0.6789158333333334
2019-01-18 14:00:00,0.16647891666666667
2019-01-18 15:00:00,0.008237525
2019-01-18 16:00:00,0.20074749999999997
2019-01-18 17:00:00,0.699865
2019-01-18 18:00:00,0.9259666666666665
2019-01-18 19:00:00,0.6657441666666667
2019-01-18 20:00:00,0.17112275
2019-01-18 21:00:00,0.005187534166666666
2019-01-18 22:00:00,0.18501900000000002
2019-01-18 23:00:00,0.8239416666666667
2019-01-19 00:00:00,1.0
2019-01-19 01:00:00,0.9614333333333334
2019-01-19 02:00:00,0.4032775
2019-01-19 03:00:00,0.029580758333333335
2019-01-19 04:00:00,0.10037750000000001
2019-01-19 05:00:00,0.6441666666666667
2019-01-19 06:00:00,0.9976416666666666
2019-01-19 07:00:00,0.9202416666666666
2019-01-19 08:00:00,0.3969025
2019-01-19 09:00:00,0.031260407244999996
2019-01-19 10:00:00,0.0646941
2019-01-19 11:00:00,0.6420291666666667
2019-01-19 12:00:00,1.0
2019-01-19 13:00:00,1.0
2019-01-19 14:00:00,0.7081158333333333
2019-01-19 15:00:00,0.11864391666666668
2019-01-19 16:00:00,0.026863858333333338
2019-01-19 17:00:00,0.47408500000000003
2019-01-19 18:00:00,0.9926583333333333
2019-01-19 19:00:00,1.0
2019-01-19 20:00:00,0.7426475
2019-01-19 21:00:00,0.13903366666666664
2019-01-19 22:00:00,0.012639113333333334
2019-01-19 23:00:00,0.38068083333333336
2019-01-20 00:00:00,0.9907666666666667
2019-01-20 01:00:00,1.0
2019-01-20 02:00:00,0.9593916666666666
2019-01-20 03:00:00,0.32481333333333334
2019-01-20 04:00:00,0.013555400000000002
2019-01-20 05:00:00,0.25468474999999996
2019-01-20 06:00:00,0.9271999999999998
2019-01-20 07:00:00,1.0
2019-01-20 08:00:00,0.9272166666666668
2019-01-20 09:00:00,0.31789249999999997
2019-01-20 10:00:00,0.0113853525
2019-01-20 11:00:00,0.20302958333333332
2019-01-20 12:00:00,0.9249833333333334
2019-01-20 13:00:00,1.0
2019-01-20 14:00:00,1.0
2019-01-20 15:00:00,0.6277025
2019-01-20 16:00:00,0.06195459166666667
2019-01-20 17:00:00,0.10061635833333334
2019-01-20 18:00:00,0.8080725
2019-01-20 19:00:00,1.0
2019-01-20 20:00:00,1.0
2019-01-20 21:00:00,0.7026924999999999
2019-01-20 22:00:00,0.09293776666666666
2019-01-20 23:00:00,0.04186445608333333
2019-01-21 00:00:00,0.6614391666666667
2019-01-21 01:00:00,1.0
2019-01-21 02:00:00,1.0
2019-01-21 03:00:00,0.8955250000000001
2019-01-21 04:00:00,0.20275616666666668
2019-01-21 05:00:00,0.021112433333333333
2019-01-21 06:00:00,0.5048033333333334
2019-01-21 07:00:00,1.0
2019-01-21 08:00:00,1.0
2019-01-21 09:00:00,0.8648416666666666
2019-01-21 10:00:00,0.20159925
2019-01-21 11:00:00,0.013209684833333332
2019-01-21 12:00:00,0.4827308333333334
2019-01-21 13:00:00,1.0
2019-01-21 14:00:00,1.0
2019-01-21 15:00:00,1.0
2019-01-21 16:00:00,0.4718608333333333
2019-01-21 17:00:00,0.023975183333333337
2019-01-21 18:00:00,0.2546940833333333
2019-01-21 19:00:00,0.968925
2019-01-21 20:00:00,1.0
2019-01-21 21:00:00,1.0
2019-01-21 22:00:00,0.6076966666666667
2019-01-21 23:00:00,0.0505175365
2019-01-22 00:00:00,0.11312029166666666
2019-01-22 01:00:00,0.8606466666666667
2019-01-22 02:00:00,1.0
2019-01-22 03:00:00,1.0
2019-01-22 04:00:00,0.7536116666666668
2019-01-22 05:00:00,0.10213916666666668
2019-01-22 06:00:00,0.06449050833333334
2019-01-22 07:00:00,0.7381958333333334
2019-01-22 08:00:00,1.0
2019-01-22 09:00:00,1.0
2019-01-22 10:00:00,0.7307275
2019-01-22 11:00:00,0.10078695
2019-01-22 12:00:00,0.05412421666666667
2019-01-22 13:00:00,0.74823
2019-01-22 14:00:00,1.0
2019-01-22 15:00:00,1.0
2019-01-22 16:00:00,0.9683666666666666
2019-01-22 17:00:00,0.29876583333333334
2019-01-22 18:00:00,0.014823083333333334
2019-01-22 19:00:00,0.4489891666666667
2019-01-22 20:00:00,1.0
2019-01-22 21:00:00,1.0
2019-01-22 22:00:00,0.9966583333333334
2019-01-22 23:00:00,0.4574058333333333
2019-01-23 00:00:00,0.020282319166666663
2019-01-23 01:00:00,0.23414883333333333
2019-01-23 02:00:00,0.9648
2019-01-23 03:00:00,1.0
2019-01-23 04:00:00,1.0
2019-01-23 05:00:00,0.5493608333333333
2019-01-23 06:00:00,0.04255911666666667
2019-01-23 07:00:00,0.14570308333333334
2019-01-23 08:00:00,0.8823833333333334
2019-01-23 09:00:00,1.0
2019-01-23 10:00:00,1.0
2019-01-23 11:00:00,0.5299258333333333
2019-01-23 12:00:00,0.03959620083333334
2019-01-23 13:00:00,0.144760625
2019-01-23 14:00:00,0.9063333333333332
2019-01-23 15:00:00,1.0
2019-01-23 16:00:00,1.0
2019-01-23 17:00:00,0.8623416666666667
2019-01-23 18:00:00,0.16694925000000002
2019-01-23 19:00:00,0.028778541666666668
2019-01-23 20:00:00,0.5823583333333334
2019-01-23 21:00:00,1.0
2019-01-23 22:00:00,1.0
2019-01-23 23:00:00,0.9414833333333332
2019-01-24 00:00:00,0.2906125
2019-01-24 01:00:00,0.010044866666666666
2019-01-24 02:00:00,0.35708999999999996
2019-01-24 03:00:00,0.9920583333333333
2019-01-24 04:00:00,1.0
2019-01-24 05:00:00,0.9591666666666667
2019-01-24 06:00:00,0.3408558333333333
2019-01-24 07:00:00,0.015865758333333334
2019-01-24 08:00:00,0.24000791666666668
2019-01-24 09:00:00,0.9404666666666667
2019-01-24 10:00:00,1.0
2019-01-24 11:00:00,0.94
2019-01-24 12:00:00,0.3381458333333333
2019-01-24 13:00:00,0.012902505833333333
2019-01-24 14:00:00,0.2607061666666667
2019-01-24 15:00:00,0.9716916666666667
2019-01-24 16:00:00,1.0
2019-01-24 17:00:00,1.0
2019-01-24 18:00:00,0.7002700000000001
2019-01-24 19:00:00,0.08803215833333333
2019-01-24 20:00:00,0.04847138333333333
2019-01-24 21:00:00,0.6217141666666667
2019-01-24 22:00:00,1.0
2019-01-24 23:00:00,1.0
2019-01-25 00:00:00,0.7940216666666667
2019-01-25 01:00:00,0.15208791666666666
2019-01-25 02:00:00,0.016719403416666664
2019-01-25 03:00:00,0.40142833333333333
2019-01-25 04:00:00,0.98395
2019-01-25 05:00:00,1.0
2019-01-25 06:00:00,0.822375
2019-01-25 07:00:00,0.19868208333333331
2019-01-25 08:00:00,0.009838158333333333
2019-01-25 09:00:00,0.29249583333333334
2019-01-25 10:00:00,0.9375666666666667
2019-01-25 11:00:00,1.0
2019-01-25 12:00:00,0.785
2019-01-25 13:00:00,0.19721375
2019-01-25 14:00:00,0.008696730225
2019-01-25 15:00:00,0.32677500000000004
2019-01-25 16:00:00,0.9759333333333332
2019-01-25 17:00:00,1.0
2019-01-25 18:00:00,0.9997916666666667
2019-01-25 19:00:00,0.5001416666666666
2019-01-25 20:00:00,0.04779984166666667
2019-01-25 21:00:00,0.05849226666666667
2019-01-25 22:00:00,0.5605616666666666
2019-01-25 23:00:00,0.9939833333333332
2019-01-26 00:00:00,0.98135
2019-01-26 01:00:00,0.5439741666666666
2019-01-26 02:00:00,0.07111378333333333
2019-01-26 03:00:00,0.022944594999999998
2019-01-26 04:00:00,0.3500183333333333
2019-01-26 05:00:00,0.9209249999999999
2019-01-26 06:00:00,0.9985
2019-01-26 07:00:00,0.6132441666666667
2019-01-26 08:00:00,0.11482833333333334
2019-01-26 09:00:00,0.010510650000000002
2019-01-26 10:00:00,0.26977333333333336
2019-01-26 11:00:00,0.8259666666666666
2019-01-26 12:00:00,0.9452666666666666
2019-01-26 13:00:00,0.5636725
2019-01-26 14:00:00,0.10892333333333333
2019-01-26 15:00:00,0.011124268083333333
2019-01-26 16:00:00,0.28902583333333337
2019-01-26 17:00:00,0.9080333333333332
2019-01-26 18:00:00,1.0
2019-01-26 19:00:00,0.9263083333333333
2019-01-26 20:00:00,0.3539125
2019-01-26 21:00:00,0.02960955833333333
2019-01-26 22:00:00,0.05341797499999999
2019-01-26 23:00:00,0.43726750000000003
2019-01-27 00:00:00,0.8166583333333334
2019-01-27 01:00:00,0.757625
2019-01-27 02:00:00,0.35200833333333337
2019-01-27 03:00:00,0.03739861416666667
2019-01-27 04:00:00,0.018724187209166666
2019-01-27 05:00:00,0.2592141666666667
2019-01-27 06:00:00,0.7472
2019-01-27 07:00:00,0.8669916666666667
2019-01-27 08:00:00,0.44135083333333336
2019-01-27 09:00:00,0.07750800000000001
2019-01-27 10:00:00,0.008341758333333333
2019-01-27 11:00:00,0.1991933333333333
2019-01-27 12:00:00,0.6035541666666666
2019-01-27 13:00:00,0.6943083333333333
2019-01-27 14:00:00,0.3941941666666667
2019-01-27 15:00:00,0.06586973333333333
2019-01-27 16:00:00,0.007931181133333333
2019-01-27 17:00:00,0.18847583333333331
2019-01-27 18:00:00,0.6974516666666666
2019-01-27 19:00:00,1.0
2019-01-27 20:00:00,0.7856000000000001
2019-01-27 21:00:00,0.27290833333333336
2019-01-27 22:00:00,0.023871883333333333
2019-01-27 23:00:00,0.03741629166666667
2019-01-28 00:00:00,0.3034741666666667
2019-01-28 01:00:00,0.5781833333333334
2019-01-28 02:00:00,0.55291
2019-01-28 03:00:00,0.2588433333333333
2019-01-28 04:00:00,0.029070424999999997
2019-01-28 05:00:00,0.010294496625
2019-01-28 06:00:00,0.18141083333333335
2019-01-28 07:00:00,0.5806341666666666
2019-01-28 08:00:00,0.6857333333333334
2019-01-28 09:00:00,0.3598233333333334
2019-01-28 10:00:00,0.07485708333333334
2019-01-28 11:00:00,0.00508905
2019-01-28 12:00:00,0.12917416666666667
2019-01-28 13:00:00,0.42777333333333334
2019-01-28 14:00:00,0.5134525
2019-01-28 15:00:00,0.3014983333333333
2019-01-28 16:00:00,0.056820666666666665
2019-01-28 17:00:00,0.0027033961583333333
2019-01-28 18:00:00,0.10306624999999998
2019-01-28 19:00:00,0.49300666666666665
2019-01-28 20:00:00,0.8392833333333333
2019-01-28 21:00:00,0.6465616666666666
2019-01-28 22:00:00,0.24634499999999998
2019-01-28 23:00:00,0.027593333333333338
2019-01-29 00:00:00,0.021120208333333338
2019-01-29 01:00:00,0.2047883333333333
2019-01-29 02:00:00,0.4395525
2019-01-29 03:00:00,0.4672533333333333
2019-01-29 04:00:00,0.24194749999999998
2019-01-29 05:00:00,0.034693491666666666
2019-01-29 06:00:00,0.004818888775
2019-01-29 07:00:00,0.13407758333333333
2019-01-29 08:00:00,0.4886633333333333
2019-01-29 09:00:00,0.6121
2019-01-29 10:00:00,0.3677825
2019-01-29 11:00:00,0.10237525
2019-01-29 12:00:00,0.005333641666666667
2019-01-29 13:00:00,0.08332908333333335
2019-01-29 14:00:00,0.31710416666666663
2019-01-29 15:00:00,0.4248133333333333
2019-01-29 16:00:00,0.29426
2019-01-29 17:00:00,0.07787575000000001
2019-01-29 18:00:00,0.0023469621666666663
2019-01-29 19:00:00,0.05998675
2019-01-29 20:00:00,0.3914483333333333
2019-01-29 21:00:00,0.7288833333333333
2019-01-29 22:00:00,0.6078025
2019-01-29 23:00:00,0.27293
2019-01-30 00:00:00,0.04106140833333334
2019-01-30 01:00:00,0.012452350000000001
2019-01-30 02:00:00,0.16122916666666665
2019-01-30 03:00:00,0.4060508333333333
2019-01-30 04:00:00,0.48407333333333336
2019-01-30 05:00:00,0.27666916666666663
2019-01-30 06:00:00,0.049222999999999996
2019-01-30 07:00:00,0.0030172851666666663
2019-01-30 08:00:00,0.11980916666666667
2019-01-30 09:00:00,0.4849125
2019-01-30 10:00:00,0.658925
2019-01-30 11:00:00,0.45814249999999995
2019-01-30 12:00:00,0.15389666666666665
2019-01-30 13:00:00,0.009016433333333334
2019-01-30 14:00:00,0.06375058333333333
2019-01-30 15:00:00,0.2814
2019-01-30 16:00:00,0.44643750000000004
2019-01-30 17:00:00,0.3743658333333333
2019-01-30 18:00:00,0.12669041666666667
2019-01-30 19:00:00,0.006330837608333334
2019-01-30 20:00:00,0.04696970833333333
2019-01-30 21:00:00,0.369215
2019-01-30 22:00:00,0.7330666666666668
2019-01-30 23:00:00,0.6748083333333333
2019-01-31 00:00:00,0.3455941666666667
2019-01-31 01:00:00,0.05853208333333334
2019-01-31 02:00:00,0.011998983333333333
2019-01-31 03:00:00,0.1734575
2019-01-31 04:00:00,0.46772666666666657
2019-01-31 05:00:00,0.5786666666666667
2019-01-31 06:00:00,0.33613916666666666
2019-01-31 07:00:00,0.062529
2019-01-31 08:00:00,0.0035928553000000004
2019-01-31 09:00:00,0.14653533333333335
2019-01-31 10:00:00,0.5929083333333334
2019-01-31 11:00:00,0.8255500000000001
2019-01-31 12:00:00,0.5996208333333334
2019-01-31 13:00:00,0.20239833333333335
2019-01-31 14:00:00,0.011480141666666667
2019-01-31 15:00:00,0.07102491666666666
2019-01-31 16:00:00,0.3355041666666667
2019-01-31 17:00:00,0.58925
2019-01-31 18:00:00,0.5180191666666667
2019-01-31 19:00:00,0.17548166666666667
2019-01-31 20:00:00,0.008953993416666667
2019-01-31 21:00:00,0.05435120833333333
2019-01-31 22:00:00,0.428605
2019-01-31 23:00:00,0.8676083333333332
2019-02-01 00:00:00,0.8298000000000001
2019-02-01 01:00:00,0.4195975
2019-02-01 02:00:00,0.06105317499999999
2019-02-01 03:00:00,0.02157710833333333
2019-02-01 04:00:00,0.24724499999999996
2019-02-01 05:00:00,0.6137091666666666
2019-02-01 06:00:00,0.7111916666666666
2019-02-01 07:00:00,0.37664000000000003
2019-02-01 08:00:00,0.05847505000000001
2019-02-01 09:00:00,0.008502101283333334
2019-02-01 10:00:00,0.24188166666666663
2019-02-01 11:00:00,0.8281166666666667
2019-02-01 12:00:00,0.9983
2019-02-01 13:00:00,0.7153158333333333
2019-02-01 14:00:00,0.20588916666666665
2019-02-01 15:00:00,0.009680183333333333
2019-02-01 16:00:00,0.12055841666666665
2019-02-01 17:00:00,0.5019816666666668
2019-02-01 18:00:00,0.8217166666666667
2019-02-01 19:00:00,0.6402800000000001
2019-02-01 20:00:00,0.18095625
2019-02-01 21:00:00,0.006455364166666667
2019-02-01 22:00:00,0.09059575
2019-02-01 23:00:00,0.6000691666666667
2019-02-02 00:00:00,0.9978416666666667
2019-02-02 01:00:00,0.931
2019-02-02 02:00:00,0.41224833333333327
2019-02-02 03:00:00,0.03920341666666667
2019-02-02 04:00:00,0.0547821
2019-02-02 05:00:00,0.3966591666666667
2019-02-02 06:00:00,0.8131416666666667
2019-02-02 07:00:00,0.808275
2019-02-02 08:00:00,0.3461716666666667
2019-02-02 09:00:00,0.033277359166666666
2019-02-02 10:00:00,0.032686923
2019-02-02 11:00:00,0.4566766666666667
2019-02-02 12:00:00,0.9880916666666667
2019-02-02 13:00:00,1.0
2019-02-02 14:00:00,0.7111758333333335
2019-02-02 15:00:00,0.14664616666666666
2019-02-02 16:00:00,0.014213291666666666
2019-02-02 17:00:00,0.24940416666666665
2019-02-02 18:00:00,0.7646249999999999
2019-02-02 19:00:00,0.993625
2019-02-02 20:00:00,0.6427833333333334
2019-02-02 21:00:00,0.13349683333333334
2019-02-02 22:00:00,0.00428986225
2019-02-02 23:00:00,0.18919175
2019-02-03 00:00:00,0.8419916666666667
2019-02-03 01:00:00,1.0
2019-02-03 02:00:00,0.8928833333333334
2019-02-03 03:00:00,0.29126416666666666
2019-02-03 04:00:00,0.015152458333333332
2019-02-03 05:00:00,0.14155783333333333
2019-02-03 06:00:00,0.6179433333333333
2019-02-03 07:00:00,0.9769583333333333
2019-02-03 08:00:00,0.7795083333333334
2019-02-03 09:00:00,0.23243916666666667
2019-02-03 10:00:00,0.008588621500000001
2019-02-03 11:00:00,0.12060175000000001
2019-02-03 12:00:00,0.7734366666666667
2019-02-03 13:00:00,1.0
2019-02-03 14:00:00,0.9990500000000001
2019-02-03 15:00:00,0.5505749999999999
2019-02-03 16:00:00,0.06347735
2019-02-03 17:00:00,0.05554403333333333
2019-02-03 18:00:00,0.47448916666666663
2019-02-03 19:00:00,0.9551166666666666
2019-02-03 20:00:00,0.9778833333333334
2019-02-03 21:00:00,0.5099891666666667
2019-02-03 22:00:00,0.06494035000000001
2019-02-03 23:00:00,0.018786898333333333
2019-02-04 00:00:00,0.3953433333333334
2019-02-04 01:00:00,0.9818833333333333
2019-02-04 02:00:00,1.0
2019-02-04 03:00:00,0.711495
2019-02-04 04:00:00,0.13417675
2019-02-04 05:00:00,0.020079274999999997
2019-02-04 06:00:00,0.3122158333333333
2019-02-04 07:00:00,0.84575
2019-02-04 08:00:00,0.9858583333333333
2019-02-04 09:00:00,0.5923491666666666
2019-02-04 10:00:00,0.09821408333333333
2019-02-04 11:00:00,0.011794701916666666
2019-02-04 12:00:00,0.3429891666666666
2019-02-04 13:00:00,0.9749333333333334
2019-02-04 14:00:00,1.0
2019-02-04 15:00:00,0.921825
2019-02-04 16:00:00,0.30654166666666666
2019-02-04 17:00:00,0.015673866666666668
2019-02-04 18:00:00,0.17171583333333335
2019-02-04 19:00:00,0.7129916666666667
2019-02-04 20:00:00,0.9995083333333333
2019-02-04 21:00:00,0.8727749999999999
2019-02-04 22:00:00,0.30907833333333334
2019-02-04 23:00:00,0.016406686833333337
2019-02-05 00:00:00,0.0845636
2019-02-05 01:00:00,0.6735716666666667
2019-02-05 02:00:00,1.0
2019-02-05 03:00:00,0.9465166666666666
2019-02-05 04:00:00,0.39355416666666665
2019-02-05 05:00:00,0.03546033333333334
2019-02-05 06:00:00,0.08154200000000002
2019-02-05 07:00:00,0.5441391666666666
2019-02-05 08:00:00,0.9583499999999999
2019-02-05 09:00:00,0.8515583333333333
2019-02-05 10:00:00,0.33080333333333334
2019-02-05 11:00:00,0.02038328583333333
2019-02-05 12:00:00,0.08079347499999999
2019-02-05 13:00:00,0.6879283333333334
2019-02-05 14:00:00,1.0
2019-02-05 15:00:00,1.0
2019-02-05 16:00:00,0.6715641666666666
2019-02-05 17:00:00,0.111149
2019-02-05 18:00:00,0.02466819166666667
2019-02-05 19:00:00,0.3471416666666666
2019-02-05 20:00:00,0.8257666666666666
2019-02-05 21:00:00,0.9418916666666667
2019-02-05 22:00:00,0.6113891666666667
2019-02-05 23:00:00,0.12941733333333333
2019-02-06 00:00:00,0.00663265
2019-02-06 01:00:00,0.23259
2019-02-06 02:00:00,0.850925
2019-02-06 03:00:00,0.99865
2019-02-06 04:00:00,0.6459050000000001
2019-02-06 05:00:00,0.15164583333333334
2019-02-06 06:00:00,0.010346824999999999
2019-02-06 07:00:00,0.21866249999999998
2019-02-06 08:00:00,0.7236083333333333
2019-02-06 09:00:00,0.8727833333333332
2019-02-06 10:00:00,0.5611008333333334
2019-02-06 11:00:00,0.12532216666666665
2019-02-06 12:00:00,0.007594326833333334
2019-02-06 13:00:00,0.267265
2019-02-06 14:00:00,0.9226083333333334
2019-02-06 15:00:00,1.0
2019-02-06 16:00:00,0.9139166666666667
2019-02-06 17:00:00,0.32621083333333334
2019-02-06 18:00:00,0.024307449999999998
2019-02-06 19:00:00,0.08522508333333333
2019-02-06 20:00:00,0.48534083333333333
2019-02-06 21:00:00,0.7697166666666666
2019-02-06 22:00:00,0.703125
2019-02-06 23:00:00,0.33555416666666665
2019-02-07 00:00:00,0.030975876833333332
2019-02-07 01:00:00,0.042020620833333334
2019-02-07 02:00:00,0.39895
2019-02-07 03:00:00,0.8455583333333334
2019-02-07 04:00:00,0.75325
2019-02-07 05:00:00,0.3144575
2019-02-07 06:00:00,0.03883829166666666
2019-02-07 07:00:00,0.037862791666666666
2019-02-07 08:00:00,0.3774725
2019-02-07 09:00:00,0.7306
2019-02-07 10:00:00,0.6354083333333334
2019-02-07 11:00:00,0.2914425
2019-02-07 12:00:00,0.028821895833333337
2019-02-07 13:00:00,0.05263036666666667
2019-02-07 14:00:00,0.5225508333333333
2019-02-07 15:00:00,0.9944583333333332
2019-02-07 16:00:00,0.9944833333333334
2019-02-07 17:00:00,0.5840116666666666
2019-02-07 18:00:00,0.11959724999999999
2019-02-07 19:00:00,0.008628625
2019-02-07 20:00:00,0.16839500000000002
2019-02-07 21:00:00,0.5175508333333334
2019-02-07 22:00:00,0.6130666666666666
2019-02-07 23:00:00,0.45205166666666663
2019-02-08 00:00:00,0.13853541666666666
2019-02-08 01:00:00,0.0045348025
2019-02-08 02:00:00,0.1149655
2019-02-08 03:00:00,0.4624675
2019-02-08 04:00:00,0.647825
2019-02-08 05:00:00,0.4386791666666667
2019-02-08 06:00:00,0.128762
2019-02-08 07:00:00,0.007727991666666667
2019-02-08 08:00:00,0.0969425
2019-02-08 09:00:00,0.44607416666666666
2019-02-08 10:00:00,0.5806166666666667
2019-02-08 11:00:00,0.38996666666666663
2019-02-08 12:00:00,0.12171799999999999
2019-02-08 13:00:00,0.004900399166666667
2019-02-08 14:00:00,0.1512355
2019-02-08 15:00:00,0.6759991666666667
2019-02-08 16:00:00,0.9946083333333333
2019-02-08 17:00:00,0.7606
2019-02-08 18:00:00,0.2883158333333333
2019-02-08 19:00:00,0.035459816666666664
2019-02-08 20:00:00,0.021188458333333333
2019-02-08 21:00:00,0.22655333333333336
2019-02-08 22:00:00,0.46125499999999997
2019-02-08 23:00:00,0.43794000000000005
2019-02-09 00:00:00,0.25325833333333336
2019-02-09 01:00:00,0.04254559166666667
2019-02-09 02:00:00,0.012137235000000001
2019-02-09 03:00:00,0.170745
2019-02-09 04:00:00,0.40990249999999995
2019-02-09 05:00:00,0.4465083333333333
2019-02-09 06:00:00,0.24620166666666665
2019-02-09 07:00:00,0.048598249999999996
2019-02-09 08:00:00,0.007241891666666667
2019-02-09 09:00:00,0.13926033333333335
2019-02-09 10:00:00,0.39425083333333333
2019-02-09 11:00:00,0.3967583333333334
2019-02-09 12:00:00,0.21999499999999997
2019-02-09 13:00:00,0.043038016666666665
2019-02-09 14:00:00,0.012441834999999998
2019-02-09 15:00:00,0.2338416666666667
2019-02-09 16:00:00,0.6306325
2019-02-09 17:00:00,0.7256833333333332
2019-02-09 18:00:00,0.45625083333333327
2019-02-09 19:00:00,0.13913916666666667
2019-02-09 20:00:00,0.0101483
2019-02-09 21:00:00,0.039242675000000005
2019-02-09 22:00:00,0.23896083333333334
2019-02-09 23:00:00,0.3691941666666667
2019-02-10 00:00:00,0.295495
2019-02-10 01:00:00,0.13280416666666667
2019-02-10 02:00:00,0.01140263
2019-02-10 03:00:00,0.025590775000000003
2019-02-10 04:00:00,0.17388166666666666
2019-02-10 05:00:00,0.32658583333333335
2019-02-10 06:00:00,0.31807166666666664
2019-02-10 07:00:00,0.14938916666666666
2019-02-10 08:00:00,0.0206024
2019-02-10 09:00:00,0.0112136
2019-02-10 10:00:00,0.13457083333333336
2019-02-10 11:00:00,0.2981991666666667
2019-02-10 12:00:00,0.2656233333333333
2019-02-10 13:00:00,0.12722833333333333
2019-02-10 14:00:00,0.0150947475
2019-02-10 15:00:00,0.024930745
2019-02-10 16:00:00,0.23109166666666667
2019-02-10 17:00:00,0.4792666666666667
2019-02-10 18:00:00,0.5021966666666666
2019-02-10 19:00:00,0.29652083333333334
2019-02-10 20:00:00,0.0768525
2019-02-10 21:00:00,0.004115458333333333
2019-02-10 22:00:00,0.04939675
2019-02-10 23:00:00,0.21758833333333333
2019-02-11 00:00:00,0.2862116666666667
2019-02-11 01:00:00,0.2082766666666667
2019-02-11 02:00:00,0.07821874999999999
2019-02-11 03:00:00,0.004120188333333333
2019-02-11 04:00:00,0.028976191666666665
2019-02-11 05:00:00,0.15164416666666666
2019-02-11 06:00:00,0.27562833333333336
2019-02-11 07:00:00,0.26014
2019-02-11 08:00:00,0.11043750000000001
2019-02-11 09:00:00,0.013142441666666666
2019-02-11 10:00:00,0.010034533333333333
2019-02-11 11:00:00,0.10832675
2019-02-11 12:00:00,0.22885583333333334
2019-02-11 13:00:00,0.19848166666666667
2019-02-11 14:00:00,0.0866515
2019-02-11 15:00:00,0.007490818333333333
2019-02-11 16:00:00,0.023330483333333336
2019-02-11 17:00:00,0.17315333333333333
2019-02-11 18:00:00,0.3594716666666667
2019-02-11 19:00:00,0.3996283333333333
2019-02-11 20:00:00,0.23587999999999998
2019-02-11 21:00:00,0.05619133333333333
2019-02-11 22:00:00,0.003035425
2019-02-11 23:00:00,0.04822066666666667
2019-02-12 00:00:00,0.18890249999999997
2019-02-12 01:00:00,0.24085083333333335
2019-02-12 02:00:00,0.17749333333333336
2019-02-12 03:00:00,0.06390074999999999
2019-02-12 04:00:00,0.002932505
2019-02-12 05:00:00,0.025077349999999998
2019-02-12 06:00:00,0.1395458333333333
2019-02-12 07:00:00,0.2731116666666667
2019-02-12 08:00:00,0.2575425
2019-02-12 09:00:00,0.10953083333333331
2019-02-12 10:00:00,0.014916991666666667
2019-02-12 11:00:00,0.007137825000000001
2019-02-12 12:00:00,0.0924355
2019-02-12 13:00:00,0.20501666666666665
2019-02-12 14:00:00,0.18228666666666665
2019-02-12 15:00:00,0.08221016666666665
2019-02-12 16:00:00,0.008013164333333333
2019-02-12 17:00:00,0.013213230833333334
2019-02-12 18:00:00,0.12731250000000002
2019-02-12 19:00:00,0.3236366666666667
2019-02-12 20:00:00,0.3965758333333333
2019-02-12 21:00:00,0.23731
2019-02-12 22:00:00,0.0587455
2019-02-12 23:00:00,0.003265616666666667
2019-02-13 00:00:00,0.04286216666666667
2019-02-13 01:00:00,0.17992083333333334
2019-02-13 02:00:00,0.24806083333333334
2019-02-13 03:00:00,0.19793666666666668
2019-02-13 04:00:00,0.0741235
2019-02-13 05:00:00,0.003651418833333333
2019-02-13 06:00:00,0.0230532
2019-02-13 07:00:00,0.15455750000000001
2019-02-13 08:00:00,0.3251708333333333
2019-02-13 09:00:00,0.31091583333333334
2019-02-13 10:00:00,0.14332916666666667
2019-02-13 11:00:00,0.02412384166666667
2019-02-13 12:00:00,0.006358016666666667
2019-02-13 13:00:00,0.09840458333333332
2019-02-13 14:00:00,0.2273925
2019-02-13 15:00:00,0.21793333333333334
2019-02-13 16:00:00,0.1159575
2019-02-13 17:00:00,0.0167242
2019-02-13 18:00:00,0.0073269195
2019-02-13 19:00:00,0.11970483333333334
2019-02-13 20:00:00,0.36901083333333334
2019-02-13 21:00:00,0.4727091666666666
2019-02-13 22:00:00,0.29246500000000003
2019-02-13 23:00:00,0.082655
2019-02-14 00:00:00,0.004859008333333333
2019-02-14 01:00:00,0.04420233333333333
2019-02-14 02:00:00,0.21262333333333333
2019-02-14 03:00:00,0.31915666666666664
2019-02-14 04:00:00,0.26836250000000006
2019-02-14 05:00:00,0.10196241666666667
2019-02-14 06:00:00,0.005377452416666667
2019-02-14 07:00:00,0.028179316666666666
2019-02-14 08:00:00,0.21113583333333336
2019-02-14 09:00:00,0.45313083333333337
2019-02-14 10:00:00,0.4361166666666667
2019-02-14 11:00:00,0.21286000000000002
2019-02-14 12:00:00,0.037828475
2019-02-14 13:00:00,0.008543
2019-02-14 14:00:00,0.13351241666666666
2019-02-14 15:00:00,0.31153416666666667
2019-02-14 16:00:00,0.3308616666666666
2019-02-14 17:00:00,0.20294583333333333
2019-02-14 18:00:00,0.036098025000000006
2019-02-14 19:00:00,0.0068633949999999996
2019-02-14 20:00:00,0.15044883333333334
2019-02-14 21:00:00,0.491045
2019-02-14 22:00:00,0.6335916666666668
2019-02-14 23:00:00,0.41285583333333337
2019-02-15 00:00:00,0.12792475
2019-02-15 01:00:00,0.007223016666666668
2019-02-15 02:00:00,0.06332483333333333
2019-02-15 03:00:00,0.3092333333333333
2019-02-15 04:00:00,0.4660433333333333
2019-02-15 05:00:00,0.385415
2019-02-15 06:00:00,0.13832633333333333
2019-02-15 07:00:00,0.006532940533333333
2019-02-15 08:00:00,0.04731075833333333
2019-02-15 09:00:00,0.33966
2019-02-15 10:00:00,0.6970999999999999
2019-02-15 11:00:00,0.6474333333333334
2019-02-15 12:00:00,0.30646666666666667
2019-02-15 13:00:00,0.04787737499999999
2019-02-15 14:00:00,0.016268741666666663
2019-02-15 15:00:00,0.2191525
2019-02-15 16:00:00,0.49907916666666663
2019-02-15 17:00:00,0.5552416666666666
2019-02-15 18:00:00,0.33881750000000005
2019-02-15 19:00:00,0.05630458333333333
2019-02-15 20:00:00,0.010624002666666667
2019-02-15 21:00:00,0.222
2019-02-15 22:00:00,0.7063375000000001
2019-02-15 23:00:00,0.9070416666666666
2019-02-16 00:00:00,0.5974058333333334
2019-02-16 01:00:00,0.17569666666666667
2019-02-16 02:00:00,0.007930366666666666
2019-02-16 03:00:00,0.11778616666666666
2019-02-16 04:00:00,0.4939016666666667
2019-02-16 05:00:00,0.6920833333333333
2019-02-16 06:00:00,0.5316641666666666
2019-02-16 07:00:00,0.16631391666666664
2019-02-16 08:00:00,0.0057147474166666665
2019-02-16 09:00:00,0.09837525000000001
2019-02-16 10:00:00,0.5944550000000001
2019-02-16 11:00:00,0.99515
2019-02-16 12:00:00,0.902675
2019-02-16 13:00:00,0.39413666666666664
2019-02-16 14:00:00,0.04716630833333333
2019-02-16 15:00:00,0.03938935
2019-02-16 16:00:00,0.40023666666666663
2019-02-16 17:00:00,0.8341583333333333
2019-02-16 18:00:00,0.8756083333333333
2019-02-16 19:00:00,0.4713258333333334
2019-02-16 20:00:00,0.06295853333333333
2019-02-16 21:00:00,0.020549665166666665
2019-02-16 22:00:00,0.3529383333333333
2019-02-16 23:00:00,0.9439833333333333
2019-02-17 00:00:00,1.0
2019-02-17 01:00:00,0.7723941666666667
2019-02-17 02:00:00,0.18860825000000003
2019-02-17 03:00:00,0.009188175
2019-02-17 04:00:00,0.23619
2019-02-17 05:00:00,0.7825749999999999
2019-02-17 06:00:00,0.9778249999999998
2019-02-17 07:00:00,0.6676325
2019-02-17 08:00:00,0.16660033333333335
2019-02-17 09:00:00,0.005543035000000001
2019-02-17 10:00:00,0.21984225
2019-02-17 11:00:00,0.8961416666666666
2019-02-17 12:00:00,1.0
2019-02-17 13:00:00,0.9797833333333333
2019-02-17 14:00:00,0.43849916666666666
2019-02-17 15:00:00,0.03508564166666667
2019-02-17 16:00:00,0.103024275
2019-02-17 17:00:00,0.7175441666666668
2019-02-17 18:00:00,1.0
2019-02-17 19:00:00,0.9959583333333335
2019-02-17 20:00:00,0.5421358333333334
2019-02-17 21:00:00,0.054779885833333326
2019-02-17 22:00:00,0.044442779083333335
2019-02-17 23:00:00,0.5875433333333333
2019-02-18 00:00:00,1.0
2019-02-18 01:00:00,1.0
2019-02-18 02:00:00,0.8014891666666667
2019-02-18 03:00:00,0.15161583333333334
2019-02-18 04:00:00,0.02377656666666667
2019-02-18 05:00:00,0.45159333333333335
2019-02-18 06:00:00,0.98765
2019-02-18 07:00:00,1.0
2019-02-18 08:00:00,0.7310383333333332
2019-02-18 09:00:00,0.13239849999999997
2019-02-18 10:00:00,0.016949441583333332
2019-02-18 11:00:00,0.4707383333333333
2019-02-18 12:00:00,1.0
2019-02-18 13:00:00,1.0
2019-02-18 14:00:00,0.989225
2019-02-18 15:00:00,0.41027250000000004
2019-02-18 16:00:00,0.0193127
2019-02-18 17:00:00,0.24771941666666664
2019-02-18 18:00:00,0.9459249999999999
2019-02-18 19:00:00,1.0
2019-02-18 20:00:00,1.0
2019-02-18 21:00:00,0.5343166666666668
2019-02-18 22:00:00,0.037557841333333335
2019-02-18 23:00:00,0.10393321666666668
2019-02-19 00:00:00,0.8195691666666666
2019-02-19 01:00:00,1.0
2019-02-19 02:00:00,1.0
2019-02-19 03:00:00,0.7313716666666665
2019-02-19 04:00:00,0.09093405833333333
2019-02-19 05:00:00,0.073716325
2019-02-19 06:00:00,0.7364616666666667
2019-02-19 07:00:00,1.0
2019-02-19 08:00:00,1.0
2019-02-19 09:00:00,0.6839400000000001
2019-02-19 10:00:00,0.07996336666666667
2019-02-19 11:00:00,0.062325572583333336
2019-02-19 12:00:00,0.7605258333333333
2019-02-19 13:00:00,1.0
2019-02-19 14:00:00,1.0
2019-02-19 15:00:00,0.9733666666666666
2019-02-19 16:00:00,0.3098533333333333
2019-02-19 17:00:00,0.017111891666666667
2019-02-19 18:00:00,0.49112249999999996
2019-02-19 19:00:00,1.0
2019-02-19 20:00:00,1.0
2019-02-19 21:00:00,1.0
2019-02-19 22:00:00,0.45152166666666665
2019-02-19 23:00:00,0.018217430833333336
2019-02-20 00:00:00,0.23825591666666668
2019-02-20 01:00:00,0.9685833333333334
2019-02-20 02:00:00,1.0
2019-02-20 03:00:00,1.0
2019-02-20 04:00:00,0.5805941666666666
2019-02-20 05:00:00,0.04019510833333333
2019-02-20 06:00:00,0.18713925
2019-02-20 07:00:00,0.9252999999999999
2019-02-20 08:00:00,1.0
2019-02-20 09:00:00,1.0
2019-02-20 10:00:00,0.5538050000000001
2019-02-20 11:00:00,0.034890330000000004
2019-02-20 12:00:00,0.17512566666666668
2019-02-20 13:00:00,0.9449500000000001
2019-02-20 14:00:00,1.0
2019-02-20 15:00:00,1.0
2019-02-20 16:00:00,0.9057999999999999
2019-02-20 17:00:00,0.18197366666666667
2019-02-20 18:00:00,0.046534775
2019-02-20 19:00:00,0.7056808333333333
2019-02-20 20:00:00,1.0
2019-02-20 21:00:00,1.0
2019-02-20 22:00:00,0.9714
2019-02-20 23:00:00,0.30720083333333337
2019-02-21 00:00:00,0.012008660833333334
2019-02-21 01:00:00,0.46451249999999994
2019-02-21 02:00:00,1.0
2019-02-21 03:00:00,1.0
2019-02-21 04:00:00,0.9844083333333333
2019-02-21 05:00:00,0.3700275
2019-02-21 06:00:00,0.016122283333333334
2019-02-21 07:00:00,0.3726433333333333
2019-02-21 08:00:00,1.0
2019-02-21 09:00:00,1.0
2019-02-21 10:00:00,0.98045
2019-02-21 11:00:00,0.36983083333333333
2019-02-21 12:00:00,0.012401740916666666
2019-02-21 13:00:00,0.3739416666666667
2019-02-21 14:00:00,1.0
2019-02-21 15:00:00,1.0
2019-02-21 16:00:00,1.0
2019-02-21 17:00:00,0.7508133333333333
2019-02-21 18:00:00,0.08255411666666668
2019-02-21 19:00:00,0.10706585833333333
2019-02-21 20:00:00,0.8340058333333333
2019-02-21 21:00:00,1.0
2019-02-21 22:00:00,1.0
2019-02-21 23:00:00,0.859225
2019-02-22 00:00:00,0.15349691666666668
2019-02-22 01:00:00,0.036634482499999996
2019-02-22 02:00:00,0.6577749999999999
2019-02-22 03:00:00,1.0
2019-02-22 04:00:00,1.0
2019-02-22 05:00:00,0.8777333333333333
2019-02-22 06:00:00,0.19649133333333335
2019-02-22 07:00:00,0.023220058333333335
2019-02-22 08:00:00,0.5573441666666666
2019-02-22 09:00:00,1.0
2019-02-22 10:00:00,1.0
2019-02-22 11:00:00,0.8780083333333333
2019-02-22 12:00:00,0.20298825
2019-02-22 13:00:00,0.01881901916666667
2019-02-22 14:00:00,0.5669825000000001
2019-02-22 15:00:00,1.0
2019-02-22 16:00:00,1.0
2019-02-22 17:00:00,1.0
2019-02-22 18:00:00,0.5117908333333333
2019-02-22 19:00:00,0.030249583333333326
2019-02-22 20:00:00,0.17263875000000004
2019-02-22 21:00:00,0.88375
2019-02-22 22:00:00,1.0
2019-02-22 23:00:00,1.0
2019-02-23 00:00:00,0.6224725
2019-02-23 01:00:00,0.05333659675
2019-02-23 02:00:00,0.084144825
2019-02-23 03:00:00,0.7412641666666667
2019-02-23 04:00:00,1.0
2019-02-23 05:00:00,1.0
2019-02-23 06:00:00,0.6650758333333333
2019-02-23 07:00:00,0.08767413333333333
2019-02-23 08:00:00,0.04919298333333333
2019-02-23 09:00:00,0.6302125000000001
2019-02-23 10:00:00,1.0
2019-02-23 11:00:00,1.0
2019-02-23 12:00:00,0.6599849999999999
2019-02-23 13:00:00,0.08923166666666667
2019-02-23 14:00:00,0.046270510316666666
2019-02-23 15:00:00,0.6538324999999999
2019-02-23 16:00:00,1.0
2019-02-23 17:00:00,1.0
2019-02-23 18:00:00,0.9281666666666666
2019-02-23 19:00:00,0.2836208333333333
2019-02-23 20:00:00,0.011350583333333332
2019-02-23 21:00:00,0.20590025
2019-02-23 22:00:00,0.8542583333333335
2019-02-23 23:00:00,1.0
2019-02-24 00:00:00,0.9167000000000001
2019-02-24 01:00:00,0.3299316666666667
2019-02-24 02:00:00,0.013863194833333335
2019-02-24 03:00:00,0.1140835
2019-02-24 04:00:00,0.6977825
2019-02-24 05:00:00,1.0
2019-02-24 06:00:00,0.95625
2019-02-24 07:00:00,0.406835
2019-02-24 08:00:00,0.036711216666666664
2019-02-24 09:00:00,0.0631247
2019-02-24 10:00:00,0.5436941666666667
2019-02-24 11:00:00,0.98125
2019-02-24 12:00:00,0.8959750000000001
2019-02-24 13:00:00,0.39392249999999995
2019-02-24 14:00:00,0.032829642575000005
2019-02-24 15:00:00,0.06252478333333333
2019-02-24 16:00:00,0.562945
2019-02-24 17:00:00,1.0
2019-02-24 18:00:00,1.0
2019-02-24 19:00:00,0.7146583333333334
2019-02-24 20:00:00,0.15595683333333332
2019-02-24 21:00:00,0.006911591666666666
2019-02-24 22:00:00,0.18550975
2019-02-24 23:00:00,0.6626350000000001
2019-02-25 00:00:00,0.8604583333333333
2019-02-25 01:00:00,0.6065033333333333
2019-02-25 02:00:00,0.16408783333333332
2019-02-25 03:00:00,0.004413253466666667
2019-02-25 04:00:00,0.09922283333333333
2019-02-25 05:00:00,0.5187758333333332
2019-02-25 06:00:00,0.9277416666666666
2019-02-25 07:00:00,0.7347083333333333
2019-02-25 08:00:00,0.25035666666666667
2019-02-25 09:00:00,0.019483441666666667
2019-02-25 10:00:00,0.049136258333333335
2019-02-25 11:00:00,0.3714608333333333
2019-02-25 12:00:00,0.6745583333333333
2019-02-25 13:00:00,0.58363
2019-02-25 14:00:00,0.22407916666666666
2019-02-25 15:00:00,0.013249660000000002
2019-02-25 16:00:00,0.04452815833333333
2019-02-25 17:00:00,0.3468625
2019-02-25 18:00:00,0.8141166666666667
2019-02-25 19:00:00,0.890425
2019-02-25 20:00:00,0.47307583333333336
2019-02-25 21:00:00,0.09781191666666667
2019-02-25 22:00:00,0.005119216666666667
2019-02-25 23:00:00,0.12683375
2019-02-26 00:00:00,0.4284708333333333
2019-02-26 01:00:00,0.5570083333333333
2019-02-26 02:00:00,0.38530833333333336
2019-02-26 03:00:00,0.09646125
2019-02-26 04:00:00,0.002390986075
2019-02-26 05:00:00,0.06157541666666667
2019-02-26 06:00:00,0.35090083333333333
2019-02-26 07:00:00,0.6577083333333333
2019-02-26 08:00:00,0.5228466666666667
2019-02-26 09:00:00,0.18759916666666665
2019-02-26 10:00:00,0.018527325
2019-02-26 11:00:00,0.025809391666666667
2019-02-26 12:00:00,0.22217833333333334
2019-02-26 13:00:00,0.4289158333333333
2019-02-26 14:00:00,0.38305833333333333
2019-02-26 15:00:00,0.14937416666666667
2019-02-26 16:00:00,0.010377309805833332
2019-02-26 17:00:00,0.0165121175
2019-02-26 18:00:00,0.18329499999999999
2019-02-26 19:00:00,0.5310758333333333
2019-02-26 20:00:00,0.6353583333333332
2019-02-26 21:00:00,0.3556608333333333
2019-02-26 22:00:00,0.08377666666666667
2019-02-26 23:00:00,0.00399395
2019-02-27 00:00:00,0.07009508333333334
2019-02-27 01:00:00,0.26929416666666667
2019-02-27 02:00:00,0.3912633333333333
2019-02-27 03:00:00,0.2937033333333333
2019-02-27 04:00:00,0.08215708333333334
2019-02-27 05:00:00,0.0026973515
2019-02-27 06:00:00,0.03275365833333333
2019-02-27 07:00:00,0.24767833333333333
2019-02-27 08:00:00,0.5134016666666666
2019-02-27 09:00:00,0.44317083333333335
2019-02-27 10:00:00,0.19485833333333333
2019-02-27 11:00:00,0.029866649999999998
2019-02-27 12:00:00,0.011667924999999999
2019-02-27 13:00:00,0.13325833333333334
2019-02-27 14:00:00,0.2958366666666667
2019-02-27 15:00:00,0.3048208333333334
2019-02-27 16:00:00,0.14943166666666666
2019-02-27 17:00:00,0.019595925
2019-02-27 18:00:00,0.004000823241666666
2019-02-27 19:00:00,0.10616083333333334
2019-02-27 20:00:00,0.40104416666666665
2019-02-27 21:00:00,0.5287691666666666
2019-02-27 22:00:00,0.33620666666666665
2019-02-27 23:00:00,0.10355791666666667
2019-02-28 00:00:00,0.006334166666666666
2019-02-28 01:00:00,0.04010308333333334
2019-02-28 02:00:00,0.2007325
2019-02-28 03:00:00,0.34385083333333333
2019-02-28 04:00:00,0.2908775
2019-02-28 05:00:00,0.09717599999999998
2019-02-28 06:00:00,0.005619850916666666
2019-02-28 07:00:00,0.020986478333333333
2019-02-28 08:00:00,0.21453833333333336
2019-02-28 09:00:00,0.4911241666666667
2019-02-28 10:00:00,0.4769083333333333
2019-02-28 11:00:00,0.25579583333333333
2019-02-28 12:00:00,0.05151666666666666
2019-02-28 13:00:00,0.007007241666666667
2019-02-28 14:00:00,0.09859108333333333
2019-02-28 15:00:00,0.26556750000000007
2019-02-28 16:00:00,0.3394258333333333
2019-02-28 17:00:00,0.21366083333333333
2019-02-28 18:00:00,0.043928
2019-02-28 19:00:00,0.0018518692
2019-02-28 20:00:00,0.08501016666666666
2019-02-28 21:00:00,0.3763066666666666
2019-02-28 22:00:00,0.5416833333333333
2019-02-28 23:00:00,0.39988250000000003
2019-03-01 00:00:00,0.14875249999999998
2019-03-01 01:00:00,0.011228641666666666
2019-03-01 02:00:00,0.03549926666666667
2019-03-01 03:00:00,0.20735416666666664
2019-03-01 04:00:00,0.3873583333333334
2019-03-01 05:00:00,0.3455983333333334
2019-03-01 06:00:00,0.12468483333333333
2019-03-01 07:00:00,0.008754729754283333
2019-03-01 08:00:00,0.023537719999999998
2019-03-01 09:00:00,0.2539433333333333
2019-03-01 10:00:00,0.5885400000000001
2019-03-01 11:00:00,0.6016666666666667
2019-03-01 12:00:00,0.34065666666666666
2019-03-01 13:00:00,0.06861658333333334
2019-03-01 14:00:00,0.007493316666666666
2019-03-01 15:00:00,0.11096108333333334
2019-03-01 16:00:00,0.3374466666666667
2019-03-01 17:00:00,0.4786666666666667
2019-03-01 18:00:00,0.314415
2019-03-01 19:00:00,0.06649941666666667
2019-03-01 20:00:00,0.0023418138333333336
2019-03-01 21:00:00,0.10078666666666665
2019-03-01 22:00:00,0.44513333333333327
2019-03-01 23:00:00,0.6642916666666666
2019-03-02 00:00:00,0.5137166666666667
2019-03-02 01:00:00,0.18346083333333332
2019-03-02 02:00:00,0.011503733333333332
2019-03-02 03:00:00,0.055372666666666674
2019-03-02 04:00:00,0.2839758333333333
2019-03-02 05:00:00,0.501835
2019-03-02 06:00:00,0.4202016666666667
2019-03-02 07:00:00,0.13619558333333331
2019-03-02 08:00:00,0.006914610083333333
2019-03-02 09:00:00,0.04736248333333333
2019-03-02 10:00:00,0.38878
2019-03-02 11:00:00,0.8001583333333333
2019-03-02 12:00:00,0.76495
2019-03-02 13:00:00,0.3914091666666667
2019-03-02 14:00:00,0.061764583333333324
2019-03-02 15:00:00,0.015071766666666668
2019-03-02 16:00:00,0.18538
2019-03-02 17:00:00,0.5178200000000001
2019-03-02 18:00:00,0.6671916666666666
2019-03-02 19:00:00,0.3743158333333333
2019-03-02 20:00:00,0.06154066666666666
2019-03-02 21:00:00,0.00476163875
2019-03-02 22:00:00,0.16331566666666666
2019-03-02 23:00:00,0.6193516666666666
2019-03-03 00:00:00,0.8510000000000001
2019-03-03 01:00:00,0.5835866666666667
2019-03-03 02:00:00,0.15844633333333336
2019-03-03 03:00:00,0.008071166666666667
2019-03-03 04:00:00,0.11695491666666667
2019-03-03 05:00:00,0.43480583333333334
2019-03-03 06:00:00,0.648425
2019-03-03 07:00:00,0.4521583333333334
2019-03-03 08:00:00,0.10621858333333334
2019-03-03 09:00:00,0.0030806885833333337
2019-03-03 10:00:00,0.12418308333333333
2019-03-03 11:00:00,0.6512991666666665
2019-03-03 12:00:00,0.9993083333333334
2019-03-03 13:00:00,0.862725
2019-03-03 14:00:00,0.35379
2019-03-03 15:00:00,0.033404191666666666
2019-03-03 16:00:00,0.04775224166666667
2019-03-03 17:00:00,0.3503516666666667
2019-03-03 18:00:00,0.7557916666666666
2019-03-03 19:00:00,0.7777916666666667
2019-03-03 20:00:00,0.33433833333333335
2019-03-03 21:00:00,0.034292925
2019-03-03 22:00:00,0.018251521341666667
2019-03-03 23:00:00,0.30639750000000004
2019-03-04 00:00:00,0.8684333333333332
2019-03-04 01:00:00,0.9500916666666666
2019-03-04 02:00:00,0.5099441666666666
2019-03-04 03:00:00,0.08436550000000001
2019-03-04 04:00:00,0.020111433333333335
2019-03-04 05:00:00,0.250415
2019-03-04 06:00:00,0.6385891666666667
2019-03-04 07:00:00,0.7446583333333332
2019-03-04 08:00:00,0.3861658333333333
2019-03-04 09:00:00,0.0499693
2019-03-04 10:00:00,0.014970713333333331
2019-03-04 11:00:00,0.3123608333333333
2019-03-04 12:00:00,0.9282916666666666
2019-03-04 13:00:00,1.0
2019-03-04 14:00:00,0.8079000000000001
2019-03-04 15:00:00,0.23132333333333333
2019-03-04 16:00:00,0.011411516666666668
2019-03-04 17:00:00,0.14431116666666666
2019-03-04 18:00:00,0.584445
2019-03-04 19:00:00,0.9173166666666667
2019-03-04 20:00:00,0.7248749999999999
2019-03-04 21:00:00,0.221515
2019-03-04 22:00:00,0.009944953558333332
2019-03-04 23:00:00,0.06946739166666667
2019-03-05 00:00:00,0.5504066666666667
2019-03-05 01:00:00,0.9917583333333334
2019-03-05 02:00:00,0.8639166666666667
2019-03-05 03:00:00,0.3191208333333333
2019-03-05 04:00:00,0.024680075000000003
2019-03-05 05:00:00,0.07977716666666666
2019-03-05 06:00:00,0.4639625
2019-03-05 07:00:00,0.8128333333333333
2019-03-05 08:00:00,0.7035083333333334
2019-03-05 09:00:00,0.24044000000000001
2019-03-05 10:00:00,0.01099606009166667
2019-03-05 11:00:00,0.08268866666666667
2019-03-05 12:00:00,0.64847
2019-03-05 13:00:00,1.0
2019-03-05 14:00:00,1.0
2019-03-05 15:00:00,0.6105
2019-03-05 16:00:00,0.09745133333333333
2019-03-05 17:00:00,0.025850941666666665
2019-03-05 18:00:00,0.32445749999999995
2019-03-05 19:00:00,0.778575
2019-03-05 20:00:00,0.9082083333333333
2019-03-05 21:00:00,0.5474891666666667
2019-03-05 22:00:00,0.10350383333333334
2019-03-05 23:00:00,0.005310226083333334
2019-03-06 00:00:00,0.20396858333333331
2019-03-06 01:00:00,0.8116916666666667
2019-03-06 02:00:00,0.9927166666666666
2019-03-06 03:00:00,0.6189908333333333
2019-03-06 04:00:00,0.13716166666666665
2019-03-06 05:00:00,0.011086974999999999
2019-03-06 06:00:00,0.2235825
2019-03-06 07:00:00,0.6927499999999999
2019-03-06 08:00:00,0.846875
2019-03-06 09:00:00,0.5248608333333333
2019-03-06 10:00:00,0.10042208333333333
2019-03-06 11:00:00,0.0084904225
2019-03-06 12:00:00,0.2702383333333333
2019-03-06 13:00:00,0.9235500000000001
2019-03-06 14:00:00,1.0
2019-03-06 15:00:00,0.9272333333333335
2019-03-06 16:00:00,0.3366841666666667
2019-03-06 17:00:00,0.023312533333333333
2019-03-06 18:00:00,0.10150666666666666
2019-03-06 19:00:00,0.5270875
2019-03-06 20:00:00,0.8373583333333333
2019-03-06 21:00:00,0.7610250000000001
2019-03-06 22:00:00,0.3354066666666667
2019-03-06 23:00:00,0.02876403291666666
2019-03-07 00:00:00,0.03957410166666667
2019-03-07 01:00:00,0.42597166666666664
2019-03-07 02:00:00,0.944875
2019-03-07 03:00:00,0.8517833333333332
2019-03-07 04:00:00,0.34326666666666666
2019-03-07 05:00:00,0.03863888333333333
2019-03-07 06:00:00,0.049246291666666664
2019-03-07 07:00:00,0.43369250000000004
2019-03-07 08:00:00,0.8120833333333333
2019-03-07 09:00:00,0.71285
2019-03-07 10:00:00,0.30678833333333333
2019-03-07 11:00:00,0.025202192
2019-03-07 12:00:00,0.05977665000000001
2019-03-07 13:00:00,0.5870183333333333
2019-03-07 14:00:00,1.0
2019-03-07 15:00:00,1.0
2019-03-07 16:00:00,0.6760691666666666
2019-03-07 17:00:00,0.13073375
2019-03-07 18:00:00,0.012771058333333333
2019-03-07 19:00:00,0.2382641666666667
2019-03-07 20:00:00,0.6588416666666668
2019-03-07 21:00:00,0.7704666666666666
2019-03-07 22:00:00,0.5566791666666666
2019-03-07 23:00:00,0.15756383333333335
2019-03-08 00:00:00,0.004794369166666667
2019-03-08 01:00:00,0.14407041666666667
2019-03-08 02:00:00,0.6375016666666666
2019-03-08 03:00:00,0.9050416666666666
2019-03-08 04:00:00,0.5745866666666667
2019-03-08 05:00:00,0.15584425000000002
2019-03-08 06:00:00,0.0087867
2019-03-08 07:00:00,0.14598458333333333
2019-03-08 08:00:00,0.6056658333333333
2019-03-08 09:00:00,0.7579416666666667
2019-03-08 10:00:00,0.50072
2019-03-08 11:00:00,0.14220825
2019-03-08 12:00:00,0.005366776666666667
2019-03-08 13:00:00,0.19628716666666665
2019-03-08 14:00:00,0.847775
2019-03-08 15:00:00,1.0
2019-03-08 16:00:00,0.9145583333333334
2019-03-08 17:00:00,0.34956250000000005
2019-03-08 18:00:00,0.03488836666666666
2019-03-08 19:00:00,0.04731414166666667
2019-03-08 20:00:00,0.3840866666666667
2019-03-08 21:00:00,0.6878750000000001
2019-03-08 22:00:00,0.6374666666666667
2019-03-08 23:00:00,0.3528641666666667
2019-03-09 00:00:00,0.05102274166666667
2019-03-09 01:00:00,0.02188958733333333
2019-03-09 02:00:00,0.2992133333333334
2019-03-09 03:00:00,0.7260500000000001
2019-03-09 04:00:00,0.7272833333333334
2019-03-09 05:00:00,0.35060749999999996
2019-03-09 06:00:00,0.05956458333333334
2019-03-09 07:00:00,0.015804025
2019-03-09 08:00:00,0.26457833333333336
2019-03-09 09:00:00,0.6449166666666666
2019-03-09 10:00:00,0.5978483333333333
2019-03-09 11:00:00,0.31315
2019-03-09 12:00:00,0.052682375000000004
2019-03-09 13:00:00,0.0226746425
2019-03-09 14:00:00,0.38603000000000004
2019-03-09 15:00:00,0.9535416666666667
2019-03-09 16:00:00,0.9962666666666666
2019-03-09 17:00:00,0.6249966666666666
2019-03-09 18:00:00,0.15425891666666666
2019-03-09 19:00:00,0.008108025
2019-03-09 20:00:00,0.11220558333333334
2019-03-09 21:00:00,0.48288333333333333
2019-03-09 22:00:00,0.6370416666666667
2019-03-09 23:00:00,0.48229916666666667
2019-03-10 00:00:00,0.18933083333333334
2019-03-10 01:00:00,0.010331337000000001
2019-03-10 02:00:00,0.07481458333333334
2019-03-10 03:00:00,0.4198341666666666
2019-03-10 04:00:00,0.6900749999999999
2019-03-10 05:00:00,0.5471683333333334
2019-03-10 06:00:00,0.205985
2019-03-10 07:00:00,0.019897958333333333
2019-03-10 08:00:00,0.041521941666666666
2019-03-10 09:00:00,0.33513583333333336
2019-03-10 10:00:00,0.5711583333333333
2019-03-10 11:00:00,0.4372991666666667
2019-03-10 12:00:00,0.18532833333333332
2019-03-10 13:00:00,0.015563218333333333
2019-03-10 14:00:00,0.06858618333333333
2019-03-10 15:00:00,0.5130066666666666
2019-03-10 16:00:00,0.9472750000000001
2019-03-10 17:00:00,0.8186083333333333
2019-03-10 18:00:00,0.3708066666666667
2019-03-10 19:00:00,0.06448116666666666
2019-03-10 20:00:00,0.008815441666666667
2019-03-10 21:00:00,0.17980333333333334
2019-03-10 22:00:00,0.5103341666666666
2019-03-10 23:00:00,0.53907
2019-03-11 00:00:00,0.33686
2019-03-11 01:00:00,0.08765508333333333
2019-03-11 02:00:00,0.00440748225
2019-03-11 03:00:00,0.13520433333333334
2019-03-11 04:00:00,0.45781916666666667
2019-03-11 05:00:00,0.60455
2019-03-11 06:00:00,0.411225
2019-03-11 07:00:00,0.12088308333333332
2019-03-11 08:00:00,0.006859683333333333
2019-03-11 09:00:00,0.06531158333333333
2019-03-11 10:00:00,0.3378825
2019-03-11 11:00:00,0.4694900000000001
2019-03-11 12:00:00,0.32202833333333336
2019-03-11 13:00:00,0.10759858333333333
2019-03-11 14:00:00,0.004572354999999999
2019-03-11 15:00:00,0.11103741666666667
2019-03-11 16:00:00,0.5029066666666667
2019-03-11 17:00:00,0.7493083333333332
2019-03-11 18:00:00,0.5863375
2019-03-11 19:00:00,0.23658749999999998
2019-03-11 20:00:00,0.029079149999999995
2019-03-11 21:00:00,0.017790233333333332
2019-03-11 22:00:00,0.21754833333333334
2019-03-11 23:00:00,0.472485
2019-03-12 00:00:00,0.42958499999999994
2019-03-12 01:00:00,0.228205
2019-03-12 02:00:00,0.039432975
2019-03-12 03:00:00,0.010128617500000001
2019-03-12 04:00:00,0.16561499999999998
2019-03-12 05:00:00,0.4391258333333334
2019-03-12 06:00:00,0.5269316666666666
2019-03-12 07:00:00,0.3202133333333333
2019-03-12 08:00:00,0.07592441666666666
2019-03-12 09:00:00,0.0036549583333333334
2019-03-12 10:00:00,0.07349299999999999
2019-03-12 11:00:00,0.3092416666666667
2019-03-12 12:00:00,0.3920941666666667
2019-03-12 13:00:00,0.24879833333333334
2019-03-12 14:00:00,0.06579591666666666
2019-03-12 15:00:00,0.003340570583333333
2019-03-12 16:00:00,0.1122375
2019-03-12 17:00:00,0.4101975
2019-03-12 18:00:00,0.5958749999999999
2019-03-12 19:00:00,0.4687641666666667
2019-03-12 20:00:00,0.17509416666666666
2019-03-12 21:00:00,0.016578108333333334
2019-03-12 22:00:00,0.023367833333333334
2019-03-12 23:00:00,0.21224083333333332
2019-03-13 00:00:00,0.40356833333333336
2019-03-13 01:00:00,0.34471583333333333
2019-03-13 02:00:00,0.1664225
2019-03-13 03:00:00,0.021427423333333334
2019-03-13 04:00:00,0.013920404749999999
2019-03-13 05:00:00,0.16381
2019-03-13 06:00:00,0.4101225
2019-03-13 07:00:00,0.4800891666666666
2019-03-13 08:00:00,0.2713083333333333
2019-03-13 09:00:00,0.05854466666666667
2019-03-13 10:00:00,0.0029154
2019-03-13 11:00:00,0.07077258333333333
2019-03-13 12:00:00,0.2838416666666667
2019-03-13 13:00:00,0.34714500000000004
2019-03-13 14:00:00,0.21137166666666668
2019-03-13 15:00:00,0.051374916666666666
2019-03-13 16:00:00,0.0024394942500000003
2019-03-13 17:00:00,0.08245758333333333
2019-03-13 18:00:00,0.32819833333333337
2019-03-13 19:00:00,0.5314941666666667
2019-03-13 20:00:00,0.43158250000000004
2019-03-13 21:00:00,0.15585500000000002
2019-03-13 22:00:00,0.01445025
2019-03-13 23:00:00,0.020510966666666665
2019-03-14 00:00:00,0.18257083333333335
2019-03-14 01:00:00,0.34929499999999997
2019-03-14 02:00:00,0.3064558333333333
2019-03-14 03:00:00,0.14637
2019-03-14 04:00:00,0.0171601225
2019-03-14 05:00:00,0.012669406583333334
2019-03-14 06:00:00,0.15160083333333332
2019-03-14 07:00:00,0.40399416666666665
2019-03-14 08:00:00,0.48017
2019-03-14 09:00:00,0.2698541666666667
2019-03-14 10:00:00,0.06257191666666667
2019-03-14 11:00:00,0.0030611583333333336
2019-03-14 12:00:00,0.06678633333333334
2019-03-14 13:00:00,0.27433
2019-03-14 14:00:00,0.3381016666666667
2019-03-14 15:00:00,0.21944
2019-03-14 16:00:00,0.06309383333333334
2019-03-14 17:00:00,0.0020276617916666663
2019-03-14 18:00:00,0.055478999999999994
2019-03-14 19:00:00,0.29521583333333334
2019-03-14 20:00:00,0.540445
2019-03-14 21:00:00,0.45125249999999995
2019-03-14 22:00:00,0.17364833333333332
2019-03-14 23:00:00,0.020578508333333335
2019-03-15 00:00:00,0.014387491666666665
2019-03-15 01:00:00,0.16154
2019-03-15 02:00:00,0.34187000000000006
2019-03-15 03:00:00,0.32342916666666666
2019-03-15 04:00:00,0.16269583333333335
2019-03-15 05:00:00,0.020814543333333334
2019-03-15 06:00:00,0.009980703508333333
2019-03-15 07:00:00,0.15081666666666665
2019-03-15 08:00:00,0.4487833333333333
2019-03-15 09:00:00,0.5535575
2019-03-15 10:00:00,0.3287508333333334
2019-03-15 11:00:00,0.08869116666666667
2019-03-15 12:00:00,0.004545525
2019-03-15 13:00:00,0.06716408333333333
2019-03-15 14:00:00,0.29199083333333337
2019-03-15 15:00:00,0.3895033333333333
2019-03-15 16:00:00,0.29937166666666665
2019-03-15 17:00:00,0.11083591666666665
2019-03-15 18:00:00,0.005553318113333333
2019-03-15 19:00:00,0.0437656
2019-03-15 20:00:00,0.3080208333333333
2019-03-15 21:00:00,0.6111916666666667
2019-03-15 22:00:00,0.5395041666666667
2019-03-15 23:00:00,0.24063083333333335
2019-03-16 00:00:00,0.03747793333333334
2019-03-16 01:00:00,0.011718616666666667
2019-03-16 02:00:00,0.17304666666666665
2019-03-16 03:00:00,0.40033833333333335
2019-03-16 04:00:00,0.40569916666666667
2019-03-16 05:00:00,0.21791916666666666
2019-03-16 06:00:00,0.031804400000000004
2019-03-16 07:00:00,0.00937295525
2019-03-16 08:00:00,0.18093
2019-03-16 09:00:00,0.5830308333333334
2019-03-16 10:00:00,0.7403583333333335
2019-03-16 11:00:00,0.46675999999999995
2019-03-16 12:00:00,0.13964133333333334
2019-03-16 13:00:00,0.007397133333333333
2019-03-16 14:00:00,0.07900366666666668
2019-03-16 15:00:00,0.36698416666666667
2019-03-16 16:00:00,0.5496916666666667
2019-03-16 17:00:00,0.485335
2019-03-16 18:00:00,0.20013333333333333
2019-03-16 19:00:00,0.012913944083333333
2019-03-16 20:00:00,0.0447196
2019-03-16 21:00:00,0.3669133333333333
2019-03-16 22:00:00,0.7727833333333334
2019-03-16 23:00:00,0.7347666666666668
2019-03-17 00:00:00,0.364395
2019-03-17 01:00:00,0.06097866666666665
2019-03-17 02:00:00,0.015448325
2019-03-17 03:00:00,0.23617666666666665
2019-03-17 04:00:00,0.5479675
2019-03-17 05:00:00,0.57245
2019-03-17 06:00:00,0.31445000000000006
2019-03-17 07:00:00,0.04666574166666666
2019-03-17 08:00:00,0.013547477916666668
2019-03-17 09:00:00,0.2700916666666667
2019-03-17 10:00:00,0.8499416666666666
2019-03-17 11:00:00,0.9979666666666667
2019-03-17 12:00:00,0.6924291666666665
2019-03-17 13:00:00,0.20741083333333332
2019-03-17 14:00:00,0.009976200000000001
2019-03-17 15:00:00,0.11966558333333334
2019-03-17 16:00:00,0.5530966666666667
2019-03-17 17:00:00,0.8677083333333333
2019-03-17 18:00:00,0.7726166666666667
2019-03-17 19:00:00,0.3023283333333333
2019-03-17 20:00:00,0.018760251749999998
2019-03-17 21:00:00,0.059505749999999996
2019-03-17 22:00:00,0.5057675
2019-03-17 23:00:00,0.9844583333333332
2019-03-18 00:00:00,0.9687333333333333
2019-03-18 01:00:00,0.5060233333333333
2019-03-18 02:00:00,0.072033025
2019-03-18 03:00:00,0.031751524999999996
2019-03-18 04:00:00,0.3820583333333334
2019-03-18 05:00:00,0.8193250000000001
2019-03-18 06:00:00,0.8338500000000001
2019-03-18 07:00:00,0.42946249999999997
2019-03-18 08:00:00,0.053780883333333335
2019-03-18 09:00:00,0.029312876783333334
2019-03-18 10:00:00,0.4680258333333333
2019-03-18 11:00:00,1.0
2019-03-18 12:00:00,1.0
2019-03-18 13:00:00,0.8809166666666666
2019-03-18 14:00:00,0.2593758333333333
2019-03-18 15:00:00,0.010649325000000001
2019-03-18 16:00:00,0.22607041666666663
2019-03-18 17:00:00,0.8615833333333335
2019-03-18 18:00:00,1.0
2019-03-18 19:00:00,0.9525833333333332
2019-03-18 20:00:00,0.36574666666666666
2019-03-18 21:00:00,0.018031316166666665
2019-03-18 22:00:00,0.10439991666666666
2019-03-18 23:00:00,0.752015
2019-03-19 00:00:00,1.0
2019-03-19 01:00:00,1.0
2019-03-19 02:00:00,0.5755791666666668
2019-03-19 03:00:00,0.05750055833333333
2019-03-19 04:00:00,0.07988264166666667
2019-03-19 05:00:00,0.6579191666666666
2019-03-19 06:00:00,1.0
2019-03-19 07:00:00,0.9875499999999999
2019-03-19 08:00:00,0.5005741666666667
2019-03-19 09:00:00,0.04348305991666666
2019-03-19 10:00:00,0.07579206666666667
2019-03-19 11:00:00,0.7491074999999999
2019-03-19 12:00:00,1.0
2019-03-19 13:00:00,1.0
2019-03-19 14:00:00,0.9288833333333334
2019-03-19 15:00:00,0.24908950000000002
2019-03-19 16:00:00,0.017391258333333333
2019-03-19 17:00:00,0.44904416666666663
2019-03-19 18:00:00,1.0
2019-03-19 19:00:00,1.0
2019-03-19 20:00:00,0.9761166666666666
2019-03-19 21:00:00,0.35443916666666664
2019-03-19 22:00:00,0.011536348333333335
2019-03-19 23:00:00,0.22348516666666665
2019-03-20 00:00:00,0.94695
2019-03-20 01:00:00,1.0
2019-03-20 02:00:00,1.0
2019-03-20 03:00:00,0.5151316666666667
2019-03-20 04:00:00,0.03025889166666667
2019-03-20 05:00:00,0.19952266666666665
2019-03-20 06:00:00,0.9145749999999999
2019-03-20 07:00:00,1.0
2019-03-20 08:00:00,1.0
2019-03-20 09:00:00,0.4688075
2019-03-20 10:00:00,0.022917460833333334
2019-03-20 11:00:00,0.19162575
2019-03-20 12:00:00,0.9469333333333333
2019-03-20 13:00:00,1.0
2019-03-20 14:00:00,1.0
2019-03-20 15:00:00,0.89875
2019-03-20 16:00:00,0.16945933333333332
2019-03-20 17:00:00,0.05604311666666667
2019-03-20 18:00:00,0.7261916666666667
2019-03-20 19:00:00,1.0
2019-03-20 20:00:00,1.0
2019-03-20 21:00:00,0.9521333333333333
2019-03-20 22:00:00,0.26484508333333334
2019-03-20 23:00:00,0.012235137916666668
2019-03-21 00:00:00,0.4814616666666667
2019-03-21 01:00:00,1.0
2019-03-21 02:00:00,1.0
2019-03-21 03:00:00,0.9859416666666668
2019-03-21 04:00:00,0.3597958333333333
2019-03-21 05:00:00,0.016437058333333334
2019-03-21 06:00:00,0.4342141666666667
2019-03-21 07:00:00,1.0
2019-03-21 08:00:00,1.0
2019-03-21 09:00:00,0.9799000000000001
2019-03-21 10:00:00,0.34363916666666666
2019-03-21 11:00:00,0.0111757025
2019-03-21 12:00:00,0.42302
2019-03-21 13:00:00,1.0
2019-03-21 14:00:00,1.0
2019-03-21 15:00:00,1.0
2019-03-21 16:00:00,0.7699325
2019-03-21 17:00:00,0.07696033333333334
2019-03-21 18:00:00,0.15305141666666666
2019-03-21 19:00:00,0.905625
2019-03-21 20:00:00,1.0
2019-03-21 21:00:00,1.0
2019-03-21 22:00:00,0.8567166666666667
2019-03-21 23:00:00,0.13887583333333334
2019-03-22 00:00:00,0.04948442666666666
2019-03-22 01:00:00,0.7404999999999999
2019-03-22 02:00:00,1.0
2019-03-22 03:00:00,1.0
2019-03-22 04:00:00,0.9040499999999999
2019-03-22 05:00:00,0.19338625
2019-03-22 06:00:00,0.039925075
2019-03-22 07:00:00,0.687745
2019-03-22 08:00:00,1.0
2019-03-22 09:00:00,1.0
2019-03-22 10:00:00,0.9025833333333333
2019-03-22 11:00:00,0.19340083333333333
2019-03-22 12:00:00,0.027703631666666662
2019-03-22 13:00:00,0.6606958333333334
2019-03-22 14:00:00,1.0
2019-03-22 15:00:00,1.0
2019-03-22 16:00:00,1.0
2019-03-22 17:00:00,0.5329891666666666
2019-03-22 18:00:00,0.024369816666666665
2019-03-22 19:00:00,0.29681658333333333
2019-03-22 20:00:00,0.9800083333333334
2019-03-22 21:00:00,1.0
2019-03-22 22:00:00,1.0
2019-03-22 23:00:00,0.6425066666666668
2019-03-23 00:00:00,0.0450050775
2019-03-23 01:00:00,0.14679504166666665
2019-03-23 02:00:00,0.9016166666666667
2019-03-23 03:00:00,1.0
2019-03-23 04:00:00,1.0
2019-03-23 05:00:00,0.7092708333333333
2019-03-23 06:00:00,0.07837101666666667
2019-03-23 07:00:00,0.10623321666666667
2019-03-23 08:00:00,0.8372991666666667
2019-03-23 09:00:00,1.0
2019-03-23 10:00:00,1.0
2019-03-23 11:00:00,0.7133925000000001
2019-03-23 12:00:00,0.08036896583333332
2019-03-23 13:00:00,0.08320488583333335
2019-03-23 14:00:00,0.8192366666666667
2019-03-23 15:00:00,1.0
2019-03-23 16:00:00,1.0
2019-03-23 17:00:00,0.9419749999999999
2019-03-23 18:00:00,0.25813733333333333
2019-03-23 19:00:00,0.015640725
2019-03-23 20:00:00,0.419895
2019-03-23 21:00:00,0.9983
2019-03-23 22:00:00,1.0
2019-03-23 23:00:00,0.9671833333333332
2019-03-24 00:00:00,0.33446333333333333
2019-03-24 01:00:00,0.009949801666666667
2019-03-24 02:00:00,0.267281
2019-03-24 03:00:00,0.9612999999999999
2019-03-24 04:00:00,1.0
2019-03-24 05:00:00,0.986175
2019-03-24 06:00:00,0.420755
2019-03-24 07:00:00,0.025079275
2019-03-24 08:00:00,0.17507741666666668
2019-03-24 09:00:00,0.873625
2019-03-24 10:00:00,1.0
2019-03-24 11:00:00,0.9743583333333333
2019-03-24 12:00:00,0.42447250000000003
2019-03-24 13:00:00,0.02344933105
2019-03-24 14:00:00,0.15249775
2019-03-24 15:00:00,0.8729416666666667
2019-03-24 16:00:00,1.0
2019-03-24 17:00:00,1.0
2019-03-24 18:00:00,0.7087075
2019-03-24 19:00:00,0.10851541666666668
2019-03-24 20:00:00,0.0274474
2019-03-24 21:00:00,0.44889583333333327
2019-03-24 22:00:00,0.9819583333333333
2019-03-24 23:00:00,1.0
2019-03-25 00:00:00,0.7184716666666666
2019-03-25 01:00:00,0.13337758333333333
2019-03-25 02:00:00,0.01196238975
2019-03-25 03:00:00,0.316195
2019-03-25 04:00:00,0.9385416666666667
2019-03-25 05:00:00,1.0
2019-03-25 06:00:00,0.8187416666666667
2019-03-25 07:00:00,0.2164491666666667
2019-03-25 08:00:00,0.009539966666666667
2019-03-25 09:00:00,0.18405091666666668
2019-03-25 10:00:00,0.7451666666666666
2019-03-25 11:00:00,0.9879916666666666
2019-03-25 12:00:00,0.7205083333333333
2019-03-25 13:00:00,0.21121916666666668
2019-03-25 14:00:00,0.006460325083333333
2019-03-25 15:00:00,0.168068
2019-03-25 16:00:00,0.7748016666666666
2019-03-25 17:00:00,1.0
2019-03-25 18:00:00,0.9406
2019-03-25 19:00:00,0.4057925
2019-03-25 20:00:00,0.04546856666666667
2019-03-25 21:00:00,0.035145325
2019-03-25 22:00:00,0.37058083333333336
2019-03-25 23:00:00,0.7716583333333333
2019-03-26 00:00:00,0.7680583333333333
2019-03-26 01:00:00,0.39075499999999996
2019-03-26 02:00:00,0.04812271666666667
2019-03-26 03:00:00,0.0179354375
2019-03-26 04:00:00,0.2639633333333333
2019-03-26 05:00:00,0.766575
2019-03-26 06:00:00,0.9317083333333334
2019-03-26 07:00:00,0.5274791666666667
2019-03-26 08:00:00,0.11677291666666667
2019-03-26 09:00:00,0.005849458333333334
2019-03-26 10:00:00,0.13333091666666666
2019-03-26 11:00:00,0.47965
2019-03-26 12:00:00,0.6275416666666667
2019-03-26 13:00:00,0.43183166666666667
2019-03-26 14:00:00,0.10138916666666667
2019-03-26 15:00:00,0.003495784583333334
2019-03-26 16:00:00,0.11130091666666667
2019-03-26 17:00:00,0.4660524999999999
2019-03-26 18:00:00,0.7810250000000001
2019-03-26 19:00:00,0.6389875
2019-03-26 20:00:00,0.24290166666666665
2019-03-26 21:00:00,0.0237811
2019-03-26 22:00:00,0.028198441666666664
2019-03-26 23:00:00,0.24310249999999997
2019-03-27 00:00:00,0.47943
2019-03-27 01:00:00,0.46991999999999995
2019-03-27 02:00:00,0.2178425
2019-03-27 03:00:00,0.021009064166666667
2019-03-27 04:00:00,0.013838327333333336
2019-03-27 05:00:00,0.17426833333333336
2019-03-27 06:00:00,0.5127966666666667
2019-03-27 07:00:00,0.6275583333333333
2019-03-27 08:00:00,0.3530183333333333
2019-03-27 09:00:00,0.08205866666666667
2019-03-27 10:00:00,0.004114675000000001
2019-03-27 11:00:00,0.07598983333333334
2019-03-27 12:00:00,0.2886858333333333
2019-03-27 13:00:00,0.39604083333333334
2019-03-27 14:00:00,0.27257833333333337
2019-03-27 15:00:00,0.062057583333333326
2019-03-27 16:00:00,0.0015050833333333333
2019-03-27 17:00:00,0.04765875
2019-03-27 18:00:00,0.2573391666666667
2019-03-27 19:00:00,0.5086591666666667
2019-03-27 20:00:00,0.44405
2019-03-27 21:00:00,0.17577
2019-03-27 22:00:00,0.020036558333333333
2019-03-27 23:00:00,0.015130433333333334
2019-03-28 00:00:00,0.13961999999999997
2019-03-28 01:00:00,0.3009966666666667
2019-03-28 02:00:00,0.3159375
2019-03-28 03:00:00,0.14772333333333335
2019-03-28 04:00:00,0.014869909166666665
2019-03-28 05:00:00,0.006616242916666667
2019-03-28 06:00:00,0.10858016666666666
2019-03-28 07:00:00,0.3670066666666667
2019-03-28 08:00:00,0.4758483333333334
2019-03-28 09:00:00,0.29087999999999997
2019-03-28 10:00:00,0.0840375
2019-03-28 11:00:00,0.005036291666666667
2019-03-28 12:00:00,0.04152466666666666
2019-03-28 13:00:00,0.18402249999999998
2019-03-28 14:00:00,0.28166833333333335
2019-03-28 15:00:00,0.21806416666666667
2019-03-28 16:00:00,0.06409691666666667
2019-03-28 17:00:00,0.0026017649
2019-03-28 18:00:00,0.018013333333333333
2019-03-28 19:00:00,0.1667025
2019-03-28 20:00:00,0.39152333333333333
2019-03-28 21:00:00,0.36711999999999995
2019-03-28 22:00:00,0.16709333333333334
2019-03-28 23:00:00,0.026982149999999996
2019-03-29 00:00:00,0.007324958333333334
2019-03-29 01:00:00,0.08817024999999999
2019-03-29 02:00:00,0.22665916666666663
2019-03-29 03:00:00,0.2632766666666667
2019-03-29 04:00:00,0.13260166666666665
2019-03-29 05:00:00,0.016793908333333333
2019-03-29 06:00:00,0.003060738908333333
2019-03-29 07:00:00,0.08214466666666667
2019-03-29 08:00:00,0.3208766666666667
2019-03-29 09:00:00,0.44343250000000006
2019-03-29 10:00:00,0.30525833333333335
2019-03-29 11:00:00,0.10753249999999999
2019-03-29 12:00:00,0.008299391666666666
2019-03-29 13:00:00,0.027732500000000004
2019-03-29 14:00:00,0.14485
2019-03-29 15:00:00,0.26138666666666666
2019-03-29 16:00:00,0.24445499999999998
2019-03-29 17:00:00,0.0957215
2019-03-29 18:00:00,0.00809081275
2019-03-29 19:00:00,0.010683758166666666
2019-03-29 20:00:00,0.14459916666666667
2019-03-29 21:00:00,0.3659766666666667
2019-03-29 22:00:00,0.37023916666666673
2019-03-29 23:00:00,0.19763333333333333
2019-03-30 00:00:00,0.039598
2019-03-30 01:00:00,0.005691149999999999
2019-03-30 02:00:00,0.07997516666666667
2019-03-30 03:00:00,0.22592749999999998
2019-03-30 04:00:00,0.2753566666666667
2019-03-30 05:00:00,0.14550833333333335
2019-03-30 06:00:00,0.021293516666666665
2019-03-30 07:00:00,0.0028852501416666665
2019-03-30 08:00:00,0.09217525
2019-03-30 09:00:00,0.3620741666666667
2019-03-30 10:00:00,0.5044016666666667
2019-03-30 11:00:00,0.36733916666666666
2019-03-30 12:00:00,0.13458916666666668
2019-03-30 13:00:00,0.010299341666666668
2019-03-30 14:00:00,0.028484250000000003
2019-03-30 15:00:00,0.16038083333333333
2019-03-30 16:00:00,0.32538083333333334
2019-03-30 17:00:00,0.3294833333333333
2019-03-30 18:00:00,0.135165
2019-03-30 19:00:00,0.012148159999999998
2019-03-30 20:00:00,0.012622351999999998
2019-03-30 21:00:00,0.1656625
2019-03-30 22:00:00,0.4107416666666666
2019-03-30 23:00:00,0.4324483333333333
2019-03-31 00:00:00,0.23840250000000002
2019-03-31 01:00:00,0.04320108333333333
2019-03-31 02:00:00,0.008746533333333334
2019-03-31 03:00:00,0.10862391666666667
2019-03-31 04:00:00,0.2827341666666667
2019-03-31 05:00:00,0.32882083333333334
2019-03-31 06:00:00,0.1636008333333333
2019-03-31 07:00:00,0.02060594166666667
2019-03-31 08:00:00,0.006816733916666666
2019-03-31 09:00:00,0.14815866666666666
2019-03-31 10:00:00,0.492485
2019-03-31 11:00:00,0.6345166666666666
2019-03-31 12:00:00,0.4388975
2019-03-31 13:00:00,0.141244
2019-03-31 14:00:00,0.008266916666666665
2019-03-31 15:00:00,0.047917916666666664
2019-03-31 16:00:00,0.2389175
2019-03-31 17:00:00,0.46029333333333333
2019-03-31 18:00:00,0.4186925
2019-03-31 19:00:00,0.14342833333333332
2019-03-31 20:00:00,0.008860462525
2019-03-31 21:00:00,0.024147958333333334
2019-03-31 22:00:00,0.2343075
2019-03-31 23:00:00,0.5219591666666666
2019-04-01 00:00:00,0.5112208333333333
2019-04-01 01:00:00,0.24008666666666667
2019-04-01 02:00:00,0.02858458333333333
2019-04-01 03:00:00,0.023061425
2019-04-01 04:00:00,0.18326499999999998
2019-04-01 05:00:00,0.39005500000000004
2019-04-01 06:00:00,0.39319166666666666
2019-04-01 07:00:00,0.15812583333333335
2019-04-01 08:00:00,0.011626129
2019-04-01 09:00:00,0.024716965
2019-04-01 10:00:00,0.27886749999999993
2019-04-01 11:00:00,0.712375
2019-04-01 12:00:00,0.7881083333333333
2019-04-01 13:00:00,0.4681716666666667
2019-04-01 14:00:00,0.11229558333333331
2019-04-01 15:00:00,0.006765708333333334
2019-04-01 16:00:00,0.10676858333333333
2019-04-01 17:00:00,0.3887075
2019-04-01 18:00:00,0.6087333333333333
2019-04-01 19:00:00,0.4399991666666667
2019-04-01 20:00:00,0.10959425000000002
2019-04-01 21:00:00,0.0032677266666666666
2019-04-01 22:00:00,0.05870641666666667
2019-04-01 23:00:00,0.3727733333333333
2019-04-02 00:00:00,0.6699333333333333
2019-04-02 01:00:00,0.5324558333333334
2019-04-02 02:00:00,0.1793325
2019-04-02 03:00:00,0.010834291666666667
2019-04-02 04:00:00,0.06844541666666668
2019-04-02 05:00:00,0.31782750000000004
2019-04-02 06:00:00,0.5244358333333333
2019-04-02 07:00:00,0.4187675
2019-04-02 08:00:00,0.11498891666666668
2019-04-02 09:00:00,0.0033362081666666672
2019-04-02 10:00:00,0.08507291666666666
2019-04-02 11:00:00,0.5171025
2019-04-02 12:00:00,0.9649500000000001
2019-04-02 13:00:00,0.8813166666666666
2019-04-02 14:00:00,0.41178666666666663
2019-04-02 15:00:00,0.05959108333333333
2019-04-02 16:00:00,0.022129983333333332
2019-04-02 17:00:00,0.23491
2019-04-02 18:00:00,0.5756016666666667
2019-04-02 19:00:00,0.6868333333333332
2019-04-02 20:00:00,0.37560333333333334
2019-04-02 21:00:00,0.05948666666666667
2019-04-02 22:00:00,0.004286446
2019-04-02 23:00:00,0.1499635
2019-04-03 00:00:00,0.5882366666666666
2019-04-03 01:00:00,0.7739333333333334
2019-04-03 02:00:00,0.4524866666666667
2019-04-03 03:00:00,0.09399633333333333
2019-04-03 04:00:00,0.0102609
2019-04-03 05:00:00,0.17606666666666665
2019-04-03 06:00:00,0.5051425
2019-04-03 07:00:00,0.6263749999999999
2019-04-03 08:00:00,0.3671816666666667
2019-04-03 09:00:00,0.056729191666666665
2019-04-03 10:00:00,0.009906982416666666
2019-04-03 11:00:00,0.23516
2019-04-03 12:00:00,0.8355916666666667
2019-04-03 13:00:00,1.0
2019-04-03 14:00:00,0.8302833333333334
2019-04-03 15:00:00,0.27527
2019-04-03 16:00:00,0.01809564166666667
2019-04-03 17:00:00,0.08679141666666666
2019-04-03 18:00:00,0.4320466666666667
2019-04-03 19:00:00,0.7251583333333333
2019-04-03 20:00:00,0.66195
2019-04-03 21:00:00,0.26355416666666664
2019-04-03 22:00:00,0.020251115416666667
2019-04-03 23:00:00,0.029841984166666665
2019-04-04 00:00:00,0.34360666666666667
2019-04-04 01:00:00,0.8224833333333333
2019-04-04 02:00:00,0.7572500000000001
2019-04-04 03:00:00,0.3094633333333333
2019-04-04 04:00:00,0.033191174999999996
2019-04-04 05:00:00,0.04610846666666666
2019-04-04 06:00:00,0.36481416666666666
2019-04-04 07:00:00,0.688175
2019-04-04 08:00:00,0.6309999999999999
2019-04-04 09:00:00,0.2557383333333333
2019-04-04 10:00:00,0.016993809999999998
2019-04-04 11:00:00,0.05594670833333333
2019-04-04 12:00:00,0.5164333333333334
2019-04-04 13:00:00,0.9970583333333333
2019-04-04 14:00:00,1.0
2019-04-04 15:00:00,0.6496124999999999
2019-04-04 16:00:00,0.12692233333333333
2019-04-04 17:00:00,0.013474641666666667
2019-04-04 18:00:00,0.23596249999999996
2019-04-04 19:00:00,0.6434016666666666
2019-04-04 20:00:00,0.7888250000000001
2019-04-04 21:00:00,0.55922
2019-04-04 22:00:00,0.14551699999999998
2019-04-04 23:00:00,0.004065837249999999
2019-04-05 00:00:00,0.12864425
2019-04-05 01:00:00,0.6384424999999999
2019-04-05 02:00:00,0.9641000000000001
2019-04-05 03:00:00,0.6268
2019-04-05 04:00:00,0.17170708333333334
2019-04-05 05:00:00,0.009432716666666667
2019-04-05 06:00:00,0.1495465
2019-04-05 07:00:00,0.5993766666666667
2019-04-05 08:00:00,0.7800166666666667
2019-04-05 09:00:00,0.5334133333333333
2019-04-05 10:00:00,0.14047016666666667
2019-04-05 11:00:00,0.0049304058333333334
2019-04-05 12:00:00,0.1880204166666667
2019-04-05 13:00:00,0.8413333333333334
2019-04-05 14:00:00,1.0
2019-04-05 15:00:00,0.9501083333333333
2019-04-05 16:00:00,0.39002333333333333
2019-04-05 17:00:00,0.036421625
2019-04-05 18:00:00,0.06294727500000001
2019-04-05 19:00:00,0.4575008333333333
2019-04-05 20:00:00,0.8024666666666667
2019-04-05 21:00:00,0.7652083333333333
2019-04-05 22:00:00,0.40899750000000007
2019-04-05 23:00:00,0.05474656666666667
2019-04-06 00:00:00,0.022984732916666667
2019-04-06 01:00:00,0.35145166666666666
2019-04-06 02:00:00,0.9110916666666666
2019-04-06 03:00:00,0.9280916666666666
2019-04-06 04:00:00,0.4503508333333334
2019-04-06 05:00:00,0.07529458333333333
2019-04-06 06:00:00,0.020804341666666667
2019-04-06 07:00:00,0.3318508333333333
2019-04-06 08:00:00,0.7835083333333334
2019-04-06 09:00:00,0.7449916666666667
2019-04-06 10:00:00,0.39013333333333333
2019-04-06 11:00:00,0.05989461666666667
2019-04-06 12:00:00,0.02512175416666667
2019-04-06 13:00:00,0.43851499999999993
2019-04-06 14:00:00,0.9905583333333334
2019-04-06 15:00:00,1.0
2019-04-06 16:00:00,0.764365
2019-04-06 17:00:00,0.18136649999999999
2019-04-06 18:00:00,0.009371649999999999
2019-04-06 19:00:00,0.18419416666666666
2019-04-06 20:00:00,0.6852666666666666
2019-04-06 21:00:00,0.8708083333333333
2019-04-06 22:00:00,0.662625
2019-04-06 23:00:00,0.24265333333333333
2019-04-07 00:00:00,0.011104659833333332
2019-04-07 01:00:00,0.11260399999999998
2019-04-07 02:00:00,0.6534066666666667
2019-04-07 03:00:00,1.0
2019-04-07 04:00:00,0.8068583333333333
2019-04-07 05:00:00,0.28294916666666664
2019-04-07 06:00:00,0.02415265
2019-04-07 07:00:00,0.07607396666666666
2019-04-07 08:00:00,0.5348525
2019-04-07 09:00:00,0.8397416666666667
2019-04-07 10:00:00,0.6290250000000001
2019-04-07 11:00:00,0.2542941666666667
2019-04-07 12:00:00,0.01835961833333333
2019-04-07 13:00:00,0.09870575000000001
2019-04-07 14:00:00,0.7260991666666666
2019-04-07 15:00:00,1.0
2019-04-07 16:00:00,0.9812333333333334
2019-04-07 17:00:00,0.47975083333333335
2019-04-07 18:00:00,0.067075
2019-04-07 19:00:00,0.024076483333333332
2019-04-07 20:00:00,0.3561425
2019-04-07 21:00:00,0.8399416666666667
2019-04-07 22:00:00,0.8310916666666667
2019-04-07 23:00:00,0.496865
2019-04-08 00:00:00,0.10758674999999998
2019-04-08 01:00:00,0.010652265833333334
2019-04-08 02:00:00,0.284325
2019-04-08 03:00:00,0.87185
2019-04-08 04:00:00,0.9900249999999999
2019-04-08 05:00:00,0.6177475
2019-04-08 06:00:00,0.15147133333333335
2019-04-08 07:00:00,0.007691083333333334
2019-04-08 08:00:00,0.17014691666666668
2019-04-08 09:00:00,0.6653091666666667
2019-04-08 10:00:00,0.7813416666666666
2019-04-08 11:00:00,0.4935091666666667
2019-04-08 12:00:00,0.14598750000000002
2019-04-08 13:00:00,0.006108713333333333
2019-04-08 14:00:00,0.22715516666666663
2019-04-08 15:00:00,0.8795166666666667
2019-04-08 16:00:00,1.0
2019-04-08 17:00:00,0.8321999999999999
2019-04-08 18:00:00,0.273185
2019-04-08 19:00:00,0.02113023333333333
2019-04-08 20:00:00,0.067942775
2019-04-08 21:00:00,0.5073725
2019-04-08 22:00:00,0.863275
2019-04-08 23:00:00,0.6933333333333332
2019-04-09 00:00:00,0.31597333333333333
2019-04-09 01:00:00,0.034164425
2019-04-09 02:00:00,0.046592669999999996
2019-04-09 03:00:00,0.45567749999999996
2019-04-09 04:00:00,0.9444166666666667
2019-04-09 05:00:00,0.9037666666666666
2019-04-09 06:00:00,0.42653416666666666
2019-04-09 07:00:00,0.06848399999999999
2019-04-09 08:00:00,0.013185116666666665
2019-04-09 09:00:00,0.2573133333333333
2019-04-09 10:00:00,0.6856583333333333
2019-04-09 11:00:00,0.6702416666666666
2019-04-09 12:00:00,0.36575250000000004
2019-04-09 13:00:00,0.07168658333333333
2019-04-09 14:00:00,0.015907545333333335
2019-04-09 15:00:00,0.33295833333333336
2019-04-09 16:00:00,0.9015333333333332
2019-04-09 17:00:00,0.9821166666666666
2019-04-09 18:00:00,0.6054808333333334
2019-04-09 19:00:00,0.15640783333333333
2019-04-09 20:00:00,0.007269033333333333
2019-04-09 21:00:00,0.11760183333333332
2019-04-09 22:00:00,0.5607191666666668
2019-04-09 23:00:00,0.7556416666666667
2019-04-10 00:00:00,0.5132691666666667
2019-04-10 01:00:00,0.17622083333333333
2019-04-10 02:00:00,0.008428680000000001
2019-04-10 03:00:00,0.09628083333333334
2019-04-10 04:00:00,0.5289733333333334
2019-04-10 05:00:00,0.8871499999999999
2019-04-10 06:00:00,0.7250583333333332
2019-04-10 07:00:00,0.2779858333333333
2019-04-10 08:00:00,0.02910224166666667
2019-04-10 09:00:00,0.025054433333333334
2019-04-10 10:00:00,0.2926408333333333
2019-04-10 11:00:00,0.627525
2019-04-10 12:00:00,0.5489283333333332
2019-04-10 13:00:00,0.2577183333333333
2019-04-10 14:00:00,0.03251628333333333
2019-04-10 15:00:00,0.02915167991666667
2019-04-10 16:00:00,0.3307633333333333
2019-04-10 17:00:00,0.7553833333333334
2019-04-10 18:00:00,0.8063750000000001
2019-04-10 19:00:00,0.44867166666666664
2019-04-10 20:00:00,0.09657391666666668
2019-04-10 21:00:00,0.0051178000000000005
2019-04-10 22:00:00,0.1358055
2019-04-10 23:00:00,0.4999791666666667
2019-04-11 00:00:00,0.5894999999999999
2019-04-11 01:00:00,0.36080166666666663
2019-04-11 02:00:00,0.097175
2019-04-11 03:00:00,0.0036110641666666663
2019-04-11 04:00:00,0.11950525
2019-04-11 05:00:00,0.49461416666666674
2019-04-11 06:00:00,0.7550833333333334
2019-04-11 07:00:00,0.5707858333333333
2019-04-11 08:00:00,0.19205166666666668
2019-04-11 09:00:00,0.015597666666666666
2019-04-11 10:00:00,0.028897141666666664
2019-04-11 11:00:00,0.27488083333333335
2019-04-11 12:00:00,0.5365758333333333
2019-04-11 13:00:00,0.4414341666666667
2019-04-11 14:00:00,0.18813166666666667
2019-04-11 15:00:00,0.0188744665
2019-04-11 16:00:00,0.024838038333333333
2019-04-11 17:00:00,0.2459
2019-04-11 18:00:00,0.5835991666666667
2019-04-11 19:00:00,0.6608499999999999
2019-04-11 20:00:00,0.3630408333333333
2019-04-11 21:00:00,0.07197741666666667
2019-04-11 22:00:00,0.0044307999999999995
2019-04-11 23:00:00,0.1119
2019-04-12 00:00:00,0.3894566666666667
2019-04-12 01:00:00,0.45230750000000003
2019-04-12 02:00:00,0.272035
2019-04-12 03:00:00,0.06518608333333333
2019-04-12 04:00:00,0.0030084297499999996
2019-04-12 05:00:00,0.10429450000000001
2019-04-12 06:00:00,0.417865
2019-04-12 07:00:00,0.6558583333333332
2019-04-12 08:00:00,0.4956291666666667
2019-04-12 09:00:00,0.16779666666666668
2019-04-12 10:00:00,0.015030141666666668
2019-04-12 11:00:00,0.022897516666666666
2019-04-12 12:00:00,0.23081166666666664
2019-04-12 13:00:00,0.45110083333333334
2019-04-12 14:00:00,0.37950083333333334
2019-04-12 15:00:00,0.17461666666666667
2019-04-12 16:00:00,0.021974103333333335
2019-04-12 17:00:00,0.010953011941666667
2019-04-12 18:00:00,0.1614125
2019-04-12 19:00:00,0.47712250000000006
2019-04-12 20:00:00,0.5943166666666666
2019-04-12 21:00:00,0.33820083333333334
2019-04-12 22:00:00,0.076254
2019-04-12 23:00:00,0.0036745583333333332
2019-04-13 00:00:00,0.07568883333333333
2019-04-13 01:00:00,0.3067775
2019-04-13 02:00:00,0.3894858333333333
2019-04-13 03:00:00,0.2516666666666667
2019-04-13 04:00:00,0.06480316666666668
2019-04-13 05:00:00,0.00211285525
2019-04-13 06:00:00,0.07602658333333333
2019-04-13 07:00:00,0.36879666666666666
2019-04-13 08:00:00,0.6476083333333333
2019-04-13 09:00:00,0.5247091666666666
2019-04-13 10:00:00,0.20475083333333333
2019-04-13 11:00:00,0.026190183333333335
2019-04-13 12:00:00,0.01470159166666667
2019-04-13 13:00:00,0.19069416666666666
2019-04-13 14:00:00,0.4122691666666667
2019-04-13 15:00:00,0.4033716666666667
2019-04-13 16:00:00,0.23658916666666666
2019-04-13 17:00:00,0.047334249999999994
2019-04-13 18:00:00,0.003550127416666666
2019-04-13 19:00:00,0.11494516666666668
2019-04-13 20:00:00,0.44293416666666663
2019-04-13 21:00:00,0.6100916666666667
2019-04-13 22:00:00,0.39052166666666666
2019-04-13 23:00:00,0.11685616666666666
2019-04-14 00:00:00,0.006945783333333333
2019-04-14 01:00:00,0.055938499999999995
2019-04-14 02:00:00,0.28937083333333335
2019-04-14 03:00:00,0.41600000000000004
2019-04-14 04:00:00,0.30481416666666666
2019-04-14 05:00:00,0.09553341666666666
2019-04-14 06:00:00,0.0034338977499999996
2019-04-14 07:00:00,0.06043366666666666
2019-04-14 08:00:00,0.39076500000000003
2019-04-14 09:00:00,0.77185
2019-04-14 10:00:00,0.6852583333333334
2019-04-14 11:00:00,0.31715166666666667
2019-04-14 12:00:00,0.05534275
2019-04-14 13:00:00,0.010213333333333335
2019-04-14 14:00:00,0.18191833333333332
2019-04-14 15:00:00,0.46703749999999994
2019-04-14 16:00:00,0.5604416666666666
2019-04-14 17:00:00,0.40114249999999996
2019-04-14 18:00:00,0.10449608333333334
2019-04-14 19:00:00,0.00303009775
2019-04-14 20:00:00,0.10460008333333333
2019-04-14 21:00:00,0.49047833333333335
2019-04-14 22:00:00,0.7480916666666667
2019-04-14 23:00:00,0.5523775000000001
2019-04-15 00:00:00,0.20167000000000002
2019-04-15 01:00:00,0.014801941666666669
2019-04-15 02:00:00,0.06081556666666667
2019-04-15 03:00:00,0.3546758333333333
2019-04-15 04:00:00,0.5544749999999999
2019-04-15 05:00:00,0.4530533333333333
2019-04-15 06:00:00,0.16392833333333331
2019-04-15 07:00:00,0.008183776685
2019-04-15 08:00:00,0.068224975
2019-04-15 09:00:00,0.5185891666666667
2019-04-15 10:00:00,0.9849166666666668
2019-04-15 11:00:00,0.9546833333333332
2019-04-15 12:00:00,0.5132491666666666
2019-04-15 13:00:00,0.09998383333333333
2019-04-15 14:00:00,0.011303125
2019-04-15 15:00:00,0.23384833333333332
2019-04-15 16:00:00,0.6699766666666666
2019-04-15 17:00:00,0.8873416666666667
2019-04-15 18:00:00,0.6523458333333333
2019-04-15 19:00:00,0.17140008333333334
2019-04-15 20:00:00,0.004706763441666667
2019-04-15 21:00:00,0.13214066666666668
2019-04-15 22:00:00,0.6662075000000001
2019-04-15 23:00:00,1.0
2019-04-16 00:00:00,0.8227666666666668
2019-04-16 01:00:00,0.2987991666666666
2019-04-16 02:00:00,0.018904874999999998
2019-04-16 03:00:00,0.10005875
2019-04-16 04:00:00,0.5358625
2019-04-16 05:00:00,0.8438666666666667
2019-04-16 06:00:00,0.7044
2019-04-16 07:00:00,0.2496783333333333
2019-04-16 08:00:00,0.011593090841666667
2019-04-16 09:00:00,0.11147399999999999
2019-04-16 10:00:00,0.7558841666666667
2019-04-16 11:00:00,1.0
2019-04-16 12:00:00,1.0
2019-04-16 13:00:00,0.72831
2019-04-16 14:00:00,0.13029566666666667
2019-04-16 15:00:00,0.022102349999999996
2019-04-16 16:00:00,0.39122500000000004
2019-04-16 17:00:00,0.9530583333333333
2019-04-16 18:00:00,1.0
2019-04-16 19:00:00,0.8389916666666666
2019-04-16 20:00:00,0.200576
2019-04-16 21:00:00,0.0059277775
2019-04-16 22:00:00,0.22720566666666667
2019-04-16 23:00:00,0.9053583333333335
2019-04-17 00:00:00,1.0
2019-04-17 01:00:00,0.9446666666666665
2019-04-17 02:00:00,0.33433250000000003
2019-04-17 03:00:00,0.014634158333333334
2019-04-17 04:00:00,0.20496583333333335
2019-04-17 05:00:00,0.8452583333333332
2019-04-17 06:00:00,1.0
2019-04-17 07:00:00,0.9094583333333333
2019-04-17 08:00:00,0.29095166666666666
2019-04-17 09:00:00,0.00944049925
2019-04-17 10:00:00,0.21929083333333335
2019-04-17 11:00:00,0.938525
2019-04-17 12:00:00,1.0
2019-04-17 13:00:00,1.0
2019-04-17 14:00:00,0.7876025
2019-04-17 15:00:00,0.11136309166666665
2019-04-17 16:00:00,0.062124574999999994
2019-04-17 17:00:00,0.6786666666666666
2019-04-17 18:00:00,1.0
2019-04-17 19:00:00,1.0
2019-04-17 20:00:00,0.8543333333333334
2019-04-17 21:00:00,0.168654
2019-04-17 22:00:00,0.014270509166666667
2019-04-17 23:00:00,0.456095
2019-04-18 00:00:00,1.0
2019-04-18 01:00:00,1.0
2019-04-18 02:00:00,0.9446083333333333
2019-04-18 03:00:00,0.2740183333333333
2019-04-18 04:00:00,0.016289808333333333
2019-04-18 05:00:00,0.42534
2019-04-18 06:00:00,0.9995833333333333
2019-04-18 07:00:00,1.0
2019-04-18 08:00:00,0.927675
2019-04-18 09:00:00,0.247133
2019-04-18 10:00:00,0.010619373166666668
2019-04-18 11:00:00,0.4345433333333333
2019-04-18 12:00:00,1.0
2019-04-18 13:00:00,1.0
2019-04-18 14:00:00,1.0
2019-04-18 15:00:00,0.7077483333333333
2019-04-18 16:00:00,0.057812725
2019-04-18 17:00:00,0.16897441666666665
2019-04-18 18:00:00,0.9044333333333333
2019-04-18 19:00:00,1.0
2019-04-18 20:00:00,1.0
2019-04-18 21:00:00,0.773765
2019-04-18 22:00:00,0.09734489166666666
2019-04-18 23:00:00,0.0567239345
2019-04-19 00:00:00,0.7472375
2019-04-19 01:00:00,1.0
2019-04-19 02:00:00,1.0
2019-04-19 03:00:00,0.8736
2019-04-19 04:00:00,0.16375616666666665
2019-04-19 05:00:00,0.05149739166666666
2019-04-19 06:00:00,0.7104883333333334
2019-04-19 07:00:00,1.0
2019-04-19 08:00:00,1.0
2019-04-19 09:00:00,0.8589833333333332
2019-04-19 10:00:00,0.15229341666666668
2019-04-19 11:00:00,0.033927485
2019-04-19 12:00:00,0.6767775
2019-04-19 13:00:00,1.0
2019-04-19 14:00:00,1.0
2019-04-19 15:00:00,1.0
2019-04-19 16:00:00,0.5036675
2019-04-19 17:00:00,0.020620799999999998
2019-04-19 18:00:00,0.35938000000000003
2019-04-19 19:00:00,0.9966583333333334
2019-04-19 20:00:00,1.0
2019-04-19 21:00:00,1.0
2019-04-19 22:00:00,0.5890116666666666
2019-04-19 23:00:00,0.03404680166666667
2019-04-20 00:00:00,0.17651741666666665
2019-04-20 01:00:00,0.937675
2019-04-20 02:00:00,1.0
2019-04-20 03:00:00,1.0
2019-04-20 04:00:00,0.7102233333333333
2019-04-20 05:00:00,0.07023161666666666
2019-04-20 06:00:00,0.14391174999999998
2019-04-20 07:00:00,0.8960666666666667
2019-04-20 08:00:00,1.0
2019-04-20 09:00:00,1.0
2019-04-20 10:00:00,0.6995791666666666
2019-04-20 11:00:00,0.06740058833333333
2019-04-20 12:00:00,0.099374525
2019-04-20 13:00:00,0.8609841666666667
2019-04-20 14:00:00,1.0
2019-04-20 15:00:00,1.0
2019-04-20 16:00:00,0.9495999999999999
2019-04-20 17:00:00,0.2441055
2019-04-20 18:00:00,0.0265367
2019-04-20 19:00:00,0.567155
2019-04-20 20:00:00,1.0
2019-04-20 21:00:00,1.0
2019-04-20 22:00:00,0.9733166666666666
2019-04-20 23:00:00,0.32000833333333334
2019-04-21 00:00:00,0.010218319166666665
2019-04-21 01:00:00,0.37829583333333333
2019-04-21 02:00:00,1.0
2019-04-21 03:00:00,1.0
2019-04-21 04:00:00,1.0
2019-04-21 05:00:00,0.44695416666666665
2019-04-21 06:00:00,0.022796225
2019-04-21 07:00:00,0.27371391666666667
2019-04-21 08:00:00,0.9692583333333334
2019-04-21 09:00:00,1.0
2019-04-21 10:00:00,0.99165
2019-04-21 11:00:00,0.4413733333333334
2019-04-21 12:00:00,0.02027209525
2019-04-21 13:00:00,0.20856058333333333
2019-04-21 14:00:00,0.9539583333333332
2019-04-21 15:00:00,1.0
2019-04-21 16:00:00,1.0
2019-04-21 17:00:00,0.7292516666666667
2019-04-21 18:00:00,0.09164340833333334
2019-04-21 19:00:00,0.06454600833333334
2019-04-21 20:00:00,0.6829383333333334
2019-04-21 21:00:00,1.0
2019-04-21 22:00:00,1.0
2019-04-21 23:00:00,0.779925
2019-04-22 00:00:00,0.12502483333333334
2019-04-22 01:00:00,0.027752621916666668
2019-04-22 02:00:00,0.5572
2019-04-22 03:00:00,1.0
2019-04-22 04:00:00,1.0
2019-04-22 05:00:00,0.8790083333333333
2019-04-22 06:00:00,0.22183516666666667
2019-04-22 07:00:00,0.014409650000000001
2019-04-22 08:00:00,0.35681583333333333
2019-04-22 09:00:00,0.9680083333333332
2019-04-22 10:00:00,1.0
2019-04-22 11:00:00,0.844825
2019-04-22 12:00:00,0.22430758333333334
2019-04-22 13:00:00,0.008021622499999999
2019-04-22 14:00:00,0.3028975
2019-04-22 15:00:00,0.9700749999999999
2019-04-22 16:00:00,1.0
2019-04-22 17:00:00,0.9747666666666668
2019-04-22 18:00:00,0.4043833333333333
2019-04-22 19:00:00,0.029405108333333332
2019-04-22 20:00:00,0.10481608333333334
2019-04-22 21:00:00,0.6794333333333334
2019-04-22 22:00:00,1.0
2019-04-22 23:00:00,0.95815
2019-04-23 00:00:00,0.4401925
2019-04-23 01:00:00,0.03503165233166667
2019-04-23 02:00:00,0.06393674999999999
2019-04-23 03:00:00,0.602815
2019-04-23 04:00:00,1.0
2019-04-23 05:00:00,1.0
2019-04-23 06:00:00,0.6021708333333333
2019-04-23 07:00:00,0.09743566666666666
2019-04-23 08:00:00,0.020854374999999998
2019-04-23 09:00:00,0.3358083333333334
2019-04-23 10:00:00,0.8218666666666666
2019-04-23 11:00:00,0.8942416666666666
2019-04-23 12:00:00,0.540365
2019-04-23 13:00:00,0.09599033333333333
2019-04-23 14:00:00,0.01389419655
2019-04-23 15:00:00,0.2982275
2019-04-23 16:00:00,0.8863916666666667
2019-04-23 17:00:00,1.0
2019-04-23 18:00:00,0.7266883333333334
2019-04-23 19:00:00,0.20585916666666665
2019-04-23 20:00:00,0.010142941666666665
2019-04-23 21:00:00,0.11806758333333332
2019-04-23 22:00:00,0.5377733333333333
2019-04-23 23:00:00,0.7883166666666667
2019-04-24 00:00:00,0.6263216666666667
2019-04-24 01:00:00,0.20650499999999997
2019-04-24 02:00:00,0.007720266666666666
2019-04-24 03:00:00,0.08562041666666667
2019-04-24 04:00:00,0.5060141666666667
2019-04-24 05:00:00,0.9498833333333334
2019-04-24 06:00:00,0.8329833333333333
2019-04-24 07:00:00,0.3452883333333333
2019-04-24 08:00:00,0.0434197
2019-04-24 09:00:00,0.022053741666666668
2019-04-24 10:00:00,0.25074416666666666
2019-04-24 11:00:00,0.5506991666666666
2019-04-24 12:00:00,0.586
2019-04-24 13:00:00,0.3134725
2019-04-24 14:00:00,0.037774550000000004
2019-04-24 15:00:00,0.015872583583333332
2019-04-24 16:00:00,0.20503833333333335
2019-04-24 17:00:00,0.5682608333333333
2019-04-24 18:00:00,0.7140583333333334
2019-04-24 19:00:00,0.44395249999999997
2019-04-24 20:00:00,0.11089116666666668
2019-04-24 21:00:00,0.005502475
2019-04-24 22:00:00,0.09778908333333333
2019-04-24 23:00:00,0.3620975
2019-04-25 00:00:00,0.49674250000000003
2019-04-25 01:00:00,0.36410750000000003
2019-04-25 02:00:00,0.09296674999999999
2019-04-25 03:00:00,0.0027536725
2019-04-25 04:00:00,0.07761308333333333
2019-04-25 05:00:00,0.36508916666666663
2019-04-25 06:00:00,0.6502333333333332
2019-04-25 07:00:00,0.5411658333333333
2019-04-25 08:00:00,0.21103333333333335
2019-04-25 09:00:00,0.0242672
2019-04-25 10:00:00,0.016567908333333332
2019-04-25 11:00:00,0.16740083333333333
2019-04-25 12:00:00,0.3620716666666667
2019-04-25 13:00:00,0.38217666666666666
2019-04-25 14:00:00,0.18423916666666668
2019-04-25 15:00:00,0.018062390833333334
2019-04-25 16:00:00,0.008698600666666665
2019-04-25 17:00:00,0.11159683333333334
2019-04-25 18:00:00,0.35029333333333335
2019-04-25 19:00:00,0.4758541666666667
2019-04-25 20:00:00,0.2929375
2019-04-25 21:00:00,0.06881208333333333
2019-04-25 22:00:00,0.004119833333333333
2019-04-25 23:00:00,0.06460733333333334
2019-04-26 00:00:00,0.22770416666666665
2019-04-26 01:00:00,0.3169475
2019-04-26 02:00:00,0.22081583333333332
2019-04-26 03:00:00,0.046544416666666664
2019-04-26 04:00:00,0.0018715658333333333
2019-04-26 05:00:00,0.05582666666666667
2019-04-26 06:00:00,0.2579616666666667
2019-04-26 07:00:00,0.4674825000000001
2019-04-26 08:00:00,0.38759499999999997
2019-04-26 09:00:00,0.15489750000000002
2019-04-26 10:00:00,0.01975739166666667
2019-04-26 11:00:00,0.010941099999999999
2019-04-26 12:00:00,0.11092333333333335
2019-04-26 13:00:00,0.24597666666666668
2019-04-26 14:00:00,0.2655416666666666
2019-04-26 15:00:00,0.12965333333333334
2019-04-26 16:00:00,0.015039383333333331
2019-04-26 17:00:00,0.0027484763333333333
2019-04-26 18:00:00,0.06174366666666667
2019-04-26 19:00:00,0.245825
2019-04-26 20:00:00,0.35105333333333333
2019-04-26 21:00:00,0.21545833333333334
2019-04-26 22:00:00,0.05419149999999999
2019-04-26 23:00:00,0.003572066666666667
2019-04-27 00:00:00,0.0408155
2019-04-27 01:00:00,0.15574
2019-04-27 02:00:00,0.22752333333333336
2019-04-27 03:00:00,0.15387
2019-04-27 04:00:00,0.02991130833333333
2019-04-27 05:00:00,0.0011528038333333333
2019-04-27 06:00:00,0.04019816666666667
2019-04-27 07:00:00,0.20782333333333333
2019-04-27 08:00:00,0.3896616666666667
2019-04-27 09:00:00,0.32959583333333337
2019-04-27 10:00:00,0.1430325
2019-04-27 11:00:00,0.0215491
2019-04-27 12:00:00,0.007787574999999999
2019-04-27 13:00:00,0.07954850000000001
2019-04-27 14:00:00,0.18754916666666666
2019-04-27 15:00:00,0.22290083333333333
2019-04-27 16:00:00,0.12451749999999999
2019-04-27 17:00:00,0.020353466666666667
2019-04-27 18:00:00,0.001064821
2019-04-27 19:00:00,0.04456475
2019-04-27 20:00:00,0.20316083333333335
2019-04-27 21:00:00,0.29007499999999997
2019-04-27 22:00:00,0.1865725
2019-04-27 23:00:00,0.05425975
2019-04-28 00:00:00,0.003709875
2019-04-28 01:00:00,0.03258283333333333
2019-04-28 02:00:00,0.13276416666666668
2019-04-28 03:00:00,0.19675250000000002
2019-04-28 04:00:00,0.13138416666666666
2019-04-28 05:00:00,0.02597134166666666
2019-04-28 06:00:00,0.0009012381666666667
2019-04-28 07:00:00,0.038336916666666665
2019-04-28 08:00:00,0.21178999999999998
2019-04-28 09:00:00,0.39128500000000005
2019-04-28 10:00:00,0.33521749999999995
2019-04-28 11:00:00,0.15518583333333333
2019-04-28 12:00:00,0.0251143
2019-04-28 13:00:00,0.006987116666666666
2019-04-28 14:00:00,0.0703855
2019-04-28 15:00:00,0.1819775
2019-04-28 16:00:00,0.2421083333333333
2019-04-28 17:00:00,0.1478775
2019-04-28 18:00:00,0.027548624999999997
2019-04-28 19:00:00,0.0010329753333333334
2019-04-28 20:00:00,0.044735416666666666
2019-04-28 21:00:00,0.19836166666666666
2019-04-28 22:00:00,0.28113249999999995
2019-04-28 23:00:00,0.19289750000000003
2019-04-29 00:00:00,0.05830908333333333
2019-04-29 01:00:00,0.0036547916666666664
2019-04-29 02:00:00,0.038903999999999994
2019-04-29 03:00:00,0.1455625
2019-04-29 04:00:00,0.20786416666666668
2019-04-29 05:00:00,0.1367625
2019-04-29 06:00:00,0.026705
2019-04-29 07:00:00,0.00132034975
2019-04-29 08:00:00,0.05444716666666667
2019-04-29 09:00:00,0.26946916666666665
2019-04-29 10:00:00,0.4580766666666667
2019-04-29 11:00:00,0.38406333333333337
2019-04-29 12:00:00,0.17530666666666664
2019-04-29 13:00:00,0.02556055833333333
2019-04-29 14:00:00,0.009410025
2019-04-29 15:00:00,0.08835316666666665
2019-04-29 16:00:00,0.23282416666666667
2019-04-29 17:00:00,0.3076091666666667
2019-04-29 18:00:00,0.17389166666666667
2019-04-29 19:00:00,0.027815225
2019-04-29 20:00:00,0.0016944919166666664
2019-04-29 21:00:00,0.06079883333333334
2019-04-29 22:00:00,0.2375425
2019-04-29 23:00:00,0.3254958333333334
2019-04-30 00:00:00,0.2162275
2019-04-30 01:00:00,0.05447166666666667
2019-04-30 02:00:00,0.004152433333333334
2019-04-30 03:00:00,0.06400816666666667
2019-04-30 04:00:00,0.19487500000000002
2019-04-30 05:00:00,0.25770750000000003
2019-04-30 06:00:00,0.15663916666666666
2019-04-30 07:00:00,0.024973875
2019-04-30 08:00:00,0.00386367525
2019-04-30 09:00:00,0.10067791666666666
2019-04-30 10:00:00,0.3912
2019-04-30 11:00:00,0.5841166666666666
2019-04-30 12:00:00,0.45375499999999996
2019-04-30 13:00:00,0.1821741666666667
2019-04-30 14:00:00,0.01884381666666667
2019-04-30 15:00:00,0.021245983333333333
2019-04-30 16:00:00,0.15125
2019-04-30 17:00:00,0.3440633333333333
2019-04-30 18:00:00,0.3875358333333333
2019-04-30 19:00:00,0.17668833333333336
2019-04-30 20:00:00,0.01946205833333333
2019-04-30 21:00:00,0.005478386083333333
2019-04-30 22:00:00,0.1098245
2019-04-30 23:00:00,0.3457458333333333
2019-05-01 00:00:00,0.4130758333333333
2019-05-01 01:00:00,0.2280666666666667
2019-05-01 02:00:00,0.038655241666666666
2019-05-01 03:00:00,0.010834274999999999
2019-05-01 04:00:00,0.12299583333333333
2019-05-01 05:00:00,0.29405999999999993
2019-05-01 06:00:00,0.3394141666666667
2019-05-01 07:00:00,0.16893916666666667
2019-05-01 08:00:00,0.016855799999999997
2019-05-01 09:00:00,0.015173771666666667
2019-05-01 10:00:00,0.20209999999999997
2019-05-01 11:00:00,0.5955583333333334
2019-05-01 12:00:00,0.7536
2019-05-01 13:00:00,0.5023616666666667
2019-05-01 14:00:00,0.15311766666666665
2019-05-01 15:00:00,0.008729724999999999
2019-05-01 16:00:00,0.06412283333333334
2019-05-01 17:00:00,0.28606583333333335
2019-05-01 18:00:00,0.4980391666666666
2019-05-01 19:00:00,0.43987666666666664
2019-05-01 20:00:00,0.14852666666666667
2019-05-01 21:00:00,0.008480174416666666
2019-05-01 22:00:00,0.024118758333333334
2019-05-01 23:00:00,0.23697166666666664
2019-05-02 00:00:00,0.5415266666666667
2019-05-02 01:00:00,0.5024316666666667
2019-05-02 02:00:00,0.20505916666666668
2019-05-02 03:00:00,0.01927151666666667
2019-05-02 04:00:00,0.03817356666666667
2019-05-02 05:00:00,0.24473416666666664
2019-05-02 06:00:00,0.4509991666666667
2019-05-02 07:00:00,0.41975416666666665
2019-05-02 08:00:00,0.15135666666666667
2019-05-02 09:00:00,0.0069124166666666665
2019-05-02 10:00:00,0.053563791666666666
2019-05-02 11:00:00,0.3994166666666667
2019-05-02 12:00:00,0.8902
2019-05-02 13:00:00,0.9075916666666667
2019-05-02 14:00:00,0.47430749999999994
2019-05-02 15:00:00,0.08993766666666668
2019-05-02 16:00:00,0.011747175
2019-05-02 17:00:00,0.18309999999999998
2019-05-02 18:00:00,0.49973666666666666
2019-05-02 19:00:00,0.6481916666666666
2019-05-02 20:00:00,0.4370975000000001
2019-05-02 21:00:00,0.09789791666666668
2019-05-02 22:00:00,0.0026704483333333333
2019-05-02 23:00:00,0.10053683333333334
2019-05-03 00:00:00,0.5040716666666666
2019-05-03 01:00:00,0.7854916666666667
2019-05-03 02:00:00,0.5332083333333333
2019-05-03 03:00:00,0.1481915
2019-05-03 04:00:00,0.0080644
2019-05-03 05:00:00,0.12069708333333333
2019-05-03 06:00:00,0.45741166666666666
2019-05-03 07:00:00,0.6310916666666666
2019-05-03 08:00:00,0.4465441666666667
2019-05-03 09:00:00,0.10496475
2019-05-03 10:00:00,0.004226359166666666
2019-05-03 11:00:00,0.15940441666666666
2019-05-03 12:00:00,0.7334925
2019-05-03 13:00:00,1.0
2019-05-03 14:00:00,0.9018333333333334
2019-05-03 15:00:00,0.35114249999999997
2019-05-03 16:00:00,0.031250825
2019-05-03 17:00:00,0.06195334166666666
2019-05-03 18:00:00,0.4171866666666667
2019-05-03 19:00:00,0.7500583333333334
2019-05-03 20:00:00,0.7414833333333333
2019-05-03 21:00:00,0.36942416666666666
2019-05-03 22:00:00,0.043358225
2019-05-03 23:00:00,0.020501887500000003
2019-05-04 00:00:00,0.3231258333333333
2019-05-04 01:00:00,0.8904166666666667
2019-05-04 02:00:00,0.9388833333333334
2019-05-04 03:00:00,0.4723666666666667
2019-05-04 04:00:00,0.07960175
2019-05-04 05:00:00,0.02090895833333333
2019-05-04 06:00:00,0.31079666666666667
2019-05-04 07:00:00,0.735825
2019-05-04 08:00:00,0.7523833333333333
2019-05-04 09:00:00,0.39590916666666665
2019-05-04 10:00:00,0.05358825
2019-05-04 11:00:00,0.02386033391666667
2019-05-04 12:00:00,0.3982458333333333
2019-05-04 13:00:00,0.9781749999999999
2019-05-04 14:00:00,1.0
2019-05-04 15:00:00,0.790345
2019-05-04 16:00:00,0.19035466666666667
2019-05-04 17:00:00,0.009983825
2019-05-04 18:00:00,0.21372108333333334
2019-05-04 19:00:00,0.7406666666666666
2019-05-04 20:00:00,0.9571
2019-05-04 21:00:00,0.7337833333333333
2019-05-04 22:00:00,0.24633416666666666
2019-05-04 23:00:00,0.009714638333333333
2019-05-05 00:00:00,0.1222875
2019-05-05 01:00:00,0.7309708333333333
2019-05-05 02:00:00,1.0
2019-05-05 03:00:00,0.9035500000000001
2019-05-05 04:00:00,0.3376866666666667
2019-05-05 05:00:00,0.027646916666666663
2019-05-05 06:00:00,0.09412941666666667
2019-05-05 07:00:00,0.6182316666666667
2019-05-05 08:00:00,0.96985
2019-05-05 09:00:00,0.7551333333333333
2019-05-05 10:00:00,0.29235249999999996
2019-05-05 11:00:00,0.018246274166666666
2019-05-05 12:00:00,0.10391110833333334
2019-05-05 13:00:00,0.7564408333333335
2019-05-05 14:00:00,1.0
2019-05-05 15:00:00,1.0
2019-05-05 16:00:00,0.5669333333333334
2019-05-05 17:00:00,0.07223266666666667
2019-05-05 18:00:00,0.0393654
2019-05-05 19:00:00,0.4835858333333334
2019-05-05 20:00:00,0.9789999999999999
2019-05-05 21:00:00,0.9798749999999999
2019-05-05 22:00:00,0.6049383333333332
2019-05-05 23:00:00,0.11495341666666667
2019-05-06 00:00:00,0.015699639249999998
2019-05-06 01:00:00,0.3875125
2019-05-06 02:00:00,0.981175
2019-05-06 03:00:00,1.0
2019-05-06 04:00:00,0.780395
2019-05-06 05:00:00,0.184222
2019-05-06 06:00:00,0.0103359
2019-05-06 07:00:00,0.2691658333333333
2019-05-06 08:00:00,0.9010583333333334
2019-05-06 09:00:00,0.986275
2019-05-06 10:00:00,0.6535375000000001
2019-05-06 11:00:00,0.17701125
2019-05-06 12:00:00,0.007396659166666666
2019-05-06 13:00:00,0.29694333333333334
2019-05-06 14:00:00,0.9685916666666666
2019-05-06 15:00:00,1.0
2019-05-06 16:00:00,0.9371416666666665
2019-05-06 17:00:00,0.324695
2019-05-06 18:00:00,0.019489325
2019-05-06 19:00:00,0.13322958333333332
2019-05-06 20:00:00,0.7735341666666666
2019-05-06 21:00:00,1.0
2019-05-06 22:00:00,0.9098666666666666
2019-05-06 23:00:00,0.39679833333333336
2019-05-07 00:00:00,0.03270504766666667
2019-05-07 01:00:00,0.08987735000000001
2019-05-07 02:00:00,0.7333
2019-05-07 03:00:00,1.0
2019-05-07 04:00:00,1.0
2019-05-07 05:00:00,0.5479308333333334
2019-05-07 06:00:00,0.07208592500000001
2019-05-07 07:00:00,0.036010775
2019-05-07 08:00:00,0.5031783333333333
2019-05-07 09:00:00,0.9921916666666668
2019-05-07 10:00:00,0.9353916666666667
2019-05-07 11:00:00,0.49853749999999997
2019-05-07 12:00:00,0.0834225
2019-05-07 13:00:00,0.031943925
2019-05-07 14:00:00,0.5640683333333334
2019-05-07 15:00:00,1.0
2019-05-07 16:00:00,1.0
2019-05-07 17:00:00,0.7609708333333333
2019-05-07 18:00:00,0.16165741666666666
2019-05-07 19:00:00,0.009598025
2019-05-07 20:00:00,0.27187916666666667
2019-05-07 21:00:00,0.9136083333333334
2019-05-07 22:00:00,1.0
2019-05-07 23:00:00,0.7124966666666667
2019-05-08 00:00:00,0.20275483333333333
2019-05-08 01:00:00,0.007165033833333333
2019-05-08 02:00:00,0.2371756666666667
2019-05-08 03:00:00,0.9134666666666668
2019-05-08 04:00:00,1.0
2019-05-08 05:00:00,0.9155333333333334
2019-05-08 06:00:00,0.3156541666666666
2019-05-08 07:00:00,0.02065158333333333
2019-05-08 08:00:00,0.09512941666666669
2019-05-08 09:00:00,0.66303
2019-05-08 10:00:00,1.0
2019-05-08 11:00:00,0.8038833333333334
2019-05-08 12:00:00,0.33647
2019-05-08 13:00:00,0.02967459691666667
2019-05-08 14:00:00,0.08771038333333334
2019-05-08 15:00:00,0.7061033333333334
2019-05-08 16:00:00,1.0
2019-05-08 17:00:00,0.9868166666666667
2019-05-08 18:00:00,0.5132633333333334
2019-05-08 19:00:00,0.075168
2019-05-08 20:00:00,0.02110583333333333
2019-05-08 21:00:00,0.375355
2019-05-08 22:00:00,0.936425
2019-05-08 23:00:00,0.8997416666666668
2019-05-09 00:00:00,0.46462250000000005
2019-05-09 01:00:00,0.08428408333333333
2019-05-09 02:00:00,0.01696661874166667
2019-05-09 03:00:00,0.37041916666666674
2019-05-09 04:00:00,0.9579416666666667
2019-05-09 05:00:00,1.0
2019-05-09 06:00:00,0.7209158333333333
2019-05-09 07:00:00,0.168551
2019-05-09 08:00:00,0.006641483333333333
2019-05-09 09:00:00,0.14234708333333332
2019-05-09 10:00:00,0.6707216666666667
2019-05-09 11:00:00,0.9073166666666667
2019-05-09 12:00:00,0.61517
2019-05-09 13:00:00,0.2074858333333333
2019-05-09 14:00:00,0.009397299166666668
2019-05-09 15:00:00,0.12160491666666667
2019-05-09 16:00:00,0.6482475
2019-05-09 17:00:00,0.9962083333333334
2019-05-09 18:00:00,0.8564166666666666
2019-05-09 19:00:00,0.3400725
2019-05-09 20:00:00,0.036629
2019-05-09 21:00:00,0.03296216666666667
2019-05-09 22:00:00,0.37246916666666663
2019-05-09 23:00:00,0.76905
2019-05-10 00:00:00,0.6455833333333334
2019-05-10 01:00:00,0.28626
2019-05-10 02:00:00,0.03363921833333333
2019-05-10 03:00:00,0.03399743425
2019-05-10 04:00:00,0.39330416666666673
2019-05-10 05:00:00,0.916
2019-05-10 06:00:00,0.9595916666666666
2019-05-10 07:00:00,0.5151516666666667
2019-05-10 08:00:00,0.10251341666666666
2019-05-10 09:00:00,0.0044598166666666664
2019-05-10 10:00:00,0.1401983333333333
2019-05-10 11:00:00,0.5667308333333333
2019-05-10 12:00:00,0.7135166666666667
2019-05-10 13:00:00,0.4598075
2019-05-10 14:00:00,0.1359225
2019-05-10 15:00:00,0.004643830416666666
2019-05-10 16:00:00,0.09337775000000001
2019-05-10 17:00:00,0.454685
2019-05-10 18:00:00,0.7766250000000001
2019-05-10 19:00:00,0.6541766666666667
2019-05-10 20:00:00,0.24762583333333335
2019-05-10 21:00:00,0.023399458333333335
2019-05-10 22:00:00,0.028946049999999997
2019-05-10 23:00:00,0.28539749999999997
2019-05-11 00:00:00,0.5601725
2019-05-11 01:00:00,0.46484250000000005
2019-05-11 02:00:00,0.19483666666666669
2019-05-11 03:00:00,0.01780868625
2019-05-11 04:00:00,0.03384499
2019-05-11 05:00:00,0.31825083333333337
2019-05-11 06:00:00,0.7458916666666666
2019-05-11 07:00:00,0.8135166666666668
2019-05-11 08:00:00,0.42970083333333325
2019-05-11 09:00:00,0.09065391666666667
2019-05-11 10:00:00,0.003626428333333333
2019-05-11 11:00:00,0.10349275000000001
2019-05-11 12:00:00,0.43461916666666667
2019-05-11 13:00:00,0.5597583333333334
2019-05-11 14:00:00,0.38042333333333334
2019-05-11 15:00:00,0.12371708333333332
2019-05-11 16:00:00,0.0053957884000000005
2019-05-11 17:00:00,0.044934191666666665
2019-05-11 18:00:00,0.2962033333333334
2019-05-11 19:00:00,0.6092166666666666
2019-05-11 20:00:00,0.5545908333333334
2019-05-11 21:00:00,0.22133416666666667
2019-05-11 22:00:00,0.025739175
2019-05-11 23:00:00,0.01568320833333333
2019-05-12 00:00:00,0.19602083333333334
2019-05-12 01:00:00,0.43083416666666663
2019-05-12 02:00:00,0.38970916666666666
2019-05-12 03:00:00,0.17390333333333335
2019-05-12 04:00:00,0.017643322583333333
2019-05-12 05:00:00,0.019548175833333334
2019-05-12 06:00:00,0.22998166666666667
2019-05-12 07:00:00,0.6399775
2019-05-12 08:00:00,0.7814166666666666
2019-05-12 09:00:00,0.460135
2019-05-12 10:00:00,0.12314108333333335
2019-05-12 11:00:00,0.00617815
2019-05-12 12:00:00,0.0662535
2019-05-12 13:00:00,0.3376283333333333
2019-05-12 14:00:00,0.4956733333333333
2019-05-12 15:00:00,0.4061433333333333
2019-05-12 16:00:00,0.17468499999999998
2019-05-12 17:00:00,0.01574574175
2019-05-12 18:00:00,0.018578116666666665
2019-05-12 19:00:00,0.21984583333333332
2019-05-12 20:00:00,0.5583533333333333
2019-05-12 21:00:00,0.5606783333333333
2019-05-12 22:00:00,0.2648625
2019-05-12 23:00:00,0.046614416666666665
2019-05-13 00:00:00,0.007614783333333334
2019-05-13 01:00:00,0.15307274999999998
2019-05-13 02:00:00,0.40415
2019-05-13 03:00:00,0.4164083333333333
2019-05-13 04:00:00,0.2179133333333333
2019-05-13 05:00:00,0.03220860833333333
2019-05-13 06:00:00,0.008713423583333334
2019-05-13 07:00:00,0.18652833333333332
2019-05-13 08:00:00,0.6611724999999999
2019-05-13 09:00:00,0.90705
2019-05-13 10:00:00,0.6081241666666667
2019-05-13 11:00:00,0.20804999999999998
2019-05-13 12:00:00,0.016739666666666667
2019-05-13 13:00:00,0.04638186666666667
2019-05-13 14:00:00,0.3111425
2019-05-13 15:00:00,0.5570516666666666
2019-05-13 16:00:00,0.5628666666666666
2019-05-13 17:00:00,0.29812
2019-05-13 18:00:00,0.040837325
2019-05-13 19:00:00,0.011109476166666667
2019-05-13 20:00:00,0.21308666666666667
2019-05-13 21:00:00,0.6238508333333334
2019-05-13 22:00:00,0.6954666666666667
2019-05-13 23:00:00,0.39331083333333333
2019-05-14 00:00:00,0.09003466666666667
2019-05-14 01:00:00,0.006593125000000001
2019-05-14 02:00:00,0.16377641666666665
2019-05-14 03:00:00,0.48279583333333337
2019-05-14 04:00:00,0.55725
2019-05-14 05:00:00,0.340615
2019-05-14 06:00:00,0.06777391666666667
2019-05-14 07:00:00,0.00575847
2019-05-14 08:00:00,0.20226141666666667
2019-05-14 09:00:00,0.8073916666666666
2019-05-14 10:00:00,1.0
2019-05-14 11:00:00,0.858225
2019-05-14 12:00:00,0.3411591666666667
2019-05-14 13:00:00,0.03301945
2019-05-14 14:00:00,0.047840158333333334
2019-05-14 15:00:00,0.3809591666666666
2019-05-14 16:00:00,0.774875
2019-05-14 17:00:00,0.8489416666666666
2019-05-14 18:00:00,0.45808166666666666
2019-05-14 19:00:00,0.065598925
2019-05-14 20:00:00,0.012923826416666666
2019-05-14 21:00:00,0.27632500000000004
2019-05-14 22:00:00,0.8385000000000001
2019-05-14 23:00:00,0.9676083333333334
2019-05-15 00:00:00,0.5889841666666666
2019-05-15 01:00:00,0.13334516666666665
2019-05-15 02:00:00,0.010050966666666668
2019-05-15 03:00:00,0.23595249999999995
2019-05-15 04:00:00,0.6862666666666667
2019-05-15 05:00:00,0.8328916666666667
2019-05-15 06:00:00,0.5330625
2019-05-15 07:00:00,0.10948933333333334
2019-05-15 08:00:00,0.007958851083333333
2019-05-15 09:00:00,0.2847983333333333
2019-05-15 10:00:00,0.9401333333333334
2019-05-15 11:00:00,1.0
2019-05-15 12:00:00,0.9835
2019-05-15 13:00:00,0.46710833333333335
2019-05-15 14:00:00,0.039550941666666665
2019-05-15 15:00:00,0.079686925
2019-05-15 16:00:00,0.5783975
2019-05-15 17:00:00,0.9928750000000001
2019-05-15 18:00:00,0.9980500000000001
2019-05-15 19:00:00,0.5627058333333332
2019-05-15 20:00:00,0.06690681666666666
2019-05-15 21:00:00,0.026142124
2019-05-15 22:00:00,0.445865
2019-05-15 23:00:00,0.991175
2019-05-16 00:00:00,1.0
2019-05-16 01:00:00,0.7423166666666667
2019-05-16 02:00:00,0.13828425
2019-05-16 03:00:00,0.022462675
2019-05-16 04:00:00,0.3951775
2019-05-16 05:00:00,0.951875
2019-05-16 06:00:00,1.0
2019-05-16 07:00:00,0.7041966666666667
2019-05-16 08:00:00,0.11945833333333333
2019-05-16 09:00:00,0.016984290666666665
2019-05-16 10:00:00,0.45063333333333333
2019-05-16 11:00:00,1.0
2019-05-16 12:00:00,1.0
2019-05-16 13:00:00,1.0
2019-05-16 14:00:00,0.49192749999999996
2019-05-16 15:00:00,0.027212983333333333
2019-05-16 16:00:00,0.169374
2019-05-16 17:00:00,0.8418916666666667
2019-05-16 18:00:00,1.0
2019-05-16 19:00:00,1.0
2019-05-16 20:00:00,0.54838
2019-05-16 21:00:00,0.04491505166666667
2019-05-16 22:00:00,0.06916245833333334
2019-05-16 23:00:00,0.7196191666666667
2019-05-17 00:00:00,1.0
2019-05-17 01:00:00,1.0
2019-05-17 02:00:00,0.7428283333333333
2019-05-17 03:00:00,0.10108861666666666
2019-05-17 04:00:00,0.06045805833333333
2019-05-17 05:00:00,0.6553116666666666
2019-05-17 06:00:00,1.0
2019-05-17 07:00:00,1.0
2019-05-17 08:00:00,0.7119741666666667
2019-05-17 09:00:00,0.08846395833333334
2019-05-17 10:00:00,0.04255660416666667
2019-05-17 11:00:00,0.6643766666666666
2019-05-17 12:00:00,1.0
2019-05-17 13:00:00,1.0
2019-05-17 14:00:00,0.9928916666666667
2019-05-17 15:00:00,0.37935416666666666
2019-05-17 16:00:00,0.015301
2019-05-17 17:00:00,0.34550833333333336
2019-05-17 18:00:00,0.9791666666666667
2019-05-17 19:00:00,1.0
2019-05-17 20:00:00,0.9943166666666667
2019-05-17 21:00:00,0.4273883333333333
2019-05-17 22:00:00,0.018698238333333332
2019-05-17 23:00:00,0.18174425
2019-05-18 00:00:00,0.9239166666666666
2019-05-18 01:00:00,1.0
2019-05-18 02:00:00,1.0
2019-05-18 03:00:00,0.632905
2019-05-18 04:00:00,0.052465874999999995
2019-05-18 05:00:00,0.14863066666666666
2019-05-18 06:00:00,0.8655250000000001
2019-05-18 07:00:00,1.0
2019-05-18 08:00:00,1.0
2019-05-18 09:00:00,0.6008916666666666
2019-05-18 10:00:00,0.04598520333333333
2019-05-18 11:00:00,0.10027220833333333
2019-05-18 12:00:00,0.8350883333333333
2019-05-18 13:00:00,1.0
2019-05-18 14:00:00,1.0
2019-05-18 15:00:00,0.9228916666666668
2019-05-18 16:00:00,0.20920891666666666
2019-05-18 17:00:00,0.03271379166666667
2019-05-18 18:00:00,0.5823516666666666
2019-05-18 19:00:00,1.0
2019-05-18 20:00:00,1.0
2019-05-18 21:00:00,0.93625
2019-05-18 22:00:00,0.25904458333333336
2019-05-18 23:00:00,0.009709035833333334
2019-05-19 00:00:00,0.3999966666666666
2019-05-19 01:00:00,1.0
2019-05-19 02:00:00,1.0
2019-05-19 03:00:00,1.0
2019-05-19 04:00:00,0.43702416666666666
2019-05-19 05:00:00,0.02113255
2019-05-19 06:00:00,0.2960876666666667
2019-05-19 07:00:00,0.9724666666666667
2019-05-19 08:00:00,1.0
2019-05-19 09:00:00,0.9872250000000001
2019-05-19 10:00:00,0.40840916666666666
2019-05-19 11:00:00,0.016775348333333332
2019-05-19 12:00:00,0.20728891666666666
2019-05-19 13:00:00,0.9533083333333333
2019-05-19 14:00:00,1.0
2019-05-19 15:00:00,1.0
2019-05-19 16:00:00,0.7326333333333334
2019-05-19 17:00:00,0.08321910833333333
2019-05-19 18:00:00,0.08937015833333334
2019-05-19 19:00:00,0.7542191666666667
2019-05-19 20:00:00,1.0
2019-05-19 21:00:00,1.0
2019-05-19 22:00:00,0.7730266666666666
2019-05-19 23:00:00,0.11328708333333333
2019-05-20 00:00:00,0.03592476666666666
2019-05-20 01:00:00,0.6460583333333334
2019-05-20 02:00:00,1.0
2019-05-20 03:00:00,1.0
2019-05-20 04:00:00,0.9158999999999999
2019-05-20 05:00:00,0.23711991666666665
2019-05-20 06:00:00,0.0203403
2019-05-20 07:00:00,0.45470666666666665
2019-05-20 08:00:00,1.0
2019-05-20 09:00:00,1.0
2019-05-20 10:00:00,0.88605
2019-05-20 11:00:00,0.23206333333333334
2019-05-20 12:00:00,0.008634037500000002
2019-05-20 13:00:00,0.35484166666666667
2019-05-20 14:00:00,0.9974083333333332
2019-05-20 15:00:00,1.0
2019-05-20 16:00:00,0.9914333333333333
2019-05-20 17:00:00,0.43233749999999993
2019-05-20 18:00:00,0.025454641666666666
2019-05-20 19:00:00,0.1706665
2019-05-20 20:00:00,0.8433583333333332
2019-05-20 21:00:00,1.0
2019-05-20 22:00:00,0.9921166666666665
2019-05-20 23:00:00,0.48015749999999996
2019-05-21 00:00:00,0.031682845
2019-05-21 01:00:00,0.10528673333333334
2019-05-21 02:00:00,0.8043666666666667
2019-05-21 03:00:00,1.0
2019-05-21 04:00:00,1.0
2019-05-21 05:00:00,0.6945399999999999
2019-05-21 06:00:00,0.10027358333333333
2019-05-21 07:00:00,0.04559373333333333
2019-05-21 08:00:00,0.5370775000000001
2019-05-21 09:00:00,0.994425
2019-05-21 10:00:00,1.0
2019-05-21 11:00:00,0.6583508333333333
2019-05-21 12:00:00,0.10542791666666666
2019-05-21 13:00:00,0.022928672333333334
2019-05-21 14:00:00,0.4710816666666667
2019-05-21 15:00:00,1.0
2019-05-21 16:00:00,1.0
2019-05-21 17:00:00,0.8219666666666667
2019-05-21 18:00:00,0.20810683333333332
2019-05-21 19:00:00,0.011035166666666667
2019-05-21 20:00:00,0.24225916666666666
2019-05-21 21:00:00,0.8423083333333333
2019-05-21 22:00:00,1.0
2019-05-21 23:00:00,0.8041750000000001
2019-05-22 00:00:00,0.22138575
2019-05-22 01:00:00,0.006443918583333334
2019-05-22 02:00:00,0.1979495
2019-05-22 03:00:00,0.8654999999999999
2019-05-22 04:00:00,1.0
2019-05-22 05:00:00,0.9508083333333333
2019-05-22 06:00:00,0.3903041666666667
2019-05-22 07:00:00,0.033051308333333335
2019-05-22 08:00:00,0.075558225
2019-05-22 09:00:00,0.5090841666666668
2019-05-22 10:00:00,0.8825
2019-05-22 11:00:00,0.8367166666666667
2019-05-22 12:00:00,0.3939625
2019-05-22 13:00:00,0.03498106758333333
2019-05-22 14:00:00,0.04900562333333333
2019-05-22 15:00:00,0.4687516666666667
2019-05-22 16:00:00,0.9674166666666667
2019-05-22 17:00:00,0.9598083333333334
2019-05-22 18:00:00,0.5044533333333333
2019-05-22 19:00:00,0.08973491666666666
2019-05-22 20:00:00,0.016235383333333332
2019-05-22 21:00:00,0.26849833333333334
2019-05-22 22:00:00,0.68785
2019-05-22 23:00:00,0.7732833333333333
2019-05-23 00:00:00,0.4614766666666666
2019-05-23 01:00:00,0.07775266666666666
2019-05-23 02:00:00,0.012523793666666665
2019-05-23 03:00:00,0.26091
2019-05-23 04:00:00,0.8254166666666667
2019-05-23 05:00:00,0.9974333333333334
2019-05-23 06:00:00,0.6784699999999999
2019-05-23 07:00:00,0.19122916666666664
2019-05-23 08:00:00,0.009825483333333334
2019-05-23 09:00:00,0.0892625
2019-05-23 10:00:00,0.41454166666666664
2019-05-23 11:00:00,0.639575
2019-05-23 12:00:00,0.5574191666666667
2019-05-23 13:00:00,0.20001916666666666
2019-05-23 14:00:00,0.008263596
2019-05-23 15:00:00,0.06164591666666666
2019-05-23 16:00:00,0.35844333333333334
2019-05-23 17:00:00,0.683275
2019-05-23 18:00:00,0.63185
2019-05-23 19:00:00,0.27842833333333333
2019-05-23 20:00:00,0.0344772
2019-05-23 21:00:00,0.025176033333333334
2019-05-23 22:00:00,0.23888833333333334
2019-05-23 23:00:00,0.48501749999999993
2019-05-24 00:00:00,0.48268833333333333
2019-05-24 01:00:00,0.22985416666666666
2019-05-24 02:00:00,0.020585839166666665
2019-05-24 03:00:00,0.02815035
2019-05-24 04:00:00,0.25980166666666665
2019-05-24 05:00:00,0.6319316666666667
2019-05-24 06:00:00,0.7153499999999999
2019-05-24 07:00:00,0.40035833333333337
2019-05-24 08:00:00,0.09149408333333334
2019-05-24 09:00:00,0.004403558333333332
2019-05-24 10:00:00,0.08304258333333334
2019-05-24 11:00:00,0.30624416666666665
2019-05-24 12:00:00,0.435335
2019-05-24 13:00:00,0.33643
2019-05-24 14:00:00,0.08914975
2019-05-24 15:00:00,0.002342925
2019-05-24 16:00:00,0.04883883333333333
2019-05-24 17:00:00,0.23136333333333328
2019-05-24 18:00:00,0.4366041666666666
2019-05-24 19:00:00,0.38753166666666666
2019-05-24 20:00:00,0.14547666666666667
2019-05-24 21:00:00,0.012707116666666667
2019-05-24 22:00:00,0.027534825
2019-05-24 23:00:00,0.17827083333333335
2019-05-25 00:00:00,0.3153875
2019-05-25 01:00:00,0.2844541666666667
2019-05-25 02:00:00,0.10404808333333333
2019-05-25 03:00:00,0.004583018333333333
2019-05-25 04:00:00,0.03679600833333333
2019-05-25 05:00:00,0.21300166666666664
2019-05-25 06:00:00,0.45411916666666663
2019-05-25 07:00:00,0.4796491666666666
2019-05-25 08:00:00,0.24698916666666665
2019-05-25 09:00:00,0.04980291666666667
2019-05-25 10:00:00,0.0034834416666666666
2019-05-25 11:00:00,0.06570233333333333
2019-05-25 12:00:00,0.20934333333333333
2019-05-25 13:00:00,0.2784358333333333
2019-05-25 14:00:00,0.19459166666666664
2019-05-25 15:00:00,0.0429195
2019-05-25 16:00:00,0.0011389125
2019-05-25 17:00:00,0.028105083333333333
2019-05-25 18:00:00,0.14483916666666666
2019-05-25 19:00:00,0.2856825
2019-05-25 20:00:00,0.2360675
2019-05-25 21:00:00,0.07705408333333334
2019-05-25 22:00:00,0.0058749
2019-05-25 23:00:00,0.0224412
2019-05-26 00:00:00,0.12265499999999997
2019-05-26 01:00:00,0.20527083333333335
2019-05-26 02:00:00,0.16899166666666665
2019-05-26 03:00:00,0.04799375
2019-05-26 04:00:00,0.0015936066666666668
2019-05-26 05:00:00,0.03312583333333333
2019-05-26 06:00:00,0.16298083333333335
2019-05-26 07:00:00,0.34295583333333335
2019-05-26 08:00:00,0.35226999999999997
2019-05-26 09:00:00,0.1763533333333333
2019-05-26 10:00:00,0.03585558333333333
2019-05-26 11:00:00,0.0031849916666666666
2019-05-26 12:00:00,0.04658533333333334
2019-05-26 13:00:00,0.13777
2019-05-26 14:00:00,0.18330083333333336
2019-05-26 15:00:00,0.13028
2019-05-26 16:00:00,0.030517833333333334
2019-05-26 17:00:00,0.0007742663333333334
2019-05-26 18:00:00,0.015284150000000002
2019-05-26 19:00:00,0.09951833333333333
2019-05-26 20:00:00,0.19893249999999998
2019-05-26 21:00:00,0.15542499999999998
2019-05-26 22:00:00,0.05104383333333334
2019-05-26 23:00:00,0.004382633333333333
2019-05-27 00:00:00,0.016446058333333333
2019-05-27 01:00:00,0.08955333333333333
2019-05-27 02:00:00,0.14683166666666667
2019-05-27 03:00:00,0.11348583333333333
2019-05-27 04:00:00,0.02849266666666667
2019-05-27 05:00:00,0.0009645
2019-05-27 06:00:00,0.025695583333333338
2019-05-27 07:00:00,0.13735250000000002
2019-05-27 08:00:00,0.29886
2019-05-27 09:00:00,0.3029691666666666
2019-05-27 10:00:00,0.15612416666666667
2019-05-27 11:00:00,0.03527475
2019-05-27 12:00:00,0.0030717500000000003
2019-05-27 13:00:00,0.03344966666666667
2019-05-27 14:00:00,0.10244166666666667
2019-05-27 15:00:00,0.15248583333333335
2019-05-27 16:00:00,0.1221075
2019-05-27 17:00:00,0.03378841666666666
2019-05-27 18:00:00,0.0011923564166666668
2019-05-27 19:00:00,0.010894666666666665
2019-05-27 20:00:00,0.08305416666666667
2019-05-27 21:00:00,0.1644183333333333
2019-05-27 22:00:00,0.13339583333333332
2019-05-27 23:00:00,0.05061499999999999
2019-05-28 00:00:00,0.004975091666666666
2019-05-28 01:00:00,0.014444608333333333
2019-05-28 02:00:00,0.07958033333333332
2019-05-28 03:00:00,0.12868249999999998
2019-05-28 04:00:00,0.10124916666666665
2019-05-28 05:00:00,0.027280416666666665
2019-05-28 06:00:00,0.0008737150000000001
2019-05-28 07:00:00,0.02377221666666667
2019-05-28 08:00:00,0.14476
2019-05-28 09:00:00,0.3127633333333334
2019-05-28 10:00:00,0.31291583333333334
2019-05-28 11:00:00,0.16984416666666666
2019-05-28 12:00:00,0.041131833333333326
2019-05-28 13:00:00,0.00320525
2019-05-28 14:00:00,0.03252016666666666
2019-05-28 15:00:00,0.1094675
2019-05-28 16:00:00,0.18185083333333335
2019-05-28 17:00:00,0.15239750000000002
2019-05-28 18:00:00,0.04310741666666667
2019-05-28 19:00:00,0.0016134564166666668
2019-05-28 20:00:00,0.013005458333333332
2019-05-28 21:00:00,0.09607216666666668
2019-05-28 22:00:00,0.18803583333333332
2019-05-28 23:00:00,0.16328166666666669
2019-05-29 00:00:00,0.06606775
2019-05-29 01:00:00,0.005969041666666667
2019-05-29 02:00:00,0.018789125
2019-05-29 03:00:00,0.094275
2019-05-29 04:00:00,0.15221666666666667
2019-05-29 05:00:00,0.12783
2019-05-29 06:00:00,0.03746083333333333
2019-05-29 07:00:00,0.0012773833333333331
2019-05-29 08:00:00,0.03259060833333333
2019-05-29 09:00:00,0.19304666666666667
2019-05-29 10:00:00,0.38846666666666674
2019-05-29 11:00:00,0.3787358333333334
2019-05-29 12:00:00,0.20543666666666666
2019-05-29 13:00:00,0.0447415
2019-05-29 14:00:00,0.004053816666666667
2019-05-29 15:00:00,0.05418641666666666
2019-05-29 16:00:00,0.1738325
2019-05-29 17:00:00,0.2730633333333333
2019-05-29 18:00:00,0.2028425
2019-05-29 19:00:00,0.047789916666666675
2019-05-29 20:00:00,0.0012588504166666666
2019-05-29 21:00:00,0.027737258333333334
2019-05-29 22:00:00,0.16344999999999998
2019-05-29 23:00:00,0.2927341666666667
2019-05-30 00:00:00,0.23998166666666665
2019-05-30 01:00:00,0.08407833333333334
2019-05-30 02:00:00,0.005522091666666666
2019-05-30 03:00:00,0.03638516666666666
2019-05-30 04:00:00,0.1504575
2019-05-30 05:00:00,0.2359
2019-05-30 06:00:00,0.19262
2019-05-30 07:00:00,0.05008208333333333
2019-05-30 08:00:00,0.0018695216666666666
2019-05-30 09:00:00,0.06235399999999999
2019-05-30 10:00:00,0.3063083333333333
2019-05-30 11:00:00,0.5482441666666668
2019-05-30 12:00:00,0.49491583333333333
2019-05-30 13:00:00,0.23659166666666667
2019-05-30 14:00:00,0.035496016666666665
2019-05-30 15:00:00,0.012049025
2019-05-30 16:00:00,0.1298183333333333
2019-05-30 17:00:00,0.32447499999999996
2019-05-30 18:00:00,0.41468499999999997
2019-05-30 19:00:00,0.2429458333333333
2019-05-30 20:00:00,0.039415399999999996
2019-05-30 21:00:00,0.002582984166666667
2019-05-30 22:00:00,0.08530691666666668
2019-05-30 23:00:00,0.34602416666666663
2019-05-31 00:00:00,0.497155
2019-05-31 01:00:00,0.3310841666666666
2019-05-31 02:00:00,0.08403841666666667
2019-05-31 03:00:00,0.005582633333333333
2019-05-31 04:00:00,0.09121141666666667
2019-05-31 05:00:00,0.2890691666666667
2019-05-31 06:00:00,0.39716166666666664
2019-05-31 07:00:00,0.26970333333333335
2019-05-31 08:00:00,0.04954759166666666
2019-05-31 09:00:00,0.005509964166666667
2019-05-31 10:00:00,0.14124325000000001
2019-05-31 11:00:00,0.5355366666666667
2019-05-31 12:00:00,0.8101
2019-05-31 13:00:00,0.6174733333333333
2019-05-31 14:00:00,0.22215500000000002
2019-05-31 15:00:00,0.016312075000000002
2019-05-31 16:00:00,0.05528883333333333
2019-05-31 17:00:00,0.31525916666666665
2019-05-31 18:00:00,0.5681791666666667
2019-05-31 19:00:00,0.5579775
2019-05-31 20:00:00,0.2397283333333333
2019-05-31 21:00:00,0.02046119416666667
2019-05-31 22:00:00,0.021527543333333333
2019-05-31 23:00:00,0.26757833333333336
2019-06-01 00:00:00,0.7052999999999998
2019-06-01 01:00:00,0.7465166666666666
2019-06-01 02:00:00,0.3697358333333333
2019-06-01 03:00:00,0.05747233333333333
2019-06-01 04:00:00,0.020247550000000003
2019-06-01 05:00:00,0.24121916666666665
2019-06-01 06:00:00,0.5505108333333334
2019-06-01 07:00:00,0.5968333333333333
2019-06-01 08:00:00,0.30245
2019-06-01 09:00:00,0.03213723083333333
2019-06-01 10:00:00,0.025383955
2019-06-01 11:00:00,0.33123083333333336
2019-06-01 12:00:00,0.8998999999999999
2019-06-01 13:00:00,0.9990583333333332
2019-06-01 14:00:00,0.6543966666666666
2019-06-01 15:00:00,0.14942141666666667
2019-06-01 16:00:00,0.009006041666666666
2019-06-01 17:00:00,0.19921583333333334
2019-06-01 18:00:00,0.6393875
2019-06-01 19:00:00,0.844075
2019-06-01 20:00:00,0.6296649999999999
2019-06-01 21:00:00,0.18008691666666668
2019-06-01 22:00:00,0.005441016083333333
2019-06-01 23:00:00,0.11950425
2019-06-02 00:00:00,0.6811608333333333
2019-06-02 01:00:00,1.0
2019-06-02 02:00:00,0.8677333333333332
2019-06-02 03:00:00,0.31157583333333333
2019-06-02 04:00:00,0.023161833333333336
2019-06-02 05:00:00,0.09421091666666667
2019-06-02 06:00:00,0.5553091666666666
2019-06-02 07:00:00,0.8871750000000002
2019-06-02 08:00:00,0.726375
2019-06-02 09:00:00,0.26011083333333335
2019-06-02 10:00:00,0.01244454075
2019-06-02 11:00:00,0.09995083333333334
2019-06-02 12:00:00,0.702175
2019-06-02 13:00:00,1.0
2019-06-02 14:00:00,1.0
2019-06-02 15:00:00,0.545475
2019-06-02 16:00:00,0.06510895
2019-06-02 17:00:00,0.047710325
2019-06-02 18:00:00,0.5005916666666667
2019-06-02 19:00:00,0.9747333333333335
2019-06-02 20:00:00,0.9796416666666665
2019-06-02 21:00:00,0.5748983333333333
2019-06-02 22:00:00,0.0914965
2019-06-02 23:00:00,0.019234508916666667
2019-06-03 00:00:00,0.4099933333333333
2019-06-03 01:00:00,0.988075
2019-06-03 02:00:00,1.0
2019-06-03 03:00:00,0.8008416666666666
2019-06-03 04:00:00,0.18684091666666666
2019-06-03 05:00:00,0.011887575000000001
2019-06-03 06:00:00,0.3081383333333333
2019-06-03 07:00:00,0.930125
2019-06-03 08:00:00,1.0
2019-06-03 09:00:00,0.7113408333333333
2019-06-03 10:00:00,0.171116
2019-06-03 11:00:00,0.007588437833333334
2019-06-03 12:00:00,0.3030541666666666
2019-06-03 13:00:00,0.97
2019-06-03 14:00:00,1.0
2019-06-03 15:00:00,0.9625499999999999
2019-06-03 16:00:00,0.34772083333333337
2019-06-03 17:00:00,0.018124316666666668
2019-06-03 18:00:00,0.17764599999999997
2019-06-03 19:00:00,0.8540916666666668
2019-06-03 20:00:00,1.0
2019-06-03 21:00:00,0.9508166666666666
2019-06-03 22:00:00,0.40691583333333337
2019-06-03 23:00:00,0.026537193333333334
2019-06-04 00:00:00,0.11616215833333333
2019-06-04 01:00:00,0.8145975
2019-06-04 02:00:00,1.0
2019-06-04 03:00:00,1.0
2019-06-04 04:00:00,0.6172091666666666
2019-06-04 05:00:00,0.074039075
2019-06-04 06:00:00,0.05749723333333333
2019-06-04 07:00:00,0.6601025
2019-06-04 08:00:00,1.0
2019-06-04 09:00:00,0.9925333333333333
2019-06-04 10:00:00,0.5808000000000001
2019-06-04 11:00:00,0.08457749999999999
2019-06-04 12:00:00,0.04022491416666667
2019-06-04 13:00:00,0.6393733333333333
2019-06-04 14:00:00,1.0
2019-06-04 15:00:00,1.0
2019-06-04 16:00:00,0.8331999999999999
2019-06-04 17:00:00,0.17255708333333333
2019-06-04 18:00:00,0.015634600000000002
2019-06-04 19:00:00,0.40431000000000006
2019-06-04 20:00:00,0.9906083333333333
2019-06-04 21:00:00,1.0
2019-06-04 22:00:00,0.824025
2019-06-04 23:00:00,0.21446983333333333
2019-06-05 00:00:00,0.008853142166666666
2019-06-05 01:00:00,0.35025416666666664
2019-06-05 02:00:00,0.9904333333333334
2019-06-05 03:00:00,1.0
2019-06-05 04:00:00,0.9717666666666667
2019-06-05 05:00:00,0.35964416666666665
2019-06-05 06:00:00,0.019040625
2019-06-05 07:00:00,0.18096475
2019-06-05 08:00:00,0.88865
2019-06-05 09:00:00,1.0
2019-06-05 10:00:00,0.9422916666666667
2019-06-05 11:00:00,0.4082966666666667
2019-06-05 12:00:00,0.029950782500000002
2019-06-05 13:00:00,0.13320596666666668
2019-06-05 14:00:00,0.86055
2019-06-05 15:00:00,1.0
2019-06-05 16:00:00,1.0
2019-06-05 17:00:00,0.6015
2019-06-05 18:00:00,0.070528625
2019-06-05 19:00:00,0.05020789166666667
2019-06-05 20:00:00,0.6291733333333334
2019-06-05 21:00:00,1.0
2019-06-05 22:00:00,0.9935
2019-06-05 23:00:00,0.5745891666666666
2019-06-06 00:00:00,0.08330287499999998
2019-06-06 01:00:00,0.04016092291666666
2019-06-06 02:00:00,0.6287083333333334
2019-06-06 03:00:00,1.0
2019-06-06 04:00:00,1.0
2019-06-06 05:00:00,0.8249583333333333
2019-06-06 06:00:00,0.17612750000000002
2019-06-06 07:00:00,0.010409733333333332
2019-06-06 08:00:00,0.32408583333333335
2019-06-06 09:00:00,0.9644166666666666
2019-06-06 10:00:00,1.0
2019-06-06 11:00:00,0.8118833333333333
2019-06-06 12:00:00,0.251575
2019-06-06 13:00:00,0.009108124970000001
2019-06-06 14:00:00,0.24757658333333335
2019-06-06 15:00:00,0.93645
2019-06-06 16:00:00,1.0
2019-06-06 17:00:00,0.9488333333333333
2019-06-06 18:00:00,0.3618875
2019-06-06 19:00:00,0.026078941666666668
2019-06-06 20:00:00,0.10071458333333334
2019-06-06 21:00:00,0.7275683333333334
2019-06-06 22:00:00,1.0
2019-06-06 23:00:00,0.8675833333333333
2019-06-07 00:00:00,0.3397175
2019-06-07 01:00:00,0.025326465
2019-06-07 02:00:00,0.10434455833333332
2019-06-07 03:00:00,0.7744966666666666
2019-06-07 04:00:00,1.0
2019-06-07 05:00:00,1.0
2019-06-07 06:00:00,0.6019575
2019-06-07 07:00:00,0.08440616666666667
2019-06-07 08:00:00,0.01936416666666667
2019-06-07 09:00:00,0.3839975
2019-06-07 10:00:00,0.9589083333333334
2019-06-07 11:00:00,0.9808416666666666
2019-06-07 12:00:00,0.6144041666666666
2019-06-07 13:00:00,0.14331449999999998
2019-06-07 14:00:00,0.00855573275
2019-06-07 15:00:00,0.27800416666666666
2019-06-07 16:00:00,0.8965916666666668
2019-06-07 17:00:00,1.0
2019-06-07 18:00:00,0.781725
2019-06-07 19:00:00,0.22178416666666667
2019-06-07 20:00:00,0.010681191666666668
2019-06-07 21:00:00,0.12762166666666666
2019-06-07 22:00:00,0.670025
2019-06-07 23:00:00,0.9326416666666667
2019-06-08 00:00:00,0.6207683333333334
2019-06-08 01:00:00,0.19571166666666667
2019-06-08 02:00:00,0.007852614166666667
2019-06-08 03:00:00,0.15102141666666669
2019-06-08 04:00:00,0.7846974999999999
2019-06-08 05:00:00,1.0
2019-06-08 06:00:00,0.9595333333333333
2019-06-08 07:00:00,0.4248166666666666
2019-06-08 08:00:00,0.05074419166666667
2019-06-08 09:00:00,0.022076
2019-06-08 10:00:00,0.342615
2019-06-08 11:00:00,0.8329166666666667
2019-06-08 12:00:00,0.8207833333333333
2019-06-08 13:00:00,0.45634166666666665
2019-06-08 14:00:00,0.08906575
2019-06-08 15:00:00,0.008119587333333334
2019-06-08 16:00:00,0.20617999999999997
2019-06-08 17:00:00,0.6737591666666667
2019-06-08 18:00:00,0.9026916666666667
2019-06-08 19:00:00,0.5862333333333334
2019-06-08 20:00:00,0.15249616666666665
2019-06-08 21:00:00,0.006386800000000001
2019-06-08 22:00:00,0.11043133333333335
2019-06-08 23:00:00,0.5139008333333334
2019-06-09 00:00:00,0.6906916666666666
2019-06-09 01:00:00,0.45561916666666663
2019-06-09 02:00:00,0.12780858333333334
2019-06-09 03:00:00,0.004359552333333333
2019-06-09 04:00:00,0.13911433333333334
2019-06-09 05:00:00,0.6491025
2019-06-09 06:00:00,0.9975833333333333
2019-06-09 07:00:00,0.8825333333333333
2019-06-09 08:00:00,0.36174416666666664
2019-06-09 09:00:00,0.04688988333333333
2019-06-09 10:00:00,0.015463275
2019-06-09 11:00:00,0.25757500000000005
2019-06-09 12:00:00,0.6372583333333334
2019-06-09 13:00:00,0.6507666666666667
2019-06-09 14:00:00,0.37595416666666664
2019-06-09 15:00:00,0.07747166666666667
2019-06-09 16:00:00,0.003634561325
2019-06-09 17:00:00,0.11925216666666666
2019-06-09 18:00:00,0.4794558333333333
2019-06-09 19:00:00,0.7273333333333334
2019-06-09 20:00:00,0.49116416666666673
2019-06-09 21:00:00,0.13280233333333333
2019-06-09 22:00:00,0.006184958333333334
2019-06-09 23:00:00,0.07395508333333332
2019-06-10 00:00:00,0.38345499999999993
2019-06-10 01:00:00,0.5569166666666666
2019-06-10 02:00:00,0.38844666666666666
2019-06-10 03:00:00,0.1101715
2019-06-10 04:00:00,0.003407897116666667
2019-06-10 05:00:00,0.09153741666666666
2019-06-10 06:00:00,0.4915083333333333
2019-06-10 07:00:00,0.9382249999999999
2019-06-10 08:00:00,0.85805
2019-06-10 09:00:00,0.38463166666666665
2019-06-10 10:00:00,0.06421008333333333
2019-06-10 11:00:00,0.008383991666666667
2019-06-10 12:00:00,0.18188833333333332
2019-06-10 13:00:00,0.50432
2019-06-10 14:00:00,0.5781666666666666
2019-06-10 15:00:00,0.38500666666666666
2019-06-10 16:00:00,0.10136875
2019-06-10 17:00:00,0.0027796472283333333
2019-06-10 18:00:00,0.071076
2019-06-10 19:00:00,0.396515
2019-06-10 20:00:00,0.6757583333333333
2019-06-10 21:00:00,0.48789166666666667
2019-06-10 22:00:00,0.15770916666666668
2019-06-10 23:00:00,0.011167058333333334
2019-06-11 00:00:00,0.04892198333333333
2019-06-11 01:00:00,0.32321083333333334
2019-06-11 02:00:00,0.5257675
2019-06-11 03:00:00,0.4032416666666666
2019-06-11 04:00:00,0.133534
2019-06-11 05:00:00,0.005945335116666667
2019-06-11 06:00:00,0.053501225000000006
2019-06-11 07:00:00,0.4143933333333333
2019-06-11 08:00:00,0.9243833333333333
2019-06-11 09:00:00,0.9216083333333335
2019-06-11 10:00:00,0.47628166666666666
2019-06-11 11:00:00,0.10321541666666667
2019-06-11 12:00:00,0.005698775
2019-06-11 13:00:00,0.13920291666666665
2019-06-11 14:00:00,0.4607416666666666
2019-06-11 15:00:00,0.6214583333333333
2019-06-11 16:00:00,0.4833691666666667
2019-06-11 17:00:00,0.15559025
2019-06-11 18:00:00,0.006656722283333333
2019-06-11 19:00:00,0.05706215833333334
2019-06-11 20:00:00,0.40051250000000005
2019-06-11 21:00:00,0.7335666666666667
2019-06-11 22:00:00,0.5824375
2019-06-11 23:00:00,0.22999666666666665
2019-06-12 00:00:00,0.022770941666666666
2019-06-12 01:00:00,0.04206255
2019-06-12 02:00:00,0.3295766666666667
2019-06-12 03:00:00,0.5832166666666666
2019-06-12 04:00:00,0.5020525
2019-06-12 05:00:00,0.20282
2019-06-12 06:00:00,0.015538661333333332
2019-06-12 07:00:00,0.03906180833333334
2019-06-12 08:00:00,0.4233075
2019-06-12 09:00:00,0.9621083333333332
2019-06-12 10:00:00,0.9904000000000001
2019-06-12 11:00:00,0.6217658333333334
2019-06-12 12:00:00,0.15750225
2019-06-12 13:00:00,0.006607933333333333
2019-06-12 14:00:00,0.13720416666666665
2019-06-12 15:00:00,0.5210208333333334
2019-06-12 16:00:00,0.783275
2019-06-12 17:00:00,0.6442933333333333
2019-06-12 18:00:00,0.21480416666666666
2019-06-12 19:00:00,0.010387378166666668
2019-06-12 20:00:00,0.066074475
2019-06-12 21:00:00,0.4872358333333333
2019-06-12 22:00:00,0.91705
2019-06-12 23:00:00,0.77815
2019-06-13 00:00:00,0.3329825
2019-06-13 01:00:00,0.034334916666666666
2019-06-13 02:00:00,0.05088610833333333
2019-06-13 03:00:00,0.3966733333333333
2019-06-13 04:00:00,0.733225
2019-06-13 05:00:00,0.6899166666666666
2019-06-13 06:00:00,0.3066116666666666
2019-06-13 07:00:00,0.02788672366666667
2019-06-13 08:00:00,0.04261746583333333
2019-06-13 09:00:00,0.5033725
2019-06-13 10:00:00,0.9982666666666666
2019-06-13 11:00:00,1.0
2019-06-13 12:00:00,0.7769750000000001
2019-06-13 13:00:00,0.20035875
2019-06-13 14:00:00,0.008164708333333333
2019-06-13 15:00:00,0.18521141666666666
2019-06-13 16:00:00,0.6916983333333333
2019-06-13 17:00:00,0.9934333333333332
2019-06-13 18:00:00,0.799375
2019-06-13 19:00:00,0.24198166666666665
2019-06-13 20:00:00,0.00966522925
2019-06-13 21:00:00,0.10242
2019-06-13 22:00:00,0.682175
2019-06-13 23:00:00,1.0
2019-06-14 00:00:00,0.94645
2019-06-14 01:00:00,0.4143591666666666
2019-06-14 02:00:00,0.035700616666666664
2019-06-14 03:00:00,0.078656875
2019-06-14 04:00:00,0.5335966666666667
2019-06-14 05:00:00,0.9585333333333333
2019-06-14 06:00:00,0.9121583333333332
2019-06-14 07:00:00,0.38823416666666666
2019-06-14 08:00:00,0.03058668725
2019-06-14 09:00:00,0.06176108333333333
2019-06-14 10:00:00,0.6371066666666667
2019-06-14 11:00:00,1.0
2019-06-14 12:00:00,1.0
2019-06-14 13:00:00,0.8409083333333334
2019-06-14 14:00:00,0.19534941666666664
2019-06-14 15:00:00,0.012709466666666667
2019-06-14 16:00:00,0.30052333333333336
2019-06-14 17:00:00,0.89835
2019-06-14 18:00:00,1.0
2019-06-14 19:00:00,0.8400583333333332
2019-06-14 20:00:00,0.22087999999999997
2019-06-14 21:00:00,0.00649470825
2019-06-14 22:00:00,0.18984758333333335
2019-06-14 23:00:00,0.8819
2019-06-15 00:00:00,1.0
2019-06-15 01:00:00,0.98
2019-06-15 02:00:00,0.4231125
2019-06-15 03:00:00,0.026381341666666665
2019-06-15 04:00:00,0.13887466666666667
2019-06-15 05:00:00,0.7441783333333334
2019-06-15 06:00:00,1.0
2019-06-15 07:00:00,0.9621333333333333
2019-06-15 08:00:00,0.3893566666666667
2019-06-15 09:00:00,0.0218266725
2019-06-15 10:00:00,0.10192683333333333
2019-06-15 11:00:00,0.7787708333333333
2019-06-15 12:00:00,1.0
2019-06-15 13:00:00,1.0
2019-06-15 14:00:00,0.8059075
2019-06-15 15:00:00,0.13758233333333336
2019-06-15 16:00:00,0.033972075000000004
2019-06-15 17:00:00,0.4891016666666667
2019-06-15 18:00:00,0.99235
2019-06-15 19:00:00,1.0
2019-06-15 20:00:00,0.7983991666666667
2019-06-15 21:00:00,0.1601995833333333
2019-06-15 22:00:00,0.009597234999999999
2019-06-15 23:00:00,0.3684275
2019-06-16 00:00:00,0.994325
2019-06-16 01:00:00,1.0
2019-06-16 02:00:00,0.97
2019-06-16 03:00:00,0.35045750000000003
2019-06-16 04:00:00,0.016084925
2019-06-16 05:00:00,0.2533688333333333
2019-06-16 06:00:00,0.9115833333333334
2019-06-16 07:00:00,1.0
2019-06-16 08:00:00,0.9425166666666667
2019-06-16 09:00:00,0.31509916666666665
2019-06-16 10:00:00,0.0110730525
2019-06-16 11:00:00,0.17985683333333335
2019-06-16 12:00:00,0.9064916666666666
2019-06-16 13:00:00,1.0
2019-06-16 14:00:00,1.0
2019-06-16 15:00:00,0.6714916666666666
2019-06-16 16:00:00,0.067432875
2019-06-16 17:00:00,0.0902466
2019-06-16 18:00:00,0.7062175
2019-06-16 19:00:00,1.0
2019-06-16 20:00:00,1.0
2019-06-16 21:00:00,0.6757500000000001
2019-06-16 22:00:00,0.08474648333333333
2019-06-16 23:00:00,0.037175315833333326
2019-06-17 00:00:00,0.6316091666666668
2019-06-17 01:00:00,1.0
2019-06-17 02:00:00,1.0
2019-06-17 03:00:00,0.9053666666666668
2019-06-17 04:00:00,0.22683383333333335
2019-06-17 05:00:00,0.021040116666666667
2019-06-17 06:00:00,0.4293266666666667
2019-06-17 07:00:00,0.98875
2019-06-17 08:00:00,1.0
2019-06-17 09:00:00,0.8665916666666668
2019-06-17 10:00:00,0.21025075
2019-06-17 11:00:00,0.0075256875
2019-06-17 12:00:00,0.32181999999999994
2019-06-17 13:00:00,0.9858416666666666
2019-06-17 14:00:00,1.0
2019-06-17 15:00:00,0.9953750000000001
2019-06-17 16:00:00,0.43834249999999997
2019-06-17 17:00:00,0.023599116666666666
2019-06-17 18:00:00,0.1914755
2019-06-17 19:00:00,0.8601166666666665
2019-06-17 20:00:00,1.0
2019-06-17 21:00:00,0.99015
2019-06-17 22:00:00,0.4555983333333333
2019-06-17 23:00:00,0.027419935
2019-06-18 00:00:00,0.1191265
2019-06-18 01:00:00,0.8423491666666666
2019-06-18 02:00:00,1.0
2019-06-18 03:00:00,1.0
2019-06-18 04:00:00,0.7422150000000001
2019-06-18 05:00:00,0.10544633333333334
2019-06-18 06:00:00,0.058779624999999995
2019-06-18 07:00:00,0.6188533333333334
2019-06-18 08:00:00,1.0
2019-06-18 09:00:00,1.0
2019-06-18 10:00:00,0.7082083333333334
2019-06-18 11:00:00,0.1095705
2019-06-18 12:00:00,0.022876313583333335
2019-06-18 13:00:00,0.5250966666666667
2019-06-18 14:00:00,1.0
2019-06-18 15:00:00,1.0
2019-06-18 16:00:00,0.8764166666666666
2019-06-18 17:00:00,0.22153583333333335
2019-06-18 18:00:00,0.015163591666666667
2019-06-18 19:00:00,0.3252041666666667
2019-06-18 20:00:00,0.9392833333333335
2019-06-18 21:00:00,1.0
2019-06-18 22:00:00,0.8678916666666667
2019-06-18 23:00:00,0.22668708333333332
2019-06-19 00:00:00,0.00708668
2019-06-19 01:00:00,0.2786510833333333
2019-06-19 02:00:00,0.9665916666666667
2019-06-19 03:00:00,1.0
2019-06-19 04:00:00,0.9894166666666666
2019-06-19 05:00:00,0.45141916666666665
2019-06-19 06:00:00,0.03185771666666666
2019-06-19 07:00:00,0.132009
2019-06-19 08:00:00,0.7305849999999999
2019-06-19 09:00:00,1.0
2019-06-19 10:00:00,0.971825
2019-06-19 11:00:00,0.4628466666666666
2019-06-19 12:00:00,0.0376407408825
2019-06-19 13:00:00,0.07136783333333334
2019-06-19 14:00:00,0.6798283333333334
2019-06-19 15:00:00,1.0
2019-06-19 16:00:00,1.0
2019-06-19 17:00:00,0.5919758333333334
2019-06-19 18:00:00,0.08595066666666666
2019-06-19 19:00:00,0.037981241666666665
2019-06-19 20:00:00,0.44798166666666667
2019-06-19 21:00:00,0.9550416666666667
2019-06-19 22:00:00,0.9817333333333333
2019-06-19 23:00:00,0.5544524999999999
2019-06-20 00:00:00,0.07434804166666667
2019-06-20 01:00:00,0.02841178541666667
2019-06-20 02:00:00,0.47704250000000004
2019-06-20 03:00:00,1.0
2019-06-20 04:00:00,1.0
2019-06-20 05:00:00,0.8114083333333333
2019-06-20 06:00:00,0.20227458333333334
2019-06-20 07:00:00,0.010328708333333332
2019-06-20 08:00:00,0.21075358333333333
2019-06-20 09:00:00,0.7146750000000001
2019-06-20 10:00:00,0.9573999999999999
2019-06-20 11:00:00,0.7547666666666667
2019-06-20 12:00:00,0.2328758333333333
2019-06-20 13:00:00,0.007208807583333333
2019-06-20 14:00:00,0.14318808333333333
2019-06-20 15:00:00,0.7126408333333333
2019-06-20 16:00:00,1.0
2019-06-20 17:00:00,0.8284166666666667
2019-06-20 18:00:00,0.2960891666666667
2019-06-20 19:00:00,0.023552275
2019-06-20 20:00:00,0.08330491666666667
2019-06-20 21:00:00,0.4974025
2019-06-20 22:00:00,0.8100499999999999
2019-06-20 23:00:00,0.6877333333333333
2019-06-21 00:00:00,0.2596025
2019-06-21 01:00:00,0.013176190416666669
2019-06-21 02:00:00,0.09116308333333334
2019-06-21 03:00:00,0.6079308333333333
2019-06-21 04:00:00,1.0
2019-06-21 05:00:00,0.9563583333333334
2019-06-21 06:00:00,0.46251583333333335
2019-06-21 07:00:00,0.06998841666666668
2019-06-21 08:00:00,0.017695875
2019-06-21 09:00:00,0.24879833333333334
2019-06-21 10:00:00,0.5967866666666667
2019-06-21 11:00:00,0.6928416666666667
2019-06-21 12:00:00,0.44827
2019-06-21 13:00:00,0.08217174999999999
2019-06-21 14:00:00,0.0085854
2019-06-21 15:00:00,0.18191166666666664
2019-06-21 16:00:00,0.5622508333333334
2019-06-21 17:00:00,0.7250083333333334
2019-06-21 18:00:00,0.4630641666666667
2019-06-21 19:00:00,0.11878475
2019-06-21 20:00:00,0.006958958333333333
2019-06-21 21:00:00,0.12623575
2019-06-21 22:00:00,0.4418366666666666
2019-06-21 23:00:00,0.5576583333333334
2019-06-22 00:00:00,0.3820575
2019-06-22 01:00:00,0.08929733333333333
2019-06-22 02:00:00,0.005891261666666666
2019-06-22 03:00:00,0.16610658333333334
2019-06-22 04:00:00,0.5930725
2019-06-22 05:00:00,0.8610000000000001
2019-06-22 06:00:00,0.6337308333333334
2019-06-22 07:00:00,0.2234025
2019-06-22 08:00:00,0.020612308333333332
2019-06-22 09:00:00,0.03012045
2019-06-22 10:00:00,0.23017833333333332
2019-06-22 11:00:00,0.4324091666666666
2019-06-22 12:00:00,0.43496250000000003
2019-06-22 13:00:00,0.21501416666666667
2019-06-22 14:00:00,0.020209306666666666
2019-06-22 15:00:00,0.017407223333333333
2019-06-22 16:00:00,0.15425916666666667
2019-06-22 17:00:00,0.36672666666666665
2019-06-22 18:00:00,0.4224583333333333
2019-06-22 19:00:00,0.2258675
2019-06-22 20:00:00,0.037657399999999994
2019-06-22 21:00:00,0.0096592
2019-06-22 22:00:00,0.133355
2019-06-22 23:00:00,0.32089
2019-06-23 00:00:00,0.33562666666666663
2019-06-23 01:00:00,0.18104416666666664
2019-06-23 02:00:00,0.022084440833333337
2019-06-23 03:00:00,0.019403778333333333
2019-06-23 04:00:00,0.19316416666666666
2019-06-23 05:00:00,0.46677
2019-06-23 06:00:00,0.5706749999999999
2019-06-23 07:00:00,0.3688033333333333
2019-06-23 08:00:00,0.10692516666666668
2019-06-23 09:00:00,0.006782241666666668
2019-06-23 10:00:00,0.034075458333333336
2019-06-23 11:00:00,0.1746925
2019-06-23 12:00:00,0.2738791666666667
2019-06-23 13:00:00,0.23985083333333335
2019-06-23 14:00:00,0.09100483333333333
2019-06-23 15:00:00,0.004645633333333334
2019-06-23 16:00:00,0.01640419166666667
2019-06-23 17:00:00,0.098745
2019-06-23 18:00:00,0.22046333333333334
2019-06-23 19:00:00,0.23534166666666667
2019-06-23 20:00:00,0.102747
2019-06-23 21:00:00,0.011567475
2019-06-23 22:00:00,0.012311708333333332
2019-06-23 23:00:00,0.10430166666666667
2019-06-24 00:00:00,0.2045325
2019-06-24 01:00:00,0.18841249999999998
2019-06-24 02:00:00,0.07855083333333333
2019-06-24 03:00:00,0.0047211975
2019-06-24 04:00:00,0.028454716666666668
2019-06-24 05:00:00,0.15980833333333336
2019-06-24 06:00:00,0.32860750000000005
2019-06-24 07:00:00,0.3803516666666667
2019-06-24 08:00:00,0.2293166666666667
2019-06-24 09:00:00,0.059692499999999996
2019-06-24 10:00:00,0.00369205
2019-06-24 11:00:00,0.028210333333333337
2019-06-24 12:00:00,0.11478250000000001
2019-06-24 13:00:00,0.162745
2019-06-24 14:00:00,0.13504416666666666
2019-06-24 15:00:00,0.04617733333333333
2019-06-24 16:00:00,0.002014636666666667
2019-06-24 17:00:00,0.009118366666666667
2019-06-24 18:00:00,0.05874583333333334
2019-06-24 19:00:00,0.14003333333333332
2019-06-24 20:00:00,0.14074833333333334
2019-06-24 21:00:00,0.055260333333333335
2019-06-24 22:00:00,0.005965091666666667
2019-06-24 23:00:00,0.009158425000000001
2019-06-25 00:00:00,0.06963258333333333
2019-06-25 01:00:00,0.12978499999999998
2019-06-25 02:00:00,0.11179499999999999
2019-06-25 03:00:00,0.039308083333333334
2019-06-25 04:00:00,0.0017192075
2019-06-25 05:00:00,0.02210808333333333
2019-06-25 06:00:00,0.11175416666666668
2019-06-25 07:00:00,0.24299166666666663
2019-06-25 08:00:00,0.2874175
2019-06-25 09:00:00,0.1711675
2019-06-25 10:00:00,0.045903333333333324
2019-06-25 11:00:00,0.0033888500000000005
2019-06-25 12:00:00,0.019665275
2019-06-25 13:00:00,0.0761625
2019-06-25 14:00:00,0.11333333333333334
2019-06-25 15:00:00,0.104105
2019-06-25 16:00:00,0.0398375
2019-06-25 17:00:00,0.0023440683333333335
2019-06-25 18:00:00,0.004633053333333333
2019-06-25 19:00:00,0.04305016666666667
2019-06-25 20:00:00,0.11216833333333334
2019-06-25 21:00:00,0.1134675
2019-06-25 22:00:00,0.050269
2019-06-25 23:00:00,0.007474141666666667
2019-06-26 00:00:00,0.005561141666666667
2019-06-26 01:00:00,0.05037883333333333
2019-06-26 02:00:00,0.0981425
2019-06-26 03:00:00,0.08751166666666667
2019-06-26 04:00:00,0.033331
2019-06-26 05:00:00,0.0017073866666666667
2019-06-26 06:00:00,0.012500433333333333
2019-06-26 07:00:00,0.08684633333333332
2019-06-26 08:00:00,0.22043000000000001
2019-06-26 09:00:00,0.26875916666666666
2019-06-26 10:00:00,0.1664
2019-06-26 11:00:00,0.050499333333333334
2019-06-26 12:00:00,0.004140908333333333
2019-06-26 13:00:00,0.015831191666666668
2019-06-26 14:00:00,0.06955733333333332
2019-06-26 15:00:00,0.12137833333333332
2019-06-26 16:00:00,0.12720416666666667
2019-06-26 17:00:00,0.054113333333333326
2019-06-26 18:00:00,0.004123135166666667
2019-06-26 19:00:00,0.00423155
2019-06-26 20:00:00,0.049923833333333334
2019-06-26 21:00:00,0.134405
2019-06-26 22:00:00,0.14561833333333332
2019-06-26 23:00:00,0.07791799999999999
2019-06-27 00:00:00,0.014653658333333333
2019-06-27 01:00:00,0.004919725
2019-06-27 02:00:00,0.051290166666666664
2019-06-27 03:00:00,0.1067375
2019-06-27 04:00:00,0.10942833333333332
2019-06-27 05:00:00,0.05267333333333333
2019-06-27 06:00:00,0.0044803383333333335
2019-06-27 07:00:00,0.009389976666666668
2019-06-27 08:00:00,0.09518983333333333
2019-06-27 09:00:00,0.26078
2019-06-27 10:00:00,0.3186383333333333
2019-06-27 11:00:00,0.2073375
2019-06-27 12:00:00,0.06654391666666666
2019-06-27 13:00:00,0.0047267333333333335
2019-06-27 14:00:00,0.022716491666666668
2019-06-27 15:00:00,0.10665000000000001
2019-06-27 16:00:00,0.1956775
2019-06-27 17:00:00,0.19967666666666667
2019-06-27 18:00:00,0.0784505
2019-06-27 19:00:00,0.005170251666666666
2019-06-27 20:00:00,0.009240446666666667
2019-06-27 21:00:00,0.09432983333333335
2019-06-27 22:00:00,0.2349716666666667
2019-06-27 23:00:00,0.25329416666666665
2019-06-28 00:00:00,0.13603500000000002
2019-06-28 01:00:00,0.022823508333333336
2019-06-28 02:00:00,0.008441125
2019-06-28 03:00:00,0.08193925
2019-06-28 04:00:00,0.17354166666666668
2019-06-28 05:00:00,0.19489500000000004
2019-06-28 06:00:00,0.09990608333333333
2019-06-28 07:00:00,0.009147495
2019-06-28 08:00:00,0.014326436666666666
2019-06-28 09:00:00,0.14893083333333332
2019-06-28 10:00:00,0.38600833333333334
2019-06-28 11:00:00,0.45368416666666667
2019-06-28 12:00:00,0.2883
2019-06-28 13:00:00,0.08003508333333334
2019-06-28 14:00:00,0.004114366666666667
2019-06-28 15:00:00,0.05828500000000001
2019-06-28 16:00:00,0.2234358333333333
2019-06-28 17:00:00,0.356815
2019-06-28 18:00:00,0.3045783333333334
2019-06-28 19:00:00,0.09325708333333332
2019-06-28 20:00:00,0.0034297791666666666
2019-06-28 21:00:00,0.033445441666666666
2019-06-28 22:00:00,0.23017666666666667
2019-06-28 23:00:00,0.46940750000000003
2019-06-29 00:00:00,0.4362216666666667
2019-06-29 01:00:00,0.19262833333333332
2019-06-29 02:00:00,0.02123066666666667
2019-06-29 03:00:00,0.025171466666666666
2019-06-29 04:00:00,0.17982916666666665
2019-06-29 05:00:00,0.3453841666666667
2019-06-29 06:00:00,0.35566583333333335
2019-06-29 07:00:00,0.1515
2019-06-29 08:00:00,0.0092144025
2019-06-29 09:00:00,0.03616861666666667
2019-06-29 10:00:00,0.2870875
2019-06-29 11:00:00,0.6468
2019-06-29 12:00:00,0.6825083333333333
2019-06-29 13:00:00,0.37124833333333335
2019-06-29 14:00:00,0.07019758333333333
2019-06-29 15:00:00,0.009996399999999999
2019-06-29 16:00:00,0.1720775
2019-06-29 17:00:00,0.46521083333333335
2019-06-29 18:00:00,0.58935
2019-06-29 19:00:00,0.39087833333333327
2019-06-29 20:00:00,0.08064858333333333
2019-06-29 21:00:00,0.00344751725
2019-06-29 22:00:00,0.12607616666666666
2019-06-29 23:00:00,0.5499258333333333
2019-06-30 00:00:00,0.8475416666666666
2019-06-30 01:00:00,0.6143691666666666
2019-06-30 02:00:00,0.195605
2019-06-30 03:00:00,0.01098095
2019-06-30 04:00:00,0.09124075
2019-06-30 05:00:00,0.4181366666666667
2019-06-30 06:00:00,0.6460166666666667
2019-06-30 07:00:00,0.52969
2019-06-30 08:00:00,0.16079591666666665
2019-06-30 09:00:00,0.004945770416666667
2019-06-30 10:00:00,0.10488341666666665
2019-06-30 11:00:00,0.5835400000000001
2019-06-30 12:00:00,0.990875
2019-06-30 13:00:00,0.9066666666666667
2019-06-30 14:00:00,0.383005
2019-06-30 15:00:00,0.038500541666666666
2019-06-30 16:00:00,0.052568374999999994
2019-06-30 17:00:00,0.42871999999999993
2019-06-30 18:00:00,0.8192499999999999
2019-06-30 19:00:00,0.8096583333333333
2019-06-30 20:00:00,0.39990416666666667
2019-06-30 21:00:00,0.045752999999999995
2019-06-30 22:00:00,0.026132197083333336
2019-06-30 23:00:00,0.38592999999999994
2019-07-01 00:00:00,0.9599833333333333
2019-07-01 01:00:00,1.0
2019-07-01 02:00:00,0.6674858333333334
2019-07-01 03:00:00,0.13587808333333334
2019-07-01 04:00:00,0.012877666666666667
2019-07-01 05:00:00,0.28754583333333333
2019-07-01 06:00:00,0.8337749999999999
2019-07-01 07:00:00,0.9702999999999998
2019-07-01 08:00:00,0.6055341666666666
2019-07-01 09:00:00,0.12022599999999999
2019-07-01 10:00:00,0.008839665
2019-07-01 11:00:00,0.28184333333333333
2019-07-01 12:00:00,0.9308083333333333
2019-07-01 13:00:00,1.0
2019-07-01 14:00:00,0.9179583333333333
2019-07-01 15:00:00,0.29333916666666665
2019-07-01 16:00:00,0.013411175
2019-07-01 17:00:00,0.18732916666666669
2019-07-01 18:00:00,0.8162666666666667
2019-07-01 19:00:00,1.0
2019-07-01 20:00:00,0.8835083333333335
2019-07-01 21:00:00,0.31521916666666666
2019-07-01 22:00:00,0.014540150308333335
2019-07-01 23:00:00,0.1285115
2019-07-02 00:00:00,0.8068333333333334
2019-07-02 01:00:00,1.0
2019-07-02 02:00:00,1.0
2019-07-02 03:00:00,0.5595816666666668
2019-07-02 04:00:00,0.061221283333333334
2019-07-02 05:00:00,0.06863720833333332
2019-07-02 06:00:00,0.6682683333333334
2019-07-02 07:00:00,1.0
2019-07-02 08:00:00,0.9912833333333333
2019-07-02 09:00:00,0.5505891666666667
2019-07-02 10:00:00,0.0657805
2019-07-02 11:00:00,0.04334003679166667
2019-07-02 12:00:00,0.6156625
2019-07-02 13:00:00,1.0
2019-07-02 14:00:00,1.0
2019-07-02 15:00:00,0.83095
2019-07-02 16:00:00,0.1642425833333333
2019-07-02 17:00:00,0.020172491666666667
2019-07-02 18:00:00,0.44689833333333334
2019-07-02 19:00:00,0.9958583333333333
2019-07-02 20:00:00,1.0
2019-07-02 21:00:00,0.8066500000000001
2019-07-02 22:00:00,0.18412783333333332
2019-07-02 23:00:00,0.010478765916666665
2019-07-03 00:00:00,0.38927999999999996
2019-07-03 01:00:00,1.0
2019-07-03 02:00:00,1.0
2019-07-03 03:00:00,0.9763333333333333
2019-07-03 04:00:00,0.36736916666666664
2019-07-03 05:00:00,0.017832325000000003
2019-07-03 06:00:00,0.22983108333333335
2019-07-03 07:00:00,0.9364416666666666
2019-07-03 08:00:00,1.0
2019-07-03 09:00:00,0.969925
2019-07-03 10:00:00,0.4240074999999999
2019-07-03 11:00:00,0.0263870475
2019-07-03 12:00:00,0.142448
2019-07-03 13:00:00,0.8808083333333333
2019-07-03 14:00:00,1.0
2019-07-03 15:00:00,1.0
2019-07-03 16:00:00,0.6432141666666666
2019-07-03 17:00:00,0.06948836666666666
2019-07-03 18:00:00,0.07363254999999999
2019-07-03 19:00:00,0.7314125
2019-07-03 20:00:00,1.0
2019-07-03 21:00:00,1.0
2019-07-03 22:00:00,0.6220483333333333
2019-07-03 23:00:00,0.077190925
2019-07-04 00:00:00,0.056366508525
2019-07-04 01:00:00,0.7193733333333333
2019-07-04 02:00:00,1.0
2019-07-04 03:00:00,1.0
2019-07-04 04:00:00,0.8742166666666666
2019-07-04 05:00:00,0.19404108333333334
2019-07-04 06:00:00,0.016719383333333334
2019-07-04 07:00:00,0.47115833333333335
2019-07-04 08:00:00,1.0
2019-07-04 09:00:00,1.0
2019-07-04 10:00:00,0.9038333333333333
2019-07-04 11:00:00,0.28666583333333334
2019-07-04 12:00:00,0.009766789
2019-07-04 13:00:00,0.31243166666666666
2019-07-04 14:00:00,0.9853333333333335
2019-07-04 15:00:00,1.0
2019-07-04 16:00:00,0.9847916666666667
2019-07-04 17:00:00,0.40459833333333334
2019-07-04 18:00:00,0.023977783333333336
2019-07-04 19:00:00,0.17152016666666664
2019-07-04 20:00:00,0.8898666666666667
2019-07-04 21:00:00,1.0
2019-07-04 22:00:00,0.95575
2019-07-04 23:00:00,0.39498
2019-07-05 00:00:00,0.023049329166666667
2019-07-05 01:00:00,0.16801275000000002
2019-07-05 02:00:00,0.9119583333333332
2019-07-05 03:00:00,1.0
2019-07-05 04:00:00,1.0
2019-07-05 05:00:00,0.6987075
2019-07-05 06:00:00,0.08876303333333334
2019-07-05 07:00:00,0.04663376666666667
2019-07-05 08:00:00,0.6436775
2019-07-05 09:00:00,1.0
2019-07-05 10:00:00,1.0
2019-07-05 11:00:00,0.7835991666666666
2019-07-05 12:00:00,0.16980066666666666
2019-07-05 13:00:00,0.016120365833333334
2019-07-05 14:00:00,0.4663916666666666
2019-07-05 15:00:00,1.0
2019-07-05 16:00:00,1.0
2019-07-05 17:00:00,0.8728500000000001
2019-07-05 18:00:00,0.23308000000000004
2019-07-05 19:00:00,0.010419133333333332
2019-07-05 20:00:00,0.2752765
2019-07-05 21:00:00,0.9465750000000002
2019-07-05 22:00:00,1.0
2019-07-05 23:00:00,0.8088083333333335
2019-07-06 00:00:00,0.22487
2019-07-06 01:00:00,0.0081998875
2019-07-06 02:00:00,0.31155666666666665
2019-07-06 03:00:00,0.9814083333333333
2019-07-06 04:00:00,1.0
2019-07-06 05:00:00,1.0
2019-07-06 06:00:00,0.4878158333333334
2019-07-06 07:00:00,0.04085428333333334
2019-07-06 08:00:00,0.07796734166666668
2019-07-06 09:00:00,0.6924008333333334
2019-07-06 10:00:00,1.0
2019-07-06 11:00:00,0.99525
2019-07-06 12:00:00,0.6026541666666666
2019-07-06 13:00:00,0.08946066666666667
2019-07-06 14:00:00,0.03209760166666667
2019-07-06 15:00:00,0.4929475
2019-07-06 16:00:00,0.9979666666666667
2019-07-06 17:00:00,1.0
2019-07-06 18:00:00,0.689865
2019-07-06 19:00:00,0.13353641666666666
2019-07-06 20:00:00,0.011942999999999999
2019-07-06 21:00:00,0.32480666666666663
2019-07-06 22:00:00,0.9375666666666667
2019-07-06 23:00:00,0.9819749999999999
2019-07-07 00:00:00,0.5960641666666667
2019-07-07 01:00:00,0.12382525
2019-07-07 02:00:00,0.0135717025
2019-07-07 03:00:00,0.3962275
2019-07-07 04:00:00,0.9901416666666667
2019-07-07 05:00:00,1.0
2019-07-07 06:00:00,0.9449166666666667
2019-07-07 07:00:00,0.34546083333333333
2019-07-07 08:00:00,0.022829383333333335
2019-07-07 09:00:00,0.08681255833333333
2019-07-07 10:00:00,0.6294733333333334
2019-07-07 11:00:00,0.9996999999999998
2019-07-07 12:00:00,0.9133083333333333
2019-07-07 13:00:00,0.4334375
2019-07-07 14:00:00,0.046978080000000005
2019-07-07 15:00:00,0.03592564383333334
2019-07-07 16:00:00,0.4016575
2019-07-07 17:00:00,0.9288583333333333
2019-07-07 18:00:00,0.96485
2019-07-07 19:00:00,0.5039908333333333
2019-07-07 20:00:00,0.08168175
2019-07-07 21:00:00,0.014559183333333331
2019-07-07 22:00:00,0.29829916666666667
2019-07-07 23:00:00,0.8061666666666666
2019-07-08 00:00:00,0.8279916666666667
2019-07-08 01:00:00,0.44370666666666664
2019-07-08 02:00:00,0.07238388333333334
2019-07-08 03:00:00,0.019610496583333335
2019-07-08 04:00:00,0.36580416666666665
2019-07-08 05:00:00,0.9532583333333333
2019-07-08 06:00:00,1.0
2019-07-08 07:00:00,0.8655583333333334
2019-07-08 08:00:00,0.27831333333333336
2019-07-08 09:00:00,0.017619700000000002
2019-07-08 10:00:00,0.07408165833333333
2019-07-08 11:00:00,0.50328
2019-07-08 12:00:00,0.850075
2019-07-08 13:00:00,0.7281666666666666
2019-07-08 14:00:00,0.3214933333333334
2019-07-08 15:00:00,0.03095050666666667
2019-07-08 16:00:00,0.025238672916666663
2019-07-08 17:00:00,0.28975083333333335
2019-07-08 18:00:00,0.7536499999999999
2019-07-08 19:00:00,0.8229500000000001
2019-07-08 20:00:00,0.39661250000000003
2019-07-08 21:00:00,0.06112583333333333
2019-07-08 22:00:00,0.011695624999999998
2019-07-08 23:00:00,0.23322916666666668
2019-07-09 00:00:00,0.6379075000000001
2019-07-09 01:00:00,0.6744416666666666
2019-07-09 02:00:00,0.35422
2019-07-09 03:00:00,0.05155699999999999
2019-07-09 04:00:00,0.014974459166666667
2019-07-09 05:00:00,0.26422083333333335
2019-07-09 06:00:00,0.8321
2019-07-09 07:00:00,1.0
2019-07-09 08:00:00,0.7977083333333332
2019-07-09 09:00:00,0.2589325
2019-07-09 10:00:00,0.018950916666666665
2019-07-09 11:00:00,0.052774299999999996
2019-07-09 12:00:00,0.37764416666666667
2019-07-09 13:00:00,0.6644249999999999
2019-07-09 14:00:00,0.5998783333333333
2019-07-09 15:00:00,0.27672250000000004
2019-07-09 16:00:00,0.030449575000000003
2019-07-09 17:00:00,0.013839190110833333
2019-07-09 18:00:00,0.21580749999999999
2019-07-09 19:00:00,0.6409733333333334
2019-07-09 20:00:00,0.7217916666666666
2019-07-09 21:00:00,0.35796083333333334
2019-07-09 22:00:00,0.06457391666666668
2019-07-09 23:00:00,0.0071254000000000005
2019-07-10 00:00:00,0.1752608333333333
2019-07-10 01:00:00,0.52664
2019-07-10 02:00:00,0.5861
2019-07-10 03:00:00,0.31989333333333336
2019-07-10 04:00:00,0.052675625
2019-07-10 05:00:00,0.006371986125000001
2019-07-10 06:00:00,0.17193358333333333
2019-07-10 07:00:00,0.6874175000000001
2019-07-10 08:00:00,1.0
2019-07-10 09:00:00,0.7663833333333333
2019-07-10 10:00:00,0.27317250000000004
2019-07-10 11:00:00,0.026014441666666666
2019-07-10 12:00:00,0.034041216666666665
2019-07-10 13:00:00,0.28734
2019-07-10 14:00:00,0.5633699999999999
2019-07-10 15:00:00,0.5663333333333334
2019-07-10 16:00:00,0.2900183333333333
2019-07-10 17:00:00,0.04017423333333334
2019-07-10 18:00:00,0.008025028333333333
2019-07-10 19:00:00,0.18311333333333335
2019-07-10 20:00:00,0.6041191666666667
2019-07-10 21:00:00,0.7083499999999999
2019-07-10 22:00:00,0.392055
2019-07-10 23:00:00,0.09175591666666667
2019-07-11 00:00:00,0.005401408333333333
2019-07-11 01:00:00,0.14057
2019-07-11 02:00:00,0.46648916666666673
2019-07-11 03:00:00,0.5604416666666666
2019-07-11 04:00:00,0.34783916666666664
2019-07-11 05:00:00,0.07732050000000001
2019-07-11 06:00:00,0.0027727570000000003
2019-07-11 07:00:00,0.12231316666666667
2019-07-11 08:00:00,0.6189808333333334
2019-07-11 09:00:00,0.9919833333333333
2019-07-11 10:00:00,0.7861166666666667
2019-07-11 11:00:00,0.3197983333333333
2019-07-11 12:00:00,0.03905681666666667
2019-07-11 13:00:00,0.023937108333333335
2019-07-11 14:00:00,0.251815
2019-07-11 15:00:00,0.5616558333333334
2019-07-11 16:00:00,0.62375
2019-07-11 17:00:00,0.3434216666666666
2019-07-11 18:00:00,0.05494386666666666
2019-07-11 19:00:00,0.006373969416666666
2019-07-11 20:00:00,0.18428116666666663
2019-07-11 21:00:00,0.6456708333333334
2019-07-11 22:00:00,0.8010083333333334
2019-07-11 23:00:00,0.5012166666666666
2019-07-12 00:00:00,0.13905066666666666
2019-07-12 01:00:00,0.006605408333333333
2019-07-12 02:00:00,0.12840833333333335
2019-07-12 03:00:00,0.45973333333333327
2019-07-12 04:00:00,0.6178750000000001
2019-07-12 05:00:00,0.44798750000000004
2019-07-12 06:00:00,0.12514058333333333
2019-07-12 07:00:00,0.00393103125
2019-07-12 08:00:00,0.10778833333333333
2019-07-12 09:00:00,0.6190558333333334
2019-07-12 10:00:00,0.9953249999999998
2019-07-12 11:00:00,0.8677833333333332
2019-07-12 12:00:00,0.3948725
2019-07-12 13:00:00,0.05309005
2019-07-12 14:00:00,0.024257325
2019-07-12 15:00:00,0.27906000000000003
2019-07-12 16:00:00,0.6575666666666667
2019-07-12 17:00:00,0.7496249999999999
2019-07-12 18:00:00,0.4102941666666667
2019-07-12 19:00:00,0.06597
2019-07-12 20:00:00,0.007751399
2019-07-12 21:00:00,0.22685000000000002
2019-07-12 22:00:00,0.7944249999999999
2019-07-12 23:00:00,0.9848333333333333
2019-07-13 00:00:00,0.6607175
2019-07-13 01:00:00,0.18632033333333337
2019-07-13 02:00:00,0.008508108333333333
2019-07-13 03:00:00,0.14246625
2019-07-13 04:00:00,0.5296966666666666
2019-07-13 05:00:00,0.77875
2019-07-13 06:00:00,0.6009091666666666
2019-07-13 07:00:00,0.17259125
2019-07-13 08:00:00,0.005561184333333333
2019-07-13 09:00:00,0.11849699999999999
2019-07-13 10:00:00,0.6889875
2019-07-13 11:00:00,1.0
2019-07-13 12:00:00,0.955225
2019-07-13 13:00:00,0.4653366666666667
2019-07-13 14:00:00,0.05512174166666667
2019-07-13 15:00:00,0.038789316666666664
2019-07-13 16:00:00,0.37636749999999997
2019-07-13 17:00:00,0.8350583333333332
2019-07-13 18:00:00,0.9019333333333333
2019-07-13 19:00:00,0.4558566666666667
2019-07-13 20:00:00,0.06367213333333333
2019-07-13 21:00:00,0.014924407749999997
2019-07-13 22:00:00,0.33970833333333333
2019-07-13 23:00:00,0.9490166666666666
2019-07-14 00:00:00,1.0
2019-07-14 01:00:00,0.7896083333333332
2019-07-14 02:00:00,0.20222533333333334
2019-07-14 03:00:00,0.010277975
2019-07-14 04:00:00,0.20049499999999998
2019-07-14 05:00:00,0.70337
2019-07-14 06:00:00,0.994175
2019-07-14 07:00:00,0.73176
2019-07-14 08:00:00,0.18489616666666667
2019-07-14 09:00:00,0.005290152333333333
2019-07-14 10:00:00,0.160638
2019-07-14 11:00:00,0.811715
2019-07-14 12:00:00,1.0
2019-07-14 13:00:00,0.9831416666666667
2019-07-14 14:00:00,0.4678125
2019-07-14 15:00:00,0.038682875
2019-07-14 16:00:00,0.080353575
2019-07-14 17:00:00,0.5478183333333333
2019-07-14 18:00:00,0.9796916666666668
2019-07-14 19:00:00,0.9576583333333333
2019-07-14 20:00:00,0.44185833333333335
2019-07-14 21:00:00,0.044039995000000005
2019-07-14 22:00:00,0.040327582499999994
2019-07-14 23:00:00,0.5674808333333333
2019-07-15 00:00:00,1.0
2019-07-15 01:00:00,1.0
2019-07-15 02:00:00,0.7991275
2019-07-15 03:00:00,0.16610733333333333
2019-07-15 04:00:00,0.018755991666666666
2019-07-15 05:00:00,0.33346
2019-07-15 06:00:00,0.911
2019-07-15 07:00:00,1.0
2019-07-15 08:00:00,0.7481300000000001
2019-07-15 09:00:00,0.15265083333333335
2019-07-15 10:00:00,0.0061997665
2019-07-15 11:00:00,0.2634075
2019-07-15 12:00:00,0.9399083333333335
2019-07-15 13:00:00,1.0
2019-07-15 14:00:00,0.9671833333333332
2019-07-15 15:00:00,0.36783166666666667
2019-07-15 16:00:00,0.018177241666666667
2019-07-15 17:00:00,0.17067375
2019-07-15 18:00:00,0.7686616666666667
2019-07-15 19:00:00,1.0
2019-07-15 20:00:00,0.93675
2019-07-15 21:00:00,0.34476999999999997
2019-07-15 22:00:00,0.017731332833333332
2019-07-15 23:00:00,0.11685925
2019-07-16 00:00:00,0.8173291666666667
2019-07-16 01:00:00,1.0
2019-07-16 02:00:00,1.0
2019-07-16 03:00:00,0.6979508333333334
2019-07-16 04:00:00,0.09255191666666666
2019-07-16 05:00:00,0.05577035833333333
2019-07-16 06:00:00,0.5539525
2019-07-16 07:00:00,0.9985416666666667
2019-07-16 08:00:00,1.0
2019-07-16 09:00:00,0.6542191666666666
2019-07-16 10:00:00,0.09345241666666666
2019-07-16 11:00:00,0.01951843275
2019-07-16 12:00:00,0.4680558333333334
2019-07-16 13:00:00,1.0
2019-07-16 14:00:00,1.0
2019-07-16 15:00:00,0.8730333333333334
2019-07-16 16:00:00,0.21195808333333332
2019-07-16 17:00:00,0.01676641666666667
2019-07-16 18:00:00,0.3268808333333333
2019-07-16 19:00:00,0.9261500000000001
2019-07-16 20:00:00,1.0
2019-07-16 21:00:00,0.8268
2019-07-16 22:00:00,0.19333950000000003
2019-07-16 23:00:00,0.006895089666666667
2019-07-17 00:00:00,0.2974875
2019-07-17 01:00:00,0.9738916666666667
2019-07-17 02:00:00,1.0
2019-07-17 03:00:00,0.9959083333333332
2019-07-17 04:00:00,0.467075
2019-07-17 05:00:00,0.03025754166666667
2019-07-17 06:00:00,0.15191208333333334
2019-07-17 07:00:00,0.7793933333333334
2019-07-17 08:00:00,1.0
2019-07-17 09:00:00,0.9838583333333334
2019-07-17 10:00:00,0.4624816666666667
2019-07-17 11:00:00,0.036152289116666673
2019-07-17 12:00:00,0.07160585
2019-07-17 13:00:00,0.7140900000000001
2019-07-17 14:00:00,1.0
2019-07-17 15:00:00,1.0
2019-07-17 16:00:00,0.6401591666666667
2019-07-17 17:00:00,0.08258366666666667
2019-07-17 18:00:00,0.05384006666666667
2019-07-17 19:00:00,0.5314025
2019-07-17 20:00:00,0.9906833333333332
2019-07-17 21:00:00,0.9975083333333333
2019-07-17 22:00:00,0.5689075
2019-07-17 23:00:00,0.06574893333333333
2019-07-18 00:00:00,0.03814418128833333
2019-07-18 01:00:00,0.5899516666666667
2019-07-18 02:00:00,1.0
2019-07-18 03:00:00,1.0
2019-07-18 04:00:00,0.8681916666666666
2019-07-18 05:00:00,0.21625474999999997
2019-07-18 06:00:00,0.014568491666666666
2019-07-18 07:00:00,0.30304333333333333
2019-07-18 08:00:00,0.8932166666666668
2019-07-18 09:00:00,1.0
2019-07-18 10:00:00,0.8535250000000001
2019-07-18 11:00:00,0.24587666666666663
2019-07-18 12:00:00,0.007274113391666667
2019-07-18 13:00:00,0.18993983333333334
2019-07-18 14:00:00,0.8700166666666667
2019-07-18 15:00:00,1.0
2019-07-18 16:00:00,0.90935
2019-07-18 17:00:00,0.31665166666666666
2019-07-18 18:00:00,0.019882258333333337
2019-07-18 19:00:00,0.14372574999999999
2019-07-18 20:00:00,0.7020333333333333
2019-07-18 21:00:00,1.0
2019-07-18 22:00:00,0.8341416666666668
2019-07-18 23:00:00,0.27246333333333334
2019-07-19 00:00:00,0.010228321666666667
2019-07-19 01:00:00,0.14791266666666666
2019-07-19 02:00:00,0.8296625
2019-07-19 03:00:00,1.0
2019-07-19 04:00:00,1.0
2019-07-19 05:00:00,0.5400066666666666
2019-07-19 06:00:00,0.06552341666666667
2019-07-19 07:00:00,0.04514278333333333
2019-07-19 08:00:00,0.4316041666666666
2019-07-19 09:00:00,0.8759833333333334
2019-07-19 10:00:00,0.9341000000000002
2019-07-19 11:00:00,0.5441774999999999
2019-07-19 12:00:00,0.08426047500000002
2019-07-19 13:00:00,0.0174046195
2019-07-19 14:00:00,0.3290858333333333
2019-07-19 15:00:00,0.9075
2019-07-19 16:00:00,0.9739999999999999
2019-07-19 17:00:00,0.5505258333333333
2019-07-19 18:00:00,0.11100466666666668
2019-07-19 19:00:00,0.01394325
2019-07-19 20:00:00,0.26466666666666666
2019-07-19 21:00:00,0.7287916666666666
2019-07-19 22:00:00,0.8075166666666667
2019-07-19 23:00:00,0.47842583333333333
2019-07-20 00:00:00,0.085023
2019-07-20 01:00:00,0.01515398675
2019-07-20 02:00:00,0.3326308333333333
2019-07-20 03:00:00,0.9406083333333334
2019-07-20 04:00:00,1.0
2019-07-20 05:00:00,0.8052416666666666
2019-07-20 06:00:00,0.23442333333333334
2019-07-20 07:00:00,0.013531333333333333
2019-07-20 08:00:00,0.09756158333333334
2019-07-20 09:00:00,0.4602983333333333
2019-07-20 10:00:00,0.6960416666666667
2019-07-20 11:00:00,0.6200666666666667
2019-07-20 12:00:00,0.2564166666666667
2019-07-20 13:00:00,0.015232408333333334
2019-07-20 14:00:00,0.05661303333333333
2019-07-20 15:00:00,0.37446166666666664
2019-07-20 16:00:00,0.6972
2019-07-20 17:00:00,0.6015925
2019-07-20 18:00:00,0.24285666666666667
2019-07-20 19:00:00,0.025403158333333335
2019-07-20 20:00:00,0.042587216666666664
2019-07-20 21:00:00,0.33553499999999997
2019-07-20 22:00:00,0.5909916666666666
2019-07-20 23:00:00,0.5026791666666667
2019-07-21 00:00:00,0.21262666666666663
2019-07-21 01:00:00,0.014812743333333333
2019-07-21 02:00:00,0.06728916666666666
2019-07-21 03:00:00,0.4758691666666667
2019-07-21 04:00:00,0.9339
2019-07-21 05:00:00,0.8859166666666666
2019-07-21 06:00:00,0.43177166666666666
2019-07-21 07:00:00,0.08337108333333333
2019-07-21 08:00:00,0.007211141666666667
2019-07-21 09:00:00,0.13385466666666665
2019-07-21 10:00:00,0.3916616666666667
2019-07-21 11:00:00,0.4735641666666667
2019-07-21 12:00:00,0.3426325
2019-07-21 13:00:00,0.08828683333333333
2019-07-21 14:00:00,0.0033599608333333333
2019-07-21 15:00:00,0.08712833333333334
2019-07-21 16:00:00,0.30257333333333336
2019-07-21 17:00:00,0.43192
2019-07-21 18:00:00,0.30840249999999997
2019-07-21 19:00:00,0.08844783333333334
2019-07-21 20:00:00,0.005243116666666666
2019-07-21 21:00:00,0.07393083333333333
2019-07-21 22:00:00,0.30323416666666664
2019-07-21 23:00:00,0.38959250000000006
2019-07-22 00:00:00,0.26719166666666666
2019-07-22 01:00:00,0.07377966666666666
2019-07-22 02:00:00,0.004317723333333334
2019-07-22 03:00:00,0.13064475
2019-07-22 04:00:00,0.4657825
2019-07-22 05:00:00,0.6691333333333334
2019-07-22 06:00:00,0.5252366666666667
2019-07-22 07:00:00,0.21132
2019-07-22 08:00:00,0.027659858333333336
2019-07-22 09:00:00,0.012262575
2019-07-22 10:00:00,0.1332266666666667
2019-07-22 11:00:00,0.2814608333333333
2019-07-22 12:00:00,0.2841933333333333
2019-07-22 13:00:00,0.16450166666666668
2019-07-22 14:00:00,0.024926133333333333
2019-07-22 15:00:00,0.006642829166666667
2019-07-22 16:00:00,0.07965325
2019-07-22 17:00:00,0.2009825
2019-07-22 18:00:00,0.2546375
2019-07-22 19:00:00,0.15454583333333333
2019-07-22 20:00:00,0.03103766666666667
2019-07-22 21:00:00,0.004470758333333333
2019-07-22 22:00:00,0.07472008333333334
2019-07-22 23:00:00,0.21357333333333334
2019-07-23 00:00:00,0.22970166666666667
2019-07-23 01:00:00,0.13216416666666667
2019-07-23 02:00:00,0.022250633333333335
2019-07-23 03:00:00,0.010906169166666667
2019-07-23 04:00:00,0.14008583333333335
2019-07-23 05:00:00,0.3440833333333333
2019-07-23 06:00:00,0.4314633333333333
2019-07-23 07:00:00,0.31383833333333333
2019-07-23 08:00:00,0.11081191666666668
2019-07-23 09:00:00,0.010808041666666665
2019-07-23 10:00:00,0.014971725000000002
2019-07-23 11:00:00,0.10718166666666668
2019-07-23 12:00:00,0.18456333333333333
2019-07-23 13:00:00,0.1673125
2019-07-23 14:00:00,0.08342791666666667
2019-07-23 15:00:00,0.008785430833333333
2019-07-23 16:00:00,0.006725595833333333
2019-07-23 17:00:00,0.055663833333333336
2019-07-23 18:00:00,0.13570833333333332
2019-07-23 19:00:00,0.16811249999999997
2019-07-23 20:00:00,0.09128449999999999
2019-07-23 21:00:00,0.015677091666666667
2019-07-23 22:00:00,0.0038297166666666667
2019-07-23 23:00:00,0.05294316666666667
2019-07-24 00:00:00,0.138135
2019-07-24 01:00:00,0.14078416666666668
2019-07-24 02:00:00,0.07232266666666667
2019-07-24 03:00:00,0.008557065
2019-07-24 04:00:00,0.011336834166666667
2019-07-24 05:00:00,0.09900683333333334
2019-07-24 06:00:00,0.2298875
2019-07-24 07:00:00,0.3010758333333333
2019-07-24 08:00:00,0.21898749999999997
2019-07-24 09:00:00,0.07323633333333333
2019-07-24 10:00:00,0.006667941666666666
2019-07-24 11:00:00,0.013184391666666666
2019-07-24 12:00:00,0.079747
2019-07-24 13:00:00,0.1302125
2019-07-24 14:00:00,0.12145083333333333
2019-07-24 15:00:00,0.0613335
2019-07-24 16:00:00,0.006418888333333333
2019-07-24 17:00:00,0.004233338333333334
2019-07-24 18:00:00,0.04150691666666667
2019-07-24 19:00:00,0.11603166666666667
2019-07-24 20:00:00,0.1464675
2019-07-24 21:00:00,0.08076658333333332
2019-07-24 22:00:00,0.01674928333333333
2019-07-24 23:00:00,0.00227755
2019-07-25 00:00:00,0.035708250000000004
2019-07-25 01:00:00,0.10248416666666665
2019-07-25 02:00:00,0.10859
2019-07-25 03:00:00,0.057979833333333335
2019-07-25 04:00:00,0.007596573333333333
2019-07-25 05:00:00,0.005288454166666666
2019-07-25 06:00:00,0.061354333333333344
2019-07-25 07:00:00,0.17997416666666666
2019-07-25 08:00:00,0.2654916666666667
2019-07-25 09:00:00,0.19760999999999998
2019-07-25 10:00:00,0.06905516666666667
2019-07-25 11:00:00,0.007191991666666667
2019-07-25 12:00:00,0.010625433333333333
2019-07-25 13:00:00,0.06938491666666667
2019-07-25 14:00:00,0.12534666666666666
2019-07-25 15:00:00,0.1323625
2019-07-25 16:00:00,0.07268033333333332
2019-07-25 17:00:00,0.00877793
2019-07-25 18:00:00,0.0031864624999999995
2019-07-25 19:00:00,0.044928249999999996
2019-07-25 20:00:00,0.14086083333333335
2019-07-25 21:00:00,0.18228583333333334
2019-07-25 22:00:00,0.11232666666666667
2019-07-25 23:00:00,0.030499083333333333
2019-07-26 00:00:00,0.0023677416666666663
2019-07-26 01:00:00,0.03300408333333334
2019-07-26 02:00:00,0.10546166666666666
2019-07-26 03:00:00,0.12377
2019-07-26 04:00:00,0.08023941666666667
2019-07-26 05:00:00,0.0159585
2019-07-26 06:00:00,0.00210087475
2019-07-26 07:00:00,0.05114041666666666
2019-07-26 08:00:00,0.196155
2019-07-26 09:00:00,0.30703833333333336
2019-07-26 10:00:00,0.23422250000000003
2019-07-26 11:00:00,0.08998691666666668
2019-07-26 12:00:00,0.010286841666666666
2019-07-26 13:00:00,0.011762724999999998
2019-07-26 14:00:00,0.08962674999999999
2019-07-26 15:00:00,0.1787275
2019-07-26 16:00:00,0.19914916666666665
2019-07-26 17:00:00,0.10794833333333335
2019-07-26 18:00:00,0.012856740833333333
2019-07-26 19:00:00,0.004883033166666667
2019-07-26 20:00:00,0.07472091666666666
2019-07-26 21:00:00,0.2305141666666667
2019-07-26 22:00:00,0.2938908333333333
2019-07-26 23:00:00,0.18995083333333335
2019-07-27 00:00:00,0.05334350000000001
2019-07-27 01:00:00,0.0033783499999999996
2019-07-27 02:00:00,0.04919783333333333
2019-07-27 03:00:00,0.15722333333333333
2019-07-27 04:00:00,0.20352166666666666
2019-07-27 05:00:00,0.151475
2019-07-27 06:00:00,0.03611291666666667
2019-07-27 07:00:00,0.0021950888333333333
2019-07-27 08:00:00,0.07049558333333333
2019-07-27 09:00:00,0.28475333333333336
2019-07-27 10:00:00,0.4357391666666667
2019-07-27 11:00:00,0.335905
2019-07-27 12:00:00,0.13144666666666666
2019-07-27 13:00:00,0.012730725
2019-07-27 14:00:00,0.023441675
2019-07-27 15:00:00,0.16548749999999998
2019-07-27 16:00:00,0.31354
2019-07-27 17:00:00,0.3228333333333333
2019-07-27 18:00:00,0.152335
2019-07-27 19:00:00,0.013986596666666663
2019-07-27 20:00:00,0.013553529166666667
2019-07-27 21:00:00,0.1606683333333333
2019-07-27 22:00:00,0.43268
2019-07-27 23:00:00,0.5010016666666667
2019-07-28 00:00:00,0.2952841666666667
2019-07-28 01:00:00,0.06708258333333333
2019-07-28 02:00:00,0.005615166666666667
2019-07-28 03:00:00,0.10463725
2019-07-28 04:00:00,0.2981058333333333
2019-07-28 05:00:00,0.383545
2019-07-28 06:00:00,0.26868499999999995
2019-07-28 07:00:00,0.054267166666666665
2019-07-28 08:00:00,0.0049711991666666665
2019-07-28 09:00:00,0.13289816666666668
2019-07-28 10:00:00,0.47818000000000005
2019-07-28 11:00:00,0.6833166666666667
2019-07-28 12:00:00,0.4999241666666666
2019-07-28 13:00:00,0.1698666666666667
2019-07-28 14:00:00,0.0102921
2019-07-28 15:00:00,0.06585641666666668
2019-07-28 16:00:00,0.3380699999999999
2019-07-28 17:00:00,0.5424475000000001
2019-07-28 18:00:00,0.4761908333333333
2019-07-28 19:00:00,0.17847666666666664
2019-07-28 20:00:00,0.009652683166666667
2019-07-28 21:00:00,0.04593577499999999
2019-07-28 22:00:00,0.3639958333333333
2019-07-28 23:00:00,0.7933916666666666
2019-07-29 00:00:00,0.772075
2019-07-29 01:00:00,0.37242250000000005
2019-07-29 02:00:00,0.057170458333333334
2019-07-29 03:00:00,0.019252491666666663
2019-07-29 04:00:00,0.25086083333333337
2019-07-29 05:00:00,0.5827816666666666
2019-07-29 06:00:00,0.6552583333333334
2019-07-29 07:00:00,0.3726425
2019-07-29 08:00:00,0.05184020833333333
2019-07-29 09:00:00,0.016005094166666664
2019-07-29 10:00:00,0.27184749999999996
2019-07-29 11:00:00,0.8233833333333332
2019-07-29 12:00:00,0.9940333333333332
2019-07-29 13:00:00,0.6620941666666667
2019-07-29 14:00:00,0.16713058333333333
2019-07-29 15:00:00,0.007733316666666667
2019-07-29 16:00:00,0.179843
2019-07-29 17:00:00,0.6320941666666667
2019-07-29 18:00:00,0.8295833333333333
2019-07-29 19:00:00,0.5989091666666667
2019-07-29 20:00:00,0.1641986666666667
2019-07-29 21:00:00,0.004801622
2019-07-29 22:00:00,0.14519108333333336
2019-07-29 23:00:00,0.7451116666666667
2019-07-30 00:00:00,1.0
2019-07-30 01:00:00,0.9262833333333333
2019-07-30 02:00:00,0.37332166666666666
2019-07-30 03:00:00,0.03244208333333333
2019-07-30 04:00:00,0.07528274166666667
2019-07-30 05:00:00,0.5549125
2019-07-30 06:00:00,0.9735666666666667
2019-07-30 07:00:00,0.9050333333333334
2019-07-30 08:00:00,0.40049833333333335
2019-07-30 09:00:00,0.034397511416666665
2019-07-30 10:00:00,0.049631741666666666
2019-07-30 11:00:00,0.5385725
2019-07-30 12:00:00,1.0
2019-07-30 13:00:00,1.0
2019-07-30 14:00:00,0.7021033333333334
2019-07-30 15:00:00,0.11793516666666667
2019-07-30 16:00:00,0.023402783333333333
2019-07-30 17:00:00,0.40512
2019-07-30 18:00:00,0.9552916666666665
2019-07-30 19:00:00,0.99395
2019-07-30 20:00:00,0.63006
2019-07-30 21:00:00,0.11373375000000001
2019-07-30 22:00:00,0.014002107500000001
2019-07-30 23:00:00,0.38050083333333334
2019-07-31 00:00:00,0.9865749999999999
2019-07-31 01:00:00,1.0
2019-07-31 02:00:00,0.9293583333333334
2019-07-31 03:00:00,0.2997758333333333
2019-07-31 04:00:00,0.01332935
2019-07-31 05:00:00,0.22868775
2019-07-31 06:00:00,0.9065916666666668
2019-07-31 07:00:00,1.0
2019-07-31 08:00:00,0.9417666666666666
2019-07-31 09:00:00,0.3565633333333333
2019-07-31 10:00:00,0.017131342293008334
2019-07-31 11:00:00,0.13297841666666665
2019-07-31 12:00:00,0.8332641666666666
2019-07-31 13:00:00,1.0
2019-07-31 14:00:00,1.0
2019-07-31 15:00:00,0.6067716666666666
2019-07-31 16:00:00,0.05976172500000001
2019-07-31 17:00:00,0.08256683333333333
2019-07-31 18:00:00,0.7197458333333333
2019-07-31 19:00:00,1.0
2019-07-31 20:00:00,0.9971
2019-07-31 21:00:00,0.5511633333333333
2019-07-31 22:00:00,0.056722045000000006
2019-07-31 23:00:00,0.06496292083333334
2019-08-01 00:00:00,0.7246300000000001
2019-08-01 01:00:00,1.0
2019-08-01 02:00:00,1.0
2019-08-01 03:00:00,0.8714166666666666
2019-08-01 04:00:00,0.19287575
2019-08-01 05:00:00,0.019874858333333335
2019-08-01 06:00:00,0.5048966666666667
2019-08-01 07:00:00,1.0
2019-08-01 08:00:00,1.0
2019-08-01 09:00:00,0.916825
2019-08-01 10:00:00,0.2779758333333333
2019-08-01 11:00:00,0.00873197975
2019-08-01 12:00:00,0.3004096666666667
2019-08-01 13:00:00,0.9812416666666667
2019-08-01 14:00:00,1.0
2019-08-01 15:00:00,0.9941833333333334
2019-08-01 16:00:00,0.42528
2019-08-01 17:00:00,0.02294394166666667
2019-08-01 18:00:00,0.20750191666666665
2019-08-01 19:00:00,0.9226083333333334
2019-08-01 20:00:00,1.0
2019-08-01 21:00:00,0.9746833333333332
2019-08-01 22:00:00,0.40274750000000004
2019-08-01 23:00:00,0.019525610416666665
2019-08-02 00:00:00,0.1969689166666667
2019-08-02 01:00:00,0.943375
2019-08-02 02:00:00,1.0
2019-08-02 03:00:00,1.0
2019-08-02 04:00:00,0.7541483333333333
2019-08-02 05:00:00,0.09937070833333334
2019-08-02 06:00:00,0.06700401666666667
2019-08-02 07:00:00,0.7485025000000001
2019-08-02 08:00:00,1.0
2019-08-02 09:00:00,1.0
2019-08-02 10:00:00,0.8565916666666668
2019-08-02 11:00:00,0.18665658333333332
2019-08-02 12:00:00,0.018337884166666665
2019-08-02 13:00:00,0.5373616666666667
2019-08-02 14:00:00,1.0
2019-08-02 15:00:00,1.0
2019-08-02 16:00:00,0.9243416666666667
2019-08-02 17:00:00,0.257075
2019-08-02 18:00:00,0.013431616666666668
2019-08-02 19:00:00,0.39414416666666663
2019-08-02 20:00:00,1.0
2019-08-02 21:00:00,1.0
2019-08-02 22:00:00,0.8948666666666667
2019-08-02 23:00:00,0.25020624999999996
2019-08-03 00:00:00,0.010159155
2019-08-03 01:00:00,0.4258108333333333
2019-08-03 02:00:00,1.0
2019-08-03 03:00:00,1.0
2019-08-03 04:00:00,1.0
2019-08-03 05:00:00,0.581415
2019-08-03 06:00:00,0.042292891666666665
2019-08-03 07:00:00,0.14613108333333336
2019-08-03 08:00:00,0.8782583333333333
2019-08-03 09:00:00,1.0
2019-08-03 10:00:00,1.0
2019-08-03 11:00:00,0.7365208333333334
2019-08-03 12:00:00,0.09999818333333334
2019-08-03 13:00:00,0.05466912464166668
2019-08-03 14:00:00,0.7082283333333333
2019-08-03 15:00:00,1.0
2019-08-03 16:00:00,1.0
2019-08-03 17:00:00,0.7782641666666668
2019-08-03 18:00:00,0.13729741666666667
2019-08-03 19:00:00,0.02938420833333333
2019-08-03 20:00:00,0.5777291666666666
2019-08-03 21:00:00,1.0
2019-08-03 22:00:00,1.0
2019-08-03 23:00:00,0.7503508333333333
2019-08-04 00:00:00,0.13444858333333334
2019-08-04 01:00:00,0.029753766075
2019-08-04 02:00:00,0.6383066666666667
2019-08-04 03:00:00,1.0
2019-08-04 04:00:00,1.0
2019-08-04 05:00:00,0.9853000000000002
2019-08-04 06:00:00,0.38038249999999996
2019-08-04 07:00:00,0.017014241666666666
2019-08-04 08:00:00,0.22057291666666667
2019-08-04 09:00:00,0.9240416666666665
2019-08-04 10:00:00,1.0
2019-08-04 11:00:00,1.0
2019-08-04 12:00:00,0.5342775000000001
2019-08-04 13:00:00,0.04017551383333333
2019-08-04 14:00:00,0.10530316666666667
2019-08-04 15:00:00,0.780495
2019-08-04 16:00:00,1.0
2019-08-04 17:00:00,1.0
2019-08-04 18:00:00,0.5716100000000001
2019-08-04 19:00:00,0.06510186666666667
2019-08-04 20:00:00,0.06054783333333333
2019-08-04 21:00:00,0.6665108333333333
2019-08-04 22:00:00,1.0
2019-08-04 23:00:00,0.9920333333333333
2019-08-05 00:00:00,0.5493049999999999
2019-08-05 01:00:00,0.0628526975
2019-08-05 02:00:00,0.0685093475
2019-08-05 03:00:00,0.7389249999999999
2019-08-05 04:00:00,1.0
2019-08-05 05:00:00,1.0
2019-08-05 06:00:00,0.8991166666666668
2019-08-05 07:00:00,0.23940916666666667
2019-08-05 08:00:00,0.009483499999999999
2019-08-05 09:00:00,0.2548533333333333
2019-08-05 10:00:00,0.9122750000000001
2019-08-05 11:00:00,1.0
2019-08-05 12:00:00,0.9152333333333332
2019-08-05 13:00:00,0.32543
2019-08-05 14:00:00,0.012981075166666666
2019-08-05 15:00:00,0.133991
2019-08-05 16:00:00,0.74693
2019-08-05 17:00:00,1.0
2019-08-05 18:00:00,0.9447333333333334
2019-08-05 19:00:00,0.37721166666666667
2019-08-05 20:00:00,0.029314975000000004
2019-08-05 21:00:00,0.08183725833333334
2019-08-05 22:00:00,0.6352166666666667
2019-08-05 23:00:00,1.0
2019-08-06 00:00:00,0.8964916666666666
2019-08-06 01:00:00,0.37139083333333334
2019-08-06 02:00:00,0.026525184166666667
2019-08-06 03:00:00,0.093776025
2019-08-06 04:00:00,0.7192541666666666
2019-08-06 05:00:00,1.0
2019-08-06 06:00:00,1.0
2019-08-06 07:00:00,0.7536391666666666
2019-08-06 08:00:00,0.15539316666666667
2019-08-06 09:00:00,0.008096066666666667
2019-08-06 10:00:00,0.23775916666666672
2019-08-06 11:00:00,0.8074583333333334
2019-08-06 12:00:00,0.986275
2019-08-06 13:00:00,0.6850291666666667
2019-08-06 14:00:00,0.18653283333333334
2019-08-06 15:00:00,0.00515994755
2019-08-06 16:00:00,0.12114683333333334
2019-08-06 17:00:00,0.60627
2019-08-06 18:00:00,0.9904000000000001
2019-08-06 19:00:00,0.7917666666666666
2019-08-06 20:00:00,0.25343666666666664
2019-08-06 21:00:00,0.015895208333333334
2019-08-06 22:00:00,0.07433386666666666
2019-08-06 23:00:00,0.5014766666666666
2019-08-07 00:00:00,0.8499083333333333
2019-08-07 01:00:00,0.6838000000000001
2019-08-07 02:00:00,0.24515583333333335
2019-08-07 03:00:00,0.012387281941666667
2019-08-07 04:00:00,0.07731808333333333
2019-08-07 05:00:00,0.5317116666666667
2019-08-07 06:00:00,0.9876999999999999
2019-08-07 07:00:00,0.9928666666666668
2019-08-07 08:00:00,0.5791316666666666
2019-08-07 09:00:00,0.11178049999999999
2019-08-07 10:00:00,0.006755466666666666
2019-08-07 11:00:00,0.18175108333333334
2019-08-07 12:00:00,0.5852591666666667
2019-08-07 13:00:00,0.7195083333333333
2019-08-07 14:00:00,0.480755
2019-08-07 15:00:00,0.12122866666666667
2019-08-07 16:00:00,0.00312198225
2019-08-07 17:00:00,0.08630608333333332
2019-08-07 18:00:00,0.4623108333333334
2019-08-07 19:00:00,0.818125
2019-08-07 20:00:00,0.6154141666666666
2019-08-07 21:00:00,0.19874916666666667
2019-08-07 22:00:00,0.014435416666666666
2019-08-07 23:00:00,0.04904701666666667
2019-08-08 00:00:00,0.3568625
2019-08-08 01:00:00,0.6266166666666667
2019-08-08 02:00:00,0.5092450000000001
2019-08-08 03:00:00,0.18012583333333335
2019-08-08 04:00:00,0.009788943250000001
2019-08-08 05:00:00,0.03913791666666667
2019-08-08 06:00:00,0.33362416666666667
2019-08-08 07:00:00,0.8282166666666667
2019-08-08 08:00:00,0.8981583333333333
2019-08-08 09:00:00,0.467665
2019-08-08 10:00:00,0.09882558333333334
2019-08-08 11:00:00,0.004843508333333333
2019-08-08 12:00:00,0.11773241666666669
2019-08-08 13:00:00,0.4091075
2019-08-08 14:00:00,0.5429833333333334
2019-08-08 15:00:00,0.3869433333333333
2019-08-08 16:00:00,0.10610658333333334
2019-08-08 17:00:00,0.003187477416666666
2019-08-08 18:00:00,0.0554035
2019-08-08 19:00:00,0.36314083333333336
2019-08-08 20:00:00,0.6859833333333334
2019-08-08 21:00:00,0.5432716666666667
2019-08-08 22:00:00,0.2077475
2019-08-08 23:00:00,0.023020408333333332
2019-08-09 00:00:00,0.027207825000000005
2019-08-09 01:00:00,0.24672
2019-08-09 02:00:00,0.473075
2019-08-09 03:00:00,0.42237166666666665
2019-08-09 04:00:00,0.17855999999999997
2019-08-09 05:00:00,0.01696522166666667
2019-08-09 06:00:00,0.014251634333333332
2019-08-09 07:00:00,0.2158475
2019-08-09 08:00:00,0.6541750000000001
2019-08-09 09:00:00,0.7631583333333333
2019-08-09 10:00:00,0.4376591666666667
2019-08-09 11:00:00,0.11542625
2019-08-09 12:00:00,0.005213291666666667
2019-08-09 13:00:00,0.07493991666666666
2019-08-09 14:00:00,0.3178333333333333
2019-08-09 15:00:00,0.4852033333333333
2019-08-09 16:00:00,0.38673250000000003
2019-08-09 17:00:00,0.12386933333333333
2019-08-09 18:00:00,0.005891805833333334
2019-08-09 19:00:00,0.03853385833333334
2019-08-09 20:00:00,0.3210941666666667
2019-08-09 21:00:00,0.6607916666666667
2019-08-09 22:00:00,0.58546
2019-08-09 23:00:00,0.27717083333333337
2019-08-10 00:00:00,0.04359466666666667
2019-08-10 01:00:00,0.016011416666666667
2019-08-10 02:00:00,0.18561166666666667
2019-08-10 03:00:00,0.4126016666666667
2019-08-10 04:00:00,0.4452683333333334
2019-08-10 05:00:00,0.24353999999999998
2019-08-10 06:00:00,0.03893244166666667
2019-08-10 07:00:00,0.005908774
2019-08-10 08:00:00,0.16708316666666664
2019-08-10 09:00:00,0.5899808333333333
2019-08-10 10:00:00,0.7483333333333333
2019-08-10 11:00:00,0.49571
2019-08-10 12:00:00,0.16140166666666667
2019-08-10 13:00:00,0.008909991666666667
2019-08-10 14:00:00,0.06207716666666666
2019-08-10 15:00:00,0.3138241666666667
2019-08-10 16:00:00,0.5338975
2019-08-10 17:00:00,0.4578433333333334
2019-08-10 18:00:00,0.16173666666666667
2019-08-10 19:00:00,0.010179975583333334
2019-08-10 20:00:00,0.03684956666666667
2019-08-10 21:00:00,0.3513575
2019-08-10 22:00:00,0.7643583333333334
2019-08-10 23:00:00,0.7384499999999999
2019-08-11 00:00:00,0.38976333333333335
2019-08-11 01:00:00,0.06859566666666667
2019-08-11 02:00:00,0.013508366666666667
2019-08-11 03:00:00,0.18018916666666665
2019-08-11 04:00:00,0.4669325
2019-08-11 05:00:00,0.5888583333333333
2019-08-11 06:00:00,0.36170499999999994
2019-08-11 07:00:00,0.06771891666666666
2019-08-11 08:00:00,0.004733114250000001
2019-08-11 09:00:00,0.16838275
2019-08-11 10:00:00,0.6370208333333333
2019-08-11 11:00:00,0.8689666666666667
2019-08-11 12:00:00,0.6312541666666667
2019-08-11 13:00:00,0.21407583333333335
2019-08-11 14:00:00,0.0114377
2019-08-11 15:00:00,0.07984116666666666
2019-08-11 16:00:00,0.39484500000000006
2019-08-11 17:00:00,0.6730916666666666
2019-08-11 18:00:00,0.56809
2019-08-11 19:00:00,0.19456500000000002
2019-08-11 20:00:00,0.011201194999999999
2019-08-11 21:00:00,0.055872750000000006
2019-08-11 22:00:00,0.4831125
2019-08-11 23:00:00,0.9658
2019-08-12 00:00:00,0.9370166666666667
2019-08-12 01:00:00,0.48944250000000006
2019-08-12 02:00:00,0.07678725
2019-08-12 03:00:00,0.019932333333333333
2019-08-12 04:00:00,0.2473925
2019-08-12 05:00:00,0.6537375
2019-08-12 06:00:00,0.8171083333333332
2019-08-12 07:00:00,0.46562416666666673
2019-08-12 08:00:00,0.07734941666666667
2019-08-12 09:00:00,0.007216554166666667
2019-08-12 10:00:00,0.2263508333333333
2019-08-12 11:00:00,0.813725
2019-08-12 12:00:00,1.0
2019-08-12 13:00:00,0.7659916666666666
2019-08-12 14:00:00,0.21989666666666666
2019-08-12 15:00:00,0.009766141666666667
2019-08-12 16:00:00,0.14118841666666668
2019-08-12 17:00:00,0.5635083333333334
2019-08-12 18:00:00,0.8665166666666666
2019-08-12 19:00:00,0.6530283333333334
2019-08-12 20:00:00,0.18494583333333334
2019-08-12 21:00:00,0.006443735000000001
2019-08-12 22:00:00,0.11973516666666667
2019-08-12 23:00:00,0.7374658333333334
2019-08-13 00:00:00,1.0
2019-08-13 01:00:00,0.9827833333333332
2019-08-13 02:00:00,0.49829
2019-08-13 03:00:00,0.05485818333333334
2019-08-13 04:00:00,0.048478325
2019-08-13 05:00:00,0.41807083333333334
2019-08-13 06:00:00,0.9164
2019-08-13 07:00:00,0.9624250000000001
2019-08-13 08:00:00,0.4725466666666667
2019-08-13 09:00:00,0.057558725
2019-08-13 10:00:00,0.019106345833333333
2019-08-13 11:00:00,0.3771633333333333
2019-08-13 12:00:00,0.9691500000000001
2019-08-13 13:00:00,1.0
2019-08-13 14:00:00,0.7522241666666666
2019-08-13 15:00:00,0.15381258333333334
2019-08-13 16:00:00,0.016008841666666666
2019-08-13 17:00:00,0.27234583333333334
2019-08-13 18:00:00,0.8004333333333333
2019-08-13 19:00:00,0.9921
2019-08-13 20:00:00,0.6273658333333333
2019-08-13 21:00:00,0.12045050000000002
2019-08-13 22:00:00,0.0070423421666666675
2019-08-13 23:00:00,0.28088833333333335
2019-08-14 00:00:00,0.9451666666666667
2019-08-14 01:00:00,1.0
2019-08-14 02:00:00,0.9611166666666666
2019-08-14 03:00:00,0.3810316666666666
2019-08-14 04:00:00,0.0220587
2019-08-14 05:00:00,0.13459191666666667
2019-08-14 06:00:00,0.6836841666666668
2019-08-14 07:00:00,1.0
2019-08-14 08:00:00,0.9400499999999999
2019-08-14 09:00:00,0.36906083333333334
2019-08-14 10:00:00,0.025631331766666668
2019-08-14 11:00:00,0.062995975
2019-08-14 12:00:00,0.6424283333333334
2019-08-14 13:00:00,1.0
2019-08-14 14:00:00,1.0
2019-08-14 15:00:00,0.5697816666666667
2019-08-14 16:00:00,0.06582914166666666
2019-08-14 17:00:00,0.05668899166666667
2019-08-14 18:00:00,0.4863233333333333
2019-08-14 19:00:00,0.9640666666666668
2019-08-14 20:00:00,0.9657083333333333
2019-08-14 21:00:00,0.46074916666666665
2019-08-14 22:00:00,0.044563316666666665
2019-08-14 23:00:00,0.04252120625
2019-08-15 00:00:00,0.5875233333333333
2019-08-15 01:00:00,1.0
2019-08-15 02:00:00,1.0
2019-08-15 03:00:00,0.8497500000000001
2019-08-15 04:00:00,0.19892833333333332
2019-08-15 05:00:00,0.015890116666666666
2019-08-15 06:00:00,0.30731833333333336
2019-08-15 07:00:00,0.8917666666666666
2019-08-15 08:00:00,1.0
2019-08-15 09:00:00,0.8196916666666667
2019-08-15 10:00:00,0.21227975000000002
2019-08-15 11:00:00,0.006067772750833334
2019-08-15 12:00:00,0.18168600000000001
2019-08-15 13:00:00,0.865775
2019-08-15 14:00:00,1.0
2019-08-15 15:00:00,0.90875
2019-08-15 16:00:00,0.3012625
2019-08-15 17:00:00,0.016657041666666667
2019-08-15 18:00:00,0.16588916666666667
2019-08-15 19:00:00,0.7304041666666667
2019-08-15 20:00:00,1.0
2019-08-15 21:00:00,0.8198000000000001
2019-08-15 22:00:00,0.23639333333333337
2019-08-15 23:00:00,0.007275817416666666
2019-08-16 00:00:00,0.16901291666666668
2019-08-16 01:00:00,0.8653416666666668
2019-08-16 02:00:00,1.0
2019-08-16 03:00:00,1.0
2019-08-16 04:00:00,0.56865
2019-08-16 05:00:00,0.06288486666666666
2019-08-16 06:00:00,0.062414316666666664
2019-08-16 07:00:00,0.51168
2019-08-16 08:00:00,0.9640583333333335
2019-08-16 09:00:00,0.9828333333333334
2019-08-16 10:00:00,0.5562533333333334
2019-08-16 11:00:00,0.07885025833333334
2019-08-16 12:00:00,0.018611147916666668
2019-08-16 13:00:00,0.38062000000000007
2019-08-16 14:00:00,0.97
2019-08-16 15:00:00,0.9982833333333333
2019-08-16 16:00:00,0.5942791666666667
2019-08-16 17:00:00,0.10517699999999999
2019-08-16 18:00:00,0.022042508333333335
2019-08-16 19:00:00,0.3459916666666667
2019-08-16 20:00:00,0.8711249999999999
2019-08-16 21:00:00,0.9354416666666667
2019-08-16 22:00:00,0.5096391666666666
2019-08-16 23:00:00,0.07501896666666667
2019-08-17 00:00:00,0.021510335000000002
2019-08-17 01:00:00,0.4252525
2019-08-17 02:00:00,0.9933333333333333
2019-08-17 03:00:00,1.0
2019-08-17 04:00:00,0.8743333333333334
2019-08-17 05:00:00,0.25471249999999995
2019-08-17 06:00:00,0.013097975
2019-08-17 07:00:00,0.16022450000000002
2019-08-17 08:00:00,0.6298808333333333
2019-08-17 09:00:00,0.8931749999999999
2019-08-17 10:00:00,0.7533666666666666
2019-08-17 11:00:00,0.2819566666666667
2019-08-17 12:00:00,0.014496257916666666
2019-08-17 13:00:00,0.08024990000000001
2019-08-17 14:00:00,0.5499091666666667
2019-08-17 15:00:00,0.9772250000000001
2019-08-17 16:00:00,0.7615916666666667
2019-08-17 17:00:00,0.2683541666666666
2019-08-17 18:00:00,0.022139741666666667
2019-08-17 19:00:00,0.08086733333333333
2019-08-17 20:00:00,0.507885
2019-08-17 21:00:00,0.8074583333333333
2019-08-17 22:00:00,0.64114
2019-08-17 23:00:00,0.23649
2019-08-18 00:00:00,0.012090656500000001
2019-08-18 01:00:00,0.1059745
2019-08-18 02:00:00,0.7037425
2019-08-18 03:00:00,1.0
2019-08-18 04:00:00,0.9871333333333332
2019-08-18 05:00:00,0.5174375000000001
2019-08-18 06:00:00,0.08094766666666667
2019-08-18 07:00:00,0.018745275
2019-08-18 08:00:00,0.2601325
2019-08-18 09:00:00,0.6127750000000001
2019-08-18 10:00:00,0.68085
2019-08-18 11:00:00,0.4555975
2019-08-18 12:00:00,0.09927225
2019-08-18 13:00:00,0.006315039166666666
2019-08-18 14:00:00,0.17355225000000002
2019-08-18 15:00:00,0.5681925
2019-08-18 16:00:00,0.6992583333333333
2019-08-18 17:00:00,0.40851166666666666
2019-08-18 18:00:00,0.094218
2019-08-18 19:00:00,0.007631508333333334
2019-08-18 20:00:00,0.16800891666666667
2019-08-18 21:00:00,0.537185
2019-08-18 22:00:00,0.5960749999999999
2019-08-18 23:00:00,0.3633516666666667
2019-08-19 00:00:00,0.08099958333333333
2019-08-19 01:00:00,0.009107564166666667
2019-08-19 02:00:00,0.2504058333333333
2019-08-19 03:00:00,0.8322333333333334
2019-08-19 04:00:00,1.0
2019-08-19 05:00:00,0.7206525
2019-08-19 06:00:00,0.23035749999999997
2019-08-19 07:00:00,0.019091633333333337
2019-08-19 08:00:00,0.048092550000000005
2019-08-19 09:00:00,0.30752333333333337
2019-08-19 10:00:00,0.5055525
2019-08-19 11:00:00,0.4575983333333334
2019-08-19 12:00:00,0.22679000000000002
2019-08-19 13:00:00,0.022317870000000004
2019-08-19 14:00:00,0.027313355
2019-08-19 15:00:00,0.22887249999999998
2019-08-19 16:00:00,0.4633866666666666
2019-08-19 17:00:00,0.4410266666666666
2019-08-19 18:00:00,0.2012375
2019-08-19 19:00:00,0.027345375
2019-08-19 20:00:00,0.019747258333333333
2019-08-19 21:00:00,0.21554416666666668
2019-08-19 22:00:00,0.4369475
2019-08-19 23:00:00,0.37851250000000003
2019-08-20 00:00:00,0.18169666666666667
2019-08-20 01:00:00,0.020489483333333332
2019-08-20 02:00:00,0.03782435
2019-08-20 03:00:00,0.34935499999999997
2019-08-20 04:00:00,0.731975
2019-08-20 05:00:00,0.7273833333333333
2019-08-20 06:00:00,0.3915166666666666
2019-08-20 07:00:00,0.09335974999999999
2019-08-20 08:00:00,0.005305491666666667
2019-08-20 09:00:00,0.07802033333333334
2019-08-20 10:00:00,0.29538916666666665
2019-08-20 11:00:00,0.3741108333333333
2019-08-20 12:00:00,0.2798233333333333
2019-08-20 13:00:00,0.09647325000000001
2019-08-20 14:00:00,0.0037237091666666665
2019-08-20 15:00:00,0.05198108333333334
2019-08-20 16:00:00,0.2210891666666667
2019-08-20 17:00:00,0.3448908333333333
2019-08-20 18:00:00,0.2813583333333333
2019-08-20 19:00:00,0.10150958333333333
2019-08-20 20:00:00,0.008302608333333333
2019-08-20 21:00:00,0.0315062
2019-08-20 22:00:00,0.19690583333333334
2019-08-20 23:00:00,0.30793499999999996
2019-08-21 00:00:00,0.23213583333333332
2019-08-21 01:00:00,0.08750175
2019-08-21 02:00:00,0.004556345
2019-08-21 03:00:00,0.06655958333333334
2019-08-21 04:00:00,0.3269875
2019-08-21 05:00:00,0.5221783333333334
2019-08-21 06:00:00,0.4583766666666667
2019-08-21 07:00:00,0.22027750000000001
2019-08-21 08:00:00,0.03974925
2019-08-21 09:00:00,0.005364633333333333
2019-08-21 10:00:00,0.09220725
2019-08-21 11:00:00,0.24958083333333334
2019-08-21 12:00:00,0.2649566666666667
2019-08-21 13:00:00,0.17010749999999997
2019-08-21 14:00:00,0.041528833333333334
2019-08-21 15:00:00,0.0026174458333333333
2019-08-21 16:00:00,0.060194
2019-08-21 17:00:00,0.18999666666666667
2019-08-21 18:00:00,0.27216166666666664
2019-08-21 19:00:00,0.20229
2019-08-21 20:00:00,0.06098325
2019-08-21 21:00:00,0.003951366666666667
2019-08-21 22:00:00,0.030404866666666662
2019-08-21 23:00:00,0.15399749999999998
2019-08-22 00:00:00,0.2196766666666667
2019-08-22 01:00:00,0.1549583333333333
2019-08-22 02:00:00,0.047014249999999994
2019-08-22 03:00:00,0.002199885
2019-08-22 04:00:00,0.06380775
2019-08-22 05:00:00,0.23972583333333333
2019-08-22 06:00:00,0.3669466666666667
2019-08-22 07:00:00,0.3252375
2019-08-22 08:00:00,0.14690083333333334
2019-08-22 09:00:00,0.021437541666666667
2019-08-22 10:00:00,0.0069937
2019-08-22 11:00:00,0.08891674999999999
2019-08-22 12:00:00,0.20292666666666664
2019-08-22 13:00:00,0.20139416666666665
2019-08-22 14:00:00,0.121075
2019-08-22 15:00:00,0.02401834166666667
2019-08-22 16:00:00,0.003116878333333333
2019-08-22 17:00:00,0.05659091666666666
2019-08-22 18:00:00,0.17388916666666668
2019-08-22 19:00:00,0.25080166666666664
2019-08-22 20:00:00,0.1769925
2019-08-22 21:00:00,0.051247999999999995
2019-08-22 22:00:00,0.0033927250000000005
2019-08-22 23:00:00,0.024241933333333333
2019-08-23 00:00:00,0.126835
2019-08-23 01:00:00,0.18093
2019-08-23 02:00:00,0.12568416666666665
2019-08-23 03:00:00,0.03590075
2019-08-23 04:00:00,0.0014553883333333331
2019-08-23 05:00:00,0.041993583333333334
2019-08-23 06:00:00,0.17562083333333334
2019-08-23 07:00:00,0.30893916666666665
2019-08-23 08:00:00,0.287875
2019-08-23 09:00:00,0.12602833333333335
2019-08-23 10:00:00,0.017698349999999998
2019-08-23 11:00:00,0.006719183333333333
2019-08-23 12:00:00,0.07998466666666666
2019-08-23 13:00:00,0.18192083333333334
2019-08-23 14:00:00,0.188615
2019-08-23 15:00:00,0.11546083333333333
2019-08-23 16:00:00,0.021826516666666667
2019-08-23 17:00:00,0.00271879
2019-08-23 18:00:00,0.055510333333333335
2019-08-23 19:00:00,0.18852999999999998
2019-08-23 20:00:00,0.27795416666666667
2019-08-23 21:00:00,0.19521083333333333
2019-08-23 22:00:00,0.06195991666666667
2019-08-23 23:00:00,0.00485045
2019-08-24 00:00:00,0.022257075
2019-08-24 01:00:00,0.12660083333333333
2019-08-24 02:00:00,0.184555
2019-08-24 03:00:00,0.13698749999999998
2019-08-24 04:00:00,0.04619750000000001
2019-08-24 05:00:00,0.0018226570833333334
2019-08-24 06:00:00,0.02772335833333333
2019-08-24 07:00:00,0.16404083333333333
2019-08-24 08:00:00,0.33300083333333336
2019-08-24 09:00:00,0.3157158333333333
2019-08-24 10:00:00,0.1418575
2019-08-24 11:00:00,0.022835974999999998
2019-08-24 12:00:00,0.005755575000000001
2019-08-24 13:00:00,0.08170041666666668
2019-08-24 14:00:00,0.2037816666666667
2019-08-24 15:00:00,0.22752583333333334
2019-08-24 16:00:00,0.14306583333333334
2019-08-24 17:00:00,0.027250108333333335
2019-08-24 18:00:00,0.0026335706666666668
2019-08-24 19:00:00,0.06683308333333333
2019-08-24 20:00:00,0.24674916666666666
2019-08-24 21:00:00,0.36470083333333325
2019-08-24 22:00:00,0.2606616666666666
2019-08-24 23:00:00,0.09018675
2019-08-25 00:00:00,0.007452983333333334
2019-08-25 01:00:00,0.02779128333333333
2019-08-25 02:00:00,0.15817749999999997
2019-08-25 03:00:00,0.2390941666666667
2019-08-25 04:00:00,0.20193416666666666
2019-08-25 05:00:00,0.08267
2019-08-25 06:00:00,0.004882555833333333
2019-08-25 07:00:00,0.027232725000000003
2019-08-25 08:00:00,0.203105
2019-08-25 09:00:00,0.42851833333333333
2019-08-25 10:00:00,0.40807583333333336
2019-08-25 11:00:00,0.19749083333333334
2019-08-25 12:00:00,0.0357701
2019-08-25 13:00:00,0.006501783333333333
2019-08-25 14:00:00,0.10985883333333334
2019-08-25 15:00:00,0.28446583333333336
2019-08-25 16:00:00,0.3231266666666667
2019-08-25 17:00:00,0.19932916666666667
2019-08-25 18:00:00,0.03652255833333333
2019-08-25 19:00:00,0.0038708156666666664
2019-08-25 20:00:00,0.10239033333333333
2019-08-25 21:00:00,0.37623666666666666
2019-08-25 22:00:00,0.5370583333333334
2019-08-25 23:00:00,0.3784558333333333
2019-08-26 00:00:00,0.12834091666666667
2019-08-26 01:00:00,0.00893135
2019-08-26 02:00:00,0.046112716666666664
2019-08-26 03:00:00,0.24157833333333334
2019-08-26 04:00:00,0.377895
2019-08-26 05:00:00,0.34345416666666667
2019-08-26 06:00:00,0.14308916666666666
2019-08-26 07:00:00,0.0085117605
2019-08-26 08:00:00,0.039640675
2019-08-26 09:00:00,0.2951258333333333
2019-08-26 10:00:00,0.61025
2019-08-26 11:00:00,0.5863558333333333
2019-08-26 12:00:00,0.29270666666666667
2019-08-26 13:00:00,0.049659966666666666
2019-08-26 14:00:00,0.012080549999999999
2019-08-26 15:00:00,0.18543666666666667
2019-08-26 16:00:00,0.4425608333333333
2019-08-26 17:00:00,0.47902500000000003
2019-08-26 18:00:00,0.27459
2019-08-26 19:00:00,0.04343515833333333
2019-08-26 20:00:00,0.008774196666666666
2019-08-26 21:00:00,0.18790583333333333
2019-08-26 22:00:00,0.6256316666666667
2019-08-26 23:00:00,0.8217666666666666
2019-08-27 00:00:00,0.5382433333333334
2019-08-27 01:00:00,0.160945
2019-08-27 02:00:00,0.008112075
2019-08-27 03:00:00,0.09381058333333334
2019-08-27 04:00:00,0.4219583333333333
2019-08-27 05:00:00,0.6413416666666667
2019-08-27 06:00:00,0.5531883333333334
2019-08-27 07:00:00,0.2001025
2019-08-27 08:00:00,0.009000122999999999
2019-08-27 09:00:00,0.06887791666666668
2019-08-27 10:00:00,0.46237
2019-08-27 11:00:00,0.9191916666666667
2019-08-27 12:00:00,0.8533833333333333
2019-08-27 13:00:00,0.391625
2019-08-27 14:00:00,0.05077161666666666
2019-08-27 15:00:00,0.03142793333333334
2019-08-27 16:00:00,0.33773666666666663
2019-08-27 17:00:00,0.6922
2019-08-27 18:00:00,0.6845416666666666
2019-08-27 19:00:00,0.34403833333333333
2019-08-27 20:00:00,0.04058596666666667
2019-08-27 21:00:00,0.025670327816666668
2019-08-27 22:00:00,0.37278083333333334
2019-08-27 23:00:00,0.9481833333333333
2019-08-28 00:00:00,1.0
2019-08-28 01:00:00,0.7029683333333334
2019-08-28 02:00:00,0.17080058333333334
2019-08-28 03:00:00,0.008130674999999999
2019-08-28 04:00:00,0.20906775
2019-08-28 05:00:00,0.7498999999999999
2019-08-28 06:00:00,0.9968583333333334
2019-08-28 07:00:00,0.763075
2019-08-28 08:00:00,0.2252491666666667
2019-08-28 09:00:00,0.007040384249999999
2019-08-28 10:00:00,0.13001891666666665
2019-08-28 11:00:00,0.7401433333333334
2019-08-28 12:00:00,1.0
2019-08-28 13:00:00,0.9688
2019-08-28 14:00:00,0.42815499999999995
2019-08-28 15:00:00,0.035753725
2019-08-28 16:00:00,0.0849573
2019-08-28 17:00:00,0.597345
2019-08-28 18:00:00,0.9884750000000001
2019-08-28 19:00:00,0.8896583333333332
2019-08-28 20:00:00,0.37032916666666665
2019-08-28 21:00:00,0.027134656583333333
2019-08-28 22:00:00,0.07688986666666668
2019-08-28 23:00:00,0.6978391666666667
2019-08-29 00:00:00,1.0
2019-08-29 01:00:00,1.0
2019-08-29 02:00:00,0.7733733333333334
2019-08-29 03:00:00,0.14679841666666665
2019-08-29 04:00:00,0.021212858333333334
2019-08-29 05:00:00,0.44432916666666666
2019-08-29 06:00:00,0.9896999999999998
2019-08-29 07:00:00,1.0
2019-08-29 08:00:00,0.8504916666666666
2019-08-29 09:00:00,0.21321816666666668
2019-08-29 10:00:00,0.006656149166666666
2019-08-29 11:00:00,0.2610374166666667
2019-08-29 12:00:00,0.9472250000000001
2019-08-29 13:00:00,1.0
2019-08-29 14:00:00,0.9749916666666667
2019-08-29 15:00:00,0.37185833333333335
2019-08-29 16:00:00,0.01798540833333333
2019-08-29 17:00:00,0.20666691666666664
2019-08-29 18:00:00,0.887325
2019-08-29 19:00:00,1.0
2019-08-29 20:00:00,0.9350833333333333
2019-08-29 21:00:00,0.32935749999999997
2019-08-29 22:00:00,0.012373863333333335
2019-08-29 23:00:00,0.20607558333333334
2019-08-30 00:00:00,0.9352583333333332
2019-08-30 01:00:00,1.0
2019-08-30 02:00:00,1.0
2019-08-30 03:00:00,0.7433
2019-08-30 04:00:00,0.09561190833333333
2019-08-30 05:00:00,0.07309270000000001
2019-08-30 06:00:00,0.7478441666666668
2019-08-30 07:00:00,1.0
2019-08-30 08:00:00,1.0
2019-08-30 09:00:00,0.8450166666666666
2019-08-30 10:00:00,0.16785333333333333
2019-08-30 11:00:00,0.017518495
2019-08-30 12:00:00,0.5160833333333332
2019-08-30 13:00:00,1.0
2019-08-30 14:00:00,1.0
2019-08-30 15:00:00,0.9316166666666668
2019-08-30 16:00:00,0.2581408333333333
2019-08-30 17:00:00,0.015481575000000001
2019-08-30 18:00:00,0.43321750000000003
2019-08-30 19:00:00,1.0
2019-08-30 20:00:00,1.0
2019-08-30 21:00:00,0.9038083333333333
2019-08-30 22:00:00,0.23690333333333333
2019-08-30 23:00:00,0.011360577
2019-08-31 00:00:00,0.46613083333333327
2019-08-31 01:00:00,1.0
2019-08-31 02:00:00,1.0
2019-08-31 03:00:00,1.0
2019-08-31 04:00:00,0.6268316666666667
2019-08-31 05:00:00,0.044292058333333335
2019-08-31 06:00:00,0.18909175
2019-08-31 07:00:00,0.9289333333333333
2019-08-31 08:00:00,1.0
2019-08-31 09:00:00,1.0
2019-08-31 10:00:00,0.7678975
2019-08-31 11:00:00,0.09942483333333334
2019-08-31 12:00:00,0.06292066583333333
2019-08-31 13:00:00,0.766165
2019-08-31 14:00:00,1.0
2019-08-31 15:00:00,1.0
2019-08-31 16:00:00,0.8277616666666667
2019-08-31 17:00:00,0.14247841666666666
2019-08-31 18:00:00,0.04683490833333333
2019-08-31 19:00:00,0.6980558333333333
2019-08-31 20:00:00,1.0
2019-08-31 21:00:00,1.0
2019-08-31 22:00:00,0.8107466666666666
2019-08-31 23:00:00,0.13570633333333335
2019-09-01 00:00:00,0.04194403083333333
2019-09-01 01:00:00,0.7217966666666666
2019-09-01 02:00:00,1.0
2019-09-01 03:00:00,1.0
2019-09-01 04:00:00,1.0
2019-09-01 05:00:00,0.42906166666666673
2019-09-01 06:00:00,0.017442775
2019-09-01 07:00:00,0.3556191666666667
2019-09-01 08:00:00,0.9977833333333332
2019-09-01 09:00:00,1.0
2019-09-01 10:00:00,1.0
2019-09-01 11:00:00,0.6017408333333334
2019-09-01 12:00:00,0.03793761166666667
2019-09-01 13:00:00,0.16772099999999998
2019-09-01 14:00:00,0.9190833333333335
2019-09-01 15:00:00,1.0
2019-09-01 16:00:00,1.0
2019-09-01 17:00:00,0.6395641666666666
2019-09-01 18:00:00,0.060448958333333344
2019-09-01 19:00:00,0.12457920833333333
2019-09-01 20:00:00,0.8682583333333332
2019-09-01 21:00:00,1.0
2019-09-01 22:00:00,1.0
2019-09-01 23:00:00,0.6427108333333332
2019-09-02 00:00:00,0.05973012916666666
2019-09-02 01:00:00,0.11912195000000002
2019-09-02 02:00:00,0.8879583333333333
2019-09-02 03:00:00,1.0
2019-09-02 04:00:00,1.0
2019-09-02 05:00:00,0.9324416666666667
2019-09-02 06:00:00,0.23404883333333334
2019-09-02 07:00:00,0.0195611
2019-09-02 08:00:00,0.5056708333333333
2019-09-02 09:00:00,1.0
2019-09-02 10:00:00,1.0
2019-09-02 11:00:00,0.9759416666666668
2019-09-02 12:00:00,0.348745
2019-09-02 13:00:00,0.010627394333333333
2019-09-02 14:00:00,0.3054658333333333
2019-09-02 15:00:00,0.9785083333333334
2019-09-02 16:00:00,1.0
2019-09-02 17:00:00,0.9827916666666665
2019-09-02 18:00:00,0.3965383333333333
2019-09-02 19:00:00,0.02015975
2019-09-02 20:00:00,0.22227733333333333
2019-09-02 21:00:00,0.9354333333333333
2019-09-02 22:00:00,1.0
2019-09-02 23:00:00,0.979375
2019-09-03 00:00:00,0.4137833333333334
2019-09-03 01:00:00,0.019210611000000002
2019-09-03 02:00:00,0.221036
2019-09-03 03:00:00,0.9574416666666667
2019-09-03 04:00:00,1.0
2019-09-03 05:00:00,1.0
2019-09-03 06:00:00,0.75467
2019-09-03 07:00:00,0.11111733333333333
2019-09-03 08:00:00,0.03699279166666667
2019-09-03 09:00:00,0.5653458333333333
2019-09-03 10:00:00,1.0
2019-09-03 11:00:00,1.0
2019-09-03 12:00:00,0.7981783333333332
2019-09-03 13:00:00,0.15558866666666668
2019-09-03 14:00:00,0.0147596735
2019-09-03 15:00:00,0.38270666666666664
2019-09-03 16:00:00,0.9808749999999999
2019-09-03 17:00:00,1.0
2019-09-03 18:00:00,0.8541916666666667
2019-09-03 19:00:00,0.21611983333333332
2019-09-03 20:00:00,0.0096204
2019-09-03 21:00:00,0.2662041666666667
2019-09-03 22:00:00,0.9191750000000001
2019-09-03 23:00:00,1.0
2019-09-04 00:00:00,0.8286833333333334
2019-09-04 01:00:00,0.22836908333333336
2019-09-04 02:00:00,0.007654186666666667
2019-09-04 03:00:00,0.26424383333333334
2019-09-04 04:00:00,0.9368333333333334
2019-09-04 05:00:00,1.0
2019-09-04 06:00:00,0.9947666666666667
2019-09-04 07:00:00,0.4957283333333333
2019-09-04 08:00:00,0.050653674999999995
2019-09-04 09:00:00,0.04951816666666667
2019-09-04 10:00:00,0.5054008333333333
2019-09-04 11:00:00,0.9748083333333334
2019-09-04 12:00:00,0.9473416666666666
2019-09-04 13:00:00,0.48587583333333334
2019-09-04 14:00:00,0.060634466666666664
2019-09-04 15:00:00,0.023779506666666665
2019-09-04 16:00:00,0.34773166666666666
2019-09-04 17:00:00,0.9178000000000002
2019-09-04 18:00:00,0.9980666666666668
2019-09-04 19:00:00,0.6121766666666667
2019-09-04 20:00:00,0.11929166666666667
2019-09-04 21:00:00,0.008252066666666667
2019-09-04 22:00:00,0.22184416666666665
2019-09-04 23:00:00,0.729375
2019-09-05 00:00:00,0.8773666666666666
2019-09-05 01:00:00,0.5498500000000001
2019-09-05 02:00:00,0.117532
2019-09-05 03:00:00,0.0064799660833333335
2019-09-05 04:00:00,0.20062083333333333
2019-09-05 05:00:00,0.7583508333333333
2019-09-05 06:00:00,1.0
2019-09-05 07:00:00,0.8559583333333335
2019-09-05 08:00:00,0.3099175
2019-09-05 09:00:00,0.026661966666666665
2019-09-05 10:00:00,0.043714
2019-09-05 11:00:00,0.3640508333333333
2019-09-05 12:00:00,0.6850333333333333
2019-09-05 13:00:00,0.6302916666666667
2019-09-05 14:00:00,0.2842808333333333
2019-09-05 15:00:00,0.027706654999999997
2019-09-05 16:00:00,0.020002295083333333
2019-09-05 17:00:00,0.24913916666666666
2019-09-05 18:00:00,0.7012416666666667
2019-09-05 19:00:00,0.8144666666666666
2019-09-05 20:00:00,0.42577666666666664
2019-09-05 21:00:00,0.08433166666666667
2019-09-05 22:00:00,0.005417508333333333
2019-09-05 23:00:00,0.1391115
2019-09-06 00:00:00,0.470915
2019-09-06 01:00:00,0.5805916666666667
2019-09-06 02:00:00,0.35832416666666667
2019-09-06 03:00:00,0.07231591666666666
2019-09-06 04:00:00,0.0029408589583333334
2019-09-06 05:00:00,0.09997199999999999
2019-09-06 06:00:00,0.4464758333333333
2019-09-06 07:00:00,0.7722333333333334
2019-09-06 08:00:00,0.6138775000000001
2019-09-06 09:00:00,0.22375916666666668
2019-09-06 10:00:00,0.021447108333333333
2019-09-06 11:00:00,0.025377341666666667
2019-09-06 12:00:00,0.22233833333333336
2019-09-06 13:00:00,0.4441216666666667
2019-09-06 14:00:00,0.43365916666666665
2019-09-06 15:00:00,0.20060416666666664
2019-09-06 16:00:00,0.021036493333333333
2019-09-06 17:00:00,0.009835325476666667
2019-09-06 18:00:00,0.15933999999999998
2019-09-06 19:00:00,0.5121358333333333
2019-09-06 20:00:00,0.6286583333333333
2019-09-06 21:00:00,0.35790666666666665
2019-09-06 22:00:00,0.09123983333333334
2019-09-06 23:00:00,0.00464945
2019-09-07 00:00:00,0.07500258333333334
2019-09-07 01:00:00,0.29821250000000005
2019-09-07 02:00:00,0.40594749999999996
2019-09-07 03:00:00,0.28108833333333333
2019-09-07 04:00:00,0.07380874999999999
2019-09-07 05:00:00,0.002144204166666667
2019-09-07 06:00:00,0.039250425
2019-09-07 07:00:00,0.27943416666666665
2019-09-07 08:00:00,0.5765008333333332
2019-09-07 09:00:00,0.4992858333333334
2019-09-07 10:00:00,0.21188416666666665
2019-09-07 11:00:00,0.029861375
2019-09-07 12:00:00,0.011170600000000001
2019-09-07 13:00:00,0.13604916666666667
2019-09-07 14:00:00,0.32782583333333326
2019-09-07 15:00:00,0.36658749999999996
2019-09-07 16:00:00,0.192105
2019-09-07 17:00:00,0.027497341666666664
2019-09-07 18:00:00,0.003748045025833333
2019-09-07 19:00:00,0.110398
2019-09-07 20:00:00,0.42909166666666665
2019-09-07 21:00:00,0.5807916666666667
2019-09-07 22:00:00,0.38912083333333336
2019-09-07 23:00:00,0.13277191666666666
2019-09-08 00:00:00,0.009265516666666666
2019-09-08 01:00:00,0.043077
2019-09-08 02:00:00,0.21578
2019-09-08 03:00:00,0.35506
2019-09-08 04:00:00,0.31041916666666663
2019-09-08 05:00:00,0.11830408333333332
2019-09-08 06:00:00,0.0089925127
2019-09-08 07:00:00,0.018894103333333332
2019-09-08 08:00:00,0.2189741666666667
2019-09-08 09:00:00,0.5180366666666667
2019-09-08 10:00:00,0.5044983333333334
2019-09-08 11:00:00,0.2644725
2019-09-08 12:00:00,0.052394249999999996
2019-09-08 13:00:00,0.0065056416666666676
2019-09-08 14:00:00,0.10920858333333333
2019-09-08 15:00:00,0.31527
2019-09-08 16:00:00,0.39580750000000003
2019-09-08 17:00:00,0.23193166666666667
2019-09-08 18:00:00,0.042839749999999996
2019-09-08 19:00:00,0.0023749330083333332
2019-09-08 20:00:00,0.10420016666666668
2019-09-08 21:00:00,0.45354916666666667
2019-09-08 22:00:00,0.660225
2019-09-08 23:00:00,0.4984458333333333
2019-09-09 00:00:00,0.19378
2019-09-09 01:00:00,0.0158424
2019-09-09 02:00:00,0.03547931666666667
2019-09-09 03:00:00,0.2147775
2019-09-09 04:00:00,0.42627166666666666
2019-09-09 05:00:00,0.43668416666666665
2019-09-09 06:00:00,0.19273333333333334
2019-09-09 07:00:00,0.019410939166666665
2019-09-09 08:00:00,0.016594367941666667
2019-09-09 09:00:00,0.22929916666666667
2019-09-09 10:00:00,0.576145
2019-09-09 11:00:00,0.6175666666666667
2019-09-09 12:00:00,0.3600841666666667
2019-09-09 13:00:00,0.07469508333333334
2019-09-09 14:00:00,0.007960566666666665
2019-09-09 15:00:00,0.13255650000000002
2019-09-09 16:00:00,0.389235
2019-09-09 17:00:00,0.4958833333333333
2019-09-09 18:00:00,0.291705
2019-09-09 19:00:00,0.053914833333333335
2019-09-09 20:00:00,0.003668453166666667
2019-09-09 21:00:00,0.14651075
2019-09-09 22:00:00,0.5953291666666667
2019-09-09 23:00:00,0.8473999999999999
2019-09-10 00:00:00,0.6385566666666667
2019-09-10 01:00:00,0.23443999999999998
2019-09-10 02:00:00,0.0162048
2019-09-10 03:00:00,0.051027750000000004
2019-09-10 04:00:00,0.3028558333333333
2019-09-10 05:00:00,0.6144916666666667
2019-09-10 06:00:00,0.6041675
2019-09-10 07:00:00,0.24085333333333334
2019-09-10 08:00:00,0.020173732833333333
2019-09-10 09:00:00,0.026343916666666668
2019-09-10 10:00:00,0.3113741666666667
2019-09-10 11:00:00,0.7500249999999999
2019-09-10 12:00:00,0.7901166666666667
2019-09-10 13:00:00,0.4238041666666667
2019-09-10 14:00:00,0.06782091666666668
2019-09-10 15:00:00,0.017850675
2019-09-10 16:00:00,0.21370833333333333
2019-09-10 17:00:00,0.5404508333333333
2019-09-10 18:00:00,0.6234000000000001
2019-09-10 19:00:00,0.31904
2019-09-10 20:00:00,0.04338283333333333
2019-09-10 21:00:00,0.012027881083333334
2019-09-10 22:00:00,0.267165
2019-09-10 23:00:00,0.850325
2019-09-11 00:00:00,1.0
2019-09-11 01:00:00,0.7244166666666666
2019-09-11 02:00:00,0.21351416666666664
2019-09-11 03:00:00,0.010045433333333333
2019-09-11 04:00:00,0.10924149999999999
2019-09-11 05:00:00,0.49326000000000003
2019-09-11 06:00:00,0.8498166666666667
2019-09-11 07:00:00,0.6929966666666667
2019-09-11 08:00:00,0.21596333333333334
2019-09-11 09:00:00,0.01080945625
2019-09-11 10:00:00,0.059729300000000006
2019-09-11 11:00:00,0.48880916666666674
2019-09-11 12:00:00,0.964175
2019-09-11 13:00:00,0.8826333333333334
2019-09-11 14:00:00,0.37092166666666665
2019-09-11 15:00:00,0.034688025000000004
2019-09-11 16:00:00,0.053498449999999996
2019-09-11 17:00:00,0.3692066666666667
2019-09-11 18:00:00,0.7324166666666666
2019-09-11 19:00:00,0.6930583333333332
2019-09-11 20:00:00,0.2658383333333333
2019-09-11 21:00:00,0.01820265063333333
2019-09-11 22:00:00,0.04927340833333333
2019-09-11 23:00:00,0.5110325
2019-09-12 00:00:00,0.9958083333333333
2019-09-12 01:00:00,1.0
2019-09-12 02:00:00,0.6749216666666666
2019-09-12 03:00:00,0.13344033333333333
2019-09-12 04:00:00,0.014380808333333335
2019-09-12 05:00:00,0.2440358333333333
2019-09-12 06:00:00,0.7379666666666667
2019-09-12 07:00:00,0.981375
2019-09-12 08:00:00,0.6296766666666668
2019-09-12 09:00:00,0.13798391666666668
2019-09-12 10:00:00,0.0038138778333333327
2019-09-12 11:00:00,0.14820616666666667
2019-09-12 12:00:00,0.746655
2019-09-12 13:00:00,1.0
2019-09-12 14:00:00,0.7841416666666667
2019-09-12 15:00:00,0.2231325
2019-09-12 16:00:00,0.011402391666666668
2019-09-12 17:00:00,0.14762225
2019-09-12 18:00:00,0.5866541666666667
2019-09-12 19:00:00,0.8705583333333334
2019-09-12 20:00:00,0.6237966666666668
2019-09-12 21:00:00,0.15175958333333334
2019-09-12 22:00:00,0.0042773412499999995
2019-09-12 23:00:00,0.16515616666666666
2019-09-13 00:00:00,0.8217833333333333
2019-09-13 01:00:00,1.0
2019-09-13 02:00:00,0.9848666666666667
2019-09-13 03:00:00,0.48412916666666667
2019-09-13 04:00:00,0.05012914166666667
2019-09-13 05:00:00,0.059044825
2019-09-13 06:00:00,0.44909333333333334
2019-09-13 07:00:00,0.906775
2019-09-13 08:00:00,0.9333333333333332
2019-09-13 09:00:00,0.45648666666666665
2019-09-13 10:00:00,0.058520525000000004
2019-09-13 11:00:00,0.015198780583333333
2019-09-13 12:00:00,0.32494666666666666
2019-09-13 13:00:00,0.9274333333333334
2019-09-13 14:00:00,0.9797083333333334
2019-09-13 15:00:00,0.53155
2019-09-13 16:00:00,0.0867585
2019-09-13 17:00:00,0.024330949999999997
2019-09-13 18:00:00,0.3221991666666667
2019-09-13 19:00:00,0.7836916666666667
2019-09-13 20:00:00,0.8501916666666667
2019-09-13 21:00:00,0.4316341666666667
2019-09-13 22:00:00,0.052615383333333335
2019-09-13 23:00:00,0.023646508
2019-09-14 00:00:00,0.4123075
2019-09-14 01:00:00,0.9867083333333333
2019-09-14 02:00:00,1.0
2019-09-14 03:00:00,0.8673916666666667
2019-09-14 04:00:00,0.24830416666666666
2019-09-14 05:00:00,0.012665499999999998
2019-09-14 06:00:00,0.1700826666666667
2019-09-14 07:00:00,0.6383708333333333
2019-09-14 08:00:00,0.9236166666666666
2019-09-14 09:00:00,0.7547416666666668
2019-09-14 10:00:00,0.25915000000000005
2019-09-14 11:00:00,0.012932599583333333
2019-09-14 12:00:00,0.07305397500000001
2019-09-14 13:00:00,0.5589766666666667
2019-09-14 14:00:00,0.9907249999999999
2019-09-14 15:00:00,0.7988666666666667
2019-09-14 16:00:00,0.27288666666666667
2019-09-14 17:00:00,0.02043464166666667
2019-09-14 18:00:00,0.09352791666666667
2019-09-14 19:00:00,0.5321658333333332
2019-09-14 20:00:00,0.8423916666666666
2019-09-14 21:00:00,0.668445
2019-09-14 22:00:00,0.22407833333333332
2019-09-14 23:00:00,0.009270621666666666
2019-09-15 00:00:00,0.11221966666666666
2019-09-15 01:00:00,0.7380608333333334
2019-09-15 02:00:00,1.0
2019-09-15 03:00:00,1.0
2019-09-15 04:00:00,0.5697416666666667
2019-09-15 05:00:00,0.08382099999999999
2019-09-15 06:00:00,0.02748999166666666
2019-09-15 07:00:00,0.3256075
2019-09-15 08:00:00,0.7252249999999999
2019-09-15 09:00:00,0.8065249999999999
2019-09-15 10:00:00,0.5158358333333334
2019-09-15 11:00:00,0.10457391666666666
2019-09-15 12:00:00,0.006415072999999999
2019-09-15 13:00:00,0.20499416666666664
2019-09-15 14:00:00,0.7330333333333333
2019-09-15 15:00:00,0.8977166666666666
2019-09-15 16:00:00,0.4966208333333333
2019-09-15 17:00:00,0.10758274999999999
2019-09-15 18:00:00,0.010404466666666667
2019-09-15 19:00:00,0.22343166666666664
2019-09-15 20:00:00,0.6648666666666666
2019-09-15 21:00:00,0.7310583333333334
2019-09-15 22:00:00,0.4332149999999999
2019-09-15 23:00:00,0.08576633333333333
2019-09-16 00:00:00,0.010983678333333333
2019-09-16 01:00:00,0.29930666666666667
2019-09-16 02:00:00,0.9315249999999999
2019-09-16 03:00:00,1.0
2019-09-16 04:00:00,0.8487583333333333
2019-09-16 05:00:00,0.26623083333333336
2019-09-16 06:00:00,0.017982441666666668
2019-09-16 07:00:00,0.08838591666666668
2019-09-16 08:00:00,0.4594483333333333
2019-09-16 09:00:00,0.702325
2019-09-16 10:00:00,0.6266416666666667
2019-09-16 11:00:00,0.29048083333333335
2019-09-16 12:00:00,0.02485275916666667
2019-09-16 13:00:00,0.04227895
2019-09-16 14:00:00,0.37185250000000003
2019-09-16 15:00:00,0.7607083333333334
2019-09-16 16:00:00,0.6633833333333332
2019-09-16 17:00:00,0.2718408333333333
2019-09-16 18:00:00,0.032360825
2019-09-16 19:00:00,0.03808793333333334
2019-09-16 20:00:00,0.35511333333333334
2019-09-16 21:00:00,0.6509416666666666
2019-09-16 22:00:00,0.5401083333333333
2019-09-16 23:00:00,0.24330749999999998
2019-09-17 00:00:00,0.02326589166666667
2019-09-17 01:00:00,0.056148874999999994
2019-09-17 02:00:00,0.5210991666666667
2019-09-17 03:00:00,0.9897583333333334
2019-09-17 04:00:00,0.9685666666666667
2019-09-17 05:00:00,0.5065616666666667
2019-09-17 06:00:00,0.09802425000000001
2019-09-17 07:00:00,0.009065916666666668
2019-09-17 08:00:00,0.17831416666666666
2019-09-17 09:00:00,0.5266141666666667
2019-09-17 10:00:00,0.60785
2019-09-17 11:00:00,0.4326808333333333
2019-09-17 12:00:00,0.12686133333333333
2019-09-17 13:00:00,0.004310518333333333
2019-09-17 14:00:00,0.12392366666666665
2019-09-17 15:00:00,0.48645999999999995
2019-09-17 16:00:00,0.674875
2019-09-17 17:00:00,0.45649833333333334
2019-09-17 18:00:00,0.13633108333333332
2019-09-17 19:00:00,0.008346116666666667
2019-09-17 20:00:00,0.0877145
2019-09-17 21:00:00,0.4133675
2019-09-17 22:00:00,0.5394308333333333
2019-09-17 23:00:00,0.36924
2019-09-18 00:00:00,0.12290941666666667
2019-09-18 01:00:00,0.00512938
2019-09-18 02:00:00,0.13935975
2019-09-18 03:00:00,0.6397375
2019-09-18 04:00:00,0.949225
2019-09-18 05:00:00,0.6976833333333333
2019-09-18 06:00:00,0.2613641666666667
2019-09-18 07:00:00,0.030385475
2019-09-18 08:00:00,0.02571095
2019-09-18 09:00:00,0.2609033333333333
2019-09-18 10:00:00,0.52011
2019-09-18 11:00:00,0.47887166666666664
2019-09-18 12:00:00,0.2635858333333333
2019-09-18 13:00:00,0.041696341666666664
2019-09-18 14:00:00,0.015483966666666668
2019-09-18 15:00:00,0.21221416666666668
2019-09-18 16:00:00,0.5127491666666666
2019-09-18 17:00:00,0.55713
2019-09-18 18:00:00,0.3080066666666667
2019-09-18 19:00:00,0.06416891666666667
2019-09-18 20:00:00,0.0060238
2019-09-18 21:00:00,0.12857849999999998
2019-09-18 22:00:00,0.39412083333333336
2019-09-18 23:00:00,0.41906583333333336
2019-09-19 00:00:00,0.24941333333333332
2019-09-19 01:00:00,0.05633425
2019-09-19 02:00:00,0.008763153333333334
2019-09-19 03:00:00,0.20704416666666667
2019-09-19 04:00:00,0.5969091666666666
2019-09-19 05:00:00,0.7022916666666668
2019-09-19 06:00:00,0.44931999999999994
2019-09-19 07:00:00,0.13739325
2019-09-19 08:00:00,0.009150783333333334
2019-09-19 09:00:00,0.05188566666666666
2019-09-19 10:00:00,0.30193
2019-09-19 11:00:00,0.45677999999999996
2019-09-19 12:00:00,0.3510075
2019-09-19 13:00:00,0.147275
2019-09-19 14:00:00,0.011190994166666666
2019-09-19 15:00:00,0.03902280833333334
2019-09-19 16:00:00,0.25932416666666663
2019-09-19 17:00:00,0.48267249999999995
2019-09-19 18:00:00,0.4547483333333333
2019-09-19 19:00:00,0.2100025
2019-09-19 20:00:00,0.03055968333333333
2019-09-19 21:00:00,0.009652066666666667
2019-09-19 22:00:00,0.14264249999999998
2019-09-19 23:00:00,0.3466766666666667
2019-09-20 00:00:00,0.3300841666666667
2019-09-20 01:00:00,0.17073166666666664
2019-09-20 02:00:00,0.02488785
2019-09-20 03:00:00,0.017557970833333332
2019-09-20 04:00:00,0.20889333333333332
2019-09-20 05:00:00,0.47686416666666664
2019-09-20 06:00:00,0.5260024999999999
2019-09-20 07:00:00,0.31956666666666667
2019-09-20 08:00:00,0.08098916666666665
2019-09-20 09:00:00,0.004146983333333334
2019-09-20 10:00:00,0.06983916666666666
2019-09-20 11:00:00,0.2911616666666667
2019-09-20 12:00:00,0.37311
2019-09-20 13:00:00,0.2555325
2019-09-20 14:00:00,0.08480874999999999
2019-09-20 15:00:00,0.0035014708333333333
2019-09-20 16:00:00,0.05526325
2019-09-20 17:00:00,0.2619633333333333
2019-09-20 18:00:00,0.4408766666666667
2019-09-20 19:00:00,0.3824725
2019-09-20 20:00:00,0.15357416666666665
2019-09-20 21:00:00,0.01765905833333333
2019-09-20 22:00:00,0.011619458333333332
2019-09-20 23:00:00,0.1396125
2019-09-21 00:00:00,0.3064691666666667
2019-09-21 01:00:00,0.272235
2019-09-21 02:00:00,0.12493916666666666
2019-09-21 03:00:00,0.013607714166666668
2019-09-21 04:00:00,0.017292468333333335
2019-09-21 05:00:00,0.16571833333333333
2019-09-21 06:00:00,0.38302416666666667
2019-09-21 07:00:00,0.4458141666666666
2019-09-21 08:00:00,0.26365666666666665
2019-09-21 09:00:00,0.05871225
2019-09-21 10:00:00,0.003424941666666667
2019-09-21 11:00:00,0.06836208333333332
2019-09-21 12:00:00,0.25250416666666664
2019-09-21 13:00:00,0.30970333333333333
2019-09-21 14:00:00,0.2054008333333333
2019-09-21 15:00:00,0.059552166666666656
2019-09-21 16:00:00,0.0020896825
2019-09-21 17:00:00,0.05598725000000001
2019-09-21 18:00:00,0.24750416666666666
2019-09-21 19:00:00,0.4186416666666667
2019-09-21 20:00:00,0.3506575
2019-09-21 21:00:00,0.13436583333333332
2019-09-21 22:00:00,0.015406866666666668
2019-09-21 23:00:00,0.011230058333333333
2019-09-22 00:00:00,0.13391333333333336
2019-09-22 01:00:00,0.28317333333333333
2019-09-22 02:00:00,0.24593500000000001
2019-09-22 03:00:00,0.11413499999999999
2019-09-22 04:00:00,0.013629364166666666
2019-09-22 05:00:00,0.010194232416666666
2019-09-22 06:00:00,0.12646166666666667
2019-09-22 07:00:00,0.34937166666666664
2019-09-22 08:00:00,0.4355733333333333
2019-09-22 09:00:00,0.25488916666666667
2019-09-22 10:00:00,0.05873450000000001
2019-09-22 11:00:00,0.003288041666666666
2019-09-22 12:00:00,0.056000083333333325
2019-09-22 13:00:00,0.22428250000000002
2019-09-22 14:00:00,0.29078
2019-09-22 15:00:00,0.19995250000000003
2019-09-22 16:00:00,0.057615083333333324
2019-09-22 17:00:00,0.0018172035833333333
2019-09-22 18:00:00,0.049558583333333336
2019-09-22 19:00:00,0.24616833333333332
2019-09-22 20:00:00,0.44305666666666665
2019-09-22 21:00:00,0.3758566666666666
2019-09-22 22:00:00,0.1526675
2019-09-22 23:00:00,0.0207698
2019-09-23 00:00:00,0.01027515
2019-09-23 01:00:00,0.13377083333333334
2019-09-23 02:00:00,0.2874333333333334
2019-09-23 03:00:00,0.2701116666666667
2019-09-23 04:00:00,0.14933166666666667
2019-09-23 05:00:00,0.025429066666666666
2019-09-23 06:00:00,0.005192489999999999
2019-09-23 07:00:00,0.11091733333333333
2019-09-23 08:00:00,0.3679425
2019-09-23 09:00:00,0.4806491666666667
2019-09-23 10:00:00,0.2970966666666667
2019-09-23 11:00:00,0.08303841666666667
2019-09-23 12:00:00,0.004797583333333333
2019-09-23 13:00:00,0.049239750000000006
2019-09-23 14:00:00,0.23374166666666668
2019-09-23 15:00:00,0.32829
2019-09-23 16:00:00,0.24125916666666666
2019-09-23 17:00:00,0.07557533333333333
2019-09-23 18:00:00,0.0025889527500000003
2019-09-23 19:00:00,0.04805275
2019-09-23 20:00:00,0.28620083333333335
2019-09-23 21:00:00,0.5493016666666667
2019-09-23 22:00:00,0.4835008333333334
2019-09-23 23:00:00,0.21591416666666663
2019-09-24 00:00:00,0.03439941666666666
2019-09-24 01:00:00,0.010298116666666666
2019-09-24 02:00:00,0.15089416666666666
2019-09-24 03:00:00,0.34994166666666665
2019-09-24 04:00:00,0.3829158333333333
2019-09-24 05:00:00,0.25149
2019-09-24 06:00:00,0.053732916666666665
2019-09-24 07:00:00,0.0037421104166666663
2019-09-24 08:00:00,0.11789083333333332
2019-09-24 09:00:00,0.43821
2019-09-24 10:00:00,0.6050916666666667
2019-09-24 11:00:00,0.41535333333333335
2019-09-24 12:00:00,0.13680958333333335
2019-09-24 13:00:00,0.008522233333333334
2019-09-24 14:00:00,0.05893666666666667
2019-09-24 15:00:00,0.3006816666666667
2019-09-24 16:00:00,0.4400016666666666
2019-09-24 17:00:00,0.34211416666666666
2019-09-24 18:00:00,0.11476341666666669
2019-09-24 19:00:00,0.0045532135
2019-09-24 20:00:00,0.06207066666666667
2019-09-24 21:00:00,0.40459833333333334
2019-09-24 22:00:00,0.7892583333333333
2019-09-24 23:00:00,0.7070666666666666
2019-09-25 00:00:00,0.3317408333333334
2019-09-25 01:00:00,0.054565166666666665
2019-09-25 02:00:00,0.013726925000000001
2019-09-25 03:00:00,0.21218250000000002
2019-09-25 04:00:00,0.5251008333333333
2019-09-25 05:00:00,0.6296083333333333
2019-09-25 06:00:00,0.42487416666666666
2019-09-25 07:00:00,0.0910045
2019-09-25 08:00:00,0.004368843616666666
2019-09-25 09:00:00,0.15169433333333332
2019-09-25 10:00:00,0.5979441666666667
2019-09-25 11:00:00,0.8645166666666667
2019-09-25 12:00:00,0.622005
2019-09-25 13:00:00,0.2036
2019-09-25 14:00:00,0.010799991666666666
2019-09-25 15:00:00,0.09807983333333332
2019-09-25 16:00:00,0.4557083333333333
2019-09-25 17:00:00,0.6577166666666666
2019-09-25 18:00:00,0.5125958333333334
2019-09-25 19:00:00,0.16466350000000002
2019-09-25 20:00:00,0.00584230975
2019-09-25 21:00:00,0.10880066666666666
2019-09-25 22:00:00,0.6608441666666667
2019-09-25 23:00:00,1.0
2019-09-26 00:00:00,0.9625999999999999
2019-09-26 01:00:00,0.4827841666666666
2019-09-26 02:00:00,0.06992730833333333
2019-09-26 03:00:00,0.027856308333333336
2019-09-26 04:00:00,0.3680333333333333
2019-09-26 05:00:00,0.8685416666666668
2019-09-26 06:00:00,0.9839999999999999
2019-09-26 07:00:00,0.6171908333333334
2019-09-26 08:00:00,0.11600400000000001
2019-09-26 09:00:00,0.0073107968333333325
2019-09-26 10:00:00,0.24116333333333334
2019-09-26 11:00:00,0.8711916666666667
2019-09-26 12:00:00,1.0
2019-09-26 13:00:00,0.8301666666666666
2019-09-26 14:00:00,0.23606666666666665
2019-09-26 15:00:00,0.009931124999999999
2019-09-26 16:00:00,0.19656608333333334
2019-09-26 17:00:00,0.7467916666666666
2019-09-26 18:00:00,0.9918666666666667
2019-09-26 19:00:00,0.7187233333333333
2019-09-26 20:00:00,0.19266441666666664
2019-09-26 21:00:00,0.0060331199999999995
2019-09-26 22:00:00,0.22503958333333332
2019-09-26 23:00:00,0.9179
2019-09-27 00:00:00,1.0
2019-09-27 01:00:00,1.0
2019-09-27 02:00:00,0.5994991666666667
2019-09-27 03:00:00,0.06340475833333334
2019-09-27 04:00:00,0.07475778333333333
2019-09-27 05:00:00,0.6721208333333333
2019-09-27 06:00:00,1.0
2019-09-27 07:00:00,1.0
2019-09-27 08:00:00,0.7262616666666666
2019-09-27 09:00:00,0.11111666666666667
2019-09-27 10:00:00,0.019305444791666668
2019-09-27 11:00:00,0.45254333333333335
2019-09-27 12:00:00,1.0
2019-09-27 13:00:00,1.0
2019-09-27 14:00:00,0.868625
2019-09-27 15:00:00,0.20255866666666666
2019-09-27 16:00:00,0.016937175
2019-09-27 17:00:00,0.4078116666666667
2019-09-27 18:00:00,0.984575
2019-09-27 19:00:00,1.0
2019-09-27 20:00:00,0.8190333333333332
2019-09-27 21:00:00,0.17049033333333333
2019-09-27 22:00:00,0.014081273333333335
2019-09-27 23:00:00,0.4707275000000001
2019-09-28 00:00:00,1.0
2019-09-28 01:00:00,1.0
2019-09-28 02:00:00,1.0
2019-09-28 03:00:00,0.5827033333333334
2019-09-28 04:00:00,0.036331325
2019-09-28 05:00:00,0.19725983333333333
2019-09-28 06:00:00,0.920025
2019-09-28 07:00:00,1.0
2019-09-28 08:00:00,1.0
2019-09-28 09:00:00,0.7051141666666667
2019-09-28 10:00:00,0.07497758333333333
2019-09-28 11:00:00,0.06513835666666666
2019-09-28 12:00:00,0.7515641666666666
2019-09-28 13:00:00,1.0
2019-09-28 14:00:00,1.0
2019-09-28 15:00:00,0.8102725
2019-09-28 16:00:00,0.125805
2019-09-28 17:00:00,0.05884515833333334
2019-09-28 18:00:00,0.7203116666666667
2019-09-28 19:00:00,1.0
2019-09-28 20:00:00,1.0
2019-09-28 21:00:00,0.7808283333333335
2019-09-28 22:00:00,0.11048685833333335
2019-09-28 23:00:00,0.05137475083333334
2019-09-29 00:00:00,0.7460625000000001
2019-09-29 01:00:00,1.0
2019-09-29 02:00:00,1.0
2019-09-29 03:00:00,1.0
2019-09-29 04:00:00,0.43121916666666665
2019-09-29 05:00:00,0.017676308333333335
2019-09-29 06:00:00,0.42362
2019-09-29 07:00:00,1.0
2019-09-29 08:00:00,1.0
2019-09-29 09:00:00,1.0
2019-09-29 10:00:00,0.5734125
2019-09-29 11:00:00,0.030471314
2019-09-29 12:00:00,0.19610333333333332
2019-09-29 13:00:00,0.9539916666666666
2019-09-29 14:00:00,1.0
2019-09-29 15:00:00,1.0
2019-09-29 16:00:00,0.65605
2019-09-29 17:00:00,0.054457316666666665
2019-09-29 18:00:00,0.17263858333333332
2019-09-29 19:00:00,0.9258749999999999
2019-09-29 20:00:00,1.0
2019-09-29 21:00:00,1.0
2019-09-29 22:00:00,0.6494358333333333
2019-09-29 23:00:00,0.05074283508333333
2019-09-30 00:00:00,0.1485077
2019-09-30 01:00:00,0.9265500000000002
2019-09-30 02:00:00,1.0
2019-09-30 03:00:00,1.0
2019-09-30 04:00:00,0.9510416666666667
2019-09-30 05:00:00,0.23146366666666665
2019-09-30 06:00:00,0.03542540833333334
2019-09-30 07:00:00,0.6597675
2019-09-30 08:00:00,1.0
2019-09-30 09:00:00,1.0
2019-09-30 10:00:00,0.9832166666666667
2019-09-30 11:00:00,0.3412108333333333
2019-09-30 12:00:00,0.0116113
2019-09-30 13:00:00,0.43852833333333335
2019-09-30 14:00:00,1.0
2019-09-30 15:00:00,1.0
2019-09-30 16:00:00,0.9996999999999998
2019-09-30 17:00:00,0.4184525
2019-09-30 18:00:00,0.018527224999999998
2019-09-30 19:00:00,0.3589041666666667
2019-09-30 20:00:00,1.0
2019-09-30 21:00:00,1.0
2019-09-30 22:00:00,0.9976999999999999
2019-09-30 23:00:00,0.43421
2019-10-01 00:00:00,0.016232063333333335
2019-10-01 01:00:00,0.3155253333333333
2019-10-01 02:00:00,1.0
2019-10-01 03:00:00,1.0
2019-10-01 04:00:00,1.0
2019-10-01 05:00:00,0.7717075
2019-10-01 06:00:00,0.0926987
2019-10-01 07:00:00,0.0888283
2019-10-01 08:00:00,0.797475
2019-10-01 09:00:00,1.0
2019-10-01 10:00:00,1.0
2019-10-01 11:00:00,0.8413166666666667
2019-10-01 12:00:00,0.14275908333333334
2019-10-01 13:00:00,0.03635982583333333
2019-10-01 14:00:00,0.6498483333333333
2019-10-01 15:00:00,1.0
2019-10-01 16:00:00,1.0
2019-10-01 17:00:00,0.8958583333333333
2019-10-01 18:00:00,0.211596
2019-10-01 19:00:00,0.02029029166666667
2019-10-01 20:00:00,0.515045
2019-10-01 21:00:00,1.0
2019-10-01 22:00:00,1.0
2019-10-01 23:00:00,0.8964
2019-10-02 00:00:00,0.23125658333333335
2019-10-02 01:00:00,0.012800146450000001
2019-10-02 02:00:00,0.47204833333333335
2019-10-02 03:00:00,1.0
2019-10-02 04:00:00,1.0
2019-10-02 05:00:00,1.0
2019-10-02 06:00:00,0.47675000000000006
2019-10-02 07:00:00,0.029955149999999996
2019-10-02 08:00:00,0.14709966666666666
2019-10-02 09:00:00,0.83935
2019-10-02 10:00:00,1.0
2019-10-02 11:00:00,1.0
2019-10-02 12:00:00,0.5313041666666666
2019-10-02 13:00:00,0.04179516577166667
2019-10-02 14:00:00,0.08546480000000001
2019-10-02 15:00:00,0.7319391666666667
2019-10-02 16:00:00,1.0
2019-10-02 17:00:00,1.0
2019-10-02 18:00:00,0.6654891666666667
2019-10-02 19:00:00,0.09366200000000001
2019-10-02 20:00:00,0.036515875
2019-10-02 21:00:00,0.5192116666666666
2019-10-02 22:00:00,0.9985416666666667
2019-10-02 23:00:00,1.0
2019-10-03 00:00:00,0.6438408333333334
2019-10-03 01:00:00,0.10182516666666666
2019-10-03 02:00:00,0.026538746666666668
2019-10-03 03:00:00,0.48052500000000004
2019-10-03 04:00:00,1.0
2019-10-03 05:00:00,1.0
2019-10-03 06:00:00,0.8652416666666666
2019-10-03 07:00:00,0.24507500000000004
2019-10-03 08:00:00,0.01031625
2019-10-03 09:00:00,0.16807525
2019-10-03 10:00:00,0.7476408333333334
2019-10-03 11:00:00,1.0
2019-10-03 12:00:00,0.798375
2019-10-03 13:00:00,0.2600941666666667
2019-10-03 14:00:00,0.009899693333333332
2019-10-03 15:00:00,0.11167875000000001
2019-10-03 16:00:00,0.662325
2019-10-03 17:00:00,1.0
2019-10-03 18:00:00,0.9438333333333333
2019-10-03 19:00:00,0.40215083333333335
2019-10-03 20:00:00,0.04337668333333333
2019-10-03 21:00:00,0.038125950000000006
2019-10-03 22:00:00,0.39067
2019-10-03 23:00:00,0.8022583333333334
2019-10-04 00:00:00,0.7754583333333334
2019-10-04 01:00:00,0.3802091666666667
2019-10-04 02:00:00,0.0416401625
2019-10-04 03:00:00,0.028735562416666666
2019-10-04 04:00:00,0.3337766666666667
2019-10-04 05:00:00,0.8537
2019-10-04 06:00:00,0.9708249999999999
2019-10-04 07:00:00,0.5745708333333334
2019-10-04 08:00:00,0.13446258333333333
2019-10-04 09:00:00,0.005853625
2019-10-04 10:00:00,0.13656274999999998
2019-10-04 11:00:00,0.5087491666666667
2019-10-04 12:00:00,0.6744583333333334
2019-10-04 13:00:00,0.47875499999999993
2019-10-04 14:00:00,0.12770158333333334
2019-10-04 15:00:00,0.0035226647499999996
2019-10-04 16:00:00,0.09235100000000002
2019-10-04 17:00:00,0.46848500000000004
2019-10-04 18:00:00,0.8438
2019-10-04 19:00:00,0.69235
2019-10-04 20:00:00,0.261045
2019-10-04 21:00:00,0.027931258333333334
2019-10-04 22:00:00,0.024268475
2019-10-04 23:00:00,0.24317000000000003
2019-10-05 00:00:00,0.5084508333333333
2019-10-05 01:00:00,0.5008116666666667
2019-10-05 02:00:00,0.23144416666666667
2019-10-05 03:00:00,0.022235635833333336
2019-10-05 04:00:00,0.013948740250000001
2019-10-05 05:00:00,0.17223333333333332
2019-10-05 06:00:00,0.5083433333333334
2019-10-05 07:00:00,0.6518666666666667
2019-10-05 08:00:00,0.3896833333333333
2019-10-05 09:00:00,0.09193291666666667
2019-10-05 10:00:00,0.004378175
2019-10-05 11:00:00,0.08252216666666667
2019-10-05 12:00:00,0.31017
2019-10-05 13:00:00,0.43170583333333334
2019-10-05 14:00:00,0.31005750000000004
2019-10-05 15:00:00,0.07783783333333333
2019-10-05 16:00:00,0.00200289875
2019-10-05 17:00:00,0.055467916666666665
2019-10-05 18:00:00,0.31113250000000003
2019-10-05 19:00:00,0.6014083333333334
2019-10-05 20:00:00,0.5130083333333334
2019-10-05 21:00:00,0.212455
2019-10-05 22:00:00,0.02966885833333333
2019-10-05 23:00:00,0.011691425
2019-10-06 00:00:00,0.14316333333333334
2019-10-06 01:00:00,0.33148583333333337
2019-10-06 02:00:00,0.3530016666666666
2019-10-06 03:00:00,0.17782916666666668
2019-10-06 04:00:00,0.023444741666666668
2019-10-06 05:00:00,0.0031062130483333335
2019-10-06 06:00:00,0.08349291666666665
2019-10-06 07:00:00,0.34071333333333337
2019-10-06 08:00:00,0.4927016666666666
2019-10-06 09:00:00,0.3159483333333333
2019-10-06 10:00:00,0.08861158333333334
2019-10-06 11:00:00,0.005156966666666666
2019-10-06 12:00:00,0.04361608333333334
2019-10-06 13:00:00,0.20012666666666665
2019-10-06 14:00:00,0.3181983333333333
2019-10-06 15:00:00,0.24566500000000002
2019-10-06 16:00:00,0.06735016666666667
2019-10-06 17:00:00,0.0020303180833333334
2019-10-06 18:00:00,0.030927950000000003
2019-10-06 19:00:00,0.23012333333333335
2019-10-06 20:00:00,0.4960866666666666
2019-10-06 21:00:00,0.4594108333333333
2019-10-06 22:00:00,0.22471083333333336
2019-10-06 23:00:00,0.042633833333333336
2019-10-07 00:00:00,0.006210966666666667
2019-10-07 01:00:00,0.09318083333333334
2019-10-07 02:00:00,0.251455
2019-10-07 03:00:00,0.31392583333333335
2019-10-07 04:00:00,0.19555583333333335
2019-10-07 05:00:00,0.041441
2019-10-07 06:00:00,0.0011815233333333335
2019-10-07 07:00:00,0.05309166666666667
2019-10-07 08:00:00,0.2830241666666667
2019-10-07 09:00:00,0.4421016666666667
2019-10-07 10:00:00,0.3171683333333333
2019-10-07 11:00:00,0.11239158333333334
2019-10-07 12:00:00,0.00915985
2019-10-07 13:00:00,0.02881515
2019-10-07 14:00:00,0.165695
2019-10-07 15:00:00,0.29497
2019-10-07 16:00:00,0.24465083333333337
2019-10-07 17:00:00,0.0764595
2019-10-07 18:00:00,0.003591836816666667
2019-10-07 19:00:00,0.023839608333333335
2019-10-07 20:00:00,0.22116666666666662
2019-10-07 21:00:00,0.5039000000000001
2019-10-07 22:00:00,0.49824999999999997
2019-10-07 23:00:00,0.2735533333333333
2019-10-08 00:00:00,0.05913658333333333
2019-10-08 01:00:00,0.005136566666666668
2019-10-08 02:00:00,0.08021849999999998
2019-10-08 03:00:00,0.251975
2019-10-08 04:00:00,0.368075
2019-10-08 05:00:00,0.26313083333333337
2019-10-08 06:00:00,0.06739725
2019-10-08 07:00:00,0.002082456841666667
2019-10-08 08:00:00,0.051533916666666665
2019-10-08 09:00:00,0.29045583333333336
2019-10-08 10:00:00,0.4700483333333333
2019-10-08 11:00:00,0.3714091666666666
2019-10-08 12:00:00,0.1446925
2019-10-08 13:00:00,0.011913525000000001
2019-10-08 14:00:00,0.032339125
2019-10-08 15:00:00,0.18673083333333335
2019-10-08 16:00:00,0.3349958333333333
2019-10-08 17:00:00,0.28095916666666665
2019-10-08 18:00:00,0.09020616666666667
2019-10-08 19:00:00,0.004401162225
2019-10-08 20:00:00,0.03284073333333333
2019-10-08 21:00:00,0.2823775
2019-10-08 22:00:00,0.6084333333333334
2019-10-08 23:00:00,0.598325
2019-10-09 00:00:00,0.32783
2019-10-09 01:00:00,0.06556866666666666
2019-10-09 02:00:00,0.0066579
2019-10-09 03:00:00,0.10236158333333334
2019-10-09 04:00:00,0.3312983333333333
2019-10-09 05:00:00,0.4908716666666667
2019-10-09 06:00:00,0.33253
2019-10-09 07:00:00,0.07613858333333333
2019-10-09 08:00:00,0.002097594958333333
2019-10-09 09:00:00,0.07049191666666667
2019-10-09 10:00:00,0.35552750000000005
2019-10-09 11:00:00,0.5614250000000001
2019-10-09 12:00:00,0.43577333333333335
2019-10-09 13:00:00,0.14897183333333333
2019-10-09 14:00:00,0.008759708333333333
2019-10-09 15:00:00,0.05666175
2019-10-09 16:00:00,0.25845583333333333
2019-10-09 17:00:00,0.42143916666666664
2019-10-09 18:00:00,0.3237116666666667
2019-10-09 19:00:00,0.08756866666666666
2019-10-09 20:00:00,0.0026901956666666666
2019-10-09 21:00:00,0.06872766666666666
2019-10-09 22:00:00,0.42703833333333335
2019-10-09 23:00:00,0.792025
2019-10-10 00:00:00,0.7137166666666667
2019-10-10 01:00:00,0.34673916666666665
2019-10-10 02:00:00,0.052186441666666666
2019-10-10 03:00:00,0.014993608333333332
2019-10-10 04:00:00,0.1745925
2019-10-10 05:00:00,0.48185
2019-10-10 06:00:00,0.6155583333333333
2019-10-10 07:00:00,0.34294166666666664
2019-10-10 08:00:00,0.058242333333333327
2019-10-10 09:00:00,0.0030923575333333337
2019-10-10 10:00:00,0.12107224999999999
2019-10-10 11:00:00,0.48697916666666663
2019-10-10 12:00:00,0.6733916666666666
2019-10-10 13:00:00,0.44182083333333333
2019-10-10 14:00:00,0.1079045
2019-10-10 15:00:00,0.007067833333333334
2019-10-10 16:00:00,0.11712341666666667
2019-10-10 17:00:00,0.3822291666666667
2019-10-10 18:00:00,0.52341
2019-10-10 19:00:00,0.3277833333333333
2019-10-10 20:00:00,0.059181333333333336
2019-10-10 21:00:00,0.004537153333333333
2019-10-10 22:00:00,0.16006766666666666
2019-10-10 23:00:00,0.6678066666666668
2019-10-11 00:00:00,0.9926583333333333
2019-10-11 01:00:00,0.7746083333333332
2019-10-11 02:00:00,0.29705333333333334
2019-10-11 03:00:00,0.026073008333333335
2019-10-11 04:00:00,0.04692769166666667
2019-10-11 05:00:00,0.3137516666666667
2019-10-11 06:00:00,0.6522416666666666
2019-10-11 07:00:00,0.6603416666666666
2019-10-11 08:00:00,0.2823066666666667
2019-10-11 09:00:00,0.029761058333333333
2019-10-11 10:00:00,0.012928199583333333
2019-10-11 11:00:00,0.23200500000000002
2019-10-11 12:00:00,0.6706833333333333
2019-10-11 13:00:00,0.7246333333333332
2019-10-11 14:00:00,0.3575858333333333
2019-10-11 15:00:00,0.05164381666666666
2019-10-11 16:00:00,0.022681241666666664
2019-10-11 17:00:00,0.2346941666666667
2019-10-11 18:00:00,0.5406925
2019-10-11 19:00:00,0.5817933333333334
2019-10-11 20:00:00,0.26608750000000003
2019-10-11 21:00:00,0.024326530833333332
2019-10-11 22:00:00,0.026064142499999998
2019-10-11 23:00:00,0.34474583333333336
2019-10-12 00:00:00,0.9209500000000002
2019-10-12 01:00:00,1.0
2019-10-12 02:00:00,0.7114333333333334
2019-10-12 03:00:00,0.18670608333333333
2019-10-12 04:00:00,0.009690225
2019-10-12 05:00:00,0.13385166666666667
2019-10-12 06:00:00,0.5005324999999999
2019-10-12 07:00:00,0.7638333333333334
2019-10-12 08:00:00,0.6021641666666667
2019-10-12 09:00:00,0.18501333333333336
2019-10-12 10:00:00,0.008455642941666668
2019-10-12 11:00:00,0.05421981666666667
2019-10-12 12:00:00,0.4315625
2019-10-12 13:00:00,0.8358916666666666
2019-10-12 14:00:00,0.659875
2019-10-12 15:00:00,0.2265116666666667
2019-10-12 16:00:00,0.015861658333333334
2019-10-12 17:00:00,0.07939241666666667
2019-10-12 18:00:00,0.41428750000000003
2019-10-12 19:00:00,0.6753416666666667
2019-10-12 20:00:00,0.54533
2019-10-12 21:00:00,0.1649190833333333
2019-10-12 22:00:00,0.005416796666666667
2019-10-12 23:00:00,0.09968308333333332
2019-10-13 00:00:00,0.64408
2019-10-13 01:00:00,1.0
2019-10-13 02:00:00,0.9845916666666666
2019-10-13 03:00:00,0.5180033333333334
2019-10-13 04:00:00,0.07571974999999999
2019-10-13 05:00:00,0.026727849999999997
2019-10-13 06:00:00,0.29486166666666663
2019-10-13 07:00:00,0.6733583333333333
2019-10-13 08:00:00,0.7783
2019-10-13 09:00:00,0.47226333333333337
2019-10-13 10:00:00,0.08893241666666667
2019-10-13 11:00:00,0.004782441500000001
2019-10-13 12:00:00,0.17670508333333335
2019-10-13 13:00:00,0.6951208333333334
2019-10-13 14:00:00,0.8920333333333333
2019-10-13 15:00:00,0.5070766666666666
2019-10-13 16:00:00,0.11104483333333334
2019-10-13 17:00:00,0.010514441666666666
2019-10-13 18:00:00,0.20706416666666666
2019-10-13 19:00:00,0.6119275
2019-10-13 20:00:00,0.71435
2019-10-13 21:00:00,0.4258283333333333
2019-10-13 22:00:00,0.07587533333333334
2019-10-13 23:00:00,0.010138883250000001
2019-10-14 00:00:00,0.2703183333333333
2019-10-14 01:00:00,0.9049416666666668
2019-10-14 02:00:00,1.0
2019-10-14 03:00:00,0.8725583333333333
2019-10-14 04:00:00,0.2821291666666667
2019-10-14 05:00:00,0.0177285
2019-10-14 06:00:00,0.10320441666666667
2019-10-14 07:00:00,0.5002875
2019-10-14 08:00:00,0.7782083333333333
2019-10-14 09:00:00,0.704225
2019-10-14 10:00:00,0.30732333333333334
2019-10-14 11:00:00,0.024973560750000002
2019-10-14 12:00:00,0.04149319666666667
2019-10-14 13:00:00,0.417115
2019-10-14 14:00:00,0.9200583333333333
2019-10-14 15:00:00,0.8129333333333334
2019-10-14 16:00:00,0.3333258333333333
2019-10-14 17:00:00,0.03964639166666667
2019-10-14 18:00:00,0.044801925
2019-10-14 19:00:00,0.4014083333333334
2019-10-14 20:00:00,0.7411083333333334
2019-10-14 21:00:00,0.6433083333333333
2019-10-14 22:00:00,0.2825425
2019-10-14 23:00:00,0.024488102916666667
2019-10-15 00:00:00,0.05544460000000001
2019-10-15 01:00:00,0.5527458333333333
2019-10-15 02:00:00,1.0
2019-10-15 03:00:00,1.0
2019-10-15 04:00:00,0.6047641666666667
2019-10-15 05:00:00,0.10969275000000002
2019-10-15 06:00:00,0.014054733333333331
2019-10-15 07:00:00,0.25477249999999996
2019-10-15 08:00:00,0.6870416666666667
2019-10-15 09:00:00,0.7933666666666666
2019-10-15 10:00:00,0.5578308333333334
2019-10-15 11:00:00,0.14969849999999998
2019-10-15 12:00:00,0.004978375833333333
2019-10-15 13:00:00,0.17027066666666665
2019-10-15 14:00:00,0.7161991666666667
2019-10-15 15:00:00,0.9866166666666668
2019-10-15 16:00:00,0.6454424999999999
2019-10-15 17:00:00,0.18383083333333336
2019-10-15 18:00:00,0.010454241666666666
2019-10-15 19:00:00,0.13679991666666666
2019-10-15 20:00:00,0.5913991666666667
2019-10-15 21:00:00,0.7498416666666666
2019-10-15 22:00:00,0.5132366666666667
2019-10-15 23:00:00,0.16050566666666666
2019-10-16 00:00:00,0.005927646666666667
2019-10-16 01:00:00,0.17493891666666667
2019-10-16 02:00:00,0.8192583333333333
2019-10-16 03:00:00,1.0
2019-10-16 04:00:00,0.8921083333333333
2019-10-16 05:00:00,0.32504083333333333
2019-10-16 06:00:00,0.029834774999999997
2019-10-16 07:00:00,0.05743951666666667
2019-10-16 08:00:00,0.44754916666666666
2019-10-16 09:00:00,0.7942416666666666
2019-10-16 10:00:00,0.7126916666666666
2019-10-16 11:00:00,0.36830333333333337
2019-10-16 12:00:00,0.0471592
2019-10-16 13:00:00,0.032382345916666666
2019-10-16 14:00:00,0.39564
2019-10-16 15:00:00,0.9196333333333332
2019-10-16 16:00:00,0.915175
2019-10-16 17:00:00,0.44992333333333334
2019-10-16 18:00:00,0.0797105
2019-10-16 19:00:00,0.014553900000000002
2019-10-16 20:00:00,0.2715525
2019-10-16 21:00:00,0.691125
2019-10-16 22:00:00,0.666725
2019-10-16 23:00:00,0.37514749999999997
2019-10-17 00:00:00,0.07412983333333333
2019-10-17 01:00:00,0.01674547725
2019-10-17 02:00:00,0.35853666666666667
2019-10-17 03:00:00,0.9459166666666665
2019-10-17 04:00:00,0.9968416666666667
2019-10-17 05:00:00,0.6285491666666667
2019-10-17 06:00:00,0.15233133333333332
2019-10-17 07:00:00,0.007814991666666667
2019-10-17 08:00:00,0.144013
2019-10-17 09:00:00,0.6050291666666666
2019-10-17 10:00:00,0.7821833333333333
2019-10-17 11:00:00,0.5538483333333333
2019-10-17 12:00:00,0.1939125
2019-10-17 13:00:00,0.008522555833333332
2019-10-17 14:00:00,0.11693350000000001
2019-10-17 15:00:00,0.6103175
2019-10-17 16:00:00,0.9741416666666667
2019-10-17 17:00:00,0.7487583333333333
2019-10-17 18:00:00,0.27304833333333334
2019-10-17 19:00:00,0.025854316666666665
2019-10-17 20:00:00,0.04472314999999999
2019-10-17 21:00:00,0.3844166666666667
2019-10-17 22:00:00,0.6821083333333333
2019-10-17 23:00:00,0.5474816666666666
2019-10-18 00:00:00,0.24910333333333332
2019-10-18 01:00:00,0.025554576333333336
2019-10-18 02:00:00,0.05749027499999999
2019-10-18 03:00:00,0.5009675000000001
2019-10-18 04:00:00,0.9598583333333334
2019-10-18 05:00:00,0.8626916666666666
2019-10-18 06:00:00,0.3967425
2019-10-18 07:00:00,0.0665345
2019-10-18 08:00:00,0.012058216666666668
2019-10-18 09:00:00,0.236865
2019-10-18 10:00:00,0.6521166666666666
2019-10-18 11:00:00,0.6603
2019-10-18 12:00:00,0.37381416666666667
2019-10-18 13:00:00,0.08201891666666666
2019-10-18 14:00:00,0.008080779166666666
2019-10-18 15:00:00,0.22159166666666663
2019-10-18 16:00:00,0.6986083333333333
2019-10-18 17:00:00,0.87005
2019-10-18 18:00:00,0.5474183333333333
2019-10-18 19:00:00,0.14775908333333335
2019-10-18 20:00:00,0.007297583333333333
2019-10-18 21:00:00,0.08144608333333332
2019-10-18 22:00:00,0.42583666666666664
2019-10-18 23:00:00,0.6046166666666667
2019-10-19 00:00:00,0.42338249999999994
2019-10-19 01:00:00,0.14806091666666668
2019-10-19 02:00:00,0.006947150833333335
2019-10-19 03:00:00,0.09952708333333334
2019-10-19 04:00:00,0.5036508333333333
2019-10-19 05:00:00,0.7916500000000001
2019-10-19 06:00:00,0.6392866666666667
2019-10-19 07:00:00,0.25850083333333335
2019-10-19 08:00:00,0.029563016666666667
2019-10-19 09:00:00,0.024607625
2019-10-19 10:00:00,0.2763258333333333
2019-10-19 11:00:00,0.577975
2019-10-19 12:00:00,0.49615499999999996
2019-10-19 13:00:00,0.2327933333333333
2019-10-19 14:00:00,0.03126169166666667
2019-10-19 15:00:00,0.02181710966666667
2019-10-19 16:00:00,0.27244500000000005
2019-10-19 17:00:00,0.6524416666666666
2019-10-19 18:00:00,0.7097166666666667
2019-10-19 19:00:00,0.3870483333333333
2019-10-19 20:00:00,0.08118141666666666
2019-10-19 21:00:00,0.003758258333333333
2019-10-19 22:00:00,0.09850616666666667
2019-10-19 23:00:00,0.40069083333333333
2019-10-20 00:00:00,0.5015275
2019-10-20 01:00:00,0.31464583333333335
2019-10-20 02:00:00,0.08675424999999999
2019-10-20 03:00:00,0.0031906825
2019-10-20 04:00:00,0.09828799999999999
2019-10-20 05:00:00,0.40151749999999997
2019-10-20 06:00:00,0.619025
2019-10-20 07:00:00,0.49950083333333334
2019-10-20 08:00:00,0.18375666666666668
2019-10-20 09:00:00,0.016108891666666666
2019-10-20 10:00:00,0.028505625
2019-10-20 11:00:00,0.24356333333333335
2019-10-20 12:00:00,0.45196416666666667
2019-10-20 13:00:00,0.3638208333333333
2019-10-20 14:00:00,0.15227416666666665
2019-10-20 15:00:00,0.014102595083333334
2019-10-20 16:00:00,0.028255514166666666
2019-10-20 17:00:00,0.25029833333333334
2019-10-20 18:00:00,0.5529824999999999
2019-10-20 19:00:00,0.5843725000000001
2019-10-20 20:00:00,0.30059749999999996
2019-10-20 21:00:00,0.05816091666666666
2019-10-20 22:00:00,0.003113675
2019-10-20 23:00:00,0.08985708333333334
2019-10-21 00:00:00,0.34204416666666665
2019-10-21 01:00:00,0.40796583333333336
2019-10-21 02:00:00,0.24909083333333332
2019-10-21 03:00:00,0.06707716666666666
2019-10-21 04:00:00,0.00218046325
2019-10-21 05:00:00,0.06279050000000001
2019-10-21 06:00:00,0.29403333333333337
2019-10-21 07:00:00,0.5135116666666666
2019-10-21 08:00:00,0.42974333333333337
2019-10-21 09:00:00,0.1558475
2019-10-21 10:00:00,0.014617291666666666
2019-10-21 11:00:00,0.019757691666666667
2019-10-21 12:00:00,0.18254666666666666
2019-10-21 13:00:00,0.3548266666666667
2019-10-21 14:00:00,0.2970041666666667
2019-10-21 15:00:00,0.12451416666666666
2019-10-21 16:00:00,0.010887000666666667
2019-10-21 17:00:00,0.02134222
2019-10-21 18:00:00,0.20008166666666669
2019-10-21 19:00:00,0.48732083333333326
2019-10-21 20:00:00,0.5476675
2019-10-21 21:00:00,0.29561916666666666
2019-10-21 22:00:00,0.06648291666666667
2019-10-21 23:00:00,0.0030818499999999997
2019-10-22 00:00:00,0.06954266666666667
2019-10-22 01:00:00,0.28724666666666665
2019-10-22 02:00:00,0.36334916666666667
2019-10-22 03:00:00,0.25463083333333336
2019-10-22 04:00:00,0.08901108333333334
2019-10-22 05:00:00,0.0043817233833333335
2019-10-22 06:00:00,0.032577275
2019-10-22 07:00:00,0.23128416666666665
2019-10-22 08:00:00,0.4784433333333334
2019-10-22 09:00:00,0.42869250000000003
2019-10-22 10:00:00,0.17769166666666666
2019-10-22 11:00:00,0.024593166666666666
2019-10-22 12:00:00,0.010453366666666665
2019-10-22 13:00:00,0.14357833333333334
2019-10-22 14:00:00,0.32539500000000005
2019-10-22 15:00:00,0.3031833333333333
2019-10-22 16:00:00,0.14363166666666666
2019-10-22 17:00:00,0.016698021666666667
2019-10-22 18:00:00,0.012156398341666668
2019-10-22 19:00:00,0.17156833333333335
2019-10-22 20:00:00,0.5090866666666667
2019-10-22 21:00:00,0.6316583333333333
2019-10-22 22:00:00,0.38291333333333333
2019-10-22 23:00:00,0.11058558333333332
2019-10-23 00:00:00,0.006379958333333333
2019-10-23 01:00:00,0.05430341666666667
2019-10-23 02:00:00,0.273695
2019-10-23 03:00:00,0.41137750000000006
2019-10-23 04:00:00,0.3646425
2019-10-23 05:00:00,0.16861166666666666
2019-10-23 06:00:00,0.015659983083333332
2019-10-23 07:00:00,0.0196920275
2019-10-23 08:00:00,0.21880416666666666
2019-10-23 09:00:00,0.5254116666666667
2019-10-23 10:00:00,0.526415
2019-10-23 11:00:00,0.26809916666666667
2019-10-23 12:00:00,0.052081499999999996
2019-10-23 13:00:00,0.0074700416666666665
2019-10-23 14:00:00,0.14773041666666667
2019-10-23 15:00:00,0.3805858333333333
2019-10-23 16:00:00,0.39869166666666667
2019-10-23 17:00:00,0.22129333333333334
2019-10-23 18:00:00,0.035485108333333334
2019-10-23 19:00:00,0.008537381416666667
2019-10-23 20:00:00,0.19139666666666666
2019-10-23 21:00:00,0.6584158333333333
2019-10-23 22:00:00,0.8750833333333332
2019-10-23 23:00:00,0.5874741666666667
2019-10-24 00:00:00,0.20092
2019-10-24 01:00:00,0.014581425000000002
2019-10-24 02:00:00,0.05609287500000001
2019-10-24 03:00:00,0.3417091666666666
2019-10-24 04:00:00,0.605175
2019-10-24 05:00:00,0.614825
2019-10-24 06:00:00,0.30809749999999997
2019-10-24 07:00:00,0.0345725475
2019-10-24 08:00:00,0.0188174519695
2019-10-24 09:00:00,0.266495
2019-10-24 10:00:00,0.70365
2019-10-24 11:00:00,0.7709
2019-10-24 12:00:00,0.434195
2019-10-24 13:00:00,0.08888508333333334
2019-10-24 14:00:00,0.010420516666666666
2019-10-24 15:00:00,0.21091916666666666
2019-10-24 16:00:00,0.5530366666666666
2019-10-24 17:00:00,0.6200416666666666
2019-10-24 18:00:00,0.36877583333333325
2019-10-24 19:00:00,0.06399923333333334
2019-10-24 20:00:00,0.011377743088333335
2019-10-24 21:00:00,0.2836175
2019-10-24 22:00:00,0.9042833333333333
2019-10-24 23:00:00,1.0
2019-10-25 00:00:00,0.87425
2019-10-25 01:00:00,0.3179808333333333
2019-10-25 02:00:00,0.021431725
2019-10-25 03:00:00,0.09048675
2019-10-25 04:00:00,0.5452691666666667
2019-10-25 05:00:00,0.9584833333333335
2019-10-25 06:00:00,0.9458583333333332
2019-10-25 07:00:00,0.44714666666666664
2019-10-25 08:00:00,0.04512215083333333
2019-10-25 09:00:00,0.030989692916666665
2019-10-25 10:00:00,0.4188408333333333
2019-10-25 11:00:00,0.968325
2019-10-25 12:00:00,0.9981
2019-10-25 13:00:00,0.6116808333333333
2019-10-25 14:00:00,0.1026985
2019-10-25 15:00:00,0.02428528333333333
2019-10-25 16:00:00,0.3721641666666667
2019-10-25 17:00:00,0.8901583333333334
2019-10-25 18:00:00,0.9631333333333333
2019-10-25 19:00:00,0.540965
2019-10-25 20:00:00,0.078563
2019-10-25 21:00:00,0.025328359166666665
2019-10-25 22:00:00,0.48971583333333335
2019-10-25 23:00:00,1.0
2019-10-26 00:00:00,1.0
2019-10-26 01:00:00,0.9774333333333334
2019-10-26 02:00:00,0.3866441666666667
2019-10-26 03:00:00,0.018032275
2019-10-26 04:00:00,0.1940355
2019-10-26 05:00:00,0.8604333333333334
2019-10-26 06:00:00,1.0
2019-10-26 07:00:00,0.9992333333333333
2019-10-26 08:00:00,0.49849166666666667
2019-10-26 09:00:00,0.03612884101666667
2019-10-26 10:00:00,0.07577171666666667
2019-10-26 11:00:00,0.7164083333333333
2019-10-26 12:00:00,1.0
2019-10-26 13:00:00,1.0
2019-10-26 14:00:00,0.6687291666666667
2019-10-26 15:00:00,0.078063825
2019-10-26 16:00:00,0.07084212499999999
2019-10-26 17:00:00,0.6778708333333333
2019-10-26 18:00:00,1.0
2019-10-26 19:00:00,1.0
2019-10-26 20:00:00,0.6267258333333333
2019-10-26 21:00:00,0.06284499166666667
2019-10-26 22:00:00,0.06651137333333333
2019-10-26 23:00:00,0.7463324999999998
2019-10-27 00:00:00,1.0
2019-10-27 01:00:00,1.0
2019-10-27 02:00:00,0.9815500000000001
2019-10-27 03:00:00,0.33568833333333337
2019-10-27 04:00:00,0.015749391666666668
2019-10-27 05:00:00,0.4146125
2019-10-27 06:00:00,1.0
2019-10-27 07:00:00,1.0
2019-10-27 08:00:00,0.9972416666666668
2019-10-27 09:00:00,0.42710000000000004
2019-10-27 10:00:00,0.016747670833333332
2019-10-27 11:00:00,0.20527266666666666
2019-10-27 12:00:00,0.9431083333333333
2019-10-27 13:00:00,1.0
2019-10-27 14:00:00,1.0
2019-10-27 15:00:00,0.5834600000000001
2019-10-27 16:00:00,0.03883624166666667
2019-10-27 17:00:00,0.19193675
2019-10-27 18:00:00,0.9214416666666666
2019-10-27 19:00:00,1.0
2019-10-27 20:00:00,1.0
2019-10-27 21:00:00,0.560005
2019-10-27 22:00:00,0.032761421666666665
2019-10-27 23:00:00,0.16320891666666668
2019-10-28 00:00:00,0.9257583333333333
2019-10-28 01:00:00,1.0
2019-10-28 02:00:00,1.0
2019-10-28 03:00:00,0.9277249999999999
2019-10-28 04:00:00,0.19909758333333333
2019-10-28 05:00:00,0.046454241666666674
2019-10-28 06:00:00,0.6919500000000001
2019-10-28 07:00:00,1.0
2019-10-28 08:00:00,1.0
2019-10-28 09:00:00,0.9582416666666665
2019-10-28 10:00:00,0.2730665
2019-10-28 11:00:00,0.012086813416666667
2019-10-28 12:00:00,0.48089166666666666
2019-10-28 13:00:00,1.0
2019-10-28 14:00:00,1.0
2019-10-28 15:00:00,0.9967583333333334
2019-10-28 16:00:00,0.3967666666666667
2019-10-28 17:00:00,0.017512825
2019-10-28 18:00:00,0.41515166666666664
2019-10-28 19:00:00,1.0
2019-10-28 20:00:00,1.0
2019-10-28 21:00:00,0.9929749999999999
2019-10-28 22:00:00,0.3941616666666667
2019-10-28 23:00:00,0.012692673250000001
2019-10-29 00:00:00,0.3403861666666666
2019-10-29 01:00:00,1.0
2019-10-29 02:00:00,1.0
2019-10-29 03:00:00,1.0
2019-10-29 04:00:00,0.7660041666666667
2019-10-29 05:00:00,0.07971234166666666
2019-10-29 06:00:00,0.12971161666666667
2019-10-29 07:00:00,0.8689
2019-10-29 08:00:00,1.0
2019-10-29 09:00:00,1.0
2019-10-29 10:00:00,0.8242116666666667
2019-10-29 11:00:00,0.12174815833333334
2019-10-29 12:00:00,0.05118885083333333
2019-10-29 13:00:00,0.7376766666666668
2019-10-29 14:00:00,1.0
2019-10-29 15:00:00,1.0
2019-10-29 16:00:00,0.9147916666666667
2019-10-29 17:00:00,0.212092
2019-10-29 18:00:00,0.032555324999999996
2019-10-29 19:00:00,0.637355
2019-10-29 20:00:00,1.0
2019-10-29 21:00:00,1.0
2019-10-29 22:00:00,0.9157166666666666
2019-10-29 23:00:00,0.22370283333333332
2019-10-30 00:00:00,0.016039582499999996
2019-10-30 01:00:00,0.544
2019-10-30 02:00:00,1.0
2019-10-30 03:00:00,1.0
2019-10-30 04:00:00,1.0
2019-10-30 05:00:00,0.4822841666666667
2019-10-30 06:00:00,0.02343435
2019-10-30 07:00:00,0.24485474999999998
2019-10-30 08:00:00,0.9482333333333334
2019-10-30 09:00:00,1.0
2019-10-30 10:00:00,1.0
2019-10-30 11:00:00,0.5563441666666666
2019-10-30 12:00:00,0.03464016833333333
2019-10-30 13:00:00,0.14432124999999998
2019-10-30 14:00:00,0.8915916666666668
2019-10-30 15:00:00,1.0
2019-10-30 16:00:00,1.0
2019-10-30 17:00:00,0.7221908333333333
2019-10-30 18:00:00,0.09042789166666668
2019-10-30 19:00:00,0.07634076666666666
2019-10-30 20:00:00,0.74449
2019-10-30 21:00:00,1.0
2019-10-30 22:00:00,1.0
2019-10-30 23:00:00,0.7224275
2019-10-31 00:00:00,0.10175065833333333
2019-10-31 01:00:00,0.04386288691666666
2019-10-31 02:00:00,0.6717391666666667
2019-10-31 03:00:00,1.0
2019-10-31 04:00:00,1.0
2019-10-31 05:00:00,0.8943583333333334
2019-10-31 06:00:00,0.22973141666666666
2019-10-31 07:00:00,0.01247475
2019-10-31 08:00:00,0.3322541666666667
2019-10-31 09:00:00,0.9611333333333333
2019-10-31 10:00:00,1.0
2019-10-31 11:00:00,0.9031416666666666
2019-10-31 12:00:00,0.268695
2019-10-31 13:00:00,0.007986783333333332
2019-10-31 14:00:00,0.24887349999999997
2019-10-31 15:00:00,0.9390416666666666
2019-10-31 16:00:00,1.0
2019-10-31 17:00:00,0.9856083333333333
2019-10-31 18:00:00,0.4386716666666666
2019-10-31 19:00:00,0.032777991666666666
2019-10-31 20:00:00,0.11183075
2019-10-31 21:00:00,0.7168783333333333
2019-10-31 22:00:00,1.0
2019-10-31 23:00:00,0.9576666666666667
2019-11-01 00:00:00,0.44776666666666665
2019-11-01 01:00:00,0.03647801920166666
2019-11-01 02:00:00,0.07505148333333334
2019-11-01 03:00:00,0.6607333333333334
2019-11-01 04:00:00,1.0
2019-11-01 05:00:00,1.0
2019-11-01 06:00:00,0.61621
2019-11-01 07:00:00,0.10405233333333333
2019-11-01 08:00:00,0.018691475
2019-11-01 09:00:00,0.3412766666666666
2019-11-01 10:00:00,0.8851749999999999
2019-11-01 11:00:00,0.9690083333333332
2019-11-01 12:00:00,0.587875
2019-11-01 13:00:00,0.10827466666666666
2019-11-01 14:00:00,0.01128622225
2019-11-01 15:00:00,0.2899425
2019-11-01 16:00:00,0.9078833333333334
2019-11-01 17:00:00,1.0
2019-11-01 18:00:00,0.8180666666666667
2019-11-01 19:00:00,0.2394791666666667
2019-11-01 20:00:00,0.012360891666666667
2019-11-01 21:00:00,0.10989866666666666
2019-11-01 22:00:00,0.5365433333333334
2019-11-01 23:00:00,0.8157833333333333
2019-11-02 00:00:00,0.6824333333333332
2019-11-02 01:00:00,0.24748166666666666
2019-11-02 02:00:00,0.011151549533333334
2019-11-02 03:00:00,0.07606708333333334
2019-11-02 04:00:00,0.47071083333333325
2019-11-02 05:00:00,0.9006833333333333
2019-11-02 06:00:00,0.8218916666666667
2019-11-02 07:00:00,0.3671125
2019-11-02 08:00:00,0.04953794166666667
2019-11-02 09:00:00,0.022992158333333332
2019-11-02 10:00:00,0.2753583333333333
2019-11-02 11:00:00,0.6104416666666667
2019-11-02 12:00:00,0.6307416666666666
2019-11-02 13:00:00,0.3280425
2019-11-02 14:00:00,0.040367466666666664
2019-11-02 15:00:00,0.017891883083333334
2019-11-02 16:00:00,0.25034833333333334
2019-11-02 17:00:00,0.721725
2019-11-02 18:00:00,0.8942583333333335
2019-11-02 19:00:00,0.5366991666666666
2019-11-02 20:00:00,0.13841225
2019-11-02 21:00:00,0.006309166666666667
2019-11-02 22:00:00,0.08245649999999999
2019-11-02 23:00:00,0.364015
2019-11-03 00:00:00,0.549875
2019-11-03 01:00:00,0.442125
2019-11-03 02:00:00,0.13464516666666668
2019-11-03 03:00:00,0.004212148333333334
2019-11-03 04:00:00,0.04743241666666667
2019-11-03 05:00:00,0.2802616666666667
2019-11-03 06:00:00,0.5760116666666666
2019-11-03 07:00:00,0.5467575
2019-11-03 08:00:00,0.23435583333333337
2019-11-03 09:00:00,0.027987258333333334
2019-11-03 10:00:00,0.0190549
2019-11-03 11:00:00,0.18501583333333332
2019-11-03 12:00:00,0.39283583333333333
2019-11-03 13:00:00,0.40167416666666667
2019-11-03 14:00:00,0.1864375
2019-11-03 15:00:00,0.016616902500000003
2019-11-03 16:00:00,0.0164968775
2019-11-03 17:00:00,0.17922833333333332
2019-11-03 18:00:00,0.5040366666666667
2019-11-03 19:00:00,0.6231666666666666
2019-11-03 20:00:00,0.370515
2019-11-03 21:00:00,0.09710600000000001
2019-11-03 22:00:00,0.004792958333333333
2019-11-03 23:00:00,0.05453316666666666
2019-11-04 00:00:00,0.2417625
2019-11-04 01:00:00,0.37327750000000004
2019-11-04 02:00:00,0.2962533333333333
2019-11-04 03:00:00,0.08748358333333334
2019-11-04 04:00:00,0.0031379997500000003
2019-11-04 05:00:00,0.021167683333333333
2019-11-04 06:00:00,0.16951333333333335
2019-11-04 07:00:00,0.404535
2019-11-04 08:00:00,0.393215
2019-11-04 09:00:00,0.1670016666666667
2019-11-04 10:00:00,0.021505958333333335
2019-11-04 11:00:00,0.011917641666666666
2019-11-04 12:00:00,0.11751416666666666
2019-11-04 13:00:00,0.2648725
2019-11-04 14:00:00,0.275905
2019-11-04 15:00:00,0.11908700000000001
2019-11-04 16:00:00,0.009211620833333333
2019-11-04 17:00:00,0.010780832499999999
2019-11-04 18:00:00,0.1254076666666667
2019-11-04 19:00:00,0.38202916666666664
2019-11-04 20:00:00,0.4864216666666667
2019-11-04 21:00:00,0.30026916666666664
2019-11-04 22:00:00,0.08765808333333334
2019-11-04 23:00:00,0.005349166666666666
2019-11-05 00:00:00,0.035804916666666665
2019-11-05 01:00:00,0.16644333333333333
2019-11-05 02:00:00,0.27371
2019-11-05 03:00:00,0.23419833333333334
2019-11-05 04:00:00,0.08067858333333333
2019-11-05 05:00:00,0.005154145
2019-11-05 06:00:00,0.009770023333333334
2019-11-05 07:00:00,0.12110008333333333
2019-11-05 08:00:00,0.31665000000000004
2019-11-05 09:00:00,0.30981083333333337
2019-11-05 10:00:00,0.14144166666666666
2019-11-05 11:00:00,0.02248725
2019-11-05 12:00:00,0.0075325750000000006
2019-11-05 13:00:00,0.08525841666666667
2019-11-05 14:00:00,0.20665166666666668
2019-11-05 15:00:00,0.21797416666666666
2019-11-05 16:00:00,0.09286316666666666
2019-11-05 17:00:00,0.007686930416666667
2019-11-05 18:00:00,0.007108002916666667
2019-11-05 19:00:00,0.10515475
2019-11-05 20:00:00,0.34551583333333336
2019-11-05 21:00:00,0.4466091666666667
2019-11-05 22:00:00,0.2907258333333333
2019-11-05 23:00:00,0.0946935
2019-11-06 00:00:00,0.006941208333333333
2019-11-06 01:00:00,0.026274183333333333
2019-11-06 02:00:00,0.13196666666666668
2019-11-06 03:00:00,0.24481583333333334
2019-11-06 04:00:00,0.2376133333333333
2019-11-06 05:00:00,0.09595491666666668
2019-11-06 06:00:00,0.008875394166666667
2019-11-06 07:00:00,0.0068828068833333336
2019-11-06 08:00:00,0.10572116666666666
2019-11-06 09:00:00,0.2784583333333333
2019-11-06 10:00:00,0.281525
2019-11-06 11:00:00,0.14373166666666667
2019-11-06 12:00:00,0.025525041666666665
2019-11-06 13:00:00,0.006932241666666667
2019-11-06 14:00:00,0.080983
2019-11-06 15:00:00,0.19483416666666667
2019-11-06 16:00:00,0.20582583333333332
2019-11-06 17:00:00,0.09003641666666667
2019-11-06 18:00:00,0.008280121666666666
2019-11-06 19:00:00,0.007492724833333334
2019-11-06 20:00:00,0.11901674999999999
2019-11-06 21:00:00,0.37818333333333337
2019-11-06 22:00:00,0.4764216666666667
2019-11-06 23:00:00,0.3191741666666667
2019-11-07 00:00:00,0.10723666666666666
2019-11-07 01:00:00,0.007924700000000002
2019-11-07 02:00:00,0.026255124999999997
2019-11-07 03:00:00,0.13907583333333334
2019-11-07 04:00:00,0.2816008333333333
2019-11-07 05:00:00,0.2832691666666667
2019-11-07 06:00:00,0.11359358333333333
2019-11-07 07:00:00,0.010289192499999999
2019-11-07 08:00:00,0.008065018241666668
2019-11-07 09:00:00,0.11427025
2019-11-07 10:00:00,0.2906833333333333
2019-11-07 11:00:00,0.3026025
2019-11-07 12:00:00,0.15689833333333333
2019-11-07 13:00:00,0.024188550000000003
2019-11-07 14:00:00,0.010592541666666667
2019-11-07 15:00:00,0.10056583333333334
2019-11-07 16:00:00,0.22205166666666667
2019-11-07 17:00:00,0.23038499999999998
2019-11-07 18:00:00,0.09786725
2019-11-07 19:00:00,0.007845838083333332
2019-11-07 20:00:00,0.014016295000000002
2019-11-07 21:00:00,0.17201750000000002
2019-11-07 22:00:00,0.47442666666666666
2019-11-07 23:00:00,0.56
2019-11-08 00:00:00,0.3641025
2019-11-08 01:00:00,0.11081691666666665
2019-11-08 02:00:00,0.006642566666666666
2019-11-08 03:00:00,0.04165058333333334
2019-11-08 04:00:00,0.19742666666666664
2019-11-08 05:00:00,0.3747375
2019-11-08 06:00:00,0.33619916666666666
2019-11-08 07:00:00,0.11392083333333333
2019-11-08 08:00:00,0.007431852112500001
2019-11-08 09:00:00,0.01516443
2019-11-08 10:00:00,0.1603533333333333
2019-11-08 11:00:00,0.3675508333333334
2019-11-08 12:00:00,0.3560391666666667
2019-11-08 13:00:00,0.15825916666666667
2019-11-08 14:00:00,0.016505699999999998
2019-11-08 15:00:00,0.023267124999999996
2019-11-08 16:00:00,0.15205666666666667
2019-11-08 17:00:00,0.29468666666666665
2019-11-08 18:00:00,0.2800758333333333
2019-11-08 19:00:00,0.09952508333333332
2019-11-08 20:00:00,0.0047710832500000005
2019-11-08 21:00:00,0.034770583333333334
2019-11-08 22:00:00,0.28006583333333335
2019-11-08 23:00:00,0.638425
2019-11-09 00:00:00,0.6755916666666667
2019-11-09 01:00:00,0.3892466666666667
2019-11-09 02:00:00,0.08975541666666667
2019-11-09 03:00:00,0.0061050083333333335
2019-11-09 04:00:00,0.09193908333333332
2019-11-09 05:00:00,0.3203108333333333
2019-11-09 06:00:00,0.49495
2019-11-09 07:00:00,0.35827916666666665
2019-11-09 08:00:00,0.0910985
2019-11-09 09:00:00,0.00295238675
2019-11-09 10:00:00,0.04185810833333334
2019-11-09 11:00:00,0.28041499999999997
2019-11-09 12:00:00,0.5112875
2019-11-09 13:00:00,0.40352833333333327
2019-11-09 14:00:00,0.13309866666666667
2019-11-09 15:00:00,0.008158241666666666
2019-11-09 16:00:00,0.05922708333333333
2019-11-09 17:00:00,0.25724499999999995
2019-11-09 18:00:00,0.4139116666666667
2019-11-09 19:00:00,0.3239208333333334
2019-11-09 20:00:00,0.08146191666666666
2019-11-09 21:00:00,0.0025189758333333334
2019-11-09 22:00:00,0.08910758333333334
2019-11-09 23:00:00,0.4714416666666667
2019-11-10 00:00:00,0.864875
2019-11-10 01:00:00,0.7679
2019-11-10 02:00:00,0.34926
2019-11-10 03:00:00,0.047498700000000005
2019-11-10 04:00:00,0.02169785
2019-11-10 05:00:00,0.21184083333333334
2019-11-10 06:00:00,0.5002491666666666
2019-11-10 07:00:00,0.5942333333333334
2019-11-10 08:00:00,0.32916249999999997
2019-11-10 09:00:00,0.05308358333333334
2019-11-10 10:00:00,0.0037938344166666667
2019-11-10 11:00:00,0.132201
2019-11-10 12:00:00,0.5160966666666666
2019-11-10 13:00:00,0.67795
2019-11-10 14:00:00,0.40093083333333335
2019-11-10 15:00:00,0.08685791666666667
2019-11-10 16:00:00,0.009068416666666667
2019-11-10 17:00:00,0.15086650000000001
2019-11-10 18:00:00,0.4358508333333333
2019-11-10 19:00:00,0.5447
2019-11-10 20:00:00,0.3218033333333333
2019-11-10 21:00:00,0.04883889166666667
2019-11-10 22:00:00,0.00980202
2019-11-10 23:00:00,0.2150808333333333
2019-11-11 00:00:00,0.7722666666666668
2019-11-11 01:00:00,1.0
2019-11-11 02:00:00,0.7539583333333333
2019-11-11 03:00:00,0.23572916666666668
2019-11-11 04:00:00,0.013888908333333332
2019-11-11 05:00:00,0.09077183333333333
2019-11-11 06:00:00,0.42326083333333336
2019-11-11 07:00:00,0.692625
2019-11-11 08:00:00,0.6286008333333334
2019-11-11 09:00:00,0.24799416666666668
2019-11-11 10:00:00,0.017739284
2019-11-11 11:00:00,0.03514851666666667
2019-11-11 12:00:00,0.36649750000000003
2019-11-11 13:00:00,0.8451333333333334
2019-11-11 14:00:00,0.777025
2019-11-11 15:00:00,0.33017833333333335
2019-11-11 16:00:00,0.0393019
2019-11-11 17:00:00,0.040314050000000004
2019-11-11 18:00:00,0.34165
2019-11-11 19:00:00,0.6591333333333335
2019-11-11 20:00:00,0.6176141666666666
2019-11-11 21:00:00,0.2621466666666667
2019-11-11 22:00:00,0.01955187425
2019-11-11 23:00:00,0.047538025
2019-11-12 00:00:00,0.47027250000000004
2019-11-12 01:00:00,0.9844666666666667
2019-11-12 02:00:00,0.998575
2019-11-12 03:00:00,0.5973475
2019-11-12 04:00:00,0.10745983333333334
2019-11-12 05:00:00,0.0158555
2019-11-12 06:00:00,0.2648625
2019-11-12 07:00:00,0.6944916666666667
2019-11-12 08:00:00,0.8309916666666666
2019-11-12 09:00:00,0.5688416666666667
2019-11-12 10:00:00,0.13669849999999997
2019-11-12 11:00:00,0.004577772416666666
2019-11-12 12:00:00,0.17452991666666665
2019-11-12 13:00:00,0.76973
2019-11-12 14:00:00,1.0
2019-11-12 15:00:00,0.7371941666666667
2019-11-12 16:00:00,0.21159166666666668
2019-11-12 17:00:00,0.011635775
2019-11-12 18:00:00,0.14968558333333334
2019-11-12 19:00:00,0.62708
2019-11-12 20:00:00,0.830625
2019-11-12 21:00:00,0.5891641666666666
2019-11-12 22:00:00,0.17110766666666666
2019-11-12 23:00:00,0.0055289936666666675
2019-11-13 00:00:00,0.167233
2019-11-13 01:00:00,0.8185833333333333
2019-11-13 02:00:00,1.0
2019-11-13 03:00:00,0.9420416666666667
2019-11-13 04:00:00,0.36756999999999995
2019-11-13 05:00:00,0.030070225000000003
2019-11-13 06:00:00,0.08045924999999998
2019-11-13 07:00:00,0.5473724999999999
2019-11-13 08:00:00,0.9367583333333332
2019-11-13 09:00:00,0.8512833333333333
2019-11-13 10:00:00,0.4156766666666667
2019-11-13 11:00:00,0.04554892333333333
2019-11-13 12:00:00,0.041689619166666664
2019-11-13 13:00:00,0.5025200000000001
2019-11-13 14:00:00,0.9962833333333333
2019-11-13 15:00:00,0.9950249999999999
2019-11-13 16:00:00,0.5660083333333333
2019-11-13 17:00:00,0.09495775000000001
2019-11-13 18:00:00,0.022401925
2019-11-13 19:00:00,0.37553
2019-11-13 20:00:00,0.8964916666666666
2019-11-13 21:00:00,0.8663833333333334
2019-11-13 22:00:00,0.4773691666666667
2019-11-13 23:00:00,0.08451125
2019-11-14 00:00:00,0.019838923083333335
2019-11-14 01:00:00,0.4254516666666667
2019-11-14 02:00:00,0.9914749999999999
2019-11-14 03:00:00,1.0
2019-11-14 04:00:00,0.7723141666666666
2019-11-14 05:00:00,0.17463808333333333
2019-11-14 06:00:00,0.0099133
2019-11-14 07:00:00,0.23634333333333335
2019-11-14 08:00:00,0.8426833333333333
2019-11-14 09:00:00,0.9944916666666666
2019-11-14 10:00:00,0.7254916666666666
2019-11-14 11:00:00,0.22754166666666667
2019-11-14 12:00:00,0.00793907125
2019-11-14 13:00:00,0.18750483333333332
2019-11-14 14:00:00,0.8577749999999998
2019-11-14 15:00:00,1.0
2019-11-14 16:00:00,0.925775
2019-11-14 17:00:00,0.34283250000000004
2019-11-14 18:00:00,0.026357475
2019-11-14 19:00:00,0.09443141666666667
2019-11-14 20:00:00,0.6477575
2019-11-14 21:00:00,0.9936666666666667
2019-11-14 22:00:00,0.7722916666666667
2019-11-14 23:00:00,0.3284008333333333
2019-11-15 00:00:00,0.027963321583333332
2019-11-15 01:00:00,0.09095893333333332
2019-11-15 02:00:00,0.73383
2019-11-15 03:00:00,1.0
2019-11-15 04:00:00,0.9888666666666666
2019-11-15 05:00:00,0.49959916666666665
2019-11-15 06:00:00,0.06554716666666667
2019-11-15 07:00:00,0.03228824166666667
2019-11-15 08:00:00,0.44804083333333333
2019-11-15 09:00:00,0.9712583333333333
2019-11-15 10:00:00,0.9341916666666666
2019-11-15 11:00:00,0.5040725
2019-11-15 12:00:00,0.0875405
2019-11-15 13:00:00,0.022072686666666667
2019-11-15 14:00:00,0.4369383333333334
2019-11-15 15:00:00,0.9893500000000001
2019-11-15 16:00:00,1.0
2019-11-15 17:00:00,0.7329933333333334
2019-11-15 18:00:00,0.16214825000000002
2019-11-15 19:00:00,0.008110925
2019-11-15 20:00:00,0.21754683333333333
2019-11-15 21:00:00,0.8162666666666667
2019-11-15 22:00:00,0.9495666666666667
2019-11-15 23:00:00,0.6086225
2019-11-16 00:00:00,0.18725916666666667
2019-11-16 01:00:00,0.0071231074166666665
2019-11-16 02:00:00,0.21776174999999998
2019-11-16 03:00:00,0.8813583333333334
2019-11-16 04:00:00,1.0
2019-11-16 05:00:00,0.859375
2019-11-16 06:00:00,0.28562
2019-11-16 07:00:00,0.0206925
2019-11-16 08:00:00,0.084108
2019-11-16 09:00:00,0.6011516666666668
2019-11-16 10:00:00,0.9828333333333334
2019-11-16 11:00:00,0.7346666666666667
2019-11-16 12:00:00,0.2900775
2019-11-16 13:00:00,0.023447517916666664
2019-11-16 14:00:00,0.07966389166666667
2019-11-16 15:00:00,0.6459791666666667
2019-11-16 16:00:00,1.0
2019-11-16 17:00:00,0.9709499999999999
2019-11-16 18:00:00,0.466625
2019-11-16 19:00:00,0.06459416666666667
2019-11-16 20:00:00,0.017467383333333333
2019-11-16 21:00:00,0.3127008333333333
2019-11-16 22:00:00,0.8126000000000001
2019-11-16 23:00:00,0.7925833333333333
2019-11-17 00:00:00,0.43381000000000003
2019-11-17 01:00:00,0.08981441666666667
2019-11-17 02:00:00,0.012210795833333335
2019-11-17 03:00:00,0.30038916666666665
2019-11-17 04:00:00,0.8736083333333333
2019-11-17 05:00:00,0.985775
2019-11-17 06:00:00,0.6212333333333333
2019-11-17 07:00:00,0.16061741666666665
2019-11-17 08:00:00,0.0073969
2019-11-17 09:00:00,0.12857208333333334
2019-11-17 10:00:00,0.6012491666666667
2019-11-17 11:00:00,0.7892583333333333
2019-11-17 12:00:00,0.4994558333333333
2019-11-17 13:00:00,0.14981783333333332
2019-11-17 14:00:00,0.00571476525
2019-11-17 15:00:00,0.14013783333333335
2019-11-17 16:00:00,0.6836833333333332
2019-11-17 17:00:00,1.0
2019-11-17 18:00:00,0.8123916666666666
2019-11-17 19:00:00,0.28961
2019-11-17 20:00:00,0.02780193333333333
2019-11-17 21:00:00,0.027800775000000003
2019-11-17 22:00:00,0.32067666666666667
2019-11-17 23:00:00,0.691225
2019-11-18 00:00:00,0.6105
2019-11-18 01:00:00,0.29569
2019-11-18 02:00:00,0.0435365
2019-11-18 03:00:00,0.01797905616666667
2019-11-18 04:00:00,0.26037333333333335
2019-11-18 05:00:00,0.6627
2019-11-18 06:00:00,0.7612333333333333
2019-11-18 07:00:00,0.44372083333333334
2019-11-18 08:00:00,0.098635
2019-11-18 09:00:00,0.004944833333333333
2019-11-18 10:00:00,0.12572041666666667
2019-11-18 11:00:00,0.47953583333333333
2019-11-18 12:00:00,0.5711416666666667
2019-11-18 13:00:00,0.3372775
2019-11-18 14:00:00,0.08239783333333334
2019-11-18 15:00:00,0.004086722833333334
2019-11-18 16:00:00,0.14863574999999998
2019-11-18 17:00:00,0.5768433333333334
2019-11-18 18:00:00,0.8517
2019-11-18 19:00:00,0.6297458333333332
2019-11-18 20:00:00,0.21427000000000004
2019-11-18 21:00:00,0.019061466666666665
2019-11-18 22:00:00,0.02456445
2019-11-18 23:00:00,0.26309416666666663
2019-11-19 00:00:00,0.5416825
2019-11-19 01:00:00,0.4705675
2019-11-19 02:00:00,0.22517416666666665
2019-11-19 03:00:00,0.03212803333333333
2019-11-19 04:00:00,0.010303618833333335
2019-11-19 05:00:00,0.16214583333333332
2019-11-19 06:00:00,0.4689933333333334
2019-11-19 07:00:00,0.5971583333333333
2019-11-19 08:00:00,0.35572
2019-11-19 09:00:00,0.07872849999999999
2019-11-19 10:00:00,0.0037446249999999997
2019-11-19 11:00:00,0.08711283333333335
2019-11-19 12:00:00,0.3475091666666667
2019-11-19 13:00:00,0.4319533333333333
2019-11-19 14:00:00,0.2629608333333333
2019-11-19 15:00:00,0.061694250000000006
2019-11-19 16:00:00,0.003073656833333333
2019-11-19 17:00:00,0.10939616666666666
2019-11-19 18:00:00,0.44850083333333335
2019-11-19 19:00:00,0.7290833333333333
2019-11-19 20:00:00,0.5807458333333333
2019-11-19 21:00:00,0.21882583333333333
2019-11-19 22:00:00,0.025640866666666668
2019-11-19 23:00:00,0.014429264999999998
2019-11-20 00:00:00,0.19360333333333332
2019-11-20 01:00:00,0.4317141666666667
2019-11-20 02:00:00,0.41515833333333335
2019-11-20 03:00:00,0.23502916666666665
2019-11-20 04:00:00,0.04732683333333333
2019-11-20 05:00:00,0.002792816833333333
2019-11-20 06:00:00,0.0921135
2019-11-20 07:00:00,0.36964416666666666
2019-11-20 08:00:00,0.5408000000000001
2019-11-20 09:00:00,0.3492925
2019-11-20 10:00:00,0.09542166666666667
2019-11-20 11:00:00,0.005089708333333334
2019-11-20 12:00:00,0.05378525
2019-11-20 13:00:00,0.27733416666666666
2019-11-20 14:00:00,0.39285083333333337
2019-11-20 15:00:00,0.2676075
2019-11-20 16:00:00,0.07437941666666667
2019-11-20 17:00:00,0.002292843325
2019-11-20 18:00:00,0.06899083333333333
2019-11-20 19:00:00,0.38706583333333333
2019-11-20 20:00:00,0.7491083333333335
2019-11-20 21:00:00,0.6678416666666667
2019-11-20 22:00:00,0.2994808333333333
2019-11-20 23:00:00,0.0515905
2019-11-21 00:00:00,0.00756805
2019-11-21 01:00:00,0.14999458333333332
2019-11-21 02:00:00,0.4034816666666666
2019-11-21 03:00:00,0.47529166666666667
2019-11-21 04:00:00,0.34082666666666667
2019-11-21 05:00:00,0.09778033333333333
2019-11-21 06:00:00,0.0029345585833333333
2019-11-21 07:00:00,0.06537333333333334
2019-11-21 08:00:00,0.3605891666666667
2019-11-21 09:00:00,0.59475
2019-11-21 10:00:00,0.4395875
2019-11-21 11:00:00,0.15805666666666668
2019-11-21 12:00:00,0.013050791666666665
2019-11-21 13:00:00,0.04281481666666667
2019-11-21 14:00:00,0.28426
2019-11-21 15:00:00,0.45579250000000004
2019-11-21 16:00:00,0.3596158333333333
2019-11-21 17:00:00,0.12820158333333334
2019-11-21 18:00:00,0.0065363163
2019-11-21 19:00:00,0.05279547500000001
2019-11-21 20:00:00,0.4209125
2019-11-21 21:00:00,0.9177749999999999
2019-11-21 22:00:00,0.8932666666666667
2019-11-21 23:00:00,0.4642083333333333
2019-11-22 00:00:00,0.10205316666666667
2019-11-22 01:00:00,0.006231399999999999
2019-11-22 02:00:00,0.15073683333333332
2019-11-22 03:00:00,0.4891441666666666
2019-11-22 04:00:00,0.6807500000000001
2019-11-22 05:00:00,0.5469958333333333
2019-11-22 06:00:00,0.17503083333333333
2019-11-22 07:00:00,0.006850276833333333
2019-11-22 08:00:00,0.07042933333333334
2019-11-22 09:00:00,0.4482058333333333
2019-11-22 10:00:00,0.793625
2019-11-22 11:00:00,0.6491850000000001
2019-11-22 12:00:00,0.26343999999999995
2019-11-22 13:00:00,0.023813108333333336
2019-11-22 14:00:00,0.05441569166666667
2019-11-22 15:00:00,0.3771575
2019-11-22 16:00:00,0.6428833333333334
2019-11-22 17:00:00,0.5634583333333333
2019-11-22 18:00:00,0.22792749999999998
2019-11-22 19:00:00,0.015305055000000001
2019-11-22 20:00:00,0.06213751666666667
2019-11-22 21:00:00,0.5606575
2019-11-22 22:00:00,1.0
2019-11-22 23:00:00,1.0
2019-11-23 00:00:00,0.6918783333333333
2019-11-23 01:00:00,0.157475
2019-11-23 02:00:00,0.008559158333333334
2019-11-23 03:00:00,0.21516416666666668
2019-11-23 04:00:00,0.7208416666666666
2019-11-23 05:00:00,0.9945583333333333
2019-11-23 06:00:00,0.7862833333333333
2019-11-23 07:00:00,0.23036833333333334
2019-11-23 08:00:00,0.0078743825
2019-11-23 09:00:00,0.11219733333333332
2019-11-23 10:00:00,0.6764766666666666
2019-11-23 11:00:00,1.0
2019-11-23 12:00:00,0.9063416666666666
2019-11-23 13:00:00,0.35779666666666665
2019-11-23 14:00:00,0.025554916666666667
2019-11-23 15:00:00,0.09791508333333333
2019-11-23 16:00:00,0.5836358333333334
2019-11-23 17:00:00,0.9690583333333332
2019-11-23 18:00:00,0.85855
2019-11-23 19:00:00,0.328155
2019-11-23 20:00:00,0.01888683225
2019-11-23 21:00:00,0.10090942499999998
2019-11-23 22:00:00,0.7573925
2019-11-23 23:00:00,1.0
2019-11-24 00:00:00,1.0
2019-11-24 01:00:00,0.8249833333333334
2019-11-24 02:00:00,0.1716195
2019-11-24 03:00:00,0.017835541666666666
2019-11-24 04:00:00,0.3765708333333333
2019-11-24 05:00:00,0.957375
2019-11-24 06:00:00,1.0
2019-11-24 07:00:00,0.8695
2019-11-24 08:00:00,0.22332108333333334
2019-11-24 09:00:00,0.006350012500000001
2019-11-24 10:00:00,0.224749
2019-11-24 11:00:00,0.9169916666666666
2019-11-24 12:00:00,1.0
2019-11-24 13:00:00,0.9691333333333334
2019-11-24 14:00:00,0.37276583333333335
2019-11-24 15:00:00,0.017747516666666668
2019-11-24 16:00:00,0.19937391666666668
2019-11-24 17:00:00,0.8643083333333333
2019-11-24 18:00:00,1.0
2019-11-24 19:00:00,0.9584416666666669
2019-11-24 20:00:00,0.35300666666666664
2019-11-24 21:00:00,0.013446890833333336
2019-11-24 22:00:00,0.18222766666666668
2019-11-24 23:00:00,0.9102416666666666
2019-11-25 00:00:00,1.0
2019-11-25 01:00:00,1.0
2019-11-25 02:00:00,0.8185208333333334
2019-11-25 03:00:00,0.12493175000000001
2019-11-25 04:00:00,0.05307169166666667
2019-11-25 05:00:00,0.6415583333333333
2019-11-25 06:00:00,1.0
2019-11-25 07:00:00,1.0
2019-11-25 08:00:00,0.8384416666666666
2019-11-25 09:00:00,0.16125975
2019-11-25 10:00:00,0.014620325
2019-11-25 11:00:00,0.46509749999999994
2019-11-25 12:00:00,1.0
2019-11-25 13:00:00,1.0
2019-11-25 14:00:00,0.95815
2019-11-25 15:00:00,0.300545
2019-11-25 16:00:00,0.015269358333333332
2019-11-25 17:00:00,0.38870666666666664
2019-11-25 18:00:00,0.9917583333333334
2019-11-25 19:00:00,1.0
2019-11-25 20:00:00,0.9492833333333333
2019-11-25 21:00:00,0.28848083333333335
2019-11-25 22:00:00,0.008746061666666667
2019-11-25 23:00:00,0.3236325
2019-11-26 00:00:00,0.9940333333333332
2019-11-26 01:00:00,1.0
2019-11-26 02:00:00,1.0
2019-11-26 03:00:00,0.6946633333333334
2019-11-26 04:00:00,0.058765558333333336
2019-11-26 05:00:00,0.14035391666666666
2019-11-26 06:00:00,0.8531749999999999
2019-11-26 07:00:00,1.0
2019-11-26 08:00:00,1.0
2019-11-26 09:00:00,0.72236
2019-11-26 10:00:00,0.08317937500000001
2019-11-26 11:00:00,0.05775053666666667
2019-11-26 12:00:00,0.7402925
2019-11-26 13:00:00,1.0
2019-11-26 14:00:00,1.0
2019-11-26 15:00:00,0.8928083333333332
2019-11-26 16:00:00,0.18910225
2019-11-26 17:00:00,0.037481625
2019-11-26 18:00:00,0.6309658333333333
2019-11-26 19:00:00,1.0
2019-11-26 20:00:00,1.0
2019-11-26 21:00:00,0.8797750000000001
2019-11-26 22:00:00,0.18784675
2019-11-26 23:00:00,0.0160315125
2019-11-27 00:00:00,0.5226825
2019-11-27 01:00:00,1.0
2019-11-27 02:00:00,1.0
2019-11-27 03:00:00,1.0
2019-11-27 04:00:00,0.4605491666666666
2019-11-27 05:00:00,0.020080716666666665
2019-11-27 06:00:00,0.28256925
2019-11-27 07:00:00,0.9646666666666666
2019-11-27 08:00:00,1.0
2019-11-27 09:00:00,1.0
2019-11-27 10:00:00,0.5074691666666666
2019-11-27 11:00:00,0.027380820833333333
2019-11-27 12:00:00,0.1669465
2019-11-27 13:00:00,0.9201250000000001
2019-11-27 14:00:00,1.0
2019-11-27 15:00:00,1.0
2019-11-27 16:00:00,0.7432516666666666
2019-11-27 17:00:00,0.09066424166666666
2019-11-27 18:00:00,0.0967816
2019-11-27 19:00:00,0.8006416666666667
2019-11-27 20:00:00,1.0
2019-11-27 21:00:00,1.0
2019-11-27 22:00:00,0.739265
2019-11-27 23:00:00,0.09857410833333333
2019-11-28 00:00:00,0.04531286416666666
2019-11-28 01:00:00,0.6938150000000001
2019-11-28 02:00:00,1.0
2019-11-28 03:00:00,1.0
2019-11-28 04:00:00,0.9185083333333334
2019-11-28 05:00:00,0.23220849999999998
2019-11-28 06:00:00,0.018628975000000002
2019-11-28 07:00:00,0.4375975
2019-11-28 08:00:00,0.997625
2019-11-28 09:00:00,1.0
2019-11-28 10:00:00,0.9309583333333334
2019-11-28 11:00:00,0.26990499999999995
2019-11-28 12:00:00,0.008760805833333333
2019-11-28 13:00:00,0.34259666666666666
2019-11-28 14:00:00,0.996025
2019-11-28 15:00:00,1.0
2019-11-28 16:00:00,1.0
2019-11-28 17:00:00,0.49766750000000004
2019-11-28 18:00:00,0.03217185
2019-11-28 19:00:00,0.17915091666666666
2019-11-28 20:00:00,0.8729333333333333
2019-11-28 21:00:00,1.0
2019-11-28 22:00:00,0.9963416666666667
2019-11-28 23:00:00,0.5115366666666668
2019-11-29 00:00:00,0.03856815225
2019-11-29 01:00:00,0.10128477500000001
2019-11-29 02:00:00,0.8060083333333334
2019-11-29 03:00:00,1.0
2019-11-29 04:00:00,1.0
2019-11-29 05:00:00,0.6888691666666666
2019-11-29 06:00:00,0.09910608333333334
2019-11-29 07:00:00,0.042522700000000004
2019-11-29 08:00:00,0.5418025
2019-11-29 09:00:00,1.0
2019-11-29 10:00:00,1.0
2019-11-29 11:00:00,0.7000058333333334
2019-11-29 12:00:00,0.10740241666666668
2019-11-29 13:00:00,0.025120406083333335
2019-11-29 14:00:00,0.5145341666666667
2019-11-29 15:00:00,1.0
2019-11-29 16:00:00,1.0
2019-11-29 17:00:00,0.9009916666666667
2019-11-29 18:00:00,0.2590475
2019-11-29 19:00:00,0.011992383333333334
2019-11-29 20:00:00,0.24023674999999997
2019-11-29 21:00:00,0.8546333333333332
2019-11-29 22:00:00,1.0
2019-11-29 23:00:00,0.8791916666666667
2019-11-30 00:00:00,0.29181583333333333
2019-11-30 01:00:00,0.010177915
2019-11-30 02:00:00,0.16112825
2019-11-30 03:00:00,0.8177916666666666
2019-11-30 04:00:00,1.0
2019-11-30 05:00:00,0.9471916666666668
2019-11-30 06:00:00,0.39807583333333335
2019-11-30 07:00:00,0.03662934166666667
2019-11-30 08:00:00,0.07493022499999999
2019-11-30 09:00:00,0.5497166666666667
2019-11-30 10:00:00,0.9686083333333333
2019-11-30 11:00:00,0.8868250000000001
2019-11-30 12:00:00,0.38390250000000004
2019-11-30 13:00:00,0.030047011583333335
2019-11-30 14:00:00,0.063677875
2019-11-30 15:00:00,0.5884766666666666
2019-11-30 16:00:00,1.0
2019-11-30 17:00:00,1.0
2019-11-30 18:00:00,0.6300533333333334
2019-11-30 19:00:00,0.11579933333333335
2019-11-30 20:00:00,0.012409966666666666
2019-11-30 21:00:00,0.24811166666666667
2019-11-30 22:00:00,0.6950416666666667
2019-11-30 23:00:00,0.8569249999999999
2019-12-01 00:00:00,0.594745
2019-12-01 01:00:00,0.13469475
2019-12-01 02:00:00,0.00555370625
2019-12-01 03:00:00,0.17636983333333334
2019-12-01 04:00:00,0.6626683333333334
2019-12-01 05:00:00,0.9471499999999999
2019-12-01 06:00:00,0.6687125
2019-12-01 07:00:00,0.21009916666666664
2019-12-01 08:00:00,0.012299808333333334
2019-12-01 09:00:00,0.096076
2019-12-01 10:00:00,0.4633525
2019-12-01 11:00:00,0.6950416666666667
2019-12-01 12:00:00,0.5528416666666667
2019-12-01 13:00:00,0.17677591666666667
2019-12-01 14:00:00,0.006025979999999999
2019-12-01 15:00:00,0.09986283333333333
2019-12-01 16:00:00,0.536415
2019-12-01 17:00:00,0.9605
2019-12-01 18:00:00,0.8402333333333333
2019-12-01 19:00:00,0.35700833333333326
2019-12-01 20:00:00,0.048917183333333336
2019-12-01 21:00:00,0.016167149999999998
2019-12-01 22:00:00,0.21263749999999998
2019-12-01 23:00:00,0.5083983333333333
2019-12-02 00:00:00,0.5865583333333333
2019-12-02 01:00:00,0.34533166666666665
2019-12-02 02:00:00,0.05179405833333333
2019-12-02 03:00:00,0.007518918833333333
2019-12-02 04:00:00,0.13656066666666666
2019-12-02 05:00:00,0.43951833333333334
2019-12-02 06:00:00,0.6117750000000001
2019-12-02 07:00:00,0.4033266666666666
2019-12-02 08:00:00,0.10216941666666667
2019-12-02 09:00:00,0.005554516666666667
2019-12-02 10:00:00,0.09206725
2019-12-02 11:00:00,0.33435499999999996
2019-12-02 12:00:00,0.45011916666666674
2019-12-02 13:00:00,0.3146025
2019-12-02 14:00:00,0.06988475
2019-12-02 15:00:00,0.003942199166666667
2019-12-02 16:00:00,0.10764183333333334
2019-12-02 17:00:00,0.4151025
2019-12-02 18:00:00,0.6725
2019-12-02 19:00:00,0.5390533333333334
2019-12-02 20:00:00,0.2068375
2019-12-02 21:00:00,0.023259083333333333
2019-12-02 22:00:00,0.016196258333333335
2019-12-02 23:00:00,0.15916333333333332
2019-12-03 00:00:00,0.34342999999999996
2019-12-03 01:00:00,0.3694708333333333
2019-12-03 02:00:00,0.1863025
2019-12-03 03:00:00,0.020904458333333334
2019-12-03 04:00:00,0.005501960833333334
2019-12-03 05:00:00,0.08296783333333334
2019-12-03 06:00:00,0.2796291666666667
2019-12-03 07:00:00,0.39089499999999994
2019-12-03 08:00:00,0.23386916666666668
2019-12-03 09:00:00,0.049146833333333334
2019-12-03 10:00:00,0.00408395
2019-12-03 11:00:00,0.06961575
2019-12-03 12:00:00,0.22100750000000002
2019-12-03 13:00:00,0.28158583333333337
2019-12-03 14:00:00,0.17122333333333334
2019-12-03 15:00:00,0.026197166666666667
2019-12-03 16:00:00,0.0054404875
2019-12-03 17:00:00,0.08818341666666667
2019-12-03 18:00:00,0.30112
2019-12-03 19:00:00,0.47696583333333337
2019-12-03 20:00:00,0.36978249999999996
2019-12-03 21:00:00,0.13701083333333336
2019-12-03 22:00:00,0.015160625
2019-12-03 23:00:00,0.012848508333333333
2019-12-04 00:00:00,0.10661583333333333
2019-12-04 01:00:00,0.2187691666666667
2019-12-04 02:00:00,0.23166749999999997
2019-12-04 03:00:00,0.11328666666666665
2019-12-04 04:00:00,0.013181799999999999
2019-12-04 05:00:00,0.00219883525
2019-12-04 06:00:00,0.04707258333333333
2019-12-04 07:00:00,0.183655
2019-12-04 08:00:00,0.2524791666666667
2019-12-04 09:00:00,0.14162916666666667
2019-12-04 10:00:00,0.029487833333333335
2019-12-04 11:00:00,0.0030022
2019-12-04 12:00:00,0.04718366666666667
2019-12-04 13:00:00,0.1476775
2019-12-04 14:00:00,0.18222249999999998
2019-12-04 15:00:00,0.09938799999999999
2019-12-04 16:00:00,0.012148444999999999
2019-12-04 17:00:00,0.004424080833333333
2019-12-04 18:00:00,0.06454175000000001
2019-12-04 19:00:00,0.23382999999999998
2019-12-04 20:00:00,0.37790083333333335
2019-12-04 21:00:00,0.2919966666666667
2019-12-04 22:00:00,0.113165
2019-12-04 23:00:00,0.014560391666666667
2019-12-05 00:00:00,0.00878305
2019-12-05 01:00:00,0.06919333333333333
2019-12-05 02:00:00,0.14983666666666667
2019-12-05 03:00:00,0.1753575
2019-12-05 04:00:00,0.09619749999999999
2019-12-05 05:00:00,0.014705141666666668
2019-12-05 06:00:00,0.0008004599999999999
2019-12-05 07:00:00,0.03053266666666667
2019-12-05 08:00:00,0.13420416666666668
2019-12-05 09:00:00,0.18381
2019-12-05 10:00:00,0.10969833333333334
2019-12-05 11:00:00,0.027482333333333334
2019-12-05 12:00:00,0.0024350166666666662
2019-12-05 13:00:00,0.03497391666666667
2019-12-05 14:00:00,0.11150583333333336
2019-12-05 15:00:00,0.13694833333333334
2019-12-05 16:00:00,0.07519933333333334
2019-12-05 17:00:00,0.0098967225
2019-12-05 18:00:00,0.00277387
2019-12-05 19:00:00,0.05367058333333333
2019-12-05 20:00:00,0.21664833333333333
2019-12-05 21:00:00,0.3510991666666667
2019-12-05 22:00:00,0.27638833333333335
2019-12-05 23:00:00,0.11716583333333333
2019-12-06 00:00:00,0.017489025000000002
2019-12-06 01:00:00,0.006543933333333332
2019-12-06 02:00:00,0.055433666666666666
2019-12-06 03:00:00,0.13853333333333334
2019-12-06 04:00:00,0.1848275
2019-12-06 05:00:00,0.11115666666666668
2019-12-06 06:00:00,0.019936299999999997
2019-12-06 07:00:00,0.00065076225
2019-12-06 08:00:00,0.027923833333333335
2019-12-06 09:00:00,0.12686916666666667
2019-12-06 10:00:00,0.18127583333333333
2019-12-06 11:00:00,0.1229125
2019-12-06 12:00:00,0.03511275
2019-12-06 13:00:00,0.002718541666666667
2019-12-06 14:00:00,0.034480583333333335
2019-12-06 15:00:00,0.10779000000000001
2019-12-06 16:00:00,0.1389775
2019-12-06 17:00:00,0.08490416666666667
2019-12-06 18:00:00,0.013566333333333336
2019-12-06 19:00:00,0.0025230708333333334
2019-12-06 20:00:00,0.060794583333333325
2019-12-06 21:00:00,0.24651416666666667
2019-12-06 22:00:00,0.3860975
2019-12-06 23:00:00,0.31031416666666667
2019-12-07 00:00:00,0.13691833333333334
2019-12-07 01:00:00,0.019436241666666666
2019-12-07 02:00:00,0.008076283333333333
2019-12-07 03:00:00,0.07169916666666666
2019-12-07 04:00:00,0.187125
2019-12-07 05:00:00,0.247045
2019-12-07 06:00:00,0.13876083333333333
2019-12-07 07:00:00,0.022355566666666667
2019-12-07 08:00:00,0.0011243916666666665
2019-12-07 09:00:00,0.04306841666666667
2019-12-07 10:00:00,0.1768825
2019-12-07 11:00:00,0.2503
2019-12-07 12:00:00,0.17003416666666665
2019-12-07 13:00:00,0.04368816666666667
2019-12-07 14:00:00,0.003779983333333334
2019-12-07 15:00:00,0.0500255
2019-12-07 16:00:00,0.14556
2019-12-07 17:00:00,0.19523416666666665
2019-12-07 18:00:00,0.12213666666666667
2019-12-07 19:00:00,0.018714658333333335
2019-12-07 20:00:00,0.004517769166666667
2019-12-07 21:00:00,0.09329633333333334
2019-12-07 22:00:00,0.33549083333333335
2019-12-07 23:00:00,0.49064166666666664
2019-12-08 00:00:00,0.3813408333333333
2019-12-08 01:00:00,0.15108833333333335
2019-12-08 02:00:00,0.014717725
2019-12-08 03:00:00,0.020497416666666664
2019-12-08 04:00:00,0.13932666666666668
2019-12-08 05:00:00,0.307155
2019-12-08 06:00:00,0.34064999999999995
2019-12-08 07:00:00,0.15421083333333332
2019-12-08 08:00:00,0.016751691666666665
2019-12-08 09:00:00,0.005414329
2019-12-08 10:00:00,0.10414841666666666
2019-12-08 11:00:00,0.32629666666666673
2019-12-08 12:00:00,0.39332833333333334
2019-12-08 13:00:00,0.22358583333333332
2019-12-08 14:00:00,0.04110841666666667
2019-12-08 15:00:00,0.008851
2019-12-08 16:00:00,0.10184258333333335
2019-12-08 17:00:00,0.25489666666666666
2019-12-08 18:00:00,0.3130366666666667
2019-12-08 19:00:00,0.16574333333333333
2019-12-08 20:00:00,0.0176363225
2019-12-08 21:00:00,0.013043649166666666
2019-12-08 22:00:00,0.17531166666666667
2019-12-08 23:00:00,0.5190266666666666
2019-12-09 00:00:00,0.667975
2019-12-09 01:00:00,0.4485566666666667
2019-12-09 02:00:00,0.13054375000000001
2019-12-09 03:00:00,0.006694975
2019-12-09 04:00:00,0.07210675
2019-12-09 05:00:00,0.2974791666666667
2019-12-09 06:00:00,0.49209
2019-12-09 07:00:00,0.42094166666666666
2019-12-09 08:00:00,0.13609616666666668
2019-12-09 09:00:00,0.006501159666666666
2019-12-09 10:00:00,0.03414975833333333
2019-12-09 11:00:00,0.28516583333333334
2019-12-09 12:00:00,0.6123666666666667
2019-12-09 13:00:00,0.5600875
2019-12-09 14:00:00,0.23572666666666667
2019-12-09 15:00:00,0.024592716666666667
2019-12-09 16:00:00,0.0344833
2019-12-09 17:00:00,0.23991500000000002
2019-12-09 18:00:00,0.46465249999999997
2019-12-09 19:00:00,0.4544283333333333
2019-12-09 20:00:00,0.17553916666666666
2019-12-09 21:00:00,0.009461840833333332
2019-12-09 22:00:00,0.04466050833333333
2019-12-09 23:00:00,0.3619658333333333
2019-12-10 00:00:00,0.8336749999999999
2019-12-10 01:00:00,0.8639833333333332
2019-12-10 02:00:00,0.44154166666666667
2019-12-10 03:00:00,0.07440225
2019-12-10 04:00:00,0.0157811
2019-12-10 05:00:00,0.22268333333333334
2019-12-10 06:00:00,0.56214
2019-12-10 07:00:00,0.6863333333333334
2019-12-10 08:00:00,0.434365
2019-12-10 09:00:00,0.08461691666666667
2019-12-10 10:00:00,0.0044173375
2019-12-10 11:00:00,0.16060258333333333
2019-12-10 12:00:00,0.6719216666666666
2019-12-10 13:00:00,0.967575
2019-12-10 14:00:00,0.6409266666666668
2019-12-10 15:00:00,0.18035916666666668
2019-12-10 16:00:00,0.009446358333333333
2019-12-10 17:00:00,0.13275558333333334
2019-12-10 18:00:00,0.5192508333333333
2019-12-10 19:00:00,0.7272083333333333
2019-12-10 20:00:00,0.5294133333333334
2019-12-10 21:00:00,0.13520241666666666
2019-12-10 22:00:00,0.00412688
2019-12-10 23:00:00,0.146501
2019-12-11 00:00:00,0.7232158333333334
2019-12-11 01:00:00,1.0
2019-12-11 02:00:00,0.8977999999999998
2019-12-11 03:00:00,0.32952166666666666
2019-12-11 04:00:00,0.024076283333333334
2019-12-11 05:00:00,0.08613125
2019-12-11 06:00:00,0.5172233333333334
2019-12-11 07:00:00,0.8726916666666666
2019-12-11 08:00:00,0.7983499999999999
2019-12-11 09:00:00,0.3533108333333333
2019-12-11 10:00:00,0.0305472075
2019-12-11 11:00:00,0.04599127166666667
2019-12-11 12:00:00,0.5006158333333334
2019-12-11 13:00:00,0.9946499999999999
2019-12-11 14:00:00,0.9944749999999999
2019-12-11 15:00:00,0.5631416666666667
2019-12-11 16:00:00,0.08996516666666667
2019-12-11 17:00:00,0.0262127
2019-12-11 18:00:00,0.38439416666666665
2019-12-11 19:00:00,0.8924000000000001
2019-12-11 20:00:00,0.9029
2019-12-11 21:00:00,0.48526666666666673
2019-12-11 22:00:00,0.07282230833333334
2019-12-11 23:00:00,0.020686862500000004
2019-12-12 00:00:00,0.4023733333333333
2019-12-12 01:00:00,0.9834583333333334
2019-12-12 02:00:00,1.0
2019-12-12 03:00:00,0.7917458333333333
2019-12-12 04:00:00,0.17611458333333335
2019-12-12 05:00:00,0.01155085
2019-12-12 06:00:00,0.27794416666666666
2019-12-12 07:00:00,0.8817583333333333
2019-12-12 08:00:00,1.0
2019-12-12 09:00:00,0.7559583333333333
2019-12-12 10:00:00,0.21022725
2019-12-12 11:00:00,0.006589543666666667
2019-12-12 12:00:00,0.217533
2019-12-12 13:00:00,0.9030166666666666
2019-12-12 14:00:00,1.0
2019-12-12 15:00:00,0.9553083333333332
2019-12-12 16:00:00,0.370455
2019-12-12 17:00:00,0.025490416666666668
2019-12-12 18:00:00,0.12796275000000001
2019-12-12 19:00:00,0.7644433333333334
2019-12-12 20:00:00,1.0
2019-12-12 21:00:00,0.881725
2019-12-12 22:00:00,0.3573791666666667
2019-12-12 23:00:00,0.02525224083333333
2019-12-13 00:00:00,0.10116808333333333
2019-12-13 01:00:00,0.7717441666666666
2019-12-13 02:00:00,1.0
2019-12-13 03:00:00,1.0
2019-12-13 04:00:00,0.5714216666666667
2019-12-13 05:00:00,0.06627331666666667
2019-12-13 06:00:00,0.05156739166666667
2019-12-13 07:00:00,0.5848741666666667
2019-12-13 08:00:00,1.0
2019-12-13 09:00:00,0.9885166666666667
2019-12-13 10:00:00,0.5705433333333333
2019-12-13 11:00:00,0.08382004166666666
2019-12-13 12:00:00,0.033713745833333336
2019-12-13 13:00:00,0.5708941666666667
2019-12-13 14:00:00,1.0
2019-12-13 15:00:00,1.0
2019-12-13 16:00:00,0.81655
2019-12-13 17:00:00,0.17853383333333334
2019-12-13 18:00:00,0.012217025
2019-12-13 19:00:00,0.34396499999999997
2019-12-13 20:00:00,0.9675083333333333
2019-12-13 21:00:00,1.0
2019-12-13 22:00:00,0.7578083333333333
2019-12-13 23:00:00,0.2138225
2019-12-14 00:00:00,0.0078242025
2019-12-14 01:00:00,0.28767533333333334
2019-12-14 02:00:00,0.9682083333333332
2019-12-14 03:00:00,1.0
2019-12-14 04:00:00,0.941275
2019-12-14 05:00:00,0.32514499999999996
2019-12-14 06:00:00,0.018607941666666666
2019-12-14 07:00:00,0.15216566666666667
2019-12-14 08:00:00,0.8290166666666665
2019-12-14 09:00:00,1.0
2019-12-14 10:00:00,0.8948916666666668
2019-12-14 11:00:00,0.3417583333333334
2019-12-14 12:00:00,0.020638585333333334
2019-12-14 13:00:00,0.1379425
2019-12-14 14:00:00,0.8473583333333333
2019-12-14 15:00:00,1.0
2019-12-14 16:00:00,1.0
2019-12-14 17:00:00,0.564995
2019-12-14 18:00:00,0.06447590833333333
2019-12-14 19:00:00,0.045077425
2019-12-14 20:00:00,0.5721108333333333
2019-12-14 21:00:00,1.0
2019-12-14 22:00:00,0.976475
2019-12-14 23:00:00,0.5670333333333334
2019-12-15 00:00:00,0.10358591666666667
2019-12-15 01:00:00,0.02428188066666667
2019-12-15 02:00:00,0.5032874999999999
2019-12-15 03:00:00,1.0
2019-12-15 04:00:00,1.0
2019-12-15 05:00:00,0.7606041666666666
2019-12-15 06:00:00,0.16470083333333332
2019-12-15 07:00:00,0.009646716666666668
2019-12-15 08:00:00,0.2761575
2019-12-15 09:00:00,0.9246833333333332
2019-12-15 10:00:00,0.9982333333333334
2019-12-15 11:00:00,0.6652841666666667
2019-12-15 12:00:00,0.16834666666666667
2019-12-15 13:00:00,0.007332657166666668
2019-12-15 14:00:00,0.29756583333333336
2019-12-15 15:00:00,0.9643083333333334
2019-12-15 16:00:00,1.0
2019-12-15 17:00:00,0.9361833333333334
2019-12-15 18:00:00,0.32574833333333336
2019-12-15 19:00:00,0.02049589166666667
2019-12-15 20:00:00,0.09399966666666666
2019-12-15 21:00:00,0.6700141666666667
2019-12-15 22:00:00,1.0
2019-12-15 23:00:00,0.8631749999999999
2019-12-16 00:00:00,0.39038249999999997
2019-12-16 01:00:00,0.04275835583333334
2019-12-16 02:00:00,0.05694542083333334
2019-12-16 03:00:00,0.5732608333333333
2019-12-16 04:00:00,1.0
2019-12-16 05:00:00,0.9814166666666666
2019-12-16 06:00:00,0.5129816666666667
2019-12-16 07:00:00,0.08158775
2019-12-16 08:00:00,0.017313566666666665
2019-12-16 09:00:00,0.3419833333333333
2019-12-16 10:00:00,0.9076333333333334
2019-12-16 11:00:00,0.8680666666666668
2019-12-16 12:00:00,0.43424416666666665
2019-12-16 13:00:00,0.07525916666666667
2019-12-16 14:00:00,0.019614411416666665
2019-12-16 15:00:00,0.40897
2019-12-16 16:00:00,0.9816166666666668
2019-12-16 17:00:00,1.0
2019-12-16 18:00:00,0.7816233333333333
2019-12-16 19:00:00,0.19812666666666667
2019-12-16 20:00:00,0.008448683333333333
2019-12-16 21:00:00,0.11517533333333332
2019-12-16 22:00:00,0.6205933333333333
2019-12-16 23:00:00,0.9116666666666667
2019-12-17 00:00:00,0.6729999999999999
2019-12-17 01:00:00,0.2634
2019-12-17 02:00:00,0.018596001666666667
2019-12-17 03:00:00,0.06505074166666666
2019-12-17 04:00:00,0.4651233333333334
2019-12-17 05:00:00,0.8915
2019-12-17 06:00:00,0.81245
2019-12-17 07:00:00,0.3540783333333334
2019-12-17 08:00:00,0.045088358333333335
2019-12-17 09:00:00,0.022491249999999997
2019-12-17 10:00:00,0.311705
2019-12-17 11:00:00,0.7096833333333333
2019-12-17 12:00:00,0.632975
2019-12-17 13:00:00,0.29255416666666667
2019-12-17 14:00:00,0.03668639333333333
2019-12-17 15:00:00,0.031498479666666676
2019-12-17 16:00:00,0.39736166666666667
2019-12-17 17:00:00,0.9382916666666666
2019-12-17 18:00:00,0.9951833333333333
2019-12-17 19:00:00,0.6269216666666667
2019-12-17 20:00:00,0.15148441666666665
2019-12-17 21:00:00,0.006054308333333333
2019-12-17 22:00:00,0.09937658333333334
2019-12-17 23:00:00,0.5014241666666667
2019-12-18 00:00:00,0.7185416666666667
2019-12-18 01:00:00,0.5315108333333334
2019-12-18 02:00:00,0.2
2019-12-18 03:00:00,0.012814039166666666
2019-12-18 04:00:00,0.04206160833333333
2019-12-18 05:00:00,0.3137475
2019-12-18 06:00:00,0.6643583333333334
2019-12-18 07:00:00,0.6443583333333334
2019-12-18 08:00:00,0.27797
2019-12-18 09:00:00,0.033941374999999996
2019-12-18 10:00:00,0.01710768333333333
2019-12-18 11:00:00,0.23419416666666668
2019-12-18 12:00:00,0.5407608333333334
2019-12-18 13:00:00,0.4997566666666666
2019-12-18 14:00:00,0.22895833333333332
2019-12-18 15:00:00,0.02510058583333333
2019-12-18 16:00:00,0.0263029125
2019-12-18 17:00:00,0.3031008333333334
2019-12-18 18:00:00,0.7955833333333334
2019-12-18 19:00:00,0.96085
2019-12-18 20:00:00,0.5822858333333334
2019-12-18 21:00:00,0.15704525
2019-12-18 22:00:00,0.007782270833333334
2019-12-18 23:00:00,0.06957991666666667
2019-12-19 00:00:00,0.3848791666666667
2019-12-19 01:00:00,0.5856166666666667
2019-12-19 02:00:00,0.4726033333333334
2019-12-19 03:00:00,0.198925
2019-12-19 04:00:00,0.017538110500000002
2019-12-19 05:00:00,0.019463674166666667
2019-12-19 06:00:00,0.21800416666666667
2019-12-19 07:00:00,0.5614583333333334
2019-12-19 08:00:00,0.5854733333333333
2019-12-19 09:00:00,0.26800583333333333
2019-12-19 10:00:00,0.04070462500000001
2019-12-19 11:00:00,0.009245825
2019-12-19 12:00:00,0.1739625
2019-12-19 13:00:00,0.4585725
2019-12-19 14:00:00,0.4615691666666667
2019-12-19 15:00:00,0.22680666666666668
2019-12-19 16:00:00,0.029315075
2019-12-19 17:00:00,0.013014999558333334
2019-12-19 18:00:00,0.21461333333333332
2019-12-19 19:00:00,0.6991825
2019-12-19 20:00:00,0.9589166666666666
2019-12-19 21:00:00,0.6379741666666666
2019-12-19 22:00:00,0.2038958333333333
2019-12-19 23:00:00,0.015137625000000002
2019-12-20 00:00:00,0.045762875
2019-12-20 01:00:00,0.31122583333333337
2019-12-20 02:00:00,0.5429666666666666
2019-12-20 03:00:00,0.5114091666666667
2019-12-20 04:00:00,0.25611999999999996
2019-12-20 05:00:00,0.033114575
2019-12-20 06:00:00,0.010024898916666667
2019-12-20 07:00:00,0.18639250000000002
2019-12-20 08:00:00,0.5613408333333333
2019-12-20 09:00:00,0.6252583333333334
2019-12-20 10:00:00,0.32662416666666666
2019-12-20 11:00:00,0.06764816666666668
2019-12-20 12:00:00,0.005949158333333333
2019-12-20 13:00:00,0.15321733333333332
2019-12-20 14:00:00,0.45919000000000004
2019-12-20 15:00:00,0.5078208333333333
2019-12-20 16:00:00,0.28783416666666667
2019-12-20 17:00:00,0.05260608333333333
2019-12-20 18:00:00,0.005455162916666666
2019-12-20 19:00:00,0.17450433333333332
2019-12-20 20:00:00,0.7164775
2019-12-20 21:00:00,1.0
2019-12-20 22:00:00,0.7710666666666667
2019-12-20 23:00:00,0.28813833333333333
2019-12-21 00:00:00,0.029124866666666666
2019-12-21 01:00:00,0.0350658
2019-12-21 02:00:00,0.30077333333333334
2019-12-21 03:00:00,0.6084499999999999
2019-12-21 04:00:00,0.6491750000000001
2019-12-21 05:00:00,0.3554383333333333
2019-12-21 06:00:00,0.05403156666666667
2019-12-21 07:00:00,0.008600254391666668
2019-12-21 08:00:00,0.20586583333333333
2019-12-21 09:00:00,0.6614466666666668
2019-12-21 10:00:00,0.7796
2019-12-21 11:00:00,0.45891666666666675
2019-12-21 12:00:00,0.11163458333333333
2019-12-21 13:00:00,0.006600658333333334
2019-12-21 14:00:00,0.16977458333333334
2019-12-21 15:00:00,0.5355733333333333
2019-12-21 16:00:00,0.6484916666666668
2019-12-21 17:00:00,0.4232091666666667
2019-12-21 18:00:00,0.098016
2019-12-21 19:00:00,0.004234123
2019-12-21 20:00:00,0.18098941666666665
2019-12-21 21:00:00,0.800425
2019-12-21 22:00:00,1.0
2019-12-21 23:00:00,0.9131833333333332
2019-12-22 00:00:00,0.39414
2019-12-22 01:00:00,0.04326931666666667
2019-12-22 02:00:00,0.03953943333333333
2019-12-22 03:00:00,0.36798916666666664
2019-12-22 04:00:00,0.7862416666666667
2019-12-22 05:00:00,0.8545
2019-12-22 06:00:00,0.4527275
2019-12-22 07:00:00,0.065211025
2019-12-22 08:00:00,0.012560741583333333
2019-12-22 09:00:00,0.2826116666666667
2019-12-22 10:00:00,0.8704083333333333
2019-12-22 11:00:00,0.9904666666666667
2019-12-22 12:00:00,0.6364033333333333
2019-12-22 13:00:00,0.15007333333333334
2019-12-22 14:00:00,0.009438966666666666
2019-12-22 15:00:00,0.2255033333333333
2019-12-22 16:00:00,0.6989583333333332
2019-12-22 17:00:00,0.8940583333333332
2019-12-22 18:00:00,0.6098275000000001
2019-12-22 19:00:00,0.14293483333333334
2019-12-22 20:00:00,0.005484202833333333
2019-12-22 21:00:00,0.22493358333333333
2019-12-22 22:00:00,0.8895333333333333
2019-12-22 23:00:00,1.0
2019-12-23 00:00:00,0.9826999999999999
2019-12-23 01:00:00,0.47562666666666664
2019-12-23 02:00:00,0.044233933333333336
2019-12-23 03:00:00,0.06652991666666666
2019-12-23 04:00:00,0.5253175000000001
2019-12-23 05:00:00,0.9746999999999999
2019-12-23 06:00:00,0.9762666666666666
2019-12-23 07:00:00,0.4988616666666667
2019-12-23 08:00:00,0.05846490833333334
2019-12-23 09:00:00,0.026512251
2019-12-23 10:00:00,0.4488491666666667
2019-12-23 11:00:00,0.9929416666666667
2019-12-23 12:00:00,1.0
2019-12-23 13:00:00,0.7657108333333333
2019-12-23 14:00:00,0.15754716666666668
2019-12-23 15:00:00,0.016784733333333336
2019-12-23 16:00:00,0.3363158333333333
2019-12-23 17:00:00,0.9134083333333333
2019-12-23 18:00:00,1.0
2019-12-23 19:00:00,0.7526391666666667
2019-12-23 20:00:00,0.15322516666666666
2019-12-23 21:00:00,0.008260522166666666
2019-12-23 22:00:00,0.3074908333333333
2019-12-23 23:00:00,0.967675
2019-12-24 00:00:00,1.0
2019-12-24 01:00:00,0.9955833333333334
2019-12-24 02:00:00,0.47090666666666664
2019-12-24 03:00:00,0.029198241666666666
2019-12-24 04:00:00,0.13351508333333334
2019-12-24 05:00:00,0.7515991666666666
2019-12-24 06:00:00,1.0
2019-12-24 07:00:00,0.9866000000000001
2019-12-24 08:00:00,0.47135083333333333
2019-12-24 09:00:00,0.03829916875
2019-12-24 10:00:00,0.06645955
2019-12-24 11:00:00,0.7036133333333333
2019-12-24 12:00:00,1.0
2019-12-24 13:00:00,1.0
2019-12-24 14:00:00,0.7746050000000001
2019-12-24 15:00:00,0.12851066666666666
2019-12-24 16:00:00,0.03809495
2019-12-24 17:00:00,0.5235416666666667
2019-12-24 18:00:00,1.0
2019-12-24 19:00:00,1.0
2019-12-24 20:00:00,0.7601141666666666
2019-12-24 21:00:00,0.12561016666666666
2019-12-24 22:00:00,0.016343923333333333
2019-12-24 23:00:00,0.4488025
2019-12-25 00:00:00,1.0
2019-12-25 01:00:00,1.0
2019-12-25 02:00:00,0.9800333333333333
2019-12-25 03:00:00,0.3654808333333333
2019-12-25 04:00:00,0.014875766666666668
2019-12-25 05:00:00,0.25775424999999996
2019-12-25 06:00:00,0.9171916666666668
2019-12-25 07:00:00,1.0
2019-12-25 08:00:00,0.9706833333333332
2019-12-25 09:00:00,0.37332166666666666
2019-12-25 10:00:00,0.01641946
2019-12-25 11:00:00,0.16513925000000002
2019-12-25 12:00:00,0.902975
2019-12-25 13:00:00,1.0
2019-12-25 14:00:00,1.0
2019-12-25 15:00:00,0.6968175000000001
2019-12-25 16:00:00,0.0776043
2019-12-25 17:00:00,0.09185824999999999
2019-12-25 18:00:00,0.7439825
2019-12-25 19:00:00,1.0
2019-12-25 20:00:00,1.0
2019-12-25 21:00:00,0.6749341666666667
2019-12-25 22:00:00,0.08113201666666667
2019-12-25 23:00:00,0.039401245833333334
2019-12-26 00:00:00,0.6409824999999999
2019-12-26 01:00:00,1.0
2019-12-26 02:00:00,1.0
2019-12-26 03:00:00,0.9103583333333334
2019-12-26 04:00:00,0.21838175000000004
2019-12-26 05:00:00,0.021127183333333334
2019-12-26 06:00:00,0.435105
2019-12-26 07:00:00,0.9905250000000001
2019-12-26 08:00:00,1.0
2019-12-26 09:00:00,0.8984249999999999
2019-12-26 10:00:00,0.23240858333333336
2019-12-26 11:00:00,0.008458978333333334
2019-12-26 12:00:00,0.35915333333333327
2019-12-26 13:00:00,1.0
2019-12-26 14:00:00,1.0
2019-12-26 15:00:00,1.0
2019-12-26 16:00:00,0.5180950000000001
2019-12-26 17:00:00,0.03171271666666666
2019-12-26 18:00:00,0.19619241666666667
2019-12-26 19:00:00,0.8896083333333332
2019-12-26 20:00:00,1.0
2019-12-26 21:00:00,1.0
2019-12-26 22:00:00,0.517055
2019-12-26 23:00:00,0.03815599808333334
2019-12-27 00:00:00,0.097489425
2019-12-27 01:00:00,0.8116566666666667
2019-12-27 02:00:00,1.0
2019-12-27 03:00:00,1.0
2019-12-27 04:00:00,0.73298
2019-12-27 05:00:00,0.09942508333333334
2019-12-27 06:00:00,0.058687266666666675
2019-12-27 07:00:00,0.6292925
2019-12-27 08:00:00,1.0
2019-12-27 09:00:00,1.0
2019-12-27 10:00:00,0.7226625
2019-12-27 11:00:00,0.10212696666666668
2019-12-27 12:00:00,0.032773894166666664
2019-12-27 13:00:00,0.6120958333333334
2019-12-27 14:00:00,1.0
2019-12-27 15:00:00,1.0
2019-12-27 16:00:00,0.9430833333333334
2019-12-27 17:00:00,0.28673583333333336
2019-12-27 18:00:00,0.015130425000000001
2019-12-27 19:00:00,0.3350491666666667
2019-12-27 20:00:00,0.956375
2019-12-27 21:00:00,1.0
2019-12-27 22:00:00,0.9412583333333333
2019-12-27 23:00:00,0.32171583333333337
2019-12-28 00:00:00,0.010917714166666669
2019-12-28 01:00:00,0.20733958333333333
2019-12-28 02:00:00,0.9216833333333334
2019-12-28 03:00:00,1.0
2019-12-28 04:00:00,0.987
2019-12-28 05:00:00,0.44712583333333333
2019-12-28 06:00:00,0.033285274999999996
2019-12-28 07:00:00,0.13009358333333332
2019-12-28 08:00:00,0.7590908333333333
2019-12-28 09:00:00,1.0
2019-12-28 10:00:00,0.9724833333333334
2019-12-28 11:00:00,0.4275758333333334
2019-12-28 12:00:00,0.026622299166666665
2019-12-28 13:00:00,0.10809958333333332
2019-12-28 14:00:00,0.8045924999999999
2019-12-28 15:00:00,1.0
2019-12-28 16:00:00,1.0
2019-12-28 17:00:00,0.7281683333333333
2019-12-28 18:00:00,0.11557016666666668
2019-12-28 19:00:00,0.032380849999999996
2019-12-28 20:00:00,0.4432491666666667
2019-12-28 21:00:00,0.9626166666666667
2019-12-28 22:00:00,1.0
2019-12-28 23:00:00,0.7432983333333333
2019-12-29 00:00:00,0.14738425000000002
2019-12-29 01:00:00,0.011026168333333333
2019-12-29 02:00:00,0.32881750000000004
2019-12-29 03:00:00,0.9542166666666667
2019-12-29 04:00:00,1.0
2019-12-29 05:00:00,0.8037666666666666
2019-12-29 06:00:00,0.21263416666666668
2019-12-29 07:00:00,0.011457450000000001
2019-12-29 08:00:00,0.21795416666666667
2019-12-29 09:00:00,0.78955
2019-12-29 10:00:00,0.9970666666666667
2019-12-29 11:00:00,0.719785
2019-12-29 12:00:00,0.18360991666666668
2019-12-29 13:00:00,0.0062030474999999995
2019-12-29 14:00:00,0.23051125
2019-12-29 15:00:00,0.8973416666666667
2019-12-29 16:00:00,1.0
2019-12-29 17:00:00,0.9521333333333333
2019-12-29 18:00:00,0.3903025
2019-12-29 19:00:00,0.033608791666666665
2019-12-29 20:00:00,0.06582764166666667
2019-12-29 21:00:00,0.46380166666666667
2019-12-29 22:00:00,0.8458333333333333
2019-12-29 23:00:00,0.8488500000000001
2019-12-30 00:00:00,0.4244125
2019-12-30 01:00:00,0.04352390749999999
2019-12-30 02:00:00,0.03334535916666667
2019-12-30 03:00:00,0.36658416666666666
2019-12-30 04:00:00,0.8661083333333334
2019-12-30 05:00:00,0.891375
2019-12-30 06:00:00,0.45063
2019-12-30 07:00:00,0.0771035
2019-12-30 08:00:00,0.018337258333333332
2019-12-30 09:00:00,0.2729275
2019-12-30 10:00:00,0.6608083333333333
2019-12-30 11:00:00,0.6996666666666665
2019-12-30 12:00:00,0.38429416666666666
2019-12-30 13:00:00,0.053237008333333335
2019-12-30 14:00:00,0.022959028333333333
2019-12-30 15:00:00,0.33392083333333333
2019-12-30 16:00:00,0.8929916666666666
2019-12-30 17:00:00,0.9956083333333333
2019-12-30 18:00:00,0.6524225
2019-12-30 19:00:00,0.17389749999999998
2019-12-30 20:00:00,0.008613966666666667
2019-12-30 21:00:00,0.08961675
2019-12-30 22:00:00,0.39803333333333335
2019-12-30 23:00:00,0.60685
2019-12-31 00:00:00,0.5259525
2019-12-31 01:00:00,0.1876941666666667
2019-12-31 02:00:00,0.007910733333333333
2019-12-31 03:00:00,0.05075066666666667
2019-12-31 04:00:00,0.29328249999999995
2019-12-31 05:00:00,0.5605683333333333
2019-12-31 06:00:00,0.5113883333333333
2019-12-31 07:00:00,0.20819916666666669
2019-12-31 08:00:00,0.020621891666666666
2019-12-31 09:00:00,0.033861575
2019-12-31 10:00:00,0.25459333333333334
2019-12-31 11:00:00,0.45812833333333336
2019-12-31 12:00:00,0.40844083333333336
2019-12-31 13:00:00,0.16580333333333333
2019-12-31 14:00:00,0.009554628333333332
2019-12-31 15:00:00,0.0548445
2019-12-31 16:00:00,0.3426825
2019-12-31 17:00:00,0.6855833333333333
2019-12-31 18:00:00,0.6921166666666667
2019-12-31 19:00:00,0.3582091666666667
2019-12-31 20:00:00,0.07390666666666668
2019-12-31 21:00:00,0.004639433333333334
2019-12-31 22:00:00,0.0881075
2019-12-31 23:00:00,0.28669583333333337
2020-01-01 00:00:00,0.368675
