time,power (pu)
2019-01-01 00:00:00,0.0
2019-01-01 01:00:00,0.0
2019-01-01 02:00:00,0.0
2019-01-01 03:00:00,0.32735339999999985
2019-01-01 04:00:00,0.6244479999999992
2019-01-01 05:00:00,0.8187645999999998
2019-01-01 06:00:00,1.0
2019-01-01 07:00:00,1.0
2019-01-01 08:00:00,1.0
2019-01-01 09:00:00,1.0
2019-01-01 10:00:00,1.0
2019-01-01 11:00:00,1.0
2019-01-01 12:00:00,1.0
2019-01-01 13:00:00,1.0
2019-01-01 14:00:00,1.0
2019-01-01 15:00:00,1.0000000000000002
2019-01-01 16:00:00,1.0
2019-01-01 17:00:00,1.0
2019-01-01 18:00:00,0.9999999999999998
2019-01-01 19:00:00,1.0
2019-01-01 20:00:00,1.0
2019-01-01 21:00:00,1.0000000000000002
2019-01-01 22:00:00,0.9999234429118158
2019-01-01 23:00:00,0.9981739435323189
2019-01-02 00:00:00,0.9967745560259819
2019-01-02 01:00:00,0.9956657460857987
2019-01-02 02:00:00,0.9785674884270239
2019-01-02 03:00:00,0.9465125258454193
2019-01-02 04:00:00,0.9194542639912644
2019-01-02 05:00:00,0.8982640334395934
2019-01-02 06:00:00,0.8747525844426692
2019-01-02 07:00:00,0.8371969199324633
2019-01-02 08:00:00,0.7960036644936497
2019-01-02 09:00:00,0.7468449344398596
2019-01-02 10:00:00,0.6950025694167888
2019-01-02 11:00:00,0.6470910733166629
2019-01-02 12:00:00,0.605814821050293
2019-01-02 13:00:00,0.5670639531851035
2019-01-02 14:00:00,0.5303415590476583
2019-01-02 15:00:00,0.49478938850723425
2019-01-02 16:00:00,0.45906871533748395
2019-01-02 17:00:00,0.42517505568033337
2019-01-02 18:00:00,0.39588759957991854
2019-01-02 19:00:00,0.36939036424250266
2019-01-02 20:00:00,0.3431730629014762
2019-01-02 21:00:00,0.3166831346448864
2019-01-02 22:00:00,0.29094098455569267
2019-01-02 23:00:00,0.2666758628327062
2019-01-03 00:00:00,0.24336170250621417
2019-01-03 01:00:00,0.22384716526420312
2019-01-03 02:00:00,0.20625939705075813
2019-01-03 03:00:00,0.18952357716305623
2019-01-03 04:00:00,0.17504837674531903
2019-01-03 05:00:00,0.16475990314893746
2019-01-03 06:00:00,0.15703375930049163
2019-01-03 07:00:00,0.1512523472332911
2019-01-03 08:00:00,0.14691461323336874
2019-01-03 09:00:00,0.14311937342134656
2019-01-03 10:00:00,0.13819315787128128
2019-01-03 11:00:00,0.13280541824863112
2019-01-03 12:00:00,0.13006414175308695
2019-01-03 13:00:00,0.1297051897268314
2019-01-03 14:00:00,0.13319779542893795
2019-01-03 15:00:00,0.14068421709655599
2019-01-03 16:00:00,0.1506433035548694
2019-01-03 17:00:00,0.17581570029420468
2019-01-03 18:00:00,0.21924868719486806
2019-01-03 19:00:00,0.25232114417826595
2019-01-03 20:00:00,0.27192612615976747
2019-01-03 21:00:00,0.3089559478101853
2019-01-03 22:00:00,0.3276739917352461
2019-01-03 23:00:00,0.3423402482001654
2019-01-04 00:00:00,0.35650229090305385
2019-01-04 01:00:00,0.4039179260302923
2019-01-04 02:00:00,0.47821066772014303
2019-01-04 03:00:00,0.5426604744107971
2019-01-04 04:00:00,0.5901150664334094
2019-01-04 05:00:00,0.6209896014080816
2019-01-04 06:00:00,0.6445112435744941
2019-01-04 07:00:00,0.6549859612344978
2019-01-04 08:00:00,0.654945516395015
2019-01-04 09:00:00,0.665607307811684
2019-01-04 10:00:00,0.6639417339104496
2019-01-04 11:00:00,0.6616224457318992
2019-01-04 12:00:00,0.6614655462112488
2019-01-04 13:00:00,0.6618180413375416
2019-01-04 14:00:00,0.6591431844647024
2019-01-04 15:00:00,0.6497482461181603
2019-01-04 16:00:00,0.6441412605714776
2019-01-04 17:00:00,0.6424216788381646
2019-01-04 18:00:00,0.6310968673640672
2019-01-04 19:00:00,0.6135117447315808
2019-01-04 20:00:00,0.584415969519477
2019-01-04 21:00:00,0.5486343420865039
2019-01-04 22:00:00,0.5333473450968148
2019-01-04 23:00:00,0.49656155253337214
2019-01-05 00:00:00,0.45632059073374115
2019-01-05 01:00:00,0.43355418116518496
2019-01-05 02:00:00,0.4160907500660453
2019-01-05 03:00:00,0.385340005667632
2019-01-05 04:00:00,0.3826677961182859
2019-01-05 05:00:00,0.37936101583717613
2019-01-05 06:00:00,0.36373298773347007
2019-01-05 07:00:00,0.34816328159001303
2019-01-05 08:00:00,0.32622257690653794
2019-01-05 09:00:00,0.3150323920990946
2019-01-05 10:00:00,0.3080410493940507
2019-01-05 11:00:00,0.3025806019097627
2019-01-05 12:00:00,0.29074986602308284
2019-01-05 13:00:00,0.28380081486584335
2019-01-05 14:00:00,0.28353188691018383
2019-01-05 15:00:00,0.28731400447834426
2019-01-05 16:00:00,0.28997622790677724
2019-01-05 17:00:00,0.2875963806193447
2019-01-05 18:00:00,0.28892560182664306
2019-01-05 19:00:00,0.28614622348299884
2019-01-05 20:00:00,0.28039409704593327
2019-01-05 21:00:00,0.2848643287285042
2019-01-05 22:00:00,0.30476080650581644
2019-01-05 23:00:00,0.3390903259869174
2019-01-06 00:00:00,0.4242670591187048
2019-01-06 01:00:00,0.5408019213533122
2019-01-06 02:00:00,0.500582298593871
2019-01-06 03:00:00,0.47473827618986864
2019-01-06 04:00:00,0.47350367443264973
2019-01-06 05:00:00,0.47821256341607954
2019-01-06 06:00:00,0.49222093043618026
2019-01-06 07:00:00,0.5040570107779966
2019-01-06 08:00:00,0.5109487273572265
2019-01-06 09:00:00,0.5182863694346608
2019-01-06 10:00:00,0.5287983909276062
2019-01-06 11:00:00,0.5405944228894134
2019-01-06 12:00:00,0.5526487147312981
2019-01-06 13:00:00,0.5641240496166305
2019-01-06 14:00:00,0.5762216332603014
2019-01-06 15:00:00,0.5906347378630448
2019-01-06 16:00:00,0.606436431705933
2019-01-06 17:00:00,0.6200412742702031
2019-01-06 18:00:00,0.6274879487274546
2019-01-06 19:00:00,0.6273772817037864
2019-01-06 20:00:00,0.621802874431955
2019-01-06 21:00:00,0.6125622766767711
2019-01-06 22:00:00,0.5988621048082023
2019-01-06 23:00:00,0.5769582691793933
2019-01-07 00:00:00,0.551066968773258
2019-01-07 01:00:00,0.5223794761187751
2019-01-07 02:00:00,0.5024529534863709
2019-01-07 03:00:00,0.4961566192311014
2019-01-07 04:00:00,0.48529171492616274
2019-01-07 05:00:00,0.4768343995368805
2019-01-07 06:00:00,0.48008377016726345
2019-01-07 07:00:00,0.6157257548479463
2019-01-07 08:00:00,0.17108701831640832
2019-01-07 09:00:00,0.46123997855119975
2019-01-07 10:00:00,0.056430000000000646
2019-01-07 11:00:00,0.0
2019-01-07 12:00:00,0.0
2019-01-07 13:00:00,0.0
2019-01-07 14:00:00,0.0
2019-01-07 15:00:00,0.0
2019-01-07 16:00:00,0.0
2019-01-07 17:00:00,0.0
2019-01-07 18:00:00,0.0
2019-01-07 19:00:00,0.0
2019-01-07 20:00:00,0.0
2019-01-07 21:00:00,0.0
2019-01-07 22:00:00,0.0
2019-01-07 23:00:00,0.0
2019-01-08 00:00:00,0.0
2019-01-08 01:00:00,0.34183319999999995
2019-01-08 02:00:00,1.0
2019-01-08 03:00:00,1.0
2019-01-08 04:00:00,1.0
2019-01-08 05:00:00,1.0
2019-01-08 06:00:00,1.0
2019-01-08 07:00:00,1.0000000000000002
2019-01-08 08:00:00,1.0
2019-01-08 09:00:00,1.0
2019-01-08 10:00:00,0.9958371794862287
2019-01-08 11:00:00,0.9317831172055915
2019-01-08 12:00:00,0.881444571476313
2019-01-08 13:00:00,0.891973672563284
2019-01-08 14:00:00,0.925970025671123
2019-01-08 15:00:00,0.9572365864030498
2019-01-08 16:00:00,0.9480055833004503
2019-01-08 17:00:00,0.9288845216225942
2019-01-08 18:00:00,0.9208744258049353
2019-01-08 19:00:00,0.9117794409488645
2019-01-08 20:00:00,0.8922995951124092
2019-01-08 21:00:00,0.8618548400682877
2019-01-08 22:00:00,0.8234260694133061
2019-01-08 23:00:00,0.7809959722201322
2019-01-09 00:00:00,0.7378844925295988
2019-01-09 01:00:00,0.6980339316088086
2019-01-09 02:00:00,0.6625503968627734
2019-01-09 03:00:00,0.6309636781780963
2019-01-09 04:00:00,0.6032290617472889
2019-01-09 05:00:00,0.5795136190354514
2019-01-09 06:00:00,0.5598416827241256
2019-01-09 07:00:00,0.5437297851106039
2019-01-09 08:00:00,0.5297820328947883
2019-01-09 09:00:00,0.5161220371482786
2019-01-09 10:00:00,0.5010715199889313
2019-01-09 11:00:00,0.48382822448046736
2019-01-09 12:00:00,0.4652614276961082
2019-01-09 13:00:00,0.44896213427566867
2019-01-09 14:00:00,0.4350501237372381
2019-01-09 15:00:00,0.4205341572735896
2019-01-09 16:00:00,0.4057432620265295
2019-01-09 17:00:00,0.38340046709351605
2019-01-09 18:00:00,0.36670898979416694
2019-01-09 19:00:00,0.37771143513526495
2019-01-09 20:00:00,0.4014005103619926
2019-01-09 21:00:00,0.378402075012971
2019-01-09 22:00:00,0.35703420649759093
2019-01-09 23:00:00,0.3573532743514196
2019-01-10 00:00:00,0.3616486266080217
2019-01-10 01:00:00,0.3707718817928969
2019-01-10 02:00:00,0.37707896924680406
2019-01-10 03:00:00,0.3804706319518881
2019-01-10 04:00:00,0.3908812099460115
2019-01-10 05:00:00,0.400766609902113
2019-01-10 06:00:00,0.40808650746693764
2019-01-10 07:00:00,0.40990030988172066
2019-01-10 08:00:00,0.4185985737519837
2019-01-10 09:00:00,0.4378027062668628
2019-01-10 10:00:00,0.4653637155099122
2019-01-10 11:00:00,0.5081625258415614
2019-01-10 12:00:00,0.5515201587065466
2019-01-10 13:00:00,0.5929390272772466
2019-01-10 14:00:00,0.6355114705016041
2019-01-10 15:00:00,0.6745473087102442
2019-01-10 16:00:00,0.7389850466415822
2019-01-10 17:00:00,0.8473415509891783
2019-01-10 18:00:00,0.9274411179844483
2019-01-10 19:00:00,0.9740250654335199
2019-01-10 20:00:00,0.9858924749528958
2019-01-10 21:00:00,0.9928284381189053
2019-01-10 22:00:00,0.9964400406058451
2019-01-10 23:00:00,0.9977572478591259
2019-01-11 00:00:00,0.9983367560273068
2019-01-11 01:00:00,0.9986667918769151
2019-01-11 02:00:00,0.9985012628613377
2019-01-11 03:00:00,0.9983993624557508
2019-01-11 04:00:00,0.9976432947526951
2019-01-11 05:00:00,0.9952069181991753
2019-01-11 06:00:00,0.990959582819114
2019-01-11 07:00:00,0.9869594788777819
2019-01-11 08:00:00,0.9440340118806585
2019-01-11 09:00:00,0.8969227311930728
2019-01-11 10:00:00,0.85365353806768
2019-01-11 11:00:00,0.8184264715094366
2019-01-11 12:00:00,0.7986198892777796
2019-01-11 13:00:00,0.8179390824885315
2019-01-11 14:00:00,0.8859038841128133
2019-01-11 15:00:00,0.9408958960214394
2019-01-11 16:00:00,0.948622795047911
2019-01-11 17:00:00,0.9652082553110806
2019-01-11 18:00:00,0.9753231917343841
2019-01-11 19:00:00,0.9648372449261216
2019-01-11 20:00:00,0.9579329302056419
2019-01-11 21:00:00,0.9569694067282105
2019-01-11 22:00:00,0.9657923872997897
2019-01-11 23:00:00,0.9832848613134698
2019-01-12 00:00:00,1.0
2019-01-12 01:00:00,1.0
2019-01-12 02:00:00,1.0
2019-01-12 03:00:00,1.0
2019-01-12 04:00:00,1.0
2019-01-12 05:00:00,1.0
2019-01-12 06:00:00,1.0
2019-01-12 07:00:00,1.0
2019-01-12 08:00:00,1.0000000000000002
2019-01-12 09:00:00,1.0
2019-01-12 10:00:00,1.0000000000000002
2019-01-12 11:00:00,1.0
2019-01-12 12:00:00,1.0
2019-01-12 13:00:00,1.0
2019-01-12 14:00:00,1.0
2019-01-12 15:00:00,1.0
2019-01-12 16:00:00,1.0
2019-01-12 17:00:00,1.0
2019-01-12 18:00:00,1.0
2019-01-12 19:00:00,1.0
2019-01-12 20:00:00,1.0
2019-01-12 21:00:00,1.0
2019-01-12 22:00:00,1.0
2019-01-12 23:00:00,1.0
2019-01-13 00:00:00,1.0
2019-01-13 01:00:00,0.9918838123839998
2019-01-13 02:00:00,0.9880735856260003
2019-01-13 03:00:00,0.9499944586490003
2019-01-13 04:00:00,0.9361426341160001
2019-01-13 05:00:00,0.9300609707794002
2019-01-13 06:00:00,0.9273849999999992
2019-01-13 07:00:00,0.9242100000000004
2019-01-13 08:00:00,1.0
2019-01-13 09:00:00,1.0
2019-01-13 10:00:00,1.0000000000000002
2019-01-13 11:00:00,1.0
2019-01-13 12:00:00,1.0
2019-01-13 13:00:00,1.0
2019-01-13 14:00:00,1.0
2019-01-13 15:00:00,1.0
2019-01-13 16:00:00,1.0
2019-01-13 17:00:00,1.0000000000000002
2019-01-13 18:00:00,1.0
2019-01-13 19:00:00,1.0
2019-01-13 20:00:00,1.0
2019-01-13 21:00:00,1.0
2019-01-13 22:00:00,0.9999999999999998
2019-01-13 23:00:00,1.0
2019-01-14 00:00:00,1.0
2019-01-14 01:00:00,1.0
2019-01-14 02:00:00,1.0
2019-01-14 03:00:00,1.0
2019-01-14 04:00:00,0.9999999999999998
2019-01-14 05:00:00,1.0
2019-01-14 06:00:00,1.0
2019-01-14 07:00:00,1.0000000000000002
2019-01-14 08:00:00,1.0
2019-01-14 09:00:00,0.9998628799958466
2019-01-14 10:00:00,0.999724521381464
2019-01-14 11:00:00,0.9999923641373395
2019-01-14 12:00:00,1.0
2019-01-14 13:00:00,1.0
2019-01-14 14:00:00,1.0
2019-01-14 15:00:00,1.0
2019-01-14 16:00:00,1.0
2019-01-14 17:00:00,1.0
2019-01-14 18:00:00,1.0
2019-01-14 19:00:00,1.0
2019-01-14 20:00:00,1.0
2019-01-14 21:00:00,1.0
2019-01-14 22:00:00,1.0
2019-01-14 23:00:00,1.0
2019-01-15 00:00:00,1.0
2019-01-15 01:00:00,1.0
2019-01-15 02:00:00,1.0
2019-01-15 03:00:00,1.0
2019-01-15 04:00:00,1.0
2019-01-15 05:00:00,1.0
2019-01-15 06:00:00,1.0
2019-01-15 07:00:00,1.0
2019-01-15 08:00:00,1.0
2019-01-15 09:00:00,1.0
2019-01-15 10:00:00,0.9979521185507584
2019-01-15 11:00:00,0.9932145112991559
2019-01-15 12:00:00,0.9903850311213463
2019-01-15 13:00:00,0.9905694960440528
2019-01-15 14:00:00,0.9951105852482858
2019-01-15 15:00:00,0.9900854873829114
2019-01-15 16:00:00,0.9772063338928967
2019-01-15 17:00:00,0.9666868413217871
2019-01-15 18:00:00,0.9571838776352802
2019-01-15 19:00:00,0.9561516204733553
2019-01-15 20:00:00,0.9731598377631061
2019-01-15 21:00:00,0.988133753709488
2019-01-15 22:00:00,0.9894841194843078
2019-01-15 23:00:00,1.0
2019-01-16 00:00:00,1.0
2019-01-16 01:00:00,0.9287025393504003
2019-01-16 02:00:00,0.8744844536574006
2019-01-16 03:00:00,0.9897729708303998
2019-01-16 04:00:00,1.0
2019-01-16 05:00:00,1.0
2019-01-16 06:00:00,1.0000000000000002
2019-01-16 07:00:00,1.0
2019-01-16 08:00:00,0.9990924632656124
2019-01-16 09:00:00,0.9968816581816844
2019-01-16 10:00:00,0.9941686899636433
2019-01-16 11:00:00,0.9913213069691797
2019-01-16 12:00:00,0.9735934032604744
2019-01-16 13:00:00,0.9466084313042078
2019-01-16 14:00:00,0.9256543952650877
2019-01-16 15:00:00,0.9220088103403756
2019-01-16 16:00:00,0.9952900704126254
2019-01-16 17:00:00,1.0
2019-01-16 18:00:00,1.0
2019-01-16 19:00:00,1.0
2019-01-16 20:00:00,1.0
2019-01-16 21:00:00,1.0
2019-01-16 22:00:00,1.0
2019-01-16 23:00:00,1.0
2019-01-17 00:00:00,1.0
2019-01-17 01:00:00,0.7453319638319994
2019-01-17 02:00:00,1.0
2019-01-17 03:00:00,0.5854529999999993
2019-01-17 04:00:00,0.9328540000000006
2019-01-17 05:00:00,1.0
2019-01-17 06:00:00,1.0
2019-01-17 07:00:00,1.0000000000000002
2019-01-17 08:00:00,1.0
2019-01-17 09:00:00,1.0
2019-01-17 10:00:00,1.0
2019-01-17 11:00:00,1.0
2019-01-17 12:00:00,1.0
2019-01-17 13:00:00,1.0
2019-01-17 14:00:00,1.0000000000000002
2019-01-17 15:00:00,1.0000000000000002
2019-01-17 16:00:00,0.970823653661589
2019-01-17 17:00:00,0.942003291520379
2019-01-17 18:00:00,0.9158198585852755
2019-01-17 19:00:00,0.8932945809348267
2019-01-17 20:00:00,0.8724526794033042
2019-01-17 21:00:00,0.8447105842220574
2019-01-17 22:00:00,0.8168672045658978
2019-01-17 23:00:00,0.7831742963176561
2019-01-18 00:00:00,0.7412863887050171
2019-01-18 01:00:00,0.693172400727746
2019-01-18 02:00:00,0.6430027722120604
2019-01-18 03:00:00,0.5960479198700669
2019-01-18 04:00:00,0.5471290516042402
2019-01-18 05:00:00,0.49788857869279
2019-01-18 06:00:00,0.4530761197401568
2019-01-18 07:00:00,0.41835308206127075
2019-01-18 08:00:00,0.3901884863116878
2019-01-18 09:00:00,0.3628135763403068
2019-01-18 10:00:00,0.3341860861190637
2019-01-18 11:00:00,0.3042332966901773
2019-01-18 12:00:00,0.27498460165985494
2019-01-18 13:00:00,0.2504758906672869
2019-01-18 14:00:00,0.23347245289726348
2019-01-18 15:00:00,0.22621943889016913
2019-01-18 16:00:00,0.22648971508679033
2019-01-18 17:00:00,0.23184807847020728
2019-01-18 18:00:00,0.24015073348620009
2019-01-18 19:00:00,0.2533382693584959
2019-01-18 20:00:00,0.2749973471614961
2019-01-18 21:00:00,0.2806738919756673
2019-01-18 22:00:00,0.29488559641303613
2019-01-18 23:00:00,0.31489435468474136
2019-01-19 00:00:00,0.33771348298047166
2019-01-19 01:00:00,0.3653183503459137
2019-01-19 02:00:00,0.3929927300279998
2019-01-19 03:00:00,0.41918389159343994
2019-01-19 04:00:00,0.44284234635885417
2019-01-19 05:00:00,0.4628838999858417
2019-01-19 06:00:00,0.4797880518206683
2019-01-19 07:00:00,0.4870993514854304
2019-01-19 08:00:00,0.4897529073313815
2019-01-19 09:00:00,0.4933833789870926
2019-01-19 10:00:00,0.49685921200707284
2019-01-19 11:00:00,0.4984707762499492
2019-01-19 12:00:00,0.4990743475479017
2019-01-19 13:00:00,0.4992635561216605
2019-01-19 14:00:00,0.4988285094835891
2019-01-19 15:00:00,0.4953390125256921
2019-01-19 16:00:00,0.4896031998100692
2019-01-19 17:00:00,0.4809682543590271
2019-01-19 18:00:00,0.469851956001671
2019-01-19 19:00:00,0.45784811458278296
2019-01-19 20:00:00,0.44539440544474523
2019-01-19 21:00:00,0.4329453464966129
2019-01-19 22:00:00,0.4209387563850558
2019-01-19 23:00:00,0.41034535613562667
2019-01-20 00:00:00,0.4013735149244021
2019-01-20 01:00:00,0.392913536475228
2019-01-20 02:00:00,0.38484534565686174
2019-01-20 03:00:00,0.37643626810960634
2019-01-20 04:00:00,0.37087267795478585
2019-01-20 05:00:00,0.36437467305699534
2019-01-20 06:00:00,0.361106128127541
2019-01-20 07:00:00,0.35348750295199144
2019-01-20 08:00:00,0.3474250029508248
2019-01-20 09:00:00,0.3507706929102815
2019-01-20 10:00:00,0.3856437399107148
2019-01-20 11:00:00,0.398095157044609
2019-01-20 12:00:00,0.4074451082007304
2019-01-20 13:00:00,0.43766161604837533
2019-01-20 14:00:00,0.4963629548452826
2019-01-20 15:00:00,0.561350746191832
2019-01-20 16:00:00,0.6131140431212042
2019-01-20 17:00:00,0.6627853015682207
2019-01-20 18:00:00,0.7266080043181928
2019-01-20 19:00:00,0.8037815940306378
2019-01-20 20:00:00,0.8982679365463182
2019-01-20 21:00:00,0.9633105326329855
2019-01-20 22:00:00,0.9989217716399548
2019-01-20 23:00:00,0.9957730221919346
2019-01-21 00:00:00,0.9947596440395532
2019-01-21 01:00:00,0.9997935262016567
2019-01-21 02:00:00,1.0
2019-01-21 03:00:00,1.0
2019-01-21 04:00:00,1.0
2019-01-21 05:00:00,1.0000000000000002
2019-01-21 06:00:00,1.0
2019-01-21 07:00:00,1.0
2019-01-21 08:00:00,0.9989400520380171
2019-01-21 09:00:00,0.9987784793119496
2019-01-21 10:00:00,0.9986189326729208
2019-01-21 11:00:00,0.9990669728159276
2019-01-21 12:00:00,1.0
2019-01-21 13:00:00,1.0
2019-01-21 14:00:00,1.0
2019-01-21 15:00:00,0.9999335850160147
2019-01-21 16:00:00,0.9996519730793855
2019-01-21 17:00:00,1.0
2019-01-21 18:00:00,1.0000000000000002
2019-01-21 19:00:00,1.0
2019-01-21 20:00:00,1.0
2019-01-21 21:00:00,1.0000000000000002
2019-01-21 22:00:00,1.0
2019-01-21 23:00:00,0.9992367578110941
2019-01-22 00:00:00,0.9867661625971185
2019-01-22 01:00:00,0.9913902773313122
2019-01-22 02:00:00,0.9841173666150651
2019-01-22 03:00:00,0.9742803877423052
2019-01-22 04:00:00,0.9712690798326059
2019-01-22 05:00:00,0.9825265386082852
2019-01-22 06:00:00,0.9999999999999998
2019-01-22 07:00:00,1.0
2019-01-22 08:00:00,1.0
2019-01-22 09:00:00,1.0
2019-01-22 10:00:00,1.0
2019-01-22 11:00:00,1.0
2019-01-22 12:00:00,1.0
2019-01-22 13:00:00,1.0
2019-01-22 14:00:00,1.0
2019-01-22 15:00:00,1.0
2019-01-22 16:00:00,1.0
2019-01-22 17:00:00,1.0
2019-01-22 18:00:00,1.0
2019-01-22 19:00:00,0.9999999999999998
2019-01-22 20:00:00,0.9999437575230387
2019-01-22 21:00:00,0.9998451261894209
2019-01-22 22:00:00,1.0
2019-01-22 23:00:00,1.0
2019-01-23 00:00:00,1.0
2019-01-23 01:00:00,1.0
2019-01-23 02:00:00,1.0
2019-01-23 03:00:00,0.9999999999999998
2019-01-23 04:00:00,0.9999999999999998
2019-01-23 05:00:00,0.9929103348056904
2019-01-23 06:00:00,0.9806714127625856
2019-01-23 07:00:00,0.9694094871805122
2019-01-23 08:00:00,0.960927102991295
2019-01-23 09:00:00,0.956741697049627
2019-01-23 10:00:00,0.9735248757606926
2019-01-23 11:00:00,0.9684593992149444
2019-01-23 12:00:00,0.9319936887590802
2019-01-23 13:00:00,0.9023542744520564
2019-01-23 14:00:00,0.8817214907314102
2019-01-23 15:00:00,0.8688716913307309
2019-01-23 16:00:00,0.8597132089877472
2019-01-23 17:00:00,0.8453840350494779
2019-01-23 18:00:00,0.8263783703515559
2019-01-23 19:00:00,0.8087106649932082
2019-01-23 20:00:00,0.782399107225251
2019-01-23 21:00:00,0.7411617630320348
2019-01-23 22:00:00,0.7005442603929121
2019-01-23 23:00:00,0.664632615326703
2019-01-24 00:00:00,0.6351140164643222
2019-01-24 01:00:00,0.6104614921236743
2019-01-24 02:00:00,0.5901491012411129
2019-01-24 03:00:00,0.5782364042514109
2019-01-24 04:00:00,0.5576893120183388
2019-01-24 05:00:00,0.536368759715956
2019-01-24 06:00:00,0.5159044801205726
2019-01-24 07:00:00,0.49710378363281527
2019-01-24 08:00:00,0.4809287314696581
2019-01-24 09:00:00,0.4675658025559193
2019-01-24 10:00:00,0.4576693513932438
2019-01-24 11:00:00,0.4491987464852912
2019-01-24 12:00:00,0.4413623298111247
2019-01-24 13:00:00,0.4335586590296633
2019-01-24 14:00:00,0.42643275842635425
2019-01-24 15:00:00,0.4202658153164313
2019-01-24 16:00:00,0.4130335970766311
2019-01-24 17:00:00,0.4065015836431515
2019-01-24 18:00:00,0.4001874520085411
2019-01-24 19:00:00,0.3941757142925739
2019-01-24 20:00:00,0.390364645613711
2019-01-24 21:00:00,0.38899824012886275
2019-01-24 22:00:00,0.38720360887991945
2019-01-24 23:00:00,0.38130645419076226
2019-01-25 00:00:00,0.37272732116871277
2019-01-25 01:00:00,0.37125214201246326
2019-01-25 02:00:00,0.36733112620738334
2019-01-25 03:00:00,0.36036763313786596
2019-01-25 04:00:00,0.38971085695889424
2019-01-25 05:00:00,0.5096889620842121
2019-01-25 06:00:00,0.6017206725581351
2019-01-25 07:00:00,0.623909061293218
2019-01-25 08:00:00,0.6521341500831078
2019-01-25 09:00:00,0.7290440020017472
2019-01-25 10:00:00,0.8312564550516343
2019-01-25 11:00:00,0.9071961159975102
2019-01-25 12:00:00,0.7922978531169215
2019-01-25 13:00:00,0.6325546277947705
2019-01-25 14:00:00,0.6507179999999995
2019-01-25 15:00:00,0.8356460000000007
2019-01-25 16:00:00,1.0
2019-01-25 17:00:00,0.9999999999999998
2019-01-25 18:00:00,1.0
2019-01-25 19:00:00,1.0
2019-01-25 20:00:00,1.0
2019-01-25 21:00:00,1.0
2019-01-25 22:00:00,1.0
2019-01-25 23:00:00,0.9976922013111773
2019-01-26 00:00:00,0.9951432190498022
2019-01-26 01:00:00,0.9934794657782806
2019-01-26 02:00:00,0.9477555426293818
2019-01-26 03:00:00,0.9030268669732361
2019-01-26 04:00:00,0.863378747427497
2019-01-26 05:00:00,0.8209423863413592
2019-01-26 06:00:00,0.7807325041168294
2019-01-26 07:00:00,0.7568758143559301
2019-01-26 08:00:00,0.7477289903477182
2019-01-26 09:00:00,0.7417573912648323
2019-01-26 10:00:00,0.7321852569484713
2019-01-26 11:00:00,0.7191134163167876
2019-01-26 12:00:00,0.7055141283757153
2019-01-26 13:00:00,0.7014318145512948
2019-01-26 14:00:00,0.70711435181101
2019-01-26 15:00:00,0.7223051428139807
2019-01-26 16:00:00,0.7394808588425742
2019-01-26 17:00:00,0.8058175953884691
2019-01-26 18:00:00,0.8913194247652662
2019-01-26 19:00:00,0.9486252385599973
2019-01-26 20:00:00,0.9430216582130285
2019-01-26 21:00:00,0.9352629846194762
2019-01-26 22:00:00,0.9454447853630527
2019-01-26 23:00:00,0.9679823064042576
2019-01-27 00:00:00,0.9869252223357381
2019-01-27 01:00:00,0.999960267323732
2019-01-27 02:00:00,1.0
2019-01-27 03:00:00,0.9999999999999998
2019-01-27 04:00:00,1.0
2019-01-27 05:00:00,0.6623908000000007
2019-01-27 06:00:00,0.7648539999999997
2019-01-27 07:00:00,1.0
2019-01-27 08:00:00,0.9999999999999998
2019-01-27 09:00:00,1.0
2019-01-27 10:00:00,0.9999999999999998
2019-01-27 11:00:00,1.0
2019-01-27 12:00:00,0.9999999999999998
2019-01-27 13:00:00,1.0
2019-01-27 14:00:00,1.0
2019-01-27 15:00:00,1.0
2019-01-27 16:00:00,1.0
2019-01-27 17:00:00,0.9899597154198507
2019-01-27 18:00:00,0.969637425198778
2019-01-27 19:00:00,0.91876398268652
2019-01-27 20:00:00,0.8432967309262964
2019-01-27 21:00:00,0.7705852791127248
2019-01-27 22:00:00,0.699970771160558
2019-01-27 23:00:00,0.6781522232633608
2019-01-28 00:00:00,0.6681856431240842
2019-01-28 01:00:00,0.6451466686713861
2019-01-28 02:00:00,0.6200315772215969
2019-01-28 03:00:00,0.5890944850433402
2019-01-28 04:00:00,0.5409823514536378
2019-01-28 05:00:00,0.49732705137681854
2019-01-28 06:00:00,0.45980106796402453
2019-01-28 07:00:00,0.42808902894945244
2019-01-28 08:00:00,0.40121426917305
2019-01-28 09:00:00,0.3791637521836056
2019-01-28 10:00:00,0.36235642098736365
2019-01-28 11:00:00,0.3453405078983135
2019-01-28 12:00:00,0.32482932584317054
2019-01-28 13:00:00,0.3047884331387129
2019-01-28 14:00:00,0.29945174888371107
2019-01-28 15:00:00,0.3017377122595224
2019-01-28 16:00:00,0.33640805572370336
2019-01-28 17:00:00,0.35546476344711664
2019-01-28 18:00:00,0.3878350159723189
2019-01-28 19:00:00,0.4691469254965484
2019-01-28 20:00:00,0.542723440081497
2019-01-28 21:00:00,0.6097556354870326
2019-01-28 22:00:00,0.6516169209560059
2019-01-28 23:00:00,0.6539856349475581
2019-01-29 00:00:00,0.6647213658003341
2019-01-29 01:00:00,0.6878664661287942
2019-01-29 02:00:00,0.7536438741344276
2019-01-29 03:00:00,0.8276275639910702
2019-01-29 04:00:00,0.8803819277643129
2019-01-29 05:00:00,0.9154054314893303
2019-01-29 06:00:00,0.9364924384507562
2019-01-29 07:00:00,0.9565181417368745
2019-01-29 08:00:00,0.9758406925286667
2019-01-29 09:00:00,0.9695417479930662
2019-01-29 10:00:00,0.9666551184394679
2019-01-29 11:00:00,0.9677084691166042
2019-01-29 12:00:00,0.9696646198301194
2019-01-29 13:00:00,0.9692684801278867
2019-01-29 14:00:00,0.9635622043061493
2019-01-29 15:00:00,0.960368266969115
2019-01-29 16:00:00,0.9574015867930274
2019-01-29 17:00:00,0.9566144671710575
2019-01-29 18:00:00,0.9552360130349274
2019-01-29 19:00:00,0.9552211281046187
2019-01-29 20:00:00,0.9575131378708382
2019-01-29 21:00:00,0.9609192003301896
2019-01-29 22:00:00,0.9646131643349625
2019-01-29 23:00:00,0.9662236332623715
2019-01-30 00:00:00,0.9660155994091624
2019-01-30 01:00:00,0.9644178668480557
2019-01-30 02:00:00,0.9616841709443692
2019-01-30 03:00:00,0.9549894572880059
2019-01-30 04:00:00,0.9456388269843385
2019-01-30 05:00:00,0.9354244506343729
2019-01-30 06:00:00,0.9259614186529951
2019-01-30 07:00:00,0.9197845456353486
2019-01-30 08:00:00,0.9157409897327706
2019-01-30 09:00:00,0.9127790639515933
2019-01-30 10:00:00,0.9104840970458349
2019-01-30 11:00:00,0.908545325268757
2019-01-30 12:00:00,0.901322948966638
2019-01-30 13:00:00,0.8898795154716329
2019-01-30 14:00:00,0.8768971271245808
2019-01-30 15:00:00,0.8635701114935465
2019-01-30 16:00:00,0.8493560288659238
2019-01-30 17:00:00,0.8325332367871001
2019-01-30 18:00:00,0.8136183007765706
2019-01-30 19:00:00,0.7949970143268872
2019-01-30 20:00:00,0.781158142490695
2019-01-30 21:00:00,0.7737694636183302
2019-01-30 22:00:00,0.7722928517373806
2019-01-30 23:00:00,0.7641678514754932
2019-01-31 00:00:00,0.7511687498392284
2019-01-31 01:00:00,0.7360919930795632
2019-01-31 02:00:00,0.7223648466062106
2019-01-31 03:00:00,0.7043391387579041
2019-01-31 04:00:00,0.6762745104124572
2019-01-31 05:00:00,0.6431274780188405
2019-01-31 06:00:00,0.6113137936709563
2019-01-31 07:00:00,0.580977214297887
2019-01-31 08:00:00,0.5536347848261233
2019-01-31 09:00:00,0.5311379537577112
2019-01-31 10:00:00,0.509950713547821
2019-01-31 11:00:00,0.4885757077816031
2019-01-31 12:00:00,0.4700905104675974
2019-01-31 13:00:00,0.45337197884953434
2019-01-31 14:00:00,0.4344632797957089
2019-01-31 15:00:00,0.412579832542481
2019-01-31 16:00:00,0.3944809737220521
2019-01-31 17:00:00,0.3753129682554701
2019-01-31 18:00:00,0.3628106818286477
2019-01-31 19:00:00,0.357086446818157
2019-01-31 20:00:00,0.3589869802834366
2019-01-31 21:00:00,0.38886083199709265
2019-01-31 22:00:00,0.447416204119772
2019-01-31 23:00:00,0.4414993383910037
2019-02-01 00:00:00,0.4303243108983353
2019-02-01 01:00:00,0.45401522549569634
2019-02-01 02:00:00,0.510743735261078
2019-02-01 03:00:00,0.4929263943782253
2019-02-01 04:00:00,0.4969198367717012
2019-02-01 05:00:00,0.4279736397217549
2019-02-01 06:00:00,0.39453968296585673
2019-02-01 07:00:00,0.40703674120047606
2019-02-01 08:00:00,0.43859617171733617
2019-02-01 09:00:00,0.47853302712133816
2019-02-01 10:00:00,0.5914930224580036
2019-02-01 11:00:00,0.6239165259669465
2019-02-01 12:00:00,0.6124323608793014
2019-02-01 13:00:00,0.6212607861550742
2019-02-01 14:00:00,0.6560154147091414
2019-02-01 15:00:00,0.6548466957247733
2019-02-01 16:00:00,0.6648474280427662
2019-02-01 17:00:00,0.6888181164267153
2019-02-01 18:00:00,0.7026753354117677
2019-02-01 19:00:00,0.7036386811541678
2019-02-01 20:00:00,0.70194244389015
2019-02-01 21:00:00,0.6979877211110963
2019-02-01 22:00:00,0.6822296811941453
2019-02-01 23:00:00,0.6634083768811012
2019-02-02 00:00:00,0.6484577437813817
2019-02-02 01:00:00,0.6365697845680511
2019-02-02 02:00:00,0.626720549723086
2019-02-02 03:00:00,0.6227283566994499
2019-02-02 04:00:00,0.6115364403292004
2019-02-02 05:00:00,0.5822307124220942
2019-02-02 06:00:00,0.5463794268218565
2019-02-02 07:00:00,0.5111785568020101
2019-02-02 08:00:00,0.4790064306688185
2019-02-02 09:00:00,0.45435952642400074
2019-02-02 10:00:00,0.4420874090854612
2019-02-02 11:00:00,0.44946270564937324
2019-02-02 12:00:00,0.4552827992827422
2019-02-02 13:00:00,0.46094838592983167
2019-02-02 14:00:00,0.4458296702037065
2019-02-02 15:00:00,0.44900327018893244
2019-02-02 16:00:00,0.47295977609852163
2019-02-02 17:00:00,0.4458735714011256
2019-02-02 18:00:00,0.43739490256896724
2019-02-02 19:00:00,0.42829551937549953
2019-02-02 20:00:00,0.41448852591142166
2019-02-02 21:00:00,0.39541324941503864
2019-02-02 22:00:00,0.37312785977862806
2019-02-02 23:00:00,0.3495308766267597
2019-02-03 00:00:00,0.32573643952946835
2019-02-03 01:00:00,0.30198225059768885
2019-02-03 02:00:00,0.3064310482186861
2019-02-03 03:00:00,0.29963853752166025
2019-02-03 04:00:00,0.2643716473041515
2019-02-03 05:00:00,0.2520028860512915
2019-02-03 06:00:00,0.24623389973052853
2019-02-03 07:00:00,0.24258763062051464
2019-02-03 08:00:00,0.24014263105443204
2019-02-03 09:00:00,0.2379856053820842
2019-02-03 10:00:00,0.23474655735553399
2019-02-03 11:00:00,0.23018380431398008
2019-02-03 12:00:00,0.23007319030494736
2019-02-03 13:00:00,0.2515946020295175
2019-02-03 14:00:00,0.2604054610304079
2019-02-03 15:00:00,0.3008137088393999
2019-02-03 16:00:00,0.39337535131672574
2019-02-03 17:00:00,0.4615404806810032
2019-02-03 18:00:00,0.5245930171445266
2019-02-03 19:00:00,0.581609856956312
2019-02-03 20:00:00,0.6324509261110538
2019-02-03 21:00:00,0.6719104386923106
2019-02-03 22:00:00,0.7614272896084181
2019-02-03 23:00:00,0.8193540325210203
2019-02-04 00:00:00,0.8473443967055556
2019-02-04 01:00:00,0.8387269681187338
2019-02-04 02:00:00,0.8069735053863554
2019-02-04 03:00:00,0.7698754106006108
2019-02-04 04:00:00,0.7434008342432605
2019-02-04 05:00:00,0.7154699448951511
2019-02-04 06:00:00,0.6847089900215021
2019-02-04 07:00:00,0.6521716792038647
2019-02-04 08:00:00,0.6199733379041529
2019-02-04 09:00:00,0.5940581165474565
2019-02-04 10:00:00,0.57849509717003
2019-02-04 11:00:00,0.5719971386597016
2019-02-04 12:00:00,0.5904939504652015
2019-02-04 13:00:00,0.6157160822206448
2019-02-04 14:00:00,0.6316574883875926
2019-02-04 15:00:00,0.6435959696782676
2019-02-04 16:00:00,0.6441392307026145
2019-02-04 17:00:00,0.6304294315667055
2019-02-04 18:00:00,0.6074801472686818
2019-02-04 19:00:00,0.5991485284562318
2019-02-04 20:00:00,0.5977488335859767
2019-02-04 21:00:00,0.5848775676131759
2019-02-04 22:00:00,0.5551213793613275
2019-02-04 23:00:00,0.5216987881422042
2019-02-05 00:00:00,0.49347375788759884
2019-02-05 01:00:00,0.46602981366276347
2019-02-05 02:00:00,0.4489653625817866
2019-02-05 03:00:00,0.4557134932692465
2019-02-05 04:00:00,0.4680544218541213
2019-02-05 05:00:00,0.4997547508270679
2019-02-05 06:00:00,0.5530680474730866
2019-02-05 07:00:00,0.602289520448836
2019-02-05 08:00:00,0.6394167016767106
2019-02-05 09:00:00,0.6578626850498295
2019-02-05 10:00:00,0.6553761189108752
2019-02-05 11:00:00,0.6401021043612195
2019-02-05 12:00:00,0.6164133947238237
2019-02-05 13:00:00,0.5891454553564363
2019-02-05 14:00:00,0.5588002686141246
2019-02-05 15:00:00,0.5201380070616389
2019-02-05 16:00:00,0.48861693026434594
2019-02-05 17:00:00,0.46420805607340426
2019-02-05 18:00:00,0.4262948922621192
2019-02-05 19:00:00,0.3781349573680703
2019-02-05 20:00:00,0.35157307218889017
2019-02-05 21:00:00,0.32990449337202943
2019-02-05 22:00:00,0.2973649894991284
2019-02-05 23:00:00,0.26754211746162515
2019-02-06 00:00:00,0.20898321054575264
2019-02-06 01:00:00,0.2191665892307384
2019-02-06 02:00:00,0.2688113932573178
2019-02-06 03:00:00,0.339359151917319
2019-02-06 04:00:00,0.4762574470888868
2019-02-06 05:00:00,0.5922826689634557
2019-02-06 06:00:00,0.671396962426518
2019-02-06 07:00:00,0.7254619272549319
2019-02-06 08:00:00,0.764277471819493
2019-02-06 09:00:00,0.7951258345624566
2019-02-06 10:00:00,0.807729898776438
2019-02-06 11:00:00,0.8194287727621734
2019-02-06 12:00:00,0.7990130117966248
2019-02-06 13:00:00,0.824658961881516
2019-02-06 14:00:00,0.8538064543944714
2019-02-06 15:00:00,0.876836817815047
2019-02-06 16:00:00,0.8913466814878811
2019-02-06 17:00:00,0.9054720289039593
2019-02-06 18:00:00,0.9215171582186992
2019-02-06 19:00:00,0.9377069985287824
2019-02-06 20:00:00,0.9486094445544451
2019-02-06 21:00:00,0.9598411938525407
2019-02-06 22:00:00,0.9736803254165597
2019-02-06 23:00:00,0.9747381760616194
2019-02-07 00:00:00,0.9683050780640723
2019-02-07 01:00:00,0.9475072641517505
2019-02-07 02:00:00,0.9243495981070227
2019-02-07 03:00:00,0.902745425244224
2019-02-07 04:00:00,0.8826666314974044
2019-02-07 05:00:00,0.8656622662234926
2019-02-07 06:00:00,0.8498924352015117
2019-02-07 07:00:00,0.8355124839552621
2019-02-07 08:00:00,0.8221557341715632
2019-02-07 09:00:00,0.8088657082341388
2019-02-07 10:00:00,0.7912024934359706
2019-02-07 11:00:00,0.7709152604347782
2019-02-07 12:00:00,0.7533214733255066
2019-02-07 13:00:00,0.7384503996822359
2019-02-07 14:00:00,0.7244555539378251
2019-02-07 15:00:00,0.7114484149957219
2019-02-07 16:00:00,0.6997788470446789
2019-02-07 17:00:00,0.6901185676184639
2019-02-07 18:00:00,0.6820902250706485
2019-02-07 19:00:00,0.6770239618319254
2019-02-07 20:00:00,0.676829417020656
2019-02-07 21:00:00,0.6827526205428207
2019-02-07 22:00:00,0.6961369375221441
2019-02-07 23:00:00,0.7195580499787676
2019-02-08 00:00:00,0.7407855999339774
2019-02-08 01:00:00,0.7576569000304305
2019-02-08 02:00:00,0.7701934050313052
2019-02-08 03:00:00,0.7755530987736704
2019-02-08 04:00:00,0.7765007568495287
2019-02-08 05:00:00,0.7739812288702086
2019-02-08 06:00:00,0.7664636016917938
2019-02-08 07:00:00,0.7584486419883887
2019-02-08 08:00:00,0.7706364424566299
2019-02-08 09:00:00,0.783402314817352
2019-02-08 10:00:00,0.7764914513141943
2019-02-08 11:00:00,0.7282537952916013
2019-02-08 12:00:00,0.6696015701551947
2019-02-08 13:00:00,0.6235444804792482
2019-02-08 14:00:00,0.5732407605460005
2019-02-08 15:00:00,0.5232010825139948
2019-02-08 16:00:00,0.5156979735996878
2019-02-08 17:00:00,0.5078627588287113
2019-02-08 18:00:00,0.48735857760714657
2019-02-08 19:00:00,0.48583098632035066
2019-02-08 20:00:00,0.4942812805439167
2019-02-08 21:00:00,0.5146795273172781
2019-02-08 22:00:00,0.49914881586123866
2019-02-08 23:00:00,0.489741067245224
2019-02-09 00:00:00,0.5497234502006141
2019-02-09 01:00:00,0.5288800250457406
2019-02-09 02:00:00,0.45851924841405955
2019-02-09 03:00:00,0.4125461853311514
2019-02-09 04:00:00,0.3723083195289978
2019-02-09 05:00:00,0.35203899272409583
2019-02-09 06:00:00,0.3323191701979048
2019-02-09 07:00:00,0.3098238054198189
2019-02-09 08:00:00,0.3327735100480956
2019-02-09 09:00:00,0.3758941744156368
2019-02-09 10:00:00,0.5033030667877104
2019-02-09 11:00:00,0.1439000615480084
2019-02-09 12:00:00,0.0
2019-02-09 13:00:00,0.0
2019-02-09 14:00:00,0.2727347170240005
2019-02-09 15:00:00,0.28077139648799954
2019-02-09 16:00:00,0.37863431068999925
2019-02-09 17:00:00,0.2796749197884004
2019-02-09 18:00:00,0.13166126665459993
2019-02-09 19:00:00,0.44866554263999947
2019-02-09 20:00:00,0.7764319999999998
2019-02-09 21:00:00,0.7677739999999994
2019-02-09 22:00:00,0.816058
2019-02-09 23:00:00,0.8858999999999995
2019-02-10 00:00:00,0.9295509999999999
2019-02-10 01:00:00,0.96317
2019-02-10 02:00:00,0.9999999999999998
2019-02-10 03:00:00,1.0
2019-02-10 04:00:00,0.9671491606875906
2019-02-10 05:00:00,0.9376484454578549
2019-02-10 06:00:00,0.9418738850705347
2019-02-10 07:00:00,0.9345782147774154
2019-02-10 08:00:00,0.8623956811987176
2019-02-10 09:00:00,0.8115068436708579
2019-02-10 10:00:00,0.7898826125198496
2019-02-10 11:00:00,0.8011827132553442
2019-02-10 12:00:00,0.8264419019147908
2019-02-10 13:00:00,0.8401678524293588
2019-02-10 14:00:00,0.8478038139043018
2019-02-10 15:00:00,0.8569662086661369
2019-02-10 16:00:00,0.8818277871979714
2019-02-10 17:00:00,0.9112642423732098
2019-02-10 18:00:00,0.9133987809861442
2019-02-10 19:00:00,0.8975241247248815
2019-02-10 20:00:00,0.840062875896567
2019-02-10 21:00:00,0.7820481745893506
2019-02-10 22:00:00,0.7362039596770444
2019-02-10 23:00:00,0.692310241160037
2019-02-11 00:00:00,0.6534595269606354
2019-02-11 01:00:00,0.6275560144254443
2019-02-11 02:00:00,0.608797304658396
2019-02-11 03:00:00,0.5872235797472243
2019-02-11 04:00:00,0.5615538907748822
2019-02-11 05:00:00,0.5404529699048177
2019-02-11 06:00:00,0.5220293049782156
2019-02-11 07:00:00,0.5034352405825466
2019-02-11 08:00:00,0.4843920105464213
2019-02-11 09:00:00,0.4651153596246755
2019-02-11 10:00:00,0.4471110678655997
2019-02-11 11:00:00,0.4311558886048772
2019-02-11 12:00:00,0.4173776127893181
2019-02-11 13:00:00,0.40550302858683407
2019-02-11 14:00:00,0.3944866846385807
2019-02-11 15:00:00,0.38370019170930886
2019-02-11 16:00:00,0.3732112280869406
2019-02-11 17:00:00,0.36258872071529413
2019-02-11 18:00:00,0.35177310300519216
2019-02-11 19:00:00,0.34077359403863366
2019-02-11 20:00:00,0.3288040881102658
2019-02-11 21:00:00,0.3144993372940756
2019-02-11 22:00:00,0.29676572302489235
2019-02-11 23:00:00,0.2938102471990827
2019-02-12 00:00:00,0.2856375651162722
2019-02-12 01:00:00,0.27018213986097817
2019-02-12 02:00:00,0.32009505204702265
2019-02-12 03:00:00,0.44537872173911386
2019-02-12 04:00:00,0.5446950919346123
2019-02-12 05:00:00,0.6219394959421741
2019-02-12 06:00:00,0.6547600678390854
2019-02-12 07:00:00,0.6797872057828317
2019-02-12 08:00:00,0.7433776274534433
2019-02-12 09:00:00,0.7693471251477367
2019-02-12 10:00:00,0.813389317284496
2019-02-12 11:00:00,0.8465728427015816
2019-02-12 12:00:00,0.8923403388043356
2019-02-12 13:00:00,0.9650530147281129
2019-02-12 14:00:00,0.9975950783380656
2019-02-12 15:00:00,0.9992076577679903
2019-02-12 16:00:00,1.0
2019-02-12 17:00:00,1.0
2019-02-12 18:00:00,1.0
2019-02-12 19:00:00,0.9468396246920001
2019-02-12 20:00:00,0.8786781148900001
2019-02-12 21:00:00,0.8832336894560002
2019-02-12 22:00:00,0.9971207909847999
2019-02-12 23:00:00,0.9999999999999998
2019-02-13 00:00:00,1.0000000000000002
2019-02-13 01:00:00,1.0
2019-02-13 02:00:00,1.0
2019-02-13 03:00:00,1.0
2019-02-13 04:00:00,1.0
2019-02-13 05:00:00,0.9995462915456462
2019-02-13 06:00:00,0.9970353575677843
2019-02-13 07:00:00,0.9709649259985409
2019-02-13 08:00:00,0.9555640614936248
2019-02-13 09:00:00,0.9317229919415123
2019-02-13 10:00:00,0.9087181981141894
2019-02-13 11:00:00,0.8899506970196425
2019-02-13 12:00:00,0.8740174088191179
2019-02-13 13:00:00,0.8621296100917692
2019-02-13 14:00:00,0.8651668976182734
2019-02-13 15:00:00,0.8731028890240343
2019-02-13 16:00:00,0.884034227395323
2019-02-13 17:00:00,0.9026870385716473
2019-02-13 18:00:00,0.9195745671888507
2019-02-13 19:00:00,0.9291529087931094
2019-02-13 20:00:00,0.9399448638343612
2019-02-13 21:00:00,0.9579082765326595
2019-02-13 22:00:00,0.9894004526430186
2019-02-13 23:00:00,0.9995381696329277
2019-02-14 00:00:00,1.0
2019-02-14 01:00:00,1.0
2019-02-14 02:00:00,1.0
2019-02-14 03:00:00,1.0
2019-02-14 04:00:00,1.0
2019-02-14 05:00:00,1.0
2019-02-14 06:00:00,1.0
2019-02-14 07:00:00,0.9993479886630973
2019-02-14 08:00:00,0.9958224144488268
2019-02-14 09:00:00,0.9856072409976502
2019-02-14 10:00:00,1.0
2019-02-14 11:00:00,1.0
2019-02-14 12:00:00,1.0
2019-02-14 13:00:00,1.0
2019-02-14 14:00:00,0.9999696711285418
2019-02-14 15:00:00,0.9867289006249023
2019-02-14 16:00:00,0.9871726678626618
2019-02-14 17:00:00,0.9829082481235547
2019-02-14 18:00:00,0.9437706482746935
2019-02-14 19:00:00,0.9154922714939756
2019-02-14 20:00:00,0.8937748335468028
2019-02-14 21:00:00,0.8539762477494304
2019-02-14 22:00:00,0.7922974645706171
2019-02-14 23:00:00,0.7346956261299704
2019-02-15 00:00:00,0.686085396165895
2019-02-15 01:00:00,0.6482130089214164
2019-02-15 02:00:00,0.6308679971456694
2019-02-15 03:00:00,0.6270223716544419
2019-02-15 04:00:00,0.6265670286348766
2019-02-15 05:00:00,0.6288766241730811
2019-02-15 06:00:00,0.6305048627559405
2019-02-15 07:00:00,0.6269340175990986
2019-02-15 08:00:00,0.6263958150465659
2019-02-15 09:00:00,0.6275345864728992
2019-02-15 10:00:00,0.6258305082551361
2019-02-15 11:00:00,0.6225930685504344
2019-02-15 12:00:00,0.6156107405088207
2019-02-15 13:00:00,0.607946862253039
2019-02-15 14:00:00,0.6250332838979148
2019-02-15 15:00:00,0.6784389492238895
2019-02-15 16:00:00,0.7299431979041945
2019-02-15 17:00:00,0.7628761233539082
2019-02-15 18:00:00,0.8010488175797791
2019-02-15 19:00:00,0.8432096290719133
2019-02-15 20:00:00,0.8478886529730449
2019-02-15 21:00:00,0.81445430742256
2019-02-15 22:00:00,0.7426359288797642
2019-02-15 23:00:00,0.6539867817161362
2019-02-16 00:00:00,0.5665302105913192
2019-02-16 01:00:00,0.4904336502083619
2019-02-16 02:00:00,0.43367710883869093
2019-02-16 03:00:00,0.37843453203696503
2019-02-16 04:00:00,0.34523632487772904
2019-02-16 05:00:00,0.324595220415956
2019-02-16 06:00:00,0.3096041249609107
2019-02-16 07:00:00,0.29782562067353147
2019-02-16 08:00:00,0.2886744309417611
2019-02-16 09:00:00,0.281632821266743
2019-02-16 10:00:00,0.2762436441096548
2019-02-16 11:00:00,0.2709844747529203
2019-02-16 12:00:00,0.26494255646096987
2019-02-16 13:00:00,0.25974276719650174
2019-02-16 14:00:00,0.2545728693996681
2019-02-16 15:00:00,0.24850051773240328
2019-02-16 16:00:00,0.24256527807323103
2019-02-16 17:00:00,0.24009547083634475
2019-02-16 18:00:00,0.2485699042138662
2019-02-16 19:00:00,0.25962528533211704
2019-02-16 20:00:00,0.25900277621940887
2019-02-16 21:00:00,0.24953907227555003
2019-02-16 22:00:00,0.23602806823774272
2019-02-16 23:00:00,0.22085530697420364
2019-02-17 00:00:00,0.20701285606098543
2019-02-17 01:00:00,0.19732609312658295
2019-02-17 02:00:00,0.18983213854259468
2019-02-17 03:00:00,0.18718056521282328
2019-02-17 04:00:00,0.1900331907714877
2019-02-17 05:00:00,0.19690395257310617
2019-02-17 06:00:00,0.2088170703515486
2019-02-17 07:00:00,0.2294831637455759
2019-02-17 08:00:00,0.25137726908254693
2019-02-17 09:00:00,0.2716648099530869
2019-02-17 10:00:00,0.28788770309375383
2019-02-17 11:00:00,0.30062426296466693
2019-02-17 12:00:00,0.30828457371336293
2019-02-17 13:00:00,0.3095184266787176
2019-02-17 14:00:00,0.3159127413145773
2019-02-17 15:00:00,0.321196986558065
2019-02-17 16:00:00,0.3366734672858005
2019-02-17 17:00:00,0.359509639011323
2019-02-17 18:00:00,0.3856183962360836
2019-02-17 19:00:00,0.4158968223528148
2019-02-17 20:00:00,0.440615624508001
2019-02-17 21:00:00,0.46051213300027866
2019-02-17 22:00:00,0.4620978685431284
2019-02-17 23:00:00,0.45552948609334215
2019-02-18 00:00:00,0.45602127581722446
2019-02-18 01:00:00,0.448780104358913
2019-02-18 02:00:00,0.44411438004718085
2019-02-18 03:00:00,0.45672639254607145
2019-02-18 04:00:00,0.478640134865117
2019-02-18 05:00:00,0.5036713185823685
2019-02-18 06:00:00,0.5214610001198908
2019-02-18 07:00:00,0.548682151815094
2019-02-18 08:00:00,0.5816155788580283
2019-02-18 09:00:00,0.5938475102209101
2019-02-18 10:00:00,0.6056120495011009
2019-02-18 11:00:00,0.6308287261752848
2019-02-18 12:00:00,0.67195551411505
2019-02-18 13:00:00,0.7172423945499907
2019-02-18 14:00:00,0.7644037784634916
2019-02-18 15:00:00,0.8465138777579885
2019-02-18 16:00:00,0.9030599617281578
2019-02-18 17:00:00,0.8434832872538454
2019-02-18 18:00:00,0.7845763251128842
2019-02-18 19:00:00,0.7352491351910374
2019-02-18 20:00:00,0.7017543160923186
2019-02-18 21:00:00,0.6829800932206495
2019-02-18 22:00:00,0.68392585079531
2019-02-18 23:00:00,0.6866064981500778
2019-02-19 00:00:00,0.7076072371700475
2019-02-19 01:00:00,0.7630093470857784
2019-02-19 02:00:00,0.8175633943139003
2019-02-19 03:00:00,0.871758373151314
2019-02-19 04:00:00,0.8496375698871802
2019-02-19 05:00:00,0.8219098826717071
2019-02-19 06:00:00,0.7931782550244402
2019-02-19 07:00:00,0.762557579895439
2019-02-19 08:00:00,0.7321336575547066
2019-02-19 09:00:00,0.7190447706833186
2019-02-19 10:00:00,0.7048996276334646
2019-02-19 11:00:00,0.6981987487011134
2019-02-19 12:00:00,0.6943303010281391
2019-02-19 13:00:00,0.6941066229074658
2019-02-19 14:00:00,0.7030018484683979
2019-02-19 15:00:00,0.7357862871921466
2019-02-19 16:00:00,0.7992411985391916
2019-02-19 17:00:00,0.8460441979524251
2019-02-19 18:00:00,0.8441167474888489
2019-02-19 19:00:00,0.8834618222812712
2019-02-19 20:00:00,0.9157733690265479
2019-02-19 21:00:00,0.9333593447350049
2019-02-19 22:00:00,0.9340368698337519
2019-02-19 23:00:00,0.91742125552825
2019-02-20 00:00:00,0.8881509755406953
2019-02-20 01:00:00,0.8389509105931757
2019-02-20 02:00:00,0.7923439830448923
2019-02-20 03:00:00,0.7780916064768765
2019-02-20 04:00:00,0.7388789733615643
2019-02-20 05:00:00,0.6784022268286889
2019-02-20 06:00:00,0.6095027634922247
2019-02-20 07:00:00,0.5492746678927805
2019-02-20 08:00:00,0.5016129483582552
2019-02-20 09:00:00,0.4663049177500439
2019-02-20 10:00:00,0.4567995115072107
2019-02-20 11:00:00,0.485688199516571
2019-02-20 12:00:00,0.4856888333549467
2019-02-20 13:00:00,0.4866492544247689
2019-02-20 14:00:00,0.5064567324016538
2019-02-20 15:00:00,0.5489255186542411
2019-02-20 16:00:00,0.6138928871001501
2019-02-20 17:00:00,0.6593827497047503
2019-02-20 18:00:00,0.6692794260761685
2019-02-20 19:00:00,0.6502657354176948
2019-02-20 20:00:00,0.609920018647181
2019-02-20 21:00:00,0.5474878375878608
2019-02-20 22:00:00,0.506390831936153
2019-02-20 23:00:00,0.47931737962261123
2019-02-21 00:00:00,0.4567165365713646
2019-02-21 01:00:00,0.43016070944421586
2019-02-21 02:00:00,0.40196295719827024
2019-02-21 03:00:00,0.3757404885898599
2019-02-21 04:00:00,0.3493343113029472
2019-02-21 05:00:00,0.3245706688727442
2019-02-21 06:00:00,0.3029744478674428
2019-02-21 07:00:00,0.2848984805846483
2019-02-21 08:00:00,0.2697112448810051
2019-02-21 09:00:00,0.25541801682037946
2019-02-21 10:00:00,0.24291894096750205
2019-02-21 11:00:00,0.23701892008093192
2019-02-21 12:00:00,0.23908490228957371
2019-02-21 13:00:00,0.2491108418408373
2019-02-21 14:00:00,0.2754791825135626
2019-02-21 15:00:00,0.3121827432336202
2019-02-21 16:00:00,0.34367849925789196
2019-02-21 17:00:00,0.3651863143392261
2019-02-21 18:00:00,0.3772982194044284
2019-02-21 19:00:00,0.37246391551351643
2019-02-21 20:00:00,0.37364136747254645
2019-02-21 21:00:00,0.39284948531843594
2019-02-21 22:00:00,0.4203671008380278
2019-02-21 23:00:00,0.4613600107376786
2019-02-22 00:00:00,0.48931873853067404
2019-02-22 01:00:00,0.5093442085564187
2019-02-22 02:00:00,0.5405159827778966
2019-02-22 03:00:00,0.561362802439595
2019-02-22 04:00:00,0.5746829419672039
2019-02-22 05:00:00,0.5798098239469576
2019-02-22 06:00:00,0.5758347703777055
2019-02-22 07:00:00,0.5656484277512168
2019-02-22 08:00:00,0.5522554440070638
2019-02-22 09:00:00,0.5381216293095046
2019-02-22 10:00:00,0.5352044757602111
2019-02-22 11:00:00,0.5905571844825962
2019-02-22 12:00:00,0.6623450177407928
2019-02-22 13:00:00,0.6722136739816991
2019-02-22 14:00:00,0.7009954822173157
2019-02-22 15:00:00,0.6980539645830983
2019-02-22 16:00:00,0.6908061656045049
2019-02-22 17:00:00,0.6829258221653967
2019-02-22 18:00:00,0.6578571476042037
2019-02-22 19:00:00,0.6324700041427482
2019-02-22 20:00:00,0.6436125040673107
2019-02-22 21:00:00,0.6202190355449336
2019-02-22 22:00:00,0.5762457222433596
2019-02-22 23:00:00,0.5641059989118989
2019-02-23 00:00:00,0.5466172250161736
2019-02-23 01:00:00,0.5280314345339103
2019-02-23 02:00:00,0.5066715443990651
2019-02-23 03:00:00,0.4899201301762482
2019-02-23 04:00:00,0.48053405343058136
2019-02-23 05:00:00,0.49149743314020067
2019-02-23 06:00:00,0.4921791439658771
2019-02-23 07:00:00,0.48845033432693263
2019-02-23 08:00:00,0.4935723260711504
2019-02-23 09:00:00,0.5205963018379595
2019-02-23 10:00:00,0.5447076464771944
2019-02-23 11:00:00,0.5496961428158577
2019-02-23 12:00:00,0.546985693536444
2019-02-23 13:00:00,0.5419152434779224
2019-02-23 14:00:00,0.5425968748466157
2019-02-23 15:00:00,0.5519707725683534
2019-02-23 16:00:00,0.5761945905926783
2019-02-23 17:00:00,0.6004820092578135
2019-02-23 18:00:00,0.6128418315521635
2019-02-23 19:00:00,0.6144490279437217
2019-02-23 20:00:00,0.6153655727989351
2019-02-23 21:00:00,0.6301651335139812
2019-02-23 22:00:00,0.6431548058246247
2019-02-23 23:00:00,0.6370089971892168
2019-02-24 00:00:00,0.6227305806874827
2019-02-24 01:00:00,0.6043355135957414
2019-02-24 02:00:00,0.5893183736459718
2019-02-24 03:00:00,0.5835671426205036
2019-02-24 04:00:00,0.5877909994420347
2019-02-24 05:00:00,0.5915762497642475
2019-02-24 06:00:00,0.5900695017979533
2019-02-24 07:00:00,0.5854154148422149
2019-02-24 08:00:00,0.5792117344039956
2019-02-24 09:00:00,0.5728180204042241
2019-02-24 10:00:00,0.5687851468633354
2019-02-24 11:00:00,0.5702493637126996
2019-02-24 12:00:00,0.5829353876245518
2019-02-24 13:00:00,0.6139068290706575
2019-02-24 14:00:00,0.6608780004431276
2019-02-24 15:00:00,0.719467779298045
2019-02-24 16:00:00,0.7557593195883473
2019-02-24 17:00:00,0.7646335213971258
2019-02-24 18:00:00,0.7576999144169904
2019-02-24 19:00:00,0.7367815988858052
2019-02-24 20:00:00,0.7011336513049405
2019-02-24 21:00:00,0.6512517493642666
2019-02-24 22:00:00,0.6039372119794094
2019-02-24 23:00:00,0.5640037059123154
2019-02-25 00:00:00,0.5354226211348866
2019-02-25 01:00:00,0.526548873505635
2019-02-25 02:00:00,0.5311427951559393
2019-02-25 03:00:00,0.5243443114088093
2019-02-25 04:00:00,0.5063059880855492
2019-02-25 05:00:00,0.49437667096285276
2019-02-25 06:00:00,0.49456039247432354
2019-02-25 07:00:00,0.4974839692672333
2019-02-25 08:00:00,0.4997398638383842
2019-02-25 09:00:00,0.5024865026711578
2019-02-25 10:00:00,0.4919530630123292
2019-02-25 11:00:00,0.4757127545273444
2019-02-25 12:00:00,0.4638626520260125
2019-02-25 13:00:00,0.4585438979241567
2019-02-25 14:00:00,0.4521198551594864
2019-02-25 15:00:00,0.44526170442350826
2019-02-25 16:00:00,0.43776636455995366
2019-02-25 17:00:00,0.43029792411632206
2019-02-25 18:00:00,0.4257191822673351
2019-02-25 19:00:00,0.4186807162823927
2019-02-25 20:00:00,0.41274681797461493
2019-02-25 21:00:00,0.4043925944278118
2019-02-25 22:00:00,0.3944460468432867
2019-02-25 23:00:00,0.3839107507043019
2019-02-26 00:00:00,0.3740558135454288
2019-02-26 01:00:00,0.36461886207002714
2019-02-26 02:00:00,0.3572679248824184
2019-02-26 03:00:00,0.3583389812206342
2019-02-26 04:00:00,0.3732225719434134
2019-02-26 05:00:00,0.42064098850176457
2019-02-26 06:00:00,0.5057706351052143
2019-02-26 07:00:00,0.5792990279788619
2019-02-26 08:00:00,0.6216241322522229
2019-02-26 09:00:00,0.6437939961166208
2019-02-26 10:00:00,0.6612800723337314
2019-02-26 11:00:00,0.6775456089617494
2019-02-26 12:00:00,0.7037869130673794
2019-02-26 13:00:00,0.7463371739442312
2019-02-26 14:00:00,0.7255576192585238
2019-02-26 15:00:00,0.7747929941787777
2019-02-26 16:00:00,0.8159318920381787
2019-02-26 17:00:00,0.8612748045000999
2019-02-26 18:00:00,0.8991293749527243
2019-02-26 19:00:00,0.9197536860669526
2019-02-26 20:00:00,0.9306232741582768
2019-02-26 21:00:00,0.9327184086245363
2019-02-26 22:00:00,0.9313101703215673
2019-02-26 23:00:00,0.9279278162124621
2019-02-27 00:00:00,0.9229632293907832
2019-02-27 01:00:00,0.9178461837395044
2019-02-27 02:00:00,0.9117225241113354
2019-02-27 03:00:00,0.9053983568213397
2019-02-27 04:00:00,0.8989870427753577
2019-02-27 05:00:00,0.8914654875594292
2019-02-27 06:00:00,0.8836520540672071
2019-02-27 07:00:00,0.8757620860571912
2019-02-27 08:00:00,0.867727642016612
2019-02-27 09:00:00,0.8562563303384023
2019-02-27 10:00:00,0.8408088646746374
2019-02-27 11:00:00,0.8217630780721425
2019-02-27 12:00:00,0.8025838998634487
2019-02-27 13:00:00,0.7923335913637997
2019-02-27 14:00:00,0.7854726974215962
2019-02-27 15:00:00,0.781495925222902
2019-02-27 16:00:00,0.7726021116868526
2019-02-27 17:00:00,0.7574763902989479
2019-02-27 18:00:00,0.7365503330606212
2019-02-27 19:00:00,0.7103552562616107
2019-02-27 20:00:00,0.6780980422335776
2019-02-27 21:00:00,0.6438550939760961
2019-02-27 22:00:00,0.6120605072340778
2019-02-27 23:00:00,0.5819222064024171
2019-02-28 00:00:00,0.5532800470594016
2019-02-28 01:00:00,0.526459898441643
2019-02-28 02:00:00,0.5008209626822259
2019-02-28 03:00:00,0.47582702912352254
2019-02-28 04:00:00,0.4510661726374875
2019-02-28 05:00:00,0.42882890416632424
2019-02-28 06:00:00,0.4079959405826521
2019-02-28 07:00:00,0.38884224740374795
2019-02-28 08:00:00,0.3718541428032041
2019-02-28 09:00:00,0.35724208389214984
2019-02-28 10:00:00,0.3447045039670071
2019-02-28 11:00:00,0.3329817385314659
2019-02-28 12:00:00,0.3221861140522401
2019-02-28 13:00:00,0.31298651177703085
2019-02-28 14:00:00,0.3061661835858821
2019-02-28 15:00:00,0.302170582128617
2019-02-28 16:00:00,0.30152394352831796
2019-02-28 17:00:00,0.3043851260088725
2019-02-28 18:00:00,0.3097692731576614
2019-02-28 19:00:00,0.31542000871807974
2019-02-28 20:00:00,0.3194718176292043
2019-02-28 21:00:00,0.32110039004498925
2019-02-28 22:00:00,0.320207360025301
2019-02-28 23:00:00,0.3172367244779365
2019-03-01 00:00:00,0.3135467887375865
2019-03-01 01:00:00,0.3104411228468421
2019-03-01 02:00:00,0.3073782748611137
2019-03-01 03:00:00,0.3033756963120316
2019-03-01 04:00:00,0.2997008655586148
2019-03-01 05:00:00,0.297134780102565
2019-03-01 06:00:00,0.2959522841966503
2019-03-01 07:00:00,0.2958978163202625
2019-03-01 08:00:00,0.2973343575930478
2019-03-01 09:00:00,0.29897274328411355
2019-03-01 10:00:00,0.30036320852413334
2019-03-01 11:00:00,0.30263978637487526
2019-03-01 12:00:00,0.3019358581269265
2019-03-01 13:00:00,0.30128821533635053
2019-03-01 14:00:00,0.29712625996103836
2019-03-01 15:00:00,0.2883792006124091
2019-03-01 16:00:00,0.2795402197298041
2019-03-01 17:00:00,0.2690256149838119
2019-03-01 18:00:00,0.2590753113393788
2019-03-01 19:00:00,0.25037108450244533
2019-03-01 20:00:00,0.24185075711230677
2019-03-01 21:00:00,0.2356153098133799
2019-03-01 22:00:00,0.23544435550189682
2019-03-01 23:00:00,0.2424389232391465
2019-03-02 00:00:00,0.2552448191873415
2019-03-02 01:00:00,0.271845877638101
2019-03-02 02:00:00,0.295577731969055
2019-03-02 03:00:00,0.3281575883343021
2019-03-02 04:00:00,0.3647705483318215
2019-03-02 05:00:00,0.40012767888022954
2019-03-02 06:00:00,0.4274322028854904
2019-03-02 07:00:00,0.44544939370622394
2019-03-02 08:00:00,0.457425907196823
2019-03-02 09:00:00,0.4679145497157629
2019-03-02 10:00:00,0.47109862285773363
2019-03-02 11:00:00,0.4684428981907716
2019-03-02 12:00:00,0.4657513336181671
2019-03-02 13:00:00,0.4641444159248229
2019-03-02 14:00:00,0.46235216207864105
2019-03-02 15:00:00,0.46218327520737046
2019-03-02 16:00:00,0.46061103456481267
2019-03-02 17:00:00,0.48069891673611165
2019-03-02 18:00:00,0.5035076723497564
2019-03-02 19:00:00,0.5104433150372383
2019-03-02 20:00:00,0.49363777798456654
2019-03-02 21:00:00,0.4816230224337435
2019-03-02 22:00:00,0.5161037968704129
2019-03-02 23:00:00,0.5690610789029162
2019-03-03 00:00:00,0.6249992856529853
2019-03-03 01:00:00,0.671562184700102
2019-03-03 02:00:00,0.7358897833309334
2019-03-03 03:00:00,0.865595077843953
2019-03-03 04:00:00,1.0
2019-03-03 05:00:00,1.0
2019-03-03 06:00:00,0.9988309545302
2019-03-03 07:00:00,1.0
2019-03-03 08:00:00,1.0
2019-03-03 09:00:00,1.0
2019-03-03 10:00:00,1.0
2019-03-03 11:00:00,1.0
2019-03-03 12:00:00,1.0
2019-03-03 13:00:00,0.9999999999999998
2019-03-03 14:00:00,1.0
2019-03-03 15:00:00,0.9991462766417607
2019-03-03 16:00:00,1.0
2019-03-03 17:00:00,0.9668473592210918
2019-03-03 18:00:00,0.9187431337800219
2019-03-03 19:00:00,0.8828565973903677
2019-03-03 20:00:00,0.8340783495472368
2019-03-03 21:00:00,0.7828138495188058
2019-03-03 22:00:00,0.7450396512275197
2019-03-03 23:00:00,0.7141605556218863
2019-03-04 00:00:00,0.6860225027576735
2019-03-04 01:00:00,0.6615028444541724
2019-03-04 02:00:00,0.6456821899588798
2019-03-04 03:00:00,0.637670052152611
2019-03-04 04:00:00,0.6261279756174838
2019-03-04 05:00:00,0.614793109252555
2019-03-04 06:00:00,0.6048757617842715
2019-03-04 07:00:00,0.5976364247319669
2019-03-04 08:00:00,0.5944204302899815
2019-03-04 09:00:00,0.6021718067127226
2019-03-04 10:00:00,0.6109239488424834
2019-03-04 11:00:00,0.6242630294637181
2019-03-04 12:00:00,0.6368987342777803
2019-03-04 13:00:00,0.6531903620696177
2019-03-04 14:00:00,0.6689777665078194
2019-03-04 15:00:00,0.6900647684788713
2019-03-04 16:00:00,0.7303620629895476
2019-03-04 17:00:00,0.7840476116530378
2019-03-04 18:00:00,0.8462023807523776
2019-03-04 19:00:00,0.8785050788732491
2019-03-04 20:00:00,0.8812287665481641
2019-03-04 21:00:00,0.8628976644363054
2019-03-04 22:00:00,0.830892597426242
2019-03-04 23:00:00,0.790290600376581
2019-03-05 00:00:00,0.7508592150292935
2019-03-05 01:00:00,0.7172273787469385
2019-03-05 02:00:00,0.686913372602714
2019-03-05 03:00:00,0.6638228130925925
2019-03-05 04:00:00,0.6408912188253694
2019-03-05 05:00:00,0.6164795839724743
2019-03-05 06:00:00,0.5917051170963986
2019-03-05 07:00:00,0.5672736297013324
2019-03-05 08:00:00,0.5440601251218571
2019-03-05 09:00:00,0.5226623223011168
2019-03-05 10:00:00,0.5028223295325487
2019-03-05 11:00:00,0.48747355298890427
2019-03-05 12:00:00,0.4730885445873057
2019-03-05 13:00:00,0.458916193584319
2019-03-05 14:00:00,0.447988417342527
2019-03-05 15:00:00,0.44027275042903397
2019-03-05 16:00:00,0.43582491272623913
2019-03-05 17:00:00,0.432379361001542
2019-03-05 18:00:00,0.4298297685414461
2019-03-05 19:00:00,0.4271345282717845
2019-03-05 20:00:00,0.4238198898837038
2019-03-05 21:00:00,0.4197948555961195
2019-03-05 22:00:00,0.4148970895302323
2019-03-05 23:00:00,0.4091166049830442
2019-03-06 00:00:00,0.40261406128078886
2019-03-06 01:00:00,0.3953203543513804
2019-03-06 02:00:00,0.3869101139724478
2019-03-06 03:00:00,0.37702520475458573
2019-03-06 04:00:00,0.36545243161995916
2019-03-06 05:00:00,0.3525170170251806
2019-03-06 06:00:00,0.33890905094449436
2019-03-06 07:00:00,0.32478727280869085
2019-03-06 08:00:00,0.3105183505226654
2019-03-06 09:00:00,0.29675309905819164
2019-03-06 10:00:00,0.27826133006142595
2019-03-06 11:00:00,0.257437962244066
2019-03-06 12:00:00,0.2374484300214022
2019-03-06 13:00:00,0.2203645655608184
2019-03-06 14:00:00,0.20890121688228994
2019-03-06 15:00:00,0.20090944167765656
2019-03-06 16:00:00,0.19637906077653078
2019-03-06 17:00:00,0.1966362963062736
2019-03-06 18:00:00,0.20419747462798363
2019-03-06 19:00:00,0.21689666085711912
2019-03-06 20:00:00,0.2292577981926867
2019-03-06 21:00:00,0.24992541160437554
2019-03-06 22:00:00,0.2722873367018817
2019-03-06 23:00:00,0.29220598146296317
2019-03-07 00:00:00,0.3146727313788668
2019-03-07 01:00:00,0.32996073634296436
2019-03-07 02:00:00,0.3487267675001635
2019-03-07 03:00:00,0.3738630712745897
2019-03-07 04:00:00,0.4274883426867541
2019-03-07 05:00:00,0.5222460581479935
2019-03-07 06:00:00,0.6246381741342002
2019-03-07 07:00:00,0.6695459378667381
2019-03-07 08:00:00,0.7165056767048212
2019-03-07 09:00:00,0.7690953197836793
2019-03-07 10:00:00,0.7943692904173243
2019-03-07 11:00:00,0.7989352749399955
2019-03-07 12:00:00,0.8045406089231664
2019-03-07 13:00:00,0.8149457454280895
2019-03-07 14:00:00,0.8176750151828334
2019-03-07 15:00:00,0.8126613255507352
2019-03-07 16:00:00,0.8063338618603826
2019-03-07 17:00:00,0.7818175747101794
2019-03-07 18:00:00,0.7332474074424186
2019-03-07 19:00:00,0.6965702335390263
2019-03-07 20:00:00,0.6751901297649854
2019-03-07 21:00:00,0.6583730076268344
2019-03-07 22:00:00,0.6437711072564235
2019-03-07 23:00:00,0.563448524232335
2019-03-08 00:00:00,0.47696864607940676
2019-03-08 01:00:00,0.3994227720672842
2019-03-08 02:00:00,0.337093401411299
2019-03-08 03:00:00,0.30225941265360423
2019-03-08 04:00:00,0.2677824476185221
2019-03-08 05:00:00,0.23787136271027595
2019-03-08 06:00:00,0.21344506984047532
2019-03-08 07:00:00,0.19297233679891837
2019-03-08 08:00:00,0.17644721080555348
2019-03-08 09:00:00,0.1664786857699617
2019-03-08 10:00:00,0.15848726054477025
2019-03-08 11:00:00,0.15146683154155105
2019-03-08 12:00:00,0.14664980760840624
2019-03-08 13:00:00,0.14333751664514266
2019-03-08 14:00:00,0.18095736074025495
2019-03-08 15:00:00,0.25467974946662136
2019-03-08 16:00:00,0.3162340281792235
2019-03-08 17:00:00,0.31850020554227526
2019-03-08 18:00:00,0.31789833892411573
2019-03-08 19:00:00,0.3353377079888789
2019-03-08 20:00:00,0.3402830526757197
2019-03-08 21:00:00,0.3573118337781754
2019-03-08 22:00:00,0.3723437843520602
2019-03-08 23:00:00,0.38208021626449706
2019-03-09 00:00:00,0.4378723949838706
2019-03-09 01:00:00,0.6772065637570297
2019-03-09 02:00:00,0.08074569999999959
2019-03-09 03:00:00,0.46003959999999994
2019-03-09 04:00:00,0.5898269999999997
2019-03-09 05:00:00,0.18824102044940078
2019-03-09 06:00:00,0.25891400000000075
2019-03-09 07:00:00,0.4778230000000008
2019-03-09 08:00:00,0.2546467098896007
2019-03-09 09:00:00,0.0
2019-03-09 10:00:00,0.14519699999999958
2019-03-09 11:00:00,0.2421807999999998
2019-03-09 12:00:00,0.19319059999999943
2019-03-09 13:00:00,0.4124099999999995
2019-03-09 14:00:00,0.3899650000000001
2019-03-09 15:00:00,0.4380664000000003
2019-03-09 16:00:00,0.9999999999999998
2019-03-09 17:00:00,1.0
2019-03-09 18:00:00,1.0
2019-03-09 19:00:00,1.0
2019-03-09 20:00:00,1.0
2019-03-09 21:00:00,0.9999999999999998
2019-03-09 22:00:00,1.0
2019-03-09 23:00:00,1.0
2019-03-10 00:00:00,1.0
2019-03-10 01:00:00,1.0
2019-03-10 02:00:00,1.0
2019-03-10 03:00:00,1.0
2019-03-10 04:00:00,1.0
2019-03-10 05:00:00,0.9999999999999998
2019-03-10 06:00:00,1.0
2019-03-10 07:00:00,1.0000000000000002
2019-03-10 08:00:00,0.998699773848504
2019-03-10 09:00:00,0.9964704342526525
2019-03-10 10:00:00,0.9948045504494153
2019-03-10 11:00:00,0.9934837034147792
2019-03-10 12:00:00,0.9919472076935231
2019-03-10 13:00:00,0.9800382381141469
2019-03-10 14:00:00,0.9494338208507117
2019-03-10 15:00:00,0.9209510126336024
2019-03-10 16:00:00,0.8948751685440364
2019-03-10 17:00:00,0.8716960120179797
2019-03-10 18:00:00,0.8565763007796616
2019-03-10 19:00:00,0.8499315893053623
2019-03-10 20:00:00,0.8519447253850079
2019-03-10 21:00:00,0.8498589291096025
2019-03-10 22:00:00,0.8769284409684076
2019-03-10 23:00:00,0.8937251614799834
2019-03-11 00:00:00,0.8799393318371754
2019-03-11 01:00:00,0.8881590259493948
2019-03-11 02:00:00,0.954491392465799
2019-03-11 03:00:00,0.9941589587606149
2019-03-11 04:00:00,0.9955205658457108
2019-03-11 05:00:00,0.9973850994303521
2019-03-11 06:00:00,0.9990997545946548
2019-03-11 07:00:00,1.0
2019-03-11 08:00:00,1.0
2019-03-11 09:00:00,1.0
2019-03-11 10:00:00,1.0
2019-03-11 11:00:00,1.0
2019-03-11 12:00:00,1.0
2019-03-11 13:00:00,1.0
2019-03-11 14:00:00,1.0
2019-03-11 15:00:00,1.0000000000000002
2019-03-11 16:00:00,1.0
2019-03-11 17:00:00,0.9999999999999998
2019-03-11 18:00:00,1.0
2019-03-11 19:00:00,1.0
2019-03-11 20:00:00,1.0
2019-03-11 21:00:00,0.9986743605274065
2019-03-11 22:00:00,0.9987405463736583
2019-03-11 23:00:00,1.0
2019-03-12 00:00:00,1.0
2019-03-12 01:00:00,0.998920486655323
2019-03-12 02:00:00,0.9977482621389
2019-03-12 03:00:00,1.0
2019-03-12 04:00:00,0.9967730480474908
2019-03-12 05:00:00,0.997936473855963
2019-03-12 06:00:00,0.9990979362358148
2019-03-12 07:00:00,1.0
2019-03-12 08:00:00,1.0
2019-03-12 09:00:00,1.0
2019-03-12 10:00:00,1.0
2019-03-12 11:00:00,1.0
2019-03-12 12:00:00,1.0
2019-03-12 13:00:00,1.0
2019-03-12 14:00:00,0.9999999999999998
2019-03-12 15:00:00,1.0
2019-03-12 16:00:00,1.0
2019-03-12 17:00:00,0.7652491999999995
2019-03-12 18:00:00,0.2622359999999997
2019-03-12 19:00:00,0.620844
2019-03-12 20:00:00,1.0
2019-03-12 21:00:00,1.0
2019-03-12 22:00:00,1.0
2019-03-12 23:00:00,1.0
2019-03-13 00:00:00,1.0000000000000002
2019-03-13 01:00:00,1.0
2019-03-13 02:00:00,1.0000000000000002
2019-03-13 03:00:00,1.0
2019-03-13 04:00:00,1.0
2019-03-13 05:00:00,1.0
2019-03-13 06:00:00,1.0
2019-03-13 07:00:00,1.0
2019-03-13 08:00:00,1.0
2019-03-13 09:00:00,1.0
2019-03-13 10:00:00,1.0
2019-03-13 11:00:00,1.0
2019-03-13 12:00:00,1.0
2019-03-13 13:00:00,1.0
2019-03-13 14:00:00,1.0
2019-03-13 15:00:00,1.0
2019-03-13 16:00:00,1.0
2019-03-13 17:00:00,0.9999999999999998
2019-03-13 18:00:00,1.0
2019-03-13 19:00:00,1.0
2019-03-13 20:00:00,1.0
2019-03-13 21:00:00,0.9999999999999998
2019-03-13 22:00:00,0.9992297270070568
2019-03-13 23:00:00,0.9978797428248378
2019-03-14 00:00:00,0.9960112051689604
2019-03-14 01:00:00,0.9565405863144079
2019-03-14 02:00:00,0.9587991478711712
2019-03-14 03:00:00,0.9957998098410296
2019-03-14 04:00:00,0.9868875986989589
2019-03-14 05:00:00,0.9847156246722621
2019-03-14 06:00:00,0.9636764752799046
2019-03-14 07:00:00,0.9385343487024657
2019-03-14 08:00:00,0.9295836984750806
2019-03-14 09:00:00,0.9647843797646415
2019-03-14 10:00:00,0.9736335517776872
2019-03-14 11:00:00,0.9731872752580097
2019-03-14 12:00:00,0.971834824383233
2019-03-14 13:00:00,0.9595455447940032
2019-03-14 14:00:00,0.9527917912944595
2019-03-14 15:00:00,0.9486075809869798
2019-03-14 16:00:00,0.9518635178568676
2019-03-14 17:00:00,0.9611107774596728
2019-03-14 18:00:00,0.9764017785150088
2019-03-14 19:00:00,0.9963274105166033
2019-03-14 20:00:00,0.998499126554503
2019-03-14 21:00:00,1.0
2019-03-14 22:00:00,1.0
2019-03-14 23:00:00,1.0
2019-03-15 00:00:00,1.0
2019-03-15 01:00:00,1.0
2019-03-15 02:00:00,1.0000000000000002
2019-03-15 03:00:00,1.0
2019-03-15 04:00:00,1.0
2019-03-15 05:00:00,0.9997144129307375
2019-03-15 06:00:00,0.9990566503680743
2019-03-15 07:00:00,0.9994437076540745
2019-03-15 08:00:00,1.0
2019-03-15 09:00:00,1.0000000000000002
2019-03-15 10:00:00,1.0
2019-03-15 11:00:00,0.9981417104642077
2019-03-15 12:00:00,1.0
2019-03-15 13:00:00,1.0
2019-03-15 14:00:00,1.0
2019-03-15 15:00:00,0.9999999999999998
2019-03-15 16:00:00,1.0
2019-03-15 17:00:00,1.0
2019-03-15 18:00:00,0.986490016804
2019-03-15 19:00:00,0.9173963722511999
2019-03-15 20:00:00,0.9144789199908001
2019-03-15 21:00:00,1.0
2019-03-15 22:00:00,1.0
2019-03-15 23:00:00,1.0
2019-03-16 00:00:00,1.0
2019-03-16 01:00:00,1.0
2019-03-16 02:00:00,1.0
2019-03-16 03:00:00,0.9968832654374633
2019-03-16 04:00:00,0.9923197667880609
2019-03-16 05:00:00,0.9890334519396075
2019-03-16 06:00:00,0.9710635890278614
2019-03-16 07:00:00,0.9351415712640787
2019-03-16 08:00:00,0.9099189247938978
2019-03-16 09:00:00,0.893101754416099
2019-03-16 10:00:00,0.8767130301320399
2019-03-16 11:00:00,0.8609974876023926
2019-03-16 12:00:00,0.8338805230773256
2019-03-16 13:00:00,0.8055054267040545
2019-03-16 14:00:00,0.7775570265998292
2019-03-16 15:00:00,0.7515349760241906
2019-03-16 16:00:00,0.7289646396296429
2019-03-16 17:00:00,0.7109836202169612
2019-03-16 18:00:00,0.6981593104783242
2019-03-16 19:00:00,0.6895869483164154
2019-03-16 20:00:00,0.6839167436630933
2019-03-16 21:00:00,0.6796248537483897
2019-03-16 22:00:00,0.6734379717846141
2019-03-16 23:00:00,0.6649918105096883
2019-03-17 00:00:00,0.6542318609050232
2019-03-17 01:00:00,0.640709980434447
2019-03-17 02:00:00,0.6294126918518551
2019-03-17 03:00:00,0.6280063996964241
2019-03-17 04:00:00,0.6284348703122449
2019-03-17 05:00:00,0.6326962735898023
2019-03-17 06:00:00,0.6243501312459624
2019-03-17 07:00:00,0.6243851590473726
2019-03-17 08:00:00,0.6518948000695951
2019-03-17 09:00:00,0.7228235471694361
2019-03-17 10:00:00,0.8959716334442732
2019-03-17 11:00:00,0.9761729481894333
2019-03-17 12:00:00,0.9848479269545253
2019-03-17 13:00:00,0.9881426001788725
2019-03-17 14:00:00,0.9892330520858775
2019-03-17 15:00:00,0.9888003514962538
2019-03-17 16:00:00,0.9854422550470741
2019-03-17 17:00:00,0.9787067500016512
2019-03-17 18:00:00,0.9692095517889684
2019-03-17 19:00:00,0.9317783330980279
2019-03-17 20:00:00,0.8800002753624089
2019-03-17 21:00:00,0.8243649511808454
2019-03-17 22:00:00,0.7648831859395929
2019-03-17 23:00:00,0.7206386596942221
2019-03-18 00:00:00,0.6870977281483049
2019-03-18 01:00:00,0.656139517444343
2019-03-18 02:00:00,0.6304896930918921
2019-03-18 03:00:00,0.6067993112626092
2019-03-18 04:00:00,0.5819867065215176
2019-03-18 05:00:00,0.5579428431284328
2019-03-18 06:00:00,0.5353898482408035
2019-03-18 07:00:00,0.5141890308947051
2019-03-18 08:00:00,0.49336755852759334
2019-03-18 09:00:00,0.47227605308100956
2019-03-18 10:00:00,0.4515943814112293
2019-03-18 11:00:00,0.4318279449740986
2019-03-18 12:00:00,0.41217629018334717
2019-03-18 13:00:00,0.391278881283857
2019-03-18 14:00:00,0.3696003085238179
2019-03-18 15:00:00,0.3476887945437968
2019-03-18 16:00:00,0.32591328172415396
2019-03-18 17:00:00,0.30474932146944084
2019-03-18 18:00:00,0.28365001869518497
2019-03-18 19:00:00,0.26266709416881134
2019-03-18 20:00:00,0.2422242547769313
2019-03-18 21:00:00,0.2261653739308999
2019-03-18 22:00:00,0.216924352620863
2019-03-18 23:00:00,0.21714011457394916
2019-03-19 00:00:00,0.22828363431802992
2019-03-19 01:00:00,0.25161487273754546
2019-03-19 02:00:00,0.28591523101301175
2019-03-19 03:00:00,0.3269081399473967
2019-03-19 04:00:00,0.36357088965948925
2019-03-19 05:00:00,0.39461708260956785
2019-03-19 06:00:00,0.4252563223700788
2019-03-19 07:00:00,0.45070790029729935
2019-03-19 08:00:00,0.47051997898006265
2019-03-19 09:00:00,0.48252618474597353
2019-03-19 10:00:00,0.49074986427624506
2019-03-19 11:00:00,0.5056804995206596
2019-03-19 12:00:00,0.5319740415170121
2019-03-19 13:00:00,0.6303020438916693
2019-03-19 14:00:00,0.6918976067347142
2019-03-19 15:00:00,0.764295638972934
2019-03-19 16:00:00,0.7440918207809826
2019-03-19 17:00:00,0.733794950822669
2019-03-19 18:00:00,0.7383964981242266
2019-03-19 19:00:00,0.7661160930688774
2019-03-19 20:00:00,0.8246303144747863
2019-03-19 21:00:00,0.8920990969298428
2019-03-19 22:00:00,0.9526414597793064
2019-03-19 23:00:00,0.9850272649245868
2019-03-20 00:00:00,0.9949328827513038
2019-03-20 01:00:00,1.0
2019-03-20 02:00:00,1.0
2019-03-20 03:00:00,1.0
2019-03-20 04:00:00,1.0
2019-03-20 05:00:00,1.0
2019-03-20 06:00:00,1.0
2019-03-20 07:00:00,1.0
2019-03-20 08:00:00,1.0
2019-03-20 09:00:00,1.0
2019-03-20 10:00:00,1.0
2019-03-20 11:00:00,1.0
2019-03-20 12:00:00,1.0
2019-03-20 13:00:00,1.0
2019-03-20 14:00:00,1.0
2019-03-20 15:00:00,0.9999999999999998
2019-03-20 16:00:00,1.0
2019-03-20 17:00:00,1.0
2019-03-20 18:00:00,1.0000000000000002
2019-03-20 19:00:00,1.0
2019-03-20 20:00:00,0.9999999999999998
2019-03-20 21:00:00,1.0
2019-03-20 22:00:00,1.0
2019-03-20 23:00:00,1.0
2019-03-21 00:00:00,1.0
2019-03-21 01:00:00,1.0
2019-03-21 02:00:00,1.0
2019-03-21 03:00:00,1.0
2019-03-21 04:00:00,1.0
2019-03-21 05:00:00,0.9999999999999998
2019-03-21 06:00:00,1.0
2019-03-21 07:00:00,1.0000000000000002
2019-03-21 08:00:00,0.9984301141439036
2019-03-21 09:00:00,0.9975600858257153
2019-03-21 10:00:00,0.9969880691763675
2019-03-21 11:00:00,0.9965848465312874
2019-03-21 12:00:00,0.9744237247156169
2019-03-21 13:00:00,0.9522683459237989
2019-03-21 14:00:00,0.9318733456804014
2019-03-21 15:00:00,0.9127383323416319
2019-03-21 16:00:00,0.8955100758102157
2019-03-21 17:00:00,0.8706439873146029
2019-03-21 18:00:00,0.8346003817648735
2019-03-21 19:00:00,0.79634912001331
2019-03-21 20:00:00,0.759219214679649
2019-03-21 21:00:00,0.7264926445777891
2019-03-21 22:00:00,0.7066104122688245
2019-03-21 23:00:00,0.6866145645964711
2019-03-22 00:00:00,0.6645636959981863
2019-03-22 01:00:00,0.6396601235245024
2019-03-22 02:00:00,0.6099755170149496
2019-03-22 03:00:00,0.580361149944457
2019-03-22 04:00:00,0.5520937479280421
2019-03-22 05:00:00,0.5476495138675563
2019-03-22 06:00:00,0.6179614632635784
2019-03-22 07:00:00,0.7054927799750503
2019-03-22 08:00:00,0.8932526750155169
2019-03-22 09:00:00,0.9870379292544127
2019-03-22 10:00:00,0.9995332697734195
2019-03-22 11:00:00,1.0
2019-03-22 12:00:00,1.0
2019-03-22 13:00:00,1.0
2019-03-22 14:00:00,1.0
2019-03-22 15:00:00,1.0
2019-03-22 16:00:00,1.0
2019-03-22 17:00:00,1.0
2019-03-22 18:00:00,1.0
2019-03-22 19:00:00,0.0
2019-03-22 20:00:00,0.0
2019-03-22 21:00:00,0.0
2019-03-22 22:00:00,0.0
2019-03-22 23:00:00,0.0
2019-03-23 00:00:00,0.0
2019-03-23 01:00:00,0.0
2019-03-23 02:00:00,0.0
2019-03-23 03:00:00,0.0
2019-03-23 04:00:00,0.0
2019-03-23 05:00:00,0.0
2019-03-23 06:00:00,0.0
2019-03-23 07:00:00,0.0
2019-03-23 08:00:00,0.0
2019-03-23 09:00:00,0.0
2019-03-23 10:00:00,0.0
2019-03-23 11:00:00,0.0
2019-03-23 12:00:00,0.0
2019-03-23 13:00:00,0.0
2019-03-23 14:00:00,0.0
2019-03-23 15:00:00,0.2850275999999994
2019-03-23 16:00:00,0.6845750000000006
2019-03-23 17:00:00,1.0
2019-03-23 18:00:00,1.0
2019-03-23 19:00:00,1.0
2019-03-23 20:00:00,1.0
2019-03-23 21:00:00,1.0
2019-03-23 22:00:00,1.0
2019-03-23 23:00:00,1.0
2019-03-24 00:00:00,1.0
2019-03-24 01:00:00,1.0
2019-03-24 02:00:00,1.0
2019-03-24 03:00:00,1.0
2019-03-24 04:00:00,1.0
2019-03-24 05:00:00,1.0
2019-03-24 06:00:00,1.0
2019-03-24 07:00:00,1.0
2019-03-24 08:00:00,1.0
2019-03-24 09:00:00,1.0
2019-03-24 10:00:00,1.0
2019-03-24 11:00:00,1.0
2019-03-24 12:00:00,1.0
2019-03-24 13:00:00,0.9999999999999998
2019-03-24 14:00:00,1.0
2019-03-24 15:00:00,0.9912767999999995
2019-03-24 16:00:00,0.5759399999999991
2019-03-24 17:00:00,0.0
2019-03-24 18:00:00,0.0
2019-03-24 19:00:00,0.0
2019-03-24 20:00:00,0.0
2019-03-24 21:00:00,0.0
2019-03-24 22:00:00,0.1183014
2019-03-24 23:00:00,0.5763379999999998
2019-03-25 00:00:00,1.0
2019-03-25 01:00:00,1.0
2019-03-25 02:00:00,0.9999999999999998
2019-03-25 03:00:00,1.0
2019-03-25 04:00:00,1.0
2019-03-25 05:00:00,1.0
2019-03-25 06:00:00,1.0
2019-03-25 07:00:00,0.9999999999999998
2019-03-25 08:00:00,0.9999999999999998
2019-03-25 09:00:00,1.0
2019-03-25 10:00:00,1.0
2019-03-25 11:00:00,1.0
2019-03-25 12:00:00,1.0
2019-03-25 13:00:00,1.0
2019-03-25 14:00:00,0.987791105613415
2019-03-25 15:00:00,0.9587689283240842
2019-03-25 16:00:00,0.9300604998656623
2019-03-25 17:00:00,0.9013023399793455
2019-03-25 18:00:00,0.8679048806847453
2019-03-25 19:00:00,0.8238269360353041
2019-03-25 20:00:00,0.7811909107572538
2019-03-25 21:00:00,0.74458528039893
2019-03-25 22:00:00,0.7108655127560782
2019-03-25 23:00:00,0.6809683528566594
2019-03-26 00:00:00,0.6661810905619244
2019-03-26 01:00:00,0.6637178674989441
2019-03-26 02:00:00,0.6636455364432646
2019-03-26 03:00:00,0.6626476375504964
2019-03-26 04:00:00,0.6651942070588946
2019-03-26 05:00:00,0.6485482273612486
2019-03-26 06:00:00,0.6521905464771325
2019-03-26 07:00:00,0.672116852044492
2019-03-26 08:00:00,0.7464321529379087
2019-03-26 09:00:00,0.8350018025974124
2019-03-26 10:00:00,0.9351638350795987
2019-03-26 11:00:00,0.8578125360562584
2019-03-26 12:00:00,0.9901457907607256
2019-03-26 13:00:00,1.0
2019-03-26 14:00:00,1.0
2019-03-26 15:00:00,0.9999999999999998
2019-03-26 16:00:00,1.0
2019-03-26 17:00:00,1.0
2019-03-26 18:00:00,1.0
2019-03-26 19:00:00,1.0
2019-03-26 20:00:00,1.0
2019-03-26 21:00:00,1.0
2019-03-26 22:00:00,1.0
2019-03-26 23:00:00,1.0000000000000002
2019-03-27 00:00:00,0.9999352721898521
2019-03-27 01:00:00,0.9946203077215604
2019-03-27 02:00:00,0.9877396342915536
2019-03-27 03:00:00,0.9720517018204466
2019-03-27 04:00:00,0.942766721629808
2019-03-27 05:00:00,0.9150969801905775
2019-03-27 06:00:00,0.8928708221025793
2019-03-27 07:00:00,0.8737125921272696
2019-03-27 08:00:00,0.8509557471904924
2019-03-27 09:00:00,0.8235532232652639
2019-03-27 10:00:00,0.8002147833497342
2019-03-27 11:00:00,0.79016079669364
2019-03-27 12:00:00,0.7861196623482822
2019-03-27 13:00:00,0.788944555070561
2019-03-27 14:00:00,0.7964617585635755
2019-03-27 15:00:00,0.7811059504588098
2019-03-27 16:00:00,0.7584657270316578
2019-03-27 17:00:00,0.7571074573724171
2019-03-27 18:00:00,0.7367237450455205
2019-03-27 19:00:00,0.7044970668005887
2019-03-27 20:00:00,0.6922859488553124
2019-03-27 21:00:00,0.6896516859859029
2019-03-27 22:00:00,0.68922310557609
2019-03-27 23:00:00,0.6971550104501948
2019-03-28 00:00:00,0.7281162280810434
2019-03-28 01:00:00,0.7548830252630973
2019-03-28 02:00:00,0.7790368131744596
2019-03-28 03:00:00,0.8031417492388749
2019-03-28 04:00:00,0.8205510920317722
2019-03-28 05:00:00,0.837481893314577
2019-03-28 06:00:00,0.8647654519587902
2019-03-28 07:00:00,0.9329169563443657
2019-03-28 08:00:00,0.9168300519445278
2019-03-28 09:00:00,0.9889526055334913
2019-03-28 10:00:00,1.0
2019-03-28 11:00:00,1.0
2019-03-28 12:00:00,1.0
2019-03-28 13:00:00,1.0
2019-03-28 14:00:00,1.0
2019-03-28 15:00:00,1.0
2019-03-28 16:00:00,1.0
2019-03-28 17:00:00,1.0
2019-03-28 18:00:00,1.0
2019-03-28 19:00:00,1.0
2019-03-28 20:00:00,1.0
2019-03-28 21:00:00,1.0
2019-03-28 22:00:00,1.0
2019-03-28 23:00:00,1.0
2019-03-29 00:00:00,1.0
2019-03-29 01:00:00,1.0
2019-03-29 02:00:00,1.0
2019-03-29 03:00:00,1.0
2019-03-29 04:00:00,0.9999999999999998
2019-03-29 05:00:00,1.0
2019-03-29 06:00:00,1.0
2019-03-29 07:00:00,1.0
2019-03-29 08:00:00,1.0
2019-03-29 09:00:00,0.9999999999999998
2019-03-29 10:00:00,1.0
2019-03-29 11:00:00,1.0
2019-03-29 12:00:00,1.0000000000000002
2019-03-29 13:00:00,1.0
2019-03-29 14:00:00,1.0
2019-03-29 15:00:00,0.9999999999999998
2019-03-29 16:00:00,1.0
2019-03-29 17:00:00,1.0
2019-03-29 18:00:00,1.0
2019-03-29 19:00:00,1.0000000000000002
2019-03-29 20:00:00,1.0000000000000002
2019-03-29 21:00:00,0.9994170021386721
2019-03-29 22:00:00,0.9989020531064203
2019-03-29 23:00:00,0.998183852680032
2019-03-30 00:00:00,0.9976533755034442
2019-03-30 01:00:00,0.9973076667971439
2019-03-30 02:00:00,0.9971645027743896
2019-03-30 03:00:00,0.997860944564761
2019-03-30 04:00:00,0.999385673651141
2019-03-30 05:00:00,0.9999999999999998
2019-03-30 06:00:00,1.0
2019-03-30 07:00:00,1.0
2019-03-30 08:00:00,1.0
2019-03-30 09:00:00,1.0
2019-03-30 10:00:00,0.9997087909973154
2019-03-30 11:00:00,0.9981483781505512
2019-03-30 12:00:00,0.9996886353590858
2019-03-30 13:00:00,1.0
2019-03-30 14:00:00,1.0
2019-03-30 15:00:00,1.0000000000000002
2019-03-30 16:00:00,1.0
2019-03-30 17:00:00,1.0
2019-03-30 18:00:00,1.0000000000000002
2019-03-30 19:00:00,1.0
2019-03-30 20:00:00,1.0
2019-03-30 21:00:00,1.0
2019-03-30 22:00:00,1.0
2019-03-30 23:00:00,1.0000000000000002
2019-03-31 00:00:00,0.9886809303945578
2019-03-31 01:00:00,0.9678534781065239
2019-03-31 02:00:00,0.9465691655370716
2019-03-31 03:00:00,0.9256131701692216
2019-03-31 04:00:00,0.9054074021459873
2019-03-31 05:00:00,0.8861043541570389
2019-03-31 06:00:00,0.8647595777314349
2019-03-31 07:00:00,0.834946781382427
2019-03-31 08:00:00,0.8073081113077712
2019-03-31 09:00:00,0.7815062687865622
2019-03-31 10:00:00,0.7571365576235461
2019-03-31 11:00:00,0.7352540581759041
2019-03-31 12:00:00,0.7158086022057015
2019-03-31 13:00:00,0.6980938306879847
2019-03-31 14:00:00,0.681563213570969
2019-03-31 15:00:00,0.6704799247279686
2019-03-31 16:00:00,0.6620917936131516
2019-03-31 17:00:00,0.6518056849354836
2019-03-31 18:00:00,0.6369811143032933
2019-03-31 19:00:00,0.6197496062623619
2019-03-31 20:00:00,0.599323658084782
2019-03-31 21:00:00,0.5760631934384998
2019-03-31 22:00:00,0.5565619751743149
2019-03-31 23:00:00,0.5390651534649268
2019-04-01 00:00:00,0.5268454195525228
2019-04-01 01:00:00,0.5185393482205333
2019-04-01 02:00:00,0.5130637325638373
2019-04-01 03:00:00,0.5087716058484859
2019-04-01 04:00:00,0.5066758836064493
2019-04-01 05:00:00,0.5047794344618615
2019-04-01 06:00:00,0.5070820764422695
2019-04-01 07:00:00,0.50907333525382
2019-04-01 08:00:00,0.5154606929510995
2019-04-01 09:00:00,0.5257574023084517
2019-04-01 10:00:00,0.5315009216191152
2019-04-01 11:00:00,0.5349663986309052
2019-04-01 12:00:00,0.5424662631236975
2019-04-01 13:00:00,0.5568091499480549
2019-04-01 14:00:00,0.5703936079955473
2019-04-01 15:00:00,0.5833480298507311
2019-04-01 16:00:00,0.5919523604142263
2019-04-01 17:00:00,0.6161630097757457
2019-04-01 18:00:00,0.6488715160280613
2019-04-01 19:00:00,0.6817669767926848
2019-04-01 20:00:00,0.7052163816940534
2019-04-01 21:00:00,0.715411494314002
2019-04-01 22:00:00,0.733864943042131
2019-04-01 23:00:00,0.7547740455253173
2019-04-02 00:00:00,0.7492685191684348
2019-04-02 01:00:00,0.7307196367609627
2019-04-02 02:00:00,0.7151435914061348
2019-04-02 03:00:00,0.7037916399563524
2019-04-02 04:00:00,0.6852814686049964
2019-04-02 05:00:00,0.6751138439457572
2019-04-02 06:00:00,0.6692047775935138
2019-04-02 07:00:00,0.6685104348474777
2019-04-02 08:00:00,0.6754268387693425
2019-04-02 09:00:00,0.6912983390885415
2019-04-02 10:00:00,0.7156257786899652
2019-04-02 11:00:00,0.7426056063109273
2019-04-02 12:00:00,0.7674250312537885
2019-04-02 13:00:00,0.7869572718461781
2019-04-02 14:00:00,0.7992171985874631
2019-04-02 15:00:00,0.8022072960953411
2019-04-02 16:00:00,0.8346594021854005
2019-04-02 17:00:00,0.8878544022246281
2019-04-02 18:00:00,0.9431863579252718
2019-04-02 19:00:00,0.9806853902591144
2019-04-02 20:00:00,1.0
2019-04-02 21:00:00,0.9912880323707034
2019-04-02 22:00:00,0.9941268050273283
2019-04-02 23:00:00,1.0
2019-04-03 00:00:00,0.9788610000000002
2019-04-03 01:00:00,0.9274000000000004
2019-04-03 02:00:00,0.8952740000000006
2019-04-03 03:00:00,0.8528199999999994
2019-04-03 04:00:00,0.7762919999999998
2019-04-03 05:00:00,0.760453
2019-04-03 06:00:00,0.8440209999999997
2019-04-03 07:00:00,1.0
2019-04-03 08:00:00,1.0
2019-04-03 09:00:00,1.0
2019-04-03 10:00:00,1.0
2019-04-03 11:00:00,1.0
2019-04-03 12:00:00,1.0
2019-04-03 13:00:00,1.0
2019-04-03 14:00:00,1.0
2019-04-03 15:00:00,1.0
2019-04-03 16:00:00,0.9832040865453042
2019-04-03 17:00:00,0.9585203685583369
2019-04-03 18:00:00,0.9364536948195584
2019-04-03 19:00:00,0.9140149583535611
2019-04-03 20:00:00,0.8890774511488966
2019-04-03 21:00:00,0.8363290454381445
2019-04-03 22:00:00,0.7758079353458364
2019-04-03 23:00:00,0.7141613413035545
2019-04-04 00:00:00,0.6542196134496044
2019-04-04 01:00:00,0.6032964845908805
2019-04-04 02:00:00,0.5601014906523902
2019-04-04 03:00:00,0.5243958422544431
2019-04-04 04:00:00,0.49480325311287404
2019-04-04 05:00:00,0.472934409137976
2019-04-04 06:00:00,0.45873780686335364
2019-04-04 07:00:00,0.44280592589003454
2019-04-04 08:00:00,0.42709749715579814
2019-04-04 09:00:00,0.40763927443293374
2019-04-04 10:00:00,0.3765730531209695
2019-04-04 11:00:00,0.35293669905895075
2019-04-04 12:00:00,0.3297011282846668
2019-04-04 13:00:00,0.30739769673614087
2019-04-04 14:00:00,0.2898318523045159
2019-04-04 15:00:00,0.2731701989988761
2019-04-04 16:00:00,0.2584876547921354
2019-04-04 17:00:00,0.2498478679776973
2019-04-04 18:00:00,0.24700870018413634
2019-04-04 19:00:00,0.24497446663793776
2019-04-04 20:00:00,0.2408929749658493
2019-04-04 21:00:00,0.23534862163254006
2019-04-04 22:00:00,0.22861721871847723
2019-04-04 23:00:00,0.21968798367291906
2019-04-05 00:00:00,0.21181968633242917
2019-04-05 01:00:00,0.2064789915988766
2019-04-05 02:00:00,0.20252019204426547
2019-04-05 03:00:00,0.20134696761042273
2019-04-05 04:00:00,0.20397439645069235
2019-04-05 05:00:00,0.21076216704914402
2019-04-05 06:00:00,0.22140417207171464
2019-04-05 07:00:00,0.23550188846925335
2019-04-05 08:00:00,0.24636825972524606
2019-04-05 09:00:00,0.2559624346605387
2019-04-05 10:00:00,0.267447206403948
2019-04-05 11:00:00,0.28140955220306363
2019-04-05 12:00:00,0.29780157870473045
2019-04-05 13:00:00,0.3154140578758113
2019-04-05 14:00:00,0.3339537753093609
2019-04-05 15:00:00,0.35349035361122666
2019-04-05 16:00:00,0.3764335754959636
2019-04-05 17:00:00,0.399396424290947
2019-04-05 18:00:00,0.42115971285344367
2019-04-05 19:00:00,0.4404758904480184
2019-04-05 20:00:00,0.45598736078843716
2019-04-05 21:00:00,0.4665121770811295
2019-04-05 22:00:00,0.47128386265384686
2019-04-05 23:00:00,0.470481592419051
2019-04-06 00:00:00,0.4647471434760987
2019-04-06 01:00:00,0.45436793065518233
2019-04-06 02:00:00,0.44000642589996536
2019-04-06 03:00:00,0.42274874520205563
2019-04-06 04:00:00,0.40354382390688026
2019-04-06 05:00:00,0.3830596980690006
2019-04-06 06:00:00,0.3623621970791741
2019-04-06 07:00:00,0.3423577147064908
2019-04-06 08:00:00,0.3237517481718815
2019-04-06 09:00:00,0.30587132284009133
2019-04-06 10:00:00,0.2894304046344617
2019-04-06 11:00:00,0.27504805151385797
2019-04-06 12:00:00,0.26638731495203505
2019-04-06 13:00:00,0.2625914076397012
2019-04-06 14:00:00,0.2520644072948521
2019-04-06 15:00:00,0.23252331427740056
2019-04-06 16:00:00,0.21593821618716855
2019-04-06 17:00:00,0.20208680535519677
2019-04-06 18:00:00,0.18935920771278927
2019-04-06 19:00:00,0.17730859478932928
2019-04-06 20:00:00,0.16710661508212332
2019-04-06 21:00:00,0.1594430148176939
2019-04-06 22:00:00,0.1545780488369039
2019-04-06 23:00:00,0.15106820429059153
2019-04-07 00:00:00,0.1463967855359692
2019-04-07 01:00:00,0.14114201586844954
2019-04-07 02:00:00,0.13757871545790606
2019-04-07 03:00:00,0.13506320056728185
2019-04-07 04:00:00,0.13521968708918822
2019-04-07 05:00:00,0.1389284086708258
2019-04-07 06:00:00,0.1462742198923229
2019-04-07 07:00:00,0.15489540117880035
2019-04-07 08:00:00,0.16258678032297444
2019-04-07 09:00:00,0.17182513594163018
2019-04-07 10:00:00,0.17874837157147586
2019-04-07 11:00:00,0.18333187128279518
2019-04-07 12:00:00,0.1851332801591782
2019-04-07 13:00:00,0.1852440475287296
2019-04-07 14:00:00,0.18571649833815848
2019-04-07 15:00:00,0.1876663423863497
2019-04-07 16:00:00,0.19122388269407686
2019-04-07 17:00:00,0.19753935663269073
2019-04-07 18:00:00,0.20677493440403635
2019-04-07 19:00:00,0.21629679332070623
2019-04-07 20:00:00,0.22264435643605526
2019-04-07 21:00:00,0.22282088782693177
2019-04-07 22:00:00,0.21706807739419595
2019-04-07 23:00:00,0.20980357170008046
2019-04-08 00:00:00,0.20485725126997398
2019-04-08 01:00:00,0.2038443438483315
2019-04-08 02:00:00,0.20767484921724788
2019-04-08 03:00:00,0.21642283089570322
2019-04-08 04:00:00,0.22956929558008696
2019-04-08 05:00:00,0.24521158321111286
2019-04-08 06:00:00,0.2621544513992571
2019-04-08 07:00:00,0.2781486246163762
2019-04-08 08:00:00,0.2903430230768654
2019-04-08 09:00:00,0.29812742962551586
2019-04-08 10:00:00,0.30173550441383884
2019-04-08 11:00:00,0.3014336531051238
2019-04-08 12:00:00,0.29894682882609996
2019-04-08 13:00:00,0.2960360831155892
2019-04-08 14:00:00,0.2939225236263696
2019-04-08 15:00:00,0.29171613267759366
2019-04-08 16:00:00,0.28790972433271717
2019-04-08 17:00:00,0.28324117150991623
2019-04-08 18:00:00,0.27801785464138307
2019-04-08 19:00:00,0.27151498383580835
2019-04-08 20:00:00,0.26278741220240576
2019-04-08 21:00:00,0.25151752670865424
2019-04-08 22:00:00,0.2442449655385948
2019-04-08 23:00:00,0.23601429842153726
2019-04-09 00:00:00,0.22624191774199887
2019-04-09 01:00:00,0.21484704366810395
2019-04-09 02:00:00,0.20452814013055418
2019-04-09 03:00:00,0.19636484742609717
2019-04-09 04:00:00,0.18972918467737795
2019-04-09 05:00:00,0.1843825609550702
2019-04-09 06:00:00,0.17988169725801106
2019-04-09 07:00:00,0.1758139503807224
2019-04-09 08:00:00,0.17143156801228945
2019-04-09 09:00:00,0.1666767529450768
2019-04-09 10:00:00,0.1630330944390732
2019-04-09 11:00:00,0.15942192913730752
2019-04-09 12:00:00,0.1554002886546233
2019-04-09 13:00:00,0.1511965725302406
2019-04-09 14:00:00,0.14711671556368852
2019-04-09 15:00:00,0.14333622043099292
2019-04-09 16:00:00,0.13963967795044793
2019-04-09 17:00:00,0.13590942555295454
2019-04-09 18:00:00,0.13236888594628463
2019-04-09 19:00:00,0.12973378228580867
2019-04-09 20:00:00,0.12702261011362898
2019-04-09 21:00:00,0.12385695507598889
2019-04-09 22:00:00,0.12057242608784996
2019-04-09 23:00:00,0.1172301004703993
2019-04-10 00:00:00,0.11381246699046514
2019-04-10 01:00:00,0.11038025934752282
2019-04-10 02:00:00,0.10711700462651956
2019-04-10 03:00:00,0.10408979717714416
2019-04-10 04:00:00,0.10119781741012454
2019-04-10 05:00:00,0.09827036724046971
2019-04-10 06:00:00,0.0952868194183874
2019-04-10 07:00:00,0.09231109693722556
2019-04-10 08:00:00,0.0893207528183965
2019-04-10 09:00:00,0.08618426305825834
2019-04-10 10:00:00,0.083571985831749
2019-04-10 11:00:00,0.08119884737037943
2019-04-10 12:00:00,0.07865918469162522
2019-04-10 13:00:00,0.07602544978672707
2019-04-10 14:00:00,0.07336694326503844
2019-04-10 15:00:00,0.07072001155054745
2019-04-10 16:00:00,0.06807018534393185
2019-04-10 17:00:00,0.06547429158098467
2019-04-10 18:00:00,0.06294852312132751
2019-04-10 19:00:00,0.060570799619723385
2019-04-10 20:00:00,0.058367210296550044
2019-04-10 21:00:00,0.05629015430668485
2019-04-10 22:00:00,0.05435863067325407
2019-04-10 23:00:00,0.05271116203633479
2019-04-11 00:00:00,0.051518929736506666
2019-04-11 01:00:00,0.05093348701109382
2019-04-11 02:00:00,0.051168581617974176
2019-04-11 03:00:00,0.0524482238293423
2019-04-11 04:00:00,0.055092599646227355
2019-04-11 05:00:00,0.059367977289879754
2019-04-11 06:00:00,0.06554064888781995
2019-04-11 07:00:00,0.07372564041623712
2019-04-11 08:00:00,0.08221240071510987
2019-04-11 09:00:00,0.09066500792407015
2019-04-11 10:00:00,0.10313803901674924
2019-04-11 11:00:00,0.11784526756407865
2019-04-11 12:00:00,0.13683005769122786
2019-04-11 13:00:00,0.15599519019645672
2019-04-11 14:00:00,0.17730345937711928
2019-04-11 15:00:00,0.19981930251388466
2019-04-11 16:00:00,0.22256064317246566
2019-04-11 17:00:00,0.24443064175302842
2019-04-11 18:00:00,0.264675042127344
2019-04-11 19:00:00,0.2827632986855374
2019-04-11 20:00:00,0.2985311060037021
2019-04-11 21:00:00,0.3108240706989661
2019-04-11 22:00:00,0.31942605835142807
2019-04-11 23:00:00,0.32563834141609166
2019-04-12 00:00:00,0.32902737365723117
2019-04-12 01:00:00,0.3294475863305532
2019-04-12 02:00:00,0.3271524703439959
2019-04-12 03:00:00,0.3224412527964276
2019-04-12 04:00:00,0.3154127752623728
2019-04-12 05:00:00,0.3058838465077307
2019-04-12 06:00:00,0.2936389335421377
2019-04-12 07:00:00,0.2795983778469048
2019-04-12 08:00:00,0.26818062988820474
2019-04-12 09:00:00,0.26979325953985167
2019-04-12 10:00:00,0.27476994529687343
2019-04-12 11:00:00,0.2754057214946018
2019-04-12 12:00:00,0.27000355393990355
2019-04-12 13:00:00,0.2507712181944445
2019-04-12 14:00:00,0.23404696159925434
2019-04-12 15:00:00,0.22176703008149393
2019-04-12 16:00:00,0.21814549800259764
2019-04-12 17:00:00,0.22452273617578228
2019-04-12 18:00:00,0.2295088608582121
2019-04-12 19:00:00,0.22674664150311744
2019-04-12 20:00:00,0.21935836702873884
2019-04-12 21:00:00,0.21200288057969832
2019-04-12 22:00:00,0.20740836367460277
2019-04-12 23:00:00,0.2021270484430172
2019-04-13 00:00:00,0.19366361733551143
2019-04-13 01:00:00,0.18379497454438545
2019-04-13 02:00:00,0.17403263404271804
2019-04-13 03:00:00,0.16572871299083966
2019-04-13 04:00:00,0.1571440033696547
2019-04-13 05:00:00,0.14914831984507312
2019-04-13 06:00:00,0.14172190954625646
2019-04-13 07:00:00,0.13217774837054555
2019-04-13 08:00:00,0.11920042173330994
2019-04-13 09:00:00,0.1093660382671685
2019-04-13 10:00:00,0.10070960532626161
2019-04-13 11:00:00,0.09272219485101554
2019-04-13 12:00:00,0.08614600753856476
2019-04-13 13:00:00,0.08354975495700763
2019-04-13 14:00:00,0.08475774973883651
2019-04-13 15:00:00,0.08287897236577182
2019-04-13 16:00:00,0.07740671388828871
2019-04-13 17:00:00,0.07072034819718571
2019-04-13 18:00:00,0.06515341791663468
2019-04-13 19:00:00,0.05921774885736739
2019-04-13 20:00:00,0.05242143494174144
2019-04-13 21:00:00,0.046654825182695585
2019-04-13 22:00:00,0.04156123914937786
2019-04-13 23:00:00,0.03881084115193039
2019-04-14 00:00:00,0.035040270369129274
2019-04-14 01:00:00,0.031081095405156415
2019-04-14 02:00:00,0.028258726415927467
2019-04-14 03:00:00,0.02570511366282768
2019-04-14 04:00:00,0.023476202297050473
2019-04-14 05:00:00,0.023256944946274494
2019-04-14 06:00:00,0.024553628918375925
2019-04-14 07:00:00,0.025511083612294243
2019-04-14 08:00:00,0.02533541399344841
2019-04-14 09:00:00,0.02405954296857868
2019-04-14 10:00:00,0.02282467738913498
2019-04-14 11:00:00,0.023938945518028786
2019-04-14 12:00:00,0.027941498511021866
2019-04-14 13:00:00,0.03664667712552725
2019-04-14 14:00:00,0.0566159840319845
2019-04-14 15:00:00,0.09488772454542768
2019-04-14 16:00:00,0.15270949092718525
2019-04-14 17:00:00,0.19538057809429438
2019-04-14 18:00:00,0.24079139778252834
2019-04-14 19:00:00,0.26458523259123046
2019-04-14 20:00:00,0.269453627170328
2019-04-14 21:00:00,0.27973528689943483
2019-04-14 22:00:00,0.2858655499176503
2019-04-14 23:00:00,0.28855322849750203
2019-04-15 00:00:00,0.2952856992615573
2019-04-15 01:00:00,0.30380328766820464
2019-04-15 02:00:00,0.29845082335226425
2019-04-15 03:00:00,0.2868065413514371
2019-04-15 04:00:00,0.2822517006007733
2019-04-15 05:00:00,0.28248805670987226
2019-04-15 06:00:00,0.2850671111234724
2019-04-15 07:00:00,0.2924717962448719
2019-04-15 08:00:00,0.29110130206646206
2019-04-15 09:00:00,0.28962910631163996
2019-04-15 10:00:00,0.29516542482972896
2019-04-15 11:00:00,0.29806144442990695
2019-04-15 12:00:00,0.2981593696745856
2019-04-15 13:00:00,0.2963627022922125
2019-04-15 14:00:00,0.3001630634897293
2019-04-15 15:00:00,0.3134024475822821
2019-04-15 16:00:00,0.3247689782742902
2019-04-15 17:00:00,0.3275375342807648
2019-04-15 18:00:00,0.32405164160390637
2019-04-15 19:00:00,0.3070304208731071
2019-04-15 20:00:00,0.3024540405016713
2019-04-15 21:00:00,0.29378168905965046
2019-04-15 22:00:00,0.295873617473277
2019-04-15 23:00:00,0.2971867150025768
2019-04-16 00:00:00,0.29507045858040387
2019-04-16 01:00:00,0.28163036398692304
2019-04-16 02:00:00,0.26438596343783566
2019-04-16 03:00:00,0.24517573462357242
2019-04-16 04:00:00,0.23801414910247515
2019-04-16 05:00:00,0.2354427394339378
2019-04-16 06:00:00,0.225694107358986
2019-04-16 07:00:00,0.21621452854453643
2019-04-16 08:00:00,0.20815066323181844
2019-04-16 09:00:00,0.203043697499219
2019-04-16 10:00:00,0.1989494714250286
2019-04-16 11:00:00,0.19270786959467065
2019-04-16 12:00:00,0.184392892238528
2019-04-16 13:00:00,0.1751494192046664
2019-04-16 14:00:00,0.16681614486782417
2019-04-16 15:00:00,0.1600046235106119
2019-04-16 16:00:00,0.15097011614230255
2019-04-16 17:00:00,0.13895487848464658
2019-04-16 18:00:00,0.12460276936255389
2019-04-16 19:00:00,0.1117860302150638
2019-04-16 20:00:00,0.1037428389133744
2019-04-16 21:00:00,0.0971118288866036
2019-04-16 22:00:00,0.0921025513656116
2019-04-16 23:00:00,0.08873084090334546
2019-04-17 00:00:00,0.08698737124164223
2019-04-17 01:00:00,0.08696625814561484
2019-04-17 02:00:00,0.08859493619005111
2019-04-17 03:00:00,0.09306806152889842
2019-04-17 04:00:00,0.10045769172104686
2019-04-17 05:00:00,0.10862665291936295
2019-04-17 06:00:00,0.11602035618425396
2019-04-17 07:00:00,0.12113880935313853
2019-04-17 08:00:00,0.12631562556864911
2019-04-17 09:00:00,0.13122767566887594
2019-04-17 10:00:00,0.13474428533080654
2019-04-17 11:00:00,0.1361910738364597
2019-04-17 12:00:00,0.13679503414127606
2019-04-17 13:00:00,0.1391979509605749
2019-04-17 14:00:00,0.14165783249582528
2019-04-17 15:00:00,0.1431191137877178
2019-04-17 16:00:00,0.14156404729692082
2019-04-17 17:00:00,0.13848703330099907
2019-04-17 18:00:00,0.133778984591594
2019-04-17 19:00:00,0.12819293218810493
2019-04-17 20:00:00,0.1215011459740213
2019-04-17 21:00:00,0.11398833169313077
2019-04-17 22:00:00,0.1065983513208559
2019-04-17 23:00:00,0.09963415268740576
2019-04-18 00:00:00,0.09253400908269356
2019-04-18 01:00:00,0.0853383461084433
2019-04-18 02:00:00,0.07865466747421694
2019-04-18 03:00:00,0.07293490196918866
2019-04-18 04:00:00,0.06767879260176728
2019-04-18 05:00:00,0.06350751971612956
2019-04-18 06:00:00,0.05941641589191991
2019-04-18 07:00:00,0.05596734876892173
2019-04-18 08:00:00,0.05357684533424222
2019-04-18 09:00:00,0.04540584619115727
2019-04-18 10:00:00,0.03855599316866567
2019-04-18 11:00:00,0.0356977665434855
2019-04-18 12:00:00,0.03340649589688065
2019-04-18 13:00:00,0.03149210155218455
2019-04-18 14:00:00,0.03010825380478568
2019-04-18 15:00:00,0.028456076132323035
2019-04-18 16:00:00,0.023817297292634064
2019-04-18 17:00:00,0.021705984332720682
2019-04-18 18:00:00,0.020515652825432624
2019-04-18 19:00:00,0.01952654069249078
2019-04-18 20:00:00,0.018279191161662347
2019-04-18 21:00:00,0.01761122845286961
2019-04-18 22:00:00,0.0161461544618624
2019-04-18 23:00:00,0.015347575833278664
2019-04-19 00:00:00,0.01543317827489339
2019-04-19 01:00:00,0.015548201381679158
2019-04-19 02:00:00,0.015396446493338599
2019-04-19 03:00:00,0.015289290981374975
2019-04-19 04:00:00,0.015469547385805171
2019-04-19 05:00:00,0.015798423655129623
2019-04-19 06:00:00,0.016188716470195163
2019-04-19 07:00:00,0.016367037604002474
2019-04-19 08:00:00,0.016928876328463686
2019-04-19 09:00:00,0.017679765976842458
2019-04-19 10:00:00,0.018516430187331144
2019-04-19 11:00:00,0.019146432886972577
2019-04-19 12:00:00,0.019616647424178135
2019-04-19 13:00:00,0.020374849788498905
2019-04-19 14:00:00,0.021870376105661626
2019-04-19 15:00:00,0.022958279595812637
2019-04-19 16:00:00,0.02274266965233788
2019-04-19 17:00:00,0.02302035124922835
2019-04-19 18:00:00,0.024466233166854714
2019-04-19 19:00:00,0.025819200308195667
2019-04-19 20:00:00,0.026922374862558086
2019-04-19 21:00:00,0.027943601780078355
2019-04-19 22:00:00,0.027597293712359756
2019-04-19 23:00:00,0.02517879134458666
2019-04-20 00:00:00,0.024760934188305637
2019-04-20 01:00:00,0.025162690951801608
2019-04-20 02:00:00,0.028094900339547896
2019-04-20 03:00:00,0.02793916495699394
2019-04-20 04:00:00,0.04365400029370521
2019-04-20 05:00:00,0.059159389695372606
2019-04-20 06:00:00,0.06819384408797115
2019-04-20 07:00:00,0.09079546058960368
2019-04-20 08:00:00,0.1350544723044231
2019-04-20 09:00:00,0.17121691183013021
2019-04-20 10:00:00,0.1759000648418209
2019-04-20 11:00:00,0.17111529606768353
2019-04-20 12:00:00,0.16456580380553748
2019-04-20 13:00:00,0.160419115204945
2019-04-20 14:00:00,0.16200107490757817
2019-04-20 15:00:00,0.17208503626580626
2019-04-20 16:00:00,0.18590176757869292
2019-04-20 17:00:00,0.20116116445230028
2019-04-20 18:00:00,0.22140812574208396
2019-04-20 19:00:00,0.2494059204060637
2019-04-20 20:00:00,0.2827057049274007
2019-04-20 21:00:00,0.3170052783126201
2019-04-20 22:00:00,0.34842331331231263
2019-04-20 23:00:00,0.383808110612667
2019-04-21 00:00:00,0.4250488151576838
2019-04-21 01:00:00,0.4705488680627344
2019-04-21 02:00:00,0.512150249095751
2019-04-21 03:00:00,0.5546153583507156
2019-04-21 04:00:00,0.5945492038544498
2019-04-21 05:00:00,0.6284120100521312
2019-04-21 06:00:00,0.6533100247701692
2019-04-21 07:00:00,0.6678710357674297
2019-04-21 08:00:00,0.6733102723165058
2019-04-21 09:00:00,0.6720203373980206
2019-04-21 10:00:00,0.6659437968316295
2019-04-21 11:00:00,0.656108980240836
2019-04-21 12:00:00,0.6435625341053894
2019-04-21 13:00:00,0.6303102830748414
2019-04-21 14:00:00,0.6188199158412755
2019-04-21 15:00:00,0.6091247831498661
2019-04-21 16:00:00,0.5997399461887243
2019-04-21 17:00:00,0.5890698905940728
2019-04-21 18:00:00,0.5783559685487986
2019-04-21 19:00:00,0.5680908389549189
2019-04-21 20:00:00,0.5610457059432628
2019-04-21 21:00:00,0.5596395189271893
2019-04-21 22:00:00,0.5614634517112241
2019-04-21 23:00:00,0.5588768230405683
2019-04-22 00:00:00,0.553913360050169
2019-04-22 01:00:00,0.547092356722575
2019-04-22 02:00:00,0.5359935245492203
2019-04-22 03:00:00,0.5206662108304398
2019-04-22 04:00:00,0.5018582602044304
2019-04-22 05:00:00,0.4811677062509889
2019-04-22 06:00:00,0.4595179772874627
2019-04-22 07:00:00,0.43570844892011185
2019-04-22 08:00:00,0.4130181824506802
2019-04-22 09:00:00,0.3890079961999585
2019-04-22 10:00:00,0.36536689627671437
2019-04-22 11:00:00,0.34351950110320795
2019-04-22 12:00:00,0.32462964075694495
2019-04-22 13:00:00,0.30418400496459036
2019-04-22 14:00:00,0.2830040545822296
2019-04-22 15:00:00,0.2607115507882579
2019-04-22 16:00:00,0.23777479784354072
2019-04-22 17:00:00,0.2160738137192821
2019-04-22 18:00:00,0.19778158517870226
2019-04-22 19:00:00,0.18145530088075434
2019-04-22 20:00:00,0.16854750509836236
2019-04-22 21:00:00,0.15665977332549527
2019-04-22 22:00:00,0.14634123646742048
2019-04-22 23:00:00,0.13851508216553698
2019-04-23 00:00:00,0.1349272618256045
2019-04-23 01:00:00,0.13552350611663205
2019-04-23 02:00:00,0.13654260716901406
2019-04-23 03:00:00,0.13949182993964337
2019-04-23 04:00:00,0.1450785272143647
2019-04-23 05:00:00,0.15595899757796328
2019-04-23 06:00:00,0.17082918029441332
2019-04-23 07:00:00,0.1862263285146508
2019-04-23 08:00:00,0.21178907865442034
2019-04-23 09:00:00,0.2399075064916292
2019-04-23 10:00:00,0.27515229925916596
2019-04-23 11:00:00,0.3016131279597217
2019-04-23 12:00:00,0.32300089851243374
2019-04-23 13:00:00,0.3256469460910497
2019-04-23 14:00:00,0.33271056765639434
2019-04-23 15:00:00,0.3314938316348223
2019-04-23 16:00:00,0.3476460429543548
2019-04-23 17:00:00,0.36783487346139626
2019-04-23 18:00:00,0.3689907453457224
2019-04-23 19:00:00,0.358480171144932
2019-04-23 20:00:00,0.3583084222807311
2019-04-23 21:00:00,0.3599758299139089
2019-04-23 22:00:00,0.3608543647448861
2019-04-23 23:00:00,0.33783107517257244
2019-04-24 00:00:00,0.32271832032823483
2019-04-24 01:00:00,0.3099457138674365
2019-04-24 02:00:00,0.2979401050141431
2019-04-24 03:00:00,0.28764837020626277
2019-04-24 04:00:00,0.2809952791549572
2019-04-24 05:00:00,0.26547031342133126
2019-04-24 06:00:00,0.25159665325581937
2019-04-24 07:00:00,0.2372676752398545
2019-04-24 08:00:00,0.22348292993559385
2019-04-24 09:00:00,0.2104050545435063
2019-04-24 10:00:00,0.19828378529791355
2019-04-24 11:00:00,0.1827623673335247
2019-04-24 12:00:00,0.16538739092538307
2019-04-24 13:00:00,0.14576464743424491
2019-04-24 14:00:00,0.1335834351540517
2019-04-24 15:00:00,0.12777059355556614
2019-04-24 16:00:00,0.11640879623234936
2019-04-24 17:00:00,0.10739179816409324
2019-04-24 18:00:00,0.09986508134600751
2019-04-24 19:00:00,0.09016607252084329
2019-04-24 20:00:00,0.08101970787120337
2019-04-24 21:00:00,0.07464228915878277
2019-04-24 22:00:00,0.06885575170699625
2019-04-24 23:00:00,0.06329017631937449
2019-04-25 00:00:00,0.05958582751526697
2019-04-25 01:00:00,0.05558173664906033
2019-04-25 02:00:00,0.05041406161453602
2019-04-25 03:00:00,0.04675441595710933
2019-04-25 04:00:00,0.0394982484663829
2019-04-25 05:00:00,0.031011594624241735
2019-04-25 06:00:00,0.026545821627988186
2019-04-25 07:00:00,0.027729359015871778
2019-04-25 08:00:00,0.02889212327917643
2019-04-25 09:00:00,0.030414962424082908
2019-04-25 10:00:00,0.030723965708971023
2019-04-25 11:00:00,0.028075352651227937
2019-04-25 12:00:00,0.029922243207591955
2019-04-25 13:00:00,0.032763745753473066
2019-04-25 14:00:00,0.03654319910876669
2019-04-25 15:00:00,0.03613437283514723
2019-04-25 16:00:00,0.03403897745708128
2019-04-25 17:00:00,0.03427128691304694
2019-04-25 18:00:00,0.0414335102382458
2019-04-25 19:00:00,0.05203462209689897
2019-04-25 20:00:00,0.06538047114617487
2019-04-25 21:00:00,0.0778750235727315
2019-04-25 22:00:00,0.09042554806439375
2019-04-25 23:00:00,0.1082640678645228
2019-04-26 00:00:00,0.12440982386358572
2019-04-26 01:00:00,0.13959849736799262
2019-04-26 02:00:00,0.15576586777916487
2019-04-26 03:00:00,0.1715939287266138
2019-04-26 04:00:00,0.18986585851768678
2019-04-26 05:00:00,0.20409551705743303
2019-04-26 06:00:00,0.21738139054720299
2019-04-26 07:00:00,0.23909005157634955
2019-04-26 08:00:00,0.2615496510516289
2019-04-26 09:00:00,0.26856012086111797
2019-04-26 10:00:00,0.28381935582717094
2019-04-26 11:00:00,0.3166885244216857
2019-04-26 12:00:00,0.3575568523699483
2019-04-26 13:00:00,0.38782185028590793
2019-04-26 14:00:00,0.41927880811007856
2019-04-26 15:00:00,0.4490230195140049
2019-04-26 16:00:00,0.4757568653195142
2019-04-26 17:00:00,0.4882267947524502
2019-04-26 18:00:00,0.4943853687183952
2019-04-26 19:00:00,0.4973741474343958
2019-04-26 20:00:00,0.4991678085410369
2019-04-26 21:00:00,0.4791611497498519
2019-04-26 22:00:00,0.4748876403620694
2019-04-26 23:00:00,0.46857703313791166
2019-04-27 00:00:00,0.4466082942939433
2019-04-27 01:00:00,0.4243153834863483
2019-04-27 02:00:00,0.40834448930466066
2019-04-27 03:00:00,0.4011506145369049
2019-04-27 04:00:00,0.3959236475079325
2019-04-27 05:00:00,0.3913624875516402
2019-04-27 06:00:00,0.3875896437872173
2019-04-27 07:00:00,0.38328484424318204
2019-04-27 08:00:00,0.38014745328109684
2019-04-27 09:00:00,0.37763817243811537
2019-04-27 10:00:00,0.37812494852873596
2019-04-27 11:00:00,0.3812365717376598
2019-04-27 12:00:00,0.38843473529807465
2019-04-27 13:00:00,0.40291336114386295
2019-04-27 14:00:00,0.42196291066851566
2019-04-27 15:00:00,0.44152409796363723
2019-04-27 16:00:00,0.4619886355901226
2019-04-27 17:00:00,0.4839466347109193
2019-04-27 18:00:00,0.497755917612692
2019-04-27 19:00:00,0.5048749204023629
2019-04-27 20:00:00,0.5065849672709185
2019-04-27 21:00:00,0.5036043765257956
2019-04-27 22:00:00,0.4973373694297589
2019-04-27 23:00:00,0.4893506569780011
2019-04-28 00:00:00,0.48072473849265435
2019-04-28 01:00:00,0.47222746181793335
2019-04-28 02:00:00,0.4642479318081526
2019-04-28 03:00:00,0.4578822442791136
2019-04-28 04:00:00,0.45151327200162833
2019-04-28 05:00:00,0.44153156157332996
2019-04-28 06:00:00,0.4304554046675388
2019-04-28 07:00:00,0.41935282169236004
2019-04-28 08:00:00,0.40851877299660544
2019-04-28 09:00:00,0.397947893035836
2019-04-28 10:00:00,0.3880984492220361
2019-04-28 11:00:00,0.37944966659765705
2019-04-28 12:00:00,0.371925539556933
2019-04-28 13:00:00,0.36499484640306945
2019-04-28 14:00:00,0.35816935054150706
2019-04-28 15:00:00,0.35096650115699585
2019-04-28 16:00:00,0.3428396435664539
2019-04-28 17:00:00,0.33429312329461924
2019-04-28 18:00:00,0.3226195431054709
2019-04-28 19:00:00,0.30741196791391595
2019-04-28 20:00:00,0.2894328582296355
2019-04-28 21:00:00,0.26842557669053646
2019-04-28 22:00:00,0.24635898408409931
2019-04-28 23:00:00,0.22629911729168065
2019-04-29 00:00:00,0.2056877234269068
2019-04-29 01:00:00,0.18542203278688646
2019-04-29 02:00:00,0.1681825859002576
2019-04-29 03:00:00,0.15621733224518594
2019-04-29 04:00:00,0.14887438187363491
2019-04-29 05:00:00,0.14340112397604082
2019-04-29 06:00:00,0.13553243883507265
2019-04-29 07:00:00,0.12446563253975276
2019-04-29 08:00:00,0.11155021873324197
2019-04-29 09:00:00,0.09815867495580712
2019-04-29 10:00:00,0.08756170515960425
2019-04-29 11:00:00,0.08238866878553427
2019-04-29 12:00:00,0.08298423102276258
2019-04-29 13:00:00,0.08979442566025164
2019-04-29 14:00:00,0.10239312328154265
2019-04-29 15:00:00,0.11733275942513824
2019-04-29 16:00:00,0.1310632454098747
2019-04-29 17:00:00,0.13951859715231535
2019-04-29 18:00:00,0.14251658971414094
2019-04-29 19:00:00,0.14218699024353096
2019-04-29 20:00:00,0.1422768840454022
2019-04-29 21:00:00,0.14566018327945315
2019-04-29 22:00:00,0.15152254104283588
2019-04-29 23:00:00,0.16333627168986217
2019-04-30 00:00:00,0.18073113973280658
2019-04-30 01:00:00,0.20174330266719243
2019-04-30 02:00:00,0.2239421441206993
2019-04-30 03:00:00,0.2428275092851585
2019-04-30 04:00:00,0.2572186091782805
2019-04-30 05:00:00,0.2642858116885552
2019-04-30 06:00:00,0.26610296100367903
2019-04-30 07:00:00,0.26711940597266226
2019-04-30 08:00:00,0.26790339014545994
2019-04-30 09:00:00,0.2655730271760286
2019-04-30 10:00:00,0.2582888758094556
2019-04-30 11:00:00,0.24659047057218605
2019-04-30 12:00:00,0.2321354370702287
2019-04-30 13:00:00,0.21661571217613224
2019-04-30 14:00:00,0.2019349790153388
2019-04-30 15:00:00,0.188458614089363
2019-04-30 16:00:00,0.1725986466941392
2019-04-30 17:00:00,0.15534939192492647
2019-04-30 18:00:00,0.13888014476243427
2019-04-30 19:00:00,0.1242511316925486
2019-04-30 20:00:00,0.11136195295922866
2019-04-30 21:00:00,0.10110794290804662
2019-04-30 22:00:00,0.0925756663404432
2019-04-30 23:00:00,0.08770663267603229
2019-05-01 00:00:00,0.0824694008767081
2019-05-01 01:00:00,0.0774022376522446
2019-05-01 02:00:00,0.07316620485087032
2019-05-01 03:00:00,0.07021921700913054
2019-05-01 04:00:00,0.06852904675053403
2019-05-01 05:00:00,0.06763815810582169
2019-05-01 06:00:00,0.0669749548305622
2019-05-01 07:00:00,0.0661894234079454
2019-05-01 08:00:00,0.06519476412550788
2019-05-01 09:00:00,0.06424396968527135
2019-05-01 10:00:00,0.06357965030348861
2019-05-01 11:00:00,0.06320608954345637
2019-05-01 12:00:00,0.06301266206801198
2019-05-01 13:00:00,0.06285842159964825
2019-05-01 14:00:00,0.06252349060696577
2019-05-01 15:00:00,0.06206678637810723
2019-05-01 16:00:00,0.062319959154975034
2019-05-01 17:00:00,0.06276588861138836
2019-05-01 18:00:00,0.06277192248122133
2019-05-01 19:00:00,0.06220866345358454
2019-05-01 20:00:00,0.06183155119600606
2019-05-01 21:00:00,0.0613888182875175
2019-05-01 22:00:00,0.058667015956541016
2019-05-01 23:00:00,0.05516670577977623
2019-05-02 00:00:00,0.05104730347133299
2019-05-02 01:00:00,0.050337541644105824
2019-05-02 02:00:00,0.050600305613900345
2019-05-02 03:00:00,0.051068519004142714
2019-05-02 04:00:00,0.05372911667144859
2019-05-02 05:00:00,0.0586180488319172
2019-05-02 06:00:00,0.06459232426797475
2019-05-02 07:00:00,0.07968954920410824
2019-05-02 08:00:00,0.10074325428518645
2019-05-02 09:00:00,0.11481424078242179
2019-05-02 10:00:00,0.14188011052802094
2019-05-02 11:00:00,0.17331332098835875
2019-05-02 12:00:00,0.1993115783146952
2019-05-02 13:00:00,0.2257478347687347
2019-05-02 14:00:00,0.25068299160414625
2019-05-02 15:00:00,0.27663828602586
2019-05-02 16:00:00,0.2949196899789686
2019-05-02 17:00:00,0.3184976053156915
2019-05-02 18:00:00,0.3363980632866152
2019-05-02 19:00:00,0.3528768175619829
2019-05-02 20:00:00,0.3721159847765666
2019-05-02 21:00:00,0.39643219110259803
2019-05-02 22:00:00,0.43127563089545773
2019-05-02 23:00:00,0.4707799189943396
2019-05-03 00:00:00,0.5094355723980122
2019-05-03 01:00:00,0.5470312756324053
2019-05-03 02:00:00,0.5855996524889306
2019-05-03 03:00:00,0.616897191473677
2019-05-03 04:00:00,0.636173608308631
2019-05-03 05:00:00,0.657160315013433
2019-05-03 06:00:00,0.6736963361620755
2019-05-03 07:00:00,0.689683101343346
2019-05-03 08:00:00,0.7483943433920597
2019-05-03 09:00:00,0.8114763866846474
2019-05-03 10:00:00,0.879261513421241
2019-05-03 11:00:00,0.9516056932159467
2019-05-03 12:00:00,0.9814053499623351
2019-05-03 13:00:00,0.9944719097067529
2019-05-03 14:00:00,0.9998683455025933
2019-05-03 15:00:00,1.0
2019-05-03 16:00:00,1.0
2019-05-03 17:00:00,1.0
2019-05-03 18:00:00,1.0
2019-05-03 19:00:00,1.0
2019-05-03 20:00:00,1.0
2019-05-03 21:00:00,1.0
2019-05-03 22:00:00,0.9999999999999998
2019-05-03 23:00:00,1.0
2019-05-04 00:00:00,0.9969707638920895
2019-05-04 01:00:00,0.9931261228481292
2019-05-04 02:00:00,0.9820606146592199
2019-05-04 03:00:00,0.970566146563731
2019-05-04 04:00:00,0.959497662034099
2019-05-04 05:00:00,0.949148357991029
2019-05-04 06:00:00,0.9352311939315562
2019-05-04 07:00:00,0.9219146159786574
2019-05-04 08:00:00,0.9039279017396418
2019-05-04 09:00:00,0.8749938061828919
2019-05-04 10:00:00,0.8401756979262459
2019-05-04 11:00:00,0.8032642820285341
2019-05-04 12:00:00,0.765147653153603
2019-05-04 13:00:00,0.734214885160114
2019-05-04 14:00:00,0.7068304451749805
2019-05-04 15:00:00,0.6823376748274593
2019-05-04 16:00:00,0.669250753340005
2019-05-04 17:00:00,0.6637139446778626
2019-05-04 18:00:00,0.6574901275760818
2019-05-04 19:00:00,0.6492914360231443
2019-05-04 20:00:00,0.6422739909722487
2019-05-04 21:00:00,0.6354047921373347
2019-05-04 22:00:00,0.6383546521380431
2019-05-04 23:00:00,0.6469715131861693
2019-05-05 00:00:00,0.6546880457715094
2019-05-05 01:00:00,0.6607711829730534
2019-05-05 02:00:00,0.6667325099385268
2019-05-05 03:00:00,0.6700997832355751
2019-05-05 04:00:00,0.6732019109966166
2019-05-05 05:00:00,0.6737197202164792
2019-05-05 06:00:00,0.6760714600007508
2019-05-05 07:00:00,0.696419515922896
2019-05-05 08:00:00,0.7215521323111164
2019-05-05 09:00:00,0.76126440029203
2019-05-05 10:00:00,0.8129602949646926
2019-05-05 11:00:00,0.8674380991617082
2019-05-05 12:00:00,0.8979949182747282
2019-05-05 13:00:00,0.9140818442831901
2019-05-05 14:00:00,0.9215698958383776
2019-05-05 15:00:00,0.8979282182576547
2019-05-05 16:00:00,0.8609900891862216
2019-05-05 17:00:00,0.819177856025112
2019-05-05 18:00:00,0.7775731774053251
2019-05-05 19:00:00,0.7406126046989244
2019-05-05 20:00:00,0.717133057370031
2019-05-05 21:00:00,0.7017075394955532
2019-05-05 22:00:00,0.6957514778878593
2019-05-05 23:00:00,0.6899365987829537
2019-05-06 00:00:00,0.6843014387695122
2019-05-06 01:00:00,0.678571368716579
2019-05-06 02:00:00,0.6735180704143942
2019-05-06 03:00:00,0.66913083583201
2019-05-06 04:00:00,0.664518181686614
2019-05-06 05:00:00,0.6600848841527879
2019-05-06 06:00:00,0.6508331526781863
2019-05-06 07:00:00,0.6373111096508122
2019-05-06 08:00:00,0.6203585754148064
2019-05-06 09:00:00,0.5861191756246723
2019-05-06 10:00:00,0.557366812267761
2019-05-06 11:00:00,0.5345827743268534
2019-05-06 12:00:00,0.5166960649894079
2019-05-06 13:00:00,0.5019269894400038
2019-05-06 14:00:00,0.48939123704557846
2019-05-06 15:00:00,0.47835707236349406
2019-05-06 16:00:00,0.4684488930045318
2019-05-06 17:00:00,0.45976967744790725
2019-05-06 18:00:00,0.4521757662103616
2019-05-06 19:00:00,0.4450335611204988
2019-05-06 20:00:00,0.43738996487964926
2019-05-06 21:00:00,0.42739585751623954
2019-05-06 22:00:00,0.41388117631850413
2019-05-06 23:00:00,0.3994408634803207
2019-05-07 00:00:00,0.38491164671803485
2019-05-07 01:00:00,0.36922487375999563
2019-05-07 02:00:00,0.3529545972687167
2019-05-07 03:00:00,0.33720409202959206
2019-05-07 04:00:00,0.3218632494706846
2019-05-07 05:00:00,0.3069349199266897
2019-05-07 06:00:00,0.2920270776901093
2019-05-07 07:00:00,0.2767769458117201
2019-05-07 08:00:00,0.2611813995470998
2019-05-07 09:00:00,0.24548591034968306
2019-05-07 10:00:00,0.22991393511013625
2019-05-07 11:00:00,0.21467629591617102
2019-05-07 12:00:00,0.19989435903197697
2019-05-07 13:00:00,0.18907499905038114
2019-05-07 14:00:00,0.17991585082210876
2019-05-07 15:00:00,0.17114462336497696
2019-05-07 16:00:00,0.16263388773624793
2019-05-07 17:00:00,0.1545380073378688
2019-05-07 18:00:00,0.14701949905540743
2019-05-07 19:00:00,0.13996755783843015
2019-05-07 20:00:00,0.13330279553506572
2019-05-07 21:00:00,0.1269152789153964
2019-05-07 22:00:00,0.12075041567694478
2019-05-07 23:00:00,0.1147839901134898
2019-05-08 00:00:00,0.10903615841075617
2019-05-08 01:00:00,0.10351306938719784
2019-05-08 02:00:00,0.09825585081830496
2019-05-08 03:00:00,0.09331312643998708
2019-05-08 04:00:00,0.08877301150930646
2019-05-08 05:00:00,0.08469965418506334
2019-05-08 06:00:00,0.08113308945910995
2019-05-08 07:00:00,0.07802750620502757
2019-05-08 08:00:00,0.0752573071902091
2019-05-08 09:00:00,0.07284315313764879
2019-05-08 10:00:00,0.07065680261601817
2019-05-08 11:00:00,0.0686522976315934
2019-05-08 12:00:00,0.06712458543090985
2019-05-08 13:00:00,0.06577809731321513
2019-05-08 14:00:00,0.06436263013236482
2019-05-08 15:00:00,0.062799045133868
2019-05-08 16:00:00,0.061168030221502544
2019-05-08 17:00:00,0.05977457946532257
2019-05-08 18:00:00,0.0593478284064418
2019-05-08 19:00:00,0.06014761374012095
2019-05-08 20:00:00,0.062140845051492075
2019-05-08 21:00:00,0.06553443050527025
2019-05-08 22:00:00,0.06990296378446352
2019-05-08 23:00:00,0.07883604731011158
2019-05-09 00:00:00,0.09389725372446338
2019-05-09 01:00:00,0.11500183003413757
2019-05-09 02:00:00,0.1407654488746619
2019-05-09 03:00:00,0.16752233238926867
2019-05-09 04:00:00,0.18926852348699533
2019-05-09 05:00:00,0.20252664799291764
2019-05-09 06:00:00,0.2174604070261687
2019-05-09 07:00:00,0.23091762844832917
2019-05-09 08:00:00,0.2397287411678729
2019-05-09 09:00:00,0.24530952592007418
2019-05-09 10:00:00,0.2491659767144106
2019-05-09 11:00:00,0.2526181903491199
2019-05-09 12:00:00,0.25610674987401694
2019-05-09 13:00:00,0.2590979613831733
2019-05-09 14:00:00,0.2602596783404898
2019-05-09 15:00:00,0.25867969001055613
2019-05-09 16:00:00,0.2539622182682835
2019-05-09 17:00:00,0.2466527527923644
2019-05-09 18:00:00,0.23790478398779064
2019-05-09 19:00:00,0.228584399918538
2019-05-09 20:00:00,0.2193731546424485
2019-05-09 21:00:00,0.21164212659573953
2019-05-09 22:00:00,0.20308412524084482
2019-05-09 23:00:00,0.1939473665873926
2019-05-10 00:00:00,0.1846477827792295
2019-05-10 01:00:00,0.17496153792716407
2019-05-10 02:00:00,0.16492242089265063
2019-05-10 03:00:00,0.1565843194623689
2019-05-10 04:00:00,0.15104733621239008
2019-05-10 05:00:00,0.14606800529088282
2019-05-10 06:00:00,0.14155499105092564
2019-05-10 07:00:00,0.13725469163700627
2019-05-10 08:00:00,0.132975124525724
2019-05-10 09:00:00,0.12857870689549342
2019-05-10 10:00:00,0.12406630900225533
2019-05-10 11:00:00,0.11951702188533134
2019-05-10 12:00:00,0.11502804502246407
2019-05-10 13:00:00,0.11066462755834654
2019-05-10 14:00:00,0.10646597338313109
2019-05-10 15:00:00,0.1025335078938486
2019-05-10 16:00:00,0.09896270406787547
2019-05-10 17:00:00,0.09635336304495726
2019-05-10 18:00:00,0.09517307289181609
2019-05-10 19:00:00,0.09508924324650846
2019-05-10 20:00:00,0.09623049578124804
2019-05-10 21:00:00,0.09899895896574927
2019-05-10 22:00:00,0.10355681463260041
2019-05-10 23:00:00,0.10914740352551681
2019-05-11 00:00:00,0.11497354477081766
2019-05-11 01:00:00,0.12077874820248664
2019-05-11 02:00:00,0.1258563014763353
2019-05-11 03:00:00,0.12991572469854656
2019-05-11 04:00:00,0.13349332747519638
2019-05-11 05:00:00,0.13701017856842343
2019-05-11 06:00:00,0.14046224184344375
2019-05-11 07:00:00,0.14382588660417195
2019-05-11 08:00:00,0.14686599342825524
2019-05-11 09:00:00,0.14941294059326626
2019-05-11 10:00:00,0.15129343241067547
2019-05-11 11:00:00,0.152092547977661
2019-05-11 12:00:00,0.15182181575742765
2019-05-11 13:00:00,0.15061407063905707
2019-05-11 14:00:00,0.14870756435746485
2019-05-11 15:00:00,0.1464728967384512
2019-05-11 16:00:00,0.14400262318984697
2019-05-11 17:00:00,0.14155858658832293
2019-05-11 18:00:00,0.13938496322318536
2019-05-11 19:00:00,0.1373390999888233
2019-05-11 20:00:00,0.13571188777888224
2019-05-11 21:00:00,0.13480425878831606
2019-05-11 22:00:00,0.134463145510462
2019-05-11 23:00:00,0.13426926405391637
2019-05-12 00:00:00,0.1338742245485405
2019-05-12 01:00:00,0.13294435223992737
2019-05-12 02:00:00,0.13121445380720026
2019-05-12 03:00:00,0.1285578223153624
2019-05-12 04:00:00,0.1250545855562575
2019-05-12 05:00:00,0.1207993389770962
2019-05-12 06:00:00,0.11591710895092851
2019-05-12 07:00:00,0.11042270733623542
2019-05-12 08:00:00,0.10444628637368986
2019-05-12 09:00:00,0.09841385246005825
2019-05-12 10:00:00,0.09247067137716095
2019-05-12 11:00:00,0.08706612432348358
2019-05-12 12:00:00,0.08513203747170202
2019-05-12 13:00:00,0.0907782766718969
2019-05-12 14:00:00,0.10576791382872176
2019-05-12 15:00:00,0.12620405568813278
2019-05-12 16:00:00,0.14979447388954217
2019-05-12 17:00:00,0.1761479277290522
2019-05-12 18:00:00,0.20461517678472468
2019-05-12 19:00:00,0.24205787005210594
2019-05-12 20:00:00,0.2747199612842929
2019-05-12 21:00:00,0.29893656792124296
2019-05-12 22:00:00,0.31616482489834546
2019-05-12 23:00:00,0.32555017142158077
2019-05-13 00:00:00,0.3326871279994332
2019-05-13 01:00:00,0.33943212371089104
2019-05-13 02:00:00,0.34698205950757366
2019-05-13 03:00:00,0.35443872718059366
2019-05-13 04:00:00,0.35784314719863625
2019-05-13 05:00:00,0.3547941393760674
2019-05-13 06:00:00,0.3453598260285416
2019-05-13 07:00:00,0.33134207640804253
2019-05-13 08:00:00,0.3157982478837774
2019-05-13 09:00:00,0.30178179250313664
2019-05-13 10:00:00,0.2906950241720009
2019-05-13 11:00:00,0.28192885000148493
2019-05-13 12:00:00,0.2732256889262715
2019-05-13 13:00:00,0.26329469305550823
2019-05-13 14:00:00,0.25449600266679157
2019-05-13 15:00:00,0.23985922091667494
2019-05-13 16:00:00,0.22732730551828187
2019-05-13 17:00:00,0.22072986887776466
2019-05-13 18:00:00,0.21863240568267692
2019-05-13 19:00:00,0.21845844977005976
2019-05-13 20:00:00,0.21940107624047783
2019-05-13 21:00:00,0.22199968061519937
2019-05-13 22:00:00,0.22703240735967953
2019-05-13 23:00:00,0.23551836861239142
2019-05-14 00:00:00,0.24439431510052198
2019-05-14 01:00:00,0.25112973794064747
2019-05-14 02:00:00,0.2548117643727401
2019-05-14 03:00:00,0.25486289458852973
2019-05-14 04:00:00,0.25004633992981934
2019-05-14 05:00:00,0.2416448978797406
2019-05-14 06:00:00,0.231152986369088
2019-05-14 07:00:00,0.21892809402607996
2019-05-14 08:00:00,0.2052064356288328
2019-05-14 09:00:00,0.19046084522303186
2019-05-14 10:00:00,0.1755992718260767
2019-05-14 11:00:00,0.16142146848340677
2019-05-14 12:00:00,0.14827144381487897
2019-05-14 13:00:00,0.13619402094655186
2019-05-14 14:00:00,0.1252469025312307
2019-05-14 15:00:00,0.11546239627683705
2019-05-14 16:00:00,0.10692496705876035
2019-05-14 17:00:00,0.09967066222537055
2019-05-14 18:00:00,0.09279468398353698
2019-05-14 19:00:00,0.086315847850394
2019-05-14 20:00:00,0.08032868295364068
2019-05-14 21:00:00,0.07625292380211623
2019-05-14 22:00:00,0.07363113372033551
2019-05-14 23:00:00,0.0713865382095969
2019-05-15 00:00:00,0.06950817486840184
2019-05-15 01:00:00,0.06795725368235883
2019-05-15 02:00:00,0.06661905361381772
2019-05-15 03:00:00,0.06563232249001341
2019-05-15 04:00:00,0.06583866353556177
2019-05-15 05:00:00,0.06697401944764703
2019-05-15 06:00:00,0.06883649307720605
2019-05-15 07:00:00,0.07160354333356206
2019-05-15 08:00:00,0.07618996541199446
2019-05-15 09:00:00,0.08285554459399966
2019-05-15 10:00:00,0.09001693352171523
2019-05-15 11:00:00,0.09986889752868713
2019-05-15 12:00:00,0.11024869334987719
2019-05-15 13:00:00,0.11901605732608225
2019-05-15 14:00:00,0.12669345826606168
2019-05-15 15:00:00,0.1323634756653072
2019-05-15 16:00:00,0.13550605956254066
2019-05-15 17:00:00,0.13769045317860268
2019-05-15 18:00:00,0.1392876461997433
2019-05-15 19:00:00,0.13916274564882936
2019-05-15 20:00:00,0.13793279021525995
2019-05-15 21:00:00,0.13466825963364001
2019-05-15 22:00:00,0.13137790101022992
2019-05-15 23:00:00,0.1288353431818266
2019-05-16 00:00:00,0.12666866846820005
2019-05-16 01:00:00,0.1243465659183703
2019-05-16 02:00:00,0.12237563207929908
2019-05-16 03:00:00,0.11967026532212187
2019-05-16 04:00:00,0.11728007723202828
2019-05-16 05:00:00,0.11523968236209711
2019-05-16 06:00:00,0.11297827855733938
2019-05-16 07:00:00,0.11174264916471197
2019-05-16 08:00:00,0.11136276639793107
2019-05-16 09:00:00,0.10763889157651566
2019-05-16 10:00:00,0.10409516203922693
2019-05-16 11:00:00,0.10045252535131338
2019-05-16 12:00:00,0.09762358656893742
2019-05-16 13:00:00,0.09578754659563643
2019-05-16 14:00:00,0.09479515734269783
2019-05-16 15:00:00,0.09283320283810324
2019-05-16 16:00:00,0.08840695379574319
2019-05-16 17:00:00,0.08754158467251157
2019-05-16 18:00:00,0.08692367716470664
2019-05-16 19:00:00,0.08689042579808028
2019-05-16 20:00:00,0.08585913476617278
2019-05-16 21:00:00,0.08478582205873483
2019-05-16 22:00:00,0.08654360588270427
2019-05-16 23:00:00,0.08780698994359054
2019-05-17 00:00:00,0.08743719415937969
2019-05-17 01:00:00,0.08454093705315777
2019-05-17 02:00:00,0.08064604280096968
2019-05-17 03:00:00,0.08059846510336637
2019-05-17 04:00:00,0.07979007922411774
2019-05-17 05:00:00,0.0794698339666005
2019-05-17 06:00:00,0.0789975613513257
2019-05-17 07:00:00,0.0780623446314395
2019-05-17 08:00:00,0.07776809944025945
2019-05-17 09:00:00,0.07866373258943017
2019-05-17 10:00:00,0.07994287914215976
2019-05-17 11:00:00,0.08123406958753994
2019-05-17 12:00:00,0.0826598278667812
2019-05-17 13:00:00,0.0843622133227792
2019-05-17 14:00:00,0.08639150524869865
2019-05-17 15:00:00,0.08903770685473479
2019-05-17 16:00:00,0.09213335658807631
2019-05-17 17:00:00,0.09524388632018455
2019-05-17 18:00:00,0.09822091630429164
2019-05-17 19:00:00,0.1011013308080579
2019-05-17 20:00:00,0.10353231640251566
2019-05-17 21:00:00,0.10559932354812888
2019-05-17 22:00:00,0.10873437054341642
2019-05-17 23:00:00,0.11239925063956333
2019-05-18 00:00:00,0.11624275036271337
2019-05-18 01:00:00,0.12015357270653931
2019-05-18 02:00:00,0.12429335182549431
2019-05-18 03:00:00,0.12862213833970812
2019-05-18 04:00:00,0.13335411772548444
2019-05-18 05:00:00,0.13879226908250245
2019-05-18 06:00:00,0.14375506725474596
2019-05-18 07:00:00,0.14866950923019184
2019-05-18 08:00:00,0.15040302736041017
2019-05-18 09:00:00,0.1512624253284525
2019-05-18 10:00:00,0.1513458128314479
2019-05-18 11:00:00,0.1505653000619032
2019-05-18 12:00:00,0.1489606448191155
2019-05-18 13:00:00,0.146557953557247
2019-05-18 14:00:00,0.143529792323415
2019-05-18 15:00:00,0.14023097132885337
2019-05-18 16:00:00,0.137197044623428
2019-05-18 17:00:00,0.13415651142746782
2019-05-18 18:00:00,0.1309041775338842
2019-05-18 19:00:00,0.12759165902576494
2019-05-18 20:00:00,0.12411305341161781
2019-05-18 21:00:00,0.12030134197264418
2019-05-18 22:00:00,0.11620549493787952
2019-05-18 23:00:00,0.11195041657986764
2019-05-19 00:00:00,0.10753436616631423
2019-05-19 01:00:00,0.10295400052313002
2019-05-19 02:00:00,0.098350826603357
2019-05-19 03:00:00,0.09376046821614305
2019-05-19 04:00:00,0.08919071058649303
2019-05-19 05:00:00,0.0847907231328878
2019-05-19 06:00:00,0.08061866558475793
2019-05-19 07:00:00,0.07662815261856713
2019-05-19 08:00:00,0.07323592590455508
2019-05-19 09:00:00,0.07106486647365197
2019-05-19 10:00:00,0.0690280965994222
2019-05-19 11:00:00,0.06710008471632438
2019-05-19 12:00:00,0.06528040662343576
2019-05-19 13:00:00,0.06353686714851041
2019-05-19 14:00:00,0.061777891597276355
2019-05-19 15:00:00,0.059974438581843204
2019-05-19 16:00:00,0.058064561670766776
2019-05-19 17:00:00,0.05613033948084337
2019-05-19 18:00:00,0.05424433260437601
2019-05-19 19:00:00,0.05245325151376795
2019-05-19 20:00:00,0.050650278423048166
2019-05-19 21:00:00,0.04872128002949711
2019-05-19 22:00:00,0.047249214022368986
2019-05-19 23:00:00,0.04616641325725197
2019-05-20 00:00:00,0.04518906335262372
2019-05-20 01:00:00,0.04421252420543754
2019-05-20 02:00:00,0.04320560492170075
2019-05-20 03:00:00,0.04223930731315382
2019-05-20 04:00:00,0.041501407005951924
2019-05-20 05:00:00,0.04093065633725273
2019-05-20 06:00:00,0.040462093688479896
2019-05-20 07:00:00,0.04006191666733414
2019-05-20 08:00:00,0.03976995592576628
2019-05-20 09:00:00,0.03967491860392232
2019-05-20 10:00:00,0.03972239659320377
2019-05-20 11:00:00,0.03994813468162431
2019-05-20 12:00:00,0.04035141620221768
2019-05-20 13:00:00,0.040897648465316565
2019-05-20 14:00:00,0.041533166501612005
2019-05-20 15:00:00,0.042210387389243494
2019-05-20 16:00:00,0.042952218273218774
2019-05-20 17:00:00,0.043686793872415676
2019-05-20 18:00:00,0.04442559448887262
2019-05-20 19:00:00,0.04515234110907454
2019-05-20 20:00:00,0.04584177684528698
2019-05-20 21:00:00,0.046455290106395195
2019-05-20 22:00:00,0.04697363795101178
2019-05-20 23:00:00,0.04740157377536351
2019-05-21 00:00:00,0.04772362840900125
2019-05-21 01:00:00,0.047890164643804384
2019-05-21 02:00:00,0.0479354439852916
2019-05-21 03:00:00,0.047905976273881275
2019-05-21 04:00:00,0.04770506189045198
2019-05-21 05:00:00,0.04728036687835813
2019-05-21 06:00:00,0.04651064494585522
2019-05-21 07:00:00,0.04530157158426084
2019-05-21 08:00:00,0.04380271321343306
2019-05-21 09:00:00,0.04202436352306865
2019-05-21 10:00:00,0.03916764735027897
2019-05-21 11:00:00,0.038348302095146676
2019-05-21 12:00:00,0.03962587591044837
2019-05-21 13:00:00,0.03936618817999815
2019-05-21 14:00:00,0.03960409481886513
2019-05-21 15:00:00,0.0402533410979629
2019-05-21 16:00:00,0.04166192575347939
2019-05-21 17:00:00,0.04321688028629598
2019-05-21 18:00:00,0.04485752145727779
2019-05-21 19:00:00,0.04709087999220492
2019-05-21 20:00:00,0.05237869696404985
2019-05-21 21:00:00,0.05819109315611129
2019-05-21 22:00:00,0.06201780588676722
2019-05-21 23:00:00,0.06362919360017334
2019-05-22 00:00:00,0.06267673611925711
2019-05-22 01:00:00,0.06036868206912728
2019-05-22 02:00:00,0.05793589992765079
2019-05-22 03:00:00,0.055987598141500276
2019-05-22 04:00:00,0.054867126902983974
2019-05-22 05:00:00,0.054283249217064775
2019-05-22 06:00:00,0.05433309013091025
2019-05-22 07:00:00,0.0552580360031932
2019-05-22 08:00:00,0.057590269845838496
2019-05-22 09:00:00,0.06099151453657058
2019-05-22 10:00:00,0.0658199948237069
2019-05-22 11:00:00,0.07073026460337253
2019-05-22 12:00:00,0.0736910135728331
2019-05-22 13:00:00,0.07503049937896877
2019-05-22 14:00:00,0.07762825631322823
2019-05-22 15:00:00,0.08429020392049866
2019-05-22 16:00:00,0.09765723918800409
2019-05-22 17:00:00,0.11664309947049187
2019-05-22 18:00:00,0.14052590474687818
2019-05-22 19:00:00,0.16863170892509238
2019-05-22 20:00:00,0.18837243816421995
2019-05-22 21:00:00,0.19766896140561155
2019-05-22 22:00:00,0.20616571681230983
2019-05-22 23:00:00,0.2178754581741275
2019-05-23 00:00:00,0.2320940224318229
2019-05-23 01:00:00,0.24904469724711548
2019-05-23 02:00:00,0.2629121458699456
2019-05-23 03:00:00,0.27555030375044803
2019-05-23 04:00:00,0.2892125993823138
2019-05-23 05:00:00,0.2980292406115393
2019-05-23 06:00:00,0.30298725198692844
2019-05-23 07:00:00,0.31588544296055326
2019-05-23 08:00:00,0.34863556208945845
2019-05-23 09:00:00,0.3774467836399231
2019-05-23 10:00:00,0.3838641065607169
2019-05-23 11:00:00,0.3966358610969806
2019-05-23 12:00:00,0.4173183364734026
2019-05-23 13:00:00,0.4403643850018402
2019-05-23 14:00:00,0.46986145436141064
2019-05-23 15:00:00,0.5069424428133642
2019-05-23 16:00:00,0.5462810180388029
2019-05-23 17:00:00,0.5703402849315172
2019-05-23 18:00:00,0.58539053439476
2019-05-23 19:00:00,0.5931322664011743
2019-05-23 20:00:00,0.5991434574752393
2019-05-23 21:00:00,0.6050753468114237
2019-05-23 22:00:00,0.6115346070601752
2019-05-23 23:00:00,0.6171839422615771
2019-05-24 00:00:00,0.6226444082973939
2019-05-24 01:00:00,0.6315180231538725
2019-05-24 02:00:00,0.6392317862902155
2019-05-24 03:00:00,0.6442749155899258
2019-05-24 04:00:00,0.6325261023619589
2019-05-24 05:00:00,0.6120921348401401
2019-05-24 06:00:00,0.5866059653013174
2019-05-24 07:00:00,0.5522391781057352
2019-05-24 08:00:00,0.5263796199001343
2019-05-24 09:00:00,0.5007114869579642
2019-05-24 10:00:00,0.47586738339959167
2019-05-24 11:00:00,0.45154220023970043
2019-05-24 12:00:00,0.43067978236692406
2019-05-24 13:00:00,0.412290354081847
2019-05-24 14:00:00,0.39653098247503704
2019-05-24 15:00:00,0.3857132047623177
2019-05-24 16:00:00,0.37437952550638814
2019-05-24 17:00:00,0.36223482240725796
2019-05-24 18:00:00,0.3546409026963038
2019-05-24 19:00:00,0.3470861350995181
2019-05-24 20:00:00,0.32965402251562437
2019-05-24 21:00:00,0.3088999906610671
2019-05-24 22:00:00,0.2939490375238322
2019-05-24 23:00:00,0.2748416611740296
2019-05-25 00:00:00,0.25587895870750293
2019-05-25 01:00:00,0.2396971881306211
2019-05-25 02:00:00,0.22189274298368467
2019-05-25 03:00:00,0.20281575946191693
2019-05-25 04:00:00,0.18503318168343855
2019-05-25 05:00:00,0.1672022235258236
2019-05-25 06:00:00,0.1496522736594367
2019-05-25 07:00:00,0.14019612217788732
2019-05-25 08:00:00,0.13238394110208135
2019-05-25 09:00:00,0.12460113753147178
2019-05-25 10:00:00,0.11670885000528458
2019-05-25 11:00:00,0.10909119673563272
2019-05-25 12:00:00,0.102457628356773
2019-05-25 13:00:00,0.09670707432894454
2019-05-25 14:00:00,0.09155691118780633
2019-05-25 15:00:00,0.08698622207756664
2019-05-25 16:00:00,0.08262617672214899
2019-05-25 17:00:00,0.0782698120134894
2019-05-25 18:00:00,0.07375926870387178
2019-05-25 19:00:00,0.0691309162823308
2019-05-25 20:00:00,0.06448411408726956
2019-05-25 21:00:00,0.05981820923212043
2019-05-25 22:00:00,0.05550582665095027
2019-05-25 23:00:00,0.05164763385950246
2019-05-26 00:00:00,0.04830502906847984
2019-05-26 01:00:00,0.04678394716522667
2019-05-26 02:00:00,0.045844222617481015
2019-05-26 03:00:00,0.04543331048278914
2019-05-26 04:00:00,0.04559034868239578
2019-05-26 05:00:00,0.04632901604137088
2019-05-26 06:00:00,0.04758339129614652
2019-05-26 07:00:00,0.049293507917106745
2019-05-26 08:00:00,0.05134022024860093
2019-05-26 09:00:00,0.05362848642140268
2019-05-26 10:00:00,0.05533686929734973
2019-05-26 11:00:00,0.056776490928403686
2019-05-26 12:00:00,0.05988989166291136
2019-05-26 13:00:00,0.06344332564550424
2019-05-26 14:00:00,0.06582947520440152
2019-05-26 15:00:00,0.06783054457068571
2019-05-26 16:00:00,0.06985134730214144
2019-05-26 17:00:00,0.0717823229082147
2019-05-26 18:00:00,0.0735347074612635
2019-05-26 19:00:00,0.07465985291492772
2019-05-26 20:00:00,0.07868409369296313
2019-05-26 21:00:00,0.08425459509432451
2019-05-26 22:00:00,0.08925549302857258
2019-05-26 23:00:00,0.0994115656014304
2019-05-27 00:00:00,0.11844846285160289
2019-05-27 01:00:00,0.1422818464330306
2019-05-27 02:00:00,0.16596890681736864
2019-05-27 03:00:00,0.18912764070695662
2019-05-27 04:00:00,0.21424618962277267
2019-05-27 05:00:00,0.23051570172846594
2019-05-27 06:00:00,0.23582194338255968
2019-05-27 07:00:00,0.23362157487174573
2019-05-27 08:00:00,0.22683763303966348
2019-05-27 09:00:00,0.2173307491342885
2019-05-27 10:00:00,0.20596592436311828
2019-05-27 11:00:00,0.1966664764963511
2019-05-27 12:00:00,0.19078945933923772
2019-05-27 13:00:00,0.1854622860559652
2019-05-27 14:00:00,0.1801436948409309
2019-05-27 15:00:00,0.1746254815163462
2019-05-27 16:00:00,0.16908538092568404
2019-05-27 17:00:00,0.16392260371280487
2019-05-27 18:00:00,0.15896962060764683
2019-05-27 19:00:00,0.15303033741007116
2019-05-27 20:00:00,0.14828363120324145
2019-05-27 21:00:00,0.1443380789596639
2019-05-27 22:00:00,0.14108488471294361
2019-05-27 23:00:00,0.13890734373870203
2019-05-28 00:00:00,0.13825129576379294
2019-05-28 01:00:00,0.13964684945001168
2019-05-28 02:00:00,0.15185859143447608
2019-05-28 03:00:00,0.1769879619338444
2019-05-28 04:00:00,0.2092365587163755
2019-05-28 05:00:00,0.2439260849932377
2019-05-28 06:00:00,0.27477114226524535
2019-05-28 07:00:00,0.2991148696628466
2019-05-28 08:00:00,0.321279610032921
2019-05-28 09:00:00,0.3618394887614017
2019-05-28 10:00:00,0.4066758093075123
2019-05-28 11:00:00,0.448585541050586
2019-05-28 12:00:00,0.4805256927493361
2019-05-28 13:00:00,0.5030663201843447
2019-05-28 14:00:00,0.5196646100613174
2019-05-28 15:00:00,0.5322360412559087
2019-05-28 16:00:00,0.545437322686831
2019-05-28 17:00:00,0.553745054025578
2019-05-28 18:00:00,0.5575501484172105
2019-05-28 19:00:00,0.5642951682217988
2019-05-28 20:00:00,0.5742276017364433
2019-05-28 21:00:00,0.5881422397844539
2019-05-28 22:00:00,0.6014776415626805
2019-05-28 23:00:00,0.6127392052409835
2019-05-29 00:00:00,0.6205897441322829
2019-05-29 01:00:00,0.6196117004259036
2019-05-29 02:00:00,0.6120736067689461
2019-05-29 03:00:00,0.6011663330000879
2019-05-29 04:00:00,0.594288230980987
2019-05-29 05:00:00,0.5926031169071317
2019-05-29 06:00:00,0.5982225787261901
2019-05-29 07:00:00,0.6014243436628789
2019-05-29 08:00:00,0.6310644745760418
2019-05-29 09:00:00,0.648342042354998
2019-05-29 10:00:00,0.6474115180848998
2019-05-29 11:00:00,0.6224727415461989
2019-05-29 12:00:00,0.588696404546339
2019-05-29 13:00:00,0.564302955522681
2019-05-29 14:00:00,0.5445380300437215
2019-05-29 15:00:00,0.5274883641459016
2019-05-29 16:00:00,0.5128114433130431
2019-05-29 17:00:00,0.49918577415625714
2019-05-29 18:00:00,0.485481668767579
2019-05-29 19:00:00,0.471052500350986
2019-05-29 20:00:00,0.45624456572190986
2019-05-29 21:00:00,0.44117583564288426
2019-05-29 22:00:00,0.42740725917405564
2019-05-29 23:00:00,0.4162373332819399
2019-05-30 00:00:00,0.40468855403545567
2019-05-30 01:00:00,0.39240103977640306
2019-05-30 02:00:00,0.37916083299577225
2019-05-30 03:00:00,0.3649314579364411
2019-05-30 04:00:00,0.3508282624401308
2019-05-30 05:00:00,0.33492878267634313
2019-05-30 06:00:00,0.31575795425708214
2019-05-30 07:00:00,0.2951052914226965
2019-05-30 08:00:00,0.27309000281243667
2019-05-30 09:00:00,0.2522983590027411
2019-05-30 10:00:00,0.23337372353786587
2019-05-30 11:00:00,0.21661539073220049
2019-05-30 12:00:00,0.20184135737625217
2019-05-30 13:00:00,0.1884569204338093
2019-05-30 14:00:00,0.17670788833419943
2019-05-30 15:00:00,0.16799429511875458
2019-05-30 16:00:00,0.15906014599584556
2019-05-30 17:00:00,0.15172770061510146
2019-05-30 18:00:00,0.14665731581461663
2019-05-30 19:00:00,0.14396228587894075
2019-05-30 20:00:00,0.143482450525814
2019-05-30 21:00:00,0.14434914870239196
2019-05-30 22:00:00,0.14525041140334088
2019-05-30 23:00:00,0.14569684186006565
2019-05-31 00:00:00,0.1459315839805966
2019-05-31 01:00:00,0.14636946405814516
2019-05-31 02:00:00,0.14746060090834387
2019-05-31 03:00:00,0.14904351284000517
2019-05-31 04:00:00,0.1503704935996683
2019-05-31 05:00:00,0.1511472170160057
2019-05-31 06:00:00,0.15144894570912626
2019-05-31 07:00:00,0.148931007723789
2019-05-31 08:00:00,0.14854596540684772
2019-05-31 09:00:00,0.15519617504965655
2019-05-31 10:00:00,0.16027727263223465
2019-05-31 11:00:00,0.16797931249662187
2019-05-31 12:00:00,0.18868481995966954
2019-05-31 13:00:00,0.20490293416317923
2019-05-31 14:00:00,0.21023830627199308
2019-05-31 15:00:00,0.2158686251740899
2019-05-31 16:00:00,0.21865224160759358
2019-05-31 17:00:00,0.22236643483211152
2019-05-31 18:00:00,0.22068253372427116
2019-05-31 19:00:00,0.21500849817736792
2019-05-31 20:00:00,0.2037644872982666
2019-05-31 21:00:00,0.1899900010635046
2019-05-31 22:00:00,0.20253881332351203
2019-05-31 23:00:00,0.26341663535176757
2019-06-01 00:00:00,0.2856951305311872
2019-06-01 01:00:00,0.3151651194847403
2019-06-01 02:00:00,0.3178258756894161
2019-06-01 03:00:00,0.3106095851022632
2019-06-01 04:00:00,0.31440936061632585
2019-06-01 05:00:00,0.32573604353801067
2019-06-01 06:00:00,0.33440729071708075
2019-06-01 07:00:00,0.34335022600820164
2019-06-01 08:00:00,0.34368415252156953
2019-06-01 09:00:00,0.32643083026331415
2019-06-01 10:00:00,0.3085877252002593
2019-06-01 11:00:00,0.2987008288078407
2019-06-01 12:00:00,0.2876726518946293
2019-06-01 13:00:00,0.27584302216281903
2019-06-01 14:00:00,0.26977293392938123
2019-06-01 15:00:00,0.27190302005398936
2019-06-01 16:00:00,0.27300872572239127
2019-06-01 17:00:00,0.2751167781646676
2019-06-01 18:00:00,0.2780584309666021
2019-06-01 19:00:00,0.27879407916376153
2019-06-01 20:00:00,0.2783907041053354
2019-06-01 21:00:00,0.2777322103646436
2019-06-01 22:00:00,0.27428849547487955
2019-06-01 23:00:00,0.2680023420269469
2019-06-02 00:00:00,0.26179167144538046
2019-06-02 01:00:00,0.2565292205714523
2019-06-02 02:00:00,0.2508784503578438
2019-06-02 03:00:00,0.2443442948952224
2019-06-02 04:00:00,0.23870082730563635
2019-06-02 05:00:00,0.23411157077304498
2019-06-02 06:00:00,0.22768776653292908
2019-06-02 07:00:00,0.22146313489066075
2019-06-02 08:00:00,0.21188278654347553
2019-06-02 09:00:00,0.20301589985784535
2019-06-02 10:00:00,0.19298165946551643
2019-06-02 11:00:00,0.18762001125537114
2019-06-02 12:00:00,0.1852285709830955
2019-06-02 13:00:00,0.18101871933363428
2019-06-02 14:00:00,0.1739210145738282
2019-06-02 15:00:00,0.16699617385818266
2019-06-02 16:00:00,0.16247272317473066
2019-06-02 17:00:00,0.15927663654010304
2019-06-02 18:00:00,0.15399989124158048
2019-06-02 19:00:00,0.14678867216570524
2019-06-02 20:00:00,0.1392432071655203
2019-06-02 21:00:00,0.13321835757143707
2019-06-02 22:00:00,0.12914071241965944
2019-06-02 23:00:00,0.12603344025521707
2019-06-03 00:00:00,0.12345773908080766
2019-06-03 01:00:00,0.11963616702634466
2019-06-03 02:00:00,0.1148199911670909
2019-06-03 03:00:00,0.11097782634430241
2019-06-03 04:00:00,0.1090635284864132
2019-06-03 05:00:00,0.1067826987117316
2019-06-03 06:00:00,0.10477013408382865
2019-06-03 07:00:00,0.10240305841044997
2019-06-03 08:00:00,0.09913615302665367
2019-06-03 09:00:00,0.09584988452184819
2019-06-03 10:00:00,0.09394554946641516
2019-06-03 11:00:00,0.08519500325771799
2019-06-03 12:00:00,0.07863576578168056
2019-06-03 13:00:00,0.09499080099153565
2019-06-03 14:00:00,0.14910529810061054
2019-06-03 15:00:00,0.29367796865399737
2019-06-03 16:00:00,0.45001699176186466
2019-06-03 17:00:00,0.4105379501931511
2019-06-03 18:00:00,0.5493554296499236
2019-06-03 19:00:00,0.4832397851775551
2019-06-03 20:00:00,0.3780978249461428
2019-06-03 21:00:00,0.3580318732286808
2019-06-03 22:00:00,0.3573012987422144
2019-06-03 23:00:00,0.3712845641278751
2019-06-04 00:00:00,0.40356597797817917
2019-06-04 01:00:00,0.48481011592650597
2019-06-04 02:00:00,0.531105779151512
2019-06-04 03:00:00,0.5601661046117075
2019-06-04 04:00:00,0.5667550359403378
2019-06-04 05:00:00,0.5595480239396609
2019-06-04 06:00:00,0.5524327063837925
2019-06-04 07:00:00,0.5489245349343231
2019-06-04 08:00:00,0.5395701732080074
2019-06-04 09:00:00,0.5312796293620803
2019-06-04 10:00:00,0.5197123237714586
2019-06-04 11:00:00,0.5049831042247912
2019-06-04 12:00:00,0.48402864763055753
2019-06-04 13:00:00,0.46184863087248706
2019-06-04 14:00:00,0.44398635606273557
2019-06-04 15:00:00,0.4330999173064122
2019-06-04 16:00:00,0.43011508062127013
2019-06-04 17:00:00,0.43492823228492244
2019-06-04 18:00:00,0.445844423670848
2019-06-04 19:00:00,0.45964604731312875
2019-06-04 20:00:00,0.4726537320467919
2019-06-04 21:00:00,0.4824389127312256
2019-06-04 22:00:00,0.48742806979912273
2019-06-04 23:00:00,0.48891949604534823
2019-06-05 00:00:00,0.48675599255461427
2019-06-05 01:00:00,0.48079147847290493
2019-06-05 02:00:00,0.47117343632396785
2019-06-05 03:00:00,0.45782535167701544
2019-06-05 04:00:00,0.43649900636970496
2019-06-05 05:00:00,0.40568492882944834
2019-06-05 06:00:00,0.36901257331274623
2019-06-05 07:00:00,0.3330481894904266
2019-06-05 08:00:00,0.29996483093823745
2019-06-05 09:00:00,0.27031487590560094
2019-06-05 10:00:00,0.24583720731149558
2019-06-05 11:00:00,0.2255937583967946
2019-06-05 12:00:00,0.20585287366786476
2019-06-05 13:00:00,0.18825323090097226
2019-06-05 14:00:00,0.17253613266670204
2019-06-05 15:00:00,0.16082574288924698
2019-06-05 16:00:00,0.15454586174779164
2019-06-05 17:00:00,0.14937740923561976
2019-06-05 18:00:00,0.14575065905170648
2019-06-05 19:00:00,0.14337435254623018
2019-06-05 20:00:00,0.1412726699120002
2019-06-05 21:00:00,0.1391722092133462
2019-06-05 22:00:00,0.13715169923827064
2019-06-05 23:00:00,0.1350850338559417
2019-06-06 00:00:00,0.1329915296402273
2019-06-06 01:00:00,0.13098732928439283
2019-06-06 02:00:00,0.12913132708613548
2019-06-06 03:00:00,0.127301453976028
2019-06-06 04:00:00,0.1253947112112667
2019-06-06 05:00:00,0.12325341720255775
2019-06-06 06:00:00,0.12075750336188189
2019-06-06 07:00:00,0.11823617972589762
2019-06-06 08:00:00,0.1137219452343014
2019-06-06 09:00:00,0.11016748930857434
2019-06-06 10:00:00,0.1089658914883789
2019-06-06 11:00:00,0.10857203709213686
2019-06-06 12:00:00,0.10933155869625696
2019-06-06 13:00:00,0.11129285480289533
2019-06-06 14:00:00,0.11324148924969574
2019-06-06 15:00:00,0.11506366037586152
2019-06-06 16:00:00,0.11663053582956899
2019-06-06 17:00:00,0.1178914972415462
2019-06-06 18:00:00,0.11877665643301297
2019-06-06 19:00:00,0.11911431265543965
2019-06-06 20:00:00,0.11880932767260143
2019-06-06 21:00:00,0.11774745244551077
2019-06-06 22:00:00,0.11580645506263632
2019-06-06 23:00:00,0.11339850593786054
2019-06-07 00:00:00,0.11074490517512643
2019-06-07 01:00:00,0.1082367853787563
2019-06-07 02:00:00,0.10593849840394351
2019-06-07 03:00:00,0.10369212813424879
2019-06-07 04:00:00,0.10359601510932064
2019-06-07 05:00:00,0.10601044851589862
2019-06-07 06:00:00,0.11012276785118008
2019-06-07 07:00:00,0.11606134743854792
2019-06-07 08:00:00,0.12190361099929382
2019-06-07 09:00:00,0.1283059226017897
2019-06-07 10:00:00,0.13502784824415637
2019-06-07 11:00:00,0.14118847711149113
2019-06-07 12:00:00,0.14630849196475892
2019-06-07 13:00:00,0.15016230647522807
2019-06-07 14:00:00,0.1527538510652076
2019-06-07 15:00:00,0.1527384429630147
2019-06-07 16:00:00,0.15364642064392336
2019-06-07 17:00:00,0.1531283791541385
2019-06-07 18:00:00,0.15154037161138958
2019-06-07 19:00:00,0.14900242130739544
2019-06-07 20:00:00,0.1459768520096679
2019-06-07 21:00:00,0.1432273106598165
2019-06-07 22:00:00,0.14164540099658635
2019-06-07 23:00:00,0.14166586157143962
2019-06-08 00:00:00,0.14331213232595444
2019-06-08 01:00:00,0.14626093122357461
2019-06-08 02:00:00,0.1503357205657305
2019-06-08 03:00:00,0.15563305743861447
2019-06-08 04:00:00,0.16238498633278267
2019-06-08 05:00:00,0.17099450561510607
2019-06-08 06:00:00,0.18136874094645417
2019-06-08 07:00:00,0.19253693405033706
2019-06-08 08:00:00,0.2010703991710825
2019-06-08 09:00:00,0.20467188242902143
2019-06-08 10:00:00,0.20418379126570538
2019-06-08 11:00:00,0.19966466498296284
2019-06-08 12:00:00,0.1912008126803913
2019-06-08 13:00:00,0.17989388683846103
2019-06-08 14:00:00,0.16628740117321697
2019-06-08 15:00:00,0.1609100546186979
2019-06-08 16:00:00,0.16286302807520034
2019-06-08 17:00:00,0.1692956836377996
2019-06-08 18:00:00,0.1785543836066564
2019-06-08 19:00:00,0.186980000001188
2019-06-08 20:00:00,0.1913763507598989
2019-06-08 21:00:00,0.19276904672651846
2019-06-08 22:00:00,0.19103058157157493
2019-06-08 23:00:00,0.18630381996800102
2019-06-09 00:00:00,0.17714222037707802
2019-06-09 01:00:00,0.1640058700366177
2019-06-09 02:00:00,0.14944267267506725
2019-06-09 03:00:00,0.13751287452870511
2019-06-09 04:00:00,0.13000528859973526
2019-06-09 05:00:00,0.12366487530973545
2019-06-09 06:00:00,0.12102325148770858
2019-06-09 07:00:00,0.11963362925857096
2019-06-09 08:00:00,0.11891245480175172
2019-06-09 09:00:00,0.11859928657092378
2019-06-09 10:00:00,0.11838143458429591
2019-06-09 11:00:00,0.11806597628040029
2019-06-09 12:00:00,0.1175872480119181
2019-06-09 13:00:00,0.11685457276972641
2019-06-09 14:00:00,0.11562833486455144
2019-06-09 15:00:00,0.11379821008973565
2019-06-09 16:00:00,0.11130319369244157
2019-06-09 17:00:00,0.10817421790269761
2019-06-09 18:00:00,0.10437013559075219
2019-06-09 19:00:00,0.09988551404599623
2019-06-09 20:00:00,0.0948244229655269
2019-06-09 21:00:00,0.0893311024213726
2019-06-09 22:00:00,0.08355082695089093
2019-06-09 23:00:00,0.07763534326636677
2019-06-10 00:00:00,0.07177531120532901
2019-06-10 01:00:00,0.06612311269285062
2019-06-10 02:00:00,0.06080299253886741
2019-06-10 03:00:00,0.055917862188379464
2019-06-10 04:00:00,0.0512785136145923
2019-06-10 05:00:00,0.04684528710819282
2019-06-10 06:00:00,0.04378183825127879
2019-06-10 07:00:00,0.04201772546118241
2019-06-10 08:00:00,0.04079520968124539
2019-06-10 09:00:00,0.03994614961930558
2019-06-10 10:00:00,0.04056372756563318
2019-06-10 11:00:00,0.04391896128097398
2019-06-10 12:00:00,0.05416393009936447
2019-06-10 13:00:00,0.07225193051519364
2019-06-10 14:00:00,0.0967923218212588
2019-06-10 15:00:00,0.12430161333940769
2019-06-10 16:00:00,0.1496934848765051
2019-06-10 17:00:00,0.17372329798743563
2019-06-10 18:00:00,0.19332050166568385
2019-06-10 19:00:00,0.20896199314030084
2019-06-10 20:00:00,0.22349936009803367
2019-06-10 21:00:00,0.23254931901880113
2019-06-10 22:00:00,0.23726024795900727
2019-06-10 23:00:00,0.23874103758923443
2019-06-11 00:00:00,0.2388444361777791
2019-06-11 01:00:00,0.2393939081168449
2019-06-11 02:00:00,0.24305131952243822
2019-06-11 03:00:00,0.25902109282481794
2019-06-11 04:00:00,0.2831025410778798
2019-06-11 05:00:00,0.31178980862297206
2019-06-11 06:00:00,0.33630891436507443
2019-06-11 07:00:00,0.35436975197692505
2019-06-11 08:00:00,0.383801589450815
2019-06-11 09:00:00,0.4246631220162331
2019-06-11 10:00:00,0.4601654330262611
2019-06-11 11:00:00,0.4799917647682948
2019-06-11 12:00:00,0.4899234376259948
2019-06-11 13:00:00,0.48498202488730685
2019-06-11 14:00:00,0.469179887314994
2019-06-11 15:00:00,0.4505996159162608
2019-06-11 16:00:00,0.43084047647333873
2019-06-11 17:00:00,0.40404840454961166
2019-06-11 18:00:00,0.37395924717100054
2019-06-11 19:00:00,0.3642638165319272
2019-06-11 20:00:00,0.3686906804022788
2019-06-11 21:00:00,0.38009147082738753
2019-06-11 22:00:00,0.397685640956733
2019-06-11 23:00:00,0.42580627430235257
2019-06-12 00:00:00,0.46588727985107725
2019-06-12 01:00:00,0.5071115358926789
2019-06-12 02:00:00,0.5256495449420763
2019-06-12 03:00:00,0.5454574918770632
2019-06-12 04:00:00,0.5689778384103849
2019-06-12 05:00:00,0.5844340562979417
2019-06-12 06:00:00,0.5871267847794426
2019-06-12 07:00:00,0.5671367894066678
2019-06-12 08:00:00,0.546447440239235
2019-06-12 09:00:00,0.5108773128491554
2019-06-12 10:00:00,0.48818269778583917
2019-06-12 11:00:00,0.48153743954431505
2019-06-12 12:00:00,0.47159966516823465
2019-06-12 13:00:00,0.447499758593346
2019-06-12 14:00:00,0.4213073114049255
2019-06-12 15:00:00,0.4075885235052562
2019-06-12 16:00:00,0.40257860609313767
2019-06-12 17:00:00,0.4022021108192535
2019-06-12 18:00:00,0.4036639573352564
2019-06-12 19:00:00,0.3941738218689049
2019-06-12 20:00:00,0.384453381336716
2019-06-12 21:00:00,0.3760464379454376
2019-06-12 22:00:00,0.36368929214277346
2019-06-12 23:00:00,0.3535980862680602
2019-06-13 00:00:00,0.3481626572939357
2019-06-13 01:00:00,0.3330111447284563
2019-06-13 02:00:00,0.31860858950403237
2019-06-13 03:00:00,0.3096250029634332
2019-06-13 04:00:00,0.30292936317553887
2019-06-13 05:00:00,0.29371568129300274
2019-06-13 06:00:00,0.28783099596766826
2019-06-13 07:00:00,0.26997904256111577
2019-06-13 08:00:00,0.24957060366230732
2019-06-13 09:00:00,0.2326768203310437
2019-06-13 10:00:00,0.22214777422924153
2019-06-13 11:00:00,0.21558613778918365
2019-06-13 12:00:00,0.215669388657449
2019-06-13 13:00:00,0.2228044328572742
2019-06-13 14:00:00,0.23745650954100647
2019-06-13 15:00:00,0.2572810562052091
2019-06-13 16:00:00,0.27904097229880387
2019-06-13 17:00:00,0.2995396755659379
2019-06-13 18:00:00,0.3174565340540829
2019-06-13 19:00:00,0.3327521320154152
2019-06-13 20:00:00,0.35164002904763086
2019-06-13 21:00:00,0.3659602602192541
2019-06-13 22:00:00,0.3432395804473566
2019-06-13 23:00:00,0.3097093666502388
2019-06-14 00:00:00,0.2821993812345405
2019-06-14 01:00:00,0.2570634652834202
2019-06-14 02:00:00,0.23949324999906765
2019-06-14 03:00:00,0.2237712699574249
2019-06-14 04:00:00,0.2029301127980128
2019-06-14 05:00:00,0.17818938267562248
2019-06-14 06:00:00,0.1563519489290065
2019-06-14 07:00:00,0.13525514809626932
2019-06-14 08:00:00,0.12230714566687961
2019-06-14 09:00:00,0.11553575047850712
2019-06-14 10:00:00,0.10955461188723806
2019-06-14 11:00:00,0.10541491004740934
2019-06-14 12:00:00,0.10353996399126393
2019-06-14 13:00:00,0.10188227256148136
2019-06-14 14:00:00,0.09901229767627465
2019-06-14 15:00:00,0.09494362286245256
2019-06-14 16:00:00,0.08968143425947908
2019-06-14 17:00:00,0.0873237808377902
2019-06-14 18:00:00,0.08498836130443929
2019-06-14 19:00:00,0.08324343439149787
2019-06-14 20:00:00,0.08399765482366144
2019-06-14 21:00:00,0.08699626531536063
2019-06-14 22:00:00,0.08947930603749701
2019-06-14 23:00:00,0.08897377886077597
2019-06-15 00:00:00,0.0881449447313911
2019-06-15 01:00:00,0.08747408997562515
2019-06-15 02:00:00,0.08678260399167745
2019-06-15 03:00:00,0.08574112410677506
2019-06-15 04:00:00,0.08431588587384897
2019-06-15 05:00:00,0.08247220091275291
2019-06-15 06:00:00,0.07997072708797319
2019-06-15 07:00:00,0.07701775513480466
2019-06-15 08:00:00,0.0744276234201244
2019-06-15 09:00:00,0.0709881436042449
2019-06-15 10:00:00,0.06388396275634824
2019-06-15 11:00:00,0.05993388593227399
2019-06-15 12:00:00,0.0556899112930142
2019-06-15 13:00:00,0.0521896737508344
2019-06-15 14:00:00,0.05052596967857182
2019-06-15 15:00:00,0.04752857855183001
2019-06-15 16:00:00,0.04329180871187765
2019-06-15 17:00:00,0.04129004406362526
2019-06-15 18:00:00,0.040273743396309604
2019-06-15 19:00:00,0.039234772204050104
2019-06-15 20:00:00,0.03740242145522121
2019-06-15 21:00:00,0.034472854147126
2019-06-15 22:00:00,0.03248026640201177
2019-06-15 23:00:00,0.03034020251920642
2019-06-16 00:00:00,0.02888984591730946
2019-06-16 01:00:00,0.027636939969447022
2019-06-16 02:00:00,0.026105882377424894
2019-06-16 03:00:00,0.024667801653125494
2019-06-16 04:00:00,0.02371607859183306
2019-06-16 05:00:00,0.022973175519285235
2019-06-16 06:00:00,0.02343822055323209
2019-06-16 07:00:00,0.023336378321287987
2019-06-16 08:00:00,0.023060483633400887
2019-06-16 09:00:00,0.02290191910301944
2019-06-16 10:00:00,0.023252086091986073
2019-06-16 11:00:00,0.024328987817222595
2019-06-16 12:00:00,0.02458585893457009
2019-06-16 13:00:00,0.02391893633295647
2019-06-16 14:00:00,0.022243412357370342
2019-06-16 15:00:00,0.01984945683271515
2019-06-16 16:00:00,0.01937148022092307
2019-06-16 17:00:00,0.018153541702394953
2019-06-16 18:00:00,0.016669687284822515
2019-06-16 19:00:00,0.017622871021156394
2019-06-16 20:00:00,0.017496354094706873
2019-06-16 21:00:00,0.017462229626281585
2019-06-16 22:00:00,0.016783280118045737
2019-06-16 23:00:00,0.016111176832885987
2019-06-17 00:00:00,0.01596052553197186
2019-06-17 01:00:00,0.016153650680243936
2019-06-17 02:00:00,0.01617701893731953
2019-06-17 03:00:00,0.015959474332996795
2019-06-17 04:00:00,0.0155323560763732
2019-06-17 05:00:00,0.016311903331612934
2019-06-17 06:00:00,0.01751148351307314
2019-06-17 07:00:00,0.01806194284381702
2019-06-17 08:00:00,0.01828952748513305
2019-06-17 09:00:00,0.0181985270249578
2019-06-17 10:00:00,0.017576421348131248
2019-06-17 11:00:00,0.014240091305452143
2019-06-17 12:00:00,0.011824153917513461
2019-06-17 13:00:00,0.011651932069681245
2019-06-17 14:00:00,0.012425262400753272
2019-06-17 15:00:00,0.012625041407215222
2019-06-17 16:00:00,0.012267155682803808
2019-06-17 17:00:00,0.011676920327611312
2019-06-17 18:00:00,0.010886118134818998
2019-06-17 19:00:00,0.009958516318878237
2019-06-17 20:00:00,0.00908986129714119
2019-06-17 21:00:00,0.008398395591943969
2019-06-17 22:00:00,0.007681106060705878
2019-06-17 23:00:00,0.006955595510791073
2019-06-18 00:00:00,0.0060044213102641
2019-06-18 01:00:00,0.004974902692590989
2019-06-18 02:00:00,0.004585184515033081
2019-06-18 03:00:00,0.003848929194369503
2019-06-18 04:00:00,0.003500604935780423
2019-06-18 05:00:00,0.0033021829381848083
2019-06-18 06:00:00,0.0033417139939565165
2019-06-18 07:00:00,0.0034413337223963857
2019-06-18 08:00:00,0.007278618424929914
2019-06-18 09:00:00,0.014622867607264793
2019-06-18 10:00:00,0.02707654085308576
2019-06-18 11:00:00,0.04900598363853443
2019-06-18 12:00:00,0.0871281424918751
2019-06-18 13:00:00,0.11461870579710202
2019-06-18 14:00:00,0.11280861296103287
2019-06-18 15:00:00,0.10802456592637923
2019-06-18 16:00:00,0.10284564772866202
2019-06-18 17:00:00,0.10041463770475366
2019-06-18 18:00:00,0.09590090502668355
2019-06-18 19:00:00,0.08482661844257157
2019-06-18 20:00:00,0.07446355626628319
2019-06-18 21:00:00,0.06683505110609204
2019-06-18 22:00:00,0.060230277504039566
2019-06-18 23:00:00,0.0548761426019136
2019-06-19 00:00:00,0.049054316354957696
2019-06-19 01:00:00,0.04448820887152243
2019-06-19 02:00:00,0.041494585397163136
2019-06-19 03:00:00,0.03862754268184669
2019-06-19 04:00:00,0.03661260088601695
2019-06-19 05:00:00,0.03590445963282725
2019-06-19 06:00:00,0.03522129570411208
2019-06-19 07:00:00,0.034210594719449906
2019-06-19 08:00:00,0.033283312240630414
2019-06-19 09:00:00,0.032507799413716926
2019-06-19 10:00:00,0.032484995783201985
2019-06-19 11:00:00,0.03258045304555031
2019-06-19 12:00:00,0.03335414491852096
2019-06-19 13:00:00,0.03368592490260076
2019-06-19 14:00:00,0.033953240221779576
2019-06-19 15:00:00,0.03450469768893692
2019-06-19 16:00:00,0.03538961133784534
2019-06-19 17:00:00,0.036497781672419835
2019-06-19 18:00:00,0.03790659665748128
2019-06-19 19:00:00,0.040153958548679564
2019-06-19 20:00:00,0.04567508444466673
2019-06-19 21:00:00,0.05320326881993648
2019-06-19 22:00:00,0.06139098770715282
2019-06-19 23:00:00,0.06864594436989473
2019-06-20 00:00:00,0.07537494795762253
2019-06-20 01:00:00,0.08180968364026406
2019-06-20 02:00:00,0.08842719872510098
2019-06-20 03:00:00,0.09499558366736169
2019-06-20 04:00:00,0.10027118746870738
2019-06-20 05:00:00,0.10236716677922848
2019-06-20 06:00:00,0.10119408070256933
2019-06-20 07:00:00,0.0976541848048798
2019-06-20 08:00:00,0.09383375546993412
2019-06-20 09:00:00,0.09073369143580695
2019-06-20 10:00:00,0.08808110323717225
2019-06-20 11:00:00,0.08465596264942006
2019-06-20 12:00:00,0.07998998175321673
2019-06-20 13:00:00,0.07492067269883304
2019-06-20 14:00:00,0.0691436325343783
2019-06-20 15:00:00,0.06331623733507831
2019-06-20 16:00:00,0.06610068286930786
2019-06-20 17:00:00,0.09567662242479025
2019-06-20 18:00:00,0.1290320960915716
2019-06-20 19:00:00,0.1554508733070508
2019-06-20 20:00:00,0.17979694438752572
2019-06-20 21:00:00,0.21177945678729015
2019-06-20 22:00:00,0.252564638091407
2019-06-20 23:00:00,0.27295669232895553
2019-06-21 00:00:00,0.2855795983503099
2019-06-21 01:00:00,0.30274363400270926
2019-06-21 02:00:00,0.33592556740728813
2019-06-21 03:00:00,0.3562717429665972
2019-06-21 04:00:00,0.34533640203100086
2019-06-21 05:00:00,0.34316827949532586
2019-06-21 06:00:00,0.3223753535221889
2019-06-21 07:00:00,0.2921723759090672
2019-06-21 08:00:00,0.2610879546945265
2019-06-21 09:00:00,0.23182071599055193
2019-06-21 10:00:00,0.21131327456609617
2019-06-21 11:00:00,0.20702445341243772
2019-06-21 12:00:00,0.21573317224255467
2019-06-21 13:00:00,0.22615244323376538
2019-06-21 14:00:00,0.23566182889006337
2019-06-21 15:00:00,0.24066904527362004
2019-06-21 16:00:00,0.23810577921314643
2019-06-21 17:00:00,0.23676067565910602
2019-06-21 18:00:00,0.22705273876173362
2019-06-21 19:00:00,0.21067473985370436
2019-06-21 20:00:00,0.1951259596391124
2019-06-21 21:00:00,0.17989258956979642
2019-06-21 22:00:00,0.1689394767482769
2019-06-21 23:00:00,0.15656930845898392
2019-06-22 00:00:00,0.14551497085245244
2019-06-22 01:00:00,0.1344221904233214
2019-06-22 02:00:00,0.1270524797837807
2019-06-22 03:00:00,0.11888145355032248
2019-06-22 04:00:00,0.10991287728662935
2019-06-22 05:00:00,0.10101557620329531
2019-06-22 06:00:00,0.09481109076912637
2019-06-22 07:00:00,0.09005749119794762
2019-06-22 08:00:00,0.08644761672461607
2019-06-22 09:00:00,0.08298517474177233
2019-06-22 10:00:00,0.07924827878374502
2019-06-22 11:00:00,0.07533941101330269
2019-06-22 12:00:00,0.07107616422743837
2019-06-22 13:00:00,0.06706847275530459
2019-06-22 14:00:00,0.0645168836344371
2019-06-22 15:00:00,0.0657513160777857
2019-06-22 16:00:00,0.0716347648974541
2019-06-22 17:00:00,0.07964399985055455
2019-06-22 18:00:00,0.08492555765092946
2019-06-22 19:00:00,0.08440596883904879
2019-06-22 20:00:00,0.07924730696622408
2019-06-22 21:00:00,0.07212600967635589
2019-06-22 22:00:00,0.064775141368809
2019-06-22 23:00:00,0.05773321160861824
2019-06-23 00:00:00,0.051134221693518736
2019-06-23 01:00:00,0.04489833481795979
2019-06-23 02:00:00,0.03901229625884561
2019-06-23 03:00:00,0.033623187264586615
2019-06-23 04:00:00,0.030756096624279777
2019-06-23 05:00:00,0.02885658249591643
2019-06-23 06:00:00,0.027359094372518367
2019-06-23 07:00:00,0.02627212556018914
2019-06-23 08:00:00,0.025558499304088874
2019-06-23 09:00:00,0.02517472905199227
2019-06-23 10:00:00,0.02504162938210914
2019-06-23 11:00:00,0.02510641027760398
2019-06-23 12:00:00,0.025293193443662664
2019-06-23 13:00:00,0.025439513220571267
2019-06-23 14:00:00,0.02547707381736619
2019-06-23 15:00:00,0.025244448448953134
2019-06-23 16:00:00,0.02188147909440069
2019-06-23 17:00:00,0.021630310551338065
2019-06-23 18:00:00,0.02271915856585165
2019-06-23 19:00:00,0.023876166758661707
2019-06-23 20:00:00,0.025718357336521194
2019-06-23 21:00:00,0.027632486945279946
2019-06-23 22:00:00,0.02824028517859068
2019-06-23 23:00:00,0.02877853729675312
2019-06-24 00:00:00,0.03062335273830684
2019-06-24 01:00:00,0.03282450433364081
2019-06-24 02:00:00,0.03466769203202035
2019-06-24 03:00:00,0.036239044853295856
2019-06-24 04:00:00,0.03705605723947256
2019-06-24 05:00:00,0.03751096942731619
2019-06-24 06:00:00,0.037904894468785144
2019-06-24 07:00:00,0.03774458491918347
2019-06-24 08:00:00,0.03753308634124351
2019-06-24 09:00:00,0.03547776508458949
2019-06-24 10:00:00,0.033305259509248
2019-06-24 11:00:00,0.03288191088151401
2019-06-24 12:00:00,0.030671770508490397
2019-06-24 13:00:00,0.029166820466200043
2019-06-24 14:00:00,0.0293440953881856
2019-06-24 15:00:00,0.030058963202372495
2019-06-24 16:00:00,0.024878202926469913
2019-06-24 17:00:00,0.02491445095788306
2019-06-24 18:00:00,0.024204104082771655
2019-06-24 19:00:00,0.02235036659178395
2019-06-24 20:00:00,0.02080297740699194
2019-06-24 21:00:00,0.020796444597526338
2019-06-24 22:00:00,0.021666448387593552
2019-06-24 23:00:00,0.022940118031436342
2019-06-25 00:00:00,0.023578078787932128
2019-06-25 01:00:00,0.025373128102997987
2019-06-25 02:00:00,0.028308983229341937
2019-06-25 03:00:00,0.030729674120731035
2019-06-25 04:00:00,0.03208278366500835
2019-06-25 05:00:00,0.03412184134684938
2019-06-25 06:00:00,0.03450245077094684
2019-06-25 07:00:00,0.034690409569226394
2019-06-25 08:00:00,0.035225586320588254
2019-06-25 09:00:00,0.035783848167872605
2019-06-25 10:00:00,0.037461996327673434
2019-06-25 11:00:00,0.04033395644462075
2019-06-25 12:00:00,0.04182813236957704
2019-06-25 13:00:00,0.040911192751901304
2019-06-25 14:00:00,0.037489515579742776
2019-06-25 15:00:00,0.03409547709744713
2019-06-25 16:00:00,0.03093107043436563
2019-06-25 17:00:00,0.028305801734083
2019-06-25 18:00:00,0.026029574749810606
2019-06-25 19:00:00,0.02390083291139213
2019-06-25 20:00:00,0.021525826490236048
2019-06-25 21:00:00,0.018544059403997483
2019-06-25 22:00:00,0.01709722997876814
2019-06-25 23:00:00,0.015957023864233286
2019-06-26 00:00:00,0.01511956951624519
2019-06-26 01:00:00,0.014186675330370735
2019-06-26 02:00:00,0.013066142678334842
2019-06-26 03:00:00,0.011708232653267439
2019-06-26 04:00:00,0.01016595685139391
2019-06-26 05:00:00,0.008292693819546434
2019-06-26 06:00:00,0.0064858849298586405
2019-06-26 07:00:00,0.006319796148978473
2019-06-26 08:00:00,0.006691713184963413
2019-06-26 09:00:00,0.0076006134246132595
2019-06-26 10:00:00,0.009585500626306821
2019-06-26 11:00:00,0.012662357221292744
2019-06-26 12:00:00,0.01693188548295726
2019-06-26 13:00:00,0.023661532281181966
2019-06-26 14:00:00,0.033281663000206664
2019-06-26 15:00:00,0.04556096073875951
2019-06-26 16:00:00,0.06322512858798891
2019-06-26 17:00:00,0.09217088260453488
2019-06-26 18:00:00,0.12687273496607757
2019-06-26 19:00:00,0.16586238136238737
2019-06-26 20:00:00,0.24142374236847247
2019-06-26 21:00:00,0.2976310463698368
2019-06-26 22:00:00,0.33130961360579253
2019-06-26 23:00:00,0.3517166415010206
2019-06-27 00:00:00,0.36559401740420205
2019-06-27 01:00:00,0.3850884793269328
2019-06-27 02:00:00,0.3985770264411385
2019-06-27 03:00:00,0.40355519953625413
2019-06-27 04:00:00,0.3985937465615332
2019-06-27 05:00:00,0.3875692354084916
2019-06-27 06:00:00,0.37056279115711155
2019-06-27 07:00:00,0.3484557165924203
2019-06-27 08:00:00,0.32026446530679237
2019-06-27 09:00:00,0.29189458738063967
2019-06-27 10:00:00,0.26584432782480677
2019-06-27 11:00:00,0.24265923235199469
2019-06-27 12:00:00,0.22270766334905592
2019-06-27 13:00:00,0.20568676808589728
2019-06-27 14:00:00,0.1911256096592762
2019-06-27 15:00:00,0.17884086753119027
2019-06-27 16:00:00,0.16878898569488254
2019-06-27 17:00:00,0.16314126740745954
2019-06-27 18:00:00,0.16075347801968362
2019-06-27 19:00:00,0.15933830030178597
2019-06-27 20:00:00,0.15811306663329075
2019-06-27 21:00:00,0.15653489964379158
2019-06-27 22:00:00,0.15498925861254706
2019-06-27 23:00:00,0.15339709590180373
2019-06-28 00:00:00,0.1516565679930919
2019-06-28 01:00:00,0.14962900130704657
2019-06-28 02:00:00,0.1472966844649322
2019-06-28 03:00:00,0.14455764036192964
2019-06-28 04:00:00,0.1413753694560873
2019-06-28 05:00:00,0.1377726373339667
2019-06-28 06:00:00,0.13378558298197057
2019-06-28 07:00:00,0.12958246066478152
2019-06-28 08:00:00,0.1251737039763992
2019-06-28 09:00:00,0.1206054273788352
2019-06-28 10:00:00,0.11587006807111241
2019-06-28 11:00:00,0.10927636939848007
2019-06-28 12:00:00,0.10378496248639867
2019-06-28 13:00:00,0.09970137246244513
2019-06-28 14:00:00,0.09681817274886921
2019-06-28 15:00:00,0.09544413746272817
2019-06-28 16:00:00,0.09380848625536431
2019-06-28 17:00:00,0.09235082218396921
2019-06-28 18:00:00,0.09160786391328456
2019-06-28 19:00:00,0.0904030565698644
2019-06-28 20:00:00,0.08874138233458324
2019-06-28 21:00:00,0.08753660179427186
2019-06-28 22:00:00,0.08788537469753245
2019-06-28 23:00:00,0.08787634165419829
2019-06-29 00:00:00,0.087647460644803
2019-06-29 01:00:00,0.0864805863913633
2019-06-29 02:00:00,0.08480975475763754
2019-06-29 03:00:00,0.08312925116487477
2019-06-29 04:00:00,0.08147082578562866
2019-06-29 05:00:00,0.07968305868389045
2019-06-29 06:00:00,0.07732328566546709
2019-06-29 07:00:00,0.07068543365237466
2019-06-29 08:00:00,0.07099232967466303
2019-06-29 09:00:00,0.07159310650051595
2019-06-29 10:00:00,0.07087109530748785
2019-06-29 11:00:00,0.06739082853590216
2019-06-29 12:00:00,0.07264853300823558
2019-06-29 13:00:00,0.07308000433323915
2019-06-29 14:00:00,0.07283281328861343
2019-06-29 15:00:00,0.07343352838493994
2019-06-29 16:00:00,0.07643531910925698
2019-06-29 17:00:00,0.08034986126145038
2019-06-29 18:00:00,0.08173805046552156
2019-06-29 19:00:00,0.08035444724084562
2019-06-29 20:00:00,0.07769746451106706
2019-06-29 21:00:00,0.07476524432450249
2019-06-29 22:00:00,0.07223116491789926
2019-06-29 23:00:00,0.06979390413319238
2019-06-30 00:00:00,0.06745808122520018
2019-06-30 01:00:00,0.06523542036035034
2019-06-30 02:00:00,0.06333791901500187
2019-06-30 03:00:00,0.06181884240499666
2019-06-30 04:00:00,0.060802583132990376
2019-06-30 05:00:00,0.060671660501437574
2019-06-30 06:00:00,0.060618848420052
2019-06-30 07:00:00,0.06049968523835944
2019-06-30 08:00:00,0.05984679839088483
2019-06-30 09:00:00,0.057403683602700775
2019-06-30 10:00:00,0.04650862473180623
2019-06-30 11:00:00,0.04794583943565174
2019-06-30 12:00:00,0.06139473844473257
2019-06-30 13:00:00,0.0753147231599179
2019-06-30 14:00:00,0.08846055703442166
2019-06-30 15:00:00,0.11013568117600848
2019-06-30 16:00:00,0.14723769168935505
2019-06-30 17:00:00,0.19373048412452237
2019-06-30 18:00:00,0.23441527454170918
2019-06-30 19:00:00,0.27059103038833954
2019-06-30 20:00:00,0.3098024559992167
2019-06-30 21:00:00,0.36387435651957484
2019-06-30 22:00:00,0.41096949902065655
2019-06-30 23:00:00,0.4494610703429214
2019-07-01 00:00:00,0.4386674421939448
2019-07-01 01:00:00,0.4014889941048182
2019-07-01 02:00:00,0.3717141816539458
2019-07-01 03:00:00,0.3544214795900547
2019-07-01 04:00:00,0.3352546491527728
2019-07-01 05:00:00,0.31798775488200093
2019-07-01 06:00:00,0.3084385917255342
2019-07-01 07:00:00,0.3317885485256008
2019-07-01 08:00:00,0.36817004662732555
2019-07-01 09:00:00,0.402312796987165
2019-07-01 10:00:00,0.4454495066124055
2019-07-01 11:00:00,0.49991278406612566
2019-07-01 12:00:00,0.565156166334175
2019-07-01 13:00:00,0.6176612374476372
2019-07-01 14:00:00,0.6387872837337768
2019-07-01 15:00:00,0.6361645416724865
2019-07-01 16:00:00,0.6159660947666702
2019-07-01 17:00:00,0.5865855611295945
2019-07-01 18:00:00,0.5505937658389742
2019-07-01 19:00:00,0.5091691670672794
2019-07-01 20:00:00,0.4616848546910462
2019-07-01 21:00:00,0.42586800597721736
2019-07-01 22:00:00,0.4007953315365077
2019-07-01 23:00:00,0.38042290282135083
2019-07-02 00:00:00,0.36213454055226385
2019-07-02 01:00:00,0.34517994073757746
2019-07-02 02:00:00,0.3139650614032454
2019-07-02 03:00:00,0.2819197397326483
2019-07-02 04:00:00,0.2529886606364182
2019-07-02 05:00:00,0.22719161630937465
2019-07-02 06:00:00,0.2085488062418515
2019-07-02 07:00:00,0.20811844056846332
2019-07-02 08:00:00,0.21133955942026614
2019-07-02 09:00:00,0.224884499336852
2019-07-02 10:00:00,0.25462739028659964
2019-07-02 11:00:00,0.2779738242138052
2019-07-02 12:00:00,0.291811995397882
2019-07-02 13:00:00,0.30496850126022845
2019-07-02 14:00:00,0.3215013612976796
2019-07-02 15:00:00,0.3380007773884295
2019-07-02 16:00:00,0.3502952631936883
2019-07-02 17:00:00,0.36567810606230555
2019-07-02 18:00:00,0.39351198291412665
2019-07-02 19:00:00,0.42406838904551486
2019-07-02 20:00:00,0.45032828402354513
2019-07-02 21:00:00,0.4737620450774046
2019-07-02 22:00:00,0.4997042993101489
2019-07-02 23:00:00,0.5255938026241248
2019-07-03 00:00:00,0.5542654208139467
2019-07-03 01:00:00,0.581980055629528
2019-07-03 02:00:00,0.5939825522801944
2019-07-03 03:00:00,0.5918389886093137
2019-07-03 04:00:00,0.5820841810469587
2019-07-03 05:00:00,0.5622319144729546
2019-07-03 06:00:00,0.54047443832073
2019-07-03 07:00:00,0.5203257693697183
2019-07-03 08:00:00,0.49838390210400274
2019-07-03 09:00:00,0.47567206804242423
2019-07-03 10:00:00,0.45440751310518096
2019-07-03 11:00:00,0.42571263676110743
2019-07-03 12:00:00,0.39659502586608686
2019-07-03 13:00:00,0.3767456284057926
2019-07-03 14:00:00,0.3741704677111389
2019-07-03 15:00:00,0.3707335151861306
2019-07-03 16:00:00,0.35757073498556446
2019-07-03 17:00:00,0.3635103406427116
2019-07-03 18:00:00,0.3759715869904023
2019-07-03 19:00:00,0.3866311595307933
2019-07-03 20:00:00,0.4031722077093108
2019-07-03 21:00:00,0.4085118912649557
2019-07-03 22:00:00,0.41431907426238734
2019-07-03 23:00:00,0.432729368648567
2019-07-04 00:00:00,0.45481057813029474
2019-07-04 01:00:00,0.45585826841286353
2019-07-04 02:00:00,0.4518170025475791
2019-07-04 03:00:00,0.4563274012345239
2019-07-04 04:00:00,0.5058954618021311
2019-07-04 05:00:00,0.5569246690111233
2019-07-04 06:00:00,0.44538854966173347
2019-07-04 07:00:00,0.37640410430089777
2019-07-04 08:00:00,0.32737147416974455
2019-07-04 09:00:00,0.3193739520193279
2019-07-04 10:00:00,0.32230104055702186
2019-07-04 11:00:00,0.371345704147233
2019-07-04 12:00:00,0.461143670489645
2019-07-04 13:00:00,0.5549607951987041
2019-07-04 14:00:00,0.6360811971202124
2019-07-04 15:00:00,0.599016481688273
2019-07-04 16:00:00,0.5689179355574747
2019-07-04 17:00:00,0.5525056256711038
2019-07-04 18:00:00,0.5352480611835724
2019-07-04 19:00:00,0.5033297732148506
2019-07-04 20:00:00,0.4689437528951755
2019-07-04 21:00:00,0.4320530664516932
2019-07-04 22:00:00,0.3943015853523925
2019-07-04 23:00:00,0.35898690253585874
2019-07-05 00:00:00,0.33179624584668416
2019-07-05 01:00:00,0.31530022892213966
2019-07-05 02:00:00,0.29943693827786044
2019-07-05 03:00:00,0.2848441129227993
2019-07-05 04:00:00,0.2701009325186708
2019-07-05 05:00:00,0.257512880987305
2019-07-05 06:00:00,0.24855804480618204
2019-07-05 07:00:00,0.24444988272306745
2019-07-05 08:00:00,0.2439160082969185
2019-07-05 09:00:00,0.24402008985923554
2019-07-05 10:00:00,0.24662995317204894
2019-07-05 11:00:00,0.24734513777601164
2019-07-05 12:00:00,0.24308948629926724
2019-07-05 13:00:00,0.239752886730235
2019-07-05 14:00:00,0.23554024134217216
2019-07-05 15:00:00,0.23569934419556798
2019-07-05 16:00:00,0.263834393943486
2019-07-05 17:00:00,0.322672469919782
2019-07-05 18:00:00,0.3258522196951378
2019-07-05 19:00:00,0.335270460928824
2019-07-05 20:00:00,0.3410954470990167
2019-07-05 21:00:00,0.34224059444355853
2019-07-05 22:00:00,0.3460847489717668
2019-07-05 23:00:00,0.34886819962498966
2019-07-06 00:00:00,0.3525534525247598
2019-07-06 01:00:00,0.3536497401923993
2019-07-06 02:00:00,0.352824927648607
2019-07-06 03:00:00,0.3546080463477915
2019-07-06 04:00:00,0.3603248684809494
2019-07-06 05:00:00,0.36647403054169
2019-07-06 06:00:00,0.36666912827617815
2019-07-06 07:00:00,0.3620408627782576
2019-07-06 08:00:00,0.357064571034951
2019-07-06 09:00:00,0.3505061612026238
2019-07-06 10:00:00,0.347666486291403
2019-07-06 11:00:00,0.34809189553794123
2019-07-06 12:00:00,0.3421218803736768
2019-07-06 13:00:00,0.3229085918609507
2019-07-06 14:00:00,0.302430440077726
2019-07-06 15:00:00,0.2891484683956925
2019-07-06 16:00:00,0.28021843167639976
2019-07-06 17:00:00,0.273341162443918
2019-07-06 18:00:00,0.2698410866812123
2019-07-06 19:00:00,0.26242988954539975
2019-07-06 20:00:00,0.24654600773132762
2019-07-06 21:00:00,0.22398135798966035
2019-07-06 22:00:00,0.19715625499511563
2019-07-06 23:00:00,0.1728007011168685
2019-07-07 00:00:00,0.15434713666482916
2019-07-07 01:00:00,0.14324734462836206
2019-07-07 02:00:00,0.13841604301486354
2019-07-07 03:00:00,0.14058790928728707
2019-07-07 04:00:00,0.15321231353526266
2019-07-07 05:00:00,0.17481489544565235
2019-07-07 06:00:00,0.19828166618299572
2019-07-07 07:00:00,0.22517687953759125
2019-07-07 08:00:00,0.2609950635011929
2019-07-07 09:00:00,0.2935013824221805
2019-07-07 10:00:00,0.31032992805704396
2019-07-07 11:00:00,0.3193450785291111
2019-07-07 12:00:00,0.3260926428342899
2019-07-07 13:00:00,0.33462399621262795
2019-07-07 14:00:00,0.3439765089300745
2019-07-07 15:00:00,0.3265013365293304
2019-07-07 16:00:00,0.3159797409056076
2019-07-07 17:00:00,0.3044989860036054
2019-07-07 18:00:00,0.28718410604868977
2019-07-07 19:00:00,0.2693049447509247
2019-07-07 20:00:00,0.2541337878456551
2019-07-07 21:00:00,0.2421721171424135
2019-07-07 22:00:00,0.2274187690700012
2019-07-07 23:00:00,0.2130196693083182
2019-07-08 00:00:00,0.20045238413654592
2019-07-08 01:00:00,0.1881363645001744
2019-07-08 02:00:00,0.177162936097198
2019-07-08 03:00:00,0.16492015808909583
2019-07-08 04:00:00,0.15269281104246338
2019-07-08 05:00:00,0.14076834946820155
2019-07-08 06:00:00,0.1289069680963794
2019-07-08 07:00:00,0.12541953320747748
2019-07-08 08:00:00,0.12193178056398597
2019-07-08 09:00:00,0.11810555163584488
2019-07-08 10:00:00,0.11376689467989803
2019-07-08 11:00:00,0.1090087537844196
2019-07-08 12:00:00,0.10396820099278054
2019-07-08 13:00:00,0.09870414461140993
2019-07-08 14:00:00,0.09310495348372615
2019-07-08 15:00:00,0.08711419610104522
2019-07-08 16:00:00,0.08049429125761356
2019-07-08 17:00:00,0.07580655226749446
2019-07-08 18:00:00,0.0714732593198056
2019-07-08 19:00:00,0.06711103332709675
2019-07-08 20:00:00,0.06245338270390729
2019-07-08 21:00:00,0.05804621853375181
2019-07-08 22:00:00,0.05436187488554929
2019-07-08 23:00:00,0.05127563694511035
2019-07-09 00:00:00,0.04971486241963313
2019-07-09 01:00:00,0.0476629423884703
2019-07-09 02:00:00,0.04545793841815074
2019-07-09 03:00:00,0.044051638433304605
2019-07-09 04:00:00,0.043049853624941785
2019-07-09 05:00:00,0.0412458421795203
2019-07-09 06:00:00,0.0387522757358625
2019-07-09 07:00:00,0.03702116471821963
2019-07-09 08:00:00,0.034288113039221954
2019-07-09 09:00:00,0.031223124776178352
2019-07-09 10:00:00,0.02983788636391808
2019-07-09 11:00:00,0.029696544118968566
2019-07-09 12:00:00,0.02997161385422355
2019-07-09 13:00:00,0.030880925964322813
2019-07-09 14:00:00,0.03126553267428742
2019-07-09 15:00:00,0.032100849584294766
2019-07-09 16:00:00,0.033437882548866905
2019-07-09 17:00:00,0.03496887656304074
2019-07-09 18:00:00,0.035989293508849066
2019-07-09 19:00:00,0.03604595995044854
2019-07-09 20:00:00,0.03509756737558505
2019-07-09 21:00:00,0.03384178521386103
2019-07-09 22:00:00,0.034396009597545345
2019-07-09 23:00:00,0.034687346846587815
2019-07-10 00:00:00,0.035478080961888515
2019-07-10 01:00:00,0.03767623711385524
2019-07-10 02:00:00,0.03869891118357883
2019-07-10 03:00:00,0.038707940624826055
2019-07-10 04:00:00,0.038673528894754894
2019-07-10 05:00:00,0.03869988031059209
2019-07-10 06:00:00,0.03880085932967506
2019-07-10 07:00:00,0.03830584581370633
2019-07-10 08:00:00,0.03775498356258646
2019-07-10 09:00:00,0.037312063309192
2019-07-10 10:00:00,0.03699514768503799
2019-07-10 11:00:00,0.03681540255807026
2019-07-10 12:00:00,0.03667350336956979
2019-07-10 13:00:00,0.03652138193492214
2019-07-10 14:00:00,0.036335783752178524
2019-07-10 15:00:00,0.03600486602916812
2019-07-10 16:00:00,0.035468832149520804
2019-07-10 17:00:00,0.03469470116267377
2019-07-10 18:00:00,0.03300047388226942
2019-07-10 19:00:00,0.029124196459492435
2019-07-10 20:00:00,0.027269338178713205
2019-07-10 21:00:00,0.02580895717433903
2019-07-10 22:00:00,0.02437161097949072
2019-07-10 23:00:00,0.02330412586715149
2019-07-11 00:00:00,0.022583777107988423
2019-07-11 01:00:00,0.023022784488808623
2019-07-11 02:00:00,0.02208640338860152
2019-07-11 03:00:00,0.020497913933361294
2019-07-11 04:00:00,0.019788778138796096
2019-07-11 05:00:00,0.019117857387849387
2019-07-11 06:00:00,0.019037121056739482
2019-07-11 07:00:00,0.019267532418687307
2019-07-11 08:00:00,0.01923238151473051
2019-07-11 09:00:00,0.018579445436843207
2019-07-11 10:00:00,0.017198485448324377
2019-07-11 11:00:00,0.015016311263043182
2019-07-11 12:00:00,0.013954302077510158
2019-07-11 13:00:00,0.013578600591140483
2019-07-11 14:00:00,0.014054692898965802
2019-07-11 15:00:00,0.014804264188177388
2019-07-11 16:00:00,0.014649655908254304
2019-07-11 17:00:00,0.013651207269932363
2019-07-11 18:00:00,0.013046886824080686
2019-07-11 19:00:00,0.01295034598967392
2019-07-11 20:00:00,0.012767926437796557
2019-07-11 21:00:00,0.011854330690620123
2019-07-11 22:00:00,0.01088040536189179
2019-07-11 23:00:00,0.011457709230542077
2019-07-12 00:00:00,0.011686006268505527
2019-07-12 01:00:00,0.011558271096464408
2019-07-12 02:00:00,0.011323456135464718
2019-07-12 03:00:00,0.011035081422008564
2019-07-12 04:00:00,0.01072259977893405
2019-07-12 05:00:00,0.01047243479207482
2019-07-12 06:00:00,0.010174271641162125
2019-07-12 07:00:00,0.009543327309599657
2019-07-12 08:00:00,0.009166370893017924
2019-07-12 09:00:00,0.00945954582955097
2019-07-12 10:00:00,0.009606880860610562
2019-07-12 11:00:00,0.009281143875883047
2019-07-12 12:00:00,0.009166592603589664
2019-07-12 13:00:00,0.009456128256232238
2019-07-12 14:00:00,0.009904123879625108
2019-07-12 15:00:00,0.010595402473080823
2019-07-12 16:00:00,0.012629779483957954
2019-07-12 17:00:00,0.014786288007347242
2019-07-12 18:00:00,0.016860142226936606
2019-07-12 19:00:00,0.018801647952044004
2019-07-12 20:00:00,0.02070828910645383
2019-07-12 21:00:00,0.022517356003072978
2019-07-12 22:00:00,0.02410876338255384
2019-07-12 23:00:00,0.025443067558765464
2019-07-13 00:00:00,0.02668477646818454
2019-07-13 01:00:00,0.027789018077609556
2019-07-13 02:00:00,0.028775629998808335
2019-07-13 03:00:00,0.029670757678478685
2019-07-13 04:00:00,0.03048613773314584
2019-07-13 05:00:00,0.031187989694986054
2019-07-13 06:00:00,0.031685352164068606
2019-07-13 07:00:00,0.031774403122975275
2019-07-13 08:00:00,0.023819388076748
2019-07-13 09:00:00,0.022278387327104153
2019-07-13 10:00:00,0.01933468777599749
2019-07-13 11:00:00,0.0185124638903232
2019-07-13 12:00:00,0.018693703292847412
2019-07-13 13:00:00,0.019387835421903286
2019-07-13 14:00:00,0.020329957983862806
2019-07-13 15:00:00,0.021643602979144822
2019-07-13 16:00:00,0.023008274179503078
2019-07-13 17:00:00,0.02822695856386902
2019-07-13 18:00:00,0.03518123759576034
2019-07-13 19:00:00,0.04296137576624943
2019-07-13 20:00:00,0.05099312191142282
2019-07-13 21:00:00,0.05871121721733474
2019-07-13 22:00:00,0.06522333427494453
2019-07-13 23:00:00,0.06864065385796773
2019-07-14 00:00:00,0.06932961317531507
2019-07-14 01:00:00,0.0682721576259324
2019-07-14 02:00:00,0.06615896653870752
2019-07-14 03:00:00,0.0632253372832788
2019-07-14 04:00:00,0.060076909950767095
2019-07-14 05:00:00,0.05659092185800223
2019-07-14 06:00:00,0.05322172499467059
2019-07-14 07:00:00,0.05001699206364698
2019-07-14 08:00:00,0.0467616447630393
2019-07-14 09:00:00,0.04342827397754962
2019-07-14 10:00:00,0.03997430848669906
2019-07-14 11:00:00,0.03689069624165869
2019-07-14 12:00:00,0.034980982281457074
2019-07-14 13:00:00,0.033208185996022106
2019-07-14 14:00:00,0.032139059894267324
2019-07-14 15:00:00,0.03145146915909875
2019-07-14 16:00:00,0.030550934776529103
2019-07-14 17:00:00,0.02965331142219735
2019-07-14 18:00:00,0.028834478535343492
2019-07-14 19:00:00,0.028024618861206496
2019-07-14 20:00:00,0.027302410482551956
2019-07-14 21:00:00,0.026673725373403373
2019-07-14 22:00:00,0.026142437925337558
2019-07-14 23:00:00,0.02574748397399531
2019-07-15 00:00:00,0.025523890460152708
2019-07-15 01:00:00,0.02567180949536582
2019-07-15 02:00:00,0.02606603374420939
2019-07-15 03:00:00,0.026647732612151635
2019-07-15 04:00:00,0.027415078781612062
2019-07-15 05:00:00,0.028429457113080026
2019-07-15 06:00:00,0.02975114494555354
2019-07-15 07:00:00,0.03143857736225121
2019-07-15 08:00:00,0.03354278491360426
2019-07-15 09:00:00,0.03573545723629246
2019-07-15 10:00:00,0.03807942815514933
2019-07-15 11:00:00,0.04100951912372733
2019-07-15 12:00:00,0.044582038674332976
2019-07-15 13:00:00,0.048823356846408796
2019-07-15 14:00:00,0.05366074639539945
2019-07-15 15:00:00,0.05888143665563014
2019-07-15 16:00:00,0.06413456192666085
2019-07-15 17:00:00,0.06917631572268086
2019-07-15 18:00:00,0.07384401740810002
2019-07-15 19:00:00,0.07796719082001519
2019-07-15 20:00:00,0.08144980293264176
2019-07-15 21:00:00,0.08429702421697612
2019-07-15 22:00:00,0.08654608004453802
2019-07-15 23:00:00,0.08818897177063355
2019-07-16 00:00:00,0.08925607614374882
2019-07-16 01:00:00,0.08975936397176969
2019-07-16 02:00:00,0.08982367314943958
2019-07-16 03:00:00,0.08972346102115845
2019-07-16 04:00:00,0.08954912308341459
2019-07-16 05:00:00,0.08921041277273935
2019-07-16 06:00:00,0.08847889477145285
2019-07-16 07:00:00,0.08729151518729976
2019-07-16 08:00:00,0.08602292960548268
2019-07-16 09:00:00,0.0850681514016668
2019-07-16 10:00:00,0.08479395609177445
2019-07-16 11:00:00,0.08423051358943312
2019-07-16 12:00:00,0.08334258071295741
2019-07-16 13:00:00,0.08240495075770128
2019-07-16 14:00:00,0.08148773185065802
2019-07-16 15:00:00,0.08063339454742341
2019-07-16 16:00:00,0.07984997468853748
2019-07-16 17:00:00,0.07921921247199852
2019-07-16 18:00:00,0.07865251011113003
2019-07-16 19:00:00,0.07799733283255113
2019-07-16 20:00:00,0.07725225694605628
2019-07-16 21:00:00,0.07662732074941099
2019-07-16 22:00:00,0.0764407680340339
2019-07-16 23:00:00,0.07694372315015988
2019-07-17 00:00:00,0.07815197779340886
2019-07-17 01:00:00,0.08124358033409695
2019-07-17 02:00:00,0.08363281486402675
2019-07-17 03:00:00,0.08522756376581372
2019-07-17 04:00:00,0.08607325828964907
2019-07-17 05:00:00,0.08612034956518026
2019-07-17 06:00:00,0.08537740631819718
2019-07-17 07:00:00,0.08414870261876152
2019-07-17 08:00:00,0.08194993445353355
2019-07-17 09:00:00,0.08078520243867002
2019-07-17 10:00:00,0.08031272472495912
2019-07-17 11:00:00,0.07908254048358855
2019-07-17 12:00:00,0.07906905787046951
2019-07-17 13:00:00,0.0766408232796155
2019-07-17 14:00:00,0.07101847711239932
2019-07-17 15:00:00,0.07044431279958963
2019-07-17 16:00:00,0.07079243615328384
2019-07-17 17:00:00,0.08127167597917344
2019-07-17 18:00:00,0.10101262502609624
2019-07-17 19:00:00,0.12257142230789266
2019-07-17 20:00:00,0.13853547854931467
2019-07-17 21:00:00,0.1447771394396651
2019-07-17 22:00:00,0.14166508768753114
2019-07-17 23:00:00,0.1332130123554618
2019-07-18 00:00:00,0.12411451903198586
2019-07-18 01:00:00,0.11361959041770037
2019-07-18 02:00:00,0.10551354322529133
2019-07-18 03:00:00,0.10178210397333709
2019-07-18 04:00:00,0.10291854003024162
2019-07-18 05:00:00,0.10355434949961946
2019-07-18 06:00:00,0.10302380020593524
2019-07-18 07:00:00,0.10155525682051919
2019-07-18 08:00:00,0.09928680159214734
2019-07-18 09:00:00,0.09632047436846881
2019-07-18 10:00:00,0.0931805337448613
2019-07-18 11:00:00,0.09027656361239865
2019-07-18 12:00:00,0.08741522642314488
2019-07-18 13:00:00,0.0845620360160904
2019-07-18 14:00:00,0.08227411673380548
2019-07-18 15:00:00,0.08177841127476278
2019-07-18 16:00:00,0.08340465049385941
2019-07-18 17:00:00,0.0875928766958083
2019-07-18 18:00:00,0.09284671980891875
2019-07-18 19:00:00,0.09643258517923699
2019-07-18 20:00:00,0.09849389933017165
2019-07-18 21:00:00,0.09973648698144076
2019-07-18 22:00:00,0.10282198873054194
2019-07-18 23:00:00,0.106353001778756
2019-07-19 00:00:00,0.10913862893793853
2019-07-19 01:00:00,0.11184682120590186
2019-07-19 02:00:00,0.11725164973574334
2019-07-19 03:00:00,0.12372814736565448
2019-07-19 04:00:00,0.127718294632071
2019-07-19 05:00:00,0.13151874776532627
2019-07-19 06:00:00,0.1387201525048781
2019-07-19 07:00:00,0.15016398151251834
2019-07-19 08:00:00,0.16450328050238797
2019-07-19 09:00:00,0.1808510740047886
2019-07-19 10:00:00,0.19128400654789732
2019-07-19 11:00:00,0.19879916284454127
2019-07-19 12:00:00,0.20314187278794058
2019-07-19 13:00:00,0.20489870380068137
2019-07-19 14:00:00,0.2054561336534528
2019-07-19 15:00:00,0.20305770323121225
2019-07-19 16:00:00,0.19693290090746968
2019-07-19 17:00:00,0.18941070489206083
2019-07-19 18:00:00,0.18190178311373378
2019-07-19 19:00:00,0.1752008495407783
2019-07-19 20:00:00,0.169895335796043
2019-07-19 21:00:00,0.16591635485143388
2019-07-19 22:00:00,0.16097091677884154
2019-07-19 23:00:00,0.1552457443251324
2019-07-20 00:00:00,0.14912297022378992
2019-07-20 01:00:00,0.14258315377091565
2019-07-20 02:00:00,0.1357034391350637
2019-07-20 03:00:00,0.1283677720088217
2019-07-20 04:00:00,0.12063974860281161
2019-07-20 05:00:00,0.11386935869230842
2019-07-20 06:00:00,0.10760820831852008
2019-07-20 07:00:00,0.10089262735584402
2019-07-20 08:00:00,0.0941666077589907
2019-07-20 09:00:00,0.0872798788150641
2019-07-20 10:00:00,0.08031130014081433
2019-07-20 11:00:00,0.07192537605690529
2019-07-20 12:00:00,0.06395495632581825
2019-07-20 13:00:00,0.05812098732481199
2019-07-20 14:00:00,0.05335340055931791
2019-07-20 15:00:00,0.048630281018596275
2019-07-20 16:00:00,0.045126430934378174
2019-07-20 17:00:00,0.04157574938811805
2019-07-20 18:00:00,0.03913369931803763
2019-07-20 19:00:00,0.03772747852395609
2019-07-20 20:00:00,0.03552426986889461
2019-07-20 21:00:00,0.03476149810459695
2019-07-20 22:00:00,0.034046232181069884
2019-07-20 23:00:00,0.03187166076028687
2019-07-21 00:00:00,0.02870046460468588
2019-07-21 01:00:00,0.02559164715898
2019-07-21 02:00:00,0.02364690777902339
2019-07-21 03:00:00,0.022638378203891998
2019-07-21 04:00:00,0.022141331826140316
2019-07-21 05:00:00,0.021798057839325462
2019-07-21 06:00:00,0.022023469943896666
2019-07-21 07:00:00,0.023050762563109874
2019-07-21 08:00:00,0.026650888917022574
2019-07-21 09:00:00,0.02936176954944607
2019-07-21 10:00:00,0.029112075298703157
2019-07-21 11:00:00,0.02735351211971368
2019-07-21 12:00:00,0.02558813402261815
2019-07-21 13:00:00,0.025399610161478663
2019-07-21 14:00:00,0.02559218493279156
2019-07-21 15:00:00,0.02518792569898033
2019-07-21 16:00:00,0.024882368280775495
2019-07-21 17:00:00,0.02494427901718451
2019-07-21 18:00:00,0.022491522673647794
2019-07-21 19:00:00,0.023848099720142762
2019-07-21 20:00:00,0.024363508909037292
2019-07-21 21:00:00,0.024295866396344578
2019-07-21 22:00:00,0.02470791241313272
2019-07-21 23:00:00,0.024257149083988825
2019-07-22 00:00:00,0.022719474086510077
2019-07-22 01:00:00,0.020657644992502243
2019-07-22 02:00:00,0.01980220620824484
2019-07-22 03:00:00,0.022233293581881836
2019-07-22 04:00:00,0.029105005934626522
2019-07-22 05:00:00,0.037197565125174394
2019-07-22 06:00:00,0.04373678703090193
2019-07-22 07:00:00,0.05188371245780983
2019-07-22 08:00:00,0.06459495652982132
2019-07-22 09:00:00,0.07896213714131303
2019-07-22 10:00:00,0.09017843065132533
2019-07-22 11:00:00,0.09127891371350585
2019-07-22 12:00:00,0.08478563640834884
2019-07-22 13:00:00,0.07408054541950643
2019-07-22 14:00:00,0.06191408500729226
2019-07-22 15:00:00,0.05051291534388931
2019-07-22 16:00:00,0.04041386442301094
2019-07-22 17:00:00,0.03176591077600766
2019-07-22 18:00:00,0.026990863719483966
2019-07-22 19:00:00,0.024094147736091226
2019-07-22 20:00:00,0.02161005103941991
2019-07-22 21:00:00,0.019423413312221555
2019-07-22 22:00:00,0.017445903299173178
2019-07-22 23:00:00,0.015685294510758972
2019-07-23 00:00:00,0.01457069093029459
2019-07-23 01:00:00,0.01336496718604616
2019-07-23 02:00:00,0.012381554529961158
2019-07-23 03:00:00,0.012758464745097967
2019-07-23 04:00:00,0.021922089692903587
2019-07-23 05:00:00,0.03614041761354311
2019-07-23 06:00:00,0.041992054651286144
2019-07-23 07:00:00,0.04038024554019069
2019-07-23 08:00:00,0.036313953034371065
2019-07-23 09:00:00,0.03816444258820671
2019-07-23 10:00:00,0.045756902650164445
2019-07-23 11:00:00,0.05392896912505795
2019-07-23 12:00:00,0.06318357503924699
2019-07-23 13:00:00,0.06608101449933579
2019-07-23 14:00:00,0.06364610622482213
2019-07-23 15:00:00,0.06351162382526393
2019-07-23 16:00:00,0.06750135933276968
2019-07-23 17:00:00,0.07268920806715226
2019-07-23 18:00:00,0.07611105361719994
2019-07-23 19:00:00,0.08035061445846
2019-07-23 20:00:00,0.0865909928733293
2019-07-23 21:00:00,0.09169684806554318
2019-07-23 22:00:00,0.08950891912230366
2019-07-23 23:00:00,0.08152577567706092
2019-07-24 00:00:00,0.07471781134817986
2019-07-24 01:00:00,0.07223415895097635
2019-07-24 02:00:00,0.07235145971612596
2019-07-24 03:00:00,0.0726229425872673
2019-07-24 04:00:00,0.07308955840482788
2019-07-24 05:00:00,0.07127543397948206
2019-07-24 06:00:00,0.06642459317812974
2019-07-24 07:00:00,0.06008845165668547
2019-07-24 08:00:00,0.06163068760851335
2019-07-24 09:00:00,0.06384561839856435
2019-07-24 10:00:00,0.05706951864639115
2019-07-24 11:00:00,0.056126234726610914
2019-07-24 12:00:00,0.05955023466047819
2019-07-24 13:00:00,0.059401426774495364
2019-07-24 14:00:00,0.05953177707370862
2019-07-24 15:00:00,0.05916589112251101
2019-07-24 16:00:00,0.05852348718094788
2019-07-24 17:00:00,0.057701445125651396
2019-07-24 18:00:00,0.056813274103915144
2019-07-24 19:00:00,0.05586842803989992
2019-07-24 20:00:00,0.05514976399370969
2019-07-24 21:00:00,0.05039103066006841
2019-07-24 22:00:00,0.047346928118933325
2019-07-24 23:00:00,0.04645151166285747
2019-07-25 00:00:00,0.04641052298373761
2019-07-25 01:00:00,0.04662445081370149
2019-07-25 02:00:00,0.04666767270240909
2019-07-25 03:00:00,0.046418666432112315
2019-07-25 04:00:00,0.0458093907883375
2019-07-25 05:00:00,0.04397504062314182
2019-07-25 06:00:00,0.03647773280277711
2019-07-25 07:00:00,0.03539843985720397
2019-07-25 08:00:00,0.034307942343140656
2019-07-25 09:00:00,0.033617182501977864
2019-07-25 10:00:00,0.034320837876933616
2019-07-25 11:00:00,0.03338395956781206
2019-07-25 12:00:00,0.029488322257142742
2019-07-25 13:00:00,0.025037644646621518
2019-07-25 14:00:00,0.021614554510064332
2019-07-25 15:00:00,0.018444125643174943
2019-07-25 16:00:00,0.01569492427331388
2019-07-25 17:00:00,0.014977805287879753
2019-07-25 18:00:00,0.015855682251066646
2019-07-25 19:00:00,0.016105266514707704
2019-07-25 20:00:00,0.016203899309277337
2019-07-25 21:00:00,0.013890149239268812
2019-07-25 22:00:00,0.012175623733629765
2019-07-25 23:00:00,0.014211162474058767
2019-07-26 00:00:00,0.015513435370131045
2019-07-26 01:00:00,0.015491918736941926
2019-07-26 02:00:00,0.012428032789557538
2019-07-26 03:00:00,0.010199318424635131
2019-07-26 04:00:00,0.00863737566110037
2019-07-26 05:00:00,0.00934971179322468
2019-07-26 06:00:00,0.009499839828267508
2019-07-26 07:00:00,0.009239104515714048
2019-07-26 08:00:00,0.010612399003367103
2019-07-26 09:00:00,0.010901124072957619
2019-07-26 10:00:00,0.010465375789394911
2019-07-26 11:00:00,0.009826149070245902
2019-07-26 12:00:00,0.00913641369406045
2019-07-26 13:00:00,0.007927740642448772
2019-07-26 14:00:00,0.007359974914569016
2019-07-26 15:00:00,0.006812822814649073
2019-07-26 16:00:00,0.005873730089100446
2019-07-26 17:00:00,0.005529067956303479
2019-07-26 18:00:00,0.005687424497082913
2019-07-26 19:00:00,0.005427650186887192
2019-07-26 20:00:00,0.00571887407643957
2019-07-26 21:00:00,0.004972890837664098
2019-07-26 22:00:00,0.005306743438804091
2019-07-26 23:00:00,0.0057075603068825675
2019-07-27 00:00:00,0.0059721401938354545
2019-07-27 01:00:00,0.006792446559634752
2019-07-27 02:00:00,0.0070393005961587075
2019-07-27 03:00:00,0.006985229797392682
2019-07-27 04:00:00,0.007046558582735392
2019-07-27 05:00:00,0.007214110993233817
2019-07-27 06:00:00,0.007462785280746494
2019-07-27 07:00:00,0.007840435755747124
2019-07-27 08:00:00,0.008558979309553821
2019-07-27 09:00:00,0.009084425588943266
2019-07-27 10:00:00,0.009509147574813574
2019-07-27 11:00:00,0.009977833687487227
2019-07-27 12:00:00,0.010324353863342912
2019-07-27 13:00:00,0.007713617282260014
2019-07-27 14:00:00,0.008797458130646085
2019-07-27 15:00:00,0.009555247690721117
2019-07-27 16:00:00,0.009961278584826802
2019-07-27 17:00:00,0.010280303326269955
2019-07-27 18:00:00,0.011241659555419994
2019-07-27 19:00:00,0.012874553308701346
2019-07-27 20:00:00,0.015605404872430898
2019-07-27 21:00:00,0.01886256110944532
2019-07-27 22:00:00,0.02166022195747121
2019-07-27 23:00:00,0.02313185866814485
2019-07-28 00:00:00,0.023782174149445452
2019-07-28 01:00:00,0.024197835596234542
2019-07-28 02:00:00,0.02444289282416784
2019-07-28 03:00:00,0.024626828033080063
2019-07-28 04:00:00,0.024763841198991523
2019-07-28 05:00:00,0.025043011226809696
2019-07-28 06:00:00,0.025656501745762495
2019-07-28 07:00:00,0.026330547970320552
2019-07-28 08:00:00,0.02535141355318891
2019-07-28 09:00:00,0.022818594358909053
2019-07-28 10:00:00,0.023212792257870606
2019-07-28 11:00:00,0.024735949045454224
2019-07-28 12:00:00,0.027126691160863286
2019-07-28 13:00:00,0.028985440190758056
2019-07-28 14:00:00,0.031213707435473092
2019-07-28 15:00:00,0.03227715299478304
2019-07-28 16:00:00,0.03321556665687652
2019-07-28 17:00:00,0.03366628801765372
2019-07-28 18:00:00,0.03401366456673843
2019-07-28 19:00:00,0.03523947331832536
2019-07-28 20:00:00,0.03699625266095644
2019-07-28 21:00:00,0.036874136775156656
2019-07-28 22:00:00,0.03625605546976877
2019-07-28 23:00:00,0.03562523485145551
2019-07-29 00:00:00,0.03500123734408271
2019-07-29 01:00:00,0.03379424332015199
2019-07-29 02:00:00,0.03194296877962738
2019-07-29 03:00:00,0.031055301988001213
2019-07-29 04:00:00,0.030644528094015668
2019-07-29 05:00:00,0.03008519780158966
2019-07-29 06:00:00,0.02935829447457839
2019-07-29 07:00:00,0.02854029862798962
2019-07-29 08:00:00,0.027713268566787633
2019-07-29 09:00:00,0.026928632408036814
2019-07-29 10:00:00,0.026310446452414937
2019-07-29 11:00:00,0.025813356908653044
2019-07-29 12:00:00,0.025474238020982542
2019-07-29 13:00:00,0.02522284015297198
2019-07-29 14:00:00,0.025001961153016644
2019-07-29 15:00:00,0.02449401560378501
2019-07-29 16:00:00,0.021815146208133077
2019-07-29 17:00:00,0.02049613233254253
2019-07-29 18:00:00,0.02035067468150405
2019-07-29 19:00:00,0.020022867825091606
2019-07-29 20:00:00,0.02138840275772865
2019-07-29 21:00:00,0.023303478916323356
2019-07-29 22:00:00,0.025753769372552505
2019-07-29 23:00:00,0.027997441888714263
2019-07-30 00:00:00,0.03029826008919539
2019-07-30 01:00:00,0.03221416119701232
2019-07-30 02:00:00,0.03390141296143816
2019-07-30 03:00:00,0.03580864585315098
2019-07-30 04:00:00,0.03837147842983325
2019-07-30 05:00:00,0.041491791759162185
2019-07-30 06:00:00,0.045612805875218786
2019-07-30 07:00:00,0.051196924352440054
2019-07-30 08:00:00,0.0583453402364742
2019-07-30 09:00:00,0.0668124571964344
2019-07-30 10:00:00,0.07606647034982868
2019-07-30 11:00:00,0.0852337050487578
2019-07-30 12:00:00,0.09915867133885176
2019-07-30 13:00:00,0.1112336043301847
2019-07-30 14:00:00,0.12028664117395552
2019-07-30 15:00:00,0.126357202331044
2019-07-30 16:00:00,0.12985233613389213
2019-07-30 17:00:00,0.1314405416012156
2019-07-30 18:00:00,0.13172750178755566
2019-07-30 19:00:00,0.1310823838847269
2019-07-30 20:00:00,0.12999020762377114
2019-07-30 21:00:00,0.12882004097656277
2019-07-30 22:00:00,0.1280118024648888
2019-07-30 23:00:00,0.12769878867037082
2019-07-31 00:00:00,0.1278764697718774
2019-07-31 01:00:00,0.12845173641627877
2019-07-31 02:00:00,0.1292551078643424
2019-07-31 03:00:00,0.13001035862547258
2019-07-31 04:00:00,0.13029610346120812
2019-07-31 05:00:00,0.12977360785525127
2019-07-31 06:00:00,0.1283802681311784
2019-07-31 07:00:00,0.1263736132459417
2019-07-31 08:00:00,0.12428703361999198
2019-07-31 09:00:00,0.12301478009824647
2019-07-31 10:00:00,0.123659215599447
2019-07-31 11:00:00,0.12691357036942794
2019-07-31 12:00:00,0.13227009997065817
2019-07-31 13:00:00,0.13795033001814844
2019-07-31 14:00:00,0.14189109443577158
2019-07-31 15:00:00,0.14288317223460725
2019-07-31 16:00:00,0.1409620878509509
2019-07-31 17:00:00,0.1368564116365598
2019-07-31 18:00:00,0.1317491157887513
2019-07-31 19:00:00,0.12644455051063655
2019-07-31 20:00:00,0.12141803934885073
2019-07-31 21:00:00,0.11709280868394761
2019-07-31 22:00:00,0.11364158493688471
2019-07-31 23:00:00,0.1111991614008223
2019-08-01 00:00:00,0.10971105956876982
2019-08-01 01:00:00,0.10892155471770186
2019-08-01 02:00:00,0.1085722779620499
2019-08-01 03:00:00,0.10883407485833373
2019-08-01 04:00:00,0.10959213598793138
2019-08-01 05:00:00,0.11087592169713531
2019-08-01 06:00:00,0.11279183392797075
2019-08-01 07:00:00,0.11535644497527654
2019-08-01 08:00:00,0.11831054098751201
2019-08-01 09:00:00,0.12126959707045762
2019-08-01 10:00:00,0.12385208044144143
2019-08-01 11:00:00,0.12576637236226637
2019-08-01 12:00:00,0.1268349048300391
2019-08-01 13:00:00,0.12702510994581312
2019-08-01 14:00:00,0.1264132799437132
2019-08-01 15:00:00,0.1251264687333665
2019-08-01 16:00:00,0.12328019778122301
2019-08-01 17:00:00,0.12101264867724788
2019-08-01 18:00:00,0.11855680974447572
2019-08-01 19:00:00,0.11609534316749087
2019-08-01 20:00:00,0.11365427631278205
2019-08-01 21:00:00,0.1111702282087459
2019-08-01 22:00:00,0.10855246595429473
2019-08-01 23:00:00,0.10569521180926732
2019-08-02 00:00:00,0.10259763791207961
2019-08-02 01:00:00,0.09930592627080377
2019-08-02 02:00:00,0.09590086078627863
2019-08-02 03:00:00,0.0924546599397515
2019-08-02 04:00:00,0.0889573172809858
2019-08-02 05:00:00,0.08540342728999333
2019-08-02 06:00:00,0.08182115676807517
2019-08-02 07:00:00,0.07822634442831476
2019-08-02 08:00:00,0.07464018407638563
2019-08-02 09:00:00,0.0707404233064574
2019-08-02 10:00:00,0.06654626860429676
2019-08-02 11:00:00,0.06333358911657694
2019-08-02 12:00:00,0.0601097616840947
2019-08-02 13:00:00,0.056844756478462814
2019-08-02 14:00:00,0.05350661540633578
2019-08-02 15:00:00,0.04993050909564745
2019-08-02 16:00:00,0.045884098969989816
2019-08-02 17:00:00,0.04217349405438007
2019-08-02 18:00:00,0.03959209466776948
2019-08-02 19:00:00,0.037457237111179154
2019-08-02 20:00:00,0.03522787020756578
2019-08-02 21:00:00,0.03299734592686505
2019-08-02 22:00:00,0.03087730838729927
2019-08-02 23:00:00,0.0287856396217857
2019-08-03 00:00:00,0.026773417231976827
2019-08-03 01:00:00,0.024982420778809925
2019-08-03 02:00:00,0.02345402746968538
2019-08-03 03:00:00,0.02222316694727323
2019-08-03 04:00:00,0.02126481183219728
2019-08-03 05:00:00,0.02057733927648616
2019-08-03 06:00:00,0.020178758217317173
2019-08-03 07:00:00,0.020065495427139108
2019-08-03 08:00:00,0.020176381783486623
2019-08-03 09:00:00,0.020461401988851484
2019-08-03 10:00:00,0.020677212914953863
2019-08-03 11:00:00,0.020437792217225442
2019-08-03 12:00:00,0.019246773564783222
2019-08-03 13:00:00,0.016013513454563248
2019-08-03 14:00:00,0.014150780576099236
2019-08-03 15:00:00,0.013529231455518272
2019-08-03 16:00:00,0.01208203742693612
2019-08-03 17:00:00,0.011696921355229185
2019-08-03 18:00:00,0.01203763409741216
2019-08-03 19:00:00,0.012033727234234702
2019-08-03 20:00:00,0.011508410822049614
2019-08-03 21:00:00,0.01084774648783024
2019-08-03 22:00:00,0.010121850416696408
2019-08-03 23:00:00,0.009382905203966462
2019-08-04 00:00:00,0.008709302474826102
2019-08-04 01:00:00,0.008128139220532474
2019-08-04 02:00:00,0.007629618311906489
2019-08-04 03:00:00,0.007219292740289881
2019-08-04 04:00:00,0.00686488626154779
2019-08-04 05:00:00,0.006544698348656087
2019-08-04 06:00:00,0.006207805713600192
2019-08-04 07:00:00,0.005840180483634478
2019-08-04 08:00:00,0.005455612745395788
2019-08-04 09:00:00,0.004960200112118883
2019-08-04 10:00:00,0.0043495909159975464
2019-08-04 11:00:00,0.0039177071577671686
2019-08-04 12:00:00,0.0032588688352066303
2019-08-04 13:00:00,0.0030623844868814887
2019-08-04 14:00:00,0.0028597867052038714
2019-08-04 15:00:00,0.002748648076394316
2019-08-04 16:00:00,0.0029872251259705587
2019-08-04 17:00:00,0.0028188488945300317
2019-08-04 18:00:00,0.0025290829441030824
2019-08-04 19:00:00,0.002460067656454275
2019-08-04 20:00:00,0.00267943766808073
2019-08-04 21:00:00,0.0027126364887021842
2019-08-04 22:00:00,0.0025892250463631665
2019-08-04 23:00:00,0.002497534356660342
2019-08-05 00:00:00,0.0025521041250903685
2019-08-05 01:00:00,0.0025378517973168916
2019-08-05 02:00:00,0.0024677905590348615
2019-08-05 03:00:00,0.00237575563772297
2019-08-05 04:00:00,0.0014779191704024975
2019-08-05 05:00:00,0.0012533142636552497
2019-08-05 06:00:00,0.0008811953386312678
2019-08-05 07:00:00,0.00047082214613615995
2019-08-05 08:00:00,0.00022103686277589728
2019-08-05 09:00:00,0.0010029934803108657
2019-08-05 10:00:00,0.0023467286573147046
2019-08-05 11:00:00,0.002619251288739876
2019-08-05 12:00:00,0.003046756687800133
2019-08-05 13:00:00,0.003989293028213101
2019-08-05 14:00:00,0.004482403416289798
2019-08-05 15:00:00,0.004439606716258366
2019-08-05 16:00:00,0.0038353037112928636
2019-08-05 17:00:00,0.004294918466929539
2019-08-05 18:00:00,0.004850989797141076
2019-08-05 19:00:00,0.005505258372160434
2019-08-05 20:00:00,0.006093611943868032
2019-08-05 21:00:00,0.006464159620357206
2019-08-05 22:00:00,0.006815963172968711
2019-08-05 23:00:00,0.0068204774960810705
2019-08-06 00:00:00,0.006711434179742464
2019-08-06 01:00:00,0.006579698302565286
2019-08-06 02:00:00,0.006502529160167723
2019-08-06 03:00:00,0.0065312925451481
2019-08-06 04:00:00,0.006665221917829593
2019-08-06 05:00:00,0.0068757856384981005
2019-08-06 06:00:00,0.007112430642398849
2019-08-06 07:00:00,0.007301313838614461
2019-08-06 08:00:00,0.007411439287032631
2019-08-06 09:00:00,0.007395556183743265
2019-08-06 10:00:00,0.007214855731394221
2019-08-06 11:00:00,0.007017165747316736
2019-08-06 12:00:00,0.00695523302014203
2019-08-06 13:00:00,0.007323999792006211
2019-08-06 14:00:00,0.007614538912634369
2019-08-06 15:00:00,0.007662722195911539
2019-08-06 16:00:00,0.007978700949340351
2019-08-06 17:00:00,0.008228575373967272
2019-08-06 18:00:00,0.008170457135302935
2019-08-06 19:00:00,0.00782457757045716
2019-08-06 20:00:00,0.00757073610466361
2019-08-06 21:00:00,0.007843667221931446
2019-08-06 22:00:00,0.008924442828874859
2019-08-06 23:00:00,0.010963312589545346
2019-08-07 00:00:00,0.01364975874627824
2019-08-07 01:00:00,0.01659036257759708
2019-08-07 02:00:00,0.019187128813723902
2019-08-07 03:00:00,0.02084317998150561
2019-08-07 04:00:00,0.021908599406885113
2019-08-07 05:00:00,0.02336319547528175
2019-08-07 06:00:00,0.02557532635482112
2019-08-07 07:00:00,0.028434833924085582
2019-08-07 08:00:00,0.03188975698320753
2019-08-07 09:00:00,0.039099408013201234
2019-08-07 10:00:00,0.04887383743093452
2019-08-07 11:00:00,0.05653527619402263
2019-08-07 12:00:00,0.06084174601263187
2019-08-07 13:00:00,0.06116252103968523
2019-08-07 14:00:00,0.05948771950716843
2019-08-07 15:00:00,0.05610049980796941
2019-08-07 16:00:00,0.05327106643159408
2019-08-07 17:00:00,0.05835445751100147
2019-08-07 18:00:00,0.07163135640151518
2019-08-07 19:00:00,0.08484169203892575
2019-08-07 20:00:00,0.09299059245888802
2019-08-07 21:00:00,0.09316112768040452
2019-08-07 22:00:00,0.09017683892951335
2019-08-07 23:00:00,0.09003815168675575
2019-08-08 00:00:00,0.09414354311724484
2019-08-08 01:00:00,0.09846553922931726
2019-08-08 02:00:00,0.10369058913468336
2019-08-08 03:00:00,0.10679616142059063
2019-08-08 04:00:00,0.10253672209203779
2019-08-08 05:00:00,0.09468046755705457
2019-08-08 06:00:00,0.084545445388334
2019-08-08 07:00:00,0.07751987864772798
2019-08-08 08:00:00,0.07227327533396985
2019-08-08 09:00:00,0.06903072890675205
2019-08-08 10:00:00,0.06867910686916624
2019-08-08 11:00:00,0.07333473024374182
2019-08-08 12:00:00,0.08078572199111213
2019-08-08 13:00:00,0.08479626512128302
2019-08-08 14:00:00,0.08445657599604113
2019-08-08 15:00:00,0.08169363475104195
2019-08-08 16:00:00,0.0781700452716184
2019-08-08 17:00:00,0.07394116717090023
2019-08-08 18:00:00,0.06928329902823634
2019-08-08 19:00:00,0.06445968602595561
2019-08-08 20:00:00,0.06029212542366015
2019-08-08 21:00:00,0.057098291213478466
2019-08-08 22:00:00,0.05462348363621656
2019-08-08 23:00:00,0.052761224271787685
2019-08-09 00:00:00,0.051510253498422004
2019-08-09 01:00:00,0.050726695011412075
2019-08-09 02:00:00,0.05020160573420331
2019-08-09 03:00:00,0.04981205500832534
2019-08-09 04:00:00,0.04957437823496713
2019-08-09 05:00:00,0.049107580270535064
2019-08-09 06:00:00,0.04903470861356837
2019-08-09 07:00:00,0.048455277529470306
2019-08-09 08:00:00,0.04620820820276822
2019-08-09 09:00:00,0.037356143103406826
2019-08-09 10:00:00,0.03512197172648983
2019-08-09 11:00:00,0.03292016091286952
2019-08-09 12:00:00,0.03157968652507939
2019-08-09 13:00:00,0.03047249122878638
2019-08-09 14:00:00,0.030145472380288457
2019-08-09 15:00:00,0.031889117903364454
2019-08-09 16:00:00,0.032457210150407895
2019-08-09 17:00:00,0.03188305085463891
2019-08-09 18:00:00,0.03124504398645997
2019-08-09 19:00:00,0.0324844644985129
2019-08-09 20:00:00,0.038997119586079695
2019-08-09 21:00:00,0.04924215588605994
2019-08-09 22:00:00,0.06327298096264337
2019-08-09 23:00:00,0.07679775073360223
2019-08-10 00:00:00,0.08983189291521881
2019-08-10 01:00:00,0.1036529319238579
2019-08-10 02:00:00,0.12054067751188215
2019-08-10 03:00:00,0.13890004373571738
2019-08-10 04:00:00,0.14576741913417018
2019-08-10 05:00:00,0.1214209118739156
2019-08-10 06:00:00,0.10772579561133024
2019-08-10 07:00:00,0.10299775851559428
2019-08-10 08:00:00,0.10123453826229557
2019-08-10 09:00:00,0.10262952311314737
2019-08-10 10:00:00,0.10935974299356706
2019-08-10 11:00:00,0.1257932812749198
2019-08-10 12:00:00,0.16456962372085668
2019-08-10 13:00:00,0.21029680935846715
2019-08-10 14:00:00,0.2521548763858357
2019-08-10 15:00:00,0.29555267890003356
2019-08-10 16:00:00,0.340397948165832
2019-08-10 17:00:00,0.4141284586431085
2019-08-10 18:00:00,0.5004124826889471
2019-08-10 19:00:00,0.574532555625791
2019-08-10 20:00:00,0.6369586660104729
2019-08-10 21:00:00,0.6647247837432314
2019-08-10 22:00:00,0.6865120921915497
2019-08-10 23:00:00,0.7201483809783024
2019-08-11 00:00:00,0.7793640926549273
2019-08-11 01:00:00,0.8499117503271317
2019-08-11 02:00:00,0.8989268305667496
2019-08-11 03:00:00,0.9263324406664027
2019-08-11 04:00:00,0.905971300342704
2019-08-11 05:00:00,0.8561226927297095
2019-08-11 06:00:00,0.819976529483504
2019-08-11 07:00:00,0.7708802687758574
2019-08-11 08:00:00,0.7029025807250844
2019-08-11 09:00:00,0.6623631050494329
2019-08-11 10:00:00,0.6369063785007771
2019-08-11 11:00:00,0.6022534080266305
2019-08-11 12:00:00,0.5611180328318892
2019-08-11 13:00:00,0.5088880303582405
2019-08-11 14:00:00,0.45701575095617974
2019-08-11 15:00:00,0.4176725550791365
2019-08-11 16:00:00,0.3885992318575429
2019-08-11 17:00:00,0.36784927686303975
2019-08-11 18:00:00,0.35154114966344874
2019-08-11 19:00:00,0.3328751699521585
2019-08-11 20:00:00,0.3031470129458812
2019-08-11 21:00:00,0.27354917658660904
2019-08-11 22:00:00,0.24586667039867952
2019-08-11 23:00:00,0.22112840851626966
2019-08-12 00:00:00,0.1994300828133913
2019-08-12 01:00:00,0.18077105752676076
2019-08-12 02:00:00,0.1649181012525262
2019-08-12 03:00:00,0.15363589775267414
2019-08-12 04:00:00,0.1470802522178266
2019-08-12 05:00:00,0.14874413600238698
2019-08-12 06:00:00,0.1521108293668521
2019-08-12 07:00:00,0.1549380488827204
2019-08-12 08:00:00,0.15708423650227646
2019-08-12 09:00:00,0.15724461626507563
2019-08-12 10:00:00,0.15734446227425117
2019-08-12 11:00:00,0.15712823461145992
2019-08-12 12:00:00,0.15624458359502935
2019-08-12 13:00:00,0.1548539140888725
2019-08-12 14:00:00,0.1530305641052401
2019-08-12 15:00:00,0.1506974925271688
2019-08-12 16:00:00,0.1481657496707284
2019-08-12 17:00:00,0.14581064085944775
2019-08-12 18:00:00,0.14370370102032007
2019-08-12 19:00:00,0.14189700985137077
2019-08-12 20:00:00,0.14030401312930385
2019-08-12 21:00:00,0.13889451841052602
2019-08-12 22:00:00,0.1382779494454177
2019-08-12 23:00:00,0.13792563072998806
2019-08-13 00:00:00,0.13772874619223985
2019-08-13 01:00:00,0.13820322356570774
2019-08-13 02:00:00,0.13929909463958823
2019-08-13 03:00:00,0.1404079550342366
2019-08-13 04:00:00,0.14099353073322526
2019-08-13 05:00:00,0.14116233466775444
2019-08-13 06:00:00,0.1401332397954603
2019-08-13 07:00:00,0.1388747977195449
2019-08-13 08:00:00,0.13711683765466934
2019-08-13 09:00:00,0.13533556979768854
2019-08-13 10:00:00,0.13367757226766455
2019-08-13 11:00:00,0.13461237148514976
2019-08-13 12:00:00,0.1383473670958053
2019-08-13 13:00:00,0.1434544876752918
2019-08-13 14:00:00,0.15250054580905045
2019-08-13 15:00:00,0.16572009061331341
2019-08-13 16:00:00,0.18111003426864428
2019-08-13 17:00:00,0.19857337900399796
2019-08-13 18:00:00,0.21260806026164744
2019-08-13 19:00:00,0.22084417519673943
2019-08-13 20:00:00,0.2332515900627198
2019-08-13 21:00:00,0.2488742996016816
2019-08-13 22:00:00,0.2593556918416473
2019-08-13 23:00:00,0.2644315332569307
2019-08-14 00:00:00,0.26788661727774915
2019-08-14 01:00:00,0.2710142964211177
2019-08-14 02:00:00,0.27498657348886874
2019-08-14 03:00:00,0.28519302061315077
2019-08-14 04:00:00,0.28749403318399747
2019-08-14 05:00:00,0.28360188440226264
2019-08-14 06:00:00,0.2812718659903851
2019-08-14 07:00:00,0.2766231478443309
2019-08-14 08:00:00,0.26971060108580003
2019-08-14 09:00:00,0.26076832447719034
2019-08-14 10:00:00,0.25049886026122054
2019-08-14 11:00:00,0.23953098468924366
2019-08-14 12:00:00,0.22817503206281745
2019-08-14 13:00:00,0.21621344967726433
2019-08-14 14:00:00,0.20439723105861327
2019-08-14 15:00:00,0.19194973227245463
2019-08-14 16:00:00,0.17964896814211812
2019-08-14 17:00:00,0.16807907423989277
2019-08-14 18:00:00,0.1609620952692064
2019-08-14 19:00:00,0.15383250092041142
2019-08-14 20:00:00,0.14646658986205827
2019-08-14 21:00:00,0.13968520995544978
2019-08-14 22:00:00,0.13271660353828169
2019-08-14 23:00:00,0.1261764796761499
2019-08-15 00:00:00,0.12079034523450968
2019-08-15 01:00:00,0.11501575296558993
2019-08-15 02:00:00,0.11112340096949921
2019-08-15 03:00:00,0.10736898641232064
2019-08-15 04:00:00,0.10572346806271728
2019-08-15 05:00:00,0.1030761990795576
2019-08-15 06:00:00,0.09987679232690741
2019-08-15 07:00:00,0.0965684683669194
2019-08-15 08:00:00,0.08700898763860691
2019-08-15 09:00:00,0.08112908238030023
2019-08-15 10:00:00,0.11923095800211818
2019-08-15 11:00:00,0.16466191159545795
2019-08-15 12:00:00,0.226318299745594
2019-08-15 13:00:00,0.2678555765291109
2019-08-15 14:00:00,0.2764948115350357
2019-08-15 15:00:00,0.2678005564446204
2019-08-15 16:00:00,0.25035827079899975
2019-08-15 17:00:00,0.23376330461653394
2019-08-15 18:00:00,0.22039849002559878
2019-08-15 19:00:00,0.20357400048699517
2019-08-15 20:00:00,0.19289388031262025
2019-08-15 21:00:00,0.17990216620834082
2019-08-15 22:00:00,0.15801216666690315
2019-08-15 23:00:00,0.13145513458096073
2019-08-16 00:00:00,0.1129942360405909
2019-08-16 01:00:00,0.10541832446485645
2019-08-16 02:00:00,0.09870495309775562
2019-08-16 03:00:00,0.09463171327948022
2019-08-16 04:00:00,0.0915219571944549
2019-08-16 05:00:00,0.08906760854469963
2019-08-16 06:00:00,0.08663867422860048
2019-08-16 07:00:00,0.084330786007087
2019-08-16 08:00:00,0.08156171350389613
2019-08-16 09:00:00,0.07867206979642494
2019-08-16 10:00:00,0.0786772847546628
2019-08-16 11:00:00,0.07949375524088485
2019-08-16 12:00:00,0.08515684505683362
2019-08-16 13:00:00,0.09459051547871396
2019-08-16 14:00:00,0.10599848345767218
2019-08-16 15:00:00,0.11369460744486129
2019-08-16 16:00:00,0.12367919227308526
2019-08-16 17:00:00,0.1332307707021463
2019-08-16 18:00:00,0.13723422732139606
2019-08-16 19:00:00,0.14440123668117896
2019-08-16 20:00:00,0.1667986293198017
2019-08-16 21:00:00,0.17898741032391108
2019-08-16 22:00:00,0.16021563236455716
2019-08-16 23:00:00,0.15008377030890055
2019-08-17 00:00:00,0.1461773441192229
2019-08-17 01:00:00,0.14634360353151124
2019-08-17 02:00:00,0.14896838774612517
2019-08-17 03:00:00,0.15300869733745834
2019-08-17 04:00:00,0.15600855523855026
2019-08-17 05:00:00,0.15698717159460635
2019-08-17 06:00:00,0.15609733213004573
2019-08-17 07:00:00,0.15401430776636368
2019-08-17 08:00:00,0.15353963621506078
2019-08-17 09:00:00,0.16111499882051283
2019-08-17 10:00:00,0.17277487332416114
2019-08-17 11:00:00,0.17596047306017418
2019-08-17 12:00:00,0.1906848046074242
2019-08-17 13:00:00,0.19735303976381646
2019-08-17 14:00:00,0.20690314780937197
2019-08-17 15:00:00,0.2169915795383544
2019-08-17 16:00:00,0.23184473701501135
2019-08-17 17:00:00,0.25652393709917964
2019-08-17 18:00:00,0.2926484153280026
2019-08-17 19:00:00,0.3334611237035252
2019-08-17 20:00:00,0.36908458895528273
2019-08-17 21:00:00,0.40006155707738406
2019-08-17 22:00:00,0.42303981085727366
2019-08-17 23:00:00,0.4558205487613317
2019-08-18 00:00:00,0.4799216309170968
2019-08-18 01:00:00,0.46733323690039075
2019-08-18 02:00:00,0.41853288002684647
2019-08-18 03:00:00,0.36914779320241387
2019-08-18 04:00:00,0.33438463182524064
2019-08-18 05:00:00,0.30278846654713293
2019-08-18 06:00:00,0.2735448567172002
2019-08-18 07:00:00,0.24904487925897442
2019-08-18 08:00:00,0.22755638809998205
2019-08-18 09:00:00,0.20832696900687747
2019-08-18 10:00:00,0.19768156178418847
2019-08-18 11:00:00,0.19036315741097373
2019-08-18 12:00:00,0.18347788363033812
2019-08-18 13:00:00,0.17642001034606083
2019-08-18 14:00:00,0.16986906227204476
2019-08-18 15:00:00,0.16447669323627725
2019-08-18 16:00:00,0.1603774434147167
2019-08-18 17:00:00,0.15518805350258003
2019-08-18 18:00:00,0.15123669554186583
2019-08-18 19:00:00,0.147929959596234
2019-08-18 20:00:00,0.14189749113519143
2019-08-18 21:00:00,0.14825324928017092
2019-08-18 22:00:00,0.17463243959480546
2019-08-18 23:00:00,0.18999620551144306
2019-08-19 00:00:00,0.19922149112313536
2019-08-19 01:00:00,0.201083763152447
2019-08-19 02:00:00,0.20289245905673323
2019-08-19 03:00:00,0.20952208917487253
2019-08-19 04:00:00,0.21585985573707742
2019-08-19 05:00:00,0.22290323315372387
2019-08-19 06:00:00,0.24060687171881776
2019-08-19 07:00:00,0.26415735796038936
2019-08-19 08:00:00,0.2974748627581371
2019-08-19 09:00:00,0.3228609550612908
2019-08-19 10:00:00,0.343212566043386
2019-08-19 11:00:00,0.3537848005335282
2019-08-19 12:00:00,0.36959853546549015
2019-08-19 13:00:00,0.38514077509290084
2019-08-19 14:00:00,0.4001845809820503
2019-08-19 15:00:00,0.41433276415226067
2019-08-19 16:00:00,0.4289124784050497
2019-08-19 17:00:00,0.4483068784276791
2019-08-19 18:00:00,0.4741370564935568
2019-08-19 19:00:00,0.5089294266464968
2019-08-19 20:00:00,0.551888137911932
2019-08-19 21:00:00,0.5835235275690318
2019-08-19 22:00:00,0.5909041488956518
2019-08-19 23:00:00,0.5866239377086894
2019-08-20 00:00:00,0.5791123244124481
2019-08-20 01:00:00,0.5771269998312757
2019-08-20 02:00:00,0.5729898470642665
2019-08-20 03:00:00,0.5731445859887037
2019-08-20 04:00:00,0.5733479505827871
2019-08-20 05:00:00,0.5690866868568175
2019-08-20 06:00:00,0.5633840466917164
2019-08-20 07:00:00,0.554445272418641
2019-08-20 08:00:00,0.5430209457783042
2019-08-20 09:00:00,0.530883728794597
2019-08-20 10:00:00,0.5188685033533438
2019-08-20 11:00:00,0.5067839623533155
2019-08-20 12:00:00,0.4944898909744381
2019-08-20 13:00:00,0.4734445088439248
2019-08-20 14:00:00,0.4564394348608617
2019-08-20 15:00:00,0.4412521204107757
2019-08-20 16:00:00,0.4282975725038969
2019-08-20 17:00:00,0.4171063049645853
2019-08-20 18:00:00,0.4061997176681305
2019-08-20 19:00:00,0.3935400767923996
2019-08-20 20:00:00,0.37930978819149264
2019-08-20 21:00:00,0.3621191135243593
2019-08-20 22:00:00,0.3420466110511569
2019-08-20 23:00:00,0.31963941100758186
2019-08-21 00:00:00,0.2956802505594948
2019-08-21 01:00:00,0.272353921892899
2019-08-21 02:00:00,0.2503499350403804
2019-08-21 03:00:00,0.2291394129371016
2019-08-21 04:00:00,0.20849424480133835
2019-08-21 05:00:00,0.18935556198583692
2019-08-21 06:00:00,0.17558429182830843
2019-08-21 07:00:00,0.16415303846729004
2019-08-21 08:00:00,0.15452412457476203
2019-08-21 09:00:00,0.14511408352555774
2019-08-21 10:00:00,0.13609676000320337
2019-08-21 11:00:00,0.12922507011781453
2019-08-21 12:00:00,0.12268437382952457
2019-08-21 13:00:00,0.11779564584556211
2019-08-21 14:00:00,0.11438733336742833
2019-08-21 15:00:00,0.10875675724170039
2019-08-21 16:00:00,0.10573085040463857
2019-08-21 17:00:00,0.10273189930775628
2019-08-21 18:00:00,0.09785201374451578
2019-08-21 19:00:00,0.09922207140780956
2019-08-21 20:00:00,0.12038732124789789
2019-08-21 21:00:00,0.16650380665129672
2019-08-21 22:00:00,0.2030193943099488
2019-08-21 23:00:00,0.2247602688784656
2019-08-22 00:00:00,0.22410717760086113
2019-08-22 01:00:00,0.2135099816277449
2019-08-22 02:00:00,0.20727493988153003
2019-08-22 03:00:00,0.21117066484626304
2019-08-22 04:00:00,0.22021474633426527
2019-08-22 05:00:00,0.23924363819919564
2019-08-22 06:00:00,0.25831342705429156
2019-08-22 07:00:00,0.26623604221459946
2019-08-22 08:00:00,0.26973802285599674
2019-08-22 09:00:00,0.2757495774384985
2019-08-22 10:00:00,0.2899618754199212
2019-08-22 11:00:00,0.3098006437812785
2019-08-22 12:00:00,0.34151255520095614
2019-08-22 13:00:00,0.35868226039434326
2019-08-22 14:00:00,0.42306880632446675
2019-08-22 15:00:00,0.5674752538815568
2019-08-22 16:00:00,0.6455941116853907
2019-08-22 17:00:00,0.7918097284294329
2019-08-22 18:00:00,0.9911616412936852
2019-08-22 19:00:00,1.0
2019-08-22 20:00:00,1.0
2019-08-22 21:00:00,1.0
2019-08-22 22:00:00,1.0
2019-08-22 23:00:00,1.0000000000000002
2019-08-23 00:00:00,1.0
2019-08-23 01:00:00,0.9981880094096236
2019-08-23 02:00:00,0.9790752020991418
2019-08-23 03:00:00,0.9047519660972398
2019-08-23 04:00:00,0.7946195519921231
2019-08-23 05:00:00,0.7116387883364205
2019-08-23 06:00:00,0.6462362177659574
2019-08-23 07:00:00,0.5882491458201302
2019-08-23 08:00:00,0.535087155319023
2019-08-23 09:00:00,0.48833983969575645
2019-08-23 10:00:00,0.44864057572656757
2019-08-23 11:00:00,0.41340394187846174
2019-08-23 12:00:00,0.3651172530836943
2019-08-23 13:00:00,0.38039751352362755
2019-08-23 14:00:00,0.45221646158526063
2019-08-23 15:00:00,0.4650041831442877
2019-08-23 16:00:00,0.41257546891918795
2019-08-23 17:00:00,0.3544746539022951
2019-08-23 18:00:00,0.3378436471833512
2019-08-23 19:00:00,0.34477997666512034
2019-08-23 20:00:00,0.3284306732377617
2019-08-23 21:00:00,0.29891478305387753
2019-08-23 22:00:00,0.26754356395470036
2019-08-23 23:00:00,0.2410515345008491
2019-08-24 00:00:00,0.22005311384566603
2019-08-24 01:00:00,0.2017603727424155
2019-08-24 02:00:00,0.18737396402122491
2019-08-24 03:00:00,0.17855982367725243
2019-08-24 04:00:00,0.17397856045611357
2019-08-24 05:00:00,0.16949161728633808
2019-08-24 06:00:00,0.16515441445625503
2019-08-24 07:00:00,0.16062528595093134
2019-08-24 08:00:00,0.15645659764740158
2019-08-24 09:00:00,0.1524928509539969
2019-08-24 10:00:00,0.14854265638309963
2019-08-24 11:00:00,0.14474409006927721
2019-08-24 12:00:00,0.14164634066040271
2019-08-24 13:00:00,0.14130019954482212
2019-08-24 14:00:00,0.14404455951294728
2019-08-24 15:00:00,0.1429701559606894
2019-08-24 16:00:00,0.13261536100816718
2019-08-24 17:00:00,0.11722387179193466
2019-08-24 18:00:00,0.10141528659609324
2019-08-24 19:00:00,0.08596458439637443
2019-08-24 20:00:00,0.07449214039727078
2019-08-24 21:00:00,0.06573970788597228
2019-08-24 22:00:00,0.05987501325914854
2019-08-24 23:00:00,0.057341961567071664
2019-08-25 00:00:00,0.055505572064264014
2019-08-25 01:00:00,0.05270935858966834
2019-08-25 02:00:00,0.04791289847025572
2019-08-25 03:00:00,0.04154864668343925
2019-08-25 04:00:00,0.03516612252077156
2019-08-25 05:00:00,0.032423600398838195
2019-08-25 06:00:00,0.03030067589132632
2019-08-25 07:00:00,0.028524542664160695
2019-08-25 08:00:00,0.027040616151594806
2019-08-25 09:00:00,0.025734123887297167
2019-08-25 10:00:00,0.024534798589649548
2019-08-25 11:00:00,0.023451684825496772
2019-08-25 12:00:00,0.02247674350549137
2019-08-25 13:00:00,0.02156810295261986
2019-08-25 14:00:00,0.01999069811423039
2019-08-25 15:00:00,0.01563873306650436
2019-08-25 16:00:00,0.0166236785603234
2019-08-25 17:00:00,0.01781802269215374
2019-08-25 18:00:00,0.02046001832148145
2019-08-25 19:00:00,0.025798548313674598
2019-08-25 20:00:00,0.0308186870985525
2019-08-25 21:00:00,0.03535824616397966
2019-08-25 22:00:00,0.03831699624618256
2019-08-25 23:00:00,0.039730166996747474
2019-08-26 00:00:00,0.03946115385657108
2019-08-26 01:00:00,0.03302429148262351
2019-08-26 02:00:00,0.029298550183827543
2019-08-26 03:00:00,0.029736108184676435
2019-08-26 04:00:00,0.030451066954488938
2019-08-26 05:00:00,0.03342051420392374
2019-08-26 06:00:00,0.03914083954658167
2019-08-26 07:00:00,0.049479560742274185
2019-08-26 08:00:00,0.06467333664261807
2019-08-26 09:00:00,0.08947258963131993
2019-08-26 10:00:00,0.13607236283264842
2019-08-26 11:00:00,0.22196374086109358
2019-08-26 12:00:00,0.30593829011128015
2019-08-26 13:00:00,0.430029359089339
2019-08-26 14:00:00,0.5073302950714498
2019-08-26 15:00:00,0.5667473571377855
2019-08-26 16:00:00,0.6042195757500277
2019-08-26 17:00:00,0.6229992265338552
2019-08-26 18:00:00,0.6279949207943581
2019-08-26 19:00:00,0.6269016334236783
2019-08-26 20:00:00,0.6313692215590685
2019-08-26 21:00:00,0.6463870159596906
2019-08-26 22:00:00,0.6868463306798503
2019-08-26 23:00:00,0.7449088094455
2019-08-27 00:00:00,0.757116145823301
2019-08-27 01:00:00,0.7614651751537207
2019-08-27 02:00:00,0.7787199592022827
2019-08-27 03:00:00,0.7944382193272272
2019-08-27 04:00:00,0.8017693386793303
2019-08-27 05:00:00,0.8013777722795742
2019-08-27 06:00:00,0.7969677255195535
2019-08-27 07:00:00,0.7904088663800525
2019-08-27 08:00:00,0.7828155056632824
2019-08-27 09:00:00,0.7753987703854078
2019-08-27 10:00:00,0.7695841234955305
2019-08-27 11:00:00,0.7646441851909426
2019-08-27 12:00:00,0.7599909729874119
2019-08-27 13:00:00,0.7561173435779629
2019-08-27 14:00:00,0.7533433739333709
2019-08-27 15:00:00,0.7511788417619486
2019-08-27 16:00:00,0.7486841318868193
2019-08-27 17:00:00,0.7468076730425586
2019-08-27 18:00:00,0.7457922039214444
2019-08-27 19:00:00,0.7466851718328584
2019-08-27 20:00:00,0.7499876670186204
2019-08-27 21:00:00,0.7442689633842917
2019-08-27 22:00:00,0.7360815117193168
2019-08-27 23:00:00,0.7222181083354353
2019-08-28 00:00:00,0.7025007711529777
2019-08-28 01:00:00,0.6827860600456738
2019-08-28 02:00:00,0.66064740804714
2019-08-28 03:00:00,0.6362410488428183
2019-08-28 04:00:00,0.6110487552819217
2019-08-28 05:00:00,0.5860555399080907
2019-08-28 06:00:00,0.5615291463115624
2019-08-28 07:00:00,0.5372325580998132
2019-08-28 08:00:00,0.5112811666865001
2019-08-28 09:00:00,0.48436191267246054
2019-08-28 10:00:00,0.4579627310178513
2019-08-28 11:00:00,0.4348011307693261
2019-08-28 12:00:00,0.4161329533984527
2019-08-28 13:00:00,0.4008505924092254
2019-08-28 14:00:00,0.3860490923463342
2019-08-28 15:00:00,0.375218605717819
2019-08-28 16:00:00,0.3789038686170505
2019-08-28 17:00:00,0.3867930744489503
2019-08-28 18:00:00,0.3796749517532086
2019-08-28 19:00:00,0.36812199643556653
2019-08-28 20:00:00,0.3531390836569654
2019-08-28 21:00:00,0.3362250434141999
2019-08-28 22:00:00,0.3193976621452096
2019-08-28 23:00:00,0.30111740086801486
2019-08-29 00:00:00,0.2828162732357449
2019-08-29 01:00:00,0.26504188018800473
2019-08-29 02:00:00,0.24757452142951716
2019-08-29 03:00:00,0.23068253066842856
2019-08-29 04:00:00,0.2148855372890279
2019-08-29 05:00:00,0.2000626139614128
2019-08-29 06:00:00,0.18628364740509373
2019-08-29 07:00:00,0.17698756426013615
2019-08-29 08:00:00,0.1693991825629483
2019-08-29 09:00:00,0.16229206517473863
2019-08-29 10:00:00,0.15443262473470937
2019-08-29 11:00:00,0.1459659743284007
2019-08-29 12:00:00,0.1359469509624261
2019-08-29 13:00:00,0.12224282225144788
2019-08-29 14:00:00,0.11526982947795905
2019-08-29 15:00:00,0.11516678076876945
2019-08-29 16:00:00,0.10678371905298352
2019-08-29 17:00:00,0.10702306230293125
2019-08-29 18:00:00,0.1233534141042793
2019-08-29 19:00:00,0.15964744735730027
2019-08-29 20:00:00,0.19130751412001262
2019-08-29 21:00:00,0.2612560281296711
2019-08-29 22:00:00,0.29288491151085977
2019-08-29 23:00:00,0.3171791903620089
2019-08-30 00:00:00,0.3516070005514164
2019-08-30 01:00:00,0.40665869015787287
2019-08-30 02:00:00,0.5058275907489985
2019-08-30 03:00:00,0.5752707276888902
2019-08-30 04:00:00,0.6252495409923378
2019-08-30 05:00:00,0.6451729329815703
2019-08-30 06:00:00,0.6428513704313912
2019-08-30 07:00:00,0.6362482970546592
2019-08-30 08:00:00,0.6062046203352502
2019-08-30 09:00:00,0.5366546727974301
2019-08-30 10:00:00,0.46107684698123524
2019-08-30 11:00:00,0.38942522790620393
2019-08-30 12:00:00,0.3383765762423763
2019-08-30 13:00:00,0.3014322085839499
2019-08-30 14:00:00,0.2718097649931328
2019-08-30 15:00:00,0.2494463904196355
2019-08-30 16:00:00,0.23596806536008222
2019-08-30 17:00:00,0.23186451679514197
2019-08-30 18:00:00,0.23093361444526037
2019-08-30 19:00:00,0.2288885525992138
2019-08-30 20:00:00,0.2247327054766306
2019-08-30 21:00:00,0.21765505515057132
2019-08-30 22:00:00,0.20858694261776908
2019-08-30 23:00:00,0.19856218979545132
2019-08-31 00:00:00,0.1879136683250198
2019-08-31 01:00:00,0.17633508648450782
2019-08-31 02:00:00,0.1641668607855056
2019-08-31 03:00:00,0.15506488191287776
2019-08-31 04:00:00,0.1485542505435266
2019-08-31 05:00:00,0.1420131534274848
2019-08-31 06:00:00,0.13586613520814952
2019-08-31 07:00:00,0.13051111621962105
2019-08-31 08:00:00,0.1251545456359681
2019-08-31 09:00:00,0.11854947653584672
2019-08-31 10:00:00,0.10817713979262743
2019-08-31 11:00:00,0.10425071210884973
2019-08-31 12:00:00,0.11843474987495368
2019-08-31 13:00:00,0.1399293166940112
2019-08-31 14:00:00,0.15288213315687607
2019-08-31 15:00:00,0.16992533376131996
2019-08-31 16:00:00,0.20282758943728055
2019-08-31 17:00:00,0.24275661950074368
2019-08-31 18:00:00,0.24967124735787513
2019-08-31 19:00:00,0.21650568648073779
2019-08-31 20:00:00,0.20513103994843918
2019-08-31 21:00:00,0.2207394891053174
2019-08-31 22:00:00,0.2383330917110768
2019-08-31 23:00:00,0.2545618027521318
2019-09-01 00:00:00,0.25756847527221105
2019-09-01 01:00:00,0.25437764209519026
2019-09-01 02:00:00,0.2606170477682332
2019-09-01 03:00:00,0.2785541707348314
2019-09-01 04:00:00,0.3162507109224457
2019-09-01 05:00:00,0.3602813656124896
2019-09-01 06:00:00,0.4181559995329337
2019-09-01 07:00:00,0.5535695630315219
2019-09-01 08:00:00,0.637551653395105
2019-09-01 09:00:00,0.6777636692274808
2019-09-01 10:00:00,0.6928578141973326
2019-09-01 11:00:00,0.6949598494161543
2019-09-01 12:00:00,0.6922131855684247
2019-09-01 13:00:00,0.6920722197678378
2019-09-01 14:00:00,0.6931028009507687
2019-09-01 15:00:00,0.6954699232813313
2019-09-01 16:00:00,0.6953471124525872
2019-09-01 17:00:00,0.6885124428553726
2019-09-01 18:00:00,0.6791290576685832
2019-09-01 19:00:00,0.6680618615740088
2019-09-01 20:00:00,0.6543325663508569
2019-09-01 21:00:00,0.6374497549274942
2019-09-01 22:00:00,0.6163672160460466
2019-09-01 23:00:00,0.5937833835409225
2019-09-02 00:00:00,0.571916955845163
2019-09-02 01:00:00,0.5493524995117502
2019-09-02 02:00:00,0.5260721309497651
2019-09-02 03:00:00,0.5040039607111009
2019-09-02 04:00:00,0.4791119378042464
2019-09-02 05:00:00,0.44984613750626035
2019-09-02 06:00:00,0.41653847063268384
2019-09-02 07:00:00,0.37901466646770526
2019-09-02 08:00:00,0.348251952736509
2019-09-02 09:00:00,0.3220760320910278
2019-09-02 10:00:00,0.3096368733619387
2019-09-02 11:00:00,0.2867403444908852
2019-09-02 12:00:00,0.26375816522933954
2019-09-02 13:00:00,0.23900349365142678
2019-09-02 14:00:00,0.2217987214565475
2019-09-02 15:00:00,0.23657911736796686
2019-09-02 16:00:00,0.26363899327715506
2019-09-02 17:00:00,0.296234098719182
2019-09-02 18:00:00,0.2611523751544364
2019-09-02 19:00:00,0.2305502854965504
2019-09-02 20:00:00,0.20962808185552692
2019-09-02 21:00:00,0.19100491553695934
2019-09-02 22:00:00,0.17192296355975886
2019-09-02 23:00:00,0.15508282140087915
2019-09-03 00:00:00,0.14740826292777068
2019-09-03 01:00:00,0.14384241955987787
2019-09-03 02:00:00,0.14251869181944732
2019-09-03 03:00:00,0.1445346277787788
2019-09-03 04:00:00,0.15000214827308242
2019-09-03 05:00:00,0.15688842024985789
2019-09-03 06:00:00,0.16535680150532872
2019-09-03 07:00:00,0.17495242215765686
2019-09-03 08:00:00,0.18470126267623274
2019-09-03 09:00:00,0.19399819430473444
2019-09-03 10:00:00,0.20299275502952627
2019-09-03 11:00:00,0.21314330692797817
2019-09-03 12:00:00,0.22779925555746222
2019-09-03 13:00:00,0.24463635523692318
2019-09-03 14:00:00,0.261418100879418
2019-09-03 15:00:00,0.27995944711739096
2019-09-03 16:00:00,0.300350806985425
2019-09-03 17:00:00,0.32010171751991306
2019-09-03 18:00:00,0.33685279279735775
2019-09-03 19:00:00,0.3485437409143978
2019-09-03 20:00:00,0.355295658914572
2019-09-03 21:00:00,0.3597423035028023
2019-09-03 22:00:00,0.3650250876648257
2019-09-03 23:00:00,0.3881844789049526
2019-09-04 00:00:00,0.4419638057125035
2019-09-04 01:00:00,0.5207350335095383
2019-09-04 02:00:00,0.5373566674340728
2019-09-04 03:00:00,0.5765386760055785
2019-09-04 04:00:00,0.5977310600096843
2019-09-04 05:00:00,0.6084161239072429
2019-09-04 06:00:00,0.6082207923670893
2019-09-04 07:00:00,0.602323407173463
2019-09-04 08:00:00,0.6145096063493913
2019-09-04 09:00:00,0.6352982899937166
2019-09-04 10:00:00,0.6396046627460138
2019-09-04 11:00:00,0.626668361160636
2019-09-04 12:00:00,0.6153581709912667
2019-09-04 13:00:00,0.6490520253664983
2019-09-04 14:00:00,0.7580791617181649
2019-09-04 15:00:00,0.9423010153336481
2019-09-04 16:00:00,0.8046729999999992
2019-09-04 17:00:00,0.7690777316056355
2019-09-04 18:00:00,0.7617767480250606
2019-09-04 19:00:00,0.5996694276350173
2019-09-04 20:00:00,0.5608789765075729
2019-09-04 21:00:00,0.6463969881281444
2019-09-04 22:00:00,0.6655171900251877
2019-09-04 23:00:00,0.7163411402243838
2019-09-05 00:00:00,0.7712059485886552
2019-09-05 01:00:00,0.8651053897367846
2019-09-05 02:00:00,0.9103038130657434
2019-09-05 03:00:00,0.8320960266022046
2019-09-05 04:00:00,0.7526436638673799
2019-09-05 05:00:00,0.6948224282516281
2019-09-05 06:00:00,0.6763177363208048
2019-09-05 07:00:00,0.6612589312674251
2019-09-05 08:00:00,0.648121823128423
2019-09-05 09:00:00,0.6378344767353825
2019-09-05 10:00:00,0.6284174837002815
2019-09-05 11:00:00,0.6064045526335516
2019-09-05 12:00:00,0.6002352216278833
2019-09-05 13:00:00,0.6102516216781931
2019-09-05 14:00:00,0.6250781301792732
2019-09-05 15:00:00,0.6490324246613534
2019-09-05 16:00:00,0.6172381629408934
2019-09-05 17:00:00,0.6180579284340705
2019-09-05 18:00:00,0.6219980978976442
2019-09-05 19:00:00,0.6272957815128081
2019-09-05 20:00:00,0.61595149485927
2019-09-05 21:00:00,0.6270833025828483
2019-09-05 22:00:00,0.6312271104250557
2019-09-05 23:00:00,0.6306894063014042
2019-09-06 00:00:00,0.6550932092001386
2019-09-06 01:00:00,0.7152277748282967
2019-09-06 02:00:00,0.6866378103018499
2019-09-06 03:00:00,0.6847812583897457
2019-09-06 04:00:00,0.6829291952834124
2019-09-06 05:00:00,0.6828992511795043
2019-09-06 06:00:00,0.6908258312835825
2019-09-06 07:00:00,0.7067942342467453
2019-09-06 08:00:00,0.7073195775560229
2019-09-06 09:00:00,0.7022632587440302
2019-09-06 10:00:00,0.6924812186047441
2019-09-06 11:00:00,0.6927938003368227
2019-09-06 12:00:00,0.6952461529045599
2019-09-06 13:00:00,0.6945014500914591
2019-09-06 14:00:00,0.6933775252793428
2019-09-06 15:00:00,0.6930037144451634
2019-09-06 16:00:00,0.724405850681871
2019-09-06 17:00:00,0.7600179206944067
2019-09-06 18:00:00,0.7844925308014669
2019-09-06 19:00:00,0.7936891646142149
2019-09-06 20:00:00,0.8007079595059238
2019-09-06 21:00:00,0.8033392797842475
2019-09-06 22:00:00,0.79918830902676
2019-09-06 23:00:00,0.7938882414071569
2019-09-07 00:00:00,0.7859101829732347
2019-09-07 01:00:00,0.7747278550586374
2019-09-07 02:00:00,0.7597267182374854
2019-09-07 03:00:00,0.7412122993578197
2019-09-07 04:00:00,0.7197414191191747
2019-09-07 05:00:00,0.6974297078000739
2019-09-07 06:00:00,0.673967583427196
2019-09-07 07:00:00,0.6493078988306487
2019-09-07 08:00:00,0.623589369788687
2019-09-07 09:00:00,0.5976926145213345
2019-09-07 10:00:00,0.5729621810091463
2019-09-07 11:00:00,0.5497007498507935
2019-09-07 12:00:00,0.5281840333341263
2019-09-07 13:00:00,0.5077467352320146
2019-09-07 14:00:00,0.4871777261955592
2019-09-07 15:00:00,0.46643047636950213
2019-09-07 16:00:00,0.4457794134904083
2019-09-07 17:00:00,0.4252348218936631
2019-09-07 18:00:00,0.40365278861695125
2019-09-07 19:00:00,0.3822184131256285
2019-09-07 20:00:00,0.36129086446308567
2019-09-07 21:00:00,0.3411401682705332
2019-09-07 22:00:00,0.3218646155958244
2019-09-07 23:00:00,0.3029009635413543
2019-09-08 00:00:00,0.28358676340726163
2019-09-08 01:00:00,0.2632454700812487
2019-09-08 02:00:00,0.2411367809020029
2019-09-08 03:00:00,0.219481394957551
2019-09-08 04:00:00,0.1985984006519209
2019-09-08 05:00:00,0.1829374766462111
2019-09-08 06:00:00,0.1682212826494442
2019-09-08 07:00:00,0.1540296370327142
2019-09-08 08:00:00,0.14223721216770016
2019-09-08 09:00:00,0.13378470184067978
2019-09-08 10:00:00,0.13352502684372305
2019-09-08 11:00:00,0.14037361986945568
2019-09-08 12:00:00,0.1516944906491498
2019-09-08 13:00:00,0.1657703028559103
2019-09-08 14:00:00,0.18712020342964172
2019-09-08 15:00:00,0.2116827945698854
2019-09-08 16:00:00,0.24125088505427425
2019-09-08 17:00:00,0.27465048112049273
2019-09-08 18:00:00,0.311687948043377
2019-09-08 19:00:00,0.34987277799252253
2019-09-08 20:00:00,0.3817340433535124
2019-09-08 21:00:00,0.401423548937998
2019-09-08 22:00:00,0.4161721793682582
2019-09-08 23:00:00,0.42703866216742425
2019-09-09 00:00:00,0.43573665977163284
2019-09-09 01:00:00,0.4453637490019099
2019-09-09 02:00:00,0.455764638364533
2019-09-09 03:00:00,0.46726001209794354
2019-09-09 04:00:00,0.4781146769784916
2019-09-09 05:00:00,0.4845037861571981
2019-09-09 06:00:00,0.48450519257981634
2019-09-09 07:00:00,0.47722372244055233
2019-09-09 08:00:00,0.4630615600542716
2019-09-09 09:00:00,0.4456312831104744
2019-09-09 10:00:00,0.42727367257986854
2019-09-09 11:00:00,0.40890270404005824
2019-09-09 12:00:00,0.3913208671885929
2019-09-09 13:00:00,0.37431227204463435
2019-09-09 14:00:00,0.3609415943331068
2019-09-09 15:00:00,0.35217758538526417
2019-09-09 16:00:00,0.3478170276951912
2019-09-09 17:00:00,0.3489079861103638
2019-09-09 18:00:00,0.3555883970750893
2019-09-09 19:00:00,0.36826490337961165
2019-09-09 20:00:00,0.38574871409187356
2019-09-09 21:00:00,0.4052478265876849
2019-09-09 22:00:00,0.4278413674102759
2019-09-09 23:00:00,0.46310802337731777
2019-09-10 00:00:00,0.4956389245491811
2019-09-10 01:00:00,0.5186908050622402
2019-09-10 02:00:00,0.5412233462282837
2019-09-10 03:00:00,0.5639629122664639
2019-09-10 04:00:00,0.5850354450884206
2019-09-10 05:00:00,0.6025745561584299
2019-09-10 06:00:00,0.6167632892381858
2019-09-10 07:00:00,0.6262077182613189
2019-09-10 08:00:00,0.629505833478549
2019-09-10 09:00:00,0.6267222124782238
2019-09-10 10:00:00,0.6189999709746268
2019-09-10 11:00:00,0.6069141733622744
2019-09-10 12:00:00,0.5900503896075241
2019-09-10 13:00:00,0.5682639341219989
2019-09-10 14:00:00,0.5426828640019568
2019-09-10 15:00:00,0.5151095003881817
2019-09-10 16:00:00,0.4864742099774758
2019-09-10 17:00:00,0.4533336840195181
2019-09-10 18:00:00,0.4257132623575491
2019-09-10 19:00:00,0.44501412421428493
2019-09-10 20:00:00,0.48627301490493224
2019-09-10 21:00:00,0.49827457500804984
2019-09-10 22:00:00,0.5460094798503623
2019-09-10 23:00:00,0.5902131727691932
2019-09-11 00:00:00,0.6578206166326079
2019-09-11 01:00:00,0.6867610184214066
2019-09-11 02:00:00,0.6828435436835467
2019-09-11 03:00:00,0.6736133144697017
2019-09-11 04:00:00,0.6659987974727897
2019-09-11 05:00:00,0.6592313527117821
2019-09-11 06:00:00,0.65235058545825
2019-09-11 07:00:00,0.6752788034337334
2019-09-11 08:00:00,0.7793691008874141
2019-09-11 09:00:00,0.893327276959915
2019-09-11 10:00:00,0.8987795449709466
2019-09-11 11:00:00,0.8800597103532765
2019-09-11 12:00:00,0.8697579400228777
2019-09-11 13:00:00,0.8786345665586353
2019-09-11 14:00:00,0.8983245201317434
2019-09-11 15:00:00,0.9046391018850957
2019-09-11 16:00:00,0.9249564433619542
2019-09-11 17:00:00,0.9325523691267208
2019-09-11 18:00:00,0.9073671836284662
2019-09-11 19:00:00,0.8927066740467847
2019-09-11 20:00:00,0.8643872682282904
2019-09-11 21:00:00,0.8387480105203301
2019-09-11 22:00:00,0.837314456235126
2019-09-11 23:00:00,0.8241395604700775
2019-09-12 00:00:00,0.8167823083731826
2019-09-12 01:00:00,0.8126680495376988
2019-09-12 02:00:00,0.8000849697775049
2019-09-12 03:00:00,0.7850672225880413
2019-09-12 04:00:00,0.7704159693508175
2019-09-12 05:00:00,0.7634373343448337
2019-09-12 06:00:00,0.7662370576400597
2019-09-12 07:00:00,0.7646823212103282
2019-09-12 08:00:00,0.7530661633729743
2019-09-12 09:00:00,0.7429754966705594
2019-09-12 10:00:00,0.7463746118427785
2019-09-12 11:00:00,0.7557380959650621
2019-09-12 12:00:00,0.7729517865347657
2019-09-12 13:00:00,0.8003441696214779
2019-09-12 14:00:00,0.8342707098681058
2019-09-12 15:00:00,0.863471494936749
2019-09-12 16:00:00,0.8675598325062566
2019-09-12 17:00:00,0.8483828331719304
2019-09-12 18:00:00,0.8308275249964634
2019-09-12 19:00:00,0.8213171700878451
2019-09-12 20:00:00,0.8164569909011
2019-09-12 21:00:00,0.8185274696766416
2019-09-12 22:00:00,0.8268945367841215
2019-09-12 23:00:00,0.8465906742202891
2019-09-13 00:00:00,0.8766527611120974
2019-09-13 01:00:00,0.9063715376234579
2019-09-13 02:00:00,0.9310296928724298
2019-09-13 03:00:00,0.9390978280937274
2019-09-13 04:00:00,0.941085021029016
2019-09-13 05:00:00,0.9146866475972389
2019-09-13 06:00:00,0.835170277318929
2019-09-13 07:00:00,0.7710549514194718
2019-09-13 08:00:00,0.7687642092630025
2019-09-13 09:00:00,0.7933276389871828
2019-09-13 10:00:00,0.8091745508481598
2019-09-13 11:00:00,0.8400685719657207
2019-09-13 12:00:00,0.8809006295024763
2019-09-13 13:00:00,0.9171543657532907
2019-09-13 14:00:00,0.9570670180097728
2019-09-13 15:00:00,0.9829406906342272
2019-09-13 16:00:00,0.9829808133279166
2019-09-13 17:00:00,0.9834850691059097
2019-09-13 18:00:00,0.9836069761928722
2019-09-13 19:00:00,0.9833531792767505
2019-09-13 20:00:00,0.98302459389545
2019-09-13 21:00:00,0.9829196982036604
2019-09-13 22:00:00,0.9829898151409402
2019-09-13 23:00:00,0.9790936399973585
2019-09-14 00:00:00,0.9642991480209034
2019-09-14 01:00:00,0.943327983284603
2019-09-14 02:00:00,0.9164756308347018
2019-09-14 03:00:00,0.8884566970486758
2019-09-14 04:00:00,0.8599968704801003
2019-09-14 05:00:00,0.8320935859450033
2019-09-14 06:00:00,0.8043574530466601
2019-09-14 07:00:00,0.7713436291472362
2019-09-14 08:00:00,0.7380460667677755
2019-09-14 09:00:00,0.7242399703596378
2019-09-14 10:00:00,0.8066604674650716
2019-09-14 11:00:00,0.8048577655735709
2019-09-14 12:00:00,1.0
2019-09-14 13:00:00,1.0
2019-09-14 14:00:00,0.93801600585
2019-09-14 15:00:00,0.9668448554740001
2019-09-14 16:00:00,1.0000000000000002
2019-09-14 17:00:00,0.9357879511059997
2019-09-14 18:00:00,0.8483029999999996
2019-09-14 19:00:00,0.9787710000000001
2019-09-14 20:00:00,1.0
2019-09-14 21:00:00,0.8498479999999996
2019-09-14 22:00:00,0.03339479999999995
2019-09-14 23:00:00,0.0
2019-09-15 00:00:00,0.0
2019-09-15 01:00:00,0.0
2019-09-15 02:00:00,0.0
2019-09-15 03:00:00,0.0
2019-09-15 04:00:00,0.0
2019-09-15 05:00:00,0.0
2019-09-15 06:00:00,0.0
2019-09-15 07:00:00,0.0
2019-09-15 08:00:00,0.0
2019-09-15 09:00:00,0.0
2019-09-15 10:00:00,0.0
2019-09-15 11:00:00,0.0
2019-09-15 12:00:00,0.0
2019-09-15 13:00:00,0.2972287999999992
2019-09-15 14:00:00,1.0
2019-09-15 15:00:00,0.9999999999999998
2019-09-15 16:00:00,1.0
2019-09-15 17:00:00,1.0
2019-09-15 18:00:00,1.0
2019-09-15 19:00:00,1.0000000000000002
2019-09-15 20:00:00,1.0
2019-09-15 21:00:00,1.0
2019-09-15 22:00:00,1.0
2019-09-15 23:00:00,0.999949704709724
2019-09-16 00:00:00,0.9972394507885294
2019-09-16 01:00:00,0.9909886112561342
2019-09-16 02:00:00,0.9810432641984721
2019-09-16 03:00:00,0.96437125401246
2019-09-16 04:00:00,0.9526716396354559
2019-09-16 05:00:00,0.9441439117770734
2019-09-16 06:00:00,0.9356812650435906
2019-09-16 07:00:00,0.9294126107102674
2019-09-16 08:00:00,0.9182379330146815
2019-09-16 09:00:00,0.920394905871065
2019-09-16 10:00:00,0.9100299122657527
2019-09-16 11:00:00,0.9097450532789981
2019-09-16 12:00:00,0.9336171225779977
2019-09-16 13:00:00,0.8985901386827434
2019-09-16 14:00:00,0.8944591472350127
2019-09-16 15:00:00,0.9008699327198406
2019-09-16 16:00:00,0.8661877833983475
2019-09-16 17:00:00,0.8131982035711786
2019-09-16 18:00:00,0.7910895431510944
2019-09-16 19:00:00,0.7750329285564754
2019-09-16 20:00:00,0.7625237776123083
2019-09-16 21:00:00,0.8146850000000009
2019-09-16 22:00:00,0.8942099999999993
2019-09-16 23:00:00,1.0
2019-09-17 00:00:00,1.0
2019-09-17 01:00:00,1.0
2019-09-17 02:00:00,1.0
2019-09-17 03:00:00,1.0
2019-09-17 04:00:00,1.0
2019-09-17 05:00:00,1.0
2019-09-17 06:00:00,1.0
2019-09-17 07:00:00,1.0
2019-09-17 08:00:00,0.9917076290476043
2019-09-17 09:00:00,0.9786215440922273
2019-09-17 10:00:00,0.9608307928938814
2019-09-17 11:00:00,0.894818310152391
2019-09-17 12:00:00,0.8186855961937044
2019-09-17 13:00:00,0.7466348183001628
2019-09-17 14:00:00,0.7035864452567339
2019-09-17 15:00:00,0.6730413501622363
2019-09-17 16:00:00,0.6506047005516161
2019-09-17 17:00:00,0.634134983358961
2019-09-17 18:00:00,0.6076692735845034
2019-09-17 19:00:00,0.5624177634381606
2019-09-17 20:00:00,0.5180502104922811
2019-09-17 21:00:00,0.47641516897780967
2019-09-17 22:00:00,0.4376769650141096
2019-09-17 23:00:00,0.401656509196453
2019-09-18 00:00:00,0.3703567884731117
2019-09-18 01:00:00,0.3506164176143697
2019-09-18 02:00:00,0.3353465209489672
2019-09-18 03:00:00,0.3236011060269347
2019-09-18 04:00:00,0.31314732890334174
2019-09-18 05:00:00,0.30215146350342115
2019-09-18 06:00:00,0.2897285184387427
2019-09-18 07:00:00,0.2754059101147024
2019-09-18 08:00:00,0.2597997956436572
2019-09-18 09:00:00,0.2437644313602605
2019-09-18 10:00:00,0.22775280433462522
2019-09-18 11:00:00,0.2122658669499944
2019-09-18 12:00:00,0.19722721944223284
2019-09-18 13:00:00,0.18296803280909724
2019-09-18 14:00:00,0.17260119831141502
2019-09-18 15:00:00,0.16254330644961268
2019-09-18 16:00:00,0.15302696561705043
2019-09-18 17:00:00,0.14407822187130306
2019-09-18 18:00:00,0.13525248676259524
2019-09-18 19:00:00,0.12759875304504562
2019-09-18 20:00:00,0.12122590390111725
2019-09-18 21:00:00,0.11564654050820314
2019-09-18 22:00:00,0.11232190374177604
2019-09-18 23:00:00,0.11018942881482545
2019-09-19 00:00:00,0.10866997600443375
2019-09-19 01:00:00,0.10788650961845117
2019-09-19 02:00:00,0.10788691345265425
2019-09-19 03:00:00,0.11045492467698587
2019-09-19 04:00:00,0.1072173730755495
2019-09-19 05:00:00,0.10186987152471136
2019-09-19 06:00:00,0.10735392508503529
2019-09-19 07:00:00,0.11384910054787872
2019-09-19 08:00:00,0.12443962685796404
2019-09-19 09:00:00,0.13281890994745815
2019-09-19 10:00:00,0.14092515601534492
2019-09-19 11:00:00,0.14786522128490934
2019-09-19 12:00:00,0.15313948167395164
2019-09-19 13:00:00,0.15683656638675872
2019-09-19 14:00:00,0.15879177039266495
2019-09-19 15:00:00,0.1562801222713825
2019-09-19 16:00:00,0.15693139381176774
2019-09-19 17:00:00,0.168304864627216
2019-09-19 18:00:00,0.18552648299499577
2019-09-19 19:00:00,0.19894658663783513
2019-09-19 20:00:00,0.20025931800804123
2019-09-19 21:00:00,0.19118228284897937
2019-09-19 22:00:00,0.17792056433237968
2019-09-19 23:00:00,0.1690078388596094
2019-09-20 00:00:00,0.1656685770346329
2019-09-20 01:00:00,0.16496026146317913
2019-09-20 02:00:00,0.1655642981198866
2019-09-20 03:00:00,0.1670650196227553
2019-09-20 04:00:00,0.16698882124462605
2019-09-20 05:00:00,0.1653385041923053
2019-09-20 06:00:00,0.16302354292191398
2019-09-20 07:00:00,0.16108016689156152
2019-09-20 08:00:00,0.16111522847700344
2019-09-20 09:00:00,0.16416415341574767
2019-09-20 10:00:00,0.17003714523561983
2019-09-20 11:00:00,0.17804483544370403
2019-09-20 12:00:00,0.18616841431858305
2019-09-20 13:00:00,0.19593610413024845
2019-09-20 14:00:00,0.20725161790340152
2019-09-20 15:00:00,0.2197969778891587
2019-09-20 16:00:00,0.23309820983480825
2019-09-20 17:00:00,0.24627322354628364
2019-09-20 18:00:00,0.2580841966871406
2019-09-20 19:00:00,0.2665652117295806
2019-09-20 20:00:00,0.2719579558566923
2019-09-20 21:00:00,0.2735823957280752
2019-09-20 22:00:00,0.27191814403477754
2019-09-20 23:00:00,0.26674782226701904
2019-09-21 00:00:00,0.2586807404197136
2019-09-21 01:00:00,0.24909640013897527
2019-09-21 02:00:00,0.23695457667559439
2019-09-21 03:00:00,0.22295349201868955
2019-09-21 04:00:00,0.20896917866096146
2019-09-21 05:00:00,0.1970642797181794
2019-09-21 06:00:00,0.18760575109437294
2019-09-21 07:00:00,0.1777493546073517
2019-09-21 08:00:00,0.1671612242085679
2019-09-21 09:00:00,0.1556683580102417
2019-09-21 10:00:00,0.14288177263508894
2019-09-21 11:00:00,0.12565874594690682
2019-09-21 12:00:00,0.107714895185936
2019-09-21 13:00:00,0.0919251834104408
2019-09-21 14:00:00,0.07922814583468285
2019-09-21 15:00:00,0.06806208320922805
2019-09-21 16:00:00,0.05732844152417649
2019-09-21 17:00:00,0.04804326129477213
2019-09-21 18:00:00,0.042658667776987916
2019-09-21 19:00:00,0.03926196101703247
2019-09-21 20:00:00,0.03644204621794303
2019-09-21 21:00:00,0.03288447665142562
2019-09-21 22:00:00,0.028612226389823404
2019-09-21 23:00:00,0.024083248254175176
2019-09-22 00:00:00,0.02197580385557136
2019-09-22 01:00:00,0.02141914973959188
2019-09-22 02:00:00,0.019563129030046752
2019-09-22 03:00:00,0.015764491236599548
2019-09-22 04:00:00,0.0126979101980246
2019-09-22 05:00:00,0.012767805941305799
2019-09-22 06:00:00,0.012423990555220518
2019-09-22 07:00:00,0.011582574196099751
2019-09-22 08:00:00,0.010492735656486552
2019-09-22 09:00:00,0.00968565672120224
2019-09-22 10:00:00,0.008377282804655085
2019-09-22 11:00:00,0.009347007119759434
2019-09-22 12:00:00,0.009750804295980442
2019-09-22 13:00:00,0.008679778907042999
2019-09-22 14:00:00,0.00781223876388451
2019-09-22 15:00:00,0.007509704283697935
2019-09-22 16:00:00,0.007344145553778752
2019-09-22 17:00:00,0.0077850767635579635
2019-09-22 18:00:00,0.009064457248142505
2019-09-22 19:00:00,0.010209137359112691
2019-09-22 20:00:00,0.011209523762387555
2019-09-22 21:00:00,0.011950730746176795
2019-09-22 22:00:00,0.012148667233983569
2019-09-22 23:00:00,0.013228189396659401
2019-09-23 00:00:00,0.015120153403668447
2019-09-23 01:00:00,0.016977269489134486
2019-09-23 02:00:00,0.018028353218970644
2019-09-23 03:00:00,0.019258544970334527
2019-09-23 04:00:00,0.021750747984059637
2019-09-23 05:00:00,0.026626341784135477
2019-09-23 06:00:00,0.03348877727969959
2019-09-23 07:00:00,0.04133885445214975
2019-09-23 08:00:00,0.047031438635795265
2019-09-23 09:00:00,0.049964794257453586
2019-09-23 10:00:00,0.05109972549571241
2019-09-23 11:00:00,0.05261732028648194
2019-09-23 12:00:00,0.05950369957852033
2019-09-23 13:00:00,0.06398034160573601
2019-09-23 14:00:00,0.06873338114440962
2019-09-23 15:00:00,0.07223892318998237
2019-09-23 16:00:00,0.07549331845996517
2019-09-23 17:00:00,0.08033171850521334
2019-09-23 18:00:00,0.08741357481962936
2019-09-23 19:00:00,0.09364186169552315
2019-09-23 20:00:00,0.09883397399130457
2019-09-23 21:00:00,0.10353409263202766
2019-09-23 22:00:00,0.10821889148320492
2019-09-23 23:00:00,0.11197521677727891
2019-09-24 00:00:00,0.11454722819950862
2019-09-24 01:00:00,0.1160068661422942
2019-09-24 02:00:00,0.11599185144587527
2019-09-24 03:00:00,0.11482927667474835
2019-09-24 04:00:00,0.11280989019437987
2019-09-24 05:00:00,0.11027430885652427
2019-09-24 06:00:00,0.1060337948661465
2019-09-24 07:00:00,0.09631038384246138
2019-09-24 08:00:00,0.08950350052031589
2019-09-24 09:00:00,0.08614894356342719
2019-09-24 10:00:00,0.07842398901707796
2019-09-24 11:00:00,0.07459000012028445
2019-09-24 12:00:00,0.06975414729851862
2019-09-24 13:00:00,0.06633135503475382
2019-09-24 14:00:00,0.06508148049230078
2019-09-24 15:00:00,0.06235902736099322
2019-09-24 16:00:00,0.05880453570631075
2019-09-24 17:00:00,0.05874995097717467
2019-09-24 18:00:00,0.05922429007901333
2019-09-24 19:00:00,0.058509857737595504
2019-09-24 20:00:00,0.05748023851278351
2019-09-24 21:00:00,0.05719595773023209
2019-09-24 22:00:00,0.056935792624448964
2019-09-24 23:00:00,0.057780602708846544
2019-09-25 00:00:00,0.060164144347386685
2019-09-25 01:00:00,0.06254395323907914
2019-09-25 02:00:00,0.0651074452393115
2019-09-25 03:00:00,0.0678926562316986
2019-09-25 04:00:00,0.0707197188619541
2019-09-25 05:00:00,0.07330067832631093
2019-09-25 06:00:00,0.07513944702739778
2019-09-25 07:00:00,0.07634929686508256
2019-09-25 08:00:00,0.07768446911698686
2019-09-25 09:00:00,0.07860582404514592
2019-09-25 10:00:00,0.08028451442329768
2019-09-25 11:00:00,0.0809200752171873
2019-09-25 12:00:00,0.08005430097734903
2019-09-25 13:00:00,0.07846605715589913
2019-09-25 14:00:00,0.07478939064603325
2019-09-25 15:00:00,0.0726033158111477
2019-09-25 16:00:00,0.0675732792769476
2019-09-25 17:00:00,0.06516342762529888
2019-09-25 18:00:00,0.0646268906363182
2019-09-25 19:00:00,0.06288056715352011
2019-09-25 20:00:00,0.05935632017523962
2019-09-25 21:00:00,0.06040380338069779
2019-09-25 22:00:00,0.060886295713614196
2019-09-25 23:00:00,0.061489564073857694
2019-09-26 00:00:00,0.06042223434452527
2019-09-26 01:00:00,0.05817931243855313
2019-09-26 02:00:00,0.05449799162822303
2019-09-26 03:00:00,0.05089445928809485
2019-09-26 04:00:00,0.04720567602492998
2019-09-26 05:00:00,0.042959412236205766
2019-09-26 06:00:00,0.03828929302613515
2019-09-26 07:00:00,0.03724482133398073
2019-09-26 08:00:00,0.03175600594613693
2019-09-26 09:00:00,0.023528783703138007
2019-09-26 10:00:00,0.021265646204774374
2019-09-26 11:00:00,0.019071319088549362
2019-09-26 12:00:00,0.020306964616879017
2019-09-26 13:00:00,0.02555351712099596
2019-09-26 14:00:00,0.03542837254888689
2019-09-26 15:00:00,0.04048646938121212
2019-09-26 16:00:00,0.04489357152144922
2019-09-26 17:00:00,0.05076823310840722
2019-09-26 18:00:00,0.05948214397079005
2019-09-26 19:00:00,0.07153404423205331
2019-09-26 20:00:00,0.08336764512501824
2019-09-26 21:00:00,0.09721080500865863
2019-09-26 22:00:00,0.1183652075499956
2019-09-26 23:00:00,0.14386737596043356
2019-09-27 00:00:00,0.1717658967481892
2019-09-27 01:00:00,0.20133391038893408
2019-09-27 02:00:00,0.23226169334568222
2019-09-27 03:00:00,0.26372174375460966
2019-09-27 04:00:00,0.2972909986207905
2019-09-27 05:00:00,0.33241780168385454
2019-09-27 06:00:00,0.3655208412779791
2019-09-27 07:00:00,0.3943650753784764
2019-09-27 08:00:00,0.4180843184361838
2019-09-27 09:00:00,0.436650131130836
2019-09-27 10:00:00,0.4496490670296129
2019-09-27 11:00:00,0.4565352073815808
2019-09-27 12:00:00,0.4577951406760813
2019-09-27 13:00:00,0.4551733073372398
2019-09-27 14:00:00,0.45009047059019824
2019-09-27 15:00:00,0.44283105965559544
2019-09-27 16:00:00,0.43344640914108773
2019-09-27 17:00:00,0.4225701567776744
2019-09-27 18:00:00,0.4111039637314434
2019-09-27 19:00:00,0.3992547746191738
2019-09-27 20:00:00,0.38663449346995504
2019-09-27 21:00:00,0.3753293319399605
2019-09-27 22:00:00,0.3634559814648693
2019-09-27 23:00:00,0.3514306668595792
2019-09-28 00:00:00,0.33950301806060385
2019-09-28 01:00:00,0.3277956096471452
2019-09-28 02:00:00,0.31652318565166254
2019-09-28 03:00:00,0.30609545806659594
2019-09-28 04:00:00,0.2964097367544883
2019-09-28 05:00:00,0.28732786810095184
2019-09-28 06:00:00,0.2787312560899285
2019-09-28 07:00:00,0.27020675001379
2019-09-28 08:00:00,0.2627862981457808
2019-09-28 09:00:00,0.25509072407220307
2019-09-28 10:00:00,0.24725062614079868
2019-09-28 11:00:00,0.23917095661389537
2019-09-28 12:00:00,0.23092221776707927
2019-09-28 13:00:00,0.22231533867160644
2019-09-28 14:00:00,0.2134149588525223
2019-09-28 15:00:00,0.20465741843848062
2019-09-28 16:00:00,0.1961366876678151
2019-09-28 17:00:00,0.18813394073555215
2019-09-28 18:00:00,0.18083305331094532
2019-09-28 19:00:00,0.1741827682299838
2019-09-28 20:00:00,0.16822628708860463
2019-09-28 21:00:00,0.16137291158812095
2019-09-28 22:00:00,0.1549236728957756
2019-09-28 23:00:00,0.14922386741965868
2019-09-29 00:00:00,0.14424544510802773
2019-09-29 01:00:00,0.13975199614578684
2019-09-29 02:00:00,0.13536239455472623
2019-09-29 03:00:00,0.13088575351684822
2019-09-29 04:00:00,0.12622439713157935
2019-09-29 05:00:00,0.12103849151494961
2019-09-29 06:00:00,0.11679584523522109
2019-09-29 07:00:00,0.11283257386725262
2019-09-29 08:00:00,0.10879709520472568
2019-09-29 09:00:00,0.10586399867506327
2019-09-29 10:00:00,0.10354089425218507
2019-09-29 11:00:00,0.09900045565268006
2019-09-29 12:00:00,0.09239466635624104
2019-09-29 13:00:00,0.08528952741053648
2019-09-29 14:00:00,0.07978652121267504
2019-09-29 15:00:00,0.07536669215025121
2019-09-29 16:00:00,0.07013847388081064
2019-09-29 17:00:00,0.06659665111182525
2019-09-29 18:00:00,0.06484980300053553
2019-09-29 19:00:00,0.0629290316619188
2019-09-29 20:00:00,0.06183560850099193
2019-09-29 21:00:00,0.06190044930050783
2019-09-29 22:00:00,0.06817263293061239
2019-09-29 23:00:00,0.08447754517010951
2019-09-30 00:00:00,0.12806949266699558
2019-09-30 01:00:00,0.21384533681998627
2019-09-30 02:00:00,0.3022771668354191
2019-09-30 03:00:00,0.3558351910600196
2019-09-30 04:00:00,0.3791871207608349
2019-09-30 05:00:00,0.39989755736990595
2019-09-30 06:00:00,0.41464280300558587
2019-09-30 07:00:00,0.41988571496470556
2019-09-30 08:00:00,0.41253380619476016
2019-09-30 09:00:00,0.39972721030788544
2019-09-30 10:00:00,0.3865636976299518
2019-09-30 11:00:00,0.3765316756743598
2019-09-30 12:00:00,0.3597814024925503
2019-09-30 13:00:00,0.34271661298893036
2019-09-30 14:00:00,0.33086849020652614
2019-09-30 15:00:00,0.3199375011101162
2019-09-30 16:00:00,0.31141192519568195
2019-09-30 17:00:00,0.3027834055324911
2019-09-30 18:00:00,0.29520047840877967
2019-09-30 19:00:00,0.2897181515346619
2019-09-30 20:00:00,0.2954548123979011
2019-09-30 21:00:00,0.3084238625607145
2019-09-30 22:00:00,0.33070367580553206
2019-09-30 23:00:00,0.36597676281579283
2019-10-01 00:00:00,0.40735716788093185
2019-10-01 01:00:00,0.4297360709652822
2019-10-01 02:00:00,0.44720698218125615
2019-10-01 03:00:00,0.46435260792389443
2019-10-01 04:00:00,0.48261642580673264
2019-10-01 05:00:00,0.49831667576615823
2019-10-01 06:00:00,0.5102451735552676
2019-10-01 07:00:00,0.5211818400988433
2019-10-01 08:00:00,0.5339147638902839
2019-10-01 09:00:00,0.5452019699605462
2019-10-01 10:00:00,0.5609201652010652
2019-10-01 11:00:00,0.5800784208360692
2019-10-01 12:00:00,0.5939785708747707
2019-10-01 13:00:00,0.6047087868446123
2019-10-01 14:00:00,0.6142408382385365
2019-10-01 15:00:00,0.6228136560272013
2019-10-01 16:00:00,0.6312948103681512
2019-10-01 17:00:00,0.63931790202368
2019-10-01 18:00:00,0.6457694609253154
2019-10-01 19:00:00,0.6523236943018984
2019-10-01 20:00:00,0.6636431104044792
2019-10-01 21:00:00,0.6774774440065577
2019-10-01 22:00:00,0.6920693003517584
2019-10-01 23:00:00,0.7393153519576785
2019-10-02 00:00:00,0.810115059191201
2019-10-02 01:00:00,0.8646341719254332
2019-10-02 02:00:00,0.9018409527004956
2019-10-02 03:00:00,0.9240855238781791
2019-10-02 04:00:00,0.9423800510281845
2019-10-02 05:00:00,0.9405316773556286
2019-10-02 06:00:00,0.9192942365540322
2019-10-02 07:00:00,0.8896716465047994
2019-10-02 08:00:00,0.8607576112163117
2019-10-02 09:00:00,0.8328796778424119
2019-10-02 10:00:00,0.8015057346828662
2019-10-02 11:00:00,0.7722959594541782
2019-10-02 12:00:00,0.7513731524475277
2019-10-02 13:00:00,0.7346151363879979
2019-10-02 14:00:00,0.7193797604137834
2019-10-02 15:00:00,0.7044898314593558
2019-10-02 16:00:00,0.6906677090528983
2019-10-02 17:00:00,0.6778341025530166
2019-10-02 18:00:00,0.6647095472747835
2019-10-02 19:00:00,0.6503313681715548
2019-10-02 20:00:00,0.6325933749705962
2019-10-02 21:00:00,0.6110307915740265
2019-10-02 22:00:00,0.5875590577563921
2019-10-02 23:00:00,0.5617818608513223
2019-10-03 00:00:00,0.5365982632096608
2019-10-03 01:00:00,0.5118768725131746
2019-10-03 02:00:00,0.4866138748671592
2019-10-03 03:00:00,0.46220049597492696
2019-10-03 04:00:00,0.4391658363026689
2019-10-03 05:00:00,0.4194487059629192
2019-10-03 06:00:00,0.40196078868488866
2019-10-03 07:00:00,0.38469287224355714
2019-10-03 08:00:00,0.3675882676547862
2019-10-03 09:00:00,0.35072889449875305
2019-10-03 10:00:00,0.33422505299419075
2019-10-03 11:00:00,0.3183214373077629
2019-10-03 12:00:00,0.3031463946089658
2019-10-03 13:00:00,0.2873952078143313
2019-10-03 14:00:00,0.27067616927916044
2019-10-03 15:00:00,0.25429876889254
2019-10-03 16:00:00,0.23778290255093093
2019-10-03 17:00:00,0.22431557353933132
2019-10-03 18:00:00,0.21371446980063807
2019-10-03 19:00:00,0.20388016884087978
2019-10-03 20:00:00,0.1933872535412169
2019-10-03 21:00:00,0.18423083325982056
2019-10-03 22:00:00,0.17623781519951842
2019-10-03 23:00:00,0.16987310454449078
2019-10-04 00:00:00,0.1641676865691955
2019-10-04 01:00:00,0.15895419756816365
2019-10-04 02:00:00,0.1539121283858278
2019-10-04 03:00:00,0.1501747319903016
2019-10-04 04:00:00,0.14471742453646166
2019-10-04 05:00:00,0.1397778100506186
2019-10-04 06:00:00,0.13687218842254267
2019-10-04 07:00:00,0.13465410557280058
2019-10-04 08:00:00,0.13338140807347024
2019-10-04 09:00:00,0.13272756694643636
2019-10-04 10:00:00,0.13611824702139197
2019-10-04 11:00:00,0.1411546909336519
2019-10-04 12:00:00,0.14557489303208765
2019-10-04 13:00:00,0.14755942860424362
2019-10-04 14:00:00,0.15062108420525608
2019-10-04 15:00:00,0.15314968446593288
2019-10-04 16:00:00,0.15424706663385013
2019-10-04 17:00:00,0.15723883375799302
2019-10-04 18:00:00,0.16043139866837003
2019-10-04 19:00:00,0.16275736232483584
2019-10-04 20:00:00,0.16381746706654
2019-10-04 21:00:00,0.16370064350416225
2019-10-04 22:00:00,0.16269454484972354
2019-10-04 23:00:00,0.16085519470279605
2019-10-05 00:00:00,0.15793487873789938
2019-10-05 01:00:00,0.15359629526513777
2019-10-05 02:00:00,0.14847318772519366
2019-10-05 03:00:00,0.14263758515843736
2019-10-05 04:00:00,0.13626667219999172
2019-10-05 05:00:00,0.12890349303703394
2019-10-05 06:00:00,0.12055891337935189
2019-10-05 07:00:00,0.1138523779415882
2019-10-05 08:00:00,0.10463629748493332
2019-10-05 09:00:00,0.09645043377391324
2019-10-05 10:00:00,0.08818693933217539
2019-10-05 11:00:00,0.08531443910610605
2019-10-05 12:00:00,0.08578114217178472
2019-10-05 13:00:00,0.09029640076707654
2019-10-05 14:00:00,0.0946638939160631
2019-10-05 15:00:00,0.10526994935365937
2019-10-05 16:00:00,0.14294591600423295
2019-10-05 17:00:00,0.21772764746081794
2019-10-05 18:00:00,0.2657568564384402
2019-10-05 19:00:00,0.34258613547154093
2019-10-05 20:00:00,0.38477691633243316
2019-10-05 21:00:00,0.4106882564295653
2019-10-05 22:00:00,0.4314085636958955
2019-10-05 23:00:00,0.4472343459166369
2019-10-06 00:00:00,0.4584643304615198
2019-10-06 01:00:00,0.46513012452695013
2019-10-06 02:00:00,0.4753904462903323
2019-10-06 03:00:00,0.475116571004938
2019-10-06 04:00:00,0.4911839167392381
2019-10-06 05:00:00,0.49460407455611594
2019-10-06 06:00:00,0.45463624493050053
2019-10-06 07:00:00,0.42771615026935594
2019-10-06 08:00:00,0.4558608058110701
2019-10-06 09:00:00,0.48866579569548335
2019-10-06 10:00:00,0.4734959998331701
2019-10-06 11:00:00,0.45387267403882653
2019-10-06 12:00:00,0.44426064308350866
2019-10-06 13:00:00,0.43589222008230033
2019-10-06 14:00:00,0.42799080212440893
2019-10-06 15:00:00,0.4159622957727519
2019-10-06 16:00:00,0.4072033106370718
2019-10-06 17:00:00,0.39464315217510754
2019-10-06 18:00:00,0.38007808555583694
2019-10-06 19:00:00,0.36606059837282534
2019-10-06 20:00:00,0.354335945461854
2019-10-06 21:00:00,0.3496918983859257
2019-10-06 22:00:00,0.35736555416663957
2019-10-06 23:00:00,0.3765399802281177
2019-10-07 00:00:00,0.3808401214031818
2019-10-07 01:00:00,0.4129024551921886
2019-10-07 02:00:00,0.4446409256318849
2019-10-07 03:00:00,0.45502222827420546
2019-10-07 04:00:00,0.4449955512803648
2019-10-07 05:00:00,0.4306659338031462
2019-10-07 06:00:00,0.4341996239128518
2019-10-07 07:00:00,0.43690242999004464
2019-10-07 08:00:00,0.41508481703791855
2019-10-07 09:00:00,0.3937192778759124
2019-10-07 10:00:00,0.399980445683366
2019-10-07 11:00:00,0.43640161534079314
2019-10-07 12:00:00,0.5752548397119281
2019-10-07 13:00:00,0.5981922161406652
2019-10-07 14:00:00,0.5824536096259927
2019-10-07 15:00:00,0.5381566186714397
2019-10-07 16:00:00,0.5248793282077799
2019-10-07 17:00:00,0.5596670411994438
2019-10-07 18:00:00,0.6630401377795294
2019-10-07 19:00:00,0.7444213799759695
2019-10-07 20:00:00,0.7994255760431633
2019-10-07 21:00:00,0.8477334006324465
2019-10-07 22:00:00,0.8948954203620146
2019-10-07 23:00:00,0.9385534853025443
2019-10-08 00:00:00,0.9697475954825134
2019-10-08 01:00:00,0.987273807382689
2019-10-08 02:00:00,0.9901157817945906
2019-10-08 03:00:00,0.9934690060625179
2019-10-08 04:00:00,0.9947056730198409
2019-10-08 05:00:00,0.9962714755725496
2019-10-08 06:00:00,0.9980403165001095
2019-10-08 07:00:00,1.0
2019-10-08 08:00:00,1.0
2019-10-08 09:00:00,1.0
2019-10-08 10:00:00,0.9999999999999998
2019-10-08 11:00:00,1.0
2019-10-08 12:00:00,1.0
2019-10-08 13:00:00,0.9922534057986008
2019-10-08 14:00:00,0.9907955031596816
2019-10-08 15:00:00,0.9868570203618209
2019-10-08 16:00:00,0.9826868159022941
2019-10-08 17:00:00,0.9831117401701304
2019-10-08 18:00:00,0.991364883855646
2019-10-08 19:00:00,0.9929418668924532
2019-10-08 20:00:00,0.9854216157729242
2019-10-08 21:00:00,0.9769335112699535
2019-10-08 22:00:00,0.9742584782375426
2019-10-08 23:00:00,0.9722010166794441
2019-10-09 00:00:00,0.9715220291841286
2019-10-09 01:00:00,0.9825242254043782
2019-10-09 02:00:00,0.9999999999999998
2019-10-09 03:00:00,1.0
2019-10-09 04:00:00,1.0
2019-10-09 05:00:00,1.0
2019-10-09 06:00:00,1.0
2019-10-09 07:00:00,1.0
2019-10-09 08:00:00,1.0
2019-10-09 09:00:00,1.0
2019-10-09 10:00:00,1.0
2019-10-09 11:00:00,1.0
2019-10-09 12:00:00,1.0
2019-10-09 13:00:00,1.0
2019-10-09 14:00:00,1.0
2019-10-09 15:00:00,1.0
2019-10-09 16:00:00,1.0
2019-10-09 17:00:00,1.0
2019-10-09 18:00:00,1.0
2019-10-09 19:00:00,1.0
2019-10-09 20:00:00,1.0
2019-10-09 21:00:00,1.0
2019-10-09 22:00:00,0.999279948041829
2019-10-09 23:00:00,0.9969372134551001
2019-10-10 00:00:00,0.9933989665986301
2019-10-10 01:00:00,0.9897724112522786
2019-10-10 02:00:00,0.9877836524418598
2019-10-10 03:00:00,0.9848390399748973
2019-10-10 04:00:00,0.9323590965084694
2019-10-10 05:00:00,0.8529513591243943
2019-10-10 06:00:00,0.774113948606022
2019-10-10 07:00:00,0.6966204888179438
2019-10-10 08:00:00,0.6719721049268078
2019-10-10 09:00:00,0.7260460375462199
2019-10-10 10:00:00,0.8125107658845299
2019-10-10 11:00:00,0.9264826880805527
2019-10-10 12:00:00,0.8778145777342727
2019-10-10 13:00:00,0.7973802945580155
2019-10-10 14:00:00,0.7107122651583287
2019-10-10 15:00:00,0.6769811479703485
2019-10-10 16:00:00,0.6634379844761282
2019-10-10 17:00:00,0.6476347795407464
2019-10-10 18:00:00,0.5955162446916721
2019-10-10 19:00:00,0.5304370452116188
2019-10-10 20:00:00,0.4730965140198429
2019-10-10 21:00:00,0.4243960948697931
2019-10-10 22:00:00,0.3817520065056953
2019-10-10 23:00:00,0.34817787822179574
2019-10-11 00:00:00,0.32765769029770464
2019-10-11 01:00:00,0.3080771570394225
2019-10-11 02:00:00,0.29026392280223295
2019-10-11 03:00:00,0.27379673553857703
2019-10-11 04:00:00,0.2581788076960112
2019-10-11 05:00:00,0.24244393827868496
2019-10-11 06:00:00,0.2274908316088439
2019-10-11 07:00:00,0.2163717761522072
2019-10-11 08:00:00,0.2084683278718381
2019-10-11 09:00:00,0.20378217606361235
2019-10-11 10:00:00,0.19794770907053733
2019-10-11 11:00:00,0.18975499204911603
2019-10-11 12:00:00,0.18502485748490533
2019-10-11 13:00:00,0.17878024388580693
2019-10-11 14:00:00,0.16680132260654115
2019-10-11 15:00:00,0.16113715498882278
2019-10-11 16:00:00,0.16744019296822443
2019-10-11 17:00:00,0.17365011628936022
2019-10-11 18:00:00,0.18038112270672166
2019-10-11 19:00:00,0.1867832804115646
2019-10-11 20:00:00,0.19219836181106112
2019-10-11 21:00:00,0.19646727104354997
2019-10-11 22:00:00,0.2035466624180816
2019-10-11 23:00:00,0.2082358424193752
2019-10-12 00:00:00,0.2084727999286726
2019-10-12 01:00:00,0.20476184904899927
2019-10-12 02:00:00,0.19956290785508585
2019-10-12 03:00:00,0.19526341006793602
2019-10-12 04:00:00,0.19367653196362408
2019-10-12 05:00:00,0.1962858962733036
2019-10-12 06:00:00,0.20526842420702318
2019-10-12 07:00:00,0.21796340580895263
2019-10-12 08:00:00,0.21463725781287674
2019-10-12 09:00:00,0.21143700250773792
2019-10-12 10:00:00,0.21733107558682874
2019-10-12 11:00:00,0.22173381726107036
2019-10-12 12:00:00,0.21957213839880046
2019-10-12 13:00:00,0.21474814597451405
2019-10-12 14:00:00,0.20645510646800236
2019-10-12 15:00:00,0.19572665908153536
2019-10-12 16:00:00,0.18663425402792147
2019-10-12 17:00:00,0.17832366002184225
2019-10-12 18:00:00,0.167721772155522
2019-10-12 19:00:00,0.16073205519000872
2019-10-12 20:00:00,0.15464707964687138
2019-10-12 21:00:00,0.14836345156340577
2019-10-12 22:00:00,0.14247165301680725
2019-10-12 23:00:00,0.13751962142244384
2019-10-13 00:00:00,0.13371693234426296
2019-10-13 01:00:00,0.130900707031096
2019-10-13 02:00:00,0.12865121506624058
2019-10-13 03:00:00,0.1268834836981271
2019-10-13 04:00:00,0.1252637129935379
2019-10-13 05:00:00,0.12328547142054533
2019-10-13 06:00:00,0.12073781718721872
2019-10-13 07:00:00,0.11752491344490405
2019-10-13 08:00:00,0.11381086860455382
2019-10-13 09:00:00,0.10987656146635229
2019-10-13 10:00:00,0.105865873464661
2019-10-13 11:00:00,0.10193991892282953
2019-10-13 12:00:00,0.09799710485189658
2019-10-13 13:00:00,0.09409473181827616
2019-10-13 14:00:00,0.09016387749902559
2019-10-13 15:00:00,0.08613694162093288
2019-10-13 16:00:00,0.08207210010950257
2019-10-13 17:00:00,0.07797428593360123
2019-10-13 18:00:00,0.07401467292200392
2019-10-13 19:00:00,0.0700777130425397
2019-10-13 20:00:00,0.06612857984589471
2019-10-13 21:00:00,0.06258669654529653
2019-10-13 22:00:00,0.060146871058581415
2019-10-13 23:00:00,0.0577486454782213
2019-10-14 00:00:00,0.05539055033556073
2019-10-14 01:00:00,0.05308812173940282
2019-10-14 02:00:00,0.05084282283144584
2019-10-14 03:00:00,0.048679797917292406
2019-10-14 04:00:00,0.046603346236298096
2019-10-14 05:00:00,0.04462431470000484
2019-10-14 06:00:00,0.04277642481412405
2019-10-14 07:00:00,0.04105064019430627
2019-10-14 08:00:00,0.03948479087580944
2019-10-14 09:00:00,0.038052263415260315
2019-10-14 10:00:00,0.03671029885037365
2019-10-14 11:00:00,0.03541825436131737
2019-10-14 12:00:00,0.03395486486912288
2019-10-14 13:00:00,0.030444654096030272
2019-10-14 14:00:00,0.02736349817099828
2019-10-14 15:00:00,0.02773282540358757
2019-10-14 16:00:00,0.02825805531458772
2019-10-14 17:00:00,0.02875143038492858
2019-10-14 18:00:00,0.029365927202592724
2019-10-14 19:00:00,0.029932381697605648
2019-10-14 20:00:00,0.030403775826385194
2019-10-14 21:00:00,0.03108945040165999
2019-10-14 22:00:00,0.03231158039697225
2019-10-14 23:00:00,0.033852721184478976
2019-10-15 00:00:00,0.035568229496525654
2019-10-15 01:00:00,0.03691517037387078
2019-10-15 02:00:00,0.03815813970811599
2019-10-15 03:00:00,0.039335526810989695
2019-10-15 04:00:00,0.040334739494731764
2019-10-15 05:00:00,0.040712675347760595
2019-10-15 06:00:00,0.03911551244164209
2019-10-15 07:00:00,0.039008430722294506
2019-10-15 08:00:00,0.037278095881988264
2019-10-15 09:00:00,0.03712791067271822
2019-10-15 10:00:00,0.03466527055664291
2019-10-15 11:00:00,0.03236503419397069
2019-10-15 12:00:00,0.03048184026633691
2019-10-15 13:00:00,0.02981201297744144
2019-10-15 14:00:00,0.029663041843134032
2019-10-15 15:00:00,0.029754531194677445
2019-10-15 16:00:00,0.03111960576748348
2019-10-15 17:00:00,0.03350921788637901
2019-10-15 18:00:00,0.03492354505187715
2019-10-15 19:00:00,0.03642057385618134
2019-10-15 20:00:00,0.04006237133125029
2019-10-15 21:00:00,0.04700011289355132
2019-10-15 22:00:00,0.05794673602004363
2019-10-15 23:00:00,0.07245868585276004
2019-10-16 00:00:00,0.08936156411955734
2019-10-16 01:00:00,0.10676020022088178
2019-10-16 02:00:00,0.1386158375140632
2019-10-16 03:00:00,0.17240046619278984
2019-10-16 04:00:00,0.20420364967641252
2019-10-16 05:00:00,0.2294857911270726
2019-10-16 06:00:00,0.2444903716591665
2019-10-16 07:00:00,0.25029705015815373
2019-10-16 08:00:00,0.2503405638842167
2019-10-16 09:00:00,0.24828347088513794
2019-10-16 10:00:00,0.24633274155954224
2019-10-16 11:00:00,0.24383259899812498
2019-10-16 12:00:00,0.24701268950232247
2019-10-16 13:00:00,0.24598828962668456
2019-10-16 14:00:00,0.24831810173431246
2019-10-16 15:00:00,0.2583694561233922
2019-10-16 16:00:00,0.2733435888878463
2019-10-16 17:00:00,0.2940879177148696
2019-10-16 18:00:00,0.31147445821219755
2019-10-16 19:00:00,0.3266504202329246
2019-10-16 20:00:00,0.3395904529515854
2019-10-16 21:00:00,0.35197320963339307
2019-10-16 22:00:00,0.3643634976758364
2019-10-16 23:00:00,0.3736299651859595
2019-10-17 00:00:00,0.377545254234879
2019-10-17 01:00:00,0.37512833573328486
2019-10-17 02:00:00,0.36877725141643525
2019-10-17 03:00:00,0.36003799657252517
2019-10-17 04:00:00,0.3498195420560056
2019-10-17 05:00:00,0.33961223795701945
2019-10-17 06:00:00,0.3304448043394613
2019-10-17 07:00:00,0.3218902358451822
2019-10-17 08:00:00,0.3134276318230139
2019-10-17 09:00:00,0.3053404986340443
2019-10-17 10:00:00,0.2987097682762132
2019-10-17 11:00:00,0.29492066527169425
2019-10-17 12:00:00,0.29549917154376204
2019-10-17 13:00:00,0.3006255442904789
2019-10-17 14:00:00,0.3083443580056759
2019-10-17 15:00:00,0.3147538412524407
2019-10-17 16:00:00,0.315369050081406
2019-10-17 17:00:00,0.30889446219455313
2019-10-17 18:00:00,0.29483120421253994
2019-10-17 19:00:00,0.2768216704042372
2019-10-17 20:00:00,0.26012950024210224
2019-10-17 21:00:00,0.2450052861709803
2019-10-17 22:00:00,0.23113623768091107
2019-10-17 23:00:00,0.2186567220821479
2019-10-18 00:00:00,0.20705658146412875
2019-10-18 01:00:00,0.19616466755063988
2019-10-18 02:00:00,0.1858569766808203
2019-10-18 03:00:00,0.17594659134673907
2019-10-18 04:00:00,0.166252450327413
2019-10-18 05:00:00,0.15676402377917145
2019-10-18 06:00:00,0.147764461147083
2019-10-18 07:00:00,0.13891457749231056
2019-10-18 08:00:00,0.12889790131447623
2019-10-18 09:00:00,0.11851941606108556
2019-10-18 10:00:00,0.10887816626656135
2019-10-18 11:00:00,0.10003514753454638
2019-10-18 12:00:00,0.09228905904305719
2019-10-18 13:00:00,0.08784001791181026
2019-10-18 14:00:00,0.08382212570109629
2019-10-18 15:00:00,0.07997678974309025
2019-10-18 16:00:00,0.07598673539039097
2019-10-18 17:00:00,0.07153246216867903
2019-10-18 18:00:00,0.06845871801219781
2019-10-18 19:00:00,0.06678628738981054
2019-10-18 20:00:00,0.06585390770691153
2019-10-18 21:00:00,0.06468692277667505
2019-10-18 22:00:00,0.07369137299529481
2019-10-18 23:00:00,0.08829844775434684
2019-10-19 00:00:00,0.10618750364593858
2019-10-19 01:00:00,0.12625188574692983
2019-10-19 02:00:00,0.14854850332010097
2019-10-19 03:00:00,0.19473216684571226
2019-10-19 04:00:00,0.2511156763944474
2019-10-19 05:00:00,0.30916491302678906
2019-10-19 06:00:00,0.39324181880236486
2019-10-19 07:00:00,0.4930135822865149
2019-10-19 08:00:00,0.5925333047992419
2019-10-19 09:00:00,0.6197799820427455
2019-10-19 10:00:00,0.6372480139949208
2019-10-19 11:00:00,0.6464987046162501
2019-10-19 12:00:00,0.662777180939205
2019-10-19 13:00:00,0.6885484703282093
2019-10-19 14:00:00,0.7118163548466002
2019-10-19 15:00:00,0.7101522166475331
2019-10-19 16:00:00,0.6989222806088098
2019-10-19 17:00:00,0.6989930629296959
2019-10-19 18:00:00,0.7102566208139309
2019-10-19 19:00:00,0.7232532881789903
2019-10-19 20:00:00,0.731232587450115
2019-10-19 21:00:00,0.7190794781471516
2019-10-19 22:00:00,0.6931873325180498
2019-10-19 23:00:00,0.6693175170481787
2019-10-20 00:00:00,0.6561001612773919
2019-10-20 01:00:00,0.6538433229402708
2019-10-20 02:00:00,0.6555399148395165
2019-10-20 03:00:00,0.6575592459923728
2019-10-20 04:00:00,0.636035394861067
2019-10-20 05:00:00,0.6230683976254175
2019-10-20 06:00:00,0.6101399043739465
2019-10-20 07:00:00,0.5930615835585835
2019-10-20 08:00:00,0.5727827147866116
2019-10-20 09:00:00,0.5116190915710161
2019-10-20 10:00:00,0.45205210930513173
2019-10-20 11:00:00,0.40504215317646497
2019-10-20 12:00:00,0.37187063420120897
2019-10-20 13:00:00,0.34947402418350026
2019-10-20 14:00:00,0.32408139682587433
2019-10-20 15:00:00,0.27696652616937933
2019-10-20 16:00:00,0.23470341535501008
2019-10-20 17:00:00,0.19712848880218467
2019-10-20 18:00:00,0.1633418810011556
2019-10-20 19:00:00,0.1326925766960461
2019-10-20 20:00:00,0.11117113475161743
2019-10-20 21:00:00,0.1000281174581652
2019-10-20 22:00:00,0.08957022473650805
2019-10-20 23:00:00,0.08025374383488396
2019-10-21 00:00:00,0.07188798119552589
2019-10-21 01:00:00,0.06430167116116477
2019-10-21 02:00:00,0.0577002532675109
2019-10-21 03:00:00,0.05188867230047199
2019-10-21 04:00:00,0.04667317053651221
2019-10-21 05:00:00,0.041897517939520824
2019-10-21 06:00:00,0.03829658542468805
2019-10-21 07:00:00,0.03275033810914445
2019-10-21 08:00:00,0.029301868647526975
2019-10-21 09:00:00,0.029462662565905403
2019-10-21 10:00:00,0.03218864380305599
2019-10-21 11:00:00,0.036595025401358984
2019-10-21 12:00:00,0.04401055380211784
2019-10-21 13:00:00,0.059185277395339145
2019-10-21 14:00:00,0.09424540700755261
2019-10-21 15:00:00,0.1635091748544135
2019-10-21 16:00:00,0.32322022545072243
2019-10-21 17:00:00,0.41891112955713017
2019-10-21 18:00:00,0.5943658542111082
2019-10-21 19:00:00,0.34774764988755574
2019-10-21 20:00:00,0.27183871535451903
2019-10-21 21:00:00,0.1728953999999998
2019-10-21 22:00:00,0.7037420000000001
2019-10-21 23:00:00,1.0
2019-10-22 00:00:00,0.8134177668799996
2019-10-22 01:00:00,1.0
2019-10-22 02:00:00,1.0
2019-10-22 03:00:00,1.0
2019-10-22 04:00:00,1.0
2019-10-22 05:00:00,1.0
2019-10-22 06:00:00,1.0
2019-10-22 07:00:00,1.0
2019-10-22 08:00:00,1.0
2019-10-22 09:00:00,1.0
2019-10-22 10:00:00,1.0
2019-10-22 11:00:00,1.0
2019-10-22 12:00:00,1.0
2019-10-22 13:00:00,1.0
2019-10-22 14:00:00,1.0
2019-10-22 15:00:00,1.0000000000000002
2019-10-22 16:00:00,1.0
2019-10-22 17:00:00,1.0
2019-10-22 18:00:00,1.0
2019-10-22 19:00:00,1.0
2019-10-22 20:00:00,1.0
2019-10-22 21:00:00,1.0
2019-10-22 22:00:00,1.0
2019-10-22 23:00:00,1.0
2019-10-23 00:00:00,1.0
2019-10-23 01:00:00,1.0
2019-10-23 02:00:00,1.0
2019-10-23 03:00:00,1.0
2019-10-23 04:00:00,1.0
2019-10-23 05:00:00,1.0
2019-10-23 06:00:00,0.9999999999999998
2019-10-23 07:00:00,1.0
2019-10-23 08:00:00,0.9999999999999998
2019-10-23 09:00:00,0.9969748616308863
2019-10-23 10:00:00,0.9957614551330611
2019-10-23 11:00:00,0.9948221112154072
2019-10-23 12:00:00,0.9954005372585683
2019-10-23 13:00:00,0.9924521985285489
2019-10-23 14:00:00,0.9720206363712304
2019-10-23 15:00:00,0.9610467516949615
2019-10-23 16:00:00,0.9544332673680958
2019-10-23 17:00:00,0.944312405678069
2019-10-23 18:00:00,0.9297850887163353
2019-10-23 19:00:00,0.9021178606307393
2019-10-23 20:00:00,0.8669963705355773
2019-10-23 21:00:00,0.8110058844289736
2019-10-23 22:00:00,0.7532789850702468
2019-10-23 23:00:00,0.7041372723906886
2019-10-24 00:00:00,0.6875237050485091
2019-10-24 01:00:00,0.6810935262443891
2019-10-24 02:00:00,0.6515676270768584
2019-10-24 03:00:00,0.6155044564029564
2019-10-24 04:00:00,0.5878136081600629
2019-10-24 05:00:00,0.5777942797939398
2019-10-24 06:00:00,0.5769939097456848
2019-10-24 07:00:00,0.5806550191388059
2019-10-24 08:00:00,0.5884228280082776
2019-10-24 09:00:00,0.6047216106392654
2019-10-24 10:00:00,0.6153995462390052
2019-10-24 11:00:00,0.6200072654427832
2019-10-24 12:00:00,0.6782769502350458
2019-10-24 13:00:00,0.8667168364812963
2019-10-24 14:00:00,0.6535917890389531
2019-10-24 15:00:00,0.5670757336059602
2019-10-24 16:00:00,0.7166205970487172
2019-10-24 17:00:00,0.8547849122468619
2019-10-24 18:00:00,0.8370994613143299
2019-10-24 19:00:00,0.7601325973139594
2019-10-24 20:00:00,0.6881871103443002
2019-10-24 21:00:00,0.6297226305279928
2019-10-24 22:00:00,0.5844889999999996
2019-10-24 23:00:00,0.6275770000000005
2019-10-25 00:00:00,0.6849679999999996
2019-10-25 01:00:00,0.7190270000000005
2019-10-25 02:00:00,0.7760510000000007
2019-10-25 03:00:00,0.7612000000000005
2019-10-25 04:00:00,0.769838
2019-10-25 05:00:00,0.8181080000000005
2019-10-25 06:00:00,0.9444370000000006
2019-10-25 07:00:00,0.7711817242341997
2019-10-25 08:00:00,0.6104764785183991
2019-10-25 09:00:00,0.4718699999999991
2019-10-25 10:00:00,0.4105300453354004
2019-10-25 11:00:00,0.13832859999999947
2019-10-25 12:00:00,0.16792799999999983
2019-10-25 13:00:00,0.26853400000000066
2019-10-25 14:00:00,0.5684948
2019-10-25 15:00:00,0.35398479999999916
2019-10-25 16:00:00,0.26532399999999967
2019-10-25 17:00:00,0.39794060000000014
2019-10-25 18:00:00,0.5759220000000003
2019-10-25 19:00:00,0.8146199999999998
2019-10-25 20:00:00,1.0
2019-10-25 21:00:00,1.0
2019-10-25 22:00:00,1.0
2019-10-25 23:00:00,1.0
2019-10-26 00:00:00,1.0
2019-10-26 01:00:00,0.8471329999999994
2019-10-26 02:00:00,0.8075942293248004
2019-10-26 03:00:00,0.80216686639
2019-10-26 04:00:00,1.0
2019-10-26 05:00:00,1.0
2019-10-26 06:00:00,1.0
2019-10-26 07:00:00,1.0
2019-10-26 08:00:00,1.0
2019-10-26 09:00:00,0.9874648439133139
2019-10-26 10:00:00,0.9768847263362418
2019-10-26 11:00:00,0.963638400095931
2019-10-26 12:00:00,0.9061442416311773
2019-10-26 13:00:00,0.8578458481770288
2019-10-26 14:00:00,0.8112318415949757
2019-10-26 15:00:00,0.7746396764989165
2019-10-26 16:00:00,0.7471092003137138
2019-10-26 17:00:00,0.7379999647158333
2019-10-26 18:00:00,0.7193719870748148
2019-10-26 19:00:00,0.711596809741635
2019-10-26 20:00:00,0.7023669086435994
2019-10-26 21:00:00,0.7408353890832939
2019-10-26 22:00:00,0.8288395234097737
2019-10-26 23:00:00,0.8727249293021376
2019-10-27 00:00:00,0.9278847370639086
2019-10-27 01:00:00,0.7703053420127592
2019-10-27 02:00:00,0.6115929639572487
2019-10-27 03:00:00,0.5821868788338282
2019-10-27 04:00:00,0.6286289838794009
2019-10-27 05:00:00,0.6312904950606353
2019-10-27 06:00:00,0.6863711290068576
2019-10-27 07:00:00,0.7585096094831437
2019-10-27 08:00:00,0.8131186647123849
2019-10-27 09:00:00,0.816147856112134
2019-10-27 10:00:00,0.7927334942126503
2019-10-27 11:00:00,0.6913762209328448
2019-10-27 12:00:00,0.821787651513449
2019-10-27 13:00:00,0.9437992920820863
2019-10-27 14:00:00,0.9523065805810854
2019-10-27 15:00:00,0.9556088754806407
2019-10-27 16:00:00,0.8817240354722049
2019-10-27 17:00:00,0.8021210813010812
2019-10-27 18:00:00,0.7333092774936376
2019-10-27 19:00:00,0.6910437020042928
2019-10-27 20:00:00,0.6736332757613068
2019-10-27 21:00:00,0.665197437571681
2019-10-27 22:00:00,0.6352774860290165
2019-10-27 23:00:00,0.5952144508676385
2019-10-28 00:00:00,0.5500928500794909
2019-10-28 01:00:00,0.4986266304622442
2019-10-28 02:00:00,0.45510126511695226
2019-10-28 03:00:00,0.42225805224893237
2019-10-28 04:00:00,0.3990707421976597
2019-10-28 05:00:00,0.38292122226369807
2019-10-28 06:00:00,0.3691098386302944
2019-10-28 07:00:00,0.3610899337773924
2019-10-28 08:00:00,0.35397454655868044
2019-10-28 09:00:00,0.34637778149259046
2019-10-28 10:00:00,0.33885415697485005
2019-10-28 11:00:00,0.32891658825755093
2019-10-28 12:00:00,0.3174293776431486
2019-10-28 13:00:00,0.29717446117256807
2019-10-28 14:00:00,0.2748959686627777
2019-10-28 15:00:00,0.2554804393431711
2019-10-28 16:00:00,0.23727932527131773
2019-10-28 17:00:00,0.22141016576940603
2019-10-28 18:00:00,0.20695580171666947
2019-10-28 19:00:00,0.19407097155179673
2019-10-28 20:00:00,0.18294669204100436
2019-10-28 21:00:00,0.17283782407703766
2019-10-28 22:00:00,0.16348122214850513
2019-10-28 23:00:00,0.1531695716175549
2019-10-29 00:00:00,0.14217326125137303
2019-10-29 01:00:00,0.13160432704149166
2019-10-29 02:00:00,0.12781306713583
2019-10-29 03:00:00,0.1263104960608448
2019-10-29 04:00:00,0.12629054817965746
2019-10-29 05:00:00,0.12755856763267853
2019-10-29 06:00:00,0.1295533611451901
2019-10-29 07:00:00,0.131301650682057
2019-10-29 08:00:00,0.13241337352930935
2019-10-29 09:00:00,0.13214606508127683
2019-10-29 10:00:00,0.13091084262460365
2019-10-29 11:00:00,0.12901270920058372
2019-10-29 12:00:00,0.1266435939306971
2019-10-29 13:00:00,0.12379578321538051
2019-10-29 14:00:00,0.12043603425206183
2019-10-29 15:00:00,0.11659411435469176
2019-10-29 16:00:00,0.11234280072370938
2019-10-29 17:00:00,0.10791779436822029
2019-10-29 18:00:00,0.10333531700373244
2019-10-29 19:00:00,0.0986037031947865
2019-10-29 20:00:00,0.09375097017171455
2019-10-29 21:00:00,0.08883420691140927
2019-10-29 22:00:00,0.08386803370839861
2019-10-29 23:00:00,0.07890628114437692
2019-10-30 00:00:00,0.07410102105235158
2019-10-30 01:00:00,0.06946600702175822
2019-10-30 02:00:00,0.06505067342916476
2019-10-30 03:00:00,0.060889726861128174
2019-10-30 04:00:00,0.05736722339181287
2019-10-30 05:00:00,0.05546158216471161
2019-10-30 06:00:00,0.05384658545903789
2019-10-30 07:00:00,0.0524304021724778
2019-10-30 08:00:00,0.051314772800101854
2019-10-30 09:00:00,0.050448675739549885
2019-10-30 10:00:00,0.04970047546707424
2019-10-30 11:00:00,0.04867823673154854
2019-10-30 12:00:00,0.0472406032896175
2019-10-30 13:00:00,0.047054499676024465
2019-10-30 14:00:00,0.04804790444496761
2019-10-30 15:00:00,0.04940521781309328
2019-10-30 16:00:00,0.05065862983079188
2019-10-30 17:00:00,0.0512008207084407
2019-10-30 18:00:00,0.04996191743075807
2019-10-30 19:00:00,0.04704517436393866
2019-10-30 20:00:00,0.044045573700461034
2019-10-30 21:00:00,0.043380702451885474
2019-10-30 22:00:00,0.04232675088068918
2019-10-30 23:00:00,0.04200313427600238
2019-10-31 00:00:00,0.04331278952920369
2019-10-31 01:00:00,0.044564107263805997
2019-10-31 02:00:00,0.0453377113581251
2019-10-31 03:00:00,0.04540755010727786
2019-10-31 04:00:00,0.04229924354620593
2019-10-31 05:00:00,0.04148818873065943
2019-10-31 06:00:00,0.043831312037419363
2019-10-31 07:00:00,0.04545835569229922
2019-10-31 08:00:00,0.04623817242325706
2019-10-31 09:00:00,0.04639818785882472
2019-10-31 10:00:00,0.04295417933454503
2019-10-31 11:00:00,0.041951374851361016
2019-10-31 12:00:00,0.04313885719381809
2019-10-31 13:00:00,0.04330878028940643
2019-10-31 14:00:00,0.04117527229326915
2019-10-31 15:00:00,0.04032369676876647
2019-10-31 16:00:00,0.04438749534680653
2019-10-31 17:00:00,0.05083727358022956
2019-10-31 18:00:00,0.0575687387248333
2019-10-31 19:00:00,0.06248919298238258
2019-10-31 20:00:00,0.06955168178361298
2019-10-31 21:00:00,0.0777249622771124
2019-10-31 22:00:00,0.08523881303726595
2019-10-31 23:00:00,0.09048423537124133
2019-11-01 00:00:00,0.09547743637847546
2019-11-01 01:00:00,0.09854770442670965
2019-11-01 02:00:00,0.09925919286584572
2019-11-01 03:00:00,0.09873512640090097
2019-11-01 04:00:00,0.09777601943980381
2019-11-01 05:00:00,0.09642304294501536
2019-11-01 06:00:00,0.0948509319415923
2019-11-01 07:00:00,0.0924744779183315
2019-11-01 08:00:00,0.08903925802484254
2019-11-01 09:00:00,0.08486310716988454
2019-11-01 10:00:00,0.08063594372217502
2019-11-01 11:00:00,0.07727551490067881
2019-11-01 12:00:00,0.07489531835078794
2019-11-01 13:00:00,0.0731448509078835
2019-11-01 14:00:00,0.07075543664839892
2019-11-01 15:00:00,0.06810985984383292
2019-11-01 16:00:00,0.06394634796240765
2019-11-01 17:00:00,0.05994091041396163
2019-11-01 18:00:00,0.057670847295403796
2019-11-01 19:00:00,0.05627032227766761
2019-11-01 20:00:00,0.05526135561818751
2019-11-01 21:00:00,0.05418528581386151
2019-11-01 22:00:00,0.052404657061088156
2019-11-01 23:00:00,0.053374880344807855
2019-11-02 00:00:00,0.054760962436119213
2019-11-02 01:00:00,0.058113156723744834
2019-11-02 02:00:00,0.0611839676875131
2019-11-02 03:00:00,0.06307114422109689
2019-11-02 04:00:00,0.06528669950545679
2019-11-02 05:00:00,0.06779740920156892
2019-11-02 06:00:00,0.0708627485570146
2019-11-02 07:00:00,0.07912317632380289
2019-11-02 08:00:00,0.09950867692544
2019-11-02 09:00:00,0.11846868457323999
2019-11-02 10:00:00,0.12704915611212086
2019-11-02 11:00:00,0.12939043307284306
2019-11-02 12:00:00,0.13178073438207652
2019-11-02 13:00:00,0.13150890147397543
2019-11-02 14:00:00,0.13507171281474037
2019-11-02 15:00:00,0.15100646454051336
2019-11-02 16:00:00,0.17613197138979778
2019-11-02 17:00:00,0.19043980257686666
2019-11-02 18:00:00,0.21883918532049482
2019-11-02 19:00:00,0.27206211398061286
2019-11-02 20:00:00,0.3035775829805387
2019-11-02 21:00:00,0.3042327039691981
2019-11-02 22:00:00,0.3063470231887681
2019-11-02 23:00:00,0.33759431655899985
2019-11-03 00:00:00,0.37785739147209446
2019-11-03 01:00:00,0.43121823438974194
2019-11-03 02:00:00,0.4622658533212836
2019-11-03 03:00:00,0.4952970824862217
2019-11-03 04:00:00,0.5255344061949467
2019-11-03 05:00:00,0.548918552533057
2019-11-03 06:00:00,0.5626466441719687
2019-11-03 07:00:00,0.5656375646439576
2019-11-03 08:00:00,0.5579016460866401
2019-11-03 09:00:00,0.5445479730351376
2019-11-03 10:00:00,0.5335961317220625
2019-11-03 11:00:00,0.5265822468547788
2019-11-03 12:00:00,0.5204585163298769
2019-11-03 13:00:00,0.5123176586718862
2019-11-03 14:00:00,0.5027642679927995
2019-11-03 15:00:00,0.49296033072500334
2019-11-03 16:00:00,0.4840635840080103
2019-11-03 17:00:00,0.47684053672611965
2019-11-03 18:00:00,0.47005709392302925
2019-11-03 19:00:00,0.46405736994740643
2019-11-03 20:00:00,0.4599186895658951
2019-11-03 21:00:00,0.45727133535220726
2019-11-03 22:00:00,0.4525014785674212
2019-11-03 23:00:00,0.44422972484377526
2019-11-04 00:00:00,0.4325985300624484
2019-11-04 01:00:00,0.4199880018957274
2019-11-04 02:00:00,0.4056708649123954
2019-11-04 03:00:00,0.3903262840945254
2019-11-04 04:00:00,0.3763595497300104
2019-11-04 05:00:00,0.3664259197294126
2019-11-04 06:00:00,0.36073348278621575
2019-11-04 07:00:00,0.3599929474461457
2019-11-04 08:00:00,0.36522956449332583
2019-11-04 09:00:00,0.3743249587265134
2019-11-04 10:00:00,0.3864507810607724
2019-11-04 11:00:00,0.3924915462160102
2019-11-04 12:00:00,0.38997264280750904
2019-11-04 13:00:00,0.3848435297767013
2019-11-04 14:00:00,0.3793479146790986
2019-11-04 15:00:00,0.37498011405698295
2019-11-04 16:00:00,0.37259314045561415
2019-11-04 17:00:00,0.37330431637904915
2019-11-04 18:00:00,0.37842493427658985
2019-11-04 19:00:00,0.3880620309445039
2019-11-04 20:00:00,0.4014323011042908
2019-11-04 21:00:00,0.41438435358147474
2019-11-04 22:00:00,0.418149753959363
2019-11-04 23:00:00,0.4142559028692444
2019-11-05 00:00:00,0.40567732383824523
2019-11-05 01:00:00,0.3949780060312407
2019-11-05 02:00:00,0.38773671026049067
2019-11-05 03:00:00,0.38248284110905073
2019-11-05 04:00:00,0.37706307344462986
2019-11-05 05:00:00,0.3720704939748797
2019-11-05 06:00:00,0.36743792331146047
2019-11-05 07:00:00,0.3648290657283463
2019-11-05 08:00:00,0.3640662594291614
2019-11-05 09:00:00,0.36014062200132
2019-11-05 10:00:00,0.3586381888869121
2019-11-05 11:00:00,0.3557020643112338
2019-11-05 12:00:00,0.3531561623475524
2019-11-05 13:00:00,0.35162701117159006
2019-11-05 14:00:00,0.35320966903362994
2019-11-05 15:00:00,0.3612722100790502
2019-11-05 16:00:00,0.3741534787023422
2019-11-05 17:00:00,0.382585069732055
2019-11-05 18:00:00,0.3844455012217155
2019-11-05 19:00:00,0.37424727039829214
2019-11-05 20:00:00,0.3572214340851111
2019-11-05 21:00:00,0.3381962946622716
2019-11-05 22:00:00,0.31896752711554077
2019-11-05 23:00:00,0.2983246029192686
2019-11-06 00:00:00,0.2777358079798344
2019-11-06 01:00:00,0.25789055525588056
2019-11-06 02:00:00,0.23908180416674799
2019-11-06 03:00:00,0.2215796942221256
2019-11-06 04:00:00,0.20550646449484172
2019-11-06 05:00:00,0.19247070937598287
2019-11-06 06:00:00,0.18463545008098856
2019-11-06 07:00:00,0.1784591375506888
2019-11-06 08:00:00,0.17414527176348546
2019-11-06 09:00:00,0.17186028495453903
2019-11-06 10:00:00,0.17165106678411546
2019-11-06 11:00:00,0.17341218083768786
2019-11-06 12:00:00,0.17676498861407175
2019-11-06 13:00:00,0.18185928585123107
2019-11-06 14:00:00,0.18818083656218648
2019-11-06 15:00:00,0.19401319345172435
2019-11-06 16:00:00,0.19870102770863765
2019-11-06 17:00:00,0.2017733803394734
2019-11-06 18:00:00,0.2028331607895249
2019-11-06 19:00:00,0.20157079816132845
2019-11-06 20:00:00,0.19810841210209576
2019-11-06 21:00:00,0.19322928626910904
2019-11-06 22:00:00,0.18769983587297207
2019-11-06 23:00:00,0.18268373961359896
2019-11-07 00:00:00,0.17966135140437325
2019-11-07 01:00:00,0.17969508242417492
2019-11-07 02:00:00,0.18292248552229393
2019-11-07 03:00:00,0.18740761398054606
2019-11-07 04:00:00,0.1910746960068571
2019-11-07 05:00:00,0.192051341223162
2019-11-07 06:00:00,0.18926698574148376
2019-11-07 07:00:00,0.1837566080434868
2019-11-07 08:00:00,0.17834935898042478
2019-11-07 09:00:00,0.1785957133056252
2019-11-07 10:00:00,0.19369948286705937
2019-11-07 11:00:00,0.25272665312101256
2019-11-07 12:00:00,0.31798208883700985
2019-11-07 13:00:00,0.35226925607406234
2019-11-07 14:00:00,0.36959022088892945
2019-11-07 15:00:00,0.38647589583957065
2019-11-07 16:00:00,0.4071862166708805
2019-11-07 17:00:00,0.4329012441588138
2019-11-07 18:00:00,0.4534933882687009
2019-11-07 19:00:00,0.4620566734601868
2019-11-07 20:00:00,0.46087653541267437
2019-11-07 21:00:00,0.4542313407135643
2019-11-07 22:00:00,0.4523653840659552
2019-11-07 23:00:00,0.450552104356966
2019-11-08 00:00:00,0.45048358845281344
2019-11-08 01:00:00,0.45438527980373083
2019-11-08 02:00:00,0.46165183661018155
2019-11-08 03:00:00,0.46981944484430943
2019-11-08 04:00:00,0.47358443345708473
2019-11-08 05:00:00,0.4784004147216418
2019-11-08 06:00:00,0.4824704251067198
2019-11-08 07:00:00,0.48424624142131717
2019-11-08 08:00:00,0.4841646288872782
2019-11-08 09:00:00,0.4833181077398321
2019-11-08 10:00:00,0.4816640411041522
2019-11-08 11:00:00,0.4787177683782755
2019-11-08 12:00:00,0.4743974906503277
2019-11-08 13:00:00,0.4684684139423017
2019-11-08 14:00:00,0.46105077457755145
2019-11-08 15:00:00,0.45251984179202526
2019-11-08 16:00:00,0.442323624808421
2019-11-08 17:00:00,0.43029022285317264
2019-11-08 18:00:00,0.4165844461835338
2019-11-08 19:00:00,0.40151697292189037
2019-11-08 20:00:00,0.38515283926194904
2019-11-08 21:00:00,0.36757865255612876
2019-11-08 22:00:00,0.3492879351639493
2019-11-08 23:00:00,0.3304200404198536
2019-11-09 00:00:00,0.31151922777196533
2019-11-09 01:00:00,0.29304327380559414
2019-11-09 02:00:00,0.2754301418264895
2019-11-09 03:00:00,0.25862649588952535
2019-11-09 04:00:00,0.24180869222023835
2019-11-09 05:00:00,0.22225937703468368
2019-11-09 06:00:00,0.1997937526833258
2019-11-09 07:00:00,0.17877171941797035
2019-11-09 08:00:00,0.1592902352480417
2019-11-09 09:00:00,0.14170949199444918
2019-11-09 10:00:00,0.12588782948491092
2019-11-09 11:00:00,0.11257202842272156
2019-11-09 12:00:00,0.10308458189364275
2019-11-09 13:00:00,0.09859452168477714
2019-11-09 14:00:00,0.1005892172062978
2019-11-09 15:00:00,0.11043463936852585
2019-11-09 16:00:00,0.1268356135194581
2019-11-09 17:00:00,0.14676536836464552
2019-11-09 18:00:00,0.1701957474217506
2019-11-09 19:00:00,0.19455403920631062
2019-11-09 20:00:00,0.22294902481703038
2019-11-09 21:00:00,0.25833650607626235
2019-11-09 22:00:00,0.3117625688870703
2019-11-09 23:00:00,0.3757946158138466
2019-11-10 00:00:00,0.4335538195104731
2019-11-10 01:00:00,0.5114566077428737
2019-11-10 02:00:00,0.5836874215699297
2019-11-10 03:00:00,0.6447606205693174
2019-11-10 04:00:00,0.687023483505633
2019-11-10 05:00:00,0.7270481009596915
2019-11-10 06:00:00,0.76120862659183
2019-11-10 07:00:00,0.7893996471248806
2019-11-10 08:00:00,0.8115187276914674
2019-11-10 09:00:00,0.8272683679243836
2019-11-10 10:00:00,0.8356418111858921
2019-11-10 11:00:00,0.836572856095593
2019-11-10 12:00:00,0.8308333650487844
2019-11-10 13:00:00,0.8191970633825515
2019-11-10 14:00:00,0.8033127541448463
2019-11-10 15:00:00,0.7899627413776932
2019-11-10 16:00:00,0.7751451811729918
2019-11-10 17:00:00,0.7608574089026542
2019-11-10 18:00:00,0.7415347689434855
2019-11-10 19:00:00,0.7200805495498404
2019-11-10 20:00:00,0.6947842236654548
2019-11-10 21:00:00,0.6603823934589576
2019-11-10 22:00:00,0.6258483633466667
2019-11-10 23:00:00,0.601454403731281
2019-11-11 00:00:00,0.5898957153649977
2019-11-11 01:00:00,0.5707238803385114
2019-11-11 02:00:00,0.5370013686803473
2019-11-11 03:00:00,0.492113291342257
2019-11-11 04:00:00,0.4314706408938473
2019-11-11 05:00:00,0.39458686995387665
2019-11-11 06:00:00,0.3686643024004663
2019-11-11 07:00:00,0.3386366446985179
2019-11-11 08:00:00,0.3132038111504927
2019-11-11 09:00:00,0.29492740929997163
2019-11-11 10:00:00,0.2872159648379014
2019-11-11 11:00:00,0.28978251311539505
2019-11-11 12:00:00,0.3082413705997912
2019-11-11 13:00:00,0.345128166944933
2019-11-11 14:00:00,0.4133239242710404
2019-11-11 15:00:00,0.5049325934792653
2019-11-11 16:00:00,0.6061733562441627
2019-11-11 17:00:00,0.6602153998150295
2019-11-11 18:00:00,0.7420114457500719
2019-11-11 19:00:00,0.7962264624577938
2019-11-11 20:00:00,0.8247969486461258
2019-11-11 21:00:00,0.8571151489770041
2019-11-11 22:00:00,0.9178724728182788
2019-11-11 23:00:00,0.9670266361874481
2019-11-12 00:00:00,0.9890443211847226
2019-11-12 01:00:00,1.0
2019-11-12 02:00:00,0.9999999999999998
2019-11-12 03:00:00,1.0
2019-11-12 04:00:00,1.0
2019-11-12 05:00:00,1.0
2019-11-12 06:00:00,1.0
2019-11-12 07:00:00,1.0
2019-11-12 08:00:00,1.0
2019-11-12 09:00:00,0.9962005473628873
2019-11-12 10:00:00,0.9915384558372333
2019-11-12 11:00:00,0.9872259055899045
2019-11-12 12:00:00,0.9834577841199277
2019-11-12 13:00:00,0.981237988931374
2019-11-12 14:00:00,0.979982150139376
2019-11-12 15:00:00,0.9810725195919459
2019-11-12 16:00:00,0.981522136221976
2019-11-12 17:00:00,0.9801587486816921
2019-11-12 18:00:00,0.9793336048416784
2019-11-12 19:00:00,0.9756665114171493
2019-11-12 20:00:00,0.9678771277544436
2019-11-12 21:00:00,0.9585239282880325
2019-11-12 22:00:00,0.9469444814195331
2019-11-12 23:00:00,0.934745973519138
2019-11-13 00:00:00,0.9221529313063929
2019-11-13 01:00:00,0.9082415182478816
2019-11-13 02:00:00,0.8955072030911249
2019-11-13 03:00:00,0.8837923999332781
2019-11-13 04:00:00,0.8703987273161777
2019-11-13 05:00:00,0.856489516422464
2019-11-13 06:00:00,0.8424481641083408
2019-11-13 07:00:00,0.8283122200301146
2019-11-13 08:00:00,0.8140874870878494
2019-11-13 09:00:00,0.7908397741446007
2019-11-13 10:00:00,0.7667373322572983
2019-11-13 11:00:00,0.7477707637320857
2019-11-13 12:00:00,0.7344671921016845
2019-11-13 13:00:00,0.7269373082917654
2019-11-13 14:00:00,0.7243269017935966
2019-11-13 15:00:00,0.7255371689296766
2019-11-13 16:00:00,0.7031070653052032
2019-11-13 17:00:00,0.6642462853865536
2019-11-13 18:00:00,0.6216174291286837
2019-11-13 19:00:00,0.5809814069232091
2019-11-13 20:00:00,0.5478204831293702
2019-11-13 21:00:00,0.5268474832311901
2019-11-13 22:00:00,0.5012379610659896
2019-11-13 23:00:00,0.4791569298640871
2019-11-14 00:00:00,0.4626979525514893
2019-11-14 01:00:00,0.46139064536225155
2019-11-14 02:00:00,0.464456236709374
2019-11-14 03:00:00,0.4682122952241183
2019-11-14 04:00:00,0.4660838584087995
2019-11-14 05:00:00,0.4777607444675819
2019-11-14 06:00:00,0.5191402466556629
2019-11-14 07:00:00,0.5806327081341638
2019-11-14 08:00:00,0.650998980076086
2019-11-14 09:00:00,0.7213240071909498
2019-11-14 10:00:00,0.7808262477642691
2019-11-14 11:00:00,0.8332312016426016
2019-11-14 12:00:00,0.8887157078524063
2019-11-14 13:00:00,0.9267259471487144
2019-11-14 14:00:00,0.9471465306567709
2019-11-14 15:00:00,0.9600518003623041
2019-11-14 16:00:00,0.9719748230701989
2019-11-14 17:00:00,0.9809875807678192
2019-11-14 18:00:00,0.9841090629561394
2019-11-14 19:00:00,0.9777157352497704
2019-11-14 20:00:00,0.9821820461606239
2019-11-14 21:00:00,0.9955909945272653
2019-11-14 22:00:00,0.9941487635589734
2019-11-14 23:00:00,0.9783102673852603
2019-11-15 00:00:00,0.9658666771256514
2019-11-15 01:00:00,0.9581189079978525
2019-11-15 02:00:00,0.9467372591850914
2019-11-15 03:00:00,0.9361926233948518
2019-11-15 04:00:00,0.9217574831242862
2019-11-15 05:00:00,0.9079162581775028
2019-11-15 06:00:00,0.8927025904059634
2019-11-15 07:00:00,0.8590234039604635
2019-11-15 08:00:00,0.8238188275408599
2019-11-15 09:00:00,0.7877927267128783
2019-11-15 10:00:00,0.7531477663563392
2019-11-15 11:00:00,0.7197229506626313
2019-11-15 12:00:00,0.6866228631757328
2019-11-15 13:00:00,0.6535807649883417
2019-11-15 14:00:00,0.6242801118305419
2019-11-15 15:00:00,0.5956112040300048
2019-11-15 16:00:00,0.5681327596503838
2019-11-15 17:00:00,0.5420450706844747
2019-11-15 18:00:00,0.5169250460221222
2019-11-15 19:00:00,0.49267414687761596
2019-11-15 20:00:00,0.46957350941006926
2019-11-15 21:00:00,0.4461550575625073
2019-11-15 22:00:00,0.4240324917721718
2019-11-15 23:00:00,0.40260900368535113
2019-11-16 00:00:00,0.381053714153597
2019-11-16 01:00:00,0.35957498791251985
2019-11-16 02:00:00,0.3373916044666077
2019-11-16 03:00:00,0.31486530742958746
2019-11-16 04:00:00,0.292624986384538
2019-11-16 05:00:00,0.2706298968467534
2019-11-16 06:00:00,0.24911643898213123
2019-11-16 07:00:00,0.22941761181645756
2019-11-16 08:00:00,0.21491320573954423
2019-11-16 09:00:00,0.20472488273185047
2019-11-16 10:00:00,0.20201062181749208
2019-11-16 11:00:00,0.21045458099992967
2019-11-16 12:00:00,0.23163509617559486
2019-11-16 13:00:00,0.2517697704980372
2019-11-16 14:00:00,0.2716724672467715
2019-11-16 15:00:00,0.29453314789343843
2019-11-16 16:00:00,0.32132958669197087
2019-11-16 17:00:00,0.35011027121552046
2019-11-16 18:00:00,0.3822563184281061
2019-11-16 19:00:00,0.415247862173094
2019-11-16 20:00:00,0.45143836295745193
2019-11-16 21:00:00,0.49196898355800966
2019-11-16 22:00:00,0.5220669522645844
2019-11-16 23:00:00,0.5434376107060775
2019-11-17 00:00:00,0.5600916452591889
2019-11-17 01:00:00,0.576857709913759
2019-11-17 02:00:00,0.5982655617669548
2019-11-17 03:00:00,0.6306426596274688
2019-11-17 04:00:00,0.6597696695795526
2019-11-17 05:00:00,0.6884011447873848
2019-11-17 06:00:00,0.7156860864689385
2019-11-17 07:00:00,0.743829998391784
2019-11-17 08:00:00,0.7484476309635
2019-11-17 09:00:00,0.762325617439723
2019-11-17 10:00:00,0.7619038497493423
2019-11-17 11:00:00,0.753451892007479
2019-11-17 12:00:00,0.7427534255364189
2019-11-17 13:00:00,0.7296251147125261
2019-11-17 14:00:00,0.7150714934817192
2019-11-17 15:00:00,0.6984373086187089
2019-11-17 16:00:00,0.6788259504472979
2019-11-17 17:00:00,0.6587730925573733
2019-11-17 18:00:00,0.6393262916146287
2019-11-17 19:00:00,0.6196068212010666
2019-11-17 20:00:00,0.6007952692020798
2019-11-17 21:00:00,0.585366058770937
2019-11-17 22:00:00,0.5761061792730008
2019-11-17 23:00:00,0.5716247724915229
2019-11-18 00:00:00,0.5658022689505051
2019-11-18 01:00:00,0.5588524789644597
2019-11-18 02:00:00,0.5529469040546778
2019-11-18 03:00:00,0.5481086872063227
2019-11-18 04:00:00,0.5431100534262012
2019-11-18 05:00:00,0.5357275456299971
2019-11-18 06:00:00,0.5257839422869899
2019-11-18 07:00:00,0.5143682623344683
2019-11-18 08:00:00,0.5023824952840091
2019-11-18 09:00:00,0.4902682102860306
2019-11-18 10:00:00,0.4774413019337884
2019-11-18 11:00:00,0.4644196042196625
2019-11-18 12:00:00,0.4516022690223732
2019-11-18 13:00:00,0.4389972950110737
2019-11-18 14:00:00,0.42644634550503746
2019-11-18 15:00:00,0.413849490708097
2019-11-18 16:00:00,0.4002863613306605
2019-11-18 17:00:00,0.38614763159643245
2019-11-18 18:00:00,0.3713687768410842
2019-11-18 19:00:00,0.35568251714153
2019-11-18 20:00:00,0.33887088161654116
2019-11-18 21:00:00,0.3205982006087527
2019-11-18 22:00:00,0.3005141500683309
2019-11-18 23:00:00,0.2787359645697811
2019-11-19 00:00:00,0.2569494569270615
2019-11-19 01:00:00,0.23892772671923782
2019-11-19 02:00:00,0.23107098176053964
2019-11-19 03:00:00,0.23882846204315833
2019-11-19 04:00:00,0.26212700598959354
2019-11-19 05:00:00,0.2816768942618467
2019-11-19 06:00:00,0.3120975546875702
2019-11-19 07:00:00,0.3376842699260694
2019-11-19 08:00:00,0.35252610498527087
2019-11-19 09:00:00,0.35545322922847306
2019-11-19 10:00:00,0.3492930644841272
2019-11-19 11:00:00,0.33773133429993
2019-11-19 12:00:00,0.3241225157862881
2019-11-19 13:00:00,0.31128213686918743
2019-11-19 14:00:00,0.30290288861965475
2019-11-19 15:00:00,0.3051997054022997
2019-11-19 16:00:00,0.32491396122887795
2019-11-19 17:00:00,0.36869040796953284
2019-11-19 18:00:00,0.4152833732516333
2019-11-19 19:00:00,0.49730101658127385
2019-11-19 20:00:00,0.577741908229543
2019-11-19 21:00:00,0.6632556621210609
2019-11-19 22:00:00,0.7068625109129789
2019-11-19 23:00:00,0.755898877984242
2019-11-20 00:00:00,0.7987213702575163
2019-11-20 01:00:00,0.8109838026141722
2019-11-20 02:00:00,0.8098494695286986
2019-11-20 03:00:00,0.8121928287990868
2019-11-20 04:00:00,0.8170479678401422
2019-11-20 05:00:00,0.8088065842423654
2019-11-20 06:00:00,0.7869833790627215
2019-11-20 07:00:00,0.75272538422735
2019-11-20 08:00:00,0.7157426022893587
2019-11-20 09:00:00,0.6873508525565758
2019-11-20 10:00:00,0.6800952879683462
2019-11-20 11:00:00,0.6627138421540418
2019-11-20 12:00:00,0.6296953619906003
2019-11-20 13:00:00,0.5897525624390401
2019-11-20 14:00:00,0.5511315319414425
2019-11-20 15:00:00,0.5376415331372613
2019-11-20 16:00:00,0.543039226489297
2019-11-20 17:00:00,0.5385263768230985
2019-11-20 18:00:00,0.5067273602086464
2019-11-20 19:00:00,0.4704928142197531
2019-11-20 20:00:00,0.44592171159535676
2019-11-20 21:00:00,0.4357036619309473
2019-11-20 22:00:00,0.4335701499413624
2019-11-20 23:00:00,0.4188832285233697
2019-11-21 00:00:00,0.3969826266004113
2019-11-21 01:00:00,0.3744083170455031
2019-11-21 02:00:00,0.35681888527182115
2019-11-21 03:00:00,0.3620365578006262
2019-11-21 04:00:00,0.374478794740715
2019-11-21 05:00:00,0.3659553027608725
2019-11-21 06:00:00,0.350040051736107
2019-11-21 07:00:00,0.3340372840672646
2019-11-21 08:00:00,0.3182226380584115
2019-11-21 09:00:00,0.2999206782920569
2019-11-21 10:00:00,0.2753708427616093
2019-11-21 11:00:00,0.24906884151443595
2019-11-21 12:00:00,0.2273083816695774
2019-11-21 13:00:00,0.20449496025577327
2019-11-21 14:00:00,0.18754462274129455
2019-11-21 15:00:00,0.17351053608963507
2019-11-21 16:00:00,0.16055178499710332
2019-11-21 17:00:00,0.14735325163989157
2019-11-21 18:00:00,0.1352275043140936
2019-11-21 19:00:00,0.12272930814963554
2019-11-21 20:00:00,0.1083052661257357
2019-11-21 21:00:00,0.09784190709179247
2019-11-21 22:00:00,0.0916671007889115
2019-11-21 23:00:00,0.08472897725036385
2019-11-22 00:00:00,0.0805205987389307
2019-11-22 01:00:00,0.07679980327575259
2019-11-22 02:00:00,0.0727227452419514
2019-11-22 03:00:00,0.06875203175383891
2019-11-22 04:00:00,0.06499818346777736
2019-11-22 05:00:00,0.06093022751096835
2019-11-22 06:00:00,0.05693650126202437
2019-11-22 07:00:00,0.053274372713510716
2019-11-22 08:00:00,0.04963331241866668
2019-11-22 09:00:00,0.048284492506779145
2019-11-22 10:00:00,0.046899986847636375
2019-11-22 11:00:00,0.04543089370232705
2019-11-22 12:00:00,0.04413356512656879
2019-11-22 13:00:00,0.04281122731148969
2019-11-22 14:00:00,0.04078071481307151
2019-11-22 15:00:00,0.03962497193403425
2019-11-22 16:00:00,0.038498698668359276
2019-11-22 17:00:00,0.035753330228976914
2019-11-22 18:00:00,0.03239737728789806
2019-11-22 19:00:00,0.032022050942717165
2019-11-22 20:00:00,0.032269904978831365
2019-11-22 21:00:00,0.02984934487724268
2019-11-22 22:00:00,0.02573467045549732
2019-11-22 23:00:00,0.026229231582382433
2019-11-23 00:00:00,0.02726576016108266
2019-11-23 01:00:00,0.026640700307152744
2019-11-23 02:00:00,0.026755480882341955
2019-11-23 03:00:00,0.027603375497516486
2019-11-23 04:00:00,0.02766174550206033
2019-11-23 05:00:00,0.027127736149352724
2019-11-23 06:00:00,0.02641942585920722
2019-11-23 07:00:00,0.02487878716549976
2019-11-23 08:00:00,0.023128465685272603
2019-11-23 09:00:00,0.021935603871919684
2019-11-23 10:00:00,0.021638623529426585
2019-11-23 11:00:00,0.021368193515959286
2019-11-23 12:00:00,0.020494147632570164
2019-11-23 13:00:00,0.019342859090947916
2019-11-23 14:00:00,0.018290414685215826
2019-11-23 15:00:00,0.01837702550714023
2019-11-23 16:00:00,0.018836173661434395
2019-11-23 17:00:00,0.018688777003561908
2019-11-23 18:00:00,0.018633067761038388
2019-11-23 19:00:00,0.018470614622218714
2019-11-23 20:00:00,0.018268967688535403
2019-11-23 21:00:00,0.01831555354570667
2019-11-23 22:00:00,0.014912066926157149
2019-11-23 23:00:00,0.014324572910700693
2019-11-24 00:00:00,0.016602008545015846
2019-11-24 01:00:00,0.014624900758075116
2019-11-24 02:00:00,0.013360630056532811
2019-11-24 03:00:00,0.014308047040606429
2019-11-24 04:00:00,0.01413542567318144
2019-11-24 05:00:00,0.013972478595987936
2019-11-24 06:00:00,0.013990720003920765
2019-11-24 07:00:00,0.01495224783532277
2019-11-24 08:00:00,0.01908470891889238
2019-11-24 09:00:00,0.023324270588197662
2019-11-24 10:00:00,0.025417217607502384
2019-11-24 11:00:00,0.024239566895604615
2019-11-24 12:00:00,0.022551719622277425
2019-11-24 13:00:00,0.02197798753528863
2019-11-24 14:00:00,0.024183212057103907
2019-11-24 15:00:00,0.026931358130382645
2019-11-24 16:00:00,0.027546049519675903
2019-11-24 17:00:00,0.029279912556215676
2019-11-24 18:00:00,0.032716716475680654
2019-11-24 19:00:00,0.03549075532800359
2019-11-24 20:00:00,0.03794766410435495
2019-11-24 21:00:00,0.04134523978520939
2019-11-24 22:00:00,0.04306901834700085
2019-11-24 23:00:00,0.043014924059769685
2019-11-25 00:00:00,0.04263301119145775
2019-11-25 01:00:00,0.042024768062428886
2019-11-25 02:00:00,0.04128977709006246
2019-11-25 03:00:00,0.04062661245697808
2019-11-25 04:00:00,0.04019735402170802
2019-11-25 05:00:00,0.03948644775256438
2019-11-25 06:00:00,0.038230784147101404
2019-11-25 07:00:00,0.03657365972613191
2019-11-25 08:00:00,0.03457884031771173
2019-11-25 09:00:00,0.03262368117072965
2019-11-25 10:00:00,0.030522382565427827
2019-11-25 11:00:00,0.02788081132345518
2019-11-25 12:00:00,0.024191830021996423
2019-11-25 13:00:00,0.020614632285069986
2019-11-25 14:00:00,0.017572923524067394
2019-11-25 15:00:00,0.015292569567350115
2019-11-25 16:00:00,0.013228195588483089
2019-11-25 17:00:00,0.011566837820692732
2019-11-25 18:00:00,0.00955906315875426
2019-11-25 19:00:00,0.008267375855024508
2019-11-25 20:00:00,0.008146502846734127
2019-11-25 21:00:00,0.008312374555688673
2019-11-25 22:00:00,0.008394814514675334
2019-11-25 23:00:00,0.007924652096467342
2019-11-26 00:00:00,0.008163472476417499
2019-11-26 01:00:00,0.010476832209761078
2019-11-26 02:00:00,0.013581177061920833
2019-11-26 03:00:00,0.015527926010025698
2019-11-26 04:00:00,0.01715960142288296
2019-11-26 05:00:00,0.015821681972192435
2019-11-26 06:00:00,0.0203214658388322
2019-11-26 07:00:00,0.02092090012697164
2019-11-26 08:00:00,0.024179754989311103
2019-11-26 09:00:00,0.028652975673721756
2019-11-26 10:00:00,0.029581523576430988
2019-11-26 11:00:00,0.031688384172666936
2019-11-26 12:00:00,0.034858077114870496
2019-11-26 13:00:00,0.03582517034610859
2019-11-26 14:00:00,0.036783290459304965
2019-11-26 15:00:00,0.03606328475803552
2019-11-26 16:00:00,0.03320563809531178
2019-11-26 17:00:00,0.0394066762213859
2019-11-26 18:00:00,0.045891736375806645
2019-11-26 19:00:00,0.05081705227602299
2019-11-26 20:00:00,0.05245190593537533
2019-11-26 21:00:00,0.04917437948316453
2019-11-26 22:00:00,0.04548542309198728
2019-11-26 23:00:00,0.04384551230525432
2019-11-27 00:00:00,0.04637375676629565
2019-11-27 01:00:00,0.05669291060221297
2019-11-27 02:00:00,0.07210008704919463
2019-11-27 03:00:00,0.08825693481013544
2019-11-27 04:00:00,0.11350591900920015
2019-11-27 05:00:00,0.1586786181167917
2019-11-27 06:00:00,0.21993498714343607
2019-11-27 07:00:00,0.27441408773844295
2019-11-27 08:00:00,0.3050612686753249
2019-11-27 09:00:00,0.3082130256246136
2019-11-27 10:00:00,0.30733379942596495
2019-11-27 11:00:00,0.3133929936086665
2019-11-27 12:00:00,0.3172994116159372
2019-11-27 13:00:00,0.3166510321280428
2019-11-27 14:00:00,0.320604587487293
2019-11-27 15:00:00,0.3332095673418314
2019-11-27 16:00:00,0.3682864404781525
2019-11-27 17:00:00,0.4387808691987575
2019-11-27 18:00:00,0.5078689449103777
2019-11-27 19:00:00,0.5677025232799693
2019-11-27 20:00:00,0.6357766590694442
2019-11-27 21:00:00,0.6487306450726124
2019-11-27 22:00:00,0.657662190565365
2019-11-27 23:00:00,0.6591266070009459
2019-11-28 00:00:00,0.6603033408261891
2019-11-28 01:00:00,0.6586254660828185
2019-11-28 02:00:00,0.6512436406314194
2019-11-28 03:00:00,0.6474186794817188
2019-11-28 04:00:00,0.6523170163843401
2019-11-28 05:00:00,0.6572075523325935
2019-11-28 06:00:00,0.6472341197654148
2019-11-28 07:00:00,0.6307893330694692
2019-11-28 08:00:00,0.6100861663544248
2019-11-28 09:00:00,0.5905956216540665
2019-11-28 10:00:00,0.5671807074714816
2019-11-28 11:00:00,0.5472176293647754
2019-11-28 12:00:00,0.5380445328989776
2019-11-28 13:00:00,0.5348725966120964
2019-11-28 14:00:00,0.5449954244908737
2019-11-28 15:00:00,0.5605330661054643
2019-11-28 16:00:00,0.576360890125587
2019-11-28 17:00:00,0.5946830362132322
2019-11-28 18:00:00,0.6168340774137637
2019-11-28 19:00:00,0.6441758632480847
2019-11-28 20:00:00,0.6552821714175062
2019-11-28 21:00:00,0.6521080677768338
2019-11-28 22:00:00,0.6499942224615433
2019-11-28 23:00:00,0.6489965165945408
2019-11-29 00:00:00,0.6472133314882493
2019-11-29 01:00:00,0.6445147118419734
2019-11-29 02:00:00,0.6412654239876363
2019-11-29 03:00:00,0.6374632651432672
2019-11-29 04:00:00,0.6363086162136184
2019-11-29 05:00:00,0.6353898177288763
2019-11-29 06:00:00,0.6336187411945341
2019-11-29 07:00:00,0.6288984261969562
2019-11-29 08:00:00,0.6170126120800624
2019-11-29 09:00:00,0.6008000614345665
2019-11-29 10:00:00,0.5866507672917269
2019-11-29 11:00:00,0.5704045533550154
2019-11-29 12:00:00,0.5495765746046211
2019-11-29 13:00:00,0.5290031119977011
2019-11-29 14:00:00,0.5128067092098803
2019-11-29 15:00:00,0.501579412589889
2019-11-29 16:00:00,0.4959184672386598
2019-11-29 17:00:00,0.49221310210929103
2019-11-29 18:00:00,0.4914708841300425
2019-11-29 19:00:00,0.49374202961342945
2019-11-29 20:00:00,0.5015383325711168
2019-11-29 21:00:00,0.5145051021775939
2019-11-29 22:00:00,0.5249490282937643
2019-11-29 23:00:00,0.5267060127429136
2019-11-30 00:00:00,0.5114997847190695
2019-11-30 01:00:00,0.4954587030223631
2019-11-30 02:00:00,0.48488626594371176
2019-11-30 03:00:00,0.4752630990297665
2019-11-30 04:00:00,0.4675084319416794
2019-11-30 05:00:00,0.45678478573464215
2019-11-30 06:00:00,0.44147473228345274
2019-11-30 07:00:00,0.4250576546169606
2019-11-30 08:00:00,0.40934183629711984
2019-11-30 09:00:00,0.39456621930609076
2019-11-30 10:00:00,0.3807860287999018
2019-11-30 11:00:00,0.36787507792253943
2019-11-30 12:00:00,0.3562310735892777
2019-11-30 13:00:00,0.34648122698741224
2019-11-30 14:00:00,0.3387461751484361
2019-11-30 15:00:00,0.33335340114543455
2019-11-30 16:00:00,0.3292474727429655
2019-11-30 17:00:00,0.3249336425646199
2019-11-30 18:00:00,0.3211443903115518
2019-11-30 19:00:00,0.31705754786379
2019-11-30 20:00:00,0.31217499778939867
2019-11-30 21:00:00,0.3062029774232541
2019-11-30 22:00:00,0.2991739335516992
2019-11-30 23:00:00,0.2972342228160925
2019-12-01 00:00:00,0.29375692642829054
2019-12-01 01:00:00,0.28899665292731425
2019-12-01 02:00:00,0.2836501235151597
2019-12-01 03:00:00,0.2786208950881842
2019-12-01 04:00:00,0.30227122838716997
2019-12-01 05:00:00,0.3388701610926822
2019-12-01 06:00:00,0.35380887186592186
2019-12-01 07:00:00,0.3600424404518147
2019-12-01 08:00:00,0.36532931750940784
2019-12-01 09:00:00,0.3784903597839736
2019-12-01 10:00:00,0.39520359613063977
2019-12-01 11:00:00,0.4026700678010984
2019-12-01 12:00:00,0.40474255260915154
2019-12-01 13:00:00,0.4066302534896494
2019-12-01 14:00:00,0.41438537475280746
2019-12-01 15:00:00,0.4256218555307865
2019-12-01 16:00:00,0.4387703780917975
2019-12-01 17:00:00,0.473983753041468
2019-12-01 18:00:00,0.5091223359071393
2019-12-01 19:00:00,0.5448248613798825
2019-12-01 20:00:00,0.5812172240135813
2019-12-01 21:00:00,0.6025109514661682
2019-12-01 22:00:00,0.5701212767819515
2019-12-01 23:00:00,0.5518004906345885
2019-12-02 00:00:00,0.5463998173019454
2019-12-02 01:00:00,0.5419932649313055
2019-12-02 02:00:00,0.5392617724521019
2019-12-02 03:00:00,0.5744944860814125
2019-12-02 04:00:00,0.6237833545375208
2019-12-02 05:00:00,0.6570974888425408
2019-12-02 06:00:00,0.6573060124504297
2019-12-02 07:00:00,0.64763011257862
2019-12-02 08:00:00,0.6595103620355933
2019-12-02 09:00:00,0.6678532130349786
2019-12-02 10:00:00,0.6733237566798146
2019-12-02 11:00:00,0.6728823307660509
2019-12-02 12:00:00,0.6656156281661995
2019-12-02 13:00:00,0.6539287800370002
2019-12-02 14:00:00,0.6311851526869694
2019-12-02 15:00:00,0.623684091251371
2019-12-02 16:00:00,0.6474519099816787
2019-12-02 17:00:00,0.6646690097952989
2019-12-02 18:00:00,0.6697689691830468
2019-12-02 19:00:00,0.6685311915382479
2019-12-02 20:00:00,0.667013207446816
2019-12-02 21:00:00,0.6761847568799679
2019-12-02 22:00:00,0.7325675977280445
2019-12-02 23:00:00,0.9124136032553343
2019-12-03 00:00:00,0.6333177659106713
2019-12-03 01:00:00,0.6090358840730357
2019-12-03 02:00:00,0.675832739780701
2019-12-03 03:00:00,0.6921213777420392
2019-12-03 04:00:00,0.7213400279097469
2019-12-03 05:00:00,0.7738068117895827
2019-12-03 06:00:00,0.8304214298717228
2019-12-03 07:00:00,0.8772292299845624
2019-12-03 08:00:00,0.9494503637980329
2019-12-03 09:00:00,0.9873117157644604
2019-12-03 10:00:00,0.987712042554572
2019-12-03 11:00:00,0.9898613141269953
2019-12-03 12:00:00,0.991984218871763
2019-12-03 13:00:00,0.9932295315329318
2019-12-03 14:00:00,0.9944243237692812
2019-12-03 15:00:00,0.9960971794520217
2019-12-03 16:00:00,0.9987163508561191
2019-12-03 17:00:00,1.0
2019-12-03 18:00:00,1.0
2019-12-03 19:00:00,1.0
2019-12-03 20:00:00,1.0
2019-12-03 21:00:00,1.0
2019-12-03 22:00:00,1.0
2019-12-03 23:00:00,1.0
2019-12-04 00:00:00,1.0
2019-12-04 01:00:00,1.0
2019-12-04 02:00:00,1.0
2019-12-04 03:00:00,1.0
2019-12-04 04:00:00,1.0
2019-12-04 05:00:00,1.0
2019-12-04 06:00:00,1.0000000000000002
2019-12-04 07:00:00,1.0
2019-12-04 08:00:00,1.0
2019-12-04 09:00:00,1.0
2019-12-04 10:00:00,1.0000000000000002
2019-12-04 11:00:00,1.0
2019-12-04 12:00:00,1.0
2019-12-04 13:00:00,1.0
2019-12-04 14:00:00,0.9961045654700839
2019-12-04 15:00:00,0.9956335768691119
2019-12-04 16:00:00,1.0
2019-12-04 17:00:00,1.0
2019-12-04 18:00:00,1.0
2019-12-04 19:00:00,1.0
2019-12-04 20:00:00,0.924441057109
2019-12-04 21:00:00,0.8497474633059999
2019-12-04 22:00:00,0.8791490692399998
2019-12-04 23:00:00,0.9265709999999993
2019-12-05 00:00:00,1.0
2019-12-05 01:00:00,1.0
2019-12-05 02:00:00,0.8271899999999999
2019-12-05 03:00:00,0.3685980000000004
2019-12-05 04:00:00,0.3445368000000002
2019-12-05 05:00:00,0.3796379999999999
2019-12-05 06:00:00,0.3406500000000001
2019-12-05 07:00:00,0.0
2019-12-05 08:00:00,0.0
2019-12-05 09:00:00,0.012971000000000288
2019-12-05 10:00:00,0.4410792000000008
2019-12-05 11:00:00,0.994084000000001
2019-12-05 12:00:00,1.0
2019-12-05 13:00:00,1.0
2019-12-05 14:00:00,1.0
2019-12-05 15:00:00,1.0
2019-12-05 16:00:00,1.0
2019-12-05 17:00:00,1.0
2019-12-05 18:00:00,1.0
2019-12-05 19:00:00,1.0
2019-12-05 20:00:00,1.0
2019-12-05 21:00:00,1.0
2019-12-05 22:00:00,1.0
2019-12-05 23:00:00,1.0
2019-12-06 00:00:00,1.0
2019-12-06 01:00:00,0.9949554170602889
2019-12-06 02:00:00,0.9896568866883565
2019-12-06 03:00:00,0.9858021541359521
2019-12-06 04:00:00,0.984068945090813
2019-12-06 05:00:00,0.984293403125514
2019-12-06 06:00:00,0.9754301030475102
2019-12-06 07:00:00,0.9476567824208921
2019-12-06 08:00:00,0.9230756785166243
2019-12-06 09:00:00,0.9029373860801041
2019-12-06 10:00:00,0.888682643124448
2019-12-06 11:00:00,0.8793290681151333
2019-12-06 12:00:00,0.872239679825638
2019-12-06 13:00:00,0.8671061770072612
2019-12-06 14:00:00,0.8653226558818903
2019-12-06 15:00:00,0.8792689343984779
2019-12-06 16:00:00,0.885594889810819
2019-12-06 17:00:00,0.8891037995653387
2019-12-06 18:00:00,0.9066954391290806
2019-12-06 19:00:00,0.9113432913880617
2019-12-06 20:00:00,0.9071708467961668
2019-12-06 21:00:00,0.9013741765978868
2019-12-06 22:00:00,0.8948747873574252
2019-12-06 23:00:00,0.8873264685887379
2019-12-07 00:00:00,0.8780538060382075
2019-12-07 01:00:00,0.8667506241205736
2019-12-07 02:00:00,0.8512641345264109
2019-12-07 03:00:00,0.8289806790454446
2019-12-07 04:00:00,0.8102144717918983
2019-12-07 05:00:00,0.793113079770486
2019-12-07 06:00:00,0.774937853750021
2019-12-07 07:00:00,0.756278842453568
2019-12-07 08:00:00,0.7371393280291906
2019-12-07 09:00:00,0.7167646582497608
2019-12-07 10:00:00,0.6958588825080345
2019-12-07 11:00:00,0.6747333858860591
2019-12-07 12:00:00,0.6545304522266495
2019-12-07 13:00:00,0.6358160053109975
2019-12-07 14:00:00,0.6215468191441725
2019-12-07 15:00:00,0.6084118694221025
2019-12-07 16:00:00,0.5972244282595554
2019-12-07 17:00:00,0.5991608121132554
2019-12-07 18:00:00,0.5874937865964803
2019-12-07 19:00:00,0.5692414178425728
2019-12-07 20:00:00,0.5637539077036883
2019-12-07 21:00:00,0.5629451138349076
2019-12-07 22:00:00,0.5725374505339333
2019-12-07 23:00:00,0.6325125459053609
2019-12-08 00:00:00,0.7112901224509426
2019-12-08 01:00:00,0.7984344521116864
2019-12-08 02:00:00,0.8541245524012742
2019-12-08 03:00:00,0.4901840000000002
2019-12-08 04:00:00,0.7769270000000006
2019-12-08 05:00:00,0.4951609836304
2019-12-08 06:00:00,0.4192619999999998
2019-12-08 07:00:00,0.5481110000000005
2019-12-08 08:00:00,0.6662040000000005
2019-12-08 09:00:00,0.7169084491869996
2019-12-08 10:00:00,0.7876625710920004
2019-12-08 11:00:00,0.8157287210923996
2019-12-08 12:00:00,1.0
2019-12-08 13:00:00,1.0
2019-12-08 14:00:00,1.0
2019-12-08 15:00:00,1.0
2019-12-08 16:00:00,1.0
2019-12-08 17:00:00,1.0
2019-12-08 18:00:00,1.0
2019-12-08 19:00:00,1.0
2019-12-08 20:00:00,1.0
2019-12-08 21:00:00,1.0
2019-12-08 22:00:00,1.0
2019-12-08 23:00:00,0.9999999999999998
2019-12-09 00:00:00,1.0
2019-12-09 01:00:00,1.0
2019-12-09 02:00:00,0.9999999999999998
2019-12-09 03:00:00,1.0
2019-12-09 04:00:00,1.0
2019-12-09 05:00:00,1.0000000000000002
2019-12-09 06:00:00,1.0
2019-12-09 07:00:00,1.0
2019-12-09 08:00:00,1.0
2019-12-09 09:00:00,1.0
2019-12-09 10:00:00,1.0
2019-12-09 11:00:00,1.0
2019-12-09 12:00:00,1.0
2019-12-09 13:00:00,1.0
2019-12-09 14:00:00,1.0
2019-12-09 15:00:00,1.0000000000000002
2019-12-09 16:00:00,0.9994777605505097
2019-12-09 17:00:00,0.9978421838232703
2019-12-09 18:00:00,0.996386519557506
2019-12-09 19:00:00,0.994946507161049
2019-12-09 20:00:00,0.9934713749720874
2019-12-09 21:00:00,0.9860767940593866
2019-12-09 22:00:00,0.9653350371468771
2019-12-09 23:00:00,0.9616495085131002
2019-12-10 00:00:00,0.9394373585918872
2019-12-10 01:00:00,0.9109933726472876
2019-12-10 02:00:00,0.8791632999392689
2019-12-10 03:00:00,0.8471855530234847
2019-12-10 04:00:00,0.8341894983524658
2019-12-10 05:00:00,0.8658290278320072
2019-12-10 06:00:00,0.9340425552822885
2019-12-10 07:00:00,0.8348024674701077
2019-12-10 08:00:00,0.9384291476776225
2019-12-10 09:00:00,0.9973677127909444
2019-12-10 10:00:00,0.997700580400667
2019-12-10 11:00:00,0.9980080150713793
2019-12-10 12:00:00,0.9987692996403598
2019-12-10 13:00:00,0.9999999999999998
2019-12-10 14:00:00,1.0
2019-12-10 15:00:00,1.0
2019-12-10 16:00:00,1.0
2019-12-10 17:00:00,1.0
2019-12-10 18:00:00,1.0
2019-12-10 19:00:00,1.0
2019-12-10 20:00:00,0.9198479956492002
2019-12-10 21:00:00,0.6206099999999992
2019-12-10 22:00:00,0.9815330000000007
2019-12-10 23:00:00,0.9857080000000007
2019-12-11 00:00:00,0.7196979999999993
2019-12-11 01:00:00,0.03409000000000084
2019-12-11 02:00:00,0.0
2019-12-11 03:00:00,0.0
2019-12-11 04:00:00,0.0
2019-12-11 05:00:00,0.0
2019-12-11 06:00:00,0.0
2019-12-11 07:00:00,0.0
2019-12-11 08:00:00,0.0
2019-12-11 09:00:00,0.0
2019-12-11 10:00:00,0.0
2019-12-11 11:00:00,0.0
2019-12-11 12:00:00,0.0
2019-12-11 13:00:00,0.0
2019-12-11 14:00:00,0.0
2019-12-11 15:00:00,0.0
2019-12-11 16:00:00,0.0
2019-12-11 17:00:00,0.0
2019-12-11 18:00:00,0.0
2019-12-11 19:00:00,0.0
2019-12-11 20:00:00,0.0
2019-12-11 21:00:00,0.0
2019-12-11 22:00:00,0.0
2019-12-11 23:00:00,0.0
2019-12-12 00:00:00,0.0
2019-12-12 01:00:00,0.0
2019-12-12 02:00:00,0.0
2019-12-12 03:00:00,0.42184740000000076
2019-12-12 04:00:00,0.8766060000000008
2019-12-12 05:00:00,1.0
2019-12-12 06:00:00,1.0
2019-12-12 07:00:00,1.0
2019-12-12 08:00:00,1.0
2019-12-12 09:00:00,0.9999999999999998
2019-12-12 10:00:00,0.9999999999999998
2019-12-12 11:00:00,1.0000000000000002
2019-12-12 12:00:00,0.9999999999999998
2019-12-12 13:00:00,0.9996398282814243
2019-12-12 14:00:00,0.9986838681462099
2019-12-12 15:00:00,0.9975997750416105
2019-12-12 16:00:00,0.9963971993896305
2019-12-12 17:00:00,0.9737854757282817
2019-12-12 18:00:00,0.9530750541731824
2019-12-12 19:00:00,0.9348655520146274
2019-12-12 20:00:00,0.9176781353970825
2019-12-12 21:00:00,0.900016953856238
2019-12-12 22:00:00,0.881551357418744
2019-12-12 23:00:00,0.8629504611204797
2019-12-13 00:00:00,0.8428224031228287
2019-12-13 01:00:00,0.8298367030223457
2019-12-13 02:00:00,0.8184867359802499
2019-12-13 03:00:00,0.8087367446183743
2019-12-13 04:00:00,0.8029942132449244
2019-12-13 05:00:00,0.7994676991640693
2019-12-13 06:00:00,0.7998027202741376
2019-12-13 07:00:00,0.8046442773252891
2019-12-13 08:00:00,0.8135242992871695
2019-12-13 09:00:00,0.8174665415386524
2019-12-13 10:00:00,0.824726693193075
2019-12-13 11:00:00,0.837178078056988
2019-12-13 12:00:00,0.8422672120453542
2019-12-13 13:00:00,0.8564517759383596
2019-12-13 14:00:00,0.8683353206186343
2019-12-13 15:00:00,0.8751521482783243
2019-12-13 16:00:00,0.8846025399865518
2019-12-13 17:00:00,0.8954255157412552
2019-12-13 18:00:00,0.9004540200779616
2019-12-13 19:00:00,0.9093086795100601
2019-12-13 20:00:00,0.9251601665166443
2019-12-13 21:00:00,0.9463946097483972
2019-12-13 22:00:00,0.9515420660505649
2019-12-13 23:00:00,0.9536478530943987
2019-12-14 00:00:00,0.9591738252298232
2019-12-14 01:00:00,0.9733603446708752
2019-12-14 02:00:00,0.9881135562724015
2019-12-14 03:00:00,0.9950297461128437
2019-12-14 04:00:00,0.9968080300285492
2019-12-14 05:00:00,0.9973516539468028
2019-12-14 06:00:00,0.9992438248164266
2019-12-14 07:00:00,1.0
2019-12-14 08:00:00,1.0
2019-12-14 09:00:00,1.0
2019-12-14 10:00:00,1.0
2019-12-14 11:00:00,1.0
2019-12-14 12:00:00,1.0
2019-12-14 13:00:00,1.0
2019-12-14 14:00:00,1.0
2019-12-14 15:00:00,1.0
2019-12-14 16:00:00,1.0
2019-12-14 17:00:00,1.0
2019-12-14 18:00:00,1.0
2019-12-14 19:00:00,1.0
2019-12-14 20:00:00,0.998020630686993
2019-12-14 21:00:00,0.9845479166387122
2019-12-14 22:00:00,0.9792433956494772
2019-12-14 23:00:00,0.9801210507926257
2019-12-15 00:00:00,0.98644924482218
2019-12-15 01:00:00,0.9946953244800331
2019-12-15 02:00:00,1.0
2019-12-15 03:00:00,0.9999999999999998
2019-12-15 04:00:00,1.0
2019-12-15 05:00:00,1.0
2019-12-15 06:00:00,1.0000000000000002
2019-12-15 07:00:00,0.9991607668421526
2019-12-15 08:00:00,0.9974120495199756
2019-12-15 09:00:00,0.9961729360344301
2019-12-15 10:00:00,0.9956193950683385
2019-12-15 11:00:00,0.9965353024106786
2019-12-15 12:00:00,0.9970526242871824
2019-12-15 13:00:00,0.9975206362117126
2019-12-15 14:00:00,0.9982421829219951
2019-12-15 15:00:00,0.9990357068471849
2019-12-15 16:00:00,0.999645748855605
2019-12-15 17:00:00,0.9996588880697066
2019-12-15 18:00:00,0.9996150860037073
2019-12-15 19:00:00,0.9997668439708487
2019-12-15 20:00:00,0.9999222066187541
2019-12-15 21:00:00,0.9997391762172857
2019-12-15 22:00:00,0.9904472679084853
2019-12-15 23:00:00,0.962673258595004
2019-12-16 00:00:00,0.9338813543624503
2019-12-16 01:00:00,0.9088916582072429
2019-12-16 02:00:00,0.879323809836118
2019-12-16 03:00:00,0.8391556854427964
2019-12-16 04:00:00,0.793273645339253
2019-12-16 05:00:00,0.7610185961969953
2019-12-16 06:00:00,0.746009636679377
2019-12-16 07:00:00,0.6976135080089186
2019-12-16 08:00:00,0.6326429881433021
2019-12-16 09:00:00,0.575047667349039
2019-12-16 10:00:00,0.5227191901644115
2019-12-16 11:00:00,0.4740300855952097
2019-12-16 12:00:00,0.43834472589393925
2019-12-16 13:00:00,0.40977455763141946
2019-12-16 14:00:00,0.383920942688881
2019-12-16 15:00:00,0.35996138948552453
2019-12-16 16:00:00,0.3380498104296334
2019-12-16 17:00:00,0.3190081267789743
2019-12-16 18:00:00,0.3032611355246896
2019-12-16 19:00:00,0.2916118512832806
2019-12-16 20:00:00,0.2838287598055457
2019-12-16 21:00:00,0.2791301635665369
2019-12-16 22:00:00,0.27737145356689247
2019-12-16 23:00:00,0.2793129206782309
2019-12-17 00:00:00,0.2857692310012516
2019-12-17 01:00:00,0.2974457655013001
2019-12-17 02:00:00,0.31441263358058374
2019-12-17 03:00:00,0.3359697068447884
2019-12-17 04:00:00,0.3601864386550247
2019-12-17 05:00:00,0.38438358420695046
2019-12-17 06:00:00,0.40687316803243223
2019-12-17 07:00:00,0.42658331315851233
2019-12-17 08:00:00,0.44305516312786825
2019-12-17 09:00:00,0.45652534982540915
2019-12-17 10:00:00,0.47581362298403834
2019-12-17 11:00:00,0.48715412367428773
2019-12-17 12:00:00,0.4910079521635432
2019-12-17 13:00:00,0.48925393334555006
2019-12-17 14:00:00,0.4839475191630947
2019-12-17 15:00:00,0.4765689973098861
2019-12-17 16:00:00,0.46851818191798805
2019-12-17 17:00:00,0.4576569497293948
2019-12-17 18:00:00,0.44458651168967134
2019-12-17 19:00:00,0.43266415954515125
2019-12-17 20:00:00,0.42377161943850744
2019-12-17 21:00:00,0.42093701233482045
2019-12-17 22:00:00,0.42822377360020836
2019-12-17 23:00:00,0.4483927129924567
2019-12-18 00:00:00,0.4774940533172679
2019-12-18 01:00:00,0.5074357333796908
2019-12-18 02:00:00,0.5420651365041028
2019-12-18 03:00:00,0.582152960360505
2019-12-18 04:00:00,0.6131929370584411
2019-12-18 05:00:00,0.6319046946609556
2019-12-18 06:00:00,0.6431302216164406
2019-12-18 07:00:00,0.6465877479084324
2019-12-18 08:00:00,0.6452674503243477
2019-12-18 09:00:00,0.6375473633124256
2019-12-18 10:00:00,0.6260045391016318
2019-12-18 11:00:00,0.6133768218272433
2019-12-18 12:00:00,0.5980069613577816
2019-12-18 13:00:00,0.5784473201993754
2019-12-18 14:00:00,0.5569370738661781
2019-12-18 15:00:00,0.5350417119915457
2019-12-18 16:00:00,0.5150868132529722
2019-12-18 17:00:00,0.49827366780259547
2019-12-18 18:00:00,0.48485364446928114
2019-12-18 19:00:00,0.4748950893028002
2019-12-18 20:00:00,0.4679462415200776
2019-12-18 21:00:00,0.46966946740015575
2019-12-18 22:00:00,0.507946236732998
2019-12-18 23:00:00,0.5295058639795055
2019-12-19 00:00:00,0.546461407346731
2019-12-19 01:00:00,0.5770630108924019
2019-12-19 02:00:00,0.6308682049178587
2019-12-19 03:00:00,0.6157470257140476
2019-12-19 04:00:00,0.5646525929580594
2019-12-19 05:00:00,0.4772017192101958
2019-12-19 06:00:00,0.41738799965570245
2019-12-19 07:00:00,0.37715308995072655
2019-12-19 08:00:00,0.35673185905086374
2019-12-19 09:00:00,0.3361154244546026
2019-12-19 10:00:00,0.33025349353322203
2019-12-19 11:00:00,0.3278807390102058
2019-12-19 12:00:00,0.336977631274159
2019-12-19 13:00:00,0.3508688869220268
2019-12-19 14:00:00,0.3572858464560427
2019-12-19 15:00:00,0.3551670586681989
2019-12-19 16:00:00,0.3515240006349069
2019-12-19 17:00:00,0.35097722348149707
2019-12-19 18:00:00,0.3528112765025257
2019-12-19 19:00:00,0.3558260902044095
2019-12-19 20:00:00,0.3588029902020115
2019-12-19 21:00:00,0.36087810770729145
2019-12-19 22:00:00,0.3655617378575438
2019-12-19 23:00:00,0.36701086119723253
2019-12-20 00:00:00,0.3623269780217746
2019-12-20 01:00:00,0.35975774030042384
2019-12-20 02:00:00,0.363488018556123
2019-12-20 03:00:00,0.36753271299773316
2019-12-20 04:00:00,0.37740954354358447
2019-12-20 05:00:00,0.38303243244227825
2019-12-20 06:00:00,0.3793844130870931
2019-12-20 07:00:00,0.3733137458431049
2019-12-20 08:00:00,0.3680662547267047
2019-12-20 09:00:00,0.3664506697381951
2019-12-20 10:00:00,0.3641203836477643
2019-12-20 11:00:00,0.3543518127358522
2019-12-20 12:00:00,0.34073840842119546
2019-12-20 13:00:00,0.3292150598093956
2019-12-20 14:00:00,0.31939229322742707
2019-12-20 15:00:00,0.3142358478051157
2019-12-20 16:00:00,0.30722138564092005
2019-12-20 17:00:00,0.29892412329754087
2019-12-20 18:00:00,0.2925497435072408
2019-12-20 19:00:00,0.2877965802239415
2019-12-20 20:00:00,0.28487197425093264
2019-12-20 21:00:00,0.28307030820892365
2019-12-20 22:00:00,0.28152660893700227
2019-12-20 23:00:00,0.27983390660089835
2019-12-21 00:00:00,0.27845066559134424
2019-12-21 01:00:00,0.28437134010123427
2019-12-21 02:00:00,0.3048176563452893
2019-12-21 03:00:00,0.330770113669931
2019-12-21 04:00:00,0.3427322998413349
2019-12-21 05:00:00,0.3638168992773372
2019-12-21 06:00:00,0.4173522137573426
2019-12-21 07:00:00,0.4445656745505088
2019-12-21 08:00:00,0.47697862756552684
2019-12-21 09:00:00,0.4839395806009049
2019-12-21 10:00:00,0.5001787930629625
2019-12-21 11:00:00,0.5291720089455941
2019-12-21 12:00:00,0.5502144922300939
2019-12-21 13:00:00,0.5839395445555229
2019-12-21 14:00:00,0.6501759712099929
2019-12-21 15:00:00,0.6419591563477106
2019-12-21 16:00:00,0.6059535762802499
2019-12-21 17:00:00,0.5548019785744418
2019-12-21 18:00:00,0.5029228565450945
2019-12-21 19:00:00,0.4659444496197203
2019-12-21 20:00:00,0.4401620725380164
2019-12-21 21:00:00,0.4149027961507924
2019-12-21 22:00:00,0.39560990494577936
2019-12-21 23:00:00,0.3825712229177768
2019-12-22 00:00:00,0.37373874544302493
2019-12-22 01:00:00,0.3663615114020407
2019-12-22 02:00:00,0.3583111442699577
2019-12-22 03:00:00,0.3490963606504999
2019-12-22 04:00:00,0.3385355659194336
2019-12-22 05:00:00,0.3272529631536608
2019-12-22 06:00:00,0.31637270392297717
2019-12-22 07:00:00,0.3061171979045653
2019-12-22 08:00:00,0.297092961300385
2019-12-22 09:00:00,0.28950461366324176
2019-12-22 10:00:00,0.2835343343388708
2019-12-22 11:00:00,0.27935864578885844
2019-12-22 12:00:00,0.2771607433864669
2019-12-22 13:00:00,0.2767932543317763
2019-12-22 14:00:00,0.2781051339454372
2019-12-22 15:00:00,0.28112721664067447
2019-12-22 16:00:00,0.28649309880545815
2019-12-22 17:00:00,0.29253527211776986
2019-12-22 18:00:00,0.2995738878888135
2019-12-22 19:00:00,0.3078242114188837
2019-12-22 20:00:00,0.3162725495529016
2019-12-22 21:00:00,0.324211369065209
2019-12-22 22:00:00,0.3311066688113157
2019-12-22 23:00:00,0.3367217476658362
2019-12-23 00:00:00,0.3410842437818954
2019-12-23 01:00:00,0.3438123281013134
2019-12-23 02:00:00,0.345923542053554
2019-12-23 03:00:00,0.34680661324663214
2019-12-23 04:00:00,0.34613711082847115
2019-12-23 05:00:00,0.34427878207527485
2019-12-23 06:00:00,0.34135365595089373
2019-12-23 07:00:00,0.33843938263934836
2019-12-23 08:00:00,0.3369026027298679
2019-12-23 09:00:00,0.3372746356877409
2019-12-23 10:00:00,0.3400568287619163
2019-12-23 11:00:00,0.344945265372221
2019-12-23 12:00:00,0.3505090812304
2019-12-23 13:00:00,0.356780141907068
2019-12-23 14:00:00,0.3627143969687246
2019-12-23 15:00:00,0.36855369552032424
2019-12-23 16:00:00,0.37351488741640965
2019-12-23 17:00:00,0.3767797997901059
2019-12-23 18:00:00,0.3781486640876092
2019-12-23 19:00:00,0.37772681018772186
2019-12-23 20:00:00,0.37627365131584406
2019-12-23 21:00:00,0.3747307571473318
2019-12-23 22:00:00,0.37378441316636773
2019-12-23 23:00:00,0.3736067027028001
2019-12-24 00:00:00,0.37406409634699234
2019-12-24 01:00:00,0.37465253237078133
2019-12-24 02:00:00,0.3750616012918735
2019-12-24 03:00:00,0.3747650427367088
2019-12-24 04:00:00,0.3731861306937294
2019-12-24 05:00:00,0.37044309847991375
2019-12-24 06:00:00,0.3655516422973973
2019-12-24 07:00:00,0.3590780734522157
2019-12-24 08:00:00,0.3517303706566092
2019-12-24 09:00:00,0.34374032858248954
2019-12-24 10:00:00,0.3353498639571509
2019-12-24 11:00:00,0.3270921160994071
2019-12-24 12:00:00,0.31929286490209113
2019-12-24 13:00:00,0.3119056573505599
2019-12-24 14:00:00,0.304870938721586
2019-12-24 15:00:00,0.2980504540342246
2019-12-24 16:00:00,0.29135114574909105
2019-12-24 17:00:00,0.28479017271669643
2019-12-24 18:00:00,0.2783343506808213
2019-12-24 19:00:00,0.272050227556891
2019-12-24 20:00:00,0.26600728495487974
2019-12-24 21:00:00,0.25938879771071444
2019-12-24 22:00:00,0.2477729483660119
2019-12-24 23:00:00,0.23791584450326655
2019-12-25 00:00:00,0.2281568747837794
2019-12-25 01:00:00,0.21775386327942428
2019-12-25 02:00:00,0.2058176256752124
2019-12-25 03:00:00,0.1956185284427238
2019-12-25 04:00:00,0.1875178599081288
2019-12-25 05:00:00,0.17958463743229958
2019-12-25 06:00:00,0.1717834901084753
2019-12-25 07:00:00,0.16541653995063577
2019-12-25 08:00:00,0.16069109398040715
2019-12-25 09:00:00,0.15623628790998317
2019-12-25 10:00:00,0.15200399947212676
2019-12-25 11:00:00,0.14870267403861012
2019-12-25 12:00:00,0.14691181048024418
2019-12-25 13:00:00,0.14707282387777576
2019-12-25 14:00:00,0.15025419319841785
2019-12-25 15:00:00,0.1571151979463844
2019-12-25 16:00:00,0.16623180118884542
2019-12-25 17:00:00,0.17542003314539367
2019-12-25 18:00:00,0.18351862909358307
2019-12-25 19:00:00,0.18996797349457806
2019-12-25 20:00:00,0.1940914922949458
2019-12-25 21:00:00,0.19565372930513447
2019-12-25 22:00:00,0.19525165078507964
2019-12-25 23:00:00,0.19368561781598317
2019-12-26 00:00:00,0.19124636291785285
2019-12-26 01:00:00,0.18788078858933305
2019-12-26 02:00:00,0.18367788477840613
2019-12-26 03:00:00,0.17878220108718876
2019-12-26 04:00:00,0.1732798424455781
2019-12-26 05:00:00,0.16751104389672206
2019-12-26 06:00:00,0.16149347992606267
2019-12-26 07:00:00,0.15493972339276396
2019-12-26 08:00:00,0.14675817985699427
2019-12-26 09:00:00,0.1352051629691724
2019-12-26 10:00:00,0.12288072251295992
2019-12-26 11:00:00,0.11265308002954245
2019-12-26 12:00:00,0.10142273547829911
2019-12-26 13:00:00,0.08921156733680406
2019-12-26 14:00:00,0.07887235453883676
2019-12-26 15:00:00,0.06923779559232704
2019-12-26 16:00:00,0.0603621626177497
2019-12-26 17:00:00,0.052058653717955095
2019-12-26 18:00:00,0.04471527871052452
2019-12-26 19:00:00,0.03911950253465257
2019-12-26 20:00:00,0.035166698758509515
2019-12-26 21:00:00,0.0321350108285557
2019-12-26 22:00:00,0.02979053954782933
2019-12-26 23:00:00,0.028932246023487995
2019-12-27 00:00:00,0.02846844099578216
2019-12-27 01:00:00,0.028369959462744544
2019-12-27 02:00:00,0.02703811052311945
2019-12-27 03:00:00,0.027026299761243055
2019-12-27 04:00:00,0.03436713724747852
2019-12-27 05:00:00,0.05146635458712976
2019-12-27 06:00:00,0.05586177661819594
2019-12-27 07:00:00,0.05237090184050235
2019-12-27 08:00:00,0.05752635234921775
2019-12-27 09:00:00,0.06186088919221894
2019-12-27 10:00:00,0.054831754594339824
2019-12-27 11:00:00,0.04428347849745053
2019-12-27 12:00:00,0.04516676713651399
2019-12-27 13:00:00,0.053459180076607285
2019-12-27 14:00:00,0.0626878526329995
2019-12-27 15:00:00,0.09142230056105852
2019-12-27 16:00:00,0.135624550264075
2019-12-27 17:00:00,0.1915583151281468
2019-12-27 18:00:00,0.23627366495456326
2019-12-27 19:00:00,0.31455728465550375
2019-12-27 20:00:00,0.3621985216424272
2019-12-27 21:00:00,0.47592769477772223
2019-12-27 22:00:00,0.5145227855571967
2019-12-27 23:00:00,0.5125351120589174
2019-12-28 00:00:00,0.48905485312894964
2019-12-28 01:00:00,0.45774122621825863
2019-12-28 02:00:00,0.4259852000833503
2019-12-28 03:00:00,0.3877616921713314
2019-12-28 04:00:00,0.33943664651668437
2019-12-28 05:00:00,0.3029651138128159
2019-12-28 06:00:00,0.2673429531603647
2019-12-28 07:00:00,0.24636345488029163
2019-12-28 08:00:00,0.23362470740809615
2019-12-28 09:00:00,0.22230671640738944
2019-12-28 10:00:00,0.21396943110966535
2019-12-28 11:00:00,0.23765019782775468
2019-12-28 12:00:00,0.3092608892710153
2019-12-28 13:00:00,0.447836748063914
2019-12-28 14:00:00,0.5650871495420676
2019-12-28 15:00:00,0.6265124671057808
2019-12-28 16:00:00,0.6684054880983226
2019-12-28 17:00:00,0.6824273964722357
2019-12-28 18:00:00,0.684471955252821
2019-12-28 19:00:00,0.6975119469477711
2019-12-28 20:00:00,0.714299324199546
2019-12-28 21:00:00,0.732142185436523
2019-12-28 22:00:00,0.7457827425280654
2019-12-28 23:00:00,0.753431812166157
2019-12-29 00:00:00,0.7540851019698054
2019-12-29 01:00:00,0.764648197709044
2019-12-29 02:00:00,0.7749490559267777
2019-12-29 03:00:00,0.7697632731301003
2019-12-29 04:00:00,0.7688721074528082
2019-12-29 05:00:00,0.8028822542292637
2019-12-29 06:00:00,0.982647127135041
2019-12-29 07:00:00,1.0
2019-12-29 08:00:00,1.0
2019-12-29 09:00:00,1.0
2019-12-29 10:00:00,1.0
2019-12-29 11:00:00,1.0
2019-12-29 12:00:00,1.0
2019-12-29 13:00:00,0.9996569887584817
2019-12-29 14:00:00,0.9966758074114739
2019-12-29 15:00:00,0.9917785135839555
2019-12-29 16:00:00,0.9702205607067633
2019-12-29 17:00:00,0.9220611960564361
2019-12-29 18:00:00,0.8751557469649581
2019-12-29 19:00:00,0.8286454302252388
2019-12-29 20:00:00,0.7986483323725508
2019-12-29 21:00:00,0.8148311066631024
2019-12-29 22:00:00,0.8730499963653094
2019-12-29 23:00:00,0.9508356440603895
2019-12-30 00:00:00,0.982619160495322
2019-12-30 01:00:00,0.9941569931559594
2019-12-30 02:00:00,0.999888577667433
2019-12-30 03:00:00,1.0
2019-12-30 04:00:00,1.0
2019-12-30 05:00:00,1.0
2019-12-30 06:00:00,1.0
2019-12-30 07:00:00,1.0
2019-12-30 08:00:00,1.0
2019-12-30 09:00:00,1.0
2019-12-30 10:00:00,1.0
2019-12-30 11:00:00,1.0
2019-12-30 12:00:00,1.0
2019-12-30 13:00:00,1.0
2019-12-30 14:00:00,1.0
2019-12-30 15:00:00,0.9999999999999998
2019-12-30 16:00:00,1.0
2019-12-30 17:00:00,0.9999999999999998
2019-12-30 18:00:00,1.0
2019-12-30 19:00:00,1.0
2019-12-30 20:00:00,1.0000000000000002
2019-12-30 21:00:00,1.0
2019-12-30 22:00:00,1.0
2019-12-30 23:00:00,1.0
2019-12-31 00:00:00,0.9975711113111864
2019-12-31 01:00:00,0.9942498454418106
2019-12-31 02:00:00,0.9918502665612099
2019-12-31 03:00:00,0.976209422520319
2019-12-31 04:00:00,0.9358897824378128
2019-12-31 05:00:00,0.8964800383812204
2019-12-31 06:00:00,0.8579823099583702
2019-12-31 07:00:00,0.8194141090118218
2019-12-31 08:00:00,0.7791919657509068
2019-12-31 09:00:00,0.7463656852568299
2019-12-31 10:00:00,0.7195313372439917
2019-12-31 11:00:00,0.6983193586094305
2019-12-31 12:00:00,0.6815566514885573
2019-12-31 13:00:00,0.6672133352991841
2019-12-31 14:00:00,0.6561269338477381
2019-12-31 15:00:00,0.645737589784553
2019-12-31 16:00:00,0.6374205575072502
2019-12-31 17:00:00,0.6395146090768364
2019-12-31 18:00:00,0.6533914302935471
2019-12-31 19:00:00,0.6649139197122351
2019-12-31 20:00:00,0.6719314885995575
2019-12-31 21:00:00,0.6769715494877885
2019-12-31 22:00:00,0.6842874681277056
2019-12-31 23:00:00,0.7458382580327187
