DateTime,ActivePower,ReactivePower
01/01/2019 00:00,0.8514,0.279841647
01/01/2019 01:00,0.8514,0.279841647
01/01/2019 02:00,0.8514,0.279841647
01/01/2019 03:00,0.8514,0.279841647
01/01/2019 04:00,0.8514,0.279841647
01/01/2019 05:00,0.8514,0.279841647
01/01/2019 06:00,0.8514,0.279841647
01/01/2019 07:00,0.8514,0.279841647
01/01/2019 08:00,0.8514,0.279841647
01/01/2019 09:00,0.8514,0.279841647
01/01/2019 10:00,0.8514,0.279841647
01/01/2019 11:00,0.851220168,0.279782539
01/01/2019 12:00,0.849887463,0.2793445
01/01/2019 13:00,0.849591735,0.279247299
01/01/2019 14:00,0.839455854,0.275915796
01/01/2019 15:00,0.828815219,0.272418389
01/01/2019 16:00,0.805446763,0.264737549
01/01/2019 17:00,0.76202105,0.250464207
01/01/2019 18:00,0.669891268,0.220182612
01/01/2019 19:00,0.630924055,0.207374709
01/01/2019 20:00,0.588674134,0.193487831
01/01/2019 21:00,0.510757002,0.167877708
01/01/2019 22:00,0.453213864,0.148964193
01/01/2019 23:00,0.347916935,0.114354766
01/02/2019 00:00,0.255259614,0.083899778
01/02/2019 01:00,0.210025376,0.069032003
01/02/2019 02:00,0.172047258,0.056549199
01/02/2019 03:00,0.156372595,0.051397186
01/02/2019 04:00,0.13759202,0.04522431
01/02/2019 05:00,0.111472738,0.036639317
01/02/2019 06:00,0.080453712,0.026443856
01/02/2019 07:00,0.063677675,0.020929839
01/02/2019 08:00,0.051118701,0.016801905
01/02/2019 09:00,0.039259518,0.012903979
01/02/2019 10:00,0.038954401,0.012803693
01/02/2019 11:00,0.049258271,0.016190411
01/02/2019 12:00,0.069744617,0.022923947
01/02/2019 13:00,0.07614227,0.025026754
01/02/2019 14:00,0.07137535,0.023459943
01/02/2019 15:00,0.063016208,0.020712426
01/02/2019 16:00,0.06086373,0.020004941
01/02/2019 17:00,0.045832133,0.015064294
01/02/2019 18:00,0.04869178,0.016004214
01/02/2019 19:00,0.065825106,0.021635666
01/02/2019 20:00,0.076744135,0.025224577
01/02/2019 21:00,0.074158445,0.024374702
01/02/2019 22:00,0.035557769,0.011687273
01/02/2019 23:00,0.046008256,0.015122182
01/03/2019 00:00,0.052913551,0.017391843
01/03/2019 01:00,0.046405091,0.015252616
01/03/2019 02:00,0.027295991,0.008971758
01/03/2019 03:00,0.025963815,0.008533893
01/03/2019 04:00,0.025905916,0.008514863
01/03/2019 05:00,0.040876095,0.013435323
01/03/2019 06:00,0.072530397,0.023839589
01/03/2019 07:00,0.107344622,0.035282471
01/03/2019 08:00,0.124489105,0.04091759
01/03/2019 09:00,0.142018596,0.046679255
01/03/2019 10:00,0.153987087,0.050613108
01/03/2019 11:00,0.160637235,0.052798906
01/03/2019 12:00,0.168075742,0.055243825
01/03/2019 13:00,0.169545842,0.055727023
01/03/2019 14:00,0.163337831,0.053686549
01/03/2019 15:00,0.152113082,0.049997152
01/03/2019 16:00,0.14109888,0.046376959
01/03/2019 17:00,0.144195569,0.047394792
01/03/2019 18:00,0.166120768,0.054601256
01/03/2019 19:00,0.223962748,0.073612995
01/03/2019 20:00,0.281235889,0.092437767
01/03/2019 21:00,0.33772132,0.11100363
01/03/2019 22:00,0.395603226,0.130028492
01/03/2019 23:00,0.386651944,0.127086348
01/04/2019 00:00,0.411357787,0.135206766
01/04/2019 01:00,0.392406877,0.128977903
01/04/2019 02:00,0.404597104,0.132984637
01/04/2019 03:00,0.423269307,0.139121894
01/04/2019 04:00,0.475773626,0.156379228
01/04/2019 05:00,0.551635135,0.181313701
01/04/2019 06:00,0.638281818,0.209793088
01/04/2019 07:00,0.661359993,0.217378517
01/04/2019 08:00,0.697093213,0.229123459
01/04/2019 09:00,0.722230164,0.237385575
01/04/2019 10:00,0.739746478,0.243142909
01/04/2019 11:00,0.788506462,0.259169541
01/04/2019 12:00,0.799392745,0.262747689
01/04/2019 13:00,0.798676525,0.262512279
01/04/2019 14:00,0.752139403,0.247216267
01/04/2019 15:00,0.667416963,0.219369347
01/04/2019 16:00,0.658090696,0.216303951
01/04/2019 17:00,0.673174987,0.221261918
01/04/2019 18:00,0.656914722,0.215917428
01/04/2019 19:00,0.696112153,0.228801
01/04/2019 20:00,0.672877635,0.221164183
01/04/2019 21:00,0.639736532,0.21027123
01/04/2019 22:00,0.661876037,0.217548133
01/04/2019 23:00,0.638077005,0.209725769
01/05/2019 00:00,0.606758186,0.199431771
01/05/2019 01:00,0.557543119,0.183255561
01/05/2019 02:00,0.553650807,0.18197622
01/05/2019 03:00,0.541882877,0.178108289
01/05/2019 04:00,0.528177377,0.173603509
01/05/2019 05:00,0.457148612,0.150257483
01/05/2019 06:00,0.433822446,0.142590543
01/05/2019 07:00,0.431268857,0.141751219
01/05/2019 08:00,0.405555539,0.133299659
01/05/2019 09:00,0.395038108,0.129842747
01/05/2019 10:00,0.350067759,0.115061708
01/05/2019 11:00,0.386835143,0.127146563
01/05/2019 12:00,0.363519704,0.119483148
01/05/2019 13:00,0.308063225,0.101255485
01/05/2019 14:00,0.294341058,0.096745227
01/05/2019 15:00,0.293552556,0.096486059
01/05/2019 16:00,0.303753421,0.099838921
01/05/2019 17:00,0.251933021,0.08280638
01/05/2019 18:00,0.234917841,0.07721376
01/05/2019 19:00,0.235089998,0.077270346
01/05/2019 20:00,0.207727038,0.068276576
01/05/2019 21:00,0.229239284,0.075347309
01/05/2019 22:00,0.252379758,0.082953215
01/05/2019 23:00,0.267641069,0.087969365
01/06/2019 00:00,0.320390815,0.105307368
01/06/2019 01:00,0.429807825,0.141271
01/06/2019 02:00,0.538166473,0.176886766
01/06/2019 03:00,0.560413362,0.184198965
01/06/2019 04:00,0.59321614,0.194980716
01/06/2019 05:00,0.485461764,0.159563566
01/06/2019 06:00,0.467304966,0.153595715
01/06/2019 07:00,0.380786869,0.125158591
01/06/2019 08:00,0.258510075,0.084968153
01/06/2019 09:00,0.205457902,0.067530747
01/06/2019 10:00,0.197379639,0.06487555
01/06/2019 11:00,0.151156962,0.049682891
01/06/2019 12:00,0.123950656,0.04074061
01/06/2019 13:00,0.12721155,0.041812415
01/06/2019 14:00,0.086430249,0.028408249
01/06/2019 15:00,0.034281475,0.011267776
01/06/2019 16:00,0.020000425,0.006573822
01/06/2019 17:00,0,0
01/06/2019 18:00,0,0
01/06/2019 19:00,0,0
01/06/2019 20:00,0.003542736,0.001164441
01/06/2019 21:00,0.063788956,0.020966416
01/06/2019 22:00,0.208283594,0.068459507
01/06/2019 23:00,0.563357908,0.18516679
01/07/2019 00:00,0.725676852,0.238518447
01/07/2019 01:00,0.78831017,0.259105023
01/07/2019 02:00,0.797195897,0.26202562
01/07/2019 03:00,0.815136252,0.26792233
01/07/2019 04:00,0.814314854,0.267652349
01/07/2019 05:00,0.822976187,0.270499192
01/07/2019 06:00,0.849810431,0.279319181
01/07/2019 07:00,0.850689645,0.279608165
01/07/2019 08:00,0.8514,0.279841647
01/07/2019 09:00,0.8514,0.279841647
01/07/2019 10:00,0.8514,0.279841647
01/07/2019 11:00,0.8514,0.279841647
01/07/2019 12:00,0.8514,0.279841647
01/07/2019 13:00,0,0
01/07/2019 14:00,0.8514,0.279841647
01/07/2019 15:00,0,0
01/07/2019 16:00,0,0
01/07/2019 17:00,0,0
01/07/2019 18:00,0,0
01/07/2019 19:00,0,0
01/07/2019 20:00,0.8514,0.279841647
01/07/2019 21:00,0.8514,0.279841647
01/07/2019 22:00,0.8514,0.279841647
01/07/2019 23:00,0.8514,0.279841647
01/08/2019 00:00,0.8514,0.279841647
01/08/2019 01:00,0.8514,0.279841647
01/08/2019 02:00,0.8514,0.279841647
01/08/2019 03:00,0.8514,0.279841647
01/08/2019 04:00,0.8514,0.279841647
01/08/2019 05:00,0.8514,0.279841647
01/08/2019 06:00,0.8514,0.279841647
01/08/2019 07:00,0.8514,0.279841647
01/08/2019 08:00,0.8514,0.279841647
01/08/2019 09:00,0.8514,0.279841647
01/08/2019 10:00,0.85128706,0.279804525
01/08/2019 11:00,0.851356998,0.279827513
01/08/2019 12:00,0.8514,0.279841647
01/08/2019 13:00,0.8514,0.279841647
01/08/2019 14:00,0.849988947,0.279377857
01/08/2019 15:00,0.83965337,0.275980717
01/08/2019 16:00,0.819535782,0.269368385
01/08/2019 17:00,0.808842233,0.265853586
01/08/2019 18:00,0.791777338,0.260244626
01/08/2019 19:00,0.763119965,0.250825403
01/08/2019 20:00,0.703871061,0.23135123
01/08/2019 21:00,0.619212991,0.203525468
01/08/2019 22:00,0.592972536,0.194900647
01/08/2019 23:00,0.497860748,0.163638915
01/09/2019 00:00,0.434710356,0.142882384
01/09/2019 01:00,0.420906894,0.138345406
01/09/2019 02:00,0.399627992,0.131351369
01/09/2019 03:00,0.27887958,0.091663285
01/09/2019 04:00,0.218390435,0.071781465
01/09/2019 05:00,0.198581587,0.065270611
01/09/2019 06:00,0.174637994,0.057400733
01/09/2019 07:00,0.13868456,0.045583411
01/09/2019 08:00,0.091041021,0.029923736
01/09/2019 09:00,0.04715628,0.01549952
01/09/2019 10:00,0,0
01/09/2019 11:00,0,0
01/09/2019 12:00,0.008040642,0.002642831
01/09/2019 13:00,0.074897036,0.024617465
01/09/2019 14:00,0.179569855,0.059021757
01/09/2019 15:00,0.235197605,0.077305714
01/09/2019 16:00,0.222632707,0.073175832
01/09/2019 17:00,0.202262811,0.066480571
01/09/2019 18:00,0.23286829,0.076540106
01/09/2019 19:00,0.400892693,0.131767056
01/09/2019 20:00,0.559115835,0.183772488
01/09/2019 21:00,0.6550949,0.215319281
01/09/2019 22:00,0.661102284,0.217293813
01/09/2019 23:00,0.661434917,0.217403144
01/10/2019 00:00,0.738789575,0.24282839
01/10/2019 01:00,0.786956056,0.258659947
01/10/2019 02:00,0.7975274,0.26213458
01/10/2019 03:00,0.811463479,0.266715147
01/10/2019 04:00,0.805945538,0.264901488
01/10/2019 05:00,0.797166333,0.262015903
01/10/2019 06:00,0.802146327,0.263652748
01/10/2019 07:00,0.817465517,0.268687922
01/10/2019 08:00,0.817524634,0.268707353
01/10/2019 09:00,0.807989066,0.265573163
01/10/2019 10:00,0.797224253,0.26203494
01/10/2019 11:00,0.784524235,0.257860646
01/10/2019 12:00,0.785553898,0.25819908
01/10/2019 13:00,0.819384995,0.269318824
01/10/2019 14:00,0.842344717,0.27686532
01/10/2019 15:00,0.849775789,0.279307795
01/10/2019 16:00,0.850459149,0.279532405
01/10/2019 17:00,0.850091844,0.279411677
01/10/2019 18:00,0.847966248,0.278713027
01/10/2019 19:00,0.847091027,0.278425356
01/10/2019 20:00,0.847239417,0.27847413
01/10/2019 21:00,0.846403876,0.278199501
01/10/2019 22:00,0.850221928,0.279454433
01/10/2019 23:00,0.850167545,0.279436559
01/11/2019 00:00,0.849945485,0.279363571
01/11/2019 01:00,0.849858285,0.27933491
01/11/2019 02:00,0.848110106,0.278760311
01/11/2019 03:00,0.842503974,0.276917665
01/11/2019 04:00,0.834931915,0.274428849
01/11/2019 05:00,0.819745773,0.269437406
01/11/2019 06:00,0.768552123,0.252610867
01/11/2019 07:00,0.648598917,0.213184155
01/11/2019 08:00,0.581319089,0.191070345
01/11/2019 09:00,0.543231963,0.178551712
01/11/2019 10:00,0.635137202,0.208759503
01/11/2019 11:00,0.611717472,0.20106181
01/11/2019 12:00,0.621033953,0.204123989
01/11/2019 13:00,0.621131833,0.204156161
01/11/2019 14:00,0.601175877,0.197596955
01/11/2019 15:00,0.574905317,0.18896224
01/11/2019 16:00,0.58730037,0.193036297
01/11/2019 17:00,0.551801245,0.181368298
01/11/2019 18:00,0.483123236,0.158794929
01/11/2019 19:00,0.490443723,0.161201056
01/11/2019 20:00,0.438884598,0.144254391
01/11/2019 21:00,0.532556435,0.175042835
01/11/2019 22:00,0.723852803,0.237918911
01/11/2019 23:00,0.824718078,0.271071723
01/12/2019 00:00,0.8514,0.279841647
01/12/2019 01:00,0.8514,0.279841647
01/12/2019 02:00,0.8514,0.279841647
01/12/2019 03:00,0.8514,0.279841647
01/12/2019 04:00,0.8514,0.279841647
01/12/2019 05:00,0.8514,0.279841647
01/12/2019 06:00,0.8514,0.279841647
01/12/2019 07:00,0.8514,0.279841647
01/12/2019 08:00,0.8514,0.279841647
01/12/2019 09:00,0.8514,0.279841647
01/12/2019 10:00,0.8514,0.279841647
01/12/2019 11:00,0.8514,0.279841647
01/12/2019 12:00,0.8514,0.279841647
01/12/2019 13:00,0.8514,0.279841647
01/12/2019 14:00,0.8514,0.279841647
01/12/2019 15:00,0.850187936,0.279443261
01/12/2019 16:00,0.830470021,0.272962296
01/12/2019 17:00,0.810235149,0.266311415
01/12/2019 18:00,0.800971498,0.2632666
01/12/2019 19:00,0.802599854,0.263801815
01/12/2019 20:00,0.8514,0.279841647
01/12/2019 21:00,0.8514,0.279841647
01/12/2019 22:00,0.8514,0.279841647
01/12/2019 23:00,0.8514,0.279841647
1/13/2019 0:00,0.8514,0.279841647
1/13/2019 1:00,0.8514,0.279841647
1/13/2019 2:00,0.8514,0.279841647
1/13/2019 3:00,0.8514,0.279841647
1/13/2019 4:00,0.8514,0.279841647
1/13/2019 5:00,0.8514,0.279841647
1/13/2019 6:00,0.8514,0.279841647
1/13/2019 7:00,0.8514,0.279841647
1/13/2019 8:00,0.8514,0.279841647
1/13/2019 9:00,0.8514,0.279841647
1/13/2019 10:00,0.8514,0.279841647
1/13/2019 11:00,0.8514,0.279841647
1/13/2019 12:00,0.8514,0.279841647
1/13/2019 13:00,0.8514,0.279841647
1/13/2019 14:00,0.848296521,0.278821583
1/13/2019 15:00,0.633367103,0.2081777
1/13/2019 16:00,0.233861278,0.076866485
1/13/2019 17:00,0.568834073,0.186966718
1/13/2019 18:00,0.764971094,0.25143384
1/13/2019 19:00,0.788999293,0.259331527
1/13/2019 20:00,0.718377405,0.236119235
1/13/2019 21:00,0.534568336,0.175704115
1/13/2019 22:00,0.700933023,0.230385544
1/13/2019 23:00,0.767906728,0.252398736
1/14/2019 0:00,0.764427709,0.251255238
1/14/2019 1:00,0.801262261,0.263362169
1/14/2019 2:00,0.824755863,0.271084143
1/14/2019 3:00,0.825415193,0.271300854
1/14/2019 4:00,0.816049572,0.268222523
1/14/2019 5:00,0.704377316,0.231517628
1/14/2019 6:00,0.500609506,0.164542387
1/14/2019 7:00,0.348203256,0.114448876
1/14/2019 8:00,0.290857696,0.095600302
1/14/2019 9:00,0.317775131,0.104447634
1/14/2019 10:00,0.272565586,0.089587976
1/14/2019 11:00,0.631912732,0.207699671
1/14/2019 12:00,0.790670386,0.259880788
1/14/2019 13:00,0.797567276,0.262147686
1/14/2019 14:00,0.817625987,0.268740666
1/14/2019 15:00,0.841840694,0.276699655
1/14/2019 16:00,0.802742524,0.263848708
1/14/2019 17:00,0.720778052,0.236908289
1/14/2019 18:00,0.482461834,0.158577536
1/14/2019 19:00,0.272518849,0.089572614
1/14/2019 20:00,0.229433567,0.075411167
1/14/2019 21:00,0.560338102,0.184174228
1/14/2019 22:00,0.831516709,0.273306325
1/14/2019 23:00,0.850089189,0.279410804
1/15/2019 0:00,0.8514,0.279841647
1/15/2019 1:00,0.8514,0.279841647
1/15/2019 2:00,0.8514,0.279841647
1/15/2019 3:00,0.8514,0.279841647
1/15/2019 4:00,0.8514,0.279841647
1/15/2019 5:00,0.8514,0.279841647
1/15/2019 6:00,0.851052761,0.279727515
1/15/2019 7:00,0.850243808,0.279461625
1/15/2019 8:00,0.847888832,0.278687582
1/15/2019 9:00,0.833704556,0.274025436
1/15/2019 10:00,0.801895194,0.263570204
1/15/2019 11:00,0.63379975,0.208319904
1/15/2019 12:00,0.417930006,0.13736695
1/15/2019 13:00,0.259585136,0.085321508
1/15/2019 14:00,0.136908742,0.044999727
1/15/2019 15:00,0.023340138,0.007671532
1/15/2019 16:00,0,0
1/15/2019 17:00,0.106918304,0.035142347
1/15/2019 18:00,0.229255187,0.075352536
1/15/2019 19:00,0.451871932,0.148523122
1/15/2019 20:00,0.759745746,0.249716351
1/15/2019 21:00,0.802241056,0.263683884
1/15/2019 22:00,0.843765237,0.277332222
1/15/2019 23:00,0.849998912,0.279381132
1/16/2019 0:00,0.851169507,0.279765888
1/16/2019 1:00,0.8514,0.279841647
1/16/2019 2:00,0.8514,0.279841647
1/16/2019 3:00,0.8514,0.279841647
1/16/2019 4:00,0.850535497,0.279557499
1/16/2019 5:00,0.830815333,0.273075794
1/16/2019 6:00,0.652855733,0.214583302
1/16/2019 7:00,0.372045161,0.122285331
1/16/2019 8:00,0.154750252,0.050863948
1/16/2019 9:00,0.059155096,0.01944334
1/16/2019 10:00,0.091350842,0.03002557
1/16/2019 11:00,0.061319955,0.020154894
1/16/2019 12:00,0.040301814,0.013246566
1/16/2019 13:00,0.042948601,0.014116522
1/16/2019 14:00,0.077971751,0.025628075
1/16/2019 15:00,0.181034555,0.059503181
1/16/2019 16:00,0.59508272,0.195594231
1/16/2019 17:00,0.842821842,0.277022143
1/16/2019 18:00,0.850135983,0.279426185
1/16/2019 19:00,0.843583716,0.277272559
1/16/2019 20:00,0.850174792,0.279438941
1/16/2019 21:00,0.8514,0.279841647
1/16/2019 22:00,0.8514,0.279841647
1/16/2019 23:00,0.8514,0.279841647
1/17/2019 0:00,0.8514,0.279841647
1/17/2019 1:00,0.8514,0.279841647
1/17/2019 2:00,0.8514,0.279841647
1/17/2019 3:00,0.8514,0.279841647
1/17/2019 4:00,0.8514,0.279841647
1/17/2019 5:00,0.8514,0.279841647
1/17/2019 6:00,0.8514,0.279841647
1/17/2019 7:00,0.8514,0.279841647
1/17/2019 8:00,0.8514,0.279841647
1/17/2019 9:00,0.8514,0.279841647
1/17/2019 10:00,0.850285762,0.279475415
1/17/2019 11:00,0.81967146,0.26941298
1/17/2019 12:00,0.747905414,0.245824622
1/17/2019 13:00,0.660872666,0.217218341
1/17/2019 14:00,0.569701793,0.187251924
1/17/2019 15:00,0.432865795,0.142276106
1/17/2019 16:00,0.317480448,0.104350777
1/17/2019 17:00,0.236296393,0.077666868
1/17/2019 18:00,0.185972709,0.061126273
1/17/2019 19:00,0.137830568,0.045302717
1/17/2019 20:00,0.093415889,0.030704318
1/17/2019 21:00,0.053942973,0.017730198
1/17/2019 22:00,0.022412827,0.00736674
1/17/2019 23:00,0.003944105,0.001296365
1/18/2019 0:00,0,0
1/18/2019 1:00,0,0
1/18/2019 2:00,0,0
1/18/2019 3:00,0,0
1/18/2019 4:00,0,0
1/18/2019 5:00,0.047024415,0.015456178
1/18/2019 6:00,0.091957196,0.030224869
1/18/2019 7:00,0.145535151,0.047835091
1/18/2019 8:00,0.206840788,0.067985279
1/18/2019 9:00,0.277851703,0.091325438
1/18/2019 10:00,0.391676562,0.12873786
1/18/2019 11:00,0.458288449,0.150632129
1/18/2019 12:00,0.516619733,0.169804695
1/18/2019 13:00,0.596717864,0.196131677
1/18/2019 14:00,0.648076923,0.213012584
1/18/2019 15:00,0.663688436,0.21814384
1/18/2019 16:00,0.661852756,0.217540481
1/18/2019 17:00,0.652307254,0.214403026
1/18/2019 18:00,0.613727385,0.201722436
1/18/2019 19:00,0.537129875,0.176546052
1/18/2019 20:00,0.484992377,0.159409285
1/18/2019 21:00,0.465768744,0.153090783
1/18/2019 22:00,0.552250617,0.181516
1/18/2019 23:00,0.473008219,0.155470283
1/19/2019 0:00,0.494051222,0.162386784
1/19/2019 1:00,0.563997132,0.185376893
1/19/2019 2:00,0.480837044,0.158043494
1/19/2019 3:00,0.46781305,0.153762714
1/19/2019 4:00,0.435896605,0.143272285
1/19/2019 5:00,0.393289699,0.129268073
1/19/2019 6:00,0.308525147,0.101407312
1/19/2019 7:00,0.22881537,0.075207975
1/19/2019 8:00,0.165641363,0.054443683
1/19/2019 9:00,0.157900237,0.051899298
1/19/2019 10:00,0.211884681,0.069643127
1/19/2019 11:00,0.21875651,0.071901788
1/19/2019 12:00,0.209386162,0.068821903
1/19/2019 13:00,0.194358788,0.063882644
1/19/2019 14:00,0.168605939,0.055418092
1/19/2019 15:00,0.147535869,0.048492695
1/19/2019 16:00,0.099056723,0.03255837
1/19/2019 17:00,0.063477629,0.020864088
1/19/2019 18:00,0.049220438,0.016177976
1/19/2019 19:00,0.041287249,0.013570462
1/19/2019 20:00,0.047292939,0.015544437
1/19/2019 21:00,0.049047848,0.016121248
1/19/2019 22:00,0.032490221,0.010679019
1/19/2019 23:00,0.042623546,0.014009682
1/20/2019 0:00,0.04886094,0.016059814
1/20/2019 1:00,0.05611784,0.018445042
1/20/2019 2:00,0.056679701,0.018629717
1/20/2019 3:00,0.058833846,0.01933775
1/20/2019 4:00,0.080222974,0.026368016
1/20/2019 5:00,0.118123264,0.038825239
1/20/2019 6:00,0.161548078,0.053098286
1/20/2019 7:00,0.201640454,0.066276012
1/20/2019 8:00,0.328877056,0.108096661
1/20/2019 9:00,0.487812614,0.160336253
1/20/2019 10:00,0.634940165,0.20869474
1/20/2019 11:00,0.801823936,0.263546783
1/20/2019 12:00,0.745488308,0.245030157
1/20/2019 13:00,0.801848237,0.26355477
1/20/2019 14:00,0.822669218,0.270398296
1/20/2019 15:00,0.817132245,0.268578381
1/20/2019 16:00,0.8250838,0.271191931
1/20/2019 17:00,0.823161102,0.27055997
1/20/2019 18:00,0.798753696,0.262537644
1/20/2019 19:00,0.768080955,0.252456001
1/20/2019 20:00,0.673759997,0.221454202
1/20/2019 21:00,0.569861411,0.187304388
1/20/2019 22:00,0.413622312,0.135951079
1/20/2019 23:00,0.341910973,0.112380702
1/21/2019 0:00,0.336770287,0.11069104
1/21/2019 1:00,0.409308043,0.134533048
1/21/2019 2:00,0.474969216,0.156114832
1/21/2019 3:00,0.515377407,0.169396362
1/21/2019 4:00,0.463620668,0.152384744
1/21/2019 5:00,0.484594908,0.159278644
1/21/2019 6:00,0.500414464,0.16447828
1/21/2019 7:00,0.510431793,0.167770817
1/21/2019 8:00,0.569181681,0.187080972
1/21/2019 9:00,0.652555313,0.214484559
1/21/2019 10:00,0.719519639,0.236494669
1/21/2019 11:00,0.777890737,0.255680321
1/21/2019 12:00,0.799797567,0.262880748
1/21/2019 13:00,0.811097704,0.266594923
1/21/2019 14:00,0.809114752,0.265943158
1/21/2019 15:00,0.814559548,0.267732776
1/21/2019 16:00,0.830946535,0.273118918
1/21/2019 17:00,0.849705062,0.279284548
1/21/2019 18:00,0.850616847,0.279584237
1/21/2019 19:00,0.8514,0.279841647
1/21/2019 20:00,0.8514,0.279841647
1/21/2019 21:00,0.85051117,0.279549503
1/21/2019 22:00,0.68266948,0.224382607
1/21/2019 23:00,0.435931811,0.143283857
1/22/2019 0:00,0.281313293,0.092463208
1/22/2019 1:00,0.296584785,0.097482705
1/22/2019 2:00,0.321019977,0.105514164
1/22/2019 3:00,0.295731381,0.097202204
1/22/2019 4:00,0.2924438,0.096121629
1/22/2019 5:00,0.432247529,0.142072892
1/22/2019 6:00,0.491804006,0.16164816
1/22/2019 7:00,0.365238087,0.120047954
1/22/2019 8:00,0.287295529,0.094429474
1/22/2019 9:00,0.270258875,0.088829796
1/22/2019 10:00,0.28764632,0.094544773
1/22/2019 11:00,0.333470909,0.109606587
1/22/2019 12:00,0.371192969,0.122005229
1/22/2019 13:00,0.336748278,0.110683807
1/22/2019 14:00,0.362384433,0.119110003
1/22/2019 15:00,0.366437238,0.120442096
1/22/2019 16:00,0.346857531,0.114006557
1/22/2019 17:00,0.317181209,0.104252422
1/22/2019 18:00,0.319267985,0.104938312
1/22/2019 19:00,0.317831941,0.104466307
1/22/2019 20:00,0.3265998,0.107348163
1/22/2019 21:00,0.310787668,0.102150967
1/22/2019 22:00,0.250979724,0.082493046
1/22/2019 23:00,0.226844136,0.074560062
1/23/2019 0:00,0.215295928,0.070764349
1/23/2019 1:00,0.219552146,0.072163301
1/23/2019 2:00,0.219054778,0.071999824
1/23/2019 3:00,0.227193665,0.074674947
1/23/2019 4:00,0.200385629,0.065863571
1/23/2019 5:00,0.219514539,0.07215094
1/23/2019 6:00,0.199935848,0.065715735
1/23/2019 7:00,0.178424646,0.058645345
1/23/2019 8:00,0.16986254,0.055831117
1/23/2019 9:00,0.142655979,0.046888753
1/23/2019 10:00,0.090037358,0.029593848
1/23/2019 11:00,0.122482424,0.040258026
1/23/2019 12:00,0.142340709,0.046785129
1/23/2019 13:00,0.153732327,0.050529372
1/23/2019 14:00,0.166578331,0.05475165
1/23/2019 15:00,0.137346572,0.045143635
1/23/2019 16:00,0.115547636,0.037978671
1/23/2019 17:00,0.095517672,0.031395141
1/23/2019 18:00,0.093496097,0.030730681
1/23/2019 19:00,0.078838618,0.025913001
1/23/2019 20:00,0.065359109,0.0214825
1/23/2019 21:00,0.057680722,0.018958736
1/23/2019 22:00,0.020081288,0.0066004
1/23/2019 23:00,0.012595056,0.004139795
1/24/2019 0:00,0,0
1/24/2019 1:00,0,0
1/24/2019 2:00,0.008024248,0.002637443
1/24/2019 3:00,0.021235327,0.006979715
1/24/2019 4:00,0.017516398,0.005757362
1/24/2019 5:00,0.016811564,0.005525694
1/24/2019 6:00,0.01421311,0.004671623
1/24/2019 7:00,0.00884408,0.002906908
1/24/2019 8:00,0.004053322,0.001332263
1/24/2019 9:00,0,0
1/24/2019 10:00,0,0
1/24/2019 11:00,0,0
1/24/2019 12:00,0,0
1/24/2019 13:00,0,0
1/24/2019 14:00,0.017596827,0.005783797
1/24/2019 15:00,0.027076227,0.008899526
1/24/2019 16:00,0.025530846,0.008391583
1/24/2019 17:00,0.040469631,0.013301725
1/24/2019 18:00,0.075477564,0.024808276
1/24/2019 19:00,0.154570546,0.050804882
1/24/2019 20:00,0.221672216,0.072860134
1/24/2019 21:00,0.263068229,0.086466345
1/24/2019 22:00,0.293760377,0.096554367
1/24/2019 23:00,0.441302707,0.145049185
1/25/2019 0:00,0.557427656,0.18321761
1/25/2019 1:00,0.644095713,0.211704023
1/25/2019 2:00,0.615464874,0.202293521
1/25/2019 3:00,0.472634784,0.155347541
1/25/2019 4:00,0.651440099,0.214118006
1/25/2019 5:00,0.813420954,0.267358538
1/25/2019 6:00,0.838340946,0.275549344
1/25/2019 7:00,0.837978987,0.275430374
1/25/2019 8:00,0.837168049,0.275163831
1/25/2019 9:00,0.84788246,0.278685488
1/25/2019 10:00,0.850314338,0.279484807
1/25/2019 11:00,0.849799874,0.279315711
1/25/2019 12:00,0.8514,0.279841647
1/25/2019 13:00,0.8514,0.279841647
1/25/2019 14:00,0.8514,0.279841647
1/25/2019 15:00,0.8514,0.279841647
1/25/2019 16:00,0.8514,0.279841647
1/25/2019 17:00,0.8514,0.279841647
1/25/2019 18:00,0.8514,0.279841647
1/25/2019 19:00,0.851070761,0.279733432
1/25/2019 20:00,0.848120797,0.278763825
1/25/2019 21:00,0.830043099,0.272821973
1/25/2019 22:00,0.680383819,0.223631347
1/25/2019 23:00,0.589507232,0.193761657
1/26/2019 0:00,0.472808188,0.155404536
1/26/2019 1:00,0.361221441,0.118727746
1/26/2019 2:00,0.267181489,0.087818309
1/26/2019 3:00,0.165540531,0.054410541
1/26/2019 4:00,0.069765124,0.022930687
1/26/2019 5:00,0.027176781,0.008932576
1/26/2019 6:00,0.027288971,0.008969451
1/26/2019 7:00,0.078144658,0.025684907
1/26/2019 8:00,0.119736082,0.039355347
1/26/2019 9:00,0.141290762,0.046440028
1/26/2019 10:00,0.117799615,0.038718861
1/26/2019 11:00,0.192962619,0.063423746
1/26/2019 12:00,0.264548011,0.086952726
1/26/2019 13:00,0.408933445,0.134409924
1/26/2019 14:00,0.625290649,0.205523097
1/26/2019 15:00,0.771126339,0.253456971
1/26/2019 16:00,0.830558941,0.272991522
1/26/2019 17:00,0.850329539,0.279489803
1/26/2019 18:00,0.8514,0.279841647
1/26/2019 19:00,0.8514,0.279841647
1/26/2019 20:00,0.850867759,0.279666708
1/26/2019 21:00,0.846950124,0.278379044
1/26/2019 22:00,0.842590873,0.276946227
1/26/2019 23:00,0.774158602,0.254453627
1/27/2019 0:00,0.719834581,0.236598185
1/27/2019 1:00,0.746587646,0.245391492
1/27/2019 2:00,0.796965326,0.261949835
1/27/2019 3:00,0.829868735,0.272764663
1/27/2019 4:00,0.809969,0.266223936
1/27/2019 5:00,0.792934779,0.260625058
1/27/2019 6:00,0.804292349,0.264358111
1/27/2019 7:00,0.831631223,0.273343964
1/27/2019 8:00,0.840225491,0.276168764
1/27/2019 9:00,0.834694812,0.274350917
1/27/2019 10:00,0.847884796,0.278686255
1/27/2019 11:00,0.849806109,0.279317761
1/27/2019 12:00,0.850594385,0.279576854
1/27/2019 13:00,0.8514,0.279841647
1/27/2019 14:00,0.8514,0.279841647
1/27/2019 15:00,0.851243804,0.279790308
1/27/2019 16:00,0.850280136,0.279473566
1/27/2019 17:00,0.849601854,0.279250625
1/27/2019 18:00,0.831226191,0.273210837
1/27/2019 19:00,0.814055579,0.26756713
1/27/2019 20:00,0.808667841,0.265796266
1/27/2019 21:00,0.804372339,0.264384402
1/27/2019 22:00,0.812596925,0.267087693
1/27/2019 23:00,0.821118032,0.269888446
1/28/2019 0:00,0.813919454,0.267522387
1/28/2019 1:00,0.793101546,0.260679872
1/28/2019 2:00,0.747909476,0.245825957
1/28/2019 3:00,0.695129967,0.228478171
1/28/2019 4:00,0.649983061,0.213639101
1/28/2019 5:00,0.599640837,0.197092412
1/28/2019 6:00,0.50309654,0.165359836
1/28/2019 7:00,0.441351888,0.14506535
1/28/2019 8:00,0.412743119,0.135662103
1/28/2019 9:00,0.399546886,0.131324711
1/28/2019 10:00,0.492064686,0.161733841
1/28/2019 11:00,0.532921074,0.175162686
1/28/2019 12:00,0.492981518,0.162035189
1/28/2019 13:00,0.489422176,0.16086529
1/28/2019 14:00,0.496467384,0.163180938
1/28/2019 15:00,0.610179808,0.200556404
1/28/2019 16:00,0.519528522,0.170760767
1/28/2019 17:00,0.482550084,0.158606542
1/28/2019 18:00,0.586217208,0.192680278
1/28/2019 19:00,0.645890133,0.21229382
1/28/2019 20:00,0.71253795,0.234199899
1/28/2019 21:00,0.730592933,0.240134284
1/28/2019 22:00,0.578635671,0.190188348
1/28/2019 23:00,0.474917112,0.156097706
1/29/2019 0:00,0.492391257,0.16184118
1/29/2019 1:00,0.587187967,0.192999352
1/29/2019 2:00,0.511021203,0.167964547
1/29/2019 3:00,0.369267344,0.121372306
1/29/2019 4:00,0.25592317,0.084117878
1/29/2019 5:00,0.287655785,0.094547884
1/29/2019 6:00,0.327212579,0.107549574
1/29/2019 7:00,0.30657104,0.100765028
1/29/2019 8:00,0.281197048,0.092425
1/29/2019 9:00,0.267675504,0.087980683
1/29/2019 10:00,0.229806519,0.07553375
1/29/2019 11:00,0.205640184,0.06759066
1/29/2019 12:00,0.180168683,0.059218582
1/29/2019 13:00,0.151145498,0.049679123
1/29/2019 14:00,0.128605499,0.042270583
1/29/2019 15:00,0.102716475,0.033761273
1/29/2019 16:00,0.078033454,0.025648356
1/29/2019 17:00,0.087568006,0.028782212
1/29/2019 18:00,0.096355064,0.031670378
1/29/2019 19:00,0.109864681,0.036110774
1/29/2019 20:00,0.097113439,0.031919644
1/29/2019 21:00,0.081705797,0.026855397
1/29/2019 22:00,0.078546387,0.025816949
1/29/2019 23:00,0.108603928,0.035696385
1/30/2019 0:00,0.176984059,0.058171847
1/30/2019 1:00,0.20615938,0.067761311
1/30/2019 2:00,0.187116286,0.061502149
1/30/2019 3:00,0.188837963,0.062068037
1/30/2019 4:00,0.219365604,0.072101987
1/30/2019 5:00,0.198338304,0.065190648
1/30/2019 6:00,0.16245749,0.053397195
1/30/2019 7:00,0.130527532,0.042902325
1/30/2019 8:00,0.095858815,0.031507269
1/30/2019 9:00,0.081425328,0.026763211
1/30/2019 10:00,0.188179584,0.061851638
1/30/2019 11:00,0.210364564,0.069143488
1/30/2019 12:00,0.143030821,0.047011958
1/30/2019 13:00,0.053341048,0.017532355
1/30/2019 14:00,0,0
1/30/2019 15:00,0,0
1/30/2019 16:00,0,0
1/30/2019 17:00,0,0
1/30/2019 18:00,0,0
1/30/2019 19:00,0.050238374,0.016512555
1/30/2019 20:00,0.135004158,0.044373721
1/30/2019 21:00,0.174211212,0.057260456
1/30/2019 22:00,0.226000692,0.074282835
1/30/2019 23:00,0.200807914,0.06600237
1/31/2019 0:00,0.160582908,0.052781049
1/31/2019 1:00,0.137236851,0.045107571
1/31/2019 2:00,0.124480366,0.040914718
1/31/2019 3:00,0.113317233,0.037245573
1/31/2019 4:00,0.110169766,0.036211051
1/31/2019 5:00,0.111443537,0.036629719
1/31/2019 6:00,0.103439332,0.033998864
1/31/2019 7:00,0.085514099,0.028107125
1/31/2019 8:00,0.075780886,0.024907973
1/31/2019 9:00,0.055752219,0.018324868
1/31/2019 10:00,0.078108662,0.025673076
1/31/2019 11:00,0.081518904,0.026793968
1/31/2019 12:00,0.059778499,0.019648243
1/31/2019 13:00,0.048698061,0.016006279
1/31/2019 14:00,0.038641165,0.012700737
1/31/2019 15:00,0.027454388,0.009023821
1/31/2019 16:00,0.014007112,0.004603915
1/31/2019 17:00,0.005106098,0.001678293
1/31/2019 18:00,0,0
1/31/2019 19:00,0,0
1/31/2019 20:00,0,0
1/31/2019 21:00,0,0
1/31/2019 22:00,0.01246323,0.004096465
1/31/2019 23:00,0.044729689,0.014701938
02/01/2019 00:00,0.045485155,0.014950248
02/01/2019 01:00,0.026470024,0.008700276
02/01/2019 02:00,0.018311353,0.006018651
02/01/2019 03:00,0.014453877,0.00475076
02/01/2019 04:00,0.006829633,0.002244792
02/01/2019 05:00,0.00175519,0.000576903
02/01/2019 06:00,0.003381465,0.001111434
02/01/2019 07:00,0.019203414,0.006311857
02/01/2019 08:00,0.057334218,0.018844846
02/01/2019 09:00,0.092061704,0.030259219
02/01/2019 10:00,0.05161457,0.016964889
02/01/2019 11:00,0.114859205,0.037752395
02/01/2019 12:00,0.161798931,0.053180737
02/01/2019 13:00,0.186627699,0.061341558
02/01/2019 14:00,0.170395127,0.05600617
02/01/2019 15:00,0.142080048,0.046699453
02/01/2019 16:00,0.160264473,0.052676385
02/01/2019 17:00,0.295392294,0.097090752
02/01/2019 18:00,0.525116138,0.172597328
02/01/2019 19:00,0.598561288,0.196737581
02/01/2019 20:00,0.579748446,0.190554099
02/01/2019 21:00,0.583219807,0.19169508
02/01/2019 22:00,0.694055248,0.228124928
02/01/2019 23:00,0.663456858,0.218067724
02/02/2019 00:00,0.669758423,0.220138948
02/02/2019 01:00,0.669660944,0.220106908
02/02/2019 02:00,0.615151132,0.202190399
02/02/2019 03:00,0.499429666,0.164154593
02/02/2019 04:00,0.465244911,0.152918607
02/02/2019 05:00,0.427002971,0.140349089
02/02/2019 06:00,0.37894218,0.124552271
02/02/2019 07:00,0.29395565,0.09661855
02/02/2019 08:00,0.269838812,0.088691728
02/02/2019 09:00,0.265272535,0.087190866
02/02/2019 10:00,0.360524713,0.118498743
02/02/2019 11:00,0.28529303,0.093771284
02/02/2019 12:00,0.282012377,0.092692986
02/02/2019 13:00,0.319417908,0.104987589
02/02/2019 14:00,0.296023177,0.097298113
02/02/2019 15:00,0.246527344,0.081029619
02/02/2019 16:00,0.235462086,0.077392645
02/02/2019 17:00,0.231712405,0.076160185
02/02/2019 18:00,0.187156532,0.061515377
02/02/2019 19:00,0.135528474,0.044546055
02/02/2019 20:00,0.065379402,0.02148917
02/02/2019 21:00,0.019869943,0.006530934
02/02/2019 22:00,0.013345428,0.00438643
02/02/2019 23:00,0.040898513,0.013442691
02/03/2019 00:00,0.071257289,0.023421138
02/03/2019 01:00,0.10872055,0.035734717
02/03/2019 02:00,0.164933261,0.054210941
02/03/2019 03:00,0.21640764,0.071129751
02/03/2019 04:00,0.203101343,0.066756183
02/03/2019 05:00,0.232318808,0.0763595
02/03/2019 06:00,0.236543369,0.077748045
02/03/2019 07:00,0.222874524,0.073255314
02/03/2019 08:00,0.2005224,0.065908526
02/03/2019 09:00,0.225517477,0.07412401
02/03/2019 10:00,0.310953541,0.102205486
02/03/2019 11:00,0.446163443,0.146646832
02/03/2019 12:00,0.733902606,0.241222121
02/03/2019 13:00,0.788299783,0.259101609
02/03/2019 14:00,0.600549815,0.197391179
02/03/2019 15:00,0.620819393,0.204053467
02/03/2019 16:00,0.66626295,0.218990042
02/03/2019 17:00,0.618059345,0.203146283
02/03/2019 18:00,0.615251626,0.20222343
02/03/2019 19:00,0.654562493,0.215144287
02/03/2019 20:00,0.666707858,0.219136276
02/03/2019 21:00,0.69605,0.228780571
02/03/2019 22:00,0.78390717,0.257657827
02/03/2019 23:00,0.734440179,0.241398813
02/04/2019 00:00,0.6594955,0.216765688
02/04/2019 01:00,0.590687504,0.194149594
02/04/2019 02:00,0.444914381,0.146236285
02/04/2019 03:00,0.24951367,0.082011177
02/04/2019 04:00,0.172675092,0.056755558
02/04/2019 05:00,0.155843658,0.051223333
02/04/2019 06:00,0.125174131,0.041142747
02/04/2019 07:00,0.122140212,0.040145546
02/04/2019 08:00,0.193686176,0.063661567
02/04/2019 09:00,0.270349244,0.088859499
02/04/2019 10:00,0.457600194,0.15040591
02/04/2019 11:00,0.619462554,0.203607495
02/04/2019 12:00,0.636506031,0.209209415
02/04/2019 13:00,0.660032067,0.216942049
02/04/2019 14:00,0.658086696,0.216302637
02/04/2019 15:00,0.658530436,0.216448487
02/04/2019 16:00,0.686499399,0.225641441
02/04/2019 17:00,0.628459552,0.206564665
02/04/2019 18:00,0.604549362,0.198705766
02/04/2019 19:00,0.656160632,0.21566957
02/04/2019 20:00,0.683383634,0.224617338
02/04/2019 21:00,0.6589442,0.216584485
02/04/2019 22:00,0.493907761,0.16233963
02/04/2019 23:00,0.474284014,0.155889617
02/05/2019 00:00,0.420175206,0.138104912
02/05/2019 01:00,0.323063158,0.106185725
02/05/2019 02:00,0.23252638,0.076427725
02/05/2019 03:00,0.153384322,0.050414989
02/05/2019 04:00,0.070779061,0.023263952
02/05/2019 05:00,0.019067772,0.006267273
02/05/2019 06:00,0,0
02/05/2019 07:00,0,0
02/05/2019 08:00,0,0
02/05/2019 09:00,0,0
02/05/2019 10:00,0.037744453,0.012406002
02/05/2019 11:00,0.127941417,0.04205231
02/05/2019 12:00,0.254897195,0.083780657
02/05/2019 13:00,0.459551351,0.151047225
02/05/2019 14:00,0.647870401,0.212944703
02/05/2019 15:00,0.791625591,0.260194749
02/05/2019 16:00,0.833437456,0.273937645
02/05/2019 17:00,0.849863437,0.279336603
02/05/2019 18:00,0.8514,0.279841647
02/05/2019 19:00,0.8514,0.279841647
02/05/2019 20:00,0.8514,0.279841647
02/05/2019 21:00,0.8514,0.279841647
02/05/2019 22:00,0.851083227,0.279737529
02/05/2019 23:00,0.850405227,0.279514681
02/06/2019 00:00,0.631358805,0.207517604
02/06/2019 01:00,0.474136664,0.155841185
02/06/2019 02:00,0.502785248,0.165257519
02/06/2019 03:00,0.630829897,0.20734376
02/06/2019 04:00,0.656152134,0.215666777
02/06/2019 05:00,0.676672233,0.222411407
02/06/2019 06:00,0.656014559,0.215621558
02/06/2019 07:00,0.607761621,0.199761585
02/06/2019 08:00,0.557538749,0.183254125
02/06/2019 09:00,0.530171305,0.174258881
02/06/2019 10:00,0.494920428,0.162672478
02/06/2019 11:00,0.488967714,0.160715915
02/06/2019 12:00,0.475982581,0.156447909
02/06/2019 13:00,0.384119411,0.126253945
02/06/2019 14:00,0.288884408,0.094951713
02/06/2019 15:00,0.290789561,0.095577907
02/06/2019 16:00,0.307687884,0.101132117
02/06/2019 17:00,0.455840322,0.149827468
02/06/2019 18:00,0.517312776,0.170032487
02/06/2019 19:00,0.585405681,0.192413542
02/06/2019 20:00,0.641769037,0.210939282
02/06/2019 21:00,0.586871766,0.192895421
02/06/2019 22:00,0.447305686,0.147022269
02/06/2019 23:00,0.302676071,0.099484813
02/07/2019 00:00,0.212163348,0.06973472
02/07/2019 01:00,0.178082772,0.058532976
02/07/2019 02:00,0.098368037,0.03233201
02/07/2019 03:00,0.015834423,0.005204523
02/07/2019 04:00,0,0
02/07/2019 05:00,0,0
02/07/2019 06:00,0,0
02/07/2019 07:00,0.010791491,0.003546991
02/07/2019 08:00,0.015875757,0.005218109
02/07/2019 09:00,0.013898054,0.00456807
02/07/2019 10:00,0,0
02/07/2019 11:00,0,0
02/07/2019 12:00,0.006165071,0.002026361
02/07/2019 13:00,0.025493534,0.008379319
02/07/2019 14:00,0.088608172,0.029124098
02/07/2019 15:00,0.179496519,0.058997653
02/07/2019 16:00,0.208254969,0.068450098
02/07/2019 17:00,0.135728239,0.044611715
02/07/2019 18:00,0.039354377,0.012935158
02/07/2019 19:00,0.03827741,0.012581176
02/07/2019 20:00,0.122130208,0.040142258
02/07/2019 21:00,0.228459827,0.075091114
02/07/2019 22:00,0.284471815,0.093501364
02/07/2019 23:00,0.36221473,0.119054225
02/08/2019 00:00,0.366253467,0.120381693
02/08/2019 01:00,0.348460965,0.11453358
02/08/2019 02:00,0.353238688,0.116103942
02/08/2019 03:00,0.310893389,0.102185715
02/08/2019 04:00,0.318204698,0.104588827
02/08/2019 05:00,0.465725481,0.153076563
02/08/2019 06:00,0.668953296,0.219874315
02/08/2019 07:00,0.832857296,0.273746955
02/08/2019 08:00,0.8514,0.279841647
02/08/2019 09:00,0.8514,0.279841647
02/08/2019 10:00,0.8514,0.279841647
02/08/2019 11:00,0.8514,0.279841647
02/08/2019 12:00,0.8514,0.279841647
02/08/2019 13:00,0.8514,0.279841647
02/08/2019 14:00,0.8514,0.279841647
02/08/2019 15:00,0.8514,0.279841647
02/08/2019 16:00,0.8514,0.279841647
02/08/2019 17:00,0.850770015,0.279634581
02/08/2019 18:00,0.8508846,0.279672243
02/08/2019 19:00,0.8514,0.279841647
02/08/2019 20:00,0.850947732,0.279692994
02/08/2019 21:00,0.851180713,0.279769571
02/08/2019 22:00,0.850187228,0.279443028
02/08/2019 23:00,0.846599522,0.278263806
02/09/2019 00:00,0.85076659,0.279633455
02/09/2019 01:00,0.851215242,0.27978092
02/09/2019 02:00,0.845299139,0.277836391
02/09/2019 03:00,0.822910747,0.270477683
02/09/2019 04:00,0.786605976,0.258544881
02/09/2019 05:00,0.677400423,0.222650752
02/09/2019 06:00,0.621154851,0.204163726
02/09/2019 07:00,0.603596639,0.198392621
02/09/2019 08:00,0.714249194,0.234762357
02/09/2019 09:00,0.830558886,0.272991504
02/09/2019 10:00,0.8514,0.279841647
02/09/2019 11:00,0.8514,0.279841647
02/09/2019 12:00,0.8514,0.279841647
02/09/2019 13:00,0.8514,0.279841647
02/09/2019 14:00,0.8514,0.279841647
02/09/2019 15:00,0.8514,0.279841647
02/09/2019 16:00,0.8514,0.279841647
02/09/2019 17:00,0.8514,0.279841647
02/09/2019 18:00,0.8514,0.279841647
02/09/2019 19:00,0.8514,0.279841647
02/09/2019 20:00,0.8514,0.279841647
02/09/2019 21:00,0.8514,0.279841647
02/09/2019 22:00,0.8514,0.279841647
02/09/2019 23:00,0.8514,0.279841647
02/10/2019 00:00,0.8514,0.279841647
02/10/2019 01:00,0.850908012,0.279679939
02/10/2019 02:00,0.849052155,0.279069948
02/10/2019 03:00,0.839471898,0.27592107
02/10/2019 04:00,0.830804144,0.273072117
02/10/2019 05:00,0.812008238,0.266894201
02/10/2019 06:00,0.802091584,0.263634754
02/10/2019 07:00,0.726162794,0.238678168
02/10/2019 08:00,0.623002566,0.204771041
02/10/2019 09:00,0.545481662,0.179291152
02/10/2019 10:00,0.272406074,0.089535547
02/10/2019 11:00,0.164962714,0.054220622
02/10/2019 12:00,0.081828182,0.026895623
02/10/2019 13:00,0.028182225,0.009263049
02/10/2019 14:00,0.063546103,0.020886594
02/10/2019 15:00,0.267818161,0.088027573
02/10/2019 16:00,0.622045719,0.204456541
02/10/2019 17:00,0.791729223,0.260228811
02/10/2019 18:00,0.808813539,0.265844154
02/10/2019 19:00,0.803295168,0.264030354
02/10/2019 20:00,0.793021045,0.260653413
02/10/2019 21:00,0.755939711,0.248465367
02/10/2019 22:00,0.715668572,0.235228884
02/10/2019 23:00,0.665134191,0.218619036
02/11/2019 00:00,0.64767924,0.212881871
02/11/2019 01:00,0.609699175,0.200398428
02/11/2019 02:00,0.476053363,0.156471174
02/11/2019 03:00,0.326550737,0.107332037
02/11/2019 04:00,0.275357886,0.09050576
02/11/2019 05:00,0.298137142,0.09799294
02/11/2019 06:00,0.360639699,0.118536537
02/11/2019 07:00,0.280886568,0.09232295
02/11/2019 08:00,0.235411588,0.077376047
02/11/2019 09:00,0.24877568,0.081768612
02/11/2019 10:00,0.171258497,0.056289946
02/11/2019 11:00,0.108503941,0.035663521
02/11/2019 12:00,0.080022852,0.02630224
02/11/2019 13:00,0.05850492,0.019229637
02/11/2019 14:00,0.013550947,0.004453981
02/11/2019 15:00,0.024835263,0.008162956
02/11/2019 16:00,0.029293375,0.009628267
02/11/2019 17:00,0.061040168,0.020062933
02/11/2019 18:00,0.115689421,0.038025274
02/11/2019 19:00,0.168701324,0.055449444
02/11/2019 20:00,0.2809157,0.092332525
02/11/2019 21:00,0.535292668,0.175942191
02/11/2019 22:00,0.719862671,0.236607418
02/11/2019 23:00,0.747155777,0.245578228
02/12/2019 00:00,0.657996919,0.216273128
02/12/2019 01:00,0.634900514,0.208681707
02/12/2019 02:00,0.609605052,0.200367491
02/12/2019 03:00,0.581881049,0.191255052
02/12/2019 04:00,0.663637074,0.218126958
02/12/2019 05:00,0.734378582,0.241378567
02/12/2019 06:00,0.780806552,0.256638703
02/12/2019 07:00,0.790662704,0.259878263
02/12/2019 08:00,0.790949238,0.259972443
02/12/2019 09:00,0.796275703,0.261723167
02/12/2019 10:00,0.817998112,0.268862977
02/12/2019 11:00,0.840701803,0.27632532
02/12/2019 12:00,0.848604806,0.278922911
02/12/2019 13:00,0.8514,0.279841647
02/12/2019 14:00,0.8514,0.279841647
02/12/2019 15:00,0.850888341,0.279673473
02/12/2019 16:00,0.8514,0.279841647
02/12/2019 17:00,0.8514,0.279841647
02/12/2019 18:00,0.8514,0.279841647
02/12/2019 19:00,0.8514,0.279841647
02/12/2019 20:00,0.8514,0.279841647
02/12/2019 21:00,0.8514,0.279841647
02/12/2019 22:00,0.8514,0.279841647
02/12/2019 23:00,0.8514,0.279841647
2/13/2019 0:00,0.838219149,0.275509311
2/13/2019 1:00,0.631980519,0.207721951
2/13/2019 2:00,0.419967695,0.138036706
2/13/2019 3:00,0.359094274,0.11802858
2/13/2019 4:00,0.402816046,0.132399232
2/13/2019 5:00,0.490324857,0.161161987
2/13/2019 6:00,0.56206748,0.184742647
2/13/2019 7:00,0.584269767,0.192040186
2/13/2019 8:00,0.627882104,0.206374867
2/13/2019 9:00,0.657631915,0.216153158
2/13/2019 10:00,0.703416146,0.231201706
2/13/2019 11:00,0.724059306,0.237986785
2/13/2019 12:00,0.787158536,0.258726499
2/13/2019 13:00,0.800786437,0.263205773
2/13/2019 14:00,0.802744637,0.263849403
2/13/2019 15:00,0.809575331,0.266094543
2/13/2019 16:00,0.792079168,0.260343833
2/13/2019 17:00,0.794033293,0.260986122
2/13/2019 18:00,0.831082212,0.273163513
2/13/2019 19:00,0.844764356,0.277660616
2/13/2019 20:00,0.844383141,0.277535317
2/13/2019 21:00,0.842730857,0.276992238
2/13/2019 22:00,0.839943942,0.276076223
2/13/2019 23:00,0.848623653,0.278929106
2/14/2019 0:00,0.849978545,0.279374438
2/14/2019 1:00,0.850785567,0.279639693
2/14/2019 2:00,0.850961819,0.279697624
2/14/2019 3:00,0.8514,0.279841647
2/14/2019 4:00,0.850768795,0.27963418
2/14/2019 5:00,0.847243702,0.278475538
2/14/2019 6:00,0.82808015,0.272176783
2/14/2019 7:00,0.784491295,0.257849819
2/14/2019 8:00,0.658198636,0.21633943
2/14/2019 9:00,0.580693479,0.190864717
2/14/2019 10:00,0.61031197,0.200599844
2/14/2019 11:00,0.620110873,0.203820587
2/14/2019 12:00,0.651459781,0.214124475
2/14/2019 13:00,0.660888281,0.217223473
2/14/2019 14:00,0.665119183,0.218614104
2/14/2019 15:00,0.589988992,0.193920004
2/14/2019 16:00,0.407210509,0.133843622
2/14/2019 17:00,0.355565931,0.11686887
2/14/2019 18:00,0.412138779,0.135463466
2/14/2019 19:00,0.348574649,0.114570947
2/14/2019 20:00,0.434433581,0.142791413
2/14/2019 21:00,0.526993455,0.173214372
2/14/2019 22:00,0.578444404,0.190125481
2/14/2019 23:00,0.543960185,0.178791067
2/15/2019 0:00,0.467827121,0.153767339
2/15/2019 1:00,0.399880222,0.131434273
2/15/2019 2:00,0.295379361,0.097086501
2/15/2019 3:00,0.262263076,0.086201705
2/15/2019 4:00,0.238883579,0.078517235
2/15/2019 5:00,0.315281715,0.103628088
2/15/2019 6:00,0.473973447,0.155787538
2/15/2019 7:00,0.591731175,0.194492632
2/15/2019 8:00,0.649718197,0.213552044
2/15/2019 9:00,0.701835647,0.230682222
2/15/2019 10:00,0.672663767,0.221093888
2/15/2019 11:00,0.758988066,0.249467313
2/15/2019 12:00,0.793887725,0.260938276
2/15/2019 13:00,0.791859727,0.260271706
2/15/2019 14:00,0.767039896,0.252113822
2/15/2019 15:00,0.765185448,0.251504294
2/15/2019 16:00,0.697789552,0.229352334
2/15/2019 17:00,0.709998146,0.233365105
2/15/2019 18:00,0.722974013,0.237630067
2/15/2019 19:00,0.69652905,0.228938028
2/15/2019 20:00,0.641288284,0.210781266
2/15/2019 21:00,0.565320506,0.185811865
2/15/2019 22:00,0.380900175,0.125195833
2/15/2019 23:00,0.386093514,0.126902801
2/16/2019 0:00,0.273152358,0.089780839
2/16/2019 1:00,0.2859719,0.093994418
2/16/2019 2:00,0.33682329,0.110708462
2/16/2019 3:00,0.215690573,0.070894063
2/16/2019 4:00,0.122892078,0.040392673
2/16/2019 5:00,0.053708842,0.017653243
2/16/2019 6:00,0.002281594,0.000749924
2/16/2019 7:00,0,0
2/16/2019 8:00,0.005076084,0.001668428
2/16/2019 9:00,0.052511571,0.017259719
2/16/2019 10:00,0.154275323,0.050707847
2/16/2019 11:00,0.191803735,0.063042839
2/16/2019 12:00,0.17415357,0.05724151
2/16/2019 13:00,0.152690279,0.050186868
2/16/2019 14:00,0.165403114,0.054365375
2/16/2019 15:00,0.152572011,0.050147995
2/16/2019 16:00,0.086192195,0.028330004
2/16/2019 17:00,0.115390073,0.037926883
2/16/2019 18:00,0.231702442,0.07615691
2/16/2019 19:00,0.284692337,0.093573846
2/16/2019 20:00,0.400832809,0.131747373
2/16/2019 21:00,0.47625679,0.156538037
2/16/2019 22:00,0.571128775,0.18772095
2/16/2019 23:00,0.594174267,0.195295637
2/17/2019 0:00,0.584833502,0.192225476
2/17/2019 1:00,0.648082093,0.213014283
2/17/2019 2:00,0.669311807,0.219992152
2/17/2019 3:00,0.634900785,0.208681796
2/17/2019 4:00,0.723560987,0.237822995
2/17/2019 5:00,0.79293087,0.260623774
2/17/2019 6:00,0.823682489,0.270731342
2/17/2019 7:00,0.836237667,0.274858029
2/17/2019 8:00,0.836113325,0.27481716
2/17/2019 9:00,0.839608031,0.275965815
2/17/2019 10:00,0.822199388,0.27024387
2/17/2019 11:00,0.849650733,0.279266691
2/17/2019 12:00,0.850645966,0.279593808
2/17/2019 13:00,0.8514,0.279841647
2/17/2019 14:00,0.8514,0.279841647
2/17/2019 15:00,0.8514,0.279841647
2/17/2019 16:00,0.847325293,0.278502356
2/17/2019 17:00,0.751078395,0.24686753
2/17/2019 18:00,0.646373725,0.21245277
2/17/2019 19:00,0.642465134,0.211168078
2/17/2019 20:00,0.691710089,0.227354112
2/17/2019 21:00,0.755867066,0.24844149
2/17/2019 22:00,0.80991566,0.266206404
2/17/2019 23:00,0.821650322,0.270063401
2/18/2019 0:00,0.825789538,0.271423895
2/18/2019 1:00,0.812993297,0.267217974
2/18/2019 2:00,0.783796815,0.257621555
2/18/2019 3:00,0.798303323,0.262389613
2/18/2019 4:00,0.813896442,0.267514824
2/18/2019 5:00,0.806936412,0.265227172
2/18/2019 6:00,0.783611891,0.257560773
2/18/2019 7:00,0.791807262,0.260254461
2/18/2019 8:00,0.818851012,0.269143312
2/18/2019 9:00,0.836610744,0.274980654
2/18/2019 10:00,0.836284544,0.274873437
2/18/2019 11:00,0.842209165,0.276820766
2/18/2019 12:00,0.843422413,0.277219541
2/18/2019 13:00,0.840801148,0.276357973
2/18/2019 14:00,0.832917037,0.273766591
2/18/2019 15:00,0.826463878,0.27164554
2/18/2019 16:00,0.820046982,0.269536408
2/18/2019 17:00,0.815421115,0.26801596
2/18/2019 18:00,0.82103447,0.26986098
2/18/2019 19:00,0.812314992,0.266995026
2/18/2019 20:00,0.799535853,0.262794726
2/18/2019 21:00,0.789416109,0.259468527
2/18/2019 22:00,0.794058583,0.260994435
2/18/2019 23:00,0.8199491,0.269504236
2/19/2019 0:00,0.841658292,0.276639703
2/19/2019 1:00,0.849704286,0.279284293
2/19/2019 2:00,0.850273348,0.279471334
2/19/2019 3:00,0.850024764,0.279389629
2/19/2019 4:00,0.827406465,0.271955354
2/19/2019 5:00,0.780956721,0.256688061
2/19/2019 6:00,0.678617103,0.223050655
2/19/2019 7:00,0.590300616,0.19402243
2/19/2019 8:00,0.440973439,0.14494096
2/19/2019 9:00,0.325878588,0.107111112
2/19/2019 10:00,0.312542868,0.102727873
2/19/2019 11:00,0.237164753,0.077952285
2/19/2019 12:00,0.159960239,0.052576388
2/19/2019 13:00,0.084000872,0.027609751
2/19/2019 14:00,0.031255168,0.010273077
2/19/2019 15:00,0,0
2/19/2019 16:00,0,0
2/19/2019 17:00,0,0
2/19/2019 18:00,0.026793083,0.00880646
2/19/2019 19:00,0.10532531,0.034618755
2/19/2019 20:00,0.212595667,0.069876817
2/19/2019 21:00,0.399940019,0.131453927
2/19/2019 22:00,0.581872294,0.191252174
2/19/2019 23:00,0.652071535,0.214325549
2/20/2019 0:00,0.755204962,0.248223867
2/20/2019 1:00,0.790783153,0.259917853
2/20/2019 2:00,0.806945538,0.265230172
2/20/2019 3:00,0.82575629,0.271412967
2/20/2019 4:00,0.805725033,0.264829012
2/20/2019 5:00,0.758119806,0.24918193
2/20/2019 6:00,0.69260647,0.227648738
2/20/2019 7:00,0.685505031,0.225314608
2/20/2019 8:00,0.712129387,0.23406561
2/20/2019 9:00,0.71309467,0.234382884
2/20/2019 10:00,0.762833442,0.250731227
2/20/2019 11:00,0.790664046,0.259878705
2/20/2019 12:00,0.782300519,0.257129746
2/20/2019 13:00,0.78853609,0.259179279
2/20/2019 14:00,0.793942734,0.260956357
2/20/2019 15:00,0.793933118,0.260953196
2/20/2019 16:00,0.784856047,0.257969708
2/20/2019 17:00,0.77655712,0.255241982
2/20/2019 18:00,0.769419496,0.252895959
2/20/2019 19:00,0.71914071,0.236370121
2/20/2019 20:00,0.631626313,0.207605529
2/20/2019 21:00,0.593866722,0.195194552
2/20/2019 22:00,0.346798841,0.113987267
2/20/2019 23:00,0.285649806,0.093888551
2/21/2019 0:00,0.218940894,0.071962392
2/21/2019 1:00,0.126870076,0.041700178
2/21/2019 2:00,0.07245733,0.023815573
2/21/2019 3:00,0.11132617,0.036591143
2/21/2019 4:00,0.183310871,0.06025137
2/21/2019 5:00,0.284849588,0.093625532
2/21/2019 6:00,0.433532715,0.142495312
2/21/2019 7:00,0.492187734,0.161774285
2/21/2019 8:00,0.504727269,0.165895831
2/21/2019 9:00,0.463659925,0.152397648
2/21/2019 10:00,0.396100613,0.130191975
2/21/2019 11:00,0.373190155,0.122661672
2/21/2019 12:00,0.38256333,0.125742486
2/21/2019 13:00,0.311353725,0.102337021
2/21/2019 14:00,0.239102383,0.078589153
2/21/2019 15:00,0.232334125,0.076364534
2/21/2019 16:00,0.253182713,0.083217133
2/21/2019 17:00,0.314575113,0.103395839
2/21/2019 18:00,0.413207042,0.135814587
2/21/2019 19:00,0.463479457,0.152338331
2/21/2019 20:00,0.431832889,0.141936607
2/21/2019 21:00,0.394545622,0.129680875
2/21/2019 22:00,0.324486289,0.106653486
2/21/2019 23:00,0.355026689,0.11669163
2/22/2019 0:00,0.288404066,0.094793832
2/22/2019 1:00,0.244716809,0.080434525
2/22/2019 2:00,0.396855404,0.130440063
2/22/2019 3:00,0.541462083,0.17796998
2/22/2019 4:00,0.606854033,0.199463275
2/22/2019 5:00,0.524736587,0.172472575
2/22/2019 6:00,0.597640772,0.196435022
2/22/2019 7:00,0.735408613,0.241717122
2/22/2019 8:00,0.758349023,0.24925727
2/22/2019 9:00,0.735473983,0.241738608
2/22/2019 10:00,0.665425305,0.218714721
2/22/2019 11:00,0.773655695,0.25428833
2/22/2019 12:00,0.789817516,0.259600463
2/22/2019 13:00,0.781293014,0.256798595
2/22/2019 14:00,0.758493052,0.24930461
2/22/2019 15:00,0.6954935,0.228597659
2/22/2019 16:00,0.72891395,0.239582429
2/22/2019 17:00,0.686925336,0.225781439
2/22/2019 18:00,0.746146084,0.245246358
2/22/2019 19:00,0.828124303,0.272191296
2/22/2019 20:00,0.848408548,0.278858404
2/22/2019 21:00,0.849694699,0.279281142
2/22/2019 22:00,0.84922021,0.279125185
2/22/2019 23:00,0.849874575,0.279340264
2/23/2019 0:00,0.849620547,0.279256769
2/23/2019 1:00,0.850127094,0.279423263
2/23/2019 2:00,0.850512607,0.279549975
2/23/2019 3:00,0.850599718,0.279578607
2/23/2019 4:00,0.850552057,0.279562942
2/23/2019 5:00,0.849994672,0.279379738
2/23/2019 6:00,0.8497709,0.279306188
2/23/2019 7:00,0.850168451,0.279436857
2/23/2019 8:00,0.850101259,0.279414772
2/23/2019 9:00,0.850234504,0.279458567
2/23/2019 10:00,0.847990089,0.278720863
2/23/2019 11:00,0.848555377,0.278906665
2/23/2019 12:00,0.842166724,0.276806816
2/23/2019 13:00,0.824397115,0.270966228
2/23/2019 14:00,0.799738089,0.262861198
2/23/2019 15:00,0.762665164,0.250675917
2/23/2019 16:00,0.722131898,0.237353277
2/23/2019 17:00,0.693535321,0.227954036
2/23/2019 18:00,0.662966916,0.217906687
2/23/2019 19:00,0.692190506,0.227512017
2/23/2019 20:00,0.659995786,0.216930124
2/23/2019 21:00,0.678030866,0.222857968
2/23/2019 22:00,0.649816442,0.213584336
2/23/2019 23:00,0.643964538,0.211660908
2/24/2019 0:00,0.575938001,0.189301667
2/24/2019 1:00,0.444145468,0.145983556
2/24/2019 2:00,0.383888026,0.126177892
2/24/2019 3:00,0.284708279,0.093579086
2/24/2019 4:00,0.276901906,0.091013255
2/24/2019 5:00,0.190900014,0.0627458
2/24/2019 6:00,0.114884692,0.037760772
2/24/2019 7:00,0.076496013,0.025143024
2/24/2019 8:00,0.030716119,0.0100959
2/24/2019 9:00,0.067120925,0.022061581
2/24/2019 10:00,0.206352153,0.067824673
2/24/2019 11:00,0.342803093,0.112673928
2/24/2019 12:00,0.555762143,0.182670183
2/24/2019 13:00,0.764737316,0.251357
2/24/2019 14:00,0.808345766,0.265690405
2/24/2019 15:00,0.793275437,0.260737027
2/24/2019 16:00,0.778117555,0.255754872
2/24/2019 17:00,0.771377374,0.253539482
2/24/2019 18:00,0.772338655,0.25385544
2/24/2019 19:00,0.753815177,0.247767067
2/24/2019 20:00,0.698498234,0.229585267
2/24/2019 21:00,0.6349075,0.208684003
2/24/2019 22:00,0.335584533,0.110301302
2/24/2019 23:00,0.205515947,0.067549825
2/25/2019 0:00,0.164366597,0.054024688
2/25/2019 1:00,0.110622506,0.036359859
2/25/2019 2:00,0.138099263,0.045391033
2/25/2019 3:00,0.150195125,0.04936675
2/25/2019 4:00,0.110317464,0.036259597
2/25/2019 5:00,0.077722213,0.025546056
2/25/2019 6:00,0.074942049,0.02463226
2/25/2019 7:00,0.047123221,0.015488654
2/25/2019 8:00,0.027683088,0.009098991
2/25/2019 9:00,0.011826953,0.003887331
2/25/2019 10:00,0,0
2/25/2019 11:00,0.007266459,0.002388369
2/25/2019 12:00,0,0
2/25/2019 13:00,0.02345739,0.007710071
2/25/2019 14:00,0.067398038,0.022152664
2/25/2019 15:00,0.069694343,0.022907423
2/25/2019 16:00,0.141620378,0.046548367
2/25/2019 17:00,0.40285954,0.132413528
2/25/2019 18:00,0.709630183,0.233244162
2/25/2019 19:00,0.770135978,0.253131455
2/25/2019 20:00,0.785190714,0.258079707
2/25/2019 21:00,0.747412863,0.245662728
2/25/2019 22:00,0.641739452,0.210929558
2/25/2019 23:00,0.639532856,0.210204284
2/26/2019 0:00,0.597174621,0.196281806
2/26/2019 1:00,0.561739363,0.1846348
2/26/2019 2:00,0.503930075,0.165633806
2/26/2019 3:00,0.492153762,0.161763119
2/26/2019 4:00,0.481479679,0.158254718
2/26/2019 5:00,0.531845608,0.174809198
2/26/2019 6:00,0.553372943,0.181884891
2/26/2019 7:00,0.486112126,0.159777329
2/26/2019 8:00,0.47157025,0.154997646
2/26/2019 9:00,0.448182764,0.147310551
2/26/2019 10:00,0.303087358,0.099619997
2/26/2019 11:00,0.23433718,0.077022906
2/26/2019 12:00,0.228254492,0.075023623
2/26/2019 13:00,0.176728076,0.05808771
2/26/2019 14:00,0.106783546,0.035098054
2/26/2019 15:00,0.040896958,0.01344218
2/26/2019 16:00,0,0
2/26/2019 17:00,0,0
2/26/2019 18:00,0,0
2/26/2019 19:00,0,0
2/26/2019 20:00,0.043468602,0.014287439
2/26/2019 21:00,0.100850377,0.033147916
2/26/2019 22:00,0.157884696,0.05189419
2/26/2019 23:00,0.164889964,0.05419671
2/27/2019 0:00,0.136882299,0.044991036
2/27/2019 1:00,0.021675184,0.007124288
2/27/2019 2:00,0,0
2/27/2019 3:00,0,0
2/27/2019 4:00,0,0
2/27/2019 5:00,0,0
2/27/2019 6:00,0,0
2/27/2019 7:00,0,0
2/27/2019 8:00,0,0
2/27/2019 9:00,0,0
2/27/2019 10:00,0,0
2/27/2019 11:00,0,0
2/27/2019 12:00,0,0
2/27/2019 13:00,0.026140462,0.008591954
2/27/2019 14:00,0.089502741,0.029418128
2/27/2019 15:00,0.138596362,0.045554421
2/27/2019 16:00,0.15317028,0.050344636
2/27/2019 17:00,0.130555457,0.042911504
2/27/2019 18:00,0.086651046,0.028480821
2/27/2019 19:00,0.044804961,0.014726678
2/27/2019 20:00,0.022606355,0.007430349
2/27/2019 21:00,0.014128888,0.004643941
2/27/2019 22:00,0.013557414,0.004456106
2/27/2019 23:00,0.025742121,0.008461026
2/28/2019 0:00,0.061101519,0.020083098
2/28/2019 1:00,0.069472892,0.022834635
2/28/2019 2:00,0.076247127,0.025061219
2/28/2019 3:00,0.084037794,0.027621887
2/28/2019 4:00,0.100664529,0.033086831
2/28/2019 5:00,0.108644478,0.035709713
2/28/2019 6:00,0.116518898,0.03829791
2/28/2019 7:00,0.117270115,0.038544823
2/28/2019 8:00,0.122217418,0.040170923
2/28/2019 9:00,0.119785684,0.03937165
2/28/2019 10:00,0.159099921,0.052293615
2/28/2019 11:00,0.141191784,0.046407495
2/28/2019 12:00,0.093708509,0.030800497
2/28/2019 13:00,0.065308279,0.021465793
2/28/2019 14:00,0.053145585,0.017468109
2/28/2019 15:00,0.047193988,0.015511914
2/28/2019 16:00,0.052360572,0.017210088
2/28/2019 17:00,0.051754927,0.017011022
2/28/2019 18:00,0.038197861,0.01255503
2/28/2019 19:00,0.033898649,0.011141947
2/28/2019 20:00,0.028135049,0.009247543
2/28/2019 21:00,0.018703555,0.006147561
2/28/2019 22:00,0.051491816,0.016924542
2/28/2019 23:00,0.055701175,0.018308091
03/01/2019 00:00,0.057763007,0.018985782
03/01/2019 01:00,0.058158672,0.019115831
03/01/2019 02:00,0.045748576,0.01503683
03/01/2019 03:00,0.030771347,0.010114053
03/01/2019 04:00,0.013114827,0.004310635
03/01/2019 05:00,0.016091688,0.005289082
03/01/2019 06:00,0.061052314,0.020066925
03/01/2019 07:00,0.152181559,0.050019659
03/01/2019 08:00,0.268219595,0.088159518
03/01/2019 09:00,0.432829779,0.142264268
03/01/2019 10:00,0.400853226,0.131754084
03/01/2019 11:00,0.436711216,0.143540035
03/01/2019 12:00,0.478523314,0.157283007
03/01/2019 13:00,0.483848083,0.159033174
03/01/2019 14:00,0.493107507,0.1620766
03/01/2019 15:00,0.494893671,0.162663683
03/01/2019 16:00,0.488768062,0.160650293
03/01/2019 17:00,0.424451419,0.139510435
03/01/2019 18:00,0.37591791,0.123558242
03/01/2019 19:00,0.356921325,0.117314366
03/01/2019 20:00,0.375199746,0.123322193
03/01/2019 21:00,0.33436971,0.109902009
03/01/2019 22:00,0.258911118,0.085099969
03/01/2019 23:00,0.25283956,0.083104345
03/02/2019 00:00,0.244596157,0.080394869
03/02/2019 01:00,0.238744654,0.078471573
03/02/2019 02:00,0.187441531,0.061609052
03/02/2019 03:00,0.213686361,0.07023531
03/02/2019 04:00,0.186591185,0.061329557
03/02/2019 05:00,0.163999971,0.053904184
03/02/2019 06:00,0.149726159,0.049212608
03/02/2019 07:00,0.147531078,0.04849112
03/02/2019 08:00,0.153401717,0.050420706
03/02/2019 09:00,0.214870014,0.070624358
03/02/2019 10:00,0.153847902,0.05056736
03/02/2019 11:00,0.192891049,0.063400222
03/02/2019 12:00,0.249556117,0.082025129
03/02/2019 13:00,0.361557893,0.118838333
03/02/2019 14:00,0.729621274,0.239814916
03/02/2019 15:00,0.830330603,0.272916471
03/02/2019 16:00,0.846095321,0.278098084
03/02/2019 17:00,0.850502856,0.27954677
03/02/2019 18:00,0.851371838,0.279832391
03/02/2019 19:00,0.84299303,0.27707841
03/02/2019 20:00,0.76446154,0.251266357
03/02/2019 21:00,0.600685746,0.197435857
03/02/2019 22:00,0.670081829,0.220245246
03/02/2019 23:00,0.803854552,0.264214214
03/03/2019 00:00,0.831819302,0.273405783
03/03/2019 01:00,0.837884853,0.275399433
03/03/2019 02:00,0.846128161,0.278108877
03/03/2019 03:00,0.850324615,0.279488185
03/03/2019 04:00,0.84965014,0.279266496
03/03/2019 05:00,0.851237071,0.279788095
03/03/2019 06:00,0.8514,0.279841647
03/03/2019 07:00,0.85121421,0.279780581
03/03/2019 08:00,0.850535571,0.279557523
03/03/2019 09:00,0.850444599,0.279527622
03/03/2019 10:00,0.851144705,0.279757736
03/03/2019 11:00,0.8514,0.279841647
03/03/2019 12:00,0.8514,0.279841647
03/03/2019 13:00,0.851137314,0.279755306
03/03/2019 14:00,0.849603493,0.279251164
03/03/2019 15:00,0.8022003,0.263670488
03/03/2019 16:00,0.594092224,0.195268671
03/03/2019 17:00,0.404156175,0.132839711
03/03/2019 18:00,0.355126808,0.116724537
03/03/2019 19:00,0.267809918,0.088024863
03/03/2019 20:00,0.231693255,0.07615389
03/03/2019 21:00,0.216124728,0.071036763
03/03/2019 22:00,0.160571872,0.052777422
03/03/2019 23:00,0.140479348,0.046173329
03/04/2019 00:00,0.147741638,0.048560328
03/04/2019 01:00,0.174883677,0.057481485
03/04/2019 02:00,0.200971848,0.066056252
03/04/2019 03:00,0.201471641,0.066220526
03/04/2019 04:00,0.214440061,0.070483039
03/04/2019 05:00,0.257323283,0.084578073
03/04/2019 06:00,0.341193222,0.112144789
03/04/2019 07:00,0.430422609,0.14147307
03/04/2019 08:00,0.522243733,0.171653214
03/04/2019 09:00,0.604154457,0.198575967
03/04/2019 10:00,0.673602568,0.221402457
03/04/2019 11:00,0.666824262,0.219174536
03/04/2019 12:00,0.725783009,0.238553339
03/04/2019 13:00,0.694763509,0.228357722
03/04/2019 14:00,0.733796479,0.241187239
03/04/2019 15:00,0.791703381,0.260220317
03/04/2019 16:00,0.814599239,0.267745822
03/04/2019 17:00,0.82744564,0.27196823
03/04/2019 18:00,0.808026702,0.265585534
03/04/2019 19:00,0.7847184,0.257924465
03/04/2019 20:00,0.718695805,0.236223887
03/04/2019 21:00,0.621852897,0.204393163
03/04/2019 22:00,0.597248975,0.196306245
03/04/2019 23:00,0.482779233,0.15868186
03/05/2019 00:00,0.472448304,0.155286248
03/05/2019 01:00,0.457622852,0.150413358
03/05/2019 02:00,0.349411674,0.114846063
03/05/2019 03:00,0.240539456,0.079061496
03/05/2019 04:00,0.152667267,0.050179304
03/05/2019 05:00,0.124560826,0.040941164
03/05/2019 06:00,0.114800954,0.037733249
03/05/2019 07:00,0.079410461,0.026100956
03/05/2019 08:00,0.047824181,0.015719048
03/05/2019 09:00,0.029679968,0.009755334
03/05/2019 10:00,0.004375286,0.001438087
03/05/2019 11:00,0,0
03/05/2019 12:00,0,0
03/05/2019 13:00,0,0
03/05/2019 14:00,0,0
03/05/2019 15:00,0,0
03/05/2019 16:00,0.015594129,0.005125542
03/05/2019 17:00,0.027874014,0.009161746
03/05/2019 18:00,0.03298613,0.010842017
03/05/2019 19:00,0.038505064,0.012656003
03/05/2019 20:00,0.054780451,0.018005463
03/05/2019 21:00,0.077777493,0.025564226
03/05/2019 22:00,0.123414164,0.040564274
03/05/2019 23:00,0.144173698,0.047387603
03/06/2019 00:00,0.200045074,0.065751636
03/06/2019 01:00,0.227195393,0.074675514
03/06/2019 02:00,0.274769808,0.090312469
03/06/2019 03:00,0.30785592,0.101187348
03/06/2019 04:00,0.288267758,0.09474903
03/06/2019 05:00,0.299941039,0.098585852
03/06/2019 06:00,0.361292254,0.118751021
03/06/2019 07:00,0.427324792,0.140454867
03/06/2019 08:00,0.513832767,0.168888663
03/06/2019 09:00,0.586367254,0.192729596
03/06/2019 10:00,0.476759584,0.156703297
03/06/2019 11:00,0.639209857,0.21009812
03/06/2019 12:00,0.770908889,0.253385499
03/06/2019 13:00,0.796023931,0.261640414
03/06/2019 14:00,0.801015538,0.263281075
03/06/2019 15:00,0.813283089,0.267313224
03/06/2019 16:00,0.809958227,0.266220395
03/06/2019 17:00,0.814769481,0.267801778
03/06/2019 18:00,0.820710402,0.269754464
03/06/2019 19:00,0.822720071,0.27041501
03/06/2019 20:00,0.826433861,0.271635674
03/06/2019 21:00,0.79931084,0.262720768
03/06/2019 22:00,0.751899083,0.247137277
03/06/2019 23:00,0.79169277,0.26021683
03/07/2019 00:00,0.813701624,0.26745079
03/07/2019 01:00,0.8202577,0.269605668
03/07/2019 02:00,0.829734072,0.272720401
03/07/2019 03:00,0.839532831,0.275941097
03/07/2019 04:00,0.849145754,0.279100712
03/07/2019 05:00,0.850153488,0.279431938
03/07/2019 06:00,0.849943407,0.279362888
03/07/2019 07:00,0.850621551,0.279585783
03/07/2019 08:00,0.8514,0.279841647
03/07/2019 09:00,0.8514,0.279841647
03/07/2019 10:00,0.8514,0.279841647
03/07/2019 11:00,0.8514,0.279841647
03/07/2019 12:00,0.8514,0.279841647
03/07/2019 13:00,0.8514,0.279841647
03/07/2019 14:00,0.8514,0.279841647
03/07/2019 15:00,0.8514,0.279841647
03/07/2019 16:00,0.8514,0.279841647
03/07/2019 17:00,0.851359646,0.279828384
03/07/2019 18:00,0.850572031,0.279569507
03/07/2019 19:00,0.849926885,0.279357458
03/07/2019 20:00,0.833962296,0.274110151
03/07/2019 21:00,0.789686605,0.259557435
03/07/2019 22:00,0.673295022,0.221301372
03/07/2019 23:00,0.617902144,0.203094613
03/08/2019 00:00,0.547932611,0.18009674
03/08/2019 01:00,0.41196352,0.135405861
03/08/2019 02:00,0.287732161,0.094572988
03/08/2019 03:00,0.220908473,0.072609104
03/08/2019 04:00,0.158111225,0.051968647
03/08/2019 05:00,0.103725863,0.034093043
03/08/2019 06:00,0.044688861,0.014688518
03/08/2019 07:00,0.004804455,0.001579148
03/08/2019 08:00,0.022777317,0.007486542
03/08/2019 09:00,0.076431028,0.025121664
03/08/2019 10:00,0.258232534,0.084876929
03/08/2019 11:00,0.436878183,0.143594915
03/08/2019 12:00,0.558909943,0.183704814
03/08/2019 13:00,0.576707836,0.189554699
03/08/2019 14:00,0.648914182,0.213287777
03/08/2019 15:00,0.658162986,0.216327712
03/08/2019 16:00,0.600502486,0.197375622
03/08/2019 17:00,0.459878192,0.151154652
03/08/2019 18:00,0.416464396,0.136885227
03/08/2019 19:00,0.412110787,0.135454265
03/08/2019 20:00,0.521676682,0.171466833
03/08/2019 21:00,0.474914107,0.156096718
03/08/2019 22:00,0.444114986,0.145973537
03/08/2019 23:00,0.574800447,0.188927771
03/09/2019 00:00,0.8514,0.279841647
03/09/2019 01:00,0.8514,0.279841647
03/09/2019 02:00,0.8514,0.279841647
03/09/2019 03:00,0.8514,0.279841647
03/09/2019 04:00,0.8514,0.279841647
03/09/2019 05:00,0.8514,0.279841647
03/09/2019 06:00,0.8514,0.279841647
03/09/2019 07:00,0.8514,0.279841647
03/09/2019 08:00,0.8514,0.279841647
03/09/2019 09:00,0.8514,0.279841647
03/09/2019 10:00,0.8514,0.279841647
03/09/2019 11:00,0.8514,0.279841647
03/09/2019 12:00,0.8514,0.279841647
03/09/2019 13:00,0.8514,0.279841647
03/09/2019 14:00,0.8514,0.279841647
03/09/2019 15:00,0.8514,0.279841647
03/09/2019 16:00,0.8514,0.279841647
03/09/2019 17:00,0.8514,0.279841647
03/09/2019 18:00,0.8514,0.279841647
03/09/2019 19:00,0.845346746,0.277852039
03/09/2019 20:00,0.815321789,0.267983313
03/09/2019 21:00,0.815187997,0.267939337
03/09/2019 22:00,0.782745028,0.257275849
03/09/2019 23:00,0.774465109,0.254554371
03/10/2019 00:00,0.592625621,0.194786622
03/10/2019 01:00,0.613808894,0.201749227
03/10/2019 02:00,0.650215382,0.213715461
03/10/2019 03:00,0.509671393,0.167520886
03/10/2019 04:00,0.198823029,0.065349969
03/10/2019 05:00,0.139427957,0.045827753
03/10/2019 06:00,0.129841511,0.042676841
03/10/2019 07:00,0.122383943,0.040225657
03/10/2019 08:00,0.102312378,0.033628452
03/10/2019 09:00,0.054173106,0.017805839
03/10/2019 10:00,0.057100278,0.018767954
03/10/2019 11:00,0.075817833,0.024920116
03/10/2019 12:00,0.156389689,0.051402805
03/10/2019 13:00,0.292955695,0.09628988
03/10/2019 14:00,0.325340153,0.106934137
03/10/2019 15:00,0.221943186,0.072949198
03/10/2019 16:00,0.105594466,0.034707223
03/10/2019 17:00,0.0312212,0.010261912
03/10/2019 18:00,0.071683573,0.023561251
03/10/2019 19:00,0.200176179,0.065794728
03/10/2019 20:00,0.294803958,0.096897375
03/10/2019 21:00,0.364812339,0.119908017
03/10/2019 22:00,0.485975744,0.159732502
03/10/2019 23:00,0.578757911,0.190228526
03/11/2019 00:00,0.467896256,0.153790062
03/11/2019 01:00,0.390396365,0.12831708
03/11/2019 02:00,0.48159778,0.158293535
03/11/2019 03:00,0.662142267,0.217635639
03/11/2019 04:00,0.658204884,0.216341483
03/11/2019 05:00,0.645938538,0.21230973
03/11/2019 06:00,0.773715881,0.254308112
03/11/2019 07:00,0.806926995,0.265224077
03/11/2019 08:00,0.816933463,0.268513044
03/11/2019 09:00,0.8227363,0.270420345
03/11/2019 10:00,0.825107064,0.271199577
03/11/2019 11:00,0.833553336,0.273975732
03/11/2019 12:00,0.838367942,0.275558217
03/11/2019 13:00,0.822064388,0.270199498
03/11/2019 14:00,0.722912642,0.237609895
03/11/2019 15:00,0.562527497,0.184893847
03/11/2019 16:00,0.44897893,0.147572238
03/11/2019 17:00,0.304944757,0.100230495
03/11/2019 18:00,0.461750067,0.151769908
03/11/2019 19:00,0.66540788,0.218708994
03/11/2019 20:00,0.81145552,0.266712532
03/11/2019 21:00,0.850882432,0.279671531
03/11/2019 22:00,0.8514,0.279841647
03/11/2019 23:00,0.8514,0.279841647
03/12/2019 00:00,0.8514,0.279841647
03/12/2019 01:00,0.8514,0.279841647
03/12/2019 02:00,0.8514,0.279841647
03/12/2019 03:00,0.8514,0.279841647
03/12/2019 04:00,0.800581399,0.263138381
03/12/2019 05:00,0.611571101,0.2010137
03/12/2019 06:00,0.600495688,0.197373388
03/12/2019 07:00,0.650738757,0.213887486
03/12/2019 08:00,0.741098899,0.243587428
03/12/2019 09:00,0.792646916,0.260530442
03/12/2019 10:00,0.789885441,0.259622789
03/12/2019 11:00,0.78597867,0.258338696
03/12/2019 12:00,0.814815575,0.267816928
03/12/2019 13:00,0.822341456,0.270290566
03/12/2019 14:00,0.844073667,0.277433598
03/12/2019 15:00,0.8514,0.279841647
03/12/2019 16:00,0.8514,0.279841647
03/12/2019 17:00,0.8514,0.279841647
03/12/2019 18:00,0.8514,0.279841647
03/12/2019 19:00,0.8514,0.279841647
03/12/2019 20:00,0.817773792,0.268789247
03/12/2019 21:00,0.585175965,0.192338038
03/12/2019 22:00,0.199363152,0.065527499
03/12/2019 23:00,0.048857406,0.016058653
3/13/2019 0:00,0.066706356,0.021925319
3/13/2019 1:00,0.214671879,0.070559234
3/13/2019 2:00,0.468390075,0.153952373
3/13/2019 3:00,0.720952967,0.236965781
3/13/2019 4:00,0.819638694,0.269402211
3/13/2019 5:00,0.842158606,0.276804148
3/13/2019 6:00,0.850242217,0.279461102
3/13/2019 7:00,0.850860641,0.279664368
3/13/2019 8:00,0.835749548,0.274697592
3/13/2019 9:00,0.80292055,0.263907222
3/13/2019 10:00,0.778978071,0.25603771
3/13/2019 11:00,0.727160798,0.239006196
3/13/2019 12:00,0.735747907,0.241828642
3/13/2019 13:00,0.788382988,0.259128957
3/13/2019 14:00,0.805005652,0.264592563
3/13/2019 15:00,0.821793239,0.270110375
3/13/2019 16:00,0.823120998,0.270546789
3/13/2019 17:00,0.805207599,0.264658939
3/13/2019 18:00,0.760945314,0.25011063
3/13/2019 19:00,0.667318736,0.219337062
3/13/2019 20:00,0.61607765,0.202494931
3/13/2019 21:00,0.452238789,0.148643702
3/13/2019 22:00,0.208457464,0.068516655
3/13/2019 23:00,0.21136289,0.069471622
3/14/2019 0:00,0.37175803,0.122190955
3/14/2019 1:00,0.346437009,0.113868338
3/14/2019 2:00,0.444070629,0.145958957
3/14/2019 3:00,0.8015859,0.263468544
3/14/2019 4:00,0.800664884,0.263165821
3/14/2019 5:00,0.770703244,0.253317906
3/14/2019 6:00,0.688141345,0.226181122
3/14/2019 7:00,0.631970258,0.207718579
3/14/2019 8:00,0.527779384,0.173472695
3/14/2019 9:00,0.466775676,0.153421746
3/14/2019 10:00,0.636106521,0.209078103
3/14/2019 11:00,0.762653585,0.250672111
3/14/2019 12:00,0.791651452,0.260203249
3/14/2019 13:00,0.79169217,0.260216632
3/14/2019 14:00,0.772437202,0.253887831
3/14/2019 15:00,0.747481184,0.245685184
3/14/2019 16:00,0.67720111,0.222585241
3/14/2019 17:00,0.659997468,0.216930677
3/14/2019 18:00,0.677326311,0.222626392
3/14/2019 19:00,0.766154805,0.251822907
3/14/2019 20:00,0.743625115,0.244417756
3/14/2019 21:00,0.790672591,0.259881513
3/14/2019 22:00,0.810026502,0.266242836
3/14/2019 23:00,0.807782648,0.265505317
3/15/2019 0:00,0.824878425,0.271124427
3/15/2019 1:00,0.801126441,0.263317528
3/15/2019 2:00,0.676413458,0.222326352
3/15/2019 3:00,0.59027725,0.19401475
3/15/2019 4:00,0.46573949,0.153081167
3/15/2019 5:00,0.472656402,0.155354647
3/15/2019 6:00,0.509982523,0.167623149
3/15/2019 7:00,0.635291689,0.20881028
3/15/2019 8:00,0.750144524,0.246560582
3/15/2019 9:00,0.819392157,0.269321178
3/15/2019 10:00,0.851081657,0.279737013
3/15/2019 11:00,0.8514,0.279841647
3/15/2019 12:00,0.8514,0.279841647
3/15/2019 13:00,0.8514,0.279841647
3/15/2019 14:00,0.8514,0.279841647
3/15/2019 15:00,0.8514,0.279841647
3/15/2019 16:00,0.8514,0.279841647
3/15/2019 17:00,0.8514,0.279841647
3/15/2019 18:00,0.8514,0.279841647
3/15/2019 19:00,0.8514,0.279841647
3/15/2019 20:00,0.8514,0.279841647
3/15/2019 21:00,0.8514,0.279841647
3/15/2019 22:00,0.8514,0.279841647
3/15/2019 23:00,0.850863023,0.279665151
3/16/2019 0:00,0.849639724,0.279263072
3/16/2019 1:00,0.838370421,0.275559032
3/16/2019 2:00,0.823106987,0.270542184
3/16/2019 3:00,0.787310562,0.258776468
3/16/2019 4:00,0.672637152,0.22108514
3/16/2019 5:00,0.544800093,0.179067131
3/16/2019 6:00,0.376715982,0.123820556
3/16/2019 7:00,0.234170875,0.076968245
3/16/2019 8:00,0.18651833,0.06130561
3/16/2019 9:00,0.146895007,0.048282054
3/16/2019 10:00,0.122004395,0.040100905
3/16/2019 11:00,0.055536969,0.018254119
3/16/2019 12:00,0.020766088,0.006825483
3/16/2019 13:00,0,0
3/16/2019 14:00,0,0
3/16/2019 15:00,0,0
3/16/2019 16:00,0.020033808,0.006584794
3/16/2019 17:00,0.067362156,0.02214087
3/16/2019 18:00,0.097136263,0.031927146
3/16/2019 19:00,0.153544552,0.050467654
3/16/2019 20:00,0.23077663,0.07585261
3/16/2019 21:00,0.34752198,0.114224951
3/16/2019 22:00,0.308736431,0.101476757
3/16/2019 23:00,0.419478545,0.13787593
3/17/2019 0:00,0.477543382,0.156960919
3/17/2019 1:00,0.58711564,0.192975579
3/17/2019 2:00,0.623699605,0.205000146
3/17/2019 3:00,0.628523859,0.206585802
3/17/2019 4:00,0.728754337,0.239529967
3/17/2019 5:00,0.705170509,0.231778338
3/17/2019 6:00,0.641067889,0.210708825
3/17/2019 7:00,0.621621362,0.204317061
3/17/2019 8:00,0.753923653,0.247802721
3/17/2019 9:00,0.833595397,0.273989557
3/17/2019 10:00,0.8514,0.279841647
3/17/2019 11:00,0.8514,0.279841647
3/17/2019 12:00,0.8514,0.279841647
3/17/2019 13:00,0.8514,0.279841647
3/17/2019 14:00,0.8514,0.279841647
3/17/2019 15:00,0.8514,0.279841647
3/17/2019 16:00,0.8514,0.279841647
3/17/2019 17:00,0.8514,0.279841647
3/17/2019 18:00,0.850887683,0.279673257
3/17/2019 19:00,0.849881334,0.279342486
3/17/2019 20:00,0.844766801,0.27766142
3/17/2019 21:00,0.830486854,0.272967829
3/17/2019 22:00,0.823007168,0.270509375
3/17/2019 23:00,0.787161933,0.258727616
3/18/2019 0:00,0.686225554,0.225551432
3/18/2019 1:00,0.608666971,0.200059159
3/18/2019 2:00,0.48622569,0.159814656
3/18/2019 3:00,0.371402113,0.122073971
3/18/2019 4:00,0.233081123,0.07661006
3/18/2019 5:00,0.151665453,0.049850024
3/18/2019 6:00,0.075268217,0.024739466
3/18/2019 7:00,0.018274858,0.006006656
3/18/2019 8:00,0,0
3/18/2019 9:00,0,0
3/18/2019 10:00,0,0
3/18/2019 11:00,0,0
3/18/2019 12:00,0,0
3/18/2019 13:00,0.009991293,0.003283979
3/18/2019 14:00,0.047375009,0.015571412
3/18/2019 15:00,0.080008776,0.026297613
3/18/2019 16:00,0.092643912,0.030450581
3/18/2019 17:00,0.114144315,0.037517422
3/18/2019 18:00,0.165731301,0.054473244
3/18/2019 19:00,0.214892514,0.070631754
3/18/2019 20:00,0.288687563,0.094887013
3/18/2019 21:00,0.378379874,0.12436745
3/18/2019 22:00,0.463386316,0.152307717
3/18/2019 23:00,0.409340164,0.134543606
3/19/2019 0:00,0.334748599,0.110026544
3/19/2019 1:00,0.280959986,0.092347081
3/19/2019 2:00,0.26896724,0.088405256
3/19/2019 3:00,0.259444183,0.085275179
3/19/2019 4:00,0.308362153,0.101353738
3/19/2019 5:00,0.400828246,0.131745874
3/19/2019 6:00,0.447028249,0.14693108
3/19/2019 7:00,0.478794939,0.157372286
3/19/2019 8:00,0.496309256,0.163128964
3/19/2019 9:00,0.540763568,0.177740389
3/19/2019 10:00,0.589556924,0.19377799
3/19/2019 11:00,0.631133309,0.207443487
3/19/2019 12:00,0.639701709,0.210259784
3/19/2019 13:00,0.640502771,0.21052308
3/19/2019 14:00,0.709316263,0.233140981
3/19/2019 15:00,0.75126262,0.246928082
3/19/2019 16:00,0.810828647,0.266506488
3/19/2019 17:00,0.827377885,0.27194596
3/19/2019 18:00,0.820495604,0.269683863
3/19/2019 19:00,0.811160247,0.26661548
3/19/2019 20:00,0.794879127,0.261264134
3/19/2019 21:00,0.788182532,0.25906307
3/19/2019 22:00,0.735356855,0.24170011
3/19/2019 23:00,0.762515363,0.25062668
3/20/2019 0:00,0.775552045,0.25491163
3/20/2019 1:00,0.790683055,0.259884953
3/20/2019 2:00,0.783842967,0.257636724
3/20/2019 3:00,0.745539387,0.245046946
3/20/2019 4:00,0.718305816,0.236095704
3/20/2019 5:00,0.741982529,0.243877863
3/20/2019 6:00,0.662029271,0.217598499
3/20/2019 7:00,0.587343095,0.19305034
3/20/2019 8:00,0.527273155,0.173306305
3/20/2019 9:00,0.497834903,0.16363042
3/20/2019 10:00,0.521904583,0.171541741
3/20/2019 11:00,0.446972875,0.146912879
3/20/2019 12:00,0.479170703,0.157495794
3/20/2019 13:00,0.45665725,0.15009598
3/20/2019 14:00,0.533089827,0.175218153
3/20/2019 15:00,0.70347044,0.231219552
3/20/2019 16:00,0.832760563,0.27371516
3/20/2019 17:00,0.850597791,0.279577974
3/20/2019 18:00,0.85128903,0.279805173
3/20/2019 19:00,0.851264356,0.279797063
3/20/2019 20:00,0.85095071,0.279693973
3/20/2019 21:00,0.850514486,0.279550593
3/20/2019 22:00,0.844312724,0.277512172
3/20/2019 23:00,0.834037237,0.274134783
3/21/2019 0:00,0.83204467,0.273479858
3/21/2019 1:00,0.825516867,0.271334273
3/21/2019 2:00,0.746024069,0.245206254
3/21/2019 3:00,0.443167991,0.145662274
3/21/2019 4:00,0.274851258,0.09033924
3/21/2019 5:00,0.254969775,0.083804512
3/21/2019 6:00,0.391655639,0.128730983
3/21/2019 7:00,0.438319169,0.144068544
3/21/2019 8:00,0.364898085,0.1199362
3/21/2019 9:00,0.240170544,0.07894024
3/21/2019 10:00,0.12834426,0.042184718
3/21/2019 11:00,0.125638962,0.04129553
3/21/2019 12:00,0.152112066,0.049996818
3/21/2019 13:00,0.091798945,0.030172854
3/21/2019 14:00,0.054186814,0.017810344
3/21/2019 15:00,0.015113954,0.004967716
3/21/2019 16:00,0,0
3/21/2019 17:00,0.060496163,0.019884127
3/21/2019 18:00,0.30979789,0.101825642
3/21/2019 19:00,0.600023321,0.197218128
3/21/2019 20:00,0.808353831,0.265693056
3/21/2019 21:00,0.84985348,0.279333331
3/21/2019 22:00,0.849805886,0.279317687
3/21/2019 23:00,0.835787118,0.274709941
3/22/2019 0:00,0.822118278,0.270217211
3/22/2019 1:00,0.832263131,0.273551662
3/22/2019 2:00,0.836288439,0.274874717
3/22/2019 3:00,0.84007586,0.276119582
3/22/2019 4:00,0.84159444,0.276618716
3/22/2019 5:00,0.850003776,0.279382731
3/22/2019 6:00,0.850607758,0.27958125
3/22/2019 7:00,0.851366699,0.279830702
3/22/2019 8:00,0.8514,0.279841647
3/22/2019 9:00,0.8514,0.279841647
3/22/2019 10:00,0.8514,0.279841647
3/22/2019 11:00,0.8514,0.279841647
3/22/2019 12:00,0.845543477,0.277916701
3/22/2019 13:00,0.815987688,0.268202183
3/22/2019 14:00,0.799474437,0.26277454
3/22/2019 15:00,0.829127357,0.272520984
3/22/2019 16:00,0.848030594,0.278734177
3/22/2019 17:00,0.8514,0.279841647
3/22/2019 18:00,0.8514,0.279841647
3/22/2019 19:00,0.8514,0.279841647
3/22/2019 20:00,0.8514,0.279841647
3/22/2019 21:00,0.8514,0.279841647
3/22/2019 22:00,0.8514,0.279841647
3/22/2019 23:00,0.8514,0.279841647
3/23/2019 0:00,0.8514,0.279841647
3/23/2019 1:00,0.8514,0.279841647
3/23/2019 2:00,0.8514,0.279841647
3/23/2019 3:00,0.8514,0.279841647
3/23/2019 4:00,0.8514,0.279841647
3/23/2019 5:00,0.8514,0.279841647
3/23/2019 6:00,0.8514,0.279841647
3/23/2019 7:00,0.8514,0.279841647
3/23/2019 8:00,0.8514,0.279841647
3/23/2019 9:00,0.8514,0.279841647
3/23/2019 10:00,0.8514,0.279841647
3/23/2019 11:00,0.8514,0.279841647
3/23/2019 12:00,0.8514,0.279841647
3/23/2019 13:00,0.8514,0.279841647
3/23/2019 14:00,0.8514,0.279841647
3/23/2019 15:00,0.8514,0.279841647
3/23/2019 16:00,0.85045159,0.27952992
3/23/2019 17:00,0.83979331,0.276026713
3/23/2019 18:00,0.822535126,0.270354222
3/23/2019 19:00,0.798293886,0.262386512
3/23/2019 20:00,0.815405598,0.268010859
3/23/2019 21:00,0.800273122,0.263037055
3/23/2019 22:00,0.755989195,0.248481632
3/23/2019 23:00,0.7882788,0.259094712
3/24/2019 0:00,0.803375225,0.264056667
3/24/2019 1:00,0.806368676,0.265040567
3/24/2019 2:00,0.79788985,0.262253712
3/24/2019 3:00,0.800353847,0.263063588
3/24/2019 4:00,0.817518447,0.268705319
3/24/2019 5:00,0.831085581,0.273164621
3/24/2019 6:00,0.842816661,0.27702044
3/24/2019 7:00,0.844556235,0.27759221
3/24/2019 8:00,0.8514,0.279841647
3/24/2019 9:00,0.8514,0.279841647
3/24/2019 10:00,0.8514,0.279841647
3/24/2019 11:00,0.8514,0.279841647
3/24/2019 12:00,0.8514,0.279841647
3/24/2019 13:00,0.8514,0.279841647
3/24/2019 14:00,0.8514,0.279841647
3/24/2019 15:00,0.8514,0.279841647
3/24/2019 16:00,0.8514,0.279841647
3/24/2019 17:00,0.8514,0.279841647
3/24/2019 18:00,0.8514,0.279841647
3/24/2019 19:00,0.8514,0.279841647
3/24/2019 20:00,0.8514,0.279841647
3/24/2019 21:00,0.8514,0.279841647
3/24/2019 22:00,0.8514,0.279841647
3/24/2019 23:00,0.850916036,0.279682576
3/25/2019 0:00,0.850664426,0.279599876
3/25/2019 1:00,0.849902086,0.279349307
3/25/2019 2:00,0.845413475,0.277873972
3/25/2019 3:00,0.843073068,0.277104717
3/25/2019 4:00,0.833021465,0.273800915
3/25/2019 5:00,0.826591537,0.2716875
3/25/2019 6:00,0.813542858,0.267398606
3/25/2019 7:00,0.759867383,0.249756331
3/25/2019 8:00,0.629965203,0.207059549
3/25/2019 9:00,0.574404472,0.18879762
3/25/2019 10:00,0.5264419,0.173033085
3/25/2019 11:00,0.478149965,0.157160294
3/25/2019 12:00,0.594778226,0.195494149
3/25/2019 13:00,0.620013347,0.203788532
3/25/2019 14:00,0.616821126,0.2027393
3/25/2019 15:00,0.645824714,0.212272318
3/25/2019 16:00,0.537432571,0.176645544
3/25/2019 17:00,0.41666142,0.136949986
3/25/2019 18:00,0.557572421,0.183265192
3/25/2019 19:00,0.521862378,0.171527869
3/25/2019 20:00,0.510640095,0.167839283
3/25/2019 21:00,0.566116042,0.186073345
3/25/2019 22:00,0.553480716,0.181920314
3/25/2019 23:00,0.578652318,0.190193819
3/26/2019 0:00,0.617287155,0.202892476
3/26/2019 1:00,0.663964201,0.218234479
3/26/2019 2:00,0.744702553,0.244771892
3/26/2019 3:00,0.795799346,0.261566596
3/26/2019 4:00,0.820177993,0.26957947
3/26/2019 5:00,0.825392144,0.271293278
3/26/2019 6:00,0.827852604,0.272101992
3/26/2019 7:00,0.832580217,0.273655883
3/26/2019 8:00,0.829613026,0.272680615
3/26/2019 9:00,0.829530099,0.272653358
3/26/2019 10:00,0.835094958,0.274482439
3/26/2019 11:00,0.849949335,0.279364836
3/26/2019 12:00,0.850583121,0.279573152
3/26/2019 13:00,0.8514,0.279841647
3/26/2019 14:00,0.8514,0.279841647
3/26/2019 15:00,0.8514,0.279841647
3/26/2019 16:00,0.8514,0.279841647
3/26/2019 17:00,0.8514,0.279841647
3/26/2019 18:00,0.8514,0.279841647
3/26/2019 19:00,0.850200621,0.27944743
3/26/2019 20:00,0.849630075,0.279259901
3/26/2019 21:00,0.845952037,0.278050988
3/26/2019 22:00,0.849849013,0.279331862
3/26/2019 23:00,0.849624259,0.279257989
3/27/2019 0:00,0.842734318,0.276993375
3/27/2019 1:00,0.831895956,0.273430978
3/27/2019 2:00,0.823345032,0.270620425
3/27/2019 3:00,0.820704758,0.269752609
3/27/2019 4:00,0.81857404,0.269052276
3/27/2019 5:00,0.820865892,0.269805571
3/27/2019 6:00,0.828140855,0.272196736
3/27/2019 7:00,0.835007915,0.274453829
3/27/2019 8:00,0.83171484,0.273371448
3/27/2019 9:00,0.820426259,0.269661071
3/27/2019 10:00,0.803263312,0.264019883
3/27/2019 11:00,0.800921548,0.263250182
3/27/2019 12:00,0.821071223,0.26987306
3/27/2019 13:00,0.827579495,0.272012226
3/27/2019 14:00,0.834448611,0.274269995
3/27/2019 15:00,0.835891667,0.274744304
3/27/2019 16:00,0.828186773,0.272211828
3/27/2019 17:00,0.829564124,0.272664542
3/27/2019 18:00,0.827391234,0.271950347
3/27/2019 19:00,0.812763113,0.267142317
3/27/2019 20:00,0.810110109,0.266270316
3/27/2019 21:00,0.808129028,0.265619166
3/27/2019 22:00,0.809988171,0.266230237
3/27/2019 23:00,0.80223195,0.263680891
3/28/2019 0:00,0.806863596,0.265203239
3/28/2019 1:00,0.800348027,0.263061675
3/28/2019 2:00,0.792616846,0.260520559
3/28/2019 3:00,0.787557996,0.258857795
3/28/2019 4:00,0.789968889,0.259650217
3/28/2019 5:00,0.798929552,0.262595445
3/28/2019 6:00,0.806222453,0.264992506
3/28/2019 7:00,0.803871294,0.264219717
3/28/2019 8:00,0.806647257,0.265132132
3/28/2019 9:00,0.808036724,0.265588827
3/28/2019 10:00,0.8156208,0.268081593
3/28/2019 11:00,0.819894734,0.269486367
3/28/2019 12:00,0.816928529,0.268511422
3/28/2019 13:00,0.808359052,0.265694772
3/28/2019 14:00,0.794778371,0.261231018
3/28/2019 15:00,0.788409416,0.259137643
3/28/2019 16:00,0.784192616,0.257751648
3/28/2019 17:00,0.791765417,0.260240708
3/28/2019 18:00,0.814754702,0.26779692
3/28/2019 19:00,0.824940569,0.271144853
3/28/2019 20:00,0.831819873,0.27340597
3/28/2019 21:00,0.838776613,0.27569254
3/28/2019 22:00,0.828870713,0.272436629
3/28/2019 23:00,0.83952414,0.275938241
3/29/2019 0:00,0.846429196,0.278207823
3/29/2019 1:00,0.849852745,0.279333089
3/29/2019 2:00,0.849914997,0.27935355
3/29/2019 3:00,0.849740193,0.279296095
3/29/2019 4:00,0.846601159,0.278264344
3/29/2019 5:00,0.847068299,0.278417886
3/29/2019 6:00,0.849646263,0.279265222
3/29/2019 7:00,0.849915813,0.279353818
3/29/2019 8:00,0.85039559,0.279511514
3/29/2019 9:00,0.850599385,0.279578498
3/29/2019 10:00,0.850637847,0.27959114
3/29/2019 11:00,0.850019934,0.279388041
3/29/2019 12:00,0.837213069,0.275178628
3/29/2019 13:00,0.784031644,0.257698739
3/29/2019 14:00,0.598721525,0.196790249
3/29/2019 15:00,0.383142574,0.125932874
3/29/2019 16:00,0.270050355,0.088761259
3/29/2019 17:00,0.235508386,0.077407863
3/29/2019 18:00,0.209333336,0.06880454
3/29/2019 19:00,0.177016503,0.058182511
3/29/2019 20:00,0.181512651,0.059660323
3/29/2019 21:00,0.214315781,0.070442191
3/29/2019 22:00,0.23404056,0.076925412
3/29/2019 23:00,0.30351705,0.09976123
3/30/2019 0:00,0.403175397,0.132517345
3/30/2019 1:00,0.402422607,0.132269914
3/30/2019 2:00,0.460031565,0.151205063
3/30/2019 3:00,0.491423605,0.161523128
3/30/2019 4:00,0.558722975,0.183643361
3/30/2019 5:00,0.609103668,0.200202694
3/30/2019 6:00,0.634076326,0.20841081
3/30/2019 7:00,0.695487043,0.228595536
3/30/2019 8:00,0.744464787,0.244693742
3/30/2019 9:00,0.803618266,0.264136551
3/30/2019 10:00,0.846344094,0.278179851
3/30/2019 11:00,0.850507779,0.279548388
3/30/2019 12:00,0.8514,0.279841647
3/30/2019 13:00,0.8514,0.279841647
3/30/2019 14:00,0.8514,0.279841647
3/30/2019 15:00,0.8514,0.279841647
3/30/2019 16:00,0.850612352,0.27958276
3/30/2019 17:00,0.832196061,0.273529618
3/30/2019 18:00,0.735397188,0.241713367
3/30/2019 19:00,0.53769887,0.176733072
3/30/2019 20:00,0.390720758,0.128423703
3/30/2019 21:00,0.283838543,0.093293218
3/30/2019 22:00,0.230832285,0.075870903
3/30/2019 23:00,0.188384317,0.061918931
3/31/2019 0:00,0.138958034,0.045673297
3/31/2019 1:00,0.108169986,0.035553755
3/31/2019 2:00,0.114615836,0.037672403
3/31/2019 3:00,0.093993822,0.030894275
3/31/2019 4:00,0.060614373,0.019922981
3/31/2019 5:00,0.035413713,0.011639925
3/31/2019 6:00,0.017367945,0.005708567
3/31/2019 7:00,0.006170262,0.002028067
3/31/2019 8:00,0,0
3/31/2019 9:00,0.020256089,0.006657854
3/31/2019 10:00,0.097988759,0.032207348
3/31/2019 11:00,0.127660349,0.041959928
3/31/2019 12:00,0.149847863,0.049252611
3/31/2019 13:00,0.149252827,0.049057032
3/31/2019 14:00,0.143908287,0.047300367
3/31/2019 15:00,0.135669762,0.044592494
3/31/2019 16:00,0.126051026,0.041430969
3/31/2019 17:00,0.135319306,0.044477305
3/31/2019 18:00,0.169431989,0.055689602
3/31/2019 19:00,0.221400835,0.072770935
3/31/2019 20:00,0.279845351,0.091980719
3/31/2019 21:00,0.340030428,0.111762597
3/31/2019 22:00,0.392632445,0.129052044
3/31/2019 23:00,0.316161669,0.103917315
04/01/2019 00:00,0.241667157,0.079432153
04/01/2019 01:00,0.21364557,0.070221903
04/01/2019 02:00,0.228473315,0.075095547
04/01/2019 03:00,0.250963104,0.082487583
04/01/2019 04:00,0.284487907,0.093506653
04/01/2019 05:00,0.371084505,0.121969579
04/01/2019 06:00,0.46427982,0.152601397
04/01/2019 07:00,0.577240915,0.189729914
04/01/2019 08:00,0.641583327,0.210878242
04/01/2019 09:00,0.672067217,0.220897812
04/01/2019 10:00,0.684277244,0.224911054
04/01/2019 11:00,0.737235498,0.24231759
04/01/2019 12:00,0.802544926,0.263783761
04/01/2019 13:00,0.827858628,0.272103972
04/01/2019 14:00,0.822954804,0.270492163
04/01/2019 15:00,0.827054098,0.271839536
04/01/2019 16:00,0.834654855,0.274337784
04/01/2019 17:00,0.836854412,0.275060744
04/01/2019 18:00,0.835175951,0.27450906
04/01/2019 19:00,0.829565267,0.272664917
04/01/2019 20:00,0.831146931,0.273184785
04/01/2019 21:00,0.815598552,0.26807428
04/01/2019 22:00,0.735008888,0.241585739
04/01/2019 23:00,0.655066137,0.215309827
04/02/2019 00:00,0.45867533,0.15075929
04/02/2019 01:00,0.227842059,0.074888063
04/02/2019 02:00,0.131796063,0.043319271
04/02/2019 03:00,0.099730743,0.03277991
04/02/2019 04:00,0.103751424,0.034101444
04/02/2019 05:00,0.080444709,0.026440897
04/02/2019 06:00,0.039685063,0.013043849
04/02/2019 07:00,0.015294635,0.005027103
04/02/2019 08:00,0.00424878,0.001396507
04/02/2019 09:00,0.003209002,0.001054748
04/02/2019 10:00,0.023328036,0.007667555
04/02/2019 11:00,0.060499685,0.019885285
04/02/2019 12:00,0.11642404,0.038266731
04/02/2019 13:00,0.206409985,0.067843681
04/02/2019 14:00,0.3534747,0.116181515
04/02/2019 15:00,0.545920443,0.179435372
04/02/2019 16:00,0.724140417,0.238013445
04/02/2019 17:00,0.81663804,0.268415944
04/02/2019 18:00,0.849458977,0.279203664
04/02/2019 19:00,0.8514,0.279841647
04/02/2019 20:00,0.8514,0.279841647
04/02/2019 21:00,0.8514,0.279841647
04/02/2019 22:00,0.8514,0.279841647
04/02/2019 23:00,0.8514,0.279841647
04/03/2019 00:00,0.8514,0.279841647
04/03/2019 01:00,0.8514,0.279841647
04/03/2019 02:00,0.8514,0.279841647
04/03/2019 03:00,0.8514,0.279841647
04/03/2019 04:00,0.8514,0.279841647
04/03/2019 05:00,0.8514,0.279841647
04/03/2019 06:00,0.8514,0.279841647
04/03/2019 07:00,0.8514,0.279841647
04/03/2019 08:00,0.8514,0.279841647
04/03/2019 09:00,0.8514,0.279841647
04/03/2019 10:00,0.8514,0.279841647
04/03/2019 11:00,0.8514,0.279841647
04/03/2019 12:00,0.8514,0.279841647
04/03/2019 13:00,0.8514,0.279841647
04/03/2019 14:00,0.8514,0.279841647
04/03/2019 15:00,0.761711258,0.250362383
04/03/2019 16:00,0.4136146,0.135948545
04/03/2019 17:00,0.287001104,0.094332701
04/03/2019 18:00,0.199465358,0.065561093
04/03/2019 19:00,0.12512863,0.041127792
04/03/2019 20:00,0.089395322,0.029382821
04/03/2019 21:00,0.10040539,0.033001656
04/03/2019 22:00,0.135430226,0.044513763
04/03/2019 23:00,0.240865336,0.079168608
04/04/2019 00:00,0.449618187,0.147782351
04/04/2019 01:00,0.655138883,0.215333738
04/04/2019 02:00,0.784598743,0.257885136
04/04/2019 03:00,0.808763795,0.265827804
04/04/2019 04:00,0.791372655,0.260111613
04/04/2019 05:00,0.781932242,0.257008699
04/04/2019 06:00,0.81845227,0.269012252
04/04/2019 07:00,0.843437312,0.277224438
04/04/2019 08:00,0.848340446,0.27883602
04/04/2019 09:00,0.850030606,0.279391549
04/04/2019 10:00,0.845198644,0.27780336
04/04/2019 11:00,0.817376583,0.268658691
04/04/2019 12:00,0.805296265,0.264688082
04/04/2019 13:00,0.801783498,0.263533492
04/04/2019 14:00,0.728069356,0.239304825
04/04/2019 15:00,0.633443806,0.208202911
04/04/2019 16:00,0.514960631,0.169259374
04/04/2019 17:00,0.354297686,0.116452018
04/04/2019 18:00,0.228984705,0.075263633
04/04/2019 19:00,0.259443693,0.085275018
04/04/2019 20:00,0.232325465,0.076361688
04/04/2019 21:00,0.180519713,0.05933396
04/04/2019 22:00,0.166098234,0.05459385
04/04/2019 23:00,0.207874909,0.068325178
04/05/2019 00:00,0.22448595,0.073784964
04/05/2019 01:00,0.256287285,0.084237557
04/05/2019 02:00,0.265541043,0.08727912
04/05/2019 03:00,0.28575047,0.093921637
04/05/2019 04:00,0.34342318,0.112877741
04/05/2019 05:00,0.33810099,0.111128421
04/05/2019 06:00,0.287583362,0.09452408
04/05/2019 07:00,0.250836496,0.082445969
04/05/2019 08:00,0.210783676,0.069281244
04/05/2019 09:00,0.169773525,0.055801859
04/05/2019 10:00,0.164882063,0.054194113
04/05/2019 11:00,0.114869615,0.037755817
04/05/2019 12:00,0.064014282,0.021040477
04/05/2019 13:00,0.038346151,0.01260377
04/05/2019 14:00,0.037258078,0.012246138
04/05/2019 15:00,0.026810913,0.008812321
04/05/2019 16:00,0.022687899,0.007457152
04/05/2019 17:00,0.008473287,0.002785035
04/05/2019 18:00,0,0
04/05/2019 19:00,0,0
04/05/2019 20:00,0,0
04/05/2019 21:00,0,0
04/05/2019 22:00,0,0
04/05/2019 23:00,0,0
04/06/2019 00:00,0.020931269,0.006879775
04/06/2019 01:00,0.026808675,0.008811585
04/06/2019 02:00,0.056329602,0.018514645
04/06/2019 03:00,0.085732068,0.028178768
04/06/2019 04:00,0.089102541,0.029286589
04/06/2019 05:00,0.106196704,0.034905169
04/06/2019 06:00,0.148791126,0.048905278
04/06/2019 07:00,0.209320088,0.068800186
04/06/2019 08:00,0.273930025,0.090036445
04/06/2019 09:00,0.343509817,0.112906217
04/06/2019 10:00,0.355869478,0.116968641
04/06/2019 11:00,0.366081432,0.120325148
04/06/2019 12:00,0.450237618,0.147985949
04/06/2019 13:00,0.476205417,0.156521151
04/06/2019 14:00,0.521311112,0.171346676
04/06/2019 15:00,0.617297663,0.20289593
04/06/2019 16:00,0.674168265,0.221588393
04/06/2019 17:00,0.665053529,0.218592524
04/06/2019 18:00,0.63583558,0.208989049
04/06/2019 19:00,0.639050638,0.210045787
04/06/2019 20:00,0.636423103,0.209182158
04/06/2019 21:00,0.623079289,0.204796259
04/06/2019 22:00,0.692029347,0.227459047
04/06/2019 23:00,0.644873793,0.211959766
04/07/2019 00:00,0.633203194,0.208123825
04/07/2019 01:00,0.650585232,0.213837025
04/07/2019 02:00,0.650235026,0.213721918
04/07/2019 03:00,0.648252163,0.213070182
04/07/2019 04:00,0.645441235,0.212146275
04/07/2019 05:00,0.650632581,0.213852588
04/07/2019 06:00,0.654122374,0.214999627
04/07/2019 07:00,0.638366174,0.209820815
04/07/2019 08:00,0.626413718,0.205892233
04/07/2019 09:00,0.606469542,0.199336899
04/07/2019 10:00,0.602101634,0.197901237
04/07/2019 11:00,0.590653027,0.194138262
04/07/2019 12:00,0.59212017,0.194620488
04/07/2019 13:00,0.638320306,0.209805739
04/07/2019 14:00,0.645541644,0.212179278
04/07/2019 15:00,0.661171605,0.217316598
04/07/2019 16:00,0.641645289,0.210898608
04/07/2019 17:00,0.627958921,0.206400116
04/07/2019 18:00,0.635307303,0.208815412
04/07/2019 19:00,0.641734096,0.210927797
04/07/2019 20:00,0.650176977,0.213702838
04/07/2019 21:00,0.649572582,0.213504183
04/07/2019 22:00,0.656205758,0.215684402
04/07/2019 23:00,0.592427435,0.194721481
04/08/2019 00:00,0.533749913,0.175435113
04/08/2019 01:00,0.541829317,0.178090684
04/08/2019 02:00,0.503414715,0.165464415
04/08/2019 03:00,0.467743625,0.153739895
04/08/2019 04:00,0.43959973,0.144489444
04/08/2019 05:00,0.435091272,0.143007585
04/08/2019 06:00,0.422259772,0.138790075
04/08/2019 07:00,0.344093656,0.113098116
04/08/2019 08:00,0.289551259,0.095170897
04/08/2019 09:00,0.275090423,0.09041785
04/08/2019 10:00,0.234836667,0.07718708
04/08/2019 11:00,0.249606576,0.082041714
04/08/2019 12:00,0.218570898,0.07184078
04/08/2019 13:00,0.181023631,0.05949959
04/08/2019 14:00,0.161366119,0.053038478
04/08/2019 15:00,0.162752444,0.053494142
04/08/2019 16:00,0.160583759,0.052781329
04/08/2019 17:00,0.161533108,0.053093365
04/08/2019 18:00,0.200197046,0.065801587
04/08/2019 19:00,0.249231083,0.081918296
04/08/2019 20:00,0.292212004,0.096045441
04/08/2019 21:00,0.393119456,0.129212117
04/08/2019 22:00,0.418440768,0.137534829
04/08/2019 23:00,0.492860668,0.161995468
04/09/2019 00:00,0.566074722,0.186059763
04/09/2019 01:00,0.594976509,0.195559321
04/09/2019 02:00,0.586505523,0.192775043
04/09/2019 03:00,0.530198926,0.17426796
04/09/2019 04:00,0.458177338,0.150595608
04/09/2019 05:00,0.388713017,0.12776379
04/09/2019 06:00,0.319683093,0.105074751
04/09/2019 07:00,0.258535889,0.084976637
04/09/2019 08:00,0.208767057,0.068618413
04/09/2019 09:00,0.181779786,0.059748126
04/09/2019 10:00,0.238908051,0.078525279
04/09/2019 11:00,0.21503396,0.070678245
04/09/2019 12:00,0.205314233,0.067483525
04/09/2019 13:00,0.188776538,0.062047847
04/09/2019 14:00,0.168227768,0.055293793
04/09/2019 15:00,0.15222406,0.050033629
04/09/2019 16:00,0.133896896,0.044009781
04/09/2019 17:00,0.112194861,0.036876668
04/09/2019 18:00,0.09939579,0.032669816
04/09/2019 19:00,0.101181283,0.033256679
04/09/2019 20:00,0.102591796,0.033720293
04/09/2019 21:00,0.104337107,0.034293949
04/09/2019 22:00,0.144389452,0.047458518
04/09/2019 23:00,0.123484584,0.04058742
04/10/2019 00:00,0.104011921,0.034187065
04/10/2019 01:00,0.076468532,0.025133991
04/10/2019 02:00,0.050974781,0.0167546
04/10/2019 03:00,0.031867034,0.010474188
04/10/2019 04:00,0.022391689,0.007359792
04/10/2019 05:00,0.029325619,0.009638865
04/10/2019 06:00,0.040033676,0.013158433
04/10/2019 07:00,0.037984045,0.012484752
04/10/2019 08:00,0.022374067,0.007354
04/10/2019 09:00,0.014499363,0.00476571
04/10/2019 10:00,0.030126029,0.009901947
04/10/2019 11:00,0.031973362,0.010509136
04/10/2019 12:00,0.034501385,0.011340057
04/10/2019 13:00,0.037378043,0.012285569
04/10/2019 14:00,0.026835807,0.008820503
04/10/2019 15:00,0.009337761,0.003069174
04/10/2019 16:00,0,0
04/10/2019 17:00,0,0
04/10/2019 18:00,0.004733246,0.001555743
04/10/2019 19:00,0.014680293,0.004825179
04/10/2019 20:00,0.019310555,0.006347073
04/10/2019 21:00,0.017033069,0.005598499
04/10/2019 22:00,0.023746681,0.007805156
04/10/2019 23:00,0.019359812,0.006363262
04/11/2019 00:00,0.014375419,0.004724972
04/11/2019 01:00,0.008481484,0.002787729
04/11/2019 02:00,0.003073996,0.001010374
04/11/2019 03:00,0,0
04/11/2019 04:00,0,0
04/11/2019 05:00,0,0
04/11/2019 06:00,0,0
04/11/2019 07:00,0,0
04/11/2019 08:00,0,0
04/11/2019 09:00,0,0
04/11/2019 10:00,0.002200655,0.00072332
04/11/2019 11:00,0,0
04/11/2019 12:00,0,0
04/11/2019 13:00,0,0
04/11/2019 14:00,0,0
04/11/2019 15:00,0,0
04/11/2019 16:00,0,0
04/11/2019 17:00,0,0
04/11/2019 18:00,0,0
04/11/2019 19:00,0,0
04/11/2019 20:00,0,0
04/11/2019 21:00,0,0
04/11/2019 22:00,0,0
04/11/2019 23:00,0,0
04/12/2019 00:00,0,0
04/12/2019 01:00,0,0
04/12/2019 02:00,0,0
04/12/2019 03:00,0,0
04/12/2019 04:00,0.018372418,0.006038722
04/12/2019 05:00,0.070452358,0.02315657
04/12/2019 06:00,0.196740767,0.064665563
04/12/2019 07:00,0.44741258,0.147057404
04/12/2019 08:00,0.632573217,0.207916762
04/12/2019 09:00,0.708362053,0.232827348
04/12/2019 10:00,0.746580268,0.245389067
04/12/2019 11:00,0.778660343,0.255933278
04/12/2019 12:00,0.806734046,0.265160658
04/12/2019 13:00,0.809190164,0.265967945
04/12/2019 14:00,0.810724197,0.266472157
04/12/2019 15:00,0.807906042,0.265545874
04/12/2019 16:00,0.809918,0.266207173
04/12/2019 17:00,0.819977235,0.269513484
04/12/2019 18:00,0.824345862,0.270949382
04/12/2019 19:00,0.825186691,0.271225749
04/12/2019 20:00,0.822831041,0.270451484
04/12/2019 21:00,0.820291629,0.26961682
04/12/2019 22:00,0.800203829,0.26301428
04/12/2019 23:00,0.790975667,0.259981129
4/13/2019 0:00,0.792157403,0.260369547
4/13/2019 1:00,0.800391272,0.263075889
4/13/2019 2:00,0.802662706,0.263822473
4/13/2019 3:00,0.796038979,0.26164536
4/13/2019 4:00,0.77481045,0.254667879
4/13/2019 5:00,0.737460408,0.242391514
4/13/2019 6:00,0.724398273,0.238098198
4/13/2019 7:00,0.756456759,0.248635313
4/13/2019 8:00,0.771303591,0.253515231
4/13/2019 9:00,0.778179522,0.25577524
4/13/2019 10:00,0.796310108,0.261734475
4/13/2019 11:00,0.810992186,0.266560241
4/13/2019 12:00,0.8267088,0.271726042
4/13/2019 13:00,0.83528872,0.274546125
4/13/2019 14:00,0.837839839,0.275384638
4/13/2019 15:00,0.842372914,0.276874587
4/13/2019 16:00,0.842765997,0.277003788
4/13/2019 17:00,0.837332819,0.275217988
4/13/2019 18:00,0.828457396,0.272300778
4/13/2019 19:00,0.816581534,0.268397371
4/13/2019 20:00,0.800560194,0.263131411
4/13/2019 21:00,0.791069695,0.260012035
4/13/2019 22:00,0.680075663,0.223530061
4/13/2019 23:00,0.741778579,0.243810828
4/14/2019 0:00,0.748788388,0.246114841
4/14/2019 1:00,0.744855025,0.244822007
4/14/2019 2:00,0.759394102,0.249600771
4/14/2019 3:00,0.736643841,0.242123122
4/14/2019 4:00,0.767583004,0.252292333
4/14/2019 5:00,0.803631624,0.264140941
4/14/2019 6:00,0.819358474,0.269310107
4/14/2019 7:00,0.82177165,0.270103279
4/14/2019 8:00,0.821188205,0.26991151
4/14/2019 9:00,0.828678625,0.272373492
4/14/2019 10:00,0.822675664,0.270400415
4/14/2019 11:00,0.803498709,0.264097254
4/14/2019 12:00,0.788821253,0.259273008
4/14/2019 13:00,0.778186333,0.255777478
4/14/2019 14:00,0.769773806,0.253012415
4/14/2019 15:00,0.787579844,0.258864976
4/14/2019 16:00,0.798649514,0.262503401
4/14/2019 17:00,0.798671761,0.262510713
4/14/2019 18:00,0.801510094,0.263443628
4/14/2019 19:00,0.799054088,0.262636378
4/14/2019 20:00,0.803319372,0.264038309
4/14/2019 21:00,0.813346805,0.267334167
4/14/2019 22:00,0.789809221,0.259597737
4/14/2019 23:00,0.808428363,0.265717553
4/15/2019 0:00,0.812737571,0.267133921
4/15/2019 1:00,0.802216468,0.263675802
4/15/2019 2:00,0.790782385,0.259917601
4/15/2019 3:00,0.800316678,0.263051371
4/15/2019 4:00,0.815627616,0.268083833
4/15/2019 5:00,0.814279934,0.267640871
4/15/2019 6:00,0.826686041,0.271718562
4/15/2019 7:00,0.82888248,0.272440496
4/15/2019 8:00,0.831732353,0.273377204
4/15/2019 9:00,0.833716837,0.274029472
4/15/2019 10:00,0.834327649,0.274230237
4/15/2019 11:00,0.845193384,0.277801631
4/15/2019 12:00,0.839324547,0.275872638
4/15/2019 13:00,0.850883285,0.279671811
4/15/2019 14:00,0.8514,0.279841647
4/15/2019 15:00,0.8514,0.279841647
4/15/2019 16:00,0.8514,0.279841647
4/15/2019 17:00,0.8514,0.279841647
4/15/2019 18:00,0.8514,0.279841647
4/15/2019 19:00,0.8514,0.279841647
4/15/2019 20:00,0.8514,0.279841647
4/15/2019 21:00,0.8514,0.279841647
4/15/2019 22:00,0.8514,0.279841647
4/15/2019 23:00,0.8514,0.279841647
4/16/2019 0:00,0.8514,0.279841647
4/16/2019 1:00,0.8514,0.279841647
4/16/2019 2:00,0.8514,0.279841647
4/16/2019 3:00,0.8514,0.279841647
4/16/2019 4:00,0.850715709,0.279616731
4/16/2019 5:00,0.848591191,0.278918436
4/16/2019 6:00,0.840803369,0.276358703
4/16/2019 7:00,0.841228228,0.276498347
4/16/2019 8:00,0.848281546,0.278816661
4/16/2019 9:00,0.849709824,0.279286113
4/16/2019 10:00,0.835502912,0.274616527
4/16/2019 11:00,0.82764279,0.27203303
4/16/2019 12:00,0.819350838,0.269307597
4/16/2019 13:00,0.822997382,0.270506158
4/16/2019 14:00,0.829695828,0.272707831
4/16/2019 15:00,0.829870666,0.272765297
4/16/2019 16:00,0.834311209,0.274224833
4/16/2019 17:00,0.840845741,0.27637263
4/16/2019 18:00,0.843377225,0.277204689
4/16/2019 19:00,0.841162085,0.276476607
4/16/2019 20:00,0.837066704,0.275130521
4/16/2019 21:00,0.830352144,0.272923551
4/16/2019 22:00,0.811169407,0.266618491
4/16/2019 23:00,0.804606867,0.264461488
4/17/2019 0:00,0.795489052,0.261464607
4/17/2019 1:00,0.784213655,0.257758563
4/17/2019 2:00,0.758495898,0.249305546
4/17/2019 3:00,0.745503842,0.245035263
4/17/2019 4:00,0.731412978,0.24040382
4/17/2019 5:00,0.716626019,0.235543582
4/17/2019 6:00,0.710095777,0.233397195
4/17/2019 7:00,0.69473888,0.228349627
4/17/2019 8:00,0.669232073,0.219965945
4/17/2019 9:00,0.647891876,0.212951762
4/17/2019 10:00,0.647070533,0.212681799
4/17/2019 11:00,0.670126785,0.220260023
4/17/2019 12:00,0.674690183,0.221759939
4/17/2019 13:00,0.640044771,0.210372543
4/17/2019 14:00,0.62667432,0.205977888
4/17/2019 15:00,0.648848155,0.213266075
4/17/2019 16:00,0.660332211,0.217040702
4/17/2019 17:00,0.666934237,0.219210683
4/17/2019 18:00,0.676343165,0.222303248
4/17/2019 19:00,0.677580095,0.222709807
4/17/2019 20:00,0.649657552,0.213532111
4/17/2019 21:00,0.656706485,0.215848983
4/17/2019 22:00,0.578671634,0.190200168
4/17/2019 23:00,0.514346212,0.169057425
4/18/2019 0:00,0.51398847,0.16893984
4/18/2019 1:00,0.58408703,0.191980123
4/18/2019 2:00,0.584003423,0.191952642
4/18/2019 3:00,0.56084198,0.184339844
4/18/2019 4:00,0.549568024,0.180634274
4/18/2019 5:00,0.591591541,0.194446736
4/18/2019 6:00,0.631734322,0.20764103
4/18/2019 7:00,0.656921566,0.215919677
4/18/2019 8:00,0.699509433,0.229917632
4/18/2019 9:00,0.739941937,0.243207153
4/18/2019 10:00,0.665574628,0.218763801
4/18/2019 11:00,0.663590663,0.218111703
4/18/2019 12:00,0.670735103,0.220459967
4/18/2019 13:00,0.676108936,0.222226261
4/18/2019 14:00,0.694630524,0.228314012
4/18/2019 15:00,0.734202702,0.241320758
4/18/2019 16:00,0.761981384,0.250451169
4/18/2019 17:00,0.775033694,0.254741256
4/18/2019 18:00,0.784488018,0.257848742
4/18/2019 19:00,0.795713844,0.261538493
4/18/2019 20:00,0.804918845,0.26456403
4/18/2019 21:00,0.808773957,0.265831144
4/18/2019 22:00,0.796345346,0.261746058
4/18/2019 23:00,0.793114997,0.260684293
4/19/2019 0:00,0.78894812,0.259314707
4/19/2019 1:00,0.788503424,0.259168542
4/19/2019 2:00,0.78689111,0.2586386
4/19/2019 3:00,0.784704962,0.257920048
4/19/2019 4:00,0.773569112,0.254259871
4/19/2019 5:00,0.788479208,0.259160583
4/19/2019 6:00,0.80309078,0.263963175
4/19/2019 7:00,0.81328424,0.267313603
4/19/2019 8:00,0.812504812,0.267057417
4/19/2019 9:00,0.815066753,0.267899486
4/19/2019 10:00,0.820741626,0.269764727
4/19/2019 11:00,0.812298694,0.26698967
4/19/2019 12:00,0.802980672,0.263926984
4/19/2019 13:00,0.792699131,0.260547605
4/19/2019 14:00,0.78764163,0.258885284
4/19/2019 15:00,0.786530655,0.258520124
4/19/2019 16:00,0.786451867,0.258494228
4/19/2019 17:00,0.7772118,0.255457165
4/19/2019 18:00,0.7630881,0.250814929
4/19/2019 19:00,0.719599329,0.236520861
4/19/2019 20:00,0.661052479,0.217277442
4/19/2019 21:00,0.626223928,0.205829851
4/19/2019 22:00,0.529541007,0.174051712
4/19/2019 23:00,0.545636451,0.179342029
4/20/2019 0:00,0.522807465,0.171838504
4/20/2019 1:00,0.466313037,0.153269683
4/20/2019 2:00,0.41212085,0.135457573
4/20/2019 3:00,0.307716433,0.101141501
4/20/2019 4:00,0.241894028,0.079506722
4/20/2019 5:00,0.230744038,0.075841898
4/20/2019 6:00,0.223461652,0.073448293
4/20/2019 7:00,0.196503761,0.064587663
4/20/2019 8:00,0.150792053,0.049562951
4/20/2019 9:00,0.132334606,0.043496282
4/20/2019 10:00,0.094687352,0.031122228
4/20/2019 11:00,0.081333475,0.026733021
4/20/2019 12:00,0.125916842,0.041386864
4/20/2019 13:00,0.164127905,0.053946234
4/20/2019 14:00,0.174045952,0.057206138
4/20/2019 15:00,0.147345317,0.048430064
4/20/2019 16:00,0.075162516,0.024704724
4/20/2019 17:00,0.023869542,0.007845539
4/20/2019 18:00,0,0
4/20/2019 19:00,0,0
4/20/2019 20:00,0,0
4/20/2019 21:00,0.003155445,0.001037145
4/20/2019 22:00,0.071817943,0.023605416
4/20/2019 23:00,0.132497128,0.0435497
4/21/2019 0:00,0.185065107,0.060827959
4/21/2019 1:00,0.176900424,0.058144357
4/21/2019 2:00,0.084069504,0.02763231
4/21/2019 3:00,0.056914841,0.018707003
4/21/2019 4:00,0.06010331,0.019755003
4/21/2019 5:00,0.003254361,0.001069657
4/21/2019 6:00,0,0
4/21/2019 7:00,0,0
4/21/2019 8:00,0,0
4/21/2019 9:00,0,0
4/21/2019 10:00,0.039451332,0.012967026
4/21/2019 11:00,0.119826612,0.039385103
4/21/2019 12:00,0.197956932,0.065065297
4/21/2019 13:00,0.298123693,0.097988519
4/21/2019 14:00,0.395840281,0.130106409
4/21/2019 15:00,0.433809568,0.14258631
4/21/2019 16:00,0.449350696,0.147694432
4/21/2019 17:00,0.474751096,0.156043139
4/21/2019 18:00,0.552751531,0.181680642
4/21/2019 19:00,0.597031278,0.196234691
4/21/2019 20:00,0.637998093,0.209699832
4/21/2019 21:00,0.674289943,0.221628386
4/21/2019 22:00,0.635722105,0.208951751
4/21/2019 23:00,0.647721958,0.212895912
4/22/2019 0:00,0.72966002,0.239827651
4/22/2019 1:00,0.760362712,0.249919138
4/22/2019 2:00,0.761907556,0.250426903
4/22/2019 3:00,0.777020372,0.255394246
4/22/2019 4:00,0.775694093,0.254958319
4/22/2019 5:00,0.778627599,0.255922516
4/22/2019 6:00,0.780399412,0.256504882
4/22/2019 7:00,0.781788591,0.256961483
4/22/2019 8:00,0.782938411,0.257339411
4/22/2019 9:00,0.789947529,0.259643197
4/22/2019 10:00,0.776873704,0.255346038
4/22/2019 11:00,0.774114592,0.254439162
4/22/2019 12:00,0.780641057,0.256584307
4/22/2019 13:00,0.800347689,0.263061564
4/22/2019 14:00,0.819658853,0.269408837
4/22/2019 15:00,0.831520194,0.273307471
4/22/2019 16:00,0.838958384,0.275752286
4/22/2019 17:00,0.842313376,0.276855018
4/22/2019 18:00,0.841440006,0.276567956
4/22/2019 19:00,0.838117559,0.27547592
4/22/2019 20:00,0.834159869,0.27417509
4/22/2019 21:00,0.823771118,0.270760473
4/22/2019 22:00,0.823200447,0.270572902
4/22/2019 23:00,0.823452683,0.270655808
4/23/2019 0:00,0.820347128,0.269635062
4/23/2019 1:00,0.812177045,0.266949685
4/23/2019 2:00,0.807103199,0.265281993
4/23/2019 3:00,0.800595089,0.26314288
4/23/2019 4:00,0.786895093,0.25863991
4/23/2019 5:00,0.778516337,0.255885946
4/23/2019 6:00,0.800542824,0.263125702
4/23/2019 7:00,0.815812615,0.268144639
4/23/2019 8:00,0.820948671,0.269832779
4/23/2019 9:00,0.840411023,0.276229745
4/23/2019 10:00,0.849882287,0.279342799
4/23/2019 11:00,0.850765498,0.279633096
4/23/2019 12:00,0.85113733,0.279755312
4/23/2019 13:00,0.850445662,0.279527971
4/23/2019 14:00,0.850272634,0.2794711
4/23/2019 15:00,0.850498636,0.279545383
4/23/2019 16:00,0.850917513,0.279683061
4/23/2019 17:00,0.8514,0.279841647
4/23/2019 18:00,0.8514,0.279841647
4/23/2019 19:00,0.8514,0.279841647
4/23/2019 20:00,0.8514,0.279841647
4/23/2019 21:00,0.8514,0.279841647
4/23/2019 22:00,0.8514,0.279841647
4/23/2019 23:00,0.851071902,0.279733807
4/24/2019 0:00,0.850399001,0.279512635
4/24/2019 1:00,0.850379281,0.279506153
4/24/2019 2:00,0.850593103,0.279576433
4/24/2019 3:00,0.850460258,0.279532769
4/24/2019 4:00,0.850099852,0.279414309
4/24/2019 5:00,0.849867319,0.279337879
4/24/2019 6:00,0.85008883,0.279410687
4/24/2019 7:00,0.8499743,0.279373042
4/24/2019 8:00,0.850798062,0.2796438
4/24/2019 9:00,0.850661834,0.279599024
4/24/2019 10:00,0.849945635,0.279363621
4/24/2019 11:00,0.850314593,0.279484891
4/24/2019 12:00,0.849232935,0.279129367
4/24/2019 13:00,0.837129751,0.275151243
4/24/2019 14:00,0.832912362,0.273765054
4/24/2019 15:00,0.829854237,0.272759897
4/24/2019 16:00,0.81669699,0.268435319
4/24/2019 17:00,0.800155517,0.2629984
4/24/2019 18:00,0.802757074,0.263853491
4/24/2019 19:00,0.8111128,0.266599885
4/24/2019 20:00,0.811638315,0.266772613
4/24/2019 21:00,0.804111998,0.264298832
4/24/2019 22:00,0.746127271,0.245240174
4/24/2019 23:00,0.645671989,0.21222212
4/25/2019 0:00,0.613882852,0.201773536
4/25/2019 1:00,0.600384656,0.197336894
4/25/2019 2:00,0.574890851,0.188957485
4/25/2019 3:00,0.625183967,0.205488033
4/25/2019 4:00,0.706831477,0.232324272
4/25/2019 5:00,0.7762085,0.255127396
4/25/2019 6:00,0.74284578,0.2441616
4/25/2019 7:00,0.631977599,0.207720992
4/25/2019 8:00,0.678579761,0.223038381
4/25/2019 9:00,0.714912612,0.234980412
4/25/2019 10:00,0.664826178,0.218517797
4/25/2019 11:00,0.752251118,0.247252985
4/25/2019 12:00,0.761927587,0.250433487
4/25/2019 13:00,0.782919754,0.257333279
4/25/2019 14:00,0.809779799,0.266161749
4/25/2019 15:00,0.810365107,0.26635413
4/25/2019 16:00,0.814231825,0.267625059
4/25/2019 17:00,0.814093834,0.267579703
4/25/2019 18:00,0.753389309,0.247627091
4/25/2019 19:00,0.668149788,0.219610215
4/25/2019 20:00,0.778707754,0.255948861
4/25/2019 21:00,0.801306481,0.263376704
4/25/2019 22:00,0.807777634,0.265503669
4/25/2019 23:00,0.790274718,0.259750738
4/26/2019 0:00,0.785982146,0.258339838
4/26/2019 1:00,0.79276399,0.260568923
4/26/2019 2:00,0.795310024,0.261405764
4/26/2019 3:00,0.79683076,0.261905605
4/26/2019 4:00,0.762402299,0.250589517
4/26/2019 5:00,0.788175443,0.25906074
4/26/2019 6:00,0.758151287,0.249192277
4/26/2019 7:00,0.7816639,0.2569205
4/26/2019 8:00,0.783723645,0.257597505
4/26/2019 9:00,0.789665184,0.259550394
4/26/2019 10:00,0.794689195,0.261201707
4/26/2019 11:00,0.830367044,0.272928449
4/26/2019 12:00,0.834319174,0.274227451
4/26/2019 13:00,0.832180117,0.273524377
4/26/2019 14:00,0.847240397,0.278474452
4/26/2019 15:00,0.850158562,0.279433606
4/26/2019 16:00,0.850045804,0.279396545
4/26/2019 17:00,0.849624178,0.279257963
4/26/2019 18:00,0.849732849,0.279293681
4/26/2019 19:00,0.850188959,0.279443597
4/26/2019 20:00,0.850291703,0.279477367
4/26/2019 21:00,0.85017748,0.279439824
4/26/2019 22:00,0.84713143,0.278438636
4/26/2019 23:00,0.830039576,0.272820815
4/27/2019 0:00,0.80752316,0.265420027
4/27/2019 1:00,0.786065511,0.258367239
4/27/2019 2:00,0.648721292,0.213224377
4/27/2019 3:00,0.47204187,0.15515266
4/27/2019 4:00,0.487876503,0.160357252
4/27/2019 5:00,0.567894921,0.186658034
4/27/2019 6:00,0.527318443,0.173321191
4/27/2019 7:00,0.455808788,0.149817104
4/27/2019 8:00,0.39725469,0.130571302
4/27/2019 9:00,0.36914009,0.12133048
4/27/2019 10:00,0.278369721,0.091495703
4/27/2019 11:00,0.212561854,0.069865703
4/27/2019 12:00,0.163985725,0.053899501
4/27/2019 13:00,0.201125593,0.066106785
4/27/2019 14:00,0.14577016,0.047912334
4/27/2019 15:00,0.121011192,0.039774455
4/27/2019 16:00,0.165623389,0.054437775
4/27/2019 17:00,0.123759204,0.040677683
4/27/2019 18:00,0.065316015,0.021468336
4/27/2019 19:00,0.038414935,0.012626379
4/27/2019 20:00,0.02668952,0.008772421
4/27/2019 21:00,0.014729622,0.004841393
4/27/2019 22:00,0.024987587,0.008213023
4/27/2019 23:00,0.013213728,0.004343142
4/28/2019 0:00,0,0
4/28/2019 1:00,0,0
4/28/2019 2:00,0,0
4/28/2019 3:00,0,0
4/28/2019 4:00,0,0
4/28/2019 5:00,0,0
4/28/2019 6:00,0,0
4/28/2019 7:00,0,0
4/28/2019 8:00,0,0
4/28/2019 9:00,0.004565802,0.001500707
4/28/2019 10:00,0.036513928,0.012001548
4/28/2019 11:00,0.039648822,0.013031937
4/28/2019 12:00,0.040179862,0.013206482
4/28/2019 13:00,0.074517402,0.024492686
4/28/2019 14:00,0.101653991,0.033412051
4/28/2019 15:00,0.112730873,0.037052846
4/28/2019 16:00,0.146981483,0.048310477
4/28/2019 17:00,0.178057116,0.058524544
4/28/2019 18:00,0.231702635,0.076156973
4/28/2019 19:00,0.210898162,0.069318874
4/28/2019 20:00,0.185739412,0.061049592
4/28/2019 21:00,0.184159204,0.060530203
4/28/2019 22:00,0.170132653,0.055919899
4/28/2019 23:00,0.185845692,0.061084525
4/29/2019 0:00,0.193065114,0.063457434
4/29/2019 1:00,0.20130351,0.066165264
4/29/2019 2:00,0.198286259,0.065173542
4/29/2019 3:00,0.163232366,0.053651884
4/29/2019 4:00,0.160345766,0.052703105
4/29/2019 5:00,0.230000441,0.075597489
4/29/2019 6:00,0.28107763,0.092385749
4/29/2019 7:00,0.289547832,0.09516977
4/29/2019 8:00,0.292054031,0.095993518
4/29/2019 9:00,0.263408346,0.086578136
4/29/2019 10:00,0.283792649,0.093278133
4/29/2019 11:00,0.268356362,0.088204471
4/29/2019 12:00,0.274669104,0.090279369
4/29/2019 13:00,0.332410751,0.10925813
4/29/2019 14:00,0.351376238,0.115491784
4/29/2019 15:00,0.273527059,0.089903997
4/29/2019 16:00,0.242887376,0.07983322
4/29/2019 17:00,0.271000003,0.089073393
4/29/2019 18:00,0.29304569,0.09631946
4/29/2019 19:00,0.296277789,0.0973818
4/29/2019 20:00,0.301543777,0.099112647
4/29/2019 21:00,0.308361704,0.101353591
4/29/2019 22:00,0.347437532,0.114197194
4/29/2019 23:00,0.277183544,0.091105825
4/30/2019 0:00,0.268334331,0.088197229
4/30/2019 1:00,0.263063268,0.086464715
4/30/2019 2:00,0.248565359,0.081699483
4/30/2019 3:00,0.242070043,0.079564575
4/30/2019 4:00,0.237961184,0.078214059
4/30/2019 5:00,0.217460379,0.07147577
4/30/2019 6:00,0.183109508,0.060185185
4/30/2019 7:00,0.168499541,0.055383121
4/30/2019 8:00,0.142094556,0.046704222
4/30/2019 9:00,0.096619194,0.031757193
4/30/2019 10:00,0.096417844,0.031691013
4/30/2019 11:00,0.088581122,0.029115207
4/30/2019 12:00,0.072327226,0.023772809
4/30/2019 13:00,0.038395596,0.012620022
4/30/2019 14:00,0.018019295,0.005922656
4/30/2019 15:00,0.0172814,0.005680121
4/30/2019 16:00,0.024824084,0.008159282
4/30/2019 17:00,0.030340676,0.009972498
4/30/2019 18:00,0.028492148,0.009364916
4/30/2019 19:00,0.017569218,0.005774723
4/30/2019 20:00,0.003323018,0.001092223
4/30/2019 21:00,0,0
4/30/2019 22:00,0,0
4/30/2019 23:00,0,0
05/01/2019 00:00,0.020524535,0.006746089
05/01/2019 01:00,0.018417501,0.00605354
05/01/2019 02:00,0.014690675,0.004828591
05/01/2019 03:00,0.019066499,0.006266855
05/01/2019 04:00,0.023166316,0.0076144
05/01/2019 05:00,0.032215498,0.010588722
05/01/2019 06:00,0.022601816,0.007428858
05/01/2019 07:00,0,0
05/01/2019 08:00,0,0
05/01/2019 09:00,0,0
05/01/2019 10:00,0,0
05/01/2019 11:00,0,0
05/01/2019 12:00,0,0
05/01/2019 13:00,0,0
05/01/2019 14:00,0.008444312,0.002775511
05/01/2019 15:00,0.026985072,0.008869564
05/01/2019 16:00,0.053189223,0.017482452
05/01/2019 17:00,0.067792976,0.022282474
05/01/2019 18:00,0.072974969,0.023985712
05/01/2019 19:00,0.068814633,0.022618276
05/01/2019 20:00,0.086892503,0.028560184
05/01/2019 21:00,0.127273859,0.041832894
05/01/2019 22:00,0.161104977,0.052952645
05/01/2019 23:00,0.21431878,0.070443177
05/02/2019 00:00,0.29303872,0.096317169
05/02/2019 01:00,0.382471829,0.125712411
05/02/2019 02:00,0.427680933,0.140571925
05/02/2019 03:00,0.488887709,0.160689619
05/02/2019 04:00,0.500625438,0.164547624
05/02/2019 05:00,0.438138262,0.144009083
05/02/2019 06:00,0.51966415,0.170805346
05/02/2019 07:00,0.598691151,0.196780265
05/02/2019 08:00,0.625975717,0.205748268
05/02/2019 09:00,0.657656947,0.216161385
05/02/2019 10:00,0.674510554,0.221700898
05/02/2019 11:00,0.650350771,0.213759961
05/02/2019 12:00,0.629284924,0.206835952
05/02/2019 13:00,0.630354599,0.207187537
05/02/2019 14:00,0.648173305,0.213044263
05/02/2019 15:00,0.643452128,0.211492487
05/02/2019 16:00,0.619950153,0.203767761
05/02/2019 17:00,0.602878679,0.198156639
05/02/2019 18:00,0.597754012,0.196472243
05/02/2019 19:00,0.572061883,0.188027648
05/02/2019 20:00,0.549529353,0.180621564
05/02/2019 21:00,0.551512843,0.181273505
05/02/2019 22:00,0.64995181,0.213628829
05/02/2019 23:00,0.726104522,0.238659015
05/03/2019 00:00,0.692857908,0.227731382
05/03/2019 01:00,0.754173502,0.247884843
05/03/2019 02:00,0.802842966,0.263881722
05/03/2019 03:00,0.814099598,0.267581598
05/03/2019 04:00,0.823994318,0.270833835
05/03/2019 05:00,0.835190619,0.274513881
05/03/2019 06:00,0.84142774,0.276563924
05/03/2019 07:00,0.84527758,0.277829305
05/03/2019 08:00,0.849867898,0.279338069
05/03/2019 09:00,0.850183312,0.279441741
05/03/2019 10:00,0.849686781,0.279278539
05/03/2019 11:00,0.844958098,0.277724296
05/03/2019 12:00,0.846568346,0.278253559
05/03/2019 13:00,0.82819292,0.272213849
05/03/2019 14:00,0.81134669,0.266676761
05/03/2019 15:00,0.803243276,0.264013297
05/03/2019 16:00,0.801526231,0.263448932
05/03/2019 17:00,0.807320088,0.265353281
05/03/2019 18:00,0.821236979,0.269927542
05/03/2019 19:00,0.827763034,0.272072552
05/03/2019 20:00,0.836863819,0.275063836
05/03/2019 21:00,0.842433045,0.276894351
05/03/2019 22:00,0.849846907,0.27933117
05/03/2019 23:00,0.849224701,0.279126661
05/04/2019 00:00,0.842453524,0.276901083
05/04/2019 01:00,0.830289658,0.272903013
05/04/2019 02:00,0.834567949,0.27430922
05/04/2019 03:00,0.838779516,0.275693495
05/04/2019 04:00,0.838643427,0.275648764
05/04/2019 05:00,0.839916496,0.276067202
05/04/2019 06:00,0.84721476,0.278466025
05/04/2019 07:00,0.843311425,0.277183061
05/04/2019 08:00,0.837804237,0.275372936
05/04/2019 09:00,0.835049102,0.274467367
05/04/2019 10:00,0.83899599,0.275764646
05/04/2019 11:00,0.831396154,0.273266701
05/04/2019 12:00,0.810856931,0.266515785
05/04/2019 13:00,0.790613756,0.259862175
05/04/2019 14:00,0.780016691,0.256379088
05/04/2019 15:00,0.7819138,0.257002638
05/04/2019 16:00,0.762918545,0.250759199
05/04/2019 17:00,0.77371914,0.254309183
05/04/2019 18:00,0.761764533,0.250379894
05/04/2019 19:00,0.743539407,0.244389585
05/04/2019 20:00,0.683547028,0.224671043
05/04/2019 21:00,0.637866394,0.209656545
05/04/2019 22:00,0.744570396,0.244728454
05/04/2019 23:00,0.679849785,0.223455818
05/05/2019 00:00,0.754311895,0.24793033
05/05/2019 01:00,0.798172289,0.262346544
05/05/2019 02:00,0.816214308,0.268276669
05/05/2019 03:00,0.809586984,0.266098373
05/05/2019 04:00,0.825491831,0.271326044
05/05/2019 05:00,0.829529021,0.272653004
05/05/2019 06:00,0.835975239,0.274771773
05/05/2019 07:00,0.838057087,0.275456044
05/05/2019 08:00,0.843617954,0.277283812
05/05/2019 09:00,0.84256354,0.276937243
05/05/2019 10:00,0.849895153,0.279347028
05/05/2019 11:00,0.850448102,0.279528773
05/05/2019 12:00,0.850183911,0.279441938
05/05/2019 13:00,0.845279709,0.277830005
05/05/2019 14:00,0.836885089,0.275070827
05/05/2019 15:00,0.83211689,0.273503596
05/05/2019 16:00,0.815662091,0.268095164
05/05/2019 17:00,0.806540602,0.265097076
05/05/2019 18:00,0.798568287,0.262476703
05/05/2019 19:00,0.801454728,0.26342543
05/05/2019 20:00,0.8028983,0.263899909
05/05/2019 21:00,0.79382108,0.260916371
05/05/2019 22:00,0.787490313,0.258835549
05/05/2019 23:00,0.755590138,0.248350468
05/06/2019 00:00,0.745491693,0.24503127
05/06/2019 01:00,0.707391016,0.232508183
05/06/2019 02:00,0.699256279,0.229834424
05/06/2019 03:00,0.709800299,0.233300076
05/06/2019 04:00,0.690222742,0.226865244
05/06/2019 05:00,0.653088814,0.214659913
05/06/2019 06:00,0.634108541,0.208421398
05/06/2019 07:00,0.508470459,0.167126158
05/06/2019 08:00,0.385590954,0.126737618
05/06/2019 09:00,0.267330773,0.087867376
05/06/2019 10:00,0.203485883,0.066882575
05/06/2019 11:00,0.18716505,0.061518177
05/06/2019 12:00,0.186403159,0.061267756
05/06/2019 13:00,0.182317685,0.059924925
05/06/2019 14:00,0.204252871,0.067134672
05/06/2019 15:00,0.2356107,0.077441492
05/06/2019 16:00,0.262156593,0.086166705
05/06/2019 17:00,0.26359785,0.086640423
05/06/2019 18:00,0.24740996,0.081319721
05/06/2019 19:00,0.21774769,0.071570205
05/06/2019 20:00,0.182914867,0.060121209
05/06/2019 21:00,0.157695515,0.051832009
05/06/2019 22:00,0.148109869,0.04868136
05/06/2019 23:00,0.129946719,0.042711421
05/07/2019 00:00,0.125504618,0.041251373
05/07/2019 01:00,0.128389597,0.04219962
05/07/2019 02:00,0.140097655,0.046047872
05/07/2019 03:00,0.131538496,0.043234613
05/07/2019 04:00,0.112693621,0.037040602
05/07/2019 05:00,0.098955175,0.032524993
05/07/2019 06:00,0.084900256,0.027905365
05/07/2019 07:00,0.081176427,0.026681401
05/07/2019 08:00,0.077967939,0.025626822
05/07/2019 09:00,0.072848763,0.023944231
05/07/2019 10:00,0.08499979,0.02793808
05/07/2019 11:00,0.071228525,0.023411684
05/07/2019 12:00,0.060940862,0.020030293
05/07/2019 13:00,0.056272745,0.018495957
05/07/2019 14:00,0.055260005,0.018163085
05/07/2019 15:00,0.043737209,0.014375725
05/07/2019 16:00,0.026594199,0.00874109
05/07/2019 17:00,0.015356073,0.005047297
05/07/2019 18:00,0.008210754,0.002698744
05/07/2019 19:00,0,0
05/07/2019 20:00,0,0
05/07/2019 21:00,0,0
05/07/2019 22:00,0,0
05/07/2019 23:00,0,0
05/08/2019 00:00,0,0
05/08/2019 01:00,0,0
05/08/2019 02:00,0,0
05/08/2019 03:00,0,0
05/08/2019 04:00,0.012306923,0.00404509
05/08/2019 05:00,0.040749809,0.013393814
05/08/2019 06:00,0.064901729,0.021332167
05/08/2019 07:00,0.081549279,0.026803952
05/08/2019 08:00,0.100804278,0.033132764
05/08/2019 09:00,0.115752205,0.03804591
05/08/2019 10:00,0.049826766,0.016377266
05/08/2019 11:00,0.099647614,0.032752587
05/08/2019 12:00,0.151036164,0.049643186
05/08/2019 13:00,0.155828569,0.051218374
05/08/2019 14:00,0.153578896,0.050478942
05/08/2019 15:00,0.152596535,0.050156055
05/08/2019 16:00,0.13278975,0.04364588
05/08/2019 17:00,0.123132804,0.040471795
05/08/2019 18:00,0.108335475,0.035608149
05/08/2019 19:00,0.088348979,0.029038905
05/08/2019 20:00,0.075857456,0.02493314
05/08/2019 21:00,0.072766045,0.023917042
05/08/2019 22:00,0.081172645,0.026680158
05/08/2019 23:00,0.043862503,0.014416908
05/09/2019 00:00,0.026035279,0.008557383
05/09/2019 01:00,0.030694932,0.010088936
05/09/2019 02:00,0.051281043,0.016855264
05/09/2019 03:00,0.06215632,0.020429794
05/09/2019 04:00,0.054448359,0.01789631
05/09/2019 05:00,0.040352705,0.013263293
05/09/2019 06:00,0.031151982,0.010239161
05/09/2019 07:00,0.041611395,0.013677004
05/09/2019 08:00,0.060933014,0.020027713
05/09/2019 09:00,0.093830536,0.030840606
05/09/2019 10:00,0.126816564,0.041682589
05/09/2019 11:00,0.170874091,0.056163598
05/09/2019 12:00,0.191817584,0.063047391
05/09/2019 13:00,0.194149265,0.063813778
05/09/2019 14:00,0.180994563,0.059490036
05/09/2019 15:00,0.180625525,0.059368739
05/09/2019 16:00,0.177888457,0.058469108
05/09/2019 17:00,0.186134493,0.061179449
05/09/2019 18:00,0.189323726,0.062227699
05/09/2019 19:00,0.178031369,0.058516081
05/09/2019 20:00,0.161642751,0.053129403
05/09/2019 21:00,0.137520903,0.045200935
05/09/2019 22:00,0.120723894,0.039680025
05/09/2019 23:00,0.105226685,0.034586339
05/10/2019 00:00,0.134753359,0.044291287
05/10/2019 01:00,0.144780707,0.047587117
05/10/2019 02:00,0.129438497,0.042544376
05/10/2019 03:00,0.099930077,0.032845428
05/10/2019 04:00,0.076996075,0.025307386
05/10/2019 05:00,0.050057871,0.016453226
05/10/2019 06:00,0.029730063,0.009771799
05/10/2019 07:00,0.019393809,0.006374437
05/10/2019 08:00,0.019446107,0.006391626
05/10/2019 09:00,0.011905499,0.003913148
05/10/2019 10:00,0,0
05/10/2019 11:00,0,0
05/10/2019 12:00,0,0
05/10/2019 13:00,0,0
05/10/2019 14:00,0,0
05/10/2019 15:00,0,0
05/10/2019 16:00,0.003617834,0.001189124
05/10/2019 17:00,0,0
05/10/2019 18:00,0,0
05/10/2019 19:00,0,0
05/10/2019 20:00,0,0
05/10/2019 21:00,0,0
05/10/2019 22:00,0,0
05/10/2019 23:00,0,0
05/11/2019 00:00,0.014642444,0.004812739
05/11/2019 01:00,0.039034467,0.012830009
05/11/2019 02:00,0.066793752,0.021954044
05/11/2019 03:00,0.092643561,0.030450466
05/11/2019 04:00,0.127360918,0.041861509
05/11/2019 05:00,0.13957341,0.045875561
05/11/2019 06:00,0.145134471,0.047703394
05/11/2019 07:00,0.144718429,0.047566647
05/11/2019 08:00,0.144313736,0.047433631
05/11/2019 09:00,0.144229872,0.047406066
05/11/2019 10:00,0.143979163,0.047323662
05/11/2019 11:00,0.160205824,0.052657108
05/11/2019 12:00,0.18192759,0.059796707
05/11/2019 13:00,0.199553232,0.065589975
05/11/2019 14:00,0.220740595,0.072553925
05/11/2019 15:00,0.220071005,0.072333841
05/11/2019 16:00,0.205561722,0.067564871
05/11/2019 17:00,0.193159353,0.063488409
05/11/2019 18:00,0.171964199,0.056521899
05/11/2019 19:00,0.149270395,0.049062806
05/11/2019 20:00,0.107683179,0.035393749
05/11/2019 21:00,0.061725735,0.020288268
05/11/2019 22:00,0.005287892,0.001738046
05/11/2019 23:00,0,0
05/12/2019 00:00,0,0
05/12/2019 01:00,0,0
05/12/2019 02:00,0.022515563,0.007400508
05/12/2019 03:00,0.017554955,0.005770035
05/12/2019 04:00,0.014911263,0.004901095
05/12/2019 05:00,0.023996919,0.007887406
05/12/2019 06:00,0.021971852,0.007221799
05/12/2019 07:00,0.015241356,0.005009592
05/12/2019 08:00,0.026361373,0.008664564
05/12/2019 09:00,0.017594575,0.005783057
05/12/2019 10:00,0.007183611,0.002361139
05/12/2019 11:00,0.007418722,0.002438416
05/12/2019 12:00,0,0
05/12/2019 13:00,0,0
05/12/2019 14:00,0,0
05/12/2019 15:00,0,0
05/12/2019 16:00,0,0
05/12/2019 17:00,0,0
05/12/2019 18:00,0,0
05/12/2019 19:00,0.018191877,0.005979381
05/12/2019 20:00,0.067861469,0.022304986
05/12/2019 21:00,0.116338567,0.038238638
05/12/2019 22:00,0.071935628,0.023644098
05/12/2019 23:00,0.063465461,0.020860088
5/13/2019 0:00,0.062947117,0.020689717
5/13/2019 1:00,0.084939722,0.027918337
5/13/2019 2:00,0.061574701,0.020238625
5/13/2019 3:00,0.033970139,0.011165445
5/13/2019 4:00,0.019384712,0.006371447
5/13/2019 5:00,0.011310206,0.003717485
5/13/2019 6:00,0.012914762,0.004244877
5/13/2019 7:00,0.022815434,0.00749907
5/13/2019 8:00,0.045993276,0.015117259
5/13/2019 9:00,0.067623295,0.022226702
5/13/2019 10:00,0.150334131,0.049412439
5/13/2019 11:00,0.163997037,0.053903219
5/13/2019 12:00,0.20285323,0.066674633
5/13/2019 13:00,0.327385348,0.10760636
5/13/2019 14:00,0.507370676,0.166764677
5/13/2019 15:00,0.548483638,0.180277854
5/13/2019 16:00,0.498370493,0.163806459
5/13/2019 17:00,0.416342959,0.136845313
5/13/2019 18:00,0.261710665,0.086020136
5/13/2019 19:00,0.149096807,0.049005751
5/13/2019 20:00,0.063845281,0.020984929
5/13/2019 21:00,0.020312666,0.006676451
5/13/2019 22:00,0.009448649,0.003105621
5/13/2019 23:00,0,0
5/14/2019 0:00,0,0
5/14/2019 1:00,0,0
5/14/2019 2:00,0,0
5/14/2019 3:00,0.005761868,0.001893834
5/14/2019 4:00,0.040472276,0.013302594
5/14/2019 5:00,0.071170257,0.023392532
5/14/2019 6:00,0.076539936,0.02515746
5/14/2019 7:00,0.060194608,0.019785011
5/14/2019 8:00,0.042424715,0.013944329
5/14/2019 9:00,0.02532304,0.008323281
5/14/2019 10:00,0,0
5/14/2019 11:00,0,0
5/14/2019 12:00,0,0
5/14/2019 13:00,0,0
5/14/2019 14:00,0,0
5/14/2019 15:00,0.004117026,0.001353201
5/14/2019 16:00,0.023023296,0.007567391
5/14/2019 17:00,0.045179481,0.014849777
5/14/2019 18:00,0.072667084,0.023884516
5/14/2019 19:00,0.096770116,0.031806799
5/14/2019 20:00,0.100790454,0.03312822
5/14/2019 21:00,0.120085429,0.039470172
5/14/2019 22:00,0.099552898,0.032721455
5/14/2019 23:00,0.091943995,0.03022053
5/15/2019 0:00,0.099886473,0.032831096
5/15/2019 1:00,0.137579858,0.045220312
5/15/2019 2:00,0.177705215,0.058408879
5/15/2019 3:00,0.209694498,0.068923249
5/15/2019 4:00,0.224448291,0.073772586
5/15/2019 5:00,0.233954254,0.076897045
5/15/2019 6:00,0.240232086,0.078960468
5/15/2019 7:00,0.240327343,0.078991778
5/15/2019 8:00,0.253780948,0.083413764
5/15/2019 9:00,0.249327394,0.081949951
5/15/2019 10:00,0.267323786,0.08786508
5/15/2019 11:00,0.311032074,0.102231299
5/15/2019 12:00,0.424418007,0.139499453
5/15/2019 13:00,0.51880481,0.170522895
5/15/2019 14:00,0.54350838,0.178642566
5/15/2019 15:00,0.504628508,0.16586337
5/15/2019 16:00,0.486741837,0.159984305
5/15/2019 17:00,0.54698532,0.17978538
5/15/2019 18:00,0.578894117,0.190273295
5/15/2019 19:00,0.58622798,0.192683819
5/15/2019 20:00,0.598951561,0.196865858
5/15/2019 21:00,0.59701064,0.196227908
5/15/2019 22:00,0.550934244,0.181083329
5/15/2019 23:00,0.583672067,0.191843731
5/16/2019 0:00,0.61749149,0.202959638
5/16/2019 1:00,0.633999554,0.208385576
5/16/2019 2:00,0.615515994,0.202310324
5/16/2019 3:00,0.621854603,0.204393724
5/16/2019 4:00,0.615729073,0.202380359
5/16/2019 5:00,0.628922614,0.206716867
5/16/2019 6:00,0.655672188,0.215509026
5/16/2019 7:00,0.702869781,0.231022125
5/16/2019 8:00,0.744576595,0.244730492
5/16/2019 9:00,0.756885831,0.248776342
5/16/2019 10:00,0.79042701,0.259800794
5/16/2019 11:00,0.791067001,0.260011149
5/16/2019 12:00,0.791459189,0.260140055
5/16/2019 13:00,0.789520408,0.259502809
5/16/2019 14:00,0.783163736,0.257413472
5/16/2019 15:00,0.790287452,0.259754924
5/16/2019 16:00,0.803961061,0.264249222
5/16/2019 17:00,0.801154947,0.263326897
5/16/2019 18:00,0.802246996,0.263685836
5/16/2019 19:00,0.800182246,0.263007185
5/16/2019 20:00,0.805889616,0.264883107
5/16/2019 21:00,0.800045197,0.26296214
5/16/2019 22:00,0.724618175,0.238170476
5/16/2019 23:00,0.662690774,0.217815924
5/17/2019 0:00,0.634425066,0.208525435
5/17/2019 1:00,0.63258644,0.207921108
5/17/2019 2:00,0.593726478,0.195148456
5/17/2019 3:00,0.504659112,0.165873428
5/17/2019 4:00,0.410735824,0.135002337
5/17/2019 5:00,0.22643809,0.074426601
5/17/2019 6:00,0.150143541,0.049349795
5/17/2019 7:00,0.101195749,0.033261434
5/17/2019 8:00,0.068512821,0.022519075
5/17/2019 9:00,0.072137684,0.02371051
5/17/2019 10:00,0.094513514,0.03106509
5/17/2019 11:00,0.181349926,0.059606838
5/17/2019 12:00,0.239229199,0.078630835
5/17/2019 13:00,0.247215587,0.081255834
5/17/2019 14:00,0.230552152,0.075778828
5/17/2019 15:00,0.214374318,0.070461431
5/17/2019 16:00,0.238364636,0.078346667
5/17/2019 17:00,0.224099617,0.073657982
5/17/2019 18:00,0.172049179,0.05654983
5/17/2019 19:00,0.226338374,0.074393826
5/17/2019 20:00,0.22303429,0.073307826
5/17/2019 21:00,0.113284279,0.037234742
5/17/2019 22:00,0.032004642,0.010519417
5/17/2019 23:00,0.030059779,0.009880172
5/18/2019 0:00,0.056387918,0.018533812
5/18/2019 1:00,0.07357423,0.02418268
5/18/2019 2:00,0.111386979,0.036611129
5/18/2019 3:00,0.166395895,0.054691686
5/18/2019 4:00,0.229373729,0.075391499
5/18/2019 5:00,0.218969587,0.071971823
5/18/2019 6:00,0.142802783,0.046937005
5/18/2019 7:00,0.049961317,0.016421491
5/18/2019 8:00,0,0
5/18/2019 9:00,0,0
5/18/2019 10:00,0,0
5/18/2019 11:00,0,0
5/18/2019 12:00,0,0
5/18/2019 13:00,0.026637105,0.008755193
5/18/2019 14:00,0.093332398,0.030676876
5/18/2019 15:00,0.160424339,0.05272893
5/18/2019 16:00,0.18834468,0.061905903
5/18/2019 17:00,0.193062549,0.063456591
5/18/2019 18:00,0.179777002,0.059089843
5/18/2019 19:00,0.15145942,0.049782304
5/18/2019 20:00,0.132458131,0.043536882
5/18/2019 21:00,0.128975296,0.04239213
5/18/2019 22:00,0.158101929,0.051965591
5/18/2019 23:00,0.117578384,0.038646146
5/19/2019 0:00,0.101429904,0.033338397
5/19/2019 1:00,0.108236697,0.035575682
5/19/2019 2:00,0.114193088,0.037533453
5/19/2019 3:00,0.097961029,0.032198233
5/19/2019 4:00,0.09092838,0.029886713
5/19/2019 5:00,0.086488585,0.028427423
5/19/2019 6:00,0.068772229,0.022604338
5/19/2019 7:00,0.055033785,0.01808873
5/19/2019 8:00,0.03504626,0.011519148
5/19/2019 9:00,0.015705864,0.005162268
5/19/2019 10:00,0,0
5/19/2019 11:00,0,0
5/19/2019 12:00,0,0
5/19/2019 13:00,0,0
5/19/2019 14:00,0,0
5/19/2019 15:00,0,0
5/19/2019 16:00,0.016499497,0.005423123
5/19/2019 17:00,0.033744778,0.011091372
5/19/2019 18:00,0.039798673,0.013081191
5/19/2019 19:00,0.026896783,0.008840545
5/19/2019 20:00,0.013410666,0.004407873
5/19/2019 21:00,0.004298219,0.001412756
5/19/2019 22:00,0.011994033,0.003942248
5/19/2019 23:00,0.004464465,0.001467399
5/20/2019 0:00,0.008857522,0.002911327
5/20/2019 1:00,0.01855622,0.006099135
5/20/2019 2:00,0.024623947,0.0080935
5/20/2019 3:00,0.022400129,0.007362566
5/20/2019 4:00,0.010319349,0.003391806
5/20/2019 5:00,0,0
5/20/2019 6:00,0,0
5/20/2019 7:00,0.005780194,0.001899858
5/20/2019 8:00,0.031298372,0.010287278
5/20/2019 9:00,0.051250773,0.016845314
5/20/2019 10:00,0.069029113,0.022688772
5/20/2019 11:00,0.048533116,0.015952064
5/20/2019 12:00,0.025188684,0.00827912
5/20/2019 13:00,0,0
5/20/2019 14:00,0,0
5/20/2019 15:00,0,0
5/20/2019 16:00,0,0
5/20/2019 17:00,0,0
5/20/2019 18:00,0,0
5/20/2019 19:00,0,0
5/20/2019 20:00,0,0
5/20/2019 21:00,0,0
5/20/2019 22:00,0,0
5/20/2019 23:00,0,0
5/21/2019 0:00,0,0
5/21/2019 1:00,0.00898749,0.002954045
5/21/2019 2:00,0.05828704,0.019158023
5/21/2019 3:00,0.084955184,0.027923419
5/21/2019 4:00,0.09626618,0.031641163
5/21/2019 5:00,0.093284948,0.03066128
5/21/2019 6:00,0.080908782,0.026593431
5/21/2019 7:00,0.050867141,0.016719221
5/21/2019 8:00,0.03248334,0.010676758
5/21/2019 9:00,0.02008505,0.006601637
5/21/2019 10:00,0.046043547,0.015133782
5/21/2019 11:00,0.124411421,0.040892056
5/21/2019 12:00,0.226039325,0.074295533
5/21/2019 13:00,0.27605981,0.090736472
5/21/2019 14:00,0.28370204,0.093248351
5/21/2019 15:00,0.268333066,0.088196814
5/21/2019 16:00,0.257125073,0.084512924
5/21/2019 17:00,0.252076324,0.082853481
5/21/2019 18:00,0.276406407,0.090850392
5/21/2019 19:00,0.282500938,0.092853568
5/21/2019 20:00,0.239071936,0.078579145
5/21/2019 21:00,0.170612832,0.056077726
5/21/2019 22:00,0.117746251,0.038701321
5/21/2019 23:00,0.059922135,0.019695453
5/22/2019 0:00,0.040595752,0.013343179
5/22/2019 1:00,0.038073207,0.012514058
5/22/2019 2:00,0.064578427,0.021225902
5/22/2019 3:00,0.106244131,0.034920757
5/22/2019 4:00,0.146062395,0.048008388
5/22/2019 5:00,0.200768169,0.065989306
5/22/2019 6:00,0.248667737,0.081733133
5/22/2019 7:00,0.349992783,0.115037065
5/22/2019 8:00,0.417210432,0.137130437
5/22/2019 9:00,0.455410406,0.149686162
5/22/2019 10:00,0.536222655,0.176247864
5/22/2019 11:00,0.641831298,0.210959746
5/22/2019 12:00,0.682983058,0.224485675
5/22/2019 13:00,0.630919435,0.20737319
5/22/2019 14:00,0.645417509,0.212138476
5/22/2019 15:00,0.701076618,0.230432741
5/22/2019 16:00,0.741519668,0.243725729
5/22/2019 17:00,0.743903465,0.244509245
5/22/2019 18:00,0.748793926,0.246116662
5/22/2019 19:00,0.75709228,0.248844199
5/22/2019 20:00,0.785739159,0.258259972
5/22/2019 21:00,0.787656268,0.258890096
5/22/2019 22:00,0.768360776,0.252547974
5/22/2019 23:00,0.786800097,0.258608686
5/23/2019 0:00,0.803420901,0.26407168
5/23/2019 1:00,0.805876732,0.264878872
5/23/2019 2:00,0.829188431,0.272541058
5/23/2019 3:00,0.825266982,0.27125214
5/23/2019 4:00,0.803750964,0.264180166
5/23/2019 5:00,0.786760338,0.258595618
5/23/2019 6:00,0.773895592,0.25436718
5/23/2019 7:00,0.798891576,0.262582963
5/23/2019 8:00,0.827957548,0.272136486
5/23/2019 9:00,0.836473486,0.274935539
5/23/2019 10:00,0.840274833,0.276184982
5/23/2019 11:00,0.846292027,0.278162737
5/23/2019 12:00,0.849655885,0.279268384
5/23/2019 13:00,0.850133323,0.279425311
5/23/2019 14:00,0.850435816,0.279524735
5/23/2019 15:00,0.8514,0.279841647
5/23/2019 16:00,0.8514,0.279841647
5/23/2019 17:00,0.851136693,0.279755102
5/23/2019 18:00,0.850436291,0.279524891
5/23/2019 19:00,0.849793025,0.27931346
5/23/2019 20:00,0.843540772,0.277258444
5/23/2019 21:00,0.829577617,0.272668977
5/23/2019 22:00,0.839882094,0.276055895
5/23/2019 23:00,0.829125224,0.272520282
5/24/2019 0:00,0.790303876,0.259760322
5/24/2019 1:00,0.769974177,0.253078273
5/24/2019 2:00,0.778891004,0.256009093
5/24/2019 3:00,0.756272063,0.248574606
5/24/2019 4:00,0.688578873,0.226324931
5/24/2019 5:00,0.63858373,0.209892322
5/24/2019 6:00,0.59719266,0.196287735
5/24/2019 7:00,0.517936363,0.17023745
5/24/2019 8:00,0.540011973,0.177493352
5/24/2019 9:00,0.52725953,0.173301827
5/24/2019 10:00,0.586981609,0.192931525
5/24/2019 11:00,0.555957386,0.182734356
5/24/2019 12:00,0.492835894,0.161987325
5/24/2019 13:00,0.572528439,0.188180998
5/24/2019 14:00,0.615843496,0.202417968
5/24/2019 15:00,0.646984471,0.212653512
5/24/2019 16:00,0.682313458,0.224265588
5/24/2019 17:00,0.684734841,0.225061458
5/24/2019 18:00,0.652764135,0.214553196
5/24/2019 19:00,0.547402581,0.179922528
5/24/2019 20:00,0.41634711,0.136846677
5/24/2019 21:00,0.418311624,0.137492382
5/24/2019 22:00,0.435099938,0.143010434
5/24/2019 23:00,0.418316483,0.137493979
5/25/2019 0:00,0.261804337,0.086050924
5/25/2019 1:00,0.213115849,0.070047792
5/25/2019 2:00,0.171706547,0.056437213
5/25/2019 3:00,0.137220098,0.045102065
5/25/2019 4:00,0.134242786,0.04412347
5/25/2019 5:00,0.157335163,0.051713567
5/25/2019 6:00,0.134531025,0.04421821
5/25/2019 7:00,0.134488595,0.044204264
5/25/2019 8:00,0.159188988,0.05232289
5/25/2019 9:00,0.155314295,0.05104934
5/25/2019 10:00,0.196340284,0.064533931
5/25/2019 11:00,0.177621388,0.058381327
5/25/2019 12:00,0.163254222,0.053659068
5/25/2019 13:00,0.146226645,0.048062374
5/25/2019 14:00,0.102157757,0.033577631
5/25/2019 15:00,0.094791837,0.03115657
5/25/2019 16:00,0.069647384,0.022891988
5/25/2019 17:00,0.055122571,0.018117913
5/25/2019 18:00,0.060410457,0.019855957
5/25/2019 19:00,0.068956151,0.022664791
5/25/2019 20:00,0.071813548,0.023603972
5/25/2019 21:00,0.063029295,0.020716727
5/25/2019 22:00,0.042457237,0.013955019
5/25/2019 23:00,0.040679165,0.013370595
5/26/2019 0:00,0.021016542,0.006907803
5/26/2019 1:00,0.032315565,0.010621612
5/26/2019 2:00,0.015760735,0.005180303
5/26/2019 3:00,0.024488668,0.008049036
5/26/2019 4:00,0.07137875,0.02346106
5/26/2019 5:00,0.085899069,0.028233659
5/26/2019 6:00,0.099829092,0.032812236
5/26/2019 7:00,0.119521186,0.039284714
5/26/2019 8:00,0.170248431,0.055957953
5/26/2019 9:00,0.216298247,0.071093796
5/26/2019 10:00,0.169121302,0.055587484
5/26/2019 11:00,0.156504968,0.051440695
5/26/2019 12:00,0.161790837,0.053178077
5/26/2019 13:00,0.186638563,0.061345129
5/26/2019 14:00,0.195028113,0.064102641
5/26/2019 15:00,0.240392975,0.07901335
5/26/2019 16:00,0.270692019,0.088972164
5/26/2019 17:00,0.345547647,0.113576019
5/26/2019 18:00,0.387720757,0.12743765
5/26/2019 19:00,0.388490983,0.127690811
5/26/2019 20:00,0.360915251,0.118627106
5/26/2019 21:00,0.331423186,0.108933533
5/26/2019 22:00,0.260597183,0.085654152
5/26/2019 23:00,0.287416652,0.094469285
5/27/2019 0:00,0.291473516,0.095802712
5/27/2019 1:00,0.274244774,0.090139898
5/27/2019 2:00,0.283215767,0.093088521
5/27/2019 3:00,0.302780257,0.099519058
5/27/2019 4:00,0.308907778,0.101533077
5/27/2019 5:00,0.288542616,0.094839371
5/27/2019 6:00,0.25434404,0.083598843
5/27/2019 7:00,0.228637832,0.075149621
5/27/2019 8:00,0.20589286,0.06767371
5/27/2019 9:00,0.190307322,0.062550992
5/27/2019 10:00,0.111246942,0.036565102
5/27/2019 11:00,0.101617651,0.033400107
5/27/2019 12:00,0.121681877,0.039994899
5/27/2019 13:00,0.133756291,0.043963567
5/27/2019 14:00,0.140281466,0.046108288
5/27/2019 15:00,0.1396338,0.04589541
5/27/2019 16:00,0.1473138,0.048419705
5/27/2019 17:00,0.161723422,0.053155918
5/27/2019 18:00,0.169894276,0.055841548
5/27/2019 19:00,0.176520122,0.058019358
5/27/2019 20:00,0.170616359,0.056078885
5/27/2019 21:00,0.1740276,0.057200106
5/27/2019 22:00,0.219362513,0.072100971
5/27/2019 23:00,0.246329116,0.080964465
5/28/2019 0:00,0.245636484,0.080736808
5/28/2019 1:00,0.252177626,0.082886777
5/28/2019 2:00,0.305372833,0.100371196
5/28/2019 3:00,0.419871825,0.138005195
5/28/2019 4:00,0.463013464,0.152185166
5/28/2019 5:00,0.444855696,0.146216996
5/28/2019 6:00,0.411932275,0.135395591
5/28/2019 7:00,0.395830201,0.130103096
5/28/2019 8:00,0.382241214,0.125636611
5/28/2019 9:00,0.38494862,0.126526493
5/28/2019 10:00,0.371883072,0.122232055
5/28/2019 11:00,0.444191506,0.145998688
5/28/2019 12:00,0.462771825,0.152105743
5/28/2019 13:00,0.462130166,0.15189484
5/28/2019 14:00,0.494979713,0.162691964
5/28/2019 15:00,0.572651816,0.18822155
5/28/2019 16:00,0.622196255,0.204506019
5/28/2019 17:00,0.633557211,0.208240185
5/28/2019 18:00,0.648774491,0.213241863
5/28/2019 19:00,0.626081286,0.205782967
5/28/2019 20:00,0.560461143,0.184214669
5/28/2019 21:00,0.467284433,0.153588966
5/28/2019 22:00,0.243633948,0.080078606
5/28/2019 23:00,0.155538513,0.051123037
5/29/2019 0:00,0.134402832,0.044176075
5/29/2019 1:00,0.069677108,0.022901758
5/29/2019 2:00,0.075321911,0.024757115
5/29/2019 3:00,0.220431829,0.072452439
5/29/2019 4:00,0.4023178,0.132235466
5/29/2019 5:00,0.517240998,0.170008895
5/29/2019 6:00,0.511844364,0.168235107
5/29/2019 7:00,0.438298667,0.144061805
5/29/2019 8:00,0.414448072,0.136222494
5/29/2019 9:00,0.309564732,0.101749007
5/29/2019 10:00,0.173267542,0.056950287
5/29/2019 11:00,0.093330171,0.030676144
5/29/2019 12:00,0.07559054,0.024845409
5/29/2019 13:00,0.016812116,0.005525875
5/29/2019 14:00,0,0
5/29/2019 15:00,0,0
5/29/2019 16:00,0,0
5/29/2019 17:00,0,0
5/29/2019 18:00,0,0
5/29/2019 19:00,0,0
5/29/2019 20:00,0,0
5/29/2019 21:00,0,0
5/29/2019 22:00,0.051037313,0.016775154
5/29/2019 23:00,0.093374679,0.030690773
5/30/2019 0:00,0.143825037,0.047273003
5/30/2019 1:00,0.20138176,0.066190984
5/30/2019 2:00,0.23046564,0.075750393
5/30/2019 3:00,0.248840149,0.081789802
5/30/2019 4:00,0.246429048,0.080997311
5/30/2019 5:00,0.220106179,0.072345402
5/30/2019 6:00,0.169722615,0.055785126
5/30/2019 7:00,0.120949362,0.039754133
5/30/2019 8:00,0.096522157,0.031725299
5/30/2019 9:00,0.086028163,0.02827609
5/30/2019 10:00,0.080967514,0.026612735
5/30/2019 11:00,0.107087204,0.035197862
5/30/2019 12:00,0.137198672,0.045095023
5/30/2019 13:00,0.107583553,0.035361004
5/30/2019 14:00,0.073539866,0.024171385
5/30/2019 15:00,0.059907893,0.019690772
5/30/2019 16:00,0.026153287,0.00859617
5/30/2019 17:00,0,0
5/30/2019 18:00,0,0
5/30/2019 19:00,0,0
5/30/2019 20:00,0,0
5/30/2019 21:00,0,0
5/30/2019 22:00,0,0
5/30/2019 23:00,0,0
5/31/2019 0:00,0,0
5/31/2019 1:00,0,0
5/31/2019 2:00,0.024989758,0.008213736
5/31/2019 3:00,0.072163195,0.023718895
5/31/2019 4:00,0.102256281,0.033610014
5/31/2019 5:00,0.187861307,0.061747025
5/31/2019 6:00,0.288309573,0.094762774
5/31/2019 7:00,0.321539524,0.105684931
5/31/2019 8:00,0.479504348,0.157605457
5/31/2019 9:00,0.603916999,0.198497918
5/31/2019 10:00,0.696601408,0.22896181
5/31/2019 11:00,0.742934595,0.244190793
5/31/2019 12:00,0.760509064,0.249967241
5/31/2019 13:00,0.76758736,0.252293764
5/31/2019 14:00,0.665985069,0.218898707
5/31/2019 15:00,0.531610429,0.174731898
5/31/2019 16:00,0.295089862,0.096991347
5/31/2019 17:00,0.17915983,0.058886989
5/31/2019 18:00,0.141588801,0.046537988
5/31/2019 19:00,0.216360297,0.071114191
5/31/2019 20:00,0.50124611,0.164751629
5/31/2019 21:00,0.809915578,0.266206377
5/31/2019 22:00,0.805960631,0.264906449
5/31/2019 23:00,0.722360061,0.23742827
06/01/2019 00:00,0.746980526,0.245520626
06/01/2019 01:00,0.705363867,0.231841891
06/01/2019 02:00,0.633373214,0.208179708
06/01/2019 03:00,0.546791668,0.17972173
06/01/2019 04:00,0.586640716,0.192819479
06/01/2019 05:00,0.659687395,0.216828761
06/01/2019 06:00,0.660571737,0.21711943
06/01/2019 07:00,0.663456696,0.218067671
06/01/2019 08:00,0.637359704,0.209490004
06/01/2019 09:00,0.502124755,0.165040426
06/01/2019 10:00,0.361821561,0.118924996
06/01/2019 11:00,0.209316645,0.068799054
06/01/2019 12:00,0.128746242,0.042316843
06/01/2019 13:00,0.070971152,0.02332709
06/01/2019 14:00,0.051187455,0.016824503
06/01/2019 15:00,0.062138696,0.020424002
06/01/2019 16:00,0.057887282,0.01902663
06/01/2019 17:00,0.049729493,0.016345294
06/01/2019 18:00,0.030764923,0.010111941
06/01/2019 19:00,0.020251915,0.006656483
06/01/2019 20:00,0.016252206,0.005341842
06/01/2019 21:00,0.033216192,0.010917635
06/01/2019 22:00,0.076195972,0.025044405
06/01/2019 23:00,0.168985104,0.055542718
06/02/2019 00:00,0.249069499,0.081865185
06/02/2019 01:00,0.232978347,0.07657628
06/02/2019 02:00,0.221378787,0.072763688
06/02/2019 03:00,0.289034141,0.095000928
06/02/2019 04:00,0.391251854,0.128598266
06/02/2019 05:00,0.467953533,0.153808888
06/02/2019 06:00,0.562248711,0.184802214
06/02/2019 07:00,0.643601296,0.211541516
06/02/2019 08:00,0.730020523,0.239946142
06/02/2019 09:00,0.747417607,0.245664287
06/02/2019 10:00,0.711882575,0.233984487
06/02/2019 11:00,0.728492591,0.239443935
06/02/2019 12:00,0.786722102,0.25858305
06/02/2019 13:00,0.801186895,0.263337398
06/02/2019 14:00,0.796621665,0.261836879
06/02/2019 15:00,0.714543563,0.234859112
06/02/2019 16:00,0.507128734,0.166685154
06/02/2019 17:00,0.235879784,0.077529936
06/02/2019 18:00,0.058409535,0.019198286
06/02/2019 19:00,0.015803893,0.005194488
06/02/2019 20:00,0.025519435,0.008387833
06/02/2019 21:00,0.057348029,0.018849386
06/02/2019 22:00,0.067651403,0.022235941
06/02/2019 23:00,0.079269506,0.026054627
06/03/2019 00:00,0.178005984,0.058507737
06/03/2019 01:00,0.129292219,0.042496297
06/03/2019 02:00,0.211449027,0.069499934
06/03/2019 03:00,0.521341674,0.171356721
06/03/2019 04:00,0.611314567,0.200929381
06/03/2019 05:00,0.501466833,0.164824177
06/03/2019 06:00,0.370663731,0.121831277
06/03/2019 07:00,0.289583477,0.095181486
06/03/2019 08:00,0.340112437,0.111789552
06/03/2019 09:00,0.482656039,0.158641368
06/03/2019 10:00,0.761174956,0.250186109
06/03/2019 11:00,0.789321999,0.259437595
06/03/2019 12:00,0.787327074,0.258781895
06/03/2019 13:00,0.813192754,0.267283533
06/03/2019 14:00,0.833331775,0.273902909
06/03/2019 15:00,0.843523638,0.277252812
06/03/2019 16:00,0.85039721,0.279512046
06/03/2019 17:00,0.850564487,0.279567027
06/03/2019 18:00,0.838531585,0.275612004
06/03/2019 19:00,0.800115295,0.26298518
06/03/2019 20:00,0.753319652,0.247604196
06/03/2019 21:00,0.691552166,0.227302205
06/03/2019 22:00,0.789988797,0.259656761
06/03/2019 23:00,0.753035304,0.247510735
06/04/2019 00:00,0.693067279,0.227800198
06/04/2019 01:00,0.620140129,0.203830204
06/04/2019 02:00,0.543970968,0.178794611
06/04/2019 03:00,0.443348486,0.1457216
06/04/2019 04:00,0.400282472,0.131566486
06/04/2019 05:00,0.354534151,0.11652974
06/04/2019 06:00,0.328041121,0.107821902
06/04/2019 07:00,0.346239842,0.113803533
06/04/2019 08:00,0.277699551,0.091275428
06/04/2019 09:00,0.209545265,0.068874198
06/04/2019 10:00,0.18516784,0.060861726
06/04/2019 11:00,0.152290506,0.050055469
06/04/2019 12:00,0.123964342,0.040745109
06/04/2019 13:00,0.102250659,0.033608166
06/04/2019 14:00,0.088516933,0.029094109
06/04/2019 15:00,0.057982632,0.019057969
06/04/2019 16:00,0.034917448,0.01147681
06/04/2019 17:00,0.03567208,0.011724846
06/04/2019 18:00,0.023929281,0.007865174
06/04/2019 19:00,0.010750085,0.003533382
06/04/2019 20:00,0.032821902,0.010788038
06/04/2019 21:00,0.03310247,0.010880256
06/04/2019 22:00,0.068730658,0.022590675
06/04/2019 23:00,0.12819125,0.042134426
06/05/2019 00:00,0.160411735,0.052724788
06/05/2019 01:00,0.209248878,0.06877678
06/05/2019 02:00,0.288711395,0.094894847
06/05/2019 03:00,0.327631974,0.107687422
06/05/2019 04:00,0.364444014,0.119786955
06/05/2019 05:00,0.404759462,0.133038002
06/05/2019 06:00,0.410981333,0.135083032
06/05/2019 07:00,0.434768779,0.142901587
06/05/2019 08:00,0.425547066,0.139870557
06/05/2019 09:00,0.408243129,0.134183027
06/05/2019 10:00,0.391942443,0.128825251
06/05/2019 11:00,0.245186227,0.080588816
06/05/2019 12:00,0.231449337,0.076073718
06/05/2019 13:00,0.244235748,0.080276408
06/05/2019 14:00,0.185726032,0.061045195
06/05/2019 15:00,0.13656527,0.044886834
06/05/2019 16:00,0.098340716,0.03232303
06/05/2019 17:00,0.101125912,0.03323848
06/05/2019 18:00,0.067228755,0.022097023
06/05/2019 19:00,0.046902291,0.015416038
06/05/2019 20:00,0.040358787,0.013265292
06/05/2019 21:00,0.034826784,0.01144701
06/05/2019 22:00,0.021925085,0.007206427
06/05/2019 23:00,0.035839256,0.011779794
06/06/2019 00:00,0.045622352,0.014995342
06/06/2019 01:00,0.074319235,0.024427551
06/06/2019 02:00,0.101388297,0.033324722
06/06/2019 03:00,0.14839896,0.048776379
06/06/2019 04:00,0.245445989,0.080674195
06/06/2019 05:00,0.278973165,0.091694045
06/06/2019 06:00,0.40594839,0.133428783
06/06/2019 07:00,0.469488066,0.154313265
06/06/2019 08:00,0.477363684,0.156901855
06/06/2019 09:00,0.475990732,0.156450588
06/06/2019 10:00,0.488029627,0.160407581
06/06/2019 11:00,0.416606425,0.13693191
06/06/2019 12:00,0.24092614,0.079188593
06/06/2019 13:00,0.118198121,0.038849844
06/06/2019 14:00,0.07272318,0.023902953
06/06/2019 15:00,0.054233028,0.017825534
06/06/2019 16:00,0.021325334,0.007009298
06/06/2019 17:00,0.013319607,0.004377943
06/06/2019 18:00,0.015654574,0.00514541
06/06/2019 19:00,0.008166856,0.002684316
06/06/2019 20:00,0,0
06/06/2019 21:00,0,0
06/06/2019 22:00,0.009604195,0.003156746
06/06/2019 23:00,0.011078635,0.003641371
06/07/2019 00:00,0.028654977,0.009418436
06/07/2019 01:00,0.042846288,0.014082894
06/07/2019 02:00,0.086216469,0.028337983
06/07/2019 03:00,0.133358633,0.043832863
06/07/2019 04:00,0.130911206,0.043028433
06/07/2019 05:00,0.07952967,0.026140138
06/07/2019 06:00,0.071605221,0.023535498
06/07/2019 07:00,0.096612864,0.031755113
06/07/2019 08:00,0.116243206,0.038207294
06/07/2019 09:00,0.132829822,0.043659051
06/07/2019 10:00,0.07317692,0.02405209
06/07/2019 11:00,0.084871605,0.027895947
06/07/2019 12:00,0.149889068,0.049266154
06/07/2019 13:00,0.24717608,0.081242849
06/07/2019 14:00,0.244211551,0.080268455
06/07/2019 15:00,0.187242436,0.061543612
06/07/2019 16:00,0.220066599,0.072332393
06/07/2019 17:00,0.236584687,0.077761626
06/07/2019 18:00,0.200035859,0.065748607
06/07/2019 19:00,0.169988282,0.055872446
06/07/2019 20:00,0.184443702,0.060623713
06/07/2019 21:00,0.194905746,0.064062421
06/07/2019 22:00,0.181532687,0.059666909
06/07/2019 23:00,0.173390126,0.056990578
06/08/2019 00:00,0.169210209,0.055616706
06/08/2019 01:00,0.146183341,0.048048141
06/08/2019 02:00,0.121638037,0.039980489
06/08/2019 03:00,0.10675501,0.035088675
06/08/2019 04:00,0.117808361,0.038721736
06/08/2019 05:00,0.162999521,0.053575352
06/08/2019 06:00,0.226433297,0.074425026
06/08/2019 07:00,0.262251934,0.086198042
06/08/2019 08:00,0.257641565,0.084682687
06/08/2019 09:00,0.255674855,0.084036261
06/08/2019 10:00,0.232057149,0.076273496
06/08/2019 11:00,0.250151686,0.082220883
06/08/2019 12:00,0.273563169,0.089915865
06/08/2019 13:00,0.293857492,0.096586287
06/08/2019 14:00,0.352319382,0.115801781
06/08/2019 15:00,0.413815143,0.13601446
06/08/2019 16:00,0.430450332,0.141482182
06/08/2019 17:00,0.452084308,0.148592926
06/08/2019 18:00,0.43063293,0.141542199
06/08/2019 19:00,0.389542286,0.128036358
06/08/2019 20:00,0.33712514,0.110807675
06/08/2019 21:00,0.330553338,0.108647628
06/08/2019 22:00,0.354605542,0.116553205
06/08/2019 23:00,0.309168891,0.1016189
06/09/2019 00:00,0.26355299,0.086625679
06/09/2019 01:00,0.243116668,0.079908585
06/09/2019 02:00,0.255989676,0.084139737
06/09/2019 03:00,0.290297891,0.095416303
06/09/2019 04:00,0.279153414,0.09175329
06/09/2019 05:00,0.265257804,0.087186024
06/09/2019 06:00,0.231762586,0.076176678
06/09/2019 07:00,0.178139131,0.058551501
06/09/2019 08:00,0.143654656,0.047217002
06/09/2019 09:00,0.1116669,0.036703135
06/09/2019 10:00,0.077336689,0.02541934
06/09/2019 11:00,0.058255573,0.019147681
06/09/2019 12:00,0.039896209,0.01311325
06/09/2019 13:00,0.012663795,0.004162388
06/09/2019 14:00,0,0
06/09/2019 15:00,0,0
06/09/2019 16:00,0,0
06/09/2019 17:00,0,0
06/09/2019 18:00,0,0
06/09/2019 19:00,0,0
06/09/2019 20:00,0,0
06/09/2019 21:00,0,0
06/09/2019 22:00,0,0
06/09/2019 23:00,0,0
06/10/2019 00:00,0,0
06/10/2019 01:00,0.002950818,0.000969887
06/10/2019 02:00,0.015538379,0.005107218
06/10/2019 03:00,0.027394753,0.00900422
06/10/2019 04:00,0.046120137,0.015158956
06/10/2019 05:00,0.060907638,0.020019373
06/10/2019 06:00,0.070767922,0.023260291
06/10/2019 07:00,0.059913106,0.019692486
06/10/2019 08:00,0.062898115,0.020673611
06/10/2019 09:00,0.074980353,0.02464485
06/10/2019 10:00,0.108713003,0.035732236
06/10/2019 11:00,0.109603635,0.036024973
06/10/2019 12:00,0.094222533,0.030969449
06/10/2019 13:00,0.099626526,0.032745656
06/10/2019 14:00,0.141140041,0.046390488
06/10/2019 15:00,0.177585206,0.058369435
06/10/2019 16:00,0.200711194,0.065970579
06/10/2019 17:00,0.204394163,0.067181112
06/10/2019 18:00,0.18768063,0.06168764
06/10/2019 19:00,0.161435158,0.05306117
06/10/2019 20:00,0.14567849,0.047882204
06/10/2019 21:00,0.130303152,0.042828575
06/10/2019 22:00,0.137104381,0.045064031
06/10/2019 23:00,0.152348535,0.050074542
06/11/2019 00:00,0.205893808,0.067674022
06/11/2019 01:00,0.307778886,0.101162028
06/11/2019 02:00,0.472581482,0.155330022
06/11/2019 03:00,0.499121936,0.164053447
06/11/2019 04:00,0.542155505,0.178197897
06/11/2019 05:00,0.453297923,0.148991822
06/11/2019 06:00,0.477458244,0.156932936
06/11/2019 07:00,0.49222967,0.161788069
06/11/2019 08:00,0.575352147,0.189109106
06/11/2019 09:00,0.656727656,0.215855942
06/11/2019 10:00,0.616489875,0.202630423
06/11/2019 11:00,0.581761912,0.191215893
06/11/2019 12:00,0.504976893,0.165977878
06/11/2019 13:00,0.495197904,0.16276368
06/11/2019 14:00,0.512790397,0.168546053
06/11/2019 15:00,0.607493999,0.199673621
06/11/2019 16:00,0.612927726,0.201459601
06/11/2019 17:00,0.594902053,0.195534849
06/11/2019 18:00,0.594385321,0.195365007
06/11/2019 19:00,0.677680141,0.222742691
06/11/2019 20:00,0.773425466,0.254212657
06/11/2019 21:00,0.810877842,0.266522658
06/11/2019 22:00,0.848990327,0.279049626
06/11/2019 23:00,0.844948149,0.277721026
06/12/2019 00:00,0.839553074,0.275947751
06/12/2019 01:00,0.837532024,0.275283464
06/12/2019 02:00,0.847601304,0.278593076
06/12/2019 03:00,0.851176771,0.279768275
06/12/2019 04:00,0.8514,0.279841647
06/12/2019 05:00,0.8514,0.279841647
06/12/2019 06:00,0.85109948,0.279742871
06/12/2019 07:00,0.850681851,0.279605603
06/12/2019 08:00,0.849980798,0.279375178
06/12/2019 09:00,0.849733724,0.279293969
06/12/2019 10:00,0.844031358,0.277419692
06/12/2019 11:00,0.83329821,0.273891876
06/12/2019 12:00,0.83115344,0.273186925
06/12/2019 13:00,0.818828984,0.269136072
06/12/2019 14:00,0.808867158,0.265861778
06/12/2019 15:00,0.808173939,0.265633928
06/12/2019 16:00,0.829179885,0.272538249
06/12/2019 17:00,0.837001037,0.275108937
06/12/2019 18:00,0.828558746,0.27233409
06/12/2019 19:00,0.821062983,0.269870352
06/12/2019 20:00,0.821331298,0.269958543
06/12/2019 21:00,0.818446807,0.269010457
06/12/2019 22:00,0.813039684,0.267233221
06/12/2019 23:00,0.802086226,0.263632993
6/13/2019 0:00,0.786897062,0.258640557
6/13/2019 1:00,0.799839569,0.262894553
6/13/2019 2:00,0.805808787,0.26485654
6/13/2019 3:00,0.806373217,0.265042059
6/13/2019 4:00,0.806404654,0.265052392
6/13/2019 5:00,0.801334314,0.263385852
6/13/2019 6:00,0.764583051,0.251306296
6/13/2019 7:00,0.644871477,0.211959004
6/13/2019 8:00,0.784781658,0.257945257
6/13/2019 9:00,0.795982435,0.261626774
6/13/2019 10:00,0.803298573,0.264031473
6/13/2019 11:00,0.817009623,0.268538077
6/13/2019 12:00,0.806893221,0.265212976
6/13/2019 13:00,0.77268377,0.253968874
6/13/2019 14:00,0.809994088,0.266232182
6/13/2019 15:00,0.797674166,0.26218282
6/13/2019 16:00,0.768544375,0.25260832
6/13/2019 17:00,0.795313489,0.261406902
6/13/2019 18:00,0.817468686,0.268688963
6/13/2019 19:00,0.823336622,0.270617661
6/13/2019 20:00,0.479851759,0.157719646
6/13/2019 21:00,0.01508873,0.004959426
6/13/2019 22:00,0,0
6/13/2019 23:00,0,0
6/14/2019 0:00,0.119956905,0.039427928
6/14/2019 1:00,0.245783922,0.080785268
6/14/2019 2:00,0.451495591,0.148399424
6/14/2019 3:00,0.600841225,0.19748696
6/14/2019 4:00,0.599780895,0.197138447
6/14/2019 5:00,0.589688811,0.193821339
6/14/2019 6:00,0.646842422,0.212606823
6/14/2019 7:00,0.750967252,0.246830999
6/14/2019 8:00,0.777126421,0.255429102
6/14/2019 9:00,0.801889312,0.263568271
6/14/2019 10:00,0.810229506,0.26630956
6/14/2019 11:00,0.822287864,0.270272951
6/14/2019 12:00,0.811375658,0.266686282
6/14/2019 13:00,0.822739276,0.270421323
6/14/2019 14:00,0.830877865,0.273096348
6/14/2019 15:00,0.837710961,0.275342278
6/14/2019 16:00,0.834298235,0.274220569
6/14/2019 17:00,0.820775125,0.269775737
6/14/2019 18:00,0.801589883,0.263469853
6/14/2019 19:00,0.749944213,0.246494743
6/14/2019 20:00,0.632423117,0.207867426
6/14/2019 21:00,0.55782693,0.183348845
6/14/2019 22:00,0.50863765,0.167181111
6/14/2019 23:00,0.422815679,0.138972793
6/15/2019 0:00,0.37804876,0.124258618
6/15/2019 1:00,0.353933681,0.116332375
6/15/2019 2:00,0.341774917,0.112335983
6/15/2019 3:00,0.447777271,0.147177272
6/15/2019 4:00,0.513196192,0.168679431
6/15/2019 5:00,0.429355687,0.14112239
6/15/2019 6:00,0.398332926,0.130925701
6/15/2019 7:00,0.435151943,0.143027527
6/15/2019 8:00,0.420367414,0.138168087
6/15/2019 9:00,0.547516578,0.179959997
6/15/2019 10:00,0.588093432,0.193296963
6/15/2019 11:00,0.621244157,0.20419308
6/15/2019 12:00,0.666617488,0.219106573
6/15/2019 13:00,0.60943201,0.200310615
6/15/2019 14:00,0.530049517,0.174218851
6/15/2019 15:00,0.576903571,0.189619034
6/15/2019 16:00,0.559196301,0.183798936
6/15/2019 17:00,0.452617868,0.148768299
6/15/2019 18:00,0.410130995,0.134803539
6/15/2019 19:00,0.457048017,0.150224419
6/15/2019 20:00,0.508950141,0.167283822
6/15/2019 21:00,0.542198863,0.178212148
6/15/2019 22:00,0.436433817,0.143448858
6/15/2019 23:00,0.390021199,0.128193769
6/16/2019 0:00,0.387378624,0.127325196
6/16/2019 1:00,0.427324623,0.140454811
6/16/2019 2:00,0.422710558,0.138938242
6/16/2019 3:00,0.360741025,0.118569841
6/16/2019 4:00,0.321528411,0.105681278
6/16/2019 5:00,0.292750354,0.096222388
6/16/2019 6:00,0.240427558,0.079024717
6/16/2019 7:00,0.200647642,0.065949691
6/16/2019 8:00,0.179159179,0.058886775
6/16/2019 9:00,0.196267161,0.064509896
6/16/2019 10:00,0.192612915,0.063308804
6/16/2019 11:00,0.207984847,0.068361313
6/16/2019 12:00,0.216041736,0.071009485
6/16/2019 13:00,0.227380402,0.074736324
6/16/2019 14:00,0.165228211,0.054307887
6/16/2019 15:00,0.08360797,0.027480611
6/16/2019 16:00,0.113718442,0.037377445
6/16/2019 17:00,0.184894422,0.060771858
6/16/2019 18:00,0.121022759,0.039778257
6/16/2019 19:00,0.063438865,0.020851347
6/16/2019 20:00,0.026874577,0.008833246
6/16/2019 21:00,0.043197973,0.014198487
6/16/2019 22:00,0.108295108,0.035594881
6/16/2019 23:00,0.149742031,0.049217826
6/17/2019 0:00,0.164751898,0.05415133
6/17/2019 1:00,0.200939358,0.066045573
6/17/2019 2:00,0.254891523,0.083778792
6/17/2019 3:00,0.33634058,0.110549803
6/17/2019 4:00,0.228451187,0.075088274
6/17/2019 5:00,0.094962492,0.031212662
6/17/2019 6:00,0.008186342,0.00269072
6/17/2019 7:00,0.021595924,0.007098237
6/17/2019 8:00,0.13255491,0.043568692
6/17/2019 9:00,0.262988968,0.086440294
6/17/2019 10:00,0.387923436,0.127504267
6/17/2019 11:00,0.316200263,0.10393
6/17/2019 12:00,0.176310218,0.057950366
6/17/2019 13:00,0.029602454,0.009729856
6/17/2019 14:00,0,0
6/17/2019 15:00,0.006396125,0.002102305
6/17/2019 16:00,0,0
6/17/2019 17:00,0.007634181,0.002509234
6/17/2019 18:00,0.075474744,0.024807349
6/17/2019 19:00,0.135547216,0.044552216
6/17/2019 20:00,0.16057747,0.052779262
6/17/2019 21:00,0.2222322,0.073044192
6/17/2019 22:00,0.227153145,0.074661628
6/17/2019 23:00,0.186011528,0.061139033
6/18/2019 0:00,0.204835707,0.067326241
6/18/2019 1:00,0.279078425,0.091728642
6/18/2019 2:00,0.370612994,0.1218146
6/18/2019 3:00,0.423551196,0.139214546
6/18/2019 4:00,0.473809252,0.15573357
6/18/2019 5:00,0.54565832,0.179349217
6/18/2019 6:00,0.60757937,0.199701682
6/18/2019 7:00,0.690899921,0.227087822
6/18/2019 8:00,0.723705845,0.237870608
6/18/2019 9:00,0.710074481,0.233390195
6/18/2019 10:00,0.644524944,0.211845105
6/18/2019 11:00,0.57232645,0.188114607
6/18/2019 12:00,0.484644659,0.159294996
6/18/2019 13:00,0.46656693,0.153353134
6/18/2019 14:00,0.441901129,0.145245877
6/18/2019 15:00,0.432365967,0.142111821
6/18/2019 16:00,0.352237739,0.115774946
6/18/2019 17:00,0.27935626,0.091819962
6/18/2019 18:00,0.22451742,0.073795307
6/18/2019 19:00,0.156076458,0.051299851
6/18/2019 20:00,0.132719951,0.043622938
6/18/2019 21:00,0.134076759,0.0440689
6/18/2019 22:00,0.164508411,0.0540713
6/18/2019 23:00,0.172519335,0.056704363
6/19/2019 0:00,0.167658153,0.05510657
6/19/2019 1:00,0.196442907,0.064567661
6/19/2019 2:00,0.240902309,0.07918076
6/19/2019 3:00,0.275423033,0.090527173
6/19/2019 4:00,0.290463636,0.09547078
6/19/2019 5:00,0.323502025,0.106329974
6/19/2019 6:00,0.385094796,0.126574538
6/19/2019 7:00,0.388320065,0.127634633
6/19/2019 8:00,0.29451943,0.096803855
6/19/2019 9:00,0.249796239,0.082104053
6/19/2019 10:00,0.245762878,0.080778352
6/19/2019 11:00,0.219255456,0.072065783
6/19/2019 12:00,0.193612026,0.063637195
6/19/2019 13:00,0.210774431,0.069278205
6/19/2019 14:00,0.255383411,0.083940468
6/19/2019 15:00,0.273289881,0.08982604
6/19/2019 16:00,0.230817385,0.075866006
6/19/2019 17:00,0.137986442,0.04535395
6/19/2019 18:00,0.059201864,0.019458712
6/19/2019 19:00,0.00652819,0.002145712
6/19/2019 20:00,0,0
6/19/2019 21:00,0,0
6/19/2019 22:00,0,0
6/19/2019 23:00,0,0
6/20/2019 0:00,0.014356035,0.004718601
6/20/2019 1:00,0.020683649,0.006798387
6/20/2019 2:00,0.035246632,0.011585008
6/20/2019 3:00,0.063893054,0.021000631
6/20/2019 4:00,0.088858307,0.029206313
6/20/2019 5:00,0.095576704,0.031414544
6/20/2019 6:00,0.08958015,0.029443571
6/20/2019 7:00,0.06847446,0.022506467
6/20/2019 8:00,0.047684817,0.015673242
6/20/2019 9:00,0.041416694,0.013613009
6/20/2019 10:00,0.087062781,0.028616152
6/20/2019 11:00,0.144171672,0.047386937
6/20/2019 12:00,0.140368695,0.046136959
6/20/2019 13:00,0.16200507,0.053248491
6/20/2019 14:00,0.327132473,0.107523244
6/20/2019 15:00,0.46172938,0.151763108
6/20/2019 16:00,0.601724373,0.197777237
6/20/2019 17:00,0.640028637,0.21036724
6/20/2019 18:00,0.64237012,0.211136848
6/20/2019 19:00,0.60776842,0.199763819
6/20/2019 20:00,0.630891397,0.207363974
6/20/2019 21:00,0.648565687,0.213173232
6/20/2019 22:00,0.68129991,0.223932451
6/20/2019 23:00,0.726105621,0.238659376
6/21/2019 0:00,0.718085603,0.236023324
6/21/2019 1:00,0.691431991,0.227262705
6/21/2019 2:00,0.660404636,0.217064507
6/21/2019 3:00,0.691426824,0.227261007
6/21/2019 4:00,0.66283094,0.217861994
6/21/2019 5:00,0.612490653,0.201315942
6/21/2019 6:00,0.577742067,0.189894634
6/21/2019 7:00,0.587782556,0.193194784
6/21/2019 8:00,0.596079282,0.195921785
6/21/2019 9:00,0.61488682,0.202103524
6/21/2019 10:00,0.757505809,0.248980119
6/21/2019 11:00,0.785101871,0.258050506
6/21/2019 12:00,0.783624139,0.257564799
6/21/2019 13:00,0.761050184,0.250145099
6/21/2019 14:00,0.762745902,0.250702454
6/21/2019 15:00,0.757825649,0.249085245
6/21/2019 16:00,0.724563495,0.238152504
6/21/2019 17:00,0.68564404,0.225360298
6/21/2019 18:00,0.631363527,0.207519156
6/21/2019 19:00,0.54296121,0.17846272
6/21/2019 20:00,0.426316879,0.140123582
6/21/2019 21:00,0.344010366,0.113070739
6/21/2019 22:00,0.288378448,0.094785412
6/21/2019 23:00,0.275222248,0.090461178
6/22/2019 0:00,0.256888871,0.084435289
6/22/2019 1:00,0.236559692,0.077753411
6/22/2019 2:00,0.221411471,0.072774431
6/22/2019 3:00,0.202265443,0.066481436
6/22/2019 4:00,0.220655711,0.072526025
6/22/2019 5:00,0.232334065,0.076364514
6/22/2019 6:00,0.191396798,0.062909085
6/22/2019 7:00,0.14718183,0.048376328
6/22/2019 8:00,0.123781394,0.040684977
6/22/2019 9:00,0.152227743,0.050034839
6/22/2019 10:00,0.152898543,0.050255321
6/22/2019 11:00,0.171859402,0.056487454
6/22/2019 12:00,0.146094561,0.04801896
6/22/2019 13:00,0.108472443,0.035653168
6/22/2019 14:00,0.057123885,0.018775713
6/22/2019 15:00,0.021567702,0.007088961
6/22/2019 16:00,0,0
6/22/2019 17:00,0,0
6/22/2019 18:00,0,0
6/22/2019 19:00,0,0
6/22/2019 20:00,0,0
6/22/2019 21:00,0,0
6/22/2019 22:00,0,0
6/22/2019 23:00,0,0
6/23/2019 0:00,0,0
6/23/2019 1:00,0,0
6/23/2019 2:00,0,0
6/23/2019 3:00,0,0
6/23/2019 4:00,0.008531746,0.002804249
6/23/2019 5:00,0.025692571,0.00844474
6/23/2019 6:00,0.03788544,0.012452342
6/23/2019 7:00,0.048190227,0.015839362
6/23/2019 8:00,0.068082797,0.022377733
6/23/2019 9:00,0.090168455,0.029636938
6/23/2019 10:00,0.149491134,0.04913536
6/23/2019 11:00,0.186058647,0.06115452
6/23/2019 12:00,0.211946246,0.069663362
6/23/2019 13:00,0.23861649,0.078429447
6/23/2019 14:00,0.269039787,0.088429102
6/23/2019 15:00,0.328849101,0.108087472
6/23/2019 16:00,0.381348243,0.125343106
6/23/2019 17:00,0.387320236,0.127306005
6/23/2019 18:00,0.391258682,0.12860051
6/23/2019 19:00,0.415347828,0.136518229
6/23/2019 20:00,0.432824215,0.14226244
6/23/2019 21:00,0.43814693,0.144011932
6/23/2019 22:00,0.509420421,0.167438395
6/23/2019 23:00,0.401604819,0.132001121
6/24/2019 0:00,0.32386729,0.10645003
6/24/2019 1:00,0.315371152,0.103657485
6/24/2019 2:00,0.27863115,0.09158163
6/24/2019 3:00,0.238058631,0.078246088
6/24/2019 4:00,0.201939229,0.066374215
6/24/2019 5:00,0.218814821,0.071920953
6/24/2019 6:00,0.253803869,0.083421297
6/24/2019 7:00,0.267807255,0.088023988
6/24/2019 8:00,0.329471656,0.108292096
6/24/2019 9:00,0.359669463,0.118217636
6/24/2019 10:00,0.449430354,0.147720614
6/24/2019 11:00,0.352772075,0.115950574
6/24/2019 12:00,0.328568472,0.107995234
6/24/2019 13:00,0.439202958,0.144359031
6/24/2019 14:00,0.577156071,0.189702027
6/24/2019 15:00,0.645498482,0.212165091
6/24/2019 16:00,0.687828908,0.226078429
6/24/2019 17:00,0.730335453,0.240049655
6/24/2019 18:00,0.727637109,0.239162752
6/24/2019 19:00,0.710272606,0.233455316
6/24/2019 20:00,0.708239395,0.232787032
6/24/2019 21:00,0.745919097,0.245171751
6/24/2019 22:00,0.789935467,0.259639232
6/24/2019 23:00,0.760260289,0.249885473
6/25/2019 0:00,0.739459102,0.243048453
6/25/2019 1:00,0.659108941,0.216638633
6/25/2019 2:00,0.64498909,0.211997662
6/25/2019 3:00,0.644671225,0.211893185
6/25/2019 4:00,0.654544591,0.215138403
6/25/2019 5:00,0.652984169,0.214625517
6/25/2019 6:00,0.623919047,0.205072274
6/25/2019 7:00,0.544159835,0.178856688
6/25/2019 8:00,0.552154451,0.181484392
6/25/2019 9:00,0.55393355,0.182069153
6/25/2019 10:00,0.588574191,0.193454981
6/25/2019 11:00,0.58746046,0.193088916
6/25/2019 12:00,0.520687479,0.171141698
6/25/2019 13:00,0.459576333,0.151055436
6/25/2019 14:00,0.465954452,0.153151822
6/25/2019 15:00,0.415973688,0.136723939
6/25/2019 16:00,0.357965341,0.117657518
6/25/2019 17:00,0.354749236,0.116600435
6/25/2019 18:00,0.389504303,0.128023873
6/25/2019 19:00,0.383522521,0.126057757
6/25/2019 20:00,0.311727877,0.102459998
6/25/2019 21:00,0.242611531,0.079742554
6/25/2019 22:00,0.248471972,0.081668788
6/25/2019 23:00,0.255149146,0.083863469
6/26/2019 0:00,0.225513912,0.074122838
6/26/2019 1:00,0.199617728,0.065611174
6/26/2019 2:00,0.199492081,0.065569876
6/26/2019 3:00,0.186975512,0.061455879
6/26/2019 4:00,0.178810834,0.058772279
6/26/2019 5:00,0.232824524,0.07652572
6/26/2019 6:00,0.281463344,0.092512527
6/26/2019 7:00,0.438045733,0.14397867
6/26/2019 8:00,0.453716328,0.149129345
6/26/2019 9:00,0.464996704,0.152837026
6/26/2019 10:00,0.602151855,0.197917744
6/26/2019 11:00,0.598381112,0.19667836
6/26/2019 12:00,0.658554251,0.216456315
6/26/2019 13:00,0.727538729,0.239130416
6/26/2019 14:00,0.786855325,0.258626838
6/26/2019 15:00,0.805728579,0.264830177
6/26/2019 16:00,0.815673425,0.26809889
6/26/2019 17:00,0.816069352,0.268229025
6/26/2019 18:00,0.822212129,0.270248058
6/26/2019 19:00,0.821743865,0.270094147
6/26/2019 20:00,0.814256848,0.267633283
6/26/2019 21:00,0.791533982,0.260164639
6/26/2019 22:00,0.756646214,0.248697584
6/26/2019 23:00,0.775848088,0.255008934
6/27/2019 0:00,0.767799772,0.252363581
6/27/2019 1:00,0.744931664,0.244847197
6/27/2019 2:00,0.67528771,0.221956337
6/27/2019 3:00,0.642399128,0.211146382
6/27/2019 4:00,0.595305726,0.19566753
6/27/2019 5:00,0.538669519,0.177052109
6/27/2019 6:00,0.436133605,0.143350184
6/27/2019 7:00,0.289241692,0.095069147
6/27/2019 8:00,0.228164253,0.074993963
6/27/2019 9:00,0.182911134,0.060119983
6/27/2019 10:00,0.155505492,0.051112183
6/27/2019 11:00,0.167290142,0.054985611
6/27/2019 12:00,0.205994725,0.067707192
6/27/2019 13:00,0.209324347,0.068801586
6/27/2019 14:00,0.192120899,0.063147086
6/27/2019 15:00,0.168182993,0.055279077
6/27/2019 16:00,0.139305891,0.045787632
6/27/2019 17:00,0.10344765,0.034001598
6/27/2019 18:00,0.080906418,0.026592654
6/27/2019 19:00,0.059183987,0.019452836
6/27/2019 20:00,0.042525037,0.013977304
6/27/2019 21:00,0.029537227,0.009708417
6/27/2019 22:00,0.003614656,0.00118808
6/27/2019 23:00,0,0
6/28/2019 0:00,0,0
6/28/2019 1:00,0,0
6/28/2019 2:00,0,0
6/28/2019 3:00,0,0
6/28/2019 4:00,0,0
6/28/2019 5:00,0.014292331,0.004697662
6/28/2019 6:00,0.056945011,0.01871692
6/28/2019 7:00,0.116181776,0.038187103
6/28/2019 8:00,0.16944435,0.055693664
6/28/2019 9:00,0.216167247,0.071050738
6/28/2019 10:00,0.236062175,0.077589885
6/28/2019 11:00,0.290081078,0.09534504
6/28/2019 12:00,0.380769543,0.125152896
6/28/2019 13:00,0.350196828,0.115104131
6/28/2019 14:00,0.365103931,0.120003859
6/28/2019 15:00,0.405752102,0.133364267
6/28/2019 16:00,0.433999324,0.142648679
6/28/2019 17:00,0.480352664,0.157884286
6/28/2019 18:00,0.502018143,0.165005384
6/28/2019 19:00,0.552080615,0.181460123
6/28/2019 20:00,0.615436861,0.202284314
6/28/2019 21:00,0.661533339,0.217435494
6/28/2019 22:00,0.618013701,0.20313128
6/28/2019 23:00,0.61127247,0.200915545
6/29/2019 0:00,0.65624138,0.215696111
6/29/2019 1:00,0.482002583,0.158426588
6/29/2019 2:00,0.208342413,0.06847884
6/29/2019 3:00,0.201072144,0.066089218
6/29/2019 4:00,0.116992293,0.038453507
6/29/2019 5:00,0.097207432,0.031950538
6/29/2019 6:00,0.088709594,0.029157433
6/29/2019 7:00,0.01407323,0.004625647
6/29/2019 8:00,0,0
6/29/2019 9:00,0,0
6/29/2019 10:00,0,0
6/29/2019 11:00,0.020389997,0.006701868
6/29/2019 12:00,0.008199772,0.002695135
6/29/2019 13:00,0.068348853,0.022465182
6/29/2019 14:00,0.077453114,0.025457607
6/29/2019 15:00,0.024572701,0.008076656
6/29/2019 16:00,0,0
6/29/2019 17:00,0,0
6/29/2019 18:00,0,0
6/29/2019 19:00,0.005331726,0.001752454
6/29/2019 20:00,0.045391207,0.014919368
6/29/2019 21:00,0.113711368,0.037375119
6/29/2019 22:00,0.115671182,0.038019279
6/29/2019 23:00,0.152814205,0.0502276
6/30/2019 0:00,0.175943754,0.057829915
6/30/2019 1:00,0.04757064,0.015635713
6/30/2019 2:00,0,0
6/30/2019 3:00,0.002935498,0.000964852
6/30/2019 4:00,0,0
6/30/2019 5:00,0,0
6/30/2019 6:00,0,0
6/30/2019 7:00,0.076873513,0.025267102
6/30/2019 8:00,0.125982216,0.041408352
6/30/2019 9:00,0.167257042,0.054974731
6/30/2019 10:00,0.310819053,0.102161282
6/30/2019 11:00,0.431676534,0.141885215
6/30/2019 12:00,0.27601555,0.090721924
6/30/2019 13:00,0.488154365,0.160448581
6/30/2019 14:00,0.686992917,0.225803652
6/30/2019 15:00,0.788053948,0.259020807
6/30/2019 16:00,0.795366619,0.261424366
6/30/2019 17:00,0.770081199,0.25311345
6/30/2019 18:00,0.735618459,0.241786095
6/30/2019 19:00,0.713615344,0.234554021
6/30/2019 20:00,0.776585175,0.255251203
6/30/2019 21:00,0.808496636,0.265739993
6/30/2019 22:00,0.823244847,0.270587496
6/30/2019 23:00,0.8456679,0.277957597
07/01/2019 00:00,0.832627005,0.273671262
07/01/2019 01:00,0.820694687,0.269749299
07/01/2019 02:00,0.817764861,0.268786312
07/01/2019 03:00,0.804609153,0.264462239
07/01/2019 04:00,0.80130505,0.263376233
07/01/2019 05:00,0.809469494,0.266059756
07/01/2019 06:00,0.806691235,0.265146587
07/01/2019 07:00,0.823713467,0.270741524
07/01/2019 08:00,0.830213497,0.27287798
07/01/2019 09:00,0.829201333,0.272545298
07/01/2019 10:00,0.829647116,0.27269182
07/01/2019 11:00,0.817685466,0.268760216
07/01/2019 12:00,0.806567665,0.265105971
07/01/2019 13:00,0.812987838,0.26721618
07/01/2019 14:00,0.801803521,0.263540073
07/01/2019 15:00,0.797746959,0.262206745
07/01/2019 16:00,0.799549874,0.262799335
07/01/2019 17:00,0.787742193,0.258918338
07/01/2019 18:00,0.774894394,0.254695471
07/01/2019 19:00,0.745689415,0.245096258
07/01/2019 20:00,0.644768868,0.211925278
07/01/2019 21:00,0.570514863,0.187519167
07/01/2019 22:00,0.539778187,0.17741651
07/01/2019 23:00,0.467478077,0.153652613
07/02/2019 00:00,0.352927498,0.116001659
07/02/2019 01:00,0.223697619,0.073525852
07/02/2019 02:00,0.136118252,0.044739906
07/02/2019 03:00,0.050511403,0.016602295
07/02/2019 04:00,0.030640557,0.010071064
07/02/2019 05:00,0.073880148,0.02428323
07/02/2019 06:00,0.153067383,0.050310816
07/02/2019 07:00,0.224241331,0.073704561
07/02/2019 08:00,0.270706852,0.088977039
07/02/2019 09:00,0.319649623,0.10506375
07/02/2019 10:00,0.486377519,0.15986456
07/02/2019 11:00,0.545877179,0.179421152
07/02/2019 12:00,0.657751812,0.216192566
07/02/2019 13:00,0.758761311,0.249392783
07/02/2019 14:00,0.776178788,0.25511763
07/02/2019 15:00,0.794012665,0.260979342
07/02/2019 16:00,0.792134741,0.260362099
07/02/2019 17:00,0.77582807,0.255002355
07/02/2019 18:00,0.728359808,0.239400292
07/02/2019 19:00,0.675996016,0.222189146
07/02/2019 20:00,0.645254871,0.21208502
07/02/2019 21:00,0.593486927,0.195069719
07/02/2019 22:00,0.482550536,0.158606691
07/02/2019 23:00,0.460790198,0.151454414
07/03/2019 00:00,0.585130313,0.192323033
07/03/2019 01:00,0.606793878,0.199443503
07/03/2019 02:00,0.602231582,0.197943949
07/03/2019 03:00,0.562660915,0.184937699
07/03/2019 04:00,0.541521912,0.177989645
07/03/2019 05:00,0.541921908,0.178121118
07/03/2019 06:00,0.532541306,0.175037863
07/03/2019 07:00,0.565197214,0.18577134
07/03/2019 08:00,0.528109614,0.173581236
07/03/2019 09:00,0.491585998,0.161576504
07/03/2019 10:00,0.436844687,0.143583905
07/03/2019 11:00,0.495380009,0.162823535
07/03/2019 12:00,0.55653462,0.182924084
07/03/2019 13:00,0.639964075,0.210346019
07/03/2019 14:00,0.728534787,0.239457805
07/03/2019 15:00,0.797059884,0.261980915
07/03/2019 16:00,0.815650689,0.268091417
07/03/2019 17:00,0.830939993,0.273116768
07/03/2019 18:00,0.830864967,0.273092108
07/03/2019 19:00,0.827355359,0.271938556
07/03/2019 20:00,0.828797772,0.272412654
07/03/2019 21:00,0.83342152,0.273932407
07/03/2019 22:00,0.847806939,0.278660665
07/03/2019 23:00,0.849679523,0.279276154
07/04/2019 00:00,0.849855754,0.279334078
07/04/2019 01:00,0.850175899,0.279439305
07/04/2019 02:00,0.850469811,0.279535909
07/04/2019 03:00,0.850555585,0.279564101
07/04/2019 04:00,0.850488508,0.279542054
07/04/2019 05:00,0.850633613,0.279589748
07/04/2019 06:00,0.850530058,0.279555711
07/04/2019 07:00,0.850417368,0.279518672
07/04/2019 08:00,0.850281572,0.279474038
07/04/2019 09:00,0.850685509,0.279606805
07/04/2019 10:00,0.850883926,0.279672022
07/04/2019 11:00,0.8514,0.279841647
07/04/2019 12:00,0.8514,0.279841647
07/04/2019 13:00,0.851191084,0.27977298
07/04/2019 14:00,0.849848126,0.279331571
07/04/2019 15:00,0.834715097,0.274357585
07/04/2019 16:00,0.807860691,0.265530968
07/04/2019 17:00,0.775546521,0.254909814
07/04/2019 18:00,0.635032946,0.208725236
07/04/2019 19:00,0.536048557,0.17619064
07/04/2019 20:00,0.413603866,0.135945017
07/04/2019 21:00,0.298612886,0.098149309
07/04/2019 22:00,0.223745351,0.073541541
07/04/2019 23:00,0.228892954,0.075233476
07/05/2019 00:00,0.237600821,0.078095613
07/05/2019 01:00,0.282137664,0.092734166
07/05/2019 02:00,0.330613501,0.108667403
07/05/2019 03:00,0.384898286,0.126509949
07/05/2019 04:00,0.281818348,0.092629212
07/05/2019 05:00,0.238805361,0.078491526
07/05/2019 06:00,0.227018981,0.07461753
07/05/2019 07:00,0.199236577,0.065485896
07/05/2019 08:00,0.16798116,0.055212737
07/05/2019 09:00,0.18055361,0.059345102
07/05/2019 10:00,0.205218334,0.067452004
07/05/2019 11:00,0.173743715,0.057106797
07/05/2019 12:00,0.129407892,0.042534317
07/05/2019 13:00,0.155938871,0.051254628
07/05/2019 14:00,0.213355953,0.070126711
07/05/2019 15:00,0.438458183,0.144114236
07/05/2019 16:00,0.751016185,0.246847083
07/05/2019 17:00,0.813817052,0.26748873
07/05/2019 18:00,0.821132103,0.26989307
07/05/2019 19:00,0.813004327,0.2672216
07/05/2019 20:00,0.801563135,0.263461062
07/05/2019 21:00,0.805916205,0.264891847
07/05/2019 22:00,0.82672425,0.27173112
07/05/2019 23:00,0.830831152,0.273080994
07/06/2019 00:00,0.829395469,0.272609107
07/06/2019 01:00,0.836249288,0.274861849
07/06/2019 02:00,0.827327654,0.27192945
07/06/2019 03:00,0.819530314,0.269366588
07/06/2019 04:00,0.806389149,0.265047296
07/06/2019 05:00,0.794028137,0.260984428
07/06/2019 06:00,0.779924857,0.256348904
07/06/2019 07:00,0.753238676,0.24757758
07/06/2019 08:00,0.660035164,0.216943067
07/06/2019 09:00,0.554993012,0.182417382
07/06/2019 10:00,0.610374129,0.200620275
07/06/2019 11:00,0.446980497,0.146915385
07/06/2019 12:00,0.379372167,0.124693601
07/06/2019 13:00,0.376998448,0.123913397
07/06/2019 14:00,0.455924072,0.149854996
07/06/2019 15:00,0.541118096,0.177856917
07/06/2019 16:00,0.579879428,0.190597151
07/06/2019 17:00,0.49957242,0.164201514
07/06/2019 18:00,0.412395874,0.135547969
07/06/2019 19:00,0.37148265,0.122100442
07/06/2019 20:00,0.358820187,0.117938492
07/06/2019 21:00,0.35225657,0.115781135
07/06/2019 22:00,0.538914492,0.177132628
07/06/2019 23:00,0.538620527,0.177036006
07/07/2019 00:00,0.494432837,0.162512214
07/07/2019 01:00,0.506027897,0.166323327
07/07/2019 02:00,0.613173536,0.201540395
07/07/2019 03:00,0.629114824,0.206780043
07/07/2019 04:00,0.64616407,0.212383859
07/07/2019 05:00,0.699406897,0.22988393
07/07/2019 06:00,0.727074526,0.23897784
07/07/2019 07:00,0.781785903,0.2569606
07/07/2019 08:00,0.807711729,0.265482007
07/07/2019 09:00,0.818181191,0.268923153
07/07/2019 10:00,0.841842465,0.276700237
07/07/2019 11:00,0.796115509,0.261670514
07/07/2019 12:00,0.769551159,0.252939234
07/07/2019 13:00,0.735262518,0.241669103
07/07/2019 14:00,0.67720865,0.222587719
07/07/2019 15:00,0.629955361,0.207056314
07/07/2019 16:00,0.586727979,0.192848161
07/07/2019 17:00,0.487923021,0.160372542
07/07/2019 18:00,0.394024595,0.129509621
07/07/2019 19:00,0.282828506,0.092961235
07/07/2019 20:00,0.248532501,0.081688683
07/07/2019 21:00,0.241336587,0.0793235
07/07/2019 22:00,0.38666179,0.127089584
07/07/2019 23:00,0.315626937,0.103741557
07/08/2019 00:00,0.28030593,0.092132104
07/08/2019 01:00,0.251667865,0.082719227
07/08/2019 02:00,0.252514361,0.082997457
07/08/2019 03:00,0.254082913,0.083513015
07/08/2019 04:00,0.241282826,0.07930583
07/08/2019 05:00,0.1926921,0.06333483
07/08/2019 06:00,0.160257152,0.052673979
07/08/2019 07:00,0.137327046,0.045137217
07/08/2019 08:00,0.09671208,0.031787724
07/08/2019 09:00,0.052595789,0.0172874
07/08/2019 10:00,0.014200557,0.004667497
07/08/2019 11:00,0,0
07/08/2019 12:00,0,0
07/08/2019 13:00,0,0
07/08/2019 14:00,0,0
07/08/2019 15:00,0.009204623,0.003025413
07/08/2019 16:00,0.022765276,0.007482584
07/08/2019 17:00,0.028367945,0.009324092
07/08/2019 18:00,0.022341481,0.00734329
07/08/2019 19:00,0.020947092,0.006884976
07/08/2019 20:00,0.025272469,0.008306659
07/08/2019 21:00,0.036638104,0.012042363
07/08/2019 22:00,0.039636249,0.013027805
07/08/2019 23:00,0.078265023,0.025724469
07/09/2019 00:00,0.121751518,0.040017789
07/09/2019 01:00,0.139706222,0.045919214
07/09/2019 02:00,0.115673735,0.038020118
07/09/2019 03:00,0.110419563,0.036293155
07/09/2019 04:00,0.145851352,0.047939021
07/09/2019 05:00,0.180142777,0.059210067
07/09/2019 06:00,0.237838069,0.078173593
07/09/2019 07:00,0.316995224,0.104191292
07/09/2019 08:00,0.373866062,0.122883832
07/09/2019 09:00,0.459651932,0.151080284
07/09/2019 10:00,0.495982286,0.163021494
07/09/2019 11:00,0.495343369,0.162811492
07/09/2019 12:00,0.409378242,0.134556121
07/09/2019 13:00,0.391503513,0.128680982
07/09/2019 14:00,0.378008925,0.124245525
07/09/2019 15:00,0.376671484,0.12380593
07/09/2019 16:00,0.286956731,0.094318116
07/09/2019 17:00,0.197922172,0.065053872
07/09/2019 18:00,0.212127772,0.069723027
07/09/2019 19:00,0.217972092,0.071643962
07/09/2019 20:00,0.204911574,0.067351177
07/09/2019 21:00,0.206536246,0.067885181
07/09/2019 22:00,0.170712807,0.056110586
07/09/2019 23:00,0.095487475,0.031385215
07/10/2019 00:00,0.045420793,0.014929093
07/10/2019 01:00,0.014258819,0.004686647
07/10/2019 02:00,0,0
07/10/2019 03:00,0,0
07/10/2019 04:00,0,0
07/10/2019 05:00,0,0
07/10/2019 06:00,0,0
07/10/2019 07:00,0,0
07/10/2019 08:00,0,0
07/10/2019 09:00,0,0
07/10/2019 10:00,0,0
07/10/2019 11:00,0,0
07/10/2019 12:00,0,0
07/10/2019 13:00,0.003838544,0.001261669
07/10/2019 14:00,0.025505995,0.008383415
07/10/2019 15:00,0.049797157,0.016367534
07/10/2019 16:00,0.073861501,0.024277101
07/10/2019 17:00,0.12739988,0.041874316
07/10/2019 18:00,0.188958343,0.062107604
07/10/2019 19:00,0.218113545,0.071690455
07/10/2019 20:00,0.245220896,0.080600211
07/10/2019 21:00,0.270077016,0.088770022
07/10/2019 22:00,0.251920263,0.082802186
07/10/2019 23:00,0.272409984,0.089536832
07/11/2019 00:00,0.271612518,0.089274718
07/11/2019 01:00,0.21961092,0.072182619
07/11/2019 02:00,0.187131021,0.061506992
07/11/2019 03:00,0.202668646,0.066613963
07/11/2019 04:00,0.202366913,0.066514788
07/11/2019 05:00,0.172768073,0.056786119
07/11/2019 06:00,0.194706893,0.063997061
07/11/2019 07:00,0.196636191,0.06463119
07/11/2019 08:00,0.184139149,0.060523611
07/11/2019 09:00,0.18008387,0.059190706
07/11/2019 10:00,0.222473336,0.073123449
07/11/2019 11:00,0.296413614,0.097426443
07/11/2019 12:00,0.349917492,0.115012318
07/11/2019 13:00,0.287242339,0.094411991
07/11/2019 14:00,0.238784237,0.078484583
07/11/2019 15:00,0.164695826,0.0541329
07/11/2019 16:00,0.180935513,0.059470627
07/11/2019 17:00,0.202248556,0.066475886
07/11/2019 18:00,0.214263784,0.0704251
07/11/2019 19:00,0.219543056,0.072160313
07/11/2019 20:00,0.209112332,0.0687319
07/11/2019 21:00,0.222987561,0.073292467
07/11/2019 22:00,0.285420414,0.093813153
07/11/2019 23:00,0.261749384,0.086032862
07/12/2019 00:00,0.236558027,0.077752864
07/12/2019 01:00,0.23440381,0.077044806
07/12/2019 02:00,0.24050847,0.079051311
07/12/2019 03:00,0.226240488,0.074361652
07/12/2019 04:00,0.196138968,0.064467761
07/12/2019 05:00,0.161831211,0.053191347
07/12/2019 06:00,0.152446999,0.050106905
07/12/2019 07:00,0.168023819,0.055226759
07/12/2019 08:00,0.171079802,0.056231212
07/12/2019 09:00,0.142924458,0.046976998
07/12/2019 10:00,0.130229443,0.042804348
07/12/2019 11:00,0.069293225,0.022775582
07/12/2019 12:00,0.028686934,0.009428939
07/12/2019 13:00,0.024805237,0.008153087
07/12/2019 14:00,0.023955006,0.00787363
07/12/2019 15:00,0.023222516,0.007632872
07/12/2019 16:00,0.028547934,0.009383252
07/12/2019 17:00,0.043797645,0.01439559
07/12/2019 18:00,0.040537465,0.01332402
07/12/2019 19:00,0.03556903,0.011690975
07/12/2019 20:00,0.030552814,0.010042224
07/12/2019 21:00,0.027098296,0.008906779
07/12/2019 22:00,0.036050497,0.011849225
07/12/2019 23:00,0.02594162,0.008526598
7/13/2019 0:00,0.016790348,0.005518721
7/13/2019 1:00,0.022445196,0.007377379
7/13/2019 2:00,0.027147664,0.008923006
7/13/2019 3:00,0.040282909,0.013240352
7/13/2019 4:00,0.030330952,0.009969302
7/13/2019 5:00,0.035764513,0.011755227
7/13/2019 6:00,0.072343632,0.023778202
7/13/2019 7:00,0.143946839,0.047313038
7/13/2019 8:00,0.237716281,0.078133563
7/13/2019 9:00,0.319166277,0.104904882
7/13/2019 10:00,0.454818534,0.149491623
7/13/2019 11:00,0.460658826,0.151411234
7/13/2019 12:00,0.488416262,0.160534662
7/13/2019 13:00,0.507572148,0.166830897
7/13/2019 14:00,0.500132476,0.164385595
7/13/2019 15:00,0.476938253,0.156762023
7/13/2019 16:00,0.500914654,0.164642685
7/13/2019 17:00,0.515112358,0.169309245
7/13/2019 18:00,0.462234465,0.151929121
7/13/2019 19:00,0.416915595,0.137033529
7/13/2019 20:00,0.305948034,0.100560256
7/13/2019 21:00,0.243127786,0.079912239
7/13/2019 22:00,0.200287508,0.06583132
7/13/2019 23:00,0.183758619,0.060398537
7/14/2019 0:00,0.203400811,0.066854614
7/14/2019 1:00,0.196029036,0.064431628
7/14/2019 2:00,0.207745999,0.068282808
7/14/2019 3:00,0.223219278,0.073368629
7/14/2019 4:00,0.190846272,0.062728136
7/14/2019 5:00,0.17038197,0.056001845
7/14/2019 6:00,0.15171144,0.049865139
7/14/2019 7:00,0.155617871,0.051149121
7/14/2019 8:00,0.139831778,0.045960483
7/14/2019 9:00,0.151684949,0.049856432
7/14/2019 10:00,0.15932994,0.052369219
7/14/2019 11:00,0.13337804,0.043839242
7/14/2019 12:00,0.131196708,0.043122272
7/14/2019 13:00,0.1242458,0.04083762
7/14/2019 14:00,0.130767619,0.042981238
7/14/2019 15:00,0.119460013,0.039264607
7/14/2019 16:00,0.091143864,0.029957539
7/14/2019 17:00,0.070739672,0.023251006
7/14/2019 18:00,0.07128079,0.023428863
7/14/2019 19:00,0.069141934,0.022725855
7/14/2019 20:00,0.052311603,0.017193993
7/14/2019 21:00,0.015986205,0.005254411
7/14/2019 22:00,0.005612476,0.001844731
7/14/2019 23:00,0,0
7/15/2019 0:00,0,0
7/15/2019 1:00,0,0
7/15/2019 2:00,0.008079375,0.002655562
7/15/2019 3:00,0.027288481,0.00896929
7/15/2019 4:00,0.043908642,0.014432073
7/15/2019 5:00,0.059912042,0.019692136
7/15/2019 6:00,0.062108613,0.020414114
7/15/2019 7:00,0.060593032,0.019915966
7/15/2019 8:00,0.04869928,0.016006679
7/15/2019 9:00,0.033295296,0.010943635
7/15/2019 10:00,0,0
7/15/2019 11:00,0,0
7/15/2019 12:00,0,0
7/15/2019 13:00,0,0
7/15/2019 14:00,0,0
7/15/2019 15:00,0,0
7/15/2019 16:00,0,0
7/15/2019 17:00,0,0
7/15/2019 18:00,0,0
7/15/2019 19:00,0,0
7/15/2019 20:00,0,0
7/15/2019 21:00,0,0
7/15/2019 22:00,0.013392143,0.004401785
7/15/2019 23:00,0.018964819,0.006233435
7/16/2019 0:00,0.016675229,0.005480883
7/16/2019 1:00,0.01073945,0.003529886
7/16/2019 2:00,0.007035569,0.00231248
7/16/2019 3:00,0.013573992,0.004461555
7/16/2019 4:00,0.025101332,0.008250409
7/16/2019 5:00,0.033491958,0.011008274
7/16/2019 6:00,0.051521301,0.016934233
7/16/2019 7:00,0.074786075,0.024580994
7/16/2019 8:00,0.083612074,0.02748196
7/16/2019 9:00,0.073587381,0.024187003
7/16/2019 10:00,0.038895019,0.012784174
7/16/2019 11:00,0.008093573,0.002660229
7/16/2019 12:00,0,0
7/16/2019 13:00,0,0
7/16/2019 14:00,0,0
7/16/2019 15:00,0,0
7/16/2019 16:00,0,0
7/16/2019 17:00,0,0
7/16/2019 18:00,0,0
7/16/2019 19:00,0,0
7/16/2019 20:00,0,0
7/16/2019 21:00,0.012047817,0.003959926
7/16/2019 22:00,0.005976443,0.001964362
7/16/2019 23:00,0.023993647,0.00788633
7/17/2019 0:00,0.029035879,0.009543632
7/17/2019 1:00,0.04673058,0.015359599
7/17/2019 2:00,0.069357184,0.022796604
7/17/2019 3:00,0.076927689,0.025284909
7/17/2019 4:00,0.085571091,0.028125857
7/17/2019 5:00,0.114074334,0.03749442
7/17/2019 6:00,0.164086933,0.053932767
7/17/2019 7:00,0.230698797,0.075827028
7/17/2019 8:00,0.352970045,0.116015644
7/17/2019 9:00,0.484787962,0.159342097
7/17/2019 10:00,0.479476058,0.157596159
7/17/2019 11:00,0.596266554,0.195983339
7/17/2019 12:00,0.653095609,0.214662146
7/17/2019 13:00,0.697837214,0.229368
7/17/2019 14:00,0.752801808,0.247433989
7/17/2019 15:00,0.706586075,0.232243612
7/17/2019 16:00,0.664100323,0.21827922
7/17/2019 17:00,0.677320421,0.222624456
7/17/2019 18:00,0.679327897,0.223284282
7/17/2019 19:00,0.618964196,0.203443693
7/17/2019 20:00,0.46461706,0.152712243
7/17/2019 21:00,0.284386132,0.093473201
7/17/2019 22:00,0.214215191,0.070409128
7/17/2019 23:00,0.165623521,0.054437819
7/18/2019 0:00,0.1464075,0.048121818
7/18/2019 1:00,0.114609725,0.037670395
7/18/2019 2:00,0.069050069,0.02269566
7/18/2019 3:00,0.027336548,0.008985089
7/18/2019 4:00,0,0
7/18/2019 5:00,0,0
7/18/2019 6:00,0,0
7/18/2019 7:00,0,0
7/18/2019 8:00,0.012532039,0.004119082
7/18/2019 9:00,0.041237867,0.013554231
7/18/2019 10:00,0.0834842,0.027439929
7/18/2019 11:00,0.130151727,0.042778804
7/18/2019 12:00,0.138329508,0.045466711
7/18/2019 13:00,0.114122903,0.037510384
7/18/2019 14:00,0.076965945,0.025297483
7/18/2019 15:00,0.073389688,0.024122024
7/18/2019 16:00,0.092670938,0.030459464
7/18/2019 17:00,0.083794752,0.027542003
7/18/2019 18:00,0.075309466,0.024753024
7/18/2019 19:00,0.119541238,0.039291305
7/18/2019 20:00,0.120726435,0.03968086
7/18/2019 21:00,0.09097227,0.029901139
7/18/2019 22:00,0.116989367,0.038452546
7/18/2019 23:00,0.139220713,0.045759636
7/19/2019 0:00,0.158665932,0.05215097
7/19/2019 1:00,0.171877533,0.056493413
7/19/2019 2:00,0.199054467,0.065426039
7/19/2019 3:00,0.204681586,0.067275584
7/19/2019 4:00,0.227089607,0.074640744
7/19/2019 5:00,0.254773237,0.083739913
7/19/2019 6:00,0.290767331,0.0955706
7/19/2019 7:00,0.286062021,0.09402404
7/19/2019 8:00,0.24607574,0.080881184
7/19/2019 9:00,0.197901669,0.065047133
7/19/2019 10:00,0.171398834,0.056336072
7/19/2019 11:00,0.181309534,0.059593562
7/19/2019 12:00,0.198657086,0.065295427
7/19/2019 13:00,0.213192899,0.070073117
7/19/2019 14:00,0.214729915,0.07057831
7/19/2019 15:00,0.186324074,0.061241761
7/19/2019 16:00,0.145085142,0.04768718
7/19/2019 17:00,0.087466001,0.028748684
7/19/2019 18:00,0.053774404,0.017674792
7/19/2019 19:00,0.018963246,0.006232918
7/19/2019 20:00,0.017003686,0.005588841
7/19/2019 21:00,0.073415519,0.024130514
7/19/2019 22:00,0.188264871,0.061879671
7/19/2019 23:00,0.324016622,0.106499113
7/20/2019 0:00,0.416766548,0.13698454
7/20/2019 1:00,0.438732964,0.144204552
7/20/2019 2:00,0.452516819,0.148735086
7/20/2019 3:00,0.366099568,0.120331109
7/20/2019 4:00,0.260566774,0.085644157
7/20/2019 5:00,0.238027578,0.078235881
7/20/2019 6:00,0.269926314,0.088720489
7/20/2019 7:00,0.314733347,0.103447848
7/20/2019 8:00,0.159320245,0.052366032
7/20/2019 9:00,0.02917692,0.00958999
7/20/2019 10:00,0.061333298,0.02015928
7/20/2019 11:00,0.106202599,0.034907106
7/20/2019 12:00,0.150930799,0.049608554
7/20/2019 13:00,0.257097201,0.084503763
7/20/2019 14:00,0.421737325,0.138618355
7/20/2019 15:00,0.52180528,0.171509102
7/20/2019 16:00,0.590909339,0.194222507
7/20/2019 17:00,0.612966911,0.201472481
7/20/2019 18:00,0.561421411,0.184530294
7/20/2019 19:00,0.535144316,0.175893431
7/20/2019 20:00,0.524396519,0.172360801
7/20/2019 21:00,0.44615295,0.146643383
7/20/2019 22:00,0.317962453,0.104509204
7/20/2019 23:00,0.254730998,0.08372603
7/21/2019 0:00,0.212908262,0.069979562
7/21/2019 1:00,0.186834786,0.061409625
7/21/2019 2:00,0.160147461,0.052637925
7/21/2019 3:00,0.134578766,0.044233901
7/21/2019 4:00,0.162020637,0.053253608
7/21/2019 5:00,0.212481101,0.06983916
7/21/2019 6:00,0.216791686,0.071255981
7/21/2019 7:00,0.195151481,0.06414319
7/21/2019 8:00,0.176451568,0.057996826
7/21/2019 9:00,0.148146847,0.048693514
7/21/2019 10:00,0.100053143,0.032885878
7/21/2019 11:00,0.05127627,0.016853695
7/21/2019 12:00,0.050569174,0.016621284
7/21/2019 13:00,0.059643781,0.019603963
7/21/2019 14:00,0.106592638,0.035035306
7/21/2019 15:00,0.188467541,0.061946285
7/21/2019 16:00,0.397334979,0.130597692
7/21/2019 17:00,0.639298421,0.210127229
7/21/2019 18:00,0.663474918,0.21807366
7/21/2019 19:00,0.651404713,0.214106375
7/21/2019 20:00,0.776609976,0.255259355
7/21/2019 21:00,0.833805967,0.274058768
7/21/2019 22:00,0.843072143,0.277104413
7/21/2019 23:00,0.777422489,0.255526415
7/22/2019 0:00,0.749633678,0.246392675
7/22/2019 1:00,0.778112785,0.255753305
7/22/2019 2:00,0.766554861,0.251954399
7/22/2019 3:00,0.734962916,0.241570628
7/22/2019 4:00,0.6065782,0.199372613
7/22/2019 5:00,0.496772931,0.163281366
7/22/2019 6:00,0.394250786,0.129583967
7/22/2019 7:00,0.287075839,0.094357265
7/22/2019 8:00,0.218395619,0.071783169
7/22/2019 9:00,0.20592215,0.067683337
7/22/2019 10:00,0.027113271,0.008911701
7/22/2019 11:00,0,0
7/22/2019 12:00,0,0
7/22/2019 13:00,0,0
7/22/2019 14:00,0,0
7/22/2019 15:00,0,0
7/22/2019 16:00,0,0
7/22/2019 17:00,0.008044507,0.002644102
7/22/2019 18:00,0.021298932,0.00700062
7/22/2019 19:00,0.038199183,0.012555464
7/22/2019 20:00,0.078409034,0.025771803
7/22/2019 21:00,0.172552398,0.05671523
7/22/2019 22:00,0.256396983,0.084273613
7/22/2019 23:00,0.367764503,0.120878346
7/23/2019 0:00,0.39611338,0.130196172
7/23/2019 1:00,0.36509247,0.120000092
7/23/2019 2:00,0.30152294,0.099105798
7/23/2019 3:00,0.263210559,0.086513127
7/23/2019 4:00,0.225463427,0.074106245
7/23/2019 5:00,0.197477673,0.064907772
7/23/2019 6:00,0.253654395,0.083372168
7/23/2019 7:00,0.430355267,0.141450936
7/23/2019 8:00,0.61669578,0.202698101
7/23/2019 9:00,0.644416265,0.211809383
7/23/2019 10:00,0.615277525,0.202231943
7/23/2019 11:00,0.493867065,0.162326254
7/23/2019 12:00,0.346876936,0.114012935
7/23/2019 13:00,0.235099827,0.077273576
7/23/2019 14:00,0.23311076,0.076619802
7/23/2019 15:00,0.249748638,0.082088408
7/23/2019 16:00,0.328465742,0.107961469
7/23/2019 17:00,0.404264075,0.132875176
7/23/2019 18:00,0.465871206,0.15312446
7/23/2019 19:00,0.445311618,0.146366851
7/23/2019 20:00,0.240294259,0.078980904
7/23/2019 21:00,0.109349654,0.035941493
7/23/2019 22:00,0.029568343,0.009718644
7/23/2019 23:00,0.006651571,0.002186266
7/24/2019 0:00,0.057728108,0.018974312
7/24/2019 1:00,0.18822329,0.061866004
7/24/2019 2:00,0.348035502,0.114393738
7/24/2019 3:00,0.43678468,0.143564182
7/24/2019 4:00,0.613581481,0.20167448
7/24/2019 5:00,0.773102942,0.254106649
7/24/2019 6:00,0.833747609,0.274039587
7/24/2019 7:00,0.848725305,0.278962517
7/24/2019 8:00,0.825119784,0.271203758
7/24/2019 9:00,0.804614488,0.264463993
7/24/2019 10:00,0.813553845,0.267402218
7/24/2019 11:00,0.806271734,0.265008703
7/24/2019 12:00,0.744069338,0.244563765
7/24/2019 13:00,0.43233993,0.142103263
7/24/2019 14:00,0.219544187,0.072160685
7/24/2019 15:00,0.097871068,0.032168664
7/24/2019 16:00,0.031062577,0.010209775
7/24/2019 17:00,0.03806924,0.012512754
7/24/2019 18:00,0.035003303,0.011505029
7/24/2019 19:00,0.046544766,0.015298525
7/24/2019 20:00,0.028680976,0.009426981
7/24/2019 21:00,0,0
7/24/2019 22:00,0,0
7/24/2019 23:00,0,0
7/25/2019 0:00,0,0
7/25/2019 1:00,0,0
7/25/2019 2:00,0.049837469,0.016380784
7/25/2019 3:00,0.119454308,0.039262732
7/25/2019 4:00,0.160538422,0.052766428
7/25/2019 5:00,0.219878849,0.072270683
7/25/2019 6:00,0.283295613,0.093114765
7/25/2019 7:00,0.290617448,0.095521336
7/25/2019 8:00,0.349739904,0.114953947
7/25/2019 9:00,0.4729199,0.155441254
7/25/2019 10:00,0.628101921,0.206447118
7/25/2019 11:00,0.679666963,0.223395728
7/25/2019 12:00,0.708886277,0.232999652
7/25/2019 13:00,0.751269873,0.246930466
7/25/2019 14:00,0.796855864,0.261913857
7/25/2019 15:00,0.83675135,0.275026869
7/25/2019 16:00,0.849017258,0.279058478
7/25/2019 17:00,0.848645362,0.278936241
7/25/2019 18:00,0.850350741,0.279496772
7/25/2019 19:00,0.850663631,0.279599614
7/25/2019 20:00,0.85063753,0.279591036
7/25/2019 21:00,0.851115404,0.279748105
7/25/2019 22:00,0.850958116,0.279696407
7/25/2019 23:00,0.85064797,0.279594467
7/26/2019 0:00,0.850788954,0.279640806
7/26/2019 1:00,0.85073492,0.279623046
7/26/2019 2:00,0.850071509,0.279404993
7/26/2019 3:00,0.844462127,0.277561278
7/26/2019 4:00,0.813172541,0.267276889
7/26/2019 5:00,0.702845269,0.231014068
7/26/2019 6:00,0.705083479,0.231749732
7/26/2019 7:00,0.708845007,0.232986087
7/26/2019 8:00,0.586358004,0.192726556
7/26/2019 9:00,0.458284582,0.150630858
7/26/2019 10:00,0.350132899,0.115083119
7/26/2019 11:00,0.393916276,0.129474019
7/26/2019 12:00,0.499251221,0.164095941
7/26/2019 13:00,0.658859393,0.21655661
7/26/2019 14:00,0.75522778,0.248231367
7/26/2019 15:00,0.79791931,0.262263394
7/26/2019 16:00,0.78387767,0.257648131
7/26/2019 17:00,0.719268431,0.236412101
7/26/2019 18:00,0.668857887,0.219842956
7/26/2019 19:00,0.588461757,0.193418026
7/26/2019 20:00,0.467682985,0.153719963
7/26/2019 21:00,0.455975432,0.149871877
7/26/2019 22:00,0.186960338,0.061450891
7/26/2019 23:00,0.119106949,0.039148561
7/27/2019 0:00,0.060488016,0.019881449
7/27/2019 1:00,0.200041066,0.065750319
7/27/2019 2:00,0.215861208,0.070950148
7/27/2019 3:00,0.081359785,0.026741668
7/27/2019 4:00,0.044091852,0.014492291
7/27/2019 5:00,0.124619076,0.04096031
7/27/2019 6:00,0.213569731,0.070196976
7/27/2019 7:00,0.247469937,0.081339435
7/27/2019 8:00,0.214026517,0.070347114
7/27/2019 9:00,0.204303949,0.067151461
7/27/2019 10:00,0.208109638,0.06840233
7/27/2019 11:00,0.254987788,0.083810433
7/27/2019 12:00,0.391697979,0.1287449
7/27/2019 13:00,0.412929001,0.135723199
7/27/2019 14:00,0.43557924,0.143167973
7/27/2019 15:00,0.462505029,0.152018052
7/27/2019 16:00,0.537957182,0.176817975
7/27/2019 17:00,0.586950494,0.192921298
7/27/2019 18:00,0.567896666,0.186658607
7/27/2019 19:00,0.541745167,0.178063026
7/27/2019 20:00,0.505506437,0.166151931
7/27/2019 21:00,0.480117574,0.157807015
7/27/2019 22:00,0.458139505,0.150583173
7/27/2019 23:00,0.431926787,0.141967469
7/28/2019 0:00,0.449226929,0.147653751
7/28/2019 1:00,0.474707186,0.156028707
7/28/2019 2:00,0.523866988,0.172186752
7/28/2019 3:00,0.53970036,0.17739093
7/28/2019 4:00,0.468216207,0.153895225
7/28/2019 5:00,0.442803428,0.145542449
7/28/2019 6:00,0.487398164,0.160200029
7/28/2019 7:00,0.57078118,0.187606701
7/28/2019 8:00,0.607301441,0.199610331
7/28/2019 9:00,0.699288148,0.229844899
7/28/2019 10:00,0.683457603,0.224641651
7/28/2019 11:00,0.655385794,0.215414893
7/28/2019 12:00,0.616292777,0.20256564
7/28/2019 13:00,0.559864776,0.184018653
7/28/2019 14:00,0.436164095,0.143360205
7/28/2019 15:00,0.305165499,0.100303049
7/28/2019 16:00,0.251126563,0.08254131
7/28/2019 17:00,0.228071327,0.07496342
7/28/2019 18:00,0.198460981,0.06523097
7/28/2019 19:00,0.16402684,0.053913015
7/28/2019 20:00,0.143045302,0.047016717
7/28/2019 21:00,0.111064654,0.036505186
7/28/2019 22:00,0.145605328,0.047858157
7/28/2019 23:00,0.198901793,0.065375858
7/29/2019 0:00,0.155209891,0.051015024
7/29/2019 1:00,0.093308049,0.030668873
7/29/2019 2:00,0.030540954,0.010038326
7/29/2019 3:00,0,0
7/29/2019 4:00,0,0
7/29/2019 5:00,0,0
7/29/2019 6:00,0,0
7/29/2019 7:00,0,0
7/29/2019 8:00,0,0
7/29/2019 9:00,0.014906263,0.004899452
7/29/2019 10:00,0.025590437,0.00841117
7/29/2019 11:00,0.041361405,0.013594836
7/29/2019 12:00,0.045934224,0.015097849
7/29/2019 13:00,0.08906039,0.029272735
7/29/2019 14:00,0.186475302,0.061291468
7/29/2019 15:00,0.230303327,0.075697043
7/29/2019 16:00,0.236071128,0.077592828
7/29/2019 17:00,0.256632654,0.084351074
7/29/2019 18:00,0.249619506,0.082045964
7/29/2019 19:00,0.203455162,0.066872478
7/29/2019 20:00,0.151533643,0.0498067
7/29/2019 21:00,0.132712605,0.043620524
7/29/2019 22:00,0.14217703,0.04673133
7/29/2019 23:00,0.117006747,0.038458258
7/30/2019 0:00,0.070614833,0.023209973
7/30/2019 1:00,0.04278347,0.014062246
7/30/2019 2:00,0.024664909,0.008106964
7/30/2019 3:00,0.014688166,0.004827767
7/30/2019 4:00,0.013050859,0.00428961
7/30/2019 5:00,0.027834702,0.009148824
7/30/2019 6:00,0.055250853,0.018160077
7/30/2019 7:00,0.069796729,0.022941075
7/30/2019 8:00,0.076855027,0.025261026
7/30/2019 9:00,0.072171962,0.023721777
7/30/2019 10:00,0.078161991,0.025690604
7/30/2019 11:00,0.071579074,0.023526904
7/30/2019 12:00,0.087684747,0.028820583
7/30/2019 13:00,0.083646713,0.027493345
7/30/2019 14:00,0.054005585,0.017750777
7/30/2019 15:00,0.026694263,0.00877398
7/30/2019 16:00,0.005234894,0.001720626
7/30/2019 17:00,0,0
7/30/2019 18:00,0,0
7/30/2019 19:00,0.012169783,0.004000014
7/30/2019 20:00,0.010796221,0.003548546
7/30/2019 21:00,0,0
7/30/2019 22:00,0,0
7/30/2019 23:00,0,0
7/31/2019 0:00,0,0
7/31/2019 1:00,0,0
7/31/2019 2:00,0.017109743,0.0056237
7/31/2019 3:00,0.02813228,0.009246633
7/31/2019 4:00,0.036890594,0.012125352
7/31/2019 5:00,0.017613763,0.005789364
7/31/2019 6:00,0,0
7/31/2019 7:00,0,0
7/31/2019 8:00,0,0
7/31/2019 9:00,0,0
7/31/2019 10:00,0,0
7/31/2019 11:00,0,0
7/31/2019 12:00,0.009314798,0.003061626
7/31/2019 13:00,0.021922561,0.007205597
7/31/2019 14:00,0.038717098,0.012725695
7/31/2019 15:00,0.06806808,0.022372896
7/31/2019 16:00,0.072348508,0.023779804
7/31/2019 17:00,0.04891152,0.016076439
7/31/2019 18:00,0.033901355,0.011142837
7/31/2019 19:00,0.018778585,0.006172222
7/31/2019 20:00,0.016429313,0.005400054
7/31/2019 21:00,0.0245144,0.008057494
7/31/2019 22:00,0.052830944,0.017364691
7/31/2019 23:00,0.0938315,0.030840923
08/01/2019 00:00,0.146827521,0.048259872
08/01/2019 01:00,0.162057047,0.053265575
08/01/2019 02:00,0.176388456,0.057976082
08/01/2019 03:00,0.172571803,0.056721609
08/01/2019 04:00,0.161238714,0.052996602
08/01/2019 05:00,0.163833348,0.053849417
08/01/2019 06:00,0.147090917,0.048346447
08/01/2019 07:00,0.103471503,0.034009438
08/01/2019 08:00,0.084824243,0.02788038
08/01/2019 09:00,0.066964758,0.022010252
08/01/2019 10:00,0.025732667,0.008457919
08/01/2019 11:00,0.010187811,0.003348572
08/01/2019 12:00,0.029855637,0.009813073
08/01/2019 13:00,0.077493827,0.025470989
08/01/2019 14:00,0.126945823,0.041725074
08/01/2019 15:00,0.147540541,0.048494231
08/01/2019 16:00,0.146396632,0.048118246
08/01/2019 17:00,0.13583572,0.044647042
08/01/2019 18:00,0.106101256,0.034873796
08/01/2019 19:00,0.07761323,0.025510235
08/01/2019 20:00,0.041481596,0.013634341
08/01/2019 21:00,0.020714224,0.006808436
08/01/2019 22:00,0,0
08/01/2019 23:00,0,0
08/02/2019 00:00,0,0
08/02/2019 01:00,0.018049997,0.005932747
08/02/2019 02:00,0.035599734,0.011701067
08/02/2019 03:00,0.049557436,0.016288742
08/02/2019 04:00,0.057600276,0.018932295
08/02/2019 05:00,0.050342077,0.016546641
08/02/2019 06:00,0.031641941,0.010400203
08/02/2019 07:00,0.013825073,0.004544082
08/02/2019 08:00,0,0
08/02/2019 09:00,0,0
08/02/2019 10:00,0.036968532,0.012150969
08/02/2019 11:00,0.049064812,0.016126824
08/02/2019 12:00,0.058434332,0.019206436
08/02/2019 13:00,0.067007547,0.022024316
08/02/2019 14:00,0.087390046,0.028723719
08/02/2019 15:00,0.099804671,0.032804209
08/02/2019 16:00,0.101685289,0.033422338
08/02/2019 17:00,0.094931932,0.031202617
08/02/2019 18:00,0.06857554,0.02253969
08/02/2019 19:00,0.052186143,0.017152756
08/02/2019 20:00,0.037588661,0.012354796
08/02/2019 21:00,0.027057012,0.00889321
08/02/2019 22:00,0.038734309,0.012731352
08/02/2019 23:00,0.036339269,0.01194414
08/03/2019 00:00,0.042210139,0.013873802
08/03/2019 01:00,0.044490588,0.014623349
08/03/2019 02:00,0.033215004,0.010917244
08/03/2019 03:00,0.028544914,0.009382259
08/03/2019 04:00,0.027334604,0.00898445
08/03/2019 05:00,0.021317197,0.007006624
08/03/2019 06:00,0.011496037,0.003778565
08/03/2019 07:00,0.005386212,0.001770362
08/03/2019 08:00,0.004002011,0.001315397
08/03/2019 09:00,0.003076147,0.001011081
08/03/2019 10:00,0.002218306,0.000729122
08/03/2019 11:00,0,0
08/03/2019 12:00,0,0
08/03/2019 13:00,0,0
08/03/2019 14:00,0,0
08/03/2019 15:00,0,0
08/03/2019 16:00,0,0
08/03/2019 17:00,0,0
08/03/2019 18:00,0.012867219,0.00422925
08/03/2019 19:00,0.021959783,0.007217832
08/03/2019 20:00,0.024723186,0.008126118
08/03/2019 21:00,0.034994811,0.011502238
08/03/2019 22:00,0.08817276,0.028980985
08/03/2019 23:00,0.073925097,0.024298004
08/04/2019 00:00,0.048146942,0.015825135
08/04/2019 01:00,0.040560896,0.013331722
08/04/2019 02:00,0.043484822,0.01429277
08/04/2019 03:00,0.049188991,0.016167639
08/04/2019 04:00,0.053710317,0.017653728
08/04/2019 05:00,0.063695188,0.020935596
08/04/2019 06:00,0.085363233,0.028057538
08/04/2019 07:00,0.096104383,0.031587983
08/04/2019 08:00,0.095135051,0.031269379
08/04/2019 09:00,0.09610617,0.031588571
08/04/2019 10:00,0.133889427,0.044007326
08/04/2019 11:00,0.130168691,0.04278438
08/04/2019 12:00,0.136235687,0.044778505
08/04/2019 13:00,0.145111288,0.047695774
08/04/2019 14:00,0.168928418,0.055524086
08/04/2019 15:00,0.170429391,0.056017432
08/04/2019 16:00,0.161175438,0.052975805
08/04/2019 17:00,0.164425441,0.054044029
08/04/2019 18:00,0.19486275,0.064048289
08/04/2019 19:00,0.225850743,0.074233549
08/04/2019 20:00,0.250522324,0.082342706
08/04/2019 21:00,0.291697195,0.095876231
08/04/2019 22:00,0.406212835,0.133515702
08/04/2019 23:00,0.470184017,0.154542013
08/05/2019 00:00,0.465290771,0.152933681
08/05/2019 01:00,0.569074669,0.187045798
08/05/2019 02:00,0.657455336,0.216095119
08/05/2019 03:00,0.703833773,0.231338974
08/05/2019 04:00,0.754707568,0.248060382
08/05/2019 05:00,0.746188713,0.245260369
08/05/2019 06:00,0.720838082,0.23692802
08/05/2019 07:00,0.733848536,0.241204349
08/05/2019 08:00,0.703391839,0.231193717
08/05/2019 09:00,0.650408955,0.213779085
08/05/2019 10:00,0.5298649,0.174158171
08/05/2019 11:00,0.480625924,0.157974102
08/05/2019 12:00,0.43783853,0.143910566
08/05/2019 13:00,0.411496599,0.135252391
08/05/2019 14:00,0.394864781,0.129785777
08/05/2019 15:00,0.390709713,0.128420072
08/05/2019 16:00,0.395923865,0.130133881
08/05/2019 17:00,0.391896474,0.128810142
08/05/2019 18:00,0.322600871,0.106033778
08/05/2019 19:00,0.245587143,0.08072059
08/05/2019 20:00,0.209679021,0.068918161
08/05/2019 21:00,0.166651708,0.054775767
08/05/2019 22:00,0.111360779,0.036602518
08/05/2019 23:00,0.070248741,0.023089645
08/06/2019 00:00,0.058004944,0.019065303
08/06/2019 01:00,0.056736475,0.018648377
08/06/2019 02:00,0.054265784,0.017836301
08/06/2019 03:00,0.044712395,0.014696254
08/06/2019 04:00,0.042310805,0.013906889
08/06/2019 05:00,0.034508303,0.011342331
08/06/2019 06:00,0.025809922,0.008483311
08/06/2019 07:00,0.00182187,0.00059882
08/06/2019 08:00,0,0
08/06/2019 09:00,0,0
08/06/2019 10:00,0,0
08/06/2019 11:00,0,0
08/06/2019 12:00,0,0
08/06/2019 13:00,0,0
08/06/2019 14:00,0,0
08/06/2019 15:00,0,0
08/06/2019 16:00,0.003111064,0.001022557
08/06/2019 17:00,0.011716152,0.003850913
08/06/2019 18:00,0.010361512,0.003405664
08/06/2019 19:00,0.00504694,0.001658849
08/06/2019 20:00,0.011883693,0.003905981
08/06/2019 21:00,0.024551391,0.008069652
08/06/2019 22:00,0.089422498,0.029391754
08/06/2019 23:00,0.074082375,0.024349699
08/07/2019 00:00,0.059404068,0.019525173
08/07/2019 01:00,0.038023618,0.012497759
08/07/2019 02:00,0.030868168,0.010145876
08/07/2019 03:00,0.038569034,0.012677028
08/07/2019 04:00,0.06575687,0.021613238
08/07/2019 05:00,0.092520872,0.03041014
08/07/2019 06:00,0.118453091,0.038933648
08/07/2019 07:00,0.14735857,0.04843442
08/07/2019 08:00,0.160910044,0.052888574
08/07/2019 09:00,0.179148982,0.058883423
08/07/2019 10:00,0.232840634,0.076531015
08/07/2019 11:00,0.261518462,0.085956962
08/07/2019 12:00,0.281302361,0.092459615
08/07/2019 13:00,0.38380338,0.12615007
08/07/2019 14:00,0.460098484,0.151227059
08/07/2019 15:00,0.528520084,0.173716151
08/07/2019 16:00,0.581190185,0.191027976
08/07/2019 17:00,0.588791903,0.19352654
08/07/2019 18:00,0.638293852,0.209797044
08/07/2019 19:00,0.655164679,0.215342216
08/07/2019 20:00,0.658209864,0.21634312
08/07/2019 21:00,0.638809154,0.209966415
08/07/2019 22:00,0.509678777,0.167523313
08/07/2019 23:00,0.524168994,0.172286017
08/08/2019 00:00,0.518114547,0.170296016
08/08/2019 01:00,0.50838639,0.167098526
08/08/2019 02:00,0.531494381,0.174693755
08/08/2019 03:00,0.559871075,0.184020723
08/08/2019 04:00,0.572758221,0.188256523
08/08/2019 05:00,0.480314096,0.157871609
08/08/2019 06:00,0.430936487,0.141641973
08/08/2019 07:00,0.383615591,0.126088347
08/08/2019 08:00,0.330201141,0.108531866
08/08/2019 09:00,0.264633891,0.086980954
08/08/2019 10:00,0.232388696,0.076382471
08/08/2019 11:00,0.218286219,0.071747211
08/08/2019 12:00,0.22450405,0.073790913
08/08/2019 13:00,0.237107251,0.077933385
08/08/2019 14:00,0.231225693,0.07600021
08/08/2019 15:00,0.202353099,0.066510247
08/08/2019 16:00,0.180967516,0.059481146
08/08/2019 17:00,0.15305247,0.050305914
08/08/2019 18:00,0.16886095,0.05550191
08/08/2019 19:00,0.200855174,0.066017903
08/08/2019 20:00,0.204860463,0.067334378
08/08/2019 21:00,0.161232783,0.052994653
08/08/2019 22:00,0.114480791,0.037628016
08/08/2019 23:00,0.107653858,0.035384112
08/09/2019 00:00,0.075239049,0.024729879
08/09/2019 01:00,0.060402438,0.019853321
08/09/2019 02:00,0.071404154,0.02346941
08/09/2019 03:00,0.084905629,0.027907131
08/09/2019 04:00,0.138696188,0.045587232
08/09/2019 05:00,0.201257075,0.066150002
08/09/2019 06:00,0.323131862,0.106208307
08/09/2019 07:00,0.576630586,0.189529308
08/09/2019 08:00,0.767820201,0.252370296
08/09/2019 09:00,0.803846636,0.264211612
08/09/2019 10:00,0.79427203,0.261064591
08/09/2019 11:00,0.801719109,0.263512328
08/09/2019 12:00,0.806184809,0.264980133
08/09/2019 13:00,0.79968418,0.262843479
08/09/2019 14:00,0.806569229,0.265106485
08/09/2019 15:00,0.802434842,0.263747578
08/09/2019 16:00,0.797377227,0.26208522
08/09/2019 17:00,0.810647305,0.266446884
08/09/2019 18:00,0.834988893,0.274447577
08/09/2019 19:00,0.847162736,0.278448926
08/09/2019 20:00,0.850124874,0.279422534
08/09/2019 21:00,0.849204379,0.279119981
08/09/2019 22:00,0.842039102,0.276764869
08/09/2019 23:00,0.842047891,0.276767758
08/10/2019 00:00,0.843988022,0.277405448
08/10/2019 01:00,0.820381,0.269646195
08/10/2019 02:00,0.591508585,0.19441947
08/10/2019 03:00,0.210743052,0.069267892
08/10/2019 04:00,0.095322436,0.031330969
08/10/2019 05:00,0.046366337,0.015239878
08/10/2019 06:00,0.038155834,0.012541216
08/10/2019 07:00,0,0
08/10/2019 08:00,0,0
08/10/2019 09:00,0,0
08/10/2019 10:00,0,0
08/10/2019 11:00,0,0
08/10/2019 12:00,0,0
08/10/2019 13:00,0,0
08/10/2019 14:00,0.025914139,0.008517566
08/10/2019 15:00,0.049181532,0.016165188
08/10/2019 16:00,0.078602964,0.025835545
08/10/2019 17:00,0.142194392,0.046737036
08/10/2019 18:00,0.17256423,0.056719119
08/10/2019 19:00,0.246970424,0.081175253
08/10/2019 20:00,0.389554898,0.128040503
08/10/2019 21:00,0.562313582,0.184823536
08/10/2019 22:00,0.577883749,0.189941203
08/10/2019 23:00,0.778376034,0.25583983
08/11/2019 00:00,0.830591329,0.273002168
08/11/2019 01:00,0.838434544,0.275580108
08/11/2019 02:00,0.826947383,0.271804461
08/11/2019 03:00,0.826660218,0.271710074
08/11/2019 04:00,0.837297259,0.275206301
08/11/2019 05:00,0.846151454,0.278116533
08/11/2019 06:00,0.847423298,0.278534568
08/11/2019 07:00,0.839504418,0.275931758
08/11/2019 08:00,0.823917822,0.270808692
08/11/2019 09:00,0.797145184,0.262008952
08/11/2019 10:00,0.795561402,0.261488388
08/11/2019 11:00,0.755192649,0.24821982
08/11/2019 12:00,0.659183099,0.216663007
08/11/2019 13:00,0.619992092,0.203781546
08/11/2019 14:00,0.59810902,0.196588928
08/11/2019 15:00,0.590081832,0.193950519
08/11/2019 16:00,0.543075344,0.178500233
08/11/2019 17:00,0.477197313,0.156847172
08/11/2019 18:00,0.442935553,0.145585876
08/11/2019 19:00,0.388116718,0.127567796
08/11/2019 20:00,0.321070162,0.105530659
08/11/2019 21:00,0.251839043,0.082775491
08/11/2019 22:00,0.219823235,0.072252403
08/11/2019 23:00,0.211802911,0.06961625
08/12/2019 00:00,0.233161407,0.076636448
08/12/2019 01:00,0.189995964,0.062448653
08/12/2019 02:00,0.138982407,0.045681308
08/12/2019 03:00,0.108085116,0.03552586
08/12/2019 04:00,0.086560264,0.028450983
08/12/2019 05:00,0.073172406,0.024050607
08/12/2019 06:00,0.066819925,0.021962647
08/12/2019 07:00,0.068494153,0.022512939
08/12/2019 08:00,0.07147425,0.02349245
08/12/2019 09:00,0.059623958,0.019597447
08/12/2019 10:00,0.022609725,0.007431457
08/12/2019 11:00,0.014939265,0.004910299
08/12/2019 12:00,0,0
08/12/2019 13:00,0,0
08/12/2019 14:00,0,0
08/12/2019 15:00,0,0
08/12/2019 16:00,0,0
08/12/2019 17:00,0,0
08/12/2019 18:00,0.006451505,0.002120507
08/12/2019 19:00,0.02012225,0.006613864
08/12/2019 20:00,0.049310608,0.016207613
08/12/2019 21:00,0.096974829,0.031874085
08/12/2019 22:00,0.080349965,0.026409756
08/12/2019 23:00,0.057864003,0.019018978
8/13/2019 0:00,0.049668495,0.016325245
8/13/2019 1:00,0.053108373,0.017455878
8/13/2019 2:00,0.077300217,0.025407353
8/13/2019 3:00,0.107911449,0.035468778
8/13/2019 4:00,0.127056346,0.041761401
8/13/2019 5:00,0.130136839,0.04277391
8/13/2019 6:00,0.127255446,0.041826842
8/13/2019 7:00,0.128150207,0.042120936
8/13/2019 8:00,0.138066522,0.045380271
8/13/2019 9:00,0.131365914,0.043177888
8/13/2019 10:00,0.154256567,0.050701682
8/13/2019 11:00,0.136160983,0.044753951
8/13/2019 12:00,0.122845319,0.040377304
8/13/2019 13:00,0.11332645,0.037248603
8/13/2019 14:00,0.111286449,0.036578087
8/13/2019 15:00,0.124356395,0.04087397
8/13/2019 16:00,0.142994692,0.047000082
8/13/2019 17:00,0.189698142,0.062350764
8/13/2019 18:00,0.197632675,0.064958719
8/13/2019 19:00,0.196828653,0.06469445
8/13/2019 20:00,0.204474785,0.067207612
8/13/2019 21:00,0.208314924,0.068469804
8/13/2019 22:00,0.215050263,0.070683603
8/13/2019 23:00,0.264050332,0.086789147
8/14/2019 0:00,0.276995114,0.091043891
8/14/2019 1:00,0.252678023,0.08305125
8/14/2019 2:00,0.257508856,0.084639068
8/14/2019 3:00,0.252201583,0.082894651
8/14/2019 4:00,0.239282496,0.078648353
8/14/2019 5:00,0.211848724,0.069631308
8/14/2019 6:00,0.181200884,0.05955785
8/14/2019 7:00,0.133712084,0.043949037
8/14/2019 8:00,0.073960495,0.024309639
8/14/2019 9:00,0.043628113,0.014339867
8/14/2019 10:00,0.038756872,0.012738768
8/14/2019 11:00,0.06870102,0.022580933
8/14/2019 12:00,0.144168763,0.047385981
8/14/2019 13:00,0.226066983,0.074304624
8/14/2019 14:00,0.277375768,0.091169006
8/14/2019 15:00,0.271603596,0.089271785
8/14/2019 16:00,0.243893764,0.080164004
8/14/2019 17:00,0.272343924,0.089515119
8/14/2019 18:00,0.397227187,0.130562262
8/14/2019 19:00,0.515792046,0.169532647
8/14/2019 20:00,0.646702978,0.21256099
8/14/2019 21:00,0.725757283,0.238544883
8/14/2019 22:00,0.606089934,0.199212128
8/14/2019 23:00,0.474767909,0.156048665
8/15/2019 0:00,0.542693671,0.178374784
8/15/2019 1:00,0.429959284,0.141320783
8/15/2019 2:00,0.274342827,0.090172127
8/15/2019 3:00,0.184672787,0.06069901
8/15/2019 4:00,0.124905076,0.041054313
8/15/2019 5:00,0.100988593,0.033193345
8/15/2019 6:00,0.109640489,0.036037086
8/15/2019 7:00,0.223143825,0.073343828
8/15/2019 8:00,0.469920474,0.15445539
8/15/2019 9:00,0.669861758,0.220172913
8/15/2019 10:00,0.797398724,0.262092286
8/15/2019 11:00,0.808509656,0.265744273
8/15/2019 12:00,0.798578067,0.262479918
8/15/2019 13:00,0.795446547,0.261450637
8/15/2019 14:00,0.793696413,0.260875395
8/15/2019 15:00,0.803776113,0.264188433
8/15/2019 16:00,0.69066432,0.227010384
8/15/2019 17:00,0.603425158,0.198336258
8/15/2019 18:00,0.472808845,0.155404752
8/15/2019 19:00,0.320741412,0.105422604
8/15/2019 20:00,0.161391814,0.053046924
8/15/2019 21:00,0.028919508,0.009505383
8/15/2019 22:00,0,0
8/15/2019 23:00,0.050633102,0.016642296
8/16/2019 0:00,0.209777055,0.068950384
8/16/2019 1:00,0.431615635,0.141865199
8/16/2019 2:00,0.549675247,0.180669517
8/16/2019 3:00,0.572364212,0.188127019
8/16/2019 4:00,0.58096683,0.190954563
8/16/2019 5:00,0.655390745,0.215416521
8/16/2019 6:00,0.74831503,0.245959256
8/16/2019 7:00,0.803996544,0.264260885
8/16/2019 8:00,0.829550251,0.272659982
8/16/2019 9:00,0.84539129,0.27786668
8/16/2019 10:00,0.846122366,0.278106973
8/16/2019 11:00,0.849833419,0.279326737
8/16/2019 12:00,0.850977629,0.279702821
8/16/2019 13:00,0.8514,0.279841647
8/16/2019 14:00,0.850549443,0.279562083
8/16/2019 15:00,0.843136797,0.277125664
8/16/2019 16:00,0.813795758,0.26748173
8/16/2019 17:00,0.675092898,0.221892305
8/16/2019 18:00,0.414351582,0.136190779
8/16/2019 19:00,0.244433117,0.08034128
8/16/2019 20:00,0.211155249,0.069403374
8/16/2019 21:00,0.217084597,0.071352256
8/16/2019 22:00,0.179712072,0.059068502
8/16/2019 23:00,0.201897009,0.066360338
8/17/2019 0:00,0.190106934,0.062485127
8/17/2019 1:00,0.151457476,0.049781665
8/17/2019 2:00,0.094466714,0.031049707
8/17/2019 3:00,0.090097132,0.029613495
8/17/2019 4:00,0.083447352,0.027427818
8/17/2019 5:00,0.052995641,0.017418825
8/17/2019 6:00,0.06171964,0.020286265
8/17/2019 7:00,0.161854544,0.053199016
8/17/2019 8:00,0.286202491,0.09407021
8/17/2019 9:00,0.512039059,0.1682991
8/17/2019 10:00,0.639808582,0.210294911
8/17/2019 11:00,0.38478057,0.126471257
8/17/2019 12:00,0.26259993,0.086312423
8/17/2019 13:00,0.239376448,0.078679233
8/17/2019 14:00,0.201647549,0.066278344
8/17/2019 15:00,0.156180084,0.051333911
8/17/2019 16:00,0.198038179,0.065092002
8/17/2019 17:00,0.290808261,0.095584053
8/17/2019 18:00,0.462010219,0.151855415
8/17/2019 19:00,0.540265943,0.177576828
8/17/2019 20:00,0.606411663,0.199317875
8/17/2019 21:00,0.646258096,0.212414764
8/17/2019 22:00,0.815838825,0.268153254
8/17/2019 23:00,0.809030297,0.265915399
8/18/2019 0:00,0.802675011,0.263826518
8/18/2019 1:00,0.816563886,0.26839157
8/18/2019 2:00,0.821092848,0.269880168
8/18/2019 3:00,0.792032336,0.26032844
8/18/2019 4:00,0.737587389,0.242433251
8/18/2019 5:00,0.719861458,0.236607019
8/18/2019 6:00,0.686985273,0.22580114
8/18/2019 7:00,0.675693419,0.222089687
8/18/2019 8:00,0.642372649,0.211137679
8/18/2019 9:00,0.565277419,0.185797703
8/18/2019 10:00,0.355588649,0.116876337
8/18/2019 11:00,0.291029442,0.095656752
8/18/2019 12:00,0.364938568,0.119949507
8/18/2019 13:00,0.273950971,0.09004333
8/18/2019 14:00,0.12358761,0.040621283
8/18/2019 15:00,0.049422265,0.016244313
8/18/2019 16:00,0.064168391,0.02109113
8/18/2019 17:00,0.200123515,0.065777418
8/18/2019 18:00,0.323125487,0.106206212
8/18/2019 19:00,0.438252583,0.144046658
8/18/2019 20:00,0.486304205,0.159840462
8/18/2019 21:00,0.559429801,0.183875684
8/18/2019 22:00,0.631347017,0.207513729
8/18/2019 23:00,0.659042469,0.216616784
8/19/2019 0:00,0.680496042,0.223668233
8/19/2019 1:00,0.661225034,0.217334159
8/19/2019 2:00,0.646699354,0.212559799
8/19/2019 3:00,0.665733739,0.218816098
8/19/2019 4:00,0.726381024,0.238749897
8/19/2019 5:00,0.726108038,0.238660171
8/19/2019 6:00,0.65764927,0.216158862
8/19/2019 7:00,0.628976669,0.206734634
8/19/2019 8:00,0.631204466,0.207466875
8/19/2019 9:00,0.605913856,0.199154254
8/19/2019 10:00,0.592750907,0.194827802
8/19/2019 11:00,0.556238055,0.182826607
8/19/2019 12:00,0.528739796,0.173788367
8/19/2019 13:00,0.470126786,0.154523202
8/19/2019 14:00,0.431247649,0.141744248
8/19/2019 15:00,0.463221302,0.152253479
8/19/2019 16:00,0.519387397,0.170714382
8/19/2019 17:00,0.613763586,0.201734335
8/19/2019 18:00,0.588076714,0.193291469
8/19/2019 19:00,0.588868421,0.19355169
8/19/2019 20:00,0.625594021,0.205622811
8/19/2019 21:00,0.644206472,0.211740428
8/19/2019 22:00,0.592443826,0.194726869
8/19/2019 23:00,0.577319328,0.189755687
8/20/2019 0:00,0.564147792,0.185426412
8/20/2019 1:00,0.48872173,0.160635065
8/20/2019 2:00,0.461104785,0.151557814
8/20/2019 3:00,0.510450566,0.167776988
8/20/2019 4:00,0.559588426,0.183927821
8/20/2019 5:00,0.54947916,0.180605066
8/20/2019 6:00,0.473761238,0.155717789
8/20/2019 7:00,0.467595401,0.153691176
8/20/2019 8:00,0.449694087,0.147807299
8/20/2019 9:00,0.425416936,0.139827785
8/20/2019 10:00,0.341179641,0.112140325
8/20/2019 11:00,0.269504108,0.088581716
8/20/2019 12:00,0.250180939,0.082230498
8/20/2019 13:00,0.236328461,0.077677409
8/20/2019 14:00,0.189690075,0.062348113
8/20/2019 15:00,0.153290546,0.050384166
8/20/2019 16:00,0.115109492,0.03783466
8/20/2019 17:00,0.069681684,0.022903262
8/20/2019 18:00,0.00969546,0.003186743
8/20/2019 19:00,0,0
8/20/2019 20:00,0,0
8/20/2019 21:00,0.040859379,0.013429829
8/20/2019 22:00,0.149082306,0.049000984
8/20/2019 23:00,0.228498815,0.075103929
8/21/2019 0:00,0.249132448,0.081885876
8/21/2019 1:00,0.263145318,0.086491683
8/21/2019 2:00,0.275787712,0.090647037
8/21/2019 3:00,0.270725808,0.08898327
8/21/2019 4:00,0.264074599,0.086797123
8/21/2019 5:00,0.290670123,0.095538649
8/21/2019 6:00,0.320605432,0.10537791
8/21/2019 7:00,0.341428627,0.112222163
8/21/2019 8:00,0.361546521,0.118834595
8/21/2019 9:00,0.370729735,0.121852971
8/21/2019 10:00,0.351945632,0.115678935
8/21/2019 11:00,0.424554103,0.139544185
8/21/2019 12:00,0.502452848,0.165148265
8/21/2019 13:00,0.586505918,0.192775173
8/21/2019 14:00,0.639252726,0.21011221
8/21/2019 15:00,0.726315156,0.238728247
8/21/2019 16:00,0.78617199,0.258402237
8/21/2019 17:00,0.766256346,0.251856282
8/21/2019 18:00,0.76105874,0.250147911
8/21/2019 19:00,0.814796151,0.267810544
8/21/2019 20:00,0.815378039,0.268001801
8/21/2019 21:00,0.781385065,0.256828851
8/21/2019 22:00,0.609514193,0.200337627
8/21/2019 23:00,0.368965077,0.121272956
8/22/2019 0:00,0.250577947,0.082360988
8/22/2019 1:00,0.224742081,0.07386915
8/22/2019 2:00,0.226948054,0.074594218
8/22/2019 3:00,0.280599193,0.092228495
8/22/2019 4:00,0.400445991,0.131620232
8/22/2019 5:00,0.462541376,0.152029998
8/22/2019 6:00,0.495726381,0.162937382
8/22/2019 7:00,0.551126237,0.181146434
8/22/2019 8:00,0.575030989,0.189003546
8/22/2019 9:00,0.601224423,0.197612911
8/22/2019 10:00,0.603290573,0.198292022
8/22/2019 11:00,0.633667209,0.20827634
8/22/2019 12:00,0.670006777,0.220220578
8/22/2019 13:00,0.754354857,0.247944451
8/22/2019 14:00,0.808797137,0.265838763
8/22/2019 15:00,0.817756458,0.268783549
8/22/2019 16:00,0.806858854,0.26520168
8/22/2019 17:00,0.831575132,0.273325528
8/22/2019 18:00,0.844187644,0.27747106
8/22/2019 19:00,0.849765619,0.279304452
8/22/2019 20:00,0.849680789,0.27927657
8/22/2019 21:00,0.850199331,0.279447006
8/22/2019 22:00,0.835457723,0.274601674
8/22/2019 23:00,0.810826287,0.266505712
8/23/2019 0:00,0.803282319,0.26402613
8/23/2019 1:00,0.749473045,0.246339877
8/23/2019 2:00,0.641669807,0.210906666
8/23/2019 3:00,0.537702336,0.176734211
8/23/2019 4:00,0.305120137,0.100288139
8/23/2019 5:00,0.18728648,0.061558089
8/23/2019 6:00,0.075917601,0.024952909
8/23/2019 7:00,0.064420828,0.021174102
8/23/2019 8:00,0.102023438,0.033533482
8/23/2019 9:00,0.162533271,0.053422103
8/23/2019 10:00,0.488627756,0.160604177
8/23/2019 11:00,0.657214096,0.216015827
8/23/2019 12:00,0.666947506,0.219215044
8/23/2019 13:00,0.547360456,0.179908682
8/23/2019 14:00,0.296756482,0.097539139
8/23/2019 15:00,0.221543339,0.072817774
8/23/2019 16:00,0.221613533,0.072840846
8/23/2019 17:00,0.209940542,0.069004119
8/23/2019 18:00,0.165880362,0.054522238
8/23/2019 19:00,0.155582919,0.051137632
8/23/2019 20:00,0.171419643,0.056342912
8/23/2019 21:00,0.213712582,0.070243929
8/23/2019 22:00,0.244203863,0.080265928
8/23/2019 23:00,0.376088565,0.123614334
8/24/2019 0:00,0.508267455,0.167059434
8/24/2019 1:00,0.493785782,0.162299538
8/24/2019 2:00,0.447126979,0.146963531
8/24/2019 3:00,0.410088048,0.134789423
8/24/2019 4:00,0.423670399,0.139253726
8/24/2019 5:00,0.480101466,0.157801721
8/24/2019 6:00,0.552192973,0.181497053
8/24/2019 7:00,0.563207822,0.185117459
8/24/2019 8:00,0.50836906,0.16709283
8/24/2019 9:00,0.444549566,0.146116376
8/24/2019 10:00,0.376607297,0.123784832
8/24/2019 11:00,0.27017099,0.08880091
8/24/2019 12:00,0.224010451,0.073628675
8/24/2019 13:00,0.206594466,0.067904317
8/24/2019 14:00,0.18321294,0.060219181
8/24/2019 15:00,0.221499472,0.072803356
8/24/2019 16:00,0.236875515,0.077857217
8/24/2019 17:00,0.329225066,0.108211046
8/24/2019 18:00,0.336726871,0.11067677
8/24/2019 19:00,0.228469526,0.075094302
8/24/2019 20:00,0.197551628,0.06493208
8/24/2019 21:00,0.223718048,0.073532567
8/24/2019 22:00,0.171455915,0.056354834
8/24/2019 23:00,0.138857063,0.045640109
8/25/2019 0:00,0.049916315,0.016406699
8/25/2019 1:00,0.051643558,0.016974417
8/25/2019 2:00,0.04641098,0.015254551
8/25/2019 3:00,0.008623032,0.002834253
8/25/2019 4:00,0.006127019,0.002013854
8/25/2019 5:00,0.005794465,0.001904549
8/25/2019 6:00,0.012080261,0.00397059
8/25/2019 7:00,0.020680093,0.006797218
8/25/2019 8:00,0.022954796,0.007544877
8/25/2019 9:00,0.020635165,0.006782451
8/25/2019 10:00,0.037592112,0.01235593
8/25/2019 11:00,0.052772119,0.017345357
8/25/2019 12:00,0.068772464,0.022604416
8/25/2019 13:00,0.085642057,0.028149183
8/25/2019 14:00,0.182951274,0.060133176
8/25/2019 15:00,0.379833831,0.124845343
8/25/2019 16:00,0.508832912,0.16724529
8/25/2019 17:00,0.591793469,0.194513107
8/25/2019 18:00,0.654699569,0.215189342
8/25/2019 19:00,0.748726131,0.246094378
8/25/2019 20:00,0.798844949,0.262567637
8/25/2019 21:00,0.801047282,0.263291509
8/25/2019 22:00,0.505146694,0.166033689
8/25/2019 23:00,0.201519572,0.06623628
8/26/2019 0:00,0.105463989,0.034664337
8/26/2019 1:00,0.057016796,0.018740515
8/26/2019 2:00,0,0
8/26/2019 3:00,0,0
8/26/2019 4:00,0,0
8/26/2019 5:00,0,0
8/26/2019 6:00,0.006375295,0.002095458
8/26/2019 7:00,0.022283827,0.00732434
8/26/2019 8:00,0.042015627,0.013809869
8/26/2019 9:00,0.05779025,0.018994737
8/26/2019 10:00,0.036863651,0.012116496
8/26/2019 11:00,0.04638728,0.015246762
8/26/2019 12:00,0.060791239,0.019981114
8/26/2019 13:00,0.070531906,0.023182716
8/26/2019 14:00,0.078053423,0.02565492
8/26/2019 15:00,0.077012049,0.025312636
8/26/2019 16:00,0.079511207,0.02613407
8/26/2019 17:00,0.06032135,0.019826669
8/26/2019 18:00,0.01224333,0.004024188
8/26/2019 19:00,0,0
8/26/2019 20:00,0,0
8/26/2019 21:00,0,0
8/26/2019 22:00,0,0
8/26/2019 23:00,0,0
8/27/2019 0:00,0,0
8/27/2019 1:00,0,0
8/27/2019 2:00,0.02588877,0.008509227
8/27/2019 3:00,0.059119192,0.019431539
8/27/2019 4:00,0.054960289,0.018064573
8/27/2019 5:00,0.022639031,0.00744109
8/27/2019 6:00,0,0
8/27/2019 7:00,0,0
8/27/2019 8:00,0,0
8/27/2019 9:00,0,0
8/27/2019 10:00,0,0
8/27/2019 11:00,0,0
8/27/2019 12:00,0.029941772,0.009841384
8/27/2019 13:00,0.04366704,0.014352662
8/27/2019 14:00,0.081896203,0.02691798
8/27/2019 15:00,0.107376522,0.035292956
8/27/2019 16:00,0.179448581,0.058981896
8/27/2019 17:00,0.241384116,0.079339122
8/27/2019 18:00,0.2867746,0.094258253
8/27/2019 19:00,0.264684831,0.086997697
8/27/2019 20:00,0.320387016,0.10530612
8/27/2019 21:00,0.180994493,0.059490013
8/27/2019 22:00,0.165626402,0.054438766
8/27/2019 23:00,0.179683705,0.059059178
8/28/2019 0:00,0.296076322,0.097315581
8/28/2019 1:00,0.292983078,0.096298881
8/28/2019 2:00,0.405223903,0.133190656
8/28/2019 3:00,0.440749893,0.144867484
8/28/2019 4:00,0.338617461,0.111298177
8/28/2019 5:00,0.267947057,0.088069939
8/28/2019 6:00,0.278301424,0.091473254
8/28/2019 7:00,0.400569782,0.131660921
8/28/2019 8:00,0.486368344,0.159861544
8/28/2019 9:00,0.486103229,0.159774405
8/28/2019 10:00,0.456444944,0.150026198
8/28/2019 11:00,0.569651471,0.187235384
8/28/2019 12:00,0.50580124,0.166248828
8/28/2019 13:00,0.327306109,0.107580316
8/28/2019 14:00,0.199700857,0.065638497
8/28/2019 15:00,0.577601845,0.189848545
8/28/2019 16:00,0.640314996,0.210461361
8/28/2019 17:00,0.548584076,0.180310866
8/28/2019 18:00,0.530278226,0.174294024
8/28/2019 19:00,0.475113527,0.156162265
8/28/2019 20:00,0.363845658,0.119590284
8/28/2019 21:00,0.238709748,0.0784601
8/28/2019 22:00,0.097159984,0.031934942
8/28/2019 23:00,0.088626459,0.029130109
8/29/2019 0:00,0.089981626,0.02957553
8/29/2019 1:00,0.102417663,0.033663058
8/29/2019 2:00,0.161459853,0.053069287
8/29/2019 3:00,0.20342956,0.066864063
8/29/2019 4:00,0.242950853,0.079854084
8/29/2019 5:00,0.244151043,0.080248567
8/29/2019 6:00,0.2702287,0.088819878
8/29/2019 7:00,0.286058676,0.09402294
8/29/2019 8:00,0.311358179,0.102338484
8/29/2019 9:00,0.353780037,0.116281875
8/29/2019 10:00,0.458358645,0.150655201
8/29/2019 11:00,0.595381375,0.195692395
8/29/2019 12:00,0.798170619,0.262345996
8/29/2019 13:00,0.824826235,0.271107273
8/29/2019 14:00,0.827243914,0.271901926
8/29/2019 15:00,0.833574802,0.273982788
8/29/2019 16:00,0.801320895,0.263381441
8/29/2019 17:00,0.693048598,0.227794058
8/29/2019 18:00,0.702397535,0.230866905
8/29/2019 19:00,0.763883953,0.251076514
8/29/2019 20:00,0.797841949,0.262237967
8/29/2019 21:00,0.803008385,0.263936092
8/29/2019 22:00,0.756587935,0.248678428
8/29/2019 23:00,0.762065776,0.250478908
8/30/2019 0:00,0.766568684,0.251958942
8/30/2019 1:00,0.767076068,0.252125711
8/30/2019 2:00,0.704351092,0.231509008
8/30/2019 3:00,0.806792306,0.265179807
8/30/2019 4:00,0.810406323,0.266367677
8/30/2019 5:00,0.738894656,0.242862929
8/30/2019 6:00,0.646785262,0.212588035
8/30/2019 7:00,0.579916778,0.190609427
8/30/2019 8:00,0.463854548,0.152461617
8/30/2019 9:00,0.339610237,0.111624487
8/30/2019 10:00,0.198326858,0.065186886
8/30/2019 11:00,0.142982374,0.046996033
8/30/2019 12:00,0.030651801,0.01007476
8/30/2019 13:00,0.012070285,0.003967311
8/30/2019 14:00,0.157186312,0.051664642
8/30/2019 15:00,0.267270496,0.087847564
8/30/2019 16:00,0.202513006,0.066562806
8/30/2019 17:00,0.191183842,0.06283909
8/30/2019 18:00,0.161273589,0.053008065
8/30/2019 19:00,0.112208994,0.036881313
8/30/2019 20:00,0.062844303,0.020655923
8/30/2019 21:00,0.019637488,0.00645453
8/30/2019 22:00,0,0
8/30/2019 23:00,0,0
8/31/2019 0:00,0,0
8/31/2019 1:00,0.016464038,0.005411468
8/31/2019 2:00,0.074115841,0.024360699
8/31/2019 3:00,0.125761939,0.04133595
8/31/2019 4:00,0.231420175,0.076064133
8/31/2019 5:00,0.492109691,0.161748634
8/31/2019 6:00,0.63379839,0.208319457
8/31/2019 7:00,0.662952535,0.217901961
8/31/2019 8:00,0.616420821,0.202607726
8/31/2019 9:00,0.621052554,0.204130103
8/31/2019 10:00,0.606540893,0.199360351
8/31/2019 11:00,0.806899803,0.26521514
8/31/2019 12:00,0.833630025,0.274000939
8/31/2019 13:00,0.837654857,0.275323837
8/31/2019 14:00,0.841434357,0.276566099
8/31/2019 15:00,0.847793824,0.278656355
8/31/2019 16:00,0.843932294,0.277387131
8/31/2019 17:00,0.794529162,0.261149107
8/31/2019 18:00,0.657930161,0.216251186
8/31/2019 19:00,0.59144597,0.194398889
8/31/2019 20:00,0.570976448,0.187670883
8/31/2019 21:00,0.545311411,0.179235193
8/31/2019 22:00,0.639032541,0.210039839
8/31/2019 23:00,0.607363599,0.199630761
09/01/2019 00:00,0.626818017,0.206025119
09/01/2019 01:00,0.654144927,0.21500704
09/01/2019 02:00,0.659129534,0.216645401
09/01/2019 03:00,0.60549163,0.199015475
09/01/2019 04:00,0.604413468,0.1986611
09/01/2019 05:00,0.603781388,0.198453345
09/01/2019 06:00,0.636587363,0.209236148
09/01/2019 07:00,0.630330632,0.20717966
09/01/2019 08:00,0.588973778,0.193586319
09/01/2019 09:00,0.525899138,0.172854688
09/01/2019 10:00,0.512468697,0.168440315
09/01/2019 11:00,0.530750497,0.174449252
09/01/2019 12:00,0.492503236,0.161877985
09/01/2019 13:00,0.435484676,0.143136891
09/01/2019 14:00,0.351906038,0.115665921
09/01/2019 15:00,0.246558756,0.081039944
09/01/2019 16:00,0.165035446,0.054244528
09/01/2019 17:00,0.094153207,0.030946662
09/01/2019 18:00,0.063777155,0.020962537
09/01/2019 19:00,0.058996068,0.01939107
09/01/2019 20:00,0.082456539,0.027102154
09/01/2019 21:00,0.110959216,0.036470531
09/01/2019 22:00,0.074649826,0.024536211
09/01/2019 23:00,0.073863185,0.024277655
09/02/2019 00:00,0.104502692,0.034348374
09/02/2019 01:00,0.132535805,0.043562412
09/02/2019 02:00,0.159869626,0.052546605
09/02/2019 03:00,0.162357437,0.053364309
09/02/2019 04:00,0.160645505,0.052801624
09/02/2019 05:00,0.217194583,0.071388407
09/02/2019 06:00,0.250359592,0.082289218
09/02/2019 07:00,0.278620747,0.091578211
09/02/2019 08:00,0.310429051,0.102033095
09/02/2019 09:00,0.287845158,0.094610128
09/02/2019 10:00,0.271801383,0.089336794
09/02/2019 11:00,0.465750295,0.153084719
09/02/2019 12:00,0.518335621,0.17036868
09/02/2019 13:00,0.608515782,0.200009465
09/02/2019 14:00,0.522373035,0.171695714
09/02/2019 15:00,0.392922596,0.129147412
09/02/2019 16:00,0.347525453,0.114226093
09/02/2019 17:00,0.300790614,0.098865094
09/02/2019 18:00,0.159381382,0.052386127
09/02/2019 19:00,0.146007104,0.047990214
09/02/2019 20:00,0.208639807,0.068576588
09/02/2019 21:00,0.195895093,0.064387603
09/02/2019 22:00,0.20972787,0.068934217
09/02/2019 23:00,0.198532888,0.065254605
09/03/2019 00:00,0.175033602,0.057530763
09/03/2019 01:00,0.135228222,0.044447367
09/03/2019 02:00,0.09497018,0.031215189
09/03/2019 03:00,0.054448896,0.017896487
09/03/2019 04:00,0.027576643,0.009064004
09/03/2019 05:00,0.012162183,0.003997516
09/03/2019 06:00,0.008594622,0.002824916
09/03/2019 07:00,0,0
09/03/2019 08:00,0,0
09/03/2019 09:00,0,0
09/03/2019 10:00,0,0
09/03/2019 11:00,0.029896574,0.009826529
09/03/2019 12:00,0.107510055,0.035336846
09/03/2019 13:00,0.19976508,0.065659607
09/03/2019 14:00,0.268658651,0.088303828
09/03/2019 15:00,0.396066543,0.130180777
09/03/2019 16:00,0.459907084,0.151164148
09/03/2019 17:00,0.531018044,0.174537191
09/03/2019 18:00,0.580519617,0.190807571
09/03/2019 19:00,0.547290624,0.179885729
09/03/2019 20:00,0.479863927,0.157723646
09/03/2019 21:00,0.454821894,0.149492727
09/03/2019 22:00,0.617014304,0.202802794
09/03/2019 23:00,0.647863778,0.212942526
09/04/2019 00:00,0.489554946,0.160908929
09/04/2019 01:00,0.415049613,0.136420211
09/04/2019 02:00,0.333991532,0.109777708
09/04/2019 03:00,0.26638374,0.087556101
09/04/2019 04:00,0.250658987,0.082387625
09/04/2019 05:00,0.225660729,0.074171095
09/04/2019 06:00,0.189419766,0.062259266
09/04/2019 07:00,0.152193553,0.050023602
09/04/2019 08:00,0.130862152,0.043012309
09/04/2019 09:00,0.082804985,0.027216683
09/04/2019 10:00,0.032672455,0.010738917
09/04/2019 11:00,0.108863888,0.03578183
09/04/2019 12:00,0.185308328,0.060907902
09/04/2019 13:00,0.244581389,0.080390015
09/04/2019 14:00,0.787105205,0.25870897
09/04/2019 15:00,0.8514,0.279841647
09/04/2019 16:00,0.8514,0.279841647
09/04/2019 17:00,0.850493961,0.279543846
09/04/2019 18:00,0.8514,0.279841647
09/04/2019 19:00,0.8514,0.279841647
09/04/2019 20:00,0.8514,0.279841647
09/04/2019 21:00,0.8514,0.279841647
09/04/2019 22:00,0.8514,0.279841647
09/04/2019 23:00,0.8514,0.279841647
09/05/2019 00:00,0.8514,0.279841647
09/05/2019 01:00,0.8514,0.279841647
09/05/2019 02:00,0.844596269,0.277605369
09/05/2019 03:00,0.805135684,0.264635302
09/05/2019 04:00,0.734536409,0.241430442
09/05/2019 05:00,0.608340441,0.199951834
09/05/2019 06:00,0.485158443,0.159463869
09/05/2019 07:00,0.472273343,0.155228741
09/05/2019 08:00,0.349481769,0.114869103
09/05/2019 09:00,0.18595438,0.061120249
09/05/2019 10:00,0.230896026,0.075891854
09/05/2019 11:00,0.241085913,0.079241108
09/05/2019 12:00,0.49253263,0.161887647
09/05/2019 13:00,0.725348923,0.238410662
09/05/2019 14:00,0.731581727,0.240459285
09/05/2019 15:00,0.754906396,0.248125733
09/05/2019 16:00,0.819817966,0.269461135
09/05/2019 17:00,0.823585537,0.270699475
09/05/2019 18:00,0.787869905,0.258960315
09/05/2019 19:00,0.650239443,0.213723369
09/05/2019 20:00,0.739382261,0.243023197
09/05/2019 21:00,0.697487894,0.229253184
09/05/2019 22:00,0.752033312,0.247181396
09/05/2019 23:00,0.828335441,0.272260693
09/06/2019 00:00,0.826889422,0.27178541
09/06/2019 01:00,0.79256193,0.260502509
09/06/2019 02:00,0.768457318,0.252579706
09/06/2019 03:00,0.769853833,0.253038718
09/06/2019 04:00,0.762341373,0.250569492
09/06/2019 05:00,0.756365418,0.248605291
09/06/2019 06:00,0.769416186,0.252894871
09/06/2019 07:00,0.775123868,0.254770895
09/06/2019 08:00,0.762411589,0.250592571
09/06/2019 09:00,0.728555615,0.23946465
09/06/2019 10:00,0.776579733,0.255249415
09/06/2019 11:00,0.769502283,0.252923169
09/06/2019 12:00,0.753668935,0.247719
09/06/2019 13:00,0.715976814,0.235330199
09/06/2019 14:00,0.744689488,0.244767598
09/06/2019 15:00,0.789099541,0.259364477
09/06/2019 16:00,0.820504262,0.269686709
09/06/2019 17:00,0.81954116,0.269370153
09/06/2019 18:00,0.805515208,0.264760045
09/06/2019 19:00,0.795448285,0.261451208
09/06/2019 20:00,0.773742653,0.254316912
09/06/2019 21:00,0.696429032,0.228905153
09/06/2019 22:00,0.671896355,0.220841652
09/06/2019 23:00,0.665238138,0.218653202
09/07/2019 00:00,0.662639027,0.217798916
09/07/2019 01:00,0.635419642,0.208852337
09/07/2019 02:00,0.647062639,0.212679204
09/07/2019 03:00,0.655334506,0.215398036
09/07/2019 04:00,0.637501211,0.209536515
09/07/2019 05:00,0.631986279,0.207723845
09/07/2019 06:00,0.581150084,0.191014795
09/07/2019 07:00,0.481435229,0.158240107
09/07/2019 08:00,0.424709286,0.139595192
09/07/2019 09:00,0.265886264,0.087392589
09/07/2019 10:00,0.163998136,0.053903581
09/07/2019 11:00,0.115213909,0.03786898
09/07/2019 12:00,0.129345591,0.04251384
09/07/2019 13:00,0.148687081,0.04887108
09/07/2019 14:00,0.135743345,0.04461668
09/07/2019 15:00,0.098817169,0.032479633
09/07/2019 16:00,0.074629876,0.024529654
09/07/2019 17:00,0.044603516,0.014660467
09/07/2019 18:00,0.019014654,0.006249814
09/07/2019 19:00,0.007894285,0.002594726
09/07/2019 20:00,0,0
09/07/2019 21:00,0,0
09/07/2019 22:00,0,0
09/07/2019 23:00,0,0
09/08/2019 00:00,0.002613868,0.000859137
09/08/2019 01:00,0.031985593,0.010513156
09/08/2019 02:00,0.082071854,0.026975714
09/08/2019 03:00,0.121980392,0.040093016
09/08/2019 04:00,0.130498787,0.042892877
09/08/2019 05:00,0.118742083,0.039028635
09/08/2019 06:00,0.145333538,0.047768824
09/08/2019 07:00,0.175582066,0.057711034
09/08/2019 08:00,0.211046065,0.069367487
09/08/2019 09:00,0.231950721,0.076238515
09/08/2019 10:00,0.282438653,0.092833096
09/08/2019 11:00,0.288695762,0.094889708
09/08/2019 12:00,0.36957654,0.121473934
09/08/2019 13:00,0.408371516,0.134225226
09/08/2019 14:00,0.392194813,0.128908201
09/08/2019 15:00,0.413893845,0.136040328
09/08/2019 16:00,0.446844197,0.146870585
09/08/2019 17:00,0.538946851,0.177143263
09/08/2019 18:00,0.568556677,0.186875543
09/08/2019 19:00,0.603326486,0.198303826
09/08/2019 20:00,0.68897007,0.226453511
09/08/2019 21:00,0.755526119,0.248329426
09/08/2019 22:00,0.635953019,0.209027649
09/08/2019 23:00,0.58272206,0.191531479
09/09/2019 00:00,0.558323668,0.183512115
09/09/2019 01:00,0.649110405,0.213352273
09/09/2019 02:00,0.723450286,0.23778661
09/09/2019 03:00,0.685167374,0.225203625
09/09/2019 04:00,0.640943376,0.2106679
09/09/2019 05:00,0.646588868,0.212523484
09/09/2019 06:00,0.700816395,0.23034721
09/09/2019 07:00,0.726128913,0.238667032
09/09/2019 08:00,0.722267145,0.23739773
09/09/2019 09:00,0.757221126,0.248886548
09/09/2019 10:00,0.669886633,0.220181089
09/09/2019 11:00,0.645739566,0.212244331
09/09/2019 12:00,0.627906774,0.206382976
09/09/2019 13:00,0.629545566,0.206921621
09/09/2019 14:00,0.577003888,0.189652007
09/09/2019 15:00,0.45941429,0.151002175
09/09/2019 16:00,0.376778857,0.123841222
09/09/2019 17:00,0.279325375,0.091809811
09/09/2019 18:00,0.259902247,0.085425737
09/09/2019 19:00,0.235040516,0.077254082
09/09/2019 20:00,0.17864496,0.058717759
09/09/2019 21:00,0.085508762,0.028105371
09/09/2019 22:00,0.020794257,0.006834742
09/09/2019 23:00,0.11468866,0.03769634
09/10/2019 00:00,0.284169183,0.093401894
09/10/2019 01:00,0.427071341,0.140371561
09/10/2019 02:00,0.467731611,0.153735946
09/10/2019 03:00,0.443188006,0.145668853
09/10/2019 04:00,0.30408932,0.099949326
09/10/2019 05:00,0.207488599,0.068198205
09/10/2019 06:00,0.113361708,0.037260191
09/10/2019 07:00,0.067122799,0.022062197
09/10/2019 08:00,0.09063355,0.029789807
09/10/2019 09:00,0.066904943,0.021990591
09/10/2019 10:00,0.016960013,0.005574487
09/10/2019 11:00,0.03843519,0.012633036
09/10/2019 12:00,0.132911796,0.043685995
09/10/2019 13:00,0.207467445,0.068191252
09/10/2019 14:00,0.417737363,0.137303631
09/10/2019 15:00,0.583935837,0.191930428
09/10/2019 16:00,0.641933824,0.210993444
09/10/2019 17:00,0.748611862,0.24605682
09/10/2019 18:00,0.824817429,0.271104378
09/10/2019 19:00,0.850131731,0.279424787
09/10/2019 20:00,0.8514,0.279841647
09/10/2019 21:00,0.8514,0.279841647
09/10/2019 22:00,0.85036857,0.279502633
09/10/2019 23:00,0.850983742,0.27970483
09/11/2019 00:00,0.8514,0.279841647
09/11/2019 01:00,0.850652971,0.279596111
09/11/2019 02:00,0.816973798,0.268526302
09/11/2019 03:00,0.733206251,0.24099324
09/11/2019 04:00,0.654239321,0.215038066
09/11/2019 05:00,0.789036467,0.259343745
09/11/2019 06:00,0.837904712,0.27540596
09/11/2019 07:00,0.834919261,0.27442469
09/11/2019 08:00,0.845441848,0.277883297
09/11/2019 09:00,0.846246498,0.278147773
09/11/2019 10:00,0.844506092,0.277575729
09/11/2019 11:00,0.846496562,0.278229965
09/11/2019 12:00,0.848764242,0.278975315
09/11/2019 13:00,0.85027582,0.279472147
09/11/2019 14:00,0.8514,0.279841647
09/11/2019 15:00,0.850967608,0.279699527
09/11/2019 16:00,0.848478109,0.278881268
09/11/2019 17:00,0.82837503,0.272273706
09/11/2019 18:00,0.822426357,0.270318471
09/11/2019 19:00,0.825785711,0.271422637
09/11/2019 20:00,0.809249813,0.265987551
09/11/2019 21:00,0.803693901,0.264161411
09/11/2019 22:00,0.805928814,0.264895991
09/11/2019 23:00,0.800410672,0.263082266
09/12/2019 00:00,0.769729173,0.252997744
09/12/2019 01:00,0.770289202,0.253181817
09/12/2019 02:00,0.755933368,0.248463283
09/12/2019 03:00,0.73740684,0.242373907
09/12/2019 04:00,0.739896745,0.2431923
09/12/2019 05:00,0.611491717,0.200987608
09/12/2019 06:00,0.636400753,0.209174812
09/12/2019 07:00,0.590638839,0.194133598
09/12/2019 08:00,0.587990683,0.193263191
09/12/2019 09:00,0.577614338,0.189852652
09/12/2019 10:00,0.657604521,0.216144153
09/12/2019 11:00,0.70549417,0.23188472
09/12/2019 12:00,0.788001212,0.259003473
09/12/2019 13:00,0.819466489,0.26934561
09/12/2019 14:00,0.840114521,0.27613229
09/12/2019 15:00,0.838646482,0.275649769
09/12/2019 16:00,0.824697478,0.271064953
09/12/2019 17:00,0.804192751,0.264325375
09/12/2019 18:00,0.792542865,0.260496242
09/12/2019 19:00,0.769955143,0.253072017
09/12/2019 20:00,0.735497552,0.241746355
09/12/2019 21:00,0.796002819,0.261633474
09/12/2019 22:00,0.811097222,0.266594764
09/12/2019 23:00,0.81796181,0.268851046
9/13/2019 0:00,0.824136214,0.270880474
9/13/2019 1:00,0.827570381,0.27200923
9/13/2019 2:00,0.833828033,0.274066021
9/13/2019 3:00,0.836009607,0.27478307
9/13/2019 4:00,0.840925474,0.276398837
9/13/2019 5:00,0.842710676,0.276985604
9/13/2019 6:00,0.846863793,0.278350668
9/13/2019 7:00,0.845879372,0.278027105
9/13/2019 8:00,0.839743291,0.276010272
9/13/2019 9:00,0.84390937,0.277379596
9/13/2019 10:00,0.850386568,0.279508548
9/13/2019 11:00,0.849755035,0.279300973
9/13/2019 12:00,0.85001336,0.279385881
9/13/2019 13:00,0.85014808,0.279430161
9/13/2019 14:00,0.849164107,0.279106745
9/13/2019 15:00,0.842908104,0.277050496
9/13/2019 16:00,0.834428556,0.274263403
9/13/2019 17:00,0.82252955,0.270352389
9/13/2019 18:00,0.767789882,0.25236033
9/13/2019 19:00,0.749089588,0.246213841
9/13/2019 20:00,0.640013399,0.210362231
9/13/2019 21:00,0.669573523,0.220078174
9/13/2019 22:00,0.720552161,0.236834042
9/13/2019 23:00,0.721556592,0.237164183
9/14/2019 0:00,0.666041182,0.21891715
9/14/2019 1:00,0.656826677,0.215888489
9/14/2019 2:00,0.59746985,0.196378843
9/14/2019 3:00,0.612952529,0.201467754
9/14/2019 4:00,0.625131717,0.205470859
9/14/2019 5:00,0.602584428,0.198059923
9/14/2019 6:00,0.705287702,0.231816857
9/14/2019 7:00,0.818329521,0.268971906
9/14/2019 8:00,0.849820945,0.279322637
9/14/2019 9:00,0.8514,0.279841647
9/14/2019 10:00,0.849628881,0.279259508
9/14/2019 11:00,0.8514,0.279841647
9/14/2019 12:00,0.8514,0.279841647
9/14/2019 13:00,0.8514,0.279841647
9/14/2019 14:00,0.8514,0.279841647
9/14/2019 15:00,0.8514,0.279841647
9/14/2019 16:00,0.8514,0.279841647
9/14/2019 17:00,0.8514,0.279841647
9/14/2019 18:00,0.8514,0.279841647
9/14/2019 19:00,0.8514,0.279841647
9/14/2019 20:00,0.8514,0.279841647
9/14/2019 21:00,0.8514,0.279841647
9/14/2019 22:00,0.8514,0.279841647
9/14/2019 23:00,0.8514,0.279841647
9/15/2019 0:00,0.8514,0.279841647
9/15/2019 1:00,0.8514,0.279841647
9/15/2019 2:00,0.8514,0.279841647
9/15/2019 3:00,0.8514,0.279841647
9/15/2019 4:00,0.8514,0.279841647
9/15/2019 5:00,0.8514,0.279841647
9/15/2019 6:00,0.8514,0.279841647
9/15/2019 7:00,0.8514,0.279841647
9/15/2019 8:00,0.8514,0.279841647
9/15/2019 9:00,0.8514,0.279841647
9/15/2019 10:00,0.8514,0.279841647
9/15/2019 11:00,0.8514,0.279841647
9/15/2019 12:00,0.8514,0.279841647
9/15/2019 13:00,0.8514,0.279841647
9/15/2019 14:00,0.8514,0.279841647
9/15/2019 15:00,0.850673691,0.279602921
9/15/2019 16:00,0.850070374,0.27940462
9/15/2019 17:00,0.84361131,0.277281629
9/15/2019 18:00,0.826838282,0.271768601
9/15/2019 19:00,0.809362083,0.266024452
9/15/2019 20:00,0.784845808,0.257966342
9/15/2019 21:00,0.767475878,0.252257122
9/15/2019 22:00,0.733726666,0.241164293
9/15/2019 23:00,0.66011745,0.216970113
9/16/2019 0:00,0.647970009,0.212977443
9/16/2019 1:00,0.690436517,0.226935509
9/16/2019 2:00,0.787656742,0.258890251
9/16/2019 3:00,0.80130418,0.263375947
9/16/2019 4:00,0.81935237,0.269308101
9/16/2019 5:00,0.821822409,0.270119963
9/16/2019 6:00,0.826225128,0.271567067
9/16/2019 7:00,0.820799672,0.269783806
9/16/2019 8:00,0.844298975,0.277507653
9/16/2019 9:00,0.845466679,0.277891459
9/16/2019 10:00,0.84262281,0.276956724
9/16/2019 11:00,0.84094802,0.276406247
9/16/2019 12:00,0.84912096,0.279092563
9/16/2019 13:00,0.850134978,0.279425855
9/16/2019 14:00,0.8505774,0.279571272
9/16/2019 15:00,0.849972317,0.27937239
9/16/2019 16:00,0.850958953,0.279696682
9/16/2019 17:00,0.850887381,0.279673157
9/16/2019 18:00,0.850624238,0.279586666
9/16/2019 19:00,0.850885336,0.279672485
9/16/2019 20:00,0.851146523,0.279758333
9/16/2019 21:00,0.8514,0.279841647
9/16/2019 22:00,0.8514,0.279841647
9/16/2019 23:00,0.8514,0.279841647
9/17/2019 0:00,0.8514,0.279841647
9/17/2019 1:00,0.8514,0.279841647
9/17/2019 2:00,0.8514,0.279841647
9/17/2019 3:00,0.8514,0.279841647
9/17/2019 4:00,0.8514,0.279841647
9/17/2019 5:00,0.8514,0.279841647
9/17/2019 6:00,0.850856152,0.279662893
9/17/2019 7:00,0.849659353,0.279269524
9/17/2019 8:00,0.844522511,0.277581126
9/17/2019 9:00,0.832290431,0.273560636
9/17/2019 10:00,0.821865663,0.27013418
9/17/2019 11:00,0.782911998,0.257330729
9/17/2019 12:00,0.668995252,0.219888106
9/17/2019 13:00,0.645067748,0.212023516
9/17/2019 14:00,0.632848508,0.208007246
9/17/2019 15:00,0.572947456,0.188318722
9/17/2019 16:00,0.487347538,0.160183389
9/17/2019 17:00,0.420851597,0.13832723
9/17/2019 18:00,0.30083433,0.098879463
9/17/2019 19:00,0.231555846,0.076108726
9/17/2019 20:00,0.167882467,0.055180299
9/17/2019 21:00,0.113322713,0.037247375
9/17/2019 22:00,0.066540736,0.021870882
9/17/2019 23:00,0.012958042,0.004259102
9/18/2019 0:00,0,0
9/18/2019 1:00,0,0
9/18/2019 2:00,0,0
9/18/2019 3:00,0,0
9/18/2019 4:00,0,0
9/18/2019 5:00,0,0
9/18/2019 6:00,0,0
9/18/2019 7:00,0,0
9/18/2019 8:00,0.016102013,0.005292476
9/18/2019 9:00,0.033885223,0.011137534
9/18/2019 10:00,0.077812048,0.025575583
9/18/2019 11:00,0.085082708,0.027965334
9/18/2019 12:00,0.078493769,0.025799654
9/18/2019 13:00,0.08867126,0.029144834
9/18/2019 14:00,0.088464135,0.029076755
9/18/2019 15:00,0.077753997,0.025556503
9/18/2019 16:00,0.081667603,0.026842843
9/18/2019 17:00,0.090290932,0.029677194
9/18/2019 18:00,0.087081019,0.028622147
9/18/2019 19:00,0.104208856,0.034251795
9/18/2019 20:00,0.128003661,0.042072769
9/18/2019 21:00,0.159687069,0.052486601
9/18/2019 22:00,0.213089287,0.070039062
9/18/2019 23:00,0.247743106,0.081429221
9/19/2019 0:00,0.278525767,0.091546993
9/19/2019 1:00,0.270110801,0.088781127
9/19/2019 2:00,0.206047501,0.067724538
9/19/2019 3:00,0.172858549,0.056815858
9/19/2019 4:00,0.229345672,0.075382277
9/19/2019 5:00,0.274281843,0.090152082
9/19/2019 6:00,0.257602759,0.084669932
9/19/2019 7:00,0.2864271,0.094144035
9/19/2019 8:00,0.370787542,0.121871972
9/19/2019 9:00,0.451455169,0.148386138
9/19/2019 10:00,0.469177298,0.15421112
9/19/2019 11:00,0.457435666,0.150351833
9/19/2019 12:00,0.480623509,0.157973308
9/19/2019 13:00,0.504131364,0.165699966
9/19/2019 14:00,0.479329779,0.157548079
9/19/2019 15:00,0.461197501,0.151588288
9/19/2019 16:00,0.470210276,0.154550644
9/19/2019 17:00,0.494349033,0.16248467
9/19/2019 18:00,0.541205662,0.177885699
9/19/2019 19:00,0.470126304,0.154523044
9/19/2019 20:00,0.384616948,0.126417477
9/19/2019 21:00,0.316941154,0.104173519
9/19/2019 22:00,0.247028669,0.081194397
9/19/2019 23:00,0.229556786,0.075451667
9/20/2019 0:00,0.197844931,0.065028484
9/20/2019 1:00,0.153079388,0.050314762
9/20/2019 2:00,0.110607506,0.036354929
9/20/2019 3:00,0.079171152,0.026022299
9/20/2019 4:00,0.05566723,0.018296934
9/20/2019 5:00,0.02968849,0.009758135
9/20/2019 6:00,0.014438734,0.004745782
9/20/2019 7:00,0.01601697,0.005264523
9/20/2019 8:00,0.041880945,0.013765601
9/20/2019 9:00,0.08325018,0.027363011
9/20/2019 10:00,0.132775899,0.043641328
9/20/2019 11:00,0.170964947,0.056193461
9/20/2019 12:00,0.168668625,0.055438696
9/20/2019 13:00,0.150293101,0.049398954
9/20/2019 14:00,0.143675652,0.047223903
9/20/2019 15:00,0.135846301,0.04465052
9/20/2019 16:00,0.133178114,0.043773529
9/20/2019 17:00,0.148001098,0.048645609
9/20/2019 18:00,0.167407258,0.055024105
9/20/2019 19:00,0.187998649,0.061792168
9/20/2019 20:00,0.21375615,0.070258249
9/20/2019 21:00,0.238896367,0.078521439
9/20/2019 22:00,0.285563257,0.093860104
9/20/2019 23:00,0.502219311,0.165071505
9/21/2019 0:00,0.660575604,0.217120701
9/21/2019 1:00,0.767126504,0.252142289
9/21/2019 2:00,0.794799368,0.261237919
9/21/2019 3:00,0.804331594,0.26437101
9/21/2019 4:00,0.812774674,0.267146116
9/21/2019 5:00,0.814757295,0.267797772
9/21/2019 6:00,0.813834158,0.267494352
9/21/2019 7:00,0.817165593,0.268589342
9/21/2019 8:00,0.826467888,0.271646858
9/21/2019 9:00,0.836698616,0.275009536
9/21/2019 10:00,0.849274659,0.279143081
9/21/2019 11:00,0.850280697,0.27947375
9/21/2019 12:00,0.850620157,0.279585325
9/21/2019 13:00,0.850993261,0.279707959
9/21/2019 14:00,0.851068719,0.27973276
9/21/2019 15:00,0.851053271,0.279727683
9/21/2019 16:00,0.850978988,0.279703267
9/21/2019 17:00,0.8514,0.279841647
9/21/2019 18:00,0.8514,0.279841647
9/21/2019 19:00,0.8514,0.279841647
9/21/2019 20:00,0.850823222,0.27965207
9/21/2019 21:00,0.850115244,0.279419368
9/21/2019 22:00,0.850322726,0.279487564
9/21/2019 23:00,0.850157033,0.279433104
9/22/2019 0:00,0.847375118,0.278518732
9/22/2019 1:00,0.836754705,0.275027971
9/22/2019 2:00,0.826771755,0.271746734
9/22/2019 3:00,0.821620171,0.270053491
9/22/2019 4:00,0.822038183,0.270190885
9/22/2019 5:00,0.82248241,0.270336895
9/22/2019 6:00,0.81963091,0.269399652
9/22/2019 7:00,0.814077573,0.267574359
9/22/2019 8:00,0.812801629,0.267154976
9/22/2019 9:00,0.80777819,0.265503851
9/22/2019 10:00,0.795855272,0.261584978
9/22/2019 11:00,0.792424004,0.260457175
9/22/2019 12:00,0.788083764,0.259030607
9/22/2019 13:00,0.79077366,0.259914733
9/22/2019 14:00,0.794318117,0.261079739
9/22/2019 15:00,0.792584195,0.260509827
9/22/2019 16:00,0.785960972,0.258332879
9/22/2019 17:00,0.782936251,0.257338701
9/22/2019 18:00,0.77210449,0.253778474
9/22/2019 19:00,0.752623334,0.247375327
9/22/2019 20:00,0.744917918,0.244842679
9/22/2019 21:00,0.739586528,0.243090336
9/22/2019 22:00,0.687592535,0.226000737
9/22/2019 23:00,0.700872665,0.230365705
9/23/2019 0:00,0.664940589,0.218555402
9/23/2019 1:00,0.711109436,0.233730369
9/23/2019 2:00,0.752436028,0.247313763
9/23/2019 3:00,0.771808186,0.253681083
9/23/2019 4:00,0.778024093,0.255724153
9/23/2019 5:00,0.739382089,0.24302314
9/23/2019 6:00,0.723901685,0.237934978
9/23/2019 7:00,0.759529495,0.249645273
9/23/2019 8:00,0.777559827,0.255571556
9/23/2019 9:00,0.755473637,0.248312176
9/23/2019 10:00,0.776693986,0.255286968
9/23/2019 11:00,0.769856034,0.253039442
9/23/2019 12:00,0.741076982,0.243580225
9/23/2019 13:00,0.722036105,0.237321791
9/23/2019 14:00,0.720993009,0.236978942
9/23/2019 15:00,0.773641787,0.254283759
9/23/2019 16:00,0.804532821,0.26443715
9/23/2019 17:00,0.821377211,0.269973634
9/23/2019 18:00,0.822514108,0.270347314
9/23/2019 19:00,0.818843749,0.269140925
9/23/2019 20:00,0.808552949,0.265758503
9/23/2019 21:00,0.790712673,0.259894687
9/23/2019 22:00,0.733260633,0.241011115
9/23/2019 23:00,0.696824616,0.229035176
9/24/2019 0:00,0.724707019,0.238199678
9/24/2019 1:00,0.70967331,0.233258337
9/24/2019 2:00,0.772135879,0.25378879
9/24/2019 3:00,0.800719883,0.263183898
9/24/2019 4:00,0.821675455,0.270071662
9/24/2019 5:00,0.835578534,0.274641383
9/24/2019 6:00,0.842562013,0.276936741
9/24/2019 7:00,0.845948956,0.278049976
9/24/2019 8:00,0.844430454,0.277550868
9/24/2019 9:00,0.84346626,0.277233953
9/24/2019 10:00,0.838243255,0.275517234
9/24/2019 11:00,0.82447578,0.270992084
9/24/2019 12:00,0.809896123,0.266199983
9/24/2019 13:00,0.76623853,0.251850426
9/24/2019 14:00,0.680326979,0.223612664
9/24/2019 15:00,0.710792249,0.233626114
9/24/2019 16:00,0.653192886,0.214694119
9/24/2019 17:00,0.611976866,0.201147069
9/24/2019 18:00,0.573844397,0.188613532
9/24/2019 19:00,0.611619676,0.201029666
9/24/2019 20:00,0.662078124,0.217614556
9/24/2019 21:00,0.712285367,0.234116879
9/24/2019 22:00,0.786169141,0.258401301
9/24/2019 23:00,0.801087722,0.263304801
9/25/2019 0:00,0.799294407,0.262715367
9/25/2019 1:00,0.800360509,0.263065778
9/25/2019 2:00,0.82112397,0.269890397
9/25/2019 3:00,0.820914988,0.269821708
9/25/2019 4:00,0.813661561,0.267437622
9/25/2019 5:00,0.825057893,0.271183415
9/25/2019 6:00,0.8347784,0.274378391
9/25/2019 7:00,0.841087033,0.276451939
9/25/2019 8:00,0.844326114,0.277516573
9/25/2019 9:00,0.846450062,0.278214681
9/25/2019 10:00,0.835461805,0.274603016
9/25/2019 11:00,0.823880254,0.270796344
9/25/2019 12:00,0.814877799,0.26783738
9/25/2019 13:00,0.813872108,0.267506826
9/25/2019 14:00,0.828603838,0.272348911
9/25/2019 15:00,0.834905752,0.27442025
9/25/2019 16:00,0.837411873,0.275243972
9/25/2019 17:00,0.843641932,0.277291694
9/25/2019 18:00,0.846392409,0.278195731
9/25/2019 19:00,0.84958324,0.279244507
9/25/2019 20:00,0.850111243,0.279418053
9/25/2019 21:00,0.850572732,0.279569737
9/25/2019 22:00,0.850284206,0.279474903
9/25/2019 23:00,0.850713995,0.279616168
9/26/2019 0:00,0.851130589,0.279753096
9/26/2019 1:00,0.8514,0.279841647
9/26/2019 2:00,0.8514,0.279841647
9/26/2019 3:00,0.8514,0.279841647
9/26/2019 4:00,0.8514,0.279841647
9/26/2019 5:00,0.8514,0.279841647
9/26/2019 6:00,0.8514,0.279841647
9/26/2019 7:00,0.8514,0.279841647
9/26/2019 8:00,0.846700313,0.278296935
9/26/2019 9:00,0.828843087,0.272427548
9/26/2019 10:00,0.820643661,0.269732527
9/26/2019 11:00,0.83920365,0.275832901
9/26/2019 12:00,0.842598923,0.276948873
9/26/2019 13:00,0.786241233,0.258424996
9/26/2019 14:00,0.542246656,0.178227857
9/26/2019 15:00,0.267806342,0.088023688
9/26/2019 16:00,0.162575847,0.053436097
9/26/2019 17:00,0.081952868,0.026936605
9/26/2019 18:00,0.00725013,0.002383002
9/26/2019 19:00,0,0
9/26/2019 20:00,0,0
9/26/2019 21:00,0.00568037,0.001867047
9/26/2019 22:00,0.041157119,0.013527691
9/26/2019 23:00,0.037628262,0.012367812
9/27/2019 0:00,0.026103383,0.008579767
9/27/2019 1:00,0.024050854,0.007905133
9/27/2019 2:00,0.023369724,0.007681257
9/27/2019 3:00,0.030740141,0.010103796
9/27/2019 4:00,0.036722818,0.012070207
9/27/2019 5:00,0.033659699,0.011063408
9/27/2019 6:00,0.03933867,0.012929996
9/27/2019 7:00,0.042734631,0.014046194
9/27/2019 8:00,0.037455343,0.012310976
9/27/2019 9:00,0.026127382,0.008587655
9/27/2019 10:00,0.020626862,0.006779722
9/27/2019 11:00,0.03414362,0.011222465
9/27/2019 12:00,0.052542211,0.01726979
9/27/2019 13:00,0.036011885,0.011836534
9/27/2019 14:00,0.022347623,0.007345309
9/27/2019 15:00,0.025375655,0.008340574
9/27/2019 16:00,0.019495356,0.006407814
9/27/2019 17:00,0.026586526,0.008738569
9/27/2019 18:00,0.04235904,0.013922743
9/27/2019 19:00,0.023429202,0.007700806
9/27/2019 20:00,0.003626135,0.001191853
9/27/2019 21:00,0,0
9/27/2019 22:00,0,0
9/27/2019 23:00,0,0
9/28/2019 0:00,0,0
9/28/2019 1:00,0,0
9/28/2019 2:00,0,0
9/28/2019 3:00,0.022695943,0.007459796
9/28/2019 4:00,0.048811033,0.016043411
9/28/2019 5:00,0.064664534,0.021254204
9/28/2019 6:00,0.061412421,0.020185287
9/28/2019 7:00,0.062440462,0.020523187
9/28/2019 8:00,0.064458887,0.021186612
9/28/2019 9:00,0.090668411,0.029801265
9/28/2019 10:00,0.22465641,0.073840991
9/28/2019 11:00,0.178245048,0.058586314
9/28/2019 12:00,0.108333848,0.035607614
9/28/2019 13:00,0.063063347,0.02072792
9/28/2019 14:00,0.045120248,0.014830308
9/28/2019 15:00,0.03566082,0.011721145
9/28/2019 16:00,0.016595799,0.005454775
9/28/2019 17:00,0.003235789,0.001063552
9/28/2019 18:00,0.008154297,0.002680188
9/28/2019 19:00,0.044478966,0.014619529
9/28/2019 20:00,0.073470346,0.024148535
9/28/2019 21:00,0.041007238,0.013478427
9/28/2019 22:00,0.034630579,0.011382521
9/28/2019 23:00,0.014982778,0.004924601
9/29/2019 0:00,0.008473215,0.002785011
9/29/2019 1:00,0.012015136,0.003949184
9/29/2019 2:00,0.035869918,0.011789872
9/29/2019 3:00,0.076449924,0.025127875
9/29/2019 4:00,0.111049771,0.036500295
9/29/2019 5:00,0.142657867,0.046889373
9/29/2019 6:00,0.187583151,0.0616556
9/29/2019 7:00,0.27260351,0.089600441
9/29/2019 8:00,0.393876732,0.129461021
9/29/2019 9:00,0.384663216,0.126432685
9/29/2019 10:00,0.283259553,0.093102913
9/29/2019 11:00,0.207401754,0.06816966
9/29/2019 12:00,0.157838748,0.051879088
9/29/2019 13:00,0.174338141,0.057302176
9/29/2019 14:00,0.209602872,0.068893133
9/29/2019 15:00,0.23462236,0.077116641
9/29/2019 16:00,0.26183269,0.086060244
9/29/2019 17:00,0.281137289,0.092405358
9/29/2019 18:00,0.285972419,0.093994588
9/29/2019 19:00,0.268317945,0.088191844
9/29/2019 20:00,0.280751905,0.092278689
9/29/2019 21:00,0.312064039,0.102570489
9/29/2019 22:00,0.551432216,0.181247004
9/29/2019 23:00,0.655287803,0.215382685
9/30/2019 0:00,0.708081682,0.232735194
9/30/2019 1:00,0.679971654,0.223495875
9/30/2019 2:00,0.67215519,0.220926727
9/30/2019 3:00,0.6671924,0.219295537
9/30/2019 4:00,0.623811804,0.205037024
9/30/2019 5:00,0.595821991,0.195837218
9/30/2019 6:00,0.560047238,0.184078625
9/30/2019 7:00,0.538953162,0.177145338
9/30/2019 8:00,0.509804311,0.167564574
9/30/2019 9:00,0.494099302,0.162402587
9/30/2019 10:00,0.566757189,0.186284079
9/30/2019 11:00,0.441892811,0.145243143
9/30/2019 12:00,0.360647985,0.11853926
9/30/2019 13:00,0.321991995,0.105833651
9/30/2019 14:00,0.319615726,0.105052609
9/30/2019 15:00,0.347759263,0.114302942
9/30/2019 16:00,0.272574387,0.089590868
9/30/2019 17:00,0.259692866,0.085356917
9/30/2019 18:00,0.235593137,0.07743572
9/30/2019 19:00,0.165434065,0.054375548
9/30/2019 20:00,0.119316662,0.03921749
9/30/2019 21:00,0.132751449,0.043633291
9/30/2019 22:00,0.20589619,0.067674805
9/30/2019 23:00,0.257565249,0.084657603
10/01/2019 00:00,0.245428747,0.080668528
10/01/2019 01:00,0.213423167,0.070148803
10/01/2019 02:00,0.226307384,0.07438364
10/01/2019 03:00,0.27407082,0.090082722
10/01/2019 04:00,0.382407024,0.12569111
10/01/2019 05:00,0.444839704,0.14621174
10/01/2019 06:00,0.471798629,0.15507271
10/01/2019 07:00,0.482750756,0.1586725
10/01/2019 08:00,0.524520898,0.172401682
10/01/2019 09:00,0.568257682,0.186777268
10/01/2019 10:00,0.637047226,0.209387297
10/01/2019 11:00,0.613234375,0.201560392
10/01/2019 12:00,0.620479632,0.203941793
10/01/2019 13:00,0.635092671,0.208744866
10/01/2019 14:00,0.679765946,0.223428262
10/01/2019 15:00,0.737827564,0.242512193
10/01/2019 16:00,0.759399563,0.249602566
10/01/2019 17:00,0.767945996,0.252411642
10/01/2019 18:00,0.763953796,0.25109947
10/01/2019 19:00,0.78405737,0.257707195
10/01/2019 20:00,0.803920589,0.26423592
10/01/2019 21:00,0.824103686,0.270869783
10/01/2019 22:00,0.837744329,0.275353245
10/01/2019 23:00,0.850170355,0.279437482
10/02/2019 00:00,0.851033567,0.279721206
10/02/2019 01:00,0.8514,0.279841647
10/02/2019 02:00,0.8514,0.279841647
10/02/2019 03:00,0.8514,0.279841647
10/02/2019 04:00,0.8514,0.279841647
10/02/2019 05:00,0.851325557,0.279817179
10/02/2019 06:00,0.849923816,0.279356449
10/02/2019 07:00,0.840318546,0.276199349
10/02/2019 08:00,0.824709608,0.27106894
10/02/2019 09:00,0.809651764,0.266119666
10/02/2019 10:00,0.806720521,0.265156212
10/02/2019 11:00,0.788808418,0.259268789
10/02/2019 12:00,0.757551087,0.248995001
10/02/2019 13:00,0.760230552,0.249875699
10/02/2019 14:00,0.76375479,0.25103406
10/02/2019 15:00,0.696880721,0.229053616
10/02/2019 16:00,0.641008504,0.210689306
10/02/2019 17:00,0.617379524,0.202922836
10/02/2019 18:00,0.605017717,0.198859707
10/02/2019 19:00,0.565868539,0.185991994
10/02/2019 20:00,0.501860726,0.164953644
10/02/2019 21:00,0.451987483,0.148561101
10/02/2019 22:00,0.353322321,0.116131431
10/02/2019 23:00,0.25550335,0.08397989
10/03/2019 00:00,0.254048377,0.083501664
10/03/2019 01:00,0.226294095,0.074379272
10/03/2019 02:00,0.173323408,0.056968649
10/03/2019 03:00,0.161557433,0.05310136
10/03/2019 04:00,0.143194757,0.047065841
10/03/2019 05:00,0.109383531,0.035952628
10/03/2019 06:00,0.097994108,0.032209106
10/03/2019 07:00,0.115095148,0.037829946
10/03/2019 08:00,0.162821042,0.053516689
10/03/2019 09:00,0.210264569,0.069110622
10/03/2019 10:00,0.230861276,0.075880432
10/03/2019 11:00,0.268958566,0.088402406
10/03/2019 12:00,0.268036594,0.088099368
10/03/2019 13:00,0.275827219,0.090660023
10/03/2019 14:00,0.386442425,0.127017483
10/03/2019 15:00,0.513746746,0.168860389
10/03/2019 16:00,0.603852725,0.198476793
10/03/2019 17:00,0.689504051,0.226629022
10/03/2019 18:00,0.750310288,0.246615066
10/03/2019 19:00,0.746315057,0.245301897
10/03/2019 20:00,0.762728676,0.250696792
10/03/2019 21:00,0.758589523,0.249336319
10/03/2019 22:00,0.796444525,0.261778656
10/03/2019 23:00,0.808595906,0.265772622
10/04/2019 00:00,0.80504087,0.264604138
10/04/2019 01:00,0.804790887,0.264521972
10/04/2019 02:00,0.794885812,0.261266332
10/04/2019 03:00,0.749275365,0.246274903
10/04/2019 04:00,0.689105808,0.226498126
10/04/2019 05:00,0.65246199,0.214453885
10/04/2019 06:00,0.600069933,0.197233449
10/04/2019 07:00,0.544887675,0.179095918
10/04/2019 08:00,0.517056805,0.169948353
10/04/2019 09:00,0.468691914,0.154051582
10/04/2019 10:00,0.425217807,0.139762334
10/04/2019 11:00,0.270569052,0.088931747
10/04/2019 12:00,0.2153114,0.070769435
10/04/2019 13:00,0.223848398,0.073575411
10/04/2019 14:00,0.221054636,0.072657145
10/04/2019 15:00,0.159136719,0.05230571
10/04/2019 16:00,0.182359484,0.059938664
10/04/2019 17:00,0.204646576,0.067264077
10/04/2019 18:00,0.249782897,0.082099668
10/04/2019 19:00,0.272900694,0.089698121
10/04/2019 20:00,0.222740747,0.073211343
10/04/2019 21:00,0.181671693,0.059712598
10/04/2019 22:00,0.229153305,0.075319049
10/04/2019 23:00,0.208943919,0.068676545
10/05/2019 00:00,0.194791843,0.064024983
10/05/2019 01:00,0.23049331,0.075759487
10/05/2019 02:00,0.275012841,0.090392349
10/05/2019 03:00,0.419351522,0.13783418
10/05/2019 04:00,0.532528957,0.175033804
10/05/2019 05:00,0.645624408,0.212206481
10/05/2019 06:00,0.776975954,0.255379646
10/05/2019 07:00,0.8147248,0.267787092
10/05/2019 08:00,0.832387881,0.273592666
10/05/2019 09:00,0.842902637,0.277048699
10/05/2019 10:00,0.84968643,0.279278424
10/05/2019 11:00,0.850492063,0.279543223
10/05/2019 12:00,0.850903131,0.279678334
10/05/2019 13:00,0.8514,0.279841647
10/05/2019 14:00,0.8514,0.279841647
10/05/2019 15:00,0.8514,0.279841647
10/05/2019 16:00,0.8514,0.279841647
10/05/2019 17:00,0.8514,0.279841647
10/05/2019 18:00,0.8514,0.279841647
10/05/2019 19:00,0.8514,0.279841647
10/05/2019 20:00,0.8514,0.279841647
10/05/2019 21:00,0.8514,0.279841647
10/05/2019 22:00,0.8514,0.279841647
10/05/2019 23:00,0.851024128,0.279718104
10/06/2019 00:00,0.851054234,0.279727999
10/06/2019 01:00,0.850982828,0.279704529
10/06/2019 02:00,0.8514,0.279841647
10/06/2019 03:00,0.8514,0.279841647
10/06/2019 04:00,0.8514,0.279841647
10/06/2019 05:00,0.8514,0.279841647
10/06/2019 06:00,0.850813609,0.27964891
10/06/2019 07:00,0.850178155,0.279440046
10/06/2019 08:00,0.841494121,0.276585742
10/06/2019 09:00,0.842597475,0.276948397
10/06/2019 10:00,0.850070341,0.279404609
10/06/2019 11:00,0.850601488,0.279579189
10/06/2019 12:00,0.850627502,0.279587739
10/06/2019 13:00,0.8514,0.279841647
10/06/2019 14:00,0.850892876,0.279674963
10/06/2019 15:00,0.84985911,0.279335181
10/06/2019 16:00,0.842811593,0.277018774
10/06/2019 17:00,0.823265834,0.270594394
10/06/2019 18:00,0.81326831,0.267308367
10/06/2019 19:00,0.822366252,0.270298716
10/06/2019 20:00,0.837566722,0.275294869
10/06/2019 21:00,0.849790901,0.279312762
10/06/2019 22:00,0.8514,0.279841647
10/06/2019 23:00,0.8514,0.279841647
10/07/2019 00:00,0.8514,0.279841647
10/07/2019 01:00,0.8514,0.279841647
10/07/2019 02:00,0.8514,0.279841647
10/07/2019 03:00,0.8514,0.279841647
10/07/2019 04:00,0.8514,0.279841647
10/07/2019 05:00,0.8514,0.279841647
10/07/2019 06:00,0.8514,0.279841647
10/07/2019 07:00,0.8514,0.279841647
10/07/2019 08:00,0.8514,0.279841647
10/07/2019 09:00,0.8514,0.279841647
10/07/2019 10:00,0.8514,0.279841647
10/07/2019 11:00,0.8514,0.279841647
10/07/2019 12:00,0.8514,0.279841647
10/07/2019 13:00,0.8514,0.279841647
10/07/2019 14:00,0.8514,0.279841647
10/07/2019 15:00,0.837226085,0.275182907
10/07/2019 16:00,0.664903697,0.218543277
10/07/2019 17:00,0.474612155,0.155997471
10/07/2019 18:00,0.471613499,0.155011861
10/07/2019 19:00,0.606983213,0.199505734
10/07/2019 20:00,0.75340368,0.247631814
10/07/2019 21:00,0.793177568,0.260704859
10/07/2019 22:00,0.78825943,0.259088345
10/07/2019 23:00,0.771835871,0.253690182
10/08/2019 00:00,0.757441092,0.248958848
10/08/2019 01:00,0.719278016,0.236415251
10/08/2019 02:00,0.663561009,0.218101957
10/08/2019 03:00,0.679699943,0.223406568
10/08/2019 04:00,0.700992817,0.230405197
10/08/2019 05:00,0.724774166,0.238221748
10/08/2019 06:00,0.769064494,0.252779275
10/08/2019 07:00,0.779676619,0.256267312
10/08/2019 08:00,0.770830166,0.253359623
10/08/2019 09:00,0.784338954,0.257799747
10/08/2019 10:00,0.784005455,0.257690131
10/08/2019 11:00,0.803875882,0.264221225
10/08/2019 12:00,0.821732259,0.270090332
10/08/2019 13:00,0.821742894,0.270093828
10/08/2019 14:00,0.794818659,0.26124426
10/08/2019 15:00,0.684150071,0.224869254
10/08/2019 16:00,0.615658892,0.202357292
10/08/2019 17:00,0.512982081,0.168609056
10/08/2019 18:00,0.488467223,0.160551412
10/08/2019 19:00,0.493423564,0.162180483
10/08/2019 20:00,0.55767017,0.183297321
10/08/2019 21:00,0.540350441,0.177604601
10/08/2019 22:00,0.601963176,0.197855728
10/08/2019 23:00,0.645881283,0.212290911
10/09/2019 00:00,0.630133387,0.207114828
10/09/2019 01:00,0.613988785,0.201808354
10/09/2019 02:00,0.598620291,0.196756975
10/09/2019 03:00,0.617786907,0.203056737
10/09/2019 04:00,0.614860191,0.202094772
10/09/2019 05:00,0.624041319,0.205112463
10/09/2019 06:00,0.679796075,0.223438165
10/09/2019 07:00,0.729853224,0.239891154
10/09/2019 08:00,0.749053742,0.246202059
10/09/2019 09:00,0.777976312,0.255708448
10/09/2019 10:00,0.734951193,0.241566775
10/09/2019 11:00,0.745719793,0.245106243
10/09/2019 12:00,0.764542064,0.251292824
10/09/2019 13:00,0.786284822,0.258439323
10/09/2019 14:00,0.775409202,0.25486468
10/09/2019 15:00,0.787045104,0.258689216
10/09/2019 16:00,0.787073351,0.2586985
10/09/2019 17:00,0.796416064,0.261769301
10/09/2019 18:00,0.805896137,0.26488525
10/09/2019 19:00,0.815910993,0.268176975
10/09/2019 20:00,0.823225045,0.270580987
10/09/2019 21:00,0.82313015,0.270549797
10/09/2019 22:00,0.810940052,0.266543105
10/09/2019 23:00,0.819439657,0.26933679
10/10/2019 00:00,0.816420921,0.26834458
10/10/2019 01:00,0.833515399,0.273963263
10/10/2019 02:00,0.835832783,0.274724951
10/10/2019 03:00,0.835647061,0.274663906
10/10/2019 04:00,0.831543584,0.273315159
10/10/2019 05:00,0.846271148,0.278155875
10/10/2019 06:00,0.850706017,0.279613546
10/10/2019 07:00,0.850519952,0.279552389
10/10/2019 08:00,0.848713432,0.278958615
10/10/2019 09:00,0.828418442,0.272287974
10/10/2019 10:00,0.811037188,0.266575032
10/10/2019 11:00,0.806577926,0.265109344
10/10/2019 12:00,0.803337602,0.264044301
10/10/2019 13:00,0.765650459,0.251657136
10/10/2019 14:00,0.633934115,0.208364067
10/10/2019 15:00,0.363937001,0.119620307
10/10/2019 16:00,0.139192476,0.045750355
10/10/2019 17:00,0.051622924,0.016967635
10/10/2019 18:00,0.028443103,0.009348796
10/10/2019 19:00,0.053034294,0.017431529
10/10/2019 20:00,0.073122263,0.024034126
10/10/2019 21:00,0.143429469,0.047142987
10/10/2019 22:00,0.240449382,0.07903189
10/10/2019 23:00,0.241740584,0.079456288
10/11/2019 00:00,0.216858743,0.071278022
10/11/2019 01:00,0.109175782,0.035884344
10/11/2019 02:00,0.093382011,0.030693183
10/11/2019 03:00,0.143662184,0.047219476
10/11/2019 04:00,0.192421439,0.063245868
10/11/2019 05:00,0.266509488,0.087597433
10/11/2019 06:00,0.287952096,0.094645277
10/11/2019 07:00,0.337922467,0.111069744
10/11/2019 08:00,0.396629587,0.130365841
10/11/2019 09:00,0.41469613,0.136304026
10/11/2019 10:00,0.239617838,0.078758575
10/11/2019 11:00,0.195134133,0.064137488
10/11/2019 12:00,0.191545748,0.062958043
10/11/2019 13:00,0.147599013,0.048513449
10/11/2019 14:00,0.099937382,0.032847829
10/11/2019 15:00,0.041534384,0.013651692
10/11/2019 16:00,0.007812298,0.002567778
10/11/2019 17:00,0,0
10/11/2019 18:00,0.010742655,0.00353094
10/11/2019 19:00,0.040363188,0.013266738
10/11/2019 20:00,0.119208719,0.039182011
10/11/2019 21:00,0.24455119,0.080380089
10/11/2019 22:00,0.384265908,0.126302096
10/11/2019 23:00,0.399725334,0.131383364
10/12/2019 00:00,0.384736541,0.126456786
10/12/2019 01:00,0.279226525,0.091777321
10/12/2019 02:00,0.217249865,0.071406577
10/12/2019 03:00,0.160199893,0.052655158
10/12/2019 04:00,0.18780088,0.061727164
10/12/2019 05:00,0.205336535,0.067490855
10/12/2019 06:00,0.194679479,0.06398805
10/12/2019 07:00,0.197120522,0.064790382
10/12/2019 08:00,0.18735074,0.06157921
10/12/2019 09:00,0.159429887,0.05240207
10/12/2019 10:00,0.23768728,0.078124031
10/12/2019 11:00,0.265413948,0.087237346
10/12/2019 12:00,0.368501946,0.121120732
10/12/2019 13:00,0.303071917,0.099614922
10/12/2019 14:00,0.267092556,0.087789078
10/12/2019 15:00,0.217846231,0.071602594
10/12/2019 16:00,0.124221361,0.040829587
10/12/2019 17:00,0.053487544,0.017580506
10/12/2019 18:00,0.012644615,0.004156084
10/12/2019 19:00,0,0
10/12/2019 20:00,0,0
10/12/2019 21:00,0.016594246,0.005454265
10/12/2019 22:00,0.020018595,0.006579794
10/12/2019 23:00,0.021028507,0.006911736
10/13/2019 0:00,0.010065896,0.0033085
10/13/2019 1:00,0,0
10/13/2019 2:00,0,0
10/13/2019 3:00,0,0
10/13/2019 4:00,0,0
10/13/2019 5:00,0,0
10/13/2019 6:00,0,0
10/13/2019 7:00,0,0
10/13/2019 8:00,0,0
10/13/2019 9:00,0,0
10/13/2019 10:00,0,0
10/13/2019 11:00,0,0
10/13/2019 12:00,0,0
10/13/2019 13:00,0,0
10/13/2019 14:00,0,0
10/13/2019 15:00,0,0
10/13/2019 16:00,0,0
10/13/2019 17:00,0.002242634,0.000737118
10/13/2019 18:00,0.002466619,0.000810738
10/13/2019 19:00,0,0
10/13/2019 20:00,0,0
10/13/2019 21:00,0,0
10/13/2019 22:00,0,0
10/13/2019 23:00,0,0
10/14/2019 0:00,0,0
10/14/2019 1:00,0,0
10/14/2019 2:00,0,0
10/14/2019 3:00,0,0
10/14/2019 4:00,0,0
10/14/2019 5:00,0,0
10/14/2019 6:00,0,0
10/14/2019 7:00,0,0
10/14/2019 8:00,0,0
10/14/2019 9:00,0.014168292,0.004656892
10/14/2019 10:00,0.026020759,0.00855261
10/14/2019 11:00,0.031306624,0.01028999
10/14/2019 12:00,0.046276361,0.015210304
10/14/2019 13:00,0.054428753,0.017889866
10/14/2019 14:00,0.030456957,0.010010718
10/14/2019 15:00,0.022500536,0.007395569
10/14/2019 16:00,0.021456017,0.007052252
10/14/2019 17:00,0.003653149,0.001200732
10/14/2019 18:00,0,0
10/14/2019 19:00,0.008423739,0.002768749
10/14/2019 20:00,0.01514563,0.004978128
10/14/2019 21:00,0.012826205,0.00421577
10/14/2019 22:00,0.080057299,0.026313562
10/14/2019 23:00,0.102459572,0.033676833
10/15/2019 0:00,0.1150532,0.037816158
10/15/2019 1:00,0.123001085,0.040428502
10/15/2019 2:00,0.169351674,0.055663204
10/15/2019 3:00,0.182004308,0.059821923
10/15/2019 4:00,0.244949288,0.080510938
10/15/2019 5:00,0.374019587,0.122934293
10/15/2019 6:00,0.338532403,0.11127022
10/15/2019 7:00,0.35701033,0.117343621
10/15/2019 8:00,0.287227956,0.094407264
10/15/2019 9:00,0.263138231,0.086489354
10/15/2019 10:00,0.290669893,0.095538574
10/15/2019 11:00,0.43443468,0.142791774
10/15/2019 12:00,0.397956208,0.13080188
10/15/2019 13:00,0.293679039,0.096527632
10/15/2019 14:00,0.259697663,0.085358494
10/15/2019 15:00,0.230907188,0.075895523
10/15/2019 16:00,0.24780481,0.081449502
10/15/2019 17:00,0.257192171,0.084534979
10/15/2019 18:00,0.214082821,0.07036562
10/15/2019 19:00,0.219036372,0.071993774
10/15/2019 20:00,0.264796972,0.087034556
10/15/2019 21:00,0.246964661,0.081173359
10/15/2019 22:00,0.18092528,0.059467264
10/15/2019 23:00,0.150806585,0.049567727
10/16/2019 0:00,0.144466522,0.04748385
10/16/2019 1:00,0.064215434,0.021106592
10/16/2019 2:00,0,0
10/16/2019 3:00,0,0
10/16/2019 4:00,0.024636305,0.008097562
10/16/2019 5:00,0.051589845,0.016956762
10/16/2019 6:00,0.092248389,0.030320579
10/16/2019 7:00,0.107895885,0.035463662
10/16/2019 8:00,0.246867388,0.081141386
10/16/2019 9:00,0.509052942,0.167317611
10/16/2019 10:00,0.617607059,0.202997624
10/16/2019 11:00,0.699904122,0.23004736
10/16/2019 12:00,0.664344038,0.218359326
10/16/2019 13:00,0.573038451,0.18834863
10/16/2019 14:00,0.368660542,0.12117286
10/16/2019 15:00,0.13204494,0.043401073
10/16/2019 16:00,0.060224153,0.019794722
10/16/2019 17:00,0.168522043,0.055390517
10/16/2019 18:00,0.221651276,0.072853251
10/16/2019 19:00,0.164484155,0.054063327
10/16/2019 20:00,0.129858032,0.042682271
10/16/2019 21:00,0.102517319,0.033695813
10/16/2019 22:00,0.065583518,0.02155626
10/16/2019 23:00,0.069100488,0.022712232
10/17/2019 0:00,0.06535822,0.021482208
10/17/2019 1:00,0.050350444,0.016549391
10/17/2019 2:00,0.051863945,0.017046854
10/17/2019 3:00,0.0471954,0.015512378
10/17/2019 4:00,0.029380986,0.009657063
10/17/2019 5:00,0.014070892,0.004624879
10/17/2019 6:00,0,0
10/17/2019 7:00,0,0
10/17/2019 8:00,0,0
10/17/2019 9:00,0,0
10/17/2019 10:00,0.024851801,0.008168392
10/17/2019 11:00,0.049647011,0.016318183
10/17/2019 12:00,0.050061736,0.016454497
10/17/2019 13:00,0.053336205,0.017530763
10/17/2019 14:00,0.070324297,0.023114479
10/17/2019 15:00,0.095136761,0.031269941
10/17/2019 16:00,0.135135588,0.04441692
10/17/2019 17:00,0.157880951,0.051892959
10/17/2019 18:00,0.182059274,0.059839989
10/17/2019 19:00,0.222507518,0.073134684
10/17/2019 20:00,0.23530424,0.077340763
10/17/2019 21:00,0.201247094,0.066146721
10/17/2019 22:00,0.196219572,0.064494255
10/17/2019 23:00,0.186975815,0.061455979
10/18/2019 0:00,0.221139219,0.072684946
10/18/2019 1:00,0.258658174,0.085016831
10/18/2019 2:00,0.276243352,0.090796799
10/18/2019 3:00,0.282416058,0.092825669
10/18/2019 4:00,0.296236819,0.097368334
10/18/2019 5:00,0.302391339,0.099391227
10/18/2019 6:00,0.319547581,0.105030211
10/18/2019 7:00,0.308528344,0.101408363
10/18/2019 8:00,0.319670257,0.105070532
10/18/2019 9:00,0.28140044,0.092491852
10/18/2019 10:00,0.237900465,0.078194101
10/18/2019 11:00,0.270092625,0.088775153
10/18/2019 12:00,0.312993639,0.102876034
10/18/2019 13:00,0.392619518,0.129047795
10/18/2019 14:00,0.277061259,0.091065632
10/18/2019 15:00,0.360879931,0.118615497
10/18/2019 16:00,0.541226062,0.177892404
10/18/2019 17:00,0.631741605,0.207643424
10/18/2019 18:00,0.600207914,0.197278801
10/18/2019 19:00,0.600032481,0.197221139
10/18/2019 20:00,0.639458649,0.210179894
10/18/2019 21:00,0.705153479,0.23177274
10/18/2019 22:00,0.780543332,0.256552187
10/18/2019 23:00,0.7626851,0.25068247
10/19/2019 0:00,0.730287065,0.24003375
10/19/2019 1:00,0.673075254,0.221229137
10/19/2019 2:00,0.698716321,0.229656949
10/19/2019 3:00,0.664695401,0.218474813
10/19/2019 4:00,0.607702677,0.19974221
10/19/2019 5:00,0.527457015,0.173366737
10/19/2019 6:00,0.487954226,0.160382798
10/19/2019 7:00,0.444545886,0.146115167
10/19/2019 8:00,0.407470332,0.133929021
10/19/2019 9:00,0.400732454,0.131714388
10/19/2019 10:00,0.447617962,0.147124909
10/19/2019 11:00,0.506844372,0.166591689
10/19/2019 12:00,0.658906688,0.216572155
10/19/2019 13:00,0.733961877,0.241241603
10/19/2019 14:00,0.787800958,0.258937653
10/19/2019 15:00,0.813337511,0.267331112
10/19/2019 16:00,0.846476419,0.278223344
10/19/2019 17:00,0.851363527,0.279829659
10/19/2019 18:00,0.8514,0.279841647
10/19/2019 19:00,0.8514,0.279841647
10/19/2019 20:00,0.851365067,0.279830165
10/19/2019 21:00,0.849859219,0.279335217
10/19/2019 22:00,0.84415436,0.27746012
10/19/2019 23:00,0.846800273,0.27832979
10/20/2019 0:00,0.84872762,0.278963278
10/20/2019 1:00,0.849623425,0.279257715
10/20/2019 2:00,0.845582525,0.277929536
10/20/2019 3:00,0.849627326,0.279258997
10/20/2019 4:00,0.849901325,0.279349057
10/20/2019 5:00,0.845787935,0.277997051
10/20/2019 6:00,0.84964668,0.279265359
10/20/2019 7:00,0.845739376,0.27798109
10/20/2019 8:00,0.833029824,0.273803662
10/20/2019 9:00,0.810513081,0.266402767
10/20/2019 10:00,0.722598621,0.237506681
10/20/2019 11:00,0.652894282,0.214595973
10/20/2019 12:00,0.644800771,0.211935764
10/20/2019 13:00,0.631507546,0.207566493
10/20/2019 14:00,0.601640215,0.197749576
10/20/2019 15:00,0.505458885,0.166136301
10/20/2019 16:00,0.481451592,0.158245486
10/20/2019 17:00,0.389631023,0.128065524
10/20/2019 18:00,0.270484517,0.088903961
10/20/2019 19:00,0.239277944,0.078646857
10/20/2019 20:00,0.182041053,0.059834001
10/20/2019 21:00,0.122713991,0.040334138
10/20/2019 22:00,0.088062293,0.028944676
10/20/2019 23:00,0.068150374,0.022399945
10/21/2019 0:00,0.02499919,0.008216836
10/21/2019 1:00,0.016154387,0.00530969
10/21/2019 2:00,0.044495413,0.014624935
10/21/2019 3:00,0.020618877,0.006777097
10/21/2019 4:00,0.003972896,0.001305828
10/21/2019 5:00,0.019452338,0.006393674
10/21/2019 6:00,0.052480742,0.017249586
10/21/2019 7:00,0.102211876,0.033595419
10/21/2019 8:00,0.161216586,0.052989329
10/21/2019 9:00,0.216693963,0.071223861
10/21/2019 10:00,0.233349496,0.07669827
10/21/2019 11:00,0.290355454,0.095435223
10/21/2019 12:00,0.385136925,0.126588386
10/21/2019 13:00,0.450628016,0.148114266
10/21/2019 14:00,0.536921912,0.176477698
10/21/2019 15:00,0.63729739,0.209469522
10/21/2019 16:00,0.685080645,0.225175119
10/21/2019 17:00,0.702348907,0.230850922
10/21/2019 18:00,0.731245973,0.240348928
10/21/2019 19:00,0.765173069,0.251500226
10/21/2019 20:00,0.793468915,0.26080062
10/21/2019 21:00,0.80542727,0.264731141
10/21/2019 22:00,0.824829788,0.271108441
10/21/2019 23:00,0.84288634,0.277043342
10/22/2019 0:00,0.844240097,0.277488301
10/22/2019 1:00,0.84514331,0.277785173
10/22/2019 2:00,0.824539738,0.271013106
10/22/2019 3:00,0.829480464,0.272637044
10/22/2019 4:00,0.833384596,0.27392027
10/22/2019 5:00,0.83459572,0.274318347
10/22/2019 6:00,0.826969857,0.271811848
10/22/2019 7:00,0.836423135,0.27491899
10/22/2019 8:00,0.835935448,0.274758695
10/22/2019 9:00,0.827718531,0.272057925
10/22/2019 10:00,0.802402067,0.263736805
10/22/2019 11:00,0.79865872,0.262506427
10/22/2019 12:00,0.788145209,0.259050803
10/22/2019 13:00,0.777563041,0.255572612
10/22/2019 14:00,0.762516906,0.250627187
10/22/2019 15:00,0.729898868,0.239906156
10/22/2019 16:00,0.612050346,0.20117122
10/22/2019 17:00,0.56024035,0.184142098
10/22/2019 18:00,0.63796232,0.209688074
10/22/2019 19:00,0.666881125,0.219193226
10/22/2019 20:00,0.690688656,0.227018383
10/22/2019 21:00,0.749601491,0.246382095
10/22/2019 22:00,0.678960538,0.223163537
10/22/2019 23:00,0.751442901,0.246987337
10/23/2019 0:00,0.747410031,0.245661797
10/23/2019 1:00,0.784125636,0.257729633
10/23/2019 2:00,0.778761194,0.255966426
10/23/2019 3:00,0.747778617,0.245782946
10/23/2019 4:00,0.656609953,0.215817255
10/23/2019 5:00,0.528455887,0.173695051
10/23/2019 6:00,0.493028625,0.162050672
10/23/2019 7:00,0.610403435,0.200629907
10/23/2019 8:00,0.635781812,0.208971376
10/23/2019 9:00,0.665802045,0.218838549
10/23/2019 10:00,0.641337644,0.21079749
10/23/2019 11:00,0.722910697,0.237609255
10/23/2019 12:00,0.760745911,0.250045089
10/23/2019 13:00,0.799531224,0.262793205
10/23/2019 14:00,0.805386573,0.264717765
10/23/2019 15:00,0.799050142,0.262635081
10/23/2019 16:00,0.800875104,0.263234917
10/23/2019 17:00,0.823944584,0.270817488
10/23/2019 18:00,0.835004613,0.274452744
10/23/2019 19:00,0.846346209,0.278180546
10/23/2019 20:00,0.849829278,0.279325376
10/23/2019 21:00,0.849844746,0.27933046
10/23/2019 22:00,0.849109507,0.279088799
10/23/2019 23:00,0.849693552,0.279280765
10/24/2019 0:00,0.826949094,0.271805023
10/24/2019 1:00,0.806307664,0.265020513
10/24/2019 2:00,0.770252066,0.253169611
10/24/2019 3:00,0.676008045,0.222193099
10/24/2019 4:00,0.624838754,0.205374567
10/24/2019 5:00,0.700365061,0.230198863
10/24/2019 6:00,0.793203424,0.260713358
10/24/2019 7:00,0.780536712,0.256550011
10/24/2019 8:00,0.769659017,0.252974685
10/24/2019 9:00,0.706039317,0.232063901
10/24/2019 10:00,0.787675897,0.258896547
10/24/2019 11:00,0.753885906,0.247790314
10/24/2019 12:00,0.782306424,0.257131687
10/24/2019 13:00,0.833558656,0.273977481
10/24/2019 14:00,0.844972037,0.277728878
10/24/2019 15:00,0.836828152,0.275052112
10/24/2019 16:00,0.809807408,0.266170823
10/24/2019 17:00,0.801385414,0.263402648
10/24/2019 18:00,0.805071492,0.264614203
10/24/2019 19:00,0.80775118,0.265494974
10/24/2019 20:00,0.812698023,0.267120922
10/24/2019 21:00,0.807217156,0.265319449
10/24/2019 22:00,0.826508785,0.2716603
10/24/2019 23:00,0.837637039,0.275317981
10/25/2019 0:00,0.843643137,0.27729209
10/25/2019 1:00,0.849822223,0.279323057
10/25/2019 2:00,0.849980848,0.279375195
10/25/2019 3:00,0.850171741,0.279437938
10/25/2019 4:00,0.850930188,0.279687228
10/25/2019 5:00,0.8514,0.279841647
10/25/2019 6:00,0.8514,0.279841647
10/25/2019 7:00,0.8514,0.279841647
10/25/2019 8:00,0.8514,0.279841647
10/25/2019 9:00,0.8514,0.279841647
10/25/2019 10:00,0.8514,0.279841647
10/25/2019 11:00,0.8514,0.279841647
10/25/2019 12:00,0.8514,0.279841647
10/25/2019 13:00,0.8514,0.279841647
10/25/2019 14:00,0.8514,0.279841647
10/25/2019 15:00,0.8514,0.279841647
10/25/2019 16:00,0.8514,0.279841647
10/25/2019 17:00,0.8514,0.279841647
10/25/2019 18:00,0.850781483,0.279638351
10/25/2019 19:00,0.850167965,0.279436697
10/25/2019 20:00,0.850003413,0.279382611
10/25/2019 21:00,0.849688931,0.279279246
10/25/2019 22:00,0.845969218,0.278056635
10/25/2019 23:00,0.850186094,0.279442656
10/26/2019 0:00,0.8514,0.279841647
10/26/2019 1:00,0.8514,0.279841647
10/26/2019 2:00,0.8514,0.279841647
10/26/2019 3:00,0.851233688,0.279786983
10/26/2019 4:00,0.851090558,0.279739939
10/26/2019 5:00,0.849835906,0.279327554
10/26/2019 6:00,0.844536984,0.277585883
10/26/2019 7:00,0.833892545,0.274087225
10/26/2019 8:00,0.817461953,0.268686751
10/26/2019 9:00,0.805694126,0.264818853
10/26/2019 10:00,0.777292038,0.255483538
10/26/2019 11:00,0.78432284,0.257794451
10/26/2019 12:00,0.779250071,0.256127112
10/26/2019 13:00,0.757190902,0.248876614
10/26/2019 14:00,0.739815803,0.243165695
10/26/2019 15:00,0.754490771,0.247989124
10/26/2019 16:00,0.769365699,0.252878276
10/26/2019 17:00,0.768305003,0.252529642
10/26/2019 18:00,0.78673631,0.25858772
10/26/2019 19:00,0.791618542,0.260192432
10/26/2019 20:00,0.825852817,0.271444694
10/26/2019 21:00,0.825918793,0.271466379
10/26/2019 22:00,0.82101707,0.269855261
10/26/2019 23:00,0.831764799,0.273387869
10/27/2019 0:00,0.83808549,0.275465379
10/27/2019 1:00,0.850233071,0.279458096
10/27/2019 2:00,0.850226164,0.279455826
10/27/2019 3:00,0.85008033,0.279407893
10/27/2019 4:00,0.850124003,0.279422247
10/27/2019 5:00,0.84622434,0.27814049
10/27/2019 6:00,0.842565504,0.276937889
10/27/2019 7:00,0.843170747,0.277136823
10/27/2019 8:00,0.8413088,0.27652483
10/27/2019 9:00,0.837546104,0.275288092
10/27/2019 10:00,0.8514,0.279841647
10/27/2019 11:00,0.8514,0.279841647
10/27/2019 12:00,0.850302582,0.279480943
10/27/2019 13:00,0.837062457,0.275129125
10/27/2019 14:00,0.811267094,0.266650599
10/27/2019 15:00,0.797841206,0.262237723
10/27/2019 16:00,0.785394881,0.258146814
10/27/2019 17:00,0.769829199,0.253030621
10/27/2019 18:00,0.761775374,0.250383457
10/27/2019 19:00,0.745057114,0.244888431
10/27/2019 20:00,0.707806923,0.232644885
10/27/2019 21:00,0.652357386,0.214419504
10/27/2019 22:00,0.660102171,0.216965091
10/27/2019 23:00,0.689418329,0.226600847
10/28/2019 0:00,0.691636522,0.227329931
10/28/2019 1:00,0.695618793,0.22863884
10/28/2019 2:00,0.751571384,0.247029568
10/28/2019 3:00,0.763127955,0.250828029
10/28/2019 4:00,0.74516954,0.244925384
10/28/2019 5:00,0.733122502,0.240965713
10/28/2019 6:00,0.666126767,0.21894528
10/28/2019 7:00,0.625181508,0.205487224
10/28/2019 8:00,0.575545303,0.189172593
10/28/2019 9:00,0.529433603,0.17401641
10/28/2019 10:00,0.600306644,0.197311252
10/28/2019 11:00,0.535043867,0.175860415
10/28/2019 12:00,0.467772917,0.153749523
10/28/2019 13:00,0.443455718,0.145756846
10/28/2019 14:00,0.451571339,0.148424322
10/28/2019 15:00,0.465295627,0.152935277
10/28/2019 16:00,0.471549934,0.154990968
10/28/2019 17:00,0.469191307,0.154215725
10/28/2019 18:00,0.440744708,0.14486578
10/28/2019 19:00,0.451488935,0.148397237
10/28/2019 20:00,0.450766246,0.1481597
10/28/2019 21:00,0.422426067,0.138844734
10/28/2019 22:00,0.29496915,0.096951671
10/28/2019 23:00,0.243728915,0.08010982
10/29/2019 0:00,0.190703888,0.062681337
10/29/2019 1:00,0.166807688,0.054827036
10/29/2019 2:00,0.167843544,0.055167505
10/29/2019 3:00,0.166251121,0.054644101
10/29/2019 4:00,0.160044255,0.052604003
10/29/2019 5:00,0.144626238,0.047536346
10/29/2019 6:00,0.127743056,0.041987112
10/29/2019 7:00,0.107882731,0.035459339
10/29/2019 8:00,0.087011381,0.028599258
10/29/2019 9:00,0.067777246,0.022277304
10/29/2019 10:00,0.03192181,0.010492192
10/29/2019 11:00,0.011515911,0.003785097
10/29/2019 12:00,0,0
10/29/2019 13:00,0,0
10/29/2019 14:00,0,0
10/29/2019 15:00,0,0
10/29/2019 16:00,0,0
10/29/2019 17:00,0,0
10/29/2019 18:00,0,0
10/29/2019 19:00,0,0
10/29/2019 20:00,0,0
10/29/2019 21:00,0,0
10/29/2019 22:00,0,0
10/29/2019 23:00,0,0
10/30/2019 0:00,0,0
10/30/2019 1:00,0,0
10/30/2019 2:00,0,0
10/30/2019 3:00,0,0
10/30/2019 4:00,0,0
10/30/2019 5:00,0,0
10/30/2019 6:00,0,0
10/30/2019 7:00,0,0
10/30/2019 8:00,0,0
10/30/2019 9:00,0,0
10/30/2019 10:00,0,0
10/30/2019 11:00,0,0
10/30/2019 12:00,0,0
10/30/2019 13:00,0,0
10/30/2019 14:00,0,0
10/30/2019 15:00,0.008270661,0.002718435
10/30/2019 16:00,0.016419034,0.005396676
10/30/2019 17:00,0.022569448,0.007418219
10/30/2019 18:00,0.027233323,0.00895116
10/30/2019 19:00,0.031327906,0.010296985
10/30/2019 20:00,0.049491861,0.016267188
10/30/2019 21:00,0.070269426,0.023096443
10/30/2019 22:00,0.091896977,0.030205076
10/30/2019 23:00,0.112403513,0.036945248
10/31/2019 0:00,0.121423441,0.039909955
10/31/2019 1:00,0.11493022,0.037775737
10/31/2019 2:00,0.106532213,0.035015445
10/31/2019 3:00,0.11913724,0.039158517
10/31/2019 4:00,0.120884361,0.039732768
10/31/2019 5:00,0.101847082,0.033475517
10/31/2019 6:00,0.077410008,0.025443439
10/31/2019 7:00,0.065653357,0.021579215
10/31/2019 8:00,0.081429745,0.026764663
10/31/2019 9:00,0.104499713,0.034347395
10/31/2019 10:00,0.124382883,0.040882677
10/31/2019 11:00,0.162956634,0.053561255
10/31/2019 12:00,0.223630928,0.073503931
10/31/2019 13:00,0.314657519,0.103422925
10/31/2019 14:00,0.33787601,0.111054474
10/31/2019 15:00,0.376211213,0.123654646
10/31/2019 16:00,0.43726043,0.143720553
10/31/2019 17:00,0.47635705,0.156570991
10/31/2019 18:00,0.524452776,0.172379291
10/31/2019 19:00,0.59145984,0.194403448
10/31/2019 20:00,0.603911736,0.198496188
10/31/2019 21:00,0.590974263,0.194243847
10/31/2019 22:00,0.512402233,0.168418469
10/31/2019 23:00,0.456031854,0.149890422
11/01/2019 00:00,0.519207132,0.170655132
11/01/2019 01:00,0.461569396,0.151710524
11/01/2019 02:00,0.339972241,0.111743472
11/01/2019 03:00,0.24308772,0.07989907
11/01/2019 04:00,0.254926819,0.083790393
11/01/2019 05:00,0.273513164,0.089899429
11/01/2019 06:00,0.327581482,0.107670826
11/01/2019 07:00,0.388177682,0.127587834
11/01/2019 08:00,0.398190136,0.130878768
11/01/2019 09:00,0.429062967,0.141026177
11/01/2019 10:00,0.479795537,0.157701167
11/01/2019 11:00,0.59955987,0.197065799
11/01/2019 12:00,0.608359008,0.199957936
11/01/2019 13:00,0.644626013,0.211878324
11/01/2019 14:00,0.657482271,0.216103972
11/01/2019 15:00,0.736195235,0.241975672
11/01/2019 16:00,0.787652942,0.258889002
11/01/2019 17:00,0.803263778,0.264020036
11/01/2019 18:00,0.806031835,0.264929852
11/01/2019 19:00,0.81610137,0.268239548
11/01/2019 20:00,0.825090366,0.271194089
11/01/2019 21:00,0.822469182,0.270332547
11/01/2019 22:00,0.840714585,0.276329521
11/01/2019 23:00,0.850862269,0.279664904
11/02/2019 00:00,0.851192639,0.279773491
11/02/2019 01:00,0.8514,0.279841647
11/02/2019 02:00,0.8514,0.279841647
11/02/2019 03:00,0.8514,0.279841647
11/02/2019 04:00,0.8514,0.279841647
11/02/2019 05:00,0.8514,0.279841647
11/02/2019 06:00,0.8514,0.279841647
11/02/2019 07:00,0.8514,0.279841647
11/02/2019 08:00,0.8514,0.279841647
11/02/2019 09:00,0.8514,0.279841647
11/02/2019 10:00,0.8514,0.279841647
11/02/2019 11:00,0.8514,0.279841647
11/02/2019 12:00,0.8514,0.279841647
11/02/2019 13:00,0.8514,0.279841647
11/02/2019 14:00,0.8514,0.279841647
11/02/2019 15:00,0.8514,0.279841647
11/02/2019 16:00,0.8514,0.279841647
11/02/2019 17:00,0.8514,0.279841647
11/02/2019 18:00,0.8514,0.279841647
11/02/2019 19:00,0.8514,0.279841647
11/02/2019 20:00,0.8514,0.279841647
11/02/2019 21:00,0.8514,0.279841647
11/02/2019 22:00,0.851095116,0.279741437
11/02/2019 23:00,0.850592788,0.27957633
11/03/2019 00:00,0.850511965,0.279549764
11/03/2019 01:00,0.850371944,0.279503741
11/03/2019 02:00,0.849660187,0.279269798
11/03/2019 03:00,0.843906674,0.27737871
11/03/2019 04:00,0.838366656,0.275557794
11/03/2019 05:00,0.832269869,0.273553877
11/03/2019 06:00,0.832645606,0.273677376
11/03/2019 07:00,0.833689838,0.274020598
11/03/2019 08:00,0.830908749,0.273106499
11/03/2019 09:00,0.835990053,0.274776643
11/03/2019 10:00,0.835781383,0.274708056
11/03/2019 11:00,0.846501741,0.278231667
11/03/2019 12:00,0.843588128,0.277274009
11/03/2019 13:00,0.833661544,0.274011299
11/03/2019 14:00,0.825566416,0.271350559
11/03/2019 15:00,0.825758182,0.271413589
11/03/2019 16:00,0.837756976,0.275357402
11/03/2019 17:00,0.842549625,0.276932669
11/03/2019 18:00,0.836748945,0.275026078
11/03/2019 19:00,0.838178891,0.275496079
11/03/2019 20:00,0.841464588,0.276576035
11/03/2019 21:00,0.849867182,0.279337834
11/03/2019 22:00,0.837447421,0.275255656
11/03/2019 23:00,0.84257002,0.276939373
11/04/2019 00:00,0.849729792,0.279292676
11/04/2019 01:00,0.85011594,0.279419597
11/04/2019 02:00,0.846984339,0.278390289
11/04/2019 03:00,0.831531417,0.27331116
11/04/2019 04:00,0.804492226,0.264423807
11/04/2019 05:00,0.788832076,0.259276565
11/04/2019 06:00,0.791013029,0.25999341
11/04/2019 07:00,0.789745016,0.259576634
11/04/2019 08:00,0.79772021,0.262197953
11/04/2019 09:00,0.819704563,0.269423861
11/04/2019 10:00,0.820721918,0.269758249
11/04/2019 11:00,0.830679109,0.273031019
11/04/2019 12:00,0.805778831,0.264846694
11/04/2019 13:00,0.787986771,0.258998727
11/04/2019 14:00,0.772875047,0.254031743
11/04/2019 15:00,0.748460243,0.246006985
11/04/2019 16:00,0.751304205,0.24694175
11/04/2019 17:00,0.768758898,0.252678831
11/04/2019 18:00,0.773549487,0.254253421
11/04/2019 19:00,0.744586123,0.244733623
11/04/2019 20:00,0.688554434,0.226316898
11/04/2019 21:00,0.663075852,0.217942493
11/04/2019 22:00,0.645829521,0.212273898
11/04/2019 23:00,0.649039513,0.213328972
11/05/2019 00:00,0.653691544,0.21485802
11/05/2019 01:00,0.644593721,0.211867711
11/05/2019 02:00,0.640174896,0.210415313
11/05/2019 03:00,0.609644178,0.200380351
11/05/2019 04:00,0.586071818,0.192632491
11/05/2019 05:00,0.585750075,0.192526739
11/05/2019 06:00,0.563102498,0.185082841
11/05/2019 07:00,0.558679382,0.183629033
11/05/2019 08:00,0.569861038,0.187304265
11/05/2019 09:00,0.502805442,0.165264157
11/05/2019 10:00,0.367975169,0.120947589
11/05/2019 11:00,0.278345356,0.091487694
11/05/2019 12:00,0.218219778,0.071725372
11/05/2019 13:00,0.182629656,0.060027465
11/05/2019 14:00,0.198210053,0.065148494
11/05/2019 15:00,0.245436919,0.080671214
11/05/2019 16:00,0.360633555,0.118534517
11/05/2019 17:00,0.429140269,0.141051585
11/05/2019 18:00,0.42501535,0.13969579
11/05/2019 19:00,0.387652577,0.12741524
11/05/2019 20:00,0.340580938,0.111943541
11/05/2019 21:00,0.311337974,0.102331843
11/05/2019 22:00,0.156310286,0.051376706
11/05/2019 23:00,0.103087492,0.03388322
11/06/2019 00:00,0.091734765,0.030151759
11/06/2019 01:00,0.075533654,0.024826711
11/06/2019 02:00,0.064198503,0.021101028
11/06/2019 03:00,0.062446447,0.020525155
11/06/2019 04:00,0.058029521,0.019073381
11/06/2019 05:00,0.054338607,0.017860236
11/06/2019 06:00,0.053250227,0.017502503
11/06/2019 07:00,0.055888972,0.018369817
11/06/2019 08:00,0.051617233,0.016965764
11/06/2019 09:00,0.039540472,0.012996325
11/06/2019 10:00,0.010803049,0.003550791
11/06/2019 11:00,0,0
11/06/2019 12:00,0,0
11/06/2019 13:00,0,0
11/06/2019 14:00,0,0
11/06/2019 15:00,0.020702324,0.006804525
11/06/2019 16:00,0.048742122,0.016020761
11/06/2019 17:00,0.07917424,0.026023314
11/06/2019 18:00,0.117060062,0.038475782
11/06/2019 19:00,0.148637585,0.048854812
11/06/2019 20:00,0.159485677,0.052420407
11/06/2019 21:00,0.158244971,0.052012607
11/06/2019 22:00,0.191116563,0.062816977
11/06/2019 23:00,0.198816367,0.06534778
11/07/2019 00:00,0.213999943,0.07033838
11/07/2019 01:00,0.229189323,0.075330887
11/07/2019 02:00,0.252244289,0.082908688
11/07/2019 03:00,0.271694238,0.089301577
11/07/2019 04:00,0.299962393,0.098592871
11/07/2019 05:00,0.340832109,0.112026097
11/07/2019 06:00,0.391380679,0.128640608
11/07/2019 07:00,0.447093989,0.146952688
11/07/2019 08:00,0.505350037,0.166100525
11/07/2019 09:00,0.567930732,0.186669805
11/07/2019 10:00,0.661830128,0.217533043
11/07/2019 11:00,0.673007488,0.221206864
11/07/2019 12:00,0.713882544,0.234641845
11/07/2019 13:00,0.775369251,0.254851548
11/07/2019 14:00,0.801019402,0.263282345
11/07/2019 15:00,0.794779553,0.261231406
11/07/2019 16:00,0.760270444,0.249888811
11/07/2019 17:00,0.73153872,0.240445149
11/07/2019 18:00,0.71208694,0.234051659
11/07/2019 19:00,0.697735895,0.229334698
11/07/2019 20:00,0.65799916,0.216273865
11/07/2019 21:00,0.62177061,0.204366117
11/07/2019 22:00,0.544112365,0.178841086
11/07/2019 23:00,0.535832048,0.176119477
11/08/2019 00:00,0.499140059,0.164059404
11/08/2019 01:00,0.439579308,0.144482731
11/08/2019 02:00,0.394146547,0.129549705
11/08/2019 03:00,0.354950195,0.116666487
11/08/2019 04:00,0.292071245,0.095999176
11/08/2019 05:00,0.259951448,0.085441909
11/08/2019 06:00,0.211473612,0.069508015
11/08/2019 07:00,0.168605313,0.055417887
11/08/2019 08:00,0.133328099,0.043822827
11/08/2019 09:00,0.101649745,0.033410656
11/08/2019 10:00,0.110017127,0.036160881
11/08/2019 11:00,0.074390972,0.02445113
11/08/2019 12:00,0.032145954,0.010565864
11/08/2019 13:00,0.021260751,0.006988071
11/08/2019 14:00,0.022036385,0.00724301
11/08/2019 15:00,0.024536799,0.008064856
11/08/2019 16:00,0.016354245,0.00537538
11/08/2019 17:00,0.00837913,0.002754087
11/08/2019 18:00,0,0
11/08/2019 19:00,0,0
11/08/2019 20:00,0,0
11/08/2019 21:00,0.027106858,0.008909593
11/08/2019 22:00,0.039937899,0.013126953
11/08/2019 23:00,0.069401226,0.02281108
11/09/2019 00:00,0.090825076,0.029852759
11/09/2019 01:00,0.095794068,0.031485988
11/09/2019 02:00,0.112967996,0.037130785
11/09/2019 03:00,0.157086361,0.05163179
11/09/2019 04:00,0.197426717,0.064891024
11/09/2019 05:00,0.195523708,0.064265535
11/09/2019 06:00,0.190466887,0.062603438
11/09/2019 07:00,0.188148062,0.061841278
11/09/2019 08:00,0.193824566,0.063707054
11/09/2019 09:00,0.201631945,0.066273216
11/09/2019 10:00,0.278971941,0.091693643
11/09/2019 11:00,0.300051911,0.098622294
11/09/2019 12:00,0.28509794,0.093707161
11/09/2019 13:00,0.261011642,0.085790378
11/09/2019 14:00,0.220524492,0.072482895
11/09/2019 15:00,0.198919395,0.065381643
11/09/2019 16:00,0.206604304,0.067907551
11/09/2019 17:00,0.218285192,0.071746873
11/09/2019 18:00,0.230607294,0.075796952
11/09/2019 19:00,0.247702099,0.081415743
11/09/2019 20:00,0.265537109,0.087277827
11/09/2019 21:00,0.300544359,0.098784154
11/09/2019 22:00,0.287569278,0.094519451
11/09/2019 23:00,0.269309924,0.088517891
11/10/2019 00:00,0.281997814,0.092688199
11/10/2019 01:00,0.327741552,0.107723439
11/10/2019 02:00,0.390510431,0.128354572
11/10/2019 03:00,0.412224581,0.135491668
11/10/2019 04:00,0.412554032,0.135599953
11/10/2019 05:00,0.390208542,0.128255345
11/10/2019 06:00,0.352187758,0.115758518
11/10/2019 07:00,0.264935248,0.087080005
11/10/2019 08:00,0.195632644,0.06430134
11/10/2019 09:00,0.156282255,0.051367493
11/10/2019 10:00,0.169316253,0.055651561
11/10/2019 11:00,0.158144682,0.051979643
11/10/2019 12:00,0.111546216,0.036663468
11/10/2019 13:00,0.085488285,0.02809864
11/10/2019 14:00,0.087970592,0.028914535
11/10/2019 15:00,0.17221286,0.05660363
11/10/2019 16:00,0.261390977,0.085915059
11/10/2019 17:00,0.276829033,0.090989303
11/10/2019 18:00,0.44045291,0.144769871
11/10/2019 19:00,0.534109024,0.175553147
11/10/2019 20:00,0.609307079,0.200269552
11/10/2019 21:00,0.653276823,0.214721708
11/10/2019 22:00,0.627408777,0.206219292
11/10/2019 23:00,0.763325835,0.250893069
11/11/2019 00:00,0.813500777,0.267384775
11/11/2019 01:00,0.833457639,0.273944278
11/11/2019 02:00,0.832931921,0.273771483
11/11/2019 03:00,0.823603857,0.270705497
11/11/2019 04:00,0.821804173,0.270113969
11/11/2019 05:00,0.846779434,0.278322941
11/11/2019 06:00,0.851064641,0.27973142
11/11/2019 07:00,0.8514,0.279841647
11/11/2019 08:00,0.8514,0.279841647
11/11/2019 09:00,0.8514,0.279841647
11/11/2019 10:00,0.8514,0.279841647
11/11/2019 11:00,0.8514,0.279841647
11/11/2019 12:00,0.8514,0.279841647
11/11/2019 13:00,0.850482322,0.279540021
11/11/2019 14:00,0.834031292,0.274132829
11/11/2019 15:00,0.745890799,0.24516245
11/11/2019 16:00,0.646802809,0.212593803
11/11/2019 17:00,0.616164969,0.202523632
11/11/2019 18:00,0.642223379,0.211088617
11/11/2019 19:00,0.652847471,0.214580587
11/11/2019 20:00,0.641155665,0.210737676
11/11/2019 21:00,0.524999979,0.172559148
11/11/2019 22:00,0.605691322,0.19908111
11/11/2019 23:00,0.690317467,0.226896379
11/12/2019 00:00,0.794095618,0.261006608
11/12/2019 01:00,0.837491273,0.27527007
11/12/2019 02:00,0.850645036,0.279593503
11/12/2019 03:00,0.8514,0.279841647
11/12/2019 04:00,0.8514,0.279841647
11/12/2019 05:00,0.8514,0.279841647
11/12/2019 06:00,0.850103169,0.279415399
11/12/2019 07:00,0.848037247,0.278736364
11/12/2019 08:00,0.832052088,0.273482296
11/12/2019 09:00,0.812200126,0.266957272
11/12/2019 10:00,0.795856597,0.261585413
11/12/2019 11:00,0.801771883,0.263529674
11/12/2019 12:00,0.761002853,0.250129542
11/12/2019 13:00,0.611696322,0.201054858
11/12/2019 14:00,0.532166518,0.174914676
11/12/2019 15:00,0.509110341,0.167336477
11/12/2019 16:00,0.447541261,0.147099699
11/12/2019 17:00,0.384264291,0.126301565
11/12/2019 18:00,0.294465309,0.096786067
11/12/2019 19:00,0.248041749,0.08152738
11/12/2019 20:00,0.210464139,0.069176217
11/12/2019 21:00,0.175966931,0.057837533
11/12/2019 22:00,0.155011551,0.050949833
11/12/2019 23:00,0.130197809,0.04279395
11/13/2019 0:00,0.114991534,0.037795889
11/13/2019 1:00,0.086051161,0.028283649
11/13/2019 2:00,0.067505112,0.022187857
11/13/2019 3:00,0.050490408,0.016595395
11/13/2019 4:00,0.034092199,0.011205564
11/13/2019 5:00,0.025539214,0.008394334
11/13/2019 6:00,0.021947776,0.007213885
11/13/2019 7:00,0.020752202,0.006820919
11/13/2019 8:00,0.018585245,0.006108675
11/13/2019 9:00,0.018179415,0.005975285
11/13/2019 10:00,0.028338067,0.009314272
11/13/2019 11:00,0.044247426,0.014543426
11/13/2019 12:00,0.036575896,0.012021916
11/13/2019 13:00,0.039983727,0.013142016
11/13/2019 14:00,0.045666675,0.01500991
11/13/2019 15:00,0.057864933,0.019019284
11/13/2019 16:00,0.071099751,0.023369358
11/13/2019 17:00,0.073968235,0.024312183
11/13/2019 18:00,0.093517668,0.030737771
11/13/2019 19:00,0.120128095,0.039484195
11/13/2019 20:00,0.138126972,0.04540014
11/13/2019 21:00,0.164354067,0.054020569
11/13/2019 22:00,0.171838976,0.05648074
11/13/2019 23:00,0.230724903,0.075835608
11/14/2019 0:00,0.286655643,0.094219154
11/14/2019 1:00,0.33860665,0.111294624
11/14/2019 2:00,0.433896464,0.142614871
11/14/2019 3:00,0.486399512,0.159871789
11/14/2019 4:00,0.514665493,0.169162367
11/14/2019 5:00,0.540444572,0.177635541
11/14/2019 6:00,0.558253357,0.183489005
11/14/2019 7:00,0.571390673,0.187807032
11/14/2019 8:00,0.539212045,0.177230428
11/14/2019 9:00,0.542872207,0.178433466
11/14/2019 10:00,0.730601009,0.240136939
11/14/2019 11:00,0.684322875,0.224926052
11/14/2019 12:00,0.722348433,0.237424448
11/14/2019 13:00,0.735099093,0.241615388
11/14/2019 14:00,0.742483394,0.24404249
11/14/2019 15:00,0.769592683,0.252952882
11/14/2019 16:00,0.793866151,0.260931186
11/14/2019 17:00,0.814227121,0.267623513
11/14/2019 18:00,0.800487187,0.263107415
11/14/2019 19:00,0.760346495,0.249913807
11/14/2019 20:00,0.714453667,0.234829564
11/14/2019 21:00,0.656289237,0.215711841
11/14/2019 22:00,0.640165697,0.210412289
11/14/2019 23:00,0.509778989,0.167556251
11/15/2019 0:00,0.392616392,0.129046768
11/15/2019 1:00,0.379073599,0.124595467
11/15/2019 2:00,0.404274111,0.132878474
11/15/2019 3:00,0.372333384,0.122380065
11/15/2019 4:00,0.280731261,0.092271903
11/15/2019 5:00,0.238528193,0.078400426
11/15/2019 6:00,0.223996003,0.073623926
11/15/2019 7:00,0.217477202,0.0714813
11/15/2019 8:00,0.189513867,0.062290196
11/15/2019 9:00,0.16135549,0.053034985
11/15/2019 10:00,0.210208116,0.069092066
11/15/2019 11:00,0.176758564,0.058097731
11/15/2019 12:00,0.131775083,0.043312375
11/15/2019 13:00,0.109042785,0.03584063
11/15/2019 14:00,0.087181835,0.028655283
11/15/2019 15:00,0.06894439,0.022660925
11/15/2019 16:00,0.055230383,0.018153349
11/15/2019 17:00,0.075303725,0.024751137
11/15/2019 18:00,0.09255246,0.030420523
11/15/2019 19:00,0.115215434,0.037869482
11/15/2019 20:00,0.100092231,0.032898726
11/15/2019 21:00,0.068120848,0.02239024
11/15/2019 22:00,0.04313339,0.01417726
11/15/2019 23:00,0.030538517,0.010037525
11/16/2019 0:00,0.013751399,0.004519866
11/16/2019 1:00,0,0
11/16/2019 2:00,0,0
11/16/2019 3:00,0,0
11/16/2019 4:00,0,0
11/16/2019 5:00,0,0
11/16/2019 6:00,0,0
11/16/2019 7:00,0,0
11/16/2019 8:00,0,0
11/16/2019 9:00,0,0
11/16/2019 10:00,0,0
11/16/2019 11:00,0.009255189,0.003042033
11/16/2019 12:00,0.00693838,0.002280535
11/16/2019 13:00,0,0
11/16/2019 14:00,0,0
11/16/2019 15:00,0,0
11/16/2019 16:00,0,0
11/16/2019 17:00,0,0
11/16/2019 18:00,0,0
11/16/2019 19:00,0,0
11/16/2019 20:00,0,0
11/16/2019 21:00,0,0
11/16/2019 22:00,0,0
11/16/2019 23:00,0,0
11/17/2019 0:00,0,0
11/17/2019 1:00,0,0
11/17/2019 2:00,0.01507308,0.004954282
11/17/2019 3:00,0.054521265,0.017920273
11/17/2019 4:00,0.072997412,0.023993089
11/17/2019 5:00,0.059642754,0.019603625
11/17/2019 6:00,0.028291427,0.009298942
11/17/2019 7:00,0.036789352,0.012092075
11/17/2019 8:00,0.092837046,0.030514061
11/17/2019 9:00,0.193352009,0.063551732
11/17/2019 10:00,0.21933022,0.072090357
11/17/2019 11:00,0.198805598,0.06534424
11/17/2019 12:00,0.168424433,0.055358434
11/17/2019 13:00,0.176577367,0.058038174
11/17/2019 14:00,0.162405996,0.053380269
11/17/2019 15:00,0.145102016,0.047692726
11/17/2019 16:00,0.203389165,0.066850786
11/17/2019 17:00,0.188644371,0.062004406
11/17/2019 18:00,0.17629272,0.057944615
11/17/2019 19:00,0.190942043,0.062759615
11/17/2019 20:00,0.231631957,0.076133743
11/17/2019 21:00,0.294929353,0.096938591
11/17/2019 22:00,0.363303366,0.119412042
11/17/2019 23:00,0.373328019,0.122706986
11/18/2019 0:00,0.286954442,0.094317364
11/18/2019 1:00,0.224525494,0.073797961
11/18/2019 2:00,0.210230098,0.069099292
11/18/2019 3:00,0.258057575,0.084819423
11/18/2019 4:00,0.360466925,0.118479749
11/18/2019 5:00,0.392646371,0.129056621
11/18/2019 6:00,0.290428618,0.095459271
11/18/2019 7:00,0.233814936,0.076851253
11/18/2019 8:00,0.212308605,0.069782464
11/18/2019 9:00,0.179147738,0.058883014
11/18/2019 10:00,0.154399582,0.050748688
11/18/2019 11:00,0.107660843,0.035386408
11/18/2019 12:00,0.090630464,0.029788793
11/18/2019 13:00,0.086445513,0.028413266
11/18/2019 14:00,0.084985124,0.027933259
11/18/2019 15:00,0.090014868,0.029586456
11/18/2019 16:00,0.075904009,0.024948441
11/18/2019 17:00,0.064737557,0.021278206
11/18/2019 18:00,0.046619839,0.0153232
11/18/2019 19:00,0.024395719,0.008018485
11/18/2019 20:00,0.004393607,0.001444109
11/18/2019 21:00,0,0
11/18/2019 22:00,0,0
11/18/2019 23:00,0,0
11/19/2019 0:00,0,0
11/19/2019 1:00,0,0
11/19/2019 2:00,0,0
11/19/2019 3:00,0,0
11/19/2019 4:00,0,0
11/19/2019 5:00,0,0
11/19/2019 6:00,0,0
11/19/2019 7:00,0,0
11/19/2019 8:00,0.001898051,0.000623859
11/19/2019 9:00,0.016118269,0.005297819
11/19/2019 10:00,0.051266584,0.016850511
11/19/2019 11:00,0.102482,0.033684204
11/19/2019 12:00,0.177627648,0.058383384
11/19/2019 13:00,0.223878265,0.073585227
11/19/2019 14:00,0.296931691,0.097596727
11/19/2019 15:00,0.465091946,0.15286833
11/19/2019 16:00,0.602875278,0.198155521
11/19/2019 17:00,0.658698053,0.21650358
11/19/2019 18:00,0.723689222,0.237865144
11/19/2019 19:00,0.758173787,0.249199673
11/19/2019 20:00,0.784566214,0.257874444
11/19/2019 21:00,0.795165517,0.261358267
11/19/2019 22:00,0.822070914,0.270201643
11/19/2019 23:00,0.823626165,0.270712829
11/20/2019 0:00,0.811495095,0.266725539
11/20/2019 1:00,0.792010029,0.260321108
11/20/2019 2:00,0.788190018,0.259065531
11/20/2019 3:00,0.748533486,0.246031059
11/20/2019 4:00,0.749569754,0.246371664
11/20/2019 5:00,0.775495158,0.254892932
11/20/2019 6:00,0.803812721,0.264200465
11/20/2019 7:00,0.823579176,0.270697385
11/20/2019 8:00,0.836315013,0.274883452
11/20/2019 9:00,0.842541687,0.276930061
11/20/2019 10:00,0.849610966,0.27925362
11/20/2019 11:00,0.850337334,0.279492366
11/20/2019 12:00,0.849892359,0.27934611
11/20/2019 13:00,0.850034604,0.279392863
11/20/2019 14:00,0.850898674,0.279676869
11/20/2019 15:00,0.850309052,0.27948307
11/20/2019 16:00,0.846639965,0.278277099
11/20/2019 17:00,0.84573749,0.27798047
11/20/2019 18:00,0.849064028,0.27907385
11/20/2019 19:00,0.849605333,0.279251769
11/20/2019 20:00,0.842417985,0.276889401
11/20/2019 21:00,0.834851544,0.274402433
11/20/2019 22:00,0.809940139,0.26621445
11/20/2019 23:00,0.807867155,0.265533093
11/21/2019 0:00,0.816819453,0.268475571
11/21/2019 1:00,0.840185565,0.276155641
11/21/2019 2:00,0.825269838,0.271253078
11/21/2019 3:00,0.836444525,0.27492602
11/21/2019 4:00,0.846868523,0.278352223
11/21/2019 5:00,0.851035214,0.279721748
11/21/2019 6:00,0.850364726,0.279501369
11/21/2019 7:00,0.84841833,0.27886162
11/21/2019 8:00,0.850014254,0.279386175
11/21/2019 9:00,0.848272267,0.278813611
11/21/2019 10:00,0.832926611,0.273769738
11/21/2019 11:00,0.837680791,0.275332361
11/21/2019 12:00,0.836928544,0.27508511
11/21/2019 13:00,0.821866125,0.270134332
11/21/2019 14:00,0.815229847,0.267953093
11/21/2019 15:00,0.792867911,0.26060308
11/21/2019 16:00,0.703333999,0.231174706
11/21/2019 17:00,0.584306401,0.192052226
11/21/2019 18:00,0.519932086,0.170893412
11/21/2019 19:00,0.531884095,0.174821848
11/21/2019 20:00,0.589305213,0.193695256
11/21/2019 21:00,0.614768905,0.202064767
11/21/2019 22:00,0.701984734,0.230731224
11/21/2019 23:00,0.68540064,0.225280296
11/22/2019 0:00,0.659435943,0.216746113
11/22/2019 1:00,0.627525425,0.206257633
11/22/2019 2:00,0.584853862,0.192232168
11/22/2019 3:00,0.559121723,0.183774423
11/22/2019 4:00,0.603526132,0.198369447
11/22/2019 5:00,0.615897858,0.202435836
11/22/2019 6:00,0.615965697,0.202458134
11/22/2019 7:00,0.632203669,0.207795297
11/22/2019 8:00,0.653167536,0.214685787
11/22/2019 9:00,0.488086801,0.160426373
11/22/2019 10:00,0.511940381,0.168266666
11/22/2019 11:00,0.532532198,0.175034869
11/22/2019 12:00,0.547723994,0.180028171
11/22/2019 13:00,0.550938504,0.181084729
11/22/2019 14:00,0.449160289,0.147631848
11/22/2019 15:00,0.396265182,0.130246067
11/22/2019 16:00,0.379291207,0.124666991
11/22/2019 17:00,0.409904547,0.134729109
11/22/2019 18:00,0.415176937,0.13646206
11/22/2019 19:00,0.47004097,0.154494996
11/22/2019 20:00,0.523703335,0.172132962
11/22/2019 21:00,0.544380205,0.178929121
11/22/2019 22:00,0.587671018,0.193158123
11/22/2019 23:00,0.506862789,0.166597742
11/23/2019 0:00,0.430886543,0.141625558
11/23/2019 1:00,0.353599836,0.116222646
11/23/2019 2:00,0.254338032,0.083596868
11/23/2019 3:00,0.26437348,0.086895361
11/23/2019 4:00,0.356965082,0.117328749
11/23/2019 5:00,0.372296855,0.122368059
11/23/2019 6:00,0.353940373,0.116334575
11/23/2019 7:00,0.381310037,0.125330548
11/23/2019 8:00,0.401330527,0.131910965
11/23/2019 9:00,0.383304401,0.125986064
11/23/2019 10:00,0.397388895,0.130615413
11/23/2019 11:00,0.415254363,0.136487509
11/23/2019 12:00,0.416642316,0.136943707
11/23/2019 13:00,0.416335143,0.136842744
11/23/2019 14:00,0.399610678,0.131345678
11/23/2019 15:00,0.435797546,0.143239726
11/23/2019 16:00,0.445883688,0.146554881
11/23/2019 17:00,0.457306232,0.15030929
11/23/2019 18:00,0.57762123,0.189854917
11/23/2019 19:00,0.644462092,0.211824446
11/23/2019 20:00,0.784092093,0.257718608
11/23/2019 21:00,0.806135137,0.264963806
11/23/2019 22:00,0.726944509,0.238935105
11/23/2019 23:00,0.751800729,0.24710495
11/24/2019 0:00,0.78323904,0.257438223
11/24/2019 1:00,0.819500068,0.269356647
11/24/2019 2:00,0.830868437,0.273093249
11/24/2019 3:00,0.819170597,0.269248355
11/24/2019 4:00,0.83687088,0.275066156
11/24/2019 5:00,0.845935546,0.278045568
11/24/2019 6:00,0.850118901,0.27942057
11/24/2019 7:00,0.849914637,0.279353432
11/24/2019 8:00,0.8514,0.279841647
11/24/2019 9:00,0.851158844,0.279762383
11/24/2019 10:00,0.83247026,0.273619743
11/24/2019 11:00,0.818612649,0.269064966
11/24/2019 12:00,0.799394616,0.262748304
11/24/2019 13:00,0.77300813,0.254075485
11/24/2019 14:00,0.732867681,0.240881958
11/24/2019 15:00,0.745052422,0.244886889
11/24/2019 16:00,0.775802,0.254993786
11/24/2019 17:00,0.757153077,0.248864181
11/24/2019 18:00,0.66278981,0.217848476
11/24/2019 19:00,0.609520875,0.200339823
11/24/2019 20:00,0.557980089,0.183399186
11/24/2019 21:00,0.48377342,0.159008634
11/24/2019 22:00,0.40348807,0.132620115
11/24/2019 23:00,0.411728295,0.135328546
11/25/2019 0:00,0.404918852,0.13309039
11/25/2019 1:00,0.396146516,0.130207063
11/25/2019 2:00,0.302922025,0.099565655
11/25/2019 3:00,0.244269635,0.080287546
11/25/2019 4:00,0.208919538,0.068668531
11/25/2019 5:00,0.21840082,0.071784878
11/25/2019 6:00,0.193185124,0.063496879
11/25/2019 7:00,0.17397407,0.057182512
11/25/2019 8:00,0.188040354,0.061805875
11/25/2019 9:00,0.246593899,0.081051495
11/25/2019 10:00,0.258043643,0.084814844
11/25/2019 11:00,0.373237913,0.122677369
11/25/2019 12:00,0.431566989,0.14184921
11/25/2019 13:00,0.503821616,0.165598157
11/25/2019 14:00,0.488428142,0.160538567
11/25/2019 15:00,0.469695101,0.154381314
11/25/2019 16:00,0.506690355,0.166541066
11/25/2019 17:00,0.495299271,0.162796998
11/25/2019 18:00,0.550417296,0.180913417
11/25/2019 19:00,0.540046868,0.177504822
11/25/2019 20:00,0.520639942,0.171126074
11/25/2019 21:00,0.506347424,0.16642835
11/25/2019 22:00,0.558362061,0.183524734
11/25/2019 23:00,0.546218016,0.17953318
11/26/2019 0:00,0.501991439,0.164996607
11/26/2019 1:00,0.544279288,0.178895951
11/26/2019 2:00,0.602546579,0.198047483
11/26/2019 3:00,0.595546132,0.195746548
11/26/2019 4:00,0.634459408,0.208536723
11/26/2019 5:00,0.661394864,0.217389979
11/26/2019 6:00,0.747452468,0.245675746
11/26/2019 7:00,0.770038714,0.253099486
11/26/2019 8:00,0.789284958,0.25942542
11/26/2019 9:00,0.792353568,0.260434023
11/26/2019 10:00,0.687697891,0.226035366
11/26/2019 11:00,0.640805135,0.210622462
11/26/2019 12:00,0.676440307,0.222335177
11/26/2019 13:00,0.754228758,0.247903005
11/26/2019 14:00,0.802246842,0.263685785
11/26/2019 15:00,0.830644337,0.273019591
11/26/2019 16:00,0.845727731,0.277977262
11/26/2019 17:00,0.850792786,0.279642066
11/26/2019 18:00,0.8514,0.279841647
11/26/2019 19:00,0.8514,0.279841647
11/26/2019 20:00,0.851343021,0.279822919
11/26/2019 21:00,0.850886628,0.27967291
11/26/2019 22:00,0.840731765,0.276335168
11/26/2019 23:00,0.847683025,0.278619937
11/27/2019 0:00,0.844983241,0.277732561
11/27/2019 1:00,0.835228043,0.274526182
11/27/2019 2:00,0.823970588,0.270826035
11/27/2019 3:00,0.818404056,0.268996405
11/27/2019 4:00,0.806915205,0.265220202
11/27/2019 5:00,0.814231499,0.267624952
11/27/2019 6:00,0.826685715,0.271718455
11/27/2019 7:00,0.834157853,0.274174427
11/27/2019 8:00,0.835939975,0.274760183
11/27/2019 9:00,0.839693457,0.275993893
11/27/2019 10:00,0.850719919,0.279618115
11/27/2019 11:00,0.84969995,0.279282868
11/27/2019 12:00,0.848060118,0.278743881
11/27/2019 13:00,0.8499533,0.27936614
11/27/2019 14:00,0.85012271,0.279421822
11/27/2019 15:00,0.844663335,0.277627413
11/27/2019 16:00,0.847962727,0.27871187
11/27/2019 17:00,0.850143095,0.279428522
11/27/2019 18:00,0.851305292,0.279810518
11/27/2019 19:00,0.8514,0.279841647
11/27/2019 20:00,0.8514,0.279841647
11/27/2019 21:00,0.8514,0.279841647
11/27/2019 22:00,0.851047715,0.279725857
11/27/2019 23:00,0.85097807,0.279702965
11/28/2019 0:00,0.8514,0.279841647
11/28/2019 1:00,0.8514,0.279841647
11/28/2019 2:00,0.8514,0.279841647
11/28/2019 3:00,0.8514,0.279841647
11/28/2019 4:00,0.8514,0.279841647
11/28/2019 5:00,0.850656997,0.279597434
11/28/2019 6:00,0.850271555,0.279470745
11/28/2019 7:00,0.849984039,0.279376243
11/28/2019 8:00,0.850019955,0.279388048
11/28/2019 9:00,0.849599244,0.279249767
11/28/2019 10:00,0.837203639,0.275175529
11/28/2019 11:00,0.82696236,0.271809383
11/28/2019 12:00,0.819840069,0.269468399
11/28/2019 13:00,0.821858936,0.270131969
11/28/2019 14:00,0.838991738,0.275763249
11/28/2019 15:00,0.845346199,0.277851859
11/28/2019 16:00,0.843981554,0.277403322
11/28/2019 17:00,0.835385575,0.27457796
11/28/2019 18:00,0.812262129,0.266977651
11/28/2019 19:00,0.796511997,0.261800833
11/28/2019 20:00,0.791566692,0.26017539
11/28/2019 21:00,0.7867428,0.258589853
11/28/2019 22:00,0.784468242,0.257842242
11/28/2019 23:00,0.767683099,0.252325232
11/29/2019 0:00,0.749514224,0.246353412
11/29/2019 1:00,0.740214969,0.243296895
11/29/2019 2:00,0.747827455,0.245798998
11/29/2019 3:00,0.758654254,0.249357595
11/29/2019 4:00,0.735551564,0.241764108
11/29/2019 5:00,0.704131591,0.231436862
11/29/2019 6:00,0.720402412,0.236784822
11/29/2019 7:00,0.694178908,0.228165573
11/29/2019 8:00,0.682686912,0.224388337
11/29/2019 9:00,0.666001886,0.218904234
11/29/2019 10:00,0.624880995,0.205388451
11/29/2019 11:00,0.589733816,0.193836132
11/29/2019 12:00,0.515148867,0.169321244
11/29/2019 13:00,0.453192687,0.148957233
11/29/2019 14:00,0.389410216,0.127992948
11/29/2019 15:00,0.322892285,0.106129562
11/29/2019 16:00,0.293198349,0.096369637
11/29/2019 17:00,0.306673687,0.100798767
11/29/2019 18:00,0.366651695,0.120512584
11/29/2019 19:00,0.391044335,0.128530057
11/29/2019 20:00,0.408082652,0.134130281
11/29/2019 21:00,0.387354457,0.127317253
11/29/2019 22:00,0.567665958,0.186582777
11/29/2019 23:00,0.465553446,0.153020018
11/30/2019 0:00,0.349368115,0.114831746
11/30/2019 1:00,0.255852897,0.08409478
11/30/2019 2:00,0.203356571,0.066840073
11/30/2019 3:00,0.151519553,0.049802069
11/30/2019 4:00,0.125022133,0.041092788
11/30/2019 5:00,0.097125105,0.031923478
11/30/2019 6:00,0.074592181,0.024517264
11/30/2019 7:00,0.042578976,0.013995033
11/30/2019 8:00,0.020621533,0.00677797
11/30/2019 9:00,0.00715443,0.002351547
11/30/2019 10:00,0.012124325,0.003985073
11/30/2019 11:00,0,0
11/30/2019 12:00,0,0
11/30/2019 13:00,0,0
11/30/2019 14:00,0,0
11/30/2019 15:00,0,0
11/30/2019 16:00,0.003051434,0.001002958
11/30/2019 17:00,0.022593155,0.007426011
11/30/2019 18:00,0.056733063,0.018647256
11/30/2019 19:00,0.087705281,0.028827332
11/30/2019 20:00,0.095913887,0.03152537
11/30/2019 21:00,0.109152445,0.035876674
11/30/2019 22:00,0.141077549,0.046369948
11/30/2019 23:00,0.176897314,0.058143335
12/01/2019 00:00,0.221507026,0.072805839
12/01/2019 01:00,0.323047144,0.106180461
12/01/2019 02:00,0.395370926,0.129952139
12/01/2019 03:00,0.488250548,0.160480195
12/01/2019 04:00,0.583909476,0.191921764
12/01/2019 05:00,0.631037376,0.207411955
12/01/2019 06:00,0.648281183,0.213079721
12/01/2019 07:00,0.655745224,0.215533032
12/01/2019 08:00,0.688211144,0.226204064
12/01/2019 09:00,0.674962724,0.221849519
12/01/2019 10:00,0.673487132,0.221364515
12/01/2019 11:00,0.635422553,0.208853293
12/01/2019 12:00,0.699831371,0.230023448
12/01/2019 13:00,0.761649146,0.250341968
12/01/2019 14:00,0.80167968,0.263499368
12/01/2019 15:00,0.811781606,0.266819711
12/01/2019 16:00,0.804800875,0.264525255
12/01/2019 17:00,0.796301377,0.261731605
12/01/2019 18:00,0.758795699,0.249404085
12/01/2019 19:00,0.690392273,0.226920966
12/01/2019 20:00,0.587972602,0.193257249
12/01/2019 21:00,0.496157783,0.163079177
12/01/2019 22:00,0.560144492,0.184110591
12/01/2019 23:00,0.525869358,0.172844899
12/02/2019 00:00,0.469060184,0.154172627
12/02/2019 01:00,0.428767119,0.140928937
12/02/2019 02:00,0.491968099,0.161702094
12/02/2019 03:00,0.672012759,0.220879912
12/02/2019 04:00,0.787082638,0.258701552
12/02/2019 05:00,0.802445827,0.263751189
12/02/2019 06:00,0.784719296,0.25792476
12/02/2019 07:00,0.72434369,0.238080258
12/02/2019 08:00,0.743026569,0.244221023
12/02/2019 09:00,0.749390874,0.246312869
12/02/2019 10:00,0.63434998,0.208500756
12/02/2019 11:00,0.467353986,0.153611827
12/02/2019 12:00,0.43497747,0.14297018
12/02/2019 13:00,0.488360195,0.160516234
12/02/2019 14:00,0.535002773,0.175846908
12/02/2019 15:00,0.596570875,0.196083364
12/02/2019 16:00,0.665605473,0.218773939
12/02/2019 17:00,0.74135326,0.243671033
12/02/2019 18:00,0.784225279,0.257762384
12/02/2019 19:00,0.800176232,0.263005209
12/02/2019 20:00,0.806429944,0.265060704
12/02/2019 21:00,0.822920697,0.270480953
12/02/2019 22:00,0.82726028,0.271907305
12/02/2019 23:00,0.847871512,0.278681889
12/03/2019 00:00,0.851231232,0.279786176
12/03/2019 01:00,0.8514,0.279841647
12/03/2019 02:00,0.851138304,0.279755632
12/03/2019 03:00,0.84995231,0.279365814
12/03/2019 04:00,0.842902753,0.277048737
12/03/2019 05:00,0.834191465,0.274185475
12/03/2019 06:00,0.827059947,0.271841458
12/03/2019 07:00,0.814064143,0.267569944
12/03/2019 08:00,0.780014126,0.256378245
12/03/2019 09:00,0.707694767,0.232608021
12/03/2019 10:00,0.665016663,0.218580407
12/03/2019 11:00,0.641241878,0.210766013
12/03/2019 12:00,0.604199663,0.198590825
12/03/2019 13:00,0.481439898,0.158241642
12/03/2019 14:00,0.394693431,0.129729457
12/03/2019 15:00,0.303613558,0.099792951
12/03/2019 16:00,0.325221148,0.106895022
12/03/2019 17:00,0.458577814,0.150727239
12/03/2019 18:00,0.575892348,0.189286661
12/03/2019 19:00,0.600213519,0.197280643
12/03/2019 20:00,0.606054234,0.199200393
12/03/2019 21:00,0.619984826,0.203779158
12/03/2019 22:00,0.542460073,0.178298004
12/03/2019 23:00,0.714762699,0.234931138
12/04/2019 00:00,0.782442603,0.257176447
12/04/2019 01:00,0.769627234,0.252964239
12/04/2019 02:00,0.781695366,0.256930842
12/04/2019 03:00,0.783677942,0.257582483
12/04/2019 04:00,0.783730683,0.257599818
12/04/2019 05:00,0.791465295,0.260142062
12/04/2019 06:00,0.799263307,0.262705145
12/04/2019 07:00,0.800760758,0.263197333
12/04/2019 08:00,0.802196138,0.26366912
12/04/2019 09:00,0.805358903,0.26470867
12/04/2019 10:00,0.803394271,0.264062927
12/04/2019 11:00,0.837561799,0.27529325
12/04/2019 12:00,0.842308107,0.276853286
12/04/2019 13:00,0.809327368,0.266013042
12/04/2019 14:00,0.797918207,0.262263032
12/04/2019 15:00,0.827999307,0.272150211
12/04/2019 16:00,0.845822731,0.278008488
12/04/2019 17:00,0.849982274,0.279375663
12/04/2019 18:00,0.849613193,0.279254352
12/04/2019 19:00,0.849626056,0.27925858
12/04/2019 20:00,0.849173836,0.279109942
12/04/2019 21:00,0.847570153,0.278582837
12/04/2019 22:00,0.849983217,0.279375973
12/04/2019 23:00,0.850699196,0.279611304
12/05/2019 00:00,0.8514,0.279841647
12/05/2019 01:00,0.8514,0.279841647
12/05/2019 02:00,0.8514,0.279841647
12/05/2019 03:00,0.8514,0.279841647
12/05/2019 04:00,0.8514,0.279841647
12/05/2019 05:00,0.8514,0.279841647
12/05/2019 06:00,0.8514,0.279841647
12/05/2019 07:00,0.8514,0.279841647
12/05/2019 08:00,0.8514,0.279841647
12/05/2019 09:00,0.8514,0.279841647
12/05/2019 10:00,0.851173225,0.27976711
12/05/2019 11:00,0.828922823,0.272453756
12/05/2019 12:00,0.832842178,0.273741986
12/05/2019 13:00,0.821001687,0.269850205
12/05/2019 14:00,0.807332649,0.265357409
12/05/2019 15:00,0.801095356,0.26330731
12/05/2019 16:00,0.766471634,0.251927043
12/05/2019 17:00,0.598856291,0.196834544
12/05/2019 18:00,0.232855617,0.07653594
12/05/2019 19:00,0.218132426,0.071696661
12/05/2019 20:00,0.473380711,0.155592715
12/05/2019 21:00,0.180056399,0.059181676
12/05/2019 22:00,0.273062091,0.089751169
12/05/2019 23:00,0.345899541,0.113691681
12/06/2019 00:00,0.319001507,0.104850725
12/06/2019 01:00,0.178831826,0.058779179
12/06/2019 02:00,0.096791685,0.031813889
12/06/2019 03:00,0.05612295,0.018446722
12/06/2019 04:00,0.015701217,0.00516074
12/06/2019 05:00,0,0
12/06/2019 06:00,0,0
12/06/2019 07:00,0,0
12/06/2019 08:00,0,0
12/06/2019 09:00,0,0
12/06/2019 10:00,0.017562329,0.005772458
12/06/2019 11:00,0.003502565,0.001151237
12/06/2019 12:00,0,0
12/06/2019 13:00,0.012538135,0.004121086
12/06/2019 14:00,0.063530524,0.020881474
12/06/2019 15:00,0.157027021,0.051612286
12/06/2019 16:00,0.230171891,0.075653842
12/06/2019 17:00,0.242923528,0.079845102
12/06/2019 18:00,0.373852523,0.122879382
12/06/2019 19:00,0.441376551,0.145073457
12/06/2019 20:00,0.423081207,0.139060068
12/06/2019 21:00,0.467395607,0.153625507
12/06/2019 22:00,0.480078627,0.157794214
12/06/2019 23:00,0.530201476,0.174268798
12/07/2019 00:00,0.61485816,0.202094104
12/07/2019 01:00,0.635592543,0.208909166
12/07/2019 02:00,0.604255397,0.198609144
12/07/2019 03:00,0.542861569,0.178429969
12/07/2019 04:00,0.647966426,0.212976265
12/07/2019 05:00,0.479359415,0.15755782
12/07/2019 06:00,0.316370338,0.103985901
12/07/2019 07:00,0.229812363,0.075535671
12/07/2019 08:00,0.145670328,0.047879521
12/07/2019 09:00,0.08494673,0.02792064
12/07/2019 10:00,0.009397326,0.003088752
12/07/2019 11:00,0,0
12/07/2019 12:00,0,0
12/07/2019 13:00,0.078339759,0.025749034
12/07/2019 14:00,0.291367992,0.095768028
12/07/2019 15:00,0.684272271,0.224909419
12/07/2019 16:00,0.819601192,0.269389884
12/07/2019 17:00,0.839403864,0.275898708
12/07/2019 18:00,0.849020615,0.279059581
12/07/2019 19:00,0.846732304,0.27830745
12/07/2019 20:00,0.832431823,0.273607109
12/07/2019 21:00,0.830302568,0.272907257
12/07/2019 22:00,0.798359224,0.262407987
12/07/2019 23:00,0.816582597,0.26839772
12/08/2019 00:00,0.841642891,0.27663464
12/08/2019 01:00,0.85129905,0.279808466
12/08/2019 02:00,0.8514,0.279841647
12/08/2019 03:00,0.8514,0.279841647
12/08/2019 04:00,0.8514,0.279841647
12/08/2019 05:00,0.8514,0.279841647
12/08/2019 06:00,0.8514,0.279841647
12/08/2019 07:00,0.8514,0.279841647
12/08/2019 08:00,0.8514,0.279841647
12/08/2019 09:00,0.8514,0.279841647
12/08/2019 10:00,0.8514,0.279841647
12/08/2019 11:00,0.850712864,0.279615796
12/08/2019 12:00,0.847471727,0.278550486
12/08/2019 13:00,0.834800105,0.274385525
12/08/2019 14:00,0.820019841,0.269527488
12/08/2019 15:00,0.796211204,0.261701967
12/08/2019 16:00,0.796222054,0.261705533
12/08/2019 17:00,0.807296832,0.265345637
12/08/2019 18:00,0.795060943,0.261323894
12/08/2019 19:00,0.765573105,0.251631711
12/08/2019 20:00,0.717580299,0.235857238
12/08/2019 21:00,0.648761966,0.213237746
12/08/2019 22:00,0.8514,0.279841647
12/08/2019 23:00,0.8514,0.279841647
12/09/2019 00:00,0.8514,0.279841647
12/09/2019 01:00,0.8514,0.279841647
12/09/2019 02:00,0.8514,0.279841647
12/09/2019 03:00,0.8514,0.279841647
12/09/2019 04:00,0.8514,0.279841647
12/09/2019 05:00,0.8514,0.279841647
12/09/2019 06:00,0.8514,0.279841647
12/09/2019 07:00,0.8514,0.279841647
12/09/2019 08:00,0.8514,0.279841647
12/09/2019 09:00,0.8514,0.279841647
12/09/2019 10:00,0.8514,0.279841647
12/09/2019 11:00,0.84975195,0.279299959
12/09/2019 12:00,0.833000064,0.273793881
12/09/2019 13:00,0.790459483,0.259811468
12/09/2019 14:00,0.542647414,0.17835958
12/09/2019 15:00,0.415222716,0.136477107
12/09/2019 16:00,0.215767659,0.0709194
12/09/2019 17:00,0.117102883,0.038489856
12/09/2019 18:00,0.023098271,0.007592034
12/09/2019 19:00,0.038442946,0.012635585
12/09/2019 20:00,0.170017048,0.055881901
12/09/2019 21:00,0.586453865,0.192758064
12/09/2019 22:00,0.808185822,0.265637834
12/09/2019 23:00,0.848654978,0.278939402
12/10/2019 00:00,0.850089964,0.279411059
12/10/2019 01:00,0.848338416,0.278835353
12/10/2019 02:00,0.848301868,0.27882334
12/10/2019 03:00,0.850708698,0.279614427
12/10/2019 04:00,0.8514,0.279841647
12/10/2019 05:00,0.8514,0.279841647
12/10/2019 06:00,0.8514,0.279841647
12/10/2019 07:00,0.8514,0.279841647
12/10/2019 08:00,0.8514,0.279841647
12/10/2019 09:00,0.8514,0.279841647
12/10/2019 10:00,0.8514,0.279841647
12/10/2019 11:00,0.8514,0.279841647
12/10/2019 12:00,0.8514,0.279841647
12/10/2019 13:00,0.8514,0.279841647
12/10/2019 14:00,0.8514,0.279841647
12/10/2019 15:00,0.8514,0.279841647
12/10/2019 16:00,0.8514,0.279841647
12/10/2019 17:00,0.850179137,0.279440369
12/10/2019 18:00,0.850088951,0.279410726
12/10/2019 19:00,0.8514,0.279841647
12/10/2019 20:00,0.8514,0.279841647
12/10/2019 21:00,0.8514,0.279841647
12/10/2019 22:00,0.8514,0.279841647
12/10/2019 23:00,0.8514,0.279841647
12/11/2019 00:00,0.8514,0.279841647
12/11/2019 01:00,0.8514,0.279841647
12/11/2019 02:00,0.8514,0.279841647
12/11/2019 03:00,0.8514,0.279841647
12/11/2019 04:00,0.8514,0.279841647
12/11/2019 05:00,0.8514,0.279841647
12/11/2019 06:00,0.8514,0.279841647
12/11/2019 07:00,0.8514,0.279841647
12/11/2019 08:00,0.8514,0.279841647
12/11/2019 09:00,0.8514,0.279841647
12/11/2019 10:00,0.8514,0.279841647
12/11/2019 11:00,0.8514,0.279841647
12/11/2019 12:00,0.8514,0.279841647
12/11/2019 13:00,0.8514,0.279841647
12/11/2019 14:00,0.8514,0.279841647
12/11/2019 15:00,0.8514,0.279841647
12/11/2019 16:00,0.8514,0.279841647
12/11/2019 17:00,0.8514,0.279841647
12/11/2019 18:00,0.8514,0.279841647
12/11/2019 19:00,0.8514,0.279841647
12/11/2019 20:00,0.8514,0.279841647
12/11/2019 21:00,0.8514,0.279841647
12/11/2019 22:00,0.8514,0.279841647
12/11/2019 23:00,0.8514,0.279841647
12/12/2019 00:00,0.8514,0.279841647
12/12/2019 01:00,0.8514,0.279841647
12/12/2019 02:00,0.8514,0.279841647
12/12/2019 03:00,0.8514,0.279841647
12/12/2019 04:00,0.849835606,0.279327456
12/12/2019 05:00,0.839536872,0.275942425
12/12/2019 06:00,0.822823315,0.270448945
12/12/2019 07:00,0.799046535,0.262633895
12/12/2019 08:00,0.762831564,0.25073061
12/12/2019 09:00,0.651896158,0.214267905
12/12/2019 10:00,0.477296272,0.156879698
12/12/2019 11:00,0.341425491,0.112221132
12/12/2019 12:00,0.233368978,0.076704674
12/12/2019 13:00,0.160579386,0.052779892
12/12/2019 14:00,0.086932871,0.028573453
12/12/2019 15:00,0.044800166,0.014725103
12/12/2019 16:00,0.061091035,0.020079652
12/12/2019 17:00,0.103411663,0.03398977
12/12/2019 18:00,0.139223209,0.045760456
12/12/2019 19:00,0.13407607,0.044068673
12/12/2019 20:00,0.111862418,0.036767399
12/12/2019 21:00,0.094339249,0.031007812
12/12/2019 22:00,0.105782598,0.034769058
12/12/2019 23:00,0.167886804,0.055181724
12/13/2019 0:00,0.222884278,0.07325852
12/13/2019 1:00,0.243652751,0.080084787
12/13/2019 2:00,0.311583143,0.102412427
12/13/2019 3:00,0.361892457,0.118948299
12/13/2019 4:00,0.375128581,0.123298802
12/13/2019 5:00,0.518792874,0.170518972
12/13/2019 6:00,0.641946946,0.210997757
12/13/2019 7:00,0.718486695,0.236155156
12/13/2019 8:00,0.756651591,0.248699351
12/13/2019 9:00,0.748837972,0.246131139
12/13/2019 10:00,0.703687067,0.231290754
12/13/2019 11:00,0.723674797,0.237860403
12/13/2019 12:00,0.66978394,0.220147335
12/13/2019 13:00,0.66102027,0.217266856
12/13/2019 14:00,0.524818627,0.172499541
12/13/2019 15:00,0.361123227,0.118695465
12/13/2019 16:00,0.228872213,0.075226659
12/13/2019 17:00,0.191493922,0.062941008
12/13/2019 18:00,0.179550138,0.059015276
12/13/2019 19:00,0.129422506,0.042539121
12/13/2019 20:00,0.099989226,0.032864869
12/13/2019 21:00,0.078844959,0.025915085
12/13/2019 22:00,0.145745751,0.047904312
12/13/2019 23:00,0.102308217,0.033627085
12/14/2019 0:00,0.168960266,0.055534554
12/14/2019 1:00,0.205015939,0.06738548
12/14/2019 2:00,0.249750827,0.082089127
12/14/2019 3:00,0.283377994,0.093141842
12/14/2019 4:00,0.273166269,0.089785411
12/14/2019 5:00,0.253034107,0.083168289
12/14/2019 6:00,0.299140021,0.09832257
12/14/2019 7:00,0.542618721,0.178350149
12/14/2019 8:00,0.762018373,0.250463327
12/14/2019 9:00,0.803625753,0.264139012
12/14/2019 10:00,0.823035922,0.270518826
12/14/2019 11:00,0.803416013,0.264070073
12/14/2019 12:00,0.777447405,0.255534605
12/14/2019 13:00,0.712030358,0.234033061
12/14/2019 14:00,0.672060402,0.220895572
12/14/2019 15:00,0.636511492,0.20921121
12/14/2019 16:00,0.58219319,0.191357648
12/14/2019 17:00,0.498498282,0.163848462
12/14/2019 18:00,0.40032609,0.131580823
12/14/2019 19:00,0.262003005,0.086116223
12/14/2019 20:00,0.206257819,0.067793667
12/14/2019 21:00,0.173743638,0.057106772
12/14/2019 22:00,0.098400132,0.032342559
12/14/2019 23:00,0.073778154,0.024249707
12/15/2019 0:00,0.071137059,0.023381621
12/15/2019 1:00,0.108988844,0.035822901
12/15/2019 2:00,0.161062408,0.052938654
12/15/2019 3:00,0.224085088,0.073653207
12/15/2019 4:00,0.273944621,0.090041243
12/15/2019 5:00,0.297167787,0.097674328
12/15/2019 6:00,0.293004017,0.096305763
12/15/2019 7:00,0.326625987,0.10735677
12/15/2019 8:00,0.36392482,0.119616304
12/15/2019 9:00,0.393195925,0.129237251
12/15/2019 10:00,0.239185687,0.078616533
12/15/2019 11:00,0.323070679,0.106188197
12/15/2019 12:00,0.438309137,0.144065246
12/15/2019 13:00,0.45827723,0.150628441
12/15/2019 14:00,0.393806811,0.129438039
12/15/2019 15:00,0.305455151,0.100398253
12/15/2019 16:00,0.270211572,0.088814249
12/15/2019 17:00,0.239077051,0.078580827
12/15/2019 18:00,0.274442632,0.090204931
12/15/2019 19:00,0.413382715,0.135872328
12/15/2019 20:00,0.44607965,0.146619291
12/15/2019 21:00,0.402618152,0.132334187
12/15/2019 22:00,0.382788248,0.125816413
12/15/2019 23:00,0.335697444,0.110338414
12/16/2019 0:00,0.358489632,0.117829844
12/16/2019 1:00,0.323703331,0.10639614
12/16/2019 2:00,0.26027191,0.08554724
12/16/2019 3:00,0.236559852,0.077753463
12/16/2019 4:00,0.163004052,0.053576841
12/16/2019 5:00,0.099265262,0.032626914
12/16/2019 6:00,0.121733726,0.040011941
12/16/2019 7:00,0.139964621,0.046004146
12/16/2019 8:00,0.10758626,0.035361893
12/16/2019 9:00,0.099978967,0.032861497
12/16/2019 10:00,0.077621285,0.025512883
12/16/2019 11:00,0.056480075,0.018564103
12/16/2019 12:00,0.044560595,0.014646359
12/16/2019 13:00,0.046541862,0.01529757
12/16/2019 14:00,0.024891682,0.0081815
12/16/2019 15:00,0.018027007,0.005925191
12/16/2019 16:00,0.023280271,0.007651855
12/16/2019 17:00,0.023376411,0.007683455
12/16/2019 18:00,0.007351687,0.002416383
12/16/2019 19:00,0,0
12/16/2019 20:00,0,0
12/16/2019 21:00,0,0
12/16/2019 22:00,0,0
12/16/2019 23:00,0.005419307,0.00178124
12/17/2019 0:00,0,0
12/17/2019 1:00,0,0
12/17/2019 2:00,0,0
12/17/2019 3:00,0,0
12/17/2019 4:00,0,0
12/17/2019 5:00,0,0
12/17/2019 6:00,0,0
12/17/2019 7:00,0,0
12/17/2019 8:00,0,0
12/17/2019 9:00,0,0
12/17/2019 10:00,0,0
12/17/2019 11:00,0,0
12/17/2019 12:00,0,0
12/17/2019 13:00,0,0
12/17/2019 14:00,0,0
12/17/2019 15:00,0,0
12/17/2019 16:00,0,0
12/17/2019 17:00,0,0
12/17/2019 18:00,0,0
12/17/2019 19:00,0.006610532,0.002172777
12/17/2019 20:00,0.031164773,0.010243366
12/17/2019 21:00,0.071955502,0.02365063
12/17/2019 22:00,0.072479012,0.023822699
12/17/2019 23:00,0.159710321,0.052494244
12/18/2019 0:00,0.279844932,0.091980581
12/18/2019 1:00,0.29054254,0.095496715
12/18/2019 2:00,0.253584406,0.083349164
12/18/2019 3:00,0.24008989,0.078913731
12/18/2019 4:00,0.231229315,0.0760014
12/18/2019 5:00,0.20840592,0.068499713
12/18/2019 6:00,0.225304601,0.074054041
12/18/2019 7:00,0.247526969,0.08135818
12/18/2019 8:00,0.236293412,0.077665889
12/18/2019 9:00,0.212873789,0.069968231
12/18/2019 10:00,0.23127732,0.076017179
12/18/2019 11:00,0.250571014,0.08235871
12/18/2019 12:00,0.224522555,0.073796995
12/18/2019 13:00,0.119391816,0.039242192
12/18/2019 14:00,0.116435191,0.038270397
12/18/2019 15:00,0.167602847,0.055088392
12/18/2019 16:00,0.408391749,0.134231877
12/18/2019 17:00,0.639942171,0.21033882
12/18/2019 18:00,0.686730036,0.225717248
12/18/2019 19:00,0.809029292,0.265915069
12/18/2019 20:00,0.850575635,0.279570692
12/18/2019 21:00,0.8514,0.279841647
12/18/2019 22:00,0.8514,0.279841647
12/18/2019 23:00,0.8514,0.279841647
12/19/2019 0:00,0.8514,0.279841647
12/19/2019 1:00,0.8514,0.279841647
12/19/2019 2:00,0.8514,0.279841647
12/19/2019 3:00,0.8514,0.279841647
12/19/2019 4:00,0.8514,0.279841647
12/19/2019 5:00,0.8514,0.279841647
12/19/2019 6:00,0.850535956,0.27955765
12/19/2019 7:00,0.838860559,0.275720132
12/19/2019 8:00,0.789779159,0.259587856
12/19/2019 9:00,0.626203368,0.205823094
12/19/2019 10:00,0.587937787,0.193245805
12/19/2019 11:00,0.591483526,0.194411233
12/19/2019 12:00,0.391983031,0.128838592
12/19/2019 13:00,0.432625288,0.142197056
12/19/2019 14:00,0.445106538,0.146299444
12/19/2019 15:00,0.336036579,0.110449882
12/19/2019 16:00,0.163833565,0.053849489
12/19/2019 17:00,0.248570076,0.081701033
12/19/2019 18:00,0.242370755,0.079663415
12/19/2019 19:00,0.189034434,0.062132614
12/19/2019 20:00,0.242108785,0.079577309
12/19/2019 21:00,0.479181717,0.157499414
12/19/2019 22:00,0.519944788,0.170897587
12/19/2019 23:00,0.63745411,0.209521034
12/20/2019 0:00,0.812417159,0.267028607
12/20/2019 1:00,0.849610176,0.279253361
12/20/2019 2:00,0.8514,0.279841647
12/20/2019 3:00,0.8514,0.279841647
12/20/2019 4:00,0.848361422,0.278842915
12/20/2019 5:00,0.837435037,0.275251586
12/20/2019 6:00,0.828504866,0.272316381
12/20/2019 7:00,0.839531168,0.275940551
12/20/2019 8:00,0.831900169,0.273432363
12/20/2019 9:00,0.816745809,0.268451365
12/20/2019 10:00,0.809754279,0.266153361
12/20/2019 11:00,0.812186611,0.266952829
12/20/2019 12:00,0.726367172,0.238745344
12/20/2019 13:00,0.626640466,0.205966761
12/20/2019 14:00,0.522079001,0.171599069
12/20/2019 15:00,0.441453697,0.145098813
12/20/2019 16:00,0.300079751,0.098631444
12/20/2019 17:00,0.144044721,0.04734521
12/20/2019 18:00,0.060179137,0.019779926
12/20/2019 19:00,0,0
12/20/2019 20:00,0,0
12/20/2019 21:00,0.049622019,0.016309969
12/20/2019 22:00,0,0
12/20/2019 23:00,0.061573146,0.020238114
12/21/2019 0:00,0.096211337,0.031623137
12/21/2019 1:00,0.17673388,0.058089617
12/21/2019 2:00,0.381837023,0.12550376
12/21/2019 3:00,0.608664113,0.200058219
12/21/2019 4:00,0.688058099,0.226153761
12/21/2019 5:00,0.729847073,0.239889132
12/21/2019 6:00,0.705960453,0.23203798
12/21/2019 7:00,0.717933535,0.235973341
12/21/2019 8:00,0.749534726,0.246360151
12/21/2019 9:00,0.784624551,0.257893619
12/21/2019 10:00,0.775442506,0.254875626
12/21/2019 11:00,0.743734981,0.244453867
12/21/2019 12:00,0.662871611,0.217875362
12/21/2019 13:00,0.589667479,0.193814328
12/21/2019 14:00,0.461082741,0.151550568
12/21/2019 15:00,0.441343826,0.1450627
12/21/2019 16:00,0.463155751,0.152231934
12/21/2019 17:00,0.398564705,0.131001883
12/21/2019 18:00,0.271190908,0.089136141
12/21/2019 19:00,0.232633177,0.076462828
12/21/2019 20:00,0.240618253,0.079087395
12/21/2019 21:00,0.232785832,0.076513003
12/21/2019 22:00,0.185351022,0.060921935
12/21/2019 23:00,0.155336142,0.051056521
12/22/2019 0:00,0.12595079,0.041398023
12/22/2019 1:00,0.079400777,0.026097773
12/22/2019 2:00,0.043940641,0.01444259
12/22/2019 3:00,0.027909581,0.009173436
12/22/2019 4:00,0.017192538,0.005650914
12/22/2019 5:00,0.007719194,0.002537176
12/22/2019 6:00,0,0
12/22/2019 7:00,0,0
12/22/2019 8:00,0,0
12/22/2019 9:00,0,0
12/22/2019 10:00,0,0
12/22/2019 11:00,0,0
12/22/2019 12:00,0.005203576,0.001710333
12/22/2019 13:00,0.019394408,0.006374634
12/22/2019 14:00,0.03363256,0.011054488
12/22/2019 15:00,0.042544409,0.013983671
12/22/2019 16:00,0.03081524,0.010128479
12/22/2019 17:00,0.018549849,0.006097041
12/22/2019 18:00,0.007341558,0.002413053
12/22/2019 19:00,0.006792653,0.002232637
12/22/2019 20:00,0.002354011,0.000773726
12/22/2019 21:00,0,0
12/22/2019 22:00,0,0
12/22/2019 23:00,0,0
12/23/2019 0:00,0,0
12/23/2019 1:00,0,0
12/23/2019 2:00,0.003440089,0.001130703
12/23/2019 3:00,0.010619578,0.003490486
12/23/2019 4:00,0.033109924,0.010882706
12/23/2019 5:00,0.053214731,0.017490836
12/23/2019 6:00,0.044869011,0.014747731
12/23/2019 7:00,0.019411302,0.006380186
12/23/2019 8:00,0.00775827,0.00255002
12/23/2019 9:00,0.002636869,0.000866697
12/23/2019 10:00,0,0
12/23/2019 11:00,0,0
12/23/2019 12:00,0,0
12/23/2019 13:00,0,0
12/23/2019 14:00,0,0
12/23/2019 15:00,0,0
12/23/2019 16:00,0,0
12/23/2019 17:00,0,0
12/23/2019 18:00,0,0
12/23/2019 19:00,0,0
12/23/2019 20:00,0,0
12/23/2019 21:00,0,0
12/23/2019 22:00,0.003288166,0.001080768
12/23/2019 23:00,0.007860644,0.002583669
12/24/2019 0:00,0.003766115,0.001237862
12/24/2019 1:00,0,0
12/24/2019 2:00,0,0
12/24/2019 3:00,0,0
12/24/2019 4:00,0,0
12/24/2019 5:00,0,0
12/24/2019 6:00,0,0
12/24/2019 7:00,0,0
12/24/2019 8:00,0,0
12/24/2019 9:00,0,0
12/24/2019 10:00,0,0
12/24/2019 11:00,0,0
12/24/2019 12:00,0,0
12/24/2019 13:00,0.002051852,0.000674411
12/24/2019 14:00,0.010171465,0.003343199
12/24/2019 15:00,0.008975037,0.002949952
12/24/2019 16:00,0.002366355,0.000777783
12/24/2019 17:00,0,0
12/24/2019 18:00,0,0
12/24/2019 19:00,0.018843932,0.006193701
12/24/2019 20:00,0.042171549,0.013861118
12/24/2019 21:00,0.07664712,0.02519269
12/24/2019 22:00,0.056263653,0.018492969
12/24/2019 23:00,0.052482089,0.017250028
12/25/2019 0:00,0.051886206,0.017054171
12/25/2019 1:00,0.075990819,0.024976974
12/25/2019 2:00,0.119523987,0.039285635
12/25/2019 3:00,0.112608249,0.037012542
12/25/2019 4:00,0.110209355,0.036224063
12/25/2019 5:00,0.13865026,0.045572137
12/25/2019 6:00,0.162363339,0.053366249
12/25/2019 7:00,0.154239239,0.050695986
12/25/2019 8:00,0.135987718,0.044697001
12/25/2019 9:00,0.126656091,0.041629844
12/25/2019 10:00,0.096192592,0.031616976
12/25/2019 11:00,0.081744283,0.026868047
12/25/2019 12:00,0.08498357,0.027932749
12/25/2019 13:00,0.094907853,0.031194703
12/25/2019 14:00,0.081398216,0.0267543
12/25/2019 15:00,0.049260378,0.016191103
12/25/2019 16:00,0.021148158,0.006951063
12/25/2019 17:00,0,0
12/25/2019 18:00,0,0
12/25/2019 19:00,0,0
12/25/2019 20:00,0,0
12/25/2019 21:00,0,0
12/25/2019 22:00,0,0
12/25/2019 23:00,0,0
12/26/2019 0:00,0,0
12/26/2019 1:00,0.010893613,0.003580557
12/26/2019 2:00,0.030030877,0.009870672
12/26/2019 3:00,0.055006391,0.018079726
12/26/2019 4:00,0.123001217,0.040428545
12/26/2019 5:00,0.232698458,0.076484285
12/26/2019 6:00,0.408577312,0.134292868
12/26/2019 7:00,0.509033276,0.167311147
12/26/2019 8:00,0.596939459,0.196204512
12/26/2019 9:00,0.666768129,0.219156086
12/26/2019 10:00,0.691905103,0.22741821
12/26/2019 11:00,0.691380071,0.22724564
12/26/2019 12:00,0.707127711,0.232421639
12/26/2019 13:00,0.737185734,0.242301233
12/26/2019 14:00,0.767456399,0.25225072
12/26/2019 15:00,0.810833143,0.266507966
12/26/2019 16:00,0.822136801,0.270223299
12/26/2019 17:00,0.812525546,0.267064232
12/26/2019 18:00,0.812217986,0.266963142
12/26/2019 19:00,0.824679998,0.271059207
12/26/2019 20:00,0.82752556,0.271994498
12/26/2019 21:00,0.824290011,0.270931025
12/26/2019 22:00,0.824568643,0.271022607
12/26/2019 23:00,0.845785975,0.277996406
12/27/2019 0:00,0.848300925,0.278823031
12/27/2019 1:00,0.840888751,0.276386767
12/27/2019 2:00,0.850300202,0.279480161
12/27/2019 3:00,0.851213514,0.279780352
12/27/2019 4:00,0.8514,0.279841647
12/27/2019 5:00,0.8514,0.279841647
12/27/2019 6:00,0.8514,0.279841647
12/27/2019 7:00,0.8514,0.279841647
12/27/2019 8:00,0.8514,0.279841647
12/27/2019 9:00,0.8514,0.279841647
12/27/2019 10:00,0.8514,0.279841647
12/27/2019 11:00,0.8514,0.279841647
12/27/2019 12:00,0.8514,0.279841647
12/27/2019 13:00,0.8514,0.279841647
12/27/2019 14:00,0.8514,0.279841647
12/27/2019 15:00,0.8514,0.279841647
12/27/2019 16:00,0.8514,0.279841647
12/27/2019 17:00,0.850902399,0.279678094
12/27/2019 18:00,0.844976365,0.2777303
12/27/2019 19:00,0.821264974,0.269936743
12/27/2019 20:00,0.794236386,0.261052876
12/27/2019 21:00,0.720532579,0.236827606
12/27/2019 22:00,0.55700741,0.183079482
12/27/2019 23:00,0.522543613,0.17175178
12/28/2019 0:00,0.619407533,0.203589411
12/28/2019 1:00,0.66356048,0.218101783
12/28/2019 2:00,0.674173087,0.221589978
12/28/2019 3:00,0.660123682,0.216972162
12/28/2019 4:00,0.531314216,0.174634537
12/28/2019 5:00,0.662969569,0.217907559
12/28/2019 6:00,0.795404131,0.261436695
12/28/2019 7:00,0.835254074,0.274534738
12/28/2019 8:00,0.824224164,0.270909382
12/28/2019 9:00,0.812924292,0.267195294
12/28/2019 10:00,0.827603009,0.272019954
12/28/2019 11:00,0.806193192,0.264982888
12/28/2019 12:00,0.792237341,0.260395821
12/28/2019 13:00,0.779231404,0.256120977
12/28/2019 14:00,0.762178354,0.25051591
12/28/2019 15:00,0.718611032,0.236196024
12/28/2019 16:00,0.661606367,0.217459497
12/28/2019 17:00,0.642642699,0.21122644
12/28/2019 18:00,0.680757987,0.22375433
12/28/2019 19:00,0.747386658,0.245654115
12/28/2019 20:00,0.777966219,0.255705131
12/28/2019 21:00,0.802761238,0.263854859
12/28/2019 22:00,0.811013559,0.266567266
12/28/2019 23:00,0.810567136,0.266420534
12/29/2019 0:00,0.812602692,0.267089589
12/29/2019 1:00,0.849739243,0.279295783
12/29/2019 2:00,0.8514,0.279841647
12/29/2019 3:00,0.8514,0.279841647
12/29/2019 4:00,0.8514,0.279841647
12/29/2019 5:00,0.8514,0.279841647
12/29/2019 6:00,0.851348565,0.279824741
12/29/2019 7:00,0.849711773,0.279286754
12/29/2019 8:00,0.840170366,0.276150645
12/29/2019 9:00,0.829907385,0.272777366
12/29/2019 10:00,0.820657292,0.269737008
12/29/2019 11:00,0.811561814,0.266747469
12/29/2019 12:00,0.807819357,0.265517383
12/29/2019 13:00,0.791119101,0.260028274
12/29/2019 14:00,0.769954018,0.253071648
12/29/2019 15:00,0.699474052,0.229906003
12/29/2019 16:00,0.64462285,0.211877285
12/29/2019 17:00,0.633298157,0.208155038
12/29/2019 18:00,0.630208241,0.207139432
12/29/2019 19:00,0.672410574,0.221010668
12/29/2019 20:00,0.702405313,0.230869462
12/29/2019 21:00,0.749740715,0.246427856
12/29/2019 22:00,0.733271109,0.241014558
12/29/2019 23:00,0.753322407,0.247605101
12/30/2019 0:00,0.808867221,0.265861799
12/30/2019 1:00,0.826405741,0.271626431
12/30/2019 2:00,0.826601964,0.271690927
12/30/2019 3:00,0.828050245,0.272166954
12/30/2019 4:00,0.832393697,0.273594577
12/30/2019 5:00,0.834709286,0.274355675
12/30/2019 6:00,0.79846318,0.262442156
12/30/2019 7:00,0.798639426,0.262500085
12/30/2019 8:00,0.817397692,0.268665629
12/30/2019 9:00,0.821040613,0.269862999
12/30/2019 10:00,0.819641699,0.269403198
12/30/2019 11:00,0.834252961,0.274205688
12/30/2019 12:00,0.845162749,0.277791562
12/30/2019 13:00,0.8514,0.279841647
12/30/2019 14:00,0.8514,0.279841647
12/30/2019 15:00,0.8514,0.279841647
12/30/2019 16:00,0.8514,0.279841647
12/30/2019 17:00,0.8514,0.279841647
12/30/2019 18:00,0.8514,0.279841647
12/30/2019 19:00,0.8514,0.279841647
12/30/2019 20:00,0.850772654,0.279635449
12/30/2019 21:00,0.848894795,0.279018226
12/30/2019 22:00,0.840074955,0.276119285
12/30/2019 23:00,0.800583979,0.263139229
12/31/2019 0:00,0.78332985,0.257468071
12/31/2019 1:00,0.693466032,0.227931262
12/31/2019 2:00,0.50695633,0.166628488
12/31/2019 3:00,0.468051058,0.153840943
12/31/2019 4:00,0.291165846,0.095701586
12/31/2019 5:00,0.228977052,0.075261117
12/31/2019 6:00,0.143917799,0.047303493
12/31/2019 7:00,0.163608094,0.05377538
12/31/2019 8:00,0.261540704,0.085964272
12/31/2019 9:00,0.367917656,0.120928686
12/31/2019 10:00,0.375892655,0.123549941
12/31/2019 11:00,0.380431695,0.125041851
12/31/2019 12:00,0.392718122,0.129080205
12/31/2019 13:00,0.381734405,0.125470031
12/31/2019 14:00,0.394744459,0.129746229
12/31/2019 15:00,0.440340217,0.14473283
12/31/2019 16:00,0.429576023,0.141194811
12/31/2019 17:00,0.363980335,0.119634551
12/31/2019 18:00,0.269657605,0.088632169
12/31/2019 19:00,0.244802259,0.080462611
12/31/2019 20:00,0.252490099,0.082989482
12/31/2019 21:00,0.261520518,0.085957637
12/31/2019 22:00,0.213085114,0.07003769
12/31/2019 23:00,0.267804823,0.088023188
