DateTime,ActivePower,ReactivePower
01/01/2019 00:00,1.75,0.575197184
01/01/2019 01:00,1.75,0.575197184
01/01/2019 02:00,1.75,0.575197184
01/01/2019 03:00,1.75,0.575197184
01/01/2019 04:00,1.75,0.575197184
01/01/2019 05:00,1.75,0.575197184
01/01/2019 06:00,1.75,0.575197184
01/01/2019 07:00,1.75,0.575197184
01/01/2019 08:00,1.75,0.575197184
01/01/2019 09:00,1.75,0.575197184
01/01/2019 10:00,1.75,0.575197184
01/01/2019 11:00,1.75,0.575197184
01/01/2019 12:00,1.686702504,0.554392303
01/01/2019 13:00,1.622966347,0.533443241
01/01/2019 14:00,1.546330308,0.508254194
01/01/2019 15:00,1.454078652,0.477932541
01/01/2019 16:00,1.311006442,0.430906979
01/01/2019 17:00,1.152756491,0.378892736
01/01/2019 18:00,1.025916054,0.3372023
01/01/2019 19:00,0.935009475,0.307322753
01/01/2019 20:00,0.844917232,0.277710864
01/01/2019 21:00,0.74230489,0.243983819
01/01/2019 22:00,0.661697212,0.217489356
01/01/2019 23:00,0.520381714,0.171041198
01/02/2019 00:00,0.386076009,0.126897048
01/02/2019 01:00,0.274040444,0.090072738
01/02/2019 02:00,0.198010337,0.06508285
01/02/2019 03:00,0.165416897,0.054369905
01/02/2019 04:00,0.122893096,0.040393007
01/02/2019 05:00,0.082575067,0.027141112
01/02/2019 06:00,0.029622553,0.009736462
01/02/2019 07:00,0,0
01/02/2019 08:00,0,0
01/02/2019 09:00,0,0
01/02/2019 10:00,0,0
01/02/2019 11:00,0,0
01/02/2019 12:00,0.018694295,0.006144518
01/02/2019 13:00,0.039939613,0.013127516
01/02/2019 14:00,0.034018941,0.011181485
01/02/2019 15:00,0.027370391,0.008996212
01/02/2019 16:00,0.029690956,0.009758945
01/02/2019 17:00,0,0
01/02/2019 18:00,0,0
01/02/2019 19:00,0.054459825,0.017900079
01/02/2019 20:00,0.116388802,0.038255149
01/02/2019 21:00,0.138369967,0.045480009
01/02/2019 22:00,0,0
01/02/2019 23:00,0,0
01/03/2019 00:00,0.012237495,0.00402227
01/03/2019 01:00,0.009496964,0.003121501
01/03/2019 02:00,0,0
01/03/2019 03:00,0,0
01/03/2019 04:00,0,0
01/03/2019 05:00,0.02330572,0.00766022
01/03/2019 06:00,0.11736647,0.038576493
01/03/2019 07:00,0.21928866,0.072076697
01/03/2019 08:00,0.263286256,0.086538007
01/03/2019 09:00,0.322422505,0.105975153
01/03/2019 10:00,0.381724269,0.1254667
01/03/2019 11:00,0.445150615,0.146313932
01/03/2019 12:00,0.52733026,0.173325075
01/03/2019 13:00,0.592609118,0.194781198
01/03/2019 14:00,0.596438162,0.196039744
01/03/2019 15:00,0.581207007,0.191033505
01/03/2019 16:00,0.575132846,0.189037025
01/03/2019 17:00,0.609855093,0.200449676
01/03/2019 18:00,0.732825304,0.240868029
01/03/2019 19:00,0.951624775,0.312783938
01/03/2019 20:00,1.048150026,0.344510253
01/03/2019 21:00,1.034650397,0.34007314
01/03/2019 22:00,1.070022872,0.35169951
01/03/2019 23:00,1.038183083,0.341234278
01/04/2019 00:00,1.086683765,0.357175681
01/04/2019 01:00,1.048833345,0.344734849
01/04/2019 02:00,1.092361904,0.359041995
01/04/2019 03:00,1.207372411,0.39684412
01/04/2019 04:00,1.307088648,0.429619263
01/04/2019 05:00,1.424033096,0.468057044
01/04/2019 06:00,1.467531871,0.4823544
01/04/2019 07:00,1.441686515,0.473859442
01/04/2019 08:00,1.440966333,0.47362273
01/04/2019 09:00,1.441869603,0.47391962
01/04/2019 10:00,1.453188258,0.477639882
01/04/2019 11:00,1.51688651,0.498576485
01/04/2019 12:00,1.527897487,0.502195618
01/04/2019 13:00,1.49379852,0.49098783
01/04/2019 14:00,1.381623985,0.454117843
01/04/2019 15:00,1.27338917,0.41854278
01/04/2019 16:00,1.320556192,0.43404583
01/04/2019 17:00,1.330476526,0.437306486
01/04/2019 18:00,1.270973231,0.417748699
01/04/2019 19:00,1.29321947,0.425060684
01/04/2019 20:00,1.227492013,0.403457114
01/04/2019 21:00,1.159432545,0.381087049
01/04/2019 22:00,1.157874343,0.380574892
01/04/2019 23:00,1.117513515,0.36730893
01/05/2019 00:00,1.108105513,0.364216669
01/05/2019 01:00,1.018020865,0.334607277
01/05/2019 02:00,1.021000282,0.335586564
01/05/2019 03:00,1.044714981,0.343381209
01/05/2019 04:00,1.033938607,0.339839186
01/05/2019 05:00,0.936245961,0.307729166
01/05/2019 06:00,0.921284551,0.302811588
01/05/2019 07:00,0.930468719,0.305830278
01/05/2019 08:00,0.902504425,0.296638859
01/05/2019 09:00,0.908174027,0.298502367
01/05/2019 10:00,0.936177624,0.307706705
01/05/2019 11:00,1.034537671,0.340036089
01/05/2019 12:00,0.999772385,0.328609292
01/05/2019 13:00,0.97455584,0.320321014
01/05/2019 14:00,0.959806661,0.315473193
01/05/2019 15:00,0.954067278,0.313586749
01/05/2019 16:00,0.922341536,0.303159002
01/05/2019 17:00,0.777930324,0.255693332
01/05/2019 18:00,0.708781575,0.232965238
01/05/2019 19:00,0.683823976,0.224762072
01/05/2019 20:00,0.605832042,0.199127362
01/05/2019 21:00,0.666940583,0.219212769
01/05/2019 22:00,0.690569208,0.226979122
01/05/2019 23:00,0.842227811,0.276826894
01/06/2019 00:00,1.02390315,0.336540691
01/06/2019 01:00,1.117589223,0.367333814
01/06/2019 02:00,1.000963391,0.329000757
01/06/2019 03:00,1.004693178,0.330226678
01/06/2019 04:00,0.927245112,0.30477073
01/06/2019 05:00,0.79957462,0.262807468
01/06/2019 06:00,0.76977727,0.253013553
01/06/2019 07:00,0.603308711,0.198297984
01/06/2019 08:00,0.462207978,0.151920416
01/06/2019 09:00,0.361854766,0.11893591
01/06/2019 10:00,0.322340005,0.105948036
01/06/2019 11:00,0.27569958,0.09061807
01/06/2019 12:00,0.242339585,0.07965317
01/06/2019 13:00,0.237723411,0.078135907
01/06/2019 14:00,0.065811811,0.021631296
01/06/2019 15:00,0,0
01/06/2019 16:00,0,0
01/06/2019 17:00,0,0
01/06/2019 18:00,0,0
01/06/2019 19:00,0,0
01/06/2019 20:00,0,0
01/06/2019 21:00,0,0
01/06/2019 22:00,0.438788651,0.144222855
01/06/2019 23:00,0.955411729,0.314028649
01/07/2019 00:00,1.214202636,0.399089107
01/07/2019 01:00,1.392234261,0.457605272
01/07/2019 02:00,1.457747616,0.479138471
01/07/2019 03:00,1.483588464,0.487631947
01/07/2019 04:00,1.521577285,0.500118268
01/07/2019 05:00,1.596503867,0.524745445
01/07/2019 06:00,1.75,0.575197184
01/07/2019 07:00,1.75,0.575197184
01/07/2019 08:00,1.75,0.575197184
01/07/2019 09:00,1.75,0.575197184
01/07/2019 10:00,1.75,0.575197184
01/07/2019 11:00,0,0
01/07/2019 12:00,0,0
01/07/2019 13:00,0,0
01/07/2019 14:00,1.75,0.575197184
01/07/2019 15:00,0,0
01/07/2019 16:00,0,0
01/07/2019 17:00,0,0
01/07/2019 18:00,0,0
01/07/2019 19:00,0,0
01/07/2019 20:00,1.75,0.575197184
01/07/2019 21:00,1.75,0.575197184
01/07/2019 22:00,1.75,0.575197184
01/07/2019 23:00,1.75,0.575197184
01/08/2019 00:00,1.75,0.575197184
01/08/2019 01:00,1.75,0.575197184
01/08/2019 02:00,1.75,0.575197184
01/08/2019 03:00,1.75,0.575197184
01/08/2019 04:00,1.75,0.575197184
01/08/2019 05:00,1.75,0.575197184
01/08/2019 06:00,1.75,0.575197184
01/08/2019 07:00,1.75,0.575197184
01/08/2019 08:00,1.75,0.575197184
01/08/2019 09:00,1.75,0.575197184
01/08/2019 10:00,1.75,0.575197184
01/08/2019 11:00,1.75,0.575197184
01/08/2019 12:00,1.75,0.575197184
01/08/2019 13:00,1.75,0.575197184
01/08/2019 14:00,1.646788682,0.541273264
01/08/2019 15:00,1.496176996,0.491769597
01/08/2019 16:00,1.344135073,0.441795834
01/08/2019 17:00,1.306135357,0.429305931
01/08/2019 18:00,1.236079641,0.406279731
01/08/2019 19:00,1.130256626,0.371497388
01/08/2019 20:00,1.021659777,0.33580333
01/08/2019 21:00,0.857521606,0.281853722
01/08/2019 22:00,0.8000724,0.262971081
01/08/2019 23:00,0.671208456,0.220615551
01/09/2019 00:00,0.620088511,0.203813237
01/09/2019 01:00,0.584397282,0.192082098
01/09/2019 02:00,0.540773286,0.177743583
01/09/2019 03:00,0.364691941,0.119868444
01/09/2019 04:00,0.24974451,0.082087051
01/09/2019 05:00,0.175509466,0.057687172
01/09/2019 06:00,0.142186618,0.046734481
01/09/2019 07:00,0.060985613,0.020045002
01/09/2019 08:00,0,0
01/09/2019 09:00,0,0
01/09/2019 10:00,0,0
01/09/2019 11:00,0,0
01/09/2019 12:00,0,0
01/09/2019 13:00,0.241447488,0.079359951
01/09/2019 14:00,0.537085787,0.176531561
01/09/2019 15:00,0.696258629,0.228849144
01/09/2019 16:00,0.731802439,0.24053183
01/09/2019 17:00,0.74402264,0.244548416
01/09/2019 18:00,0.9429599,0.309935931
01/09/2019 19:00,1.097192195,0.360629635
01/09/2019 20:00,1.082392607,0.355765245
01/09/2019 21:00,1.126815045,0.370366195
01/09/2019 22:00,1.050128253,0.345160465
01/09/2019 23:00,1.11489742,0.366449061
01/10/2019 00:00,1.265680472,0.416009053
01/10/2019 01:00,1.378934768,0.45323394
01/10/2019 02:00,1.398727643,0.459739544
01/10/2019 03:00,1.412588591,0.464295417
01/10/2019 04:00,1.394448573,0.458333081
01/10/2019 05:00,1.401563943,0.460671791
01/10/2019 06:00,1.434628062,0.471539441
01/10/2019 07:00,1.505618647,0.494872918
01/10/2019 08:00,1.490379259,0.489863973
01/10/2019 09:00,1.4752959,0.484906313
01/10/2019 10:00,1.475900893,0.485105164
01/10/2019 11:00,1.398387429,0.459627721
01/10/2019 12:00,1.434371651,0.471455163
01/10/2019 13:00,1.62716974,0.53482483
01/10/2019 14:00,1.75,0.575197184
01/10/2019 15:00,1.75,0.575197184
01/10/2019 16:00,1.75,0.575197184
01/10/2019 17:00,1.75,0.575197184
01/10/2019 18:00,1.746919993,0.574184835
01/10/2019 19:00,1.740235927,0.571987889
01/10/2019 20:00,1.749256702,0.574952874
01/10/2019 21:00,1.744012732,0.573229264
01/10/2019 22:00,1.75,0.575197184
01/10/2019 23:00,1.75,0.575197184
01/11/2019 00:00,1.75,0.575197184
01/11/2019 01:00,1.75,0.575197184
01/11/2019 02:00,1.748889123,0.574832057
01/11/2019 03:00,1.645006779,0.540687581
01/11/2019 04:00,1.549281484,0.509224198
01/11/2019 05:00,1.405859092,0.462083538
01/11/2019 06:00,1.20303521,0.395418551
01/11/2019 07:00,1.024240025,0.336651416
01/11/2019 08:00,0.906555853,0.297970499
01/11/2019 09:00,0.867242255,0.285048745
01/11/2019 10:00,0.96153965,0.316042799
01/11/2019 11:00,0.935336164,0.30743013
01/11/2019 12:00,0.918739895,0.3019752
01/11/2019 13:00,0.955711243,0.314127095
01/11/2019 14:00,1.003102607,0.329703883
01/11/2019 15:00,1.016250348,0.334025336
01/11/2019 16:00,1.053899503,0.346400015
01/11/2019 17:00,1.076910904,0.353963497
01/11/2019 18:00,1.086427066,0.357091308
01/11/2019 19:00,1.157219882,0.380359781
01/11/2019 20:00,0.968075859,0.318191148
01/11/2019 21:00,1.159467091,0.381098403
01/11/2019 22:00,1.396557412,0.459026223
01/11/2019 23:00,1.744747758,0.573470856
01/12/2019 00:00,1.75,0.575197184
01/12/2019 01:00,1.75,0.575197184
01/12/2019 02:00,1.75,0.575197184
01/12/2019 03:00,1.75,0.575197184
01/12/2019 04:00,1.75,0.575197184
01/12/2019 05:00,1.75,0.575197184
01/12/2019 06:00,1.75,0.575197184
01/12/2019 07:00,1.75,0.575197184
01/12/2019 08:00,1.75,0.575197184
01/12/2019 09:00,1.75,0.575197184
01/12/2019 10:00,1.75,0.575197184
01/12/2019 11:00,1.75,0.575197184
01/12/2019 12:00,1.75,0.575197184
01/12/2019 13:00,1.75,0.575197184
01/12/2019 14:00,1.75,0.575197184
01/12/2019 15:00,1.727041322,0.567651032
01/12/2019 16:00,1.530116425,0.502924948
01/12/2019 17:00,1.360094724,0.447041517
01/12/2019 18:00,1.282293647,0.42146954
01/12/2019 19:00,1.336384997,0.439248507
01/12/2019 20:00,1.75,0.575197184
01/12/2019 21:00,1.75,0.575197184
01/12/2019 22:00,1.75,0.575197184
01/12/2019 23:00,1.75,0.575197184
1/13/2019 0:00,1.75,0.575197184
1/13/2019 1:00,1.75,0.575197184
1/13/2019 2:00,1.75,0.575197184
1/13/2019 3:00,1.75,0.575197184
1/13/2019 4:00,1.75,0.575197184
1/13/2019 5:00,1.75,0.575197184
1/13/2019 6:00,1.75,0.575197184
1/13/2019 7:00,1.75,0.575197184
1/13/2019 8:00,1.75,0.575197184
1/13/2019 9:00,1.75,0.575197184
1/13/2019 10:00,1.75,0.575197184
1/13/2019 11:00,1.75,0.575197184
1/13/2019 12:00,1.75,0.575197184
1/13/2019 13:00,1.478115913,0.485833206
1/13/2019 14:00,0.834728111,0.274361862
1/13/2019 15:00,0.375463544,0.123408899
1/13/2019 16:00,0.771131074,0.253458527
1/13/2019 17:00,1.239614042,0.407441432
1/13/2019 18:00,1.354993478,0.445364819
1/13/2019 19:00,1.333261687,0.438221925
1/13/2019 20:00,1.059271813,0.348165808
1/13/2019 21:00,0.802111432,0.263641278
1/13/2019 22:00,1.226974492,0.403287013
1/13/2019 23:00,1.308840607,0.430195104
1/14/2019 0:00,1.306569903,0.42944876
1/14/2019 1:00,1.456023169,0.478571672
1/14/2019 2:00,1.521948316,0.50024022
1/14/2019 3:00,1.503020226,0.494018858
1/14/2019 4:00,1.300426589,0.42742955
1/14/2019 5:00,1.015005515,0.333616179
1/14/2019 6:00,0.749753339,0.246432005
1/14/2019 7:00,0.59291124,0.1948805
1/14/2019 8:00,0.584821222,0.19222144
1/14/2019 9:00,0.736365404,0.242031604
1/14/2019 10:00,0.747052237,0.245544196
1/14/2019 11:00,1.37411327,0.451649191
1/14/2019 12:00,1.523497871,0.500749535
1/14/2019 13:00,1.353131741,0.444752895
1/14/2019 14:00,1.604660112,0.527426273
1/14/2019 15:00,1.731889726,0.569244625
1/14/2019 16:00,1.509993984,0.496311022
1/14/2019 17:00,1.095667715,0.360128563
1/14/2019 18:00,0.59531695,0.195671219
1/14/2019 19:00,0.270744063,0.08898927
1/14/2019 20:00,0.305260237,0.100334188
1/14/2019 21:00,1.113974825,0.366145819
1/14/2019 22:00,1.75,0.575197184
1/14/2019 23:00,1.75,0.575197184
1/15/2019 0:00,1.75,0.575197184
1/15/2019 1:00,1.75,0.575197184
1/15/2019 2:00,1.75,0.575197184
1/15/2019 3:00,1.75,0.575197184
1/15/2019 4:00,1.75,0.575197184
1/15/2019 5:00,1.75,0.575197184
1/15/2019 6:00,1.75,0.575197184
1/15/2019 7:00,1.75,0.575197184
1/15/2019 8:00,1.75,0.575197184
1/15/2019 9:00,1.728517183,0.568136124
1/15/2019 10:00,1.568168819,0.515432165
1/15/2019 11:00,1.296618158,0.426177779
1/15/2019 12:00,0.963597183,0.316719078
1/15/2019 13:00,0.725538773,0.238473063
1/15/2019 14:00,0.392546939,0.129023939
1/15/2019 15:00,0,0
1/15/2019 16:00,0,0
1/15/2019 17:00,0.026367923,0.008666717
1/15/2019 18:00,0.431667213,0.141882152
1/15/2019 19:00,0.627099503,0.206117639
1/15/2019 20:00,1.281974426,0.421364617
1/15/2019 21:00,1.75,0.575197184
1/15/2019 22:00,1.75,0.575197184
1/15/2019 23:00,1.75,0.575197184
1/16/2019 0:00,1.75,0.575197184
1/16/2019 1:00,1.75,0.575197184
1/16/2019 2:00,1.75,0.575197184
1/16/2019 3:00,1.75,0.575197184
1/16/2019 4:00,1.75,0.575197184
1/16/2019 5:00,1.282960684,0.421688784
1/16/2019 6:00,0.863950605,0.283966832
1/16/2019 7:00,0.529340497,0.173985807
1/16/2019 8:00,0.223759049,0.073546043
1/16/2019 9:00,0,0
1/16/2019 10:00,0.037948975,0.012473225
1/16/2019 11:00,0,0
1/16/2019 12:00,0,0
1/16/2019 13:00,0,0
1/16/2019 14:00,0.207340493,0.068149524
1/16/2019 15:00,0.836099052,0.274812469
1/16/2019 16:00,1.538071218,0.505539562
1/16/2019 17:00,1.75,0.575197184
1/16/2019 18:00,1.714154071,0.563415197
1/16/2019 19:00,1.75,0.575197184
1/16/2019 20:00,1.75,0.575197184
1/16/2019 21:00,1.75,0.575197184
1/16/2019 22:00,1.75,0.575197184
1/16/2019 23:00,1.75,0.575197184
1/17/2019 0:00,1.75,0.575197184
1/17/2019 1:00,1.75,0.575197184
1/17/2019 2:00,1.75,0.575197184
1/17/2019 3:00,1.75,0.575197184
1/17/2019 4:00,1.75,0.575197184
1/17/2019 5:00,1.75,0.575197184
1/17/2019 6:00,1.75,0.575197184
1/17/2019 7:00,1.75,0.575197184
1/17/2019 8:00,1.75,0.575197184
1/17/2019 9:00,1.75,0.575197184
1/17/2019 10:00,1.623810456,0.533720687
1/17/2019 11:00,1.320131749,0.433906322
1/17/2019 12:00,1.158113085,0.380653363
1/17/2019 13:00,1.055694743,0.346990082
1/17/2019 14:00,0.865546513,0.284491381
1/17/2019 15:00,0.699252735,0.22983326
1/17/2019 16:00,0.539373675,0.177283554
1/17/2019 17:00,0.387200297,0.127266583
1/17/2019 18:00,0.281556218,0.092543053
1/17/2019 19:00,0.167882281,0.055180237
1/17/2019 20:00,0.05327548,0.017510804
1/17/2019 21:00,0,0
1/17/2019 22:00,0,0
1/17/2019 23:00,0,0
1/18/2019 0:00,0,0
1/18/2019 1:00,0,0
1/18/2019 2:00,0,0
1/18/2019 3:00,0,0
1/18/2019 4:00,0,0
1/18/2019 5:00,0,0
1/18/2019 6:00,0.076601668,0.025177751
1/18/2019 7:00,0.197969041,0.065069277
1/18/2019 8:00,0.317173065,0.104249745
1/18/2019 9:00,0.433826657,0.142591927
1/18/2019 10:00,0.558420079,0.183543804
1/18/2019 11:00,0.65875677,0.216522879
1/18/2019 12:00,0.729158161,0.239662698
1/18/2019 13:00,0.805606604,0.264790086
1/18/2019 14:00,0.908993388,0.298771678
1/18/2019 15:00,0.952087745,0.312936109
1/18/2019 16:00,0.947121524,0.31130379
1/18/2019 17:00,0.910297241,0.299200234
1/18/2019 18:00,0.80022179,0.263020183
1/18/2019 19:00,0.678434401,0.222990604
1/18/2019 20:00,0.618005736,0.203128662
1/18/2019 21:00,0.60977383,0.200422966
1/18/2019 22:00,0.739188184,0.242959407
1/18/2019 23:00,0.651456636,0.214123442
1/19/2019 0:00,0.655276051,0.215378822
1/19/2019 1:00,0.715794317,0.235270215
1/19/2019 2:00,0.705519797,0.231893143
1/19/2019 3:00,0.706850985,0.232330684
1/19/2019 4:00,0.627937389,0.206393039
1/19/2019 5:00,0.546420757,0.179599818
1/19/2019 6:00,0.482141162,0.158472136
1/19/2019 7:00,0.400990235,0.131799116
1/19/2019 8:00,0.332385585,0.109249859
1/19/2019 9:00,0.350635445,0.115248298
1/19/2019 10:00,0.537948035,0.176814969
1/19/2019 11:00,0.549318383,0.180552221
1/19/2019 12:00,0.46800281,0.153825085
1/19/2019 13:00,0.412480951,0.135575932
1/19/2019 14:00,0.335643062,0.110320539
1/19/2019 15:00,0.276085627,0.090744957
1/19/2019 16:00,0.170277469,0.055967497
1/19/2019 17:00,0.084016897,0.027615019
1/19/2019 18:00,0.025530329,0.008391413
1/19/2019 19:00,0,0
1/19/2019 20:00,0.010678136,0.003509734
1/19/2019 21:00,0.014512256,0.004769948
1/19/2019 22:00,0,0
1/19/2019 23:00,0,0
1/20/2019 0:00,0,0
1/20/2019 1:00,0.009434174,0.003100863
1/20/2019 2:00,0.011771241,0.00386902
1/20/2019 3:00,0.054908611,0.018047588
1/20/2019 4:00,0.16795787,0.055205082
1/20/2019 5:00,0.344703141,0.113298444
1/20/2019 6:00,0.537334818,0.176613414
1/20/2019 7:00,0.704839471,0.231669531
1/20/2019 8:00,0.781965725,0.257019705
1/20/2019 9:00,1.039962153,0.34181903
1/20/2019 10:00,1.593328738,0.523701831
1/20/2019 11:00,1.430927347,0.470323075
1/20/2019 12:00,1.281142218,0.421091084
1/20/2019 13:00,1.489304701,0.489510783
1/20/2019 14:00,1.515872986,0.498243356
1/20/2019 15:00,1.497132793,0.492083752
1/20/2019 16:00,1.588101649,0.52198377
1/20/2019 17:00,1.554871889,0.511061676
1/20/2019 18:00,1.405908377,0.462099737
1/20/2019 19:00,1.293787644,0.425247434
1/20/2019 20:00,1.194250831,0.392531266
1/20/2019 21:00,1.09215176,0.358972924
1/20/2019 22:00,0.839158614,0.275818098
1/20/2019 23:00,0.733040483,0.240938755
1/21/2019 0:00,0.733348017,0.241039837
1/21/2019 1:00,0.818176053,0.268921464
1/21/2019 2:00,0.949285099,0.312014923
1/21/2019 3:00,1.052301882,0.345874903
1/21/2019 4:00,1.002138928,0.329387137
1/21/2019 5:00,1.065333446,0.35015817
1/21/2019 6:00,1.105435171,0.36333897
1/21/2019 7:00,1.082787398,0.355895007
1/21/2019 8:00,1.042059064,0.342508251
1/21/2019 9:00,1.135220307,0.373128871
1/21/2019 10:00,1.239362703,0.407358821
1/21/2019 11:00,1.349917036,0.443696273
1/21/2019 12:00,1.451432462,0.47706278
1/21/2019 13:00,1.514159724,0.497680234
1/21/2019 14:00,1.489844528,0.489688216
1/21/2019 15:00,1.521758648,0.50017788
1/21/2019 16:00,1.594892625,0.524215855
1/21/2019 17:00,1.75,0.575197184
1/21/2019 18:00,1.75,0.575197184
1/21/2019 19:00,1.75,0.575197184
1/21/2019 20:00,1.75,0.575197184
1/21/2019 21:00,1.522475454,0.500413482
1/21/2019 22:00,0.958054601,0.314897319
1/21/2019 23:00,0.718829168,0.236267722
1/22/2019 0:00,0.589171945,0.193651454
1/22/2019 1:00,0.627059931,0.206104632
1/22/2019 2:00,0.601279897,0.197631145
1/22/2019 3:00,0.530135096,0.174246979
1/22/2019 4:00,0.545104085,0.179167048
1/22/2019 5:00,0.680943944,0.223815451
1/22/2019 6:00,0.766338371,0.251883242
1/22/2019 7:00,0.592956614,0.194895414
1/22/2019 8:00,0.451757606,0.148485544
1/22/2019 9:00,0.375884967,0.123547414
1/22/2019 10:00,0.408578656,0.13429331
1/22/2019 11:00,0.342506318,0.112576383
1/22/2019 12:00,0.365319699,0.120074778
1/22/2019 13:00,0.349486793,0.114870754
1/22/2019 14:00,0.384192573,0.126277992
1/22/2019 15:00,0.453545997,0.14907336
1/22/2019 16:00,0.478280656,0.157203249
1/22/2019 17:00,0.503943886,0.165638345
1/22/2019 18:00,0.568142311,0.186739347
1/22/2019 19:00,0.60425663,0.19860955
1/22/2019 20:00,0.623381155,0.204895477
1/22/2019 21:00,0.617035933,0.202809904
1/22/2019 22:00,0.527536942,0.173393008
1/22/2019 23:00,0.48205782,0.158444743
1/23/2019 0:00,0.416604346,0.136931227
1/23/2019 1:00,0.357391547,0.117468921
1/23/2019 2:00,0.356959425,0.117326889
1/23/2019 3:00,0.358420302,0.117807056
1/23/2019 4:00,0.359867847,0.118282841
1/23/2019 5:00,0.384958717,0.126529811
1/23/2019 6:00,0.348816739,0.114650518
1/23/2019 7:00,0.292403149,0.096108267
1/23/2019 8:00,0.254658936,0.083702345
1/23/2019 9:00,0.254847225,0.083764232
1/23/2019 10:00,0.007154184,0.002351467
1/23/2019 11:00,0,0
1/23/2019 12:00,0.03643691,0.011976233
1/23/2019 13:00,0.067552215,0.022203339
1/23/2019 14:00,0.057371741,0.018857179
1/23/2019 15:00,0.048037721,0.015789235
1/23/2019 16:00,0.099389118,0.032667623
1/23/2019 17:00,0.046674459,0.015341153
1/23/2019 18:00,0.023107852,0.007595184
1/23/2019 19:00,0.003725999,0.001224677
1/23/2019 20:00,0,0
1/23/2019 21:00,0,0
1/23/2019 22:00,0,0
1/23/2019 23:00,0,0
1/24/2019 0:00,0,0
1/24/2019 1:00,0,0
1/24/2019 2:00,0,0
1/24/2019 3:00,0,0
1/24/2019 4:00,0,0
1/24/2019 5:00,0,0
1/24/2019 6:00,0,0
1/24/2019 7:00,0,0
1/24/2019 8:00,0,0
1/24/2019 9:00,0,0
1/24/2019 10:00,0,0
1/24/2019 11:00,0,0
1/24/2019 12:00,0,0
1/24/2019 13:00,0,0
1/24/2019 14:00,0,0
1/24/2019 15:00,0,0
1/24/2019 16:00,0,0
1/24/2019 17:00,0,0
1/24/2019 18:00,0.09931691,0.03264389
1/24/2019 19:00,0.322304518,0.105936372
1/24/2019 20:00,0.443277521,0.145698275
1/24/2019 21:00,0.555334414,0.182529595
1/24/2019 22:00,0.707260082,0.232465147
1/24/2019 23:00,0.88380052,0.290491183
1/25/2019 0:00,1.058757224,0.347996671
1/25/2019 1:00,1.137569643,0.37390106
1/25/2019 2:00,1.006598272,0.330852852
1/25/2019 3:00,0.887590106,0.29173676
1/25/2019 4:00,1.296485389,0.42613414
1/25/2019 5:00,1.632246462,0.536493468
1/25/2019 6:00,1.698132958,0.558149312
1/25/2019 7:00,1.612422178,0.529977541
1/25/2019 8:00,1.695786952,0.557378217
1/25/2019 9:00,1.75,0.575197184
1/25/2019 10:00,1.75,0.575197184
1/25/2019 11:00,1.75,0.575197184
1/25/2019 12:00,1.75,0.575197184
1/25/2019 13:00,1.75,0.575197184
1/25/2019 14:00,1.75,0.575197184
1/25/2019 15:00,1.75,0.575197184
1/25/2019 16:00,1.75,0.575197184
1/25/2019 17:00,1.75,0.575197184
1/25/2019 18:00,1.75,0.575197184
1/25/2019 19:00,1.75,0.575197184
1/25/2019 20:00,1.622131051,0.533168693
1/25/2019 21:00,1.418672518,0.466295107
1/25/2019 22:00,1.021733604,0.335827595
1/25/2019 23:00,0.844611466,0.277610364
1/26/2019 0:00,0.70074777,0.230324654
1/26/2019 1:00,0.606127534,0.199224486
1/26/2019 2:00,0.479367956,0.157560628
1/26/2019 3:00,0.379123212,0.124611774
1/26/2019 4:00,0.174129862,0.057233718
1/26/2019 5:00,0.13397565,0.044035667
1/26/2019 6:00,0.158809885,0.052198285
1/26/2019 7:00,0.320876131,0.105466884
1/26/2019 8:00,0.373688256,0.12282539
1/26/2019 9:00,0.403262129,0.132545852
1/26/2019 10:00,0.322917668,0.106137905
1/26/2019 11:00,0.521120214,0.171283931
1/26/2019 12:00,0.699092721,0.229780665
1/26/2019 13:00,0.933637107,0.306871677
1/26/2019 14:00,1.245353819,0.409328006
1/26/2019 15:00,1.482784815,0.4873678
1/26/2019 16:00,1.691973057,0.55612465
1/26/2019 17:00,1.75,0.575197184
1/26/2019 18:00,1.75,0.575197184
1/26/2019 19:00,1.75,0.575197184
1/26/2019 20:00,1.669476091,0.548730255
1/26/2019 21:00,1.495697569,0.491612017
1/26/2019 22:00,1.457308656,0.478994192
1/26/2019 23:00,1.111137394,0.3652132
1/27/2019 0:00,1.129166756,0.371139165
1/27/2019 1:00,1.232032908,0.404949634
1/27/2019 2:00,1.452555431,0.477431882
1/27/2019 3:00,1.55046741,0.509613993
1/27/2019 4:00,1.458222979,0.479294715
1/27/2019 5:00,1.364635257,0.448533918
1/27/2019 6:00,1.396215821,0.458913948
1/27/2019 7:00,1.547807616,0.508739761
1/27/2019 8:00,1.678848814,0.55181092
1/27/2019 9:00,1.75,0.575197184
1/27/2019 10:00,1.75,0.575197184
1/27/2019 11:00,1.75,0.575197184
1/27/2019 12:00,1.75,0.575197184
1/27/2019 13:00,1.75,0.575197184
1/27/2019 14:00,1.75,0.575197184
1/27/2019 15:00,1.75,0.575197184
1/27/2019 16:00,1.75,0.575197184
1/27/2019 17:00,1.698012096,0.558109586
1/27/2019 18:00,1.522362298,0.50037629
1/27/2019 19:00,1.420234237,0.466808419
1/27/2019 20:00,1.39208263,0.457555434
1/27/2019 21:00,1.372498074,0.451118301
1/27/2019 22:00,1.435637792,0.471871323
1/27/2019 23:00,1.465614769,0.481724279
1/28/2019 0:00,1.38686123,0.455839242
1/28/2019 1:00,1.261869067,0.414756305
1/28/2019 2:00,1.189138324,0.390850866
1/28/2019 3:00,1.176361787,0.386651421
1/28/2019 4:00,1.091027882,0.358603523
1/28/2019 5:00,0.955123677,0.313933971
1/28/2019 6:00,0.837788531,0.275367774
1/28/2019 7:00,0.751126794,0.246883438
1/28/2019 8:00,0.702151374,0.230785996
1/28/2019 9:00,0.649847484,0.213594539
1/28/2019 10:00,0.78205273,0.257048302
1/28/2019 11:00,0.829764133,0.272730282
1/28/2019 12:00,0.743272163,0.244301746
1/28/2019 13:00,0.711693723,0.233922415
1/28/2019 14:00,0.759019102,0.249477514
1/28/2019 15:00,0.922747416,0.303292409
1/28/2019 16:00,0.892263583,0.293272857
1/28/2019 17:00,0.886499087,0.291378159
1/28/2019 18:00,0.997274257,0.327788197
1/28/2019 19:00,1.087224392,0.357353376
1/28/2019 20:00,1.169727852,0.384470952
1/28/2019 21:00,1.14922101,0.377730679
1/28/2019 22:00,0.929402135,0.305479709
1/28/2019 23:00,0.750085576,0.246541206
1/29/2019 0:00,0.760670095,0.250020169
1/29/2019 1:00,0.907400017,0.298247963
1/29/2019 2:00,0.839586487,0.275958733
1/29/2019 3:00,0.622489657,0.204602456
1/29/2019 4:00,0.453552394,0.149075463
1/29/2019 5:00,0.462207897,0.151920389
1/29/2019 6:00,0.479395015,0.157569522
1/29/2019 7:00,0.463310534,0.152282808
1/29/2019 8:00,0.419429379,0.13785977
1/29/2019 9:00,0.403605479,0.132658706
1/29/2019 10:00,0.296443911,0.097436402
1/29/2019 11:00,0.226320147,0.074387835
1/29/2019 12:00,0.24888099,0.081803226
1/29/2019 13:00,0.322095943,0.105867817
1/29/2019 14:00,0.336522985,0.110609756
1/29/2019 15:00,0.262670318,0.086335558
1/29/2019 16:00,0.199140392,0.065454281
1/29/2019 17:00,0.23617508,0.077626995
1/29/2019 18:00,0.268033322,0.088098292
1/29/2019 19:00,0.284515375,0.093515681
1/29/2019 20:00,0.237523318,0.078070139
1/29/2019 21:00,0.232887861,0.076546538
1/29/2019 22:00,0.248732871,0.081754541
1/29/2019 23:00,0.302281731,0.0993552
1/30/2019 0:00,0.409266239,0.134519308
1/30/2019 1:00,0.431205284,0.141730323
1/30/2019 2:00,0.38015054,0.12494944
1/30/2019 3:00,0.387736549,0.127442841
1/30/2019 4:00,0.394561481,0.129686087
1/30/2019 5:00,0.376940023,0.123894194
1/30/2019 6:00,0.333586021,0.109644423
1/30/2019 7:00,0.254019684,0.083492233
1/30/2019 8:00,0.085243149,0.028018068
1/30/2019 9:00,0,0
1/30/2019 10:00,0.152651015,0.050173962
1/30/2019 11:00,0.17752757,0.058350491
1/30/2019 12:00,0.049339835,0.01621722
1/30/2019 13:00,0,0
1/30/2019 14:00,0,0
1/30/2019 15:00,0,0
1/30/2019 16:00,0,0
1/30/2019 17:00,0,0
1/30/2019 18:00,0,0
1/30/2019 19:00,0.014242743,0.004681363
1/30/2019 20:00,0.222743304,0.073212183
1/30/2019 21:00,0.256416003,0.084279864
1/30/2019 22:00,0.472447336,0.15528593
1/30/2019 23:00,0.466954923,0.153480661
1/31/2019 0:00,0.411646768,0.13530175
1/31/2019 1:00,0.34714655,0.114101553
1/31/2019 2:00,0.297420725,0.097757465
1/31/2019 3:00,0.216775137,0.071250542
1/31/2019 4:00,0.143364973,0.047121788
1/31/2019 5:00,0.1226359,0.040308471
1/31/2019 6:00,0.100390856,0.032996879
1/31/2019 7:00,0.047335522,0.015558434
1/31/2019 8:00,0.039274041,0.012908753
1/31/2019 9:00,0.034424096,0.011314653
1/31/2019 10:00,0.166410827,0.054696594
1/31/2019 11:00,0.236077997,0.077595085
1/31/2019 12:00,0.232573282,0.076443141
1/31/2019 13:00,0.228936789,0.075247884
1/31/2019 14:00,0.18821272,0.061862529
1/31/2019 15:00,0.184661637,0.060695345
1/31/2019 16:00,0.164690066,0.054131007
1/31/2019 17:00,0.178932729,0.058812344
1/31/2019 18:00,0.124287834,0.040851435
1/31/2019 19:00,0.124714657,0.040991725
1/31/2019 20:00,0.087138091,0.028640905
1/31/2019 21:00,0.021434382,0.007045141
1/31/2019 22:00,0.364883995,0.119931569
1/31/2019 23:00,0.429864509,0.141289631
02/01/2019 00:00,0.340982155,0.112075415
02/01/2019 01:00,0.174680585,0.057414732
02/01/2019 02:00,0.070964891,0.023325032
02/01/2019 03:00,0.055387745,0.018205071
02/01/2019 04:00,0.050897311,0.016729137
02/01/2019 05:00,0.065092949,0.021395018
02/01/2019 06:00,0.123592799,0.040622989
02/01/2019 07:00,0.203606837,0.066922331
02/01/2019 08:00,0.300761184,0.098855421
02/01/2019 09:00,0.403477949,0.132616789
02/01/2019 10:00,0.478934003,0.157417994
02/01/2019 11:00,0.681172613,0.223890611
02/01/2019 12:00,0.777082599,0.255414699
02/01/2019 13:00,0.845833183,0.278011923
02/01/2019 14:00,0.868382782,0.285423618
02/01/2019 15:00,0.838112021,0.2754741
02/01/2019 16:00,0.921575647,0.302907267
02/01/2019 17:00,1.058437013,0.347891423
02/01/2019 18:00,1.14308193,0.375712861
02/01/2019 19:00,1.107982949,0.364176384
02/01/2019 20:00,1.050639325,0.345328446
02/01/2019 21:00,0.980678991,0.322333597
02/01/2019 22:00,1.11668298,0.367035946
02/01/2019 23:00,1.05938684,0.348203615
02/02/2019 00:00,1.034613014,0.340060853
02/02/2019 01:00,0.9723104,0.319582974
02/02/2019 02:00,0.889711832,0.292434137
02/02/2019 03:00,0.837913812,0.275408951
02/02/2019 04:00,0.812868508,0.267176958
02/02/2019 05:00,0.693201302,0.22784425
02/02/2019 06:00,0.550522944,0.180948141
02/02/2019 07:00,0.456782245,0.150137064
02/02/2019 08:00,0.427001317,0.140348546
02/02/2019 09:00,0.444419258,0.146073546
02/02/2019 10:00,0.48333167,0.158863438
02/02/2019 11:00,0.38306724,0.125908113
02/02/2019 12:00,0.399233766,0.131221793
02/02/2019 13:00,0.428901558,0.140973125
02/02/2019 14:00,0.415114515,0.136441543
02/02/2019 15:00,0.346195947,0.113789105
02/02/2019 16:00,0.28788068,0.094621804
02/02/2019 17:00,0.197954953,0.065064647
02/02/2019 18:00,0.063479977,0.020864859
02/02/2019 19:00,0,0
02/02/2019 20:00,0,0
02/02/2019 21:00,0,0
02/02/2019 22:00,0,0
02/02/2019 23:00,0,0
02/03/2019 00:00,0,0
02/03/2019 01:00,0.15587221,0.051232718
02/03/2019 02:00,0.331843892,0.109071813
02/03/2019 03:00,0.389007022,0.127860425
02/03/2019 04:00,0.310500324,0.102056521
02/03/2019 05:00,0.344752432,0.113314645
02/03/2019 06:00,0.388269183,0.127617909
02/03/2019 07:00,0.385399362,0.126674644
02/03/2019 08:00,0.353348789,0.116140131
02/03/2019 09:00,0.375271522,0.123345784
02/03/2019 10:00,0.560542121,0.184241286
02/03/2019 11:00,0.753578511,0.247689278
02/03/2019 12:00,1.105043671,0.36321029
02/03/2019 13:00,1.297505977,0.426469591
02/03/2019 14:00,1.249903631,0.410823457
02/03/2019 15:00,1.500544625,0.493205167
02/03/2019 16:00,1.588237107,0.522028292
02/03/2019 17:00,1.408512464,0.462955659
02/03/2019 18:00,1.408294341,0.462883965
02/03/2019 19:00,1.514906633,0.497925731
02/03/2019 20:00,1.526198865,0.501637308
02/03/2019 21:00,1.54449485,0.507650908
02/03/2019 22:00,1.513180643,0.497358426
02/03/2019 23:00,1.477790968,0.485726402
02/04/2019 00:00,1.322455135,0.434669983
02/04/2019 01:00,1.23350219,0.405432564
02/04/2019 02:00,0.984058976,0.323444544
02/04/2019 03:00,0.738629367,0.242775732
02/04/2019 04:00,0.497684475,0.163580976
02/04/2019 05:00,0.367337178,0.120737892
02/04/2019 06:00,0.328281797,0.107901009
02/04/2019 07:00,0.318545231,0.104700754
02/04/2019 08:00,0.341433764,0.112223851
02/04/2019 09:00,0.447433817,0.147064384
02/04/2019 10:00,0.68444077,0.224964802
02/04/2019 11:00,0.841119771,0.276462699
02/04/2019 12:00,0.908659934,0.298662077
02/04/2019 13:00,0.92728923,0.304785231
02/04/2019 14:00,0.931688355,0.306231153
02/04/2019 15:00,0.961280737,0.315957699
02/04/2019 16:00,0.976706713,0.321027972
02/04/2019 17:00,0.902904539,0.29677037
02/04/2019 18:00,0.899632133,0.295694783
02/04/2019 19:00,1.032680922,0.339425805
02/04/2019 20:00,1.094300613,0.359679218
02/04/2019 21:00,1.054501718,0.346597954
02/04/2019 22:00,0.761673497,0.250349972
02/04/2019 23:00,0.722353012,0.237425954
02/05/2019 00:00,0.618580458,0.203317564
02/05/2019 01:00,0.49641534,0.163163832
02/05/2019 02:00,0.375266939,0.123344278
02/05/2019 03:00,0.196181626,0.064481782
02/05/2019 04:00,0,0
02/05/2019 05:00,0,0
02/05/2019 06:00,0,0
02/05/2019 07:00,0,0
02/05/2019 08:00,0,0
02/05/2019 09:00,0,0
02/05/2019 10:00,0,0
02/05/2019 11:00,0.215038115,0.07067961
02/05/2019 12:00,0.502537682,0.165176148
02/05/2019 13:00,0.757773836,0.249068215
02/05/2019 14:00,0.984582784,0.323616711
02/05/2019 15:00,1.259809708,0.414079426
02/05/2019 16:00,1.56748678,0.51520799
02/05/2019 17:00,1.75,0.575197184
02/05/2019 18:00,1.75,0.575197184
02/05/2019 19:00,1.75,0.575197184
02/05/2019 20:00,1.75,0.575197184
02/05/2019 21:00,1.75,0.575197184
02/05/2019 22:00,1.75,0.575197184
02/05/2019 23:00,1.75,0.575197184
02/06/2019 00:00,1.220085777,0.401022802
02/06/2019 01:00,0.938316458,0.308409705
02/06/2019 02:00,1.032601607,0.339399735
02/06/2019 03:00,1.256028549,0.41283662
02/06/2019 04:00,1.253137854,0.411886494
02/06/2019 05:00,1.313817152,0.431830815
02/06/2019 06:00,1.313403548,0.43169487
02/06/2019 07:00,1.264045513,0.415471668
02/06/2019 08:00,1.178819148,0.387459117
02/06/2019 09:00,1.169656054,0.384447353
02/06/2019 10:00,1.085037689,0.356634642
02/06/2019 11:00,1.066020406,0.350383963
02/06/2019 12:00,1.056935598,0.347397931
02/06/2019 13:00,0.937295698,0.308074198
02/06/2019 14:00,0.747736759,0.245769188
02/06/2019 15:00,0.676191691,0.222253461
02/06/2019 16:00,0.542950232,0.178459111
02/06/2019 17:00,0.650946651,0.213955818
02/06/2019 18:00,0.796725669,0.261871064
02/06/2019 19:00,0.853862597,0.280651064
02/06/2019 20:00,0.94157705,0.30948141
02/06/2019 21:00,0.911764305,0.299682435
02/06/2019 22:00,0.792158531,0.260369918
02/06/2019 23:00,0.662070302,0.217611985
02/07/2019 00:00,0.497829549,0.16362866
02/07/2019 01:00,0.35396529,0.116342765
02/07/2019 02:00,0.23284521,0.07653252
02/07/2019 03:00,0,0
02/07/2019 04:00,0,0
02/07/2019 05:00,0,0
02/07/2019 06:00,0,0
02/07/2019 07:00,0,0
02/07/2019 08:00,0,0
02/07/2019 09:00,0,0
02/07/2019 10:00,0,0
02/07/2019 11:00,0,0
02/07/2019 12:00,0,0
02/07/2019 13:00,0,0
02/07/2019 14:00,0,0
02/07/2019 15:00,0.176174152,0.057905643
02/07/2019 16:00,0.202500046,0.066558547
02/07/2019 17:00,0.107288633,0.035264068
02/07/2019 18:00,0,0
02/07/2019 19:00,0.073460409,0.024145269
02/07/2019 20:00,0.275928162,0.090693201
02/07/2019 21:00,0.470945525,0.154792308
02/07/2019 22:00,0.634411881,0.208521101
02/07/2019 23:00,0.668667784,0.219780472
02/08/2019 00:00,0.711999448,0.234022901
02/08/2019 01:00,0.666286959,0.218997933
02/08/2019 02:00,0.631046253,0.207414873
02/08/2019 03:00,0.551110635,0.181141306
02/08/2019 04:00,0.521779836,0.171500738
02/08/2019 05:00,0.672454475,0.221025097
02/08/2019 06:00,0.991205336,0.325793439
02/08/2019 07:00,1.31220828,0.431302004
02/08/2019 08:00,1.75,0.575197184
02/08/2019 09:00,1.75,0.575197184
02/08/2019 10:00,1.75,0.575197184
02/08/2019 11:00,1.75,0.575197184
02/08/2019 12:00,1.75,0.575197184
02/08/2019 13:00,1.75,0.575197184
02/08/2019 14:00,1.75,0.575197184
02/08/2019 15:00,1.75,0.575197184
02/08/2019 16:00,1.75,0.575197184
02/08/2019 17:00,1.75,0.575197184
02/08/2019 18:00,1.622673277,0.533346914
02/08/2019 19:00,1.575349447,0.517792323
02/08/2019 20:00,1.583864506,0.520591088
02/08/2019 21:00,1.647687997,0.541568855
02/08/2019 22:00,1.75,0.575197184
02/08/2019 23:00,1.717152587,0.564400762
02/09/2019 00:00,1.75,0.575197184
02/09/2019 01:00,1.75,0.575197184
02/09/2019 02:00,1.689641062,0.555358161
02/09/2019 03:00,1.507744849,0.495571767
02/09/2019 04:00,1.286449657,0.422835554
02/09/2019 05:00,1.075248392,0.353417056
02/09/2019 06:00,0.99441736,0.32684918
02/09/2019 07:00,1.046016529,0.343809007
02/09/2019 08:00,1.180207002,0.387915282
02/09/2019 09:00,1.417962607,0.46606177
02/09/2019 10:00,1.75,0.575197184
02/09/2019 11:00,1.75,0.575197184
02/09/2019 12:00,1.75,0.575197184
02/09/2019 13:00,1.75,0.575197184
02/09/2019 14:00,1.75,0.575197184
02/09/2019 15:00,1.75,0.575197184
02/09/2019 16:00,1.75,0.575197184
02/09/2019 17:00,1.75,0.575197184
02/09/2019 18:00,1.75,0.575197184
02/09/2019 19:00,1.75,0.575197184
02/09/2019 20:00,1.75,0.575197184
02/09/2019 21:00,1.75,0.575197184
02/09/2019 22:00,1.75,0.575197184
02/09/2019 23:00,1.75,0.575197184
02/10/2019 00:00,1.75,0.575197184
02/10/2019 01:00,1.624103458,0.533816992
02/10/2019 02:00,1.50476372,0.494591917
02/10/2019 03:00,1.366785267,0.449240593
02/10/2019 04:00,1.275201132,0.419138343
02/10/2019 05:00,1.161922854,0.381905573
02/10/2019 06:00,1.052333003,0.345885131
02/10/2019 07:00,0.816644947,0.268418214
02/10/2019 08:00,0.499066841,0.164035338
02/10/2019 09:00,0.172843626,0.056810953
02/10/2019 10:00,0,0
02/10/2019 11:00,0,0
02/10/2019 12:00,0.063321151,0.020812656
02/10/2019 13:00,0.417468589,0.13721529
02/10/2019 14:00,0.835690532,0.274678195
02/10/2019 15:00,1.191295926,0.391560036
02/10/2019 16:00,1.470087963,0.483194547
02/10/2019 17:00,1.570277301,0.516125189
02/10/2019 18:00,1.536580706,0.505049654
02/10/2019 19:00,1.459552336,0.479731653
02/10/2019 20:00,1.330792026,0.437410186
02/10/2019 21:00,1.205259385,0.396149603
02/10/2019 22:00,1.151317715,0.378419833
02/10/2019 23:00,1.088471163,0.35776317
02/11/2019 00:00,1.025181477,0.336960856
02/11/2019 01:00,0.927322744,0.304796246
02/11/2019 02:00,0.766195614,0.25183632
02/11/2019 03:00,0.610309561,0.200599052
02/11/2019 04:00,0.595900406,0.195862992
02/11/2019 05:00,0.648996324,0.213314776
02/11/2019 06:00,0.66125275,0.217343269
02/11/2019 07:00,0.528263409,0.173631786
02/11/2019 08:00,0.43895928,0.144278938
02/11/2019 09:00,0.420592344,0.138242018
02/11/2019 10:00,0.156467586,0.051428408
02/11/2019 11:00,0,0
02/11/2019 12:00,0,0
02/11/2019 13:00,0,0
02/11/2019 14:00,0,0
02/11/2019 15:00,0,0
02/11/2019 16:00,0,0
02/11/2019 17:00,0.163483456,0.053734413
02/11/2019 18:00,0.360500506,0.118490786
02/11/2019 19:00,0.449621097,0.147783308
02/11/2019 20:00,0.637865921,0.20965639
02/11/2019 21:00,0.96004698,0.315552182
02/11/2019 22:00,1.297581646,0.426494462
02/11/2019 23:00,1.327364815,0.436283717
02/12/2019 00:00,1.219036306,0.400677857
02/12/2019 01:00,1.188752776,0.390724142
02/12/2019 02:00,1.156584656,0.380150993
02/12/2019 03:00,1.161165527,0.381656652
02/12/2019 04:00,1.305380704,0.429057889
02/12/2019 05:00,1.414406754,0.464893018
02/12/2019 06:00,1.599432553,0.525708058
02/12/2019 07:00,1.692800438,0.556396597
02/12/2019 08:00,1.691267551,0.555892762
02/12/2019 09:00,1.710581542,0.562240964
02/12/2019 10:00,1.75,0.575197184
02/12/2019 11:00,1.75,0.575197184
02/12/2019 12:00,1.75,0.575197184
02/12/2019 13:00,1.75,0.575197184
02/12/2019 14:00,1.75,0.575197184
02/12/2019 15:00,1.75,0.575197184
02/12/2019 16:00,1.75,0.575197184
02/12/2019 17:00,1.75,0.575197184
02/12/2019 18:00,1.75,0.575197184
02/12/2019 19:00,1.75,0.575197184
02/12/2019 20:00,1.75,0.575197184
02/12/2019 21:00,1.75,0.575197184
02/12/2019 22:00,1.75,0.575197184
02/12/2019 23:00,1.75,0.575197184
2/13/2019 0:00,1.75,0.575197184
2/13/2019 1:00,1.49639431,0.491841025
2/13/2019 2:00,1.1404245,0.374839406
2/13/2019 3:00,0.828426877,0.272290747
2/13/2019 4:00,0.720203774,0.236719533
2/13/2019 5:00,0.882557016,0.290082463
2/13/2019 6:00,1.024461092,0.336724077
2/13/2019 7:00,1.127428837,0.370567939
2/13/2019 8:00,1.187826116,0.390419564
2/13/2019 9:00,1.200908281,0.394719464
2/13/2019 10:00,1.297397086,0.4264338
2/13/2019 11:00,1.320531963,0.434037867
2/13/2019 12:00,1.38903696,0.45655437
2/13/2019 13:00,1.381924541,0.454216631
2/13/2019 14:00,1.362940164,0.447976768
2/13/2019 15:00,1.392598202,0.457724894
2/13/2019 16:00,1.372120072,0.450994058
2/13/2019 17:00,1.418554386,0.466256279
2/13/2019 18:00,1.619703873,0.532370918
2/13/2019 19:00,1.724660221,0.566868401
2/13/2019 20:00,1.75,0.575197184
2/13/2019 21:00,1.75,0.575197184
2/13/2019 22:00,1.75,0.575197184
2/13/2019 23:00,1.75,0.575197184
2/14/2019 0:00,1.75,0.575197184
2/14/2019 1:00,1.75,0.575197184
2/14/2019 2:00,1.75,0.575197184
2/14/2019 3:00,1.75,0.575197184
2/14/2019 4:00,1.75,0.575197184
2/14/2019 5:00,1.627120179,0.53480854
2/14/2019 6:00,1.409218716,0.463187793
2/14/2019 7:00,1.15357755,0.379162605
2/14/2019 8:00,0.952092311,0.312937609
2/14/2019 9:00,0.801978223,0.263597494
2/14/2019 10:00,0.721071072,0.2370046
2/14/2019 11:00,0.727439905,0.239097934
2/14/2019 12:00,0.853749607,0.280613926
2/14/2019 13:00,1.012140872,0.332674617
2/14/2019 14:00,1.19723448,0.393511944
2/14/2019 15:00,1.215075835,0.399376113
2/14/2019 16:00,0.994660456,0.326929082
2/14/2019 17:00,0.817244358,0.268615231
2/14/2019 18:00,0.736236854,0.241989352
2/14/2019 19:00,0.550141334,0.180822712
2/14/2019 20:00,0.520746159,0.171160985
2/14/2019 21:00,0.595949937,0.195879272
2/14/2019 22:00,0.616897889,0.202764531
2/14/2019 23:00,0.573611112,0.188536855
2/15/2019 0:00,0.471712509,0.155044404
2/15/2019 1:00,0.395675801,0.130052346
2/15/2019 2:00,0.320530707,0.105353349
2/15/2019 3:00,0.31932305,0.104956411
2/15/2019 4:00,0.313241621,0.102957542
2/15/2019 5:00,0.383986601,0.126210292
2/15/2019 6:00,0.516422199,0.169739768
2/15/2019 7:00,0.723409707,0.237773272
2/15/2019 8:00,0.893431493,0.293656731
2/15/2019 9:00,1.004470189,0.330153385
2/15/2019 10:00,0.973796534,0.320071442
2/15/2019 11:00,1.124477265,0.369597804
2/15/2019 12:00,1.226504632,0.403132578
2/15/2019 13:00,1.185891659,0.389783739
2/15/2019 14:00,1.165467354,0.383070594
2/15/2019 15:00,1.238036702,0.406922986
2/15/2019 16:00,1.429062658,0.469710181
2/15/2019 17:00,1.668197394,0.548309968
2/15/2019 18:00,1.696883298,0.557738569
2/15/2019 19:00,1.573685489,0.517245407
2/15/2019 20:00,1.333808243,0.438401569
2/15/2019 21:00,0.942902063,0.309916921
2/15/2019 22:00,0.396111465,0.130195542
2/15/2019 23:00,0,0
2/16/2019 0:00,0,0
2/16/2019 1:00,0,0
2/16/2019 2:00,0,0
2/16/2019 3:00,0.24905978,0.081861991
2/16/2019 4:00,0.331796719,0.109056308
2/16/2019 5:00,0.193539223,0.063613266
2/16/2019 6:00,0,0
2/16/2019 7:00,0,0
2/16/2019 8:00,0,0
2/16/2019 9:00,0.168962104,0.055535158
2/16/2019 10:00,0.516583322,0.169792727
2/16/2019 11:00,0.588502377,0.193431377
2/16/2019 12:00,0.582353017,0.19141018
2/16/2019 13:00,0.45488883,0.149514728
2/16/2019 14:00,0.306203633,0.100644267
2/16/2019 15:00,0.235864673,0.077524969
2/16/2019 16:00,0.108273701,0.035587844
2/16/2019 17:00,0.032277647,0.010609149
2/16/2019 18:00,0.228330333,0.075048551
2/16/2019 19:00,0.448811393,0.147517171
2/16/2019 20:00,0.614193743,0.201875721
2/16/2019 21:00,0.73102965,0.240277826
2/16/2019 22:00,0.871104791,0.286318299
2/16/2019 23:00,0.850317795,0.279485943
2/17/2019 0:00,0.837725423,0.275347031
2/17/2019 1:00,0.874130521,0.287312808
2/17/2019 2:00,1.001942795,0.329322671
2/17/2019 3:00,0.936478072,0.307805457
2/17/2019 4:00,1.063370967,0.349513135
2/17/2019 5:00,1.237804196,0.406846565
2/17/2019 6:00,1.377781132,0.452854759
2/17/2019 7:00,1.518532293,0.499117428
2/17/2019 8:00,1.539654157,0.506059849
2/17/2019 9:00,1.548762119,0.509053491
2/17/2019 10:00,1.376517036,0.45243927
2/17/2019 11:00,1.558468663,0.512243878
2/17/2019 12:00,1.700973361,0.559082907
2/17/2019 13:00,1.75,0.575197184
2/17/2019 14:00,1.75,0.575197184
2/17/2019 15:00,1.75,0.575197184
2/17/2019 16:00,1.629579428,0.535616856
2/17/2019 17:00,1.24286827,0.408511045
2/17/2019 18:00,1.067877851,0.350994476
2/17/2019 19:00,1.035786196,0.340446459
2/17/2019 20:00,1.054454672,0.34658249
2/17/2019 21:00,1.186042547,0.389833333
2/17/2019 22:00,1.431806635,0.470612083
2/17/2019 23:00,1.470164535,0.483219715
2/18/2019 0:00,1.484914048,0.488067645
2/18/2019 1:00,1.383292473,0.454666249
2/18/2019 2:00,1.247740987,0.41011263
2/18/2019 3:00,1.257178227,0.413214501
2/18/2019 4:00,1.347463473,0.442889826
2/18/2019 5:00,1.348689054,0.443292655
2/18/2019 6:00,1.261626551,0.414676594
2/18/2019 7:00,1.282078655,0.421398876
2/18/2019 8:00,1.424493764,0.468208458
2/18/2019 9:00,1.538899324,0.505811747
2/18/2019 10:00,1.630675605,0.535977152
2/18/2019 11:00,1.748690734,0.574766849
2/18/2019 12:00,1.726349983,0.567423799
2/18/2019 13:00,1.741854751,0.57251997
2/18/2019 14:00,1.75,0.575197184
2/18/2019 15:00,1.75,0.575197184
2/18/2019 16:00,1.676107616,0.550909932
2/18/2019 17:00,1.634372887,0.53719239
2/18/2019 18:00,1.556481438,0.511590709
2/18/2019 19:00,1.400825504,0.460429077
2/18/2019 20:00,1.25558113,0.41268956
2/18/2019 21:00,1.382688124,0.454467609
2/18/2019 22:00,1.438141925,0.472694392
2/18/2019 23:00,1.634403502,0.537202453
2/19/2019 0:00,1.75,0.575197184
2/19/2019 1:00,1.75,0.575197184
2/19/2019 2:00,1.75,0.575197184
2/19/2019 3:00,1.685251704,0.553915448
2/19/2019 4:00,1.392638396,0.457738105
2/19/2019 5:00,1.237282176,0.406674985
2/19/2019 6:00,1.125535407,0.369945598
2/19/2019 7:00,1.000140704,0.328730352
2/19/2019 8:00,0.829997913,0.272807121
2/19/2019 9:00,0.684162908,0.224873473
2/19/2019 10:00,0.646626346,0.212535802
2/19/2019 11:00,0.461125413,0.151564594
2/19/2019 12:00,0.224182155,0.073685111
2/19/2019 13:00,0,0
2/19/2019 14:00,0,0
2/19/2019 15:00,0,0
2/19/2019 16:00,0,0
2/19/2019 17:00,0,0
2/19/2019 18:00,0,0
2/19/2019 19:00,0.108806214,0.035762873
2/19/2019 20:00,0.371627403,0.12214802
2/19/2019 21:00,0.631150066,0.207448995
2/19/2019 22:00,0.917606351,0.301602622
2/19/2019 23:00,1.130936978,0.371721009
2/20/2019 0:00,1.299562845,0.427145651
2/20/2019 1:00,1.368411971,0.449775264
2/20/2019 2:00,1.365450764,0.448801962
2/20/2019 3:00,1.446755473,0.475525528
2/20/2019 4:00,1.44203948,0.473975456
2/20/2019 5:00,1.334458774,0.438615388
2/20/2019 6:00,1.211556095,0.398219231
2/20/2019 7:00,1.145254786,0.376427045
2/20/2019 8:00,1.159146388,0.380992993
2/20/2019 9:00,1.166788298,0.383504768
2/20/2019 10:00,1.254129769,0.412212521
2/20/2019 11:00,1.378975615,0.453247366
2/20/2019 12:00,1.340197137,0.440501497
2/20/2019 13:00,1.337446159,0.439597294
2/20/2019 14:00,1.369333295,0.450078089
2/20/2019 15:00,1.428715257,0.469595996
2/20/2019 16:00,1.456519732,0.478734885
2/20/2019 17:00,1.499076255,0.492722538
2/20/2019 18:00,1.497788446,0.492299255
2/20/2019 19:00,1.38662727,0.455762344
2/20/2019 20:00,1.2889723,0.423664707
2/20/2019 21:00,1.265161034,0.415838322
2/20/2019 22:00,1.037217496,0.340916904
2/20/2019 23:00,1.049096712,0.344821414
2/21/2019 0:00,0.908357098,0.29856254
2/21/2019 1:00,0.64379432,0.21160496
2/21/2019 2:00,0.418262887,0.137476363
2/21/2019 3:00,0.372333707,0.122380171
2/21/2019 4:00,0.355877719,0.11697135
2/21/2019 5:00,0.529474258,0.174029773
2/21/2019 6:00,0.756321226,0.248590765
2/21/2019 7:00,0.832634027,0.27367357
2/21/2019 8:00,0.803908881,0.264232071
2/21/2019 9:00,0.742691022,0.244110734
2/21/2019 10:00,0.678843354,0.22312502
2/21/2019 11:00,0.61321227,0.201553126
2/21/2019 12:00,0.590550894,0.194104692
2/21/2019 13:00,0.527881008,0.173506097
2/21/2019 14:00,0.38847462,0.127685433
2/21/2019 15:00,0.266683819,0.087654732
2/21/2019 16:00,0.243382217,0.079995866
2/21/2019 17:00,0.337505355,0.110932646
2/21/2019 18:00,0.552699868,0.181663661
2/21/2019 19:00,0.70549424,0.231884743
2/21/2019 20:00,0.696004614,0.228765654
2/21/2019 21:00,0.616642061,0.202680444
2/21/2019 22:00,0.491659689,0.161600725
2/21/2019 23:00,0.426600804,0.140216903
2/22/2019 0:00,0.353301729,0.116124663
2/22/2019 1:00,0.201019778,0.066072006
2/22/2019 2:00,0.348401552,0.114514052
2/22/2019 3:00,0.603202315,0.198263013
2/22/2019 4:00,0.726987294,0.238949168
2/22/2019 5:00,0.682150217,0.224211934
2/22/2019 6:00,0.881451609,0.289719134
2/22/2019 7:00,1.145575926,0.376532598
2/22/2019 8:00,1.176959677,0.386847938
2/22/2019 9:00,1.105738631,0.363438713
2/22/2019 10:00,1.031088104,0.338902271
2/22/2019 11:00,1.240191533,0.407631244
2/22/2019 12:00,1.316537738,0.432725028
2/22/2019 13:00,1.289687347,0.423899732
2/22/2019 14:00,1.248343461,0.410310653
2/22/2019 15:00,1.153086121,0.37900108
2/22/2019 16:00,1.155688355,0.379856393
2/22/2019 17:00,1.081549859,0.355488248
2/22/2019 18:00,1.127282845,0.370519953
2/22/2019 19:00,1.362908211,0.447966266
2/22/2019 20:00,1.548250706,0.508885398
2/22/2019 21:00,1.669287868,0.548668389
2/22/2019 22:00,1.75,0.575197184
2/22/2019 23:00,1.75,0.575197184
2/23/2019 0:00,1.75,0.575197184
2/23/2019 1:00,1.75,0.575197184
2/23/2019 2:00,1.75,0.575197184
2/23/2019 3:00,1.75,0.575197184
2/23/2019 4:00,1.75,0.575197184
2/23/2019 5:00,1.75,0.575197184
2/23/2019 6:00,1.75,0.575197184
2/23/2019 7:00,1.75,0.575197184
2/23/2019 8:00,1.75,0.575197184
2/23/2019 9:00,1.75,0.575197184
2/23/2019 10:00,1.75,0.575197184
2/23/2019 11:00,1.707620476,0.561267708
2/23/2019 12:00,1.585825341,0.521235583
2/23/2019 13:00,1.456760768,0.478814109
2/23/2019 14:00,1.332344411,0.437920431
2/23/2019 15:00,1.208769145,0.397303205
2/23/2019 16:00,1.130387366,0.37154036
2/23/2019 17:00,1.100447438,0.361699581
2/23/2019 18:00,1.141409928,0.375163301
2/23/2019 19:00,1.320341417,0.433975237
2/23/2019 20:00,1.394435498,0.458328784
2/23/2019 21:00,1.486832017,0.488698051
2/23/2019 22:00,1.330121335,0.437189741
2/23/2019 23:00,1.23081939,0.40455077
2/24/2019 0:00,1.127024072,0.370434899
2/24/2019 1:00,1.004748942,0.330245007
2/24/2019 2:00,0.9293135,0.305450576
2/24/2019 3:00,0.828836586,0.272425412
2/24/2019 4:00,0.805083029,0.264617995
2/24/2019 5:00,0.59361,0.195110172
2/24/2019 6:00,0.429738682,0.141248274
2/24/2019 7:00,0.287930988,0.094638339
2/24/2019 8:00,0.028223875,0.009276739
2/24/2019 9:00,0.084314311,0.027712774
2/24/2019 10:00,0.408372212,0.134225455
2/24/2019 11:00,0.654178584,0.215018103
2/24/2019 12:00,0.929433331,0.305489963
2/24/2019 13:00,1.227124305,0.403336254
2/24/2019 14:00,1.370951549,0.450609983
2/24/2019 15:00,1.328228207,0.4365675
2/24/2019 16:00,1.288121904,0.423385195
2/24/2019 17:00,1.236193317,0.406317094
2/24/2019 18:00,1.195896961,0.393072323
2/24/2019 19:00,1.137212231,0.373783585
2/24/2019 20:00,1.063850871,0.349670872
2/24/2019 21:00,0.94243374,0.309762991
2/24/2019 22:00,0.408902302,0.134399687
2/24/2019 23:00,0.193759953,0.063685817
2/25/2019 0:00,0.230293692,0.075693876
2/25/2019 1:00,0.203963128,0.067039438
2/25/2019 2:00,0.282441795,0.092834129
2/25/2019 3:00,0.380403158,0.125032471
2/25/2019 4:00,0.455901081,0.149847439
2/25/2019 5:00,0.535708959,0.17607902
2/25/2019 6:00,0.576810491,0.18958844
2/25/2019 7:00,0.399746107,0.131390191
2/25/2019 8:00,0.167470294,0.055044824
2/25/2019 9:00,0,0
2/25/2019 10:00,0,0
2/25/2019 11:00,0,0
2/25/2019 12:00,0,0
2/25/2019 13:00,0,0
2/25/2019 14:00,0.074202989,0.024389343
2/25/2019 15:00,0.169652871,0.055762202
2/25/2019 16:00,0.427804838,0.14061265
2/25/2019 17:00,0.851258998,0.279795302
2/25/2019 18:00,1.26443455,0.415599539
2/25/2019 19:00,1.408823293,0.463057823
2/25/2019 20:00,1.50281471,0.493951308
2/25/2019 21:00,1.401694807,0.460714803
2/25/2019 22:00,1.246569368,0.409727537
2/25/2019 23:00,1.19523404,0.392854431
2/26/2019 0:00,1.068378512,0.351159035
2/26/2019 1:00,0.958208738,0.314947981
2/26/2019 2:00,0.891211027,0.292926899
2/26/2019 3:00,0.973857435,0.32009146
2/26/2019 4:00,1.157322175,0.380393403
2/26/2019 5:00,1.389731469,0.456782644
2/26/2019 6:00,1.42959071,0.469883743
2/26/2019 7:00,1.35204603,0.444396039
2/26/2019 8:00,1.276435024,0.419543904
2/26/2019 9:00,1.117350473,0.36725534
2/26/2019 10:00,0.956961965,0.314538187
2/26/2019 11:00,0.807523703,0.265420206
2/26/2019 12:00,0.709506714,0.233203579
2/26/2019 13:00,0.540835823,0.177764139
2/26/2019 14:00,0.429382954,0.141131352
2/26/2019 15:00,0.319035747,0.104861979
2/26/2019 16:00,0.146547221,0.048167742
2/26/2019 17:00,0,0
2/26/2019 18:00,0,0
2/26/2019 19:00,0,0
2/26/2019 20:00,0,0
2/26/2019 21:00,0,0
2/26/2019 22:00,0.001911339,0.000628227
2/26/2019 23:00,0.00366261,0.001203842
2/27/2019 0:00,0,0
2/27/2019 1:00,0,0
2/27/2019 2:00,0,0
2/27/2019 3:00,0,0
2/27/2019 4:00,0,0
2/27/2019 5:00,0,0
2/27/2019 6:00,0,0
2/27/2019 7:00,0,0
2/27/2019 8:00,0,0
2/27/2019 9:00,0,0
2/27/2019 10:00,0,0
2/27/2019 11:00,0,0
2/27/2019 12:00,0,0
2/27/2019 13:00,0,0
2/27/2019 14:00,0.011859107,0.0038979
2/27/2019 15:00,0.05895447,0.019377397
2/27/2019 16:00,0,0
2/27/2019 17:00,0,0
2/27/2019 18:00,0,0
2/27/2019 19:00,0,0
2/27/2019 20:00,0,0
2/27/2019 21:00,0,0
2/27/2019 22:00,0,0
2/27/2019 23:00,0,0
2/28/2019 0:00,0.022185115,0.007291895
2/28/2019 1:00,0,0
2/28/2019 2:00,0,0
2/28/2019 3:00,0.00078267,0.000257251
2/28/2019 4:00,0.064059407,0.021055309
2/28/2019 5:00,0.084616661,0.027812151
2/28/2019 6:00,0.093759694,0.030817321
2/28/2019 7:00,0.098464499,0.032363716
2/28/2019 8:00,0.085525139,0.028110754
2/28/2019 9:00,0.05850904,0.019230992
2/28/2019 10:00,0.140667348,0.046235121
2/28/2019 11:00,0.08865223,0.029138579
2/28/2019 12:00,0,0
2/28/2019 13:00,0,0
2/28/2019 14:00,0,0
2/28/2019 15:00,0,0
2/28/2019 16:00,0,0
2/28/2019 17:00,0,0
2/28/2019 18:00,0,0
2/28/2019 19:00,0,0
2/28/2019 20:00,0,0
2/28/2019 21:00,0,0
2/28/2019 22:00,0.003484539,0.001145313
2/28/2019 23:00,0.01293108,0.004250241
03/01/2019 00:00,0.043703939,0.01436479
03/01/2019 01:00,0.040132168,0.013190806
03/01/2019 02:00,0,0
03/01/2019 03:00,0,0
03/01/2019 04:00,0,0
03/01/2019 05:00,0,0
03/01/2019 06:00,0.099242609,0.032619468
03/01/2019 07:00,0.356284081,0.117104914
03/01/2019 08:00,0.5959131,0.195867164
03/01/2019 09:00,0.705054472,0.231740198
03/01/2019 10:00,0.701261134,0.230493388
03/01/2019 11:00,0.75191655,0.247143018
03/01/2019 12:00,0.807654758,0.265463281
03/01/2019 13:00,0.778034977,0.25572773
03/01/2019 14:00,0.802045966,0.263619761
03/01/2019 15:00,0.805808215,0.264856352
03/01/2019 16:00,0.773553196,0.25425464
03/01/2019 17:00,0.711439041,0.233838704
03/01/2019 18:00,0.676385192,0.222317062
03/01/2019 19:00,0.621452746,0.20426164
03/01/2019 20:00,0.650642405,0.213855817
03/01/2019 21:00,0.631252663,0.207482717
03/01/2019 22:00,0.481092816,0.158127562
03/01/2019 23:00,0.489706927,0.160958883
03/02/2019 00:00,0.441737724,0.145192169
03/02/2019 01:00,0.45841879,0.15067497
03/02/2019 02:00,0.339588284,0.111617271
03/02/2019 03:00,0.43532375,0.143083997
03/02/2019 04:00,0.452867048,0.1488502
03/02/2019 05:00,0.429177438,0.141063802
03/02/2019 06:00,0.381835891,0.125503388
03/02/2019 07:00,0.378907715,0.124540943
03/02/2019 08:00,0.419605863,0.137917778
03/02/2019 09:00,0.491880097,0.161673169
03/02/2019 10:00,0.29580901,0.09722772
03/02/2019 11:00,0.311654086,0.102435744
03/02/2019 12:00,0.407418452,0.133911969
03/02/2019 13:00,0.537869531,0.176789166
03/02/2019 14:00,1.063014833,0.349396079
03/02/2019 15:00,1.591150275,0.522985804
03/02/2019 16:00,1.688870521,0.555104896
03/02/2019 17:00,1.75,0.575197184
03/02/2019 18:00,1.75,0.575197184
03/02/2019 19:00,1.585803852,0.52122852
03/02/2019 20:00,1.421975526,0.467380753
03/02/2019 21:00,1.059246454,0.348157473
03/02/2019 22:00,0.958256235,0.314963593
03/02/2019 23:00,1.31131572,0.431008634
03/03/2019 00:00,1.530817417,0.503155353
03/03/2019 01:00,1.624236507,0.533860723
03/03/2019 02:00,1.574797809,0.517611009
03/03/2019 03:00,1.655802431,0.54423594
03/03/2019 04:00,1.71407305,0.563388567
03/03/2019 05:00,1.75,0.575197184
03/03/2019 06:00,1.75,0.575197184
03/03/2019 07:00,1.75,0.575197184
03/03/2019 08:00,1.75,0.575197184
03/03/2019 09:00,1.75,0.575197184
03/03/2019 10:00,1.75,0.575197184
03/03/2019 11:00,1.75,0.575197184
03/03/2019 12:00,1.75,0.575197184
03/03/2019 13:00,1.75,0.575197184
03/03/2019 14:00,1.75,0.575197184
03/03/2019 15:00,1.658294712,0.545055114
03/03/2019 16:00,1.254241261,0.412249166
03/03/2019 17:00,0.883107079,0.29026326
03/03/2019 18:00,0.697824225,0.229363731
03/03/2019 19:00,0.563416489,0.185186044
03/03/2019 20:00,0.497705537,0.163587899
03/03/2019 21:00,0.468879483,0.154113233
03/03/2019 22:00,0.406969907,0.13376454
03/03/2019 23:00,0.325788464,0.10708149
03/04/2019 00:00,0.264850519,0.087052156
03/04/2019 01:00,0.245026423,0.080536291
03/04/2019 02:00,0.26956434,0.088601514
03/04/2019 03:00,0.278889424,0.091666521
03/04/2019 04:00,0.311777573,0.102476333
03/04/2019 05:00,0.402028082,0.13214024
03/04/2019 06:00,0.503708777,0.165561069
03/04/2019 07:00,0.598879659,0.196842225
03/04/2019 08:00,0.666982495,0.219226544
03/04/2019 09:00,0.733059988,0.240945166
03/04/2019 10:00,0.845281086,0.277830457
03/04/2019 11:00,0.858931119,0.282317006
03/04/2019 12:00,0.86497,0.28430189
03/04/2019 13:00,0.838502231,0.275602356
03/04/2019 14:00,0.863372732,0.283776894
03/04/2019 15:00,1.015918767,0.333916351
03/04/2019 16:00,1.205263285,0.396150884
03/04/2019 17:00,1.407107067,0.462493727
03/04/2019 18:00,1.470581819,0.483356869
03/04/2019 19:00,1.394420274,0.45832378
03/04/2019 20:00,1.290131827,0.424045825
03/04/2019 21:00,1.172706153,0.385449873
03/04/2019 22:00,1.007178647,0.331043612
03/04/2019 23:00,0.815723329,0.268115292
03/05/2019 00:00,0.760947164,0.250111238
03/05/2019 01:00,0.780041026,0.256387087
03/05/2019 02:00,0.733414221,0.241061597
03/05/2019 03:00,0.609834891,0.200443035
03/05/2019 04:00,0.410312208,0.134863101
03/05/2019 05:00,0.246383487,0.080982336
03/05/2019 06:00,0.10915043,0.035876012
03/05/2019 07:00,0,0
03/05/2019 08:00,0,0
03/05/2019 09:00,0,0
03/05/2019 10:00,0,0
03/05/2019 11:00,0,0
03/05/2019 12:00,0,0
03/05/2019 13:00,0,0
03/05/2019 14:00,0,0
03/05/2019 15:00,0,0
03/05/2019 16:00,0.009651443,0.003172276
03/05/2019 17:00,0.087591244,0.02878985
03/05/2019 18:00,0.139002936,0.045688056
03/05/2019 19:00,0.178847305,0.058784266
03/05/2019 20:00,0.225362522,0.074073079
03/05/2019 21:00,0.253170175,0.083213012
03/05/2019 22:00,0.37237018,0.122392159
03/05/2019 23:00,0.375477147,0.12341337
03/06/2019 00:00,0.430189981,0.141396609
03/06/2019 01:00,0.42110504,0.138410533
03/06/2019 02:00,0.486135849,0.159785127
03/06/2019 03:00,0.544348703,0.178918766
03/06/2019 04:00,0.510608894,0.167829027
03/06/2019 05:00,0.468709209,0.154057267
03/06/2019 06:00,0.520528182,0.17108934
03/06/2019 07:00,0.628124628,0.206454581
03/06/2019 08:00,0.736003434,0.24191263
03/06/2019 09:00,0.824930802,0.271141643
03/06/2019 10:00,0.74250205,0.244048622
03/06/2019 11:00,0.924674909,0.303925945
03/06/2019 12:00,1.111674212,0.365389644
03/06/2019 13:00,1.196531132,0.393280764
03/06/2019 14:00,1.315294746,0.432316477
03/06/2019 15:00,1.419466769,0.466556165
03/06/2019 16:00,1.433836007,0.471279105
03/06/2019 17:00,1.466260841,0.481936632
03/06/2019 18:00,1.543257939,0.507244355
03/06/2019 19:00,1.640930367,0.539347729
03/06/2019 20:00,1.660495324,0.54577842
03/06/2019 21:00,1.578717829,0.518899457
03/06/2019 22:00,1.361079962,0.447365349
03/06/2019 23:00,1.57968016,0.51921576
03/07/2019 00:00,1.641127065,0.539412381
03/07/2019 01:00,1.572842275,0.516968256
03/07/2019 02:00,1.501712434,0.493589008
03/07/2019 03:00,1.53202516,0.503552319
03/07/2019 04:00,1.551687682,0.510015077
03/07/2019 05:00,1.644047262,0.540372203
03/07/2019 06:00,1.75,0.575197184
03/07/2019 07:00,1.75,0.575197184
03/07/2019 08:00,1.75,0.575197184
03/07/2019 09:00,1.75,0.575197184
03/07/2019 10:00,1.75,0.575197184
03/07/2019 11:00,1.75,0.575197184
03/07/2019 12:00,1.75,0.575197184
03/07/2019 13:00,1.75,0.575197184
03/07/2019 14:00,1.75,0.575197184
03/07/2019 15:00,1.75,0.575197184
03/07/2019 16:00,1.75,0.575197184
03/07/2019 17:00,1.75,0.575197184
03/07/2019 18:00,1.743250892,0.57297886
03/07/2019 19:00,1.623192524,0.533517582
03/07/2019 20:00,1.376293507,0.4523658
03/07/2019 21:00,1.129261562,0.371170326
03/07/2019 22:00,0.96936455,0.31861472
03/07/2019 23:00,0.856416965,0.281490644
03/08/2019 00:00,0.754481665,0.247986131
03/08/2019 01:00,0.576439241,0.189466416
03/08/2019 02:00,0.442130718,0.14532134
03/08/2019 03:00,0.289364527,0.095109521
03/08/2019 04:00,0.18075394,0.059410947
03/08/2019 05:00,0.031430151,0.010330591
03/08/2019 06:00,0,0
03/08/2019 07:00,0,0
03/08/2019 08:00,0,0
03/08/2019 09:00,0.006066807,0.001994063
03/08/2019 10:00,0.411523741,0.135261313
03/08/2019 11:00,0.733730021,0.241165395
03/08/2019 12:00,0.863856136,0.283935781
03/08/2019 13:00,0.89833008,0.295266819
03/08/2019 14:00,1.003568711,0.329857084
03/08/2019 15:00,1.001799211,0.329275477
03/08/2019 16:00,0.907143686,0.298163711
03/08/2019 17:00,0.720618885,0.236855973
03/08/2019 18:00,0.575119355,0.189032591
03/08/2019 19:00,0.574238307,0.188743004
03/08/2019 20:00,0.736401559,0.242043487
03/08/2019 21:00,0.715819439,0.235278472
03/08/2019 22:00,0.90313054,0.296844653
03/08/2019 23:00,0.974737686,0.320380784
03/09/2019 00:00,1.75,0.575197184
03/09/2019 01:00,1.75,0.575197184
03/09/2019 02:00,1.75,0.575197184
03/09/2019 03:00,1.75,0.575197184
03/09/2019 04:00,1.75,0.575197184
03/09/2019 05:00,1.75,0.575197184
03/09/2019 06:00,1.75,0.575197184
03/09/2019 07:00,1.75,0.575197184
03/09/2019 08:00,1.75,0.575197184
03/09/2019 09:00,1.75,0.575197184
03/09/2019 10:00,1.75,0.575197184
03/09/2019 11:00,1.75,0.575197184
03/09/2019 12:00,1.75,0.575197184
03/09/2019 13:00,1.75,0.575197184
03/09/2019 14:00,1.75,0.575197184
03/09/2019 15:00,1.75,0.575197184
03/09/2019 16:00,1.75,0.575197184
03/09/2019 17:00,1.75,0.575197184
03/09/2019 18:00,1.75,0.575197184
03/09/2019 19:00,1.626910935,0.534739765
03/09/2019 20:00,1.395950223,0.45882665
03/09/2019 21:00,1.343591535,0.441617182
03/09/2019 22:00,1.127827278,0.3706989
03/09/2019 23:00,1.125010363,0.369773025
03/10/2019 00:00,0.887228728,0.291617981
03/10/2019 01:00,1.017013502,0.334276173
03/10/2019 02:00,1.184468277,0.389315896
03/10/2019 03:00,0.914062884,0.300437941
03/10/2019 04:00,0.51894817,0.170570015
03/10/2019 05:00,0.34573186,0.113636567
03/10/2019 06:00,0.206536945,0.067885411
03/10/2019 07:00,0.09906237,0.032560226
03/10/2019 08:00,0.076121487,0.025019923
03/10/2019 09:00,0.003395827,0.001116154
03/10/2019 10:00,0,0
03/10/2019 11:00,0,0
03/10/2019 12:00,0,0
03/10/2019 13:00,0.117217385,0.038527491
03/10/2019 14:00,0.170451107,0.056024569
03/10/2019 15:00,0.021543823,0.007081112
03/10/2019 16:00,0,0
03/10/2019 17:00,0,0
03/10/2019 18:00,0.031142446,0.010236027
03/10/2019 19:00,0.229472273,0.075423889
03/10/2019 20:00,0.272051377,0.089418964
03/10/2019 21:00,0.337908041,0.111065002
03/10/2019 22:00,0.488231353,0.160473885
03/10/2019 23:00,0.630802982,0.207334914
03/11/2019 00:00,0.539768302,0.177413261
03/11/2019 01:00,0.528450128,0.173693157
03/11/2019 02:00,0.723778134,0.237894368
03/11/2019 03:00,0.924978463,0.304025718
03/11/2019 04:00,0.938482473,0.308464272
03/11/2019 05:00,1.023803743,0.336508017
03/11/2019 06:00,1.206427299,0.396533477
03/11/2019 07:00,1.406973795,0.462449923
03/11/2019 08:00,1.441833103,0.473907623
03/11/2019 09:00,1.519535201,0.499447068
03/11/2019 10:00,1.662012418,0.546277065
03/11/2019 11:00,1.691207762,0.55587311
03/11/2019 12:00,1.698246375,0.55818659
03/11/2019 13:00,1.62926434,0.535513292
03/11/2019 14:00,1.421011723,0.467063967
03/11/2019 15:00,1.242427541,0.408366185
03/11/2019 16:00,1.114316675,0.366258179
03/11/2019 17:00,0.877637134,0.288465376
03/11/2019 18:00,0.852158501,0.280090954
03/11/2019 19:00,1.073338872,0.352789427
03/11/2019 20:00,1.543375162,0.507282884
03/11/2019 21:00,1.75,0.575197184
03/11/2019 22:00,1.75,0.575197184
03/11/2019 23:00,1.75,0.575197184
03/12/2019 00:00,1.75,0.575197184
03/12/2019 01:00,1.75,0.575197184
03/12/2019 02:00,1.75,0.575197184
03/12/2019 03:00,1.75,0.575197184
03/12/2019 04:00,1.69159213,0.555999446
03/12/2019 05:00,1.511055089,0.49665979
03/12/2019 06:00,1.446010033,0.475280514
03/12/2019 07:00,1.483527366,0.487611865
03/12/2019 08:00,1.607232981,0.528271934
03/12/2019 09:00,1.689303624,0.55524725
03/12/2019 10:00,1.725328474,0.567088046
03/12/2019 11:00,1.562156482,0.513456005
03/12/2019 12:00,1.576379079,0.518130747
03/12/2019 13:00,1.621636754,0.533006225
03/12/2019 14:00,1.647462588,0.541494767
03/12/2019 15:00,1.75,0.575197184
03/12/2019 16:00,1.75,0.575197184
03/12/2019 17:00,1.75,0.575197184
03/12/2019 18:00,1.75,0.575197184
03/12/2019 19:00,1.75,0.575197184
03/12/2019 20:00,1.342042124,0.441107915
03/12/2019 21:00,0.802148151,0.263653347
03/12/2019 22:00,0.303378316,0.09971563
03/12/2019 23:00,0,0
3/13/2019 0:00,0.088908461,0.029222798
3/13/2019 1:00,0.526133257,0.172931639
3/13/2019 2:00,0.88370621,0.290460185
3/13/2019 3:00,1.197089574,0.393464315
3/13/2019 4:00,1.440870009,0.47359107
3/13/2019 5:00,1.559789967,0.51267817
3/13/2019 6:00,1.745832592,0.573827423
3/13/2019 7:00,1.665645719,0.547471273
3/13/2019 8:00,1.377538445,0.452774991
3/13/2019 9:00,1.232390812,0.405067271
3/13/2019 10:00,1.188841578,0.39075333
3/13/2019 11:00,1.133779327,0.372655244
3/13/2019 12:00,1.171833869,0.385163167
3/13/2019 13:00,1.28399227,0.42202785
3/13/2019 14:00,1.342886427,0.441385424
3/13/2019 15:00,1.397162606,0.459225141
3/13/2019 16:00,1.347137305,0.44278262
3/13/2019 17:00,1.222409816,0.401786677
3/13/2019 18:00,1.076750692,0.353910838
3/13/2019 19:00,0.91728021,0.301495425
3/13/2019 20:00,0.827550452,0.27200268
3/13/2019 21:00,0.73241277,0.240732436
3/13/2019 22:00,0.374568822,0.123114818
3/13/2019 23:00,0.279477152,0.091859698
3/14/2019 0:00,0.508603787,0.167169981
3/14/2019 1:00,0.427389856,0.140476252
3/14/2019 2:00,0.207206218,0.06810539
3/14/2019 3:00,0.692961232,0.227765343
3/14/2019 4:00,0.719030056,0.236333751
3/14/2019 5:00,0.663265511,0.218004831
3/14/2019 6:00,0.55523389,0.182496554
3/14/2019 7:00,0.513213689,0.168685182
3/14/2019 8:00,0.381915809,0.125529656
3/14/2019 9:00,0.37237999,0.122395384
3/14/2019 10:00,0.764610352,0.25131527
3/14/2019 11:00,1.050299563,0.345216772
3/14/2019 12:00,1.192776411,0.392046647
3/14/2019 13:00,1.237207537,0.406650452
3/14/2019 14:00,1.192545986,0.39197091
3/14/2019 15:00,1.158984761,0.380939869
3/14/2019 16:00,1.085725473,0.356860706
3/14/2019 17:00,1.083349222,0.35607967
3/14/2019 18:00,1.081246322,0.35538848
3/14/2019 19:00,1.179935492,0.387826041
3/14/2019 20:00,1.217233011,0.400085143
3/14/2019 21:00,1.401090244,0.460516093
3/14/2019 22:00,1.541480197,0.506660039
3/14/2019 23:00,1.637896282,0.538350474
3/15/2019 0:00,1.75,0.575197184
3/15/2019 1:00,1.745173671,0.573610847
3/15/2019 2:00,1.420027727,0.466740543
3/15/2019 3:00,1.18762375,0.390353049
3/15/2019 4:00,1.020037032,0.335269959
3/15/2019 5:00,1.065786549,0.350307098
3/15/2019 6:00,1.064754257,0.3499678
3/15/2019 7:00,1.106826236,0.363796191
3/15/2019 8:00,1.265826482,0.416057045
3/15/2019 9:00,1.449809965,0.476529491
3/15/2019 10:00,1.75,0.575197184
3/15/2019 11:00,1.75,0.575197184
3/15/2019 12:00,1.75,0.575197184
3/15/2019 13:00,1.75,0.575197184
3/15/2019 14:00,1.75,0.575197184
3/15/2019 15:00,1.75,0.575197184
3/15/2019 16:00,1.75,0.575197184
3/15/2019 17:00,1.75,0.575197184
3/15/2019 18:00,1.75,0.575197184
3/15/2019 19:00,1.75,0.575197184
3/15/2019 20:00,1.75,0.575197184
3/15/2019 21:00,1.75,0.575197184
3/15/2019 22:00,1.75,0.575197184
3/15/2019 23:00,1.75,0.575197184
3/16/2019 0:00,1.75,0.575197184
3/16/2019 1:00,1.675165824,0.55060038
3/16/2019 2:00,1.569240939,0.515784554
3/16/2019 3:00,1.438727511,0.472886865
3/16/2019 4:00,1.262468933,0.414953471
3/16/2019 5:00,1.038187034,0.341235576
3/16/2019 6:00,0.784948017,0.257999937
3/16/2019 7:00,0.531824975,0.174802416
3/16/2019 8:00,0.350842624,0.115316394
3/16/2019 9:00,0.254368735,0.08360696
3/16/2019 10:00,0.201266147,0.066152983
3/16/2019 11:00,0.019493408,0.006407173
3/16/2019 12:00,0,0
3/16/2019 13:00,0,0
3/16/2019 14:00,0,0
3/16/2019 15:00,0,0
3/16/2019 16:00,0,0
3/16/2019 17:00,0,0
3/16/2019 18:00,0.014979943,0.004923669
3/16/2019 19:00,0.160535638,0.052765512
3/16/2019 20:00,0.269396176,0.088546241
3/16/2019 21:00,0.337350642,0.110881794
3/16/2019 22:00,0.309697514,0.10179265
3/16/2019 23:00,0.419900901,0.138014752
3/17/2019 0:00,0.550430067,0.180917614
3/17/2019 1:00,0.670262414,0.220304602
3/17/2019 2:00,0.726886874,0.238916162
3/17/2019 3:00,0.829833644,0.272753129
3/17/2019 4:00,1.033873678,0.339817845
3/17/2019 5:00,1.008887626,0.331605326
3/17/2019 6:00,0.991752775,0.325973373
3/17/2019 7:00,1.146577672,0.376861856
3/17/2019 8:00,1.476682036,0.485361914
3/17/2019 9:00,1.730089896,0.568653049
3/17/2019 10:00,1.75,0.575197184
3/17/2019 11:00,1.75,0.575197184
3/17/2019 12:00,1.75,0.575197184
3/17/2019 13:00,1.75,0.575197184
3/17/2019 14:00,1.75,0.575197184
3/17/2019 15:00,1.75,0.575197184
3/17/2019 16:00,1.75,0.575197184
3/17/2019 17:00,1.75,0.575197184
3/17/2019 18:00,1.75,0.575197184
3/17/2019 19:00,1.671523257,0.549403126
3/17/2019 20:00,1.573713497,0.517254612
3/17/2019 21:00,1.404209825,0.46154145
3/17/2019 22:00,1.369836517,0.45024349
3/17/2019 23:00,1.162162997,0.381984505
3/18/2019 0:00,0.96570611,0.317412249
3/18/2019 1:00,0.794988866,0.261300204
3/18/2019 2:00,0.631312039,0.207502233
3/18/2019 3:00,0.456302119,0.149979254
3/18/2019 4:00,0.271849243,0.089352525
3/18/2019 5:00,0.108868037,0.035783193
3/18/2019 6:00,0,0
3/18/2019 7:00,0,0
3/18/2019 8:00,0,0
3/18/2019 9:00,0,0
3/18/2019 10:00,0,0
3/18/2019 11:00,0,0
3/18/2019 12:00,0,0
3/18/2019 13:00,0,0
3/18/2019 14:00,0,0
3/18/2019 15:00,0,0
3/18/2019 16:00,0,0
3/18/2019 17:00,0.008543427,0.002808088
3/18/2019 18:00,0.208560546,0.068550536
3/18/2019 19:00,0.374726239,0.123166558
3/18/2019 20:00,0.553790325,0.182022077
3/18/2019 21:00,0.672237658,0.220953833
3/18/2019 22:00,0.825505917,0.271330674
3/18/2019 23:00,0.79104918,0.260005292
3/19/2019 0:00,0.735984908,0.241906541
3/19/2019 1:00,0.704749688,0.231640021
3/19/2019 2:00,0.694454772,0.228256245
3/19/2019 3:00,0.697390208,0.229221077
3/19/2019 4:00,0.768388623,0.252557127
3/19/2019 5:00,0.85964032,0.28255011
3/19/2019 6:00,0.941519976,0.309462651
3/19/2019 7:00,0.957063565,0.314571581
3/19/2019 8:00,0.96156729,0.316051884
3/19/2019 9:00,1.031909614,0.339172288
3/19/2019 10:00,1.048282754,0.344553879
3/19/2019 11:00,1.082103818,0.355670325
3/19/2019 12:00,1.212701452,0.398595692
3/19/2019 13:00,1.43462385,0.471538056
3/19/2019 14:00,1.721109606,0.565701371
3/19/2019 15:00,1.75,0.575197184
3/19/2019 16:00,1.75,0.575197184
3/19/2019 17:00,1.75,0.575197184
3/19/2019 18:00,1.75,0.575197184
3/19/2019 19:00,1.75,0.575197184
3/19/2019 20:00,1.654695017,0.543871951
3/19/2019 21:00,1.649336999,0.542110855
3/19/2019 22:00,1.575301441,0.517776545
3/19/2019 23:00,1.644602317,0.540554641
3/20/2019 0:00,1.645858879,0.540967653
3/20/2019 1:00,1.720457538,0.565487046
3/20/2019 2:00,1.666748665,0.547833794
3/20/2019 3:00,1.552377108,0.510241681
3/20/2019 4:00,1.494296643,0.491151555
3/20/2019 5:00,1.468812683,0.482775382
3/20/2019 6:00,1.329984559,0.437144785
3/20/2019 7:00,1.153358477,0.379090599
3/20/2019 8:00,1.082691446,0.355863469
3/20/2019 9:00,1.082345744,0.355749842
3/20/2019 10:00,1.135355486,0.373173302
3/20/2019 11:00,1.045488842,0.343635565
3/20/2019 12:00,1.020990025,0.335583193
3/20/2019 13:00,0.879422052,0.28905205
3/20/2019 14:00,0.902408832,0.29660744
3/20/2019 15:00,1.163740294,0.382502937
3/20/2019 16:00,1.645837261,0.540960547
3/20/2019 17:00,1.75,0.575197184
3/20/2019 18:00,1.75,0.575197184
3/20/2019 19:00,1.75,0.575197184
3/20/2019 20:00,1.75,0.575197184
3/20/2019 21:00,1.75,0.575197184
3/20/2019 22:00,1.75,0.575197184
3/20/2019 23:00,1.75,0.575197184
3/21/2019 0:00,1.75,0.575197184
3/21/2019 1:00,1.5461092,0.508181519
3/21/2019 2:00,1.000049471,0.328700366
3/21/2019 3:00,0.645888188,0.212293181
3/21/2019 4:00,0.492643234,0.161924
3/21/2019 5:00,0.602507281,0.198034567
3/21/2019 6:00,0.760945104,0.250110561
3/21/2019 7:00,0.828526342,0.272323439
3/21/2019 8:00,0.7796234,0.25624982
3/21/2019 9:00,0.568150046,0.186741889
3/21/2019 10:00,0.335317454,0.110213517
3/21/2019 11:00,0.287786974,0.094591004
3/21/2019 12:00,0.40905493,0.134449854
3/21/2019 13:00,0.369740732,0.121527902
3/21/2019 14:00,0.337184403,0.110827154
3/21/2019 15:00,0.207310869,0.068139787
3/21/2019 16:00,0,0
3/21/2019 17:00,0,0
3/21/2019 18:00,0.091057613,0.02992919
3/21/2019 19:00,0.360963287,0.118642895
3/21/2019 20:00,0.984436125,0.323568507
3/21/2019 21:00,1.660322326,0.545721558
3/21/2019 22:00,1.75,0.575197184
3/21/2019 23:00,1.703366339,0.559869441
3/22/2019 0:00,1.573207175,0.517088193
3/22/2019 1:00,1.56118098,0.513135373
3/22/2019 2:00,1.522704041,0.500488615
3/22/2019 3:00,1.493424554,0.490864913
3/22/2019 4:00,1.566151987,0.514769265
3/22/2019 5:00,1.727375498,0.56776087
3/22/2019 6:00,1.75,0.575197184
3/22/2019 7:00,1.75,0.575197184
3/22/2019 8:00,1.75,0.575197184
3/22/2019 9:00,1.75,0.575197184
3/22/2019 10:00,1.75,0.575197184
3/22/2019 11:00,1.75,0.575197184
3/22/2019 12:00,1.75,0.575197184
3/22/2019 13:00,1.75,0.575197184
3/22/2019 14:00,1.75,0.575197184
3/22/2019 15:00,1.75,0.575197184
3/22/2019 16:00,1.75,0.575197184
3/22/2019 17:00,1.75,0.575197184
3/22/2019 18:00,1.75,0.575197184
3/22/2019 19:00,1.75,0.575197184
3/22/2019 20:00,1.75,0.575197184
3/22/2019 21:00,1.75,0.575197184
3/22/2019 22:00,1.75,0.575197184
3/22/2019 23:00,1.75,0.575197184
3/23/2019 0:00,1.75,0.575197184
3/23/2019 1:00,1.75,0.575197184
3/23/2019 2:00,1.75,0.575197184
3/23/2019 3:00,1.75,0.575197184
3/23/2019 4:00,1.75,0.575197184
3/23/2019 5:00,1.75,0.575197184
3/23/2019 6:00,1.75,0.575197184
3/23/2019 7:00,1.75,0.575197184
3/23/2019 8:00,1.75,0.575197184
3/23/2019 9:00,1.75,0.575197184
3/23/2019 10:00,1.75,0.575197184
3/23/2019 11:00,1.75,0.575197184
3/23/2019 12:00,1.75,0.575197184
3/23/2019 13:00,1.75,0.575197184
3/23/2019 14:00,1.75,0.575197184
3/23/2019 15:00,1.75,0.575197184
3/23/2019 16:00,1.75,0.575197184
3/23/2019 17:00,1.75,0.575197184
3/23/2019 18:00,1.75,0.575197184
3/23/2019 19:00,1.75,0.575197184
3/23/2019 20:00,1.75,0.575197184
3/23/2019 21:00,1.75,0.575197184
3/23/2019 22:00,1.708599184,0.561589394
3/23/2019 23:00,1.75,0.575197184
3/24/2019 0:00,1.75,0.575197184
3/24/2019 1:00,1.75,0.575197184
3/24/2019 2:00,1.75,0.575197184
3/24/2019 3:00,1.75,0.575197184
3/24/2019 4:00,1.75,0.575197184
3/24/2019 5:00,1.75,0.575197184
3/24/2019 6:00,1.75,0.575197184
3/24/2019 7:00,1.75,0.575197184
3/24/2019 8:00,1.75,0.575197184
3/24/2019 9:00,1.75,0.575197184
3/24/2019 10:00,1.75,0.575197184
3/24/2019 11:00,1.75,0.575197184
3/24/2019 12:00,1.75,0.575197184
3/24/2019 13:00,1.75,0.575197184
3/24/2019 14:00,1.75,0.575197184
3/24/2019 15:00,1.75,0.575197184
3/24/2019 16:00,1.75,0.575197184
3/24/2019 17:00,1.75,0.575197184
3/24/2019 18:00,1.75,0.575197184
3/24/2019 19:00,1.75,0.575197184
3/24/2019 20:00,1.75,0.575197184
3/24/2019 21:00,1.75,0.575197184
3/24/2019 22:00,1.75,0.575197184
3/24/2019 23:00,1.75,0.575197184
3/25/2019 0:00,1.75,0.575197184
3/25/2019 1:00,1.75,0.575197184
3/25/2019 2:00,1.673627268,0.550094681
3/25/2019 3:00,1.591598285,0.523133058
3/25/2019 4:00,1.490743823,0.489983799
3/25/2019 5:00,1.463456165,0.48101478
3/25/2019 6:00,1.372273585,0.451044515
3/25/2019 7:00,1.17444882,0.386022659
3/25/2019 8:00,0.99197626,0.326046829
3/25/2019 9:00,0.84586081,0.278021003
3/25/2019 10:00,0.787538698,0.258851452
3/25/2019 11:00,0.766993054,0.252098426
3/25/2019 12:00,0.905445752,0.297605627
3/25/2019 13:00,0.938362743,0.308424918
3/25/2019 14:00,0.936006544,0.307650473
3/25/2019 15:00,0.996490076,0.327530449
3/25/2019 16:00,0.801120772,0.263315664
3/25/2019 17:00,0.73633064,0.242020178
3/25/2019 18:00,0.869658206,0.285842829
3/25/2019 19:00,0.886575482,0.291403269
3/25/2019 20:00,0.947299431,0.311362266
3/25/2019 21:00,1.085979147,0.356944084
3/25/2019 22:00,1.04070168,0.3420621
3/25/2019 23:00,1.066329284,0.350485486
3/26/2019 0:00,1.178044759,0.387204587
3/26/2019 1:00,1.315101078,0.432252821
3/26/2019 2:00,1.462831815,0.480809566
3/26/2019 3:00,1.637773283,0.538310046
3/26/2019 4:00,1.749840567,0.575144781
3/26/2019 5:00,1.75,0.575197184
3/26/2019 6:00,1.75,0.575197184
3/26/2019 7:00,1.75,0.575197184
3/26/2019 8:00,1.75,0.575197184
3/26/2019 9:00,1.75,0.575197184
3/26/2019 10:00,1.75,0.575197184
3/26/2019 11:00,1.75,0.575197184
3/26/2019 12:00,1.75,0.575197184
3/26/2019 13:00,1.75,0.575197184
3/26/2019 14:00,1.75,0.575197184
3/26/2019 15:00,1.75,0.575197184
3/26/2019 16:00,1.75,0.575197184
3/26/2019 17:00,1.75,0.575197184
3/26/2019 18:00,1.75,0.575197184
3/26/2019 19:00,1.75,0.575197184
3/26/2019 20:00,1.75,0.575197184
3/26/2019 21:00,1.710773965,0.56230421
3/26/2019 22:00,1.75,0.575197184
3/26/2019 23:00,1.75,0.575197184
3/27/2019 0:00,1.75,0.575197184
3/27/2019 1:00,1.746699221,0.574112271
3/27/2019 2:00,1.703288603,0.55984389
3/27/2019 3:00,1.712909188,0.563006024
3/27/2019 4:00,1.75,0.575197184
3/27/2019 5:00,1.75,0.575197184
3/27/2019 6:00,1.75,0.575197184
3/27/2019 7:00,1.75,0.575197184
3/27/2019 8:00,1.75,0.575197184
3/27/2019 9:00,1.748441443,0.574684911
3/27/2019 10:00,1.709366986,0.561841758
3/27/2019 11:00,1.65436834,0.543764578
3/27/2019 12:00,1.75,0.575197184
3/27/2019 13:00,1.75,0.575197184
3/27/2019 14:00,1.75,0.575197184
3/27/2019 15:00,1.75,0.575197184
3/27/2019 16:00,1.75,0.575197184
3/27/2019 17:00,1.75,0.575197184
3/27/2019 18:00,1.75,0.575197184
3/27/2019 19:00,1.75,0.575197184
3/27/2019 20:00,1.75,0.575197184
3/27/2019 21:00,1.75,0.575197184
3/27/2019 22:00,1.75,0.575197184
3/27/2019 23:00,1.75,0.575197184
3/28/2019 0:00,1.75,0.575197184
3/28/2019 1:00,1.75,0.575197184
3/28/2019 2:00,1.75,0.575197184
3/28/2019 3:00,1.75,0.575197184
3/28/2019 4:00,1.75,0.575197184
3/28/2019 5:00,1.75,0.575197184
3/28/2019 6:00,1.75,0.575197184
3/28/2019 7:00,1.75,0.575197184
3/28/2019 8:00,1.75,0.575197184
3/28/2019 9:00,1.75,0.575197184
3/28/2019 10:00,1.75,0.575197184
3/28/2019 11:00,1.75,0.575197184
3/28/2019 12:00,1.75,0.575197184
3/28/2019 13:00,1.75,0.575197184
3/28/2019 14:00,1.75,0.575197184
3/28/2019 15:00,1.75,0.575197184
3/28/2019 16:00,1.75,0.575197184
3/28/2019 17:00,1.75,0.575197184
3/28/2019 18:00,1.75,0.575197184
3/28/2019 19:00,1.75,0.575197184
3/28/2019 20:00,1.75,0.575197184
3/28/2019 21:00,1.75,0.575197184
3/28/2019 22:00,1.75,0.575197184
3/28/2019 23:00,1.75,0.575197184
3/29/2019 0:00,1.75,0.575197184
3/29/2019 1:00,1.75,0.575197184
3/29/2019 2:00,1.75,0.575197184
3/29/2019 3:00,1.75,0.575197184
3/29/2019 4:00,1.75,0.575197184
3/29/2019 5:00,1.75,0.575197184
3/29/2019 6:00,1.75,0.575197184
3/29/2019 7:00,1.75,0.575197184
3/29/2019 8:00,1.75,0.575197184
3/29/2019 9:00,1.75,0.575197184
3/29/2019 10:00,1.75,0.575197184
3/29/2019 11:00,1.405149474,0.461850297
3/29/2019 12:00,1.131551027,0.371922837
3/29/2019 13:00,0.916612439,0.301275939
3/29/2019 14:00,0.781286353,0.256796406
3/29/2019 15:00,0.648453578,0.213136384
3/29/2019 16:00,0.623543787,0.204948932
3/29/2019 17:00,0.588657729,0.193482439
3/29/2019 18:00,0.511971666,0.168276949
3/29/2019 19:00,0.479726744,0.157678555
3/29/2019 20:00,0.554579144,0.18228135
3/29/2019 21:00,0.651590299,0.214167374
3/29/2019 22:00,0.716481144,0.235495964
3/29/2019 23:00,0.803994767,0.2642603
3/30/2019 0:00,0.842489309,0.276912845
3/30/2019 1:00,0.87381585,0.287209381
3/30/2019 2:00,0.986628249,0.324289023
3/30/2019 3:00,1.033419717,0.339668635
3/30/2019 4:00,1.106516315,0.363694325
3/30/2019 5:00,1.162899199,0.382226483
3/30/2019 6:00,1.230646083,0.404493807
3/30/2019 7:00,1.295882209,0.425935884
3/30/2019 8:00,1.403452395,0.461292495
3/30/2019 9:00,1.549200228,0.509197491
3/30/2019 10:00,1.75,0.575197184
3/30/2019 11:00,1.75,0.575197184
3/30/2019 12:00,1.75,0.575197184
3/30/2019 13:00,1.75,0.575197184
3/30/2019 14:00,1.75,0.575197184
3/30/2019 15:00,1.75,0.575197184
3/30/2019 16:00,1.719361429,0.565126773
3/30/2019 17:00,1.33736799,0.439571601
3/30/2019 18:00,1.000169551,0.328739834
3/30/2019 19:00,0.794091376,0.261005213
3/30/2019 20:00,0.683655297,0.22470663
3/30/2019 21:00,0.59130282,0.194351838
3/30/2019 22:00,0.487770927,0.160322551
3/30/2019 23:00,0.37667652,0.123807585
3/31/2019 0:00,0.267977047,0.088079796
3/31/2019 1:00,0.21957234,0.072169938
3/31/2019 2:00,0.214263627,0.070425049
3/31/2019 3:00,0.090776215,0.029836699
3/31/2019 4:00,0,0
3/31/2019 5:00,0,0
3/31/2019 6:00,0,0
3/31/2019 7:00,0,0
3/31/2019 8:00,0,0
3/31/2019 9:00,0,0
3/31/2019 10:00,0.298978605,0.098269515
3/31/2019 11:00,0.43884349,0.14424088
3/31/2019 12:00,0.545842915,0.17940989
3/31/2019 13:00,0.570895179,0.187644171
3/31/2019 14:00,0.565570472,0.185894025
3/31/2019 15:00,0.550863583,0.181060104
3/31/2019 16:00,0.52906952,0.173896742
3/31/2019 17:00,0.476387822,0.156581105
3/31/2019 18:00,0.446874549,0.146880561
3/31/2019 19:00,0.449968664,0.147897548
3/31/2019 20:00,0.54434517,0.178917605
3/31/2019 21:00,0.600203972,0.197277505
3/31/2019 22:00,0.674957157,0.221847689
3/31/2019 23:00,0.618091729,0.203156927
04/01/2019 00:00,0.519379531,0.170711796
04/01/2019 01:00,0.442038631,0.145291072
04/01/2019 02:00,0.442536118,0.145454588
04/01/2019 03:00,0.482857329,0.158707529
04/01/2019 04:00,0.548368974,0.180240165
04/01/2019 05:00,0.660684934,0.217156636
04/01/2019 06:00,0.816173197,0.268263157
04/01/2019 07:00,0.965269226,0.317268652
04/01/2019 08:00,1.059749196,0.348322716
04/01/2019 09:00,1.111149987,0.365217339
04/01/2019 10:00,1.102513165,0.362378553
04/01/2019 11:00,1.110109506,0.36487535
04/01/2019 12:00,1.19564543,0.392989648
04/01/2019 13:00,1.333059435,0.438155448
04/01/2019 14:00,1.355682113,0.445591162
04/01/2019 15:00,1.297228129,0.426378267
04/01/2019 16:00,1.260916709,0.41444328
04/01/2019 17:00,1.246825569,0.409811747
04/01/2019 18:00,1.274353639,0.418859785
04/01/2019 19:00,1.343593316,0.441617767
04/01/2019 20:00,1.448922443,0.476237777
04/01/2019 21:00,1.480112976,0.486489609
04/01/2019 22:00,1.129167841,0.371139521
04/01/2019 23:00,0.880827431,0.289513976
04/02/2019 00:00,0.550256244,0.180860481
04/02/2019 01:00,0.307468944,0.101060155
04/02/2019 02:00,0.204130145,0.067094334
04/02/2019 03:00,0.213161753,0.07006288
04/02/2019 04:00,0.274896984,0.090354269
04/02/2019 05:00,0.183332748,0.06025856
04/02/2019 06:00,0,0
04/02/2019 07:00,0,0
04/02/2019 08:00,0,0
04/02/2019 09:00,0,0
04/02/2019 10:00,0,0
04/02/2019 11:00,0,0
04/02/2019 12:00,0,0
04/02/2019 13:00,0.212284062,0.069774397
04/02/2019 14:00,0.462481465,0.152010306
04/02/2019 15:00,0.822143088,0.270225365
04/02/2019 16:00,1.171740848,0.385132592
04/02/2019 17:00,1.419689783,0.466629466
04/02/2019 18:00,1.707820927,0.561333593
04/02/2019 19:00,1.75,0.575197184
04/02/2019 20:00,1.75,0.575197184
04/02/2019 21:00,1.75,0.575197184
04/02/2019 22:00,1.75,0.575197184
04/02/2019 23:00,1.75,0.575197184
04/03/2019 00:00,1.75,0.575197184
04/03/2019 01:00,1.75,0.575197184
04/03/2019 02:00,1.75,0.575197184
04/03/2019 03:00,1.75,0.575197184
04/03/2019 04:00,1.75,0.575197184
04/03/2019 05:00,1.75,0.575197184
04/03/2019 06:00,1.75,0.575197184
04/03/2019 07:00,1.75,0.575197184
04/03/2019 08:00,1.75,0.575197184
04/03/2019 09:00,1.75,0.575197184
04/03/2019 10:00,1.75,0.575197184
04/03/2019 11:00,1.75,0.575197184
04/03/2019 12:00,1.75,0.575197184
04/03/2019 13:00,1.75,0.575197184
04/03/2019 14:00,1.75,0.575197184
04/03/2019 15:00,1.75,0.575197184
04/03/2019 16:00,1.452087102,0.47727795
04/03/2019 17:00,1.124233944,0.369517828
04/03/2019 18:00,0.716556455,0.235520717
04/03/2019 19:00,0.413121566,0.135786492
04/03/2019 20:00,0.206819808,0.067978384
04/03/2019 21:00,0.238604479,0.0784255
04/03/2019 22:00,0.377560711,0.124098205
04/03/2019 23:00,0.582907656,0.191592481
04/04/2019 00:00,0.912374177,0.29988289
04/04/2019 01:00,1.103849737,0.362817863
04/04/2019 02:00,1.333630491,0.438343145
04/04/2019 03:00,1.367817887,0.449579998
04/04/2019 04:00,1.441570853,0.473821426
04/04/2019 05:00,1.494188229,0.491115921
04/04/2019 06:00,1.589108273,0.522314631
04/04/2019 07:00,1.712340275,0.562819031
04/04/2019 08:00,1.724615037,0.56685355
04/04/2019 09:00,1.74415495,0.573276009
04/04/2019 10:00,1.75,0.575197184
04/04/2019 11:00,1.445150799,0.474998097
04/04/2019 12:00,1.434405068,0.471466146
04/04/2019 13:00,1.438207722,0.472716018
04/04/2019 14:00,1.290797945,0.424264768
04/04/2019 15:00,1.117605771,0.367339253
04/04/2019 16:00,0.948193207,0.311656036
04/04/2019 17:00,0.770374099,0.253209722
04/04/2019 18:00,0.581303882,0.191065346
04/04/2019 19:00,0.529277995,0.173965264
04/04/2019 20:00,0.427972619,0.140667797
04/04/2019 21:00,0.269013808,0.088420563
04/04/2019 22:00,0.226535125,0.074458495
04/04/2019 23:00,0.350636465,0.115248633
04/05/2019 00:00,0.342558459,0.11259352
04/05/2019 01:00,0.377405528,0.124047198
04/05/2019 02:00,0.368519115,0.121126376
04/05/2019 03:00,0.412088059,0.135446795
04/05/2019 04:00,0.451940942,0.148545804
04/05/2019 05:00,0.475856996,0.156406631
04/05/2019 06:00,0.437055885,0.143653322
04/05/2019 07:00,0.369895249,0.121578689
04/05/2019 08:00,0.266207813,0.087498277
04/05/2019 09:00,0.186839566,0.061411196
04/05/2019 10:00,0.193563644,0.063621293
04/05/2019 11:00,0.0443741,0.014585061
04/05/2019 12:00,0,0
04/05/2019 13:00,0,0
04/05/2019 14:00,0,0
04/05/2019 15:00,0,0
04/05/2019 16:00,0,0
04/05/2019 17:00,0,0
04/05/2019 18:00,0,0
04/05/2019 19:00,0,0
04/05/2019 20:00,0,0
04/05/2019 21:00,0,0
04/05/2019 22:00,0,0
04/05/2019 23:00,0,0
04/06/2019 00:00,0,0
04/06/2019 01:00,0,0
04/06/2019 02:00,0,0
04/06/2019 03:00,0.062313388,0.02048142
04/06/2019 04:00,0.097549016,0.032062811
04/06/2019 05:00,0.154285396,0.050711157
04/06/2019 06:00,0.239910831,0.078854877
04/06/2019 07:00,0.354898131,0.116649375
04/06/2019 08:00,0.536203372,0.176241526
04/06/2019 09:00,0.689542514,0.226641664
04/06/2019 10:00,0.798742095,0.262533831
04/06/2019 11:00,0.893211656,0.293584474
04/06/2019 12:00,1.045757795,0.343723965
04/06/2019 13:00,1.038736538,0.34141619
04/06/2019 14:00,1.009033518,0.331653279
04/06/2019 15:00,1.032459659,0.339353079
04/06/2019 16:00,1.106918547,0.363826532
04/06/2019 17:00,1.125674324,0.369991258
04/06/2019 18:00,1.145097872,0.376375469
04/06/2019 19:00,1.153534203,0.379148357
04/06/2019 20:00,1.14614011,0.376718036
04/06/2019 21:00,1.101927044,0.362185904
04/06/2019 22:00,1.2183041,0.400437193
04/06/2019 23:00,1.162142344,0.381977717
04/07/2019 00:00,1.109100288,0.364543636
04/07/2019 01:00,1.142089909,0.3753868
04/07/2019 02:00,1.147053522,0.377018261
04/07/2019 03:00,1.14053425,0.374875479
04/07/2019 04:00,1.114658057,0.366370386
04/07/2019 05:00,1.128763382,0.371006582
04/07/2019 06:00,1.160555548,0.381456162
04/07/2019 07:00,1.145832399,0.376616897
04/07/2019 08:00,1.116132054,0.366854865
04/07/2019 09:00,1.098101616,0.360928547
04/07/2019 10:00,1.08996796,0.358255144
04/07/2019 11:00,1.056129369,0.347132937
04/07/2019 12:00,1.050250826,0.345200753
04/07/2019 13:00,1.132742045,0.372314306
04/07/2019 14:00,1.147640877,0.377211315
04/07/2019 15:00,1.1652833,0.383010099
04/07/2019 16:00,1.151476569,0.378472046
04/07/2019 17:00,1.121767301,0.368707081
04/07/2019 18:00,1.140159775,0.374752396
04/07/2019 19:00,1.1462875,0.376766481
04/07/2019 20:00,1.156160329,0.380011523
04/07/2019 21:00,1.167411194,0.383709504
04/07/2019 22:00,1.24301532,0.408559378
04/07/2019 23:00,1.107584416,0.364045393
04/08/2019 00:00,1.047091316,0.344162272
04/08/2019 01:00,1.07699394,0.353990789
04/08/2019 02:00,1.074090506,0.353036477
04/08/2019 03:00,1.037809095,0.341111354
04/08/2019 04:00,0.999163538,0.328409174
04/08/2019 05:00,0.982195029,0.322831894
04/08/2019 06:00,0.968436769,0.318309773
04/08/2019 07:00,0.899010315,0.295490401
04/08/2019 08:00,0.865212916,0.284381733
04/08/2019 09:00,0.855625661,0.281230555
04/08/2019 10:00,0.755808399,0.248422207
04/08/2019 11:00,0.771627734,0.253621771
04/08/2019 12:00,0.719712743,0.236558139
04/08/2019 13:00,0.626809984,0.206022479
04/08/2019 14:00,0.583607331,0.191822453
04/08/2019 15:00,0.586537942,0.192785699
04/08/2019 16:00,0.576662917,0.189539935
04/08/2019 17:00,0.575911384,0.189292918
04/08/2019 18:00,0.625463643,0.205579958
04/08/2019 19:00,0.662023059,0.217596457
04/08/2019 20:00,0.745718561,0.245105838
04/08/2019 21:00,0.773716068,0.254308173
04/08/2019 22:00,0.750114503,0.246550714
04/08/2019 23:00,0.887519606,0.291713588
04/09/2019 00:00,1.00089045,0.328976782
04/09/2019 01:00,1.024858675,0.336854756
04/09/2019 02:00,1.037219424,0.340917538
04/09/2019 03:00,0.989071839,0.325092192
04/09/2019 04:00,0.899500985,0.295651676
04/09/2019 05:00,0.802687534,0.263830634
04/09/2019 06:00,0.749655157,0.246399734
04/09/2019 07:00,0.668893814,0.219854765
04/09/2019 08:00,0.568565465,0.186878431
04/09/2019 09:00,0.503210438,0.165397273
04/09/2019 10:00,0.65677606,0.215871852
04/09/2019 11:00,0.593933478,0.195216494
04/09/2019 12:00,0.550793756,0.181037153
04/09/2019 13:00,0.477863175,0.15706603
04/09/2019 14:00,0.401000829,0.131802599
04/09/2019 15:00,0.351731633,0.115608597
04/09/2019 16:00,0.313982753,0.10320114
04/09/2019 17:00,0.28196798,0.092678393
04/09/2019 18:00,0.267512221,0.087927015
04/09/2019 19:00,0.298761574,0.09819818
04/09/2019 20:00,0.310057547,0.101910987
04/09/2019 21:00,0.314324093,0.103313333
04/09/2019 22:00,0.441021401,0.144956725
04/09/2019 23:00,0.358989826,0.11799425
04/10/2019 00:00,0.281513503,0.092529014
04/10/2019 01:00,0.178206593,0.058573675
04/10/2019 02:00,0.069270312,0.02276805
04/10/2019 03:00,0,0
04/10/2019 04:00,0,0
04/10/2019 05:00,0,0
04/10/2019 06:00,0.006729276,0.002211806
04/10/2019 07:00,0,0
04/10/2019 08:00,0,0
04/10/2019 09:00,0,0
04/10/2019 10:00,0.068252712,0.022433582
04/10/2019 11:00,0.085512137,0.02810648
04/10/2019 12:00,0.085846051,0.028216233
04/10/2019 13:00,0.042721034,0.014041725
04/10/2019 14:00,0,0
04/10/2019 15:00,0,0
04/10/2019 16:00,0,0
04/10/2019 17:00,0,0
04/10/2019 18:00,0,0
04/10/2019 19:00,0,0
04/10/2019 20:00,0,0
04/10/2019 21:00,0,0
04/10/2019 22:00,0,0
04/10/2019 23:00,0,0
04/11/2019 00:00,0,0
04/11/2019 01:00,0,0
04/11/2019 02:00,0,0
04/11/2019 03:00,0,0
04/11/2019 04:00,0,0
04/11/2019 05:00,0,0
04/11/2019 06:00,0,0
04/11/2019 07:00,0,0
04/11/2019 08:00,0,0
04/11/2019 09:00,0,0
04/11/2019 10:00,0,0
04/11/2019 11:00,0,0
04/11/2019 12:00,0,0
04/11/2019 13:00,0,0
04/11/2019 14:00,0,0
04/11/2019 15:00,0,0
04/11/2019 16:00,0,0
04/11/2019 17:00,0,0
04/11/2019 18:00,0,0
04/11/2019 19:00,0,0
04/11/2019 20:00,0,0
04/11/2019 21:00,0,0
04/11/2019 22:00,0,0
04/11/2019 23:00,0,0
04/12/2019 00:00,0,0
04/12/2019 01:00,0,0
04/12/2019 02:00,0,0
04/12/2019 03:00,0,0
04/12/2019 04:00,0,0
04/12/2019 05:00,0,0
04/12/2019 06:00,0.159559832,0.052444781
04/12/2019 07:00,0.509857412,0.167582027
04/12/2019 08:00,0.858603364,0.282209278
04/12/2019 09:00,1.078809458,0.354587521
04/12/2019 10:00,1.057298086,0.347517075
04/12/2019 11:00,1.098814726,0.361162935
04/12/2019 12:00,1.240214125,0.40763867
04/12/2019 13:00,1.291393456,0.424460502
04/12/2019 14:00,1.327626599,0.436369761
04/12/2019 15:00,1.327969718,0.436482539
04/12/2019 16:00,1.359762433,0.446932299
04/12/2019 17:00,1.424545063,0.468225319
04/12/2019 18:00,1.46482743,0.481465493
04/12/2019 19:00,1.495267043,0.49147051
04/12/2019 20:00,1.497705278,0.492271919
04/12/2019 21:00,1.496360802,0.491830011
04/12/2019 22:00,1.400139075,0.460203459
04/12/2019 23:00,1.356838383,0.44597121
4/13/2019 0:00,1.344567955,0.441938115
4/13/2019 1:00,1.406725715,0.462368383
4/13/2019 2:00,1.464776323,0.481448695
4/13/2019 3:00,1.441298291,0.473731839
4/13/2019 4:00,1.361422428,0.447477913
4/13/2019 5:00,1.279649264,0.420600373
4/13/2019 6:00,1.255431244,0.412640295
4/13/2019 7:00,1.29214107,0.424706231
4/13/2019 8:00,1.293318002,0.42509307
4/13/2019 9:00,1.290655741,0.424218027
4/13/2019 10:00,1.391713131,0.457433985
4/13/2019 11:00,1.449544409,0.476442207
4/13/2019 12:00,1.514507523,0.49779455
4/13/2019 13:00,1.589092241,0.522309361
4/13/2019 14:00,1.610603172,0.529379662
4/13/2019 15:00,1.669574362,0.548762555
4/13/2019 16:00,1.702958668,0.559735446
4/13/2019 17:00,1.696902742,0.557744959
4/13/2019 18:00,1.628102448,0.535131396
4/13/2019 19:00,1.548718536,0.509039166
4/13/2019 20:00,1.478023945,0.485802978
4/13/2019 21:00,1.435067704,0.471683944
4/13/2019 22:00,1.226226513,0.403041164
4/13/2019 23:00,1.25364179,0.41205213
4/14/2019 0:00,1.279959809,0.420702444
4/14/2019 1:00,1.288977078,0.423666277
4/14/2019 2:00,1.320837171,0.434138184
4/14/2019 3:00,1.276036952,0.419413064
4/14/2019 4:00,1.308820663,0.430188549
4/14/2019 5:00,1.463744638,0.481109596
4/14/2019 6:00,1.555305897,0.511204327
4/14/2019 7:00,1.542819271,0.507100172
4/14/2019 8:00,1.53551517,0.50469943
4/14/2019 9:00,1.569235657,0.515782818
4/14/2019 10:00,1.563544762,0.513912311
4/14/2019 11:00,1.470590812,0.483359825
4/14/2019 12:00,1.374644796,0.451823895
4/14/2019 13:00,1.356170287,0.445751617
4/14/2019 14:00,1.347322965,0.442843643
4/14/2019 15:00,1.384905055,0.455196279
4/14/2019 16:00,1.439818226,0.473245365
4/14/2019 17:00,1.429769056,0.469942363
4/14/2019 18:00,1.448022604,0.475942014
4/14/2019 19:00,1.445200334,0.475014378
4/14/2019 20:00,1.461186102,0.480268646
4/14/2019 21:00,1.488202591,0.489148537
4/14/2019 22:00,1.360088227,0.447039382
4/14/2019 23:00,1.355211314,0.445436418
4/15/2019 0:00,1.377342056,0.452710441
4/15/2019 1:00,1.351397169,0.444182769
4/15/2019 2:00,1.325250796,0.435588872
4/15/2019 3:00,1.290650657,0.424216356
4/15/2019 4:00,1.373525352,0.451455951
4/15/2019 5:00,1.396152924,0.458893275
4/15/2019 6:00,1.521204119,0.499995615
4/15/2019 7:00,1.476904014,0.485434874
4/15/2019 8:00,1.540867603,0.506458689
4/15/2019 9:00,1.605745256,0.527782943
4/15/2019 10:00,1.549396707,0.50926207
4/15/2019 11:00,1.710511135,0.562217822
4/15/2019 12:00,1.743909418,0.573195307
4/15/2019 13:00,1.75,0.575197184
4/15/2019 14:00,1.75,0.575197184
4/15/2019 15:00,1.75,0.575197184
4/15/2019 16:00,1.75,0.575197184
4/15/2019 17:00,1.75,0.575197184
4/15/2019 18:00,1.75,0.575197184
4/15/2019 19:00,1.75,0.575197184
4/15/2019 20:00,1.75,0.575197184
4/15/2019 21:00,1.75,0.575197184
4/15/2019 22:00,1.75,0.575197184
4/15/2019 23:00,1.75,0.575197184
4/16/2019 0:00,1.75,0.575197184
4/16/2019 1:00,1.75,0.575197184
4/16/2019 2:00,1.75,0.575197184
4/16/2019 3:00,1.75,0.575197184
4/16/2019 4:00,1.75,0.575197184
4/16/2019 5:00,1.75,0.575197184
4/16/2019 6:00,1.701151251,0.559141377
4/16/2019 7:00,1.659894479,0.545580931
4/16/2019 8:00,1.75,0.575197184
4/16/2019 9:00,1.75,0.575197184
4/16/2019 10:00,1.673489283,0.550049328
4/16/2019 11:00,1.638081202,0.538411254
4/16/2019 12:00,1.582738868,0.520221109
4/16/2019 13:00,1.591572798,0.523124681
4/16/2019 14:00,1.631934179,0.536390825
4/16/2019 15:00,1.636829445,0.537999821
4/16/2019 16:00,1.655216025,0.544043198
4/16/2019 17:00,1.673147216,0.549936895
4/16/2019 18:00,1.687325527,0.554597081
4/16/2019 19:00,1.653447258,0.543461832
4/16/2019 20:00,1.62224858,0.533207323
4/16/2019 21:00,1.577326524,0.518442157
4/16/2019 22:00,1.433892178,0.471297568
4/16/2019 23:00,1.400579367,0.460348176
4/17/2019 0:00,1.353822314,0.444979876
4/17/2019 1:00,1.327575896,0.436353095
4/17/2019 2:00,1.298550955,0.426813059
4/17/2019 3:00,1.285757832,0.422608163
4/17/2019 4:00,1.287297472,0.423114218
4/17/2019 5:00,1.281896214,0.42133891
4/17/2019 6:00,1.299375864,0.427084193
4/17/2019 7:00,1.307617192,0.429792987
4/17/2019 8:00,1.284604115,0.422228954
4/17/2019 9:00,1.239445368,0.407385992
4/17/2019 10:00,1.21794771,0.400320053
4/17/2019 11:00,1.232928698,0.405244066
4/17/2019 12:00,1.210028674,0.397717192
4/17/2019 13:00,1.109423783,0.364649963
4/17/2019 14:00,1.026039599,0.337242907
4/17/2019 15:00,1.002728608,0.329580955
4/17/2019 16:00,1.0227189,0.336151446
4/17/2019 17:00,1.020521037,0.335429044
4/17/2019 18:00,1.063419389,0.34952905
4/17/2019 19:00,1.108486087,0.364341758
4/17/2019 20:00,1.069752785,0.351610737
4/17/2019 21:00,1.107559779,0.364037295
4/17/2019 22:00,0.974558895,0.320322018
4/17/2019 23:00,0.937887901,0.308268846
4/18/2019 0:00,0.926711541,0.304595354
4/18/2019 1:00,0.952615589,0.313109603
4/18/2019 2:00,0.982311432,0.322870154
4/18/2019 3:00,0.981614806,0.322641184
4/18/2019 4:00,0.948813639,0.311859962
4/18/2019 5:00,0.955046607,0.313908639
4/18/2019 6:00,1.018510961,0.334768364
4/18/2019 7:00,1.08542251,0.356761127
4/18/2019 8:00,1.168943281,0.384213076
4/18/2019 9:00,1.259180349,0.413872566
4/18/2019 10:00,1.206021714,0.396400168
4/18/2019 11:00,1.169312399,0.384334399
4/18/2019 12:00,1.194062701,0.39246943
4/18/2019 13:00,1.235608904,0.406125007
4/18/2019 14:00,1.256023564,0.412834981
4/18/2019 15:00,1.286073068,0.422711775
4/18/2019 16:00,1.311274763,0.430995172
4/18/2019 17:00,1.318615474,0.433407947
4/18/2019 18:00,1.331599286,0.43767552
4/18/2019 19:00,1.382683563,0.45446611
4/18/2019 20:00,1.452372293,0.477371687
4/18/2019 21:00,1.50329375,0.494108761
4/18/2019 22:00,1.452144466,0.477296805
4/18/2019 23:00,1.424019571,0.468052599
4/19/2019 0:00,1.395828302,0.458786577
4/19/2019 1:00,1.383156447,0.454621539
4/19/2019 2:00,1.363817488,0.448265131
4/19/2019 3:00,1.352260762,0.444466618
4/19/2019 4:00,1.31637951,0.432673021
4/19/2019 5:00,1.334832616,0.438738264
4/19/2019 6:00,1.390650297,0.457084649
4/19/2019 7:00,1.430197159,0.470083073
4/19/2019 8:00,1.421285893,0.467154082
4/19/2019 9:00,1.421743079,0.467304352
4/19/2019 10:00,1.437291841,0.472414983
4/19/2019 11:00,1.365193981,0.448717562
4/19/2019 12:00,1.279193323,0.420450513
4/19/2019 13:00,1.182227092,0.388579254
4/19/2019 14:00,1.118361594,0.36758768
4/19/2019 15:00,1.083791009,0.356224878
4/19/2019 16:00,1.085982945,0.356945333
4/19/2019 17:00,1.062074457,0.349086992
4/19/2019 18:00,0.986485699,0.324242169
4/19/2019 19:00,0.834544926,0.274301652
4/19/2019 20:00,0.700601601,0.23027661
4/19/2019 21:00,0.616207137,0.202537491
4/19/2019 22:00,0.381378179,0.125352945
4/19/2019 23:00,0.415554744,0.136586239
4/20/2019 0:00,0.500707483,0.164574591
4/20/2019 1:00,0.55598179,0.182742377
4/20/2019 2:00,0.573254981,0.1884198
4/20/2019 3:00,0.631559305,0.207583505
4/20/2019 4:00,0.753305583,0.247599572
4/20/2019 5:00,0.800515162,0.26311661
4/20/2019 6:00,0.87122967,0.286359344
4/20/2019 7:00,0.904933626,0.297437299
4/20/2019 8:00,0.855500814,0.28118952
4/20/2019 9:00,0.768383665,0.252555498
4/20/2019 10:00,0.788393058,0.259132267
4/20/2019 11:00,0.802747822,0.263850449
4/20/2019 12:00,0.812473552,0.267047142
4/20/2019 13:00,0.801689307,0.263502532
4/20/2019 14:00,0.760931491,0.250106086
4/20/2019 15:00,0.606975111,0.199503071
4/20/2019 16:00,0.384920175,0.126517143
4/20/2019 17:00,0.16681006,0.054827815
4/20/2019 18:00,0.00376907,0.001238833
4/20/2019 19:00,0,0
4/20/2019 20:00,0,0
4/20/2019 21:00,0,0
4/20/2019 22:00,0,0
4/20/2019 23:00,0,0
4/21/2019 0:00,0.022457089,0.007381288
4/21/2019 1:00,0.050974378,0.016754468
4/21/2019 2:00,0,0
4/21/2019 3:00,0.027105745,0.008909228
4/21/2019 4:00,0.118740039,0.039027964
4/21/2019 5:00,0,0
4/21/2019 6:00,0,0
4/21/2019 7:00,0,0
4/21/2019 8:00,0,0
4/21/2019 9:00,0,0
4/21/2019 10:00,0,0
4/21/2019 11:00,0.259626631,0.085335147
4/21/2019 12:00,0.391524711,0.128687949
4/21/2019 13:00,0.628962217,0.206729883
4/21/2019 14:00,0.708777029,0.232963744
4/21/2019 15:00,0.687598044,0.226002548
4/21/2019 16:00,0.624502698,0.205264111
4/21/2019 17:00,0.515785924,0.169530635
4/21/2019 18:00,0.531627021,0.174737352
4/21/2019 19:00,0.574131625,0.188707939
4/21/2019 20:00,0.630469819,0.207225408
4/21/2019 21:00,0.702642348,0.230947372
4/21/2019 22:00,0.595185575,0.195628038
4/21/2019 23:00,0.678450994,0.222996058
4/22/2019 0:00,0.929152082,0.305397521
4/22/2019 1:00,1.146676105,0.376894209
4/22/2019 2:00,1.204869573,0.396021478
4/22/2019 3:00,1.205681614,0.396288382
4/22/2019 4:00,1.180257599,0.387931913
4/22/2019 5:00,1.173008549,0.385549265
4/22/2019 6:00,1.178944137,0.387500199
4/22/2019 7:00,1.200614531,0.394622913
4/22/2019 8:00,1.223915213,0.402281477
4/22/2019 9:00,1.25773255,0.413396698
4/22/2019 10:00,1.24681815,0.409809308
4/22/2019 11:00,1.265026998,0.415794267
4/22/2019 12:00,1.229276473,0.404043638
4/22/2019 13:00,1.226504641,0.40313258
4/22/2019 14:00,1.312671066,0.431454115
4/22/2019 15:00,1.403353827,0.461260097
4/22/2019 16:00,1.508639511,0.495865828
4/22/2019 17:00,1.623525102,0.533626895
4/22/2019 18:00,1.683031089,0.553185567
4/22/2019 19:00,1.693568163,0.556648936
4/22/2019 20:00,1.692872148,0.556420167
4/22/2019 21:00,1.62491115,0.534082467
4/22/2019 22:00,1.575456607,0.517827545
4/22/2019 23:00,1.549932773,0.509438267
4/23/2019 0:00,1.529472438,0.50271328
4/23/2019 1:00,1.51524487,0.498036904
4/23/2019 2:00,1.504798557,0.494603367
4/23/2019 3:00,1.511982654,0.496964666
4/23/2019 4:00,1.479812638,0.486390893
4/23/2019 5:00,1.454018803,0.477912869
4/23/2019 6:00,1.527389778,0.502028742
4/23/2019 7:00,1.623633312,0.533662462
4/23/2019 8:00,1.623888178,0.533746233
4/23/2019 9:00,1.718518428,0.564849692
4/23/2019 10:00,1.75,0.575197184
4/23/2019 11:00,1.75,0.575197184
4/23/2019 12:00,1.75,0.575197184
4/23/2019 13:00,1.75,0.575197184
4/23/2019 14:00,1.75,0.575197184
4/23/2019 15:00,1.75,0.575197184
4/23/2019 16:00,1.75,0.575197184
4/23/2019 17:00,1.75,0.575197184
4/23/2019 18:00,1.75,0.575197184
4/23/2019 19:00,1.75,0.575197184
4/23/2019 20:00,1.75,0.575197184
4/23/2019 21:00,1.75,0.575197184
4/23/2019 22:00,1.75,0.575197184
4/23/2019 23:00,1.75,0.575197184
4/24/2019 0:00,1.75,0.575197184
4/24/2019 1:00,1.75,0.575197184
4/24/2019 2:00,1.75,0.575197184
4/24/2019 3:00,1.75,0.575197184
4/24/2019 4:00,1.75,0.575197184
4/24/2019 5:00,1.75,0.575197184
4/24/2019 6:00,1.75,0.575197184
4/24/2019 7:00,1.75,0.575197184
4/24/2019 8:00,1.75,0.575197184
4/24/2019 9:00,1.75,0.575197184
4/24/2019 10:00,1.75,0.575197184
4/24/2019 11:00,1.75,0.575197184
4/24/2019 12:00,1.75,0.575197184
4/24/2019 13:00,1.687596462,0.554686133
4/24/2019 14:00,1.648660327,0.541888444
4/24/2019 15:00,1.630032477,0.535765766
4/24/2019 16:00,1.549310042,0.509233585
4/24/2019 17:00,1.48849024,0.489243083
4/24/2019 18:00,1.520838027,0.499875286
4/24/2019 19:00,1.554627926,0.510981489
4/24/2019 20:00,1.569311222,0.515807655
4/24/2019 21:00,1.557287455,0.511855634
4/24/2019 22:00,1.384019544,0.454905225
4/24/2019 23:00,1.286697946,0.422917163
4/25/2019 0:00,1.225047406,0.40265361
4/25/2019 1:00,1.120183991,0.368186673
4/25/2019 2:00,1.044830419,0.343419151
4/25/2019 3:00,1.110901812,0.365135768
4/25/2019 4:00,1.203137801,0.395452272
4/25/2019 5:00,1.296245267,0.426055216
4/25/2019 6:00,1.269134314,0.417144276
4/25/2019 7:00,1.12554638,0.369949205
4/25/2019 8:00,1.146050794,0.37668868
4/25/2019 9:00,1.290753753,0.424250242
4/25/2019 10:00,1.014610759,0.333486429
4/25/2019 11:00,1.146351397,0.376787483
4/25/2019 12:00,1.182530511,0.388678983
4/25/2019 13:00,1.18400175,0.389162556
4/25/2019 14:00,1.274815788,0.419011687
4/25/2019 15:00,1.352596449,0.444576954
4/25/2019 16:00,1.368270422,0.449728739
4/25/2019 17:00,1.476650802,0.485351648
4/25/2019 18:00,1.407083986,0.462486141
4/25/2019 19:00,1.184575238,0.389351052
4/25/2019 20:00,1.256600819,0.413024716
4/25/2019 21:00,1.346920683,0.442711419
4/25/2019 22:00,1.451292866,0.477016897
4/25/2019 23:00,1.372808336,0.45122028
4/26/2019 0:00,1.291635378,0.424540018
4/26/2019 1:00,1.262195507,0.414863601
4/26/2019 2:00,1.262426985,0.414939684
4/26/2019 3:00,1.331011189,0.437482222
4/26/2019 4:00,1.282173669,0.421430105
4/26/2019 5:00,1.318904279,0.433502873
4/26/2019 6:00,1.271770503,0.41801075
4/26/2019 7:00,1.295190919,0.425708668
4/26/2019 8:00,1.337151395,0.43950041
4/26/2019 9:00,1.306397066,0.429391951
4/26/2019 10:00,1.303245014,0.428355921
4/26/2019 11:00,1.457352646,0.47900865
4/26/2019 12:00,1.509036962,0.495996463
4/26/2019 13:00,1.484830254,0.488040103
4/26/2019 14:00,1.622513744,0.533294478
4/26/2019 15:00,1.74950462,0.57503436
4/26/2019 16:00,1.75,0.575197184
4/26/2019 17:00,1.730321281,0.568729102
4/26/2019 18:00,1.696950354,0.557760609
4/26/2019 19:00,1.734789964,0.570197887
4/26/2019 20:00,1.73663309,0.570803693
4/26/2019 21:00,1.728206017,0.568033848
4/26/2019 22:00,1.668470583,0.548399761
4/26/2019 23:00,1.560850217,0.513026657
4/27/2019 0:00,1.473045725,0.484166716
4/27/2019 1:00,1.390579318,0.457061319
4/27/2019 2:00,1.202308726,0.395179768
4/27/2019 3:00,0.972469152,0.319635153
4/27/2019 4:00,0.954192432,0.313627886
4/27/2019 5:00,1.044435089,0.343289212
4/27/2019 6:00,1.008530083,0.331487808
4/27/2019 7:00,0.879736882,0.28915553
4/27/2019 8:00,0.785943433,0.258327114
4/27/2019 9:00,0.758720265,0.249379291
4/27/2019 10:00,0.634366133,0.208506065
4/27/2019 11:00,0.484158911,0.159135338
4/27/2019 12:00,0.310000103,0.101892107
4/27/2019 13:00,0.36760118,0.120824665
4/27/2019 14:00,0.269435145,0.088559049
4/27/2019 15:00,0.161030727,0.05292824
4/27/2019 16:00,0.297479145,0.097776667
4/27/2019 17:00,0.235432138,0.077382802
4/27/2019 18:00,0.080805226,0.026559394
4/27/2019 19:00,0.00514219,0.001690156
4/27/2019 20:00,0,0
4/27/2019 21:00,0,0
4/27/2019 22:00,0,0
4/27/2019 23:00,0,0
4/28/2019 0:00,0,0
4/28/2019 1:00,0,0
4/28/2019 2:00,0,0
4/28/2019 3:00,0,0
4/28/2019 4:00,0,0
4/28/2019 5:00,0,0
4/28/2019 6:00,0,0
4/28/2019 7:00,0,0
4/28/2019 8:00,0,0
4/28/2019 9:00,0,0
4/28/2019 10:00,0,0
4/28/2019 11:00,0,0
4/28/2019 12:00,0,0
4/28/2019 13:00,0,0
4/28/2019 14:00,0,0
4/28/2019 15:00,0.107476113,0.03532569
4/28/2019 16:00,0.282069044,0.092711611
4/28/2019 17:00,0.380371769,0.125022154
4/28/2019 18:00,0.513473483,0.168770572
4/28/2019 19:00,0.471666278,0.155029209
4/28/2019 20:00,0.425568124,0.139877478
4/28/2019 21:00,0.429513835,0.14117437
4/28/2019 22:00,0.383692712,0.126113696
4/28/2019 23:00,0.398662478,0.13103402
4/29/2019 0:00,0.378642228,0.124453682
4/29/2019 1:00,0.363240741,0.119391458
4/29/2019 2:00,0.363893595,0.119606041
4/29/2019 3:00,0.290503504,0.095483884
4/29/2019 4:00,0.266894889,0.087724108
4/29/2019 5:00,0.440817069,0.144889564
4/29/2019 6:00,0.605466721,0.199007287
4/29/2019 7:00,0.614975588,0.202132701
4/29/2019 8:00,0.609380475,0.200293676
4/29/2019 9:00,0.564598621,0.185574593
4/29/2019 10:00,0.581159745,0.191017971
4/29/2019 11:00,0.53880536,0.177096758
4/29/2019 12:00,0.540680739,0.177713165
4/29/2019 13:00,0.598944432,0.196863515
4/29/2019 14:00,0.630939963,0.207379937
4/29/2019 15:00,0.547080103,0.179816534
4/29/2019 16:00,0.456212071,0.149949656
4/29/2019 17:00,0.493206786,0.162109231
4/29/2019 18:00,0.578259986,0.190064866
4/29/2019 19:00,0.609353099,0.200284678
4/29/2019 20:00,0.604753109,0.198772735
4/29/2019 21:00,0.600477172,0.197367302
4/29/2019 22:00,0.64744676,0.212805459
4/29/2019 23:00,0.589020007,0.193601514
4/30/2019 0:00,0.542198107,0.1782119
4/30/2019 1:00,0.524398959,0.172361603
4/30/2019 2:00,0.507332705,0.166752196
4/30/2019 3:00,0.485446641,0.159558595
4/30/2019 4:00,0.460479724,0.151352366
4/30/2019 5:00,0.414494162,0.136237643
4/30/2019 6:00,0.325700637,0.107052623
4/30/2019 7:00,0.294034681,0.096644526
4/30/2019 8:00,0.23965291,0.078770102
4/30/2019 9:00,0.1496581,0.049190239
4/30/2019 10:00,0.102280352,0.033617926
4/30/2019 11:00,0.024093593,0.007919181
4/30/2019 12:00,0,0
4/30/2019 13:00,0,0
4/30/2019 14:00,0,0
4/30/2019 15:00,0,0
4/30/2019 16:00,0,0
4/30/2019 17:00,0,0
4/30/2019 18:00,0,0
4/30/2019 19:00,0,0
4/30/2019 20:00,0,0
4/30/2019 21:00,0,0
4/30/2019 22:00,0,0
4/30/2019 23:00,0,0
05/01/2019 00:00,0,0
05/01/2019 01:00,0,0
05/01/2019 02:00,0,0
05/01/2019 03:00,0,0
05/01/2019 04:00,0,0
05/01/2019 05:00,0,0
05/01/2019 06:00,0,0
05/01/2019 07:00,0,0
05/01/2019 08:00,0,0
05/01/2019 09:00,0,0
05/01/2019 10:00,0,0
05/01/2019 11:00,0,0
05/01/2019 12:00,0,0
05/01/2019 13:00,0,0
05/01/2019 14:00,0,0
05/01/2019 15:00,0,0
05/01/2019 16:00,0,0
05/01/2019 17:00,0.003458329,0.001136698
05/01/2019 18:00,0.018867982,0.006201606
05/01/2019 19:00,0.00050254,0.000165177
05/01/2019 20:00,0.086692586,0.028494475
05/01/2019 21:00,0.194239381,0.063843397
05/01/2019 22:00,0.300134534,0.098649451
05/01/2019 23:00,0.491966141,0.161701451
05/02/2019 00:00,0.64362217,0.211548377
05/02/2019 01:00,0.696668624,0.228983903
05/02/2019 02:00,0.75187955,0.247130857
05/02/2019 03:00,0.839216723,0.275837198
05/02/2019 04:00,0.822232236,0.270254667
05/02/2019 05:00,0.850509237,0.279548867
05/02/2019 06:00,0.973315051,0.319913186
05/02/2019 07:00,1.010081899,0.331997865
05/02/2019 08:00,1.029740725,0.338459409
05/02/2019 09:00,1.088191269,0.357671174
05/02/2019 10:00,1.149224504,0.377731828
05/02/2019 11:00,1.064736035,0.349961811
05/02/2019 12:00,1.019860129,0.335211814
05/02/2019 13:00,1.016484987,0.334102458
05/02/2019 14:00,1.02691666,0.337531183
05/02/2019 15:00,1.007068267,0.331007332
05/02/2019 16:00,0.977531922,0.321299205
05/02/2019 17:00,0.954967359,0.313882592
05/02/2019 18:00,0.952593037,0.31310219
05/02/2019 19:00,0.939472959,0.308789829
05/02/2019 20:00,0.931150796,0.306054466
05/02/2019 21:00,0.991549793,0.325906657
05/02/2019 22:00,1.124414515,0.369577179
05/02/2019 23:00,1.200145053,0.394468603
05/03/2019 00:00,1.229470836,0.404107522
05/03/2019 01:00,1.36013456,0.447054611
05/03/2019 02:00,1.468227408,0.482583012
05/03/2019 03:00,1.517557062,0.498796885
05/03/2019 04:00,1.597823188,0.525179085
05/03/2019 05:00,1.664961371,0.547246339
05/03/2019 06:00,1.716321406,0.564127565
05/03/2019 07:00,1.75,0.575197184
05/03/2019 08:00,1.75,0.575197184
05/03/2019 09:00,1.75,0.575197184
05/03/2019 10:00,1.725978232,0.567301611
05/03/2019 11:00,1.712959263,0.563022482
05/03/2019 12:00,1.696407624,0.557582222
05/03/2019 13:00,1.592645217,0.523477168
05/03/2019 14:00,1.518476425,0.499099065
05/03/2019 15:00,1.454060326,0.477926517
05/03/2019 16:00,1.388838312,0.456489078
05/03/2019 17:00,1.410725012,0.463682888
05/03/2019 18:00,1.46557793,0.481712171
05/03/2019 19:00,1.534901064,0.504497583
05/03/2019 20:00,1.599052583,0.525583167
05/03/2019 21:00,1.623392982,0.53358347
05/03/2019 22:00,1.69912094,0.558474046
05/03/2019 23:00,1.678078045,0.551557581
05/04/2019 00:00,1.601698335,0.526452784
05/04/2019 01:00,1.545439037,0.507961247
05/04/2019 02:00,1.610053727,0.529199069
05/04/2019 03:00,1.656134768,0.544345174
05/04/2019 04:00,1.661631275,0.546151789
05/04/2019 05:00,1.646555428,0.541196598
05/04/2019 06:00,1.683816502,0.55344372
05/04/2019 07:00,1.66951631,0.548743474
05/04/2019 08:00,1.622295926,0.533222885
05/04/2019 09:00,1.549467275,0.509285265
05/04/2019 10:00,1.568920856,0.515679348
05/04/2019 11:00,1.480990676,0.486778095
05/04/2019 12:00,1.359861985,0.44696502
05/04/2019 13:00,1.253541478,0.412019159
05/04/2019 14:00,1.188880825,0.39076623
05/04/2019 15:00,1.169469417,0.384386009
05/04/2019 16:00,1.16041681,0.381410561
05/04/2019 17:00,1.186322037,0.389925197
05/04/2019 18:00,1.170864091,0.384844416
05/04/2019 19:00,1.17848654,0.387349794
05/04/2019 20:00,1.131180054,0.371800904
05/04/2019 21:00,1.066308687,0.350478717
05/04/2019 22:00,1.201479225,0.394907124
05/04/2019 23:00,1.138689141,0.374269021
05/05/2019 00:00,1.257212279,0.413225693
05/05/2019 01:00,1.409253706,0.463199293
05/05/2019 02:00,1.521176084,0.4999864
05/05/2019 03:00,1.50212693,0.493725246
05/05/2019 04:00,1.563816881,0.514001752
05/05/2019 05:00,1.577480494,0.518492765
05/05/2019 06:00,1.623647944,0.533667272
05/05/2019 07:00,1.647066542,0.541364593
05/05/2019 08:00,1.606870813,0.528152895
05/05/2019 09:00,1.659538823,0.545464033
05/05/2019 10:00,1.745264648,0.573640749
05/05/2019 11:00,1.75,0.575197184
05/05/2019 12:00,1.685071516,0.553856224
05/05/2019 13:00,1.570102188,0.516067633
05/05/2019 14:00,1.533772976,0.504126798
05/05/2019 15:00,1.474043536,0.48449468
05/05/2019 16:00,1.40544445,0.461947251
05/05/2019 17:00,1.365194432,0.44871771
05/05/2019 18:00,1.357753308,0.446271931
05/05/2019 19:00,1.402637982,0.46102481
05/05/2019 20:00,1.382431781,0.454383353
05/05/2019 21:00,1.310137241,0.430621287
05/05/2019 22:00,1.271583354,0.417949237
05/05/2019 23:00,1.187054127,0.390165824
05/06/2019 00:00,1.16873402,0.384144295
05/06/2019 01:00,1.112387707,0.365624158
05/06/2019 02:00,1.112321134,0.365602277
05/06/2019 03:00,1.114239224,0.366232722
05/06/2019 04:00,1.082144438,0.355683676
05/06/2019 05:00,1.034162562,0.339912796
05/06/2019 06:00,0.95536538,0.314013415
05/06/2019 07:00,0.740364248,0.24334596
05/06/2019 08:00,0.605781418,0.199110723
05/06/2019 09:00,0.458237889,0.150615511
05/06/2019 10:00,0.308598201,0.101431324
05/06/2019 11:00,0.253893988,0.083450918
05/06/2019 12:00,0.271679458,0.08929672
05/06/2019 13:00,0.293094971,0.096335658
05/06/2019 14:00,0.352533795,0.115872255
05/06/2019 15:00,0.426524699,0.140191889
05/06/2019 16:00,0.477074219,0.156806713
05/06/2019 17:00,0.500789442,0.16460153
05/06/2019 18:00,0.47008213,0.154508524
05/06/2019 19:00,0.410719244,0.134996887
05/06/2019 20:00,0.349325134,0.114817619
05/06/2019 21:00,0.273140443,0.089776922
05/06/2019 22:00,0.287941476,0.094641786
05/06/2019 23:00,0.240498637,0.079048079
05/07/2019 00:00,0.195253755,0.064176806
05/07/2019 01:00,0.181583981,0.059683768
05/07/2019 02:00,0.202034788,0.066405623
05/07/2019 03:00,0.179297957,0.058932389
05/07/2019 04:00,0.135019712,0.044378833
05/07/2019 05:00,0.100404301,0.033001298
05/07/2019 06:00,0.056794202,0.018667351
05/07/2019 07:00,0.034326642,0.011282622
05/07/2019 08:00,0.021938902,0.007210968
05/07/2019 09:00,0.008048076,0.002645275
05/07/2019 10:00,0.098601837,0.032408857
05/07/2019 11:00,0.059001416,0.019392828
05/07/2019 12:00,0.017987747,0.005912287
05/07/2019 13:00,0,0
05/07/2019 14:00,0,0
05/07/2019 15:00,0,0
05/07/2019 16:00,0,0
05/07/2019 17:00,0,0
05/07/2019 18:00,0,0
05/07/2019 19:00,0,0
05/07/2019 20:00,0,0
05/07/2019 21:00,0,0
05/07/2019 22:00,0,0
05/07/2019 23:00,0,0
05/08/2019 00:00,0,0
05/08/2019 01:00,0,0
05/08/2019 02:00,0,0
05/08/2019 03:00,0,0
05/08/2019 04:00,0,0
05/08/2019 05:00,0,0
05/08/2019 06:00,0,0
05/08/2019 07:00,0,0
05/08/2019 08:00,0,0
05/08/2019 09:00,0,0
05/08/2019 10:00,0,0
05/08/2019 11:00,0,0
05/08/2019 12:00,0.070377761,0.023132051
05/08/2019 13:00,0.129950017,0.042712505
05/08/2019 14:00,0.128507467,0.042238362
05/08/2019 15:00,0.092914631,0.030539562
05/08/2019 16:00,0.039765507,0.01307029
05/08/2019 17:00,0,0
05/08/2019 18:00,0,0
05/08/2019 19:00,0,0
05/08/2019 20:00,0,0
05/08/2019 21:00,0,0
05/08/2019 22:00,0,0
05/08/2019 23:00,0,0
05/09/2019 00:00,0,0
05/09/2019 01:00,0,0
05/09/2019 02:00,0,0
05/09/2019 03:00,0.039905254,0.013116223
05/09/2019 04:00,0.02706881,0.008897088
05/09/2019 05:00,0.005354162,0.001759828
05/09/2019 06:00,0,0
05/09/2019 07:00,0.044480119,0.014619908
05/09/2019 08:00,0.0819143,0.026923928
05/09/2019 09:00,0.112313632,0.036915706
05/09/2019 10:00,0.198760955,0.065329567
05/09/2019 11:00,0.293795719,0.096565983
05/09/2019 12:00,0.336328624,0.110545873
05/09/2019 13:00,0.360068568,0.118348815
05/09/2019 14:00,0.335312329,0.110211833
05/09/2019 15:00,0.314481923,0.103365209
05/09/2019 16:00,0.314453538,0.10335588
05/09/2019 17:00,0.316069609,0.103887056
05/09/2019 18:00,0.315752313,0.103782766
05/09/2019 19:00,0.306426889,0.100717648
05/09/2019 20:00,0.298420332,0.09808602
05/09/2019 21:00,0.240825867,0.079155635
05/09/2019 22:00,0.134984373,0.044367218
05/09/2019 23:00,0.070947456,0.023319301
05/10/2019 00:00,0.140092949,0.046046326
05/10/2019 01:00,0.172766553,0.05678562
05/10/2019 02:00,0.142284869,0.046766775
05/10/2019 03:00,0.057540915,0.018912784
05/10/2019 04:00,0,0
05/10/2019 05:00,0,0
05/10/2019 06:00,0,0
05/10/2019 07:00,0,0
05/10/2019 08:00,0,0
05/10/2019 09:00,0,0
05/10/2019 10:00,0,0
05/10/2019 11:00,0,0
05/10/2019 12:00,0,0
05/10/2019 13:00,0,0
05/10/2019 14:00,0,0
05/10/2019 15:00,0,0
05/10/2019 16:00,0,0
05/10/2019 17:00,0,0
05/10/2019 18:00,0,0
05/10/2019 19:00,0,0
05/10/2019 20:00,0,0
05/10/2019 21:00,0,0
05/10/2019 22:00,0,0
05/10/2019 23:00,0,0
05/11/2019 00:00,0,0
05/11/2019 01:00,0,0
05/11/2019 02:00,0,0
05/11/2019 03:00,0.010191052,0.003349637
05/11/2019 04:00,0.090299606,0.029680045
05/11/2019 05:00,0.090545935,0.029761009
05/11/2019 06:00,0.099046919,0.032555148
05/11/2019 07:00,0.09501446,0.031229743
05/11/2019 08:00,0.08213036,0.026994944
05/11/2019 09:00,0.05032446,0.01654085
05/11/2019 10:00,0.051971479,0.017082199
05/11/2019 11:00,0.084841099,0.027885921
05/11/2019 12:00,0.115035239,0.037810254
05/11/2019 13:00,0.144898848,0.047625948
05/11/2019 14:00,0.152404617,0.050092975
05/11/2019 15:00,0.165061789,0.054253186
05/11/2019 16:00,0.163734594,0.053816959
05/11/2019 17:00,0.16971031,0.055781081
05/11/2019 18:00,0.16699281,0.054887882
05/11/2019 19:00,0.122637286,0.040308926
05/11/2019 20:00,0.020114945,0.006611463
05/11/2019 21:00,0,0
05/11/2019 22:00,0,0
05/11/2019 23:00,0,0
05/12/2019 00:00,0,0
05/12/2019 01:00,0,0
05/12/2019 02:00,0,0
05/12/2019 03:00,0,0
05/12/2019 04:00,0,0
05/12/2019 05:00,0,0
05/12/2019 06:00,0,0
05/12/2019 07:00,0,0
05/12/2019 08:00,0,0
05/12/2019 09:00,0,0
05/12/2019 10:00,0,0
05/12/2019 11:00,0,0
05/12/2019 12:00,0.006500957,0.002136761
05/12/2019 13:00,0,0
05/12/2019 14:00,0,0
05/12/2019 15:00,0,0
05/12/2019 16:00,0,0
05/12/2019 17:00,0,0
05/12/2019 18:00,0,0
05/12/2019 19:00,0,0
05/12/2019 20:00,0,0
05/12/2019 21:00,0.064095699,0.021067237
05/12/2019 22:00,0.104409954,0.034317892
05/12/2019 23:00,0.02163687,0.007111695
5/13/2019 0:00,0.059523214,0.019564334
5/13/2019 1:00,0.10454302,0.034361629
5/13/2019 2:00,0.047217906,0.015519775
5/13/2019 3:00,0.036476746,0.011989326
5/13/2019 4:00,0.03500646,0.011506067
5/13/2019 5:00,0.018903145,0.006213163
5/13/2019 6:00,0.053394146,0.017549807
5/13/2019 7:00,0.103405482,0.033987738
5/13/2019 8:00,0.170950807,0.056188813
5/13/2019 9:00,0.217043026,0.071338593
5/13/2019 10:00,0.420410098,0.138182117
5/13/2019 11:00,0.370601058,0.121810677
5/13/2019 12:00,0.393428773,0.129313784
5/13/2019 13:00,0.545107383,0.179168133
5/13/2019 14:00,0.760069067,0.249822621
5/13/2019 15:00,0.860664263,0.282886663
5/13/2019 16:00,0.755653459,0.248371281
5/13/2019 17:00,0.508185501,0.167032497
5/13/2019 18:00,0.227300751,0.074710144
5/13/2019 19:00,0.086325106,0.02837369
5/13/2019 20:00,0.038322617,0.012596035
5/13/2019 21:00,0.006264476,0.002059034
5/13/2019 22:00,0.089308519,0.029354291
5/13/2019 23:00,0.048753547,0.016024516
5/14/2019 0:00,0.042452197,0.013953362
5/14/2019 1:00,0.088042829,0.028938279
5/14/2019 2:00,0.153194229,0.050352508
5/14/2019 3:00,0.224357371,0.073742702
5/14/2019 4:00,0.261554806,0.085968907
5/14/2019 5:00,0.250304895,0.08227124
5/14/2019 6:00,0.189416871,0.062258315
5/14/2019 7:00,0.097754299,0.032130284
5/14/2019 8:00,0.04705623,0.015466635
5/14/2019 9:00,0.031103412,0.010223197
5/14/2019 10:00,0,0
5/14/2019 11:00,0,0
5/14/2019 12:00,0,0
5/14/2019 13:00,0,0
5/14/2019 14:00,0,0
5/14/2019 15:00,0,0
5/14/2019 16:00,0,0
5/14/2019 17:00,0,0
5/14/2019 18:00,0,0
5/14/2019 19:00,0,0
5/14/2019 20:00,0,0
5/14/2019 21:00,0.049941976,0.016415134
5/14/2019 22:00,0.063617214,0.020909967
5/14/2019 23:00,0.079630357,0.026173233
5/15/2019 0:00,0.123760776,0.0406782
5/15/2019 1:00,0.219982218,0.072304658
5/15/2019 2:00,0.327097509,0.107511752
5/15/2019 3:00,0.42091636,0.138348517
5/15/2019 4:00,0.486066182,0.159762228
5/15/2019 5:00,0.524825867,0.17250192
5/15/2019 6:00,0.546647821,0.17967445
5/15/2019 7:00,0.550393461,0.180905582
5/15/2019 8:00,0.570180067,0.187409125
5/15/2019 9:00,0.551009443,0.181108046
5/15/2019 10:00,0.594126508,0.19527994
5/15/2019 11:00,0.662824697,0.217859942
5/15/2019 12:00,0.777201875,0.255453903
5/15/2019 13:00,0.910992653,0.299428805
5/15/2019 14:00,0.94910031,0.311954186
5/15/2019 15:00,0.908224162,0.298518846
5/15/2019 16:00,0.872054976,0.28663061
5/15/2019 17:00,0.924030814,0.303714241
5/15/2019 18:00,0.968275488,0.318256762
5/15/2019 19:00,0.979866763,0.32206663
5/15/2019 20:00,1.003235552,0.32974758
5/15/2019 21:00,1.016587542,0.334136166
5/15/2019 22:00,0.967968673,0.318155917
5/15/2019 23:00,1.014134258,0.333329811
5/16/2019 0:00,1.069536359,0.351539601
5/16/2019 1:00,1.103390956,0.362667069
5/16/2019 2:00,1.062129578,0.34910511
5/16/2019 3:00,1.035574025,0.340376722
5/16/2019 4:00,1.014937397,0.33359379
5/16/2019 5:00,1.024683199,0.33679708
5/16/2019 6:00,1.098470878,0.361049917
5/16/2019 7:00,1.168199932,0.383968749
5/16/2019 8:00,1.209230063,0.397454701
5/16/2019 9:00,1.254014798,0.412174732
5/16/2019 10:00,1.28782523,0.423287683
5/16/2019 11:00,1.292362874,0.424779135
5/16/2019 12:00,1.321419424,0.434329561
5/16/2019 13:00,1.312853053,0.431513931
5/16/2019 14:00,1.300135928,0.427334014
5/16/2019 15:00,1.308628083,0.43012525
5/16/2019 16:00,1.390694373,0.457099136
5/16/2019 17:00,1.402384618,0.460941533
5/16/2019 18:00,1.397720927,0.459408652
5/16/2019 19:00,1.416326705,0.465524076
5/16/2019 20:00,1.49019314,0.489802799
5/16/2019 21:00,1.491316414,0.490172001
5/16/2019 22:00,1.289515053,0.423843101
5/16/2019 23:00,1.166871293,0.383532047
5/17/2019 0:00,1.104957407,0.363181937
5/17/2019 1:00,1.116980556,0.367133755
5/17/2019 2:00,1.097657615,0.360782611
5/17/2019 3:00,0.987237849,0.324489389
5/17/2019 4:00,0.882998078,0.290227433
5/17/2019 5:00,0.662317956,0.217693385
5/17/2019 6:00,0.458698781,0.150766998
5/17/2019 7:00,0.345764077,0.113647156
5/17/2019 8:00,0.251703357,0.082730893
5/17/2019 9:00,0.19399579,0.063763333
5/17/2019 10:00,0.094450635,0.031044422
5/17/2019 11:00,0.2456019,0.080725441
5/17/2019 12:00,0.420472727,0.138202702
5/17/2019 13:00,0.502847582,0.165278008
5/17/2019 14:00,0.505469874,0.166139913
5/17/2019 15:00,0.472514437,0.155307985
5/17/2019 16:00,0.49422396,0.16244356
5/17/2019 17:00,0.511610588,0.168158268
5/17/2019 18:00,0.44689273,0.146886537
5/17/2019 19:00,0.479086396,0.157468083
5/17/2019 20:00,0.441413534,0.145085613
5/17/2019 21:00,0.19222076,0.063179908
5/17/2019 22:00,0,0
5/17/2019 23:00,0,0
5/18/2019 0:00,0,0
5/18/2019 1:00,0,0
5/18/2019 2:00,0.123175988,0.040485989
5/18/2019 3:00,0.338166699,0.111150019
5/18/2019 4:00,0.530134849,0.174246898
5/18/2019 5:00,0.536840037,0.176450787
5/18/2019 6:00,0.427945294,0.140658816
5/18/2019 7:00,0.221280598,0.072731415
5/18/2019 8:00,0,0
5/18/2019 9:00,0,0
5/18/2019 10:00,0,0
5/18/2019 11:00,0,0
5/18/2019 12:00,0,0
5/18/2019 13:00,0,0
5/18/2019 14:00,0,0
5/18/2019 15:00,0.020921442,0.006876545
5/18/2019 16:00,0.086229782,0.028342359
5/18/2019 17:00,0.228933016,0.075246643
5/18/2019 18:00,0.271216596,0.089144584
5/18/2019 19:00,0.198835992,0.06535423
5/18/2019 20:00,0.096290216,0.031649063
5/18/2019 21:00,0.060556623,0.019903999
5/18/2019 22:00,0.170544192,0.056055165
5/18/2019 23:00,0.103801689,0.034117965
5/19/2019 0:00,0.109649959,0.036040199
5/19/2019 1:00,0.124640162,0.04096724
5/19/2019 2:00,0.133368452,0.04383609
5/19/2019 3:00,0.145667029,0.047878437
5/19/2019 4:00,0.148985936,0.048969309
5/19/2019 5:00,0.158216824,0.052003355
5/19/2019 6:00,0.131515726,0.043227129
5/19/2019 7:00,0.082191818,0.027015144
5/19/2019 8:00,0,0
5/19/2019 9:00,0,0
5/19/2019 10:00,0,0
5/19/2019 11:00,0,0
5/19/2019 12:00,0,0
5/19/2019 13:00,0,0
5/19/2019 14:00,0,0
5/19/2019 15:00,0,0
5/19/2019 16:00,0,0
5/19/2019 17:00,0,0
5/19/2019 18:00,0,0
5/19/2019 19:00,0,0
5/19/2019 20:00,0,0
5/19/2019 21:00,0,0
5/19/2019 22:00,0,0
5/19/2019 23:00,0,0
5/20/2019 0:00,0,0
5/20/2019 1:00,0,0
5/20/2019 2:00,0,0
5/20/2019 3:00,0,0
5/20/2019 4:00,0,0
5/20/2019 5:00,0,0
5/20/2019 6:00,0,0
5/20/2019 7:00,0,0
5/20/2019 8:00,0,0
5/20/2019 9:00,0,0
5/20/2019 10:00,0,0
5/20/2019 11:00,0,0
5/20/2019 12:00,0,0
5/20/2019 13:00,0,0
5/20/2019 14:00,0,0
5/20/2019 15:00,0,0
5/20/2019 16:00,0,0
5/20/2019 17:00,0,0
5/20/2019 18:00,0,0
5/20/2019 19:00,0,0
5/20/2019 20:00,0,0
5/20/2019 21:00,0,0
5/20/2019 22:00,0,0
5/20/2019 23:00,0,0
5/21/2019 0:00,0,0
5/21/2019 1:00,0,0
5/21/2019 2:00,0,0
5/21/2019 3:00,0,0
5/21/2019 4:00,0,0
5/21/2019 5:00,0,0
5/21/2019 6:00,0,0
5/21/2019 7:00,0,0
5/21/2019 8:00,0,0
5/21/2019 9:00,0,0
5/21/2019 10:00,0,0
5/21/2019 11:00,0,0
5/21/2019 12:00,0.08475907,0.027858959
5/21/2019 13:00,0.229947251,0.075580006
5/21/2019 14:00,0.257151882,0.084521736
5/21/2019 15:00,0.217993162,0.071650887
5/21/2019 16:00,0.169846837,0.055825956
5/21/2019 17:00,0.100973432,0.033188362
5/21/2019 18:00,0.056733586,0.018647428
5/21/2019 19:00,0.031976862,0.010510286
5/21/2019 20:00,0,0
5/21/2019 21:00,0,0
5/21/2019 22:00,0,0
5/21/2019 23:00,0,0
5/22/2019 0:00,0,0
5/22/2019 1:00,0,0
5/22/2019 2:00,0.101731697,0.033437592
5/22/2019 3:00,0.257378085,0.084596086
5/22/2019 4:00,0.372352565,0.12238637
5/22/2019 5:00,0.498839627,0.163960656
5/22/2019 6:00,0.552964396,0.181750608
5/22/2019 7:00,0.661254126,0.217343721
5/22/2019 8:00,0.718662874,0.236213064
5/22/2019 9:00,0.775406035,0.254863639
5/22/2019 10:00,0.911209238,0.299499993
5/22/2019 11:00,0.992539067,0.326231815
5/22/2019 12:00,0.986867605,0.324367696
5/22/2019 13:00,0.933149863,0.306711528
5/22/2019 14:00,0.972903905,0.31977805
5/22/2019 15:00,1.036297355,0.340614469
5/22/2019 16:00,1.04979028,0.345049379
5/22/2019 17:00,1.060945955,0.348716072
5/22/2019 18:00,1.07882424,0.35459238
5/22/2019 19:00,1.102974246,0.362530103
5/22/2019 20:00,1.138893186,0.374336088
5/22/2019 21:00,1.139268259,0.374459368
5/22/2019 22:00,1.109728592,0.364750149
5/22/2019 23:00,1.179736351,0.387760587
5/23/2019 0:00,1.278696635,0.420287259
5/23/2019 1:00,1.337144298,0.439498077
5/23/2019 2:00,1.515661553,0.498173861
5/23/2019 3:00,1.46507611,0.48154723
5/23/2019 4:00,1.353026017,0.444718146
5/23/2019 5:00,1.291947818,0.424642712
5/23/2019 6:00,1.283547133,0.421881541
5/23/2019 7:00,1.37016892,0.450352745
5/23/2019 8:00,1.474956176,0.484794651
5/23/2019 9:00,1.485171093,0.488152132
5/23/2019 10:00,1.539294274,0.505941561
5/23/2019 11:00,1.554599034,0.510971992
5/23/2019 12:00,1.531360343,0.503333804
5/23/2019 13:00,1.636672167,0.537948127
5/23/2019 14:00,1.626739997,0.53468358
5/23/2019 15:00,1.75,0.575197184
5/23/2019 16:00,1.75,0.575197184
5/23/2019 17:00,1.748889205,0.574832083
5/23/2019 18:00,1.634194747,0.537133838
5/23/2019 19:00,1.562556029,0.51358733
5/23/2019 20:00,1.468092211,0.482538575
5/23/2019 21:00,1.372265124,0.451041734
5/23/2019 22:00,1.447657633,0.475822054
5/23/2019 23:00,1.341039189,0.440778266
5/24/2019 0:00,1.153625113,0.379178238
5/24/2019 1:00,1.077249265,0.354074711
5/24/2019 2:00,1.07390557,0.352975691
5/24/2019 3:00,1.00751909,0.33115551
5/24/2019 4:00,0.933040271,0.306675507
5/24/2019 5:00,0.866775444,0.284895311
5/24/2019 6:00,0.806100096,0.264952289
5/24/2019 7:00,0.757313554,0.248916928
5/24/2019 8:00,0.780266977,0.256461353
5/24/2019 9:00,0.725389925,0.238424139
5/24/2019 10:00,0.75970669,0.249703514
5/24/2019 11:00,0.686940453,0.225786408
5/24/2019 12:00,0.639851796,0.210309115
5/24/2019 13:00,0.691875102,0.227408349
5/24/2019 14:00,0.727834126,0.239227508
5/24/2019 15:00,0.79628925,0.26172762
5/24/2019 16:00,0.90201199,0.296477004
5/24/2019 17:00,0.936225672,0.307722497
5/24/2019 18:00,0.88218758,0.289961035
5/24/2019 19:00,0.741789563,0.243814439
5/24/2019 20:00,0.631377668,0.207523804
5/24/2019 21:00,0.66347851,0.21807484
5/24/2019 22:00,0.662321245,0.217694466
5/24/2019 23:00,0.656744778,0.21586157
5/25/2019 0:00,0.489179711,0.160785596
5/25/2019 1:00,0.395715955,0.130065544
5/25/2019 2:00,0.325238464,0.106900714
5/25/2019 3:00,0.268182929,0.088147466
5/25/2019 4:00,0.269281782,0.088508642
5/25/2019 5:00,0.312661934,0.102767008
5/25/2019 6:00,0.22923467,0.075345792
5/25/2019 7:00,0.198380676,0.065204575
5/25/2019 8:00,0.216878003,0.071284352
5/25/2019 9:00,0.208525218,0.068538925
5/25/2019 10:00,0.289273219,0.095079509
5/25/2019 11:00,0.252713705,0.083062978
5/25/2019 12:00,0.217199115,0.071389897
5/25/2019 13:00,0.160656214,0.052805144
5/25/2019 14:00,0.06064916,0.019934415
5/25/2019 15:00,0.039840533,0.01309495
5/25/2019 16:00,0,0
5/25/2019 17:00,0,0
5/25/2019 18:00,0.033566807,0.011032876
5/25/2019 19:00,0.082862181,0.027235482
5/25/2019 20:00,0.109875706,0.036114398
5/25/2019 21:00,0.085181612,0.027997842
5/25/2019 22:00,0,0
5/25/2019 23:00,0,0
5/26/2019 0:00,0,0
5/26/2019 1:00,0,0
5/26/2019 2:00,0,0
5/26/2019 3:00,0,0
5/26/2019 4:00,0.048751984,0.016024002
5/26/2019 5:00,0.090099565,0.029614295
5/26/2019 6:00,0.150738842,0.049545461
5/26/2019 7:00,0.233922314,0.076886546
5/26/2019 8:00,0.350429558,0.115180626
5/26/2019 9:00,0.4484892,0.147411272
5/26/2019 10:00,0.361605757,0.118854065
5/26/2019 11:00,0.342115456,0.112447912
5/26/2019 12:00,0.351512112,0.115536444
5/26/2019 13:00,0.381957163,0.125543248
5/26/2019 14:00,0.41507551,0.136428723
5/26/2019 15:00,0.505152083,0.16603546
5/26/2019 16:00,0.547722139,0.180027561
5/26/2019 17:00,0.590503176,0.194089008
5/26/2019 18:00,0.59396067,0.195225431
5/26/2019 19:00,0.549078816,0.180473479
5/26/2019 20:00,0.47835679,0.157228274
5/26/2019 21:00,0.447075601,0.146946644
5/26/2019 22:00,0.492967964,0.162030734
5/26/2019 23:00,0.571195236,0.187742795
5/27/2019 0:00,0.616192074,0.202532541
5/27/2019 1:00,0.638027855,0.209709615
5/27/2019 2:00,0.692364873,0.227569329
5/27/2019 3:00,0.697646055,0.229305169
5/27/2019 4:00,0.646241564,0.21240933
5/27/2019 5:00,0.554459567,0.182242047
5/27/2019 6:00,0.463064569,0.152201963
5/27/2019 7:00,0.399244807,0.131225422
5/27/2019 8:00,0.323794148,0.10642599
5/27/2019 9:00,0.22373551,0.073538306
5/27/2019 10:00,0.01888274,0.006206456
5/27/2019 11:00,0.067280947,0.022114178
5/27/2019 12:00,0.156564105,0.051460133
5/27/2019 13:00,0.199263272,0.06549467
5/27/2019 14:00,0.201457285,0.066215807
5/27/2019 15:00,0.1969985,0.064750276
5/27/2019 16:00,0.246281871,0.080948936
5/27/2019 17:00,0.291727317,0.095886132
5/27/2019 18:00,0.312764215,0.102800626
5/27/2019 19:00,0.310446008,0.102038668
5/27/2019 20:00,0.326889673,0.10744344
5/27/2019 21:00,0.36799968,0.120955646
5/27/2019 22:00,0.466409099,0.153301257
5/27/2019 23:00,0.504421602,0.165795363
5/28/2019 0:00,0.478919836,0.157413338
5/28/2019 1:00,0.523721186,0.172138829
5/28/2019 2:00,0.638778089,0.209956204
5/28/2019 3:00,0.734720364,0.241490906
5/28/2019 4:00,0.741496827,0.243718221
5/28/2019 5:00,0.755442156,0.248301829
5/28/2019 6:00,0.747218374,0.245598803
5/28/2019 7:00,0.739078049,0.242923207
5/28/2019 8:00,0.712108767,0.234058833
5/28/2019 9:00,0.686423222,0.225616403
5/28/2019 10:00,0.683506753,0.224657806
5/28/2019 11:00,0.773012522,0.254076929
5/28/2019 12:00,0.769302103,0.252857373
5/28/2019 13:00,0.786949138,0.258657673
5/28/2019 14:00,0.845304123,0.277838029
5/28/2019 15:00,0.935830517,0.307592616
5/28/2019 16:00,0.982913164,0.323067934
5/28/2019 17:00,0.993645554,0.3265955
5/28/2019 18:00,1.000982758,0.329007122
5/28/2019 19:00,0.923701148,0.303605885
5/28/2019 20:00,0.871111843,0.286320617
5/28/2019 21:00,0.760846731,0.250078227
5/28/2019 22:00,0.427123428,0.140388682
5/28/2019 23:00,0.27773181,0.091286032
5/29/2019 0:00,0.215282181,0.070759831
5/29/2019 1:00,0,0
5/29/2019 2:00,0.266308857,0.087531488
5/29/2019 3:00,0.746278119,0.245289756
5/29/2019 4:00,1.033420621,0.339668932
5/29/2019 5:00,1.163260877,0.38234536
5/29/2019 6:00,1.126744872,0.37034313
5/29/2019 7:00,1.030748292,0.33879058
5/29/2019 8:00,0.937784353,0.308234811
5/29/2019 9:00,0.731642782,0.240479353
5/29/2019 10:00,0.406574857,0.133634693
5/29/2019 11:00,0.142719969,0.046909785
5/29/2019 12:00,0.160342025,0.052701875
5/29/2019 13:00,0,0
5/29/2019 14:00,0,0
5/29/2019 15:00,0,0
5/29/2019 16:00,0,0
5/29/2019 17:00,0,0
5/29/2019 18:00,0,0
5/29/2019 19:00,0,0
5/29/2019 20:00,0,0
5/29/2019 21:00,0,0
5/29/2019 22:00,0,0
5/29/2019 23:00,0,0
5/30/2019 0:00,0.112887755,0.037104411
5/30/2019 1:00,0.186901936,0.061431696
5/30/2019 2:00,0.200374486,0.065859909
5/30/2019 3:00,0.251191863,0.082562773
5/30/2019 4:00,0.271997834,0.089401365
5/30/2019 5:00,0.211728855,0.069591909
5/30/2019 6:00,0.119944901,0.039423982
5/30/2019 7:00,0.036288253,0.011927372
5/30/2019 8:00,0.030443187,0.010006192
5/30/2019 9:00,0.081363603,0.026742923
5/30/2019 10:00,0.097745082,0.032127255
5/30/2019 11:00,0.184480915,0.060635944
5/30/2019 12:00,0.262127634,0.086157187
5/30/2019 13:00,0.185007462,0.060809012
5/30/2019 14:00,0.053676458,0.017642598
5/30/2019 15:00,0,0
5/30/2019 16:00,0,0
5/30/2019 17:00,0,0
5/30/2019 18:00,0,0
5/30/2019 19:00,0,0
5/30/2019 20:00,0,0
5/30/2019 21:00,0,0
5/30/2019 22:00,0,0
5/30/2019 23:00,0,0
5/31/2019 0:00,0,0
5/31/2019 1:00,0,0
5/31/2019 2:00,0,0
5/31/2019 3:00,0,0
5/31/2019 4:00,0,0
5/31/2019 5:00,0.194801026,0.064028001
5/31/2019 6:00,0.376378673,0.123709687
5/31/2019 7:00,0.558945776,0.183716592
5/31/2019 8:00,0.866242457,0.284720127
5/31/2019 9:00,1.013270148,0.333045792
5/31/2019 10:00,1.172246714,0.385298862
5/31/2019 11:00,1.242793835,0.40848658
5/31/2019 12:00,1.385970736,0.455546551
5/31/2019 13:00,1.441193414,0.473697368
5/31/2019 14:00,1.341242617,0.440845129
5/31/2019 15:00,1.141209394,0.375097388
5/31/2019 16:00,0.794304703,0.261075331
5/31/2019 17:00,0.441984071,0.145273139
5/31/2019 18:00,0.143919974,0.047304208
5/31/2019 19:00,0.304261132,0.100005798
5/31/2019 20:00,0.921561442,0.302902598
5/31/2019 21:00,1.478943787,0.486105315
5/31/2019 22:00,1.20869429,0.397278601
5/31/2019 23:00,1.153109949,0.379008912
06/01/2019 00:00,1.252904153,0.41180968
06/01/2019 01:00,1.220413448,0.401130502
06/01/2019 02:00,1.095204613,0.359976348
06/01/2019 03:00,1.007964496,0.331301909
06/01/2019 04:00,1.093020141,0.359258347
06/01/2019 05:00,1.262479687,0.414957006
06/01/2019 06:00,1.303673639,0.428496804
06/01/2019 07:00,1.323748999,0.435095255
06/01/2019 08:00,1.25915418,0.413863965
06/01/2019 09:00,1.105996148,0.363523354
06/01/2019 10:00,1.008858598,0.331595785
06/01/2019 11:00,0.909949457,0.299085923
06/01/2019 12:00,0.811432578,0.266704991
06/01/2019 13:00,0.651575572,0.214162534
06/01/2019 14:00,0.523712398,0.172135941
06/01/2019 15:00,0.469746446,0.15439819
06/01/2019 16:00,0.495290615,0.162794153
06/01/2019 17:00,0.542649091,0.178360131
06/01/2019 18:00,0.484205356,0.159150604
06/01/2019 19:00,0.402258758,0.13221606
06/01/2019 20:00,0.266310386,0.087531991
06/01/2019 21:00,0.155114424,0.050983646
06/01/2019 22:00,0.038993659,0.012816596
06/01/2019 23:00,0.088728997,0.029163811
06/02/2019 00:00,0.252100269,0.082861351
06/02/2019 01:00,0.35373488,0.116267033
06/02/2019 02:00,0.370993776,0.121939757
06/02/2019 03:00,0.520441383,0.17106081
06/02/2019 04:00,0.633815534,0.208325091
06/02/2019 05:00,0.794235271,0.261052509
06/02/2019 06:00,0.954744229,0.313809253
06/02/2019 07:00,1.048545145,0.344640123
06/02/2019 08:00,1.252826673,0.411784214
06/02/2019 09:00,1.293572566,0.425176741
06/02/2019 10:00,1.28502203,0.422366316
06/02/2019 11:00,1.247605002,0.410067934
06/02/2019 12:00,1.162424207,0.38207036
06/02/2019 13:00,1.224085643,0.402337494
06/02/2019 14:00,1.15308907,0.379002049
06/02/2019 15:00,1.019517697,0.335099262
06/02/2019 16:00,0.672913641,0.221176018
06/02/2019 17:00,0.276789323,0.090976251
06/02/2019 18:00,0.201442807,0.066211049
06/02/2019 19:00,0.244853523,0.080479461
06/02/2019 20:00,0.016366137,0.005379289
06/02/2019 21:00,0,0
06/02/2019 22:00,0,0
06/02/2019 23:00,0,0
06/03/2019 00:00,0.093224796,0.030641509
06/03/2019 01:00,0.430267177,0.141421982
06/03/2019 02:00,0.355910712,0.116982194
06/03/2019 03:00,0.391490748,0.128676786
06/03/2019 04:00,0.698679209,0.229644751
06/03/2019 05:00,0.77824555,0.255796942
06/03/2019 06:00,0.697912747,0.229392827
06/03/2019 07:00,0.602064478,0.197889024
06/03/2019 08:00,0.477666707,0.157001454
06/03/2019 09:00,0.358640046,0.117879283
06/03/2019 10:00,0.405645693,0.133329291
06/03/2019 11:00,0.807536265,0.265424335
06/03/2019 12:00,1.253718275,0.412077269
06/03/2019 13:00,1.563937178,0.514041292
06/03/2019 14:00,1.75,0.575197184
06/03/2019 15:00,1.75,0.575197184
06/03/2019 16:00,1.75,0.575197184
06/03/2019 17:00,1.75,0.575197184
06/03/2019 18:00,1.75,0.575197184
06/03/2019 19:00,1.636300743,0.537826045
06/03/2019 20:00,1.58384762,0.520585538
06/03/2019 21:00,1.540966804,0.506491295
06/03/2019 22:00,1.712831449,0.562980472
06/03/2019 23:00,1.596665699,0.524798637
06/04/2019 00:00,1.493675281,0.490947323
06/04/2019 01:00,1.388058996,0.456232929
06/04/2019 02:00,1.280548848,0.420896052
06/04/2019 03:00,1.166945379,0.383556398
06/04/2019 04:00,1.083983133,0.356288026
06/04/2019 05:00,0.996090974,0.327399271
06/04/2019 06:00,0.931154451,0.306055668
06/04/2019 07:00,0.887402556,0.291675115
06/04/2019 08:00,0.795941874,0.261613443
06/04/2019 09:00,0.689604049,0.22666189
06/04/2019 10:00,0.713505725,0.234517991
06/04/2019 11:00,0.601170963,0.19759534
06/04/2019 12:00,0.4663548,0.15328341
06/04/2019 13:00,0.344434709,0.113210214
06/04/2019 14:00,0.241479201,0.079370375
06/04/2019 15:00,0.094363138,0.031015664
06/04/2019 16:00,0,0
06/04/2019 17:00,0,0
06/04/2019 18:00,0,0
06/04/2019 19:00,0,0
06/04/2019 20:00,0,0
06/04/2019 21:00,0,0
06/04/2019 22:00,0,0
06/04/2019 23:00,0,0
06/05/2019 00:00,0,0
06/05/2019 01:00,0.026681602,0.008769819
06/05/2019 02:00,0.178963401,0.058822425
06/05/2019 03:00,0.279410305,0.091837726
06/05/2019 04:00,0.3289058,0.108106108
06/05/2019 05:00,0.392755235,0.129092403
06/05/2019 06:00,0.445968376,0.146582717
06/05/2019 07:00,0.481562701,0.158282006
06/05/2019 08:00,0.462350817,0.151967365
06/05/2019 09:00,0.435260626,0.14306325
06/05/2019 10:00,0.420876477,0.138335408
06/05/2019 11:00,0.22841599,0.075076705
06/05/2019 12:00,0.185735982,0.061048465
06/05/2019 13:00,0.288341961,0.094773419
06/05/2019 14:00,0.228372923,0.07506255
06/05/2019 15:00,0.03248409,0.010677004
06/05/2019 16:00,0,0
06/05/2019 17:00,0,0
06/05/2019 18:00,0,0
06/05/2019 19:00,0,0
06/05/2019 20:00,0,0
06/05/2019 21:00,0,0
06/05/2019 22:00,0,0
06/05/2019 23:00,0,0
06/06/2019 00:00,0,0
06/06/2019 01:00,0,0
06/06/2019 02:00,0,0
06/06/2019 03:00,0,0
06/06/2019 04:00,0.29350898,0.096471736
06/06/2019 05:00,0.416275373,0.136823098
06/06/2019 06:00,0.561088558,0.184420891
06/06/2019 07:00,0.655477028,0.21544488
06/06/2019 08:00,0.728018555,0.239288127
06/06/2019 09:00,0.824494973,0.270998392
06/06/2019 10:00,0.931228919,0.306080144
06/06/2019 11:00,0.906163288,0.297841469
06/06/2019 12:00,0.617551158,0.20297925
06/06/2019 13:00,0.285878839,0.09396383
06/06/2019 14:00,0.20648681,0.067868932
06/06/2019 15:00,0.158038694,0.051944807
06/06/2019 16:00,0,0
06/06/2019 17:00,0,0
06/06/2019 18:00,0,0
06/06/2019 19:00,0,0
06/06/2019 20:00,0,0
06/06/2019 21:00,0,0
06/06/2019 22:00,0,0
06/06/2019 23:00,0,0
06/07/2019 00:00,0,0
06/07/2019 01:00,0,0
06/07/2019 02:00,0,0
06/07/2019 03:00,0.107498906,0.035333182
06/07/2019 04:00,0.116296182,0.038224707
06/07/2019 05:00,0.024265724,0.007975758
06/07/2019 06:00,0,0
06/07/2019 07:00,0.070684029,0.023232717
06/07/2019 08:00,0.13305716,0.043733774
06/07/2019 09:00,0.143446095,0.047148452
06/07/2019 10:00,0,0
06/07/2019 11:00,0,0
06/07/2019 12:00,0,0
06/07/2019 13:00,0.046737597,0.015361905
06/07/2019 14:00,0.11928377,0.039206679
06/07/2019 15:00,0.031011085,0.010192851
06/07/2019 16:00,0.03549783,0.011667572
06/07/2019 17:00,0.168897008,0.055513762
06/07/2019 18:00,0.116704339,0.038358861
06/07/2019 19:00,0.078091022,0.025667278
06/07/2019 20:00,0.172292027,0.056629651
06/07/2019 21:00,0.333716206,0.109687212
06/07/2019 22:00,0.357917563,0.117641814
06/07/2019 23:00,0.333781491,0.109708671
06/08/2019 00:00,0.333755087,0.109699992
06/08/2019 01:00,0.289770746,0.095243038
06/08/2019 02:00,0.237113375,0.077935397
06/08/2019 03:00,0.172706152,0.056765767
06/08/2019 04:00,0.19087877,0.062738818
06/08/2019 05:00,0.320149632,0.105228095
06/08/2019 06:00,0.444572816,0.146124018
06/08/2019 07:00,0.52988438,0.174164573
06/08/2019 08:00,0.523062772,0.171922419
06/08/2019 09:00,0.486183666,0.159800843
06/08/2019 10:00,0.427370899,0.140470021
06/08/2019 11:00,0.476280611,0.156545866
06/08/2019 12:00,0.566433629,0.18617773
06/08/2019 13:00,0.652670721,0.214522492
06/08/2019 14:00,0.740253665,0.243309614
06/08/2019 15:00,0.780289849,0.256468871
06/08/2019 16:00,0.843029236,0.27709031
06/08/2019 17:00,0.859645297,0.282551745
06/08/2019 18:00,0.777915736,0.255688538
06/08/2019 19:00,0.675896299,0.22215637
06/08/2019 20:00,0.625793574,0.205688401
06/08/2019 21:00,0.636248631,0.209124812
06/08/2019 22:00,0.604745752,0.198770316
06/08/2019 23:00,0.56610149,0.186068562
06/09/2019 00:00,0.525543614,0.172737833
06/09/2019 01:00,0.473951247,0.155780241
06/09/2019 02:00,0.498566948,0.163871031
06/09/2019 03:00,0.535317361,0.175950308
06/09/2019 04:00,0.508964801,0.16728864
06/09/2019 05:00,0.505168104,0.166040726
06/09/2019 06:00,0.428653347,0.140891542
06/09/2019 07:00,0.320362615,0.1052981
06/09/2019 08:00,0.258888899,0.085092666
06/09/2019 09:00,0.182063033,0.059841225
06/09/2019 10:00,0.057089635,0.018764456
06/09/2019 11:00,0.005322687,0.001749482
06/09/2019 12:00,0,0
06/09/2019 13:00,0,0
06/09/2019 14:00,0,0
06/09/2019 15:00,0,0
06/09/2019 16:00,0,0
06/09/2019 17:00,0,0
06/09/2019 18:00,0,0
06/09/2019 19:00,0,0
06/09/2019 20:00,0,0
06/09/2019 21:00,0,0
06/09/2019 22:00,0,0
06/09/2019 23:00,0,0
06/10/2019 00:00,0,0
06/10/2019 01:00,0,0
06/10/2019 02:00,0,0
06/10/2019 03:00,0,0
06/10/2019 04:00,0.024162738,0.007941908
06/10/2019 05:00,0.072768675,0.023917907
06/10/2019 06:00,0.087440587,0.028740331
06/10/2019 07:00,0.026558202,0.008729259
06/10/2019 08:00,0.024337544,0.007999364
06/10/2019 09:00,0.05215373,0.017142102
06/10/2019 10:00,0.16624183,0.054641047
06/10/2019 11:00,0.149519194,0.049144583
06/10/2019 12:00,0.080041158,0.026308256
06/10/2019 13:00,0.111991715,0.036809897
06/10/2019 14:00,0.237471133,0.078052987
06/10/2019 15:00,0.278394643,0.091503894
06/10/2019 16:00,0.21182642,0.069623977
06/10/2019 17:00,0.162790335,0.053506596
06/10/2019 18:00,0.170947587,0.056187755
06/10/2019 19:00,0.20394512,0.067033519
06/10/2019 20:00,0.266692919,0.087657724
06/10/2019 21:00,0.300489088,0.098765987
06/10/2019 22:00,0.358102825,0.117702707
06/10/2019 23:00,0.398280403,0.130908438
06/11/2019 00:00,0.496428213,0.163168063
06/11/2019 01:00,0.659225332,0.216676888
06/11/2019 02:00,0.883441773,0.290373269
06/11/2019 03:00,0.995646658,0.327253231
06/11/2019 04:00,1.074256216,0.353090943
06/11/2019 05:00,1.003846455,0.329948374
06/11/2019 06:00,1.032580605,0.339392832
06/11/2019 07:00,1.055872493,0.347048506
06/11/2019 08:00,1.209561756,0.397563723
06/11/2019 09:00,1.27505326,0.41908974
06/11/2019 10:00,1.148110799,0.377365771
06/11/2019 11:00,1.081755847,0.355555953
06/11/2019 12:00,0.972367362,0.319601696
06/11/2019 13:00,1.03314345,0.33957783
06/11/2019 14:00,1.029517935,0.338386181
06/11/2019 15:00,1.037231183,0.340921403
06/11/2019 16:00,1.076022429,0.353671469
06/11/2019 17:00,1.158560772,0.380800511
06/11/2019 18:00,1.116573953,0.36700011
06/11/2019 19:00,1.26690154,0.416410399
06/11/2019 20:00,1.460239722,0.479957586
06/11/2019 21:00,1.575476057,0.517833938
06/11/2019 22:00,1.75,0.575197184
06/11/2019 23:00,1.725484003,0.567139166
06/12/2019 00:00,1.656562013,0.544485603
06/12/2019 01:00,1.692145026,0.556181174
06/12/2019 02:00,1.75,0.575197184
06/12/2019 03:00,1.75,0.575197184
06/12/2019 04:00,1.75,0.575197184
06/12/2019 05:00,1.75,0.575197184
06/12/2019 06:00,1.75,0.575197184
06/12/2019 07:00,1.75,0.575197184
06/12/2019 08:00,1.75,0.575197184
06/12/2019 09:00,1.75,0.575197184
06/12/2019 10:00,1.741203871,0.572306036
06/12/2019 11:00,1.638935615,0.538692086
06/12/2019 12:00,1.618361534,0.531929712
06/12/2019 13:00,1.515742482,0.498200461
06/12/2019 14:00,1.470246973,0.483246811
06/12/2019 15:00,1.519369055,0.499392458
06/12/2019 16:00,1.664828574,0.54720269
06/12/2019 17:00,1.68931127,0.555249763
06/12/2019 18:00,1.58403331,0.520646571
06/12/2019 19:00,1.471157572,0.48354611
06/12/2019 20:00,1.435744029,0.471906241
06/12/2019 21:00,1.473039178,0.484164564
06/12/2019 22:00,1.439504517,0.473142254
06/12/2019 23:00,1.357016948,0.446029901
6/13/2019 0:00,1.260046636,0.414157301
6/13/2019 1:00,1.262367994,0.414920295
6/13/2019 2:00,1.325145582,0.43555429
6/13/2019 3:00,1.378450029,0.453074614
6/13/2019 4:00,1.396250197,0.458925247
6/13/2019 5:00,1.363440543,0.448141235
6/13/2019 6:00,1.276390135,0.419529149
6/13/2019 7:00,1.161263127,0.381688732
6/13/2019 8:00,1.229048,0.403968542
6/13/2019 9:00,1.350675822,0.443945674
6/13/2019 10:00,1.411082494,0.463800387
6/13/2019 11:00,1.408829335,0.463059809
6/13/2019 12:00,1.368184805,0.449700598
6/13/2019 13:00,1.363929372,0.448301905
6/13/2019 14:00,1.479958005,0.486438673
6/13/2019 15:00,1.463001989,0.480865499
6/13/2019 16:00,1.470437347,0.483309383
6/13/2019 17:00,1.471732777,0.483735171
6/13/2019 18:00,1.631855003,0.536364801
6/13/2019 19:00,1.641365329,0.539490694
6/13/2019 20:00,1.144162213,0.376067933
6/13/2019 21:00,0.225770662,0.074207228
6/13/2019 22:00,0.064201118,0.021101887
6/13/2019 23:00,0.336390209,0.110566115
6/14/2019 0:00,0.458358412,0.150655124
6/14/2019 1:00,0.489091268,0.160756526
6/14/2019 2:00,0.701596553,0.230603635
6/14/2019 3:00,0.962055942,0.316212496
6/14/2019 4:00,1.08913263,0.357980584
6/14/2019 5:00,1.077818306,0.354261746
6/14/2019 6:00,1.095984654,0.360232735
6/14/2019 7:00,1.238528255,0.407084551
6/14/2019 8:00,1.312376188,0.431357193
6/14/2019 9:00,1.320463048,0.434015215
6/14/2019 10:00,1.329706557,0.43705341
6/14/2019 11:00,1.484313947,0.487870401
6/14/2019 12:00,1.450034299,0.476603226
6/14/2019 13:00,1.46163931,0.480417609
6/14/2019 14:00,1.481962214,0.487097424
6/14/2019 15:00,1.519506474,0.499437626
6/14/2019 16:00,1.548932346,0.509109442
6/14/2019 17:00,1.491690546,0.490294972
6/14/2019 18:00,1.419738051,0.466645331
6/14/2019 19:00,1.297368241,0.426424319
6/14/2019 20:00,1.142251466,0.375439901
6/14/2019 21:00,1.00966507,0.33186086
6/14/2019 22:00,0.898613269,0.295359898
6/14/2019 23:00,0.808639207,0.265786854
6/15/2019 0:00,0.69148595,0.227280441
6/15/2019 1:00,0.649657005,0.213531931
6/15/2019 2:00,0.619300223,0.20355414
6/15/2019 3:00,0.732234836,0.240673952
6/15/2019 4:00,0.858088983,0.28204021
6/15/2019 5:00,0.824403019,0.270968169
6/15/2019 6:00,0.714879529,0.234969538
6/15/2019 7:00,0.780054713,0.256391585
6/15/2019 8:00,0.792527127,0.26049107
6/15/2019 9:00,0.90279294,0.29673369
6/15/2019 10:00,0.955612475,0.314094631
6/15/2019 11:00,1.023359074,0.336361862
6/15/2019 12:00,1.073386888,0.352805209
6/15/2019 13:00,1.016981742,0.334265734
6/15/2019 14:00,0.896969775,0.294819708
6/15/2019 15:00,0.949067662,0.311943455
6/15/2019 16:00,0.962616047,0.316396594
6/15/2019 17:00,0.855909915,0.281323985
6/15/2019 18:00,0.780467356,0.256527215
6/15/2019 19:00,0.872106938,0.286647689
6/15/2019 20:00,0.923469364,0.303529701
6/15/2019 21:00,0.911348793,0.299545862
6/15/2019 22:00,0.75202599,0.24717899
6/15/2019 23:00,0.706127689,0.232092947
6/16/2019 0:00,0.679717237,0.223412252
6/16/2019 1:00,0.678230307,0.222923522
6/16/2019 2:00,0.683269079,0.224579686
6/16/2019 3:00,0.615929623,0.202446277
6/16/2019 4:00,0.538664368,0.177050416
6/16/2019 5:00,0.494845131,0.162647729
6/16/2019 6:00,0.423111499,0.139070025
6/16/2019 7:00,0.363492795,0.119474304
6/16/2019 8:00,0.295248573,0.097043513
6/16/2019 9:00,0.317557952,0.104376251
6/16/2019 10:00,0.27675825,0.090966038
6/16/2019 11:00,0.171745337,0.056449962
6/16/2019 12:00,0.087554043,0.028777622
6/16/2019 13:00,0.14578088,0.047915858
6/16/2019 14:00,0.187836696,0.061738936
6/16/2019 15:00,0.073417336,0.024131111
6/16/2019 16:00,0,0
6/16/2019 17:00,0,0
6/16/2019 18:00,0,0
6/16/2019 19:00,0.00449377,0.001477031
6/16/2019 20:00,0,0
6/16/2019 21:00,0,0
6/16/2019 22:00,0,0
6/16/2019 23:00,0.100838709,0.033144081
6/17/2019 0:00,0.133472253,0.043870208
6/17/2019 1:00,0.165356097,0.054349921
6/17/2019 2:00,0.268235503,0.088164746
6/17/2019 3:00,0.459753082,0.15111353
6/17/2019 4:00,0.618137459,0.203171958
6/17/2019 5:00,0.39438414,0.129627798
6/17/2019 6:00,0,0
6/17/2019 7:00,0,0
6/17/2019 8:00,0,0
6/17/2019 9:00,0,0
6/17/2019 10:00,0.478771482,0.157364576
6/17/2019 11:00,0.670967734,0.220536429
6/17/2019 12:00,0.562841736,0.184997132
6/17/2019 13:00,0.342127111,0.112451743
6/17/2019 14:00,0.051355879,0.016879861
6/17/2019 15:00,0,0
6/17/2019 16:00,0,0
6/17/2019 17:00,0,0
6/17/2019 18:00,0,0
6/17/2019 19:00,0,0
6/17/2019 20:00,0,0
6/17/2019 21:00,0.119487969,0.039273796
6/17/2019 22:00,0.248755412,0.08176195
6/17/2019 23:00,0.329524196,0.108309366
6/18/2019 0:00,0.391803247,0.1287795
6/18/2019 1:00,0.472678156,0.155361797
6/18/2019 2:00,0.52724246,0.173296216
6/18/2019 3:00,0.621946334,0.204423874
6/18/2019 4:00,0.749316999,0.246288587
6/18/2019 5:00,0.836081248,0.274806617
6/18/2019 6:00,0.976378994,0.320920256
6/18/2019 7:00,1.120396148,0.368256405
6/18/2019 8:00,1.156360154,0.380077203
6/18/2019 9:00,1.177983414,0.387184424
6/18/2019 10:00,1.094247885,0.359661887
6/18/2019 11:00,1.097971684,0.36088584
6/18/2019 12:00,1.156959184,0.380274094
6/18/2019 13:00,1.170033848,0.384571528
6/18/2019 14:00,1.163089943,0.382289177
6/18/2019 15:00,1.106558928,0.363708331
6/18/2019 16:00,1.010457901,0.332121451
6/18/2019 17:00,0.907517946,0.298286724
6/18/2019 18:00,0.792267358,0.260405687
6/18/2019 19:00,0.637886684,0.209663214
6/18/2019 20:00,0.500223622,0.164415554
6/18/2019 21:00,0.440798679,0.14488352
6/18/2019 22:00,0.532992698,0.175186228
6/18/2019 23:00,0.533880929,0.175478175
6/19/2019 0:00,0.434543147,0.142827425
6/19/2019 1:00,0.380048475,0.124915893
6/19/2019 2:00,0.427220755,0.140420672
6/19/2019 3:00,0.511328683,0.168065611
6/19/2019 4:00,0.571366951,0.187799235
6/19/2019 5:00,0.598396686,0.196683479
6/19/2019 6:00,0.642699987,0.21124527
6/19/2019 7:00,0.656311039,0.215719007
6/19/2019 8:00,0.579095707,0.190339554
6/19/2019 9:00,0.465439,0.152982401
6/19/2019 10:00,0.337415961,0.110903263
6/19/2019 11:00,0.211329711,0.069460717
6/19/2019 12:00,0.086778133,0.028522593
6/19/2019 13:00,0,0
6/19/2019 14:00,0,0
6/19/2019 15:00,0,0
6/19/2019 16:00,0,0
6/19/2019 17:00,0,0
6/19/2019 18:00,0,0
6/19/2019 19:00,0,0
6/19/2019 20:00,0,0
6/19/2019 21:00,0,0
6/19/2019 22:00,0,0
6/19/2019 23:00,0,0
6/20/2019 0:00,0,0
6/20/2019 1:00,0,0
6/20/2019 2:00,0,0
6/20/2019 3:00,0,0
6/20/2019 4:00,0,0
6/20/2019 5:00,0,0
6/20/2019 6:00,0,0
6/20/2019 7:00,0,0
6/20/2019 8:00,0,0
6/20/2019 9:00,0,0
6/20/2019 10:00,0,0
6/20/2019 11:00,0,0
6/20/2019 12:00,0,0
6/20/2019 13:00,0.187288655,0.061558804
6/20/2019 14:00,0.550081762,0.180803132
6/20/2019 15:00,0.83426476,0.274209566
6/20/2019 16:00,1.081500236,0.355471937
6/20/2019 17:00,1.201842728,0.395026601
6/20/2019 18:00,1.188092772,0.39050721
6/20/2019 19:00,1.155466182,0.379783368
6/20/2019 20:00,1.193730387,0.392360204
6/20/2019 21:00,1.223371728,0.402102842
6/20/2019 22:00,1.328662739,0.436710323
6/20/2019 23:00,1.363331459,0.448105381
6/21/2019 0:00,1.356067297,0.445717766
6/21/2019 1:00,1.301557111,0.427801134
6/21/2019 2:00,1.217351885,0.400124215
6/21/2019 3:00,1.228356769,0.403741345
6/21/2019 4:00,1.189372759,0.390927921
6/21/2019 5:00,1.075350013,0.353450457
6/21/2019 6:00,0.958586831,0.315072255
6/21/2019 7:00,0.935063665,0.307340564
6/21/2019 8:00,0.950359442,0.312368043
6/21/2019 9:00,0.982936939,0.323075748
6/21/2019 10:00,1.265681021,0.416009234
6/21/2019 11:00,1.341514789,0.440934588
6/21/2019 12:00,1.311213762,0.430975122
6/21/2019 13:00,1.270720061,0.417665486
6/21/2019 14:00,1.298218118,0.42670366
6/21/2019 15:00,1.258201304,0.41355077
6/21/2019 16:00,1.220620222,0.401198465
6/21/2019 17:00,1.179680373,0.387742188
6/21/2019 18:00,1.106938107,0.363832961
6/21/2019 19:00,1.037548636,0.341025745
6/21/2019 20:00,0.957600169,0.314747955
6/21/2019 21:00,0.931560237,0.306189043
6/21/2019 22:00,0.831650829,0.273350409
6/21/2019 23:00,0.811654045,0.266777784
6/22/2019 0:00,0.826179365,0.271552025
6/22/2019 1:00,0.824069595,0.270858578
6/22/2019 2:00,0.763408733,0.250920316
6/22/2019 3:00,0.67761733,0.222722046
6/22/2019 4:00,0.656674597,0.215838502
6/22/2019 5:00,0.664701041,0.218476667
6/22/2019 6:00,0.592345908,0.194694685
6/22/2019 7:00,0.495538329,0.162875572
6/22/2019 8:00,0.415188421,0.136465834
6/22/2019 9:00,0.391339651,0.128627123
6/22/2019 10:00,0.397313516,0.130590637
6/22/2019 11:00,0.372993582,0.122597062
6/22/2019 12:00,0.322318207,0.105940871
6/22/2019 13:00,0.282221346,0.09276167
6/22/2019 14:00,0.235129645,0.077283377
6/22/2019 15:00,0.149758862,0.049223358
6/22/2019 16:00,0.0283477,0.009317438
6/22/2019 17:00,0,0
6/22/2019 18:00,0,0
6/22/2019 19:00,0,0
6/22/2019 20:00,0,0
6/22/2019 21:00,0,0
6/22/2019 22:00,0,0
6/22/2019 23:00,0,0
6/23/2019 0:00,0,0
6/23/2019 1:00,0,0
6/23/2019 2:00,0,0
6/23/2019 3:00,0,0
6/23/2019 4:00,0,0
6/23/2019 5:00,0,0
6/23/2019 6:00,0,0
6/23/2019 7:00,0,0
6/23/2019 8:00,0,0
6/23/2019 9:00,0.036336,0.011943066
6/23/2019 10:00,0.190966032,0.062767499
6/23/2019 11:00,0.309885307,0.101854375
6/23/2019 12:00,0.427516993,0.14051804
6/23/2019 13:00,0.5358361,0.176120809
6/23/2019 14:00,0.617607445,0.20299775
6/23/2019 15:00,0.707879647,0.232668789
6/23/2019 16:00,0.775832845,0.255003924
6/23/2019 17:00,0.775962755,0.255046624
6/23/2019 18:00,0.768584922,0.252621647
6/23/2019 19:00,0.768440144,0.252574061
6/23/2019 20:00,0.762708783,0.250690254
6/23/2019 21:00,0.761507492,0.250295409
6/23/2019 22:00,0.86774575,0.285214235
6/23/2019 23:00,0.755222567,0.248229654
6/24/2019 0:00,0.688701374,0.226365195
6/24/2019 1:00,0.685167544,0.225203681
6/24/2019 2:00,0.624464915,0.205251692
6/24/2019 3:00,0.513366769,0.168735497
6/24/2019 4:00,0.403595854,0.132655542
6/24/2019 5:00,0.40194634,0.132113373
6/24/2019 6:00,0.490956202,0.1613695
6/24/2019 7:00,0.550454218,0.180925552
6/24/2019 8:00,0.600554712,0.197392788
6/24/2019 9:00,0.658782501,0.216531337
6/24/2019 10:00,0.81674702,0.268451764
6/24/2019 11:00,0.692697262,0.22767858
6/24/2019 12:00,0.616592679,0.202664213
6/24/2019 13:00,0.688401312,0.226266569
6/24/2019 14:00,0.816978025,0.268527691
6/24/2019 15:00,0.949690592,0.312148202
6/24/2019 16:00,1.053137802,0.346149656
6/24/2019 17:00,1.104552087,0.363048715
6/24/2019 18:00,1.092362275,0.359042117
6/24/2019 19:00,1.116034788,0.366822896
6/24/2019 20:00,1.150843023,0.378263809
6/24/2019 21:00,1.204916267,0.396036825
6/24/2019 22:00,1.307900178,0.429886
6/24/2019 23:00,1.293658974,0.425205142
6/25/2019 0:00,1.269729418,0.417339878
6/25/2019 1:00,1.263179477,0.415187016
6/25/2019 2:00,1.203431229,0.395548717
6/25/2019 3:00,1.165031131,0.382927215
6/25/2019 4:00,1.086029429,0.356960611
6/25/2019 5:00,1.009807587,0.331907703
6/25/2019 6:00,0.950543756,0.312428624
6/25/2019 7:00,0.892926788,0.293490842
6/25/2019 8:00,0.907090801,0.298146328
6/25/2019 9:00,0.90630235,0.297887177
6/25/2019 10:00,0.879299955,0.289011919
6/25/2019 11:00,0.846487679,0.278227045
6/25/2019 12:00,0.787387263,0.258801678
6/25/2019 13:00,0.674919166,0.221835202
6/25/2019 14:00,0.719191564,0.236386836
6/25/2019 15:00,0.641286037,0.210780527
6/25/2019 16:00,0.509888747,0.167592327
6/25/2019 17:00,0.492442228,0.161857933
6/25/2019 18:00,0.529504533,0.174039723
6/25/2019 19:00,0.524780515,0.172487014
6/25/2019 20:00,0.413660622,0.135963671
6/25/2019 21:00,0.323118646,0.106203963
6/25/2019 22:00,0.403085827,0.132487904
6/25/2019 23:00,0.33548078,0.1102672
6/26/2019 0:00,0.286556755,0.09418665
6/26/2019 1:00,0.277335431,0.091155748
6/26/2019 2:00,0.258099361,0.084833157
6/26/2019 3:00,0.212479351,0.069838585
6/26/2019 4:00,0.409877201,0.134720121
6/26/2019 5:00,0.569818237,0.187290197
6/26/2019 6:00,0.650445752,0.21379118
6/26/2019 7:00,0.747515408,0.245696433
6/26/2019 8:00,0.750260894,0.246598831
6/26/2019 9:00,0.791923344,0.260292616
6/26/2019 10:00,0.961831876,0.316138849
6/26/2019 11:00,0.994089271,0.326741342
6/26/2019 12:00,1.065032518,0.35005926
6/26/2019 13:00,1.137498046,0.373877527
6/26/2019 14:00,1.25497696,0.412490979
6/26/2019 15:00,1.334121429,0.438504508
6/26/2019 16:00,1.355861628,0.445650166
6/26/2019 17:00,1.353806812,0.444974781
6/26/2019 18:00,1.378217541,0.452998199
6/26/2019 19:00,1.348023875,0.443074021
6/26/2019 20:00,1.265206093,0.415853132
6/26/2019 21:00,1.17497256,0.386194805
6/26/2019 22:00,1.087127597,0.357321562
6/26/2019 23:00,1.11652983,0.366985608
6/27/2019 0:00,1.097501987,0.360731459
6/27/2019 1:00,1.039551576,0.34168408
6/27/2019 2:00,0.955715992,0.314128656
6/27/2019 3:00,0.898929094,0.295463705
6/27/2019 4:00,0.818618106,0.26906676
6/27/2019 5:00,0.715320131,0.235114357
6/27/2019 6:00,0.524200082,0.172296235
6/27/2019 7:00,0.335664212,0.110327491
6/27/2019 8:00,0.213391329,0.070138338
6/27/2019 9:00,0.154839335,0.050893228
6/27/2019 10:00,0.139683484,0.045911741
6/27/2019 11:00,0.251289187,0.082594762
6/27/2019 12:00,0.352988903,0.116021842
6/27/2019 13:00,0.34956993,0.11489808
6/27/2019 14:00,0.312088336,0.102578475
6/27/2019 15:00,0.254204797,0.083553076
6/27/2019 16:00,0.174463865,0.057343499
6/27/2019 17:00,0.091436738,0.030053803
6/27/2019 18:00,0.047116882,0.01548657
6/27/2019 19:00,0,0
6/27/2019 20:00,0,0
6/27/2019 21:00,0,0
6/27/2019 22:00,0,0
6/27/2019 23:00,0,0
6/28/2019 0:00,0,0
6/28/2019 1:00,0,0
6/28/2019 2:00,0,0
6/28/2019 3:00,0,0
6/28/2019 4:00,0,0
6/28/2019 5:00,0,0
6/28/2019 6:00,0,0
6/28/2019 7:00,0,0
6/28/2019 8:00,0.139561492,0.045871644
6/28/2019 9:00,0.306400968,0.100709128
6/28/2019 10:00,0.355701816,0.116913533
6/28/2019 11:00,0.51177143,0.168211135
6/28/2019 12:00,0.606710048,0.199415949
6/28/2019 13:00,0.568509655,0.186860087
6/28/2019 14:00,0.552123838,0.18147433
6/28/2019 15:00,0.561405489,0.184525061
6/28/2019 16:00,0.555551849,0.182601062
6/28/2019 17:00,0.577555225,0.189833222
6/28/2019 18:00,0.563225558,0.185123288
6/28/2019 19:00,0.592365074,0.194700984
6/28/2019 20:00,0.687856593,0.226087529
6/28/2019 21:00,0.815495022,0.268040251
6/28/2019 22:00,0.884411013,0.290691842
6/28/2019 23:00,0.82898503,0.272474203
6/29/2019 0:00,0.791012237,0.259993149
6/29/2019 1:00,0.617597313,0.20299442
6/29/2019 2:00,0.261824956,0.086057701
6/29/2019 3:00,0.291873875,0.095934303
6/29/2019 4:00,0.292290406,0.096071211
6/29/2019 5:00,0.408565369,0.134288943
6/29/2019 6:00,0.196407739,0.064556102
6/29/2019 7:00,0,0
6/29/2019 8:00,0.010865718,0.003571389
6/29/2019 9:00,0.190022578,0.062457401
6/29/2019 10:00,0.419056903,0.137737343
6/29/2019 11:00,0.643124169,0.211384692
6/29/2019 12:00,0.416523182,0.136904549
6/29/2019 13:00,0.364608598,0.119841051
6/29/2019 14:00,0.354012792,0.116358378
6/29/2019 15:00,0.148535036,0.048821105
6/29/2019 16:00,0,0
6/29/2019 17:00,0,0
6/29/2019 18:00,0,0
6/29/2019 19:00,0,0
6/29/2019 20:00,0,0
6/29/2019 21:00,0,0
6/29/2019 22:00,0.025458502,0.008367805
6/29/2019 23:00,0.110894651,0.036449309
6/30/2019 0:00,0.023541187,0.007737614
6/30/2019 1:00,0,0
6/30/2019 2:00,0,0
6/30/2019 3:00,0,0
6/30/2019 4:00,0,0
6/30/2019 5:00,0,0
6/30/2019 6:00,0.016490979,0.005420323
6/30/2019 7:00,0.498446677,0.1638315
6/30/2019 8:00,0.691254474,0.227204358
6/30/2019 9:00,0.795395578,0.261433884
6/30/2019 10:00,0.984470106,0.323579676
6/30/2019 11:00,1.140293299,0.374796283
6/30/2019 12:00,1.098114293,0.360932714
6/30/2019 13:00,1.259155302,0.413864334
6/30/2019 14:00,1.432166892,0.470730493
6/30/2019 15:00,1.584559547,0.520819537
6/30/2019 16:00,1.604877799,0.527497823
6/30/2019 17:00,1.516713866,0.49851974
6/30/2019 18:00,1.464529433,0.481367546
6/30/2019 19:00,1.487745544,0.488998313
6/30/2019 20:00,1.600769759,0.526147576
6/30/2019 21:00,1.702196682,0.559484993
6/30/2019 22:00,1.717985482,0.564674521
6/30/2019 23:00,1.635886348,0.53768984
07/01/2019 00:00,1.425331031,0.468483655
07/01/2019 01:00,1.398718733,0.459736615
07/01/2019 02:00,1.368324094,0.449746381
07/01/2019 03:00,1.26637942,0.416238787
07/01/2019 04:00,1.275022142,0.419079512
07/01/2019 05:00,1.298174574,0.426689348
07/01/2019 06:00,1.376180152,0.452328542
07/01/2019 07:00,1.472679063,0.4840462
07/01/2019 08:00,1.444727975,0.474859122
07/01/2019 09:00,1.449699218,0.47649309
07/01/2019 10:00,1.419834068,0.46667689
07/01/2019 11:00,1.278965773,0.420375721
07/01/2019 12:00,1.228869338,0.403909819
07/01/2019 13:00,1.256918172,0.413129025
07/01/2019 14:00,1.200258639,0.394505937
07/01/2019 15:00,1.203617609,0.395609977
07/01/2019 16:00,1.203818037,0.395675854
07/01/2019 17:00,1.195721284,0.39301458
07/01/2019 18:00,1.177901825,0.387157607
07/01/2019 19:00,1.146518855,0.376842524
07/01/2019 20:00,1.028567329,0.338073732
07/01/2019 21:00,0.911088627,0.29946035
07/01/2019 22:00,0.836290254,0.274875314
07/01/2019 23:00,0.754492309,0.24798963
07/02/2019 00:00,0.571624752,0.18788397
07/02/2019 01:00,0.361505004,0.118820949
07/02/2019 02:00,0.171206232,0.056272767
07/02/2019 03:00,0,0
07/02/2019 04:00,0,0
07/02/2019 05:00,0,0
07/02/2019 06:00,0.017352284,0.00570342
07/02/2019 07:00,0.065982571,0.021687422
07/02/2019 08:00,0.169417131,0.055684718
07/02/2019 09:00,0.291549451,0.09582767
07/02/2019 10:00,0.58467411,0.192173087
07/02/2019 11:00,0.765369412,0.25156476
07/02/2019 12:00,1.026558925,0.337413602
07/02/2019 13:00,1.170758141,0.384809592
07/02/2019 14:00,1.141401362,0.375160485
07/02/2019 15:00,1.145384185,0.376469576
07/02/2019 16:00,1.1184733,0.367624396
07/02/2019 17:00,1.039449957,0.341650679
07/02/2019 18:00,1.022804076,0.336179443
07/02/2019 19:00,1.029751838,0.338463061
07/02/2019 20:00,1.008529651,0.331487666
07/02/2019 21:00,0.95771306,0.31478506
07/02/2019 22:00,0.851989777,0.280035498
07/02/2019 23:00,0.856701362,0.281584121
07/03/2019 00:00,1.050496015,0.345281343
07/03/2019 01:00,1.112611005,0.365697553
07/03/2019 02:00,1.071066574,0.352042558
07/03/2019 03:00,1.025422541,0.33704009
07/03/2019 04:00,0.990536471,0.325573594
07/03/2019 05:00,0.957401499,0.314682655
07/03/2019 06:00,0.936437089,0.307791986
07/03/2019 07:00,0.930928354,0.305981353
07/03/2019 08:00,0.875837779,0.287873957
07/03/2019 09:00,0.812270414,0.266980374
07/03/2019 10:00,0.708916983,0.233009744
07/03/2019 11:00,0.811744994,0.266807677
07/03/2019 12:00,0.932547379,0.306513501
07/03/2019 13:00,0.978315445,0.321556737
07/03/2019 14:00,1.099878496,0.361512579
07/03/2019 15:00,1.317694226,0.433105148
07/03/2019 16:00,1.451635247,0.477129432
07/03/2019 17:00,1.543620125,0.5073634
07/03/2019 18:00,1.50292922,0.493988946
07/03/2019 19:00,1.496828638,0.491983782
07/03/2019 20:00,1.529045375,0.502572911
07/03/2019 21:00,1.589829081,0.522551549
07/03/2019 22:00,1.729440403,0.568439571
07/03/2019 23:00,1.75,0.575197184
07/04/2019 00:00,1.75,0.575197184
07/04/2019 01:00,1.75,0.575197184
07/04/2019 02:00,1.75,0.575197184
07/04/2019 03:00,1.75,0.575197184
07/04/2019 04:00,1.75,0.575197184
07/04/2019 05:00,1.75,0.575197184
07/04/2019 06:00,1.75,0.575197184
07/04/2019 07:00,1.75,0.575197184
07/04/2019 08:00,1.75,0.575197184
07/04/2019 09:00,1.75,0.575197184
07/04/2019 10:00,1.75,0.575197184
07/04/2019 11:00,1.75,0.575197184
07/04/2019 12:00,1.75,0.575197184
07/04/2019 13:00,1.75,0.575197184
07/04/2019 14:00,1.552363152,0.510237094
07/04/2019 15:00,1.316513876,0.432717185
07/04/2019 16:00,1.123106555,0.369147273
07/04/2019 17:00,0.942075156,0.30964513
07/04/2019 18:00,0.779010654,0.25604842
07/04/2019 19:00,0.652793771,0.214562937
07/04/2019 20:00,0.521086184,0.171272746
07/04/2019 21:00,0.431395699,0.141792909
07/04/2019 22:00,0.337192253,0.110829734
07/04/2019 23:00,0.379361573,0.124690119
07/05/2019 00:00,0.431961932,0.141979021
07/05/2019 01:00,0.517314195,0.170032953
07/05/2019 02:00,0.605284415,0.198947366
07/05/2019 03:00,0.637325803,0.209478861
07/05/2019 04:00,0.513143354,0.168662064
07/05/2019 05:00,0.474514945,0.15596552
07/05/2019 06:00,0.442845096,0.145556144
07/05/2019 07:00,0.367249061,0.120708929
07/05/2019 08:00,0.310979294,0.102213951
07/05/2019 09:00,0.393663429,0.129390912
07/05/2019 10:00,0.489134338,0.160770682
07/05/2019 11:00,0.529231924,0.173950121
07/05/2019 12:00,0.509907546,0.167598505
07/05/2019 13:00,0.566787659,0.186294094
07/05/2019 14:00,0.703114044,0.231102411
07/05/2019 15:00,1.034743584,0.340103769
07/05/2019 16:00,1.349488591,0.44355545
07/05/2019 17:00,1.493259087,0.490810527
07/05/2019 18:00,1.484638034,0.487976924
07/05/2019 19:00,1.428523597,0.469533
07/05/2019 20:00,1.353424606,0.444849155
07/05/2019 21:00,1.429936328,0.469997342
07/05/2019 22:00,1.449657401,0.476479346
07/05/2019 23:00,1.394000652,0.458185857
07/06/2019 00:00,1.420072327,0.466755202
07/06/2019 01:00,1.43981267,0.473243539
07/06/2019 02:00,1.422464347,0.467541421
07/06/2019 03:00,1.389396793,0.456672642
07/06/2019 04:00,1.356660113,0.445912615
07/06/2019 05:00,1.306778143,0.429517205
07/06/2019 06:00,1.255833596,0.412772542
07/06/2019 07:00,1.146785733,0.376930242
07/06/2019 08:00,0.993955249,0.326697292
07/06/2019 09:00,0.799620499,0.262822548
07/06/2019 10:00,0.859588605,0.282533111
07/06/2019 11:00,0.691101499,0.227154078
07/06/2019 12:00,0.686112341,0.225514221
07/06/2019 13:00,0.7654269,0.251583656
07/06/2019 14:00,0.874558271,0.287453403
07/06/2019 15:00,0.878821989,0.288854819
07/06/2019 16:00,0.794977166,0.261296358
07/06/2019 17:00,0.696024992,0.228772352
07/06/2019 18:00,0.625973855,0.205747657
07/06/2019 19:00,0.619257881,0.203540223
07/06/2019 20:00,0.63407897,0.208411679
07/06/2019 21:00,0.626669711,0.205976373
07/06/2019 22:00,0.905338031,0.297570221
07/06/2019 23:00,0.930104051,0.305710418
07/07/2019 00:00,0.89294008,0.293495211
07/07/2019 01:00,0.9490501,0.311937683
07/07/2019 02:00,1.041389351,0.342288127
07/07/2019 03:00,1.096012233,0.3602418
07/07/2019 04:00,1.152158403,0.378696154
07/07/2019 05:00,1.182716671,0.388740171
07/07/2019 06:00,1.252261789,0.411598545
07/07/2019 07:00,1.366336471,0.44909308
07/07/2019 08:00,1.461571426,0.480395296
07/07/2019 09:00,1.444509753,0.474787395
07/07/2019 10:00,1.488033247,0.489092876
07/07/2019 11:00,1.233491063,0.405428906
07/07/2019 12:00,1.104691446,0.363094519
07/07/2019 13:00,1.050920999,0.345421028
07/07/2019 14:00,0.971919349,0.319454441
07/07/2019 15:00,0.879796578,0.289175151
07/07/2019 16:00,0.784921733,0.257991298
07/07/2019 17:00,0.668224549,0.219634788
07/07/2019 18:00,0.502834693,0.165273771
07/07/2019 19:00,0.373128419,0.122641381
07/07/2019 20:00,0.389273149,0.127947897
07/07/2019 21:00,0.388504057,0.127695108
07/07/2019 22:00,0.613081925,0.201510284
07/07/2019 23:00,0.554145425,0.182138793
07/08/2019 00:00,0.531072437,0.174555069
07/08/2019 01:00,0.496326187,0.163134529
07/08/2019 02:00,0.510473115,0.167784399
07/08/2019 03:00,0.493122511,0.162081531
07/08/2019 04:00,0.457352259,0.150324418
07/08/2019 05:00,0.34564664,0.113608556
07/08/2019 06:00,0.248835885,0.0817884
07/08/2019 07:00,0.185887562,0.061098287
07/08/2019 08:00,0.087963834,0.028912314
07/08/2019 09:00,0,0
07/08/2019 10:00,0,0
07/08/2019 11:00,0,0
07/08/2019 12:00,0,0
07/08/2019 13:00,0,0
07/08/2019 14:00,0,0
07/08/2019 15:00,0,0
07/08/2019 16:00,0,0
07/08/2019 17:00,0,0
07/08/2019 18:00,0,0
07/08/2019 19:00,0,0
07/08/2019 20:00,0,0
07/08/2019 21:00,0,0
07/08/2019 22:00,0,0
07/08/2019 23:00,0,0
07/09/2019 00:00,0.065451355,0.02151282
07/09/2019 01:00,0.103161166,0.033907435
07/09/2019 02:00,0.058169535,0.019119402
07/09/2019 03:00,0.071050978,0.023353327
07/09/2019 04:00,0.178995037,0.058832824
07/09/2019 05:00,0.303842695,0.099868264
07/09/2019 06:00,0.49211333,0.16174983
07/09/2019 07:00,0.613878074,0.201771965
07/09/2019 08:00,0.71458773,0.234873629
07/09/2019 09:00,0.88594208,0.29119508
07/09/2019 10:00,0.87013796,0.286000517
07/09/2019 11:00,0.89592115,0.294475042
07/09/2019 12:00,0.829696806,0.272708152
07/09/2019 13:00,0.760923037,0.250103308
07/09/2019 14:00,0.785926032,0.258321395
07/09/2019 15:00,0.78534981,0.258131999
07/09/2019 16:00,0.69740877,0.229227177
07/09/2019 17:00,0.567372333,0.186486268
07/09/2019 18:00,0.598766137,0.196804912
07/09/2019 19:00,0.65286421,0.214586089
07/09/2019 20:00,0.636332014,0.209152219
07/09/2019 21:00,0.619803517,0.203719564
07/09/2019 22:00,0.495867152,0.162983651
07/09/2019 23:00,0.352062194,0.115717247
07/10/2019 00:00,0.226152104,0.074332602
07/10/2019 01:00,0.083764902,0.027532192
07/10/2019 02:00,0,0
07/10/2019 03:00,0,0
07/10/2019 04:00,0,0
07/10/2019 05:00,0,0
07/10/2019 06:00,0,0
07/10/2019 07:00,0,0
07/10/2019 08:00,0,0
07/10/2019 09:00,0,0
07/10/2019 10:00,0,0
07/10/2019 11:00,0,0
07/10/2019 12:00,0,0
07/10/2019 13:00,0,0
07/10/2019 14:00,0,0
07/10/2019 15:00,0,0
07/10/2019 16:00,0.073490948,0.024155306
07/10/2019 17:00,0.230513878,0.075766248
07/10/2019 18:00,0.352399969,0.115828269
07/10/2019 19:00,0.492336124,0.161823058
07/10/2019 20:00,0.554305252,0.182191326
07/10/2019 21:00,0.559825744,0.184005824
07/10/2019 22:00,0.566977476,0.186356485
07/10/2019 23:00,0.536332459,0.176283954
07/11/2019 00:00,0.530091336,0.174232597
07/11/2019 01:00,0.488973339,0.160717765
07/11/2019 02:00,0.4157363,0.136645914
07/11/2019 03:00,0.392899167,0.129139711
07/11/2019 04:00,0.441755577,0.145198036
07/11/2019 05:00,0.411918613,0.135391101
07/11/2019 06:00,0.449741928,0.147823023
07/11/2019 07:00,0.481223817,0.15817062
07/11/2019 08:00,0.469469206,0.154307066
07/11/2019 09:00,0.487204605,0.16013641
07/11/2019 10:00,0.621558374,0.204296358
07/11/2019 11:00,0.741336224,0.243665433
07/11/2019 12:00,0.71982298,0.236594372
07/11/2019 13:00,0.604457362,0.198675527
07/11/2019 14:00,0.542846637,0.178425061
07/11/2019 15:00,0.476040135,0.156466826
07/11/2019 16:00,0.529170905,0.173930066
07/11/2019 17:00,0.615919738,0.202443028
07/11/2019 18:00,0.577458903,0.189801563
07/11/2019 19:00,0.568529748,0.186866691
07/11/2019 20:00,0.56931744,0.187125593
07/11/2019 21:00,0.551638443,0.181314788
07/11/2019 22:00,0.655451306,0.215436426
07/11/2019 23:00,0.578838247,0.190254931
07/12/2019 00:00,0.479602236,0.157637632
07/12/2019 01:00,0.413164906,0.135800737
07/12/2019 02:00,0.375454692,0.12340599
07/12/2019 03:00,0.339015485,0.111429001
07/12/2019 04:00,0.278710925,0.091607851
07/12/2019 05:00,0.238009272,0.078229864
07/12/2019 06:00,0.2382234,0.078300245
07/12/2019 07:00,0.221991248,0.072964995
07/12/2019 08:00,0.166378438,0.054685948
07/12/2019 09:00,0.040635867,0.013356364
07/12/2019 10:00,0.027748387,0.009120454
07/12/2019 11:00,0,0
07/12/2019 12:00,0,0
07/12/2019 13:00,0,0
07/12/2019 14:00,0,0
07/12/2019 15:00,0,0
07/12/2019 16:00,0,0
07/12/2019 17:00,0,0
07/12/2019 18:00,0,0
07/12/2019 19:00,0,0
07/12/2019 20:00,0,0
07/12/2019 21:00,0,0
07/12/2019 22:00,0,0
07/12/2019 23:00,0,0
7/13/2019 0:00,0,0
7/13/2019 1:00,0,0
7/13/2019 2:00,0,0
7/13/2019 3:00,0,0
7/13/2019 4:00,0,0
7/13/2019 5:00,0,0
7/13/2019 6:00,0.163744438,0.053820194
7/13/2019 7:00,0.316684613,0.104089199
7/13/2019 8:00,0.445660364,0.146481478
7/13/2019 9:00,0.511003626,0.16795877
7/13/2019 10:00,0.686562068,0.225662039
7/13/2019 11:00,0.692163716,0.227503212
7/13/2019 12:00,0.72509764,0.238328069
7/13/2019 13:00,0.723365118,0.237758616
7/13/2019 14:00,0.69643067,0.228905692
7/13/2019 15:00,0.632798659,0.207990861
7/13/2019 16:00,0.636066502,0.209064949
7/13/2019 17:00,0.597119672,0.196263745
7/13/2019 18:00,0.506901967,0.16661062
7/13/2019 19:00,0.433167733,0.142375349
7/13/2019 20:00,0.331313055,0.108897335
7/13/2019 21:00,0.231188955,0.075988135
7/13/2019 22:00,0.146453212,0.048136843
7/13/2019 23:00,0.152339091,0.050071438
7/14/2019 0:00,0.237712953,0.078132469
7/14/2019 1:00,0.272454829,0.089551572
7/14/2019 2:00,0.303942917,0.099901206
7/14/2019 3:00,0.3392338,0.111500758
7/14/2019 4:00,0.286304198,0.094103639
7/14/2019 5:00,0.24159673,0.079409005
7/14/2019 6:00,0.189377214,0.06224528
7/14/2019 7:00,0.170561129,0.056060732
7/14/2019 8:00,0.130557547,0.042912191
7/14/2019 9:00,0.187619872,0.06166767
7/14/2019 10:00,0.190063713,0.062470921
7/14/2019 11:00,0.152105481,0.049994654
7/14/2019 12:00,0.133121938,0.043755065
7/14/2019 13:00,0.10864173,0.03570881
7/14/2019 14:00,0.102136488,0.03357064
7/14/2019 15:00,0.055291921,0.018173576
7/14/2019 16:00,0,0
7/14/2019 17:00,0,0
7/14/2019 18:00,0,0
7/14/2019 19:00,0,0
7/14/2019 20:00,0,0
7/14/2019 21:00,0,0
7/14/2019 22:00,0,0
7/14/2019 23:00,0,0
7/15/2019 0:00,0,0
7/15/2019 1:00,0,0
7/15/2019 2:00,0,0
7/15/2019 3:00,0,0
7/15/2019 4:00,0.037918006,0.012463046
7/15/2019 5:00,0.061011881,0.020053635
7/15/2019 6:00,0.039894285,0.013112617
7/15/2019 7:00,0.026387843,0.008673265
7/15/2019 8:00,0,0
7/15/2019 9:00,0,0
7/15/2019 10:00,0,0
7/15/2019 11:00,0,0
7/15/2019 12:00,0,0
7/15/2019 13:00,0,0
7/15/2019 14:00,0,0
7/15/2019 15:00,0,0
7/15/2019 16:00,0,0
7/15/2019 17:00,0,0
7/15/2019 18:00,0,0
7/15/2019 19:00,0,0
7/15/2019 20:00,0,0
7/15/2019 21:00,0,0
7/15/2019 22:00,0,0
7/15/2019 23:00,0,0
7/16/2019 0:00,0,0
7/16/2019 1:00,0,0
7/16/2019 2:00,0,0
7/16/2019 3:00,0,0
7/16/2019 4:00,0,0
7/16/2019 5:00,0,0
7/16/2019 6:00,0,0
7/16/2019 7:00,0.084719164,0.027845843
7/16/2019 8:00,0.103095212,0.033885758
7/16/2019 9:00,0.037732515,0.012402078
7/16/2019 10:00,0,0
7/16/2019 11:00,0,0
7/16/2019 12:00,0,0
7/16/2019 13:00,0,0
7/16/2019 14:00,0,0
7/16/2019 15:00,0,0
7/16/2019 16:00,0,0
7/16/2019 17:00,0,0
7/16/2019 18:00,0,0
7/16/2019 19:00,0,0
7/16/2019 20:00,0,0
7/16/2019 21:00,0,0
7/16/2019 22:00,0,0
7/16/2019 23:00,0.132964164,0.043703207
7/17/2019 0:00,0.230973974,0.075917474
7/17/2019 1:00,0.229489245,0.075429467
7/17/2019 2:00,0.269647509,0.08862885
7/17/2019 3:00,0.336387661,0.110565277
7/17/2019 4:00,0.36923136,0.121360479
7/17/2019 5:00,0.398539522,0.130993606
7/17/2019 6:00,0.473847225,0.155746051
7/17/2019 7:00,0.594177918,0.195296837
7/17/2019 8:00,0.731178382,0.240326712
7/17/2019 9:00,0.877252072,0.288338812
7/17/2019 10:00,0.911629486,0.299638122
7/17/2019 11:00,0.980392375,0.32223939
7/17/2019 12:00,0.971741625,0.319396026
7/17/2019 13:00,1.04318291,0.342877641
7/17/2019 14:00,1.168217695,0.383974588
7/17/2019 15:00,1.191040616,0.391476119
7/17/2019 16:00,1.107510713,0.364021168
7/17/2019 17:00,1.092733495,0.359164131
7/17/2019 18:00,1.080112966,0.355015964
7/17/2019 19:00,0.973231322,0.319885666
7/17/2019 20:00,0.774832897,0.254675257
7/17/2019 21:00,0.524512402,0.172398889
7/17/2019 22:00,0.410531205,0.134935082
7/17/2019 23:00,0.417364723,0.137181151
7/18/2019 0:00,0.325121439,0.106862249
7/18/2019 1:00,0.195298206,0.064191416
7/18/2019 2:00,0.116376485,0.038251101
7/18/2019 3:00,0,0
7/18/2019 4:00,0,0
7/18/2019 5:00,0,0
7/18/2019 6:00,0,0
7/18/2019 7:00,0,0
7/18/2019 8:00,0,0
7/18/2019 9:00,0,0
7/18/2019 10:00,0.006951758,0.002284932
7/18/2019 11:00,0.070258415,0.023092824
7/18/2019 12:00,0.111893828,0.036777723
7/18/2019 13:00,0.085700812,0.028168495
7/18/2019 14:00,0,0
7/18/2019 15:00,0.01031994,0.003392
7/18/2019 16:00,0.036450132,0.011980579
7/18/2019 17:00,0.063819479,0.020976448
7/18/2019 18:00,0.103036501,0.03386646
7/18/2019 19:00,0.195033923,0.06410455
7/18/2019 20:00,0.22171502,0.072874203
7/18/2019 21:00,0.242481798,0.079699913
7/18/2019 22:00,0.32016549,0.105233308
7/18/2019 23:00,0.377592195,0.124108553
7/19/2019 0:00,0.411695629,0.13531781
7/19/2019 1:00,0.436547101,0.143486093
7/19/2019 2:00,0.490736439,0.161297267
7/19/2019 3:00,0.507846921,0.166921211
7/19/2019 4:00,0.537733548,0.17674447
7/19/2019 5:00,0.572943748,0.188317503
7/19/2019 6:00,0.632000675,0.207728576
7/19/2019 7:00,0.618051555,0.203143722
7/19/2019 8:00,0.548426566,0.180259095
7/19/2019 9:00,0.432860064,0.142274223
7/19/2019 10:00,0.198024063,0.065087362
7/19/2019 11:00,0.099994297,0.032866536
7/19/2019 12:00,0.008161962,0.002682707
7/19/2019 13:00,0,0
7/19/2019 14:00,0,0
7/19/2019 15:00,0,0
7/19/2019 16:00,0,0
7/19/2019 17:00,0,0
7/19/2019 18:00,0,0
7/19/2019 19:00,0,0
7/19/2019 20:00,0,0
7/19/2019 21:00,0,0
7/19/2019 22:00,0.087568377,0.028782334
7/19/2019 23:00,0.28967632,0.095212002
7/20/2019 0:00,0.479872554,0.157726481
7/20/2019 1:00,0.559323749,0.183840826
7/20/2019 2:00,0.517909353,0.170228572
7/20/2019 3:00,0.553539058,0.18193949
7/20/2019 4:00,0.507189562,0.166705147
7/20/2019 5:00,0.37091412,0.121913576
7/20/2019 6:00,0.360167362,0.118381287
7/20/2019 7:00,0.53029178,0.174298479
7/20/2019 8:00,0.500761841,0.164592458
7/20/2019 9:00,0.447644273,0.147133557
7/20/2019 10:00,0.238881564,0.078516573
7/20/2019 11:00,0.225009736,0.073957124
7/20/2019 12:00,0.076348728,0.025094613
7/20/2019 13:00,0.202060306,0.066414011
7/20/2019 14:00,0.446792508,0.146853596
7/20/2019 15:00,0.624098672,0.205131313
7/20/2019 16:00,0.753745181,0.24774406
7/20/2019 17:00,0.800540156,0.263124825
7/20/2019 18:00,0.755738738,0.248399311
7/20/2019 19:00,0.741946112,0.243865894
7/20/2019 20:00,0.76925303,0.252841244
7/20/2019 21:00,0.709072688,0.233060922
7/20/2019 22:00,0.578059883,0.189999096
7/20/2019 23:00,0.530292102,0.174298585
7/21/2019 0:00,0.489736635,0.160968648
7/21/2019 1:00,0.473035412,0.155479221
7/21/2019 2:00,0.441363222,0.145069076
7/21/2019 3:00,0.416244976,0.136813107
7/21/2019 4:00,0.495347287,0.16281278
7/21/2019 5:00,0.586460922,0.192760383
7/21/2019 6:00,0.611533077,0.201001202
7/21/2019 7:00,0.568908497,0.18699118
7/21/2019 8:00,0.520018439,0.170921795
7/21/2019 9:00,0.462289057,0.151947065
7/21/2019 10:00,0.382819185,0.125826581
7/21/2019 11:00,0.26081486,0.085725699
7/21/2019 12:00,0.166188717,0.05462359
7/21/2019 13:00,0.021835183,0.007176878
7/21/2019 14:00,0,0
7/21/2019 15:00,0.069704928,0.022910902
7/21/2019 16:00,0.383440212,0.126030703
7/21/2019 17:00,0.850803114,0.27964546
7/21/2019 18:00,1.088532468,0.35778332
7/21/2019 19:00,1.125278646,0.369861205
7/21/2019 20:00,1.266618783,0.416317461
7/21/2019 21:00,1.460667109,0.480098062
7/21/2019 22:00,1.594159993,0.523975051
7/21/2019 23:00,1.201999903,0.395078262
7/22/2019 0:00,0.966033458,0.317519843
7/22/2019 1:00,0.963018564,0.316528895
7/22/2019 2:00,1.034572464,0.340047525
7/22/2019 3:00,1.128351767,0.370871291
7/22/2019 4:00,1.07197457,0.352341002
7/22/2019 5:00,0.955863833,0.314177249
7/22/2019 6:00,0.835517796,0.274621419
7/22/2019 7:00,0.661873131,0.217547178
7/22/2019 8:00,0.590123969,0.193964369
7/22/2019 9:00,0.68149166,0.223995477
7/22/2019 10:00,0.24385983,0.08015285
7/22/2019 11:00,0.053328627,0.017528272
7/22/2019 12:00,0.051341622,0.016875175
7/22/2019 13:00,0,0
7/22/2019 14:00,0,0
7/22/2019 15:00,0,0
7/22/2019 16:00,0,0
7/22/2019 17:00,0,0
7/22/2019 18:00,0,0
7/22/2019 19:00,0,0
7/22/2019 20:00,0,0
7/22/2019 21:00,0.132208573,0.043454856
7/22/2019 22:00,0.353249233,0.116107408
7/22/2019 23:00,0.552000391,0.181433755
7/23/2019 0:00,0.706116606,0.232089305
7/23/2019 1:00,0.803701199,0.264163809
7/23/2019 2:00,0.867188208,0.28503098
7/23/2019 3:00,0.913928168,0.300393662
7/23/2019 4:00,0.823317904,0.270611508
7/23/2019 5:00,0.587808966,0.193203464
7/23/2019 6:00,0.465733468,0.153079188
7/23/2019 7:00,0.589264718,0.193681946
7/23/2019 8:00,0.805989493,0.264915935
7/23/2019 9:00,0.854384762,0.280822691
7/23/2019 10:00,0.890059621,0.29254845
7/23/2019 11:00,0.707494111,0.232542069
7/23/2019 12:00,0.415471296,0.136558811
7/23/2019 13:00,0.116703109,0.038358457
7/23/2019 14:00,0,0
7/23/2019 15:00,0,0
7/23/2019 16:00,0,0
7/23/2019 17:00,0,0
7/23/2019 18:00,0,0
7/23/2019 19:00,0,0
7/23/2019 20:00,0,0
7/23/2019 21:00,0,0
7/23/2019 22:00,0,0
7/23/2019 23:00,0,0
7/24/2019 0:00,0,0
7/24/2019 1:00,0,0
7/24/2019 2:00,0.303092843,0.0996218
7/24/2019 3:00,0.597509633,0.196391919
7/24/2019 4:00,0.803528479,0.264107039
7/24/2019 5:00,1.119946054,0.368108467
7/24/2019 6:00,1.407780382,0.462715035
7/24/2019 7:00,1.731318711,0.569056941
7/24/2019 8:00,1.629670866,0.53564691
7/24/2019 9:00,1.387178716,0.455943595
7/24/2019 10:00,1.27989371,0.420680719
7/24/2019 11:00,1.223940419,0.402289761
7/24/2019 12:00,0.968084557,0.318194006
7/24/2019 13:00,0.462146113,0.151900082
7/24/2019 14:00,0.113785323,0.037399427
7/24/2019 15:00,0,0
7/24/2019 16:00,0,0
7/24/2019 17:00,0,0
7/24/2019 18:00,0,0
7/24/2019 19:00,0,0
7/24/2019 20:00,0,0
7/24/2019 21:00,0,0
7/24/2019 22:00,0,0
7/24/2019 23:00,0,0
7/25/2019 0:00,0,0
7/25/2019 1:00,0,0
7/25/2019 2:00,0,0
7/25/2019 3:00,0.11520346,0.037865546
7/25/2019 4:00,0.287589429,0.094526074
7/25/2019 5:00,0.483167557,0.158809496
7/25/2019 6:00,0.678547473,0.223027769
7/25/2019 7:00,0.680010309,0.22350858
7/25/2019 8:00,0.668298926,0.219659234
7/25/2019 9:00,0.70333694,0.231175673
7/25/2019 10:00,0.837662937,0.275326493
7/25/2019 11:00,1.001748693,0.329258873
7/25/2019 12:00,1.059962482,0.34839282
7/25/2019 13:00,1.120545131,0.368305374
7/25/2019 14:00,1.241037025,0.407909144
7/25/2019 15:00,1.435224904,0.471735613
7/25/2019 16:00,1.604770618,0.527462595
7/25/2019 17:00,1.666055815,0.547606065
7/25/2019 18:00,1.75,0.575197184
7/25/2019 19:00,1.75,0.575197184
7/25/2019 20:00,1.75,0.575197184
7/25/2019 21:00,1.75,0.575197184
7/25/2019 22:00,1.75,0.575197184
7/25/2019 23:00,1.75,0.575197184
7/26/2019 0:00,1.75,0.575197184
7/26/2019 1:00,1.75,0.575197184
7/26/2019 2:00,1.75,0.575197184
7/26/2019 3:00,1.75,0.575197184
7/26/2019 4:00,1.606768438,0.528119246
7/26/2019 5:00,1.231841463,0.404886709
7/26/2019 6:00,1.14536386,0.376462896
7/26/2019 7:00,1.207494027,0.396884094
7/26/2019 8:00,1.057251931,0.347501905
7/26/2019 9:00,0.839486005,0.275925706
7/26/2019 10:00,0.690872745,0.22707889
7/26/2019 11:00,0.614725892,0.20205063
7/26/2019 12:00,0.758776937,0.249397919
7/26/2019 13:00,1.024534052,0.336748058
7/26/2019 14:00,1.193606997,0.392319648
7/26/2019 15:00,1.322365009,0.43464036
7/26/2019 16:00,1.324641752,0.435388689
7/26/2019 17:00,1.180655672,0.388062753
7/26/2019 18:00,1.147418653,0.377138273
7/26/2019 19:00,1.050858191,0.345400384
7/26/2019 20:00,0.825019473,0.271170787
7/26/2019 21:00,0.779224437,0.256118687
7/26/2019 22:00,0.477265272,0.156869509
7/26/2019 23:00,0.312474974,0.102705557
7/27/2019 0:00,0.014728079,0.004840885
7/27/2019 1:00,0.170771052,0.05612973
7/27/2019 2:00,0.398503942,0.130981911
7/27/2019 3:00,0.167886277,0.055181551
7/27/2019 4:00,0,0
7/27/2019 5:00,0.194243567,0.063844773
7/27/2019 6:00,0.45404559,0.149237568
7/27/2019 7:00,0.588778018,0.193521976
7/27/2019 8:00,0.515809605,0.169538419
7/27/2019 9:00,0.438480698,0.144121636
7/27/2019 10:00,0.401574513,0.131991159
7/27/2019 11:00,0.398720727,0.131053165
7/27/2019 12:00,0.579652277,0.19052249
7/27/2019 13:00,0.655251735,0.21537083
7/27/2019 14:00,0.709218574,0.233108872
7/27/2019 15:00,0.7620547,0.250475267
7/27/2019 16:00,0.857863812,0.281966199
7/27/2019 17:00,0.949745103,0.312166119
7/27/2019 18:00,0.927548497,0.304870448
7/27/2019 19:00,0.917486572,0.301563253
7/27/2019 20:00,0.911584393,0.299623301
7/27/2019 21:00,0.906610018,0.297988303
7/27/2019 22:00,0.885657308,0.29110148
7/27/2019 23:00,0.829623457,0.272684044
7/28/2019 0:00,0.858257928,0.282095739
7/28/2019 1:00,0.929011818,0.305351418
7/28/2019 2:00,0.971522902,0.319324136
7/28/2019 3:00,0.96222879,0.316269309
7/28/2019 4:00,0.877849223,0.288535086
7/28/2019 5:00,0.803588947,0.264126914
7/28/2019 6:00,0.827096347,0.271853423
7/28/2019 7:00,0.915912835,0.301045991
7/28/2019 8:00,1.017275035,0.334362135
7/28/2019 9:00,1.11597581,0.36680351
7/28/2019 10:00,1.117016527,0.367145578
7/28/2019 11:00,1.086602461,0.357148958
7/28/2019 12:00,1.021612448,0.335787773
7/28/2019 13:00,0.975904022,0.32076414
7/28/2019 14:00,0.866246773,0.284721546
7/28/2019 15:00,0.710797495,0.233627839
7/28/2019 16:00,0.599102879,0.196915594
7/28/2019 17:00,0.511769981,0.168210658
7/28/2019 18:00,0.420131651,0.138090596
7/28/2019 19:00,0.314354395,0.103323293
7/28/2019 20:00,0.228553406,0.075121872
7/28/2019 21:00,0.10908639,0.035854963
7/28/2019 22:00,0.141720842,0.046581388
7/28/2019 23:00,0.338884674,0.111386006
7/29/2019 0:00,0.309538032,0.101740231
7/29/2019 1:00,0.140547575,0.046195754
7/29/2019 2:00,0,0
7/29/2019 3:00,0,0
7/29/2019 4:00,0,0
7/29/2019 5:00,0,0
7/29/2019 6:00,0,0
7/29/2019 7:00,0,0
7/29/2019 8:00,0,0
7/29/2019 9:00,0,0
7/29/2019 10:00,0,0
7/29/2019 11:00,0,0
7/29/2019 12:00,0,0
7/29/2019 13:00,0,0
7/29/2019 14:00,0.25406996,0.083508758
7/29/2019 15:00,0.483453652,0.158903531
7/29/2019 16:00,0.485115805,0.159449854
7/29/2019 17:00,0.48165771,0.158313233
7/29/2019 18:00,0.50968746,0.167526167
7/29/2019 19:00,0.449613451,0.147780795
7/29/2019 20:00,0.318806015,0.10478647
7/29/2019 21:00,0.230565492,0.075783213
7/29/2019 22:00,0.297200734,0.097685157
7/29/2019 23:00,0.321270345,0.105596456
7/30/2019 0:00,0.233462046,0.076735264
7/30/2019 1:00,0.11099807,0.036483301
7/30/2019 2:00,0,0
7/30/2019 3:00,0,0
7/30/2019 4:00,0,0
7/30/2019 5:00,0,0
7/30/2019 6:00,0.07715898,0.02536093
7/30/2019 7:00,0.170205229,0.055943753
7/30/2019 8:00,0.207208705,0.068106208
7/30/2019 9:00,0.216450228,0.07114375
7/30/2019 10:00,0.230044736,0.075612048
7/30/2019 11:00,0.222185815,0.073028946
7/30/2019 12:00,0.242729035,0.079781176
7/30/2019 13:00,0.234226669,0.076986583
7/30/2019 14:00,0.133285707,0.043808893
7/30/2019 15:00,0,0
7/30/2019 16:00,0,0
7/30/2019 17:00,0,0
7/30/2019 18:00,0,0
7/30/2019 19:00,0,0
7/30/2019 20:00,0,0
7/30/2019 21:00,0,0
7/30/2019 22:00,0,0
7/30/2019 23:00,0,0
7/31/2019 0:00,0,0
7/31/2019 1:00,0,0
7/31/2019 2:00,0,0
7/31/2019 3:00,0,0
7/31/2019 4:00,0,0
7/31/2019 5:00,0,0
7/31/2019 6:00,0,0
7/31/2019 7:00,0,0
7/31/2019 8:00,0,0
7/31/2019 9:00,0,0
7/31/2019 10:00,0,0
7/31/2019 11:00,0,0
7/31/2019 12:00,0,0
7/31/2019 13:00,0,0
7/31/2019 14:00,0,0
7/31/2019 15:00,0,0
7/31/2019 16:00,0,0
7/31/2019 17:00,0,0
7/31/2019 18:00,0,0
7/31/2019 19:00,0,0
7/31/2019 20:00,0,0
7/31/2019 21:00,0,0
7/31/2019 22:00,0,0
7/31/2019 23:00,0,0
08/01/2019 00:00,0.138438953,0.045502683
08/01/2019 01:00,0.185992477,0.061132771
08/01/2019 02:00,0.187689633,0.061690599
08/01/2019 03:00,0.151699176,0.049861108
08/01/2019 04:00,0.103134488,0.033898667
08/01/2019 05:00,0.110569588,0.036342466
08/01/2019 06:00,0.076009101,0.024982983
08/01/2019 07:00,0,0
08/01/2019 08:00,0,0
08/01/2019 09:00,0,0
08/01/2019 10:00,0,0
08/01/2019 11:00,0,0
08/01/2019 12:00,0,0
08/01/2019 13:00,0,0
08/01/2019 14:00,0.096389574,0.031681721
08/01/2019 15:00,0.125997065,0.041413232
08/01/2019 16:00,0.063635441,0.020915958
08/01/2019 17:00,0.005643325,0.001854871
08/01/2019 18:00,0,0
08/01/2019 19:00,0,0
08/01/2019 20:00,0,0
08/01/2019 21:00,0,0
08/01/2019 22:00,0,0
08/01/2019 23:00,0,0
08/02/2019 00:00,0,0
08/02/2019 01:00,0,0
08/02/2019 02:00,0,0
08/02/2019 03:00,0,0
08/02/2019 04:00,0,0
08/02/2019 05:00,0,0
08/02/2019 06:00,0,0
08/02/2019 07:00,0,0
08/02/2019 08:00,0,0
08/02/2019 09:00,0,0
08/02/2019 10:00,0,0
08/02/2019 11:00,0,0
08/02/2019 12:00,0,0
08/02/2019 13:00,0.003887134,0.001277639
08/02/2019 14:00,0.029973211,0.009851718
08/02/2019 15:00,0.013041891,0.004286662
08/02/2019 16:00,0,0
08/02/2019 17:00,0,0
08/02/2019 18:00,0,0
08/02/2019 19:00,0,0
08/02/2019 20:00,0,0
08/02/2019 21:00,0,0
08/02/2019 22:00,0,0
08/02/2019 23:00,0,0
08/03/2019 00:00,0,0
08/03/2019 01:00,0,0
08/03/2019 02:00,0,0
08/03/2019 03:00,0,0
08/03/2019 04:00,0,0
08/03/2019 05:00,0,0
08/03/2019 06:00,0,0
08/03/2019 07:00,0,0
08/03/2019 08:00,0,0
08/03/2019 09:00,0,0
08/03/2019 10:00,0,0
08/03/2019 11:00,0,0
08/03/2019 12:00,0,0
08/03/2019 13:00,0,0
08/03/2019 14:00,0,0
08/03/2019 15:00,0,0
08/03/2019 16:00,0,0
08/03/2019 17:00,0,0
08/03/2019 18:00,0,0
08/03/2019 19:00,0,0
08/03/2019 20:00,0,0
08/03/2019 21:00,0,0
08/03/2019 22:00,0.156976745,0.051595761
08/03/2019 23:00,0.104717381,0.034418939
08/04/2019 00:00,0.01138011,0.003740461
08/04/2019 01:00,0,0
08/04/2019 02:00,0,0
08/04/2019 03:00,0,0
08/04/2019 04:00,0.014126349,0.004643106
08/04/2019 05:00,0.045811741,0.015057591
08/04/2019 06:00,0.103980731,0.034176813
08/04/2019 07:00,0.137144013,0.045077057
08/04/2019 08:00,0.127146141,0.041790915
08/04/2019 09:00,0.11757234,0.038644159
08/04/2019 10:00,0.16526674,0.054320551
08/04/2019 11:00,0.141367658,0.046465302
08/04/2019 12:00,0.147124577,0.04835751
08/04/2019 13:00,0.189057631,0.062140238
08/04/2019 14:00,0.253611033,0.083357915
08/04/2019 15:00,0.254372075,0.083608058
08/04/2019 16:00,0.226061783,0.074302915
08/04/2019 17:00,0.215323719,0.070773484
08/04/2019 18:00,0.292233144,0.096052389
08/04/2019 19:00,0.369628544,0.121491027
08/04/2019 20:00,0.442707837,0.145511029
08/04/2019 21:00,0.531357877,0.174648888
08/04/2019 22:00,0.628431779,0.206555537
08/04/2019 23:00,0.71614804,0.235386478
08/05/2019 00:00,0.669564354,0.220075161
08/05/2019 01:00,0.788869489,0.259288862
08/05/2019 02:00,0.959859929,0.315490702
08/05/2019 03:00,1.011311039,0.332401864
08/05/2019 04:00,1.070206385,0.351759828
08/05/2019 05:00,1.118774335,0.367723341
08/05/2019 06:00,1.123536503,0.36928859
08/05/2019 07:00,1.128130271,0.370798489
08/05/2019 08:00,1.154480449,0.379459373
08/05/2019 09:00,1.144702153,0.376245403
08/05/2019 10:00,1.043881489,0.343107253
08/05/2019 11:00,0.973046184,0.319824814
08/05/2019 12:00,0.868839671,0.28557379
08/05/2019 13:00,0.822258716,0.27026337
08/05/2019 14:00,0.770175693,0.253144508
08/05/2019 15:00,0.729388615,0.239738444
08/05/2019 16:00,0.702511938,0.230904508
08/05/2019 17:00,0.640868076,0.21064315
08/05/2019 18:00,0.552639702,0.181643886
08/05/2019 19:00,0.443976879,0.145928143
08/05/2019 20:00,0.382409765,0.125692011
08/05/2019 21:00,0.348403332,0.114514637
08/05/2019 22:00,0.145930264,0.047964958
08/05/2019 23:00,0.084745375,0.027854458
08/06/2019 00:00,0.066603609,0.021891548
08/06/2019 01:00,0.032479025,0.010675339
08/06/2019 02:00,0.01661379,0.005460689
08/06/2019 03:00,0.019806967,0.006510235
08/06/2019 04:00,0.021010477,0.00690581
08/06/2019 05:00,0,0
08/06/2019 06:00,0.032011831,0.01052178
08/06/2019 07:00,0.002095781,0.00068885
08/06/2019 08:00,0,0
08/06/2019 09:00,0,0
08/06/2019 10:00,0.135297113,0.044470011
08/06/2019 11:00,0.229340446,0.075380559
08/06/2019 12:00,0.247614387,0.081386913
08/06/2019 13:00,0.038461089,0.012641549
08/06/2019 14:00,0,0
08/06/2019 15:00,0.128322399,0.042177533
08/06/2019 16:00,0.230572088,0.07578538
08/06/2019 17:00,0.249653438,0.082057117
08/06/2019 18:00,0.234898933,0.077207546
08/06/2019 19:00,0.19095283,0.06276316
08/06/2019 20:00,0.209830758,0.068968035
08/06/2019 21:00,0.243565344,0.080056057
08/06/2019 22:00,0.247781262,0.081441762
08/06/2019 23:00,0.1275715,0.041930724
08/07/2019 00:00,0.033418251,0.010984048
08/07/2019 01:00,0,0
08/07/2019 02:00,0.008363823,0.002749056
08/07/2019 03:00,0.01496591,0.004919057
08/07/2019 04:00,0.080370803,0.026416605
08/07/2019 05:00,0.179430218,0.058975861
08/07/2019 06:00,0.274873194,0.09034645
08/07/2019 07:00,0.375118366,0.123295444
08/07/2019 08:00,0.431169313,0.1417185
08/07/2019 09:00,0.511386567,0.168084636
08/07/2019 10:00,0.465047931,0.152853863
08/07/2019 11:00,0.59228513,0.194674708
08/07/2019 12:00,0.660466929,0.217084982
08/07/2019 13:00,0.759731064,0.249711525
08/07/2019 14:00,0.886738389,0.291456814
08/07/2019 15:00,0.964916298,0.31715265
08/07/2019 16:00,1.032393296,0.339331267
08/07/2019 17:00,1.104312585,0.362969994
08/07/2019 18:00,1.149523445,0.377830085
08/07/2019 19:00,1.153829482,0.379245411
08/07/2019 20:00,1.11641831,0.366948953
08/07/2019 21:00,1.057249207,0.347501009
08/07/2019 22:00,0.88112715,0.289612489
08/07/2019 23:00,0.879582845,0.2891049
08/08/2019 00:00,0.854357685,0.280813791
08/08/2019 01:00,0.834458991,0.274273407
08/08/2019 02:00,0.850918204,0.279683288
08/08/2019 03:00,0.85328356,0.280460743
08/08/2019 04:00,0.800147686,0.262995826
08/08/2019 05:00,0.705122369,0.231762515
08/08/2019 06:00,0.62422374,0.205172421
08/08/2019 07:00,0.572233754,0.188084139
08/08/2019 08:00,0.544049004,0.17882026
08/08/2019 09:00,0.48162781,0.158303406
08/08/2019 10:00,0.404204465,0.132855583
08/08/2019 11:00,0.398402758,0.130948654
08/08/2019 12:00,0.444077372,0.145961174
08/08/2019 13:00,0.490736921,0.161297426
08/08/2019 14:00,0.473134395,0.155511755
08/08/2019 15:00,0.384520297,0.12638571
08/08/2019 16:00,0.32561957,0.107025977
08/08/2019 17:00,0.230397645,0.075728044
08/08/2019 18:00,0.233186066,0.076644553
08/08/2019 19:00,0.286397175,0.094134199
08/08/2019 20:00,0.327040522,0.107493021
08/08/2019 21:00,0.228968136,0.075258187
08/08/2019 22:00,0.098290788,0.03230662
08/08/2019 23:00,0.07576076,0.024901358
08/09/2019 00:00,0,0
08/09/2019 01:00,0,0
08/09/2019 02:00,0.014400289,0.004733146
08/09/2019 03:00,0.059904701,0.019689723
08/09/2019 04:00,0.186863699,0.061419128
08/09/2019 05:00,0.353911105,0.116324955
08/09/2019 06:00,0.545108226,0.179168409
08/09/2019 07:00,0.789658868,0.259548318
08/09/2019 08:00,1.099053618,0.361241455
08/09/2019 09:00,1.2794055,0.420520252
08/09/2019 10:00,1.357958753,0.446339458
08/09/2019 11:00,1.368494526,0.449802399
08/09/2019 12:00,1.404760957,0.461722598
08/09/2019 13:00,1.339815331,0.440376003
08/09/2019 14:00,1.361262864,0.447425466
08/09/2019 15:00,1.371395712,0.450755972
08/09/2019 16:00,1.372879841,0.451243782
08/09/2019 17:00,1.437680071,0.472542588
08/09/2019 18:00,1.571179897,0.516421858
08/09/2019 19:00,1.724614896,0.566853504
08/09/2019 20:00,1.75,0.575197184
08/09/2019 21:00,1.75,0.575197184
08/09/2019 22:00,1.75,0.575197184
08/09/2019 23:00,1.652914898,0.543286854
08/10/2019 00:00,1.75,0.575197184
08/10/2019 01:00,1.75,0.575197184
08/10/2019 02:00,1.670099716,0.548935231
08/10/2019 03:00,1.557670044,0.511981385
08/10/2019 04:00,1.437518041,0.472489331
08/10/2019 05:00,1.232593559,0.405133911
08/10/2019 06:00,0.980603278,0.322308711
08/10/2019 07:00,0.601872717,0.197825995
08/10/2019 08:00,0.508594266,0.167166851
08/10/2019 09:00,0.552910039,0.181732741
08/10/2019 10:00,0.367537973,0.12080389
08/10/2019 11:00,0.235440775,0.077385641
08/10/2019 12:00,0.113053744,0.037158969
08/10/2019 13:00,0.09476636,0.031148196
08/10/2019 14:00,0.163956772,0.053889985
08/10/2019 15:00,0.306033488,0.100588343
08/10/2019 16:00,0.456112655,0.14991698
08/10/2019 17:00,0.57385913,0.188618375
08/10/2019 18:00,0.713566477,0.234537959
08/10/2019 19:00,0.948377605,0.311716645
08/10/2019 20:00,1.112079149,0.36552274
08/10/2019 21:00,1.291244446,0.424411525
08/10/2019 22:00,1.357918756,0.446326311
08/10/2019 23:00,1.661527408,0.546117649
08/11/2019 00:00,1.75,0.575197184
08/11/2019 01:00,1.75,0.575197184
08/11/2019 02:00,1.677224117,0.551276908
08/11/2019 03:00,1.696251608,0.557530942
08/11/2019 04:00,1.721588603,0.56585881
08/11/2019 05:00,1.75,0.575197184
08/11/2019 06:00,1.720765191,0.565588167
08/11/2019 07:00,1.600466859,0.526048017
08/11/2019 08:00,1.497588242,0.492233451
08/11/2019 09:00,1.378571546,0.453114555
08/11/2019 10:00,1.316323012,0.432654451
08/11/2019 11:00,1.154169403,0.379357137
08/11/2019 12:00,1.01194402,0.332609915
08/11/2019 13:00,0.90879619,0.298706862
08/11/2019 14:00,0.851142375,0.27975697
08/11/2019 15:00,0.823531947,0.270681861
08/11/2019 16:00,0.757384076,0.248940107
08/11/2019 17:00,0.671183432,0.220607326
08/11/2019 18:00,0.603418361,0.198334024
08/11/2019 19:00,0.552229237,0.181508973
08/11/2019 20:00,0.486912645,0.160040447
08/11/2019 21:00,0.378116323,0.124280825
08/11/2019 22:00,0.366580613,0.120489221
08/11/2019 23:00,0.292910869,0.096275147
08/12/2019 00:00,0.289202098,0.095056133
08/12/2019 01:00,0.232505363,0.076420817
08/12/2019 02:00,0.156048908,0.051290796
08/12/2019 03:00,0.119635461,0.039322274
08/12/2019 04:00,0.08657554,0.028456004
08/12/2019 05:00,0.028993472,0.009529693
08/12/2019 06:00,0,0
08/12/2019 07:00,0,0
08/12/2019 08:00,0,0
08/12/2019 09:00,0,0
08/12/2019 10:00,0,0
08/12/2019 11:00,0,0
08/12/2019 12:00,0,0
08/12/2019 13:00,0,0
08/12/2019 14:00,0,0
08/12/2019 15:00,0,0
08/12/2019 16:00,0,0
08/12/2019 17:00,0,0
08/12/2019 18:00,0,0
08/12/2019 19:00,0,0
08/12/2019 20:00,0,0
08/12/2019 21:00,0,0
08/12/2019 22:00,0,0
08/12/2019 23:00,0.02965872,0.00974835
8/13/2019 0:00,0.049032524,0.016116211
8/13/2019 1:00,0.060865462,0.02000551
8/13/2019 2:00,0.12413047,0.040799712
8/13/2019 3:00,0.197975361,0.065071354
8/13/2019 4:00,0.218934764,0.071960377
8/13/2019 5:00,0.221867601,0.072924354
8/13/2019 6:00,0.219518385,0.072152204
8/13/2019 7:00,0.223820678,0.073566299
8/13/2019 8:00,0.27499024,0.090384921
8/13/2019 9:00,0.310249327,0.101974022
8/13/2019 10:00,0.410100734,0.134793593
8/13/2019 11:00,0.41249935,0.13558198
8/13/2019 12:00,0.360399212,0.118457493
8/13/2019 13:00,0.336044457,0.110452472
8/13/2019 14:00,0.414739398,0.136318248
8/13/2019 15:00,0.499318677,0.164118113
8/13/2019 16:00,0.562014729,0.184725308
8/13/2019 17:00,0.647148043,0.212707275
8/13/2019 18:00,0.651075047,0.213998019
8/13/2019 19:00,0.610393822,0.200626747
8/13/2019 20:00,0.564694017,0.185605948
8/13/2019 21:00,0.512475374,0.16844251
8/13/2019 22:00,0.551063777,0.181125905
8/13/2019 23:00,0.669889262,0.220181953
8/14/2019 0:00,0.684566908,0.225006262
8/14/2019 1:00,0.654657123,0.215175391
8/14/2019 2:00,0.654212475,0.215029242
8/14/2019 3:00,0.65881713,0.216542719
8/14/2019 4:00,0.657645533,0.216157633
8/14/2019 5:00,0.596107443,0.195931041
8/14/2019 6:00,0.533887987,0.175480495
8/14/2019 7:00,0.429872147,0.141292142
8/14/2019 8:00,0.274278694,0.090151047
8/14/2019 9:00,0.13880858,0.045624174
8/14/2019 10:00,0.071134697,0.023380844
8/14/2019 11:00,0,0
8/14/2019 12:00,0,0
8/14/2019 13:00,0.048091589,0.015806941
8/14/2019 14:00,0.214979503,0.070660346
8/14/2019 15:00,0.311752411,0.102468062
8/14/2019 16:00,0.37535922,0.123374609
8/14/2019 17:00,0.474604749,0.155995037
8/14/2019 18:00,0.583940967,0.191932114
8/14/2019 19:00,0.673269893,0.221293112
8/14/2019 20:00,0.86830587,0.285398338
8/14/2019 21:00,1.040692974,0.342059239
8/14/2019 22:00,0.900061849,0.295836024
8/14/2019 23:00,0.76061709,0.250002748
8/15/2019 0:00,0.708550692,0.23288935
8/15/2019 1:00,0.71947738,0.236480779
8/15/2019 2:00,0.51003038,0.167638879
8/15/2019 3:00,0.258798901,0.085063085
8/15/2019 4:00,0,0
8/15/2019 5:00,0,0
8/15/2019 6:00,0.191647756,0.062991571
8/15/2019 7:00,0.595735103,0.195808659
8/15/2019 8:00,0.942574248,0.309809173
8/15/2019 9:00,1.297184179,0.426363821
8/15/2019 10:00,1.217513876,0.400177459
8/15/2019 11:00,1.284779693,0.422286664
8/15/2019 12:00,1.235685174,0.406150076
8/15/2019 13:00,1.250654762,0.411070341
8/15/2019 14:00,1.265728183,0.416024735
8/15/2019 15:00,1.329266418,0.436908743
8/15/2019 16:00,1.110311728,0.364941817
8/15/2019 17:00,1.048444518,0.344607048
8/15/2019 18:00,0.933363376,0.306781706
8/15/2019 19:00,0.711785881,0.233952705
8/15/2019 20:00,0.381769955,0.125481716
8/15/2019 21:00,0.032543059,0.010696386
8/15/2019 22:00,0,0
8/15/2019 23:00,0,0
8/16/2019 0:00,0.227514396,0.074780366
8/16/2019 1:00,0.653134064,0.214674785
8/16/2019 2:00,0.915374347,0.300868998
8/16/2019 3:00,0.988207236,0.324808011
8/16/2019 4:00,0.974237704,0.320216448
8/16/2019 5:00,1.041010143,0.342163487
8/16/2019 6:00,1.138012346,0.37404657
8/16/2019 7:00,1.2723526,0.418202076
8/16/2019 8:00,1.422887517,0.46768051
8/16/2019 9:00,1.556735729,0.51167429
8/16/2019 10:00,1.580903224,0.519617761
8/16/2019 11:00,1.614637766,0.530705769
8/16/2019 12:00,1.715183413,0.563753525
8/16/2019 13:00,1.75,0.575197184
8/16/2019 14:00,1.668759827,0.54849483
8/16/2019 15:00,1.595135187,0.524295582
8/16/2019 16:00,1.295499225,0.425810004
8/16/2019 17:00,0.93788637,0.308268342
8/16/2019 18:00,0.604735739,0.198767025
8/16/2019 19:00,0.336053427,0.11045542
8/16/2019 20:00,0.183061809,0.060169507
8/16/2019 21:00,0.178562942,0.058690801
8/16/2019 22:00,0.140505396,0.04618189
8/16/2019 23:00,0.250568049,0.082357735
8/17/2019 0:00,0.269228785,0.088491222
8/17/2019 1:00,0.209958156,0.069009909
8/17/2019 2:00,0.058182104,0.019123533
8/17/2019 3:00,0.002589266,0.000851051
8/17/2019 4:00,0,0
8/17/2019 5:00,0,0
8/17/2019 6:00,0,0
8/17/2019 7:00,0.116158493,0.03817945
8/17/2019 8:00,0.425516984,0.139860669
8/17/2019 9:00,0.864568139,0.284169805
8/17/2019 10:00,1.237717395,0.406818035
8/17/2019 11:00,0.912451934,0.299908447
8/17/2019 12:00,0.761664921,0.250347153
8/17/2019 13:00,0.795817785,0.261572656
8/17/2019 14:00,0.619530888,0.203629956
8/17/2019 15:00,0.373691271,0.122826381
8/17/2019 16:00,0.236462233,0.077721377
8/17/2019 17:00,0.277159218,0.091097829
8/17/2019 18:00,0.538674672,0.177053802
8/17/2019 19:00,0.818055155,0.268881727
8/17/2019 20:00,1.057830028,0.347691916
8/17/2019 21:00,1.250528382,0.411028802
8/17/2019 22:00,1.515818547,0.498225463
8/17/2019 23:00,1.468893294,0.482801878
8/18/2019 0:00,1.354003987,0.445039589
8/18/2019 1:00,1.345296632,0.44217762
8/18/2019 2:00,1.351680291,0.444275827
8/18/2019 3:00,1.250282022,0.410947828
8/18/2019 4:00,1.11776793,0.367392552
8/18/2019 5:00,1.034063169,0.339880127
8/18/2019 6:00,0.968833565,0.318440193
8/18/2019 7:00,0.888900386,0.292167428
8/18/2019 8:00,0.784993728,0.258014961
8/18/2019 9:00,0.611014436,0.200830733
8/18/2019 10:00,0.255262399,0.083900693
8/18/2019 11:00,0.115712752,0.038032942
8/18/2019 12:00,0.104962617,0.034499544
8/18/2019 13:00,0.071274257,0.023426715
8/18/2019 14:00,0,0
8/18/2019 15:00,0,0
8/18/2019 16:00,0,0
8/18/2019 17:00,0.222624376,0.073173094
8/18/2019 18:00,0.438159827,0.144016171
8/18/2019 19:00,0.536586747,0.176367535
8/18/2019 20:00,0.628006463,0.206415742
8/18/2019 21:00,0.772710204,0.253977562
8/18/2019 22:00,0.876962205,0.288243538
8/18/2019 23:00,0.971489842,0.319313269
8/19/2019 0:00,1.018879072,0.334889356
8/19/2019 1:00,1.001164649,0.329066907
8/19/2019 2:00,1.042404621,0.34262183
8/19/2019 3:00,1.170555133,0.384742867
8/19/2019 4:00,1.293738949,0.425231429
8/19/2019 5:00,1.256362933,0.412946526
8/19/2019 6:00,1.104924856,0.363171238
8/19/2019 7:00,1.014000627,0.333285889
8/19/2019 8:00,0.981780023,0.322695488
8/19/2019 9:00,0.977662956,0.321342274
8/19/2019 10:00,0.988579885,0.324930495
8/19/2019 11:00,0.971615698,0.319354636
8/19/2019 12:00,1.015792951,0.333874997
8/19/2019 13:00,1.007816604,0.331253299
8/19/2019 14:00,0.916027936,0.301083822
8/19/2019 15:00,0.880763303,0.289492898
8/19/2019 16:00,0.848389698,0.278852209
8/19/2019 17:00,0.854791895,0.280956509
8/19/2019 18:00,0.836172227,0.27483652
8/19/2019 19:00,0.953060711,0.313255907
8/19/2019 20:00,1.046791828,0.344063835
8/19/2019 21:00,1.041559976,0.342344209
8/19/2019 22:00,0.911896064,0.299725742
8/19/2019 23:00,0.959711027,0.31544176
8/20/2019 0:00,0.97186751,0.319437403
8/20/2019 1:00,0.886199495,0.291279688
8/20/2019 2:00,0.895505155,0.29433831
8/20/2019 3:00,0.981404811,0.322572162
8/20/2019 4:00,1.050000943,0.34511862
8/20/2019 5:00,1.026243067,0.337309784
8/20/2019 6:00,0.966688922,0.317735283
8/20/2019 7:00,0.900872496,0.29610247
8/20/2019 8:00,0.801198045,0.263341063
8/20/2019 9:00,0.723896845,0.237933387
8/20/2019 10:00,0.56599815,0.186034595
8/20/2019 11:00,0.457772881,0.15046267
8/20/2019 12:00,0.444882834,0.146225916
8/20/2019 13:00,0.431798357,0.141925256
8/20/2019 14:00,0.328856131,0.108089783
8/20/2019 15:00,0.228088518,0.074969071
8/20/2019 16:00,0.177442525,0.058322538
8/20/2019 17:00,0.053141378,0.017466726
8/20/2019 18:00,0,0
8/20/2019 19:00,0,0
8/20/2019 20:00,0,0
8/20/2019 21:00,0,0
8/20/2019 22:00,0.08216264,0.027005554
8/20/2019 23:00,0.429325253,0.141112386
8/21/2019 0:00,0.557533265,0.183252322
8/21/2019 1:00,0.595354626,0.195683603
8/21/2019 2:00,0.632421809,0.207866996
8/21/2019 3:00,0.652519363,0.214472743
8/21/2019 4:00,0.646375351,0.212453304
8/21/2019 5:00,0.686059508,0.225496856
8/21/2019 6:00,0.734925393,0.241558295
8/21/2019 7:00,0.740990991,0.243551961
8/21/2019 8:00,0.784278834,0.257779987
8/21/2019 9:00,0.737731463,0.242480606
8/21/2019 10:00,0.598205522,0.196620647
8/21/2019 11:00,0.59854292,0.196731544
8/21/2019 12:00,0.672566792,0.221062014
8/21/2019 13:00,0.806302286,0.265018745
8/21/2019 14:00,0.982583282,0.322959507
8/21/2019 15:00,1.153515485,0.379142205
8/21/2019 16:00,1.300732361,0.427530052
8/21/2019 17:00,1.24798662,0.410193366
8/21/2019 18:00,1.286813998,0.422955307
8/21/2019 19:00,1.480707901,0.486685151
8/21/2019 20:00,1.413916705,0.464731947
8/21/2019 21:00,1.199382078,0.394217825
8/21/2019 22:00,0.876343638,0.288040225
8/21/2019 23:00,0.680089808,0.22353471
8/22/2019 0:00,0.559694511,0.18396269
8/22/2019 1:00,0.541973863,0.178138194
8/22/2019 2:00,0.558042257,0.18341962
8/22/2019 3:00,0.638097968,0.20973266
8/22/2019 4:00,0.744616289,0.244743539
8/22/2019 5:00,0.783691685,0.257587
8/22/2019 6:00,0.808538974,0.265753909
8/22/2019 7:00,0.870533789,0.28613062
8/22/2019 8:00,0.921010898,0.302721643
8/22/2019 9:00,0.948777875,0.311848207
8/22/2019 10:00,0.909843659,0.299051149
8/22/2019 11:00,0.968588173,0.318359537
8/22/2019 12:00,1.009178533,0.331700943
8/22/2019 13:00,1.100796554,0.36181433
8/22/2019 14:00,1.241688014,0.408123114
8/22/2019 15:00,1.352196601,0.44444553
8/22/2019 16:00,1.611228331,0.529585142
8/22/2019 17:00,1.75,0.575197184
8/22/2019 18:00,1.75,0.575197184
8/22/2019 19:00,1.75,0.575197184
8/22/2019 20:00,1.75,0.575197184
8/22/2019 21:00,1.75,0.575197184
8/22/2019 22:00,1.75,0.575197184
8/22/2019 23:00,1.75,0.575197184
8/23/2019 0:00,1.75,0.575197184
8/23/2019 1:00,1.54311139,0.507196187
8/23/2019 2:00,1.349287836,0.443489465
8/23/2019 3:00,1.197826839,0.393706643
8/23/2019 4:00,0.918877775,0.302020519
8/23/2019 5:00,0.638639285,0.209910582
8/23/2019 6:00,0.246673509,0.081077662
8/23/2019 7:00,0.070716576,0.023243415
8/23/2019 8:00,0,0
8/23/2019 9:00,0.080236023,0.026372305
8/23/2019 10:00,0.885815233,0.291153387
8/23/2019 11:00,1.491704273,0.490299484
8/23/2019 12:00,1.75,0.575197184
8/23/2019 13:00,1.598294323,0.525333939
8/23/2019 14:00,1.238873223,0.407197937
8/23/2019 15:00,0.966424718,0.317648444
8/23/2019 16:00,0.812271081,0.266980593
8/23/2019 17:00,0.720236607,0.236730325
8/23/2019 18:00,0.555361404,0.182538466
8/23/2019 19:00,0.399558726,0.131328602
8/23/2019 20:00,0.321274531,0.105597832
8/23/2019 21:00,0.383809087,0.126151946
8/23/2019 22:00,0.477442275,0.156927687
8/23/2019 23:00,0.682451214,0.224310867
8/24/2019 0:00,0.908058755,0.298464479
8/24/2019 1:00,0.993864605,0.326667498
8/24/2019 2:00,0.985625722,0.323959508
8/24/2019 3:00,0.913194312,0.300152455
8/24/2019 4:00,0.844712739,0.277643651
8/24/2019 5:00,0.87689264,0.288220673
8/24/2019 6:00,0.926661616,0.304578944
8/24/2019 7:00,0.912522321,0.299931582
8/24/2019 8:00,0.84380078,0.277343904
8/24/2019 9:00,0.739647785,0.24311047
8/24/2019 10:00,0.612785533,0.201412865
8/24/2019 11:00,0.563817551,0.185317867
8/24/2019 12:00,0.429352381,0.141121303
8/24/2019 13:00,0.374409326,0.123062394
8/24/2019 14:00,0.232676695,0.076477131
8/24/2019 15:00,0.155778271,0.051201842
8/24/2019 16:00,0.16153186,0.053092955
8/24/2019 17:00,0.225065138,0.073975334
8/24/2019 18:00,0.351289399,0.115463242
8/24/2019 19:00,0.31170455,0.102452331
8/24/2019 20:00,0.296285057,0.097384189
8/24/2019 21:00,0.286427614,0.094144204
8/24/2019 22:00,0.105694578,0.034740128
8/24/2019 23:00,0.041326674,0.013583421
8/25/2019 0:00,0.021178467,0.006961025
8/25/2019 1:00,0.033252439,0.010929548
8/25/2019 2:00,0,0
8/25/2019 3:00,0,0
8/25/2019 4:00,0,0
8/25/2019 5:00,0,0
8/25/2019 6:00,0,0
8/25/2019 7:00,0,0
8/25/2019 8:00,0,0
8/25/2019 9:00,0,0
8/25/2019 10:00,0,0
8/25/2019 11:00,0,0
8/25/2019 12:00,0.029916596,0.00983311
8/25/2019 13:00,0.102650197,0.033739488
8/25/2019 14:00,0.419877836,0.138007171
8/25/2019 15:00,0.721592466,0.237175974
8/25/2019 16:00,0.862792863,0.2835863
8/25/2019 17:00,0.929875947,0.305635443
8/25/2019 18:00,0.994176176,0.326769907
8/25/2019 19:00,1.023844706,0.336521481
8/25/2019 20:00,0.980781985,0.322367449
8/25/2019 21:00,0.739476995,0.243054334
8/25/2019 22:00,0.418390769,0.137518396
8/25/2019 23:00,0.381120888,0.125268378
8/26/2019 0:00,0.43949169,0.144453933
8/26/2019 1:00,0.297359127,0.097737218
8/26/2019 2:00,0.09259565,0.030434719
8/26/2019 3:00,0.064271431,0.021124998
8/26/2019 4:00,0.060224606,0.019794871
8/26/2019 5:00,0.06956702,0.022865574
8/26/2019 6:00,0.141959651,0.046659881
8/26/2019 7:00,0.241460847,0.079364342
8/26/2019 8:00,0.323033686,0.106176038
8/26/2019 9:00,0.275617733,0.090591168
8/26/2019 10:00,0.037566219,0.012347419
8/26/2019 11:00,0,0
8/26/2019 12:00,0,0
8/26/2019 13:00,0,0
8/26/2019 14:00,0,0
8/26/2019 15:00,0,0
8/26/2019 16:00,0,0
8/26/2019 17:00,0,0
8/26/2019 18:00,0,0
8/26/2019 19:00,0,0
8/26/2019 20:00,0,0
8/26/2019 21:00,0,0
8/26/2019 22:00,0,0
8/26/2019 23:00,0,0
8/27/2019 0:00,0,0
8/27/2019 1:00,0,0
8/27/2019 2:00,0,0
8/27/2019 3:00,0,0
8/27/2019 4:00,0,0
8/27/2019 5:00,0,0
8/27/2019 6:00,0,0
8/27/2019 7:00,0,0
8/27/2019 8:00,0,0
8/27/2019 9:00,0,0
8/27/2019 10:00,0,0
8/27/2019 11:00,0,0
8/27/2019 12:00,0,0
8/27/2019 13:00,0,0
8/27/2019 14:00,0,0
8/27/2019 15:00,0,0
8/27/2019 16:00,0,0
8/27/2019 17:00,0.23206861,0.076277263
8/27/2019 18:00,0.370232692,0.121689601
8/27/2019 19:00,0.39163935,0.128725629
8/27/2019 20:00,0.49597003,0.163017466
8/27/2019 21:00,0.623440602,0.204915016
8/27/2019 22:00,0.579631991,0.190515822
8/27/2019 23:00,0.338597129,0.111291495
8/28/2019 0:00,0.534748552,0.175763349
8/28/2019 1:00,0.558619701,0.183609416
8/28/2019 2:00,0.618436877,0.203270372
8/28/2019 3:00,0.658017012,0.216279733
8/28/2019 4:00,0.593538393,0.195086636
8/28/2019 5:00,0.524839078,0.172506263
8/28/2019 6:00,0.523259353,0.171987032
8/28/2019 7:00,0.623361316,0.204888956
8/28/2019 8:00,0.755674687,0.248378258
8/28/2019 9:00,0.803589988,0.264127256
8/28/2019 10:00,0.695480609,0.228593421
8/28/2019 11:00,0.693792974,0.228038723
8/28/2019 12:00,0.468504983,0.153990141
8/28/2019 13:00,0.153162439,0.050342059
8/28/2019 14:00,0.38495862,0.126529779
8/28/2019 15:00,0.738738353,0.242811555
8/28/2019 16:00,0.836080345,0.27480632
8/28/2019 17:00,0.817461777,0.268686693
8/28/2019 18:00,0.848504257,0.278889863
8/28/2019 19:00,0.806938903,0.265227991
8/28/2019 20:00,0.700449747,0.230226698
8/28/2019 21:00,0.553121868,0.181802366
8/28/2019 22:00,0.201957267,0.066380144
8/28/2019 23:00,0.188211099,0.061861997
8/29/2019 0:00,0.186871024,0.061421535
8/29/2019 1:00,0.174465655,0.057344088
8/29/2019 2:00,0.264655478,0.086988049
8/29/2019 3:00,0.34933938,0.114822301
8/29/2019 4:00,0.437273601,0.143724882
8/29/2019 5:00,0.429597629,0.141201912
8/29/2019 6:00,0.45097498,0.148228308
8/29/2019 7:00,0.508611795,0.167172613
8/29/2019 8:00,0.559624034,0.183939525
8/29/2019 9:00,0.621005966,0.20411479
8/29/2019 10:00,0.626200185,0.205822047
8/29/2019 11:00,0.819424932,0.269331951
8/29/2019 12:00,1.300463392,0.427441646
8/29/2019 13:00,1.535954702,0.504843897
8/29/2019 14:00,1.555600049,0.51130101
8/29/2019 15:00,1.476054418,0.485155625
8/29/2019 16:00,1.299053884,0.426978363
8/29/2019 17:00,1.139203892,0.374438212
8/29/2019 18:00,1.137971434,0.374033123
8/29/2019 19:00,1.151392127,0.378444291
8/29/2019 20:00,1.254260639,0.412255536
8/29/2019 21:00,1.408930943,0.463093206
8/29/2019 22:00,1.244572894,0.409071328
8/29/2019 23:00,1.309792856,0.430508093
8/30/2019 0:00,1.401774331,0.460740941
8/30/2019 1:00,1.424738514,0.468288904
8/30/2019 2:00,1.310778446,0.430832041
8/30/2019 3:00,1.332604149,0.438005802
8/30/2019 4:00,1.410832034,0.463718065
8/30/2019 5:00,1.288710252,0.423578576
8/30/2019 6:00,1.103987061,0.362862999
8/30/2019 7:00,0.889596825,0.292396337
8/30/2019 8:00,0.595192738,0.195630393
8/30/2019 9:00,0.277495222,0.091208269
8/30/2019 10:00,0,0
8/30/2019 11:00,0,0
8/30/2019 12:00,0,0
8/30/2019 13:00,0,0
8/30/2019 14:00,0.276102501,0.090750504
8/30/2019 15:00,0.435209683,0.143046505
8/30/2019 16:00,0.51937686,0.170710919
8/30/2019 17:00,0.593410059,0.195044454
8/30/2019 18:00,0.5461989,0.179526897
8/30/2019 19:00,0.433938858,0.142628805
8/30/2019 20:00,0.313926702,0.103182717
8/30/2019 21:00,0.147644121,0.048528276
8/30/2019 22:00,0,0
8/30/2019 23:00,0,0
8/31/2019 0:00,0,0
8/31/2019 1:00,0,0
8/31/2019 2:00,0,0
8/31/2019 3:00,0,0
8/31/2019 4:00,0.021517511,0.007072464
8/31/2019 5:00,0.401019067,0.131808593
8/31/2019 6:00,0.650720959,0.213881636
8/31/2019 7:00,0.877062673,0.28827656
8/31/2019 8:00,0.947494623,0.311426422
8/31/2019 9:00,1.041303413,0.342259881
8/31/2019 10:00,1.056067988,0.347112762
8/31/2019 11:00,1.328730913,0.436732731
8/31/2019 12:00,1.370213658,0.45036745
8/31/2019 13:00,1.152051615,0.378661054
8/31/2019 14:00,1.182915322,0.388805464
8/31/2019 15:00,1.361610627,0.447539771
8/31/2019 16:00,1.377284542,0.452691537
8/31/2019 17:00,1.220469451,0.401148909
8/31/2019 18:00,1.002981023,0.32966392
8/31/2019 19:00,0.863772205,0.283908194
8/31/2019 20:00,0.826820907,0.27176289
8/31/2019 21:00,0.759006207,0.249473276
8/31/2019 22:00,0.815535737,0.268053634
8/31/2019 23:00,0.804505909,0.264428305
09/01/2019 00:00,0.852236664,0.280116645
09/01/2019 01:00,0.868129067,0.285340226
09/01/2019 02:00,0.910827292,0.299374453
09/01/2019 03:00,0.925859506,0.304315303
09/01/2019 04:00,1.006092112,0.330686485
09/01/2019 05:00,1.056978399,0.347411999
09/01/2019 06:00,1.086100963,0.356984123
09/01/2019 07:00,1.013914131,0.333257459
09/01/2019 08:00,0.929767158,0.305599686
09/01/2019 09:00,0.82788987,0.272114241
09/01/2019 10:00,0.771271392,0.253504647
09/01/2019 11:00,0.770283018,0.253179785
09/01/2019 12:00,0.726386278,0.238751624
09/01/2019 13:00,0.608342877,0.199952634
09/01/2019 14:00,0.507601983,0.166840704
09/01/2019 15:00,0.374708482,0.123160722
09/01/2019 16:00,0.159555948,0.052443504
09/01/2019 17:00,0,0
09/01/2019 18:00,0,0
09/01/2019 19:00,0,0
09/01/2019 20:00,0.07749504,0.025471388
09/01/2019 21:00,0.168286758,0.055313182
09/01/2019 22:00,0.098713088,0.032445423
09/01/2019 23:00,0.176143022,0.057895412
09/02/2019 00:00,0.305805836,0.100513517
09/02/2019 01:00,0.39965283,0.131359533
09/02/2019 02:00,0.47571469,0.156359857
09/02/2019 03:00,0.455539179,0.149728488
09/02/2019 04:00,0.421461213,0.138527602
09/02/2019 05:00,0.569832788,0.18729498
09/02/2019 06:00,0.63892518,0.210004551
09/02/2019 07:00,0.654934332,0.215266505
09/02/2019 08:00,0.623056119,0.204788643
09/02/2019 09:00,0.534453998,0.175666534
09/02/2019 10:00,0.377855141,0.124194979
09/02/2019 11:00,0.603887205,0.198488126
09/02/2019 12:00,0.676306101,0.222291066
09/02/2019 13:00,0.667838694,0.219507964
09/02/2019 14:00,0.469605725,0.154351938
09/02/2019 15:00,0,0
09/02/2019 16:00,0,0
09/02/2019 17:00,0,0
09/02/2019 18:00,0.097588993,0.032075951
09/02/2019 19:00,0.323784665,0.106422873
09/02/2019 20:00,0.371719345,0.12217824
09/02/2019 21:00,0.248419301,0.081651476
09/02/2019 22:00,0.291283136,0.095740137
09/02/2019 23:00,0.33436711,0.109901154
09/03/2019 00:00,0.255454148,0.083963718
09/03/2019 01:00,0.11572858,0.038038145
09/03/2019 02:00,0,0
09/03/2019 03:00,0,0
09/03/2019 04:00,0,0
09/03/2019 05:00,0,0
09/03/2019 06:00,0,0
09/03/2019 07:00,0,0
09/03/2019 08:00,0,0
09/03/2019 09:00,0,0
09/03/2019 10:00,0,0
09/03/2019 11:00,0,0
09/03/2019 12:00,0,0
09/03/2019 13:00,0.258156113,0.084851811
09/03/2019 14:00,0.456834976,0.150154395
09/03/2019 15:00,0.604596729,0.198721335
09/03/2019 16:00,0.765304225,0.251543335
09/03/2019 17:00,0.872272855,0.286702223
09/03/2019 18:00,0.941883911,0.30958227
09/03/2019 19:00,0.934563169,0.307176059
09/03/2019 20:00,0.780091443,0.256403658
09/03/2019 21:00,0.879044892,0.288928084
09/03/2019 22:00,1.425379858,0.468499703
09/03/2019 23:00,1.347035923,0.442749297
09/04/2019 00:00,1.124154186,0.369491613
09/04/2019 01:00,0.972818514,0.319749983
09/04/2019 02:00,0.851602078,0.279908067
09/04/2019 03:00,0.741702237,0.243785736
09/04/2019 04:00,0.675673347,0.222083089
09/04/2019 05:00,0.52598726,0.172883652
09/04/2019 06:00,0.351515691,0.11553762
09/04/2019 07:00,0.216813442,0.071263132
09/04/2019 08:00,0.198845802,0.065357454
09/04/2019 09:00,0.171626841,0.056411015
09/04/2019 10:00,0.135806675,0.044637495
09/04/2019 11:00,0.297496279,0.097782298
09/04/2019 12:00,0.335180612,0.110168539
09/04/2019 13:00,0.970835466,0.319098186
09/04/2019 14:00,1.75,0.575197184
09/04/2019 15:00,1.75,0.575197184
09/04/2019 16:00,1.75,0.575197184
09/04/2019 17:00,1.75,0.575197184
09/04/2019 18:00,1.75,0.575197184
09/04/2019 19:00,1.75,0.575197184
09/04/2019 20:00,1.75,0.575197184
09/04/2019 21:00,1.75,0.575197184
09/04/2019 22:00,1.75,0.575197184
09/04/2019 23:00,1.75,0.575197184
09/05/2019 00:00,1.75,0.575197184
09/05/2019 01:00,1.722521209,0.566165342
09/05/2019 02:00,1.445095657,0.474979973
09/05/2019 03:00,1.185653181,0.389705355
09/05/2019 04:00,1.005528388,0.330501198
09/05/2019 05:00,0.778868461,0.256001683
09/05/2019 06:00,0.749885692,0.246475508
09/05/2019 07:00,0.564668489,0.185597557
09/05/2019 08:00,0.408280512,0.134195315
09/05/2019 09:00,0.273724708,0.089968961
09/05/2019 10:00,0.427441739,0.140493306
09/05/2019 11:00,0.531619774,0.17473497
09/05/2019 12:00,0.805276265,0.264681509
09/05/2019 13:00,1.076636264,0.353873227
09/05/2019 14:00,1.152509432,0.378811531
09/05/2019 15:00,1.302300471,0.428045465
09/05/2019 16:00,1.586776845,0.521548327
09/05/2019 17:00,1.59713707,0.524953569
09/05/2019 18:00,1.478087722,0.48582394
09/05/2019 19:00,1.388815062,0.456481436
09/05/2019 20:00,1.528484663,0.502388614
09/05/2019 21:00,1.461434554,0.480350309
09/05/2019 22:00,1.362771538,0.447921344
09/05/2019 23:00,1.51104957,0.496657976
09/06/2019 00:00,1.530039742,0.502899743
09/06/2019 01:00,1.460177603,0.479937169
09/06/2019 02:00,1.457265218,0.478979914
09/06/2019 03:00,1.277915506,0.420030515
09/06/2019 04:00,1.163627816,0.382465968
09/06/2019 05:00,1.234625866,0.405801898
09/06/2019 06:00,1.295205678,0.425713519
09/06/2019 07:00,1.291949762,0.424643352
09/06/2019 08:00,1.268722585,0.417008948
09/06/2019 09:00,1.229420969,0.404091131
09/06/2019 10:00,1.243881954,0.408844227
09/06/2019 11:00,1.145790186,0.376603022
09/06/2019 12:00,1.025598795,0.337098022
09/06/2019 13:00,1.063679502,0.349614545
09/06/2019 14:00,1.235397519,0.406055528
09/06/2019 15:00,1.389952848,0.456855408
09/06/2019 16:00,1.488064929,0.48910329
09/06/2019 17:00,1.401416436,0.460623307
09/06/2019 18:00,1.291252145,0.424414056
09/06/2019 19:00,1.202219011,0.39515028
09/06/2019 20:00,1.112289568,0.365591901
09/06/2019 21:00,1.00737212,0.331107204
09/06/2019 22:00,1.036476248,0.340673268
09/06/2019 23:00,1.070625175,0.351897478
09/07/2019 00:00,1.018381874,0.334725935
09/07/2019 01:00,0.955493069,0.314055384
09/07/2019 02:00,0.991155844,0.325777172
09/07/2019 03:00,0.991947958,0.326037527
09/07/2019 04:00,0.94393042,0.310254925
09/07/2019 05:00,0.874994917,0.287596921
09/07/2019 06:00,0.759583853,0.249663139
09/07/2019 07:00,0.63993333,0.210335914
09/07/2019 08:00,0.519113429,0.170624333
09/07/2019 09:00,0.278778195,0.091629962
09/07/2019 10:00,0.093754643,0.030815661
09/07/2019 11:00,0,0
09/07/2019 12:00,0.063969843,0.021025871
09/07/2019 13:00,0.097515578,0.03205182
09/07/2019 14:00,0.035202717,0.011570574
09/07/2019 15:00,0,0
09/07/2019 16:00,0,0
09/07/2019 17:00,0,0
09/07/2019 18:00,0,0
09/07/2019 19:00,0,0
09/07/2019 20:00,0,0
09/07/2019 21:00,0,0
09/07/2019 22:00,0,0
09/07/2019 23:00,0,0
09/08/2019 00:00,0,0
09/08/2019 01:00,0,0
09/08/2019 02:00,0.181386354,0.059618812
09/08/2019 03:00,0.320771571,0.105432517
09/08/2019 04:00,0.34818007,0.114441255
09/08/2019 05:00,0.267999161,0.088087064
09/08/2019 06:00,0.304441403,0.10006505
09/08/2019 07:00,0.393411858,0.129308225
09/08/2019 08:00,0.460285918,0.151288665
09/08/2019 09:00,0.479338417,0.157550919
09/08/2019 10:00,0.560834825,0.184337493
09/08/2019 11:00,0.562870987,0.185006747
09/08/2019 12:00,0.649832932,0.213589756
09/08/2019 13:00,0.695801543,0.228698908
09/08/2019 14:00,0.648449699,0.213135109
09/08/2019 15:00,0.682230562,0.224238342
09/08/2019 16:00,0.73065702,0.240155349
09/08/2019 17:00,0.858250943,0.282093443
09/08/2019 18:00,0.876764662,0.288178608
09/08/2019 19:00,0.893828176,0.293787114
09/08/2019 20:00,1.029823352,0.338486567
09/08/2019 21:00,1.145993507,0.376669851
09/08/2019 22:00,1.013752746,0.333204414
09/08/2019 23:00,0.903787298,0.297060519
09/09/2019 00:00,0.788868629,0.25928858
09/09/2019 01:00,0.839487497,0.275926197
09/09/2019 02:00,0.986603235,0.324280801
09/09/2019 03:00,1.014932121,0.333592056
09/09/2019 04:00,0.95042514,0.312389637
09/09/2019 05:00,0.929569083,0.305534582
09/09/2019 06:00,1.013105261,0.332991596
09/09/2019 07:00,1.131590926,0.371935951
09/09/2019 08:00,1.161275163,0.381692688
09/09/2019 09:00,1.220826487,0.401266261
09/09/2019 10:00,0.992117952,0.326093401
09/09/2019 11:00,1.005583657,0.330519364
09/09/2019 12:00,0.943853471,0.310229634
09/09/2019 13:00,0.888509808,0.292039051
09/09/2019 14:00,0.801412695,0.263411615
09/09/2019 15:00,0.652605376,0.214501014
09/09/2019 16:00,0.537905695,0.176801052
09/09/2019 17:00,0.409236612,0.13450957
09/09/2019 18:00,0.317528086,0.104366435
09/09/2019 19:00,0.169340818,0.055659635
09/09/2019 20:00,0,0
09/09/2019 21:00,0,0
09/09/2019 22:00,0,0
09/09/2019 23:00,0.051800498,0.017026
09/10/2019 00:00,0.413359328,0.135864641
09/10/2019 01:00,0.61416943,0.201867729
09/10/2019 02:00,0.6966812,0.228988037
09/10/2019 03:00,0.640215126,0.210428536
09/10/2019 04:00,0.450493933,0.148070195
09/10/2019 05:00,0.209419647,0.068832909
09/10/2019 06:00,0.005061627,0.001663676
09/10/2019 07:00,0,0
09/10/2019 08:00,0.133596321,0.043910987
09/10/2019 09:00,0.108115264,0.035535769
09/10/2019 10:00,0,0
09/10/2019 11:00,0.058776018,0.019318743
09/10/2019 12:00,0.209316286,0.068798936
09/10/2019 13:00,0.31499111,0.103532571
09/10/2019 14:00,0.608141858,0.199886562
09/10/2019 15:00,0.798577644,0.262479778
09/10/2019 16:00,0.995752944,0.327288166
09/10/2019 17:00,1.2949301,0.425622941
09/10/2019 18:00,1.661641148,0.546155034
09/10/2019 19:00,1.75,0.575197184
09/10/2019 20:00,1.75,0.575197184
09/10/2019 21:00,1.75,0.575197184
09/10/2019 22:00,1.75,0.575197184
09/10/2019 23:00,1.75,0.575197184
09/11/2019 00:00,1.75,0.575197184
09/11/2019 01:00,1.75,0.575197184
09/11/2019 02:00,1.75,0.575197184
09/11/2019 03:00,1.558511805,0.512258058
09/11/2019 04:00,1.579940445,0.519301311
09/11/2019 05:00,1.75,0.575197184
09/11/2019 06:00,1.75,0.575197184
09/11/2019 07:00,1.75,0.575197184
09/11/2019 08:00,1.75,0.575197184
09/11/2019 09:00,1.75,0.575197184
09/11/2019 10:00,1.75,0.575197184
09/11/2019 11:00,1.75,0.575197184
09/11/2019 12:00,1.75,0.575197184
09/11/2019 13:00,1.75,0.575197184
09/11/2019 14:00,1.75,0.575197184
09/11/2019 15:00,1.75,0.575197184
09/11/2019 16:00,1.75,0.575197184
09/11/2019 17:00,1.75,0.575197184
09/11/2019 18:00,1.75,0.575197184
09/11/2019 19:00,1.75,0.575197184
09/11/2019 20:00,1.75,0.575197184
09/11/2019 21:00,1.735009287,0.570269975
09/11/2019 22:00,1.719327134,0.5651155
09/11/2019 23:00,1.654647129,0.543856211
09/12/2019 00:00,1.531418472,0.50335291
09/12/2019 01:00,1.674199683,0.550282825
09/12/2019 02:00,1.621534782,0.532972709
09/12/2019 03:00,1.543202503,0.507226134
09/12/2019 04:00,1.457937997,0.479201046
09/12/2019 05:00,1.306491916,0.429423126
09/12/2019 06:00,1.27496333,0.419060181
09/12/2019 07:00,1.21901246,0.40067002
09/12/2019 08:00,1.231261305,0.40469602
09/12/2019 09:00,1.255146517,0.41254671
09/12/2019 10:00,1.43370828,0.471237123
09/12/2019 11:00,1.477851935,0.485746441
09/12/2019 12:00,1.520969406,0.499918468
09/12/2019 13:00,1.641091021,0.539400534
09/12/2019 14:00,1.68880366,0.55508292
09/12/2019 15:00,1.601814378,0.526490925
09/12/2019 16:00,1.513272054,0.497388471
09/12/2019 17:00,1.426396995,0.46883402
09/12/2019 18:00,1.380627587,0.453790343
09/12/2019 19:00,1.376555648,0.452451962
09/12/2019 20:00,1.369837527,0.450243822
09/12/2019 21:00,1.555933987,0.51141077
09/12/2019 22:00,1.660703349,0.545846794
09/12/2019 23:00,1.688040564,0.554832102
9/13/2019 0:00,1.65173614,0.542899415
9/13/2019 1:00,1.639837347,0.538988471
9/13/2019 2:00,1.743207813,0.5729647
9/13/2019 3:00,1.75,0.575197184
9/13/2019 4:00,1.75,0.575197184
9/13/2019 5:00,1.75,0.575197184
9/13/2019 6:00,1.75,0.575197184
9/13/2019 7:00,1.75,0.575197184
9/13/2019 8:00,1.75,0.575197184
9/13/2019 9:00,1.75,0.575197184
9/13/2019 10:00,1.75,0.575197184
9/13/2019 11:00,1.75,0.575197184
9/13/2019 12:00,1.75,0.575197184
9/13/2019 13:00,1.75,0.575197184
9/13/2019 14:00,1.75,0.575197184
9/13/2019 15:00,1.75,0.575197184
9/13/2019 16:00,1.75,0.575197184
9/13/2019 17:00,1.583939038,0.520615585
9/13/2019 18:00,1.518788023,0.499201482
9/13/2019 19:00,1.47267449,0.484044697
9/13/2019 20:00,1.321937918,0.434499982
9/13/2019 21:00,1.388199966,0.456279264
9/13/2019 22:00,1.372981177,0.45127709
9/13/2019 23:00,1.352483892,0.444539958
9/14/2019 0:00,1.314997255,0.432218696
9/14/2019 1:00,1.303479618,0.428433032
9/14/2019 2:00,1.188659064,0.390693341
9/14/2019 3:00,1.177570038,0.387048554
9/14/2019 4:00,1.132855394,0.372351561
9/14/2019 5:00,1.141031859,0.375039036
9/14/2019 6:00,1.309645992,0.430459821
9/14/2019 7:00,1.504967688,0.494658958
9/14/2019 8:00,1.75,0.575197184
9/14/2019 9:00,1.75,0.575197184
9/14/2019 10:00,1.75,0.575197184
9/14/2019 11:00,1.75,0.575197184
9/14/2019 12:00,1.75,0.575197184
9/14/2019 13:00,1.75,0.575197184
9/14/2019 14:00,1.75,0.575197184
9/14/2019 15:00,1.75,0.575197184
9/14/2019 16:00,1.75,0.575197184
9/14/2019 17:00,1.75,0.575197184
9/14/2019 18:00,1.75,0.575197184
9/14/2019 19:00,1.75,0.575197184
9/14/2019 20:00,1.75,0.575197184
9/14/2019 21:00,1.75,0.575197184
9/14/2019 22:00,1.75,0.575197184
9/14/2019 23:00,1.75,0.575197184
9/15/2019 0:00,1.75,0.575197184
9/15/2019 1:00,1.75,0.575197184
9/15/2019 2:00,1.75,0.575197184
9/15/2019 3:00,1.75,0.575197184
9/15/2019 4:00,0,0
9/15/2019 5:00,0,0
9/15/2019 6:00,1.75,0.575197184
9/15/2019 7:00,1.75,0.575197184
9/15/2019 8:00,1.75,0.575197184
9/15/2019 9:00,1.75,0.575197184
9/15/2019 10:00,1.75,0.575197184
9/15/2019 11:00,1.75,0.575197184
9/15/2019 12:00,1.75,0.575197184
9/15/2019 13:00,1.75,0.575197184
9/15/2019 14:00,1.75,0.575197184
9/15/2019 15:00,1.75,0.575197184
9/15/2019 16:00,1.75,0.575197184
9/15/2019 17:00,1.75,0.575197184
9/15/2019 18:00,1.612362454,0.529957911
9/15/2019 19:00,1.56525483,0.514474383
9/15/2019 20:00,1.439076189,0.47300147
9/15/2019 21:00,1.395718684,0.458750547
9/15/2019 22:00,1.343777316,0.441678245
9/15/2019 23:00,1.241692402,0.408124556
9/16/2019 0:00,1.317749949,0.433123463
9/16/2019 1:00,1.472801598,0.484086475
9/16/2019 2:00,1.644317185,0.540460923
9/16/2019 3:00,1.710741607,0.562293574
9/16/2019 4:00,1.722987394,0.56631857
9/16/2019 5:00,1.715323198,0.56379947
9/16/2019 6:00,1.716319604,0.564126973
9/16/2019 7:00,1.721662161,0.565882987
9/16/2019 8:00,1.75,0.575197184
9/16/2019 9:00,1.75,0.575197184
9/16/2019 10:00,1.729988174,0.568619615
9/16/2019 11:00,1.75,0.575197184
9/16/2019 12:00,1.75,0.575197184
9/16/2019 13:00,1.75,0.575197184
9/16/2019 14:00,1.75,0.575197184
9/16/2019 15:00,1.75,0.575197184
9/16/2019 16:00,1.75,0.575197184
9/16/2019 17:00,1.75,0.575197184
9/16/2019 18:00,1.75,0.575197184
9/16/2019 19:00,1.75,0.575197184
9/16/2019 20:00,1.75,0.575197184
9/16/2019 21:00,1.75,0.575197184
9/16/2019 22:00,1.75,0.575197184
9/16/2019 23:00,1.75,0.575197184
9/17/2019 0:00,1.75,0.575197184
9/17/2019 1:00,1.75,0.575197184
9/17/2019 2:00,1.75,0.575197184
9/17/2019 3:00,1.75,0.575197184
9/17/2019 4:00,1.75,0.575197184
9/17/2019 5:00,1.75,0.575197184
9/17/2019 6:00,1.75,0.575197184
9/17/2019 7:00,1.679689098,0.552087108
9/17/2019 8:00,1.56033483,0.512857257
9/17/2019 9:00,1.430797671,0.470280452
9/17/2019 10:00,1.366224972,0.449056432
9/17/2019 11:00,1.151657613,0.378531552
9/17/2019 12:00,0.961061661,0.315885692
9/17/2019 13:00,0.924879854,0.303993307
9/17/2019 14:00,0.881636685,0.289779965
9/17/2019 15:00,0.787141253,0.258720818
9/17/2019 16:00,0.704080928,0.23142021
9/17/2019 17:00,0.599004108,0.196883129
9/17/2019 18:00,0.436788201,0.143565339
9/17/2019 19:00,0.293638745,0.096514388
9/17/2019 20:00,0.14010438,0.046050083
9/17/2019 21:00,0,0
9/17/2019 22:00,0,0
9/17/2019 23:00,0,0
9/18/2019 0:00,0,0
9/18/2019 1:00,0,0
9/18/2019 2:00,0,0
9/18/2019 3:00,0,0
9/18/2019 4:00,0,0
9/18/2019 5:00,0,0
9/18/2019 6:00,0,0
9/18/2019 7:00,0,0
9/18/2019 8:00,0,0
9/18/2019 9:00,0,0
9/18/2019 10:00,0.054399182,0.017880146
9/18/2019 11:00,0.068967411,0.022668492
9/18/2019 12:00,0.042835757,0.014079432
9/18/2019 13:00,0.063206869,0.020775093
9/18/2019 14:00,0.015409832,0.005064967
9/18/2019 15:00,0,0
9/18/2019 16:00,0.022334235,0.007340908
9/18/2019 17:00,0.124483782,0.040915841
9/18/2019 18:00,0.077123616,0.025349307
9/18/2019 19:00,0.192579321,0.063297762
9/18/2019 20:00,0.271426771,0.089213665
9/18/2019 21:00,0.377979856,0.124235971
9/18/2019 22:00,0.515110571,0.169308657
9/18/2019 23:00,0.588012522,0.19327037
9/19/2019 0:00,0.682783071,0.224419943
9/19/2019 1:00,0.647951323,0.212971301
9/19/2019 2:00,0.485549652,0.159592453
9/19/2019 3:00,0.481281268,0.158189503
9/19/2019 4:00,0.656845761,0.215894761
9/19/2019 5:00,0.682004871,0.224164161
9/19/2019 6:00,0.673828346,0.221476667
9/19/2019 7:00,0.821685813,0.270075066
9/19/2019 8:00,0.913478179,0.300245758
9/19/2019 9:00,1.0006667,0.328903239
9/19/2019 10:00,1.127061539,0.370447214
9/19/2019 11:00,1.045224657,0.343548731
9/19/2019 12:00,1.097800595,0.360829606
9/19/2019 13:00,1.129183745,0.371144749
9/19/2019 14:00,1.109738022,0.364753249
9/19/2019 15:00,1.094137605,0.35962564
9/19/2019 16:00,1.107775202,0.364108101
9/19/2019 17:00,1.169417625,0.384368986
9/19/2019 18:00,1.209733891,0.397620301
9/19/2019 19:00,1.085604393,0.356820908
9/19/2019 20:00,0.933318365,0.306766912
9/19/2019 21:00,0.887768135,0.291795275
9/19/2019 22:00,0.834861451,0.274405689
9/19/2019 23:00,0.803557662,0.264116631
9/20/2019 0:00,0.752129516,0.247213017
9/20/2019 1:00,0.658220601,0.216346649
9/20/2019 2:00,0.536052742,0.176192016
9/20/2019 3:00,0.395159994,0.129882809
9/20/2019 4:00,0.271952513,0.089386468
9/20/2019 5:00,0.164090402,0.053933907
9/20/2019 6:00,0.070944521,0.023318336
9/20/2019 7:00,0.037969758,0.012480056
9/20/2019 8:00,0.080347137,0.026408827
9/20/2019 9:00,0.15789507,0.0518976
9/20/2019 10:00,0.227524539,0.0747837
9/20/2019 11:00,0.291079506,0.095673207
9/20/2019 12:00,0.27810902,0.091410014
9/20/2019 13:00,0.222106239,0.07300279
9/20/2019 14:00,0.209071903,0.068718611
9/20/2019 15:00,0.188528796,0.061966419
9/20/2019 16:00,0.17118143,0.056264615
9/20/2019 17:00,0.206392791,0.06783803
9/20/2019 18:00,0.278445679,0.091520669
9/20/2019 19:00,0.370264892,0.121700185
9/20/2019 20:00,0.452383518,0.148691272
9/20/2019 21:00,0.504498304,0.165820574
9/20/2019 22:00,0.555748124,0.182665575
9/20/2019 23:00,0.773043065,0.254086968
9/21/2019 0:00,0.980532669,0.322285503
9/21/2019 1:00,1.114798466,0.366416536
9/21/2019 2:00,1.208616557,0.397253052
9/21/2019 3:00,1.293299862,0.425087108
9/21/2019 4:00,1.374920718,0.451914586
9/21/2019 5:00,1.386658877,0.455772732
9/21/2019 6:00,1.373224658,0.451357118
9/21/2019 7:00,1.390928129,0.457175968
9/21/2019 8:00,1.45931065,0.479652215
9/21/2019 9:00,1.570706745,0.516266341
9/21/2019 10:00,1.691780084,0.556061223
9/21/2019 11:00,1.75,0.575197184
9/21/2019 12:00,1.75,0.575197184
9/21/2019 13:00,1.75,0.575197184
9/21/2019 14:00,1.75,0.575197184
9/21/2019 15:00,1.75,0.575197184
9/21/2019 16:00,1.75,0.575197184
9/21/2019 17:00,1.75,0.575197184
9/21/2019 18:00,1.75,0.575197184
9/21/2019 19:00,1.75,0.575197184
9/21/2019 20:00,1.75,0.575197184
9/21/2019 21:00,1.75,0.575197184
9/21/2019 22:00,1.75,0.575197184
9/21/2019 23:00,1.75,0.575197184
9/22/2019 0:00,1.75,0.575197184
9/22/2019 1:00,1.75,0.575197184
9/22/2019 2:00,1.68217353,0.552903702
9/22/2019 3:00,1.628444351,0.535243774
9/22/2019 4:00,1.615093261,0.530855483
9/22/2019 5:00,1.601296465,0.526320696
9/22/2019 6:00,1.562619979,0.51360835
9/22/2019 7:00,1.525999256,0.5015717
9/22/2019 8:00,1.514867376,0.497912828
9/22/2019 9:00,1.518244478,0.499022828
9/22/2019 10:00,1.475148556,0.484857883
9/22/2019 11:00,1.4834486,0.487585976
9/22/2019 12:00,1.457459174,0.479043664
9/22/2019 13:00,1.476070856,0.485161028
9/22/2019 14:00,1.499536185,0.492873709
9/22/2019 15:00,1.513250436,0.497381366
9/22/2019 16:00,1.485445778,0.488242416
9/22/2019 17:00,1.439715222,0.47321151
9/22/2019 18:00,1.411073357,0.463797384
9/22/2019 19:00,1.378542206,0.453104911
9/22/2019 20:00,1.342956927,0.441408596
9/22/2019 21:00,1.331601772,0.437676337
9/22/2019 22:00,1.26895028,0.417083787
9/22/2019 23:00,1.327807617,0.436429259
9/23/2019 0:00,1.292065009,0.424681231
9/23/2019 1:00,1.283761326,0.421951943
9/23/2019 2:00,1.352445233,0.444527251
9/23/2019 3:00,1.383549696,0.454750794
9/23/2019 4:00,1.399797416,0.460091161
9/23/2019 5:00,1.318460362,0.433356964
9/23/2019 6:00,1.270807868,0.417694347
9/23/2019 7:00,1.28670369,0.422919051
9/23/2019 8:00,1.297082054,0.426330254
9/23/2019 9:00,1.26889528,0.41706571
9/23/2019 10:00,1.32739424,0.436293388
9/23/2019 11:00,1.331320682,0.437583947
9/23/2019 12:00,1.270035515,0.417440487
9/23/2019 13:00,1.219155957,0.400717185
9/23/2019 14:00,1.174121262,0.385914996
9/23/2019 15:00,1.166237572,0.383323753
9/23/2019 16:00,1.249621423,0.410730699
9/23/2019 17:00,1.363676824,0.448218897
9/23/2019 18:00,1.421519441,0.467230845
9/23/2019 19:00,1.443572009,0.474479174
9/23/2019 20:00,1.417621772,0.465949744
9/23/2019 21:00,1.340816108,0.440704943
9/23/2019 22:00,1.260982214,0.414464811
9/23/2019 23:00,1.191896651,0.391757484
9/24/2019 0:00,1.180299156,0.387945572
9/24/2019 1:00,1.164774366,0.38284282
9/24/2019 2:00,1.241914422,0.408197531
9/24/2019 3:00,1.363253986,0.448079917
9/24/2019 4:00,1.458008949,0.479224367
9/24/2019 5:00,1.557735108,0.51200277
9/24/2019 6:00,1.626870994,0.534726637
9/24/2019 7:00,1.666656333,0.547803446
9/24/2019 8:00,1.664492295,0.547092161
9/24/2019 9:00,1.664941145,0.54723969
9/24/2019 10:00,1.614192609,0.530559453
9/24/2019 11:00,1.529833607,0.50283199
9/24/2019 12:00,1.461291753,0.480303372
9/24/2019 13:00,1.342166545,0.44114881
9/24/2019 14:00,1.206387526,0.396520404
9/24/2019 15:00,1.235617954,0.406127982
9/24/2019 16:00,1.171069024,0.384911774
9/24/2019 17:00,1.077958055,0.354307679
9/24/2019 18:00,0.996114931,0.327407145
9/24/2019 19:00,1.007579905,0.3311755
9/24/2019 20:00,1.093063955,0.359272748
9/24/2019 21:00,1.166707954,0.38347836
9/24/2019 22:00,1.261385814,0.414597467
9/24/2019 23:00,1.394950058,0.458497912
9/25/2019 0:00,1.404457256,0.461622777
9/25/2019 1:00,1.333237682,0.438214035
9/25/2019 2:00,1.388189698,0.456275889
9/25/2019 3:00,1.410092949,0.463475139
9/25/2019 4:00,1.402097462,0.46084715
9/25/2019 5:00,1.496726623,0.491950251
9/25/2019 6:00,1.592861667,0.523548312
9/25/2019 7:00,1.660180905,0.545675075
9/25/2019 8:00,1.698270555,0.558194538
9/25/2019 9:00,1.748364905,0.574659754
9/25/2019 10:00,1.678511515,0.551700055
9/25/2019 11:00,1.603582098,0.527071947
9/25/2019 12:00,1.522634335,0.500465704
9/25/2019 13:00,1.492593866,0.490591879
9/25/2019 14:00,1.584984202,0.520959114
9/25/2019 15:00,1.656266742,0.544388552
9/25/2019 16:00,1.682674998,0.553068526
9/25/2019 17:00,1.740708835,0.572143326
9/25/2019 18:00,1.75,0.575197184
9/25/2019 19:00,1.75,0.575197184
9/25/2019 20:00,1.75,0.575197184
9/25/2019 21:00,1.75,0.575197184
9/25/2019 22:00,1.75,0.575197184
9/25/2019 23:00,1.75,0.575197184
9/26/2019 0:00,1.75,0.575197184
9/26/2019 1:00,1.75,0.575197184
9/26/2019 2:00,1.75,0.575197184
9/26/2019 3:00,1.75,0.575197184
9/26/2019 4:00,1.75,0.575197184
9/26/2019 5:00,1.75,0.575197184
9/26/2019 6:00,1.75,0.575197184
9/26/2019 7:00,1.75,0.575197184
9/26/2019 8:00,1.75,0.575197184
9/26/2019 9:00,1.694961859,0.557107022
9/26/2019 10:00,1.446083747,0.475304743
9/26/2019 11:00,1.601110709,0.526259641
9/26/2019 12:00,1.678846706,0.551810227
9/26/2019 13:00,1.473839025,0.484427461
9/26/2019 14:00,0.96474839,0.317097461
9/26/2019 15:00,0.426633143,0.140227533
9/26/2019 16:00,0.102973853,0.033845869
9/26/2019 17:00,0,0
9/26/2019 18:00,0,0
9/26/2019 19:00,0,0
9/26/2019 20:00,0,0
9/26/2019 21:00,0,0
9/26/2019 22:00,0,0
9/26/2019 23:00,0,0
9/27/2019 0:00,0,0
9/27/2019 1:00,0,0
9/27/2019 2:00,0,0
9/27/2019 3:00,0,0
9/27/2019 4:00,0,0
9/27/2019 5:00,0,0
9/27/2019 6:00,0,0
9/27/2019 7:00,0,0
9/27/2019 8:00,0,0
9/27/2019 9:00,0,0
9/27/2019 10:00,0,0
9/27/2019 11:00,0,0
9/27/2019 12:00,0,0
9/27/2019 13:00,0,0
9/27/2019 14:00,0,0
9/27/2019 15:00,0,0
9/27/2019 16:00,0,0
9/27/2019 17:00,0,0
9/27/2019 18:00,0,0
9/27/2019 19:00,0,0
9/27/2019 20:00,0,0
9/27/2019 21:00,0,0
9/27/2019 22:00,0,0
9/27/2019 23:00,0,0
9/28/2019 0:00,0,0
9/28/2019 1:00,0,0
9/28/2019 2:00,0,0
9/28/2019 3:00,0,0
9/28/2019 4:00,0,0
9/28/2019 5:00,0,0
9/28/2019 6:00,0,0
9/28/2019 7:00,0,0
9/28/2019 8:00,0,0
9/28/2019 9:00,0,0
9/28/2019 10:00,0.224623178,0.073830068
9/28/2019 11:00,0.19878422,0.065337213
9/28/2019 12:00,0.093774285,0.030822117
9/28/2019 13:00,0,0
9/28/2019 14:00,0,0
9/28/2019 15:00,0,0
9/28/2019 16:00,0,0
9/28/2019 17:00,0,0
9/28/2019 18:00,0,0
9/28/2019 19:00,0,0
9/28/2019 20:00,0,0
9/28/2019 21:00,0,0
9/28/2019 22:00,0,0
9/28/2019 23:00,0,0
9/29/2019 0:00,0,0
9/29/2019 1:00,0,0
9/29/2019 2:00,0,0
9/29/2019 3:00,0.002735331,0.00089906
9/29/2019 4:00,0.130273223,0.042818738
9/29/2019 5:00,0.260718089,0.085693892
9/29/2019 6:00,0.391779468,0.128771684
9/29/2019 7:00,0.574313205,0.188767622
9/29/2019 8:00,0.666847496,0.219182172
9/29/2019 9:00,0.57891829,0.19028124
9/29/2019 10:00,0.346431971,0.113866682
9/29/2019 11:00,0.197891803,0.06504389
9/29/2019 12:00,0.163130043,0.053618252
9/29/2019 13:00,0.246496169,0.081019373
9/29/2019 14:00,0.336490158,0.110598967
9/29/2019 15:00,0.434859341,0.142931353
9/29/2019 16:00,0.482622364,0.1586303
9/29/2019 17:00,0.524272425,0.172320013
9/29/2019 18:00,0.533054737,0.175206619
9/29/2019 19:00,0.524618543,0.172433776
9/29/2019 20:00,0.585618614,0.19248353
9/29/2019 21:00,0.730971758,0.240258798
9/29/2019 22:00,1.067366583,0.35082643
9/29/2019 23:00,1.164733659,0.382829441
9/30/2019 0:00,1.173038411,0.385559081
9/30/2019 1:00,1.12779794,0.370689257
9/30/2019 2:00,1.141115089,0.375066392
9/30/2019 3:00,1.147928742,0.377305931
9/30/2019 4:00,1.101837516,0.362156478
9/30/2019 5:00,1.046212987,0.343873579
9/30/2019 6:00,0.978988622,0.321777999
9/30/2019 7:00,0.919655999,0.302276309
9/30/2019 8:00,0.907468394,0.298270437
9/30/2019 9:00,0.870068297,0.28597762
9/30/2019 10:00,0.939358032,0.308752054
9/30/2019 11:00,0.8087652,0.265828266
9/30/2019 12:00,0.669698386,0.220119215
9/30/2019 13:00,0.600762659,0.197461137
9/30/2019 14:00,0.617731619,0.203038564
9/30/2019 15:00,0.683349816,0.224606223
9/30/2019 16:00,0.640805857,0.2106227
9/30/2019 17:00,0.579211407,0.190377583
9/30/2019 18:00,0.532407974,0.174994039
9/30/2019 19:00,0.423760358,0.139283294
9/30/2019 20:00,0.286958158,0.094318585
9/30/2019 21:00,0.262071043,0.086138586
9/30/2019 22:00,0.473996342,0.155795064
9/30/2019 23:00,0.581432895,0.191107751
10/01/2019 00:00,0.563867307,0.185334221
10/01/2019 01:00,0.541831264,0.178091324
10/01/2019 02:00,0.627595832,0.206280775
10/01/2019 03:00,0.73783947,0.242516106
10/01/2019 04:00,0.849698645,0.279282439
10/01/2019 05:00,0.921965319,0.303035346
10/01/2019 06:00,0.943321674,0.31005484
10/01/2019 07:00,0.960921712,0.315839693
10/01/2019 08:00,0.975177257,0.320525264
10/01/2019 09:00,1.007313034,0.331087783
10/01/2019 10:00,1.070177937,0.351750478
10/01/2019 11:00,1.052880817,0.346065189
10/01/2019 12:00,1.064734719,0.349961378
10/01/2019 13:00,1.043926585,0.343122075
10/01/2019 14:00,1.113126176,0.365866881
10/01/2019 15:00,1.193484475,0.392279377
10/01/2019 16:00,1.272004092,0.418087527
10/01/2019 17:00,1.291836672,0.424606181
10/01/2019 18:00,1.290238036,0.424080734
10/01/2019 19:00,1.337846424,0.439728855
10/01/2019 20:00,1.479916489,0.486425027
10/01/2019 21:00,1.57938032,0.519117207
10/01/2019 22:00,1.75,0.575197184
10/01/2019 23:00,1.75,0.575197184
10/02/2019 00:00,1.75,0.575197184
10/02/2019 01:00,1.75,0.575197184
10/02/2019 02:00,1.75,0.575197184
10/02/2019 03:00,1.75,0.575197184
10/02/2019 04:00,1.75,0.575197184
10/02/2019 05:00,1.75,0.575197184
10/02/2019 06:00,1.704390583,0.560206094
10/02/2019 07:00,1.564339207,0.514173433
10/02/2019 08:00,1.457656693,0.479108586
10/02/2019 09:00,1.358247441,0.446434345
10/02/2019 10:00,1.362019307,0.447674097
10/02/2019 11:00,1.265212087,0.415855103
10/02/2019 12:00,1.180220231,0.387919631
10/02/2019 13:00,1.194677998,0.392671669
10/02/2019 14:00,1.215511742,0.399519389
10/02/2019 15:00,1.131170791,0.371797859
10/02/2019 16:00,1.033418087,0.339668099
10/02/2019 17:00,0.957143087,0.314597719
10/02/2019 18:00,0.902700497,0.296703305
10/02/2019 19:00,0.853821713,0.280637626
10/02/2019 20:00,0.776945669,0.255369692
10/02/2019 21:00,0.712164733,0.234077228
10/02/2019 22:00,0.584766976,0.19220361
10/02/2019 23:00,0.45948961,0.151026931
10/03/2019 00:00,0.429035533,0.14101716
10/03/2019 01:00,0.356680545,0.117235226
10/03/2019 02:00,0.247316217,0.081288909
10/03/2019 03:00,0.223352252,0.073412335
10/03/2019 04:00,0.188374915,0.06191584
10/03/2019 05:00,0.124319563,0.040861864
10/03/2019 06:00,0.114030042,0.037479862
10/03/2019 07:00,0.174342491,0.057303606
10/03/2019 08:00,0.3024734,0.099418199
10/03/2019 09:00,0.393539146,0.129350062
10/03/2019 10:00,0.451362764,0.148355766
10/03/2019 11:00,0.548074399,0.180143344
10/03/2019 12:00,0.555095691,0.182451131
10/03/2019 13:00,0.575098209,0.18902564
10/03/2019 14:00,0.698725365,0.229659921
10/03/2019 15:00,0.871763075,0.286534666
10/03/2019 16:00,0.970221484,0.31889638
10/03/2019 17:00,1.090739789,0.358508832
10/03/2019 18:00,1.185913263,0.38979084
10/03/2019 19:00,1.179238279,0.387596879
10/03/2019 20:00,1.217317484,0.400112908
10/03/2019 21:00,1.220540619,0.401172301
10/03/2019 22:00,1.302536699,0.428123109
10/03/2019 23:00,1.341609641,0.440965764
10/04/2019 00:00,1.3032049,0.428342736
10/04/2019 01:00,1.282309319,0.421474691
10/04/2019 02:00,1.245457183,0.40936198
10/04/2019 03:00,1.172678746,0.385440864
10/04/2019 04:00,1.050935163,0.345425683
10/04/2019 05:00,0.942171626,0.309676838
10/04/2019 06:00,0.830688048,0.273033958
10/04/2019 07:00,0.833457781,0.273944325
10/04/2019 08:00,0.84423813,0.277487654
10/04/2019 09:00,0.80472758,0.264501165
10/04/2019 10:00,0.811968415,0.266881112
10/04/2019 11:00,0.571186655,0.187739974
10/04/2019 12:00,0.44131585,0.145053505
10/04/2019 13:00,0.432662719,0.142209359
10/04/2019 14:00,0.40051112,0.131641639
10/04/2019 15:00,0.307854458,0.101186867
10/04/2019 16:00,0.406309277,0.133547401
10/04/2019 17:00,0.482238484,0.158504125
10/04/2019 18:00,0.584450774,0.19209968
10/04/2019 19:00,0.633516022,0.208226647
10/04/2019 20:00,0.549216817,0.180518838
10/04/2019 21:00,0.467200974,0.153561534
10/04/2019 22:00,0.586477302,0.192765767
10/04/2019 23:00,0.524402776,0.172362857
10/05/2019 00:00,0.46229056,0.151947559
10/05/2019 01:00,0.553465598,0.181915345
10/05/2019 02:00,0.628183782,0.206474024
10/05/2019 03:00,0.722632281,0.237517745
10/05/2019 04:00,0.880587529,0.289435124
10/05/2019 05:00,1.024908216,0.33687104
10/05/2019 06:00,1.233000132,0.405267545
10/05/2019 07:00,1.380508151,0.453751086
10/05/2019 08:00,1.470960945,0.483481482
10/05/2019 09:00,1.570043475,0.516048335
10/05/2019 10:00,1.740417477,0.572047561
10/05/2019 11:00,1.75,0.575197184
10/05/2019 12:00,1.75,0.575197184
10/05/2019 13:00,1.75,0.575197184
10/05/2019 14:00,1.75,0.575197184
10/05/2019 15:00,1.75,0.575197184
10/05/2019 16:00,1.75,0.575197184
10/05/2019 17:00,1.75,0.575197184
10/05/2019 18:00,1.75,0.575197184
10/05/2019 19:00,1.75,0.575197184
10/05/2019 20:00,1.75,0.575197184
10/05/2019 21:00,1.75,0.575197184
10/05/2019 22:00,1.75,0.575197184
10/05/2019 23:00,1.75,0.575197184
10/06/2019 00:00,1.75,0.575197184
10/06/2019 01:00,1.75,0.575197184
10/06/2019 02:00,1.75,0.575197184
10/06/2019 03:00,1.75,0.575197184
10/06/2019 04:00,1.75,0.575197184
10/06/2019 05:00,1.75,0.575197184
10/06/2019 06:00,1.75,0.575197184
10/06/2019 07:00,1.75,0.575197184
10/06/2019 08:00,1.718826379,0.56495091
10/06/2019 09:00,1.691418018,0.555942218
10/06/2019 10:00,1.75,0.575197184
10/06/2019 11:00,1.75,0.575197184
10/06/2019 12:00,1.75,0.575197184
10/06/2019 13:00,1.75,0.575197184
10/06/2019 14:00,1.75,0.575197184
10/06/2019 15:00,1.75,0.575197184
10/06/2019 16:00,1.741166665,0.572293807
10/06/2019 17:00,1.590097485,0.522639769
10/06/2019 18:00,1.551096394,0.50982073
10/06/2019 19:00,1.564620568,0.514265911
10/06/2019 20:00,1.647155044,0.541393682
10/06/2019 21:00,1.75,0.575197184
10/06/2019 22:00,1.75,0.575197184
10/06/2019 23:00,1.75,0.575197184
10/07/2019 00:00,1.75,0.575197184
10/07/2019 01:00,1.75,0.575197184
10/07/2019 02:00,1.75,0.575197184
10/07/2019 03:00,1.75,0.575197184
10/07/2019 04:00,1.75,0.575197184
10/07/2019 05:00,1.75,0.575197184
10/07/2019 06:00,1.75,0.575197184
10/07/2019 07:00,1.75,0.575197184
10/07/2019 08:00,1.75,0.575197184
10/07/2019 09:00,1.75,0.575197184
10/07/2019 10:00,1.75,0.575197184
10/07/2019 11:00,1.75,0.575197184
10/07/2019 12:00,1.75,0.575197184
10/07/2019 13:00,1.75,0.575197184
10/07/2019 14:00,1.75,0.575197184
10/07/2019 15:00,1.523000098,0.500585924
10/07/2019 16:00,1.129046327,0.371099582
10/07/2019 17:00,0.942939584,0.309929253
10/07/2019 18:00,0.888791294,0.292131571
10/07/2019 19:00,0.992976305,0.326375528
10/07/2019 20:00,1.250693549,0.41108309
10/07/2019 21:00,1.384631951,0.455106514
10/07/2019 22:00,1.334153365,0.438515005
10/07/2019 23:00,1.247699743,0.410099074
10/08/2019 00:00,1.215074177,0.399375568
10/08/2019 01:00,1.168081494,0.383929821
10/08/2019 02:00,1.134854508,0.373008639
10/08/2019 03:00,1.132777095,0.372325826
10/08/2019 04:00,1.175799348,0.386466557
10/08/2019 05:00,1.208649583,0.397263907
10/08/2019 06:00,1.267100118,0.416475668
10/08/2019 07:00,1.290868072,0.424287817
10/08/2019 08:00,1.251544222,0.411362693
10/08/2019 09:00,1.28898435,0.423668668
10/08/2019 10:00,1.276670953,0.41962145
10/08/2019 11:00,1.370678537,0.450520248
10/08/2019 12:00,1.425974672,0.468695209
10/08/2019 13:00,1.416468962,0.465570833
10/08/2019 14:00,1.230131602,0.404324705
10/08/2019 15:00,1.036742093,0.340760647
10/08/2019 16:00,1.017324392,0.334378357
10/08/2019 17:00,1.023266128,0.336331312
10/08/2019 18:00,0.996305873,0.327469904
10/08/2019 19:00,0.970780898,0.319080251
10/08/2019 20:00,1.00570862,0.330560438
10/08/2019 21:00,1.00181752,0.329281495
10/08/2019 22:00,1.00611088,0.330692654
10/08/2019 23:00,1.09562272,0.360113773
10/09/2019 00:00,1.198123189,0.393804048
10/09/2019 01:00,1.245205779,0.409279347
10/09/2019 02:00,1.344132586,0.441795016
10/09/2019 03:00,1.36061334,0.447211978
10/09/2019 04:00,1.320947597,0.434174479
10/09/2019 05:00,1.278022802,0.420065781
10/09/2019 06:00,1.358853099,0.446633415
10/09/2019 07:00,1.3679402,0.449620201
10/09/2019 08:00,1.424191784,0.468109202
10/09/2019 09:00,1.496600213,0.491908702
10/09/2019 10:00,1.449976979,0.476584386
10/09/2019 11:00,1.491314108,0.490171243
10/09/2019 12:00,1.604945827,0.527520183
10/09/2019 13:00,1.603572286,0.527068722
10/09/2019 14:00,1.628933926,0.53540469
10/09/2019 15:00,1.602637977,0.52676163
10/09/2019 16:00,1.57126883,0.516451089
10/09/2019 17:00,1.592729048,0.523504722
10/09/2019 18:00,1.697246224,0.557857856
10/09/2019 19:00,1.713827692,0.563307921
10/09/2019 20:00,1.676031523,0.550884921
10/09/2019 21:00,1.641236283,0.539448279
10/09/2019 22:00,1.487719806,0.488989853
10/09/2019 23:00,1.559040247,0.512431749
10/10/2019 00:00,1.604636706,0.52741858
10/10/2019 01:00,1.674949112,0.55052915
10/10/2019 02:00,1.666561239,0.547772189
10/10/2019 03:00,1.636808325,0.53799288
10/10/2019 04:00,1.733633656,0.569817827
10/10/2019 05:00,1.75,0.575197184
10/10/2019 06:00,1.75,0.575197184
10/10/2019 07:00,1.75,0.575197184
10/10/2019 08:00,1.75,0.575197184
10/10/2019 09:00,1.639045289,0.538728134
10/10/2019 10:00,1.536653954,0.50507373
10/10/2019 11:00,1.497648285,0.492253186
10/10/2019 12:00,1.502817662,0.493952278
10/10/2019 13:00,1.370299621,0.450395705
10/10/2019 14:00,1.132734652,0.372311875
10/10/2019 15:00,0.880210426,0.289311176
10/10/2019 16:00,0.571814211,0.187946242
10/10/2019 17:00,0.192774291,0.063361845
10/10/2019 18:00,0,0
10/10/2019 19:00,0,0
10/10/2019 20:00,0,0
10/10/2019 21:00,0,0
10/10/2019 22:00,0.128381405,0.042196927
10/10/2019 23:00,0.221253229,0.072722419
10/11/2019 00:00,0.225063671,0.073974851
10/11/2019 01:00,0.061798048,0.020312036
10/11/2019 02:00,0,0
10/11/2019 03:00,0,0
10/11/2019 04:00,0,0
10/11/2019 05:00,0.063864389,0.020991209
10/11/2019 06:00,0.218110691,0.071689517
10/11/2019 07:00,0.253836995,0.083432185
10/11/2019 08:00,0.268211783,0.08815695
10/11/2019 09:00,0.380533806,0.125075413
10/11/2019 10:00,0.322167753,0.10589142
10/11/2019 11:00,0.248269411,0.081602209
10/11/2019 12:00,0.177224452,0.05825086
10/11/2019 13:00,0.019921344,0.006547829
10/11/2019 14:00,0,0
10/11/2019 15:00,0,0
10/11/2019 16:00,0,0
10/11/2019 17:00,0,0
10/11/2019 18:00,0,0
10/11/2019 19:00,0.073038107,0.024006465
10/11/2019 20:00,0.280724861,0.0922698
10/11/2019 21:00,0.464824771,0.152780514
10/11/2019 22:00,0.557667867,0.183296564
10/11/2019 23:00,0.537971838,0.176822792
10/12/2019 00:00,0.418427366,0.137530424
10/12/2019 01:00,0.262812597,0.086382323
10/12/2019 02:00,0.123123663,0.040468791
10/12/2019 03:00,0,0
10/12/2019 04:00,0,0
10/12/2019 05:00,0,0
10/12/2019 06:00,0,0
10/12/2019 07:00,0,0
10/12/2019 08:00,0,0
10/12/2019 09:00,0,0
10/12/2019 10:00,0,0
10/12/2019 11:00,0,0
10/12/2019 12:00,0,0
10/12/2019 13:00,0,0
10/12/2019 14:00,0,0
10/12/2019 15:00,0,0
10/12/2019 16:00,0,0
10/12/2019 17:00,0,0
10/12/2019 18:00,0,0
10/12/2019 19:00,0,0
10/12/2019 20:00,0,0
10/12/2019 21:00,0,0
10/12/2019 22:00,0,0
10/12/2019 23:00,0,0
10/13/2019 0:00,0,0
10/13/2019 1:00,0,0
10/13/2019 2:00,0,0
10/13/2019 3:00,0,0
10/13/2019 4:00,0,0
10/13/2019 5:00,0,0
10/13/2019 6:00,0,0
10/13/2019 7:00,0,0
10/13/2019 8:00,0,0
10/13/2019 9:00,0,0
10/13/2019 10:00,0,0
10/13/2019 11:00,0,0
10/13/2019 12:00,0,0
10/13/2019 13:00,0,0
10/13/2019 14:00,0,0
10/13/2019 15:00,0,0
10/13/2019 16:00,0,0
10/13/2019 17:00,0,0
10/13/2019 18:00,0,0
10/13/2019 19:00,0,0
10/13/2019 20:00,0,0
10/13/2019 21:00,0,0
10/13/2019 22:00,0,0
10/13/2019 23:00,0,0
10/14/2019 0:00,0,0
10/14/2019 1:00,0,0
10/14/2019 2:00,0,0
10/14/2019 3:00,0,0
10/14/2019 4:00,0,0
10/14/2019 5:00,0,0
10/14/2019 6:00,0,0
10/14/2019 7:00,0,0
10/14/2019 8:00,0,0
10/14/2019 9:00,0,0
10/14/2019 10:00,0,0
10/14/2019 11:00,0,0
10/14/2019 12:00,0,0
10/14/2019 13:00,0,0
10/14/2019 14:00,0,0
10/14/2019 15:00,0,0
10/14/2019 16:00,0,0
10/14/2019 17:00,0,0
10/14/2019 18:00,0,0
10/14/2019 19:00,0,0
10/14/2019 20:00,0,0
10/14/2019 21:00,0,0
10/14/2019 22:00,0.029203854,0.009598843
10/14/2019 23:00,0.036488908,0.011993324
10/15/2019 0:00,0.06632632,0.021800407
10/15/2019 1:00,0.110163572,0.036209015
10/15/2019 2:00,0.231320089,0.076031236
10/15/2019 3:00,0.278706176,0.09160629
10/15/2019 4:00,0.3767155,0.123820397
10/15/2019 5:00,0.607407361,0.199645145
10/15/2019 6:00,0.62548966,0.205588509
10/15/2019 7:00,0.65293149,0.214608203
10/15/2019 8:00,0.678481884,0.223006211
10/15/2019 9:00,0.721272593,0.237070837
10/15/2019 10:00,0.760658829,0.250016466
10/15/2019 11:00,0.855682969,0.281249391
10/15/2019 12:00,0.824358694,0.2709536
10/15/2019 13:00,0.689829719,0.226736064
10/15/2019 14:00,0.624314778,0.205202344
10/15/2019 15:00,0.601972627,0.197858834
10/15/2019 16:00,0.64277751,0.211270751
10/15/2019 17:00,0.667122656,0.219272613
10/15/2019 18:00,0.602057155,0.197886617
10/15/2019 19:00,0.594572331,0.195426475
10/15/2019 20:00,0.673533516,0.221379761
10/15/2019 21:00,0.668853715,0.219841585
10/15/2019 22:00,0.543020022,0.17848205
10/15/2019 23:00,0.460892432,0.151488017
10/16/2019 0:00,0.476622496,0.156658239
10/16/2019 1:00,0.406328977,0.133553876
10/16/2019 2:00,0.142413105,0.046808924
10/16/2019 3:00,0,0
10/16/2019 4:00,0,0
10/16/2019 5:00,0,0
10/16/2019 6:00,0.00232919,0.000765568
10/16/2019 7:00,0.034323682,0.011281649
10/16/2019 8:00,0.218872699,0.071939977
10/16/2019 9:00,0.663720761,0.218154464
10/16/2019 10:00,0.898700489,0.295388566
10/16/2019 11:00,0.990169862,0.325453095
10/16/2019 12:00,0.983586273,0.323289174
10/16/2019 13:00,0.756639581,0.248695404
10/16/2019 14:00,0.478898257,0.157406245
10/16/2019 15:00,0.200756859,0.065985588
10/16/2019 16:00,0.10400641,0.034185254
10/16/2019 17:00,0.195454359,0.064242741
10/16/2019 18:00,0.218784874,0.07191111
10/16/2019 19:00,0.139729575,0.04592689
10/16/2019 20:00,0.060743264,0.019965345
10/16/2019 21:00,0.030433044,0.010002858
10/16/2019 22:00,0,0
10/16/2019 23:00,0,0
10/17/2019 0:00,0,0
10/17/2019 1:00,0,0
10/17/2019 2:00,0,0
10/17/2019 3:00,0,0
10/17/2019 4:00,0,0
10/17/2019 5:00,0,0
10/17/2019 6:00,0,0
10/17/2019 7:00,0,0
10/17/2019 8:00,0,0
10/17/2019 9:00,0,0
10/17/2019 10:00,0,0
10/17/2019 11:00,0,0
10/17/2019 12:00,0,0
10/17/2019 13:00,0,0
10/17/2019 14:00,0,0
10/17/2019 15:00,0.017601254,0.005785252
10/17/2019 16:00,0.138056313,0.045376916
10/17/2019 17:00,0.189274577,0.062211545
10/17/2019 18:00,0.189736966,0.062363525
10/17/2019 19:00,0.206789327,0.067968365
10/17/2019 20:00,0.227163579,0.074665058
10/17/2019 21:00,0.161464912,0.05307095
10/17/2019 22:00,0.197524564,0.064923185
10/17/2019 23:00,0.213983483,0.07033297
10/18/2019 0:00,0.307924018,0.10120973
10/18/2019 1:00,0.419911564,0.138018257
10/18/2019 2:00,0.452295868,0.148662463
10/18/2019 3:00,0.439620861,0.144496389
10/18/2019 4:00,0.466227271,0.153241493
10/18/2019 5:00,0.521482246,0.171402925
10/18/2019 6:00,0.503491136,0.165489533
10/18/2019 7:00,0.493420829,0.162179584
10/18/2019 8:00,0.482144061,0.158473089
10/18/2019 9:00,0.47200613,0.155140913
10/18/2019 10:00,0.407464518,0.133927111
10/18/2019 11:00,0.400260725,0.131559338
10/18/2019 12:00,0.43948513,0.144451777
10/18/2019 13:00,0.612863626,0.201438533
10/18/2019 14:00,0.517492495,0.170091557
10/18/2019 15:00,0.496906092,0.163325134
10/18/2019 16:00,0.772136921,0.253789133
10/18/2019 17:00,0.97119629,0.319216783
10/18/2019 18:00,0.98541063,0.323888811
10/18/2019 19:00,0.959862316,0.315491487
10/18/2019 20:00,0.996973532,0.327689353
10/18/2019 21:00,1.050510771,0.345286193
10/18/2019 22:00,1.131811715,0.372008521
10/18/2019 23:00,1.099635145,0.361432594
10/19/2019 0:00,1.014800983,0.333548953
10/19/2019 1:00,0.978196997,0.321517805
10/19/2019 2:00,0.981658933,0.322655688
10/19/2019 3:00,0.97565568,0.320682514
10/19/2019 4:00,0.939630854,0.308841727
10/19/2019 5:00,0.919508507,0.302227831
10/19/2019 6:00,0.953221946,0.313308902
10/19/2019 7:00,0.942729137,0.309860083
10/19/2019 8:00,0.886640538,0.291424652
10/19/2019 9:00,0.852492106,0.280200605
10/19/2019 10:00,0.930139741,0.305722148
10/19/2019 11:00,0.973788519,0.320068808
10/19/2019 12:00,1.130222838,0.371486282
10/19/2019 13:00,1.234365269,0.405716244
10/19/2019 14:00,1.370032377,0.450307866
10/19/2019 15:00,1.54058455,0.506365654
10/19/2019 16:00,1.75,0.575197184
10/19/2019 17:00,1.75,0.575197184
10/19/2019 18:00,1.75,0.575197184
10/19/2019 19:00,1.75,0.575197184
10/19/2019 20:00,1.75,0.575197184
10/19/2019 21:00,1.710770482,0.562303065
10/19/2019 22:00,1.683992267,0.553501492
10/19/2019 23:00,1.719758359,0.565257237
10/20/2019 0:00,1.709554959,0.561903542
10/20/2019 1:00,1.717381808,0.564476103
10/20/2019 2:00,1.684368801,0.553625252
10/20/2019 3:00,1.732826587,0.569552556
10/20/2019 4:00,1.741895448,0.572533347
10/20/2019 5:00,1.693183044,0.556522354
10/20/2019 6:00,1.728382248,0.568091773
10/20/2019 7:00,1.672408883,0.549694217
10/20/2019 8:00,1.537269497,0.505276049
10/20/2019 9:00,1.387584376,0.456076929
10/20/2019 10:00,1.167255973,0.383658485
10/20/2019 11:00,1.063365546,0.349511353
10/20/2019 12:00,0.985837138,0.324028998
10/20/2019 13:00,0.925101012,0.304065998
10/20/2019 14:00,0.856427937,0.28149425
10/20/2019 15:00,0.806768701,0.265172049
10/20/2019 16:00,0.742752916,0.244131078
10/20/2019 17:00,0.558713775,0.183640337
10/20/2019 18:00,0.451961526,0.14855257
10/20/2019 19:00,0.392569409,0.129031325
10/20/2019 20:00,0.196260481,0.064507701
10/20/2019 21:00,0.005449715,0.001791235
10/20/2019 22:00,0,0
10/20/2019 23:00,0,0
10/21/2019 0:00,0,0
10/21/2019 1:00,0,0
10/21/2019 2:00,0,0
10/21/2019 3:00,0,0
10/21/2019 4:00,0,0
10/21/2019 5:00,0,0
10/21/2019 6:00,0.103312907,0.03395731
10/21/2019 7:00,0.294543976,0.096811923
10/21/2019 8:00,0.499225661,0.16408754
10/21/2019 9:00,0.653803711,0.214894888
10/21/2019 10:00,0.796391613,0.261761265
10/21/2019 11:00,0.981285081,0.322532809
10/21/2019 12:00,1.080585913,0.355171414
10/21/2019 13:00,1.216376572,0.399803645
10/21/2019 14:00,1.315284851,0.432313224
10/21/2019 15:00,1.605512608,0.527706475
10/21/2019 16:00,1.713387903,0.56316337
10/21/2019 17:00,1.75,0.575197184
10/21/2019 18:00,1.666702574,0.547818644
10/21/2019 19:00,1.75,0.575197184
10/21/2019 20:00,1.75,0.575197184
10/21/2019 21:00,1.75,0.575197184
10/21/2019 22:00,1.75,0.575197184
10/21/2019 23:00,1.75,0.575197184
10/22/2019 0:00,1.75,0.575197184
10/22/2019 1:00,1.75,0.575197184
10/22/2019 2:00,1.75,0.575197184
10/22/2019 3:00,1.75,0.575197184
10/22/2019 4:00,1.75,0.575197184
10/22/2019 5:00,1.75,0.575197184
10/22/2019 6:00,1.75,0.575197184
10/22/2019 7:00,1.75,0.575197184
10/22/2019 8:00,1.75,0.575197184
10/22/2019 9:00,1.75,0.575197184
10/22/2019 10:00,1.75,0.575197184
10/22/2019 11:00,1.75,0.575197184
10/22/2019 12:00,1.75,0.575197184
10/22/2019 13:00,1.75,0.575197184
10/22/2019 14:00,1.75,0.575197184
10/22/2019 15:00,1.75,0.575197184
10/22/2019 16:00,1.542146092,0.506878908
10/22/2019 17:00,1.414088817,0.464788518
10/22/2019 18:00,1.491089493,0.490097416
10/22/2019 19:00,1.586142581,0.521339855
10/22/2019 20:00,1.624563509,0.533968203
10/22/2019 21:00,1.666201592,0.547653979
10/22/2019 22:00,1.510008497,0.496315792
10/22/2019 23:00,1.573921786,0.517323074
10/23/2019 0:00,1.603294465,0.526977407
10/23/2019 1:00,1.698356814,0.55822289
10/23/2019 2:00,1.678130376,0.551574781
10/23/2019 3:00,1.572156368,0.516742809
10/23/2019 4:00,1.460368914,0.48000005
10/23/2019 5:00,1.31931762,0.433638731
10/23/2019 6:00,1.0985125,0.361063598
10/23/2019 7:00,1.031469645,0.339027677
10/23/2019 8:00,1.068576614,0.351224148
10/23/2019 9:00,1.13678311,0.373642539
10/23/2019 10:00,1.091909942,0.358893442
10/23/2019 11:00,1.222041029,0.401665462
10/23/2019 12:00,1.344438213,0.441895471
10/23/2019 13:00,1.483330523,0.487547166
10/23/2019 14:00,1.496307841,0.491812604
10/23/2019 15:00,1.391123545,0.457240198
10/23/2019 16:00,1.316145809,0.432596207
10/23/2019 17:00,1.36129277,0.447435296
10/23/2019 18:00,1.510822234,0.496583254
10/23/2019 19:00,1.685015382,0.553837773
10/23/2019 20:00,1.75,0.575197184
10/23/2019 21:00,1.75,0.575197184
10/23/2019 22:00,1.75,0.575197184
10/23/2019 23:00,1.75,0.575197184
10/24/2019 0:00,1.516239334,0.498363769
10/24/2019 1:00,1.393849244,0.458136092
10/24/2019 2:00,1.255964623,0.412815608
10/24/2019 3:00,1.102727843,0.362449114
10/24/2019 4:00,0.966507637,0.317675698
10/24/2019 5:00,1.016389686,0.334071135
10/24/2019 6:00,1.306827309,0.429533365
10/24/2019 7:00,1.318902171,0.43350218
10/24/2019 8:00,1.328692594,0.436720136
10/24/2019 9:00,1.233848049,0.405546242
10/24/2019 10:00,1.345086197,0.442108453
10/24/2019 11:00,1.380294074,0.453680723
10/24/2019 12:00,1.658412681,0.545093888
10/24/2019 13:00,1.75,0.575197184
10/24/2019 14:00,1.75,0.575197184
10/24/2019 15:00,1.75,0.575197184
10/24/2019 16:00,1.607925143,0.528499437
10/24/2019 17:00,1.536316769,0.504962902
10/24/2019 18:00,1.63385168,0.537021077
10/24/2019 19:00,1.75,0.575197184
10/24/2019 20:00,1.75,0.575197184
10/24/2019 21:00,1.75,0.575197184
10/24/2019 22:00,1.75,0.575197184
10/24/2019 23:00,1.75,0.575197184
10/25/2019 0:00,1.75,0.575197184
10/25/2019 1:00,1.75,0.575197184
10/25/2019 2:00,1.75,0.575197184
10/25/2019 3:00,1.75,0.575197184
10/25/2019 4:00,1.75,0.575197184
10/25/2019 5:00,1.75,0.575197184
10/25/2019 6:00,1.75,0.575197184
10/25/2019 7:00,1.75,0.575197184
10/25/2019 8:00,1.75,0.575197184
10/25/2019 9:00,1.75,0.575197184
10/25/2019 10:00,1.75,0.575197184
10/25/2019 11:00,1.75,0.575197184
10/25/2019 12:00,1.75,0.575197184
10/25/2019 13:00,1.75,0.575197184
10/25/2019 14:00,1.75,0.575197184
10/25/2019 15:00,1.75,0.575197184
10/25/2019 16:00,1.75,0.575197184
10/25/2019 17:00,1.75,0.575197184
10/25/2019 18:00,1.75,0.575197184
10/25/2019 19:00,1.75,0.575197184
10/25/2019 20:00,1.75,0.575197184
10/25/2019 21:00,1.75,0.575197184
10/25/2019 22:00,1.75,0.575197184
10/25/2019 23:00,1.75,0.575197184
10/26/2019 0:00,1.75,0.575197184
10/26/2019 1:00,1.75,0.575197184
10/26/2019 2:00,1.75,0.575197184
10/26/2019 3:00,1.75,0.575197184
10/26/2019 4:00,1.75,0.575197184
10/26/2019 5:00,1.75,0.575197184
10/26/2019 6:00,1.75,0.575197184
10/26/2019 7:00,1.673416683,0.550025465
10/26/2019 8:00,1.542564043,0.507016282
10/26/2019 9:00,1.484887869,0.488059041
10/26/2019 10:00,1.294929984,0.425622903
10/26/2019 11:00,1.306121366,0.429301333
10/26/2019 12:00,1.319568755,0.433721275
10/26/2019 13:00,1.315168089,0.432274846
10/26/2019 14:00,1.282100726,0.42140613
10/26/2019 15:00,1.245330881,0.409320466
10/26/2019 16:00,1.203664779,0.395625481
10/26/2019 17:00,1.13887828,0.374331188
10/26/2019 18:00,1.140572837,0.374888162
10/26/2019 19:00,1.184267878,0.389250028
10/26/2019 20:00,1.304584099,0.428796057
10/26/2019 21:00,1.333390175,0.438264157
10/26/2019 22:00,1.38892734,0.45651834
10/26/2019 23:00,1.516018542,0.498291198
10/27/2019 0:00,1.529236296,0.502635663
10/27/2019 1:00,1.636789443,0.537986674
10/27/2019 2:00,1.650393934,0.542458253
10/27/2019 3:00,1.699451162,0.558582584
10/27/2019 4:00,1.738015112,0.571257942
10/27/2019 5:00,1.706951204,0.561047729
10/27/2019 6:00,1.713731571,0.563276328
10/27/2019 7:00,1.75,0.575197184
10/27/2019 8:00,1.75,0.575197184
10/27/2019 9:00,1.75,0.575197184
10/27/2019 10:00,1.75,0.575197184
10/27/2019 11:00,1.75,0.575197184
10/27/2019 12:00,1.75,0.575197184
10/27/2019 13:00,1.512874656,0.497257853
10/27/2019 14:00,1.357378716,0.446148809
10/27/2019 15:00,1.316734786,0.432789795
10/27/2019 16:00,1.247174059,0.40992629
10/27/2019 17:00,1.234680063,0.405819712
10/27/2019 18:00,1.25127544,0.411274348
10/27/2019 19:00,1.224856824,0.402590969
10/27/2019 20:00,1.160900099,0.38156941
10/27/2019 21:00,1.053404413,0.346237287
10/27/2019 22:00,1.128025552,0.370764069
10/27/2019 23:00,1.205929501,0.396369859
10/28/2019 0:00,1.151705912,0.378547427
10/28/2019 1:00,1.207004388,0.396723157
10/28/2019 2:00,1.266888049,0.416405965
10/28/2019 3:00,1.259240651,0.413892386
10/28/2019 4:00,1.229570788,0.404140374
10/28/2019 5:00,1.196381027,0.393231427
10/28/2019 6:00,1.085678606,0.356845301
10/28/2019 7:00,1.009097015,0.331674149
10/28/2019 8:00,0.958293013,0.314975681
10/28/2019 9:00,0.925563711,0.30421808
10/28/2019 10:00,0.934473908,0.30714672
10/28/2019 11:00,0.829223171,0.272552476
10/28/2019 12:00,0.758317835,0.249247019
10/28/2019 13:00,0.735554729,0.241765148
10/28/2019 14:00,0.73813526,0.242613327
10/28/2019 15:00,0.745636944,0.245079012
10/28/2019 16:00,0.754243102,0.247907719
10/28/2019 17:00,0.760137695,0.249845178
10/28/2019 18:00,0.74553064,0.245044071
10/28/2019 19:00,0.77035833,0.253204538
10/28/2019 20:00,0.769372526,0.25288052
10/28/2019 21:00,0.699709602,0.229983424
10/28/2019 22:00,0.540910692,0.177788747
10/28/2019 23:00,0.411987464,0.135413731
10/29/2019 0:00,0.299159554,0.09832899
10/29/2019 1:00,0.26250091,0.086279877
10/29/2019 2:00,0.272108279,0.089437666
10/29/2019 3:00,0.270005794,0.088746613
10/29/2019 4:00,0.22193353,0.072946024
10/29/2019 5:00,0.15981427,0.05252841
10/29/2019 6:00,0.095564593,0.031410563
10/29/2019 7:00,0.024460708,0.008039846
10/29/2019 8:00,0,0
10/29/2019 9:00,0,0
10/29/2019 10:00,0,0
10/29/2019 11:00,0,0
10/29/2019 12:00,0,0
10/29/2019 13:00,0,0
10/29/2019 14:00,0,0
10/29/2019 15:00,0,0
10/29/2019 16:00,0,0
10/29/2019 17:00,0,0
10/29/2019 18:00,0,0
10/29/2019 19:00,0,0
10/29/2019 20:00,0,0
10/29/2019 21:00,0,0
10/29/2019 22:00,0,0
10/29/2019 23:00,0,0
10/30/2019 0:00,0,0
10/30/2019 1:00,0,0
10/30/2019 2:00,0,0
10/30/2019 3:00,0,0
10/30/2019 4:00,0,0
10/30/2019 5:00,0,0
10/30/2019 6:00,0,0
10/30/2019 7:00,0,0
10/30/2019 8:00,0,0
10/30/2019 9:00,0,0
10/30/2019 10:00,0,0
10/30/2019 11:00,0,0
10/30/2019 12:00,0,0
10/30/2019 13:00,0,0
10/30/2019 14:00,0,0
10/30/2019 15:00,0,0
10/30/2019 16:00,0,0
10/30/2019 17:00,0,0
10/30/2019 18:00,0,0
10/30/2019 19:00,0,0
10/30/2019 20:00,0,0
10/30/2019 21:00,0.004917089,0.001616169
10/30/2019 22:00,0.071004771,0.02333814
10/30/2019 23:00,0.066072328,0.021716924
10/31/2019 0:00,0.063035325,0.020718709
10/31/2019 1:00,0.043662405,0.014351139
10/31/2019 2:00,0.048389495,0.015904858
10/31/2019 3:00,0.033125992,0.010887987
10/31/2019 4:00,0.014313027,0.004704465
10/31/2019 5:00,0,0
10/31/2019 6:00,0,0
10/31/2019 7:00,0,0
10/31/2019 8:00,0.034427508,0.011315775
10/31/2019 9:00,0.154265362,0.050704572
10/31/2019 10:00,0.199120627,0.065447785
10/31/2019 11:00,0.29231519,0.096079357
10/31/2019 12:00,0.372988643,0.122595438
10/31/2019 13:00,0.466417949,0.153304166
10/31/2019 14:00,0.477244744,0.156862762
10/31/2019 15:00,0.514267248,0.16903147
10/31/2019 16:00,0.573156337,0.188387378
10/31/2019 17:00,0.630834647,0.207345321
10/31/2019 18:00,0.680433023,0.223647519
10/31/2019 19:00,0.725568483,0.238482828
10/31/2019 20:00,0.703928058,0.231369964
10/31/2019 21:00,0.65829586,0.216371386
10/31/2019 22:00,0.556322991,0.182854525
10/31/2019 23:00,0.467290557,0.153590978
11/01/2019 00:00,0.522694806,0.171801475
11/01/2019 01:00,0.459784174,0.15112375
11/01/2019 02:00,0.3058513,0.100528461
11/01/2019 03:00,0.160020422,0.052596169
11/01/2019 04:00,0.135134328,0.044416506
11/01/2019 05:00,0.214590446,0.070532469
11/01/2019 06:00,0.330485831,0.10862544
11/01/2019 07:00,0.411863473,0.135372977
11/01/2019 08:00,0.456638777,0.150089908
11/01/2019 09:00,0.519075346,0.170611816
11/01/2019 10:00,0.67248577,0.221035384
11/01/2019 11:00,0.841206627,0.276491247
11/01/2019 12:00,0.911159993,0.299483807
11/01/2019 13:00,0.983089294,0.323125825
11/01/2019 14:00,1.07019202,0.351755106
11/01/2019 15:00,1.110907151,0.365137523
11/01/2019 16:00,1.268472472,0.416926739
11/01/2019 17:00,1.332497891,0.437970877
11/01/2019 18:00,1.388581428,0.456404644
11/01/2019 19:00,1.463757562,0.481113845
11/01/2019 20:00,1.532606662,0.503743449
11/01/2019 21:00,1.620637422,0.532677761
11/01/2019 22:00,1.636945184,0.538037863
11/01/2019 23:00,1.75,0.575197184
11/02/2019 00:00,1.75,0.575197184
11/02/2019 01:00,1.75,0.575197184
11/02/2019 02:00,1.75,0.575197184
11/02/2019 03:00,1.75,0.575197184
11/02/2019 04:00,1.75,0.575197184
11/02/2019 05:00,1.75,0.575197184
11/02/2019 06:00,1.75,0.575197184
11/02/2019 07:00,1.75,0.575197184
11/02/2019 08:00,1.75,0.575197184
11/02/2019 09:00,1.75,0.575197184
11/02/2019 10:00,1.75,0.575197184
11/02/2019 11:00,1.75,0.575197184
11/02/2019 12:00,1.75,0.575197184
11/02/2019 13:00,1.75,0.575197184
11/02/2019 14:00,1.75,0.575197184
11/02/2019 15:00,1.75,0.575197184
11/02/2019 16:00,1.75,0.575197184
11/02/2019 17:00,1.75,0.575197184
11/02/2019 18:00,1.75,0.575197184
11/02/2019 19:00,1.75,0.575197184
11/02/2019 20:00,1.75,0.575197184
11/02/2019 21:00,1.75,0.575197184
11/02/2019 22:00,1.75,0.575197184
11/02/2019 23:00,1.75,0.575197184
11/03/2019 00:00,1.75,0.575197184
11/03/2019 01:00,1.75,0.575197184
11/03/2019 02:00,1.75,0.575197184
11/03/2019 03:00,1.694369946,0.556912469
11/03/2019 04:00,1.638635186,0.53859334
11/03/2019 05:00,1.596314178,0.524683097
11/03/2019 06:00,1.533810127,0.504139009
11/03/2019 07:00,1.49326043,0.490810968
11/03/2019 08:00,1.459270829,0.479639127
11/03/2019 09:00,1.477172144,0.485523004
11/03/2019 10:00,1.484108393,0.487802839
11/03/2019 11:00,1.563382861,0.513859097
11/03/2019 12:00,1.562488774,0.513565225
11/03/2019 13:00,1.48473887,0.488010067
11/03/2019 14:00,1.436259656,0.47207572
11/03/2019 15:00,1.458081833,0.479248322
11/03/2019 16:00,1.534940909,0.504510679
11/03/2019 17:00,1.597515639,0.525077998
11/03/2019 18:00,1.595459594,0.524402209
11/03/2019 19:00,1.596286682,0.52467406
11/03/2019 20:00,1.606322127,0.527972551
11/03/2019 21:00,1.715254685,0.563776951
11/03/2019 22:00,1.625510947,0.534279611
11/03/2019 23:00,1.720265484,0.565423921
11/04/2019 00:00,1.675105743,0.550580632
11/04/2019 01:00,1.687240072,0.554568993
11/04/2019 02:00,1.556496768,0.511595747
11/04/2019 03:00,1.371287582,0.450720432
11/04/2019 04:00,1.273947573,0.418726318
11/04/2019 05:00,1.282707817,0.421605671
11/04/2019 06:00,1.344929461,0.442056936
11/04/2019 07:00,1.371091573,0.450656007
11/04/2019 08:00,1.401861399,0.46076956
11/04/2019 09:00,1.452866288,0.477534056
11/04/2019 10:00,1.537901168,0.505483669
11/04/2019 11:00,1.517153169,0.498664132
11/04/2019 12:00,1.382069044,0.454264127
11/04/2019 13:00,1.319007544,0.433536814
11/04/2019 14:00,1.323775077,0.435103827
11/04/2019 15:00,1.305729799,0.429172631
11/04/2019 16:00,1.307698771,0.429819801
11/04/2019 17:00,1.336429352,0.439263086
11/04/2019 18:00,1.324874752,0.435465272
11/04/2019 19:00,1.243548171,0.408734518
11/04/2019 20:00,1.173251344,0.385629068
11/04/2019 21:00,1.13390427,0.37269631
11/04/2019 22:00,1.143768094,0.375938393
11/04/2019 23:00,1.129901496,0.371380662
11/05/2019 00:00,1.136272935,0.373474853
11/05/2019 01:00,1.110499034,0.365003381
11/05/2019 02:00,1.093010407,0.359255148
11/05/2019 03:00,1.068628812,0.351241305
11/05/2019 04:00,1.045973771,0.343794953
11/05/2019 05:00,1.018632504,0.334808313
11/05/2019 06:00,0.965366612,0.317300661
11/05/2019 07:00,0.929688391,0.305573797
11/05/2019 08:00,0.893470916,0.293669688
11/05/2019 09:00,0.792815084,0.260585716
11/05/2019 10:00,0.651521386,0.214144724
11/05/2019 11:00,0.566358106,0.186152907
11/05/2019 12:00,0.482546912,0.1586055
11/05/2019 13:00,0.446183069,0.146653283
11/05/2019 14:00,0.573380099,0.188460925
11/05/2019 15:00,0.757377144,0.248937829
11/05/2019 16:00,0.883408375,0.290362291
11/05/2019 17:00,0.888967183,0.292189383
11/05/2019 18:00,0.79923374,0.262695427
11/05/2019 19:00,0.699598879,0.229947031
11/05/2019 20:00,0.661668247,0.217479836
11/05/2019 21:00,0.627751537,0.206331952
11/05/2019 22:00,0.297915138,0.097919971
11/05/2019 23:00,0.168539414,0.055396226
11/06/2019 00:00,0.11738771,0.038583474
11/06/2019 01:00,0.061133642,0.020093656
11/06/2019 02:00,0.004937615,0.001622916
11/06/2019 03:00,0.003219761,0.001058284
11/06/2019 04:00,0,0
11/06/2019 05:00,0.002775003,0.000912099
11/06/2019 06:00,0,0
11/06/2019 07:00,0,0
11/06/2019 08:00,0,0
11/06/2019 09:00,0,0
11/06/2019 10:00,0,0
11/06/2019 11:00,0,0
11/06/2019 12:00,0,0
11/06/2019 13:00,0,0
11/06/2019 14:00,0,0
11/06/2019 15:00,0,0
11/06/2019 16:00,0,0
11/06/2019 17:00,0.052641537,0.017302437
11/06/2019 18:00,0.129922164,0.04270335
11/06/2019 19:00,0.177616829,0.058379828
11/06/2019 20:00,0.200580924,0.065927761
11/06/2019 21:00,0.179478132,0.058991609
11/06/2019 22:00,0.323871086,0.106451278
11/06/2019 23:00,0.334840901,0.110056882
11/07/2019 00:00,0.340611373,0.111953544
11/07/2019 01:00,0.374422709,0.123066793
11/07/2019 02:00,0.453076562,0.148919064
11/07/2019 03:00,0.520002234,0.170916469
11/07/2019 04:00,0.563020552,0.185055906
11/07/2019 05:00,0.612581778,0.201345894
11/07/2019 06:00,0.717513301,0.235835217
11/07/2019 07:00,0.829076254,0.272504187
11/07/2019 08:00,0.960979054,0.315858541
11/07/2019 09:00,1.083304414,0.356064942
11/07/2019 10:00,1.239228522,0.407314718
11/07/2019 11:00,1.194434716,0.392591706
11/07/2019 12:00,1.232945486,0.405249584
11/07/2019 13:00,1.357287641,0.446118874
11/07/2019 14:00,1.414882312,0.465049327
11/07/2019 15:00,1.310525935,0.430749044
11/07/2019 16:00,1.213122543,0.398734098
11/07/2019 17:00,1.163818102,0.382528511
11/07/2019 18:00,1.143123975,0.375726681
11/07/2019 19:00,1.126812226,0.370365268
11/07/2019 20:00,1.063637091,0.349600605
11/07/2019 21:00,0.991200763,0.325791936
11/07/2019 22:00,0.928465998,0.305172016
11/07/2019 23:00,0.950667864,0.312469416
11/08/2019 00:00,0.911066961,0.299453229
11/08/2019 01:00,0.851290352,0.279805608
11/08/2019 02:00,0.811541406,0.266740761
11/08/2019 03:00,0.791433446,0.260131594
11/08/2019 04:00,0.74613472,0.245242623
11/08/2019 05:00,0.668882818,0.219851151
11/08/2019 06:00,0.560397607,0.184193786
11/08/2019 07:00,0.468037909,0.153836621
11/08/2019 08:00,0.363485508,0.119471909
11/08/2019 09:00,0.26719949,0.087824225
11/08/2019 10:00,0.227179478,0.074670284
11/08/2019 11:00,0.092097911,0.03027112
11/08/2019 12:00,0,0
11/08/2019 13:00,0,0
11/08/2019 14:00,0,0
11/08/2019 15:00,0,0
11/08/2019 16:00,0,0
11/08/2019 17:00,0,0
11/08/2019 18:00,0,0
11/08/2019 19:00,0,0
11/08/2019 20:00,0,0
11/08/2019 21:00,0,0
11/08/2019 22:00,0.015719923,0.005166889
11/08/2019 23:00,0.11972903,0.039353029
11/09/2019 00:00,0.185908813,0.061105272
11/09/2019 01:00,0.215086832,0.070695623
11/09/2019 02:00,0.260874651,0.085745351
11/09/2019 03:00,0.373372281,0.122721534
11/09/2019 04:00,0.448185191,0.147311348
11/09/2019 05:00,0.444411701,0.146071062
11/09/2019 06:00,0.447024956,0.146929998
11/09/2019 07:00,0.450635015,0.148116567
11/09/2019 08:00,0.457590565,0.150402745
11/09/2019 09:00,0.456434105,0.150022635
11/09/2019 10:00,0.607687232,0.199737134
11/09/2019 11:00,0.618126592,0.203168386
11/09/2019 12:00,0.591176794,0.194310415
11/09/2019 13:00,0.561500333,0.184556235
11/09/2019 14:00,0.478987478,0.157435571
11/09/2019 15:00,0.394665552,0.129720294
11/09/2019 16:00,0.399990549,0.131470536
11/09/2019 17:00,0.417555409,0.137243826
11/09/2019 18:00,0.440830176,0.144893872
11/09/2019 19:00,0.473271222,0.155556728
11/09/2019 20:00,0.49620968,0.163096235
11/09/2019 21:00,0.550993369,0.181102763
11/09/2019 22:00,0.538335833,0.176942432
11/09/2019 23:00,0.475798026,0.156387248
11/10/2019 00:00,0.481219235,0.158169114
11/10/2019 01:00,0.522576665,0.171762644
11/10/2019 02:00,0.573374001,0.18845892
11/10/2019 03:00,0.586065827,0.192630522
11/10/2019 04:00,0.587303102,0.193037195
11/10/2019 05:00,0.57218506,0.188068134
11/10/2019 06:00,0.550565531,0.180962139
11/10/2019 07:00,0.444081664,0.145962584
11/10/2019 08:00,0.296907529,0.097588785
11/10/2019 09:00,0.212011653,0.06968486
11/10/2019 10:00,0.255001138,0.083814821
11/10/2019 11:00,0.235408109,0.077374904
11/10/2019 12:00,0.121396893,0.039901229
11/10/2019 13:00,0.060144065,0.019768398
11/10/2019 14:00,0.08977728,0.029508365
11/10/2019 15:00,0.327503368,0.107645151
11/10/2019 16:00,0.511755119,0.168205773
11/10/2019 17:00,0.57340435,0.188468896
11/10/2019 18:00,0.775843039,0.255007275
11/10/2019 19:00,0.924531814,0.303878912
11/10/2019 20:00,1.030969857,0.338863405
11/10/2019 21:00,1.14576768,0.376595625
11/10/2019 22:00,1.086716703,0.357186507
11/10/2019 23:00,1.312420464,0.431371746
11/11/2019 00:00,1.503769197,0.494265033
11/11/2019 01:00,1.615279899,0.530916828
11/11/2019 02:00,1.629001779,0.535426992
11/11/2019 03:00,1.590947707,0.522919224
11/11/2019 04:00,1.577230543,0.51841061
11/11/2019 05:00,1.701921061,0.559394401
11/11/2019 06:00,1.75,0.575197184
11/11/2019 07:00,1.75,0.575197184
11/11/2019 08:00,1.75,0.575197184
11/11/2019 09:00,1.75,0.575197184
11/11/2019 10:00,1.75,0.575197184
11/11/2019 11:00,1.75,0.575197184
11/11/2019 12:00,1.75,0.575197184
11/11/2019 13:00,1.75,0.575197184
11/11/2019 14:00,1.75,0.575197184
11/11/2019 15:00,1.75,0.575197184
11/11/2019 16:00,1.75,0.575197184
11/11/2019 17:00,1.75,0.575197184
11/11/2019 18:00,1.75,0.575197184
11/11/2019 19:00,1.562872586,0.513691377
11/11/2019 20:00,1.38813187,0.456256882
11/11/2019 21:00,1.16246386,0.382083393
11/11/2019 22:00,1.27700515,0.419731295
11/11/2019 23:00,1.410792418,0.463705043
11/12/2019 00:00,1.602441244,0.526696966
11/12/2019 01:00,1.75,0.575197184
11/12/2019 02:00,1.75,0.575197184
11/12/2019 03:00,1.75,0.575197184
11/12/2019 04:00,1.75,0.575197184
11/12/2019 05:00,1.717216831,0.564421878
11/12/2019 06:00,1.579027222,0.519001149
11/12/2019 07:00,1.472834607,0.484097325
11/12/2019 08:00,1.348247115,0.443147397
11/12/2019 09:00,1.231347564,0.404724372
11/12/2019 10:00,1.187623988,0.390353128
11/12/2019 11:00,1.170834562,0.38483471
11/12/2019 12:00,0.977948333,0.321436073
11/12/2019 13:00,0.788639179,0.259213163
11/12/2019 14:00,0.74936657,0.24630488
11/12/2019 15:00,0.764004154,0.251116022
11/12/2019 16:00,0.685987161,0.225473076
11/12/2019 17:00,0.582148592,0.191342989
11/12/2019 18:00,0.487726239,0.160307862
11/12/2019 19:00,0.415233187,0.136480549
11/12/2019 20:00,0.347462738,0.114205479
11/12/2019 21:00,0.273756895,0.08997954
11/12/2019 22:00,0.244521105,0.080370201
11/12/2019 23:00,0.182880593,0.060109944
11/13/2019 0:00,0.143472921,0.047157269
11/13/2019 1:00,0.057160442,0.018787729
11/13/2019 2:00,0.003226604,0.001060533
11/13/2019 3:00,0,0
11/13/2019 4:00,0,0
11/13/2019 5:00,0,0
11/13/2019 6:00,0,0
11/13/2019 7:00,0,0
11/13/2019 8:00,0,0
11/13/2019 9:00,0,0
11/13/2019 10:00,0,0
11/13/2019 11:00,0.03377115,0.01110004
11/13/2019 12:00,0.027004546,0.008875965
11/13/2019 13:00,0.02767269,0.009095573
11/13/2019 14:00,0.032075917,0.010542844
11/13/2019 15:00,0.059658977,0.019608957
11/13/2019 16:00,0.095966141,0.031542545
11/13/2019 17:00,0.134791965,0.044303976
11/13/2019 18:00,0.2423015,0.079640652
11/13/2019 19:00,0.358181948,0.117728713
11/13/2019 20:00,0.429692764,0.141233182
11/13/2019 21:00,0.493535302,0.162217209
11/13/2019 22:00,0.443834654,0.145881396
11/13/2019 23:00,0.440528857,0.144794833
11/14/2019 0:00,0.467037379,0.153507763
11/14/2019 1:00,0.50425359,0.16574014
11/14/2019 2:00,0.633603209,0.208255304
11/14/2019 3:00,0.744525234,0.24471361
11/14/2019 4:00,0.81543512,0.268020563
11/14/2019 5:00,0.866756349,0.284889035
11/14/2019 6:00,0.925619755,0.304236501
11/14/2019 7:00,0.928842657,0.305295817
11/14/2019 8:00,0.94043385,0.309105659
11/14/2019 9:00,0.966964781,0.317825954
11/14/2019 10:00,1.18549978,0.389654934
11/14/2019 11:00,1.137488769,0.373874478
11/14/2019 12:00,1.199716714,0.394327815
11/14/2019 13:00,1.219181274,0.400725506
11/14/2019 14:00,1.282599582,0.421570096
11/14/2019 15:00,1.355934573,0.445674142
11/14/2019 16:00,1.44044367,0.473450939
11/14/2019 17:00,1.504268145,0.494429029
11/14/2019 18:00,1.443163145,0.474344787
11/14/2019 19:00,1.349368701,0.443516044
11/14/2019 20:00,1.26714572,0.416490657
11/14/2019 21:00,1.214601363,0.399220162
11/14/2019 22:00,1.240168501,0.407623674
11/14/2019 23:00,1.14867109,0.377549929
11/15/2019 0:00,0.975843036,0.320744095
11/15/2019 1:00,0.97588447,0.320757714
11/15/2019 2:00,1.012603804,0.332826775
11/15/2019 3:00,0.973795342,0.320071051
11/15/2019 4:00,0.824538868,0.27101282
11/15/2019 5:00,0.712758959,0.234272541
11/15/2019 6:00,0.592646071,0.194793343
11/15/2019 7:00,0.474701973,0.156026993
11/15/2019 8:00,0.360080574,0.118352761
11/15/2019 9:00,0.254481274,0.08364395
11/15/2019 10:00,0.245059403,0.080547131
11/15/2019 11:00,0.174782854,0.057448346
11/15/2019 12:00,0.094968111,0.031214509
11/15/2019 13:00,0.006954486,0.002285829
11/15/2019 14:00,0,0
11/15/2019 15:00,0,0
11/15/2019 16:00,0,0
11/15/2019 17:00,0,0
11/15/2019 18:00,0.048995325,0.016103984
11/15/2019 19:00,0.089637775,0.029462512
11/15/2019 20:00,0.018239192,0.005994932
11/15/2019 21:00,0,0
11/15/2019 22:00,0,0
11/15/2019 23:00,0,0
11/16/2019 0:00,0,0
11/16/2019 1:00,0,0
11/16/2019 2:00,0,0
11/16/2019 3:00,0,0
11/16/2019 4:00,0,0
11/16/2019 5:00,0,0
11/16/2019 6:00,0,0
11/16/2019 7:00,0,0
11/16/2019 8:00,0,0
11/16/2019 9:00,0,0
11/16/2019 10:00,0,0
11/16/2019 11:00,0,0
11/16/2019 12:00,0,0
11/16/2019 13:00,0,0
11/16/2019 14:00,0,0
11/16/2019 15:00,0,0
11/16/2019 16:00,0,0
11/16/2019 17:00,0,0
11/16/2019 18:00,0,0
11/16/2019 19:00,0,0
11/16/2019 20:00,0,0
11/16/2019 21:00,0,0
11/16/2019 22:00,0,0
11/16/2019 23:00,0,0
11/17/2019 0:00,0,0
11/17/2019 1:00,0,0
11/17/2019 2:00,0,0
11/17/2019 3:00,0,0
11/17/2019 4:00,0,0
11/17/2019 5:00,0,0
11/17/2019 6:00,0,0
11/17/2019 7:00,0.171761557,0.056455294
11/17/2019 8:00,0.355668432,0.11690256
11/17/2019 9:00,0.395738824,0.130073061
11/17/2019 10:00,0.306932484,0.100883829
11/17/2019 11:00,0.204582862,0.067243135
11/17/2019 12:00,0.177424758,0.058316698
11/17/2019 13:00,0.184469487,0.060632188
11/17/2019 14:00,0.137422599,0.045168624
11/17/2019 15:00,0.211309861,0.069454193
11/17/2019 16:00,0.288461689,0.094812772
11/17/2019 17:00,0.207723942,0.068275558
11/17/2019 18:00,0.25559957,0.084011516
11/17/2019 19:00,0.315195189,0.103599649
11/17/2019 20:00,0.407056039,0.13379285
11/17/2019 21:00,0.516824291,0.16987193
11/17/2019 22:00,0.598937825,0.196861343
11/17/2019 23:00,0.677401791,0.222651202
11/18/2019 0:00,0.539478921,0.177318147
11/18/2019 1:00,0.400662687,0.131691457
11/18/2019 2:00,0.414369474,0.13619666
11/18/2019 3:00,0.496415037,0.163163732
11/18/2019 4:00,0.582214296,0.191364585
11/18/2019 5:00,0.538309732,0.176933853
11/18/2019 6:00,0.393336997,0.129283619
11/18/2019 7:00,0.303789685,0.099850841
11/18/2019 8:00,0.253173043,0.083213955
11/18/2019 9:00,0.172922355,0.05683683
11/18/2019 10:00,0.098371297,0.032333082
11/18/2019 11:00,0,0
11/18/2019 12:00,0,0
11/18/2019 13:00,0,0
11/18/2019 14:00,0,0
11/18/2019 15:00,0,0
11/18/2019 16:00,0,0
11/18/2019 17:00,0,0
11/18/2019 18:00,0,0
11/18/2019 19:00,0,0
11/18/2019 20:00,0,0
11/18/2019 21:00,0,0
11/18/2019 22:00,0,0
11/18/2019 23:00,0,0
11/19/2019 0:00,0,0
11/19/2019 1:00,0,0
11/19/2019 2:00,0,0
11/19/2019 3:00,0,0
11/19/2019 4:00,0,0
11/19/2019 5:00,0,0
11/19/2019 6:00,0,0
11/19/2019 7:00,0,0
11/19/2019 8:00,0,0
11/19/2019 9:00,0,0
11/19/2019 10:00,0.026430103,0.008687155
11/19/2019 11:00,0.131477248,0.043214482
11/19/2019 12:00,0.292907887,0.096274167
11/19/2019 13:00,0.413147615,0.135795054
11/19/2019 14:00,0.541931474,0.178124262
11/19/2019 15:00,0.726344008,0.23873773
11/19/2019 16:00,0.898422867,0.295297316
11/19/2019 17:00,1.008663601,0.331531693
11/19/2019 18:00,1.098715684,0.361130381
11/19/2019 19:00,1.157077489,0.380312979
11/19/2019 20:00,1.218193669,0.400400896
11/19/2019 21:00,1.265490825,0.415946719
11/19/2019 22:00,1.3879515,0.456197597
11/19/2019 23:00,1.41607727,0.46544209
11/20/2019 0:00,1.38210663,0.454276481
11/20/2019 1:00,1.322137075,0.434565441
11/20/2019 2:00,1.248893265,0.410491365
11/20/2019 3:00,1.156059425,0.379978357
11/20/2019 4:00,1.060907467,0.348703422
11/20/2019 5:00,1.037095786,0.3408769
11/20/2019 6:00,1.173841858,0.385823161
11/20/2019 7:00,1.330500956,0.437314516
11/20/2019 8:00,1.438518682,0.472818226
11/20/2019 9:00,1.483561555,0.487623102
11/20/2019 10:00,1.537737229,0.505429785
11/20/2019 11:00,1.608821128,0.528793933
11/20/2019 12:00,1.632068212,0.53643488
11/20/2019 13:00,1.63444487,0.53721605
11/20/2019 14:00,1.75,0.575197184
11/20/2019 15:00,1.715020769,0.563700067
11/20/2019 16:00,1.648421911,0.541810081
11/20/2019 17:00,1.635492484,0.537560384
11/20/2019 18:00,1.632946544,0.536723574
11/20/2019 19:00,1.669301317,0.54867281
11/20/2019 20:00,1.612416969,0.529975829
11/20/2019 21:00,1.547284384,0.508567783
11/20/2019 22:00,1.422611738,0.467589866
11/20/2019 23:00,1.451528912,0.477094481
11/21/2019 0:00,1.482046767,0.487125215
11/21/2019 1:00,1.561067377,0.513098034
11/21/2019 2:00,1.520670721,0.499820295
11/21/2019 3:00,1.549772832,0.509385696
11/21/2019 4:00,1.687041005,0.554503563
11/21/2019 5:00,1.75,0.575197184
11/21/2019 6:00,1.75,0.575197184
11/21/2019 7:00,1.71627291,0.564111626
11/21/2019 8:00,1.72437847,0.566775794
11/21/2019 9:00,1.678593505,0.551727004
11/21/2019 10:00,1.54337574,0.507283074
11/21/2019 11:00,1.610004412,0.52918286
11/21/2019 12:00,1.647816832,0.541611201
11/21/2019 13:00,1.56104853,0.513091839
11/21/2019 14:00,1.465188063,0.481584028
11/21/2019 15:00,1.382110704,0.45427782
11/21/2019 16:00,1.199722846,0.39432983
11/21/2019 17:00,1.042892215,0.342782095
11/21/2019 18:00,0.940106249,0.308997981
11/21/2019 19:00,0.987389765,0.324539321
11/21/2019 20:00,1.06008233,0.348432212
11/21/2019 21:00,1.105948529,0.363507703
11/21/2019 22:00,1.218476871,0.40049398
11/21/2019 23:00,1.169309424,0.384333422
11/22/2019 0:00,1.152298106,0.378742072
11/22/2019 1:00,1.102077675,0.362235415
11/22/2019 2:00,1.025336506,0.337011812
11/22/2019 3:00,1.013537632,0.33313371
11/22/2019 4:00,1.062947068,0.349373806
11/22/2019 5:00,1.084601687,0.356491335
11/22/2019 6:00,1.075243791,0.353415543
11/22/2019 7:00,1.04646999,0.343958052
11/22/2019 8:00,1.070240151,0.351770926
11/22/2019 9:00,0.921844997,0.302995798
11/22/2019 10:00,0.802906765,0.263902692
11/22/2019 11:00,0.851516528,0.279879948
11/22/2019 12:00,0.935103825,0.307353764
11/22/2019 13:00,0.974795872,0.320399909
11/22/2019 14:00,0.972948585,0.319792735
11/22/2019 15:00,0.880107692,0.289277409
11/22/2019 16:00,0.812738839,0.267134338
11/22/2019 17:00,0.793881822,0.260936336
11/22/2019 18:00,0.774989328,0.254726674
11/22/2019 19:00,0.750989881,0.246838437
11/22/2019 20:00,0.777559584,0.255571476
11/22/2019 21:00,0.805476882,0.264747448
11/22/2019 22:00,0.877028489,0.288265324
11/22/2019 23:00,0.855654136,0.281239914
11/23/2019 0:00,0.787783284,0.258931844
11/23/2019 1:00,0.673013667,0.221208895
11/23/2019 2:00,0.522849366,0.171852276
11/23/2019 3:00,0.434510928,0.142816835
11/23/2019 4:00,0.541051148,0.177834912
11/23/2019 5:00,0.61255302,0.201336441
11/23/2019 6:00,0.597316901,0.196328571
11/23/2019 7:00,0.603829679,0.198469218
11/23/2019 8:00,0.625521211,0.205598879
11/23/2019 9:00,0.60157525,0.197728223
11/23/2019 10:00,0.628359092,0.206531646
11/23/2019 11:00,0.647382427,0.212784314
11/23/2019 12:00,0.640273021,0.210447565
11/23/2019 13:00,0.644743672,0.211916997
11/23/2019 14:00,0.643116365,0.211382127
11/23/2019 15:00,0.713324567,0.234458447
11/23/2019 16:00,0.764666125,0.251333601
11/23/2019 17:00,0.757012893,0.248818105
11/23/2019 18:00,0.870013212,0.285959514
11/23/2019 19:00,0.962937586,0.316502279
11/23/2019 20:00,1.146121846,0.376712034
11/23/2019 21:00,1.283138873,0.421747352
11/23/2019 22:00,1.12493716,0.369748964
11/23/2019 23:00,1.113117564,0.36586405
11/24/2019 0:00,1.169823406,0.384502359
11/24/2019 1:00,1.325081773,0.435533317
11/24/2019 2:00,1.405787313,0.462059945
11/24/2019 3:00,1.356811136,0.445962254
11/24/2019 4:00,1.542055638,0.506849177
11/24/2019 5:00,1.64805086,0.541688122
11/24/2019 6:00,1.708259435,0.561477724
11/24/2019 7:00,1.608097609,0.528556124
11/24/2019 8:00,1.75,0.575197184
11/24/2019 9:00,1.75,0.575197184
11/24/2019 10:00,1.598156966,0.525288792
11/24/2019 11:00,1.481855353,0.487062301
11/24/2019 12:00,1.418431657,0.46621594
11/24/2019 13:00,1.313166906,0.431617089
11/24/2019 14:00,1.183103604,0.388867349
11/24/2019 15:00,1.169739044,0.384474631
11/24/2019 16:00,1.281846558,0.421322589
11/24/2019 17:00,1.222648118,0.401865003
11/24/2019 18:00,1.109853632,0.364791248
11/24/2019 19:00,0.983700922,0.323326857
11/24/2019 20:00,0.925232646,0.304109264
11/24/2019 21:00,0.838648384,0.275650394
11/24/2019 22:00,0.748060777,0.245875687
11/24/2019 23:00,0.720106335,0.236687506
11/25/2019 0:00,0.726039999,0.238637807
11/25/2019 1:00,0.730761125,0.240189566
11/25/2019 2:00,0.605272161,0.198943339
11/25/2019 3:00,0.499288139,0.164108075
11/25/2019 4:00,0.412221375,0.135490614
11/25/2019 5:00,0.387594796,0.127396249
11/25/2019 6:00,0.373430957,0.12274082
11/25/2019 7:00,0.338939373,0.111403984
11/25/2019 8:00,0.338572055,0.111283253
11/25/2019 9:00,0.384085593,0.12624283
11/25/2019 10:00,0.44150054,0.14511421
11/25/2019 11:00,0.522091295,0.17160311
11/25/2019 12:00,0.65142585,0.214113322
11/25/2019 13:00,0.781519209,0.256872942
11/25/2019 14:00,0.828563105,0.272335523
11/25/2019 15:00,0.830851061,0.273087537
11/25/2019 16:00,0.848809829,0.278990299
11/25/2019 17:00,0.882014055,0.289904
11/25/2019 18:00,0.904663642,0.29734856
11/25/2019 19:00,0.917565669,0.301589251
11/25/2019 20:00,0.897214137,0.294900026
11/25/2019 21:00,0.863505493,0.28382053
11/25/2019 22:00,0.860337393,0.282779226
11/25/2019 23:00,0.889131688,0.292243453
11/26/2019 0:00,0.887475408,0.29169906
11/26/2019 1:00,0.923747932,0.303621263
11/26/2019 2:00,1.017160529,0.334324498
11/26/2019 3:00,1.041361015,0.342278813
11/26/2019 4:00,1.100056193,0.361570985
11/26/2019 5:00,1.177612768,0.387062599
11/26/2019 6:00,1.290982118,0.424325302
11/26/2019 7:00,1.309434431,0.430390284
11/26/2019 8:00,1.361667904,0.447558597
11/26/2019 9:00,1.379178541,0.453314065
11/26/2019 10:00,1.284678146,0.422253287
11/26/2019 11:00,1.221475185,0.401479478
11/26/2019 12:00,1.33135303,0.437594579
11/26/2019 13:00,1.456942932,0.478873984
11/26/2019 14:00,1.547910129,0.508773455
11/26/2019 15:00,1.75,0.575197184
11/26/2019 16:00,1.75,0.575197184
11/26/2019 17:00,1.75,0.575197184
11/26/2019 18:00,1.75,0.575197184
11/26/2019 19:00,1.75,0.575197184
11/26/2019 20:00,1.75,0.575197184
11/26/2019 21:00,1.7499121,0.575168293
11/26/2019 22:00,1.559664075,0.512636791
11/26/2019 23:00,1.615628503,0.531031409
11/27/2019 0:00,1.526373624,0.501694749
11/27/2019 1:00,1.418273828,0.466164064
11/27/2019 2:00,1.359630941,0.446889079
11/27/2019 3:00,1.312706381,0.431465722
11/27/2019 4:00,1.280754205,0.42096355
11/27/2019 5:00,1.300373468,0.42741209
11/27/2019 6:00,1.331474181,0.4376344
11/27/2019 7:00,1.362715739,0.447903003
11/27/2019 8:00,1.392923484,0.457831809
11/27/2019 9:00,1.435222719,0.471734895
11/27/2019 10:00,1.604049367,0.527225531
11/27/2019 11:00,1.532822835,0.503814502
11/27/2019 12:00,1.581522852,0.519821424
11/27/2019 13:00,1.716904164,0.564319109
11/27/2019 14:00,1.75,0.575197184
11/27/2019 15:00,1.75,0.575197184
11/27/2019 16:00,1.75,0.575197184
11/27/2019 17:00,1.75,0.575197184
11/27/2019 18:00,1.75,0.575197184
11/27/2019 19:00,1.75,0.575197184
11/27/2019 20:00,1.75,0.575197184
11/27/2019 21:00,1.75,0.575197184
11/27/2019 22:00,1.75,0.575197184
11/27/2019 23:00,1.75,0.575197184
11/28/2019 0:00,1.75,0.575197184
11/28/2019 1:00,1.75,0.575197184
11/28/2019 2:00,1.75,0.575197184
11/28/2019 3:00,1.75,0.575197184
11/28/2019 4:00,1.75,0.575197184
11/28/2019 5:00,1.75,0.575197184
11/28/2019 6:00,1.75,0.575197184
11/28/2019 7:00,1.75,0.575197184
11/28/2019 8:00,1.75,0.575197184
11/28/2019 9:00,1.699661991,0.558651881
11/28/2019 10:00,1.570951058,0.516346643
11/28/2019 11:00,1.529199521,0.502623576
11/28/2019 12:00,1.507155767,0.495378145
11/28/2019 13:00,1.558978083,0.512411316
11/28/2019 14:00,1.662595857,0.546468832
11/28/2019 15:00,1.643672177,0.540248919
11/28/2019 16:00,1.579601566,0.519189927
11/28/2019 17:00,1.504334163,0.494450728
11/28/2019 18:00,1.419045133,0.46641758
11/28/2019 19:00,1.372732075,0.451195214
11/28/2019 20:00,1.32113776,0.434236982
11/28/2019 21:00,1.300256941,0.427373789
11/28/2019 22:00,1.259701019,0.414043702
11/28/2019 23:00,1.21852711,0.400510493
11/29/2019 0:00,1.155194144,0.379693954
11/29/2019 1:00,1.150575934,0.378176021
11/29/2019 2:00,1.201513035,0.394918237
11/29/2019 3:00,1.225283705,0.402731278
11/29/2019 4:00,1.181836378,0.388450832
11/29/2019 5:00,1.188570364,0.390664187
11/29/2019 6:00,1.225893189,0.402931606
11/29/2019 7:00,1.175259854,0.386289233
11/29/2019 8:00,1.151649918,0.378529023
11/29/2019 9:00,1.090073355,0.358289785
11/29/2019 10:00,1.008374674,0.331436727
11/29/2019 11:00,0.914410014,0.300552037
11/29/2019 12:00,0.797975509,0.262281866
11/29/2019 13:00,0.700895569,0.230373233
11/29/2019 14:00,0.644738655,0.211915348
11/29/2019 15:00,0.644212786,0.211742503
11/29/2019 16:00,0.679364731,0.223296389
11/29/2019 17:00,0.718910437,0.236294434
11/29/2019 18:00,0.780814851,0.256641431
11/29/2019 19:00,0.782852621,0.257311213
11/29/2019 20:00,0.72406641,0.23798912
11/29/2019 21:00,0.63096824,0.207389231
11/29/2019 22:00,0.794454122,0.261124442
11/29/2019 23:00,0.639415434,0.21016569
11/30/2019 0:00,0.471717867,0.155046165
11/30/2019 1:00,0.373880507,0.12288858
11/30/2019 2:00,0.27483283,0.090333183
11/30/2019 3:00,0.231019614,0.075932475
11/30/2019 4:00,0.191187389,0.062840256
11/30/2019 5:00,0.116106484,0.038162356
11/30/2019 6:00,0,0
11/30/2019 7:00,0,0
11/30/2019 8:00,0,0
11/30/2019 9:00,0,0
11/30/2019 10:00,0,0
11/30/2019 11:00,0,0
11/30/2019 12:00,0,0
11/30/2019 13:00,0,0
11/30/2019 14:00,0,0
11/30/2019 15:00,0,0
11/30/2019 16:00,0,0
11/30/2019 17:00,0.027767115,0.009126609
11/30/2019 18:00,0.088003962,0.028925504
11/30/2019 19:00,0.171933342,0.056511757
11/30/2019 20:00,0.28796416,0.094649242
11/30/2019 21:00,0.360409232,0.118460786
11/30/2019 22:00,0.466455434,0.153316487
11/30/2019 23:00,0.533006529,0.175190774
12/01/2019 00:00,0.614564702,0.201997649
12/01/2019 01:00,0.790719814,0.259897035
12/01/2019 02:00,0.836977514,0.275101205
12/01/2019 03:00,0.940619295,0.309166611
12/01/2019 04:00,1.045616443,0.343677505
12/01/2019 05:00,1.052546178,0.345955199
12/01/2019 06:00,1.053242271,0.346183993
12/01/2019 07:00,1.161205214,0.381669697
12/01/2019 08:00,1.159599045,0.381141775
12/01/2019 09:00,1.117257348,0.367224732
12/01/2019 10:00,1.023917404,0.336545376
12/01/2019 11:00,1.040104443,0.341865798
12/01/2019 12:00,1.238479691,0.407068589
12/01/2019 13:00,1.374480761,0.451769979
12/01/2019 14:00,1.457786749,0.479151333
12/01/2019 15:00,1.472339856,0.483934708
12/01/2019 16:00,1.401806902,0.460751647
12/01/2019 17:00,1.310088888,0.430605394
12/01/2019 18:00,1.157017381,0.380293223
12/01/2019 19:00,1.055191971,0.346824829
12/01/2019 20:00,0.854753156,0.280943776
12/01/2019 21:00,0.811694853,0.266791196
12/01/2019 22:00,0.906313491,0.297890839
12/01/2019 23:00,0.871582821,0.28647542
12/02/2019 00:00,0.75244086,0.247315351
12/02/2019 01:00,0.788719693,0.259239627
12/02/2019 02:00,0.809409622,0.266040077
12/02/2019 03:00,1.026826999,0.337501713
12/02/2019 04:00,1.195532844,0.392952643
12/02/2019 05:00,1.284614945,0.422232514
12/02/2019 06:00,1.259124274,0.413854135
12/02/2019 07:00,1.20675884,0.396642449
12/02/2019 08:00,1.263819583,0.415397409
12/02/2019 09:00,1.311256523,0.430989177
12/02/2019 10:00,1.19648582,0.393265871
12/02/2019 11:00,1.129345376,0.371197874
12/02/2019 12:00,1.08967255,0.358158047
12/02/2019 13:00,1.22446149,0.402461029
12/02/2019 14:00,1.301812916,0.427885213
12/02/2019 15:00,1.39987905,0.460117993
12/02/2019 16:00,1.44293144,0.474268629
12/02/2019 17:00,1.471585032,0.483686609
12/02/2019 18:00,1.541398521,0.506633193
12/02/2019 19:00,1.560926737,0.513051808
12/02/2019 20:00,1.563541756,0.513911323
12/02/2019 21:00,1.686004012,0.55416272
12/02/2019 22:00,1.75,0.575197184
12/02/2019 23:00,1.75,0.575197184
12/03/2019 00:00,1.75,0.575197184
12/03/2019 01:00,1.75,0.575197184
12/03/2019 02:00,1.75,0.575197184
12/03/2019 03:00,1.75,0.575197184
12/03/2019 04:00,1.75,0.575197184
12/03/2019 05:00,1.75,0.575197184
12/03/2019 06:00,1.75,0.575197184
12/03/2019 07:00,1.75,0.575197184
12/03/2019 08:00,1.75,0.575197184
12/03/2019 09:00,1.705724712,0.560644601
12/03/2019 10:00,1.746463689,0.574034855
12/03/2019 11:00,1.75,0.575197184
12/03/2019 12:00,1.70722262,0.561136939
12/03/2019 13:00,1.581901064,0.519945736
12/03/2019 14:00,1.39671067,0.459076597
12/03/2019 15:00,1.193962922,0.392436635
12/03/2019 16:00,0.966220176,0.317581214
12/03/2019 17:00,0.834820317,0.274392169
12/03/2019 18:00,0.864453014,0.284131966
12/03/2019 19:00,0.94012823,0.309005206
12/03/2019 20:00,1.024790996,0.336832512
12/03/2019 21:00,1.097987535,0.36089105
12/03/2019 22:00,1.008161061,0.331366516
12/03/2019 23:00,1.243115233,0.408592218
12/04/2019 00:00,1.381262747,0.45399911
12/04/2019 01:00,1.384360496,0.455017291
12/04/2019 02:00,1.404507503,0.461639292
12/04/2019 03:00,1.40406065,0.461492418
12/04/2019 04:00,1.372251279,0.451037184
12/04/2019 05:00,1.429526412,0.46986261
12/04/2019 06:00,1.470171098,0.483221872
12/04/2019 07:00,1.475884674,0.485099833
12/04/2019 08:00,1.472060528,0.483842898
12/04/2019 09:00,1.485907279,0.488394104
12/04/2019 10:00,1.553481449,0.51060466
12/04/2019 11:00,1.75,0.575197184
12/04/2019 12:00,1.75,0.575197184
12/04/2019 13:00,1.701951493,0.559404404
12/04/2019 14:00,1.75,0.575197184
12/04/2019 15:00,1.75,0.575197184
12/04/2019 16:00,1.75,0.575197184
12/04/2019 17:00,1.75,0.575197184
12/04/2019 18:00,1.75,0.575197184
12/04/2019 19:00,1.75,0.575197184
12/04/2019 20:00,1.75,0.575197184
12/04/2019 21:00,1.75,0.575197184
12/04/2019 22:00,1.75,0.575197184
12/04/2019 23:00,1.75,0.575197184
12/05/2019 00:00,1.75,0.575197184
12/05/2019 01:00,1.75,0.575197184
12/05/2019 02:00,1.75,0.575197184
12/05/2019 03:00,1.75,0.575197184
12/05/2019 04:00,1.75,0.575197184
12/05/2019 05:00,1.75,0.575197184
12/05/2019 06:00,1.75,0.575197184
12/05/2019 07:00,1.75,0.575197184
12/05/2019 08:00,1.75,0.575197184
12/05/2019 09:00,1.75,0.575197184
12/05/2019 10:00,1.75,0.575197184
12/05/2019 11:00,1.75,0.575197184
12/05/2019 12:00,1.75,0.575197184
12/05/2019 13:00,1.75,0.575197184
12/05/2019 14:00,1.401965685,0.460803837
12/05/2019 15:00,1.032061283,0.339222139
12/05/2019 16:00,0.651066897,0.21399534
12/05/2019 17:00,0.135056163,0.044390814
12/05/2019 18:00,0,0
12/05/2019 19:00,0.642486558,0.211175119
12/05/2019 20:00,0.343346464,0.112852525
12/05/2019 21:00,0.149679653,0.049197323
12/05/2019 22:00,0.604238809,0.198603692
12/05/2019 23:00,0.762372478,0.250579716
12/06/2019 00:00,0.773098724,0.254105262
12/06/2019 01:00,0.582168327,0.191349476
12/06/2019 02:00,0.446409891,0.146727836
12/06/2019 03:00,0.128498374,0.042235373
12/06/2019 04:00,0,0
12/06/2019 05:00,0,0
12/06/2019 06:00,0,0
12/06/2019 07:00,0,0
12/06/2019 08:00,0,0
12/06/2019 09:00,0,0
12/06/2019 10:00,0,0
12/06/2019 11:00,0,0
12/06/2019 12:00,0,0
12/06/2019 13:00,0,0
12/06/2019 14:00,0,0
12/06/2019 15:00,0.241801439,0.079476289
12/06/2019 16:00,0.364276424,0.11973187
12/06/2019 17:00,0.452471321,0.148720131
12/06/2019 18:00,0.679278123,0.223267922
12/06/2019 19:00,0.701385495,0.230534264
12/06/2019 20:00,0.710423278,0.23350484
12/06/2019 21:00,0.824064418,0.270856876
12/06/2019 22:00,0.867580325,0.285159863
12/06/2019 23:00,0.912168708,0.299815356
12/07/2019 00:00,1.022481888,0.336073544
12/07/2019 01:00,1.077354168,0.354109191
12/07/2019 02:00,0.986012821,0.324086742
12/07/2019 03:00,0.905318708,0.297563869
12/07/2019 04:00,1.027946164,0.337869565
12/07/2019 05:00,0.729398539,0.239741706
12/07/2019 06:00,0.510409001,0.167763326
12/07/2019 07:00,0.330042691,0.108479787
12/07/2019 08:00,0.135475322,0.044528585
12/07/2019 09:00,0,0
12/07/2019 10:00,0,0
12/07/2019 11:00,0,0
12/07/2019 12:00,0,0
12/07/2019 13:00,0.150080861,0.049329193
12/07/2019 14:00,0.728023976,0.239289909
12/07/2019 15:00,1.203762625,0.395657641
12/07/2019 16:00,1.620154585,0.53251906
12/07/2019 17:00,1.75,0.575197184
12/07/2019 18:00,1.75,0.575197184
12/07/2019 19:00,1.728971057,0.568285305
12/07/2019 20:00,1.529734065,0.502799272
12/07/2019 21:00,1.462555697,0.48071881
12/07/2019 22:00,1.249847103,0.410804877
12/07/2019 23:00,1.331815428,0.437746562
12/08/2019 00:00,1.507980943,0.495649367
12/08/2019 01:00,1.75,0.575197184
12/08/2019 02:00,1.75,0.575197184
12/08/2019 03:00,1.75,0.575197184
12/08/2019 04:00,1.75,0.575197184
12/08/2019 05:00,1.75,0.575197184
12/08/2019 06:00,1.75,0.575197184
12/08/2019 07:00,1.75,0.575197184
12/08/2019 08:00,1.75,0.575197184
12/08/2019 09:00,1.75,0.575197184
12/08/2019 10:00,1.75,0.575197184
12/08/2019 11:00,1.75,0.575197184
12/08/2019 12:00,1.75,0.575197184
12/08/2019 13:00,1.75,0.575197184
12/08/2019 14:00,1.738132443,0.571296507
12/08/2019 15:00,1.542259279,0.506916111
12/08/2019 16:00,1.409862313,0.463399333
12/08/2019 17:00,1.255090976,0.412528454
12/08/2019 18:00,1.033364559,0.339650505
12/08/2019 19:00,0.939197532,0.308699301
12/08/2019 20:00,0.942929784,0.309926032
12/08/2019 21:00,1.75,0.575197184
12/08/2019 22:00,1.75,0.575197184
12/08/2019 23:00,1.75,0.575197184
12/09/2019 00:00,1.75,0.575197184
12/09/2019 01:00,1.75,0.575197184
12/09/2019 02:00,1.75,0.575197184
12/09/2019 03:00,1.75,0.575197184
12/09/2019 04:00,1.75,0.575197184
12/09/2019 05:00,1.75,0.575197184
12/09/2019 06:00,1.75,0.575197184
12/09/2019 07:00,1.75,0.575197184
12/09/2019 08:00,1.75,0.575197184
12/09/2019 09:00,1.75,0.575197184
12/09/2019 10:00,1.75,0.575197184
12/09/2019 11:00,1.645311587,0.540787767
12/09/2019 12:00,1.45169649,0.477149562
12/09/2019 13:00,1.139360598,0.374489719
12/09/2019 14:00,0.67654393,0.222369236
12/09/2019 15:00,0.519146246,0.170635119
12/09/2019 16:00,0.204629552,0.067258481
12/09/2019 17:00,0.032111298,0.010554473
12/09/2019 18:00,0,0
12/09/2019 19:00,0,0
12/09/2019 20:00,0.417154417,0.137112026
12/09/2019 21:00,1.091549271,0.358774895
12/09/2019 22:00,1.518648313,0.499155562
12/09/2019 23:00,1.75,0.575197184
12/10/2019 00:00,1.75,0.575197184
12/10/2019 01:00,1.75,0.575197184
12/10/2019 02:00,1.75,0.575197184
12/10/2019 03:00,1.75,0.575197184
12/10/2019 04:00,1.75,0.575197184
12/10/2019 05:00,1.75,0.575197184
12/10/2019 06:00,1.75,0.575197184
12/10/2019 07:00,1.75,0.575197184
12/10/2019 08:00,1.75,0.575197184
12/10/2019 09:00,1.75,0.575197184
12/10/2019 10:00,1.75,0.575197184
12/10/2019 11:00,1.75,0.575197184
12/10/2019 12:00,1.75,0.575197184
12/10/2019 13:00,1.75,0.575197184
12/10/2019 14:00,1.75,0.575197184
12/10/2019 15:00,1.75,0.575197184
12/10/2019 16:00,1.75,0.575197184
12/10/2019 17:00,1.75,0.575197184
12/10/2019 18:00,1.75,0.575197184
12/10/2019 19:00,1.75,0.575197184
12/10/2019 20:00,1.75,0.575197184
12/10/2019 21:00,1.75,0.575197184
12/10/2019 22:00,1.75,0.575197184
12/10/2019 23:00,1.75,0.575197184
12/11/2019 00:00,1.75,0.575197184
12/11/2019 01:00,1.75,0.575197184
12/11/2019 02:00,1.75,0.575197184
12/11/2019 03:00,1.75,0.575197184
12/11/2019 04:00,1.75,0.575197184
12/11/2019 05:00,1.75,0.575197184
12/11/2019 06:00,1.75,0.575197184
12/11/2019 07:00,1.75,0.575197184
12/11/2019 08:00,1.75,0.575197184
12/11/2019 09:00,1.75,0.575197184
12/11/2019 10:00,1.75,0.575197184
12/11/2019 11:00,1.75,0.575197184
12/11/2019 12:00,1.75,0.575197184
12/11/2019 13:00,1.75,0.575197184
12/11/2019 14:00,1.75,0.575197184
12/11/2019 15:00,1.75,0.575197184
12/11/2019 16:00,1.75,0.575197184
12/11/2019 17:00,1.75,0.575197184
12/11/2019 18:00,1.75,0.575197184
12/11/2019 19:00,1.75,0.575197184
12/11/2019 20:00,1.75,0.575197184
12/11/2019 21:00,1.75,0.575197184
12/11/2019 22:00,1.75,0.575197184
12/11/2019 23:00,1.75,0.575197184
12/12/2019 00:00,1.75,0.575197184
12/12/2019 01:00,1.75,0.575197184
12/12/2019 02:00,1.75,0.575197184
12/12/2019 03:00,1.75,0.575197184
12/12/2019 04:00,1.75,0.575197184
12/12/2019 05:00,1.75,0.575197184
12/12/2019 06:00,1.75,0.575197184
12/12/2019 07:00,1.67334225,0.550001
12/12/2019 08:00,1.522422707,0.500396145
12/12/2019 09:00,1.330996372,0.437477352
12/12/2019 10:00,1.002919889,0.329643826
12/12/2019 11:00,0.801488952,0.263436679
12/12/2019 12:00,0.646555105,0.212512386
12/12/2019 13:00,0.494918699,0.16267191
12/12/2019 14:00,0.217372821,0.071446991
12/12/2019 15:00,0,0
12/12/2019 16:00,0,0
12/12/2019 17:00,0,0
12/12/2019 18:00,0.039783417,0.013076177
12/12/2019 19:00,0.049065118,0.016126924
12/12/2019 20:00,0.032196784,0.010582571
12/12/2019 21:00,0,0
12/12/2019 22:00,0.032929947,0.01082355
12/12/2019 23:00,0.208063005,0.068387003
12/13/2019 0:00,0.394333065,0.12961101
12/13/2019 1:00,0.485481356,0.159570005
12/13/2019 2:00,0.552890746,0.1817264
12/13/2019 3:00,0.550141907,0.1808229
12/13/2019 4:00,0.557582759,0.18326859
12/13/2019 5:00,0.658861179,0.216557197
12/13/2019 6:00,0.838815375,0.275705281
12/13/2019 7:00,0.967322436,0.317943509
12/13/2019 8:00,1.097105949,0.360601287
12/13/2019 9:00,1.202881199,0.395367931
12/13/2019 10:00,1.168962197,0.384219294
12/13/2019 11:00,1.219190176,0.400728432
12/13/2019 12:00,1.203417438,0.395544184
12/13/2019 13:00,1.156577705,0.380148708
12/13/2019 14:00,1.000541547,0.328862103
12/13/2019 15:00,0.843725251,0.277319079
12/13/2019 16:00,0.651331689,0.214082373
12/13/2019 17:00,0.580282228,0.190729545
12/13/2019 18:00,0.581292788,0.1910617
12/13/2019 19:00,0.470615486,0.15468383
12/13/2019 20:00,0.345332801,0.113505403
12/13/2019 21:00,0.256532958,0.084318306
12/13/2019 22:00,0.346946057,0.114035654
12/13/2019 23:00,0.21877222,0.071906951
12/14/2019 0:00,0.285541096,0.09385282
12/14/2019 1:00,0.307638536,0.101115897
12/14/2019 2:00,0.388892323,0.127822725
12/14/2019 3:00,0.506051717,0.166331156
12/14/2019 4:00,0.566158632,0.186087343
12/14/2019 5:00,0.523171707,0.171958224
12/14/2019 6:00,0.542537371,0.17832341
12/14/2019 7:00,0.856933771,0.28166051
12/14/2019 8:00,1.250597596,0.411051552
12/14/2019 9:00,1.406977013,0.46245098
12/14/2019 10:00,1.44001127,0.473308816
12/14/2019 11:00,1.472680925,0.484046812
12/14/2019 12:00,1.487014522,0.488758038
12/14/2019 13:00,1.361266588,0.44742669
12/14/2019 14:00,1.30790688,0.429888203
12/14/2019 15:00,1.299797527,0.427222787
12/14/2019 16:00,1.251535874,0.411359949
12/14/2019 17:00,1.194213703,0.392519062
12/14/2019 18:00,1.079542164,0.35482835
12/14/2019 19:00,0.936279243,0.307740105
12/14/2019 20:00,0.828457737,0.27230089
12/14/2019 21:00,0.779208638,0.256113494
12/14/2019 22:00,0.513641092,0.168825663
12/14/2019 23:00,0.464712074,0.152743472
12/15/2019 0:00,0.421887665,0.13866777
12/15/2019 1:00,0.465483853,0.152997144
12/15/2019 2:00,0.530017938,0.174208472
12/15/2019 3:00,0.612209096,0.201223399
12/15/2019 4:00,0.662471691,0.217743915
12/15/2019 5:00,0.689339501,0.226574937
12/15/2019 6:00,0.688356743,0.22625192
12/15/2019 7:00,0.704432531,0.231535776
12/15/2019 8:00,0.720699891,0.236882599
12/15/2019 9:00,0.750706838,0.246745405
12/15/2019 10:00,0.475065931,0.15614662
12/15/2019 11:00,0.638317173,0.209804709
12/15/2019 12:00,0.852277876,0.280130191
12/15/2019 13:00,0.917752011,0.301650499
12/15/2019 14:00,0.878205678,0.288652248
12/15/2019 15:00,0.752500184,0.24733485
12/15/2019 16:00,0.660153861,0.216982081
12/15/2019 17:00,0.61036875,0.200618506
12/15/2019 18:00,0.613897433,0.201778328
12/15/2019 19:00,0.678641536,0.223058686
12/15/2019 20:00,0.756054901,0.248503229
12/15/2019 21:00,0.717339569,0.235778114
12/15/2019 22:00,0.663442083,0.218062868
12/15/2019 23:00,0.600500328,0.197374913
12/16/2019 0:00,0.599252595,0.196964803
12/16/2019 1:00,0.609024926,0.200176813
12/16/2019 2:00,0.513737629,0.168857393
12/16/2019 3:00,0.406538432,0.133622721
12/16/2019 4:00,0.224990785,0.073950895
12/16/2019 5:00,0,0
12/16/2019 6:00,0,0
12/16/2019 7:00,0.04278489,0.014062713
12/16/2019 8:00,0.065779977,0.021620833
12/16/2019 9:00,0.026919861,0.00884813
12/16/2019 10:00,0.040347624,0.013261623
12/16/2019 11:00,0.049788253,0.016364607
12/16/2019 12:00,0.040820539,0.013417062
12/16/2019 13:00,0.07137902,0.023461149
12/16/2019 14:00,0.013015357,0.004277941
12/16/2019 15:00,0,0
12/16/2019 16:00,0,0
12/16/2019 17:00,0.067373298,0.022144532
12/16/2019 18:00,0.019033029,0.006255854
12/16/2019 19:00,0,0
12/16/2019 20:00,0,0
12/16/2019 21:00,0,0
12/16/2019 22:00,0,0
12/16/2019 23:00,0.031129729,0.010231847
12/17/2019 0:00,0.019645951,0.006457312
12/17/2019 1:00,0.033917659,0.011148195
12/17/2019 2:00,0.069243537,0.02275925
12/17/2019 3:00,0,0
12/17/2019 4:00,0,0
12/17/2019 5:00,0,0
12/17/2019 6:00,0,0
12/17/2019 7:00,0,0
12/17/2019 8:00,0,0
12/17/2019 9:00,0,0
12/17/2019 10:00,0,0
12/17/2019 11:00,0,0
12/17/2019 12:00,0,0
12/17/2019 13:00,0,0
12/17/2019 14:00,0,0
12/17/2019 15:00,0,0
12/17/2019 16:00,0,0
12/17/2019 17:00,0,0
12/17/2019 18:00,0,0
12/17/2019 19:00,0,0
12/17/2019 20:00,0,0
12/17/2019 21:00,0,0
12/17/2019 22:00,0,0
12/17/2019 23:00,0,0
12/18/2019 0:00,0.3316664,0.109013474
12/18/2019 1:00,0.468934442,0.154131298
12/18/2019 2:00,0.43812919,0.144006101
12/18/2019 3:00,0.456212865,0.149949917
12/18/2019 4:00,0.532371679,0.174982109
12/18/2019 5:00,0.546031188,0.179471772
12/18/2019 6:00,0.622256851,0.204525936
12/18/2019 7:00,0.692439976,0.227594014
12/18/2019 8:00,0.655250036,0.215370272
12/18/2019 9:00,0.537023704,0.176511156
12/18/2019 10:00,0.488281459,0.160490355
12/18/2019 11:00,0.490301454,0.161154295
12/18/2019 12:00,0.508158421,0.167023596
12/18/2019 13:00,0.286496115,0.094166719
12/18/2019 14:00,0.197263309,0.064837314
12/18/2019 15:00,0.264626994,0.086978687
12/18/2019 16:00,0.54690763,0.179759845
12/18/2019 17:00,0.930962952,0.305992725
12/18/2019 18:00,1.051100664,0.345480081
12/18/2019 19:00,1.23551759,0.406094994
12/18/2019 20:00,1.605783817,0.527795617
12/18/2019 21:00,1.75,0.575197184
12/18/2019 22:00,1.75,0.575197184
12/18/2019 23:00,1.75,0.575197184
12/19/2019 0:00,1.75,0.575197184
12/19/2019 1:00,1.75,0.575197184
12/19/2019 2:00,1.75,0.575197184
12/19/2019 3:00,1.75,0.575197184
12/19/2019 4:00,1.75,0.575197184
12/19/2019 5:00,1.75,0.575197184
12/19/2019 6:00,1.75,0.575197184
12/19/2019 7:00,1.621914794,0.533097613
12/19/2019 8:00,1.321226809,0.434266251
12/19/2019 9:00,1.070069123,0.351714712
12/19/2019 10:00,0.930755721,0.305924611
12/19/2019 11:00,0.976079935,0.32082196
12/19/2019 12:00,0.783416819,0.257496656
12/19/2019 13:00,0.713019682,0.234358236
12/19/2019 14:00,0.807236804,0.265325907
12/19/2019 15:00,0.708769728,0.232961344
12/19/2019 16:00,0.287454563,0.094481746
12/19/2019 17:00,0.311809362,0.102486781
12/19/2019 18:00,0.317518931,0.104363426
12/19/2019 19:00,0.293532013,0.096479307
12/19/2019 20:00,0.344851478,0.113347199
12/19/2019 21:00,0.769877098,0.253046365
12/19/2019 22:00,0.908153743,0.298495701
12/19/2019 23:00,0.98491677,0.323726487
12/20/2019 0:00,1.216576638,0.399869404
12/20/2019 1:00,1.540467492,0.506327179
12/20/2019 2:00,1.709406218,0.561854653
12/20/2019 3:00,1.75,0.575197184
12/20/2019 4:00,1.75,0.575197184
12/20/2019 5:00,1.590528022,0.52278128
12/20/2019 6:00,1.49696839,0.492029716
12/20/2019 7:00,1.533264859,0.503959788
12/20/2019 8:00,1.542645131,0.507042935
12/20/2019 9:00,1.445712031,0.475182565
12/20/2019 10:00,1.432779662,0.470931901
12/20/2019 11:00,1.417211749,0.465814976
12/20/2019 12:00,1.252398013,0.41164332
12/20/2019 13:00,1.063863421,0.349674997
12/20/2019 14:00,0.944476906,0.310434547
12/20/2019 15:00,0.873694304,0.28716943
12/20/2019 16:00,0.793717463,0.260882314
12/20/2019 17:00,0.463576035,0.152370074
12/20/2019 18:00,0.197517043,0.064920712
12/20/2019 19:00,0,0
12/20/2019 20:00,0,0
12/20/2019 21:00,0,0
12/20/2019 22:00,0,0
12/20/2019 23:00,0,0
12/21/2019 0:00,0,0
12/21/2019 1:00,0.143406106,0.047135308
12/21/2019 2:00,0.549895326,0.180741853
12/21/2019 3:00,0.961879194,0.316154402
12/21/2019 4:00,1.227605023,0.403494259
12/21/2019 5:00,1.420333225,0.466840955
12/21/2019 6:00,1.464763548,0.481444496
12/21/2019 7:00,1.43983505,0.473250895
12/21/2019 8:00,1.392881659,0.457818062
12/21/2019 9:00,1.407426737,0.462598798
12/21/2019 10:00,1.370063744,0.450318176
12/21/2019 11:00,1.350491141,0.443884972
12/21/2019 12:00,1.248233669,0.410274566
12/21/2019 13:00,1.092537036,0.359099558
12/21/2019 14:00,0.905280224,0.29755122
12/21/2019 15:00,0.823256216,0.270591233
12/21/2019 16:00,0.911575626,0.299620419
12/21/2019 17:00,0.860069338,0.282691121
12/21/2019 18:00,0.669417953,0.220027041
12/21/2019 19:00,0.508679208,0.16719477
12/21/2019 20:00,0.455059301,0.149570759
12/21/2019 21:00,0.464644517,0.152721267
12/21/2019 22:00,0.45083362,0.148181845
12/21/2019 23:00,0.366124369,0.120339261
12/22/2019 0:00,0.252612807,0.083029814
12/22/2019 1:00,0.15539703,0.051076534
12/22/2019 2:00,0.060788381,0.019980175
12/22/2019 3:00,0,0
12/22/2019 4:00,0,0
12/22/2019 5:00,0,0
12/22/2019 6:00,0,0
12/22/2019 7:00,0,0
12/22/2019 8:00,0,0
12/22/2019 9:00,0,0
12/22/2019 10:00,0,0
12/22/2019 11:00,0,0
12/22/2019 12:00,0,0
12/22/2019 13:00,0,0
12/22/2019 14:00,0,0
12/22/2019 15:00,0,0
12/22/2019 16:00,0,0
12/22/2019 17:00,0,0
12/22/2019 18:00,0,0
12/22/2019 19:00,0,0
12/22/2019 20:00,0,0
12/22/2019 21:00,0,0
12/22/2019 22:00,0,0
12/22/2019 23:00,0,0
12/23/2019 0:00,0,0
12/23/2019 1:00,0,0
12/23/2019 2:00,0,0
12/23/2019 3:00,0,0
12/23/2019 4:00,0,0
12/23/2019 5:00,0,0
12/23/2019 6:00,0,0
12/23/2019 7:00,0,0
12/23/2019 8:00,0,0
12/23/2019 9:00,0,0
12/23/2019 10:00,0,0
12/23/2019 11:00,0,0
12/23/2019 12:00,0,0
12/23/2019 13:00,0,0
12/23/2019 14:00,0,0
12/23/2019 15:00,0,0
12/23/2019 16:00,0,0
12/23/2019 17:00,0,0
12/23/2019 18:00,0,0
12/23/2019 19:00,0,0
12/23/2019 20:00,0,0
12/23/2019 21:00,0,0
12/23/2019 22:00,0,0
12/23/2019 23:00,0,0
12/24/2019 0:00,0,0
12/24/2019 1:00,0,0
12/24/2019 2:00,0,0
12/24/2019 3:00,0,0
12/24/2019 4:00,0,0
12/24/2019 5:00,0,0
12/24/2019 6:00,0,0
12/24/2019 7:00,0,0
12/24/2019 8:00,0,0
12/24/2019 9:00,0,0
12/24/2019 10:00,0,0
12/24/2019 11:00,0,0
12/24/2019 12:00,0,0
12/24/2019 13:00,0,0
12/24/2019 14:00,0,0
12/24/2019 15:00,0,0
12/24/2019 16:00,0,0
12/24/2019 17:00,0,0
12/24/2019 18:00,0,0
12/24/2019 19:00,0,0
12/24/2019 20:00,0,0
12/24/2019 21:00,0,0
12/24/2019 22:00,0,0
12/24/2019 23:00,0,0
12/25/2019 0:00,0,0
12/25/2019 1:00,0,0
12/25/2019 2:00,0.056300308,0.018505016
12/25/2019 3:00,0.064134734,0.021080068
12/25/2019 4:00,0.102263676,0.033612445
12/25/2019 5:00,0.214518399,0.070508788
12/25/2019 6:00,0.287734422,0.094573731
12/25/2019 7:00,0.276159794,0.090769335
12/25/2019 8:00,0.239878057,0.078844105
12/25/2019 9:00,0.199376333,0.065531832
12/25/2019 10:00,0.080396624,0.026425093
12/25/2019 11:00,0.017414271,0.005723794
12/25/2019 12:00,0.010800788,0.003550047
12/25/2019 13:00,0.030381086,0.00998578
12/25/2019 14:00,0,0
12/25/2019 15:00,0,0
12/25/2019 16:00,0,0
12/25/2019 17:00,0,0
12/25/2019 18:00,0,0
12/25/2019 19:00,0,0
12/25/2019 20:00,0,0
12/25/2019 21:00,0,0
12/25/2019 22:00,0,0
12/25/2019 23:00,0,0
12/26/2019 0:00,0,0
12/26/2019 1:00,0,0
12/26/2019 2:00,0,0
12/26/2019 3:00,0,0
12/26/2019 4:00,0.186389635,0.06126331
12/26/2019 5:00,0.4505743,0.14809661
12/26/2019 6:00,0.703201033,0.231131002
12/26/2019 7:00,0.89456387,0.294028925
12/26/2019 8:00,0.99795944,0.328013406
12/26/2019 9:00,1.110695898,0.365068088
12/26/2019 10:00,1.134532131,0.372902678
12/26/2019 11:00,1.183975653,0.389153978
12/26/2019 12:00,1.194537101,0.392625358
12/26/2019 13:00,1.205277146,0.39615544
12/26/2019 14:00,1.238067605,0.406933143
12/26/2019 15:00,1.359283964,0.446775033
12/26/2019 16:00,1.457459225,0.479043681
12/26/2019 17:00,1.434048026,0.471348792
12/26/2019 18:00,1.476896603,0.485432438
12/26/2019 19:00,1.559484973,0.512577923
12/26/2019 20:00,1.601708544,0.52645614
12/26/2019 21:00,1.595766002,0.524502921
12/26/2019 22:00,1.598555154,0.525419671
12/26/2019 23:00,1.746929803,0.574188059
12/27/2019 0:00,1.737315247,0.571027907
12/27/2019 1:00,1.669156946,0.548625357
12/27/2019 2:00,1.75,0.575197184
12/27/2019 3:00,1.75,0.575197184
12/27/2019 4:00,1.75,0.575197184
12/27/2019 5:00,1.75,0.575197184
12/27/2019 6:00,1.75,0.575197184
12/27/2019 7:00,1.75,0.575197184
12/27/2019 8:00,1.75,0.575197184
12/27/2019 9:00,1.75,0.575197184
12/27/2019 10:00,1.75,0.575197184
12/27/2019 11:00,1.75,0.575197184
12/27/2019 12:00,1.75,0.575197184
12/27/2019 13:00,1.75,0.575197184
12/27/2019 14:00,1.75,0.575197184
12/27/2019 15:00,1.75,0.575197184
12/27/2019 16:00,1.75,0.575197184
12/27/2019 17:00,1.75,0.575197184
12/27/2019 18:00,1.723291469,0.566418514
12/27/2019 19:00,1.545433934,0.50795957
12/27/2019 20:00,1.385879358,0.455516517
12/27/2019 21:00,1.228340604,0.403736032
12/27/2019 22:00,0.983537809,0.323273245
12/27/2019 23:00,0.815423317,0.268016683
12/28/2019 0:00,0.747350051,0.245642083
12/28/2019 1:00,0.787781723,0.258931331
12/28/2019 2:00,0.851979252,0.280032038
12/28/2019 3:00,1.005465233,0.33048044
12/28/2019 4:00,1.039899413,0.341798408
12/28/2019 5:00,1.175581626,0.386394995
12/28/2019 6:00,1.352371413,0.444502988
12/28/2019 7:00,1.603679832,0.527104071
12/28/2019 8:00,1.523870635,0.500872056
12/28/2019 9:00,1.400744001,0.460402289
12/28/2019 10:00,1.454765227,0.478158207
12/28/2019 11:00,1.298871549,0.426918433
12/28/2019 12:00,1.19807822,0.393789268
12/28/2019 13:00,1.101074215,0.361905593
12/28/2019 14:00,1.11432187,0.366259887
12/28/2019 15:00,1.186712686,0.390053597
12/28/2019 16:00,1.224491798,0.402470991
12/28/2019 17:00,1.226733555,0.403207821
12/28/2019 18:00,1.279818828,0.420656106
12/28/2019 19:00,1.365901056,0.448949966
12/28/2019 20:00,1.4400272,0.473314052
12/28/2019 21:00,1.492511203,0.490564709
12/28/2019 22:00,1.596166911,0.524634693
12/28/2019 23:00,1.75,0.575197184
12/29/2019 0:00,1.75,0.575197184
12/29/2019 1:00,1.75,0.575197184
12/29/2019 2:00,1.75,0.575197184
12/29/2019 3:00,1.75,0.575197184
12/29/2019 4:00,1.75,0.575197184
12/29/2019 5:00,1.75,0.575197184
12/29/2019 6:00,1.75,0.575197184
12/29/2019 7:00,1.75,0.575197184
12/29/2019 8:00,1.75,0.575197184
12/29/2019 9:00,1.75,0.575197184
12/29/2019 10:00,1.75,0.575197184
12/29/2019 11:00,1.75,0.575197184
12/29/2019 12:00,1.75,0.575197184
12/29/2019 13:00,1.75,0.575197184
12/29/2019 14:00,1.75,0.575197184
12/29/2019 15:00,1.653409519,0.543449428
12/29/2019 16:00,1.51264768,0.497183249
12/29/2019 17:00,1.423545445,0.467896761
12/29/2019 18:00,1.430981775,0.470340964
12/29/2019 19:00,1.558959792,0.512405304
12/29/2019 20:00,1.669301751,0.548672952
12/29/2019 21:00,1.75,0.575197184
12/29/2019 22:00,1.75,0.575197184
12/29/2019 23:00,1.75,0.575197184
12/30/2019 0:00,1.75,0.575197184
12/30/2019 1:00,1.75,0.575197184
12/30/2019 2:00,1.75,0.575197184
12/30/2019 3:00,1.75,0.575197184
12/30/2019 4:00,1.75,0.575197184
12/30/2019 5:00,1.75,0.575197184
12/30/2019 6:00,1.75,0.575197184
12/30/2019 7:00,1.75,0.575197184
12/30/2019 8:00,1.75,0.575197184
12/30/2019 9:00,1.75,0.575197184
12/30/2019 10:00,1.75,0.575197184
12/30/2019 11:00,1.75,0.575197184
12/30/2019 12:00,1.75,0.575197184
12/30/2019 13:00,1.75,0.575197184
12/30/2019 14:00,1.75,0.575197184
12/30/2019 15:00,1.75,0.575197184
12/30/2019 16:00,1.75,0.575197184
12/30/2019 17:00,1.75,0.575197184
12/30/2019 18:00,1.75,0.575197184
12/30/2019 19:00,1.75,0.575197184
12/30/2019 20:00,1.75,0.575197184
12/30/2019 21:00,1.717338386,0.564461831
12/30/2019 22:00,1.561454991,0.513225436
12/30/2019 23:00,1.297547619,0.426483278
12/31/2019 0:00,1.268981502,0.417094049
12/31/2019 1:00,1.154108789,0.379337214
12/31/2019 2:00,0.874232893,0.287346456
12/31/2019 3:00,0.895032017,0.294182798
12/31/2019 4:00,0.633196405,0.208121594
12/31/2019 5:00,0.504517665,0.165826937
12/31/2019 6:00,0.352361573,0.115815648
12/31/2019 7:00,0.527585224,0.173408877
12/31/2019 8:00,0.719133655,0.236367802
12/31/2019 9:00,0.847753369,0.278643058
12/31/2019 10:00,0.84292789,0.277056999
12/31/2019 11:00,0.925081041,0.304059434
12/31/2019 12:00,0.994953534,0.327025412
12/31/2019 13:00,0.983555643,0.323279106
12/31/2019 14:00,0.989387079,0.325195807
12/31/2019 15:00,1.069864922,0.351647595
12/31/2019 16:00,1.094084279,0.359608112
12/31/2019 17:00,1.077451682,0.354141242
12/31/2019 18:00,1.041153682,0.342210666
12/31/2019 19:00,1.143869566,0.375971745
12/31/2019 20:00,1.236232583,0.40633
12/31/2019 21:00,1.259107694,0.413848686
12/31/2019 22:00,0.941439998,0.309436363
12/31/2019 23:00,1.046405963,0.343937007
