DateTime,ActivePower,ReactivePower
01/01/2019 00:00,0.9,0.295815695
01/01/2019 01:00,0.9,0.295815695
01/01/2019 02:00,0.9,0.295815695
01/01/2019 03:00,0.9,0.295815695
01/01/2019 04:00,0.9,0.295815695
01/01/2019 05:00,0.9,0.295815695
01/01/2019 06:00,0.9,0.295815695
01/01/2019 07:00,0.9,0.295815695
01/01/2019 08:00,0.9,0.295815695
01/01/2019 09:00,0.9,0.295815695
01/01/2019 10:00,0.892180105,0.293245419
01/01/2019 11:00,0.844180811,0.277468815
01/01/2019 12:00,0.809998792,0.266233728
01/01/2019 13:00,0.790433928,0.259803068
01/01/2019 14:00,0.760639919,0.250010251
01/01/2019 15:00,0.729103105,0.239644602
01/01/2019 16:00,0.680480676,0.223663182
01/01/2019 17:00,0.62404907,0.20511501
01/01/2019 18:00,0.576011657,0.189325876
01/01/2019 19:00,0.545981173,0.179455333
01/01/2019 20:00,0.517959446,0.170245037
01/01/2019 21:00,0.482542463,0.158604038
01/01/2019 22:00,0.445578159,0.146454459
01/01/2019 23:00,0.38476654,0.126466646
01/02/2019 00:00,0.331770498,0.109047689
01/02/2019 01:00,0.291604751,0.095845847
01/02/2019 02:00,0.261868657,0.086072065
01/02/2019 03:00,0.244329919,0.080307361
01/02/2019 04:00,0.229321695,0.075374396
01/02/2019 05:00,0.207787034,0.068296295
01/02/2019 06:00,0.175882179,0.057809677
01/02/2019 07:00,0.153523413,0.050460706
01/02/2019 08:00,0.134756446,0.044292302
01/02/2019 09:00,0.122097556,0.040131526
01/02/2019 10:00,0.101696283,0.033425952
01/02/2019 11:00,0.116040745,0.038140748
01/02/2019 12:00,0.154658016,0.050833632
01/02/2019 13:00,0.166517825,0.054731762
01/02/2019 14:00,0.15806139,0.051952267
01/02/2019 15:00,0.148920388,0.048947765
01/02/2019 16:00,0.142947389,0.046984535
01/02/2019 17:00,0.114182589,0.037530002
01/02/2019 18:00,0.105591406,0.034706217
01/02/2019 19:00,0.113677671,0.037364044
01/02/2019 20:00,0.132847785,0.043664955
01/02/2019 21:00,0.154896863,0.050912137
01/02/2019 22:00,0.082174222,0.027009361
01/02/2019 23:00,0.11650743,0.03829414
01/03/2019 00:00,0.156662802,0.051492573
01/03/2019 01:00,0.155191896,0.051009109
01/03/2019 02:00,0.118135598,0.038829293
01/03/2019 03:00,0.099626492,0.032745644
01/03/2019 04:00,0.084691508,0.027836752
01/03/2019 05:00,0.082988434,0.027276979
01/03/2019 06:00,0.111624201,0.036689101
01/03/2019 07:00,0.153171616,0.050345075
01/03/2019 08:00,0.180356267,0.059280238
01/03/2019 09:00,0.207503702,0.068203169
01/03/2019 10:00,0.231267605,0.076013986
01/03/2019 11:00,0.256054136,0.084160924
01/03/2019 12:00,0.281731547,0.092600681
01/03/2019 13:00,0.296213101,0.097360538
01/03/2019 14:00,0.297726082,0.097857831
01/03/2019 15:00,0.288489215,0.094821819
01/03/2019 16:00,0.270235587,0.088822142
01/03/2019 17:00,0.279421733,0.091841482
01/03/2019 18:00,0.30997259,0.101883063
01/03/2019 19:00,0.370655025,0.121828415
01/03/2019 20:00,0.419775914,0.137973671
01/03/2019 21:00,0.418070596,0.13741316
01/03/2019 22:00,0.445099542,0.146297145
01/03/2019 23:00,0.446791506,0.146853266
01/04/2019 00:00,0.468657053,0.154040124
01/04/2019 01:00,0.466125107,0.153207914
01/04/2019 02:00,0.485382371,0.15953747
01/04/2019 03:00,0.519986881,0.170911423
01/04/2019 04:00,0.549627273,0.180653748
01/04/2019 05:00,0.590111097,0.193960138
01/04/2019 06:00,0.601594893,0.197734679
01/04/2019 07:00,0.600476306,0.197367017
01/04/2019 08:00,0.615934445,0.202447862
01/04/2019 09:00,0.620768551,0.204036756
01/04/2019 10:00,0.623963416,0.205086857
01/04/2019 11:00,0.664380701,0.218371376
01/04/2019 12:00,0.681157204,0.223885546
01/04/2019 13:00,0.676990792,0.222516113
01/04/2019 14:00,0.641102125,0.210720078
01/04/2019 15:00,0.592229438,0.194656403
01/04/2019 16:00,0.58169507,0.191193924
01/04/2019 17:00,0.597427833,0.196365033
01/04/2019 18:00,0.565733078,0.185947471
01/04/2019 19:00,0.568095557,0.18672398
01/04/2019 20:00,0.548181262,0.180178468
01/04/2019 21:00,0.517673863,0.170151171
01/04/2019 22:00,0.511138142,0.168002983
01/04/2019 23:00,0.505819376,0.166254789
01/05/2019 00:00,0.494238773,0.162448429
01/05/2019 01:00,0.462524282,0.15202438
01/05/2019 02:00,0.469323951,0.154259323
01/05/2019 03:00,0.478347234,0.157225133
01/05/2019 04:00,0.477584105,0.156974304
01/05/2019 05:00,0.433364538,0.142440035
01/05/2019 06:00,0.412865415,0.1357023
01/05/2019 07:00,0.424548703,0.13954241
01/05/2019 08:00,0.431263473,0.141749449
01/05/2019 09:00,0.441400438,0.145081308
01/05/2019 10:00,0.418450623,0.137538069
01/05/2019 11:00,0.464558422,0.152692969
01/05/2019 12:00,0.442145365,0.145326154
01/05/2019 13:00,0.412431569,0.135559701
01/05/2019 14:00,0.409778611,0.134687716
01/05/2019 15:00,0.407137308,0.133819562
01/05/2019 16:00,0.420499837,0.138211613
01/05/2019 17:00,0.390669705,0.128406922
01/05/2019 18:00,0.349496203,0.114873847
01/05/2019 19:00,0.336663069,0.1106558
01/05/2019 20:00,0.304264694,0.100006969
01/05/2019 21:00,0.302991377,0.09958845
01/05/2019 22:00,0.326283099,0.107244068
01/05/2019 23:00,0.358457217,0.11781919
01/06/2019 00:00,0.401993826,0.132128981
01/06/2019 01:00,0.446435157,0.14673614
01/06/2019 02:00,0.450553239,0.148089688
01/06/2019 03:00,0.453033344,0.148904859
01/06/2019 04:00,0.476778176,0.156709408
01/06/2019 05:00,0.428158598,0.140728926
01/06/2019 06:00,0.420218481,0.138119135
01/06/2019 07:00,0.379510996,0.124739232
01/06/2019 08:00,0.32840314,0.107940892
01/06/2019 09:00,0.292524436,0.096148132
01/06/2019 10:00,0.267554732,0.087940988
01/06/2019 11:00,0.245091322,0.080557622
01/06/2019 12:00,0.231744851,0.076170849
01/06/2019 13:00,0.243477537,0.080027196
01/06/2019 14:00,0.200765911,0.065988564
01/06/2019 15:00,0.125560967,0.041269894
01/06/2019 16:00,0.106069778,0.03486345
01/06/2019 17:00,0.032104471,0.010552229
01/06/2019 18:00,0,0
01/06/2019 19:00,0,0
01/06/2019 20:00,0,0
01/06/2019 21:00,0.037446838,0.01230818
01/06/2019 22:00,0.170292546,0.055972453
01/06/2019 23:00,0.368460746,0.121107191
01/07/2019 00:00,0.505677201,0.166208058
01/07/2019 01:00,0.598842754,0.196830095
01/07/2019 02:00,0.670871944,0.220504945
01/07/2019 03:00,0.692721705,0.227686614
01/07/2019 04:00,0.722642188,0.237521001
01/07/2019 05:00,0.721448294,0.237128587
01/07/2019 06:00,0.801447823,0.263423161
01/07/2019 07:00,0.9,0.295815695
01/07/2019 08:00,0.9,0.295815695
01/07/2019 09:00,0.9,0.295815695
01/07/2019 10:00,0.9,0.295815695
01/07/2019 11:00,0.9,0.295815695
01/07/2019 12:00,0,0
01/07/2019 13:00,0,0
01/07/2019 14:00,0.9,0.295815695
01/07/2019 15:00,0,0
01/07/2019 16:00,0,0
01/07/2019 17:00,0,0
01/07/2019 18:00,0,0
01/07/2019 19:00,0,0
01/07/2019 20:00,0.9,0.295815695
01/07/2019 21:00,0.9,0.295815695
01/07/2019 22:00,0.9,0.295815695
01/07/2019 23:00,0.9,0.295815695
01/08/2019 00:00,0.9,0.295815695
01/08/2019 01:00,0.9,0.295815695
01/08/2019 02:00,0.9,0.295815695
01/08/2019 03:00,0.9,0.295815695
01/08/2019 04:00,0.9,0.295815695
01/08/2019 05:00,0.9,0.295815695
01/08/2019 06:00,0.9,0.295815695
01/08/2019 07:00,0.879090812,0.288943177
01/08/2019 08:00,0.878858771,0.288866909
01/08/2019 09:00,0.859480148,0.282497463
01/08/2019 10:00,0.846369264,0.278188124
01/08/2019 11:00,0.846053004,0.278084174
01/08/2019 12:00,0.863713131,0.283888778
01/08/2019 13:00,0.840238031,0.276172885
01/08/2019 14:00,0.782485442,0.257190527
01/08/2019 15:00,0.740209821,0.243295203
01/08/2019 16:00,0.688462972,0.226286836
01/08/2019 17:00,0.675090107,0.221891388
01/08/2019 18:00,0.646756789,0.212578676
01/08/2019 19:00,0.610721372,0.200734408
01/08/2019 20:00,0.57078688,0.187608575
01/08/2019 21:00,0.520188582,0.170977719
01/08/2019 22:00,0.512177913,0.168344739
01/08/2019 23:00,0.453291135,0.148989591
01/09/2019 00:00,0.420676471,0.138269669
01/09/2019 01:00,0.412486454,0.135577741
01/09/2019 02:00,0.387479022,0.127358196
01/09/2019 03:00,0.318081143,0.104548216
01/09/2019 04:00,0.276429029,0.090857828
01/09/2019 05:00,0.250781126,0.08242777
01/09/2019 06:00,0.231393788,0.07605546
01/09/2019 07:00,0.188710669,0.062026197
01/09/2019 08:00,0.142469956,0.04682761
01/09/2019 09:00,0.075516628,0.024821115
01/09/2019 10:00,0,0
01/09/2019 11:00,0,0
01/09/2019 12:00,0.02819388,0.00926688
01/09/2019 13:00,0.153556053,0.050471434
01/09/2019 14:00,0.280087126,0.092060186
01/09/2019 15:00,0.338770593,0.111348509
01/09/2019 16:00,0.341592762,0.112276111
01/09/2019 17:00,0.333353358,0.10956795
01/09/2019 18:00,0.37943901,0.124715572
01/09/2019 19:00,0.447204998,0.146989174
01/09/2019 20:00,0.474310714,0.155898393
01/09/2019 21:00,0.505819261,0.166254751
01/09/2019 22:00,0.514735129,0.169185255
01/09/2019 23:00,0.528977533,0.173866507
01/10/2019 00:00,0.584991795,0.192277505
01/10/2019 01:00,0.627140651,0.206131164
01/10/2019 02:00,0.630317679,0.207175402
01/10/2019 03:00,0.638023031,0.209708029
01/10/2019 04:00,0.620576494,0.20397363
01/10/2019 05:00,0.608182522,0.199899928
01/10/2019 06:00,0.619938782,0.203764024
01/10/2019 07:00,0.642165663,0.211069646
01/10/2019 08:00,0.641587005,0.21087945
01/10/2019 09:00,0.6367415,0.20928681
01/10/2019 10:00,0.644330203,0.211781096
01/10/2019 11:00,0.622811164,0.20470813
01/10/2019 12:00,0.623106349,0.204805153
01/10/2019 13:00,0.679815231,0.223444461
01/10/2019 14:00,0.741826396,0.243826545
01/10/2019 15:00,0.776800368,0.255321934
01/10/2019 16:00,0.794472893,0.261130612
01/10/2019 17:00,0.773611809,0.254273905
01/10/2019 18:00,0.74622942,0.245273749
01/10/2019 19:00,0.739252505,0.242980548
01/10/2019 20:00,0.737157603,0.242291987
01/10/2019 21:00,0.735888419,0.241874826
01/10/2019 22:00,0.772735264,0.253985799
01/10/2019 23:00,0.786063403,0.258366546
01/11/2019 00:00,0.787164465,0.258728448
01/11/2019 01:00,0.790832828,0.25993418
01/11/2019 02:00,0.777218464,0.255459355
01/11/2019 03:00,0.748849566,0.24613495
01/11/2019 04:00,0.715985396,0.235333019
01/11/2019 05:00,0.674478831,0.221690471
01/11/2019 06:00,0.61094997,0.200809544
01/11/2019 07:00,0.544135455,0.178848675
01/11/2019 08:00,0.480846104,0.158046471
01/11/2019 09:00,0.437697656,0.143864262
01/11/2019 10:00,0.469040267,0.15416608
01/11/2019 11:00,0.436579866,0.143496862
01/11/2019 12:00,0.413594439,0.135941918
01/11/2019 13:00,0.417044719,0.13707597
01/11/2019 14:00,0.440859403,0.144903479
01/11/2019 15:00,0.458501898,0.150702286
01/11/2019 16:00,0.456975301,0.150200518
01/11/2019 17:00,0.451466025,0.148389706
01/11/2019 18:00,0.442781709,0.14553531
01/11/2019 19:00,0.466913415,0.153467018
01/11/2019 20:00,0.44400523,0.145937462
01/11/2019 21:00,0.456074791,0.149904535
01/11/2019 22:00,0.551025692,0.181113386
01/11/2019 23:00,0.686998882,0.225805613
01/12/2019 00:00,0.821033817,0.269860766
01/12/2019 01:00,0.853243975,0.280447732
01/12/2019 02:00,0.792048164,0.260333642
01/12/2019 03:00,0.826450255,0.271641063
01/12/2019 04:00,0.841649346,0.276636762
01/12/2019 05:00,0.878011781,0.288588517
01/12/2019 06:00,0.892716463,0.293421712
01/12/2019 07:00,0.9,0.295815695
01/12/2019 08:00,0.861734946,0.28323858
01/12/2019 09:00,0.9,0.295815695
01/12/2019 10:00,0.888813826,0.292138977
01/12/2019 11:00,0.9,0.295815695
01/12/2019 12:00,0.9,0.295815695
01/12/2019 13:00,0.9,0.295815695
01/12/2019 14:00,0.846098871,0.27809925
01/12/2019 15:00,0.753887035,0.247790686
01/12/2019 16:00,0.657705051,0.216177196
01/12/2019 17:00,0.601206938,0.197607164
01/12/2019 18:00,0.582913488,0.191594398
01/12/2019 19:00,0.520472862,0.171071157
01/12/2019 20:00,0.64170948,0.210919706
01/12/2019 21:00,0.84983135,0.279326057
01/12/2019 22:00,0.886797627,0.291476284
01/12/2019 23:00,0.9,0.295815695
1/13/2019 0:00,0.9,0.295815695
1/13/2019 1:00,0.9,0.295815695
1/13/2019 2:00,0.9,0.295815695
1/13/2019 3:00,0.9,0.295815695
1/13/2019 4:00,0.9,0.295815695
1/13/2019 5:00,0.9,0.295815695
1/13/2019 6:00,0.9,0.295815695
1/13/2019 7:00,0.9,0.295815695
1/13/2019 8:00,0.9,0.295815695
1/13/2019 9:00,0.9,0.295815695
1/13/2019 10:00,0.9,0.295815695
1/13/2019 11:00,0.801125058,0.263317073
1/13/2019 12:00,0.631225245,0.207473705
1/13/2019 13:00,0.442329812,0.145386779
1/13/2019 14:00,0.248353372,0.081629806
1/13/2019 15:00,0.292873441,0.096262845
1/13/2019 16:00,0.469964141,0.154469743
1/13/2019 17:00,0.557559551,0.183260962
1/13/2019 18:00,0.593589493,0.195103431
1/13/2019 19:00,0.597783843,0.196482048
1/13/2019 20:00,0.522535206,0.171749017
1/13/2019 21:00,0.465746642,0.153083518
1/13/2019 22:00,0.657060202,0.215965244
1/13/2019 23:00,0.681300858,0.223932763
1/14/2019 0:00,0.665664872,0.218793463
1/14/2019 1:00,0.723934187,0.23794566
1/14/2019 2:00,0.762763586,0.250708267
1/14/2019 3:00,0.755322875,0.248262623
1/14/2019 4:00,0.711695404,0.233922967
1/14/2019 5:00,0.623578709,0.20496041
1/14/2019 6:00,0.512977093,0.168607417
1/14/2019 7:00,0.420000478,0.138047481
1/14/2019 8:00,0.369668061,0.121504016
1/14/2019 9:00,0.352584215,0.115888827
1/14/2019 10:00,0.263236389,0.086521617
1/14/2019 11:00,0.490183686,0.161115586
1/14/2019 12:00,0.658123239,0.216314648
1/14/2019 13:00,0.603850829,0.198476169
1/14/2019 14:00,0.65189827,0.2142686
1/14/2019 15:00,0.744648813,0.244754229
1/14/2019 16:00,0.726018648,0.23863079
1/14/2019 17:00,0.600008461,0.197213244
1/14/2019 18:00,0.384335705,0.126325037
1/14/2019 19:00,0.207588676,0.068231098
1/14/2019 20:00,0.085312094,0.028040729
1/14/2019 21:00,0.252586412,0.083021139
1/14/2019 22:00,0.573070018,0.188359006
1/14/2019 23:00,0.843916829,0.277382048
1/15/2019 0:00,0.9,0.295815695
1/15/2019 1:00,0.9,0.295815695
1/15/2019 2:00,0.9,0.295815695
1/15/2019 3:00,0.9,0.295815695
1/15/2019 4:00,0.9,0.295815695
1/15/2019 5:00,0.868743379,0.28554214
1/15/2019 6:00,0.831066593,0.273158379
1/15/2019 7:00,0.805480011,0.264748477
1/15/2019 8:00,0.79108864,0.260018262
1/15/2019 9:00,0.759592973,0.249666137
1/15/2019 10:00,0.706053076,0.232068423
1/15/2019 11:00,0.62151929,0.204283512
1/15/2019 12:00,0.508510806,0.167139419
1/15/2019 13:00,0.414846761,0.136353536
1/15/2019 14:00,0.315515858,0.103705047
1/15/2019 15:00,0.171595677,0.056400771
1/15/2019 16:00,0,0
1/15/2019 17:00,0.058181155,0.019123221
1/15/2019 18:00,0.228958255,0.075254939
1/15/2019 19:00,0.32781411,0.107747287
1/15/2019 20:00,0.438674122,0.144185211
1/15/2019 21:00,0.605475606,0.199010208
1/15/2019 22:00,0.837672373,0.275329594
1/15/2019 23:00,0.9,0.295815695
1/16/2019 0:00,0.899049014,0.295503121
1/16/2019 1:00,0.9,0.295815695
1/16/2019 2:00,0.9,0.295815695
1/16/2019 3:00,0.9,0.295815695
1/16/2019 4:00,0.835183459,0.274511528
1/16/2019 5:00,0.669998736,0.220217935
1/16/2019 6:00,0.523260678,0.171987468
1/16/2019 7:00,0.404701292,0.133018882
1/16/2019 8:00,0.298265766,0.098035216
1/16/2019 9:00,0.202475896,0.066550609
1/16/2019 10:00,0.182051046,0.059837285
1/16/2019 11:00,0.140713198,0.046250192
1/16/2019 12:00,0.122332959,0.040208899
1/16/2019 13:00,0.128626185,0.042277383
1/16/2019 14:00,0.193927045,0.063740737
1/16/2019 15:00,0.362059226,0.119003113
1/16/2019 16:00,0.590937477,0.194231756
1/16/2019 17:00,0.731687574,0.240494075
1/16/2019 18:00,0.743670811,0.244432775
1/16/2019 19:00,0.736518264,0.242081846
1/16/2019 20:00,0.778911053,0.256015683
1/16/2019 21:00,0.80202109,0.263611584
1/16/2019 22:00,0.853237808,0.280445705
1/16/2019 23:00,0.9,0.295815695
1/17/2019 0:00,0.9,0.295815695
1/17/2019 1:00,0.9,0.295815695
1/17/2019 2:00,0.9,0.295815695
1/17/2019 3:00,0.9,0.295815695
1/17/2019 4:00,0.9,0.295815695
1/17/2019 5:00,0.9,0.295815695
1/17/2019 6:00,0.898873166,0.295445322
1/17/2019 7:00,0.891189494,0.292919822
1/17/2019 8:00,0.9,0.295815695
1/17/2019 9:00,0.87207298,0.286636527
1/17/2019 10:00,0.811025108,0.266571062
1/17/2019 11:00,0.672778758,0.221131684
1/17/2019 12:00,0.592305611,0.19468144
1/17/2019 13:00,0.564577423,0.185567625
1/17/2019 14:00,0.509666571,0.167519301
1/17/2019 15:00,0.439484806,0.14445167
1/17/2019 16:00,0.383834787,0.126160394
1/17/2019 17:00,0.33109801,0.108826653
1/17/2019 18:00,0.28598381,0.093998333
1/17/2019 19:00,0.239818394,0.078824494
1/17/2019 20:00,0.19570451,0.064324962
1/17/2019 21:00,0.153121049,0.050328455
1/17/2019 22:00,0.105266227,0.034599336
1/17/2019 23:00,0.06227002,0.020467166
1/18/2019 0:00,0.019375797,0.006368517
1/18/2019 1:00,0,0
1/18/2019 2:00,0,0
1/18/2019 3:00,0,0
1/18/2019 4:00,0,0
1/18/2019 5:00,0,0
1/18/2019 6:00,0.06104192,0.020063509
1/18/2019 7:00,0.115047546,0.0378143
1/18/2019 8:00,0.171426425,0.056345141
1/18/2019 9:00,0.233604486,0.076782081
1/18/2019 10:00,0.271580997,0.089264357
1/18/2019 11:00,0.332533649,0.109298525
1/18/2019 12:00,0.389608304,0.128058057
1/18/2019 13:00,0.421990953,0.138701719
1/18/2019 14:00,0.461278017,0.151614752
1/18/2019 15:00,0.490355066,0.161171916
1/18/2019 16:00,0.499424292,0.164152827
1/18/2019 17:00,0.483694072,0.158982553
1/18/2019 18:00,0.453519925,0.149064791
1/18/2019 19:00,0.416931261,0.137038678
1/18/2019 20:00,0.39312255,0.129213133
1/18/2019 21:00,0.386652328,0.127086474
1/18/2019 22:00,0.432522726,0.142163345
1/18/2019 23:00,0.400229736,0.131549153
1/19/2019 0:00,0.40034474,0.131586953
1/19/2019 1:00,0.404167592,0.132843463
1/19/2019 2:00,0.397261442,0.130573522
1/19/2019 3:00,0.410414472,0.134896714
1/19/2019 4:00,0.388084996,0.12755737
1/19/2019 5:00,0.359588505,0.118191026
1/19/2019 6:00,0.33093546,0.108773225
1/19/2019 7:00,0.291176109,0.095704959
1/19/2019 8:00,0.259710121,0.085362589
1/19/2019 9:00,0.261593174,0.085981518
1/19/2019 10:00,0.312256546,0.102633763
1/19/2019 11:00,0.322873543,0.106123402
1/19/2019 12:00,0.301000704,0.098934147
1/19/2019 13:00,0.277125073,0.091086607
1/19/2019 14:00,0.248072491,0.081537485
1/19/2019 15:00,0.22847331,0.075095545
1/19/2019 16:00,0.200930732,0.066042738
1/19/2019 17:00,0.171247644,0.056286379
1/19/2019 18:00,0.157054595,0.051621349
1/19/2019 19:00,0.154770069,0.050870462
1/19/2019 20:00,0.16666495,0.05478012
1/19/2019 21:00,0.171793079,0.056465655
1/19/2019 22:00,0.122430702,0.040241026
1/19/2019 23:00,0.121621455,0.039975039
1/20/2019 0:00,0.129462396,0.042552232
1/20/2019 1:00,0.145168982,0.047714737
1/20/2019 2:00,0.145254969,0.047743
1/20/2019 3:00,0.14453753,0.047507189
1/20/2019 4:00,0.159264314,0.052347648
1/20/2019 5:00,0.190241902,0.062529489
1/20/2019 6:00,0.246153475,0.080906735
1/20/2019 7:00,0.289369727,0.09511123
1/20/2019 8:00,0.370732329,0.121853824
1/20/2019 9:00,0.446298099,0.146691091
1/20/2019 10:00,0.491785528,0.161642086
1/20/2019 11:00,0.646814162,0.212597534
1/20/2019 12:00,0.571135004,0.187722998
1/20/2019 13:00,0.598651374,0.196767191
1/20/2019 14:00,0.677934874,0.222826417
1/20/2019 15:00,0.666779822,0.219159929
1/20/2019 16:00,0.696494345,0.228926621
1/20/2019 17:00,0.718815045,0.23626308
1/20/2019 18:00,0.675145008,0.221909433
1/20/2019 19:00,0.629347514,0.206856524
1/20/2019 20:00,0.574956342,0.188979011
1/20/2019 21:00,0.523798498,0.172164241
1/20/2019 22:00,0.432445469,0.142137952
1/20/2019 23:00,0.383706779,0.126118319
1/21/2019 0:00,0.358633668,0.117877186
1/21/2019 1:00,0.381685434,0.125453935
1/21/2019 2:00,0.436813965,0.143573807
1/21/2019 3:00,0.466332391,0.153276045
1/21/2019 4:00,0.450537081,0.148084377
1/21/2019 5:00,0.445647106,0.14647712
1/21/2019 6:00,0.460373942,0.151317597
1/21/2019 7:00,0.459775805,0.151120999
1/21/2019 8:00,0.464161464,0.152562496
1/21/2019 9:00,0.515003855,0.169273581
1/21/2019 10:00,0.554454662,0.182240435
1/21/2019 11:00,0.591259975,0.194337756
1/21/2019 12:00,0.625961389,0.205743559
1/21/2019 13:00,0.648323078,0.213093491
1/21/2019 14:00,0.643708542,0.211576766
1/21/2019 15:00,0.654273745,0.215049381
1/21/2019 16:00,0.69196922,0.227439284
1/21/2019 17:00,0.768185505,0.252490365
1/21/2019 18:00,0.818572282,0.269051698
1/21/2019 19:00,0.89371612,0.293750283
1/21/2019 20:00,0.9,0.295815695
1/21/2019 21:00,0.9,0.295815695
1/21/2019 22:00,0.665260247,0.218660469
1/21/2019 23:00,0.44350855,0.145774211
1/22/2019 0:00,0.334756796,0.110029238
1/22/2019 1:00,0.30393122,0.099897361
1/22/2019 2:00,0.301097289,0.098965893
1/22/2019 3:00,0.287521822,0.094503853
1/22/2019 4:00,0.282577346,0.092878682
1/22/2019 5:00,0.313684063,0.103102966
1/22/2019 6:00,0.346757018,0.11397352
1/22/2019 7:00,0.326234333,0.10722804
1/22/2019 8:00,0.314954469,0.103520528
1/22/2019 9:00,0.303048424,0.0996072
1/22/2019 10:00,0.344050709,0.113083999
1/22/2019 11:00,0.321872915,0.105794511
1/22/2019 12:00,0.329236032,0.108214651
1/22/2019 13:00,0.347091941,0.114083604
1/22/2019 14:00,0.361613296,0.118856543
1/22/2019 15:00,0.365116704,0.120008057
1/22/2019 16:00,0.380870093,0.125185946
1/22/2019 17:00,0.383173349,0.125942989
1/22/2019 18:00,0.379748436,0.124817275
1/22/2019 19:00,0.382935117,0.125864686
1/22/2019 20:00,0.389004834,0.127859706
1/22/2019 21:00,0.375423603,0.123395771
1/22/2019 22:00,0.348099051,0.114414625
1/22/2019 23:00,0.292209375,0.096044577
1/23/2019 0:00,0.249805963,0.082107249
1/23/2019 1:00,0.238688568,0.078453138
1/23/2019 2:00,0.250403099,0.082303519
1/23/2019 3:00,0.260602775,0.08565599
1/23/2019 4:00,0.238286407,0.078320955
1/23/2019 5:00,0.236119263,0.077608649
1/23/2019 6:00,0.237397805,0.078028885
1/23/2019 7:00,0.229727304,0.075507713
1/23/2019 8:00,0.202544709,0.066573226
1/23/2019 9:00,0.171383156,0.056330919
1/23/2019 10:00,0.116161696,0.038180503
1/23/2019 11:00,0.155152421,0.050996135
1/23/2019 12:00,0.185666391,0.061025592
1/23/2019 13:00,0.177467542,0.05833076
1/23/2019 14:00,0.172648231,0.056746729
1/23/2019 15:00,0.162949109,0.053558782
1/23/2019 16:00,0.143195736,0.047066162
1/23/2019 17:00,0.111938983,0.036792564
1/23/2019 18:00,0.110495297,0.036318048
1/23/2019 19:00,0.117399556,0.038587368
1/23/2019 20:00,0.118908394,0.039083299
1/23/2019 21:00,0.12250724,0.040266182
1/23/2019 22:00,0.043681597,0.014357447
1/23/2019 23:00,0.012327857,0.004051971
1/24/2019 0:00,0,0
1/24/2019 1:00,0,0
1/24/2019 2:00,0,0
1/24/2019 3:00,0.005451396,0.001791787
1/24/2019 4:00,0.004285964,0.001408728
1/24/2019 5:00,0.002209609,0.000726263
1/24/2019 6:00,0,0
1/24/2019 7:00,0,0
1/24/2019 8:00,0,0
1/24/2019 9:00,0,0
1/24/2019 10:00,0,0
1/24/2019 11:00,0,0
1/24/2019 12:00,0,0
1/24/2019 13:00,0.016096133,0.005290543
1/24/2019 14:00,0.067283824,0.022115124
1/24/2019 15:00,0.086139899,0.028312816
1/24/2019 16:00,0.068553142,0.022532328
1/24/2019 17:00,0.082295086,0.027049087
1/24/2019 18:00,0.123327609,0.040535825
1/24/2019 19:00,0.207146981,0.06808592
1/24/2019 20:00,0.270047814,0.088760424
1/24/2019 21:00,0.322309572,0.105938033
1/24/2019 22:00,0.369427954,0.121425097
1/24/2019 23:00,0.421173782,0.138433128
1/25/2019 0:00,0.471015355,0.15481526
1/25/2019 1:00,0.529327319,0.173981476
1/25/2019 2:00,0.564700773,0.185608168
1/25/2019 3:00,0.525765853,0.172810879
1/25/2019 4:00,0.467203676,0.153562422
1/25/2019 5:00,0.60690269,0.199479268
1/25/2019 6:00,0.715117952,0.235047904
1/25/2019 7:00,0.705337832,0.231833334
1/25/2019 8:00,0.687350239,0.225921098
1/25/2019 9:00,0.734548257,0.241434336
1/25/2019 10:00,0.766669837,0.251992189
1/25/2019 11:00,0.752509984,0.247338071
1/25/2019 12:00,0.855269577,0.281113516
1/25/2019 13:00,0.9,0.295815695
1/25/2019 14:00,0.9,0.295815695
1/25/2019 15:00,0.9,0.295815695
1/25/2019 16:00,0.9,0.295815695
1/25/2019 17:00,0.9,0.295815695
1/25/2019 18:00,0.883068383,0.290250541
1/25/2019 19:00,0.802456447,0.263754679
1/25/2019 20:00,0.718707288,0.236227662
1/25/2019 21:00,0.663982069,0.218240352
1/25/2019 22:00,0.548792883,0.180379498
1/25/2019 23:00,0.480896302,0.158062971
1/26/2019 0:00,0.435557599,0.14316086
1/26/2019 1:00,0.400100283,0.131506604
1/26/2019 2:00,0.356017106,0.117017164
1/26/2019 3:00,0.316156503,0.103915617
1/26/2019 4:00,0.232059704,0.076274336
1/26/2019 5:00,0.181093747,0.059522636
1/26/2019 6:00,0.154978564,0.050938991
1/26/2019 7:00,0.185240191,0.060885506
1/26/2019 8:00,0.175642261,0.057730819
1/26/2019 9:00,0.176254105,0.057931923
1/26/2019 10:00,0.139144257,0.045734506
1/26/2019 11:00,0.194817095,0.064033283
1/26/2019 12:00,0.242159964,0.079594131
1/26/2019 13:00,0.321500061,0.10567196
1/26/2019 14:00,0.448938142,0.147558831
1/26/2019 15:00,0.542561947,0.178331488
1/26/2019 16:00,0.62270365,0.204672792
1/26/2019 17:00,0.706759035,0.232300461
1/26/2019 18:00,0.740983621,0.243549538
1/26/2019 19:00,0.733725103,0.241163779
1/26/2019 20:00,0.706232795,0.232127494
1/26/2019 21:00,0.63941722,0.210166277
1/26/2019 22:00,0.586494254,0.192771339
1/26/2019 23:00,0.445863529,0.146548255
1/27/2019 0:00,0.438297429,0.144061398
1/27/2019 1:00,0.486012409,0.159744554
1/27/2019 2:00,0.56940666,0.187154918
1/27/2019 3:00,0.591711111,0.194486037
1/27/2019 4:00,0.591832429,0.194525912
1/27/2019 5:00,0.601082625,0.197566305
1/27/2019 6:00,0.646394364,0.212459553
1/27/2019 7:00,0.690103992,0.226826213
1/27/2019 8:00,0.684802307,0.225083634
1/27/2019 9:00,0.647446069,0.212805232
1/27/2019 10:00,0.654412285,0.215094916
1/27/2019 11:00,0.665751696,0.218822001
1/27/2019 12:00,0.701391003,0.230536074
1/27/2019 13:00,0.760641325,0.250010713
1/27/2019 14:00,0.82697024,0.271811973
1/27/2019 15:00,0.806273371,0.265009242
1/27/2019 16:00,0.762101082,0.250490512
1/27/2019 17:00,0.724329815,0.238075697
1/27/2019 18:00,0.673496479,0.221367587
1/27/2019 19:00,0.641084004,0.210714122
1/27/2019 20:00,0.634286722,0.208479964
1/27/2019 21:00,0.637450225,0.209519757
1/27/2019 22:00,0.654805349,0.21522411
1/27/2019 23:00,0.679353885,0.223292824
1/28/2019 0:00,0.667150121,0.21928164
1/28/2019 1:00,0.630848176,0.207349768
1/28/2019 2:00,0.581069783,0.190988402
1/28/2019 3:00,0.561916879,0.184693147
1/28/2019 4:00,0.535710288,0.176079457
1/28/2019 5:00,0.488843958,0.160675239
1/28/2019 6:00,0.432283484,0.14208471
1/28/2019 7:00,0.388817301,0.127798067
1/28/2019 8:00,0.354243609,0.116434244
1/28/2019 9:00,0.33019131,0.108528635
1/28/2019 10:00,0.37242344,0.122409665
1/28/2019 11:00,0.411445786,0.13523569
1/28/2019 12:00,0.395503757,0.129995798
1/28/2019 13:00,0.376885649,0.123876322
1/28/2019 14:00,0.368858761,0.121238012
1/28/2019 15:00,0.407980704,0.134096773
1/28/2019 16:00,0.414908228,0.13637374
1/28/2019 17:00,0.386941146,0.127181404
1/28/2019 18:00,0.417186264,0.137122494
1/28/2019 19:00,0.478186541,0.157172315
1/28/2019 20:00,0.515964267,0.169589253
1/28/2019 21:00,0.542966075,0.178464319
1/28/2019 22:00,0.499567856,0.164200014
1/28/2019 23:00,0.429532248,0.141180423
1/29/2019 0:00,0.390225996,0.128261082
1/29/2019 1:00,0.442579752,0.14546893
1/29/2019 2:00,0.441295179,0.145046711
1/29/2019 3:00,0.390296839,0.128284367
1/29/2019 4:00,0.321095738,0.105539065
1/29/2019 5:00,0.315132304,0.103578979
1/29/2019 6:00,0.335213137,0.11017923
1/29/2019 7:00,0.330192886,0.108529153
1/29/2019 8:00,0.313353749,0.102994397
1/29/2019 9:00,0.301673654,0.099155335
1/29/2019 10:00,0.253381782,0.083282564
1/29/2019 11:00,0.241671328,0.079433524
1/29/2019 12:00,0.239696891,0.078784558
1/29/2019 13:00,0.243573894,0.080058867
1/29/2019 14:00,0.232103971,0.076288886
1/29/2019 15:00,0.197602311,0.064948739
1/29/2019 16:00,0.146931242,0.048293964
1/29/2019 17:00,0.140638072,0.046225499
1/29/2019 18:00,0.139995006,0.046014133
1/29/2019 19:00,0.145928618,0.047964417
1/29/2019 20:00,0.128596847,0.04226774
1/29/2019 21:00,0.10270716,0.033758211
1/29/2019 22:00,0.112635061,0.037021354
1/29/2019 23:00,0.118911134,0.0390842
1/30/2019 0:00,0.153562454,0.050473538
1/30/2019 1:00,0.17710109,0.058210313
1/30/2019 2:00,0.161695995,0.053146903
1/30/2019 3:00,0.161878192,0.053206789
1/30/2019 4:00,0.186446764,0.061282088
1/30/2019 5:00,0.22169287,0.072866923
1/30/2019 6:00,0.257989023,0.084796891
1/30/2019 7:00,0.279832487,0.091976491
1/30/2019 8:00,0.254652347,0.083700179
1/30/2019 9:00,0.20209592,0.066425717
1/30/2019 10:00,0.287535757,0.094508433
1/30/2019 11:00,0.301779788,0.09919022
1/30/2019 12:00,0.242087603,0.079570347
1/30/2019 13:00,0.112901643,0.037108975
1/30/2019 14:00,0.033602139,0.011044489
1/30/2019 15:00,0.033899185,0.011142123
1/30/2019 16:00,0.056140164,0.018452379
1/30/2019 17:00,0.039973042,0.013138503
1/30/2019 18:00,0,0
1/30/2019 19:00,0,0
1/30/2019 20:00,0.027801864,0.009138031
1/30/2019 21:00,0.117344596,0.038569304
1/30/2019 22:00,0.192606798,0.063306793
1/30/2019 23:00,0.212349311,0.069795843
1/31/2019 0:00,0.212479464,0.069838622
1/31/2019 1:00,0.210257958,0.069108449
1/31/2019 2:00,0.193254207,0.063519586
1/31/2019 3:00,0.163172838,0.053632318
1/31/2019 4:00,0.136654827,0.044916269
1/31/2019 5:00,0.127944977,0.04205348
1/31/2019 6:00,0.107324955,0.035276007
1/31/2019 7:00,0.073510944,0.024161879
1/31/2019 8:00,0.050239821,0.016513031
1/31/2019 9:00,0.028649509,0.009416638
1/31/2019 10:00,0.040427509,0.013287879
1/31/2019 11:00,0.03710089,0.012194473
1/31/2019 12:00,0.000483181,0.000158814
1/31/2019 13:00,0,0
1/31/2019 14:00,0,0
1/31/2019 15:00,0,0
1/31/2019 16:00,0,0
1/31/2019 17:00,0,0
1/31/2019 18:00,0,0
1/31/2019 19:00,0,0
1/31/2019 20:00,0,0
1/31/2019 21:00,0,0
1/31/2019 22:00,0,0
1/31/2019 23:00,0,0
02/01/2019 00:00,0,0
02/01/2019 01:00,0.015998594,0.005258483
02/01/2019 02:00,0.023243021,0.007639611
02/01/2019 03:00,0.038998157,0.012818074
02/01/2019 04:00,0.069059951,0.022698908
02/01/2019 05:00,0.097898496,0.032177679
02/01/2019 06:00,0.105355284,0.034628607
02/01/2019 07:00,0.102927201,0.033830535
02/01/2019 08:00,0.10213704,0.033570821
02/01/2019 09:00,0.105661816,0.034729359
02/01/2019 10:00,0.017082999,0.00561491
02/01/2019 11:00,0.090154616,0.029632389
02/01/2019 12:00,0.123393794,0.040557579
02/01/2019 13:00,0.135490943,0.04453372
02/01/2019 14:00,0.113138115,0.0371867
02/01/2019 15:00,0.064928673,0.021341023
02/01/2019 16:00,0.080946655,0.026605879
02/01/2019 17:00,0.182528019,0.059994059
02/01/2019 18:00,0.286883807,0.094294147
02/01/2019 19:00,0.313321879,0.102983921
02/01/2019 20:00,0.325935276,0.107129744
02/01/2019 21:00,0.348502163,0.114547122
02/01/2019 22:00,0.456362302,0.149999035
02/01/2019 23:00,0.476215552,0.156524483
02/02/2019 00:00,0.501180281,0.164729992
02/02/2019 01:00,0.511012746,0.167961767
02/02/2019 02:00,0.482387368,0.15855306
02/02/2019 03:00,0.421481263,0.138534192
02/02/2019 04:00,0.391090135,0.128545111
02/02/2019 05:00,0.361162803,0.118708473
02/02/2019 06:00,0.329533835,0.108312534
02/02/2019 07:00,0.291487145,0.095807191
02/02/2019 08:00,0.266982401,0.087752871
02/02/2019 09:00,0.255867868,0.084099701
02/02/2019 10:00,0.283087347,0.093046311
02/02/2019 11:00,0.247530834,0.081359451
02/02/2019 12:00,0.25718229,0.084531731
02/02/2019 13:00,0.269178953,0.088474843
02/02/2019 14:00,0.267534755,0.087934422
02/02/2019 15:00,0.245241191,0.080606881
02/02/2019 16:00,0.237145931,0.077946098
02/02/2019 17:00,0.228866601,0.075224814
02/02/2019 18:00,0.193551209,0.063617206
02/02/2019 19:00,0.167900195,0.055186125
02/02/2019 20:00,0.126029452,0.041423878
02/02/2019 21:00,0.050480939,0.016592282
02/02/2019 22:00,0,0
02/02/2019 23:00,0.021460924,0.007053865
02/03/2019 00:00,0.050087805,0.016463065
02/03/2019 01:00,0.111442369,0.036629335
02/03/2019 02:00,0.180822579,0.059433508
02/03/2019 03:00,0.243071022,0.079893581
02/03/2019 04:00,0.253862642,0.083440615
02/03/2019 05:00,0.259593643,0.085324304
02/03/2019 06:00,0.284880319,0.093635633
02/03/2019 07:00,0.283948352,0.09332931
02/03/2019 08:00,0.27014617,0.088792752
02/03/2019 09:00,0.258472404,0.084955771
02/03/2019 10:00,0.260041863,0.085471627
02/03/2019 11:00,0.371743281,0.122186108
02/03/2019 12:00,0.460738646,0.151437469
02/03/2019 13:00,0.619642169,0.203666532
02/03/2019 14:00,0.564897677,0.185672887
02/03/2019 15:00,0.53953021,0.177335004
02/03/2019 16:00,0.601672264,0.19776011
02/03/2019 17:00,0.559503352,0.183899859
02/03/2019 18:00,0.569442154,0.187166585
02/03/2019 19:00,0.603095795,0.198228002
02/03/2019 20:00,0.615351486,0.202256252
02/03/2019 21:00,0.636063912,0.209064098
02/03/2019 22:00,0.687113112,0.225843158
02/03/2019 23:00,0.667978555,0.219553934
02/04/2019 00:00,0.624168393,0.20515423
02/04/2019 01:00,0.600839189,0.197486291
02/04/2019 02:00,0.516340851,0.169713031
02/04/2019 03:00,0.431333793,0.141772562
02/04/2019 04:00,0.343933617,0.113045513
02/04/2019 05:00,0.299176104,0.09833443
02/04/2019 06:00,0.277116798,0.091083887
02/04/2019 07:00,0.259246665,0.085210258
02/04/2019 08:00,0.25012857,0.082213285
02/04/2019 09:00,0.251938624,0.082808221
02/04/2019 10:00,0.321478118,0.105664748
02/04/2019 11:00,0.406570077,0.133633122
02/04/2019 12:00,0.458102262,0.150570932
02/04/2019 13:00,0.483213827,0.158824704
02/04/2019 14:00,0.498317121,0.163788917
02/04/2019 15:00,0.499826167,0.164284916
02/04/2019 16:00,0.513922173,0.16891805
02/04/2019 17:00,0.502057991,0.165018482
02/04/2019 18:00,0.492103912,0.161746734
02/04/2019 19:00,0.526602126,0.173085749
02/04/2019 20:00,0.55470689,0.182323338
02/04/2019 21:00,0.535347849,0.175960329
02/04/2019 22:00,0.437248727,0.143716707
02/04/2019 23:00,0.43519822,0.143042737
02/05/2019 00:00,0.398866506,0.131101081
02/05/2019 01:00,0.354862094,0.11663753
02/05/2019 02:00,0.314636068,0.103415874
02/05/2019 03:00,0.256362373,0.084262237
02/05/2019 04:00,0.18230116,0.059919494
02/05/2019 05:00,0.105372858,0.034634383
02/05/2019 06:00,0.041239891,0.013554897
02/05/2019 07:00,0,0
02/05/2019 08:00,0,0
02/05/2019 09:00,0,0
02/05/2019 10:00,0,0
02/05/2019 11:00,0.086449887,0.028414704
02/05/2019 12:00,0.19318913,0.063498196
02/05/2019 13:00,0.293742356,0.096548443
02/05/2019 14:00,0.381230805,0.125304506
02/05/2019 15:00,0.488218813,0.160469764
02/05/2019 16:00,0.610346632,0.200611237
02/05/2019 17:00,0.720537675,0.236829281
02/05/2019 18:00,0.798707656,0.262522511
02/05/2019 19:00,0.862712537,0.283559898
02/05/2019 20:00,0.898120833,0.295198042
02/05/2019 21:00,0.9,0.295815695
02/05/2019 22:00,0.872327537,0.286720196
02/05/2019 23:00,0.887691542,0.2917701
02/06/2019 00:00,0.716485549,0.235497412
02/06/2019 01:00,0.504119323,0.165696009
02/06/2019 02:00,0.45502716,0.149560195
02/06/2019 03:00,0.508845075,0.167249288
02/06/2019 04:00,0.535503786,0.176011583
02/06/2019 05:00,0.564417666,0.185515115
02/06/2019 06:00,0.578118634,0.190018406
02/06/2019 07:00,0.57123685,0.187756473
02/06/2019 08:00,0.542683657,0.178371492
02/06/2019 09:00,0.544155371,0.178855221
02/06/2019 10:00,0.526082137,0.172914837
02/06/2019 11:00,0.515711207,0.169506076
02/06/2019 12:00,0.517612807,0.170131102
02/06/2019 13:00,0.484859505,0.159365613
02/06/2019 14:00,0.412929366,0.135723319
02/06/2019 15:00,0.397107961,0.130523075
02/06/2019 16:00,0.371142335,0.121988586
02/06/2019 17:00,0.400312336,0.131576302
02/06/2019 18:00,0.455372688,0.149673765
02/06/2019 19:00,0.469537248,0.15432943
02/06/2019 20:00,0.501117467,0.164709346
02/06/2019 21:00,0.503845926,0.165606147
02/06/2019 22:00,0.443750312,0.145853674
02/06/2019 23:00,0.4016464,0.132014788
02/07/2019 00:00,0.354820446,0.116623841
02/07/2019 01:00,0.291227992,0.095722012
02/07/2019 02:00,0.235840992,0.077517185
02/07/2019 03:00,0.106301921,0.034939752
02/07/2019 04:00,0,0
02/07/2019 05:00,0,0
02/07/2019 06:00,0,0
02/07/2019 07:00,0.007979037,0.002622583
02/07/2019 08:00,0.045040001,0.014803933
02/07/2019 09:00,0.063380074,0.020832023
02/07/2019 10:00,7.71E-05,2.53E-05
02/07/2019 11:00,0.044912444,0.014762006
02/07/2019 12:00,0.049934031,0.016412522
02/07/2019 13:00,0.049589811,0.016299383
02/07/2019 14:00,0.109251133,0.035909111
02/07/2019 15:00,0.179606449,0.059033785
02/07/2019 16:00,0.217828571,0.071596789
02/07/2019 17:00,0.187993694,0.061790539
02/07/2019 18:00,0.117732857,0.038696919
02/07/2019 19:00,0.078950516,0.02594978
02/07/2019 20:00,0.133670007,0.043935207
02/07/2019 21:00,0.224543945,0.073804026
02/07/2019 22:00,0.307902643,0.101202705
02/07/2019 23:00,0.35177845,0.115623985
02/08/2019 00:00,0.388938725,0.127837977
02/08/2019 01:00,0.360177634,0.118384663
02/08/2019 02:00,0.354630438,0.116561388
02/08/2019 03:00,0.340847372,0.112031113
02/08/2019 04:00,0.325237297,0.10690033
02/08/2019 05:00,0.360423185,0.118465372
02/08/2019 06:00,0.470912915,0.15478159
02/08/2019 07:00,0.598087269,0.196581779
02/08/2019 08:00,0.792952625,0.260630924
02/08/2019 09:00,0.883072807,0.290251995
02/08/2019 10:00,0.9,0.295815695
02/08/2019 11:00,0.9,0.295815695
02/08/2019 12:00,0.89616865,0.294556391
02/08/2019 13:00,0.9,0.295815695
02/08/2019 14:00,0.9,0.295815695
02/08/2019 15:00,0.888655637,0.292086983
02/08/2019 16:00,0.874328325,0.287377823
02/08/2019 17:00,0.84769596,0.278624188
02/08/2019 18:00,0.817618968,0.268738359
02/08/2019 19:00,0.810698209,0.266463615
02/08/2019 20:00,0.817622061,0.268739375
02/08/2019 21:00,0.826232432,0.271569467
02/08/2019 22:00,0.806267543,0.265007326
02/08/2019 23:00,0.773870246,0.254358849
02/09/2019 00:00,0.803181614,0.26399303
02/09/2019 01:00,0.825210107,0.271233446
02/09/2019 02:00,0.774033393,0.254412473
02/09/2019 03:00,0.74084149,0.243502822
02/09/2019 04:00,0.700423062,0.230217927
02/09/2019 05:00,0.62697951,0.206078199
02/09/2019 06:00,0.554454958,0.182240532
02/09/2019 07:00,0.50400403,0.165658114
02/09/2019 08:00,0.472275382,0.155229411
02/09/2019 09:00,0.52110908,0.171280272
02/09/2019 10:00,0.662422914,0.217727883
02/09/2019 11:00,0.740623287,0.243431102
02/09/2019 12:00,0.847678703,0.278618516
02/09/2019 13:00,0.9,0.295815695
02/09/2019 14:00,0.9,0.295815695
02/09/2019 15:00,0.9,0.295815695
02/09/2019 16:00,0.9,0.295815695
02/09/2019 17:00,0.9,0.295815695
02/09/2019 18:00,0.9,0.295815695
02/09/2019 19:00,0.829141592,0.272525662
02/09/2019 20:00,0.756544315,0.248664091
02/09/2019 21:00,0.706035904,0.232062779
02/09/2019 22:00,0.774294247,0.254498212
02/09/2019 23:00,0.766409424,0.251906596
02/10/2019 00:00,0.723033382,0.23764958
02/10/2019 01:00,0.666271107,0.218992723
02/10/2019 02:00,0.628894553,0.206707644
02/10/2019 03:00,0.579657327,0.19052415
02/10/2019 04:00,0.542245846,0.178227591
02/10/2019 05:00,0.513938079,0.168923278
02/10/2019 06:00,0.472792402,0.155399348
02/10/2019 07:00,0.390854532,0.128467672
02/10/2019 08:00,0.295425619,0.097101705
02/10/2019 09:00,0.184567041,0.060664253
02/10/2019 10:00,0.009916364,0.003259351
02/10/2019 11:00,0.052156195,0.017142912
02/10/2019 12:00,0.174110043,0.057227204
02/10/2019 13:00,0.297201089,0.097685274
02/10/2019 14:00,0.398973578,0.131136274
02/10/2019 15:00,0.496533972,0.163202824
02/10/2019 16:00,0.591281013,0.194344671
02/10/2019 17:00,0.641338894,0.2107979
02/10/2019 18:00,0.649595643,0.213511763
02/10/2019 19:00,0.640242109,0.210437405
02/10/2019 20:00,0.606617917,0.199385667
02/10/2019 21:00,0.573054521,0.188353912
02/10/2019 22:00,0.557538249,0.18325396
02/10/2019 23:00,0.544645921,0.179016457
02/11/2019 00:00,0.524493509,0.17239268
02/11/2019 01:00,0.493909578,0.162340228
02/11/2019 02:00,0.435275008,0.143067976
02/11/2019 03:00,0.374836569,0.123202822
02/11/2019 04:00,0.358696782,0.117897931
02/11/2019 05:00,0.37703668,0.123925964
02/11/2019 06:00,0.394973748,0.129821593
02/11/2019 07:00,0.365154039,0.120020329
02/11/2019 08:00,0.322070458,0.10585944
02/11/2019 09:00,0.32862396,0.108013472
02/11/2019 10:00,0.256218806,0.084215049
02/11/2019 11:00,0.185436638,0.060950075
02/11/2019 12:00,0.154575446,0.050806492
02/11/2019 13:00,0.129286453,0.042494402
02/11/2019 14:00,0.042996251,0.014132184
02/11/2019 15:00,0.02189683,0.00719714
02/11/2019 16:00,0.059847717,0.019670993
02/11/2019 17:00,0.105691153,0.034739002
02/11/2019 18:00,0.184790098,0.060737568
02/11/2019 19:00,0.252788896,0.083087692
02/11/2019 20:00,0.300735658,0.098847031
02/11/2019 21:00,0.414114914,0.13611299
02/11/2019 22:00,0.55898523,0.18372956
02/11/2019 23:00,0.637708736,0.209604725
02/12/2019 00:00,0.606962066,0.199498784
02/12/2019 01:00,0.569838554,0.187296875
02/12/2019 02:00,0.538095887,0.176863565
02/12/2019 03:00,0.532399625,0.174991295
02/12/2019 04:00,0.575065891,0.189015018
02/12/2019 05:00,0.616303763,0.202569251
02/12/2019 06:00,0.652574153,0.214490752
02/12/2019 07:00,0.681184721,0.223894591
02/12/2019 08:00,0.684168376,0.22487527
02/12/2019 09:00,0.691413995,0.22725679
02/12/2019 10:00,0.740404902,0.243359323
02/12/2019 11:00,0.812167852,0.266946664
02/12/2019 12:00,0.833831401,0.274067128
02/12/2019 13:00,0.9,0.295815695
02/12/2019 14:00,0.9,0.295815695
02/12/2019 15:00,0.9,0.295815695
02/12/2019 16:00,0.9,0.295815695
02/12/2019 17:00,0.9,0.295815695
02/12/2019 18:00,0.9,0.295815695
02/12/2019 19:00,0.9,0.295815695
02/12/2019 20:00,0.9,0.295815695
02/12/2019 21:00,0.9,0.295815695
02/12/2019 22:00,0.9,0.295815695
02/12/2019 23:00,0.9,0.295815695
2/13/2019 0:00,0.830478907,0.272965216
2/13/2019 1:00,0.638214759,0.209771047
2/13/2019 2:00,0.490851662,0.161335139
2/13/2019 3:00,0.42208638,0.138733084
2/13/2019 4:00,0.381310603,0.125330734
2/13/2019 5:00,0.402880001,0.132420253
2/13/2019 6:00,0.448468194,0.147404367
2/13/2019 7:00,0.525064224,0.172580265
2/13/2019 8:00,0.521043582,0.171258743
2/13/2019 9:00,0.550281777,0.180868873
2/13/2019 10:00,0.573867308,0.188621063
2/13/2019 11:00,0.600125458,0.197251699
2/13/2019 12:00,0.621053756,0.204130498
2/13/2019 13:00,0.654937772,0.215267636
2/13/2019 14:00,0.656492876,0.215778773
2/13/2019 15:00,0.661028451,0.217269545
2/13/2019 16:00,0.647563365,0.212843785
2/13/2019 17:00,0.647268884,0.212746994
2/13/2019 18:00,0.717076414,0.23569162
2/13/2019 19:00,0.756903404,0.248782118
2/13/2019 20:00,0.740180015,0.243285406
2/13/2019 21:00,0.733291304,0.241021196
2/13/2019 22:00,0.748625968,0.246061456
2/13/2019 23:00,0.788995602,0.259330313
2/14/2019 0:00,0.80671427,0.265154158
2/14/2019 1:00,0.837962769,0.275425043
2/14/2019 2:00,0.871374265,0.286406871
2/14/2019 3:00,0.888391773,0.292000255
2/14/2019 4:00,0.855351992,0.281140604
2/14/2019 5:00,0.792439417,0.260462241
2/14/2019 6:00,0.731663196,0.240486063
2/14/2019 7:00,0.647534658,0.21283435
2/14/2019 8:00,0.56956826,0.187208034
2/14/2019 9:00,0.505184827,0.166046223
2/14/2019 10:00,0.460333352,0.151304256
2/14/2019 11:00,0.435005419,0.142979367
2/14/2019 12:00,0.461725911,0.151761968
2/14/2019 13:00,0.491738333,0.161626574
2/14/2019 14:00,0.538362838,0.176951308
2/14/2019 15:00,0.537731589,0.176743826
2/14/2019 16:00,0.46370166,0.152411365
2/14/2019 17:00,0.405943128,0.133427054
2/14/2019 18:00,0.430239107,0.141412756
2/14/2019 19:00,0.405776955,0.133372435
2/14/2019 20:00,0.421449346,0.138523701
2/14/2019 21:00,0.460219596,0.151266866
2/14/2019 22:00,0.483853213,0.15903486
2/14/2019 23:00,0.469522819,0.154324688
2/15/2019 0:00,0.428597902,0.140873318
2/15/2019 1:00,0.384884167,0.126505308
2/15/2019 2:00,0.334228089,0.109855461
2/15/2019 3:00,0.315595765,0.103731312
2/15/2019 4:00,0.306244386,0.100657662
2/15/2019 5:00,0.340928665,0.112057833
2/15/2019 6:00,0.404711102,0.133022106
2/15/2019 7:00,0.470149632,0.154530711
2/15/2019 8:00,0.521248886,0.171326224
2/15/2019 9:00,0.555653488,0.182634469
2/15/2019 10:00,0.552543116,0.18161214
2/15/2019 11:00,0.606712896,0.199416885
2/15/2019 12:00,0.658218084,0.216345822
2/15/2019 13:00,0.662737364,0.217831238
2/15/2019 14:00,0.632815927,0.207996537
2/15/2019 15:00,0.624114978,0.205136673
2/15/2019 16:00,0.58865844,0.193482673
2/15/2019 17:00,0.593993656,0.195236273
2/15/2019 18:00,0.613949054,0.201795295
2/15/2019 19:00,0.609110312,0.200204878
2/15/2019 20:00,0.579591312,0.190502452
2/15/2019 21:00,0.516690087,0.169827819
2/15/2019 22:00,0.378083439,0.124270017
2/15/2019 23:00,0.296043996,0.097304956
2/16/2019 0:00,0.17499656,0.057518588
2/16/2019 1:00,0.102250897,0.033608245
2/16/2019 2:00,0.058844345,0.019341201
2/16/2019 3:00,0.073691645,0.024221273
2/16/2019 4:00,0.179583627,0.059026284
2/16/2019 5:00,0.193571395,0.063623841
2/16/2019 6:00,0.092868542,0.030524414
2/16/2019 7:00,0.031231323,0.010265239
2/16/2019 8:00,0.00840864,0.002763786
2/16/2019 9:00,0.082691894,0.027179511
2/16/2019 10:00,0.206759734,0.067958638
2/16/2019 11:00,0.259369266,0.085250555
2/16/2019 12:00,0.278625802,0.091579872
2/16/2019 13:00,0.265180949,0.087160763
2/16/2019 14:00,0.262431211,0.086256968
2/16/2019 15:00,0.227791505,0.074871447
2/16/2019 16:00,0.18057487,0.059352089
2/16/2019 17:00,0.163105397,0.053610151
2/16/2019 18:00,0.231684187,0.07615091
2/16/2019 19:00,0.27494428,0.090369815
2/16/2019 20:00,0.31991876,0.105152211
2/16/2019 21:00,0.373184352,0.122659765
2/16/2019 22:00,0.454400658,0.149354274
2/16/2019 23:00,0.459250283,0.150948268
2/17/2019 0:00,0.455511074,0.14971925
2/17/2019 1:00,0.477954594,0.157096078
2/17/2019 2:00,0.542716988,0.178382448
2/17/2019 3:00,0.523607884,0.172101589
2/17/2019 4:00,0.560694943,0.184291516
2/17/2019 5:00,0.610198387,0.200562511
2/17/2019 6:00,0.651126452,0.214014915
2/17/2019 7:00,0.704668193,0.231613234
2/17/2019 8:00,0.723276117,0.237729363
2/17/2019 9:00,0.728842312,0.239558883
2/17/2019 10:00,0.67783651,0.222794087
2/17/2019 11:00,0.754948589,0.248139602
2/17/2019 12:00,0.798319283,0.262394859
2/17/2019 13:00,0.854357224,0.28081364
2/17/2019 14:00,0.9,0.295815695
2/17/2019 15:00,0.9,0.295815695
2/17/2019 16:00,0.844430716,0.277550954
2/17/2019 17:00,0.684531152,0.224994509
2/17/2019 18:00,0.565444778,0.185852711
2/17/2019 19:00,0.540367991,0.17761037
2/17/2019 20:00,0.548232257,0.180195229
2/17/2019 21:00,0.584301795,0.192050713
2/17/2019 22:00,0.663233912,0.217994445
2/17/2019 23:00,0.683341318,0.22460343
2/18/2019 0:00,0.702514532,0.23090536
2/18/2019 1:00,0.688524889,0.226307187
2/18/2019 2:00,0.637707797,0.209604417
2/18/2019 3:00,0.623306689,0.204871001
2/18/2019 4:00,0.665810244,0.218841244
2/18/2019 5:00,0.695285535,0.228529304
2/18/2019 6:00,0.667925811,0.219536597
2/18/2019 7:00,0.649986577,0.213640257
2/18/2019 8:00,0.678041327,0.222861407
2/18/2019 9:00,0.711955495,0.234008455
2/18/2019 10:00,0.730652609,0.240153899
2/18/2019 11:00,0.754341628,0.247940103
2/18/2019 12:00,0.787341835,0.258786747
2/18/2019 13:00,0.790326609,0.259767794
2/18/2019 14:00,0.775886991,0.255021721
2/18/2019 15:00,0.758964941,0.249459713
2/18/2019 16:00,0.736248553,0.241993197
2/18/2019 17:00,0.723532745,0.237813713
2/18/2019 18:00,0.713686288,0.234577339
2/18/2019 19:00,0.666489302,0.21906444
2/18/2019 20:00,0.599225203,0.1969558
2/18/2019 21:00,0.591324992,0.194359126
2/18/2019 22:00,0.629566907,0.206928635
2/18/2019 23:00,0.673338334,0.221315608
2/19/2019 0:00,0.744074718,0.244565533
2/19/2019 1:00,0.781279707,0.256794221
2/19/2019 2:00,0.797693843,0.262189287
2/19/2019 3:00,0.771453843,0.253564616
2/19/2019 4:00,0.678111643,0.222884519
2/19/2019 5:00,0.602577464,0.198057634
2/19/2019 6:00,0.554034752,0.182102417
2/19/2019 7:00,0.520758998,0.171165205
2/19/2019 8:00,0.465808194,0.153103749
2/19/2019 9:00,0.422317162,0.138808939
2/19/2019 10:00,0.418137128,0.137435028
2/19/2019 11:00,0.366402339,0.120430625
2/19/2019 12:00,0.298561131,0.098132298
2/19/2019 13:00,0.222737373,0.073210234
2/19/2019 14:00,0.144492495,0.047492386
2/19/2019 15:00,0.068236386,0.022428216
2/19/2019 16:00,0,0
2/19/2019 17:00,0,0
2/19/2019 18:00,0,0
2/19/2019 19:00,0.034405155,0.011308427
2/19/2019 20:00,0.133636382,0.043924155
2/19/2019 21:00,0.242046387,0.0795568
2/19/2019 22:00,0.358818662,0.117937991
2/19/2019 23:00,0.455236234,0.149628914
2/20/2019 0:00,0.534933781,0.175824231
2/20/2019 1:00,0.590311553,0.194026025
2/20/2019 2:00,0.583893042,0.191916362
2/20/2019 3:00,0.631161222,0.207452662
2/20/2019 4:00,0.661494853,0.217422844
2/20/2019 5:00,0.609269911,0.200257336
2/20/2019 6:00,0.561749423,0.184638106
2/20/2019 7:00,0.543425057,0.178615179
2/20/2019 8:00,0.563293129,0.185145498
2/20/2019 9:00,0.580815189,0.190904721
2/20/2019 10:00,0.592422323,0.194719801
2/20/2019 11:00,0.652456784,0.214452174
2/20/2019 12:00,0.650032935,0.213655493
2/20/2019 13:00,0.636338886,0.209154477
2/20/2019 14:00,0.627694368,0.206313162
2/20/2019 15:00,0.634389782,0.208513838
2/20/2019 16:00,0.636895139,0.209337309
2/20/2019 17:00,0.637045449,0.209386713
2/20/2019 18:00,0.634979609,0.208707705
2/20/2019 19:00,0.612160893,0.201207555
2/20/2019 20:00,0.564099633,0.185410583
2/20/2019 21:00,0.542809821,0.17841296
2/20/2019 22:00,0.458351286,0.150652782
2/20/2019 23:00,0.458252763,0.150620399
2/21/2019 0:00,0.412592197,0.135612497
2/21/2019 1:00,0.320219224,0.105250969
2/21/2019 2:00,0.250765851,0.082422749
2/21/2019 3:00,0.248173694,0.081570749
2/21/2019 4:00,0.267867406,0.088043759
2/21/2019 5:00,0.306646779,0.100789922
2/21/2019 6:00,0.390003317,0.128187891
2/21/2019 7:00,0.444111049,0.145972243
2/21/2019 8:00,0.470092581,0.154511959
2/21/2019 9:00,0.464331795,0.15261848
2/21/2019 10:00,0.433308635,0.142421661
2/21/2019 11:00,0.405917894,0.13341876
2/21/2019 12:00,0.410390527,0.134888843
2/21/2019 13:00,0.403712377,0.132693841
2/21/2019 14:00,0.355811818,0.116949689
2/21/2019 15:00,0.323109526,0.106200965
2/21/2019 16:00,0.318725944,0.104760152
2/21/2019 17:00,0.330649584,0.108679263
2/21/2019 18:00,0.36824092,0.121034937
2/21/2019 19:00,0.407328359,0.133882357
2/21/2019 20:00,0.404602949,0.132986558
2/21/2019 21:00,0.376378574,0.123709655
2/21/2019 22:00,0.331064373,0.108815597
2/21/2019 23:00,0.319689499,0.105076857
2/22/2019 0:00,0.304497996,0.100083651
2/22/2019 1:00,0.242195192,0.07960571
2/22/2019 2:00,0.297375797,0.097742698
2/22/2019 3:00,0.412462449,0.135569851
2/22/2019 4:00,0.471483797,0.15496923
2/22/2019 5:00,0.471799164,0.155072886
2/22/2019 6:00,0.48199916,0.158425463
2/22/2019 7:00,0.571904097,0.187975786
2/22/2019 8:00,0.605376797,0.198977731
2/22/2019 9:00,0.573564217,0.188521442
2/22/2019 10:00,0.537285569,0.176597226
2/22/2019 11:00,0.602323964,0.197974313
2/22/2019 12:00,0.632268402,0.207816574
2/22/2019 13:00,0.621364659,0.204232687
2/22/2019 14:00,0.607580103,0.199701922
2/22/2019 15:00,0.580801135,0.190900101
2/22/2019 16:00,0.586243052,0.192688773
2/22/2019 17:00,0.571593873,0.187873821
2/22/2019 18:00,0.584940841,0.192260757
2/22/2019 19:00,0.679316291,0.223280467
2/22/2019 20:00,0.75981877,0.249740353
2/22/2019 21:00,0.771378926,0.253539992
2/22/2019 22:00,0.796296868,0.261730124
2/22/2019 23:00,0.794332841,0.261084579
2/23/2019 0:00,0.795617924,0.261506965
2/23/2019 1:00,0.812871588,0.26717797
2/23/2019 2:00,0.834203226,0.274189341
2/23/2019 3:00,0.828503135,0.272315812
2/23/2019 4:00,0.820040071,0.269534137
2/23/2019 5:00,0.810668102,0.26645372
2/23/2019 6:00,0.791418395,0.260126647
2/23/2019 7:00,0.819235433,0.269269665
2/23/2019 8:00,0.821349837,0.269964636
2/23/2019 9:00,0.817340086,0.268646695
2/23/2019 10:00,0.786595054,0.258541291
2/23/2019 11:00,0.787269723,0.258763044
2/23/2019 12:00,0.779979992,0.256367026
2/23/2019 13:00,0.738486491,0.242728772
2/23/2019 14:00,0.694245805,0.228187561
2/23/2019 15:00,0.660228701,0.21700668
2/23/2019 16:00,0.613879156,0.201772321
2/23/2019 17:00,0.588587183,0.193459252
2/23/2019 18:00,0.565398596,0.185837532
2/23/2019 19:00,0.60267879,0.198090939
2/23/2019 20:00,0.596115015,0.19593353
2/23/2019 21:00,0.625272869,0.205517254
2/23/2019 22:00,0.602158327,0.197919871
2/23/2019 23:00,0.583296397,0.191720254
2/24/2019 0:00,0.53633334,0.176284244
2/24/2019 1:00,0.485053575,0.1594294
2/24/2019 2:00,0.444898517,0.146231071
2/24/2019 3:00,0.413928571,0.136051742
2/24/2019 4:00,0.401510338,0.131970066
2/24/2019 5:00,0.347326562,0.11416072
2/24/2019 6:00,0.271091189,0.089103365
2/24/2019 7:00,0.225391624,0.074082644
2/24/2019 8:00,0.138948825,0.04567027
2/24/2019 9:00,0.133351703,0.043830585
2/24/2019 10:00,0.24720507,0.081252377
2/24/2019 11:00,0.326629239,0.107357839
2/24/2019 12:00,0.413727781,0.135985746
2/24/2019 13:00,0.520867243,0.171200784
2/24/2019 14:00,0.602251442,0.197950476
2/24/2019 15:00,0.606283196,0.19927565
2/24/2019 16:00,0.60247621,0.198024354
2/24/2019 17:00,0.606238731,0.199261035
2/24/2019 18:00,0.606917491,0.199484133
2/24/2019 19:00,0.595350306,0.195682183
2/24/2019 20:00,0.56370651,0.18528137
2/24/2019 21:00,0.534658213,0.175733656
2/24/2019 22:00,0.393378963,0.129297413
2/24/2019 23:00,0.307221727,0.100978898
2/25/2019 0:00,0.279385177,0.091829467
2/25/2019 1:00,0.226929518,0.074588126
2/25/2019 2:00,0.229063589,0.075289561
2/25/2019 3:00,0.247819261,0.081454252
2/25/2019 4:00,0.238301352,0.078325867
2/25/2019 5:00,0.218059316,0.071672631
2/25/2019 6:00,0.225736471,0.07419599
2/25/2019 7:00,0.192937808,0.063415591
2/25/2019 8:00,0.144222163,0.047403533
2/25/2019 9:00,0.089073282,0.029276972
2/25/2019 10:00,0.010968465,0.00360516
2/25/2019 11:00,0,0
2/25/2019 12:00,0,0
2/25/2019 13:00,0.00269472,0.000885712
2/25/2019 14:00,0.078870608,0.025923515
2/25/2019 15:00,0.104780128,0.034439563
2/25/2019 16:00,0.183095897,0.060180711
2/25/2019 17:00,0.321852937,0.105787944
2/25/2019 18:00,0.5016413,0.164881522
2/25/2019 19:00,0.604139519,0.198571057
2/25/2019 20:00,0.643534842,0.211519674
2/25/2019 21:00,0.631245986,0.207480522
2/25/2019 22:00,0.591585319,0.194444691
2/25/2019 23:00,0.597838083,0.196499875
2/26/2019 0:00,0.549811765,0.180714388
2/26/2019 1:00,0.500250205,0.164424291
2/26/2019 2:00,0.454754514,0.14947058
2/26/2019 3:00,0.438243916,0.144043809
2/26/2019 4:00,0.450552056,0.148089299
2/26/2019 5:00,0.517462612,0.170081735
2/26/2019 6:00,0.560554096,0.184245222
2/26/2019 7:00,0.539432575,0.177302913
2/26/2019 8:00,0.522683727,0.171797833
2/26/2019 9:00,0.491860738,0.161666806
2/26/2019 10:00,0.443628788,0.145813731
2/26/2019 11:00,0.390669446,0.128406837
2/26/2019 12:00,0.365030867,0.119979844
2/26/2019 13:00,0.308466789,0.101388131
2/26/2019 14:00,0.246214842,0.080926905
2/26/2019 15:00,0.194566813,0.063951019
2/26/2019 16:00,0.131934856,0.04336489
2/26/2019 17:00,0.062676153,0.020600655
2/26/2019 18:00,0.013533156,0.004448133
2/26/2019 19:00,0,0
2/26/2019 20:00,0.022297866,0.007328954
2/26/2019 21:00,0.092622021,0.030443386
2/26/2019 22:00,0.169270966,0.055636676
2/26/2019 23:00,0.193634962,0.063644734
2/27/2019 0:00,0.180383038,0.059289037
2/27/2019 1:00,0.076677921,0.025202814
2/27/2019 2:00,0,0
2/27/2019 3:00,0,0
2/27/2019 4:00,0,0
2/27/2019 5:00,0,0
2/27/2019 6:00,0,0
2/27/2019 7:00,0,0
2/27/2019 8:00,0,0
2/27/2019 9:00,0,0
2/27/2019 10:00,0,0
2/27/2019 11:00,0,0
2/27/2019 12:00,0,0
2/27/2019 13:00,0.045864002,0.015074769
2/27/2019 14:00,0.070499977,0.023172222
2/27/2019 15:00,0.079839524,0.026241982
2/27/2019 16:00,0.068691492,0.022577802
2/27/2019 17:00,0.052269919,0.017180292
2/27/2019 18:00,0.072239041,0.023743824
2/27/2019 19:00,0.097820447,0.032152026
2/27/2019 20:00,0.096628771,0.031760341
2/27/2019 21:00,0.089128471,0.029295112
2/27/2019 22:00,0.070968706,0.023326286
2/27/2019 23:00,0.076901146,0.025276184
2/28/2019 0:00,0.102182178,0.033585658
2/28/2019 1:00,0.097850278,0.032161831
2/28/2019 2:00,0.085889341,0.028230461
2/28/2019 3:00,0.091480742,0.030068266
2/28/2019 4:00,0.118715146,0.039019781
2/28/2019 5:00,0.128569983,0.04225891
2/28/2019 6:00,0.127238302,0.041821207
2/28/2019 7:00,0.123623132,0.040632959
2/28/2019 8:00,0.112889889,0.037105112
2/28/2019 9:00,0.092422818,0.030377911
2/28/2019 10:00,0.116110864,0.038163795
2/28/2019 11:00,0.095665956,0.031443879
2/28/2019 12:00,0.053344623,0.01753353
2/28/2019 13:00,0.019276413,0.006335851
2/28/2019 14:00,0.018912427,0.006216214
2/28/2019 15:00,0.035883871,0.011794458
2/28/2019 16:00,0.055965433,0.018394948
2/28/2019 17:00,0.069328431,0.022787153
2/28/2019 18:00,0.052555595,0.017274189
2/28/2019 19:00,0.042761364,0.014054981
2/28/2019 20:00,0.026051313,0.008562652
2/28/2019 21:00,0,0
2/28/2019 22:00,0.055001049,0.01807797
2/28/2019 23:00,0.063216018,0.0207781
03/01/2019 00:00,0.064879211,0.021324765
03/01/2019 01:00,0.070493761,0.023170179
03/01/2019 02:00,0.046364363,0.015239229
03/01/2019 03:00,0.000605962,0.00019917
03/01/2019 04:00,0,0
03/01/2019 05:00,0,0
03/01/2019 06:00,0.051432673,0.016905102
03/01/2019 07:00,0.138695727,0.045587081
03/01/2019 08:00,0.225880787,0.074243424
03/01/2019 09:00,0.305724986,0.100486943
03/01/2019 10:00,0.312242592,0.102629177
03/01/2019 11:00,0.335478283,0.110266379
03/01/2019 12:00,0.366901034,0.120594538
03/01/2019 13:00,0.378518026,0.124412859
03/01/2019 14:00,0.390650491,0.128400607
03/01/2019 15:00,0.39132163,0.1286212
03/01/2019 16:00,0.415500758,0.136568495
03/01/2019 17:00,0.41029938,0.134858885
03/01/2019 18:00,0.398455355,0.130965942
03/01/2019 19:00,0.382622329,0.125761878
03/01/2019 20:00,0.391921195,0.128818267
03/01/2019 21:00,0.383314628,0.125989425
03/01/2019 22:00,0.33262612,0.109328919
03/01/2019 23:00,0.327126457,0.107521267
03/02/2019 00:00,0.317851207,0.10447264
03/02/2019 01:00,0.317131926,0.104236223
03/02/2019 02:00,0.25524605,0.083895319
03/02/2019 03:00,0.25057873,0.082361246
03/02/2019 04:00,0.255577285,0.084004191
03/02/2019 05:00,0.251505678,0.082665919
03/02/2019 06:00,0.237798345,0.078160536
03/02/2019 07:00,0.249197576,0.081907282
03/02/2019 08:00,0.249406071,0.081975811
03/02/2019 09:00,0.301642027,0.09914494
03/02/2019 10:00,0.268752417,0.088334648
03/02/2019 11:00,0.27573505,0.090629728
03/02/2019 12:00,0.30783415,0.101180192
03/02/2019 13:00,0.332596632,0.109319226
03/02/2019 14:00,0.463635973,0.152389775
03/02/2019 15:00,0.638804641,0.209964932
03/02/2019 16:00,0.710760583,0.233615706
03/02/2019 17:00,0.732083287,0.24062414
03/02/2019 18:00,0.827045166,0.2718366
03/02/2019 19:00,0.795380985,0.261429087
03/02/2019 20:00,0.716900413,0.235633771
03/02/2019 21:00,0.559370354,0.183856144
03/02/2019 22:00,0.506205646,0.16638175
03/02/2019 23:00,0.632626985,0.207934434
03/03/2019 00:00,0.709238915,0.233115558
03/03/2019 01:00,0.758371857,0.249264775
03/03/2019 02:00,0.745004315,0.244871077
03/03/2019 03:00,0.770200046,0.253152513
03/03/2019 04:00,0.765652856,0.251657924
03/03/2019 05:00,0.793053197,0.26066398
03/03/2019 06:00,0.899002743,0.295487912
03/03/2019 07:00,0.9,0.295815695
03/03/2019 08:00,0.884367771,0.29067763
03/03/2019 09:00,0.896037697,0.294513349
03/03/2019 10:00,0.897669059,0.295049552
03/03/2019 11:00,0.9,0.295815695
03/03/2019 12:00,0.882497766,0.290062988
03/03/2019 13:00,0.857594226,0.281877591
03/03/2019 14:00,0.813393206,0.267349418
03/03/2019 15:00,0.707617631,0.232582668
03/03/2019 16:00,0.547041726,0.17980392
03/03/2019 17:00,0.409835605,0.134706449
03/03/2019 18:00,0.358883504,0.117959303
03/03/2019 19:00,0.326131607,0.107194275
03/03/2019 20:00,0.298899182,0.09824341
03/03/2019 21:00,0.292391579,0.096104464
03/03/2019 22:00,0.257547258,0.08465169
03/03/2019 23:00,0.216220444,0.071068223
03/04/2019 00:00,0.194493883,0.063927048
03/04/2019 01:00,0.189683405,0.06234592
03/04/2019 02:00,0.185773462,0.061060784
03/04/2019 03:00,0.170271635,0.05596558
03/04/2019 04:00,0.173800558,0.057125481
03/04/2019 05:00,0.204756136,0.067300087
03/04/2019 06:00,0.243788924,0.080129544
03/04/2019 07:00,0.279403752,0.091835572
03/04/2019 08:00,0.309372686,0.101685884
03/04/2019 09:00,0.336009672,0.110441038
03/04/2019 10:00,0.398717752,0.131052188
03/04/2019 11:00,0.390005181,0.128188504
03/04/2019 12:00,0.411819671,0.13535858
03/04/2019 13:00,0.390012923,0.128191049
03/04/2019 14:00,0.386863011,0.127155723
03/04/2019 15:00,0.420463405,0.138199638
03/04/2019 16:00,0.484235577,0.159160537
03/04/2019 17:00,0.570429254,0.187491029
03/04/2019 18:00,0.626075059,0.20578092
03/04/2019 19:00,0.620801018,0.204047427
03/04/2019 20:00,0.600981266,0.19753299
03/04/2019 21:00,0.555477209,0.182576529
03/04/2019 22:00,0.504093626,0.165687562
03/04/2019 23:00,0.446558663,0.146776735
03/05/2019 00:00,0.39679545,0.130420357
03/05/2019 01:00,0.391793494,0.128776294
03/05/2019 02:00,0.37809542,0.124273955
03/05/2019 03:00,0.349297416,0.114808509
03/05/2019 04:00,0.284639409,0.093556449
03/05/2019 05:00,0.216491468,0.071157304
03/05/2019 06:00,0.159398493,0.052391751
03/05/2019 07:00,0.089019347,0.029259245
03/05/2019 08:00,0.015990635,0.005255868
03/05/2019 09:00,0,0
03/05/2019 10:00,0,0
03/05/2019 11:00,0,0
03/05/2019 12:00,0,0
03/05/2019 13:00,0,0
03/05/2019 14:00,0.053567761,0.017606872
03/05/2019 15:00,0.098732953,0.032451952
03/05/2019 16:00,0.128907866,0.042369967
03/05/2019 17:00,0.144094561,0.047361592
03/05/2019 18:00,0.155729396,0.051185777
03/05/2019 19:00,0.166390944,0.054690058
03/05/2019 20:00,0.183513438,0.06031795
03/05/2019 21:00,0.195752586,0.064340764
03/05/2019 22:00,0.234620119,0.077115904
03/05/2019 23:00,0.230294119,0.075694016
03/06/2019 00:00,0.243716218,0.080105647
03/06/2019 01:00,0.231099985,0.075958892
03/06/2019 02:00,0.239234447,0.07863256
03/06/2019 03:00,0.259016397,0.085134573
03/06/2019 04:00,0.251823591,0.082770412
03/06/2019 05:00,0.23842754,0.078367343
03/06/2019 06:00,0.261556434,0.085969443
03/06/2019 07:00,0.299613227,0.098478105
03/06/2019 08:00,0.342901019,0.112706115
03/06/2019 09:00,0.386752428,0.127119376
03/06/2019 10:00,0.36634294,0.120411101
03/06/2019 11:00,0.439795557,0.144553809
03/06/2019 12:00,0.514613215,0.169145184
03/06/2019 13:00,0.557920668,0.183379656
03/06/2019 14:00,0.58167061,0.191185884
03/06/2019 15:00,0.609909981,0.200467717
03/06/2019 16:00,0.617147531,0.202846584
03/06/2019 17:00,0.633199023,0.208122454
03/06/2019 18:00,0.672797618,0.221137883
03/06/2019 19:00,0.674826492,0.221804742
03/06/2019 20:00,0.686692194,0.225704809
03/06/2019 21:00,0.634868903,0.208671317
03/06/2019 22:00,0.569354865,0.187137894
03/06/2019 23:00,0.627106793,0.206120035
03/07/2019 00:00,0.663699817,0.218147581
03/07/2019 01:00,0.656297783,0.215714649
03/07/2019 02:00,0.665452563,0.21872368
03/07/2019 03:00,0.689373776,0.226586203
03/07/2019 04:00,0.710027577,0.233374779
03/07/2019 05:00,0.721678509,0.237204255
03/07/2019 06:00,0.752178076,0.247228978
03/07/2019 07:00,0.821197283,0.269914494
03/07/2019 08:00,0.884413337,0.290692606
03/07/2019 09:00,0.9,0.295815695
03/07/2019 10:00,0.9,0.295815695
03/07/2019 11:00,0.9,0.295815695
03/07/2019 12:00,0.9,0.295815695
03/07/2019 13:00,0.9,0.295815695
03/07/2019 14:00,0.871654688,0.286499041
03/07/2019 15:00,0.864753206,0.284230634
03/07/2019 16:00,0.869474797,0.285782545
03/07/2019 17:00,0.837233012,0.275185183
03/07/2019 18:00,0.806145671,0.264967269
03/07/2019 19:00,0.77459781,0.254597988
03/07/2019 20:00,0.709031756,0.233047468
03/07/2019 21:00,0.62911288,0.206779404
03/07/2019 22:00,0.563151556,0.185098965
03/07/2019 23:00,0.521718886,0.171480705
03/08/2019 00:00,0.489142521,0.160773372
03/08/2019 01:00,0.429903639,0.141302493
03/08/2019 02:00,0.380130748,0.124942935
03/08/2019 03:00,0.329952365,0.108450098
03/08/2019 04:00,0.277177596,0.09110387
03/08/2019 05:00,0.221521214,0.072810502
03/08/2019 06:00,0.138864921,0.045642692
03/08/2019 07:00,0.0168212,0.005528861
03/08/2019 08:00,0,0
03/08/2019 09:00,0.070243116,0.023087796
03/08/2019 10:00,0.219993572,0.07230839
03/08/2019 11:00,0.316377665,0.10398831
03/08/2019 12:00,0.420064777,0.138068615
03/08/2019 13:00,0.472224992,0.155212849
03/08/2019 14:00,0.500364808,0.164461959
03/08/2019 15:00,0.5217821,0.171501483
03/08/2019 16:00,0.512621799,0.168490637
03/08/2019 17:00,0.460707357,0.151427186
03/08/2019 18:00,0.40915981,0.134484326
03/08/2019 19:00,0.367681383,0.120851026
03/08/2019 20:00,0.407381696,0.133899888
03/08/2019 21:00,0.410856377,0.13504196
03/08/2019 22:00,0.482272989,0.158515466
03/08/2019 23:00,0.434183378,0.142709175
03/09/2019 00:00,0.61828994,0.203222076
03/09/2019 01:00,0.9,0.295815695
03/09/2019 02:00,0.9,0.295815695
03/09/2019 03:00,0.9,0.295815695
03/09/2019 04:00,0.9,0.295815695
03/09/2019 05:00,0.9,0.295815695
03/09/2019 06:00,0.9,0.295815695
03/09/2019 07:00,0.9,0.295815695
03/09/2019 08:00,0.9,0.295815695
03/09/2019 09:00,0.9,0.295815695
03/09/2019 10:00,0.9,0.295815695
03/09/2019 11:00,0.9,0.295815695
03/09/2019 12:00,0.9,0.295815695
03/09/2019 13:00,0.854732261,0.280936908
03/09/2019 14:00,0.817369767,0.268656451
03/09/2019 15:00,0.885318405,0.290990088
03/09/2019 16:00,0.9,0.295815695
03/09/2019 17:00,0.864925245,0.28428718
03/09/2019 18:00,0.814913814,0.267849218
03/09/2019 19:00,0.743855563,0.2444935
03/09/2019 20:00,0.656900597,0.215912785
03/09/2019 21:00,0.613269037,0.201571785
03/09/2019 22:00,0.506189867,0.166376563
03/09/2019 23:00,0.54423088,0.17888004
03/10/2019 00:00,0.437797523,0.143897087
03/10/2019 01:00,0.4318508,0.141942494
03/10/2019 02:00,0.520438575,0.171059887
03/10/2019 03:00,0.532121073,0.174899739
03/10/2019 04:00,0.378011111,0.124246244
03/10/2019 05:00,0.282914841,0.092989611
03/10/2019 06:00,0.225606085,0.074153134
03/10/2019 07:00,0.175622567,0.057724346
03/10/2019 08:00,0.158965458,0.052249419
03/10/2019 09:00,0.141552421,0.046526031
03/10/2019 10:00,0.083577068,0.027470454
03/10/2019 11:00,0.054887737,0.018040727
03/10/2019 12:00,0.069342751,0.02279186
03/10/2019 13:00,0.157825961,0.051874885
03/10/2019 14:00,0.213417797,0.070147038
03/10/2019 15:00,0.172388736,0.056661438
03/10/2019 16:00,0.114286764,0.037564243
03/10/2019 17:00,0.065557483,0.021547703
03/10/2019 18:00,0.092469903,0.030393387
03/10/2019 19:00,0.147206494,0.048384435
03/10/2019 20:00,0.177823481,0.058447752
03/10/2019 21:00,0.174173498,0.05724806
03/10/2019 22:00,0.233696853,0.076812441
03/10/2019 23:00,0.336059008,0.110457254
03/11/2019 00:00,0.333707483,0.109684345
03/11/2019 01:00,0.287910474,0.094631596
03/11/2019 02:00,0.317274168,0.104282976
03/11/2019 03:00,0.409885808,0.13472295
03/11/2019 04:00,0.459884086,0.151156589
03/11/2019 05:00,0.486241141,0.159819734
03/11/2019 06:00,0.536561539,0.176359249
03/11/2019 07:00,0.595470185,0.195721585
03/11/2019 08:00,0.61400853,0.201814844
03/11/2019 09:00,0.617097946,0.202830286
03/11/2019 10:00,0.624004355,0.205100313
03/11/2019 11:00,0.686896744,0.225772042
03/11/2019 12:00,0.676586713,0.222383298
03/11/2019 13:00,0.68169298,0.224061647
03/11/2019 14:00,0.622866723,0.204726391
03/11/2019 15:00,0.549592385,0.180642281
03/11/2019 16:00,0.497042652,0.163370019
03/11/2019 17:00,0.424693937,0.139590147
03/11/2019 18:00,0.435244916,0.143058086
03/11/2019 19:00,0.503868126,0.165613444
03/11/2019 20:00,0.636582637,0.209234594
03/11/2019 21:00,0.771625327,0.25362098
03/11/2019 22:00,0.9,0.295815695
03/11/2019 23:00,0.9,0.295815695
03/12/2019 00:00,0.9,0.295815695
03/12/2019 01:00,0.9,0.295815695
03/12/2019 02:00,0.9,0.295815695
03/12/2019 03:00,0.9,0.295815695
03/12/2019 04:00,0.810390417,0.266362449
03/12/2019 05:00,0.617820058,0.203067633
03/12/2019 06:00,0.56974137,0.187264932
03/12/2019 07:00,0.584709479,0.192184712
03/12/2019 08:00,0.631821222,0.207669593
03/12/2019 09:00,0.669200669,0.219955623
03/12/2019 10:00,0.681519855,0.224004744
03/12/2019 11:00,0.669073213,0.21991373
03/12/2019 12:00,0.667097136,0.219264225
03/12/2019 13:00,0.687453264,0.225954961
03/12/2019 14:00,0.708251438,0.23279099
03/12/2019 15:00,0.792456595,0.260467887
03/12/2019 16:00,0.868768153,0.285550283
03/12/2019 17:00,0.892613836,0.29338798
03/12/2019 18:00,0.9,0.295815695
03/12/2019 19:00,0.9,0.295815695
03/12/2019 20:00,0.745912192,0.245169482
03/12/2019 21:00,0.545201099,0.179198935
03/12/2019 22:00,0.303221364,0.099664043
03/12/2019 23:00,0.087035936,0.028607329
3/13/2019 0:00,0.10796462,0.035486254
3/13/2019 1:00,0.241858252,0.079494963
3/13/2019 2:00,0.34007981,0.111778828
3/13/2019 3:00,0.428650578,0.140890632
3/13/2019 4:00,0.546962422,0.179777854
3/13/2019 5:00,0.603090071,0.19822612
3/13/2019 6:00,0.670233194,0.220294998
3/13/2019 7:00,0.713292514,0.234447912
3/13/2019 8:00,0.642190967,0.211077963
3/13/2019 9:00,0.553697464,0.181991555
3/13/2019 10:00,0.545993796,0.179459482
3/13/2019 11:00,0.508700442,0.167201749
3/13/2019 12:00,0.487293467,0.160165617
3/13/2019 13:00,0.539095351,0.177192073
3/13/2019 14:00,0.58974602,0.193840143
3/13/2019 15:00,0.623556061,0.204952966
3/13/2019 16:00,0.614320818,0.201917488
3/13/2019 17:00,0.578217972,0.190051057
3/13/2019 18:00,0.528837329,0.173820424
3/13/2019 19:00,0.456437676,0.150023809
3/13/2019 20:00,0.399890753,0.131437734
3/13/2019 21:00,0.381596255,0.125424624
3/13/2019 22:00,0.296711759,0.097524439
3/13/2019 23:00,0.184149842,0.060527126
3/14/2019 0:00,0.278554347,0.091556386
3/14/2019 1:00,0.315124872,0.103576537
3/14/2019 2:00,0.238777669,0.078482424
3/14/2019 3:00,0.221151074,0.072688843
3/14/2019 4:00,0.280780338,0.092288034
3/14/2019 5:00,0.272952508,0.089715151
3/14/2019 6:00,0.260149988,0.085507166
3/14/2019 7:00,0.251323444,0.082606021
3/14/2019 8:00,0.218723617,0.071890976
3/14/2019 9:00,0.165128128,0.054274991
3/14/2019 10:00,0.148750441,0.048891906
3/14/2019 11:00,0.264187932,0.086834374
3/14/2019 12:00,0.40001742,0.131479368
3/14/2019 13:00,0.518541143,0.170436231
3/14/2019 14:00,0.558842094,0.183682514
3/14/2019 15:00,0.543591054,0.178669739
3/14/2019 16:00,0.501025972,0.164679273
3/14/2019 17:00,0.475952507,0.156438024
3/14/2019 18:00,0.452803909,0.148829447
3/14/2019 19:00,0.485576572,0.159601301
3/14/2019 20:00,0.517387836,0.170057158
3/14/2019 21:00,0.582987394,0.19161869
3/14/2019 22:00,0.636773372,0.209297286
3/14/2019 23:00,0.662739983,0.217832098
3/15/2019 0:00,0.729664029,0.239828968
3/15/2019 1:00,0.75937923,0.249595883
3/15/2019 2:00,0.636546395,0.209222682
3/15/2019 3:00,0.557743953,0.183321572
3/15/2019 4:00,0.48811727,0.160436388
3/15/2019 5:00,0.517619724,0.170133376
3/15/2019 6:00,0.514357325,0.169061077
3/15/2019 7:00,0.525816149,0.17282741
3/15/2019 8:00,0.580281125,0.190729182
3/15/2019 9:00,0.635934299,0.209021496
3/15/2019 10:00,0.751323455,0.246948077
3/15/2019 11:00,0.819731322,0.269432656
3/15/2019 12:00,0.802696296,0.263833514
3/15/2019 13:00,0.823932595,0.270813548
3/15/2019 14:00,0.830554547,0.272990078
3/15/2019 15:00,0.878494321,0.28874712
3/15/2019 16:00,0.880628052,0.289448443
3/15/2019 17:00,0.881433036,0.289713029
3/15/2019 18:00,0.875076785,0.28762383
3/15/2019 19:00,0.864475611,0.284139393
3/15/2019 20:00,0.87376273,0.287191921
3/15/2019 21:00,0.870380481,0.28608023
3/15/2019 22:00,0.8389765,0.27575824
3/15/2019 23:00,0.804070035,0.26428504
3/16/2019 0:00,0.770104938,0.253121252
3/16/2019 1:00,0.735225779,0.241657027
3/16/2019 2:00,0.69917412,0.22980742
3/16/2019 3:00,0.650876767,0.213932848
3/16/2019 4:00,0.579309073,0.190409684
3/16/2019 5:00,0.499088606,0.164042492
3/16/2019 6:00,0.405955876,0.133431244
3/16/2019 7:00,0.316992319,0.104190337
3/16/2019 8:00,0.259551405,0.085310421
3/16/2019 9:00,0.233564272,0.076768864
3/16/2019 10:00,0.225846322,0.074232096
3/16/2019 11:00,0.153111694,0.05032538
3/16/2019 12:00,0.09459497,0.031091863
3/16/2019 13:00,0.030204531,0.009927749
3/16/2019 14:00,0,0
3/16/2019 15:00,0,0
3/16/2019 16:00,0,0
3/16/2019 17:00,0.053883065,0.017710507
3/16/2019 18:00,0.100620969,0.033072513
3/16/2019 19:00,0.158328967,0.052040215
3/16/2019 20:00,0.19757613,0.064940133
3/16/2019 21:00,0.244077217,0.080224302
3/16/2019 22:00,0.258490524,0.084961727
3/16/2019 23:00,0.325686687,0.107048037
3/17/2019 0:00,0.392972294,0.129163747
3/17/2019 1:00,0.434524659,0.142821349
3/17/2019 2:00,0.460428257,0.15133545
3/17/2019 3:00,0.485764459,0.159663057
3/17/2019 4:00,0.536073611,0.176198875
3/17/2019 5:00,0.515445264,0.169418665
3/17/2019 6:00,0.499529161,0.164187295
3/17/2019 7:00,0.552632354,0.181641471
3/17/2019 8:00,0.671975101,0.220867535
3/17/2019 9:00,0.755837463,0.24843176
3/17/2019 10:00,0.895590503,0.294366363
3/17/2019 11:00,0.9,0.295815695
3/17/2019 12:00,0.9,0.295815695
3/17/2019 13:00,0.9,0.295815695
3/17/2019 14:00,0.9,0.295815695
3/17/2019 15:00,0.9,0.295815695
3/17/2019 16:00,0.9,0.295815695
3/17/2019 17:00,0.885606358,0.291084733
3/17/2019 18:00,0.85442035,0.280834388
3/17/2019 19:00,0.815351845,0.267993191
3/17/2019 20:00,0.782521025,0.257202223
3/17/2019 21:00,0.732428237,0.24073752
3/17/2019 22:00,0.705804429,0.231986697
3/17/2019 23:00,0.633142389,0.208103839
3/18/2019 0:00,0.560906541,0.184361065
3/18/2019 1:00,0.499014086,0.164017998
3/18/2019 2:00,0.44535685,0.146381718
3/18/2019 3:00,0.389867029,0.128143095
3/18/2019 4:00,0.331309988,0.108896327
3/18/2019 5:00,0.26583716,0.087376449
3/18/2019 6:00,0.189281649,0.062213869
3/18/2019 7:00,0.111729177,0.036723605
3/18/2019 8:00,0.051762355,0.017013463
3/18/2019 9:00,0.000433075,0.000142345
3/18/2019 10:00,0,0
3/18/2019 11:00,0,0
3/18/2019 12:00,0,0
3/18/2019 13:00,0,0
3/18/2019 14:00,0.036428427,0.011973445
3/18/2019 15:00,0.103016113,0.033859759
3/18/2019 16:00,0.128846219,0.042349704
3/18/2019 17:00,0.142327754,0.04678087
3/18/2019 18:00,0.195449445,0.064241126
3/18/2019 19:00,0.246876935,0.081144524
3/18/2019 20:00,0.312970275,0.102868355
3/18/2019 21:00,0.370691654,0.121840454
3/18/2019 22:00,0.434694013,0.142877013
3/18/2019 23:00,0.433704881,0.142551901
3/19/2019 0:00,0.418267322,0.13747782
3/19/2019 1:00,0.388307363,0.127630458
3/19/2019 2:00,0.361807173,0.118920267
3/19/2019 3:00,0.346685974,0.113950169
3/19/2019 4:00,0.356123063,0.11705199
3/19/2019 5:00,0.395610269,0.130030807
3/19/2019 6:00,0.432860319,0.142274307
3/19/2019 7:00,0.467502708,0.153660709
3/19/2019 8:00,0.482530591,0.158600136
3/19/2019 9:00,0.50642578,0.166454104
3/19/2019 10:00,0.506413176,0.166449962
3/19/2019 11:00,0.535346831,0.175959994
3/19/2019 12:00,0.570989512,0.187675177
3/19/2019 13:00,0.573384412,0.188462342
3/19/2019 14:00,0.609775545,0.200423529
3/19/2019 15:00,0.661381181,0.217385482
3/19/2019 16:00,0.728877612,0.239570486
3/19/2019 17:00,0.763928304,0.251091091
3/19/2019 18:00,0.741389561,0.243682964
3/19/2019 19:00,0.711634256,0.233902869
3/19/2019 20:00,0.676736449,0.222432514
3/19/2019 21:00,0.662004388,0.21759032
3/19/2019 22:00,0.629755343,0.206990571
3/19/2019 23:00,0.663466201,0.218070794
3/20/2019 0:00,0.665233568,0.2186517
3/20/2019 1:00,0.690807193,0.227057344
3/20/2019 2:00,0.68396292,0.22480774
3/20/2019 3:00,0.647554813,0.212840974
3/20/2019 4:00,0.616258602,0.202554407
3/20/2019 5:00,0.624499748,0.205263141
3/20/2019 6:00,0.589837354,0.193870163
3/20/2019 7:00,0.528675281,0.173767162
3/20/2019 8:00,0.50065006,0.164555717
3/20/2019 9:00,0.498508143,0.163851703
3/20/2019 10:00,0.516908918,0.169899745
3/20/2019 11:00,0.480036596,0.157780399
3/20/2019 12:00,0.486166979,0.159795359
3/20/2019 13:00,0.459726856,0.15110491
3/20/2019 14:00,0.464155924,0.152560674
3/20/2019 15:00,0.55091212,0.181076057
3/20/2019 16:00,0.697301814,0.229192023
3/20/2019 17:00,0.831691842,0.273363889
3/20/2019 18:00,0.9,0.295815695
3/20/2019 19:00,0.9,0.295815695
3/20/2019 20:00,0.9,0.295815695
3/20/2019 21:00,0.9,0.295815695
3/20/2019 22:00,0.866984492,0.284964022
3/20/2019 23:00,0.821291845,0.269945575
3/21/2019 0:00,0.801198619,0.263341251
3/21/2019 1:00,0.72463846,0.238177144
3/21/2019 2:00,0.559414137,0.183870535
3/21/2019 3:00,0.409289345,0.134526902
3/21/2019 4:00,0.324210186,0.106562735
3/21/2019 5:00,0.326813088,0.107418267
3/21/2019 6:00,0.389942202,0.128167804
3/21/2019 7:00,0.418175135,0.13744752
3/21/2019 8:00,0.401473036,0.131957805
3/21/2019 9:00,0.347657697,0.114269559
3/21/2019 10:00,0.24407075,0.080222176
3/21/2019 11:00,0.217280355,0.071416599
3/21/2019 12:00,0.245008443,0.080530381
3/21/2019 13:00,0.223134322,0.073340705
3/21/2019 14:00,0.197647433,0.06496357
3/21/2019 15:00,0.13567635,0.04459466
3/21/2019 16:00,0.044263274,0.014548635
3/21/2019 17:00,0.082508812,0.027119335
3/21/2019 18:00,0.249585113,0.082034659
3/21/2019 19:00,0.35044381,0.11518531
3/21/2019 20:00,0.49819886,0.163750047
3/21/2019 21:00,0.71523411,0.235086083
3/21/2019 22:00,0.811449357,0.266710506
3/21/2019 23:00,0.780728102,0.256612917
3/22/2019 0:00,0.729715856,0.239846003
3/22/2019 1:00,0.732293784,0.240693327
3/22/2019 2:00,0.753739971,0.247742348
3/22/2019 3:00,0.772029224,0.253753735
3/22/2019 4:00,0.769868803,0.253043639
3/22/2019 5:00,0.799070094,0.262641639
3/22/2019 6:00,0.825414672,0.271300683
3/22/2019 7:00,0.846932205,0.278373154
3/22/2019 8:00,0.9,0.295815695
3/22/2019 9:00,0.9,0.295815695
3/22/2019 10:00,0.9,0.295815695
3/22/2019 11:00,0.9,0.295815695
3/22/2019 12:00,0.839434336,0.275908724
3/22/2019 13:00,0.765071088,0.251466706
3/22/2019 14:00,0.725227855,0.238370868
3/22/2019 15:00,0.763446039,0.250932578
3/22/2019 16:00,0.825234482,0.271241457
3/22/2019 17:00,0.9,0.295815695
3/22/2019 18:00,0.9,0.295815695
3/22/2019 19:00,0.9,0.295815695
3/22/2019 20:00,0.9,0.295815695
3/22/2019 21:00,0.9,0.295815695
3/22/2019 22:00,0.9,0.295815695
3/22/2019 23:00,0.9,0.295815695
3/23/2019 0:00,0.9,0.295815695
3/23/2019 1:00,0.9,0.295815695
3/23/2019 2:00,0.9,0.295815695
3/23/2019 3:00,0.9,0.295815695
3/23/2019 4:00,0.9,0.295815695
3/23/2019 5:00,0.9,0.295815695
3/23/2019 6:00,0.9,0.295815695
3/23/2019 7:00,0.9,0.295815695
3/23/2019 8:00,0.9,0.295815695
3/23/2019 9:00,0.9,0.295815695
3/23/2019 10:00,0.9,0.295815695
3/23/2019 11:00,0.9,0.295815695
3/23/2019 12:00,0.9,0.295815695
3/23/2019 13:00,0.9,0.295815695
3/23/2019 14:00,0.9,0.295815695
3/23/2019 15:00,0.9,0.295815695
3/23/2019 16:00,0.866121537,0.284680382
3/23/2019 17:00,0.810669505,0.266454181
3/23/2019 18:00,0.785294027,0.258113665
3/23/2019 19:00,0.742618528,0.244086906
3/23/2019 20:00,0.79477434,0.261229693
3/23/2019 21:00,0.784323371,0.257794626
3/23/2019 22:00,0.695537414,0.228612093
3/23/2019 23:00,0.733556702,0.241108428
3/24/2019 0:00,0.76705967,0.252120321
3/24/2019 1:00,0.776557182,0.255242003
3/24/2019 2:00,0.742956991,0.244198154
3/24/2019 3:00,0.747627456,0.245733261
3/24/2019 4:00,0.766489411,0.251932886
3/24/2019 5:00,0.818346231,0.268977399
3/24/2019 6:00,0.867132651,0.28501272
3/24/2019 7:00,0.873263848,0.287027946
3/24/2019 8:00,0.9,0.295815695
3/24/2019 9:00,0.9,0.295815695
3/24/2019 10:00,0.896535369,0.294676926
3/24/2019 11:00,0.89835965,0.295276538
3/24/2019 12:00,0.857774121,0.281936719
3/24/2019 13:00,0.85173005,0.279950129
3/24/2019 14:00,0.849187831,0.279114542
3/24/2019 15:00,0.880813549,0.289509413
3/24/2019 16:00,0.9,0.295815695
3/24/2019 17:00,0.9,0.295815695
3/24/2019 18:00,0.9,0.295815695
3/24/2019 19:00,0.9,0.295815695
3/24/2019 20:00,0.9,0.295815695
3/24/2019 21:00,0.9,0.295815695
3/24/2019 22:00,0.879248768,0.288995095
3/24/2019 23:00,0.833225687,0.273868039
3/25/2019 0:00,0.828631302,0.272357938
3/25/2019 1:00,0.7864129,0.25848142
3/25/2019 2:00,0.735924174,0.241886579
3/25/2019 3:00,0.718762864,0.236245929
3/25/2019 4:00,0.683988372,0.224816106
3/25/2019 5:00,0.653072519,0.214654556
3/25/2019 6:00,0.62487242,0.205385632
3/25/2019 7:00,0.572054648,0.18802527
3/25/2019 8:00,0.495615907,0.162901071
3/25/2019 9:00,0.438845846,0.144241654
3/25/2019 10:00,0.420603386,0.138245648
3/25/2019 11:00,0.39778501,0.13074561
3/25/2019 12:00,0.464087975,0.152538341
3/25/2019 13:00,0.477999398,0.157110804
3/25/2019 14:00,0.46093708,0.151502692
3/25/2019 15:00,0.502078687,0.165025284
3/25/2019 16:00,0.426403148,0.140151937
3/25/2019 17:00,0.345826471,0.113667664
3/25/2019 18:00,0.384589735,0.126408533
3/25/2019 19:00,0.390245409,0.128267463
3/25/2019 20:00,0.411553033,0.13527094
3/25/2019 21:00,0.460362825,0.151313943
3/25/2019 22:00,0.491626922,0.161589955
3/25/2019 23:00,0.49167389,0.161605392
3/26/2019 0:00,0.529165281,0.173928217
3/26/2019 1:00,0.574879418,0.188953727
3/26/2019 2:00,0.612461487,0.201306356
3/26/2019 3:00,0.662231054,0.217664822
3/26/2019 4:00,0.704037713,0.231406006
3/26/2019 5:00,0.722104427,0.237344248
3/26/2019 6:00,0.736661195,0.242128826
3/26/2019 7:00,0.750479648,0.246670731
3/26/2019 8:00,0.754405299,0.247961031
3/26/2019 9:00,0.760461633,0.249951652
3/26/2019 10:00,0.807866004,0.265532715
3/26/2019 11:00,0.844019402,0.277415762
3/26/2019 12:00,0.882348706,0.290013995
3/26/2019 13:00,0.9,0.295815695
3/26/2019 14:00,0.9,0.295815695
3/26/2019 15:00,0.9,0.295815695
3/26/2019 16:00,0.9,0.295815695
3/26/2019 17:00,0.871449461,0.286431586
3/26/2019 18:00,0.814259322,0.267634097
3/26/2019 19:00,0.757948951,0.249125773
3/26/2019 20:00,0.728065827,0.239303665
3/26/2019 21:00,0.707922345,0.232682823
3/26/2019 22:00,0.751277825,0.24693308
3/26/2019 23:00,0.762310962,0.250559496
3/27/2019 0:00,0.764065823,0.251136291
3/27/2019 1:00,0.745190793,0.244932369
3/27/2019 2:00,0.718641459,0.236206025
3/27/2019 3:00,0.707991886,0.23270568
3/27/2019 4:00,0.716356725,0.235455069
3/27/2019 5:00,0.728856401,0.239563514
3/27/2019 6:00,0.735778658,0.24183875
3/27/2019 7:00,0.750152799,0.246563302
3/27/2019 8:00,0.74716806,0.245582265
3/27/2019 9:00,0.730523081,0.240111325
3/27/2019 10:00,0.718555417,0.236177744
3/27/2019 11:00,0.683008846,0.224494151
3/27/2019 12:00,0.70350404,0.231230596
3/27/2019 13:00,0.744665583,0.244759741
3/27/2019 14:00,0.770858998,0.2533691
3/27/2019 15:00,0.77577237,0.254984047
3/27/2019 16:00,0.759934982,0.249778549
3/27/2019 17:00,0.765817034,0.251711886
3/27/2019 18:00,0.748953238,0.246169025
3/27/2019 19:00,0.720536659,0.236828947
3/27/2019 20:00,0.72206898,0.237332597
3/27/2019 21:00,0.730223785,0.240012951
3/27/2019 22:00,0.750126739,0.246554736
3/27/2019 23:00,0.726395379,0.238754615
3/28/2019 0:00,0.724922466,0.238270492
3/28/2019 1:00,0.720499996,0.236816896
3/28/2019 2:00,0.717093279,0.235697163
3/28/2019 3:00,0.707693505,0.232607606
3/28/2019 4:00,0.705018089,0.23172824
3/28/2019 5:00,0.718411095,0.236130308
3/28/2019 6:00,0.737063656,0.242261108
3/28/2019 7:00,0.732975487,0.240917392
3/28/2019 8:00,0.743427165,0.244352692
3/28/2019 9:00,0.755136887,0.248201492
3/28/2019 10:00,0.785412972,0.25815276
3/28/2019 11:00,0.795647773,0.261516776
3/28/2019 12:00,0.791300924,0.260088036
3/28/2019 13:00,0.780547876,0.25655368
3/28/2019 14:00,0.75601947,0.248491583
3/28/2019 15:00,0.740006283,0.243228303
3/28/2019 16:00,0.731015651,0.240273225
3/28/2019 17:00,0.733437451,0.241069232
3/28/2019 18:00,0.76091185,0.250099631
3/28/2019 19:00,0.780838419,0.256649177
3/28/2019 20:00,0.805240177,0.264669647
3/28/2019 21:00,0.828586792,0.272343308
3/28/2019 22:00,0.79454215,0.261153375
3/28/2019 23:00,0.827122014,0.271861859
3/29/2019 0:00,0.859066606,0.282361539
3/29/2019 1:00,0.88881396,0.292139021
3/29/2019 2:00,0.894139192,0.29388934
3/29/2019 3:00,0.887051558,0.291559748
3/29/2019 4:00,0.874840054,0.28754602
3/29/2019 5:00,0.881386889,0.289697861
3/29/2019 6:00,0.896743992,0.294745497
3/29/2019 7:00,0.9,0.295815695
3/29/2019 8:00,0.9,0.295815695
3/29/2019 9:00,0.878672492,0.288805682
3/29/2019 10:00,0.804594165,0.264457313
3/29/2019 11:00,0.680506435,0.223671649
3/29/2019 12:00,0.591757049,0.194501136
3/29/2019 13:00,0.49945654,0.164163426
3/29/2019 14:00,0.429791416,0.141265607
3/29/2019 15:00,0.362916159,0.119284773
3/29/2019 16:00,0.342868179,0.11269532
3/29/2019 17:00,0.333211952,0.109521472
3/29/2019 18:00,0.307103339,0.100939986
3/29/2019 19:00,0.280217424,0.092103013
3/29/2019 20:00,0.29910568,0.098311283
3/29/2019 21:00,0.32732264,0.107585749
3/29/2019 22:00,0.351179761,0.115427205
3/29/2019 23:00,0.38479492,0.126475974
3/30/2019 0:00,0.411804808,0.135353695
3/30/2019 1:00,0.419461874,0.137870451
3/30/2019 2:00,0.447103817,0.146955918
3/30/2019 3:00,0.459131923,0.150909365
3/30/2019 4:00,0.489344011,0.160839598
3/30/2019 5:00,0.521663903,0.171462633
3/30/2019 6:00,0.543267178,0.178563286
3/30/2019 7:00,0.57253284,0.188182444
3/30/2019 8:00,0.597518005,0.196394671
3/30/2019 9:00,0.650758939,0.21389412
3/30/2019 10:00,0.738482536,0.242727472
3/30/2019 11:00,0.810593204,0.266429102
3/30/2019 12:00,0.838249194,0.275519186
3/30/2019 13:00,0.883099933,0.290260911
3/30/2019 14:00,0.9,0.295815695
3/30/2019 15:00,0.867232782,0.285045631
3/30/2019 16:00,0.756740997,0.248728737
3/30/2019 17:00,0.618206823,0.203194757
3/30/2019 18:00,0.503571417,0.165515921
3/30/2019 19:00,0.430459852,0.141485311
3/30/2019 20:00,0.399090099,0.131174572
3/30/2019 21:00,0.382211969,0.125626999
3/30/2019 22:00,0.349272066,0.114800177
3/30/2019 23:00,0.321108151,0.105543145
3/31/2019 0:00,0.282375815,0.092812442
3/31/2019 1:00,0.259824316,0.085400123
3/31/2019 2:00,0.257515708,0.08464132
3/31/2019 3:00,0.217586538,0.071517236
3/31/2019 4:00,0.16073855,0.052832207
3/31/2019 5:00,0.112043116,0.036826791
3/31/2019 6:00,0.067371197,0.022143842
3/31/2019 7:00,0.038871876,0.012776568
3/31/2019 8:00,0.036747913,0.012078455
3/31/2019 9:00,0.074422579,0.024461519
3/31/2019 10:00,0.190899941,0.062745776
3/31/2019 11:00,0.243894837,0.080164356
3/31/2019 12:00,0.289443989,0.095135639
3/31/2019 13:00,0.310035968,0.101903895
3/31/2019 14:00,0.311527476,0.10239413
3/31/2019 15:00,0.303569678,0.099778528
3/31/2019 16:00,0.287514778,0.094501537
3/31/2019 17:00,0.281470789,0.092514974
3/31/2019 18:00,0.298309377,0.098049551
3/31/2019 19:00,0.323368179,0.106285981
3/31/2019 20:00,0.361366298,0.118775358
3/31/2019 21:00,0.392455991,0.128994046
3/31/2019 22:00,0.43755938,0.143818813
3/31/2019 23:00,0.414722592,0.136312724
04/01/2019 00:00,0.372362058,0.12238949
04/01/2019 01:00,0.33261077,0.109323873
04/01/2019 02:00,0.327206936,0.107547719
04/01/2019 03:00,0.338313176,0.111198164
04/01/2019 04:00,0.353974961,0.116345943
04/01/2019 05:00,0.382046171,0.125572504
04/01/2019 06:00,0.427726443,0.140586883
04/01/2019 07:00,0.484018126,0.159089065
04/01/2019 08:00,0.535798248,0.176108368
04/01/2019 09:00,0.571377124,0.187802579
04/01/2019 10:00,0.569976782,0.187342309
04/01/2019 11:00,0.589706699,0.193827219
04/01/2019 12:00,0.639335885,0.210139543
04/01/2019 13:00,0.717913078,0.235966618
04/01/2019 14:00,0.744803646,0.24480512
04/01/2019 15:00,0.748646997,0.246068368
04/01/2019 16:00,0.758237909,0.249220749
04/01/2019 17:00,0.747408804,0.245661394
04/01/2019 18:00,0.734602666,0.24145222
04/01/2019 19:00,0.738065421,0.242590373
04/01/2019 20:00,0.754670384,0.24804816
04/01/2019 21:00,0.750206702,0.246581018
04/01/2019 22:00,0.606852651,0.199462821
04/01/2019 23:00,0.539434885,0.177303672
04/02/2019 00:00,0.43040442,0.141467092
04/02/2019 01:00,0.297860919,0.09790215
04/02/2019 02:00,0.202162557,0.066447619
04/02/2019 03:00,0.153418779,0.050426314
04/02/2019 04:00,0.137265703,0.045117055
04/02/2019 05:00,0.114278545,0.037561541
04/02/2019 06:00,0.065165797,0.021418962
04/02/2019 07:00,0.017600461,0.005784992
04/02/2019 08:00,0,0
04/02/2019 09:00,0.003613179,0.001187594
04/02/2019 10:00,0.051227111,0.016837537
04/02/2019 11:00,0.114641111,0.037680711
04/02/2019 12:00,0.185379996,0.060931458
04/02/2019 13:00,0.27474114,0.090303046
04/02/2019 14:00,0.380094467,0.12493101
04/02/2019 15:00,0.492777109,0.161968003
04/02/2019 16:00,0.602999488,0.198196347
04/02/2019 17:00,0.713569864,0.234539072
04/02/2019 18:00,0.801612715,0.263477358
04/02/2019 19:00,0.879864351,0.289197427
04/02/2019 20:00,0.9,0.295815695
04/02/2019 21:00,0.9,0.295815695
04/02/2019 22:00,0.9,0.295815695
04/02/2019 23:00,0.9,0.295815695
04/03/2019 00:00,0.9,0.295815695
04/03/2019 01:00,0.9,0.295815695
04/03/2019 02:00,0.9,0.295815695
04/03/2019 03:00,0.9,0.295815695
04/03/2019 04:00,0.9,0.295815695
04/03/2019 05:00,0.9,0.295815695
04/03/2019 06:00,0.9,0.295815695
04/03/2019 07:00,0.871238128,0.286362124
04/03/2019 08:00,0.9,0.295815695
04/03/2019 09:00,0.9,0.295815695
04/03/2019 10:00,0.9,0.295815695
04/03/2019 11:00,0.9,0.295815695
04/03/2019 12:00,0.9,0.295815695
04/03/2019 13:00,0.9,0.295815695
04/03/2019 14:00,0.85834796,0.282125331
04/03/2019 15:00,0.670698302,0.220447871
04/03/2019 16:00,0.513010818,0.168618502
04/03/2019 17:00,0.418445874,0.137536508
04/03/2019 18:00,0.303554259,0.09977346
04/03/2019 19:00,0.213168568,0.07006512
04/03/2019 20:00,0.1781131,0.058542945
04/03/2019 21:00,0.220604775,0.072509283
04/03/2019 22:00,0.293633474,0.096512656
04/03/2019 23:00,0.396841011,0.130435333
04/04/2019 00:00,0.46722443,0.153569244
04/04/2019 01:00,0.534001721,0.175517878
04/04/2019 02:00,0.602351661,0.197983417
04/04/2019 03:00,0.609403499,0.200301244
04/04/2019 04:00,0.633394161,0.208186593
04/04/2019 05:00,0.656405191,0.215749953
04/04/2019 06:00,0.716646331,0.235550258
04/04/2019 07:00,0.744330863,0.244649724
04/04/2019 08:00,0.71814445,0.236042666
04/04/2019 09:00,0.726376081,0.238748272
04/04/2019 10:00,0.690880026,0.227081283
04/04/2019 11:00,0.57584503,0.189271108
04/04/2019 12:00,0.561643837,0.184603402
04/04/2019 13:00,0.551079782,0.181131165
04/04/2019 14:00,0.527870675,0.173502701
04/04/2019 15:00,0.478466553,0.157264351
04/04/2019 16:00,0.426425676,0.140159342
04/04/2019 17:00,0.359696351,0.118226473
04/04/2019 18:00,0.295813353,0.097229147
04/04/2019 19:00,0.282519889,0.092859797
04/04/2019 20:00,0.230998389,0.075925499
04/04/2019 21:00,0.171070369,0.056228111
04/04/2019 22:00,0.182646261,0.060032923
04/04/2019 23:00,0.200729063,0.065976453
04/05/2019 00:00,0.199253806,0.065491559
04/05/2019 01:00,0.2096173,0.068897875
04/05/2019 02:00,0.190838835,0.062725692
04/05/2019 03:00,0.198159455,0.065131863
04/05/2019 04:00,0.212170979,0.069737228
04/05/2019 05:00,0.218242708,0.071732909
04/05/2019 06:00,0.203298295,0.066820918
04/05/2019 07:00,0.171188012,0.056266778
04/05/2019 08:00,0.125458058,0.04123607
04/05/2019 09:00,0.08766568,0.028814316
04/05/2019 10:00,0.076283545,0.025073189
04/05/2019 11:00,0.032361282,0.010636639
04/05/2019 12:00,0,0
04/05/2019 13:00,0,0
04/05/2019 14:00,0,0
04/05/2019 15:00,0,0
04/05/2019 16:00,0,0
04/05/2019 17:00,0,0
04/05/2019 18:00,0,0
04/05/2019 19:00,0,0
04/05/2019 20:00,0,0
04/05/2019 21:00,0,0
04/05/2019 22:00,0,0
04/05/2019 23:00,0.018553293,0.006098172
04/06/2019 00:00,0.09481208,0.031163224
04/06/2019 01:00,0.123732824,0.040669012
04/06/2019 02:00,0.152352698,0.05007591
04/06/2019 03:00,0.156075128,0.051299414
04/06/2019 04:00,0.162421148,0.05338525
04/06/2019 05:00,0.195304284,0.064193414
04/06/2019 06:00,0.25734559,0.084585405
04/06/2019 07:00,0.315829711,0.103808206
04/06/2019 08:00,0.356781134,0.117268288
04/06/2019 09:00,0.378099145,0.124275179
04/06/2019 10:00,0.404163818,0.132842223
04/06/2019 11:00,0.441631698,0.14515732
04/06/2019 12:00,0.496653003,0.163241948
04/06/2019 13:00,0.475698749,0.156354618
04/06/2019 14:00,0.462020804,0.151858895
04/06/2019 15:00,0.471434453,0.154953011
04/06/2019 16:00,0.498765077,0.163936153
04/06/2019 17:00,0.513208967,0.16868363
04/06/2019 18:00,0.521629538,0.171451338
04/06/2019 19:00,0.525875245,0.172846834
04/06/2019 20:00,0.526035335,0.172899454
04/06/2019 21:00,0.51028828,0.167723647
04/06/2019 22:00,0.559728932,0.183974003
04/06/2019 23:00,0.527067274,0.173238635
04/07/2019 00:00,0.515968466,0.169590634
04/07/2019 01:00,0.532711399,0.17509377
04/07/2019 02:00,0.530810366,0.17446893
04/07/2019 03:00,0.521901088,0.171540592
04/07/2019 04:00,0.51741033,0.170064551
04/07/2019 05:00,0.532302266,0.174959294
04/07/2019 06:00,0.541096271,0.177849744
04/07/2019 07:00,0.533882651,0.175478741
04/07/2019 08:00,0.523037169,0.171914004
04/07/2019 09:00,0.517872215,0.170216366
04/07/2019 10:00,0.507338085,0.166753965
04/07/2019 11:00,0.507636261,0.16685197
04/07/2019 12:00,0.525470674,0.172713858
04/07/2019 13:00,0.561828457,0.184664084
04/07/2019 14:00,0.565205532,0.185774075
04/07/2019 15:00,0.563636698,0.185258424
04/07/2019 16:00,0.555854969,0.182700693
04/07/2019 17:00,0.542609902,0.17834725
04/07/2019 18:00,0.546613463,0.179663157
04/07/2019 19:00,0.549703653,0.180678853
04/07/2019 20:00,0.55042734,0.180916718
04/07/2019 21:00,0.551454142,0.181254211
04/07/2019 22:00,0.568619501,0.186896192
04/07/2019 23:00,0.517493135,0.170091768
04/08/2019 00:00,0.503931938,0.165634418
04/08/2019 01:00,0.517344935,0.170043057
04/08/2019 02:00,0.517842615,0.170206637
04/08/2019 03:00,0.500471502,0.164497028
04/08/2019 04:00,0.479381527,0.157565088
04/08/2019 05:00,0.462036727,0.151864128
04/08/2019 06:00,0.44782247,0.147192128
04/08/2019 07:00,0.426172273,0.140076052
04/08/2019 08:00,0.417523228,0.137233249
04/08/2019 09:00,0.418087775,0.137418806
04/08/2019 10:00,0.381836662,0.125503642
04/08/2019 11:00,0.376597742,0.123781692
04/08/2019 12:00,0.341239567,0.112160022
04/08/2019 13:00,0.303013409,0.099595691
04/08/2019 14:00,0.280333275,0.092141092
04/08/2019 15:00,0.286910463,0.094302909
04/08/2019 16:00,0.292593637,0.096170878
04/08/2019 17:00,0.300332826,0.098714626
04/08/2019 18:00,0.329018793,0.108143247
04/08/2019 19:00,0.349403842,0.114843489
04/08/2019 20:00,0.381617523,0.125431614
04/08/2019 21:00,0.389763511,0.128109071
04/08/2019 22:00,0.367871577,0.12091354
04/08/2019 23:00,0.393010392,0.129176269
04/09/2019 00:00,0.410500102,0.134924859
04/09/2019 01:00,0.411316654,0.135193246
04/09/2019 02:00,0.401894137,0.132096215
04/09/2019 03:00,0.369052974,0.121301846
04/09/2019 04:00,0.328511849,0.107976623
04/09/2019 05:00,0.296245991,0.097371349
04/09/2019 06:00,0.284136085,0.093391015
04/09/2019 07:00,0.263697574,0.086673201
04/09/2019 08:00,0.231880293,0.076215367
04/09/2019 09:00,0.211003483,0.069353491
04/09/2019 10:00,0.270920932,0.089047404
04/09/2019 11:00,0.255013535,0.083818895
04/09/2019 12:00,0.248731605,0.081754125
04/09/2019 13:00,0.229795153,0.075530014
04/09/2019 14:00,0.206454669,0.067858368
04/09/2019 15:00,0.187622857,0.061668651
04/09/2019 16:00,0.176858156,0.058130465
04/09/2019 17:00,0.17936761,0.058955282
04/09/2019 18:00,0.188633972,0.062000988
04/09/2019 19:00,0.207659828,0.068254485
04/09/2019 20:00,0.213537741,0.070186461
04/09/2019 21:00,0.215276394,0.070757929
04/09/2019 22:00,0.267037643,0.087771029
04/09/2019 23:00,0.239231115,0.078631465
04/10/2019 00:00,0.202715091,0.066629228
04/10/2019 01:00,0.159230489,0.052336531
04/10/2019 02:00,0.124003538,0.040757992
04/10/2019 03:00,0.107473536,0.035324843
04/10/2019 04:00,0.092206148,0.030306695
04/10/2019 05:00,0.105864268,0.034795902
04/10/2019 06:00,0.117513832,0.038624929
04/10/2019 07:00,0.116605561,0.038326394
04/10/2019 08:00,0.094529887,0.031070471
04/10/2019 09:00,0.079698874,0.026195753
04/10/2019 10:00,0.126419098,0.041551948
04/10/2019 11:00,0.13029138,0.042824705
04/10/2019 12:00,0.122417531,0.040236697
04/10/2019 13:00,0.110211603,0.036224802
04/10/2019 14:00,0.078587764,0.025830549
04/10/2019 15:00,0.039133627,0.012862601
04/10/2019 16:00,0.012129919,0.003986912
04/10/2019 17:00,0.020198971,0.006639081
04/10/2019 18:00,0.038953622,0.012803437
04/10/2019 19:00,0.059988152,0.019717152
04/10/2019 20:00,0.062356623,0.020495631
04/10/2019 21:00,0.049895563,0.016399878
04/10/2019 22:00,0.052749847,0.017338036
04/10/2019 23:00,0.04762697,0.015654228
04/11/2019 00:00,0.036839458,0.012108544
04/11/2019 01:00,0.027021916,0.008881674
04/11/2019 02:00,0.00980801,0.003223737
04/11/2019 03:00,0,0
04/11/2019 04:00,0,0
04/11/2019 05:00,0,0
04/11/2019 06:00,0,0
04/11/2019 07:00,0,0
04/11/2019 08:00,0,0
04/11/2019 09:00,0,0
04/11/2019 10:00,0.043830166,0.014406279
04/11/2019 11:00,0.057207299,0.01880313
04/11/2019 12:00,0.044093695,0.014492897
04/11/2019 13:00,0.028485004,0.009362568
04/11/2019 14:00,0.019523306,0.006417
04/11/2019 15:00,0,0
04/11/2019 16:00,0,0
04/11/2019 17:00,0,0
04/11/2019 18:00,0,0
04/11/2019 19:00,0.01340362,0.004405557
04/11/2019 20:00,0.02596572,0.00853452
04/11/2019 21:00,0.021522226,0.007074014
04/11/2019 22:00,0.012915614,0.004245157
04/11/2019 23:00,0,0
04/12/2019 00:00,0,0
04/12/2019 01:00,0,0
04/12/2019 02:00,0.016501725,0.005423855
04/12/2019 03:00,0.054988797,0.018073944
04/12/2019 04:00,0.096933189,0.031860399
04/12/2019 05:00,0.162760239,0.053496704
04/12/2019 06:00,0.283118212,0.093056456
04/12/2019 07:00,0.415422485,0.136542768
04/12/2019 08:00,0.507291125,0.16673853
04/12/2019 09:00,0.552575469,0.181622774
04/12/2019 10:00,0.567230338,0.186439596
04/12/2019 11:00,0.594455027,0.195387919
04/12/2019 12:00,0.637465713,0.209524848
04/12/2019 13:00,0.643713952,0.211578544
04/12/2019 14:00,0.645501874,0.212166206
04/12/2019 15:00,0.637087466,0.209400524
04/12/2019 16:00,0.63038639,0.207197987
04/12/2019 17:00,0.646291814,0.212425847
04/12/2019 18:00,0.656957139,0.21593137
04/12/2019 19:00,0.653334691,0.214740728
04/12/2019 20:00,0.641472648,0.210841863
04/12/2019 21:00,0.633951558,0.208369801
04/12/2019 22:00,0.597458447,0.196375095
04/12/2019 23:00,0.582274101,0.191384242
4/13/2019 0:00,0.581077283,0.190990867
4/13/2019 1:00,0.590299264,0.194021985
4/13/2019 2:00,0.592829664,0.194853688
4/13/2019 3:00,0.579610499,0.190508758
4/13/2019 4:00,0.550916888,0.181077624
4/13/2019 5:00,0.518618549,0.170461674
4/13/2019 6:00,0.503747417,0.165573769
4/13/2019 7:00,0.517894811,0.170223792
4/13/2019 8:00,0.524165051,0.172284721
4/13/2019 9:00,0.524077633,0.172255988
4/13/2019 10:00,0.567859094,0.186646258
4/13/2019 11:00,0.57613365,0.189365973
4/13/2019 12:00,0.596535677,0.196071795
4/13/2019 13:00,0.617272353,0.202887611
4/13/2019 14:00,0.624452886,0.205247738
4/13/2019 15:00,0.641676113,0.210908739
4/13/2019 16:00,0.634115518,0.208423692
4/13/2019 17:00,0.626612439,0.205957549
4/13/2019 18:00,0.601854592,0.197820038
4/13/2019 19:00,0.581459498,0.191116495
4/13/2019 20:00,0.556187372,0.182809949
4/13/2019 21:00,0.539783086,0.177418121
4/13/2019 22:00,0.481792837,0.158357648
4/13/2019 23:00,0.501668679,0.164890521
4/14/2019 0:00,0.515659743,0.169489161
4/14/2019 1:00,0.51375719,0.168863822
4/14/2019 2:00,0.525342067,0.172671587
4/14/2019 3:00,0.518657619,0.170474515
4/14/2019 4:00,0.536440545,0.176319481
4/14/2019 5:00,0.583222448,0.191695949
4/14/2019 6:00,0.621820242,0.20438243
4/14/2019 7:00,0.64305736,0.211362733
4/14/2019 8:00,0.638696525,0.209929396
4/14/2019 9:00,0.637351645,0.209487355
4/14/2019 10:00,0.625840274,0.20570375
4/14/2019 11:00,0.592649604,0.194794505
4/14/2019 12:00,0.563775764,0.185304133
4/14/2019 13:00,0.54902916,0.180457158
4/14/2019 14:00,0.536974377,0.176494943
4/14/2019 15:00,0.550251204,0.180858824
4/14/2019 16:00,0.56505399,0.185724265
4/14/2019 17:00,0.568301506,0.186791672
4/14/2019 18:00,0.588015178,0.193271243
4/14/2019 19:00,0.593512613,0.195078162
4/14/2019 20:00,0.602547362,0.198047741
4/14/2019 21:00,0.625161088,0.205480513
4/14/2019 22:00,0.613684722,0.201708414
4/14/2019 23:00,0.637219072,0.20944378
4/15/2019 0:00,0.618089999,0.203156358
4/15/2019 1:00,0.597694503,0.196452683
4/15/2019 2:00,0.581841105,0.191241923
4/15/2019 3:00,0.592996297,0.194908457
4/15/2019 4:00,0.619136527,0.203500335
4/15/2019 5:00,0.635513572,0.20888321
4/15/2019 6:00,0.660241206,0.21701079
4/15/2019 7:00,0.657804929,0.216210025
4/15/2019 8:00,0.678594599,0.223043259
4/15/2019 9:00,0.680943822,0.223815411
4/15/2019 10:00,0.667952138,0.219545251
4/15/2019 11:00,0.677288134,0.222613844
4/15/2019 12:00,0.687787423,0.226064794
4/15/2019 13:00,0.779994748,0.256371876
4/15/2019 14:00,0.80129961,0.263374445
4/15/2019 15:00,0.830161777,0.272860981
4/15/2019 16:00,0.855038499,0.281037564
4/15/2019 17:00,0.888993916,0.29219817
4/15/2019 18:00,0.886039485,0.291227095
4/15/2019 19:00,0.863355534,0.283771241
4/15/2019 20:00,0.857394351,0.281811895
4/15/2019 21:00,0.851722831,0.279947757
4/15/2019 22:00,0.888155318,0.291922536
4/15/2019 23:00,0.891432425,0.292999669
4/16/2019 0:00,0.881126621,0.289612315
4/16/2019 1:00,0.856118981,0.281392701
4/16/2019 2:00,0.817387699,0.268662344
4/16/2019 3:00,0.781582227,0.256893655
4/16/2019 4:00,0.764557841,0.25129801
4/16/2019 5:00,0.744835038,0.244815438
4/16/2019 6:00,0.723973755,0.237958666
4/16/2019 7:00,0.720545143,0.236831736
4/16/2019 8:00,0.738075685,0.242593746
4/16/2019 9:00,0.738720233,0.242805599
4/16/2019 10:00,0.681616266,0.224036432
4/16/2019 11:00,0.679006088,0.223178508
4/16/2019 12:00,0.659567423,0.216789328
4/16/2019 13:00,0.664632105,0.218454009
4/16/2019 14:00,0.683693376,0.224719146
4/16/2019 15:00,0.685531158,0.225323195
4/16/2019 16:00,0.695654657,0.228650628
4/16/2019 17:00,0.711733728,0.233935564
4/16/2019 18:00,0.718367117,0.236115853
4/16/2019 19:00,0.708686543,0.232934002
4/16/2019 20:00,0.690665829,0.22701088
4/16/2019 21:00,0.664325649,0.218353282
4/16/2019 22:00,0.612782134,0.201411747
4/16/2019 23:00,0.59877951,0.196809307
4/17/2019 0:00,0.58460057,0.192148915
4/17/2019 1:00,0.576673231,0.189543325
4/17/2019 2:00,0.560519605,0.184233885
4/17/2019 3:00,0.54730112,0.179889179
4/17/2019 4:00,0.549554408,0.180629799
4/17/2019 5:00,0.5574244,0.18321654
4/17/2019 6:00,0.559837898,0.184009818
4/17/2019 7:00,0.559911114,0.184033883
4/17/2019 8:00,0.547807566,0.18005564
4/17/2019 9:00,0.523886966,0.172193319
4/17/2019 10:00,0.51012798,0.167670959
4/17/2019 11:00,0.527666889,0.173435719
4/17/2019 12:00,0.516242983,0.169680863
4/17/2019 13:00,0.485159749,0.159464298
4/17/2019 14:00,0.465541305,0.153016027
4/17/2019 15:00,0.46452288,0.152681287
4/17/2019 16:00,0.468581536,0.154015303
4/17/2019 17:00,0.469957109,0.154467432
4/17/2019 18:00,0.479831521,0.157712994
4/17/2019 19:00,0.485535586,0.15958783
4/17/2019 20:00,0.48219361,0.158489375
4/17/2019 21:00,0.493565252,0.162227053
4/17/2019 22:00,0.440938514,0.144929481
4/17/2019 23:00,0.415606883,0.136603377
4/18/2019 0:00,0.4161644,0.136786624
4/18/2019 1:00,0.454709269,0.149455709
4/18/2019 2:00,0.471288581,0.154905066
4/18/2019 3:00,0.474965088,0.156113475
4/18/2019 4:00,0.486253596,0.159823828
4/18/2019 5:00,0.497475492,0.163512287
4/18/2019 6:00,0.51582909,0.169544823
4/18/2019 7:00,0.540257043,0.177573903
4/18/2019 8:00,0.570177827,0.187408389
4/18/2019 9:00,0.593277169,0.195000775
4/18/2019 10:00,0.561585252,0.184584146
4/18/2019 11:00,0.549997276,0.180775362
4/18/2019 12:00,0.549960476,0.180763267
4/18/2019 13:00,0.551037036,0.181117115
4/18/2019 14:00,0.552273461,0.181523508
4/18/2019 15:00,0.559495752,0.183897361
4/18/2019 16:00,0.568834674,0.186966916
4/18/2019 17:00,0.578688566,0.190205734
4/18/2019 18:00,0.588139208,0.193312009
4/18/2019 19:00,0.607146596,0.199559436
4/18/2019 20:00,0.627680299,0.206308537
4/18/2019 21:00,0.641311477,0.210788889
4/18/2019 22:00,0.619870172,0.203741473
4/18/2019 23:00,0.62496124,0.205414826
4/19/2019 0:00,0.624685596,0.205324226
4/19/2019 1:00,0.62525694,0.205512018
4/19/2019 2:00,0.624915076,0.205399652
4/19/2019 3:00,0.618478404,0.203284021
4/19/2019 4:00,0.604259025,0.198610337
4/19/2019 5:00,0.614699104,0.202041825
4/19/2019 6:00,0.640539983,0.210535311
4/19/2019 7:00,0.665035493,0.218586596
4/19/2019 8:00,0.672693124,0.221103538
4/19/2019 9:00,0.681704952,0.224065582
4/19/2019 10:00,0.69552799,0.228608995
4/19/2019 11:00,0.688083487,0.226162105
4/19/2019 12:00,0.680595619,0.223700962
4/19/2019 13:00,0.665838721,0.218850604
4/19/2019 14:00,0.65055303,0.213826441
4/19/2019 15:00,0.641332265,0.210795722
4/19/2019 16:00,0.632044159,0.207742869
4/19/2019 17:00,0.609147443,0.200217082
4/19/2019 18:00,0.592331166,0.194689839
4/19/2019 19:00,0.565865138,0.185990876
4/19/2019 20:00,0.542895115,0.178440995
4/19/2019 21:00,0.519470045,0.170741547
4/19/2019 22:00,0.462714773,0.152086991
4/19/2019 23:00,0.453582207,0.149085262
4/20/2019 0:00,0.45658507,0.150072255
4/20/2019 1:00,0.448569897,0.147437795
4/20/2019 2:00,0.423077275,0.139058776
4/20/2019 3:00,0.388978641,0.127851096
4/20/2019 4:00,0.379487749,0.124731591
4/20/2019 5:00,0.394611481,0.129702522
4/20/2019 6:00,0.399170081,0.131200861
4/20/2019 7:00,0.381785407,0.125486795
4/20/2019 8:00,0.3470781,0.114079055
4/20/2019 9:00,0.313705051,0.103109864
4/20/2019 10:00,0.319743357,0.105094559
4/20/2019 11:00,0.316060515,0.103884068
4/20/2019 12:00,0.335015444,0.110114251
4/20/2019 13:00,0.348204655,0.114449335
4/20/2019 14:00,0.351062259,0.115388585
4/20/2019 15:00,0.319788364,0.105109352
4/20/2019 16:00,0.243141933,0.079916889
4/20/2019 17:00,0.1655535,0.054414804
4/20/2019 18:00,0.092809718,0.030505079
4/20/2019 19:00,0.017429403,0.005728768
4/20/2019 20:00,0,0
4/20/2019 21:00,0,0
4/20/2019 22:00,0,0
4/20/2019 23:00,0.094014533,0.030901083
4/21/2019 0:00,0.167432906,0.055032535
4/21/2019 1:00,0.224095576,0.073656654
4/21/2019 2:00,0.178622284,0.058710306
4/21/2019 3:00,0.153316568,0.050392719
4/21/2019 4:00,0.181888369,0.059783816
4/21/2019 5:00,0.133259604,0.043800314
4/21/2019 6:00,0,0
4/21/2019 7:00,0,0
4/21/2019 8:00,0,0
4/21/2019 9:00,0,0
4/21/2019 10:00,0.077595574,0.025504432
4/21/2019 11:00,0.149896998,0.049268761
4/21/2019 12:00,0.198240753,0.065158584
4/21/2019 13:00,0.297072396,0.097642975
4/21/2019 14:00,0.370728143,0.121852448
4/21/2019 15:00,0.384638197,0.126424461
4/21/2019 16:00,0.404828883,0.133060819
4/21/2019 17:00,0.428375568,0.14080024
4/21/2019 18:00,0.475829194,0.156397493
4/21/2019 19:00,0.515607329,0.169471933
4/21/2019 20:00,0.543066869,0.178497448
4/21/2019 21:00,0.566434201,0.186177919
4/21/2019 22:00,0.532402079,0.174992101
4/21/2019 23:00,0.524127746,0.172272459
4/22/2019 0:00,0.562709671,0.184953725
4/22/2019 1:00,0.602789956,0.198127477
4/22/2019 2:00,0.611893465,0.201119656
4/22/2019 3:00,0.618688265,0.203352999
4/22/2019 4:00,0.615245814,0.20222152
4/22/2019 5:00,0.616842761,0.202746411
4/22/2019 6:00,0.621087628,0.204141631
4/22/2019 7:00,0.626841678,0.206032896
4/22/2019 8:00,0.635665948,0.208933293
4/22/2019 9:00,0.64748735,0.2128188
4/22/2019 10:00,0.625986604,0.205751847
4/22/2019 11:00,0.619006457,0.203457583
4/22/2019 12:00,0.615466632,0.202294099
4/22/2019 13:00,0.636479649,0.209200744
4/22/2019 14:00,0.655135178,0.21533252
4/22/2019 15:00,0.66816357,0.219614745
4/22/2019 16:00,0.683926318,0.22479571
4/22/2019 17:00,0.694452233,0.228255411
4/22/2019 18:00,0.69276043,0.227699342
4/22/2019 19:00,0.690086542,0.226820478
4/22/2019 20:00,0.689057092,0.226482114
4/22/2019 21:00,0.681107122,0.223869085
4/22/2019 22:00,0.687739952,0.226049191
4/22/2019 23:00,0.693107091,0.227813284
4/23/2019 0:00,0.685632511,0.225356508
4/23/2019 1:00,0.670424382,0.220357838
4/23/2019 2:00,0.664648889,0.218459525
4/23/2019 3:00,0.667211048,0.219301666
4/23/2019 4:00,0.646373973,0.212452851
4/23/2019 5:00,0.63770422,0.209603241
4/23/2019 6:00,0.666057198,0.218922414
4/23/2019 7:00,0.692694963,0.227677824
4/23/2019 8:00,0.706291266,0.232146713
4/23/2019 9:00,0.756924222,0.248788961
4/23/2019 10:00,0.778971645,0.256035598
4/23/2019 11:00,0.802897465,0.263899635
4/23/2019 12:00,0.804242148,0.264341611
4/23/2019 13:00,0.781488202,0.25686275
4/23/2019 14:00,0.771481977,0.253573863
4/23/2019 15:00,0.783919538,0.257661892
4/23/2019 16:00,0.806736349,0.265161415
4/23/2019 17:00,0.832016722,0.273470672
4/23/2019 18:00,0.833708469,0.274026722
4/23/2019 19:00,0.832576858,0.27365478
4/23/2019 20:00,0.841273689,0.27651329
4/23/2019 21:00,0.857291576,0.281778114
4/23/2019 22:00,0.859680849,0.28256343
4/23/2019 23:00,0.842768138,0.277004491
4/24/2019 0:00,0.812490356,0.267052666
4/24/2019 1:00,0.808392217,0.265705672
4/24/2019 2:00,0.815019431,0.267883932
4/24/2019 3:00,0.817705039,0.268766649
4/24/2019 4:00,0.810997899,0.266562119
4/24/2019 5:00,0.814083864,0.267576426
4/24/2019 6:00,0.827757097,0.272070601
4/24/2019 7:00,0.82692522,0.271797176
4/24/2019 8:00,0.840384741,0.276221107
4/24/2019 9:00,0.827386693,0.271948855
4/24/2019 10:00,0.806325573,0.2650264
4/24/2019 11:00,0.820291217,0.269616685
4/24/2019 12:00,0.782903238,0.25732785
4/24/2019 13:00,0.734952737,0.241567283
4/24/2019 14:00,0.720095273,0.23668387
4/24/2019 15:00,0.705693068,0.231950095
4/24/2019 16:00,0.68377416,0.224745698
4/24/2019 17:00,0.676433689,0.222333002
4/24/2019 18:00,0.692670832,0.227669893
4/24/2019 19:00,0.695017293,0.228441137
4/24/2019 20:00,0.698271243,0.229510659
4/24/2019 21:00,0.697228556,0.229167944
4/24/2019 22:00,0.617748593,0.203044144
4/24/2019 23:00,0.590195957,0.19398803
4/25/2019 0:00,0.54663293,0.179669556
4/25/2019 1:00,0.521416801,0.171381415
4/25/2019 2:00,0.496631022,0.163234723
4/25/2019 3:00,0.530644236,0.174414326
4/25/2019 4:00,0.581193202,0.191028967
4/25/2019 5:00,0.60772941,0.199750997
4/25/2019 6:00,0.605531144,0.199028462
4/25/2019 7:00,0.532650644,0.1750738
4/25/2019 8:00,0.580935757,0.190944349
4/25/2019 9:00,0.575884726,0.189284156
4/25/2019 10:00,0.513362588,0.168734123
4/25/2019 11:00,0.589403648,0.19372761
4/25/2019 12:00,0.607792241,0.199771649
4/25/2019 13:00,0.605011633,0.198857707
4/25/2019 14:00,0.630595704,0.207266785
4/25/2019 15:00,0.623398147,0.204901062
4/25/2019 16:00,0.615725517,0.202379191
4/25/2019 17:00,0.618550648,0.203307766
4/25/2019 18:00,0.558476723,0.183562422
4/25/2019 19:00,0.525073752,0.172583396
4/25/2019 20:00,0.594312729,0.195341148
4/25/2019 21:00,0.633327948,0.20816483
4/25/2019 22:00,0.647887013,0.212950163
4/25/2019 23:00,0.611170165,0.200881919
4/26/2019 0:00,0.58301688,0.191628382
4/26/2019 1:00,0.571598323,0.187875283
4/26/2019 2:00,0.575882385,0.189283386
4/26/2019 3:00,0.607846437,0.199789462
4/26/2019 4:00,0.579248252,0.190389693
4/26/2019 5:00,0.618714942,0.203361767
4/26/2019 6:00,0.58050662,0.190803299
4/26/2019 7:00,0.600709253,0.197443583
4/26/2019 8:00,0.619098255,0.203487756
4/26/2019 9:00,0.605805532,0.199118649
4/26/2019 10:00,0.599020582,0.196888544
4/26/2019 11:00,0.663291532,0.218013384
4/26/2019 12:00,0.67483651,0.221808035
4/26/2019 13:00,0.684346698,0.224933882
4/26/2019 14:00,0.729911604,0.239910342
4/26/2019 15:00,0.750919441,0.246815285
4/26/2019 16:00,0.747662514,0.245744784
4/26/2019 17:00,0.738574924,0.242757838
4/26/2019 18:00,0.723906002,0.237936397
4/26/2019 19:00,0.731836804,0.240543125
4/26/2019 20:00,0.740599187,0.243423181
4/26/2019 21:00,0.73539828,0.241713726
4/26/2019 22:00,0.697738446,0.229335537
4/26/2019 23:00,0.674365777,0.221653312
4/27/2019 0:00,0.655000275,0.215288179
4/27/2019 1:00,0.622365175,0.204561541
4/27/2019 2:00,0.555885877,0.182710852
4/27/2019 3:00,0.490177483,0.161113548
4/27/2019 4:00,0.502668067,0.165219004
4/27/2019 5:00,0.5183612,0.170377087
4/27/2019 6:00,0.496003958,0.163028617
4/27/2019 7:00,0.450685654,0.148133211
4/27/2019 8:00,0.417882134,0.137351215
4/27/2019 9:00,0.407256361,0.133858693
4/27/2019 10:00,0.352465008,0.115849646
4/27/2019 11:00,0.295304651,0.097061945
4/27/2019 12:00,0.254756114,0.083734285
4/27/2019 13:00,0.264394403,0.086902238
4/27/2019 14:00,0.195384624,0.06421982
4/27/2019 15:00,0.197737771,0.064993262
4/27/2019 16:00,0.233683641,0.076808099
4/27/2019 17:00,0.205648343,0.067593342
4/27/2019 18:00,0.161477578,0.053075113
4/27/2019 19:00,0.123821708,0.040698227
4/27/2019 20:00,0.105906183,0.034809679
4/27/2019 21:00,0.091258719,0.02999529
4/27/2019 22:00,0.10034439,0.032981606
4/27/2019 23:00,0.0642997,0.021134289
4/28/2019 0:00,0,0
4/28/2019 1:00,0,0
4/28/2019 2:00,0,0
4/28/2019 3:00,0,0
4/28/2019 4:00,0,0
4/28/2019 5:00,0,0
4/28/2019 6:00,0.002876443,0.000945441
4/28/2019 7:00,0,0
4/28/2019 8:00,0,0
4/28/2019 9:00,0.00836068,0.002748023
4/28/2019 10:00,0.031601235,0.010386824
4/28/2019 11:00,0.018387434,0.006043657
4/28/2019 12:00,0.016294925,0.005355883
4/28/2019 13:00,0.049342463,0.016218083
4/28/2019 14:00,0.064699649,0.021265746
4/28/2019 15:00,0.099470857,0.032694489
4/28/2019 16:00,0.141364877,0.046464388
4/28/2019 17:00,0.164103527,0.053938221
4/28/2019 18:00,0.193055804,0.063454374
4/28/2019 19:00,0.176525964,0.058021278
4/28/2019 20:00,0.1745298,0.057365171
4/28/2019 21:00,0.203200983,0.066788933
4/28/2019 22:00,0.214777368,0.070593907
4/28/2019 23:00,0.230306723,0.075698159
4/29/2019 0:00,0.222926499,0.073272397
4/29/2019 1:00,0.215681614,0.070891118
4/29/2019 2:00,0.202441489,0.0665393
4/29/2019 3:00,0.167046211,0.054905434
4/29/2019 4:00,0.180968214,0.059481375
4/29/2019 5:00,0.252281819,0.082921024
4/29/2019 6:00,0.281650158,0.09257393
4/29/2019 7:00,0.288072669,0.094684908
4/29/2019 8:00,0.293135378,0.096348939
4/29/2019 9:00,0.270547298,0.088924597
4/29/2019 10:00,0.279801154,0.091966192
4/29/2019 11:00,0.269822494,0.088686365
4/29/2019 12:00,0.269029692,0.088425784
4/29/2019 13:00,0.276973056,0.091036641
4/29/2019 14:00,0.273407373,0.089864658
4/29/2019 15:00,0.243707466,0.08010277
4/29/2019 16:00,0.227135946,0.074655975
4/29/2019 17:00,0.250492605,0.082332938
4/29/2019 18:00,0.267757331,0.088007579
4/29/2019 19:00,0.271529229,0.089247342
4/29/2019 20:00,0.267402373,0.08789091
4/29/2019 21:00,0.268433769,0.088229913
4/29/2019 22:00,0.273319313,0.089835714
4/29/2019 23:00,0.234792637,0.077172608
4/30/2019 0:00,0.20776486,0.068289007
4/30/2019 1:00,0.192526353,0.063280352
4/30/2019 2:00,0.177472899,0.058332521
4/30/2019 3:00,0.176796873,0.058110322
4/30/2019 4:00,0.181767821,0.059744193
4/30/2019 5:00,0.178871813,0.058792322
4/30/2019 6:00,0.15788139,0.051893103
4/30/2019 7:00,0.153135764,0.050333292
4/30/2019 8:00,0.148847707,0.048923875
4/30/2019 9:00,0.141901129,0.046640646
4/30/2019 10:00,0.137268455,0.045117959
4/30/2019 11:00,0.110616635,0.03635793
4/30/2019 12:00,0.083277912,0.027372126
4/30/2019 13:00,0.049599515,0.016302572
4/30/2019 14:00,0.028423526,0.009342361
4/30/2019 15:00,0.022914613,0.007531669
4/30/2019 16:00,0.020222935,0.006646957
4/30/2019 17:00,0.027446934,0.009021371
4/30/2019 18:00,0.021770462,0.007155605
4/30/2019 19:00,0,0
4/30/2019 20:00,0,0
4/30/2019 21:00,0,0
4/30/2019 22:00,0,0
4/30/2019 23:00,0,0
05/01/2019 00:00,0,0
05/01/2019 01:00,0,0
05/01/2019 02:00,0,0
05/01/2019 03:00,0.011921144,0.00391829
05/01/2019 04:00,0.046673363,0.015340793
05/01/2019 05:00,0.064835466,0.021310387
05/01/2019 06:00,0.053933955,0.017727234
05/01/2019 07:00,0.027175251,0.008932073
05/01/2019 08:00,0,0
05/01/2019 09:00,0,0
05/01/2019 10:00,0,0
05/01/2019 11:00,0,0
05/01/2019 12:00,0,0
05/01/2019 13:00,0.034368628,0.011296422
05/01/2019 14:00,0.082268798,0.027040446
05/01/2019 15:00,0.100663464,0.033086481
05/01/2019 16:00,0.121156823,0.039822322
05/01/2019 17:00,0.146486362,0.048147739
05/01/2019 18:00,0.15296787,0.050278107
05/01/2019 19:00,0.159497801,0.052424392
05/01/2019 20:00,0.201675488,0.066287527
05/01/2019 21:00,0.240172291,0.078940815
05/01/2019 22:00,0.279702762,0.091933852
05/01/2019 23:00,0.358797381,0.117930996
05/02/2019 00:00,0.41602697,0.136741452
05/02/2019 01:00,0.4309114,0.141633728
05/02/2019 02:00,0.43935636,0.144409452
05/02/2019 03:00,0.451961101,0.14855243
05/02/2019 04:00,0.447513402,0.147090542
05/02/2019 05:00,0.463594985,0.152376303
05/02/2019 06:00,0.499410748,0.164148375
05/02/2019 07:00,0.50016196,0.164395286
05/02/2019 08:00,0.506214322,0.166384602
05/02/2019 09:00,0.534915306,0.175818159
05/02/2019 10:00,0.546385875,0.179588353
05/02/2019 11:00,0.521388432,0.17137209
05/02/2019 12:00,0.514691993,0.169171077
05/02/2019 13:00,0.521800584,0.171507558
05/02/2019 14:00,0.532487738,0.175020256
05/02/2019 15:00,0.52869596,0.173773959
05/02/2019 16:00,0.515231042,0.169348254
05/02/2019 17:00,0.510450937,0.167777109
05/02/2019 18:00,0.507257386,0.16672744
05/02/2019 19:00,0.499061496,0.164033581
05/02/2019 20:00,0.498466783,0.163838109
05/02/2019 21:00,0.517280662,0.170021932
05/02/2019 22:00,0.560623547,0.184268049
05/02/2019 23:00,0.589532203,0.193769865
05/03/2019 00:00,0.596411377,0.19603094
05/03/2019 01:00,0.635465472,0.2088674
05/03/2019 02:00,0.675762361,0.222112347
05/03/2019 03:00,0.700818349,0.230347852
05/03/2019 04:00,0.7331268,0.240967126
05/03/2019 05:00,0.759912667,0.249771215
05/03/2019 06:00,0.783358351,0.257477439
05/03/2019 07:00,0.804415063,0.264398445
05/03/2019 08:00,0.819466737,0.269345691
05/03/2019 09:00,0.820612553,0.269722303
05/03/2019 10:00,0.768853365,0.25270988
05/03/2019 11:00,0.748624166,0.246060864
05/03/2019 12:00,0.738512595,0.242737351
05/03/2019 13:00,0.71408017,0.234706802
05/03/2019 14:00,0.724127857,0.238009317
05/03/2019 15:00,0.732879215,0.240885749
05/03/2019 16:00,0.718682274,0.23621944
05/03/2019 17:00,0.712665313,0.234241761
05/03/2019 18:00,0.720811051,0.236919135
05/03/2019 19:00,0.738972474,0.242888506
05/03/2019 20:00,0.755252467,0.248239481
05/03/2019 21:00,0.761636037,0.250337659
05/03/2019 22:00,0.782916863,0.257332329
05/03/2019 23:00,0.756611799,0.248686272
05/04/2019 00:00,0.724310358,0.238069302
05/04/2019 01:00,0.706505293,0.23221706
05/04/2019 02:00,0.713938144,0.23466012
05/04/2019 03:00,0.73112239,0.240308308
05/04/2019 04:00,0.735636435,0.241792003
05/04/2019 05:00,0.740097875,0.243258408
05/04/2019 06:00,0.760541412,0.249977873
05/04/2019 07:00,0.75418376,0.247888214
05/04/2019 08:00,0.739824913,0.24316869
05/04/2019 09:00,0.728380257,0.239407013
05/04/2019 10:00,0.723696637,0.237867582
05/04/2019 11:00,0.67610787,0.22222591
05/04/2019 12:00,0.635700547,0.208944666
05/04/2019 13:00,0.620872973,0.204071078
05/04/2019 14:00,0.60344264,0.198342004
05/04/2019 15:00,0.605241347,0.198933211
05/04/2019 16:00,0.597296872,0.196321988
05/04/2019 17:00,0.604768205,0.198777696
05/04/2019 18:00,0.602136238,0.19791261
05/04/2019 19:00,0.594599602,0.195435438
05/04/2019 20:00,0.574726458,0.188903452
05/04/2019 21:00,0.553417798,0.181899634
05/04/2019 22:00,0.597211335,0.196293873
05/04/2019 23:00,0.552435704,0.181576835
05/05/2019 00:00,0.595462111,0.195718931
05/05/2019 01:00,0.639816536,0.210297526
05/05/2019 02:00,0.677270915,0.222608185
05/05/2019 03:00,0.680918028,0.223806933
05/05/2019 04:00,0.699413623,0.229886141
05/05/2019 05:00,0.704894119,0.231687493
05/05/2019 06:00,0.724626493,0.23817321
05/05/2019 07:00,0.741073916,0.243579217
05/05/2019 08:00,0.747154085,0.245577672
05/05/2019 09:00,0.742865076,0.244167943
05/05/2019 10:00,0.75963867,0.249681157
05/05/2019 11:00,0.761606979,0.250328108
05/05/2019 12:00,0.74089632,0.243520844
05/05/2019 13:00,0.706237302,0.232128976
05/05/2019 14:00,0.703185237,0.23112581
05/05/2019 15:00,0.693275227,0.227868548
05/05/2019 16:00,0.675731342,0.222102152
05/05/2019 17:00,0.656091152,0.215646733
05/05/2019 18:00,0.655299909,0.215386664
05/05/2019 19:00,0.671277226,0.220638154
05/05/2019 20:00,0.667355433,0.219349123
05/05/2019 21:00,0.631320718,0.207505085
05/05/2019 22:00,0.621521294,0.20428417
05/05/2019 23:00,0.595215828,0.195637982
05/06/2019 00:00,0.587457415,0.193087915
05/06/2019 01:00,0.565911006,0.186005953
05/06/2019 02:00,0.564487751,0.185538151
05/06/2019 03:00,0.560719757,0.184299672
05/06/2019 04:00,0.532809252,0.175125932
05/06/2019 05:00,0.502611749,0.165200493
05/06/2019 06:00,0.471675585,0.155032268
05/06/2019 07:00,0.398449264,0.13096394
05/06/2019 08:00,0.357159936,0.117392794
05/06/2019 09:00,0.31649931,0.104028292
05/06/2019 10:00,0.256233099,0.084219747
05/06/2019 11:00,0.243653834,0.080085142
05/06/2019 12:00,0.2548983,0.08378102
05/06/2019 13:00,0.265554575,0.087283568
05/06/2019 14:00,0.280487174,0.092191676
05/06/2019 15:00,0.304689385,0.100146558
05/06/2019 16:00,0.32887491,0.108095955
05/06/2019 17:00,0.343332559,0.112847955
05/06/2019 18:00,0.33156496,0.108980132
05/06/2019 19:00,0.307608984,0.101106184
05/06/2019 20:00,0.286110525,0.094039982
05/06/2019 21:00,0.265869057,0.087386933
05/06/2019 22:00,0.271862166,0.089356773
05/06/2019 23:00,0.249661214,0.082059673
05/07/2019 00:00,0.242498613,0.07970544
05/07/2019 01:00,0.241949238,0.079524869
05/07/2019 02:00,0.250566672,0.082357282
05/07/2019 03:00,0.243325696,0.079977289
05/07/2019 04:00,0.223099984,0.073329419
05/07/2019 05:00,0.207670616,0.068258031
05/07/2019 06:00,0.191633882,0.062987011
05/07/2019 07:00,0.183997765,0.060477141
05/07/2019 08:00,0.1761959,0.057912792
05/07/2019 09:00,0.165457885,0.054383377
05/07/2019 10:00,0.18880153,0.062056062
05/07/2019 11:00,0.176941834,0.058157968
05/07/2019 12:00,0.157265387,0.051690633
05/07/2019 13:00,0.135828136,0.044644549
05/07/2019 14:00,0.12088415,0.039732699
05/07/2019 15:00,0.103092129,0.033884744
05/07/2019 16:00,0.07775765,0.025557704
05/07/2019 17:00,0.058051635,0.01908065
05/07/2019 18:00,0.043611579,0.014334433
05/07/2019 19:00,0.035623902,0.01170901
05/07/2019 20:00,0.03436645,0.011295706
05/07/2019 21:00,0.014314284,0.004704878
05/07/2019 22:00,0,0
05/07/2019 23:00,0,0
05/08/2019 00:00,0,0
05/08/2019 01:00,0,0
05/08/2019 02:00,0,0
05/08/2019 03:00,0,0
05/08/2019 04:00,0,0
05/08/2019 05:00,0.015758594,0.005179599
05/08/2019 06:00,0.032690723,0.010744921
05/08/2019 07:00,0.046520083,0.015290412
05/08/2019 08:00,0.054422784,0.017887904
05/08/2019 09:00,0.067541324,0.02219976
05/08/2019 10:00,0,0
05/08/2019 11:00,0.0173545,0.005704148
05/08/2019 12:00,0.069666798,0.022898369
05/08/2019 13:00,0.102271381,0.033614977
05/08/2019 14:00,0.108791467,0.035758026
05/08/2019 15:00,0.099783519,0.032797257
05/08/2019 16:00,0.08210509,0.026986638
05/08/2019 17:00,0.062922267,0.020681549
05/08/2019 18:00,0.0517241,0.01700089
05/08/2019 19:00,0.047622164,0.015652648
05/08/2019 20:00,0.050309432,0.016535911
05/08/2019 21:00,0.044739265,0.014705085
05/08/2019 22:00,0.023426553,0.007699936
05/08/2019 23:00,0,0
05/09/2019 00:00,0,0
05/09/2019 01:00,0.053922714,0.017723539
05/09/2019 02:00,0.081404219,0.026756273
05/09/2019 03:00,0.095411128,0.031360121
05/09/2019 04:00,0.085513475,0.02810692
05/09/2019 05:00,0.07863379,0.025845677
05/09/2019 06:00,0.08034735,0.026408897
05/09/2019 07:00,0.107933511,0.035476029
05/09/2019 08:00,0.130762124,0.042979432
05/09/2019 09:00,0.163536576,0.053751873
05/09/2019 10:00,0.184692842,0.060705601
05/09/2019 11:00,0.223607287,0.073496161
05/09/2019 12:00,0.247759926,0.081434749
05/09/2019 13:00,0.261424045,0.085925928
05/09/2019 14:00,0.252863679,0.083112272
05/09/2019 15:00,0.243547898,0.080050323
05/09/2019 16:00,0.239053796,0.078573183
05/09/2019 17:00,0.239363045,0.078674828
05/09/2019 18:00,0.23879193,0.078487112
05/09/2019 19:00,0.245055491,0.080545845
05/09/2019 20:00,0.249652194,0.082056708
05/09/2019 21:00,0.231306232,0.076026682
05/09/2019 22:00,0.201437193,0.066209203
05/09/2019 23:00,0.170372515,0.055998738
05/10/2019 00:00,0.1809683,0.059481404
05/10/2019 01:00,0.189688361,0.062347549
05/10/2019 02:00,0.172236741,0.056611479
05/10/2019 03:00,0.134467667,0.044197385
05/10/2019 04:00,0.108852291,0.035778018
05/10/2019 05:00,0.076160945,0.025032892
05/10/2019 06:00,0.046139265,0.015165243
05/10/2019 07:00,0.013637928,0.00448257
05/10/2019 08:00,0,0
05/10/2019 09:00,0,0
05/10/2019 10:00,0,0
05/10/2019 11:00,0,0
05/10/2019 12:00,0,0
05/10/2019 13:00,0,0
05/10/2019 14:00,0,0
05/10/2019 15:00,0,0
05/10/2019 16:00,0,0
05/10/2019 17:00,0,0
05/10/2019 18:00,0,0
05/10/2019 19:00,0,0
05/10/2019 20:00,0,0
05/10/2019 21:00,0,0
05/10/2019 22:00,0,0
05/10/2019 23:00,0,0
05/11/2019 00:00,0,0
05/11/2019 01:00,0.017772978,0.005841695
05/11/2019 02:00,0.033719533,0.011083075
05/11/2019 03:00,0.057404965,0.0188681
05/11/2019 04:00,0.087067626,0.028617745
05/11/2019 05:00,0.097075454,0.031907159
05/11/2019 06:00,0.104759301,0.034432717
05/11/2019 07:00,0.102903905,0.033822878
05/11/2019 08:00,0.095320298,0.031330267
05/11/2019 09:00,0.087395856,0.028725629
05/11/2019 10:00,0.092058222,0.030258074
05/11/2019 11:00,0.106980223,0.035162699
05/11/2019 12:00,0.127678298,0.041965827
05/11/2019 13:00,0.142840711,0.046949471
05/11/2019 14:00,0.151629643,0.049838254
05/11/2019 15:00,0.160287466,0.052683942
05/11/2019 16:00,0.164800689,0.054167367
05/11/2019 17:00,0.170691294,0.056103515
05/11/2019 18:00,0.184335688,0.060588211
05/11/2019 19:00,0.186810279,0.061401569
05/11/2019 20:00,0.16174681,0.053163605
05/11/2019 21:00,0.114848024,0.03774872
05/11/2019 22:00,0,0
05/11/2019 23:00,0,0
05/12/2019 00:00,0,0
05/12/2019 01:00,0,0
05/12/2019 02:00,0.015932193,0.005236658
05/12/2019 03:00,0.025044346,0.008231678
05/12/2019 04:00,0.039196155,0.012883153
05/12/2019 05:00,0.061580942,0.020240677
05/12/2019 06:00,0.079722843,0.026203631
05/12/2019 07:00,0.063219503,0.020779246
05/12/2019 08:00,0.100575307,0.033057505
05/12/2019 09:00,0.104945375,0.034493877
05/12/2019 10:00,0.084868723,0.027895
05/12/2019 11:00,0.101741945,0.03344096
05/12/2019 12:00,0.106495155,0.035003265
05/12/2019 13:00,0.090528645,0.029755327
05/12/2019 14:00,0.072813849,0.023932755
05/12/2019 15:00,0.018454954,0.00606585
05/12/2019 16:00,0,0
05/12/2019 17:00,0,0
05/12/2019 18:00,0,0
05/12/2019 19:00,0,0
05/12/2019 20:00,0,0
05/12/2019 21:00,0.082633016,0.027160159
05/12/2019 22:00,0.11595436,0.038112355
05/12/2019 23:00,0.109461752,0.035978338
5/13/2019 0:00,0.120117614,0.039480751
5/13/2019 1:00,0.132939916,0.043695237
5/13/2019 2:00,0.119807772,0.03937891
5/13/2019 3:00,0.113652078,0.037355632
5/13/2019 4:00,0.1195686,0.039300298
5/13/2019 5:00,0.108535013,0.035673734
5/13/2019 6:00,0.10589146,0.03480484
5/13/2019 7:00,0.112412621,0.036948242
5/13/2019 8:00,0.13021508,0.042799627
5/13/2019 9:00,0.158172489,0.051988783
5/13/2019 10:00,0.246239984,0.080935169
5/13/2019 11:00,0.252042343,0.082842312
5/13/2019 12:00,0.282752214,0.092936158
5/13/2019 13:00,0.347603637,0.11425179
5/13/2019 14:00,0.419013753,0.137723161
5/13/2019 15:00,0.44370963,0.145840303
5/13/2019 16:00,0.428804206,0.140941127
5/13/2019 17:00,0.392232086,0.128920452
5/13/2019 18:00,0.346334947,0.113834792
5/13/2019 19:00,0.290173784,0.095375511
5/13/2019 20:00,0.230160287,0.075650028
5/13/2019 21:00,0.175851208,0.057799497
5/13/2019 22:00,0.150126688,0.049344256
5/13/2019 23:00,0.093465164,0.030720514
5/14/2019 0:00,0.041949595,0.013788165
5/14/2019 1:00,0.016447818,0.005406136
5/14/2019 2:00,0.035041963,0.011517736
5/14/2019 3:00,0.089848542,0.029531788
5/14/2019 4:00,0.140007438,0.046018219
5/14/2019 5:00,0.171655886,0.056420561
5/14/2019 6:00,0.186539719,0.061312641
5/14/2019 7:00,0.180581689,0.059354331
5/14/2019 8:00,0.171381045,0.056330225
5/14/2019 9:00,0.156974858,0.051595141
5/14/2019 10:00,0.089366219,0.029373256
5/14/2019 11:00,0.048998926,0.016105168
5/14/2019 12:00,0,0
5/14/2019 13:00,0,0
5/14/2019 14:00,0,0
5/14/2019 15:00,0,0
5/14/2019 16:00,0,0
5/14/2019 17:00,0,0
5/14/2019 18:00,0.009123396,0.002998715
5/14/2019 19:00,0.059039314,0.019405284
5/14/2019 20:00,0.093361844,0.030686554
5/14/2019 21:00,0.136241282,0.044780344
5/14/2019 22:00,0.145613448,0.047860826
5/14/2019 23:00,0.147771454,0.048570128
5/15/2019 0:00,0.15143641,0.049774741
5/15/2019 1:00,0.173911344,0.057161895
5/15/2019 2:00,0.20545232,0.067528912
5/15/2019 3:00,0.236546642,0.077749121
5/15/2019 4:00,0.255617241,0.084017324
5/15/2019 5:00,0.268723761,0.088325229
5/15/2019 6:00,0.277690517,0.091272459
5/15/2019 7:00,0.279916936,0.092004248
5/15/2019 8:00,0.291355966,0.095764075
5/15/2019 9:00,0.299747574,0.098522263
5/15/2019 10:00,0.322398459,0.105967249
5/15/2019 11:00,0.352399507,0.115828116
5/15/2019 12:00,0.392467005,0.128997666
5/15/2019 13:00,0.416771697,0.136986232
5/15/2019 14:00,0.416111169,0.136769127
5/15/2019 15:00,0.411230666,0.135164984
5/15/2019 16:00,0.412974121,0.135738029
5/15/2019 17:00,0.42452905,0.139535951
5/15/2019 18:00,0.42207852,0.138730501
5/15/2019 19:00,0.424964033,0.139678923
5/15/2019 20:00,0.431881071,0.141952443
5/15/2019 21:00,0.427891944,0.140641281
5/15/2019 22:00,0.401001391,0.131802783
5/15/2019 23:00,0.407929525,0.134079951
5/16/2019 0:00,0.420100013,0.138080197
5/16/2019 1:00,0.423637877,0.139243036
5/16/2019 2:00,0.415453826,0.136553069
5/16/2019 3:00,0.419690191,0.137945495
5/16/2019 4:00,0.414807712,0.136340702
5/16/2019 5:00,0.421238123,0.138454276
5/16/2019 6:00,0.448799456,0.147513248
5/16/2019 7:00,0.472185105,0.155199739
5/16/2019 8:00,0.488770986,0.160651254
5/16/2019 9:00,0.50051455,0.164511177
5/16/2019 10:00,0.533084254,0.175216321
5/16/2019 11:00,0.522670656,0.171793537
5/16/2019 12:00,0.518422108,0.170397107
5/16/2019 13:00,0.516501133,0.169765713
5/16/2019 14:00,0.513854322,0.168895748
5/16/2019 15:00,0.534059641,0.175536915
5/16/2019 16:00,0.556269701,0.182837009
5/16/2019 17:00,0.551146647,0.181153143
5/16/2019 18:00,0.547919504,0.180092432
5/16/2019 19:00,0.548898002,0.180414049
5/16/2019 20:00,0.57214778,0.188055881
5/16/2019 21:00,0.557276083,0.183167791
5/16/2019 22:00,0.481599301,0.158294035
5/16/2019 23:00,0.453240382,0.148972909
5/17/2019 0:00,0.434492035,0.142810626
5/17/2019 1:00,0.456967414,0.150197926
5/17/2019 2:00,0.444627229,0.146141903
5/17/2019 3:00,0.406095378,0.133477096
5/17/2019 4:00,0.35441832,0.116491668
5/17/2019 5:00,0.26712491,0.087799712
5/17/2019 6:00,0.206747322,0.067954558
5/17/2019 7:00,0.160922905,0.052892801
5/17/2019 8:00,0.126697943,0.0416436
5/17/2019 9:00,0.146415606,0.048124482
5/17/2019 10:00,0.177459358,0.05832807
5/17/2019 11:00,0.252886746,0.083119854
5/17/2019 12:00,0.29219669,0.096040408
5/17/2019 13:00,0.287583058,0.09452398
5/17/2019 14:00,0.251870572,0.082785854
5/17/2019 15:00,0.224542629,0.073803593
5/17/2019 16:00,0.226662586,0.074500389
5/17/2019 17:00,0.218874449,0.071940552
5/17/2019 18:00,0.236303682,0.077669264
5/17/2019 19:00,0.284771702,0.093599932
5/17/2019 20:00,0.239741997,0.078799384
5/17/2019 21:00,0.162131457,0.053290033
5/17/2019 22:00,0.122124896,0.040140512
5/17/2019 23:00,0.118305934,0.03888528
5/18/2019 0:00,0.123428199,0.040568887
5/18/2019 1:00,0.139111275,0.045723665
5/18/2019 2:00,0.204869802,0.067337448
5/18/2019 3:00,0.276400847,0.090848565
5/18/2019 4:00,0.306574137,0.100766046
5/18/2019 5:00,0.274138676,0.090105025
5/18/2019 6:00,0.209835405,0.068969562
5/18/2019 7:00,0.09962687,0.032745769
5/18/2019 8:00,0,0
5/18/2019 9:00,0,0
5/18/2019 10:00,0,0
5/18/2019 11:00,0,0
5/18/2019 12:00,0,0
5/18/2019 13:00,0.094568973,0.031083318
5/18/2019 14:00,0.140906292,0.046313658
5/18/2019 15:00,0.163759648,0.053825193
5/18/2019 16:00,0.192054959,0.063125412
5/18/2019 17:00,0.214371878,0.070460629
5/18/2019 18:00,0.217720746,0.071561349
5/18/2019 19:00,0.199468322,0.065562067
5/18/2019 20:00,0.178142626,0.05855265
5/18/2019 21:00,0.175116062,0.057557866
5/18/2019 22:00,0.219355008,0.072098505
5/18/2019 23:00,0.186847383,0.061413765
5/19/2019 0:00,0.186153803,0.061185796
5/19/2019 1:00,0.192758676,0.063356713
5/19/2019 2:00,0.185834752,0.061080929
5/19/2019 3:00,0.159838877,0.052536498
5/19/2019 4:00,0.158207868,0.052000411
5/19/2019 5:00,0.171148874,0.056253914
5/19/2019 6:00,0.160653931,0.052804394
5/19/2019 7:00,0.130549903,0.042909678
5/19/2019 8:00,0.089700112,0.029483001
5/19/2019 9:00,0.046540096,0.01529699
5/19/2019 10:00,0,0
5/19/2019 11:00,0,0
5/19/2019 12:00,0,0
5/19/2019 13:00,0,0
5/19/2019 14:00,0,0
5/19/2019 15:00,0,0
5/19/2019 16:00,0,0
5/19/2019 17:00,0,0
5/19/2019 18:00,0,0
5/19/2019 19:00,0.012620112,0.00414803
5/19/2019 20:00,0.010694801,0.003515211
5/19/2019 21:00,0,0
5/19/2019 22:00,0.019974641,0.006565347
5/19/2019 23:00,0.017696904,0.005816691
5/20/2019 0:00,0.018058988,0.005935702
5/20/2019 1:00,0.026291341,0.008641546
5/20/2019 2:00,0.040021245,0.013154347
5/20/2019 3:00,0.04371792,0.014369385
5/20/2019 4:00,0.027679649,0.009097861
5/20/2019 5:00,0.00454939,0.001495312
5/20/2019 6:00,0,0
5/20/2019 7:00,0.021798972,0.007164975
5/20/2019 8:00,0.066527706,0.021866599
5/20/2019 9:00,0.082147063,0.027000434
5/20/2019 10:00,0.111544817,0.036663008
5/20/2019 11:00,0.097423028,0.032021401
5/20/2019 12:00,0.069797131,0.022941208
5/20/2019 13:00,0,0
5/20/2019 14:00,0,0
5/20/2019 15:00,0,0
5/20/2019 16:00,0,0
5/20/2019 17:00,0,0
5/20/2019 18:00,0,0
5/20/2019 19:00,0,0
5/20/2019 20:00,0,0
5/20/2019 21:00,0,0
5/20/2019 22:00,0,0
5/20/2019 23:00,0,0
5/21/2019 0:00,0,0
5/21/2019 1:00,0,0
5/21/2019 2:00,0.035757183,0.011752818
5/21/2019 3:00,0.070862075,0.023291238
5/21/2019 4:00,0.077988107,0.025633451
5/21/2019 5:00,0.067029897,0.022031662
5/21/2019 6:00,0.04191491,0.013776765
5/21/2019 7:00,0,0
5/21/2019 8:00,0,0
5/21/2019 9:00,0,0
5/21/2019 10:00,0,0
5/21/2019 11:00,0,0
5/21/2019 12:00,0.057652589,0.01894949
5/21/2019 13:00,0.144365596,0.047450677
5/21/2019 14:00,0.180675946,0.059385312
5/21/2019 15:00,0.179435559,0.058977616
5/21/2019 16:00,0.158458077,0.052082651
5/21/2019 17:00,0.144168862,0.047386013
5/21/2019 18:00,0.137439871,0.045174301
5/21/2019 19:00,0.126636742,0.041623484
5/21/2019 20:00,0.108595285,0.035693544
5/21/2019 21:00,0.089241027,0.029332107
5/21/2019 22:00,0.091108361,0.02994587
5/21/2019 23:00,0.084779926,0.027865814
5/22/2019 0:00,0.089247795,0.029334332
5/22/2019 1:00,0.103919034,0.034156535
5/22/2019 2:00,0.169157317,0.055599321
5/22/2019 3:00,0.215158219,0.070719087
5/22/2019 4:00,0.243603267,0.080068522
5/22/2019 5:00,0.281370805,0.092482111
5/22/2019 6:00,0.316625935,0.104069912
5/22/2019 7:00,0.361297449,0.118752729
5/22/2019 8:00,0.389017509,0.127863872
5/22/2019 9:00,0.391974864,0.128835907
5/22/2019 10:00,0.425895823,0.139985188
5/22/2019 11:00,0.45675491,0.150128079
5/22/2019 12:00,0.449302388,0.147678553
5/22/2019 13:00,0.444495637,0.146098651
5/22/2019 14:00,0.459809244,0.15113199
5/22/2019 15:00,0.487805142,0.160333796
5/22/2019 16:00,0.503028587,0.165337501
5/22/2019 17:00,0.511493977,0.16811994
5/22/2019 18:00,0.51029557,0.167726043
5/22/2019 19:00,0.512552942,0.168468005
5/22/2019 20:00,0.522121496,0.171613037
5/22/2019 21:00,0.505236121,0.166063082
5/22/2019 22:00,0.522793326,0.171833857
5/22/2019 23:00,0.546277107,0.179552602
5/23/2019 0:00,0.556089486,0.182777775
5/23/2019 1:00,0.574972303,0.188984257
5/23/2019 2:00,0.63565778,0.208930609
5/23/2019 3:00,0.613750448,0.201730017
5/23/2019 4:00,0.584448727,0.192099007
5/23/2019 5:00,0.561938304,0.184700189
5/23/2019 6:00,0.563763123,0.185299978
5/23/2019 7:00,0.591852498,0.194532509
5/23/2019 8:00,0.632762708,0.207979045
5/23/2019 9:00,0.656298806,0.215714986
5/23/2019 10:00,0.645159926,0.212053813
5/23/2019 11:00,0.65933867,0.216714141
5/23/2019 12:00,0.66012848,0.216973739
5/23/2019 13:00,0.687099155,0.225838571
5/23/2019 14:00,0.707929026,0.232685019
5/23/2019 15:00,0.740016813,0.243231764
5/23/2019 16:00,0.751515929,0.247011341
5/23/2019 17:00,0.750857073,0.246794785
5/23/2019 18:00,0.715240596,0.235088215
5/23/2019 19:00,0.679988853,0.223501528
5/23/2019 20:00,0.640711909,0.21059182
5/23/2019 21:00,0.591589301,0.194446
5/23/2019 22:00,0.626191336,0.205819139
5/23/2019 23:00,0.574683677,0.18888939
5/24/2019 0:00,0.481091696,0.158127194
5/24/2019 1:00,0.452317817,0.148669677
5/24/2019 2:00,0.445888122,0.146556338
5/24/2019 3:00,0.428988094,0.141001568
5/24/2019 4:00,0.405583153,0.133308736
5/24/2019 5:00,0.375662361,0.123474247
5/24/2019 6:00,0.345427156,0.113536416
5/24/2019 7:00,0.328995787,0.108135686
5/24/2019 8:00,0.329261758,0.108223106
5/24/2019 9:00,0.313594385,0.10307349
5/24/2019 10:00,0.349840915,0.114987148
5/24/2019 11:00,0.342478933,0.112567382
5/24/2019 12:00,0.312772766,0.102803437
5/24/2019 13:00,0.321773748,0.105761916
5/24/2019 14:00,0.355652131,0.116897202
5/24/2019 15:00,0.405851949,0.133397085
5/24/2019 16:00,0.424365608,0.13948223
5/24/2019 17:00,0.449561444,0.147763701
5/24/2019 18:00,0.449239108,0.147657754
5/24/2019 19:00,0.416108458,0.136768236
5/24/2019 20:00,0.373742878,0.122843343
5/24/2019 21:00,0.389580961,0.12804907
5/24/2019 22:00,0.410146814,0.134808738
5/24/2019 23:00,0.433613811,0.142521967
5/25/2019 0:00,0.377660074,0.124130863
5/25/2019 1:00,0.34308224,0.112765679
5/25/2019 2:00,0.320133199,0.105222694
5/25/2019 3:00,0.286231121,0.09407962
5/25/2019 4:00,0.270039773,0.088757781
5/25/2019 5:00,0.279289553,0.091798037
5/25/2019 6:00,0.24330809,0.079971502
5/25/2019 7:00,0.213713865,0.070244351
5/25/2019 8:00,0.214392215,0.070467313
5/25/2019 9:00,0.211260284,0.069437897
5/25/2019 10:00,0.244849624,0.08047818
5/25/2019 11:00,0.249600561,0.082039737
5/25/2019 12:00,0.240396545,0.079014523
5/25/2019 13:00,0.234370537,0.07703387
5/25/2019 14:00,0.195518842,0.064263936
5/25/2019 15:00,0.182655368,0.060035916
5/25/2019 16:00,0.156902064,0.051571215
5/25/2019 17:00,0.146475443,0.04814415
5/25/2019 18:00,0.154513547,0.050786147
5/25/2019 19:00,0.167953125,0.055203523
5/25/2019 20:00,0.175745027,0.057764597
5/25/2019 21:00,0.165795924,0.054494485
5/25/2019 22:00,0.12570703,0.041317903
5/25/2019 23:00,0.109590459,0.036020642
5/26/2019 0:00,0.075920437,0.024953841
5/26/2019 1:00,0.053663558,0.017638358
5/26/2019 2:00,0.051129947,0.016805601
5/26/2019 3:00,0.047396107,0.015578347
5/26/2019 4:00,0.103078709,0.033880333
5/26/2019 5:00,0.128259211,0.042156764
5/26/2019 6:00,0.123297517,0.040525934
5/26/2019 7:00,0.137321914,0.045135531
5/26/2019 8:00,0.176808321,0.058114085
5/26/2019 9:00,0.208193632,0.068429938
5/26/2019 10:00,0.179364525,0.058954268
5/26/2019 11:00,0.185486852,0.06096658
5/26/2019 12:00,0.18844177,0.061937814
5/26/2019 13:00,0.193067363,0.063458174
5/26/2019 14:00,0.206594723,0.067904402
5/26/2019 15:00,0.229837263,0.075543855
5/26/2019 16:00,0.248535607,0.081689704
5/26/2019 17:00,0.267902464,0.088055282
5/26/2019 18:00,0.272846206,0.089680211
5/26/2019 19:00,0.275148565,0.09043696
5/26/2019 20:00,0.261223063,0.085859869
5/26/2019 21:00,0.257201581,0.084538071
5/26/2019 22:00,0.272009751,0.089405282
5/26/2019 23:00,0.308012728,0.101238888
5/27/2019 0:00,0.327253292,0.107562956
5/27/2019 1:00,0.331312578,0.108897178
5/27/2019 2:00,0.355253856,0.116766296
5/27/2019 3:00,0.36414702,0.119689337
5/27/2019 4:00,0.356040595,0.117024884
5/27/2019 5:00,0.336123572,0.110478476
5/27/2019 6:00,0.309765597,0.101815028
5/27/2019 7:00,0.28517877,0.093733729
5/27/2019 8:00,0.265645613,0.08731349
5/27/2019 9:00,0.238985685,0.078550796
5/27/2019 10:00,0.159044697,0.052275464
5/27/2019 11:00,0.168229128,0.055294241
5/27/2019 12:00,0.196226576,0.064496556
5/27/2019 13:00,0.21511495,0.070704865
5/27/2019 14:00,0.220099108,0.072343078
5/27/2019 15:00,0.216559698,0.071179731
5/27/2019 16:00,0.22487563,0.073913045
5/27/2019 17:00,0.23678434,0.077827249
5/27/2019 18:00,0.242417521,0.079678786
5/27/2019 19:00,0.240906429,0.079182114
5/27/2019 20:00,0.240790501,0.07914401
5/27/2019 21:00,0.247770825,0.081438332
5/27/2019 22:00,0.292921745,0.096278722
5/27/2019 23:00,0.307620706,0.101110036
5/28/2019 0:00,0.30093831,0.098913639
5/28/2019 1:00,0.316190975,0.103926948
5/28/2019 2:00,0.358471761,0.11782397
5/28/2019 3:00,0.386422388,0.127010897
5/28/2019 4:00,0.399466096,0.131298156
5/28/2019 5:00,0.401276609,0.131893243
5/28/2019 6:00,0.397298263,0.130585624
5/28/2019 7:00,0.393799935,0.129435779
5/28/2019 8:00,0.394722018,0.129738853
5/28/2019 9:00,0.3963113,0.130261225
5/28/2019 10:00,0.365075255,0.119994433
5/28/2019 11:00,0.401280413,0.131894493
5/28/2019 12:00,0.400610324,0.131674246
5/28/2019 13:00,0.399803071,0.131408915
5/28/2019 14:00,0.408304168,0.13420309
5/28/2019 15:00,0.422650069,0.13891836
5/28/2019 16:00,0.456465889,0.150033082
5/28/2019 17:00,0.465158542,0.152890219
5/28/2019 18:00,0.47337707,0.155591519
5/28/2019 19:00,0.459241972,0.150945536
5/28/2019 20:00,0.43169643,0.141891755
5/28/2019 21:00,0.403303531,0.13255946
5/28/2019 22:00,0.291143959,0.095694392
5/28/2019 23:00,0.23225971,0.076340075
5/29/2019 0:00,0.249605158,0.082041248
5/29/2019 1:00,0.202610078,0.066594712
5/29/2019 2:00,0.165086395,0.054261274
5/29/2019 3:00,0.287990999,0.094658064
5/29/2019 4:00,0.43296624,0.142309121
5/29/2019 5:00,0.526336174,0.172998334
5/29/2019 6:00,0.549701722,0.180678218
5/29/2019 7:00,0.517910656,0.170229
5/29/2019 8:00,0.468918795,0.154126155
5/29/2019 9:00,0.411530544,0.135263549
5/29/2019 10:00,0.30696976,0.100896081
5/29/2019 11:00,0.194621353,0.063968945
5/29/2019 12:00,0.185445234,0.060952901
5/29/2019 13:00,0.095339934,0.031336721
5/29/2019 14:00,0,0
5/29/2019 15:00,0,0
5/29/2019 16:00,0,0
5/29/2019 17:00,0,0
5/29/2019 18:00,0,0
5/29/2019 19:00,0,0
5/29/2019 20:00,0,0
5/29/2019 21:00,0,0
5/29/2019 22:00,0.103032438,0.033865125
5/29/2019 23:00,0.128905184,0.042369085
5/30/2019 0:00,0.180334129,0.059272962
5/30/2019 1:00,0.216483065,0.071154542
5/30/2019 2:00,0.226132792,0.074326254
5/30/2019 3:00,0.245788328,0.080786717
5/30/2019 4:00,0.254298651,0.083583924
5/30/2019 5:00,0.230710891,0.075831003
5/30/2019 6:00,0.194312981,0.063867588
5/30/2019 7:00,0.161342188,0.053030613
5/30/2019 8:00,0.15660321,0.051472986
5/30/2019 9:00,0.172329244,0.056641883
5/30/2019 10:00,0.184041931,0.060491657
5/30/2019 11:00,0.214858872,0.070620696
5/30/2019 12:00,0.244219648,0.080271117
5/30/2019 13:00,0.224355596,0.073742118
5/30/2019 14:00,0.17987309,0.059121426
5/30/2019 15:00,0.157786029,0.05186176
5/30/2019 16:00,0.118687028,0.03901054
5/30/2019 17:00,0.075012201,0.024655318
5/30/2019 18:00,0.012231872,0.004020422
5/30/2019 19:00,0,0
5/30/2019 20:00,0,0
5/30/2019 21:00,0,0
5/30/2019 22:00,0,0
5/30/2019 23:00,0,0
5/31/2019 0:00,0,0
5/31/2019 1:00,0,0
5/31/2019 2:00,0,0
5/31/2019 3:00,0.006320753,0.002077531
5/31/2019 4:00,0.030174032,0.009917725
5/31/2019 5:00,0.104348288,0.034297624
5/31/2019 6:00,0.198097463,0.065111487
5/31/2019 7:00,0.24121114,0.079282268
5/31/2019 8:00,0.35030996,0.115141316
5/31/2019 9:00,0.414127428,0.136117103
5/31/2019 10:00,0.470742631,0.15472562
5/31/2019 11:00,0.529963317,0.174190518
5/31/2019 12:00,0.582776542,0.191549386
5/31/2019 13:00,0.619157298,0.203507163
5/31/2019 14:00,0.596380644,0.196020838
5/31/2019 15:00,0.547497704,0.179953793
5/31/2019 16:00,0.448234437,0.147327535
5/31/2019 17:00,0.336428946,0.110578847
5/31/2019 18:00,0.189924456,0.06242515
5/31/2019 19:00,0.118945349,0.039095445
5/31/2019 20:00,0.270068793,0.08876732
5/31/2019 21:00,0.546838188,0.179737021
5/31/2019 22:00,0.647743935,0.212903136
5/31/2019 23:00,0.577885258,0.189941699
06/01/2019 00:00,0.56740554,0.186497182
06/01/2019 01:00,0.57514522,0.189041092
06/01/2019 02:00,0.53249616,0.175023024
06/01/2019 03:00,0.465324764,0.152944854
06/01/2019 04:00,0.444892019,0.146228935
06/01/2019 05:00,0.52080191,0.17117931
06/01/2019 06:00,0.562521464,0.184891864
06/01/2019 07:00,0.570154348,0.187400672
06/01/2019 08:00,0.559423241,0.183873527
06/01/2019 09:00,0.499555137,0.164195833
06/01/2019 10:00,0.451798627,0.148499028
06/01/2019 11:00,0.402531597,0.132305738
06/01/2019 12:00,0.34191507,0.112382049
06/01/2019 13:00,0.254586529,0.083678545
06/01/2019 14:00,0.187333932,0.061573686
06/01/2019 15:00,0.175137674,0.05756497
06/01/2019 16:00,0.202364632,0.066514038
06/01/2019 17:00,0.21350046,0.070174208
06/01/2019 18:00,0.191144461,0.062826146
06/01/2019 19:00,0.164470812,0.054058942
06/01/2019 20:00,0.145350871,0.047774521
06/01/2019 21:00,0.145095116,0.047690458
06/01/2019 22:00,0.157221337,0.051676154
06/01/2019 23:00,0.202675256,0.066616135
06/02/2019 00:00,0.25617478,0.084200578
06/02/2019 01:00,0.267772026,0.088012409
06/02/2019 02:00,0.243265645,0.079957551
06/02/2019 03:00,0.297438933,0.09776345
06/02/2019 04:00,0.348611325,0.114583001
06/02/2019 05:00,0.398556493,0.130999184
06/02/2019 06:00,0.450915485,0.148208753
06/02/2019 07:00,0.483919523,0.159056655
06/02/2019 08:00,0.536880372,0.176464044
06/02/2019 09:00,0.573255237,0.188419885
06/02/2019 10:00,0.569531013,0.187195791
06/02/2019 11:00,0.585419416,0.192418057
06/02/2019 12:00,0.576231247,0.189398052
06/02/2019 13:00,0.596137062,0.195940777
06/02/2019 14:00,0.598316079,0.196656985
06/02/2019 15:00,0.603326875,0.198303954
06/02/2019 16:00,0.538711124,0.177065784
06/02/2019 17:00,0.418797983,0.13765224
06/02/2019 18:00,0.25197634,0.082820618
06/02/2019 19:00,0.15595479,0.051259861
06/02/2019 20:00,0.102765854,0.033777503
06/02/2019 21:00,0.05803319,0.019074587
06/02/2019 22:00,0.052779942,0.017347928
06/02/2019 23:00,0.00432554,0.001421736
06/03/2019 00:00,0.109672927,0.036047748
06/03/2019 01:00,0.136525794,0.044873858
06/03/2019 02:00,0.184548845,0.060658272
06/03/2019 03:00,0.361233644,0.118731757
06/03/2019 04:00,0.495216199,0.162769693
06/03/2019 05:00,0.50214587,0.165047366
06/03/2019 06:00,0.448211739,0.147320074
06/03/2019 07:00,0.409288177,0.134526518
06/03/2019 08:00,0.383243846,0.12596616
06/03/2019 09:00,0.385556273,0.126726219
06/03/2019 10:00,0.447762843,0.14717253
06/03/2019 11:00,0.544510254,0.178971866
06/03/2019 12:00,0.588605231,0.193465184
06/03/2019 13:00,0.626268995,0.205844664
06/03/2019 14:00,0.665586963,0.218767855
06/03/2019 15:00,0.706204396,0.23211816
06/03/2019 16:00,0.771901978,0.253711911
06/03/2019 17:00,0.817951214,0.268847563
06/03/2019 18:00,0.765464956,0.251596164
06/03/2019 19:00,0.684874643,0.225107409
06/03/2019 20:00,0.639836597,0.210304119
06/03/2019 21:00,0.623975328,0.205090772
06/03/2019 22:00,0.694096137,0.228138368
06/03/2019 23:00,0.669370926,0.220011584
06/04/2019 00:00,0.635532749,0.208889513
06/04/2019 01:00,0.597631079,0.196431836
06/04/2019 02:00,0.556425945,0.182888364
06/04/2019 03:00,0.514035416,0.168955271
06/04/2019 04:00,0.482412259,0.158561242
06/04/2019 05:00,0.462269171,0.151940529
06/04/2019 06:00,0.449237647,0.147657274
06/04/2019 07:00,0.435719996,0.143214237
06/04/2019 08:00,0.409402966,0.134564247
06/04/2019 09:00,0.360161012,0.1183792
06/04/2019 10:00,0.336824337,0.110708806
06/04/2019 11:00,0.299310978,0.098378761
06/04/2019 12:00,0.26378785,0.086702874
06/04/2019 13:00,0.230751406,0.075844319
06/04/2019 14:00,0.196321599,0.064527789
06/04/2019 15:00,0.139100964,0.045720276
06/04/2019 16:00,0.084739662,0.02785258
06/04/2019 17:00,0.053221595,0.017493092
06/04/2019 18:00,0.0261417,0.008592361
06/04/2019 19:00,0,0
06/04/2019 20:00,0.002433968,0.000800007
06/04/2019 21:00,0,0
06/04/2019 22:00,0.027882723,0.009164608
06/04/2019 23:00,0.096810578,0.031820098
06/05/2019 00:00,0.145150481,0.047708656
06/05/2019 01:00,0.182241479,0.059899877
06/05/2019 02:00,0.252517854,0.082998605
06/05/2019 03:00,0.281962655,0.092676643
06/05/2019 04:00,0.295627795,0.097168157
06/05/2019 05:00,0.310902365,0.102188666
06/05/2019 06:00,0.329711215,0.108370836
06/05/2019 07:00,0.352009404,0.115699896
06/05/2019 08:00,0.364537519,0.119817688
06/05/2019 09:00,0.365993938,0.12029639
06/05/2019 10:00,0.345229183,0.113471345
06/05/2019 11:00,0.28047647,0.092188158
06/05/2019 12:00,0.272351282,0.089517537
06/05/2019 13:00,0.288749965,0.094907524
06/05/2019 14:00,0.256761251,0.084393342
06/05/2019 15:00,0.193310293,0.063538021
06/05/2019 16:00,0.138753542,0.045606084
06/05/2019 17:00,0.131547184,0.043237469
06/05/2019 18:00,0.090451962,0.029730122
06/05/2019 19:00,0.048592456,0.015971568
06/05/2019 20:00,0.034079593,0.011201421
06/05/2019 21:00,0.03111539,0.010227134
06/05/2019 22:00,0.007522102,0.002472395
06/05/2019 23:00,0.034626032,0.011381026
06/06/2019 00:00,0.055413218,0.018213444
06/06/2019 01:00,0.100911171,0.033167898
06/06/2019 02:00,0.139661892,0.045904644
06/06/2019 03:00,0.170273379,0.055966153
06/06/2019 04:00,0.27186473,0.089357616
06/06/2019 05:00,0.298189451,0.098010133
06/06/2019 06:00,0.337096309,0.110798199
06/06/2019 07:00,0.359160373,0.118050306
06/06/2019 08:00,0.364870292,0.119927065
06/06/2019 09:00,0.372307957,0.122371708
06/06/2019 10:00,0.405851277,0.133396864
06/06/2019 11:00,0.372994182,0.122597259
06/06/2019 12:00,0.282298096,0.092786897
06/06/2019 13:00,0.201042215,0.066079381
06/06/2019 14:00,0.204043616,0.067065893
06/06/2019 15:00,0.152496359,0.050123129
06/06/2019 16:00,0.048788869,0.016036126
06/06/2019 17:00,0,0
06/06/2019 18:00,0,0
06/06/2019 19:00,0,0
06/06/2019 20:00,0,0
06/06/2019 21:00,0,0
06/06/2019 22:00,0,0
06/06/2019 23:00,0,0
06/07/2019 00:00,0.040861767,0.013430613
06/07/2019 01:00,0.094996213,0.031223745
06/07/2019 02:00,0.127598443,0.04193958
06/07/2019 03:00,0.168026955,0.055227789
06/07/2019 04:00,0.170066044,0.055898005
06/07/2019 05:00,0.127001478,0.041743367
06/07/2019 06:00,0.106481463,0.034998764
06/07/2019 07:00,0.144814584,0.047598252
06/07/2019 08:00,0.190738244,0.062692629
06/07/2019 09:00,0.212899449,0.069976665
06/07/2019 10:00,0.150447035,0.049449549
06/07/2019 11:00,0.143237296,0.047079823
06/07/2019 12:00,0.178186375,0.058567029
06/07/2019 13:00,0.246446045,0.081002898
06/07/2019 14:00,0.25479705,0.08374774
06/07/2019 15:00,0.214357268,0.070455827
06/07/2019 16:00,0.197165526,0.064805175
06/07/2019 17:00,0.195938947,0.064402018
06/07/2019 18:00,0.173299984,0.05696095
06/07/2019 19:00,0.154935197,0.050924737
06/07/2019 20:00,0.17815117,0.058555458
06/07/2019 21:00,0.209436632,0.068838492
06/07/2019 22:00,0.207973991,0.068357745
06/07/2019 23:00,0.218591649,0.071847601
06/08/2019 00:00,0.217229288,0.071399814
06/08/2019 01:00,0.204857468,0.067333393
06/08/2019 02:00,0.196227002,0.064496697
06/08/2019 03:00,0.195658938,0.064309983
06/08/2019 04:00,0.21977188,0.072235524
06/08/2019 05:00,0.27187915,0.089362355
06/08/2019 06:00,0.320187154,0.105240428
06/08/2019 07:00,0.331479093,0.108951909
06/08/2019 08:00,0.32950418,0.108302786
06/08/2019 09:00,0.341103311,0.112115237
06/08/2019 10:00,0.32474941,0.106739969
06/08/2019 11:00,0.357617002,0.117543024
06/08/2019 12:00,0.373535566,0.122775203
06/08/2019 13:00,0.393893375,0.129466491
06/08/2019 14:00,0.418349723,0.137504904
06/08/2019 15:00,0.42810836,0.140712413
06/08/2019 16:00,0.450241827,0.147987332
06/08/2019 17:00,0.46954264,0.154331203
06/08/2019 18:00,0.449678359,0.147802129
06/08/2019 19:00,0.410790182,0.135020203
06/08/2019 20:00,0.393515365,0.129342246
06/08/2019 21:00,0.398313082,0.130919179
06/08/2019 22:00,0.397783553,0.130745131
06/08/2019 23:00,0.389962618,0.128174514
06/09/2019 00:00,0.401515118,0.131971637
06/09/2019 01:00,0.385293821,0.126639955
06/09/2019 02:00,0.384880639,0.126504148
06/09/2019 03:00,0.383044534,0.12590065
06/09/2019 04:00,0.35514367,0.116730079
06/09/2019 05:00,0.354723469,0.116591966
06/09/2019 06:00,0.337101737,0.110799983
06/09/2019 07:00,0.302283368,0.099355738
06/09/2019 08:00,0.27729509,0.091142489
06/09/2019 09:00,0.255775006,0.084069179
06/09/2019 10:00,0.208540592,0.068543978
06/09/2019 11:00,0.180527563,0.059336541
06/09/2019 12:00,0.154672952,0.050838541
06/09/2019 13:00,0.095482772,0.031383669
06/09/2019 14:00,0.041732249,0.013716727
06/09/2019 15:00,0.012768393,0.004196768
06/09/2019 16:00,0,0
06/09/2019 17:00,0,0
06/09/2019 18:00,0,0
06/09/2019 19:00,0,0
06/09/2019 20:00,0,0
06/09/2019 21:00,0,0
06/09/2019 22:00,0,0
06/09/2019 23:00,0,0
06/10/2019 00:00,0.001885337,0.00061968
06/10/2019 01:00,0.024765938,0.00814017
06/10/2019 02:00,0.052907456,0.01738984
06/10/2019 03:00,0.091261578,0.02999623
06/10/2019 04:00,0.125074934,0.041110143
06/10/2019 05:00,0.143521684,0.047173296
06/10/2019 06:00,0.152222631,0.050033159
06/10/2019 07:00,0.127857686,0.042024789
06/10/2019 08:00,0.126348424,0.041528719
06/10/2019 09:00,0.136861889,0.044984328
06/10/2019 10:00,0.18241296,0.05995624
06/10/2019 11:00,0.183809486,0.060415256
06/10/2019 12:00,0.159554537,0.05244304
06/10/2019 13:00,0.170634385,0.05608481
06/10/2019 14:00,0.214795244,0.070599782
06/10/2019 15:00,0.24101814,0.079218832
06/10/2019 16:00,0.226673214,0.074503883
06/10/2019 17:00,0.215427474,0.070807587
06/10/2019 18:00,0.206750913,0.067955739
06/10/2019 19:00,0.205284532,0.067473763
06/10/2019 20:00,0.214605227,0.070537327
06/10/2019 21:00,0.21661345,0.071197398
06/10/2019 22:00,0.240124798,0.078925204
06/10/2019 23:00,0.256135627,0.084187709
06/11/2019 00:00,0.295807167,0.097227114
06/11/2019 01:00,0.364783792,0.119898634
06/11/2019 02:00,0.444510494,0.146103534
06/11/2019 03:00,0.450676097,0.14813007
06/11/2019 04:00,0.493903317,0.16233817
06/11/2019 05:00,0.435648858,0.143190855
06/11/2019 06:00,0.444822111,0.146205958
06/11/2019 07:00,0.441561009,0.145134085
06/11/2019 08:00,0.493511381,0.162209347
06/11/2019 09:00,0.53308906,0.175217901
06/11/2019 10:00,0.487846844,0.160347503
06/11/2019 11:00,0.46099132,0.15152052
06/11/2019 12:00,0.433984591,0.142643837
06/11/2019 13:00,0.44176561,0.145201334
06/11/2019 14:00,0.445168843,0.146319923
06/11/2019 15:00,0.466667475,0.153386182
06/11/2019 16:00,0.466304509,0.15326688
06/11/2019 17:00,0.485633198,0.159619913
06/11/2019 18:00,0.502706169,0.165231527
06/11/2019 19:00,0.584051513,0.191968449
06/11/2019 20:00,0.656919257,0.215918918
06/11/2019 21:00,0.704987711,0.231718255
06/11/2019 22:00,0.793740158,0.260889774
06/11/2019 23:00,0.757098877,0.248846367
06/12/2019 00:00,0.735379921,0.241707691
06/12/2019 01:00,0.743165303,0.244266623
06/12/2019 02:00,0.794040536,0.260988503
06/12/2019 03:00,0.842369113,0.276873338
06/12/2019 04:00,0.850810391,0.279647852
06/12/2019 05:00,0.83945342,0.275914996
06/12/2019 06:00,0.8334598,0.273944988
06/12/2019 07:00,0.826137304,0.271538201
06/12/2019 08:00,0.809563874,0.266090777
06/12/2019 09:00,0.812772582,0.267145429
06/12/2019 10:00,0.784084255,0.257716032
06/12/2019 11:00,0.745197539,0.244934586
06/12/2019 12:00,0.732389073,0.240724647
06/12/2019 13:00,0.686433139,0.225619662
06/12/2019 14:00,0.656197905,0.215681821
06/12/2019 15:00,0.65633299,0.215726221
06/12/2019 16:00,0.715853781,0.23528976
06/12/2019 17:00,0.731615872,0.240470508
06/12/2019 18:00,0.700519905,0.230249758
06/12/2019 19:00,0.673039211,0.221217291
06/12/2019 20:00,0.676293829,0.222287032
06/12/2019 21:00,0.68472912,0.225059578
06/12/2019 22:00,0.680263415,0.223591772
06/12/2019 23:00,0.656552212,0.215798276
6/13/2019 0:00,0.622970786,0.204760595
6/13/2019 1:00,0.632664453,0.20794675
6/13/2019 2:00,0.637566692,0.209558038
6/13/2019 3:00,0.63622894,0.20911834
6/13/2019 4:00,0.642012327,0.211019247
6/13/2019 5:00,0.624526998,0.205272098
6/13/2019 6:00,0.577861356,0.189933843
6/13/2019 7:00,0.555620784,0.18262372
6/13/2019 8:00,0.605052776,0.19887123
6/13/2019 9:00,0.661427229,0.217400617
6/13/2019 10:00,0.660213595,0.217001715
6/13/2019 11:00,0.701687616,0.230633566
6/13/2019 12:00,0.71836511,0.236115193
6/13/2019 13:00,0.69246404,0.227601923
6/13/2019 14:00,0.729579786,0.239801279
6/13/2019 15:00,0.66868093,0.219784793
6/13/2019 16:00,0.652616025,0.214504514
6/13/2019 17:00,0.706159793,0.2321035
6/13/2019 18:00,0.742178125,0.243942153
6/13/2019 19:00,0.551301787,0.181204135
6/13/2019 20:00,0.223183796,0.073356966
6/13/2019 21:00,0.232604085,0.076453266
6/13/2019 22:00,0.301367274,0.099054633
6/13/2019 23:00,0.399894792,0.131439062
6/14/2019 0:00,0.42177762,0.1386316
6/14/2019 1:00,0.415552597,0.136585534
6/14/2019 2:00,0.453328147,0.149001756
6/14/2019 3:00,0.494128102,0.162412053
6/14/2019 4:00,0.500060921,0.164362076
6/14/2019 5:00,0.502818181,0.165268344
6/14/2019 6:00,0.536227901,0.176249588
6/14/2019 7:00,0.591440174,0.194396984
6/14/2019 8:00,0.612602214,0.201352611
6/14/2019 9:00,0.630858799,0.20735326
6/14/2019 10:00,0.629692133,0.206969795
6/14/2019 11:00,0.656170888,0.215672941
6/14/2019 12:00,0.649218189,0.2133877
6/14/2019 13:00,0.672226331,0.22095011
6/14/2019 14:00,0.683247128,0.224572471
6/14/2019 15:00,0.682891024,0.224455425
6/14/2019 16:00,0.662456041,0.217738771
6/14/2019 17:00,0.625625336,0.205633104
6/14/2019 18:00,0.58342574,0.191762767
6/14/2019 19:00,0.527861851,0.1734998
6/14/2019 20:00,0.469210903,0.154222166
6/14/2019 21:00,0.434030966,0.14265908
6/14/2019 22:00,0.397242744,0.130567376
6/14/2019 23:00,0.356716487,0.117247039
6/15/2019 0:00,0.325434573,0.106965171
6/15/2019 1:00,0.323168622,0.106220389
6/15/2019 2:00,0.321410964,0.105642675
6/15/2019 3:00,0.370172729,0.121669892
6/15/2019 4:00,0.398775375,0.131071127
6/15/2019 5:00,0.361047233,0.118670487
6/15/2019 6:00,0.342557273,0.112593131
6/15/2019 7:00,0.358665701,0.117887715
6/15/2019 8:00,0.363491847,0.119473992
6/15/2019 9:00,0.442662694,0.145496192
6/15/2019 10:00,0.451127602,0.148278472
6/15/2019 11:00,0.469415792,0.15428951
6/15/2019 12:00,0.49239332,0.161841858
6/15/2019 13:00,0.457730621,0.15044878
6/15/2019 14:00,0.426204051,0.140086497
6/15/2019 15:00,0.449024093,0.147587082
6/15/2019 16:00,0.432530613,0.142165938
6/15/2019 17:00,0.386188878,0.126934146
6/15/2019 18:00,0.388358038,0.127647114
6/15/2019 19:00,0.424110671,0.139398437
6/15/2019 20:00,0.432015887,0.141996755
6/15/2019 21:00,0.410250589,0.134842848
6/15/2019 22:00,0.350663583,0.115257546
6/15/2019 23:00,0.331946449,0.109105521
6/16/2019 0:00,0.319293318,0.104946638
6/16/2019 1:00,0.323616408,0.106367569
6/16/2019 2:00,0.327767594,0.107731998
6/16/2019 3:00,0.306176806,0.10063545
6/16/2019 4:00,0.286663413,0.094221707
6/16/2019 5:00,0.283057729,0.093036576
6/16/2019 6:00,0.283002181,0.093018319
6/16/2019 7:00,0.270036762,0.088756791
6/16/2019 8:00,0.259190285,0.085191727
6/16/2019 9:00,0.271233887,0.089150268
6/16/2019 10:00,0.279230663,0.091778681
6/16/2019 11:00,0.289305691,0.095090182
6/16/2019 12:00,0.319412987,0.104985972
6/16/2019 13:00,0.356746437,0.117256883
6/16/2019 14:00,0.35600253,0.117012373
6/16/2019 15:00,0.292893071,0.096269297
6/16/2019 16:00,0.252705447,0.083060264
6/16/2019 17:00,0.272271319,0.089491255
6/16/2019 18:00,0.236300844,0.077668331
6/16/2019 19:00,0.16519442,0.05429678
6/16/2019 20:00,0.120044212,0.039456624
6/16/2019 21:00,0.124017116,0.040762455
6/16/2019 22:00,0.185070879,0.060829856
6/16/2019 23:00,0.227005374,0.074613058
6/17/2019 0:00,0.246095003,0.080887516
6/17/2019 1:00,0.280621918,0.092235964
6/17/2019 2:00,0.30725823,0.100990897
6/17/2019 3:00,0.362029936,0.118993485
6/17/2019 4:00,0.34093217,0.112058985
6/17/2019 5:00,0.248122601,0.081553955
6/17/2019 6:00,0.118479763,0.038942415
6/17/2019 7:00,0.040214493,0.013217865
6/17/2019 8:00,0.132084363,0.043414031
6/17/2019 9:00,0.243626928,0.080076299
6/17/2019 10:00,0.362827268,0.119255556
6/17/2019 11:00,0.375616562,0.123459193
6/17/2019 12:00,0.319480178,0.105008056
6/17/2019 13:00,0.230892593,0.075890725
6/17/2019 14:00,0.115694399,0.03802691
6/17/2019 15:00,0.059617129,0.019595203
6/17/2019 16:00,0.06338296,0.020832972
6/17/2019 17:00,0.032641337,0.010728689
6/17/2019 18:00,0.076836639,0.025254982
6/17/2019 19:00,0.141125726,0.046385783
6/17/2019 20:00,0.16649896,0.054725562
6/17/2019 21:00,0.211136531,0.069397222
6/17/2019 22:00,0.251075926,0.082524666
6/17/2019 23:00,0.263984088,0.086767374
6/18/2019 0:00,0.266506378,0.08759641
6/18/2019 1:00,0.29941608,0.098413306
6/18/2019 2:00,0.333926198,0.109756234
6/18/2019 3:00,0.350757019,0.115288257
6/18/2019 4:00,0.378740151,0.124485867
6/18/2019 5:00,0.421029704,0.138385771
6/18/2019 6:00,0.461594588,0.151718804
6/18/2019 7:00,0.527596015,0.173412424
6/18/2019 8:00,0.569901372,0.187317522
6/18/2019 9:00,0.591161579,0.194305415
6/18/2019 10:00,0.580781282,0.190893576
6/18/2019 11:00,0.508273402,0.167061388
6/18/2019 12:00,0.472264525,0.155225843
6/18/2019 13:00,0.456913716,0.150180276
6/18/2019 14:00,0.446301505,0.146692211
6/18/2019 15:00,0.441321509,0.145055365
6/18/2019 16:00,0.41835808,0.137507651
6/18/2019 17:00,0.391224532,0.128589285
6/18/2019 18:00,0.363308848,0.119413843
6/18/2019 19:00,0.310784241,0.10214984
6/18/2019 20:00,0.266118438,0.087468901
6/18/2019 21:00,0.24924182,0.081921824
6/18/2019 22:00,0.261968596,0.086104913
6/18/2019 23:00,0.275419613,0.090526049
6/19/2019 0:00,0.262664513,0.08633365
6/19/2019 1:00,0.260124295,0.085498721
6/19/2019 2:00,0.288639575,0.09487124
6/19/2019 3:00,0.323715572,0.106400163
6/19/2019 4:00,0.346262891,0.113811108
6/19/2019 5:00,0.360062334,0.118346766
6/19/2019 6:00,0.381609911,0.125429112
6/19/2019 7:00,0.389998034,0.128186155
6/19/2019 8:00,0.363655996,0.119527946
6/19/2019 9:00,0.324074869,0.106518258
6/19/2019 10:00,0.301495346,0.099096728
6/19/2019 11:00,0.282090008,0.092718502
6/19/2019 12:00,0.25612763,0.084185081
6/19/2019 13:00,0.233760337,0.076833307
6/19/2019 14:00,0.25528511,0.083908158
6/19/2019 15:00,0.26041895,0.08559557
6/19/2019 16:00,0.240489118,0.079044951
6/19/2019 17:00,0.181658598,0.059708294
6/19/2019 18:00,0.135007674,0.044374877
6/19/2019 19:00,0.052924681,0.017395501
6/19/2019 20:00,0,0
6/19/2019 21:00,0,0
6/19/2019 22:00,0,0
6/19/2019 23:00,0,0
6/20/2019 0:00,0,0
6/20/2019 1:00,0.009430825,0.003099762
6/20/2019 2:00,0.040678439,0.013370356
6/20/2019 3:00,0.061044798,0.020064455
6/20/2019 4:00,0.090604718,0.029780331
6/20/2019 5:00,0.119813785,0.039380887
6/20/2019 6:00,0.143836469,0.047276761
6/20/2019 7:00,0.14843556,0.048788409
6/20/2019 8:00,0.102258323,0.033610685
6/20/2019 9:00,0.065786913,0.021623113
6/20/2019 10:00,0.113836871,0.03741637
6/20/2019 11:00,0.185711622,0.061040458
6/20/2019 12:00,0.218598213,0.071849758
6/20/2019 13:00,0.232238002,0.07633294
6/20/2019 14:00,0.283887448,0.093309292
6/20/2019 15:00,0.344009412,0.113070426
6/20/2019 16:00,0.433225426,0.142394312
6/20/2019 17:00,0.482019787,0.158432243
6/20/2019 18:00,0.510209574,0.167697777
6/20/2019 19:00,0.507723379,0.166880605
6/20/2019 20:00,0.515072988,0.169296304
6/20/2019 21:00,0.531625468,0.174736841
6/20/2019 22:00,0.568788038,0.186951587
6/20/2019 23:00,0.589673766,0.193816394
6/21/2019 0:00,0.605162859,0.198907413
6/21/2019 1:00,0.590550332,0.194104508
6/21/2019 2:00,0.558056118,0.183424176
6/21/2019 3:00,0.553215427,0.181833118
6/21/2019 4:00,0.555942182,0.182729359
6/21/2019 5:00,0.518791572,0.170518544
6/21/2019 6:00,0.474412507,0.15593185
6/21/2019 7:00,0.45190453,0.148533836
6/21/2019 8:00,0.454198331,0.149287772
6/21/2019 9:00,0.457553341,0.150390511
6/21/2019 10:00,0.543346208,0.178589262
6/21/2019 11:00,0.584383743,0.192077648
6/21/2019 12:00,0.58567088,0.192500709
6/21/2019 13:00,0.569563966,0.187206623
6/21/2019 14:00,0.581525288,0.191138119
6/21/2019 15:00,0.577637805,0.189860365
6/21/2019 16:00,0.553155887,0.181813548
6/21/2019 17:00,0.537011363,0.176507099
6/21/2019 18:00,0.516449664,0.169748796
6/21/2019 19:00,0.492092748,0.161743064
6/21/2019 20:00,0.457363129,0.150327991
6/21/2019 21:00,0.430842257,0.141611002
6/21/2019 22:00,0.395037905,0.12984268
6/21/2019 23:00,0.390784195,0.128444553
6/22/2019 0:00,0.386391623,0.127000785
6/22/2019 1:00,0.382641291,0.12576811
6/22/2019 2:00,0.365112699,0.120006741
6/22/2019 3:00,0.334956885,0.110095004
6/22/2019 4:00,0.329448179,0.10828438
6/22/2019 5:00,0.348404702,0.114515088
6/22/2019 6:00,0.331128045,0.108836525
6/22/2019 7:00,0.294020367,0.096639821
6/22/2019 8:00,0.263823641,0.086714637
6/22/2019 9:00,0.266467425,0.087583607
6/22/2019 10:00,0.29215681,0.0960273
6/22/2019 11:00,0.305245055,0.100329198
6/22/2019 12:00,0.300132821,0.098648888
6/22/2019 13:00,0.273501924,0.089895735
6/22/2019 14:00,0.238084238,0.078254505
6/22/2019 15:00,0.191558611,0.062962271
6/22/2019 16:00,0.145781864,0.047916182
6/22/2019 17:00,0.095170725,0.031281104
6/22/2019 18:00,0.044442222,0.014607452
6/22/2019 19:00,0.008867002,0.002914443
6/22/2019 20:00,0,0
6/22/2019 21:00,0,0
6/22/2019 22:00,0,0
6/22/2019 23:00,0.018662554,0.006134085
6/23/2019 0:00,0.019825187,0.006516224
6/23/2019 1:00,0,0
6/23/2019 2:00,0,0
6/23/2019 3:00,0.00620664,0.002040024
6/23/2019 4:00,0.018724351,0.006154397
6/23/2019 5:00,0.021153197,0.00695272
6/23/2019 6:00,0.041450323,0.013624062
6/23/2019 7:00,0.055201846,0.018143969
6/23/2019 8:00,0.090152579,0.02963172
6/23/2019 9:00,0.123489717,0.040589107
6/23/2019 10:00,0.191639763,0.062988944
6/23/2019 11:00,0.221590492,0.072833272
6/23/2019 12:00,0.241151092,0.079262531
6/23/2019 13:00,0.262069382,0.08613804
6/23/2019 14:00,0.288678586,0.094884063
6/23/2019 15:00,0.321813725,0.105775056
6/23/2019 16:00,0.346810079,0.11399096
6/23/2019 17:00,0.357218303,0.117411978
6/23/2019 18:00,0.35249392,0.115859149
6/23/2019 19:00,0.346541333,0.113902628
6/23/2019 20:00,0.335614294,0.110311084
6/23/2019 21:00,0.326865435,0.107435473
6/23/2019 22:00,0.35323193,0.116101721
6/23/2019 23:00,0.308189295,0.101296923
6/24/2019 0:00,0.293804143,0.096568752
6/24/2019 1:00,0.308707995,0.101467411
6/24/2019 2:00,0.302475098,0.099418757
6/24/2019 3:00,0.278291932,0.091470135
6/24/2019 4:00,0.247025334,0.081193301
6/24/2019 5:00,0.253830458,0.083430037
6/24/2019 6:00,0.290391169,0.095446962
6/24/2019 7:00,0.31109791,0.102252938
6/24/2019 8:00,0.329638694,0.108346999
6/24/2019 9:00,0.365016383,0.119975083
6/24/2019 10:00,0.401854726,0.132083261
6/24/2019 11:00,0.393278288,0.129264322
6/24/2019 12:00,0.382277911,0.125648673
6/24/2019 13:00,0.395316186,0.129934147
6/24/2019 14:00,0.449980232,0.14790135
6/24/2019 15:00,0.507293678,0.166739369
6/24/2019 16:00,0.537637829,0.176713009
6/24/2019 17:00,0.54910004,0.180480455
6/24/2019 18:00,0.553824566,0.182033332
6/24/2019 19:00,0.563740002,0.185292378
6/24/2019 20:00,0.564061336,0.185397995
6/24/2019 21:00,0.568857984,0.186974578
6/24/2019 22:00,0.629817451,0.207010985
6/24/2019 23:00,0.585195396,0.192344425
6/25/2019 0:00,0.562356377,0.184837603
6/25/2019 1:00,0.559938652,0.184042935
6/25/2019 2:00,0.539730177,0.17740073
6/25/2019 3:00,0.533087471,0.175217378
6/25/2019 4:00,0.523298267,0.171999823
6/25/2019 5:00,0.515322973,0.16937847
6/25/2019 6:00,0.499835978,0.164288141
6/25/2019 7:00,0.471001322,0.154810648
6/25/2019 8:00,0.481219501,0.158169201
6/25/2019 9:00,0.4820983,0.158458048
6/25/2019 10:00,0.497259031,0.16344114
6/25/2019 11:00,0.490445657,0.161201692
6/25/2019 12:00,0.461645823,0.151735644
6/25/2019 13:00,0.422786272,0.138963128
6/25/2019 14:00,0.445877065,0.146552704
6/25/2019 15:00,0.419715004,0.13795365
6/25/2019 16:00,0.37066042,0.121830188
6/25/2019 17:00,0.35600556,0.117013369
6/25/2019 18:00,0.372456319,0.122420472
6/25/2019 19:00,0.370056884,0.121631816
6/25/2019 20:00,0.331892205,0.109087692
6/25/2019 21:00,0.288337838,0.094772064
6/25/2019 22:00,0.308236054,0.101312292
6/25/2019 23:00,0.297664585,0.097837618
6/26/2019 0:00,0.279299378,0.091801266
6/26/2019 1:00,0.270472925,0.088900151
6/26/2019 2:00,0.258312622,0.084903253
6/26/2019 3:00,0.222770009,0.073220961
6/26/2019 4:00,0.243159547,0.079922678
6/26/2019 5:00,0.306580638,0.100768183
6/26/2019 6:00,0.346229339,0.11380008
6/26/2019 7:00,0.385939144,0.126852062
6/26/2019 8:00,0.385163359,0.126597074
6/26/2019 9:00,0.400498745,0.131637572
6/26/2019 10:00,0.459365446,0.15098612
6/26/2019 11:00,0.460854313,0.151475488
6/26/2019 12:00,0.491091188,0.161413868
6/26/2019 13:00,0.526872828,0.173174724
6/26/2019 14:00,0.569368279,0.187142303
6/26/2019 15:00,0.59998686,0.197206144
6/26/2019 16:00,0.612541394,0.20133262
6/26/2019 17:00,0.615273154,0.202230506
6/26/2019 18:00,0.628240316,0.206492606
6/26/2019 19:00,0.624235511,0.20517629
6/26/2019 20:00,0.593806945,0.195174904
6/26/2019 21:00,0.563992759,0.185375455
6/26/2019 22:00,0.527101228,0.173249796
6/26/2019 23:00,0.54585547,0.179414017
6/27/2019 0:00,0.540890574,0.177782134
6/27/2019 1:00,0.526055798,0.172906179
6/27/2019 2:00,0.501283286,0.164763848
6/27/2019 3:00,0.476774551,0.156708217
6/27/2019 4:00,0.440945953,0.144931926
6/27/2019 5:00,0.396601804,0.130356709
6/27/2019 6:00,0.338157579,0.111147021
6/27/2019 7:00,0.269664752,0.088634518
6/27/2019 8:00,0.21477442,0.070592938
6/27/2019 9:00,0.186857254,0.061417009
6/27/2019 10:00,0.140665512,0.046234518
6/27/2019 11:00,0.161158688,0.052970299
6/27/2019 12:00,0.212181985,0.069740846
6/27/2019 13:00,0.247122761,0.081225324
6/27/2019 14:00,0.257547239,0.084651684
6/27/2019 15:00,0.245264154,0.080614429
6/27/2019 16:00,0.217075415,0.071349239
6/27/2019 17:00,0.184250342,0.060560159
6/27/2019 18:00,0.16009538,0.052620807
6/27/2019 19:00,0.138868255,0.045643788
6/27/2019 20:00,0.128147424,0.042120021
6/27/2019 21:00,0.125018671,0.04109165
6/27/2019 22:00,0.065599882,0.021561639
6/27/2019 23:00,0.036259626,0.011917963
6/28/2019 0:00,0,0
6/28/2019 1:00,0,0
6/28/2019 2:00,0,0
6/28/2019 3:00,0,0
6/28/2019 4:00,0,0
6/28/2019 5:00,0,0
6/28/2019 6:00,0,0
6/28/2019 7:00,0.062236898,0.020456279
6/28/2019 8:00,0.125951299,0.04139819
6/28/2019 9:00,0.175166462,0.057574432
6/28/2019 10:00,0.229336982,0.075379421
6/28/2019 11:00,0.308038397,0.101247325
6/28/2019 12:00,0.367203056,0.120693808
6/28/2019 13:00,0.374347808,0.123042174
6/28/2019 14:00,0.374443893,0.123073756
6/28/2019 15:00,0.392217491,0.128915655
6/28/2019 16:00,0.396381094,0.130284165
6/28/2019 17:00,0.410943685,0.135070657
6/28/2019 18:00,0.421033694,0.138387083
6/28/2019 19:00,0.439410302,0.144427182
6/28/2019 20:00,0.480040668,0.157781737
6/28/2019 21:00,0.521407994,0.17137852
6/28/2019 22:00,0.497818972,0.163625183
6/28/2019 23:00,0.550985709,0.181100245
6/29/2019 0:00,0.543433219,0.178617861
6/29/2019 1:00,0.499542055,0.164191533
6/29/2019 2:00,0.385225837,0.12661761
6/29/2019 3:00,0.397809671,0.130753716
6/29/2019 4:00,0.279441735,0.091848057
6/29/2019 5:00,0.165908211,0.054531392
6/29/2019 6:00,0.156669481,0.051494768
6/29/2019 7:00,0.079569429,0.026153206
6/29/2019 8:00,0.04315527,0.014184451
6/29/2019 9:00,0.084797784,0.027871684
6/29/2019 10:00,0.215104814,0.070701533
6/29/2019 11:00,0.307212761,0.100975951
6/29/2019 12:00,0.255286413,0.083908586
6/29/2019 13:00,0.256444933,0.084289373
6/29/2019 14:00,0.267069622,0.08778154
6/29/2019 15:00,0.197156987,0.064802368
6/29/2019 16:00,0.098243214,0.032290983
6/29/2019 17:00,0.021889571,0.007194754
6/29/2019 18:00,0,0
6/29/2019 19:00,0,0
6/29/2019 20:00,0,0
6/29/2019 21:00,0.087760506,0.028845483
6/29/2019 22:00,0.111906754,0.036781971
6/29/2019 23:00,0.122981722,0.040422137
6/30/2019 0:00,0.229192606,0.075331966
6/30/2019 1:00,0.175826137,0.057791256
6/30/2019 2:00,0.096108871,0.031589458
6/30/2019 3:00,0,0
6/30/2019 4:00,0,0
6/30/2019 5:00,0,0
6/30/2019 6:00,0,0
6/30/2019 7:00,0.189986693,0.062445606
6/30/2019 8:00,0.304182166,0.099979843
6/30/2019 9:00,0.309482825,0.101722085
6/30/2019 10:00,0.376539536,0.12376256
6/30/2019 11:00,0.486701915,0.159971183
6/30/2019 12:00,0.452427775,0.148705818
6/30/2019 13:00,0.440334901,0.144731083
6/30/2019 14:00,0.543791116,0.178735496
6/30/2019 15:00,0.604403322,0.198657765
6/30/2019 16:00,0.645001673,0.212001798
6/30/2019 17:00,0.622808332,0.204707199
6/30/2019 18:00,0.587536692,0.193113972
6/30/2019 19:00,0.583609467,0.191823155
6/30/2019 20:00,0.610849468,0.200776511
6/30/2019 21:00,0.647067092,0.212680668
6/30/2019 22:00,0.683629617,0.224698189
6/30/2019 23:00,0.729164962,0.239664933
07/01/2019 00:00,0.640405484,0.210491103
07/01/2019 01:00,0.603459491,0.198347543
07/01/2019 02:00,0.607770705,0.19976457
07/01/2019 03:00,0.589739314,0.193837939
07/01/2019 04:00,0.581061243,0.190985595
07/01/2019 05:00,0.584124849,0.191992553
07/01/2019 06:00,0.57324846,0.188417657
07/01/2019 07:00,0.611368043,0.200946958
07/01/2019 08:00,0.63460176,0.208583512
07/01/2019 09:00,0.636549193,0.209223602
07/01/2019 10:00,0.631417311,0.207536834
07/01/2019 11:00,0.597012752,0.196228602
07/01/2019 12:00,0.564027475,0.185386866
07/01/2019 13:00,0.565848235,0.185985321
07/01/2019 14:00,0.545694206,0.179361012
07/01/2019 15:00,0.534670351,0.175737646
07/01/2019 16:00,0.538264718,0.176919057
07/01/2019 17:00,0.537887193,0.176794971
07/01/2019 18:00,0.543317536,0.178579838
07/01/2019 19:00,0.553208963,0.181830993
07/01/2019 20:00,0.531053267,0.174548768
07/01/2019 21:00,0.493797733,0.162303466
07/01/2019 22:00,0.470388236,0.154609136
07/01/2019 23:00,0.449500412,0.147743641
07/02/2019 00:00,0.396849252,0.130438041
07/02/2019 01:00,0.328990397,0.108133914
07/02/2019 02:00,0.267603767,0.087957105
07/02/2019 03:00,0.201546754,0.066245215
07/02/2019 04:00,0.098029904,0.032220871
07/02/2019 05:00,0.012943389,0.004254286
07/02/2019 06:00,0,0
07/02/2019 07:00,0,0
07/02/2019 08:00,0.028149656,0.009252345
07/02/2019 09:00,0.08322075,0.027353338
07/02/2019 10:00,0.204796008,0.067313193
07/02/2019 11:00,0.301764744,0.099185275
07/02/2019 12:00,0.391718415,0.128751617
07/02/2019 13:00,0.475411646,0.156260251
07/02/2019 14:00,0.483912716,0.159054418
07/02/2019 15:00,0.504714264,0.165891556
07/02/2019 16:00,0.505416769,0.166122459
07/02/2019 17:00,0.492506497,0.161879057
07/02/2019 18:00,0.496505996,0.163193629
07/02/2019 19:00,0.50343298,0.165470419
07/02/2019 20:00,0.497322644,0.163462048
07/02/2019 21:00,0.481502492,0.158262216
07/02/2019 22:00,0.430014757,0.141339016
07/02/2019 23:00,0.425247888,0.139772222
07/03/2019 00:00,0.484913122,0.159383235
07/03/2019 01:00,0.540517157,0.177659398
07/03/2019 02:00,0.523303768,0.172001631
07/03/2019 03:00,0.506240837,0.166393316
07/03/2019 04:00,0.481010775,0.158100596
07/03/2019 05:00,0.455265873,0.149638656
07/03/2019 06:00,0.44086879,0.144906564
07/03/2019 07:00,0.455480956,0.14970935
07/03/2019 08:00,0.449921184,0.147881942
07/03/2019 09:00,0.403948878,0.132771575
07/03/2019 10:00,0.362381356,0.119108992
07/03/2019 11:00,0.391065565,0.128537035
07/03/2019 12:00,0.428636536,0.140886016
07/03/2019 13:00,0.443511351,0.145775132
07/03/2019 14:00,0.486340946,0.159852539
07/03/2019 15:00,0.567302506,0.186463316
07/03/2019 16:00,0.628998298,0.206741743
07/03/2019 17:00,0.668996961,0.219888668
07/03/2019 18:00,0.660982579,0.217254467
07/03/2019 19:00,0.657660678,0.216162611
07/03/2019 20:00,0.671483299,0.220705887
07/03/2019 21:00,0.695800163,0.228698454
07/03/2019 22:00,0.738208967,0.242637554
07/03/2019 23:00,0.758169797,0.249198361
07/04/2019 00:00,0.776166165,0.255113482
07/04/2019 01:00,0.793647079,0.26085918
07/04/2019 02:00,0.802609376,0.263804945
07/04/2019 03:00,0.824448963,0.27098327
07/04/2019 04:00,0.847109422,0.278431402
07/04/2019 05:00,0.853366236,0.280487918
07/04/2019 06:00,0.850073102,0.279405517
07/04/2019 07:00,0.850405202,0.279514673
07/04/2019 08:00,0.84423617,0.27748701
07/04/2019 09:00,0.848596484,0.278920176
07/04/2019 10:00,0.849801066,0.279316103
07/04/2019 11:00,0.845523624,0.277910176
07/04/2019 12:00,0.810651905,0.266448396
07/04/2019 13:00,0.769162807,0.252811589
07/04/2019 14:00,0.69725128,0.229175413
07/04/2019 15:00,0.614331566,0.201921021
07/04/2019 16:00,0.544875195,0.179091816
07/04/2019 17:00,0.475298904,0.156223195
07/04/2019 18:00,0.413440979,0.135891478
07/04/2019 19:00,0.355702694,0.116913822
07/04/2019 20:00,0.288342343,0.094773545
07/04/2019 21:00,0.231612375,0.076127306
07/04/2019 22:00,0.197922825,0.065054087
07/04/2019 23:00,0.217894564,0.07161848
07/05/2019 00:00,0.252468802,0.082982482
07/05/2019 01:00,0.309511265,0.101731433
07/05/2019 02:00,0.350933197,0.115346164
07/05/2019 03:00,0.370017794,0.121618968
07/05/2019 04:00,0.326688501,0.107377317
07/05/2019 05:00,0.27023821,0.088823004
07/05/2019 06:00,0.254966649,0.083803485
07/05/2019 07:00,0.212773003,0.069935104
07/05/2019 08:00,0.181415177,0.059628285
07/05/2019 09:00,0.185067344,0.060828694
07/05/2019 10:00,0.225502849,0.074119202
07/05/2019 11:00,0.262456742,0.08626536
07/05/2019 12:00,0.224133272,0.073669044
07/05/2019 13:00,0.21139876,0.069483412
07/05/2019 14:00,0.232470274,0.076409284
07/05/2019 15:00,0.320917597,0.105480513
07/05/2019 16:00,0.440039252,0.144633908
07/05/2019 17:00,0.591528637,0.194426061
07/05/2019 18:00,0.67134916,0.220661798
07/05/2019 19:00,0.674625075,0.221738539
07/05/2019 20:00,0.628667337,0.206632961
07/05/2019 21:00,0.634350775,0.208501017
07/05/2019 22:00,0.629060076,0.206762048
07/05/2019 23:00,0.631127073,0.207441437
07/06/2019 00:00,0.640286918,0.210452133
07/06/2019 01:00,0.649645612,0.213528187
07/06/2019 02:00,0.633152461,0.20810715
07/06/2019 03:00,0.633538785,0.208234129
07/06/2019 04:00,0.637414302,0.20950795
07/06/2019 05:00,0.616090107,0.202499025
07/06/2019 06:00,0.60372021,0.198433237
07/06/2019 07:00,0.579074674,0.190332641
07/06/2019 08:00,0.497586147,0.163548658
07/06/2019 09:00,0.412002583,0.1354187
07/06/2019 10:00,0.42041709,0.138184415
07/06/2019 11:00,0.349167161,0.114765696
07/06/2019 12:00,0.322773186,0.106090416
07/06/2019 13:00,0.334391401,0.109909139
07/06/2019 14:00,0.381800638,0.125491801
07/06/2019 15:00,0.432746893,0.142237025
07/06/2019 16:00,0.455085679,0.149579429
07/06/2019 17:00,0.433563314,0.14250537
07/06/2019 18:00,0.387513307,0.127369464
07/06/2019 19:00,0.363962492,0.119628686
07/06/2019 20:00,0.365229326,0.120045074
07/06/2019 21:00,0.36062974,0.118533263
07/06/2019 22:00,0.473852279,0.155747712
07/06/2019 23:00,0.475465223,0.156277861
07/07/2019 00:00,0.452040878,0.148578652
07/07/2019 01:00,0.439363478,0.144411792
07/07/2019 02:00,0.481221202,0.15816976
07/07/2019 03:00,0.493279789,0.162133226
07/07/2019 04:00,0.514863202,0.169227351
07/07/2019 05:00,0.527750556,0.173463219
07/07/2019 06:00,0.538386608,0.176959121
07/07/2019 07:00,0.575980449,0.189315619
07/07/2019 08:00,0.632518177,0.207898671
07/07/2019 09:00,0.65988377,0.216893307
07/07/2019 10:00,0.692740905,0.227692924
07/07/2019 11:00,0.579761674,0.190558447
07/07/2019 12:00,0.579998845,0.190636401
07/07/2019 13:00,0.548264945,0.180205973
07/07/2019 14:00,0.523104899,0.171936266
07/07/2019 15:00,0.487608853,0.16026928
07/07/2019 16:00,0.461515559,0.151692829
07/07/2019 17:00,0.41405125,0.136092065
07/07/2019 18:00,0.351764302,0.115619335
07/07/2019 19:00,0.285125738,0.093716298
07/07/2019 20:00,0.257136245,0.084516597
07/07/2019 21:00,0.235436805,0.077384336
07/07/2019 22:00,0.321293554,0.105604084
07/07/2019 23:00,0.293663497,0.096522524
07/08/2019 00:00,0.295384561,0.09708821
07/08/2019 01:00,0.289395557,0.09511972
07/08/2019 02:00,0.311430075,0.102362115
07/08/2019 03:00,0.333877598,0.109740259
07/08/2019 04:00,0.341642457,0.112292445
07/08/2019 05:00,0.314555037,0.103389241
07/08/2019 06:00,0.287686144,0.094557863
07/08/2019 07:00,0.262210481,0.086184417
07/08/2019 08:00,0.23210559,0.076289418
07/08/2019 09:00,0.191812894,0.063045849
07/08/2019 10:00,0.14047435,0.046171686
07/08/2019 11:00,0.114733289,0.037711008
07/08/2019 12:00,0.083939689,0.027589641
07/08/2019 13:00,0.033016992,0.01085216
07/08/2019 14:00,0,0
07/08/2019 15:00,0,0
07/08/2019 16:00,0,0
07/08/2019 17:00,0,0
07/08/2019 18:00,0,0
07/08/2019 19:00,0,0
07/08/2019 20:00,0,0
07/08/2019 21:00,0,0
07/08/2019 22:00,0,0
07/08/2019 23:00,0,0
07/09/2019 00:00,0.02798759,0.009199076
07/09/2019 01:00,0.054323996,0.017855434
07/09/2019 02:00,0.047941098,0.015757477
07/09/2019 03:00,0.041594799,0.013671549
07/09/2019 04:00,0.09831526,0.032314663
07/09/2019 05:00,0.171329549,0.0563133
07/09/2019 06:00,0.232980316,0.076576927
07/09/2019 07:00,0.300210508,0.098674422
07/09/2019 08:00,0.345716027,0.113631363
07/09/2019 09:00,0.395218467,0.129902028
07/09/2019 10:00,0.416270416,0.136821469
07/09/2019 11:00,0.421827709,0.138648063
07/09/2019 12:00,0.393110181,0.129209068
07/09/2019 13:00,0.379287803,0.124665872
07/09/2019 14:00,0.396949075,0.130470852
07/09/2019 15:00,0.401283437,0.131895487
07/09/2019 16:00,0.379441805,0.12471649
07/09/2019 17:00,0.363103512,0.119346353
07/09/2019 18:00,0.387899994,0.127496563
07/09/2019 19:00,0.391847006,0.128793882
07/09/2019 20:00,0.376741757,0.123829027
07/09/2019 21:00,0.36974718,0.121530021
07/09/2019 22:00,0.317146688,0.104241075
07/09/2019 23:00,0.27825938,0.091459435
07/10/2019 00:00,0.268869235,0.088373044
07/10/2019 01:00,0.252529824,0.083002539
07/10/2019 02:00,0.188661591,0.062010066
07/10/2019 03:00,0.106688621,0.035066854
07/10/2019 04:00,0.022333898,0.007340797
07/10/2019 05:00,0,0
07/10/2019 06:00,0,0
07/10/2019 07:00,0,0
07/10/2019 08:00,0,0
07/10/2019 09:00,0,0
07/10/2019 10:00,0,0
07/10/2019 11:00,0,0
07/10/2019 12:00,0,0
07/10/2019 13:00,0,0
07/10/2019 14:00,0,0
07/10/2019 15:00,0.027756435,0.009123099
07/10/2019 16:00,0.092691821,0.030466328
07/10/2019 17:00,0.161940096,0.053227136
07/10/2019 18:00,0.217122701,0.071364781
07/10/2019 19:00,0.252581636,0.083019569
07/10/2019 20:00,0.267969284,0.088077244
07/10/2019 21:00,0.286120992,0.094043422
07/10/2019 22:00,0.266084118,0.08745762
07/10/2019 23:00,0.26873242,0.088328075
07/11/2019 00:00,0.281451232,0.092508546
07/11/2019 01:00,0.284645633,0.093558495
07/11/2019 02:00,0.282983906,0.093012312
07/11/2019 03:00,0.301992615,0.099260173
07/11/2019 04:00,0.31007422,0.101916467
07/11/2019 05:00,0.315082714,0.10356268
07/11/2019 06:00,0.343028594,0.112748047
07/11/2019 07:00,0.349813979,0.114978295
07/11/2019 08:00,0.358909091,0.117967713
07/11/2019 09:00,0.367067927,0.120649393
07/11/2019 10:00,0.384553616,0.126396661
07/11/2019 11:00,0.44278618,0.145536779
07/11/2019 12:00,0.439411693,0.144427639
07/11/2019 13:00,0.412277212,0.135508966
07/11/2019 14:00,0.378558802,0.124426261
07/11/2019 15:00,0.340464864,0.111905389
07/11/2019 16:00,0.339718064,0.111659928
07/11/2019 17:00,0.362695305,0.119212182
07/11/2019 18:00,0.355158147,0.116734838
07/11/2019 19:00,0.364685867,0.119866448
07/11/2019 20:00,0.362768851,0.119236355
07/11/2019 21:00,0.347810291,0.114319714
07/11/2019 22:00,0.380677666,0.125122698
07/11/2019 23:00,0.348360447,0.114500542
07/12/2019 00:00,0.319751269,0.10509716
07/12/2019 01:00,0.289926279,0.095294159
07/12/2019 02:00,0.279631896,0.09191056
07/12/2019 03:00,0.286831042,0.094276804
07/12/2019 04:00,0.282386979,0.092816112
07/12/2019 05:00,0.250469702,0.08232541
07/12/2019 06:00,0.225082617,0.073981079
07/12/2019 07:00,0.219096236,0.07201345
07/12/2019 08:00,0.210728695,0.069263172
07/12/2019 09:00,0.177816067,0.058445315
07/12/2019 10:00,0.175316222,0.057623656
07/12/2019 11:00,0.111191346,0.036546828
07/12/2019 12:00,0.052231955,0.017167813
07/12/2019 13:00,0.046799194,0.015382151
07/12/2019 14:00,0.047713022,0.015682512
07/12/2019 15:00,0.049958938,0.016420709
07/12/2019 16:00,0.07027835,0.023099377
07/12/2019 17:00,0.114493246,0.03763211
07/12/2019 18:00,0.126554946,0.041596599
07/12/2019 19:00,0.113194068,0.037205091
07/12/2019 20:00,0.103807146,0.034119759
07/12/2019 21:00,0.098951618,0.032523824
07/12/2019 22:00,0.093924511,0.030871494
07/12/2019 23:00,0.079902265,0.026262604
7/13/2019 0:00,0.042299664,0.013903227
7/13/2019 1:00,0.050027678,0.016443302
7/13/2019 2:00,0.066298323,0.021791205
7/13/2019 3:00,0.08356208,0.027465527
7/13/2019 4:00,0.073041634,0.024007624
7/13/2019 5:00,0.070202015,0.023074286
7/13/2019 6:00,0.084950519,0.027921885
7/13/2019 7:00,0.127895167,0.042037108
7/13/2019 8:00,0.183983771,0.060472541
7/13/2019 9:00,0.241684883,0.079437979
7/13/2019 10:00,0.326408765,0.107285373
7/13/2019 11:00,0.364997111,0.119968749
7/13/2019 12:00,0.395357419,0.1299477
7/13/2019 13:00,0.397649565,0.130701091
7/13/2019 14:00,0.387078821,0.127226656
7/13/2019 15:00,0.356669402,0.117231563
7/13/2019 16:00,0.343993491,0.113065193
7/13/2019 17:00,0.330763917,0.108716842
7/13/2019 18:00,0.302617528,0.099465571
7/13/2019 19:00,0.273698544,0.089960361
7/13/2019 20:00,0.233068214,0.076605817
7/13/2019 21:00,0.19565557,0.064308876
7/13/2019 22:00,0.162183608,0.053307174
7/13/2019 23:00,0.1521853,0.050020889
7/14/2019 0:00,0.181289107,0.059586848
7/14/2019 1:00,0.201210337,0.06613464
7/14/2019 2:00,0.217232068,0.071400728
7/14/2019 3:00,0.230239568,0.075676087
7/14/2019 4:00,0.213259007,0.070094846
7/14/2019 5:00,0.189806293,0.062386312
7/14/2019 6:00,0.167713155,0.055124648
7/14/2019 7:00,0.16823289,0.055295477
7/14/2019 8:00,0.158156629,0.05198357
7/14/2019 9:00,0.177269682,0.058265727
7/14/2019 10:00,0.199962239,0.06572441
7/14/2019 11:00,0.20383909,0.066998669
7/14/2019 12:00,0.227380542,0.07473637
7/14/2019 13:00,0.234070139,0.076935134
7/14/2019 14:00,0.234648993,0.077125394
7/14/2019 15:00,0.214396791,0.070468817
7/14/2019 16:00,0.170660364,0.056093349
7/14/2019 17:00,0.135517406,0.044542417
7/14/2019 18:00,0.132362077,0.043505311
7/14/2019 19:00,0.132447068,0.043533246
7/14/2019 20:00,0.115553688,0.03798066
7/14/2019 21:00,0.061179979,0.020108887
7/14/2019 22:00,0.031328005,0.010297017
7/14/2019 23:00,0.001464151,0.000481243
7/15/2019 0:00,0.00724787,0.00238226
7/15/2019 1:00,0.035673049,0.011725164
7/15/2019 2:00,0.089931935,0.029559198
7/15/2019 3:00,0.142520251,0.046844141
7/15/2019 4:00,0.175235357,0.057597077
7/15/2019 5:00,0.19608454,0.064449871
7/15/2019 6:00,0.196748521,0.064668112
7/15/2019 7:00,0.197984522,0.065074366
7/15/2019 8:00,0.192542742,0.063285739
7/15/2019 9:00,0.193756581,0.063684708
7/15/2019 10:00,0.092650865,0.030452867
7/15/2019 11:00,0.085656241,0.028153845
7/15/2019 12:00,0.08896819,0.02924243
7/15/2019 13:00,0.087001313,0.028595949
7/15/2019 14:00,0.080360421,0.026413193
7/15/2019 15:00,0.054690712,0.017975968
7/15/2019 16:00,0.001550986,0.000509785
7/15/2019 17:00,0,0
7/15/2019 18:00,0,0
7/15/2019 19:00,0,0
7/15/2019 20:00,0,0
7/15/2019 21:00,0,0
7/15/2019 22:00,0,0
7/15/2019 23:00,0,0
7/16/2019 0:00,0,0
7/16/2019 1:00,0,0
7/16/2019 2:00,0,0
7/16/2019 3:00,0,0
7/16/2019 4:00,0.002250971,0.000739859
7/16/2019 5:00,0.03312522,0.010887733
7/16/2019 6:00,0.077122918,0.025349077
7/16/2019 7:00,0.118199274,0.038850223
7/16/2019 8:00,0.136953656,0.04501449
7/16/2019 9:00,0.134653524,0.044258473
7/16/2019 10:00,0.104912872,0.034483193
7/16/2019 11:00,0.087495864,0.0287585
7/16/2019 12:00,0.03659045,0.012026699
7/16/2019 13:00,0,0
7/16/2019 14:00,0,0
7/16/2019 15:00,0,0
7/16/2019 16:00,0,0
7/16/2019 17:00,0,0
7/16/2019 18:00,0,0
7/16/2019 19:00,0,0
7/16/2019 20:00,0,0
7/16/2019 21:00,0,0
7/16/2019 22:00,0,0
7/16/2019 23:00,0.066731731,0.021933659
7/17/2019 0:00,0.095318265,0.031329599
7/17/2019 1:00,0.103309022,0.033956033
7/17/2019 2:00,0.133249342,0.043796941
7/17/2019 3:00,0.158614407,0.052134034
7/17/2019 4:00,0.170259565,0.055961613
7/17/2019 5:00,0.199583827,0.065600032
7/17/2019 6:00,0.244818754,0.080468033
7/17/2019 7:00,0.283536359,0.093193894
7/17/2019 8:00,0.347873355,0.114340442
7/17/2019 9:00,0.423256941,0.139117829
7/17/2019 10:00,0.434600892,0.142846405
7/17/2019 11:00,0.487160097,0.16012178
7/17/2019 12:00,0.50529408,0.166082133
7/17/2019 13:00,0.522974984,0.171893565
7/17/2019 14:00,0.571742592,0.187922702
7/17/2019 15:00,0.562577206,0.184910186
7/17/2019 16:00,0.550663536,0.180994352
7/17/2019 17:00,0.568538315,0.186869507
7/17/2019 18:00,0.574993633,0.188991268
7/17/2019 19:00,0.548562333,0.18030372
7/17/2019 20:00,0.489440417,0.160871285
7/17/2019 21:00,0.406603774,0.133644198
7/17/2019 22:00,0.339713149,0.111658312
7/17/2019 23:00,0.273387671,0.089858182
7/18/2019 0:00,0.234134839,0.0769564
7/18/2019 1:00,0.195366037,0.064213711
7/18/2019 2:00,0.158786306,0.052190535
7/18/2019 3:00,0.102025122,0.033534036
7/18/2019 4:00,0.04500394,0.01479208
7/18/2019 5:00,0.004247085,0.001395949
7/18/2019 6:00,0,0
7/18/2019 7:00,0,0
7/18/2019 8:00,0,0
7/18/2019 9:00,0.022752231,0.007478297
7/18/2019 10:00,0.077067932,0.025331004
7/18/2019 11:00,0.156754364,0.051522668
7/18/2019 12:00,0.211618046,0.069555488
7/18/2019 13:00,0.2164963,0.071158893
7/18/2019 14:00,0.195288627,0.064188268
7/18/2019 15:00,0.198809309,0.06534546
7/18/2019 16:00,0.214477709,0.070495414
7/18/2019 17:00,0.243653689,0.080085095
7/18/2019 18:00,0.217709586,0.071557681
7/18/2019 19:00,0.210130865,0.069066675
7/18/2019 20:00,0.207196815,0.0681023
7/18/2019 21:00,0.188539623,0.061969977
7/18/2019 22:00,0.195576888,0.064283014
7/18/2019 23:00,0.221973174,0.072959054
7/19/2019 0:00,0.233372368,0.076705788
7/19/2019 1:00,0.250275631,0.082261622
7/19/2019 2:00,0.27273786,0.0896446
7/19/2019 3:00,0.283292057,0.093113596
7/19/2019 4:00,0.288050236,0.094677534
7/19/2019 5:00,0.313053436,0.102895689
7/19/2019 6:00,0.346261588,0.11381068
7/19/2019 7:00,0.353581632,0.116216662
7/19/2019 8:00,0.342402579,0.112542285
7/19/2019 9:00,0.31861359,0.104723223
7/19/2019 10:00,0.27672323,0.090954527
7/19/2019 11:00,0.280777065,0.092286958
7/19/2019 12:00,0.284301077,0.093445245
7/19/2019 13:00,0.29378358,0.096561993
7/19/2019 14:00,0.292183368,0.096036029
7/19/2019 15:00,0.266769522,0.087682902
7/19/2019 16:00,0.221773622,0.072893465
7/19/2019 17:00,0.151658183,0.049847634
7/19/2019 18:00,0.104967393,0.034501114
7/19/2019 19:00,0.076794456,0.025241117
7/19/2019 20:00,0.09560548,0.031424002
7/19/2019 21:00,0.174367728,0.057311901
7/19/2019 22:00,0.266186498,0.087491271
7/19/2019 23:00,0.343127166,0.112780446
7/20/2019 0:00,0.381643141,0.125440034
7/20/2019 1:00,0.385754707,0.126791441
7/20/2019 2:00,0.369908613,0.121583082
7/20/2019 3:00,0.364752995,0.119888512
7/20/2019 4:00,0.328346929,0.107922417
7/20/2019 5:00,0.316904801,0.104161571
7/20/2019 6:00,0.350217908,0.11511106
7/20/2019 7:00,0.396396583,0.130289256
7/20/2019 8:00,0.338890663,0.111387974
7/20/2019 9:00,0.230215867,0.075668296
7/20/2019 10:00,0.133012117,0.043718969
7/20/2019 11:00,0.053612087,0.017621441
7/20/2019 12:00,0,0
7/20/2019 13:00,0.05108141,0.016789648
7/20/2019 14:00,0.226252229,0.074365512
7/20/2019 15:00,0.363722531,0.119549815
7/20/2019 16:00,0.443115204,0.145644924
7/20/2019 17:00,0.459506332,0.151032428
7/20/2019 18:00,0.433988289,0.142645052
7/20/2019 19:00,0.427937571,0.140656278
7/20/2019 20:00,0.430297593,0.141431979
7/20/2019 21:00,0.403913029,0.132759793
7/20/2019 22:00,0.37779188,0.124174186
7/20/2019 23:00,0.37394802,0.12291077
7/21/2019 0:00,0.358614846,0.117871
7/21/2019 1:00,0.322607967,0.106036111
7/21/2019 2:00,0.290335911,0.095428799
7/21/2019 3:00,0.263912263,0.086743766
7/21/2019 4:00,0.273238577,0.089809177
7/21/2019 5:00,0.30398795,0.099916007
7/21/2019 6:00,0.316022285,0.103871502
7/21/2019 7:00,0.303454073,0.09974053
7/21/2019 8:00,0.285155906,0.093726214
7/21/2019 9:00,0.268625176,0.088292826
7/21/2019 10:00,0.242580135,0.079732235
7/21/2019 11:00,0.191100305,0.062811633
7/21/2019 12:00,0.166117177,0.054600076
7/21/2019 13:00,0.165640315,0.054443339
7/21/2019 14:00,0.190622572,0.062654609
7/21/2019 15:00,0.233507645,0.076750251
7/21/2019 16:00,0.322055438,0.105854504
7/21/2019 17:00,0.445799064,0.146527066
7/21/2019 18:00,0.504848586,0.165935706
7/21/2019 19:00,0.524440627,0.172375298
7/21/2019 20:00,0.554460906,0.182242487
7/21/2019 21:00,0.634744623,0.208630469
7/21/2019 22:00,0.740877891,0.243514787
7/21/2019 23:00,0.652176153,0.214359935
7/22/2019 0:00,0.587641058,0.193148275
7/22/2019 1:00,0.590632948,0.194131662
7/22/2019 2:00,0.602757041,0.198116659
7/22/2019 3:00,0.61365825,0.201699713
7/22/2019 4:00,0.577744818,0.189895538
7/22/2019 5:00,0.516271266,0.169690159
7/22/2019 6:00,0.464977565,0.152830735
7/22/2019 7:00,0.399269969,0.131233693
7/22/2019 8:00,0.341554496,0.112263534
7/22/2019 9:00,0.305080496,0.10027511
7/22/2019 10:00,0.186661687,0.061352729
7/22/2019 11:00,0.122476392,0.040256043
7/22/2019 12:00,0.09328487,0.030661254
7/22/2019 13:00,0.043039865,0.01414652
7/22/2019 14:00,0,0
7/22/2019 15:00,0,0
7/22/2019 16:00,0,0
7/22/2019 17:00,0,0
7/22/2019 18:00,0.040721448,0.013384493
7/22/2019 19:00,0.087523865,0.028767703
7/22/2019 20:00,0.117407079,0.038589841
7/22/2019 21:00,0.186803668,0.061399396
7/22/2019 22:00,0.255852061,0.084094506
7/22/2019 23:00,0.332023019,0.109130689
7/23/2019 0:00,0.371685396,0.122167082
7/23/2019 1:00,0.380914399,0.125200508
7/23/2019 2:00,0.359725898,0.118236185
7/23/2019 3:00,0.355486275,0.116842688
7/23/2019 4:00,0.343322193,0.112844548
7/23/2019 5:00,0.321595819,0.105703434
7/23/2019 6:00,0.331010407,0.108797859
7/23/2019 7:00,0.39932247,0.131250949
7/23/2019 8:00,0.499357559,0.164130893
7/23/2019 9:00,0.542597506,0.178343176
7/23/2019 10:00,0.541342461,0.177930662
7/23/2019 11:00,0.497721504,0.163593147
7/23/2019 12:00,0.408452216,0.134251751
7/23/2019 13:00,0.324432197,0.106635706
7/23/2019 14:00,0.28363082,0.093224942
7/23/2019 15:00,0.260118908,0.085496951
7/23/2019 16:00,0.258471199,0.084955375
7/23/2019 17:00,0.287447518,0.09447943
7/23/2019 18:00,0.318473938,0.104677321
7/23/2019 19:00,0.338988677,0.11142019
7/23/2019 20:00,0.276645816,0.090929082
7/23/2019 21:00,0.175084211,0.057547397
7/23/2019 22:00,0.075543395,0.024829913
7/23/2019 23:00,0,0
7/24/2019 0:00,0,0
7/24/2019 1:00,0.149721572,0.049211101
7/24/2019 2:00,0.308220391,0.101307143
7/24/2019 3:00,0.392250414,0.128926476
7/24/2019 4:00,0.463625438,0.152386312
7/24/2019 5:00,0.569323085,0.187127449
7/24/2019 6:00,0.655909405,0.215586996
7/24/2019 7:00,0.726845416,0.238902535
7/24/2019 8:00,0.695899066,0.228730962
7/24/2019 9:00,0.620188182,0.203845998
7/24/2019 10:00,0.634697668,0.208615035
7/24/2019 11:00,0.655377339,0.215412114
7/24/2019 12:00,0.636039173,0.209055966
7/24/2019 13:00,0.510663496,0.167846974
7/24/2019 14:00,0.396655011,0.130374197
7/24/2019 15:00,0.298111247,0.097984428
7/24/2019 16:00,0.195190565,0.064156036
7/24/2019 17:00,0.120588493,0.039635521
7/24/2019 18:00,0.067153346,0.022072237
7/24/2019 19:00,0.040318481,0.013252044
7/24/2019 20:00,0.042989033,0.014129812
7/24/2019 21:00,0.028454111,0.009352414
7/24/2019 22:00,0.04815908,0.015829124
7/24/2019 23:00,0.056846975,0.018684697
7/25/2019 0:00,0,0
7/25/2019 1:00,0,0
7/25/2019 2:00,0,0
7/25/2019 3:00,0.037419171,0.012299087
7/25/2019 4:00,0.134895252,0.044337925
7/25/2019 5:00,0.243160184,0.079922888
7/25/2019 6:00,0.324354117,0.106610043
7/25/2019 7:00,0.349347643,0.114825018
7/25/2019 8:00,0.371298817,0.122040019
7/25/2019 9:00,0.414367643,0.136196058
7/25/2019 10:00,0.48568586,0.159637222
7/25/2019 11:00,0.538733108,0.17707301
7/25/2019 12:00,0.563397125,0.18517968
7/25/2019 13:00,0.588013724,0.193270765
7/25/2019 14:00,0.622080642,0.204468019
7/25/2019 15:00,0.681053234,0.223851373
7/25/2019 16:00,0.735582477,0.241774268
7/25/2019 17:00,0.747458164,0.245677618
7/25/2019 18:00,0.784046664,0.257703676
7/25/2019 19:00,0.795282428,0.261396693
7/25/2019 20:00,0.793340273,0.260758338
7/25/2019 21:00,0.812168566,0.266946898
7/25/2019 22:00,0.835154978,0.274502167
7/25/2019 23:00,0.826235047,0.271570327
7/26/2019 0:00,0.794620278,0.261179055
7/26/2019 1:00,0.807447688,0.265395221
7/26/2019 2:00,0.813934192,0.267527232
7/26/2019 3:00,0.781248287,0.256783894
7/26/2019 4:00,0.738141688,0.24261544
7/26/2019 5:00,0.651756637,0.214222047
7/26/2019 6:00,0.621537286,0.204289427
7/26/2019 7:00,0.613258335,0.201568267
7/26/2019 8:00,0.537980795,0.176825736
7/26/2019 9:00,0.461960102,0.151838943
7/26/2019 10:00,0.40082471,0.131744711
7/26/2019 11:00,0.349243613,0.114790825
7/26/2019 12:00,0.409497251,0.134595237
7/26/2019 13:00,0.565317206,0.18581078
7/26/2019 14:00,0.570233727,0.187426762
7/26/2019 15:00,0.606597793,0.199379053
7/26/2019 16:00,0.598651496,0.196767231
7/26/2019 17:00,0.564724019,0.185615809
7/26/2019 18:00,0.558036703,0.183417794
7/26/2019 19:00,0.527240396,0.173295538
7/26/2019 20:00,0.501385413,0.164797416
7/26/2019 21:00,0.517286083,0.170023713
7/26/2019 22:00,0.438291291,0.144059381
7/26/2019 23:00,0.304794529,0.100181117
7/27/2019 0:00,0.215481459,0.07082533
7/27/2019 1:00,0.356298989,0.117109815
7/27/2019 2:00,0.335529509,0.110283217
7/27/2019 3:00,0.237093609,0.077928901
7/27/2019 4:00,0.202023369,0.06640187
7/27/2019 5:00,0.246832422,0.081129894
7/27/2019 6:00,0.301994237,0.099260706
7/27/2019 7:00,0.340575827,0.111941861
7/27/2019 8:00,0.382674276,0.125778952
7/27/2019 9:00,0.41778277,0.137318556
7/27/2019 10:00,0.37786411,0.124197927
7/27/2019 11:00,0.376742893,0.123829401
7/27/2019 12:00,0.410816409,0.135028824
7/27/2019 13:00,0.386550307,0.127052942
7/27/2019 14:00,0.38132652,0.125335966
7/27/2019 15:00,0.395188932,0.129892321
7/27/2019 16:00,0.425295759,0.139787956
7/27/2019 17:00,0.446447134,0.146740077
7/27/2019 18:00,0.441444389,0.145095754
7/27/2019 19:00,0.442683849,0.145503145
7/27/2019 20:00,0.434389078,0.142776785
7/27/2019 21:00,0.430592283,0.141528839
7/27/2019 22:00,0.415765379,0.136655472
7/27/2019 23:00,0.396648304,0.130371993
7/28/2019 0:00,0.422734342,0.138946059
7/28/2019 1:00,0.46307533,0.1522055
7/28/2019 2:00,0.48380607,0.159019365
7/28/2019 3:00,0.472328232,0.155246782
7/28/2019 4:00,0.4288171,0.140945365
7/28/2019 5:00,0.405934857,0.133424335
7/28/2019 6:00,0.437029188,0.143644548
7/28/2019 7:00,0.495813075,0.162965877
7/28/2019 8:00,0.552263507,0.181520236
7/28/2019 9:00,0.590430918,0.194065258
7/28/2019 10:00,0.577902326,0.189947309
7/28/2019 11:00,0.552829781,0.181706362
7/28/2019 12:00,0.5194264,0.170727201
7/28/2019 13:00,0.483046682,0.158769766
7/28/2019 14:00,0.421556552,0.138558938
7/28/2019 15:00,0.35762132,0.117544444
7/28/2019 16:00,0.308316659,0.101338785
7/28/2019 17:00,0.267699188,0.087988468
7/28/2019 18:00,0.225686348,0.074179515
7/28/2019 19:00,0.179550236,0.059015309
7/28/2019 20:00,0.146023967,0.047995757
7/28/2019 21:00,0.11335307,0.037257352
7/28/2019 22:00,0.166058241,0.054580704
7/28/2019 23:00,0.226348093,0.07439702
7/29/2019 0:00,0.192702297,0.063338182
7/29/2019 1:00,0.112808413,0.037078332
7/29/2019 2:00,0,0
7/29/2019 3:00,0,0
7/29/2019 4:00,0,0
7/29/2019 5:00,0.070749432,0.023254214
7/29/2019 6:00,0.041499439,0.013640206
7/29/2019 7:00,0.003047145,0.001001548
7/29/2019 8:00,0.008538421,0.002806443
7/29/2019 9:00,0.068395534,0.022480525
7/29/2019 10:00,0.043144739,0.01418099
7/29/2019 11:00,0.083433083,0.027423128
7/29/2019 12:00,0.112492209,0.036974401
7/29/2019 13:00,0.151991031,0.049957036
7/29/2019 14:00,0.231228113,0.076001005
7/29/2019 15:00,0.278758068,0.091623346
7/29/2019 16:00,0.274538776,0.090236532
7/29/2019 17:00,0.272808063,0.089667674
7/29/2019 18:00,0.270999907,0.089073362
7/29/2019 19:00,0.231099611,0.075958769
7/29/2019 20:00,0.181635974,0.059700857
7/29/2019 21:00,0.169217636,0.055619147
7/29/2019 22:00,0.212995551,0.070008252
7/29/2019 23:00,0.219158245,0.072033832
7/30/2019 0:00,0.194058319,0.063783885
7/30/2019 1:00,0.149075948,0.048998895
7/30/2019 2:00,0.13319392,0.043778725
7/30/2019 3:00,0.151410094,0.049766091
7/30/2019 4:00,0.174925544,0.057495246
7/30/2019 5:00,0.209812802,0.068962133
7/30/2019 6:00,0.245972611,0.080847288
7/30/2019 7:00,0.256621541,0.084347421
7/30/2019 8:00,0.254212548,0.083555624
7/30/2019 9:00,0.241697336,0.079442073
7/30/2019 10:00,0.220322092,0.07241637
7/30/2019 11:00,0.212291373,0.0697768
7/30/2019 12:00,0.222204042,0.073034937
7/30/2019 13:00,0.210702391,0.069254527
7/30/2019 14:00,0.171096328,0.056236643
7/30/2019 15:00,0.122810982,0.040366018
7/30/2019 16:00,0.0772929,0.025404948
7/30/2019 17:00,0.046435833,0.01526272
7/30/2019 18:00,0.045498738,0.014954712
7/30/2019 19:00,0.060991204,0.020046839
7/30/2019 20:00,0.061709039,0.02028278
7/30/2019 21:00,0.040084291,0.013175069
7/30/2019 22:00,0,0
7/30/2019 23:00,0,0
7/31/2019 0:00,0,0
7/31/2019 1:00,0,0
7/31/2019 2:00,0,0
7/31/2019 3:00,0,0
7/31/2019 4:00,0,0
7/31/2019 5:00,0,0
7/31/2019 6:00,0,0
7/31/2019 7:00,0,0
7/31/2019 8:00,0,0
7/31/2019 9:00,0,0
7/31/2019 10:00,0,0
7/31/2019 11:00,0,0
7/31/2019 12:00,0,0
7/31/2019 13:00,0,0
7/31/2019 14:00,0,0
7/31/2019 15:00,0,0
7/31/2019 16:00,0.014511236,0.004769613
7/31/2019 17:00,0,0
7/31/2019 18:00,0,0
7/31/2019 19:00,0,0
7/31/2019 20:00,0,0
7/31/2019 21:00,0,0
7/31/2019 22:00,0.018902087,0.006212815
7/31/2019 23:00,0.084894778,0.027903564
08/01/2019 00:00,0.157340006,0.051715159
08/01/2019 01:00,0.186451097,0.061283512
08/01/2019 02:00,0.188640183,0.06200303
08/01/2019 03:00,0.175109672,0.057555766
08/01/2019 04:00,0.164744133,0.054148778
08/01/2019 05:00,0.176252549,0.057931411
08/01/2019 06:00,0.172301249,0.056632682
08/01/2019 07:00,0.139964884,0.046004233
08/01/2019 08:00,0.120875679,0.039729914
08/01/2019 09:00,0.095346295,0.031338812
08/01/2019 10:00,0.043709816,0.014366722
08/01/2019 11:00,0.006470286,0.00212668
08/01/2019 12:00,0.045714687,0.015025691
08/01/2019 13:00,0.116478713,0.038284702
08/01/2019 14:00,0.157816607,0.05187181
08/01/2019 15:00,0.16047599,0.052745907
08/01/2019 16:00,0.14637131,0.048109923
08/01/2019 17:00,0.133055018,0.04373307
08/01/2019 18:00,0.115373888,0.037921563
08/01/2019 19:00,0.081157989,0.026675341
08/01/2019 20:00,0.047348136,0.01556258
08/01/2019 21:00,0.028397252,0.009333725
08/01/2019 22:00,0,0
08/01/2019 23:00,0,0
08/02/2019 00:00,0.026211375,0.008615262
08/02/2019 01:00,0.069212331,0.022748993
08/02/2019 02:00,0.108241669,0.035577316
08/02/2019 03:00,0.132014444,0.04339105
08/02/2019 04:00,0.133801522,0.043978434
08/02/2019 05:00,0.1153912,0.037927253
08/02/2019 06:00,0.086625475,0.028472417
08/02/2019 07:00,0.057856208,0.019016416
08/02/2019 08:00,0.046761462,0.015369749
08/02/2019 09:00,0.052871363,0.017377977
08/02/2019 10:00,0.115274954,0.037889045
08/02/2019 11:00,0.126846518,0.041692434
08/02/2019 12:00,0.149486757,0.049133921
08/02/2019 13:00,0.151410588,0.049766254
08/02/2019 14:00,0.152197496,0.050024898
08/02/2019 15:00,0.139416625,0.045824029
08/02/2019 16:00,0.130559488,0.042912829
08/02/2019 17:00,0.123438423,0.040572248
08/02/2019 18:00,0.096986018,0.031877763
08/02/2019 19:00,0.076877298,0.025268346
08/02/2019 20:00,0.064950114,0.02134807
08/02/2019 21:00,0.06703986,0.022034936
08/02/2019 22:00,0.106910162,0.035139671
08/02/2019 23:00,0.118041927,0.038798505
08/03/2019 00:00,0.132504219,0.043552031
08/03/2019 01:00,0.135053182,0.044389834
08/03/2019 02:00,0.130316116,0.042832836
08/03/2019 03:00,0.112007301,0.036815019
08/03/2019 04:00,0.091345965,0.030023967
08/03/2019 05:00,0.073196076,0.024058387
08/03/2019 06:00,0.057048299,0.018750869
08/03/2019 07:00,0.048315904,0.01588067
08/03/2019 08:00,0.045239786,0.014869598
08/03/2019 09:00,0.044697859,0.014691476
08/03/2019 10:00,0.045870421,0.015076878
08/03/2019 11:00,0.035661111,0.01172124
08/03/2019 12:00,0.00239455,0.000787051
08/03/2019 13:00,0,0
08/03/2019 14:00,0,0
08/03/2019 15:00,0,0
08/03/2019 16:00,0,0
08/03/2019 17:00,0,0
08/03/2019 18:00,0.018002622,0.005917176
08/03/2019 19:00,0.040821108,0.013417249
08/03/2019 20:00,0.046174222,0.015176733
08/03/2019 21:00,0.053001435,0.017420729
08/03/2019 22:00,0.124778034,0.041012557
08/03/2019 23:00,0.105921407,0.034814683
08/04/2019 00:00,0.055957648,0.01839239
08/04/2019 01:00,0.026521174,0.008717088
08/04/2019 02:00,0.024714839,0.008123375
08/04/2019 03:00,0.037458515,0.012312018
08/04/2019 04:00,0.05179968,0.017025732
08/04/2019 05:00,0.065587895,0.021557699
08/04/2019 06:00,0.089318873,0.029357694
08/04/2019 07:00,0.095000289,0.031225085
08/04/2019 08:00,0.083677686,0.027503525
08/04/2019 09:00,0.077420823,0.025446994
08/04/2019 10:00,0.080935258,0.026602133
08/04/2019 11:00,0.076199403,0.025045533
08/04/2019 12:00,0.084760058,0.027859284
08/04/2019 13:00,0.090921184,0.029884348
08/04/2019 14:00,0.109121672,0.035866559
08/04/2019 15:00,0.114255468,0.037553956
08/04/2019 16:00,0.110040685,0.036168624
08/04/2019 17:00,0.112719617,0.037049146
08/04/2019 18:00,0.148463524,0.048797601
08/04/2019 19:00,0.17715502,0.058228039
08/04/2019 20:00,0.203728862,0.066962439
08/04/2019 21:00,0.233632819,0.076791394
08/04/2019 22:00,0.266792286,0.087690384
08/04/2019 23:00,0.313272214,0.102967597
08/05/2019 00:00,0.323072901,0.106188927
08/05/2019 01:00,0.364991894,0.119967034
08/05/2019 02:00,0.423026211,0.139041992
08/05/2019 03:00,0.455594905,0.149746804
08/05/2019 04:00,0.489429646,0.160867745
08/05/2019 05:00,0.502858399,0.165281563
08/05/2019 06:00,0.511887071,0.168249144
08/05/2019 07:00,0.535528162,0.176019595
08/05/2019 08:00,0.557800522,0.183340166
08/05/2019 09:00,0.553743986,0.182006846
08/05/2019 10:00,0.51231425,0.168389551
08/05/2019 11:00,0.470012659,0.15448569
08/05/2019 12:00,0.433678836,0.14254334
08/05/2019 13:00,0.427091024,0.140378031
08/05/2019 14:00,0.406887064,0.13373731
08/05/2019 15:00,0.379867264,0.124856332
08/05/2019 16:00,0.376762514,0.12383585
08/05/2019 17:00,0.362602099,0.119181546
08/05/2019 18:00,0.332735225,0.10936478
08/05/2019 19:00,0.303115455,0.099629232
08/05/2019 20:00,0.295084244,0.096989501
08/05/2019 21:00,0.297416112,0.097755949
08/05/2019 22:00,0.19728063,0.064843007
08/05/2019 23:00,0.178607172,0.058705339
08/06/2019 00:00,0.160538731,0.052766529
08/06/2019 01:00,0.156272883,0.051364413
08/06/2019 02:00,0.155113914,0.050983478
08/06/2019 03:00,0.153272955,0.050378384
08/06/2019 04:00,0.145691323,0.047886422
08/06/2019 05:00,0.122393289,0.040228729
08/06/2019 06:00,0.122698571,0.04032907
08/06/2019 07:00,0.1140549,0.037488033
08/06/2019 08:00,0.090737085,0.029823837
08/06/2019 09:00,0.092905876,0.030536685
08/06/2019 10:00,0.122739891,0.040342651
08/06/2019 11:00,0.170953512,0.056189702
08/06/2019 12:00,0.160276229,0.052680249
08/06/2019 13:00,0.078567185,0.025823785
08/06/2019 14:00,0.047398971,0.015579288
08/06/2019 15:00,0.062989568,0.02070367
08/06/2019 16:00,0.089000665,0.029253104
08/06/2019 17:00,0.09873914,0.032453986
08/06/2019 18:00,0.101914425,0.033497651
08/06/2019 19:00,0.087278129,0.028686934
08/06/2019 20:00,0.092040474,0.030252241
08/06/2019 21:00,0.112421974,0.036951316
08/06/2019 22:00,0.144321794,0.04743628
08/06/2019 23:00,0.108508638,0.035665065
08/07/2019 00:00,0.077038857,0.025321448
08/07/2019 01:00,0.048286697,0.01587107
08/07/2019 02:00,0.046875239,0.015407146
08/07/2019 03:00,0.044760295,0.014711997
08/07/2019 04:00,0.079393481,0.026095375
08/07/2019 05:00,0.134137158,0.044088752
08/07/2019 06:00,0.176867345,0.058133485
08/07/2019 07:00,0.219023166,0.071989433
08/07/2019 08:00,0.246714896,0.081091265
08/07/2019 09:00,0.264625065,0.086978053
08/07/2019 10:00,0.287334886,0.09444241
08/07/2019 11:00,0.329823767,0.10840783
08/07/2019 12:00,0.35369519,0.116253987
08/07/2019 13:00,0.386284105,0.126965445
08/07/2019 14:00,0.422715376,0.138939825
08/07/2019 15:00,0.453714554,0.149128762
08/07/2019 16:00,0.465140002,0.152884125
08/07/2019 17:00,0.49428957,0.162465125
08/07/2019 18:00,0.509601678,0.167497972
08/07/2019 19:00,0.526633613,0.173096098
08/07/2019 20:00,0.527467893,0.173370312
08/07/2019 21:00,0.513379811,0.168739784
08/07/2019 22:00,0.443109993,0.145643211
08/07/2019 23:00,0.442267359,0.145366251
08/08/2019 00:00,0.442652682,0.145492901
08/08/2019 01:00,0.450194159,0.147971664
08/08/2019 02:00,0.471270777,0.154899214
08/08/2019 03:00,0.485729354,0.159651518
08/08/2019 04:00,0.478116495,0.157149292
08/08/2019 05:00,0.442133131,0.145322132
08/08/2019 06:00,0.408558443,0.134286666
08/08/2019 07:00,0.382309037,0.125658904
08/08/2019 08:00,0.357893685,0.117633966
08/08/2019 09:00,0.323336938,0.106275712
08/08/2019 10:00,0.283247462,0.093098939
08/08/2019 11:00,0.285068964,0.093697637
08/08/2019 12:00,0.302251818,0.099345368
08/08/2019 13:00,0.319311491,0.104952612
08/08/2019 14:00,0.313256487,0.102962428
08/08/2019 15:00,0.280457281,0.092181851
08/08/2019 16:00,0.252149067,0.08287739
08/08/2019 17:00,0.214810883,0.070604923
08/08/2019 18:00,0.222072499,0.072991701
08/08/2019 19:00,0.229449353,0.075416355
08/08/2019 20:00,0.23017035,0.075653336
08/08/2019 21:00,0.190604734,0.062648746
08/08/2019 22:00,0.130270937,0.042817986
08/08/2019 23:00,0.122674491,0.040321155
08/09/2019 00:00,0.09868642,0.032436658
08/09/2019 01:00,0.064085506,0.021063887
08/09/2019 02:00,0.072893466,0.023958924
08/09/2019 03:00,0.095992646,0.031551257
08/09/2019 04:00,0.151243075,0.049711195
08/09/2019 05:00,0.226694733,0.074510955
08/09/2019 06:00,0.326981924,0.107473761
08/09/2019 07:00,0.43309178,0.142350384
08/09/2019 08:00,0.514723065,0.16918129
08/09/2019 09:00,0.548611455,0.180319865
08/09/2019 10:00,0.552480378,0.181591519
08/09/2019 11:00,0.578155698,0.190030588
08/09/2019 12:00,0.590772065,0.194177388
08/09/2019 13:00,0.570872,0.187636552
08/09/2019 14:00,0.570776741,0.187605242
08/09/2019 15:00,0.570594477,0.187545335
08/09/2019 16:00,0.567264854,0.186450941
08/09/2019 17:00,0.605280286,0.198946009
08/09/2019 18:00,0.656607212,0.215816354
08/09/2019 19:00,0.701658119,0.230623871
08/09/2019 20:00,0.748663503,0.246073794
08/09/2019 21:00,0.742561228,0.244068073
08/09/2019 22:00,0.711228651,0.233769553
08/09/2019 23:00,0.702054578,0.230754181
08/10/2019 00:00,0.750012553,0.246517205
08/10/2019 01:00,0.740419224,0.24336403
08/10/2019 02:00,0.61013595,0.200541989
08/10/2019 03:00,0.454873582,0.149509716
08/10/2019 04:00,0.332383405,0.109249142
08/10/2019 05:00,0.225104568,0.073988293
08/10/2019 06:00,0.167496836,0.055053548
08/10/2019 07:00,0.034828106,0.011447445
08/10/2019 08:00,0.046385407,0.015246146
08/10/2019 09:00,0.064397207,0.021166338
08/10/2019 10:00,0,0
08/10/2019 11:00,0,0
08/10/2019 12:00,0,0
08/10/2019 13:00,0,0
08/10/2019 14:00,0.002409161,0.000791853
08/10/2019 15:00,0.042219713,0.013876949
08/10/2019 16:00,0.080433706,0.026437281
08/10/2019 17:00,0.118682265,0.039008974
08/10/2019 18:00,0.179913322,0.059134649
08/10/2019 19:00,0.27348643,0.089890642
08/10/2019 20:00,0.34655248,0.113906292
08/10/2019 21:00,0.422591642,0.138899156
08/10/2019 22:00,0.454410228,0.149357419
08/10/2019 23:00,0.599171292,0.19693808
08/11/2019 00:00,0.701447234,0.230554557
08/11/2019 01:00,0.722144668,0.237357474
08/11/2019 02:00,0.716148163,0.235386518
08/11/2019 03:00,0.736821259,0.242181436
08/11/2019 04:00,0.731712738,0.240502346
08/11/2019 05:00,0.749736728,0.246426546
08/11/2019 06:00,0.765609305,0.251643609
08/11/2019 07:00,0.749322065,0.246290252
08/11/2019 08:00,0.713478537,0.234509054
08/11/2019 09:00,0.664263501,0.218332855
08/11/2019 10:00,0.656349807,0.215731749
08/11/2019 11:00,0.601171016,0.197595358
08/11/2019 12:00,0.555055098,0.182437788
08/11/2019 13:00,0.516364636,0.169720848
08/11/2019 14:00,0.489672314,0.160947506
08/11/2019 15:00,0.478156376,0.157162401
08/11/2019 16:00,0.461056852,0.151542059
08/11/2019 17:00,0.431336658,0.141773504
08/11/2019 18:00,0.405932308,0.133423497
08/11/2019 19:00,0.383126145,0.125927474
08/11/2019 20:00,0.355839163,0.116958677
08/11/2019 21:00,0.314422654,0.103345729
08/11/2019 22:00,0.306598653,0.100774104
08/11/2019 23:00,0.275100682,0.090421221
08/12/2019 00:00,0.272477398,0.08955899
08/12/2019 01:00,0.246324838,0.080963059
08/12/2019 02:00,0.2082453,0.06844692
08/12/2019 03:00,0.187033312,0.061474877
08/12/2019 04:00,0.16846392,0.055371413
08/12/2019 05:00,0.152681469,0.050183972
08/12/2019 06:00,0.142663872,0.046891347
08/12/2019 07:00,0.143928304,0.047306946
08/12/2019 08:00,0.138171878,0.0454149
08/12/2019 09:00,0.116255663,0.038211388
08/12/2019 10:00,0.059925969,0.019696714
08/12/2019 11:00,0.045957068,0.015105358
08/12/2019 12:00,0.023251009,0.007642237
08/12/2019 13:00,0,0
08/12/2019 14:00,0,0
08/12/2019 15:00,0,0
08/12/2019 16:00,0,0
08/12/2019 17:00,0,0
08/12/2019 18:00,0,0
08/12/2019 19:00,0.030716395,0.010095991
08/12/2019 20:00,0.080702999,0.026525793
08/12/2019 21:00,0.146775816,0.048242878
08/12/2019 22:00,0.171497265,0.056368425
08/12/2019 23:00,0.174125352,0.057232236
8/13/2019 0:00,0.149549017,0.049154385
8/13/2019 1:00,0.12323951,0.040506868
8/13/2019 2:00,0.114812267,0.037736967
8/13/2019 3:00,0.136672715,0.044922149
8/13/2019 4:00,0.152536719,0.050136395
8/13/2019 5:00,0.151953926,0.04994484
8/13/2019 6:00,0.148174067,0.048702461
8/13/2019 7:00,0.147530165,0.04849082
8/13/2019 8:00,0.163287941,0.053670151
8/13/2019 9:00,0.176866215,0.058133114
8/13/2019 10:00,0.225222299,0.07402699
8/13/2019 11:00,0.223195686,0.073360874
8/13/2019 12:00,0.208175705,0.068424045
8/13/2019 13:00,0.184390657,0.060606278
8/13/2019 14:00,0.186011201,0.061138925
8/13/2019 15:00,0.19558418,0.064285411
8/13/2019 16:00,0.209027609,0.068704053
8/13/2019 17:00,0.264811649,0.08703938
8/13/2019 18:00,0.266609902,0.087630437
8/13/2019 19:00,0.271341296,0.089185571
8/13/2019 20:00,0.272668001,0.089621638
8/13/2019 21:00,0.283111788,0.093054345
8/13/2019 22:00,0.278462614,0.091526235
8/13/2019 23:00,0.341367193,0.11220197
8/14/2019 0:00,0.363484184,0.119471474
8/14/2019 1:00,0.34410246,0.113101009
8/14/2019 2:00,0.338307913,0.111196434
8/14/2019 3:00,0.335777309,0.110364664
8/14/2019 4:00,0.336816408,0.1107062
8/14/2019 5:00,0.319216806,0.10492149
8/14/2019 6:00,0.298341689,0.098060171
8/14/2019 7:00,0.265987357,0.087425816
8/14/2019 8:00,0.216095704,0.071027223
8/14/2019 9:00,0.166257195,0.054646097
8/14/2019 10:00,0.147677869,0.048539368
8/14/2019 11:00,0.138032544,0.045369103
8/14/2019 12:00,0.158651081,0.052146089
8/14/2019 13:00,0.200562554,0.065921724
8/14/2019 14:00,0.249394244,0.081971924
8/14/2019 15:00,0.260972231,0.085777424
8/14/2019 16:00,0.259035602,0.085140885
8/14/2019 17:00,0.276455857,0.090866646
8/14/2019 18:00,0.321045854,0.105522669
8/14/2019 19:00,0.372761037,0.122520628
8/14/2019 20:00,0.443961971,0.145923243
8/14/2019 21:00,0.501720572,0.164907577
8/14/2019 22:00,0.483936542,0.159062249
8/14/2019 23:00,0.433078474,0.142346011
8/15/2019 0:00,0.473662494,0.155685333
8/15/2019 1:00,0.457348065,0.150323039
8/15/2019 2:00,0.399863518,0.131428783
8/15/2019 3:00,0.325708905,0.10705534
8/15/2019 4:00,0.231985313,0.076249885
8/15/2019 5:00,0.194369735,0.063886242
8/15/2019 6:00,0.217509517,0.071491921
8/15/2019 7:00,0.291813934,0.095914602
8/15/2019 8:00,0.391820466,0.128785159
8/15/2019 9:00,0.504543155,0.165835315
8/15/2019 10:00,0.519997215,0.170914819
8/15/2019 11:00,0.590816545,0.194192007
8/15/2019 12:00,0.595480845,0.195725089
8/15/2019 13:00,0.599407782,0.19701581
8/15/2019 14:00,0.611835125,0.201100481
8/15/2019 15:00,0.618759329,0.203376356
8/15/2019 16:00,0.566376263,0.186158875
8/15/2019 17:00,0.513087247,0.168643623
8/15/2019 18:00,0.481086043,0.158125336
8/15/2019 19:00,0.420527323,0.138220647
8/15/2019 20:00,0.325104341,0.10685663
8/15/2019 21:00,0.183148554,0.060198019
8/15/2019 22:00,0.074987598,0.024647231
8/15/2019 23:00,0.064059451,0.021055323
8/16/2019 0:00,0.1575072,0.051770113
8/16/2019 1:00,0.336420888,0.110576198
8/16/2019 2:00,0.445413983,0.146400496
8/16/2019 3:00,0.4788063,0.15737602
8/16/2019 4:00,0.460693541,0.151422644
8/16/2019 5:00,0.486013381,0.159744873
8/16/2019 6:00,0.536545716,0.176354048
8/16/2019 7:00,0.601322396,0.197645113
8/16/2019 8:00,0.663857436,0.218199387
8/16/2019 9:00,0.720309578,0.236754309
8/16/2019 10:00,0.743032475,0.244222964
8/16/2019 11:00,0.770360489,0.253205248
8/16/2019 12:00,0.812827499,0.267163479
8/16/2019 13:00,0.857033762,0.281693375
8/16/2019 14:00,0.841434137,0.276566026
8/16/2019 15:00,0.81834533,0.268977102
8/16/2019 16:00,0.741156899,0.243606492
8/16/2019 17:00,0.639462267,0.210181083
8/16/2019 18:00,0.479063817,0.157460662
8/16/2019 19:00,0.340125939,0.11179399
8/16/2019 20:00,0.254555163,0.083668236
8/16/2019 21:00,0.231022399,0.075933391
8/16/2019 22:00,0.180654278,0.05937819
8/16/2019 23:00,0.202665827,0.066613036
8/17/2019 0:00,0.211713889,0.06958699
8/17/2019 1:00,0.188959176,0.062107878
8/17/2019 2:00,0.125986528,0.041409769
8/17/2019 3:00,0.103399793,0.033985868
8/17/2019 4:00,0.117615026,0.038658189
8/17/2019 5:00,0.090566783,0.029767862
8/17/2019 6:00,0.068127199,0.022392327
8/17/2019 7:00,0.123963561,0.040744852
8/17/2019 8:00,0.24529801,0.080625557
8/17/2019 9:00,0.357417976,0.117477608
8/17/2019 10:00,0.581901604,0.191261808
8/17/2019 11:00,0.488690461,0.160624787
8/17/2019 12:00,0.39074353,0.128431188
8/17/2019 13:00,0.367863606,0.12091092
8/17/2019 14:00,0.319547454,0.105030169
8/17/2019 15:00,0.254507348,0.08365252
8/17/2019 16:00,0.237877395,0.078186519
8/17/2019 17:00,0.304145501,0.099967792
8/17/2019 18:00,0.376846642,0.123863501
8/17/2019 19:00,0.451176925,0.148294684
8/17/2019 20:00,0.490494802,0.161217845
8/17/2019 21:00,0.476646802,0.156666228
8/17/2019 22:00,0.630909138,0.207369805
8/17/2019 23:00,0.643301084,0.211442841
8/18/2019 0:00,0.630531314,0.207245621
8/18/2019 1:00,0.653425262,0.214770498
8/18/2019 2:00,0.672279368,0.220967542
8/18/2019 3:00,0.64584908,0.212280327
8/18/2019 4:00,0.594171558,0.195294747
8/18/2019 5:00,0.574575913,0.18885397
8/18/2019 6:00,0.54734877,0.179904841
8/18/2019 7:00,0.530726155,0.174441251
8/18/2019 8:00,0.514614215,0.169145513
8/18/2019 9:00,0.473584477,0.15565969
8/18/2019 10:00,0.388000891,0.127529726
8/18/2019 11:00,0.351895202,0.11566236
8/18/2019 12:00,0.369056176,0.121302899
8/18/2019 13:00,0.344029318,0.113076969
8/18/2019 14:00,0.245458051,0.08067816
8/18/2019 15:00,0.142312275,0.046775783
8/18/2019 16:00,0.057662698,0.018952812
8/18/2019 17:00,0.100450813,0.033016585
8/18/2019 18:00,0.229623469,0.075473585
8/18/2019 19:00,0.324336913,0.106604388
8/18/2019 20:00,0.352421594,0.115835376
8/18/2019 21:00,0.372018615,0.122276606
8/18/2019 22:00,0.408374254,0.134226126
8/18/2019 23:00,0.461556535,0.151706297
8/19/2019 0:00,0.492920007,0.162014971
8/19/2019 1:00,0.488446846,0.160544715
8/19/2019 2:00,0.47719709,0.156847098
8/19/2019 3:00,0.512391255,0.168414861
8/19/2019 4:00,0.55448666,0.182250952
8/19/2019 5:00,0.566603544,0.186233579
8/19/2019 6:00,0.53517208,0.175902556
8/19/2019 7:00,0.493844642,0.162318884
8/19/2019 8:00,0.476752707,0.156701037
8/19/2019 9:00,0.474793845,0.15605719
8/19/2019 10:00,0.489867226,0.161011571
8/19/2019 11:00,0.472056476,0.15515746
8/19/2019 12:00,0.471077537,0.154835699
8/19/2019 13:00,0.466495725,0.15332973
8/19/2019 14:00,0.422676015,0.138926888
8/19/2019 15:00,0.409755022,0.134679963
8/19/2019 16:00,0.403976143,0.132780537
8/19/2019 17:00,0.413596766,0.135942683
8/19/2019 18:00,0.389768871,0.128110833
8/19/2019 19:00,0.393536747,0.129349274
8/19/2019 20:00,0.439722026,0.14452964
8/19/2019 21:00,0.490845566,0.161333136
8/19/2019 22:00,0.450804569,0.148172297
8/19/2019 23:00,0.456630429,0.150087164
8/20/2019 0:00,0.467830197,0.15376835
8/20/2019 1:00,0.448833781,0.14752453
8/20/2019 2:00,0.448633394,0.147458666
8/20/2019 3:00,0.471571154,0.154997943
8/20/2019 4:00,0.488047347,0.160413405
8/20/2019 5:00,0.482709877,0.158659064
8/20/2019 6:00,0.455914315,0.149851789
8/20/2019 7:00,0.446596444,0.146789153
8/20/2019 8:00,0.428101659,0.140710211
8/20/2019 9:00,0.406462588,0.133597792
8/20/2019 10:00,0.341439835,0.112225847
8/20/2019 11:00,0.303104718,0.099625703
8/20/2019 12:00,0.29989913,0.098572077
8/20/2019 13:00,0.292091318,0.096005774
8/20/2019 14:00,0.265323759,0.087207702
8/20/2019 15:00,0.240367422,0.079004951
8/20/2019 16:00,0.222977895,0.07328929
8/20/2019 17:00,0.180074431,0.059187603
8/20/2019 18:00,0.108284251,0.035591312
8/20/2019 19:00,0.025405601,0.008350417
8/20/2019 20:00,0,0
8/20/2019 21:00,0,0
8/20/2019 22:00,0.070594438,0.02320327
8/20/2019 23:00,0.209333762,0.06880468
8/21/2019 0:00,0.262078418,0.08614101
8/21/2019 1:00,0.285707319,0.093907454
8/21/2019 2:00,0.321995371,0.10583476
8/21/2019 3:00,0.347913558,0.114353656
8/21/2019 4:00,0.347718717,0.114289615
8/21/2019 5:00,0.35451891,0.116524731
8/21/2019 6:00,0.384385132,0.126341283
8/21/2019 7:00,0.398200592,0.130882205
8/21/2019 8:00,0.400457152,0.131623901
8/21/2019 9:00,0.392069983,0.128867172
8/21/2019 10:00,0.38283708,0.125832463
8/21/2019 11:00,0.396108038,0.130194416
8/21/2019 12:00,0.430918165,0.141635951
8/21/2019 13:00,0.459318043,0.15097054
8/21/2019 14:00,0.502710162,0.16523284
8/21/2019 15:00,0.557513691,0.183245889
8/21/2019 16:00,0.625509183,0.205594926
8/21/2019 17:00,0.632600098,0.207925597
8/21/2019 18:00,0.593773991,0.195164073
8/21/2019 19:00,0.620584353,0.203976213
8/21/2019 20:00,0.667140761,0.219278564
8/21/2019 21:00,0.654814241,0.215227033
8/21/2019 22:00,0.587608366,0.19313753
8/21/2019 23:00,0.438318138,0.144068205
8/22/2019 0:00,0.353108923,0.11606129
8/22/2019 1:00,0.307261499,0.100991971
8/22/2019 2:00,0.281538435,0.092537209
8/22/2019 3:00,0.295956276,0.097276124
8/22/2019 4:00,0.343072306,0.112762414
8/22/2019 5:00,0.386882309,0.127162065
8/22/2019 6:00,0.397196334,0.130552122
8/22/2019 7:00,0.429947666,0.141316964
8/22/2019 8:00,0.450205426,0.147975368
8/22/2019 9:00,0.463100558,0.152213792
8/22/2019 10:00,0.456636602,0.150089193
8/22/2019 11:00,0.496944798,0.163337856
8/22/2019 12:00,0.520423882,0.171055058
8/22/2019 13:00,0.569878284,0.187309934
8/22/2019 14:00,0.624735677,0.205340687
8/22/2019 15:00,0.670600942,0.22041587
8/22/2019 16:00,0.678635066,0.22305656
8/22/2019 17:00,0.715344815,0.23512247
8/22/2019 18:00,0.813905828,0.267517909
8/22/2019 19:00,0.846923666,0.278370347
8/22/2019 20:00,0.850545137,0.279560667
8/22/2019 21:00,0.873860197,0.287223957
8/22/2019 22:00,0.807472832,0.265403485
8/22/2019 23:00,0.755868454,0.248441947
8/23/2019 0:00,0.732147011,0.240645085
8/23/2019 1:00,0.683902808,0.224787982
8/23/2019 2:00,0.619353172,0.203571543
8/23/2019 3:00,0.574370628,0.188786496
8/23/2019 4:00,0.482642635,0.158636962
8/23/2019 5:00,0.387300672,0.127299575
8/23/2019 6:00,0.268564299,0.088272816
8/23/2019 7:00,0.185302511,0.06090599
8/23/2019 8:00,0.140382055,0.04614135
8/23/2019 9:00,0.163088259,0.053604519
8/23/2019 10:00,0.413765739,0.135998222
8/23/2019 11:00,0.564071854,0.185401453
8/23/2019 12:00,0.630076355,0.207096083
8/23/2019 13:00,0.590034756,0.193935046
8/23/2019 14:00,0.501623277,0.164875598
8/23/2019 15:00,0.396173265,0.130215855
8/23/2019 16:00,0.346046845,0.113740098
8/23/2019 17:00,0.331163903,0.108848311
8/23/2019 18:00,0.288485065,0.094820456
8/23/2019 19:00,0.247188851,0.081247046
8/23/2019 20:00,0.227384949,0.074737818
8/23/2019 21:00,0.243865948,0.080154861
8/23/2019 22:00,0.271833073,0.08934721
8/23/2019 23:00,0.3740051,0.122929532
8/24/2019 0:00,0.444451689,0.146084206
8/24/2019 1:00,0.446439707,0.146737636
8/24/2019 2:00,0.418916905,0.137691328
8/24/2019 3:00,0.392737951,0.129086722
8/24/2019 4:00,0.390976471,0.128507751
8/24/2019 5:00,0.427343736,0.140461093
8/24/2019 6:00,0.463210087,0.152249793
8/24/2019 7:00,0.487356962,0.160186487
8/24/2019 8:00,0.477063275,0.156803116
8/24/2019 9:00,0.447667779,0.147141283
8/24/2019 10:00,0.411734067,0.135330443
8/24/2019 11:00,0.39557991,0.130020829
8/24/2019 12:00,0.33640745,0.110571782
8/24/2019 13:00,0.31496513,0.103524032
8/24/2019 14:00,0.269520088,0.088586969
8/24/2019 15:00,0.264421726,0.086911218
8/24/2019 16:00,0.296009102,0.097293487
8/24/2019 17:00,0.339940643,0.111733086
8/24/2019 18:00,0.390393919,0.128316276
8/24/2019 19:00,0.341822622,0.112351663
8/24/2019 20:00,0.2965,0.097454837
8/24/2019 21:00,0.280666606,0.092250652
8/24/2019 22:00,0.242322228,0.079647465
8/24/2019 23:00,0.22207051,0.072991047
8/25/2019 0:00,0.15008884,0.049331816
8/25/2019 1:00,0.122315879,0.040203285
8/25/2019 2:00,0.061532608,0.02022479
8/25/2019 3:00,0,0
8/25/2019 4:00,0,0
8/25/2019 5:00,0,0
8/25/2019 6:00,0,0
8/25/2019 7:00,0,0
8/25/2019 8:00,0,0
8/25/2019 9:00,0,0
8/25/2019 10:00,0.048088336,0.015805872
8/25/2019 11:00,0.098960361,0.032526698
8/25/2019 12:00,0.137034058,0.045040917
8/25/2019 13:00,0.153252419,0.050371634
8/25/2019 14:00,0.254357501,0.083603267
8/25/2019 15:00,0.386359444,0.126990208
8/25/2019 16:00,0.470255739,0.154565587
8/25/2019 17:00,0.510611643,0.167829931
8/25/2019 18:00,0.544386256,0.178931109
8/25/2019 19:00,0.569699487,0.187251166
8/25/2019 20:00,0.607739742,0.199754393
8/25/2019 21:00,0.626793015,0.206016901
8/25/2019 22:00,0.499416231,0.164150177
8/25/2019 23:00,0.380030836,0.124910095
8/26/2019 0:00,0.268932226,0.088393748
8/26/2019 1:00,0.16970725,0.055780076
8/26/2019 2:00,0.064776908,0.02129114
8/26/2019 3:00,0.027707317,0.009106955
8/26/2019 4:00,0.048202462,0.015843383
8/26/2019 5:00,0.045914529,0.015091376
8/26/2019 6:00,0.04166714,0.013695327
8/26/2019 7:00,0.051588219,0.016956228
8/26/2019 8:00,0.073172345,0.024050587
8/26/2019 9:00,0.07973359,0.026207164
8/26/2019 10:00,0.03982942,0.013091297
8/26/2019 11:00,0.050144097,0.016481568
8/26/2019 12:00,0.080745088,0.026539627
8/26/2019 13:00,0.109652532,0.036041044
8/26/2019 14:00,0.123594869,0.040623669
8/26/2019 15:00,0.117698826,0.038685733
8/26/2019 16:00,0.123755208,0.04067637
8/26/2019 17:00,0.123239452,0.040506849
8/26/2019 18:00,0.082621746,0.027156455
8/26/2019 19:00,0,0
8/26/2019 20:00,0,0
8/26/2019 21:00,0,0
8/26/2019 22:00,0,0
8/26/2019 23:00,0,0
8/27/2019 0:00,0,0
8/27/2019 1:00,0,0
8/27/2019 2:00,0.002479643,0.000815019
8/27/2019 3:00,0.066727171,0.02193216
8/27/2019 4:00,0.101629969,0.033404155
8/27/2019 5:00,0.079864214,0.026250098
8/27/2019 6:00,0.034663149,0.011393226
8/27/2019 7:00,0,0
8/27/2019 8:00,0,0
8/27/2019 9:00,0,0
8/27/2019 10:00,0,0
8/27/2019 11:00,0,0
8/27/2019 12:00,0.014754634,0.004849614
8/27/2019 13:00,0.035079433,0.011530052
8/27/2019 14:00,0.057303243,0.018834665
8/27/2019 15:00,0.075234554,0.024728402
8/27/2019 16:00,0.119521689,0.039284879
8/27/2019 17:00,0.195904217,0.064390602
8/27/2019 18:00,0.254865689,0.083770301
8/27/2019 19:00,0.261529191,0.085960488
8/27/2019 20:00,0.310631266,0.10209956
8/27/2019 21:00,0.253036217,0.083168983
8/27/2019 22:00,0.244400491,0.080330557
8/27/2019 23:00,0.249568622,0.082029239
8/28/2019 0:00,0.315918892,0.103837518
8/28/2019 1:00,0.326939746,0.107459898
8/28/2019 2:00,0.377689424,0.12414051
8/28/2019 3:00,0.400386701,0.131600744
8/28/2019 4:00,0.396761986,0.130409358
8/28/2019 5:00,0.366986921,0.120622768
8/28/2019 6:00,0.39579166,0.130090427
8/28/2019 7:00,0.432084173,0.1420192
8/28/2019 8:00,0.45328793,0.148988538
8/28/2019 9:00,0.46833443,0.153934083
8/28/2019 10:00,0.410136391,0.134805313
8/28/2019 11:00,0.441045783,0.144964739
8/28/2019 12:00,0.449220278,0.147651565
8/28/2019 13:00,0.417150279,0.137110666
8/28/2019 14:00,0.318450497,0.104669617
8/28/2019 15:00,0.306086485,0.100605762
8/28/2019 16:00,0.436022943,0.143313811
8/28/2019 17:00,0.435836467,0.143252519
8/28/2019 18:00,0.448129294,0.147292976
8/28/2019 19:00,0.453145553,0.14894174
8/28/2019 20:00,0.420343563,0.138160248
8/28/2019 21:00,0.366679809,0.120521825
8/28/2019 22:00,0.229714598,0.075503537
8/28/2019 23:00,0.19921477,0.065478729
8/29/2019 0:00,0.179504525,0.059000284
8/29/2019 1:00,0.163460928,0.053727009
8/29/2019 2:00,0.192969068,0.063425865
8/29/2019 3:00,0.230761166,0.075847527
8/29/2019 4:00,0.265007357,0.087103706
8/29/2019 5:00,0.274802471,0.090323204
8/29/2019 6:00,0.28503114,0.093685205
8/29/2019 7:00,0.313099853,0.102910945
8/29/2019 8:00,0.333240395,0.109530821
8/29/2019 9:00,0.355131972,0.116726234
8/29/2019 10:00,0.380992191,0.125226077
8/29/2019 11:00,0.406423306,0.133584881
8/29/2019 12:00,0.543604313,0.178674097
8/29/2019 13:00,0.631676716,0.207622096
8/29/2019 14:00,0.697734014,0.22933408
8/29/2019 15:00,0.721510892,0.237149162
8/29/2019 16:00,0.685234203,0.225225591
8/29/2019 17:00,0.605531983,0.199028738
8/29/2019 18:00,0.578128296,0.190021582
8/29/2019 19:00,0.593660509,0.195126773
8/29/2019 20:00,0.641584188,0.210878525
8/29/2019 21:00,0.675766472,0.222113698
8/29/2019 22:00,0.623674084,0.204991758
8/29/2019 23:00,0.626725791,0.205994806
8/30/2019 0:00,0.642515844,0.211184745
8/30/2019 1:00,0.652475979,0.214458483
8/30/2019 2:00,0.621039863,0.204125932
8/30/2019 3:00,0.652160499,0.21435479
8/30/2019 4:00,0.706729756,0.232290837
8/30/2019 5:00,0.64667155,0.21255066
8/30/2019 6:00,0.576750719,0.189568794
8/30/2019 7:00,0.521475102,0.171400577
8/30/2019 8:00,0.44882577,0.147521897
8/30/2019 9:00,0.371704662,0.122173414
8/30/2019 10:00,0.261000081,0.085786578
8/30/2019 11:00,0.215525075,0.070839666
8/30/2019 12:00,0.144588269,0.047523866
8/30/2019 13:00,0.063464949,0.02085992
8/30/2019 14:00,0.171885211,0.056495937
8/30/2019 15:00,0.262976399,0.086436163
8/30/2019 16:00,0.280190883,0.09209429
8/30/2019 17:00,0.303923157,0.099894711
8/30/2019 18:00,0.307007496,0.100908484
8/30/2019 19:00,0.272804964,0.089666656
8/30/2019 20:00,0.226045473,0.074297554
8/30/2019 21:00,0.171350343,0.056320134
8/30/2019 22:00,0.080790488,0.026554549
8/30/2019 23:00,0.043849299,0.014412568
8/31/2019 0:00,0,0
8/31/2019 1:00,0,0
8/31/2019 2:00,0.013311311,0.004375216
8/31/2019 3:00,0.113836003,0.037416085
8/31/2019 4:00,0.20614162,0.067755474
8/31/2019 5:00,0.351714642,0.115603012
8/31/2019 6:00,0.441409701,0.145084352
8/31/2019 7:00,0.485114115,0.159449299
8/31/2019 8:00,0.440510676,0.144788857
8/31/2019 9:00,0.374798927,0.12319045
8/31/2019 10:00,0.299525085,0.098449135
8/31/2019 11:00,0.442049319,0.145294585
8/31/2019 12:00,0.543805981,0.178740382
8/31/2019 13:00,0.611522605,0.20099776
8/31/2019 14:00,0.674757858,0.221782183
8/31/2019 15:00,0.744670609,0.244761393
8/31/2019 16:00,0.784473676,0.257844028
8/31/2019 17:00,0.741586548,0.243747711
8/31/2019 18:00,0.628850401,0.206693131
8/31/2019 19:00,0.53086625,0.174487298
8/31/2019 20:00,0.469765286,0.154404383
8/31/2019 21:00,0.431835356,0.141937418
8/31/2019 22:00,0.437267127,0.143722754
8/31/2019 23:00,0.433834439,0.142594484
09/01/2019 00:00,0.455695185,0.149779764
09/01/2019 01:00,0.473371176,0.155589581
09/01/2019 02:00,0.484283367,0.159176245
09/01/2019 03:00,0.463609102,0.152380943
09/01/2019 04:00,0.470788823,0.154740803
09/01/2019 05:00,0.486276151,0.159831242
09/01/2019 06:00,0.509890998,0.167593067
09/01/2019 07:00,0.502967815,0.165317526
09/01/2019 08:00,0.484788852,0.15934239
09/01/2019 09:00,0.451710464,0.14847005
09/01/2019 10:00,0.402099388,0.132163678
09/01/2019 11:00,0.406902412,0.133742355
09/01/2019 12:00,0.391283026,0.128608511
09/01/2019 13:00,0.351064257,0.115389241
09/01/2019 14:00,0.314455438,0.103356504
09/01/2019 15:00,0.2647807,0.087029207
09/01/2019 16:00,0.193019287,0.063442372
09/01/2019 17:00,0.12625074,0.041496612
09/01/2019 18:00,0.100101236,0.032901685
09/01/2019 19:00,0.099783815,0.032797354
09/01/2019 20:00,0.127700658,0.041973177
09/01/2019 21:00,0.164145753,0.0539521
09/01/2019 22:00,0.151454658,0.049780739
09/01/2019 23:00,0.155081252,0.050972742
09/02/2019 00:00,0.185485751,0.060966218
09/02/2019 01:00,0.229851629,0.075548577
09/02/2019 02:00,0.268793034,0.088347998
09/02/2019 03:00,0.276844704,0.090994454
09/02/2019 04:00,0.247870516,0.081471099
09/02/2019 05:00,0.280872592,0.092318357
09/02/2019 06:00,0.33387742,0.109740201
09/02/2019 07:00,0.355884055,0.116973432
09/02/2019 08:00,0.375521615,0.123427986
09/02/2019 09:00,0.360284648,0.118419837
09/02/2019 10:00,0.318801113,0.104784859
09/02/2019 11:00,0.39374079,0.129416339
09/02/2019 12:00,0.416152825,0.136782819
09/02/2019 13:00,0.37327563,0.122689767
09/02/2019 14:00,0.340534834,0.111928387
09/02/2019 15:00,0.188826948,0.062064417
09/02/2019 16:00,0.059745945,0.019637543
09/02/2019 17:00,0.062319208,0.020483333
09/02/2019 18:00,0.129264609,0.042487222
09/02/2019 19:00,0.233599282,0.076780371
09/02/2019 20:00,0.284179874,0.093405408
09/02/2019 21:00,0.255386892,0.083941612
09/02/2019 22:00,0.268598298,0.088283991
09/02/2019 23:00,0.281312057,0.092462802
09/03/2019 00:00,0.2571512,0.084521512
09/03/2019 01:00,0.202194392,0.066458083
09/03/2019 02:00,0.150952291,0.049615619
09/03/2019 03:00,0.095933343,0.031531765
09/03/2019 04:00,0.058186324,0.01912492
09/03/2019 05:00,0.034245769,0.01125604
09/03/2019 06:00,0.035602012,0.011701815
09/03/2019 07:00,0.028911045,0.009502601
09/03/2019 08:00,0.01168208,0.003839714
09/03/2019 09:00,0,0
09/03/2019 10:00,0,0
09/03/2019 11:00,0,0
09/03/2019 12:00,0.07933479,0.026076085
09/03/2019 13:00,0.182579344,0.060010928
09/03/2019 14:00,0.254721808,0.08372301
09/03/2019 15:00,0.310801469,0.102155503
09/03/2019 16:00,0.389491521,0.128019672
09/03/2019 17:00,0.443516575,0.145776848
09/03/2019 18:00,0.495768833,0.162951335
09/03/2019 19:00,0.495380972,0.162823852
09/03/2019 20:00,0.451241743,0.148315988
09/03/2019 21:00,0.410317124,0.134864717
09/03/2019 22:00,0.521013376,0.171248815
09/03/2019 23:00,0.583128728,0.191665144
09/04/2019 00:00,0.515942555,0.169582117
09/04/2019 01:00,0.444206483,0.14600361
09/04/2019 02:00,0.417553457,0.137243184
09/04/2019 03:00,0.367624084,0.120832193
09/04/2019 04:00,0.339358126,0.111541622
09/04/2019 05:00,0.300373586,0.098728023
09/04/2019 06:00,0.258025808,0.084808982
09/04/2019 07:00,0.23153108,0.076100586
09/04/2019 08:00,0.230721344,0.075834438
09/04/2019 09:00,0.216049221,0.071011945
09/04/2019 10:00,0.158261606,0.052018074
09/04/2019 11:00,0.183394206,0.060278761
09/04/2019 12:00,0.206941538,0.068018394
09/04/2019 13:00,0.236107468,0.077604772
09/04/2019 14:00,0.601277105,0.197630227
09/04/2019 15:00,0.9,0.295815695
09/04/2019 16:00,0.9,0.295815695
09/04/2019 17:00,0.815956749,0.268192014
09/04/2019 18:00,0.82401626,0.270841047
09/04/2019 19:00,0.86228465,0.283419259
09/04/2019 20:00,0.9,0.295815695
09/04/2019 21:00,0.9,0.295815695
09/04/2019 22:00,0.9,0.295815695
09/04/2019 23:00,0.9,0.295815695
09/05/2019 00:00,0.884866924,0.290841693
09/05/2019 01:00,0.827747901,0.272067578
09/05/2019 02:00,0.758289623,0.249237746
09/05/2019 03:00,0.67231401,0.220978929
09/05/2019 04:00,0.599459293,0.197032741
09/05/2019 05:00,0.493874983,0.162328857
09/05/2019 06:00,0.433574985,0.142509206
09/05/2019 07:00,0.396508011,0.130325881
09/05/2019 08:00,0.306176305,0.100635285
09/05/2019 09:00,0.247370723,0.081306825
09/05/2019 10:00,0.269069528,0.088438877
09/05/2019 11:00,0.248394723,0.081643397
09/05/2019 12:00,0.322504506,0.106002105
09/05/2019 13:00,0.440485396,0.144780548
09/05/2019 14:00,0.525169308,0.172614804
09/05/2019 15:00,0.552483326,0.181592488
09/05/2019 16:00,0.601697997,0.197768568
09/05/2019 17:00,0.663768645,0.218170203
09/05/2019 18:00,0.648919372,0.213289483
09/05/2019 19:00,0.557287931,0.183171685
09/05/2019 20:00,0.623799194,0.20503288
09/05/2019 21:00,0.622576799,0.204631098
09/05/2019 22:00,0.605295178,0.198950904
09/05/2019 23:00,0.678009478,0.222850939
09/06/2019 00:00,0.741884246,0.24384556
09/06/2019 01:00,0.691419954,0.227258749
09/06/2019 02:00,0.630137255,0.2071161
09/06/2019 03:00,0.613004074,0.201484696
09/06/2019 04:00,0.561448051,0.18453905
09/06/2019 05:00,0.550876547,0.181064365
09/06/2019 06:00,0.568902019,0.186989051
09/06/2019 07:00,0.566905872,0.186332949
09/06/2019 08:00,0.568390767,0.186821011
09/06/2019 09:00,0.557222379,0.183150139
09/06/2019 10:00,0.565393543,0.185835871
09/06/2019 11:00,0.526531882,0.173062661
09/06/2019 12:00,0.489965926,0.161044012
09/06/2019 13:00,0.477736041,0.157024243
09/06/2019 14:00,0.516000204,0.169601065
09/06/2019 15:00,0.569662344,0.187238958
09/06/2019 16:00,0.641576637,0.210876043
09/06/2019 17:00,0.653487092,0.21479082
09/06/2019 18:00,0.629947088,0.207053595
09/06/2019 19:00,0.614962488,0.202128395
09/06/2019 20:00,0.588468764,0.193420329
09/06/2019 21:00,0.546091114,0.179491469
09/06/2019 22:00,0.553908825,0.182061026
09/06/2019 23:00,0.561755523,0.184640111
09/07/2019 00:00,0.558950703,0.183718212
09/07/2019 01:00,0.545001438,0.17913331
09/07/2019 02:00,0.564899116,0.185673361
09/07/2019 03:00,0.574134706,0.188708952
09/07/2019 04:00,0.564330618,0.185486504
09/07/2019 05:00,0.543751466,0.178722464
09/07/2019 06:00,0.498482432,0.163843252
09/07/2019 07:00,0.451971595,0.148555879
09/07/2019 08:00,0.415959896,0.136719406
09/07/2019 09:00,0.336949409,0.110749915
09/07/2019 10:00,0.238470839,0.078381574
09/07/2019 11:00,0.190190091,0.06251246
09/07/2019 12:00,0.205858608,0.067662452
09/07/2019 13:00,0.218587382,0.071846198
09/07/2019 14:00,0.197667239,0.06497008
09/07/2019 15:00,0.16228451,0.053340339
09/07/2019 16:00,0.138372118,0.045480716
09/07/2019 17:00,0.093034552,0.030578978
09/07/2019 18:00,0.047791308,0.015708243
09/07/2019 19:00,0.037588159,0.01235463
09/07/2019 20:00,0.022728103,0.007470366
09/07/2019 21:00,0,0
09/07/2019 22:00,0,0
09/07/2019 23:00,0,0
09/08/2019 00:00,0,0
09/08/2019 01:00,0.03827697,0.012581031
09/08/2019 02:00,0.114535528,0.037646008
09/08/2019 03:00,0.170797786,0.056138517
09/08/2019 04:00,0.201745344,0.066310488
09/08/2019 05:00,0.193322225,0.063541942
09/08/2019 06:00,0.213096823,0.070041538
09/08/2019 07:00,0.243281344,0.079962711
09/08/2019 08:00,0.283211447,0.093087101
09/08/2019 09:00,0.314831471,0.1034801
09/08/2019 10:00,0.36889548,0.121250081
09/08/2019 11:00,0.379088292,0.124600296
09/08/2019 12:00,0.399655894,0.13136054
09/08/2019 13:00,0.41235416,0.135534258
09/08/2019 14:00,0.40430094,0.132887293
09/08/2019 15:00,0.420357128,0.138164706
09/08/2019 16:00,0.438210064,0.144032683
09/08/2019 17:00,0.469196433,0.15421741
09/08/2019 18:00,0.480345636,0.157881976
09/08/2019 19:00,0.503413828,0.165464124
09/08/2019 20:00,0.542473561,0.178302437
09/08/2019 21:00,0.568089139,0.18672187
09/08/2019 22:00,0.534409136,0.175651789
09/08/2019 23:00,0.528480428,0.173703116
09/09/2019 00:00,0.536042887,0.176188777
09/09/2019 01:00,0.569958082,0.187336162
09/09/2019 02:00,0.586257795,0.192693619
09/09/2019 03:00,0.558716772,0.183641322
09/09/2019 04:00,0.528051415,0.173562107
09/09/2019 05:00,0.53892946,0.177137547
09/09/2019 06:00,0.546170452,0.179517546
09/09/2019 07:00,0.555985925,0.182743736
09/09/2019 08:00,0.557838123,0.183352524
09/09/2019 09:00,0.564149528,0.185426983
09/09/2019 10:00,0.533760358,0.175438546
09/09/2019 11:00,0.505335221,0.166095655
09/09/2019 12:00,0.479997985,0.157767708
09/09/2019 13:00,0.469730665,0.154393003
09/09/2019 14:00,0.451855272,0.148517646
09/09/2019 15:00,0.416589855,0.136926464
09/09/2019 16:00,0.391642249,0.128726582
09/09/2019 17:00,0.351569847,0.115555421
09/09/2019 18:00,0.328919245,0.108110528
09/09/2019 19:00,0.313367677,0.102998975
09/09/2019 20:00,0.306412209,0.100712823
09/09/2019 21:00,0.278925698,0.091678443
09/09/2019 22:00,0.190744126,0.062694562
09/09/2019 23:00,0.068213087,0.022420557
09/10/2019 00:00,0.096046828,0.031569066
09/10/2019 01:00,0.209605045,0.068893846
09/10/2019 02:00,0.28200418,0.092690291
09/10/2019 03:00,0.335195852,0.110173549
09/10/2019 04:00,0.319336281,0.10496076
09/10/2019 05:00,0.273628951,0.089937487
09/10/2019 06:00,0.18925304,0.062204466
09/10/2019 07:00,0.117154106,0.038506692
09/10/2019 08:00,0.145722791,0.047896765
09/10/2019 09:00,0.152043649,0.049974331
09/10/2019 10:00,0.064426894,0.021176096
09/10/2019 11:00,0.085155347,0.027989209
09/10/2019 12:00,0.150082199,0.049329633
09/10/2019 13:00,0.224702902,0.073856272
09/10/2019 14:00,0.351707284,0.115600594
09/10/2019 15:00,0.461292885,0.151619639
09/10/2019 16:00,0.538262099,0.176918196
09/10/2019 17:00,0.626990982,0.20608197
09/10/2019 18:00,0.73907,0.242920562
09/10/2019 19:00,0.811450145,0.266710765
09/10/2019 20:00,0.861568781,0.283183964
09/10/2019 21:00,0.891984947,0.293181274
09/10/2019 22:00,0.852276081,0.280129601
09/10/2019 23:00,0.869461122,0.285778051
09/11/2019 00:00,0.884621551,0.290761043
09/11/2019 01:00,0.894289272,0.293938669
09/11/2019 02:00,0.791032331,0.259999754
09/11/2019 03:00,0.665132682,0.218618541
09/11/2019 04:00,0.623934756,0.205077437
09/11/2019 05:00,0.700264725,0.230165885
09/11/2019 06:00,0.797276877,0.262052237
09/11/2019 07:00,0.748188844,0.245917781
09/11/2019 08:00,0.798720619,0.262526772
09/11/2019 09:00,0.793793476,0.260907298
09/11/2019 10:00,0.738578468,0.242759003
09/11/2019 11:00,0.745269514,0.244958243
09/11/2019 12:00,0.746812717,0.24546547
09/11/2019 13:00,0.789398189,0.259462638
09/11/2019 14:00,0.833260008,0.27387932
09/11/2019 15:00,0.803627618,0.264139624
09/11/2019 16:00,0.760602039,0.249997801
09/11/2019 17:00,0.728525795,0.239454849
09/11/2019 18:00,0.719869981,0.236609821
09/11/2019 19:00,0.750520641,0.246684205
09/11/2019 20:00,0.718653238,0.236209897
09/11/2019 21:00,0.695655542,0.228650919
09/11/2019 22:00,0.678139243,0.22289359
09/11/2019 23:00,0.713487866,0.234512121
09/12/2019 00:00,0.674563355,0.221718253
09/12/2019 01:00,0.683845103,0.224769016
09/12/2019 02:00,0.68968619,0.226688888
09/12/2019 03:00,0.656195712,0.2156811
09/12/2019 04:00,0.633006533,0.208059186
09/12/2019 05:00,0.582518705,0.191464639
09/12/2019 06:00,0.568388149,0.18682015
09/12/2019 07:00,0.558213268,0.183475828
09/12/2019 08:00,0.55026587,0.180863645
09/12/2019 09:00,0.548688773,0.180345278
09/12/2019 10:00,0.570258038,0.187434753
09/12/2019 11:00,0.598356604,0.196670305
09/12/2019 12:00,0.617898358,0.203093369
09/12/2019 13:00,0.651995887,0.214300685
09/12/2019 14:00,0.701316684,0.230511647
09/12/2019 15:00,0.679134009,0.223220554
09/12/2019 16:00,0.667437361,0.219376052
09/12/2019 17:00,0.63134534,0.207513178
09/12/2019 18:00,0.607659451,0.199728003
09/12/2019 19:00,0.598558537,0.196736677
09/12/2019 20:00,0.579386467,0.190435123
09/12/2019 21:00,0.639769984,0.210282225
09/12/2019 22:00,0.684728574,0.225059399
09/12/2019 23:00,0.693873657,0.228065242
9/13/2019 0:00,0.692958524,0.227764452
9/13/2019 1:00,0.698159753,0.229474014
9/13/2019 2:00,0.727641132,0.239164074
9/13/2019 3:00,0.742563388,0.244068783
9/13/2019 4:00,0.767721998,0.252338018
9/13/2019 5:00,0.800659558,0.26316407
9/13/2019 6:00,0.866171439,0.284696785
9/13/2019 7:00,0.861497886,0.283160662
9/13/2019 8:00,0.822651253,0.270392391
9/13/2019 9:00,0.783489817,0.257520649
9/13/2019 10:00,0.813163283,0.267273846
9/13/2019 11:00,0.790106802,0.259695547
9/13/2019 12:00,0.803422519,0.264072212
9/13/2019 13:00,0.791150336,0.26003854
9/13/2019 14:00,0.78051662,0.256543407
9/13/2019 15:00,0.751798852,0.247104333
9/13/2019 16:00,0.756567602,0.248671745
9/13/2019 17:00,0.718627324,0.236201379
9/13/2019 18:00,0.649652858,0.213530568
9/13/2019 19:00,0.666641716,0.219114536
9/13/2019 20:00,0.604427932,0.198665854
9/13/2019 21:00,0.594673179,0.195459622
9/13/2019 22:00,0.606726083,0.19942122
9/13/2019 23:00,0.603274928,0.19828688
9/14/2019 0:00,0.597065594,0.196245971
9/14/2019 1:00,0.606164506,0.199236638
9/14/2019 2:00,0.536751225,0.176421596
9/14/2019 3:00,0.524551746,0.172411821
9/14/2019 4:00,0.5096096,0.167500575
9/14/2019 5:00,0.511513116,0.168126231
9/14/2019 6:00,0.550553106,0.180958055
9/14/2019 7:00,0.672989518,0.221200958
9/14/2019 8:00,0.753678848,0.247722258
9/14/2019 9:00,0.897820771,0.295099417
9/14/2019 10:00,0.858154469,0.282061734
9/14/2019 11:00,0.881054056,0.289588464
9/14/2019 12:00,0.9,0.295815695
9/14/2019 13:00,0.9,0.295815695
9/14/2019 14:00,0.9,0.295815695
9/14/2019 15:00,0.9,0.295815695
9/14/2019 16:00,0.9,0.295815695
9/14/2019 17:00,0.9,0.295815695
9/14/2019 18:00,0.9,0.295815695
9/14/2019 19:00,0.9,0.295815695
9/14/2019 20:00,0.9,0.295815695
9/14/2019 21:00,0.9,0.295815695
9/14/2019 22:00,0.9,0.295815695
9/14/2019 23:00,0.9,0.295815695
9/15/2019 0:00,0.9,0.295815695
9/15/2019 1:00,0.9,0.295815695
9/15/2019 2:00,0.9,0.295815695
9/15/2019 3:00,0.9,0.295815695
9/15/2019 4:00,0.9,0.295815695
9/15/2019 5:00,0,0
9/15/2019 6:00,0.9,0.295815695
9/15/2019 7:00,0.9,0.295815695
9/15/2019 8:00,0.9,0.295815695
9/15/2019 9:00,0.9,0.295815695
9/15/2019 10:00,0.9,0.295815695
9/15/2019 11:00,0.9,0.295815695
9/15/2019 12:00,0.9,0.295815695
9/15/2019 13:00,0.9,0.295815695
9/15/2019 14:00,0.864195929,0.284047466
9/15/2019 15:00,0.822771143,0.270431797
9/15/2019 16:00,0.796897675,0.261927599
9/15/2019 17:00,0.783003577,0.25736083
9/15/2019 18:00,0.736810791,0.242177996
9/15/2019 19:00,0.695804349,0.22869983
9/15/2019 20:00,0.642962439,0.211331534
9/15/2019 21:00,0.617969298,0.203116686
9/15/2019 22:00,0.592197811,0.194646007
9/15/2019 23:00,0.570603923,0.18754844
9/16/2019 0:00,0.568482195,0.186851061
9/16/2019 1:00,0.612572543,0.201342858
9/16/2019 2:00,0.676259639,0.222275794
9/16/2019 3:00,0.694765662,0.22835843
9/16/2019 4:00,0.703571531,0.231252779
9/16/2019 5:00,0.700992967,0.230405246
9/16/2019 6:00,0.716761859,0.23558823
9/16/2019 7:00,0.692800971,0.227712667
9/16/2019 8:00,0.747772195,0.245780835
9/16/2019 9:00,0.755486141,0.248316286
9/16/2019 10:00,0.726758305,0.238873903
9/16/2019 11:00,0.718540648,0.23617289
9/16/2019 12:00,0.767586199,0.252293383
9/16/2019 13:00,0.779448266,0.256192256
9/16/2019 14:00,0.773686406,0.254298424
9/16/2019 15:00,0.762318704,0.250562041
9/16/2019 16:00,0.788546294,0.259182633
9/16/2019 17:00,0.789565478,0.259517623
9/16/2019 18:00,0.795455806,0.26145368
9/16/2019 19:00,0.819323031,0.269298457
9/16/2019 20:00,0.848685727,0.278949509
9/16/2019 21:00,0.896938267,0.294809352
9/16/2019 22:00,0.889997594,0.292528063
9/16/2019 23:00,0.9,0.295815695
9/17/2019 0:00,0.9,0.295815695
9/17/2019 1:00,0.9,0.295815695
9/17/2019 2:00,0.9,0.295815695
9/17/2019 3:00,0.9,0.295815695
9/17/2019 4:00,0.9,0.295815695
9/17/2019 5:00,0.850605884,0.279580634
9/17/2019 6:00,0.790221486,0.259733242
9/17/2019 7:00,0.756465336,0.248638132
9/17/2019 8:00,0.717094435,0.235697543
9/17/2019 9:00,0.6785321,0.223022716
9/17/2019 10:00,0.643410366,0.21147876
9/17/2019 11:00,0.566934931,0.1863425
9/17/2019 12:00,0.502784261,0.165257195
9/17/2019 13:00,0.480173312,0.157825335
9/17/2019 14:00,0.47957123,0.157627441
9/17/2019 15:00,0.446509807,0.146760676
9/17/2019 16:00,0.413490434,0.135907733
9/17/2019 17:00,0.380505564,0.125066131
9/17/2019 18:00,0.331607952,0.108994263
9/17/2019 19:00,0.274954523,0.090373181
9/17/2019 20:00,0.22151021,0.072806885
9/17/2019 21:00,0.167413832,0.055026266
9/17/2019 22:00,0.122211784,0.040169071
9/17/2019 23:00,0.044728506,0.014701549
9/18/2019 0:00,0.001319916,0.000433835
9/18/2019 1:00,0,0
9/18/2019 2:00,0,0
9/18/2019 3:00,0,0
9/18/2019 4:00,0,0
9/18/2019 5:00,0,0
9/18/2019 6:00,0,0
9/18/2019 7:00,0,0
9/18/2019 8:00,0.001498015,0.000492374
9/18/2019 9:00,0.025662127,0.008434733
9/18/2019 10:00,0.063254894,0.020790878
9/18/2019 11:00,0.068416675,0.022487473
9/18/2019 12:00,0.060951035,0.020033636
9/18/2019 13:00,0.057910788,0.019034355
9/18/2019 14:00,0.05093531,0.016741627
9/18/2019 15:00,0.041148239,0.013524772
9/18/2019 16:00,0.047353837,0.015564454
9/18/2019 17:00,0.068979801,0.022672564
9/18/2019 18:00,0.061438844,0.020193971
9/18/2019 19:00,0.101231846,0.033273299
9/18/2019 20:00,0.136495641,0.044863948
9/18/2019 21:00,0.182968066,0.060138695
9/18/2019 22:00,0.214137556,0.070383611
9/18/2019 23:00,0.257609854,0.084672264
9/19/2019 0:00,0.317375135,0.104316162
9/19/2019 1:00,0.340672901,0.111973768
9/19/2019 2:00,0.328606194,0.108007633
9/19/2019 3:00,0.319305508,0.104950645
9/19/2019 4:00,0.291584687,0.095839252
9/19/2019 5:00,0.31527081,0.103624504
9/19/2019 6:00,0.332006119,0.109125134
9/19/2019 7:00,0.383627552,0.126092279
9/19/2019 8:00,0.420234084,0.138124264
9/19/2019 9:00,0.457740216,0.150451933
9/19/2019 10:00,0.504323159,0.165763006
9/19/2019 11:00,0.47184943,0.155089408
9/19/2019 12:00,0.485797801,0.159674016
9/19/2019 13:00,0.505148761,0.166034369
9/19/2019 14:00,0.50156731,0.164857203
9/19/2019 15:00,0.495052141,0.16271577
9/19/2019 16:00,0.506497943,0.166477823
9/19/2019 17:00,0.52880303,0.173809151
9/19/2019 18:00,0.553373562,0.181885094
9/19/2019 19:00,0.526803582,0.173151964
9/19/2019 20:00,0.466857596,0.153448671
9/19/2019 21:00,0.414966424,0.136392868
9/19/2019 22:00,0.380652659,0.125114479
9/19/2019 23:00,0.381138976,0.125274323
9/20/2019 0:00,0.365070315,0.11999281
9/20/2019 1:00,0.328757755,0.108057448
9/20/2019 2:00,0.288365599,0.094781189
9/20/2019 3:00,0.247645169,0.081397031
9/20/2019 4:00,0.208534018,0.068541817
9/20/2019 5:00,0.165395306,0.054362808
9/20/2019 6:00,0.131480751,0.043215633
9/20/2019 7:00,0.132193438,0.043449882
9/20/2019 8:00,0.161823187,0.053188709
9/20/2019 9:00,0.201249493,0.06614751
9/20/2019 10:00,0.232673642,0.076476128
9/20/2019 11:00,0.272379867,0.089526933
9/20/2019 12:00,0.275677689,0.090610875
9/20/2019 13:00,0.255329305,0.083922684
9/20/2019 14:00,0.249463491,0.081994684
9/20/2019 15:00,0.241908466,0.079511468
9/20/2019 16:00,0.228590295,0.075133997
9/20/2019 17:00,0.22534136,0.074066123
9/20/2019 18:00,0.243824591,0.080141267
9/20/2019 19:00,0.272225936,0.089476338
9/20/2019 20:00,0.304683723,0.100144697
9/20/2019 21:00,0.329629964,0.10834413
9/20/2019 22:00,0.351075836,0.115393047
9/20/2019 23:00,0.43774067,0.143878401
9/21/2019 0:00,0.519222316,0.170660122
9/21/2019 1:00,0.576328768,0.189430105
9/21/2019 2:00,0.608450232,0.19998792
9/21/2019 3:00,0.628745564,0.206658673
9/21/2019 4:00,0.650793431,0.213905457
9/21/2019 5:00,0.660862733,0.217215076
9/21/2019 6:00,0.664114676,0.218283938
9/21/2019 7:00,0.666252845,0.21898672
9/21/2019 8:00,0.681011962,0.223837807
9/21/2019 9:00,0.705855628,0.232003526
9/21/2019 10:00,0.766403779,0.25190474
9/21/2019 11:00,0.797901359,0.262257494
9/21/2019 12:00,0.804375552,0.264385458
9/21/2019 13:00,0.796125589,0.261673827
9/21/2019 14:00,0.797164727,0.262015375
9/21/2019 15:00,0.804060825,0.264282013
9/21/2019 16:00,0.806995675,0.265246651
9/21/2019 17:00,0.817216987,0.268606234
9/21/2019 18:00,0.833253483,0.273877176
9/21/2019 19:00,0.823193555,0.270570637
9/21/2019 20:00,0.801376381,0.263399679
9/21/2019 21:00,0.774561086,0.254585917
9/21/2019 22:00,0.779515292,0.256214286
9/21/2019 23:00,0.784213013,0.257758352
9/22/2019 0:00,0.756254562,0.248568854
9/22/2019 1:00,0.714462077,0.234832328
9/22/2019 2:00,0.677440733,0.222664001
9/22/2019 3:00,0.65395789,0.214945564
9/22/2019 4:00,0.651139593,0.214019234
9/22/2019 5:00,0.653587773,0.214823912
9/22/2019 6:00,0.652234164,0.214379003
9/22/2019 7:00,0.64715105,0.212708264
9/22/2019 8:00,0.644207122,0.211740641
9/22/2019 9:00,0.634856141,0.208667123
9/22/2019 10:00,0.607088235,0.199540253
9/22/2019 11:00,0.610997237,0.20082508
9/22/2019 12:00,0.605357889,0.198971516
9/22/2019 13:00,0.60999486,0.200495615
9/22/2019 14:00,0.614740264,0.202055353
9/22/2019 15:00,0.619781751,0.20371241
9/22/2019 16:00,0.610790055,0.200756983
9/22/2019 17:00,0.598940117,0.196862096
9/22/2019 18:00,0.592973633,0.194901008
9/22/2019 19:00,0.581990494,0.191291025
9/22/2019 20:00,0.572785674,0.188265547
9/22/2019 21:00,0.56966751,0.187240656
9/22/2019 22:00,0.53441053,0.175652247
9/22/2019 23:00,0.551383527,0.181231001
9/23/2019 0:00,0.548743172,0.180363158
9/23/2019 1:00,0.561325073,0.184498629
9/23/2019 2:00,0.586865636,0.192893406
9/23/2019 3:00,0.608179359,0.199898888
9/23/2019 4:00,0.627026082,0.206093507
9/23/2019 5:00,0.616427866,0.202610041
9/23/2019 6:00,0.610320047,0.200602498
9/23/2019 7:00,0.617168405,0.202853445
9/23/2019 8:00,0.636860517,0.209325929
9/23/2019 9:00,0.635255524,0.208798393
9/23/2019 10:00,0.655992272,0.215614233
9/23/2019 11:00,0.668772745,0.219814971
9/23/2019 12:00,0.651726313,0.21421208
9/23/2019 13:00,0.63770114,0.209602229
9/23/2019 14:00,0.612107443,0.201189987
9/23/2019 15:00,0.606169076,0.19923814
9/23/2019 16:00,0.629226599,0.206816782
9/23/2019 17:00,0.647603307,0.212856913
9/23/2019 18:00,0.655185988,0.21534922
9/23/2019 19:00,0.650783831,0.213902301
9/23/2019 20:00,0.637146346,0.209419877
9/23/2019 21:00,0.615790559,0.202400569
9/23/2019 22:00,0.567621118,0.186568039
9/23/2019 23:00,0.54965305,0.180662221
9/24/2019 0:00,0.548479604,0.180276528
9/24/2019 1:00,0.542780488,0.178403319
9/24/2019 2:00,0.562841653,0.184997105
9/24/2019 3:00,0.612414082,0.201290775
9/24/2019 4:00,0.65123969,0.214052135
9/24/2019 5:00,0.678334008,0.222957607
9/24/2019 6:00,0.693215664,0.22784897
9/24/2019 7:00,0.713229147,0.234427084
9/24/2019 8:00,0.724684323,0.238192218
9/24/2019 9:00,0.733469925,0.241079906
9/24/2019 10:00,0.730797243,0.240201438
9/24/2019 11:00,0.698968799,0.229739934
9/24/2019 12:00,0.671591467,0.220741441
9/24/2019 13:00,0.630724223,0.207309027
9/24/2019 14:00,0.587646506,0.193150066
9/24/2019 15:00,0.587584552,0.193129703
9/24/2019 16:00,0.553524251,0.181934623
9/24/2019 17:00,0.523150412,0.171951225
9/24/2019 18:00,0.515498256,0.169436083
9/24/2019 19:00,0.54391689,0.178776836
9/24/2019 20:00,0.571905988,0.187976408
9/24/2019 21:00,0.592475036,0.194737127
9/24/2019 22:00,0.617638317,0.203007898
9/24/2019 23:00,0.649096194,0.213347602
9/25/2019 0:00,0.650022339,0.213652011
9/25/2019 1:00,0.656201463,0.215682991
9/25/2019 2:00,0.679213231,0.223246593
9/25/2019 3:00,0.686345197,0.225590757
9/25/2019 4:00,0.690489835,0.226953034
9/25/2019 5:00,0.718298632,0.236093343
9/25/2019 6:00,0.743841482,0.244488872
9/25/2019 7:00,0.767109232,0.252136611
9/25/2019 8:00,0.781210249,0.256771392
9/25/2019 9:00,0.791982737,0.260312137
9/25/2019 10:00,0.762079734,0.250483496
9/25/2019 11:00,0.722361849,0.237428858
9/25/2019 12:00,0.68294409,0.224472867
9/25/2019 13:00,0.671478554,0.220704328
9/25/2019 14:00,0.694511101,0.22827476
9/25/2019 15:00,0.702979175,0.231058081
9/25/2019 16:00,0.698748284,0.229667455
9/25/2019 17:00,0.715462257,0.235161072
9/25/2019 18:00,0.721473639,0.237136917
9/25/2019 19:00,0.73974362,0.24314197
9/25/2019 20:00,0.775220691,0.254802719
9/25/2019 21:00,0.806091363,0.264949418
9/25/2019 22:00,0.789949466,0.259643833
9/25/2019 23:00,0.803173916,0.2639905
9/26/2019 0:00,0.814804918,0.267813425
9/26/2019 1:00,0.833464278,0.27394646
9/26/2019 2:00,0.838161859,0.275490481
9/26/2019 3:00,0.832930937,0.27377116
9/26/2019 4:00,0.840644931,0.276306627
9/26/2019 5:00,0.879036531,0.288925335
9/26/2019 6:00,0.9,0.295815695
9/26/2019 7:00,0.9,0.295815695
9/26/2019 8:00,0.874286967,0.287364229
9/26/2019 9:00,0.80213379,0.263648627
9/26/2019 10:00,0.733963963,0.241242288
9/26/2019 11:00,0.753006124,0.247501144
9/26/2019 12:00,0.780896625,0.256668309
9/26/2019 13:00,0.724222354,0.238040376
9/26/2019 14:00,0.596630835,0.196103072
9/26/2019 15:00,0.456676796,0.150102404
9/26/2019 16:00,0.332059279,0.109142607
9/26/2019 17:00,0.237905169,0.078195648
9/26/2019 18:00,0.113894499,0.037435311
9/26/2019 19:00,0,0
9/26/2019 20:00,0,0
9/26/2019 21:00,0,0
9/26/2019 22:00,0.067186,0.02208297
9/26/2019 23:00,0.08319357,0.027344404
9/27/2019 0:00,0.06309232,0.020737443
9/27/2019 1:00,0.064657495,0.021251891
9/27/2019 2:00,0.078754962,0.025885504
9/27/2019 3:00,0.104072194,0.034206876
9/27/2019 4:00,0.139311099,0.045789344
9/27/2019 5:00,0.153343328,0.050401515
9/27/2019 6:00,0.163381303,0.053700838
9/27/2019 7:00,0.17976221,0.059084981
9/27/2019 8:00,0.188368352,0.061913683
9/27/2019 9:00,0.186612819,0.061336667
9/27/2019 10:00,0.18056285,0.059348139
9/27/2019 11:00,0.195888523,0.064385444
9/27/2019 12:00,0.204478242,0.067208748
9/27/2019 13:00,0.18210865,0.059856219
9/27/2019 14:00,0.147103861,0.048350701
9/27/2019 15:00,0.137696429,0.045258628
9/27/2019 16:00,0.127263275,0.041829416
9/27/2019 17:00,0.124239758,0.040835634
9/27/2019 18:00,0.158883005,0.052222318
9/27/2019 19:00,0.163448546,0.053722939
9/27/2019 20:00,0.153643757,0.050500261
9/27/2019 21:00,0.129430382,0.042541709
9/27/2019 22:00,0.125108628,0.041121218
9/27/2019 23:00,0.139690128,0.045913925
9/28/2019 0:00,0.086158239,0.028318844
9/28/2019 1:00,0.054014305,0.017753644
9/28/2019 2:00,0.093022672,0.030575074
9/28/2019 3:00,0.146033027,0.047998735
9/28/2019 4:00,0.167807622,0.055155698
9/28/2019 5:00,0.187685902,0.061689373
9/28/2019 6:00,0.17761464,0.058379109
9/28/2019 7:00,0.158267138,0.052019893
9/28/2019 8:00,0.171992884,0.056531327
9/28/2019 9:00,0.202845738,0.06667217
9/28/2019 10:00,0.292513443,0.096144519
9/28/2019 11:00,0.252338852,0.08293977
9/28/2019 12:00,0.198511063,0.065247431
9/28/2019 13:00,0.1368912,0.044993961
9/28/2019 14:00,0.115807971,0.038064239
9/28/2019 15:00,0.088704985,0.029155919
9/28/2019 16:00,0.052656755,0.017307438
9/28/2019 17:00,0.030919442,0.010162729
9/28/2019 18:00,0.052914398,0.017392122
9/28/2019 19:00,0.100959708,0.033183851
9/28/2019 20:00,0.145015848,0.047664404
9/28/2019 21:00,0.15650377,0.051440302
9/28/2019 22:00,0.143729055,0.047241456
9/28/2019 23:00,0.114763892,0.037721067
9/29/2019 0:00,0.102871031,0.033812073
9/29/2019 1:00,0.091620739,0.030114281
9/29/2019 2:00,0.112766649,0.037064605
9/29/2019 3:00,0.155862374,0.051229485
9/29/2019 4:00,0.19338093,0.063561238
9/29/2019 5:00,0.250396459,0.082301336
9/29/2019 6:00,0.295563052,0.097146877
9/29/2019 7:00,0.337501554,0.110931396
9/29/2019 8:00,0.364616406,0.119843617
9/29/2019 9:00,0.337502444,0.110931689
9/29/2019 10:00,0.264471192,0.086927477
9/29/2019 11:00,0.226983914,0.074606005
9/29/2019 12:00,0.222483,0.073126626
9/29/2019 13:00,0.254222145,0.083558778
9/29/2019 14:00,0.283736051,0.09325953
9/29/2019 15:00,0.307004267,0.100907423
9/29/2019 16:00,0.32140304,0.105640071
9/29/2019 17:00,0.332302435,0.109222528
9/29/2019 18:00,0.340437874,0.111896518
9/29/2019 19:00,0.336199955,0.110503581
9/29/2019 20:00,0.352716078,0.115932168
9/29/2019 21:00,0.399615775,0.131347353
9/29/2019 22:00,0.49686943,0.163313084
9/29/2019 23:00,0.543081311,0.178502195
9/30/2019 0:00,0.559900493,0.184030393
9/30/2019 1:00,0.547771314,0.180043724
9/30/2019 2:00,0.555047173,0.182435183
9/30/2019 3:00,0.549791982,0.180707886
9/30/2019 4:00,0.533583846,0.175380529
9/30/2019 5:00,0.522788722,0.171832343
9/30/2019 6:00,0.502493038,0.165161475
9/30/2019 7:00,0.483338002,0.158865519
9/30/2019 8:00,0.470860263,0.154764284
9/30/2019 9:00,0.454193771,0.149286273
9/30/2019 10:00,0.466939614,0.153475629
9/30/2019 11:00,0.422858136,0.138986748
9/30/2019 12:00,0.381538504,0.125405642
9/30/2019 13:00,0.372046378,0.122285731
9/30/2019 14:00,0.383441733,0.126031203
9/30/2019 15:00,0.405474414,0.133272995
9/30/2019 16:00,0.392903869,0.129141256
9/30/2019 17:00,0.36288114,0.119273263
9/30/2019 18:00,0.340076745,0.111777821
9/30/2019 19:00,0.30095184,0.098918086
9/30/2019 20:00,0.249781425,0.082099184
9/30/2019 21:00,0.23231146,0.076357084
9/30/2019 22:00,0.300877716,0.098893723
9/30/2019 23:00,0.331675801,0.109016564
10/01/2019 00:00,0.323279014,0.106256674
10/01/2019 01:00,0.321296157,0.10560494
10/01/2019 02:00,0.360557364,0.118509474
10/01/2019 03:00,0.403797457,0.132721806
10/01/2019 04:00,0.445312848,0.146367255
10/01/2019 05:00,0.46899483,0.154151146
10/01/2019 06:00,0.476625945,0.156659372
10/01/2019 07:00,0.480220858,0.157840963
10/01/2019 08:00,0.47727638,0.15687316
10/01/2019 09:00,0.481601203,0.15829466
10/01/2019 10:00,0.513360887,0.168733564
10/01/2019 11:00,0.515241368,0.169351648
10/01/2019 12:00,0.507986134,0.166966968
10/01/2019 13:00,0.504812513,0.165923849
10/01/2019 14:00,0.543133674,0.178519406
10/01/2019 15:00,0.575565724,0.189179305
10/01/2019 16:00,0.5976053,0.196423363
10/01/2019 17:00,0.603522554,0.198368271
10/01/2019 18:00,0.607168452,0.199566619
10/01/2019 19:00,0.627687527,0.206310913
10/01/2019 20:00,0.680939197,0.223813891
10/01/2019 21:00,0.698403906,0.229554263
10/01/2019 22:00,0.752778482,0.247426322
10/01/2019 23:00,0.821839774,0.270125671
10/02/2019 00:00,0.833410252,0.273928703
10/02/2019 01:00,0.870889408,0.286247506
10/02/2019 02:00,0.893985654,0.293838875
10/02/2019 03:00,0.9,0.295815695
10/02/2019 04:00,0.870621869,0.28615957
10/02/2019 05:00,0.807561812,0.265432732
10/02/2019 06:00,0.749676721,0.246406822
10/02/2019 07:00,0.68659039,0.225671348
10/02/2019 08:00,0.648910182,0.213286463
10/02/2019 09:00,0.627995967,0.206412293
10/02/2019 10:00,0.640664851,0.210576353
10/02/2019 11:00,0.602579306,0.19805824
10/02/2019 12:00,0.569319217,0.187126177
10/02/2019 13:00,0.583286355,0.191716954
10/02/2019 14:00,0.591166412,0.194307003
10/02/2019 15:00,0.561061325,0.184411939
10/02/2019 16:00,0.529822265,0.174144157
10/02/2019 17:00,0.501571917,0.164858717
10/02/2019 18:00,0.480452366,0.157917056
10/02/2019 19:00,0.463467053,0.152334254
10/02/2019 20:00,0.442862103,0.145561734
10/02/2019 21:00,0.436129126,0.143348711
10/02/2019 22:00,0.396764239,0.130410099
10/02/2019 23:00,0.335764684,0.110360515
10/03/2019 00:00,0.30621982,0.100649588
10/03/2019 01:00,0.27866634,0.091593197
10/03/2019 02:00,0.247042481,0.081198937
10/03/2019 03:00,0.237644602,0.078110003
10/03/2019 04:00,0.226795896,0.074544206
10/03/2019 05:00,0.213742636,0.070253807
10/03/2019 06:00,0.195060526,0.064113294
10/03/2019 07:00,0.190517038,0.062619922
10/03/2019 08:00,0.198139892,0.065125433
10/03/2019 09:00,0.209370311,0.068816693
10/03/2019 10:00,0.200870126,0.066022818
10/03/2019 11:00,0.243099675,0.079902999
10/03/2019 12:00,0.246111181,0.080892833
10/03/2019 13:00,0.232458669,0.07640547
10/03/2019 14:00,0.271060142,0.08909316
10/03/2019 15:00,0.335197493,0.110174088
10/03/2019 16:00,0.376362468,0.123704361
10/03/2019 17:00,0.413885617,0.136037624
10/03/2019 18:00,0.45166496,0.148455093
10/03/2019 19:00,0.4516548,0.148451754
10/03/2019 20:00,0.46143049,0.151664868
10/03/2019 21:00,0.469871073,0.154439153
10/03/2019 22:00,0.501712172,0.164904816
10/03/2019 23:00,0.51338371,0.168741065
10/04/2019 00:00,0.499422411,0.164152208
10/04/2019 01:00,0.483543056,0.158932917
10/04/2019 02:00,0.478198781,0.157176338
10/04/2019 03:00,0.474572705,0.155984505
10/04/2019 04:00,0.448530018,0.147424687
10/04/2019 05:00,0.40376848,0.132712282
10/04/2019 06:00,0.361440316,0.118799687
10/04/2019 07:00,0.366175998,0.12035623
10/04/2019 08:00,0.370539261,0.121790366
10/04/2019 09:00,0.366909077,0.120597182
10/04/2019 10:00,0.371358731,0.122059712
10/04/2019 11:00,0.302254509,0.099346253
10/04/2019 12:00,0.252093284,0.082859056
10/04/2019 13:00,0.25087968,0.082460163
10/04/2019 14:00,0.272046544,0.089417375
10/04/2019 15:00,0.234018411,0.076918132
10/04/2019 16:00,0.252491517,0.082989948
10/04/2019 17:00,0.287746968,0.094577855
10/04/2019 18:00,0.315259929,0.103620928
10/04/2019 19:00,0.331945562,0.10910523
10/04/2019 20:00,0.312056891,0.10256814
10/04/2019 21:00,0.28662317,0.09420848
10/04/2019 22:00,0.304277845,0.100011291
10/04/2019 23:00,0.316095825,0.103895673
10/05/2019 00:00,0.310168675,0.101947513
10/05/2019 01:00,0.351077653,0.115393644
10/05/2019 02:00,0.387285228,0.127294499
10/05/2019 03:00,0.42546185,0.139842547
10/05/2019 04:00,0.483346214,0.158868218
10/05/2019 05:00,0.528772013,0.173798956
10/05/2019 06:00,0.580193576,0.190700406
10/05/2019 07:00,0.638128357,0.209742648
10/05/2019 08:00,0.674434403,0.221675868
10/05/2019 09:00,0.700771097,0.230332321
10/05/2019 10:00,0.743904931,0.244509727
10/05/2019 11:00,0.77186286,0.253699053
10/05/2019 12:00,0.770711038,0.253320468
10/05/2019 13:00,0.813471992,0.267375314
10/05/2019 14:00,0.827138281,0.271867206
10/05/2019 15:00,0.840267449,0.276182555
10/05/2019 16:00,0.835383496,0.274577277
10/05/2019 17:00,0.848580951,0.278915071
10/05/2019 18:00,0.856004376,0.281355032
10/05/2019 19:00,0.881401873,0.289702786
10/05/2019 20:00,0.880005244,0.289243736
10/05/2019 21:00,0.897869692,0.295115496
10/05/2019 22:00,0.897475571,0.294985955
10/05/2019 23:00,0.869138784,0.285672104
10/06/2019 00:00,0.9,0.295815695
10/06/2019 01:00,0.868724711,0.285536004
10/06/2019 02:00,0.844307291,0.277510386
10/06/2019 03:00,0.81846836,0.269017541
10/06/2019 04:00,0.888249545,0.291953507
10/06/2019 05:00,0.832700341,0.273695367
10/06/2019 06:00,0.799064113,0.262639673
10/06/2019 07:00,0.795701557,0.261534454
10/06/2019 08:00,0.761744787,0.250373404
10/06/2019 09:00,0.767256119,0.252184891
10/06/2019 10:00,0.81497589,0.267869621
10/06/2019 11:00,0.811348893,0.266677485
10/06/2019 12:00,0.801565191,0.263461738
10/06/2019 13:00,0.862017484,0.283331446
10/06/2019 14:00,0.817020336,0.268541598
10/06/2019 15:00,0.766569807,0.251959311
10/06/2019 16:00,0.733249998,0.24100762
10/06/2019 17:00,0.691133155,0.227164483
10/06/2019 18:00,0.664408125,0.21838039
10/06/2019 19:00,0.670009445,0.220221455
10/06/2019 20:00,0.703338894,0.231176315
10/06/2019 21:00,0.736928964,0.242216837
10/06/2019 22:00,0.833229917,0.27386943
10/06/2019 23:00,0.873480441,0.287099137
10/07/2019 00:00,0.861429035,0.283138032
10/07/2019 01:00,0.870088172,0.285984152
10/07/2019 02:00,0.9,0.295815695
10/07/2019 03:00,0.9,0.295815695
10/07/2019 04:00,0.9,0.295815695
10/07/2019 05:00,0.9,0.295815695
10/07/2019 06:00,0.9,0.295815695
10/07/2019 07:00,0.9,0.295815695
10/07/2019 08:00,0.9,0.295815695
10/07/2019 09:00,0.9,0.295815695
10/07/2019 10:00,0.9,0.295815695
10/07/2019 11:00,0.9,0.295815695
10/07/2019 12:00,0.9,0.295815695
10/07/2019 13:00,0.9,0.295815695
10/07/2019 14:00,0.9,0.295815695
10/07/2019 15:00,0.864787357,0.284241858
10/07/2019 16:00,0.65574798,0.215533938
10/07/2019 17:00,0.5144664,0.169096928
10/07/2019 18:00,0.470582313,0.154672927
10/07/2019 19:00,0.498530659,0.163859103
10/07/2019 20:00,0.580726436,0.190875549
10/07/2019 21:00,0.648330414,0.213095902
10/07/2019 22:00,0.641729038,0.210926135
10/07/2019 23:00,0.623391131,0.204898756
10/08/2019 00:00,0.611215819,0.200896924
10/08/2019 01:00,0.588375204,0.193389577
10/08/2019 02:00,0.56076493,0.184314519
10/08/2019 03:00,0.542194106,0.178210585
10/08/2019 04:00,0.547902072,0.180086702
10/08/2019 05:00,0.552567653,0.181620205
10/08/2019 06:00,0.570890744,0.187642713
10/08/2019 07:00,0.584759754,0.192201236
10/08/2019 08:00,0.57719627,0.18971524
10/08/2019 09:00,0.58102231,0.190972798
10/08/2019 10:00,0.592356886,0.194698293
10/08/2019 11:00,0.605331967,0.198962996
10/08/2019 12:00,0.648613074,0.213188808
10/08/2019 13:00,0.695475292,0.228591674
10/08/2019 14:00,0.673246035,0.22128527
10/08/2019 15:00,0.597399404,0.196355688
10/08/2019 16:00,0.544222871,0.178877407
10/08/2019 17:00,0.485708188,0.159644561
10/08/2019 18:00,0.454850226,0.149502039
10/08/2019 19:00,0.444650447,0.146149534
10/08/2019 20:00,0.469080539,0.154179317
10/08/2019 21:00,0.468808968,0.154090056
10/08/2019 22:00,0.499077137,0.164038722
10/08/2019 23:00,0.517462252,0.170081617
10/09/2019 00:00,0.542235214,0.178224096
10/09/2019 01:00,0.540086876,0.177517972
10/09/2019 02:00,0.553790567,0.182022157
10/09/2019 03:00,0.548214425,0.180189368
10/09/2019 04:00,0.547405297,0.17992342
10/09/2019 05:00,0.54421506,0.17887484
10/09/2019 06:00,0.586123446,0.19264946
10/09/2019 07:00,0.613815343,0.201751347
10/09/2019 08:00,0.623341683,0.204882503
10/09/2019 09:00,0.635768999,0.208967164
10/09/2019 10:00,0.643716662,0.211579435
10/09/2019 11:00,0.605634155,0.19906232
10/09/2019 12:00,0.639891497,0.210322164
10/09/2019 13:00,0.628041764,0.206427345
10/09/2019 14:00,0.611816194,0.201094258
10/09/2019 15:00,0.625727776,0.205666774
10/09/2019 16:00,0.645705297,0.212233068
10/09/2019 17:00,0.653610224,0.214831292
10/09/2019 18:00,0.693675594,0.228000142
10/09/2019 19:00,0.709968102,0.23335523
10/09/2019 20:00,0.72694129,0.238934047
10/09/2019 21:00,0.719966947,0.236641692
10/09/2019 22:00,0.669759687,0.220139363
10/09/2019 23:00,0.690471539,0.22694702
10/10/2019 00:00,0.685328865,0.225256705
10/10/2019 01:00,0.700142546,0.230125726
10/10/2019 02:00,0.693884017,0.228068647
10/10/2019 03:00,0.672000022,0.220875726
10/10/2019 04:00,0.6783934,0.222977128
10/10/2019 05:00,0.738852614,0.24284911
10/10/2019 06:00,0.818713559,0.269098133
10/10/2019 07:00,0.831807718,0.273401975
10/10/2019 08:00,0.813760473,0.267470133
10/10/2019 09:00,0.749343779,0.246297389
10/10/2019 10:00,0.694621398,0.228311013
10/10/2019 11:00,0.675469442,0.222016069
10/10/2019 12:00,0.672831028,0.221148864
10/10/2019 13:00,0.641080175,0.210712864
10/10/2019 14:00,0.55685311,0.183028766
10/10/2019 15:00,0.473829497,0.155740224
10/10/2019 16:00,0.352007095,0.115699137
10/10/2019 17:00,0.21809799,0.071685343
10/10/2019 18:00,0.09243625,0.030382326
10/10/2019 19:00,0.021678795,0.007125475
10/10/2019 20:00,0.019935739,0.00655256
10/10/2019 21:00,0.083681814,0.027504882
10/10/2019 22:00,0.202797777,0.066656406
10/10/2019 23:00,0.247904196,0.081482169
10/11/2019 00:00,0.240745434,0.079129197
10/11/2019 01:00,0.172884176,0.056824281
10/11/2019 02:00,0.103499832,0.03401875
10/11/2019 03:00,0.08262356,0.027157051
10/11/2019 04:00,0.114637955,0.037679674
10/11/2019 05:00,0.197266498,0.064838362
10/11/2019 06:00,0.257773743,0.084726132
10/11/2019 07:00,0.270290446,0.088840174
10/11/2019 08:00,0.28645895,0.094154504
10/11/2019 09:00,0.329787296,0.108395842
10/11/2019 10:00,0.318871387,0.104807957
10/11/2019 11:00,0.29713644,0.097664025
10/11/2019 12:00,0.242000264,0.07954164
10/11/2019 13:00,0.189917158,0.062422751
10/11/2019 14:00,0.109884357,0.036117242
10/11/2019 15:00,0.030639418,0.01007069
10/11/2019 16:00,0,0
10/11/2019 17:00,0,0
10/11/2019 18:00,0,0
10/11/2019 19:00,0.054205925,0.017816626
10/11/2019 20:00,0.141609063,0.046544648
10/11/2019 21:00,0.248888518,0.0818057
10/11/2019 22:00,0.363153112,0.119362656
10/11/2019 23:00,0.380145911,0.124947918
10/12/2019 00:00,0.364742944,0.119885208
10/12/2019 01:00,0.32266571,0.10605509
10/12/2019 02:00,0.266503695,0.087595529
10/12/2019 03:00,0.194111861,0.063801484
10/12/2019 04:00,0.133774067,0.043969409
10/12/2019 05:00,0.121146745,0.039819009
10/12/2019 06:00,0.103182012,0.033914287
10/12/2019 07:00,0.076418066,0.025117404
10/12/2019 08:00,0.040462246,0.013299297
10/12/2019 09:00,0,0
10/12/2019 10:00,0.069446037,0.022825808
10/12/2019 11:00,0.120255743,0.039526151
10/12/2019 12:00,0.135354556,0.044488891
10/12/2019 13:00,0.115663368,0.038016711
10/12/2019 14:00,0.073928329,0.024299067
10/12/2019 15:00,0.020419204,0.006711468
10/12/2019 16:00,0,0
10/12/2019 17:00,0,0
10/12/2019 18:00,0,0
10/12/2019 19:00,0,0
10/12/2019 20:00,0,0
10/12/2019 21:00,0,0
10/12/2019 22:00,0,0
10/12/2019 23:00,0,0
10/13/2019 0:00,0,0
10/13/2019 1:00,0,0
10/13/2019 2:00,0.00941925,0.003095958
10/13/2019 3:00,0.042302043,0.013904009
10/13/2019 4:00,0.048991687,0.016102789
10/13/2019 5:00,0.038701543,0.012720582
10/13/2019 6:00,0.020062585,0.006594253
10/13/2019 7:00,0,0
10/13/2019 8:00,0,0
10/13/2019 9:00,0,0
10/13/2019 10:00,0,0
10/13/2019 11:00,0,0
10/13/2019 12:00,0,0
10/13/2019 13:00,0,0
10/13/2019 14:00,0,0
10/13/2019 15:00,0.009754476,0.003206141
10/13/2019 16:00,0.02453753,0.008065096
10/13/2019 17:00,0.039108951,0.01285449
10/13/2019 18:00,0.046465607,0.015272507
10/13/2019 19:00,0.023558806,0.007743405
10/13/2019 20:00,0,0
10/13/2019 21:00,0,0
10/13/2019 22:00,0,0
10/13/2019 23:00,0,0
10/14/2019 0:00,0,0
10/14/2019 1:00,0,0
10/14/2019 2:00,0,0
10/14/2019 3:00,0,0
10/14/2019 4:00,0,0
10/14/2019 5:00,0,0
10/14/2019 6:00,0,0
10/14/2019 7:00,0,0
10/14/2019 8:00,0,0
10/14/2019 9:00,0.010201285,0.003353
10/14/2019 10:00,0.035593588,0.011699047
10/14/2019 11:00,0.080831706,0.026568097
10/14/2019 12:00,0.116715358,0.038362483
10/14/2019 13:00,0.142923274,0.046976608
10/14/2019 14:00,0.113660819,0.037358505
10/14/2019 15:00,0.077692468,0.025536279
10/14/2019 16:00,0.060361971,0.01984002
10/14/2019 17:00,0.011421736,0.003754143
10/14/2019 18:00,0,0
10/14/2019 19:00,0.017802354,0.005851351
10/14/2019 20:00,0.040707224,0.013379818
10/14/2019 21:00,0.036760985,0.012082751
10/14/2019 22:00,0.119467289,0.039266999
10/14/2019 23:00,0.13906917,0.045709826
10/15/2019 0:00,0.154513779,0.050786223
10/15/2019 1:00,0.155725704,0.051184564
10/15/2019 2:00,0.191125144,0.062819797
10/15/2019 3:00,0.195714854,0.064328362
10/15/2019 4:00,0.241294315,0.079309606
10/15/2019 5:00,0.313619895,0.103081874
10/15/2019 6:00,0.31419065,0.103269473
10/15/2019 7:00,0.333760727,0.109701846
10/15/2019 8:00,0.316799475,0.104126952
10/15/2019 9:00,0.303751916,0.099838427
10/15/2019 10:00,0.321905853,0.105805337
10/15/2019 11:00,0.398741842,0.131060106
10/15/2019 12:00,0.3855652,0.126729153
10/15/2019 13:00,0.346613285,0.113926277
10/15/2019 14:00,0.31653485,0.104039974
10/15/2019 15:00,0.328153441,0.10785882
10/15/2019 16:00,0.35129281,0.115464363
10/15/2019 17:00,0.352785586,0.115955015
10/15/2019 18:00,0.330924574,0.108769648
10/15/2019 19:00,0.342787582,0.11266883
10/15/2019 20:00,0.345073901,0.113420306
10/15/2019 21:00,0.337759379,0.111016139
10/15/2019 22:00,0.305613801,0.100450399
10/15/2019 23:00,0.303663164,0.099809255
10/16/2019 0:00,0.327789541,0.107739212
10/16/2019 1:00,0.280180144,0.09209076
10/16/2019 2:00,0.143582292,0.047193217
10/16/2019 3:00,0.022840404,0.007507278
10/16/2019 4:00,0.032758671,0.010767254
10/16/2019 5:00,0.06162631,0.020255589
10/16/2019 6:00,0.114250349,0.037552274
10/16/2019 7:00,0.138924228,0.045662186
10/16/2019 8:00,0.210042161,0.06903752
10/16/2019 9:00,0.366382308,0.120424041
10/16/2019 10:00,0.485316171,0.159515711
10/16/2019 11:00,0.569758322,0.187270504
10/16/2019 12:00,0.580797993,0.190899069
10/16/2019 13:00,0.500325092,0.164448905
10/16/2019 14:00,0.419210904,0.137787961
10/16/2019 15:00,0.30488739,0.100211639
10/16/2019 16:00,0.154610829,0.050818122
10/16/2019 17:00,0.069633697,0.022887489
10/16/2019 18:00,0.166318796,0.054666345
10/16/2019 19:00,0.263804034,0.086708193
10/16/2019 20:00,0.282642797,0.092900195
10/16/2019 21:00,0.267070299,0.087781762
10/16/2019 22:00,0.209747825,0.068940776
10/16/2019 23:00,0.196804011,0.06468635
10/17/2019 0:00,0.201494739,0.066228118
10/17/2019 1:00,0.185295995,0.060903848
10/17/2019 2:00,0.170493719,0.056038575
10/17/2019 3:00,0.145470912,0.047813977
10/17/2019 4:00,0.110932416,0.036461722
10/17/2019 5:00,0.056293852,0.018502894
10/17/2019 6:00,0.02605122,0.008562622
10/17/2019 7:00,0.004603298,0.001513031
10/17/2019 8:00,0,0
10/17/2019 9:00,0,0
10/17/2019 10:00,0.00766106,0.002518069
10/17/2019 11:00,0.038924795,0.012793962
10/17/2019 12:00,0.058193498,0.019127278
10/17/2019 13:00,0.068483917,0.022509575
10/17/2019 14:00,0.090618196,0.029784761
10/17/2019 15:00,0.1190855,0.039141511
10/17/2019 16:00,0.159590014,0.052454701
10/17/2019 17:00,0.189554414,0.062303523
10/17/2019 18:00,0.203852152,0.067002962
10/17/2019 19:00,0.223945066,0.073607183
10/17/2019 20:00,0.239127231,0.07859732
10/17/2019 21:00,0.217961523,0.071640488
10/17/2019 22:00,0.2129477,0.069992524
10/17/2019 23:00,0.220085447,0.072338588
10/18/2019 0:00,0.250730505,0.082411132
10/18/2019 1:00,0.289096044,0.095021275
10/18/2019 2:00,0.296721989,0.097527801
10/18/2019 3:00,0.293223208,0.096377808
10/18/2019 4:00,0.302697761,0.099491943
10/18/2019 5:00,0.315645943,0.103747804
10/18/2019 6:00,0.31986706,0.105135218
10/18/2019 7:00,0.319292915,0.104946506
10/18/2019 8:00,0.326580447,0.107341802
10/18/2019 9:00,0.308928169,0.101539779
10/18/2019 10:00,0.293733235,0.096545446
10/18/2019 11:00,0.273122711,0.089771094
10/18/2019 12:00,0.298777996,0.098203578
10/18/2019 13:00,0.335124908,0.110150231
10/18/2019 14:00,0.27210763,0.089437453
10/18/2019 15:00,0.346565221,0.11391048
10/18/2019 16:00,0.426368853,0.140140665
10/18/2019 17:00,0.468625687,0.154029814
10/18/2019 18:00,0.477495145,0.156945064
10/18/2019 19:00,0.468814776,0.154091965
10/18/2019 20:00,0.494887358,0.162661608
10/18/2019 21:00,0.518036205,0.170270267
10/18/2019 22:00,0.541517652,0.177988245
10/18/2019 23:00,0.539297326,0.177258459
10/19/2019 0:00,0.5116907,0.1681846
10/19/2019 1:00,0.500365628,0.164462229
10/19/2019 2:00,0.49770068,0.163586303
10/19/2019 3:00,0.479636456,0.157648879
10/19/2019 4:00,0.455153742,0.1496018
10/19/2019 5:00,0.433401632,0.142452228
10/19/2019 6:00,0.420804683,0.138311811
10/19/2019 7:00,0.400179586,0.131532669
10/19/2019 8:00,0.377627587,0.124120185
10/19/2019 9:00,0.397921358,0.130790425
10/19/2019 10:00,0.438365319,0.144083712
10/19/2019 11:00,0.478426312,0.157251124
10/19/2019 12:00,0.543895983,0.178769965
10/19/2019 13:00,0.584431011,0.192093184
10/19/2019 14:00,0.639114434,0.210066756
10/19/2019 15:00,0.725303172,0.238395624
10/19/2019 16:00,0.827891715,0.272114848
10/19/2019 17:00,0.878499692,0.288748885
10/19/2019 18:00,0.880854293,0.289522805
10/19/2019 19:00,0.851306893,0.279811044
10/19/2019 20:00,0.798023744,0.26229772
10/19/2019 21:00,0.770383706,0.253212879
10/19/2019 22:00,0.791369478,0.260110569
10/19/2019 23:00,0.783342869,0.25747235
10/20/2019 0:00,0.781216267,0.25677337
10/20/2019 1:00,0.753276522,0.24759002
10/20/2019 2:00,0.763297303,0.250883691
10/20/2019 3:00,0.769913081,0.253058192
10/20/2019 4:00,0.75675296,0.24873267
10/20/2019 5:00,0.751719504,0.247078252
10/20/2019 6:00,0.770268286,0.253174942
10/20/2019 7:00,0.737398677,0.242371224
10/20/2019 8:00,0.69086399,0.227076012
10/20/2019 9:00,0.646708266,0.212562728
10/20/2019 10:00,0.5603701,0.184184745
10/20/2019 11:00,0.517133942,0.169973707
10/20/2019 12:00,0.493238955,0.162119804
10/20/2019 13:00,0.475342018,0.156237366
10/20/2019 14:00,0.464322831,0.152615534
10/20/2019 15:00,0.436489153,0.143467047
10/20/2019 16:00,0.41930885,0.137820154
10/20/2019 17:00,0.366126388,0.120339924
10/20/2019 18:00,0.312143679,0.102596666
10/20/2019 19:00,0.284031509,0.093356642
10/20/2019 20:00,0.234307451,0.077013135
10/20/2019 21:00,0.175573748,0.0577083
10/20/2019 22:00,0.147141154,0.048362958
10/20/2019 23:00,0.109600934,0.036024085
10/21/2019 0:00,0.040974322,0.013467608
10/21/2019 1:00,0.032053348,0.010535426
10/21/2019 2:00,0.086072406,0.028290632
10/21/2019 3:00,0.053915082,0.017721031
10/21/2019 4:00,0.026467182,0.008699342
10/21/2019 5:00,0.063698609,0.02093672
10/21/2019 6:00,0.109039247,0.035839467
10/21/2019 7:00,0.164946627,0.054215334
10/21/2019 8:00,0.220249104,0.07239238
10/21/2019 9:00,0.289428218,0.095130455
10/21/2019 10:00,0.351000388,0.115368249
10/21/2019 11:00,0.412527556,0.135591251
10/21/2019 12:00,0.468231659,0.153900304
10/21/2019 13:00,0.497278719,0.163447611
10/21/2019 14:00,0.524123769,0.172271152
10/21/2019 15:00,0.601121747,0.197579163
10/21/2019 16:00,0.645803196,0.212265245
10/21/2019 17:00,0.685139666,0.225194518
10/21/2019 18:00,0.685455173,0.22529822
10/21/2019 19:00,0.692491629,0.227610992
10/21/2019 20:00,0.729636639,0.239819966
10/21/2019 21:00,0.762719166,0.250693667
10/21/2019 22:00,0.775801077,0.254993483
10/21/2019 23:00,0.783308022,0.257460896
10/22/2019 0:00,0.802478551,0.263761944
10/22/2019 1:00,0.828627576,0.272356713
10/22/2019 2:00,0.774668467,0.254621212
10/22/2019 3:00,0.783048333,0.257375541
10/22/2019 4:00,0.79687619,0.261920537
10/22/2019 5:00,0.840898625,0.276390012
10/22/2019 6:00,0.815656276,0.268093253
10/22/2019 7:00,0.828102823,0.272184236
10/22/2019 8:00,0.817424957,0.268674591
10/22/2019 9:00,0.797350793,0.262076532
10/22/2019 10:00,0.759661216,0.249688567
10/22/2019 11:00,0.747192669,0.245590354
10/22/2019 12:00,0.718991318,0.236321018
10/22/2019 13:00,0.698166673,0.229476288
10/22/2019 14:00,0.691307048,0.227221638
10/22/2019 15:00,0.680849937,0.223784552
10/22/2019 16:00,0.624505223,0.205264941
10/22/2019 17:00,0.56136661,0.184512282
10/22/2019 18:00,0.574773347,0.188918863
10/22/2019 19:00,0.615921927,0.202443747
10/22/2019 20:00,0.619603305,0.203653758
10/22/2019 21:00,0.637193849,0.20943549
10/22/2019 22:00,0.609731467,0.200409042
10/22/2019 23:00,0.649306859,0.213416844
10/23/2019 0:00,0.64258654,0.211207982
10/23/2019 1:00,0.675332254,0.221970978
10/23/2019 2:00,0.672962478,0.22119207
10/23/2019 3:00,0.643169592,0.211399622
10/23/2019 4:00,0.601282934,0.197632143
10/23/2019 5:00,0.538830251,0.177104939
10/23/2019 6:00,0.470834905,0.15475595
10/23/2019 7:00,0.507066551,0.166664715
10/23/2019 8:00,0.542799564,0.178409589
10/23/2019 9:00,0.568356047,0.186809599
10/23/2019 10:00,0.559775837,0.18398942
10/23/2019 11:00,0.578883041,0.190269654
10/23/2019 12:00,0.605539617,0.199031247
10/23/2019 13:00,0.660204142,0.216998608
10/23/2019 14:00,0.675697983,0.222091187
10/23/2019 15:00,0.669136454,0.219934517
10/23/2019 16:00,0.655843114,0.215565207
10/23/2019 17:00,0.677679378,0.22274244
10/23/2019 18:00,0.718248668,0.236076921
10/23/2019 19:00,0.7587297,0.249382393
10/23/2019 20:00,0.788895464,0.2592974
10/23/2019 21:00,0.795004969,0.261305497
10/23/2019 22:00,0.786376981,0.258469614
10/23/2019 23:00,0.830533322,0.272983102
10/24/2019 0:00,0.764355942,0.251231649
10/24/2019 1:00,0.708555852,0.232891046
10/24/2019 2:00,0.67724978,0.222601238
10/24/2019 3:00,0.617467087,0.202951617
10/24/2019 4:00,0.549002553,0.180448413
10/24/2019 5:00,0.557906125,0.183374876
10/24/2019 6:00,0.636124744,0.209084092
10/24/2019 7:00,0.625363147,0.205546926
10/24/2019 8:00,0.614597643,0.202008476
10/24/2019 9:00,0.578359439,0.190097555
10/24/2019 10:00,0.654122872,0.214999791
10/24/2019 11:00,0.655692183,0.215515598
10/24/2019 12:00,0.65905929,0.216622313
10/24/2019 13:00,0.72430982,0.238069125
10/24/2019 14:00,0.77173542,0.253657166
10/24/2019 15:00,0.754006287,0.247829882
10/24/2019 16:00,0.695809145,0.228701406
10/24/2019 17:00,0.682449567,0.224310325
10/24/2019 18:00,0.696446475,0.228910886
10/24/2019 19:00,0.720041163,0.236666085
10/24/2019 20:00,0.745948409,0.245181385
10/24/2019 21:00,0.739439023,0.243041853
10/24/2019 22:00,0.77697089,0.255377982
10/24/2019 23:00,0.809042089,0.265919275
10/25/2019 0:00,0.810850066,0.266513528
10/25/2019 1:00,0.841078216,0.276449041
10/25/2019 2:00,0.861310136,0.283098951
10/25/2019 3:00,0.876945531,0.288238057
10/25/2019 4:00,0.9,0.295815695
10/25/2019 5:00,0.9,0.295815695
10/25/2019 6:00,0.9,0.295815695
10/25/2019 7:00,0.9,0.295815695
10/25/2019 8:00,0.9,0.295815695
10/25/2019 9:00,0.9,0.295815695
10/25/2019 10:00,0.9,0.295815695
10/25/2019 11:00,0.9,0.295815695
10/25/2019 12:00,0.9,0.295815695
10/25/2019 13:00,0.9,0.295815695
10/25/2019 14:00,0.9,0.295815695
10/25/2019 15:00,0.9,0.295815695
10/25/2019 16:00,0.9,0.295815695
10/25/2019 17:00,0.9,0.295815695
10/25/2019 18:00,0.9,0.295815695
10/25/2019 19:00,0.9,0.295815695
10/25/2019 20:00,0.9,0.295815695
10/25/2019 21:00,0.9,0.295815695
10/25/2019 22:00,0.884427757,0.290697346
10/25/2019 23:00,0.9,0.295815695
10/26/2019 0:00,0.9,0.295815695
10/26/2019 1:00,0.9,0.295815695
10/26/2019 2:00,0.9,0.295815695
10/26/2019 3:00,0.9,0.295815695
10/26/2019 4:00,0.895889093,0.294464505
10/26/2019 5:00,0.842924254,0.277055804
10/26/2019 6:00,0.800322121,0.26305316
10/26/2019 7:00,0.759531966,0.249646084
10/26/2019 8:00,0.707758048,0.232628821
10/26/2019 9:00,0.676113718,0.222227832
10/26/2019 10:00,0.613291746,0.201579249
10/26/2019 11:00,0.608008368,0.199842686
10/26/2019 12:00,0.60086555,0.197494956
10/26/2019 13:00,0.590500654,0.194088179
10/26/2019 14:00,0.581862629,0.191248998
10/26/2019 15:00,0.58125379,0.191048882
10/26/2019 16:00,0.578838361,0.190254969
10/26/2019 17:00,0.576187712,0.189383743
10/26/2019 18:00,0.579627636,0.190514391
10/26/2019 19:00,0.567501222,0.186528631
10/26/2019 20:00,0.598486478,0.196712993
10/26/2019 21:00,0.596251765,0.195978478
10/26/2019 22:00,0.567261519,0.186449845
10/26/2019 23:00,0.611529577,0.201000052
10/27/2019 0:00,0.602986331,0.198192023
10/27/2019 1:00,0.610433725,0.200639863
10/27/2019 2:00,0.597994018,0.196551129
10/27/2019 3:00,0.621124539,0.204153763
10/27/2019 4:00,0.663232605,0.217994015
10/27/2019 5:00,0.676368272,0.2223115
10/27/2019 6:00,0.699742429,0.229994214
10/27/2019 7:00,0.713215369,0.234422555
10/27/2019 8:00,0.710774795,0.233620378
10/27/2019 9:00,0.688030286,0.226144619
10/27/2019 10:00,0.800071622,0.262970825
10/27/2019 11:00,0.870162813,0.286008685
10/27/2019 12:00,0.81160573,0.266761903
10/27/2019 13:00,0.720861014,0.236935557
10/27/2019 14:00,0.657042906,0.21595956
10/27/2019 15:00,0.637809089,0.20963771
10/27/2019 16:00,0.610889457,0.200789654
10/27/2019 17:00,0.599978601,0.19720343
10/27/2019 18:00,0.594052081,0.195255477
10/27/2019 19:00,0.57746905,0.189804898
10/27/2019 20:00,0.559681637,0.183958458
10/27/2019 21:00,0.52463502,0.172439192
10/27/2019 22:00,0.523180461,0.171961102
10/27/2019 23:00,0.536056374,0.17619321
10/28/2019 0:00,0.529030004,0.173883754
10/28/2019 1:00,0.535033325,0.17585695
10/28/2019 2:00,0.573138155,0.188381402
10/28/2019 3:00,0.589887698,0.19388671
10/28/2019 4:00,0.575007187,0.188995723
10/28/2019 5:00,0.559494099,0.183896817
10/28/2019 6:00,0.519723818,0.170824958
10/28/2019 7:00,0.490975827,0.16137595
10/28/2019 8:00,0.474037447,0.155808574
10/28/2019 9:00,0.464480282,0.152667286
10/28/2019 10:00,0.5021702,0.165055363
10/28/2019 11:00,0.459877384,0.151154387
10/28/2019 12:00,0.428587455,0.140869884
10/28/2019 13:00,0.421232229,0.138452338
10/28/2019 14:00,0.419676694,0.137941059
10/28/2019 15:00,0.41844701,0.137536881
10/28/2019 16:00,0.421932108,0.138682377
10/28/2019 17:00,0.430799257,0.141596868
10/28/2019 18:00,0.431084997,0.141690787
10/28/2019 19:00,0.440355398,0.14473782
10/28/2019 20:00,0.425326462,0.139798048
10/28/2019 21:00,0.397163405,0.130541298
10/28/2019 22:00,0.344099512,0.11310004
10/28/2019 23:00,0.299433965,0.098419185
10/29/2019 0:00,0.252701287,0.083058896
10/29/2019 1:00,0.240579896,0.079074788
10/29/2019 2:00,0.246988709,0.081181263
10/29/2019 3:00,0.246559543,0.081040203
10/29/2019 4:00,0.227223623,0.074684793
10/29/2019 5:00,0.205537221,0.067556818
10/29/2019 6:00,0.184460107,0.060629105
10/29/2019 7:00,0.160379767,0.05271428
10/29/2019 8:00,0.141022273,0.04635178
10/29/2019 9:00,0.122774065,0.040353884
10/29/2019 10:00,0.077490681,0.025469955
10/29/2019 11:00,0.023369393,0.007681148
10/29/2019 12:00,0,0
10/29/2019 13:00,0,0
10/29/2019 14:00,0,0
10/29/2019 15:00,0,0
10/29/2019 16:00,0,0
10/29/2019 17:00,0,0
10/29/2019 18:00,0,0
10/29/2019 19:00,0,0
10/29/2019 20:00,0,0
10/29/2019 21:00,0,0
10/29/2019 22:00,0,0
10/29/2019 23:00,0,0
10/30/2019 0:00,0,0
10/30/2019 1:00,0,0
10/30/2019 2:00,0,0
10/30/2019 3:00,0,0
10/30/2019 4:00,0,0
10/30/2019 5:00,0.014881053,0.004891165
10/30/2019 6:00,0.003495505,0.001148917
10/30/2019 7:00,0,0
10/30/2019 8:00,0,0
10/30/2019 9:00,0,0
10/30/2019 10:00,0,0
10/30/2019 11:00,0,0
10/30/2019 12:00,0,0
10/30/2019 13:00,0,0
10/30/2019 14:00,0,0
10/30/2019 15:00,0,0
10/30/2019 16:00,0,0
10/30/2019 17:00,0,0
10/30/2019 18:00,0.018860347,0.006199096
10/30/2019 19:00,0.059150234,0.019441742
10/30/2019 20:00,0.090886354,0.0298729
10/30/2019 21:00,0.11357609,0.037330656
10/30/2019 22:00,0.162137675,0.053292077
10/30/2019 23:00,0.168976568,0.055539912
10/31/2019 0:00,0.172091672,0.056563797
10/31/2019 1:00,0.166542437,0.054739852
10/31/2019 2:00,0.16911848,0.055586556
10/31/2019 3:00,0.159576663,0.052450313
10/31/2019 4:00,0.149448202,0.049121248
10/31/2019 5:00,0.13845434,0.045507741
10/31/2019 6:00,0.124253363,0.040840105
10/31/2019 7:00,0.127648757,0.041956118
10/31/2019 8:00,0.169944,0.055857891
10/31/2019 9:00,0.223392769,0.073425652
10/31/2019 10:00,0.241194258,0.079276719
10/31/2019 11:00,0.269480596,0.088573989
10/31/2019 12:00,0.31172423,0.1024588
10/31/2019 13:00,0.349496365,0.1148739
10/31/2019 14:00,0.361746745,0.118900405
10/31/2019 15:00,0.367493811,0.120789374
10/31/2019 16:00,0.396171577,0.1302153
10/31/2019 17:00,0.427106757,0.140383202
10/31/2019 18:00,0.442609739,0.145478786
10/31/2019 19:00,0.454998267,0.149550698
10/31/2019 20:00,0.45746512,0.150361514
10/31/2019 21:00,0.447302659,0.147021274
10/31/2019 22:00,0.449431154,0.147720877
10/31/2019 23:00,0.411654361,0.135304245
11/01/2019 00:00,0.451201071,0.14830262
11/01/2019 01:00,0.453749302,0.149140183
11/01/2019 02:00,0.412926712,0.135722447
11/01/2019 03:00,0.362173149,0.119040558
11/01/2019 04:00,0.335408117,0.110243317
11/01/2019 05:00,0.330646579,0.108678275
11/01/2019 06:00,0.342779493,0.112666171
11/01/2019 07:00,0.366785012,0.120556403
11/01/2019 08:00,0.378683371,0.124467205
11/01/2019 09:00,0.401317263,0.131906606
11/01/2019 10:00,0.438456309,0.144113619
11/01/2019 11:00,0.484462258,0.159235044
11/01/2019 12:00,0.499857798,0.164295313
11/01/2019 13:00,0.520186436,0.170977013
11/01/2019 14:00,0.548226922,0.180193475
11/01/2019 15:00,0.558867576,0.183690889
11/01/2019 16:00,0.571820357,0.187948262
11/01/2019 17:00,0.583818987,0.191892021
11/01/2019 18:00,0.603327917,0.198304296
11/01/2019 19:00,0.63617793,0.209101574
11/01/2019 20:00,0.658243251,0.216354094
11/01/2019 21:00,0.686552564,0.225658915
11/01/2019 22:00,0.715140207,0.235055219
11/01/2019 23:00,0.760238445,0.249878293
11/02/2019 00:00,0.769412916,0.252893796
11/02/2019 01:00,0.774225096,0.254475483
11/02/2019 02:00,0.789350103,0.259446832
11/02/2019 03:00,0.847084269,0.278423135
11/02/2019 04:00,0.894323041,0.293949768
11/02/2019 05:00,0.9,0.295815695
11/02/2019 06:00,0.9,0.295815695
11/02/2019 07:00,0.9,0.295815695
11/02/2019 08:00,0.9,0.295815695
11/02/2019 09:00,0.9,0.295815695
11/02/2019 10:00,0.9,0.295815695
11/02/2019 11:00,0.9,0.295815695
11/02/2019 12:00,0.9,0.295815695
11/02/2019 13:00,0.9,0.295815695
11/02/2019 14:00,0.9,0.295815695
11/02/2019 15:00,0.9,0.295815695
11/02/2019 16:00,0.9,0.295815695
11/02/2019 17:00,0.9,0.295815695
11/02/2019 18:00,0.9,0.295815695
11/02/2019 19:00,0.9,0.295815695
11/02/2019 20:00,0.9,0.295815695
11/02/2019 21:00,0.899499851,0.295651304
11/02/2019 22:00,0.774749523,0.254647854
11/02/2019 23:00,0.763429414,0.250927114
11/03/2019 00:00,0.729470212,0.239765264
11/03/2019 01:00,0.741412977,0.243690661
11/03/2019 02:00,0.721233762,0.237058074
11/03/2019 03:00,0.701989912,0.230732926
11/03/2019 04:00,0.684397831,0.224950689
11/03/2019 05:00,0.662774313,0.217843382
11/03/2019 06:00,0.662807636,0.217854335
11/03/2019 07:00,0.644037594,0.21168492
11/03/2019 08:00,0.640904484,0.210655117
11/03/2019 09:00,0.648022372,0.212994653
11/03/2019 10:00,0.649314876,0.213419479
11/03/2019 11:00,0.689469025,0.226617509
11/03/2019 12:00,0.672948028,0.22118732
11/03/2019 13:00,0.637636922,0.209581121
11/03/2019 14:00,0.624052832,0.205116247
11/03/2019 15:00,0.629358351,0.206860086
11/03/2019 16:00,0.646897719,0.212624998
11/03/2019 17:00,0.668944677,0.219871483
11/03/2019 18:00,0.664552084,0.218427707
11/03/2019 19:00,0.671053455,0.220564604
11/03/2019 20:00,0.685536207,0.225324855
11/03/2019 21:00,0.713609638,0.234552145
11/03/2019 22:00,0.675094718,0.221892903
11/03/2019 23:00,0.688895423,0.226428976
11/04/2019 00:00,0.696974633,0.229084483
11/04/2019 01:00,0.688374625,0.226257798
11/04/2019 02:00,0.642094556,0.211046275
11/04/2019 03:00,0.592673506,0.194802361
11/04/2019 04:00,0.550782098,0.181033321
11/04/2019 05:00,0.557378995,0.183201616
11/04/2019 06:00,0.566249438,0.18611719
11/04/2019 07:00,0.565794178,0.185967553
11/04/2019 08:00,0.589602593,0.193793001
11/04/2019 09:00,0.634513234,0.208554414
11/04/2019 10:00,0.654004347,0.214960834
11/04/2019 11:00,0.618175113,0.203184334
11/04/2019 12:00,0.566788347,0.186294321
11/04/2019 13:00,0.548465329,0.180271836
11/04/2019 14:00,0.549102402,0.180481232
11/04/2019 15:00,0.544511219,0.178972183
11/04/2019 16:00,0.557240819,0.1831562
11/04/2019 17:00,0.573778675,0.18859193
11/04/2019 18:00,0.573579387,0.188526428
11/04/2019 19:00,0.544980077,0.179126289
11/04/2019 20:00,0.525073422,0.172583288
11/04/2019 21:00,0.519623601,0.170792018
11/04/2019 22:00,0.532635711,0.175068892
11/04/2019 23:00,0.531087285,0.174559949
11/05/2019 00:00,0.529113971,0.173911352
11/05/2019 01:00,0.517571502,0.170117526
11/05/2019 02:00,0.513250169,0.168697173
11/05/2019 03:00,0.510235418,0.167706272
11/05/2019 04:00,0.503610869,0.165528888
11/05/2019 05:00,0.497449099,0.163503612
11/05/2019 06:00,0.477204063,0.15684939
11/05/2019 07:00,0.469763351,0.154403747
11/05/2019 08:00,0.46439048,0.152637769
11/05/2019 09:00,0.427434922,0.140491065
11/05/2019 10:00,0.381429255,0.125369733
11/05/2019 11:00,0.34908752,0.114739519
11/05/2019 12:00,0.313846654,0.103156407
11/05/2019 13:00,0.296683539,0.097515163
11/05/2019 14:00,0.338446701,0.111242051
11/05/2019 15:00,0.404101565,0.132821761
11/05/2019 16:00,0.45175792,0.148485648
11/05/2019 17:00,0.459785097,0.151124053
11/05/2019 18:00,0.433039061,0.142333056
11/05/2019 19:00,0.397860839,0.130770534
11/05/2019 20:00,0.380746461,0.12514531
11/05/2019 21:00,0.368844322,0.121233266
11/05/2019 22:00,0.260834858,0.085732272
11/05/2019 23:00,0.218743712,0.071897581
11/06/2019 00:00,0.207231918,0.068113837
11/06/2019 01:00,0.187430448,0.061605409
11/06/2019 02:00,0.168261206,0.055304784
11/06/2019 03:00,0.162435357,0.05338992
11/06/2019 04:00,0.15465354,0.050832161
11/06/2019 05:00,0.149292869,0.049070193
11/06/2019 06:00,0.138360775,0.045476988
11/06/2019 07:00,0.123348741,0.040542771
11/06/2019 08:00,0.110176048,0.036213116
11/06/2019 09:00,0.086428095,0.028407541
11/06/2019 10:00,0.01663276,0.005466924
11/06/2019 11:00,0,0
11/06/2019 12:00,0,0
11/06/2019 13:00,0,0
11/06/2019 14:00,0,0
11/06/2019 15:00,0.012355399,0.004061023
11/06/2019 16:00,0.057661634,0.018952463
11/06/2019 17:00,0.096345933,0.031667377
11/06/2019 18:00,0.123066889,0.04045013
11/06/2019 19:00,0.137243502,0.045109758
11/06/2019 20:00,0.144807876,0.047596047
11/06/2019 21:00,0.137105269,0.045064323
11/06/2019 22:00,0.198826735,0.065351187
11/06/2019 23:00,0.206847847,0.0679876
11/07/2019 00:00,0.207201746,0.06810392
11/07/2019 01:00,0.211051656,0.069369325
11/07/2019 02:00,0.240912204,0.079184012
11/07/2019 03:00,0.263478204,0.086601098
11/07/2019 04:00,0.284507444,0.093513075
11/07/2019 05:00,0.318394755,0.104651295
11/07/2019 06:00,0.36221905,0.119055644
11/07/2019 07:00,0.399742757,0.13138909
11/07/2019 08:00,0.442635841,0.145487365
11/07/2019 09:00,0.482568733,0.158612672
11/07/2019 10:00,0.534972107,0.175836828
11/07/2019 11:00,0.524268588,0.172318752
11/07/2019 12:00,0.548919138,0.180420996
11/07/2019 13:00,0.592585189,0.194773333
11/07/2019 14:00,0.602768362,0.19812038
11/07/2019 15:00,0.56491519,0.185678644
11/07/2019 16:00,0.534316351,0.175621292
11/07/2019 17:00,0.526181307,0.172947432
11/07/2019 18:00,0.526507095,0.173054513
11/07/2019 19:00,0.515207427,0.169340492
11/07/2019 20:00,0.492108998,0.161748406
11/07/2019 21:00,0.462580682,0.152042917
11/07/2019 22:00,0.45214273,0.148612129
11/07/2019 23:00,0.445302603,0.146363887
11/08/2019 00:00,0.416434033,0.136875248
11/08/2019 01:00,0.382313363,0.125660326
11/08/2019 02:00,0.36415723,0.119692693
11/08/2019 03:00,0.350680493,0.115263104
11/08/2019 04:00,0.343452033,0.112887224
11/08/2019 05:00,0.320102077,0.105212465
11/08/2019 06:00,0.286718129,0.094239692
11/08/2019 07:00,0.250470982,0.082325831
11/08/2019 08:00,0.213792127,0.070270074
11/08/2019 09:00,0.183552833,0.060330899
11/08/2019 10:00,0.185805857,0.061071432
11/08/2019 11:00,0.148715408,0.048880391
11/08/2019 12:00,0.098314721,0.032314486
11/08/2019 13:00,0.081735952,0.026865308
11/08/2019 14:00,0.087020524,0.028602263
11/08/2019 15:00,0.082795533,0.027213576
11/08/2019 16:00,0.060743739,0.019965502
11/08/2019 17:00,0.050791845,0.016694472
11/08/2019 18:00,0.031507208,0.010355918
11/08/2019 19:00,0.012773245,0.004198363
11/08/2019 20:00,0.022550208,0.007411895
11/08/2019 21:00,0.064111922,0.02107257
11/08/2019 22:00,0.083754207,0.027528677
11/08/2019 23:00,0.121764398,0.040022022
11/09/2019 00:00,0.145847938,0.047937899
11/09/2019 01:00,0.149900306,0.049269848
11/09/2019 02:00,0.161666373,0.053137167
11/09/2019 03:00,0.200703551,0.065968067
11/09/2019 04:00,0.239243858,0.078635654
11/09/2019 05:00,0.245848448,0.080806477
11/09/2019 06:00,0.239795486,0.078816965
11/09/2019 07:00,0.232263239,0.076341235
11/09/2019 08:00,0.232610763,0.076455461
11/09/2019 09:00,0.235351558,0.077356316
11/09/2019 10:00,0.274305939,0.090160002
11/09/2019 11:00,0.281011964,0.092364166
11/09/2019 12:00,0.284473953,0.093502067
11/09/2019 13:00,0.29199884,0.095975377
11/09/2019 14:00,0.281281627,0.0924528
11/09/2019 15:00,0.268439823,0.088231903
11/09/2019 16:00,0.27022156,0.088817532
11/09/2019 17:00,0.285811093,0.093941563
11/09/2019 18:00,0.31315477,0.102928995
11/09/2019 19:00,0.335881996,0.110399073
11/09/2019 20:00,0.347248319,0.114135003
11/09/2019 21:00,0.358493107,0.117830986
11/09/2019 22:00,0.341380283,0.112206273
11/09/2019 23:00,0.333012615,0.109455954
11/10/2019 00:00,0.341846699,0.112359576
11/10/2019 01:00,0.355252106,0.116765721
11/10/2019 02:00,0.370528829,0.121786937
11/10/2019 03:00,0.37729,0.124009226
11/10/2019 04:00,0.379727202,0.124810296
11/10/2019 05:00,0.371384912,0.122068317
11/10/2019 06:00,0.358930975,0.117974906
11/10/2019 07:00,0.330597786,0.108662237
11/10/2019 08:00,0.281128184,0.092402365
11/10/2019 09:00,0.229134301,0.075312803
11/10/2019 10:00,0.213152413,0.07005981
11/10/2019 11:00,0.189265965,0.062208714
11/10/2019 12:00,0.129194082,0.042464041
11/10/2019 13:00,0.100456132,0.033018334
11/10/2019 14:00,0.087286675,0.028689743
11/10/2019 15:00,0.152606721,0.050159404
11/10/2019 16:00,0.246063075,0.080877021
11/10/2019 17:00,0.254660822,0.083702964
11/10/2019 18:00,0.313370507,0.102999905
11/10/2019 19:00,0.386446279,0.127018749
11/10/2019 20:00,0.41713824,0.137106709
11/10/2019 21:00,0.458464115,0.150689868
11/10/2019 22:00,0.454233537,0.149299344
11/10/2019 23:00,0.539019236,0.177167055
11/11/2019 00:00,0.606138918,0.199228228
11/11/2019 01:00,0.658363787,0.216393712
11/11/2019 02:00,0.678875715,0.223135657
11/11/2019 03:00,0.694989034,0.228431849
11/11/2019 04:00,0.7116505,0.233908208
11/11/2019 05:00,0.766051901,0.251789084
11/11/2019 06:00,0.841214318,0.276493775
11/11/2019 07:00,0.9,0.295815695
11/11/2019 08:00,0.9,0.295815695
11/11/2019 09:00,0.9,0.295815695
11/11/2019 10:00,0.9,0.295815695
11/11/2019 11:00,0.9,0.295815695
11/11/2019 12:00,0.9,0.295815695
11/11/2019 13:00,0.8994283,0.295627786
11/11/2019 14:00,0.877094661,0.288287074
11/11/2019 15:00,0.823071063,0.270530376
11/11/2019 16:00,0.771231526,0.253491544
11/11/2019 17:00,0.744157537,0.244592754
11/11/2019 18:00,0.716973635,0.235657838
11/11/2019 19:00,0.675150434,0.221911216
11/11/2019 20:00,0.60891601,0.200141014
11/11/2019 21:00,0.532492434,0.175021799
11/11/2019 22:00,0.568481633,0.186850877
11/11/2019 23:00,0.609105848,0.200203411
11/12/2019 00:00,0.684519586,0.224990708
11/12/2019 01:00,0.768565144,0.252615147
11/12/2019 02:00,0.819903574,0.269489272
11/12/2019 03:00,0.811599243,0.266759771
11/12/2019 04:00,0.796240141,0.261711478
11/12/2019 05:00,0.757664694,0.249032342
11/12/2019 06:00,0.717587397,0.235859572
11/12/2019 07:00,0.68161182,0.224034971
11/12/2019 08:00,0.636099404,0.209075763
11/12/2019 09:00,0.601832154,0.197812663
11/12/2019 10:00,0.599587042,0.19707473
11/12/2019 11:00,0.604342091,0.198637639
11/12/2019 12:00,0.534348674,0.175631916
11/12/2019 13:00,0.466547763,0.153346834
11/12/2019 14:00,0.452260645,0.148650886
11/12/2019 15:00,0.442622708,0.145483049
11/12/2019 16:00,0.414490507,0.136236441
11/12/2019 17:00,0.38182946,0.125501274
11/12/2019 18:00,0.346391124,0.113853257
11/12/2019 19:00,0.316330701,0.103972873
11/12/2019 20:00,0.28097447,0.092351842
11/12/2019 21:00,0.247963923,0.0815018
11/12/2019 22:00,0.257369469,0.084593254
11/12/2019 23:00,0.232058152,0.076273826
11/13/2019 0:00,0.213001901,0.070010339
11/13/2019 1:00,0.179644287,0.059046222
11/13/2019 2:00,0.156897731,0.05156979
11/13/2019 3:00,0.123607599,0.040627853
11/13/2019 4:00,0.091754406,0.030158215
11/13/2019 5:00,0.075698326,0.024880836
11/13/2019 6:00,0.068449845,0.022498376
11/13/2019 7:00,0.069146143,0.022727238
11/13/2019 8:00,0.06217125,0.020434702
11/13/2019 9:00,0.065297767,0.021462338
11/13/2019 10:00,0.098285704,0.032304949
11/13/2019 11:00,0.127162512,0.041796296
11/13/2019 12:00,0.125376793,0.041209359
11/13/2019 13:00,0.129282877,0.042493227
11/13/2019 14:00,0.1280974,0.042103579
11/13/2019 15:00,0.129683153,0.042624791
11/13/2019 16:00,0.1447598,0.047580245
11/13/2019 17:00,0.167481623,0.055048547
11/13/2019 18:00,0.213247146,0.070090947
11/13/2019 19:00,0.250549819,0.082351743
11/13/2019 20:00,0.281339399,0.092471789
11/13/2019 21:00,0.313193362,0.10294168
11/13/2019 22:00,0.332569367,0.109310265
11/13/2019 23:00,0.333479232,0.109609323
11/14/2019 0:00,0.337542271,0.110944779
11/14/2019 1:00,0.347573777,0.114241976
11/14/2019 2:00,0.390207227,0.128254913
11/14/2019 3:00,0.42023306,0.138123927
11/14/2019 4:00,0.431465628,0.141815894
11/14/2019 5:00,0.442133609,0.14532229
11/14/2019 6:00,0.457872481,0.150495407
11/14/2019 7:00,0.462384732,0.151978512
11/14/2019 8:00,0.467396555,0.153625818
11/14/2019 9:00,0.468837698,0.154099499
11/14/2019 10:00,0.569444086,0.18716722
11/14/2019 11:00,0.557857205,0.183358796
11/14/2019 12:00,0.570653095,0.187564602
11/14/2019 13:00,0.555426434,0.18255984
11/14/2019 14:00,0.548521751,0.180290381
11/14/2019 15:00,0.561634653,0.184600383
11/14/2019 16:00,0.579413521,0.190444015
11/14/2019 17:00,0.605390351,0.198982186
11/14/2019 18:00,0.568556178,0.186875379
11/14/2019 19:00,0.518681574,0.170482389
11/14/2019 20:00,0.472577298,0.155328646
11/14/2019 21:00,0.425548168,0.139870919
11/14/2019 22:00,0.390123816,0.128227497
11/14/2019 23:00,0.334731477,0.110020916
11/15/2019 0:00,0.317443157,0.10433852
11/15/2019 1:00,0.337635288,0.110975353
11/15/2019 2:00,0.367829651,0.12089976
11/15/2019 3:00,0.360893374,0.118619916
11/15/2019 4:00,0.325529456,0.106996358
11/15/2019 5:00,0.295055152,0.096979938
11/15/2019 6:00,0.277088674,0.091074643
11/15/2019 7:00,0.262197493,0.086180148
11/15/2019 8:00,0.234125377,0.07695329
11/15/2019 9:00,0.210345386,0.069137185
11/15/2019 10:00,0.235621257,0.077444962
11/15/2019 11:00,0.214788617,0.070597604
11/15/2019 12:00,0.182114609,0.059858177
11/15/2019 13:00,0.153207178,0.050356764
11/15/2019 14:00,0.129947223,0.042711587
11/15/2019 15:00,0.113797922,0.037403568
11/15/2019 16:00,0.10320772,0.033922737
11/15/2019 17:00,0.12144303,0.039916394
11/15/2019 18:00,0.144421241,0.047468966
11/15/2019 19:00,0.174336587,0.057301665
11/15/2019 20:00,0.163067555,0.053597714
11/15/2019 21:00,0.12074676,0.039687541
11/15/2019 22:00,0.076709718,0.025213265
11/15/2019 23:00,0.062571537,0.02056627
11/16/2019 0:00,0.02895543,0.00951719
11/16/2019 1:00,0,0
11/16/2019 2:00,0,0
11/16/2019 3:00,0,0
11/16/2019 4:00,0,0
11/16/2019 5:00,0,0
11/16/2019 6:00,0,0
11/16/2019 7:00,0,0
11/16/2019 8:00,0,0
11/16/2019 9:00,0,0
11/16/2019 10:00,0.012167251,0.003999182
11/16/2019 11:00,0.034089847,0.011204791
11/16/2019 12:00,0.045006645,0.014792969
11/16/2019 13:00,0.022458697,0.007381817
11/16/2019 14:00,0,0
11/16/2019 15:00,0,0
11/16/2019 16:00,0,0
11/16/2019 17:00,0,0
11/16/2019 18:00,0,0
11/16/2019 19:00,0,0
11/16/2019 20:00,0,0
11/16/2019 21:00,0,0
11/16/2019 22:00,0,0
11/16/2019 23:00,0,0
11/17/2019 0:00,0,0
11/17/2019 1:00,0,0
11/17/2019 2:00,0.030128277,0.009902686
11/17/2019 3:00,0.076300601,0.025078795
11/17/2019 4:00,0.096781337,0.031810487
11/17/2019 5:00,0.07902166,0.025973164
11/17/2019 6:00,0.056235634,0.018483759
11/17/2019 7:00,0.080375422,0.026418124
11/17/2019 8:00,0.146070478,0.048011044
11/17/2019 9:00,0.223112504,0.073333534
11/17/2019 10:00,0.240943671,0.079194355
11/17/2019 11:00,0.229264807,0.075355698
11/17/2019 12:00,0.200425985,0.065876836
11/17/2019 13:00,0.196940884,0.064731338
11/17/2019 14:00,0.190645107,0.062662016
11/17/2019 15:00,0.18679796,0.06139752
11/17/2019 16:00,0.219705628,0.072213748
11/17/2019 17:00,0.206663579,0.067927034
11/17/2019 18:00,0.192132218,0.063150806
11/17/2019 19:00,0.199767692,0.065660465
11/17/2019 20:00,0.214684095,0.07056325
11/17/2019 21:00,0.254904156,0.083782944
11/17/2019 22:00,0.271321226,0.089178974
11/17/2019 23:00,0.296571037,0.097478186
11/18/2019 0:00,0.261213981,0.085856884
11/18/2019 1:00,0.224792193,0.073885621
11/18/2019 2:00,0.219751508,0.072228828
11/18/2019 3:00,0.248915518,0.081814574
11/18/2019 4:00,0.308727106,0.101473692
11/18/2019 5:00,0.337352394,0.11088237
11/18/2019 6:00,0.30620518,0.100644776
11/18/2019 7:00,0.276848419,0.090995675
11/18/2019 8:00,0.262525752,0.086288042
11/18/2019 9:00,0.239914306,0.078856019
11/18/2019 10:00,0.237763474,0.078149075
11/18/2019 11:00,0.18851905,0.061963215
11/18/2019 12:00,0.172962686,0.056850086
11/18/2019 13:00,0.176944997,0.058159008
11/18/2019 14:00,0.176395338,0.057978344
11/18/2019 15:00,0.182922749,0.0601238
11/18/2019 16:00,0.170373623,0.055999102
11/18/2019 17:00,0.158627684,0.052138398
11/18/2019 18:00,0.133398468,0.043845956
11/18/2019 19:00,0.093914058,0.030868058
11/18/2019 20:00,0.04361158,0.014334433
11/18/2019 21:00,0.005632497,0.001851312
11/18/2019 22:00,0,0
11/18/2019 23:00,0,0
11/19/2019 0:00,0,0
11/19/2019 1:00,0,0
11/19/2019 2:00,0,0
11/19/2019 3:00,0,0
11/19/2019 4:00,0,0
11/19/2019 5:00,0,0
11/19/2019 6:00,0,0
11/19/2019 7:00,0,0
11/19/2019 8:00,0,0
11/19/2019 9:00,0,0
11/19/2019 10:00,0.024949986,0.008200664
11/19/2019 11:00,0.060670165,0.019941319
11/19/2019 12:00,0.120884878,0.039732938
11/19/2019 13:00,0.166065467,0.05458308
11/19/2019 14:00,0.213686722,0.070235429
11/19/2019 15:00,0.282014855,0.0926938
11/19/2019 16:00,0.362763632,0.11923464
11/19/2019 17:00,0.432345614,0.142105131
11/19/2019 18:00,0.486002515,0.159741302
11/19/2019 19:00,0.530171581,0.174258972
11/19/2019 20:00,0.566698821,0.186264895
11/19/2019 21:00,0.591201753,0.194318619
11/19/2019 22:00,0.657028811,0.215954927
11/19/2019 23:00,0.676452229,0.222339096
11/20/2019 0:00,0.675766475,0.222113699
11/20/2019 1:00,0.672496313,0.221038849
11/20/2019 2:00,0.648542745,0.213165692
11/20/2019 3:00,0.620947353,0.204095525
11/20/2019 4:00,0.618066143,0.203148517
11/20/2019 5:00,0.603441729,0.198341705
11/20/2019 6:00,0.650988196,0.213969473
11/20/2019 7:00,0.69630864,0.228865582
11/20/2019 8:00,0.72637196,0.238746918
11/20/2019 9:00,0.747028762,0.24553648
11/20/2019 10:00,0.747950131,0.24583932
11/20/2019 11:00,0.77853316,0.255891475
11/20/2019 12:00,0.76871738,0.252665184
11/20/2019 13:00,0.756635767,0.24869415
11/20/2019 14:00,0.798714137,0.262524641
11/20/2019 15:00,0.777489782,0.255548533
11/20/2019 16:00,0.765256957,0.251527798
11/20/2019 17:00,0.752283422,0.247263603
11/20/2019 18:00,0.755736398,0.248398542
11/20/2019 19:00,0.754195265,0.247891996
11/20/2019 20:00,0.719688816,0.236550275
11/20/2019 21:00,0.703391994,0.231193768
11/20/2019 22:00,0.663521357,0.218088924
11/20/2019 23:00,0.67225748,0.220960348
11/21/2019 0:00,0.673358087,0.2213221
11/21/2019 1:00,0.70997202,0.233356518
11/21/2019 2:00,0.678984036,0.22317126
11/21/2019 3:00,0.676195168,0.222254604
11/21/2019 4:00,0.69894418,0.229731842
11/21/2019 5:00,0.737993917,0.24256687
11/21/2019 6:00,0.753988546,0.247824051
11/21/2019 7:00,0.705629499,0.2319292
11/21/2019 8:00,0.716168589,0.235393232
11/21/2019 9:00,0.705231813,0.231798487
11/21/2019 10:00,0.67305543,0.221222622
11/21/2019 11:00,0.669459208,0.220040601
11/21/2019 12:00,0.642391872,0.211143998
11/21/2019 13:00,0.614110754,0.201848444
11/21/2019 14:00,0.585997907,0.192608198
11/21/2019 15:00,0.551302799,0.181204467
11/21/2019 16:00,0.503452058,0.165476689
11/21/2019 17:00,0.463659194,0.152397407
11/21/2019 18:00,0.480047428,0.157783959
11/21/2019 19:00,0.527920855,0.173519194
11/21/2019 20:00,0.56420874,0.185446445
11/21/2019 21:00,0.555838816,0.182695384
11/21/2019 22:00,0.57483289,0.188938434
11/21/2019 23:00,0.544615782,0.179006551
11/22/2019 0:00,0.528001938,0.173545844
11/22/2019 1:00,0.50888907,0.167263749
11/22/2019 2:00,0.480760255,0.158018254
11/22/2019 3:00,0.480247028,0.157849565
11/22/2019 4:00,0.510194752,0.167692906
11/22/2019 5:00,0.518391352,0.170386998
11/22/2019 6:00,0.527969887,0.17353531
11/22/2019 7:00,0.529297842,0.173971787
11/22/2019 8:00,0.51865361,0.170473198
11/22/2019 9:00,0.433497409,0.142483708
11/22/2019 10:00,0.417906206,0.137359128
11/22/2019 11:00,0.470058806,0.154500858
11/22/2019 12:00,0.522575731,0.171762337
11/22/2019 13:00,0.527068941,0.173239183
11/22/2019 14:00,0.504007039,0.165659103
11/22/2019 15:00,0.466141863,0.153213421
11/22/2019 16:00,0.441119525,0.144988976
11/22/2019 17:00,0.427696745,0.140577122
11/22/2019 18:00,0.413335577,0.135856834
11/22/2019 19:00,0.407929352,0.134079894
11/22/2019 20:00,0.411920094,0.135391587
11/22/2019 21:00,0.420658321,0.138263704
11/22/2019 22:00,0.447729595,0.147161601
11/22/2019 23:00,0.427945532,0.140658894
11/23/2019 0:00,0.401663015,0.132020249
11/23/2019 1:00,0.373088535,0.122628271
11/23/2019 2:00,0.322777472,0.106091825
11/23/2019 3:00,0.285979509,0.093996919
11/23/2019 4:00,0.319673426,0.105071574
11/23/2019 5:00,0.337955707,0.111080669
11/23/2019 6:00,0.33151972,0.108965263
11/23/2019 7:00,0.334539884,0.109957942
11/23/2019 8:00,0.342010983,0.112413574
11/23/2019 9:00,0.342410396,0.112544854
11/23/2019 10:00,0.344493554,0.113229556
11/23/2019 11:00,0.349645035,0.114922765
11/23/2019 12:00,0.338950427,0.111407618
11/23/2019 13:00,0.354403355,0.11648675
11/23/2019 14:00,0.368165777,0.121010239
11/23/2019 15:00,0.398774077,0.131070701
11/23/2019 16:00,0.394529961,0.129675727
11/23/2019 17:00,0.405190811,0.133179779
11/23/2019 18:00,0.465554136,0.153020244
11/23/2019 19:00,0.491150154,0.161433249
11/23/2019 20:00,0.585825185,0.192551427
11/23/2019 21:00,0.630131509,0.207114211
11/23/2019 22:00,0.552162423,0.181487012
11/23/2019 23:00,0.55528851,0.182514507
11/24/2019 0:00,0.594012116,0.195242341
11/24/2019 1:00,0.648491318,0.213148788
11/24/2019 2:00,0.655385448,0.21541478
11/24/2019 3:00,0.636738885,0.209285951
11/24/2019 4:00,0.709629199,0.233243838
11/24/2019 5:00,0.752721193,0.247407492
11/24/2019 6:00,0.766894398,0.252065999
11/24/2019 7:00,0.753991783,0.247825115
11/24/2019 8:00,0.749290715,0.246279948
11/24/2019 9:00,0.766071333,0.251795471
11/24/2019 10:00,0.681764935,0.224085298
11/24/2019 11:00,0.690579106,0.226982376
11/24/2019 12:00,0.658168794,0.216329621
11/24/2019 13:00,0.598628771,0.196759762
11/24/2019 14:00,0.566677662,0.18625794
11/24/2019 15:00,0.576585084,0.189514352
11/24/2019 16:00,0.60935153,0.200284163
11/24/2019 17:00,0.601340352,0.197651016
11/24/2019 18:00,0.570993476,0.18767648
11/24/2019 19:00,0.536972835,0.176494436
11/24/2019 20:00,0.524396598,0.172360827
11/24/2019 21:00,0.492932679,0.162019137
11/24/2019 22:00,0.462091858,0.151882249
11/24/2019 23:00,0.468067184,0.153846244
11/25/2019 0:00,0.45751373,0.150377491
11/25/2019 1:00,0.443941897,0.145916645
11/25/2019 2:00,0.388605166,0.127728341
11/25/2019 3:00,0.331433068,0.108936781
11/25/2019 4:00,0.302201207,0.099328733
11/25/2019 5:00,0.286412838,0.094139348
11/25/2019 6:00,0.263538817,0.08662102
11/25/2019 7:00,0.262845857,0.086393255
11/25/2019 8:00,0.289977837,0.095311106
11/25/2019 9:00,0.330336462,0.108576344
11/25/2019 10:00,0.332831174,0.109396317
11/25/2019 11:00,0.372663309,0.122488506
11/25/2019 12:00,0.401168097,0.131857577
11/25/2019 13:00,0.427012807,0.140352323
11/25/2019 14:00,0.426654586,0.140234581
11/25/2019 15:00,0.421176834,0.138434131
11/25/2019 16:00,0.431724397,0.141900947
11/25/2019 17:00,0.431239524,0.141741577
11/25/2019 18:00,0.434630922,0.142856276
11/25/2019 19:00,0.435739599,0.14322068
11/25/2019 20:00,0.436604483,0.143504954
11/25/2019 21:00,0.435329273,0.143085813
11/25/2019 22:00,0.437077272,0.143660352
11/25/2019 23:00,0.441448607,0.14509714
11/26/2019 0:00,0.44104696,0.144965125
11/26/2019 1:00,0.462895791,0.152146489
11/26/2019 2:00,0.490061907,0.161075559
11/26/2019 3:00,0.496355855,0.16314428
11/26/2019 4:00,0.520415407,0.171052272
11/26/2019 5:00,0.541108549,0.177853779
11/26/2019 6:00,0.568638652,0.186902487
11/26/2019 7:00,0.583092014,0.191653077
11/26/2019 8:00,0.598181139,0.196612633
11/26/2019 9:00,0.609858584,0.200450823
11/26/2019 10:00,0.558487172,0.183565856
11/26/2019 11:00,0.558013225,0.183410078
11/26/2019 12:00,0.603334988,0.198306621
11/26/2019 13:00,0.640014676,0.210362651
11/26/2019 14:00,0.683846271,0.2247694
11/26/2019 15:00,0.748860273,0.246138469
11/26/2019 16:00,0.774625471,0.25460708
11/26/2019 17:00,0.810163878,0.266287989
11/26/2019 18:00,0.790658276,0.259876808
11/26/2019 19:00,0.765540598,0.251621026
11/26/2019 20:00,0.739567421,0.243084056
11/26/2019 21:00,0.721112157,0.237018104
11/26/2019 22:00,0.651137303,0.214018482
11/26/2019 23:00,0.664580393,0.218437012
11/27/2019 0:00,0.631272132,0.207489116
11/27/2019 1:00,0.602487997,0.198028228
11/27/2019 2:00,0.589252854,0.193678047
11/27/2019 3:00,0.568545141,0.186871751
11/27/2019 4:00,0.569802237,0.187284938
11/27/2019 5:00,0.588771447,0.193519816
11/27/2019 6:00,0.605164839,0.198908064
11/27/2019 7:00,0.625510435,0.205595337
11/27/2019 8:00,0.64235049,0.211130396
11/27/2019 9:00,0.661170082,0.217316097
11/27/2019 10:00,0.70734339,0.232492529
11/27/2019 11:00,0.685303268,0.225248291
11/27/2019 12:00,0.700120066,0.230118337
11/27/2019 13:00,0.755824361,0.248427454
11/27/2019 14:00,0.773902395,0.254369416
11/27/2019 15:00,0.773010456,0.25407625
11/27/2019 16:00,0.753250508,0.247581469
11/27/2019 17:00,0.754212427,0.247897637
11/27/2019 18:00,0.78699895,0.258674046
11/27/2019 19:00,0.809515841,0.26607499
11/27/2019 20:00,0.816335233,0.268316415
11/27/2019 21:00,0.815973687,0.268197581
11/27/2019 22:00,0.81448326,0.267707702
11/27/2019 23:00,0.82746386,0.271974218
11/28/2019 0:00,0.859129468,0.2823822
11/28/2019 1:00,0.853826775,0.280639289
11/28/2019 2:00,0.846994545,0.278393644
11/28/2019 3:00,0.871331347,0.286392764
11/28/2019 4:00,0.853243109,0.280447448
11/28/2019 5:00,0.820664267,0.2697393
11/28/2019 6:00,0.80642912,0.265060434
11/28/2019 7:00,0.794436228,0.261118561
11/28/2019 8:00,0.785407703,0.258151028
11/28/2019 9:00,0.764313185,0.251217595
11/28/2019 10:00,0.724987164,0.238291757
11/28/2019 11:00,0.70425907,0.231478762
11/28/2019 12:00,0.701814988,0.230675431
11/28/2019 13:00,0.720624842,0.236857931
11/28/2019 14:00,0.758830137,0.249415405
11/28/2019 15:00,0.776497205,0.255222289
11/28/2019 16:00,0.758703459,0.249373767
11/28/2019 17:00,0.712306116,0.234123698
11/28/2019 18:00,0.666187376,0.218965202
11/28/2019 19:00,0.642681283,0.211239122
11/28/2019 20:00,0.630615549,0.207273307
11/28/2019 21:00,0.627012171,0.206088934
11/28/2019 22:00,0.625834225,0.205701762
11/28/2019 23:00,0.60345092,0.198344726
11/29/2019 0:00,0.592365683,0.194701185
11/29/2019 1:00,0.59408829,0.195267378
11/29/2019 2:00,0.608044842,0.199854675
11/29/2019 3:00,0.611188993,0.200888107
11/29/2019 4:00,0.591968704,0.194570704
11/29/2019 5:00,0.587875217,0.19322524
11/29/2019 6:00,0.593895789,0.195204106
11/29/2019 7:00,0.578610477,0.190180067
11/29/2019 8:00,0.571071685,0.187702186
11/29/2019 9:00,0.560290884,0.184158708
11/29/2019 10:00,0.522959887,0.171888602
11/29/2019 11:00,0.508662683,0.167189339
11/29/2019 12:00,0.478397221,0.157241563
11/29/2019 13:00,0.44884404,0.147527902
11/29/2019 14:00,0.413874337,0.136033916
11/29/2019 15:00,0.405678042,0.133339924
11/29/2019 16:00,0.419626277,0.137924487
11/29/2019 17:00,0.430726514,0.141572959
11/29/2019 18:00,0.436315217,0.143409877
11/29/2019 19:00,0.414977323,0.13639645
11/29/2019 20:00,0.386609478,0.12707239
11/29/2019 21:00,0.335226802,0.110183721
11/29/2019 22:00,0.393516731,0.129342695
11/29/2019 23:00,0.330449154,0.108613384
11/30/2019 0:00,0.27591323,0.090688293
11/30/2019 1:00,0.252709323,0.083061538
11/30/2019 2:00,0.226542248,0.074460836
11/30/2019 3:00,0.210150823,0.069073235
11/30/2019 4:00,0.197601842,0.064948585
11/30/2019 5:00,0.186674063,0.061356797
11/30/2019 6:00,0.160131534,0.05263269
11/30/2019 7:00,0.119997384,0.039441233
11/30/2019 8:00,0.093726216,0.030806317
11/30/2019 9:00,0.075585539,0.024843765
11/30/2019 10:00,0.079999505,0.026294566
11/30/2019 11:00,0.026669659,0.008765893
11/30/2019 12:00,0,0
11/30/2019 13:00,0,0
11/30/2019 14:00,0.014385228,0.004728196
11/30/2019 15:00,0.046759649,0.015369153
11/30/2019 16:00,0.072834416,0.023939515
11/30/2019 17:00,0.129665081,0.042618851
11/30/2019 18:00,0.179443961,0.058980378
11/30/2019 19:00,0.215414155,0.070803209
11/30/2019 20:00,0.245199279,0.080593105
11/30/2019 21:00,0.260569341,0.085645001
11/30/2019 22:00,0.274870756,0.090345649
11/30/2019 23:00,0.30160842,0.099133894
12/01/2019 00:00,0.330822847,0.108736211
12/01/2019 01:00,0.395569594,0.130017438
12/01/2019 02:00,0.429834737,0.141279846
12/01/2019 03:00,0.470693009,0.154709311
12/01/2019 04:00,0.512337032,0.168397039
12/01/2019 05:00,0.524711067,0.172464188
12/01/2019 06:00,0.520996061,0.171243124
12/01/2019 07:00,0.549898806,0.180742997
12/01/2019 08:00,0.564138909,0.185423493
12/01/2019 09:00,0.545395193,0.179262731
12/01/2019 10:00,0.510463172,0.167781131
12/01/2019 11:00,0.500488331,0.164502559
12/01/2019 12:00,0.560321083,0.184168634
12/01/2019 13:00,0.603997274,0.198524304
12/01/2019 14:00,0.637134593,0.209416014
12/01/2019 15:00,0.654980751,0.215281762
12/01/2019 16:00,0.638790652,0.209960334
12/01/2019 17:00,0.611051378,0.200842876
12/01/2019 18:00,0.551108893,0.181140733
12/01/2019 19:00,0.504580188,0.165847488
12/01/2019 20:00,0.41489416,0.136369116
12/01/2019 21:00,0.37497603,0.123248661
12/01/2019 22:00,0.40104811,0.131818139
12/01/2019 23:00,0.409808177,0.134697434
12/02/2019 00:00,0.373467325,0.122752773
12/02/2019 01:00,0.388319205,0.12763435
12/02/2019 02:00,0.362091496,0.119013719
12/02/2019 03:00,0.431282864,0.141755822
12/02/2019 04:00,0.480160463,0.157821112
12/02/2019 05:00,0.536150964,0.1762243
12/02/2019 06:00,0.572269693,0.188095952
12/02/2019 07:00,0.550072361,0.180800042
12/02/2019 08:00,0.562918016,0.185022204
12/02/2019 09:00,0.575157968,0.189045282
12/02/2019 10:00,0.534962324,0.175833613
12/02/2019 11:00,0.514934191,0.169250684
12/02/2019 12:00,0.478065538,0.157132544
12/02/2019 13:00,0.516445328,0.16974737
12/02/2019 14:00,0.524950996,0.172543048
12/02/2019 15:00,0.510704889,0.167860579
12/02/2019 16:00,0.552782895,0.181690951
12/02/2019 17:00,0.586429121,0.192749931
12/02/2019 18:00,0.60999995,0.200497288
12/02/2019 19:00,0.63231915,0.207833254
12/02/2019 20:00,0.646956878,0.212644442
12/02/2019 21:00,0.67786401,0.222803126
12/02/2019 22:00,0.731922491,0.240571289
12/02/2019 23:00,0.823580614,0.270697857
12/03/2019 00:00,0.880442867,0.289387576
12/03/2019 01:00,0.9,0.295815695
12/03/2019 02:00,0.87514797,0.287647228
12/03/2019 03:00,0.856012088,0.281357567
12/03/2019 04:00,0.841425561,0.276563207
12/03/2019 05:00,0.823452641,0.270655795
12/03/2019 06:00,0.810815477,0.26650216
12/03/2019 07:00,0.787857661,0.25895629
12/03/2019 08:00,0.762902797,0.250754023
12/03/2019 09:00,0.712914232,0.234323576
12/03/2019 10:00,0.688149396,0.226183769
12/03/2019 11:00,0.670023952,0.220226223
12/03/2019 12:00,0.646508612,0.212497105
12/03/2019 13:00,0.58499621,0.192278956
12/03/2019 14:00,0.520449647,0.171063527
12/03/2019 15:00,0.462433713,0.151994611
12/03/2019 16:00,0.419400382,0.137850239
12/03/2019 17:00,0.430477701,0.141491178
12/03/2019 18:00,0.477943639,0.157092477
12/03/2019 19:00,0.50341095,0.165463178
12/03/2019 20:00,0.525502858,0.172724437
12/03/2019 21:00,0.532881143,0.175149562
12/03/2019 22:00,0.481444761,0.158243241
12/03/2019 23:00,0.57233987,0.188119018
12/04/2019 00:00,0.636265738,0.209130435
12/04/2019 01:00,0.636718166,0.209279141
12/04/2019 02:00,0.633106465,0.208092032
12/04/2019 03:00,0.643349256,0.211458675
12/04/2019 04:00,0.642417919,0.211152559
12/04/2019 05:00,0.652408792,0.2144364
12/04/2019 06:00,0.662297932,0.217686803
12/04/2019 07:00,0.669100715,0.21992277
12/04/2019 08:00,0.672449285,0.221023392
12/04/2019 09:00,0.679457151,0.223326766
12/04/2019 10:00,0.669205082,0.219957074
12/04/2019 11:00,0.758369263,0.249263922
12/04/2019 12:00,0.807849562,0.265527311
12/04/2019 13:00,0.714844565,0.234958046
12/04/2019 14:00,0.73247698,0.240753541
12/04/2019 15:00,0.823454238,0.270656319
12/04/2019 16:00,0.874000427,0.287270048
12/04/2019 17:00,0.9,0.295815695
12/04/2019 18:00,0.897232432,0.294906039
12/04/2019 19:00,0.892155261,0.293237254
12/04/2019 20:00,0.9,0.295815695
12/04/2019 21:00,0.9,0.295815695
12/04/2019 22:00,0.9,0.295815695
12/04/2019 23:00,0.9,0.295815695
12/05/2019 00:00,0.9,0.295815695
12/05/2019 01:00,0.9,0.295815695
12/05/2019 02:00,0.9,0.295815695
12/05/2019 03:00,0.9,0.295815695
12/05/2019 04:00,0.9,0.295815695
12/05/2019 05:00,0.9,0.295815695
12/05/2019 06:00,0.9,0.295815695
12/05/2019 07:00,0.9,0.295815695
12/05/2019 08:00,0.9,0.295815695
12/05/2019 09:00,0.9,0.295815695
12/05/2019 10:00,0.9,0.295815695
12/05/2019 11:00,0.840768844,0.276347355
12/05/2019 12:00,0.803490377,0.264094515
12/05/2019 13:00,0.776210286,0.255127983
12/05/2019 14:00,0.713806241,0.234616765
12/05/2019 15:00,0.645556042,0.21218401
12/05/2019 16:00,0.568573145,0.186880955
12/05/2019 17:00,0.424040087,0.139375237
12/05/2019 18:00,0.173184789,0.056923087
12/05/2019 19:00,0.185724997,0.061044855
12/05/2019 20:00,0.321112462,0.105544562
12/05/2019 21:00,0.211100699,0.069385445
12/05/2019 22:00,0.332948522,0.109434887
12/05/2019 23:00,0.374281351,0.123020331
12/06/2019 00:00,0.378961407,0.124558591
12/06/2019 01:00,0.319811748,0.105117038
12/06/2019 02:00,0.267384861,0.087885154
12/06/2019 03:00,0.171174058,0.056262192
12/06/2019 04:00,0.003204733,0.001053345
12/06/2019 05:00,0,0
12/06/2019 06:00,0,0
12/06/2019 07:00,0,0
12/06/2019 08:00,0,0
12/06/2019 09:00,0,0
12/06/2019 10:00,0.02483229,0.008161979
12/06/2019 11:00,0,0
12/06/2019 12:00,0.007470708,0.002455503
12/06/2019 13:00,0.052290679,0.017187115
12/06/2019 14:00,0.116862454,0.038410831
12/06/2019 15:00,0.201027572,0.066074568
12/06/2019 16:00,0.253459636,0.083308154
12/06/2019 17:00,0.263011834,0.086447809
12/06/2019 18:00,0.333067657,0.109474045
12/06/2019 19:00,0.381670733,0.125449103
12/06/2019 20:00,0.378824583,0.124513619
12/06/2019 21:00,0.413547345,0.135926439
12/06/2019 22:00,0.428474345,0.140832707
12/06/2019 23:00,0.435188872,0.143039665
12/07/2019 00:00,0.471357579,0.154927744
12/07/2019 01:00,0.500498741,0.164505981
12/07/2019 02:00,0.471938653,0.155118734
12/07/2019 03:00,0.429970264,0.141324392
12/07/2019 04:00,0.472700824,0.155369247
12/07/2019 05:00,0.388628005,0.127735848
12/07/2019 06:00,0.306654445,0.100792442
12/07/2019 07:00,0.24527645,0.08061847
12/07/2019 08:00,0.185506339,0.060972985
12/07/2019 09:00,0.111568587,0.036670821
12/07/2019 10:00,0.032333067,0.010627365
12/07/2019 11:00,0,0
12/07/2019 12:00,0,0
12/07/2019 13:00,0.082476866,0.027108835
12/07/2019 14:00,0.288552602,0.094842654
12/07/2019 15:00,0.472737183,0.155381198
12/07/2019 16:00,0.622726765,0.20468039
12/07/2019 17:00,0.741329841,0.243663336
12/07/2019 18:00,0.81835568,0.268980504
12/07/2019 19:00,0.790364897,0.259780379
12/07/2019 20:00,0.721632201,0.237189034
12/07/2019 21:00,0.690195002,0.226856127
12/07/2019 22:00,0.629124172,0.206783116
12/07/2019 23:00,0.663498012,0.21808125
12/08/2019 00:00,0.716012002,0.235341764
12/08/2019 01:00,0.819737097,0.269434554
12/08/2019 02:00,0.9,0.295815695
12/08/2019 03:00,0.9,0.295815695
12/08/2019 04:00,0.9,0.295815695
12/08/2019 05:00,0.9,0.295815695
12/08/2019 06:00,0.9,0.295815695
12/08/2019 07:00,0.9,0.295815695
12/08/2019 08:00,0.9,0.295815695
12/08/2019 09:00,0.9,0.295815695
12/08/2019 10:00,0.9,0.295815695
12/08/2019 11:00,0.893016534,0.29352034
12/08/2019 12:00,0.850900708,0.279677538
12/08/2019 13:00,0.798840812,0.262566278
12/08/2019 14:00,0.778390881,0.25584471
12/08/2019 15:00,0.72654162,0.238802682
12/08/2019 16:00,0.684785451,0.225078093
12/08/2019 17:00,0.641137064,0.210731562
12/08/2019 18:00,0.560103621,0.184097157
12/08/2019 19:00,0.505462195,0.166137389
12/08/2019 20:00,0.431961083,0.141978742
12/08/2019 21:00,0.534013414,0.175521721
12/08/2019 22:00,0.9,0.295815695
12/08/2019 23:00,0.9,0.295815695
12/09/2019 00:00,0.9,0.295815695
12/09/2019 01:00,0.9,0.295815695
12/09/2019 02:00,0.9,0.295815695
12/09/2019 03:00,0.9,0.295815695
12/09/2019 04:00,0.9,0.295815695
12/09/2019 05:00,0.9,0.295815695
12/09/2019 06:00,0.9,0.295815695
12/09/2019 07:00,0.9,0.295815695
12/09/2019 08:00,0.9,0.295815695
12/09/2019 09:00,0.896996643,0.294828539
12/09/2019 10:00,0.9,0.295815695
12/09/2019 11:00,0.81437581,0.267672384
12/09/2019 12:00,0.75543344,0.248298964
12/09/2019 13:00,0.657263987,0.216032225
12/09/2019 14:00,0.497669705,0.163576122
12/09/2019 15:00,0.42917129,0.141061782
12/09/2019 16:00,0.312157448,0.102601191
12/09/2019 17:00,0.19914479,0.065455727
12/09/2019 18:00,0.068570823,0.02253814
12/09/2019 19:00,0.054934214,0.018056003
12/09/2019 20:00,0.126702357,0.041645051
12/09/2019 21:00,0.385968801,0.12686181
12/09/2019 22:00,0.620783464,0.204041657
12/09/2019 23:00,0.76818224,0.252489292
12/10/2019 00:00,0.847604531,0.278594137
12/10/2019 01:00,0.828619889,0.272354187
12/10/2019 02:00,0.810756333,0.26648272
12/10/2019 03:00,0.843810031,0.277346945
12/10/2019 04:00,0.9,0.295815695
12/10/2019 05:00,0.9,0.295815695
12/10/2019 06:00,0.9,0.295815695
12/10/2019 07:00,0.9,0.295815695
12/10/2019 08:00,0.9,0.295815695
12/10/2019 09:00,0.9,0.295815695
12/10/2019 10:00,0.9,0.295815695
12/10/2019 11:00,0.9,0.295815695
12/10/2019 12:00,0.9,0.295815695
12/10/2019 13:00,0.9,0.295815695
12/10/2019 14:00,0.9,0.295815695
12/10/2019 15:00,0.861810936,0.283263556
12/10/2019 16:00,0.890503811,0.292694448
12/10/2019 17:00,0.887340668,0.291654773
12/10/2019 18:00,0.863401388,0.283786313
12/10/2019 19:00,0.9,0.295815695
12/10/2019 20:00,0.9,0.295815695
12/10/2019 21:00,0.9,0.295815695
12/10/2019 22:00,0.9,0.295815695
12/10/2019 23:00,0.9,0.295815695
12/11/2019 00:00,0.9,0.295815695
12/11/2019 01:00,0.9,0.295815695
12/11/2019 02:00,0.9,0.295815695
12/11/2019 03:00,0.9,0.295815695
12/11/2019 04:00,0.9,0.295815695
12/11/2019 05:00,0.9,0.295815695
12/11/2019 06:00,0.9,0.295815695
12/11/2019 07:00,0.9,0.295815695
12/11/2019 08:00,0.9,0.295815695
12/11/2019 09:00,0.9,0.295815695
12/11/2019 10:00,0.9,0.295815695
12/11/2019 11:00,0.9,0.295815695
12/11/2019 12:00,0.9,0.295815695
12/11/2019 13:00,0.9,0.295815695
12/11/2019 14:00,0.9,0.295815695
12/11/2019 15:00,0.9,0.295815695
12/11/2019 16:00,0.9,0.295815695
12/11/2019 17:00,0.9,0.295815695
12/11/2019 18:00,0.9,0.295815695
12/11/2019 19:00,0.9,0.295815695
12/11/2019 20:00,0.9,0.295815695
12/11/2019 21:00,0.9,0.295815695
12/11/2019 22:00,0.9,0.295815695
12/11/2019 23:00,0.9,0.295815695
12/12/2019 00:00,0.9,0.295815695
12/12/2019 01:00,0.9,0.295815695
12/12/2019 02:00,0.9,0.295815695
12/12/2019 03:00,0.9,0.295815695
12/12/2019 04:00,0.894852692,0.294123856
12/12/2019 05:00,0.837090985,0.275138502
12/12/2019 06:00,0.784659154,0.257904992
12/12/2019 07:00,0.731211206,0.240337501
12/12/2019 08:00,0.678374833,0.222971025
12/12/2019 09:00,0.610293155,0.20059366
12/12/2019 10:00,0.50417498,0.165714302
12/12/2019 11:00,0.430508745,0.141501382
12/12/2019 12:00,0.365703351,0.120200879
12/12/2019 13:00,0.310176534,0.101950097
12/12/2019 14:00,0.235762028,0.077491231
12/12/2019 15:00,0.135640256,0.044582796
12/12/2019 16:00,0.085883796,0.028228639
12/12/2019 17:00,0.109343204,0.035939373
12/12/2019 18:00,0.147655159,0.048531904
12/12/2019 19:00,0.151153698,0.049681818
12/12/2019 20:00,0.128624034,0.042276676
12/12/2019 21:00,0.096631516,0.031761243
12/12/2019 22:00,0.106628476,0.035047085
12/12/2019 23:00,0.179784924,0.059092447
12/13/2019 0:00,0.218947853,0.071964679
12/13/2019 1:00,0.238234894,0.078304023
12/13/2019 2:00,0.275931957,0.090694448
12/13/2019 3:00,0.307325372,0.101012965
12/13/2019 4:00,0.327486909,0.107639742
12/13/2019 5:00,0.384023501,0.126222421
12/13/2019 6:00,0.448788595,0.147509678
12/13/2019 7:00,0.500470703,0.164496765
12/13/2019 8:00,0.534632029,0.17572505
12/13/2019 9:00,0.538545673,0.177011402
12/13/2019 10:00,0.511380837,0.168082753
12/13/2019 11:00,0.519214575,0.170657578
12/13/2019 12:00,0.493033144,0.162052158
12/13/2019 13:00,0.428134198,0.140720906
12/13/2019 14:00,0.32546765,0.106976043
12/13/2019 15:00,0.230955613,0.075911439
12/13/2019 16:00,0.148139829,0.048691207
12/13/2019 17:00,0.13466527,0.044262334
12/13/2019 18:00,0.134890763,0.04433645
12/13/2019 19:00,0.087259226,0.028680721
12/13/2019 20:00,0.061332625,0.020159059
12/13/2019 21:00,0.032196578,0.010582504
12/13/2019 22:00,0.111387135,0.036611181
12/13/2019 23:00,0.057411545,0.018870262
12/14/2019 0:00,0.095301398,0.031324055
12/14/2019 1:00,0.126084089,0.041441836
12/14/2019 2:00,0.176591378,0.058042779
12/14/2019 3:00,0.196159071,0.064474369
12/14/2019 4:00,0.178557452,0.058688996
12/14/2019 5:00,0.142532667,0.046848222
12/14/2019 6:00,0.158697162,0.052161235
12/14/2019 7:00,0.265754487,0.087349276
12/14/2019 8:00,0.409322541,0.134537813
12/14/2019 9:00,0.509732614,0.167541008
12/14/2019 10:00,0.594596382,0.19543438
12/14/2019 11:00,0.594086198,0.19526669
12/14/2019 12:00,0.608941013,0.200149232
12/14/2019 13:00,0.600470569,0.197365132
12/14/2019 14:00,0.594829939,0.195511146
12/14/2019 15:00,0.587032996,0.192948415
12/14/2019 16:00,0.546022469,0.179468907
12/14/2019 17:00,0.512137813,0.168331559
12/14/2019 18:00,0.468528055,0.153997724
12/14/2019 19:00,0.41031071,0.134862608
12/14/2019 20:00,0.363911748,0.119612007
12/14/2019 21:00,0.33211899,0.109162233
12/14/2019 22:00,0.238221625,0.078299662
12/14/2019 23:00,0.187990591,0.061789519
12/15/2019 0:00,0.127823714,0.042013623
12/15/2019 1:00,0.124091544,0.040786918
12/15/2019 2:00,0.157782126,0.051860477
12/15/2019 3:00,0.217975357,0.071645035
12/15/2019 4:00,0.254511023,0.083653728
12/15/2019 5:00,0.282825118,0.092960121
12/15/2019 6:00,0.294149298,0.096682199
12/15/2019 7:00,0.305704039,0.100480058
12/15/2019 8:00,0.316049261,0.103880369
12/15/2019 9:00,0.337459253,0.110917493
12/15/2019 10:00,0.260937057,0.085765863
12/15/2019 11:00,0.302682647,0.099486975
12/15/2019 12:00,0.378405415,0.124375845
12/15/2019 13:00,0.411750368,0.135335801
12/15/2019 14:00,0.428135667,0.140721389
12/15/2019 15:00,0.388515737,0.127698947
12/15/2019 16:00,0.358265308,0.117756112
12/15/2019 17:00,0.32590753,0.107120625
12/15/2019 18:00,0.329470039,0.108291565
12/15/2019 19:00,0.36839564,0.121085791
12/15/2019 20:00,0.398419122,0.130954032
12/15/2019 21:00,0.379213113,0.124641323
12/15/2019 22:00,0.393812042,0.129439759
12/15/2019 23:00,0.368674907,0.121177582
12/16/2019 0:00,0.357372083,0.117462523
12/16/2019 1:00,0.352568337,0.115883608
12/16/2019 2:00,0.312830328,0.102822356
12/16/2019 3:00,0.278755281,0.09162243
12/16/2019 4:00,0.231813457,0.076193399
12/16/2019 5:00,0.1455841,0.047851179
12/16/2019 6:00,0.121676307,0.039993068
12/16/2019 7:00,0.150992702,0.049628901
12/16/2019 8:00,0.153812038,0.050555572
12/16/2019 9:00,0.153440115,0.050433327
12/16/2019 10:00,0.162474513,0.05340279
12/16/2019 11:00,0.146142041,0.048034566
12/16/2019 12:00,0.128237081,0.04214949
12/16/2019 13:00,0.153512113,0.050456992
12/16/2019 14:00,0.123966373,0.040745776
12/16/2019 15:00,0.091394784,0.030040013
12/16/2019 16:00,0.087420027,0.028733573
12/16/2019 17:00,0.091233867,0.029987122
12/16/2019 18:00,0.077640944,0.025519344
12/16/2019 19:00,0.065780168,0.021620896
12/16/2019 20:00,0.034763329,0.011426154
12/16/2019 21:00,0,0
12/16/2019 22:00,0.061696517,0.020278664
12/16/2019 23:00,0.088556697,0.029107179
12/17/2019 0:00,0.095557035,0.031408078
12/17/2019 1:00,0.117048794,0.038472078
12/17/2019 2:00,0.12523132,0.041161544
12/17/2019 3:00,0.083011725,0.027284634
12/17/2019 4:00,0.002846737,0.000935677
12/17/2019 5:00,0,0
12/17/2019 6:00,0,0
12/17/2019 7:00,0,0
12/17/2019 8:00,0,0
12/17/2019 9:00,0,0
12/17/2019 10:00,0,0
12/17/2019 11:00,0,0
12/17/2019 12:00,0,0
12/17/2019 13:00,0,0
12/17/2019 14:00,0,0
12/17/2019 15:00,0,0
12/17/2019 16:00,0,0
12/17/2019 17:00,0,0
12/17/2019 18:00,0,0
12/17/2019 19:00,0,0
12/17/2019 20:00,0,0
12/17/2019 21:00,0.034249631,0.011257309
12/17/2019 22:00,0.035980748,0.0118263
12/17/2019 23:00,0.088182812,0.028984289
12/18/2019 0:00,0.213818583,0.07027877
12/18/2019 1:00,0.29722735,0.097693906
12/18/2019 2:00,0.28383234,0.093291179
12/18/2019 3:00,0.266770594,0.087683254
12/18/2019 4:00,0.279151635,0.091752705
12/18/2019 5:00,0.292646527,0.096188262
12/18/2019 6:00,0.303232196,0.099667603
12/18/2019 7:00,0.31779509,0.104454195
12/18/2019 8:00,0.327192436,0.107542953
12/18/2019 9:00,0.305355404,0.100365468
12/18/2019 10:00,0.304900301,0.100215883
12/18/2019 11:00,0.303309573,0.099693035
12/18/2019 12:00,0.315667863,0.103755009
12/18/2019 13:00,0.230391263,0.075725946
12/18/2019 14:00,0.196289224,0.064517148
12/18/2019 15:00,0.227799577,0.0748741
12/18/2019 16:00,0.328220461,0.107880849
12/18/2019 17:00,0.467471257,0.153650372
12/18/2019 18:00,0.50063558,0.164550958
12/18/2019 19:00,0.545107964,0.179168323
12/18/2019 20:00,0.689079427,0.226489455
12/18/2019 21:00,0.751171571,0.246898156
12/18/2019 22:00,0.818506695,0.26903014
12/18/2019 23:00,0.9,0.295815695
12/19/2019 0:00,0.9,0.295815695
12/19/2019 1:00,0.9,0.295815695
12/19/2019 2:00,0.9,0.295815695
12/19/2019 3:00,0.9,0.295815695
12/19/2019 4:00,0.9,0.295815695
12/19/2019 5:00,0.9,0.295815695
12/19/2019 6:00,0.828234499,0.272227515
12/19/2019 7:00,0.739023824,0.242905384
12/19/2019 8:00,0.627740062,0.206328181
12/19/2019 9:00,0.540079759,0.177515632
12/19/2019 10:00,0.516459605,0.169752063
12/19/2019 11:00,0.534493293,0.17567945
12/19/2019 12:00,0.435880891,0.14326712
12/19/2019 13:00,0.420992609,0.138373579
12/19/2019 14:00,0.426411643,0.140154729
12/19/2019 15:00,0.380895473,0.125194288
12/19/2019 16:00,0.250485907,0.082330736
12/19/2019 17:00,0.295048112,0.096977625
12/19/2019 18:00,0.302664733,0.099481087
12/19/2019 19:00,0.2460816,0.08088311
12/19/2019 20:00,0.249031204,0.081852598
12/19/2019 21:00,0.405615692,0.133319431
12/19/2019 22:00,0.446276293,0.146683924
12/19/2019 23:00,0.509175404,0.167357862
12/20/2019 0:00,0.596598935,0.196092587
12/20/2019 1:00,0.735430795,0.241724413
12/20/2019 2:00,0.801870225,0.263561997
12/20/2019 3:00,0.842390066,0.276880225
12/20/2019 4:00,0.765441851,0.25158857
12/20/2019 5:00,0.744078429,0.244566753
12/20/2019 6:00,0.706659057,0.2322676
12/20/2019 7:00,0.705809237,0.231988278
12/20/2019 8:00,0.698249802,0.229503611
12/20/2019 9:00,0.670082208,0.220245371
12/20/2019 10:00,0.635600236,0.208911695
12/20/2019 11:00,0.640315075,0.210461388
12/20/2019 12:00,0.577369469,0.189772167
12/20/2019 13:00,0.523459026,0.172052662
12/20/2019 14:00,0.491908921,0.161682644
12/20/2019 15:00,0.430346933,0.141448197
12/20/2019 16:00,0.347714831,0.114288338
12/20/2019 17:00,0.228180173,0.074999196
12/20/2019 18:00,0.147433011,0.048458887
12/20/2019 19:00,0.024066673,0.007910333
12/20/2019 20:00,0,0
12/20/2019 21:00,0,0
12/20/2019 22:00,0,0
12/20/2019 23:00,0.090161593,0.029634683
12/21/2019 0:00,0.171626986,0.056411062
12/21/2019 1:00,0.22351779,0.073466745
12/21/2019 2:00,0.304730726,0.100160146
12/21/2019 3:00,0.443311046,0.145709294
12/21/2019 4:00,0.551534083,0.181280487
12/21/2019 5:00,0.622566885,0.204627839
12/21/2019 6:00,0.634113094,0.208422895
12/21/2019 7:00,0.634628374,0.208592259
12/21/2019 8:00,0.635823493,0.208985076
12/21/2019 9:00,0.661247667,0.217341598
12/21/2019 10:00,0.636545407,0.209222357
12/21/2019 11:00,0.631815505,0.207667714
12/21/2019 12:00,0.594665647,0.195457146
12/21/2019 13:00,0.545420693,0.179271113
12/21/2019 14:00,0.482362607,0.158544922
12/21/2019 15:00,0.452268305,0.148653403
12/21/2019 16:00,0.457809126,0.150474583
12/21/2019 17:00,0.425594862,0.139886266
12/21/2019 18:00,0.379409755,0.124705956
12/21/2019 19:00,0.345512737,0.113564545
12/21/2019 20:00,0.33910813,0.111459452
12/21/2019 21:00,0.329624677,0.108342392
12/21/2019 22:00,0.310295708,0.101989267
12/21/2019 23:00,0.277398614,0.091176515
12/22/2019 0:00,0.241881326,0.079502547
12/22/2019 1:00,0.201275829,0.066156166
12/22/2019 2:00,0.169044641,0.055562287
12/22/2019 3:00,0.141415799,0.046481125
12/22/2019 4:00,0.111099257,0.03651656
12/22/2019 5:00,0.081665515,0.026842157
12/22/2019 6:00,0.038765419,0.012741577
12/22/2019 7:00,0.010006307,0.003288914
12/22/2019 8:00,0,0
12/22/2019 9:00,0,0
12/22/2019 10:00,0,0
12/22/2019 11:00,0,0
12/22/2019 12:00,0.035413371,0.011639812
12/22/2019 13:00,0.06403646,0.021047766
12/22/2019 14:00,0.090070097,0.029604609
12/22/2019 15:00,0.103830008,0.034127273
12/22/2019 16:00,0.092138311,0.030284398
12/22/2019 17:00,0.069384527,0.022805591
12/22/2019 18:00,0.038994318,0.012816813
12/22/2019 19:00,0.027509359,0.009041889
12/22/2019 20:00,0.02020386,0.006640688
12/22/2019 21:00,0.015682989,0.005154749
12/22/2019 22:00,0.005957787,0.00195823
12/22/2019 23:00,0,0
12/23/2019 0:00,0,0
12/23/2019 1:00,0,0
12/23/2019 2:00,0.00999964,0.003286723
12/23/2019 3:00,0.003575509,0.001175213
12/23/2019 4:00,0.023840286,0.007835923
12/23/2019 5:00,0.062750521,0.020625099
12/23/2019 6:00,0.053863886,0.017704203
12/23/2019 7:00,0.023254189,0.007643282
12/23/2019 8:00,0,0
12/23/2019 9:00,0,0
12/23/2019 10:00,0,0
12/23/2019 11:00,0,0
12/23/2019 12:00,0,0
12/23/2019 13:00,0,0
12/23/2019 14:00,0,0
12/23/2019 15:00,0,0
12/23/2019 16:00,0,0
12/23/2019 17:00,0,0
12/23/2019 18:00,0,0
12/23/2019 19:00,0,0
12/23/2019 20:00,0,0
12/23/2019 21:00,0,0
12/23/2019 22:00,0,0
12/23/2019 23:00,0,0
12/24/2019 0:00,0,0
12/24/2019 1:00,0,0
12/24/2019 2:00,0,0
12/24/2019 3:00,0,0
12/24/2019 4:00,0,0
12/24/2019 5:00,0,0
12/24/2019 6:00,0,0
12/24/2019 7:00,0,0
12/24/2019 8:00,0,0
12/24/2019 9:00,0,0
12/24/2019 10:00,0,0
12/24/2019 11:00,0,0
12/24/2019 12:00,0,0
12/24/2019 13:00,0,0
12/24/2019 14:00,0,0
12/24/2019 15:00,0.001623233,0.000533531
12/24/2019 16:00,0,0
12/24/2019 17:00,0,0
12/24/2019 18:00,0,0
12/24/2019 19:00,0,0
12/24/2019 20:00,0.035823215,0.011774521
12/24/2019 21:00,0.077609835,0.025509119
12/24/2019 22:00,0.055386581,0.018204689
12/24/2019 23:00,0.076524461,0.025152374
12/25/2019 0:00,0.095583496,0.031416776
12/25/2019 1:00,0.130413405,0.042864813
12/25/2019 2:00,0.171404881,0.05633806
12/25/2019 3:00,0.185472541,0.060961876
12/25/2019 4:00,0.197371628,0.064872917
12/25/2019 5:00,0.226081751,0.074309478
12/25/2019 6:00,0.247739746,0.081428117
12/25/2019 7:00,0.247120294,0.081224513
12/25/2019 8:00,0.233477597,0.076740375
12/25/2019 9:00,0.227068302,0.074633742
12/25/2019 10:00,0.163461894,0.053727326
12/25/2019 11:00,0.146852494,0.04826808
12/25/2019 12:00,0.143456826,0.047151978
12/25/2019 13:00,0.164263894,0.053990931
12/25/2019 14:00,0.160742215,0.052833411
12/25/2019 15:00,0.137789222,0.045289127
12/25/2019 16:00,0.097107062,0.031917548
12/25/2019 17:00,0.045166778,0.014845602
12/25/2019 18:00,0.003273572,0.001075971
12/25/2019 19:00,0,0
12/25/2019 20:00,0,0
12/25/2019 21:00,0,0
12/25/2019 22:00,0,0
12/25/2019 23:00,0,0
12/26/2019 0:00,0,0
12/26/2019 1:00,0,0
12/26/2019 2:00,0.019413481,0.006380903
12/26/2019 3:00,0.05391643,0.017721474
12/26/2019 4:00,0.11822978,0.03886025
12/26/2019 5:00,0.188601995,0.061990478
12/26/2019 6:00,0.275295997,0.090485418
12/26/2019 7:00,0.34740537,0.114186623
12/26/2019 8:00,0.401678909,0.132025473
12/26/2019 9:00,0.440710476,0.144854528
12/26/2019 10:00,0.471492437,0.15497207
12/26/2019 11:00,0.488507176,0.160564544
12/26/2019 12:00,0.491370763,0.16150576
12/26/2019 13:00,0.50276402,0.165250542
12/26/2019 14:00,0.504796591,0.165918616
12/26/2019 15:00,0.55491655,0.18239225
12/26/2019 16:00,0.596882456,0.196185776
12/26/2019 17:00,0.591860226,0.194535049
12/26/2019 18:00,0.605202398,0.198920409
12/26/2019 19:00,0.62225505,0.204525344
12/26/2019 20:00,0.633066416,0.208078869
12/26/2019 21:00,0.637479713,0.209529449
12/26/2019 22:00,0.638017025,0.209706055
12/26/2019 23:00,0.710318046,0.233470251
12/27/2019 0:00,0.727137348,0.238998488
12/27/2019 1:00,0.692324448,0.227556042
12/27/2019 2:00,0.754193573,0.24789144
12/27/2019 3:00,0.793688601,0.260872828
12/27/2019 4:00,0.822977423,0.270499598
12/27/2019 5:00,0.9,0.295815695
12/27/2019 6:00,0.9,0.295815695
12/27/2019 7:00,0.9,0.295815695
12/27/2019 8:00,0.9,0.295815695
12/27/2019 9:00,0.9,0.295815695
12/27/2019 10:00,0.9,0.295815695
12/27/2019 11:00,0.9,0.295815695
12/27/2019 12:00,0.9,0.295815695
12/27/2019 13:00,0.9,0.295815695
12/27/2019 14:00,0.9,0.295815695
12/27/2019 15:00,0.9,0.295815695
12/27/2019 16:00,0.9,0.295815695
12/27/2019 17:00,0.895653016,0.29438691
12/27/2019 18:00,0.848170109,0.278780033
12/27/2019 19:00,0.765621862,0.251647736
12/27/2019 20:00,0.693210761,0.227847359
12/27/2019 21:00,0.626396358,0.205886527
12/27/2019 22:00,0.525916819,0.172860499
12/27/2019 23:00,0.467353738,0.153611745
12/28/2019 0:00,0.503400232,0.165459655
12/28/2019 1:00,0.542008843,0.178149692
12/28/2019 2:00,0.545344078,0.17924593
12/28/2019 3:00,0.558900149,0.183701595
12/28/2019 4:00,0.525355997,0.172676166
12/28/2019 5:00,0.509741354,0.167543881
12/28/2019 6:00,0.568896673,0.186987294
12/28/2019 7:00,0.702753978,0.230984062
12/28/2019 8:00,0.72494505,0.238277915
12/28/2019 9:00,0.676509804,0.222358019
12/28/2019 10:00,0.705602694,0.23192039
12/28/2019 11:00,0.659436815,0.2167464
12/28/2019 12:00,0.636532161,0.209218004
12/28/2019 13:00,0.618882125,0.203416717
12/28/2019 14:00,0.613999915,0.201812013
12/28/2019 15:00,0.598653166,0.19676778
12/28/2019 16:00,0.570817418,0.187618612
12/28/2019 17:00,0.55540424,0.182552546
12/28/2019 18:00,0.575548089,0.189173508
12/28/2019 19:00,0.613676677,0.201705769
12/28/2019 20:00,0.632415489,0.207864919
12/28/2019 21:00,0.641832681,0.210960201
12/28/2019 22:00,0.655780784,0.21554472
12/28/2019 23:00,0.73728923,0.242335251
12/29/2019 0:00,0.717351812,0.235782138
12/29/2019 1:00,0.782029147,0.25704055
12/29/2019 2:00,0.9,0.295815695
12/29/2019 3:00,0.9,0.295815695
12/29/2019 4:00,0.9,0.295815695
12/29/2019 5:00,0.9,0.295815695
12/29/2019 6:00,0.9,0.295815695
12/29/2019 7:00,0.884048888,0.290572818
12/29/2019 8:00,0.859279072,0.282431373
12/29/2019 9:00,0.834036632,0.274134584
12/29/2019 10:00,0.805169741,0.264646496
12/29/2019 11:00,0.778536881,0.255892698
12/29/2019 12:00,0.764399031,0.251245811
12/29/2019 13:00,0.737927603,0.242545074
12/29/2019 14:00,0.715025678,0.235017575
12/29/2019 15:00,0.68334851,0.224605794
12/29/2019 16:00,0.633563797,0.20824235
12/29/2019 17:00,0.606846663,0.199460852
12/29/2019 18:00,0.599107377,0.196917072
12/29/2019 19:00,0.625748003,0.205673423
12/29/2019 20:00,0.648181779,0.213047048
12/29/2019 21:00,0.687492398,0.225967824
12/29/2019 22:00,0.68891801,0.2264364
12/29/2019 23:00,0.690029166,0.226801619
12/30/2019 0:00,0.75992782,0.249776195
12/30/2019 1:00,0.786657484,0.258561811
12/30/2019 2:00,0.777970012,0.255706377
12/30/2019 3:00,0.779204961,0.256112285
12/30/2019 4:00,0.774334344,0.254511391
12/30/2019 5:00,0.759873824,0.249758448
12/30/2019 6:00,0.717510699,0.235834362
12/30/2019 7:00,0.697877935,0.229381385
12/30/2019 8:00,0.717279998,0.235758534
12/30/2019 9:00,0.725907655,0.238594308
12/30/2019 10:00,0.739379539,0.243022302
12/30/2019 11:00,0.776682859,0.25528331
12/30/2019 12:00,0.802823676,0.263875382
12/30/2019 13:00,0.893610846,0.293715681
12/30/2019 14:00,0.9,0.295815695
12/30/2019 15:00,0.9,0.295815695
12/30/2019 16:00,0.9,0.295815695
12/30/2019 17:00,0.9,0.295815695
12/30/2019 18:00,0.9,0.295815695
12/30/2019 19:00,0.891821202,0.293127454
12/30/2019 20:00,0.793777698,0.260902112
12/30/2019 21:00,0.75074222,0.246757035
12/30/2019 22:00,0.698995185,0.229748607
12/30/2019 23:00,0.597516584,0.196394204
12/31/2019 0:00,0.569162592,0.187074697
12/31/2019 1:00,0.55785603,0.18335841
12/31/2019 2:00,0.454751598,0.149469622
12/31/2019 3:00,0.446051371,0.146609996
12/31/2019 4:00,0.373715143,0.122834227
12/31/2019 5:00,0.357832108,0.117613726
12/31/2019 6:00,0.268116686,0.088125693
12/31/2019 7:00,0.257200598,0.084537748
12/31/2019 8:00,0.313846017,0.103156197
12/31/2019 9:00,0.378418094,0.124380013
12/31/2019 10:00,0.424542521,0.139540378
12/31/2019 11:00,0.442509771,0.145445928
12/31/2019 12:00,0.479007677,0.15744221
12/31/2019 13:00,0.47681326,0.15672094
12/31/2019 14:00,0.478273134,0.157200777
12/31/2019 15:00,0.490701233,0.161285696
12/31/2019 16:00,0.49592391,0.163002307
12/31/2019 17:00,0.477637011,0.156991693
12/31/2019 18:00,0.447464406,0.147074438
12/31/2019 19:00,0.450564141,0.148093272
12/31/2019 20:00,0.474306334,0.155896953
12/31/2019 21:00,0.490212306,0.161124993
12/31/2019 22:00,0.394837093,0.129776677
12/31/2019 23:00,0.41914507,0.137766322
