DateTime,ActivePower,ReactivePower
01/01/2019 00:00,0.91,0.299102536
01/01/2019 01:00,0.91,0.299102536
01/01/2019 02:00,0.91,0.299102536
01/01/2019 03:00,0.91,0.299102536
01/01/2019 04:00,0.91,0.299102536
01/01/2019 05:00,0.91,0.299102536
01/01/2019 06:00,0.91,0.299102536
01/01/2019 07:00,0.91,0.299102536
01/01/2019 08:00,0.91,0.299102536
01/01/2019 09:00,0.908624297,0.298650364
01/01/2019 10:00,0.905673464,0.297680472
01/01/2019 11:00,0.893242207,0.293594515
01/01/2019 12:00,0.871267256,0.286371698
01/01/2019 13:00,0.865838269,0.284587277
01/01/2019 14:00,0.844655161,0.277624726
01/01/2019 15:00,0.814504287,0.267714613
01/01/2019 16:00,0.761072481,0.250152427
01/01/2019 17:00,0.683593777,0.224686409
01/01/2019 18:00,0.603603777,0.198394967
01/01/2019 19:00,0.537536906,0.176679837
01/01/2019 20:00,0.481825521,0.15836839
01/01/2019 21:00,0.413830887,0.136019635
01/01/2019 22:00,0.356904713,0.117308906
01/01/2019 23:00,0.271907344,0.089371622
01/02/2019 00:00,0.204081383,0.067078307
01/02/2019 01:00,0.155537112,0.051122576
01/02/2019 02:00,0.127147038,0.04179121
01/02/2019 03:00,0.112397405,0.03694324
01/02/2019 04:00,0.095004931,0.031226611
01/02/2019 05:00,0.077042753,0.025322728
01/02/2019 06:00,0.052821565,0.017361609
01/02/2019 07:00,0.041535355,0.013652011
01/02/2019 08:00,0.03351708,0.011016531
01/02/2019 09:00,0.025736942,0.008459324
01/02/2019 10:00,0.025536772,0.008393531
01/02/2019 11:00,0.032296557,0.010615365
01/02/2019 12:00,0.04538118,0.014916073
01/02/2019 13:00,0.049449714,0.016253335
01/02/2019 14:00,0.046414899,0.01525584
01/02/2019 15:00,0.041116053,0.013514193
01/02/2019 16:00,0.0397516,0.013065719
01/02/2019 17:00,0.030048862,0.009876583
01/02/2019 18:00,0.031924914,0.010493212
01/02/2019 19:00,0.042896608,0.014099433
01/02/2019 20:00,0.049831268,0.016378746
01/02/2019 21:00,0.04819206,0.015839964
01/02/2019 22:00,0.023308434,0.007661112
01/02/2019 23:00,0.030164406,0.009914561
01/03/2019 00:00,0.034694579,0.011403557
01/03/2019 01:00,0.030424747,0.010000131
01/03/2019 02:00,0.017860579,0.005870488
01/03/2019 03:00,0.01699977,0.005587554
01/03/2019 04:00,0.016962357,0.005575257
01/03/2019 05:00,0.026797487,0.008807908
01/03/2019 06:00,0.047159953,0.015500727
01/03/2019 07:00,0.074203856,0.024389628
01/03/2019 08:00,0.085994083,0.028264888
01/03/2019 09:00,0.098790805,0.032470967
01/03/2019 10:00,0.110136108,0.036199988
01/03/2019 11:00,0.116460286,0.038278645
01/03/2019 12:00,0.123511853,0.040596383
01/03/2019 13:00,0.12490548,0.041054446
01/03/2019 14:00,0.119020401,0.039120114
01/03/2019 15:00,0.108379547,0.035622634
01/03/2019 16:00,0.097918977,0.032184411
01/03/2019 17:00,0.100854425,0.033149247
01/03/2019 18:00,0.121638,0.039980477
01/03/2019 19:00,0.170698634,0.056105928
01/03/2019 20:00,0.2275293,0.074785264
01/03/2019 21:00,0.26573086,0.08734151
01/03/2019 22:00,0.304843329,0.100197157
01/03/2019 23:00,0.297233744,0.097696007
01/04/2019 00:00,0.318236459,0.104599266
01/04/2019 01:00,0.302126077,0.099304039
01/04/2019 02:00,0.312489126,0.102710209
01/04/2019 03:00,0.328362578,0.10792756
01/04/2019 04:00,0.380513302,0.125068674
01/04/2019 05:00,0.446821724,0.146863199
01/04/2019 06:00,0.550465379,0.180929221
01/04/2019 07:00,0.591046105,0.19426746
01/04/2019 08:00,0.623774283,0.205024692
01/04/2019 09:00,0.642413709,0.211151175
01/04/2019 10:00,0.655426838,0.215428384
01/04/2019 11:00,0.722950902,0.23762247
01/04/2019 12:00,0.747634651,0.245735626
01/04/2019 13:00,0.746033146,0.245209237
01/04/2019 14:00,0.670468979,0.220372496
01/04/2019 15:00,0.601428718,0.19768006
01/04/2019 16:00,0.585328,0.19238801
01/04/2019 17:00,0.606102516,0.199216263
01/04/2019 18:00,0.583285725,0.191716747
01/04/2019 19:00,0.62309056,0.204799963
01/04/2019 20:00,0.605882286,0.199143877
01/04/2019 21:00,0.553050319,0.181778849
01/04/2019 22:00,0.591923258,0.194555766
01/04/2019 23:00,0.550105498,0.180810933
01/05/2019 00:00,0.50547207,0.166140635
01/05/2019 01:00,0.451555707,0.148419183
01/05/2019 02:00,0.448417238,0.147387619
01/05/2019 03:00,0.438928461,0.144268808
01/05/2019 04:00,0.427877373,0.140636491
01/05/2019 05:00,0.360988809,0.118651284
01/05/2019 06:00,0.33730972,0.110868343
01/05/2019 07:00,0.335138942,0.110154843
01/05/2019 08:00,0.313280338,0.102970267
01/05/2019 09:00,0.304339587,0.100031585
01/05/2019 10:00,0.273204703,0.089798043
01/05/2019 11:00,0.297366338,0.097739589
01/05/2019 12:00,0.281318805,0.09246502
01/05/2019 13:00,0.247841906,0.081461695
01/05/2019 14:00,0.239565069,0.07874123
01/05/2019 15:00,0.238804983,0.078491402
01/05/2019 16:00,0.24524235,0.080607262
01/05/2019 17:00,0.201078579,0.066091333
01/05/2019 18:00,0.182858704,0.06010275
01/05/2019 19:00,0.183049797,0.060165559
01/05/2019 20:00,0.153819018,0.050557866
01/05/2019 21:00,0.176555549,0.058031003
01/05/2019 22:00,0.201457524,0.066215886
01/05/2019 23:00,0.215257709,0.070751788
01/06/2019 00:00,0.255277572,0.08390568
01/06/2019 01:00,0.333868215,0.109737176
01/06/2019 02:00,0.435857102,0.143259302
01/06/2019 03:00,0.453835477,0.149168508
01/06/2019 04:00,0.487756679,0.160317868
01/06/2019 05:00,0.390615193,0.128389005
01/06/2019 06:00,0.371634907,0.122150487
01/06/2019 07:00,0.292224768,0.096049636
01/06/2019 08:00,0.207015466,0.068042693
01/06/2019 09:00,0.152122753,0.050000331
01/06/2019 10:00,0.14606207,0.048008281
01/06/2019 11:00,0.107453345,0.035318206
01/06/2019 12:00,0.085623792,0.028143179
01/06/2019 13:00,0.087866303,0.028880257
01/06/2019 14:00,0.057602355,0.018932978
01/06/2019 15:00,0.02247113,0.007385903
01/06/2019 16:00,0.013146422,0.00432102
01/06/2019 17:00,0,0
01/06/2019 18:00,0,0
01/06/2019 19:00,0,0
01/06/2019 20:00,0.001450632,0.0004768
01/06/2019 21:00,0.041605896,0.013675197
01/06/2019 22:00,0.154212752,0.05068728
01/06/2019 23:00,0.456209675,0.149948869
01/07/2019 00:00,0.645084172,0.212028914
01/07/2019 01:00,0.722637931,0.237519602
01/07/2019 02:00,0.742738951,0.244126487
01/07/2019 03:00,0.782621083,0.25723511
01/07/2019 04:00,0.780771537,0.256627194
01/07/2019 05:00,0.800279033,0.263038998
01/07/2019 06:00,0.869831069,0.285899647
01/07/2019 07:00,0.885277788,0.290976738
01/07/2019 08:00,0.91,0.299102536
01/07/2019 09:00,0.91,0.299102536
01/07/2019 10:00,0.91,0.299102536
01/07/2019 11:00,0.91,0.299102536
01/07/2019 12:00,0.91,0.299102536
01/07/2019 13:00,0,0
01/07/2019 14:00,0.91,0.299102536
01/07/2019 15:00,0,0
01/07/2019 16:00,0,0
01/07/2019 17:00,0,0
01/07/2019 18:00,0,0
01/07/2019 19:00,0,0
01/07/2019 20:00,0.91,0.299102536
01/07/2019 21:00,0.91,0.299102536
01/07/2019 22:00,0.91,0.299102536
01/07/2019 23:00,0.91,0.299102536
01/08/2019 00:00,0.91,0.299102536
01/08/2019 01:00,0.91,0.299102536
01/08/2019 02:00,0.91,0.299102536
01/08/2019 03:00,0.91,0.299102536
01/08/2019 04:00,0.91,0.299102536
01/08/2019 05:00,0.91,0.299102536
01/08/2019 06:00,0.908727985,0.298684445
01/08/2019 07:00,0.905252037,0.297541956
01/08/2019 08:00,0.906177347,0.29784609
01/08/2019 09:00,0.898675302,0.295380287
01/08/2019 10:00,0.894232912,0.293920145
01/08/2019 11:00,0.895186687,0.294233635
01/08/2019 12:00,0.90289914,0.296768596
01/08/2019 13:00,0.899218591,0.295558858
01/08/2019 14:00,0.873188443,0.287003162
01/08/2019 15:00,0.845277025,0.277829123
01/08/2019 16:00,0.791846778,0.26026745
01/08/2019 17:00,0.768604825,0.252628189
01/08/2019 18:00,0.730330198,0.240047927
01/08/2019 19:00,0.685063502,0.225169484
01/08/2019 20:00,0.628794013,0.206674597
01/08/2019 21:00,0.521704547,0.171475992
01/08/2019 22:00,0.487438569,0.16021331
01/08/2019 23:00,0.403399069,0.132590862
01/09/2019 00:00,0.338064522,0.111116435
01/09/2019 01:00,0.326330353,0.1072596
01/09/2019 02:00,0.308213485,0.101304873
01/09/2019 03:00,0.225402338,0.074086166
01/09/2019 04:00,0.164513409,0.054072943
01/09/2019 05:00,0.146982449,0.048310795
01/09/2019 06:00,0.12906274,0.042420871
01/09/2019 07:00,0.095756268,0.031473563
01/09/2019 08:00,0.061290633,0.020145257
01/09/2019 09:00,0.03091756,0.010162111
01/09/2019 10:00,0,0
01/09/2019 11:00,0,0
01/09/2019 12:00,0.004763073,0.001565547
01/09/2019 13:00,0.04864729,0.015989591
01/09/2019 14:00,0.132749296,0.043632584
01/09/2019 15:00,0.18316924,0.060204818
01/09/2019 16:00,0.169245342,0.055628254
01/09/2019 17:00,0.149734302,0.049215285
01/09/2019 18:00,0.180607208,0.059362718
01/09/2019 19:00,0.309316504,0.101667418
01/09/2019 20:00,0.452823827,0.148835995
01/09/2019 21:00,0.579974706,0.190628467
01/09/2019 22:00,0.59056368,0.194108895
01/09/2019 23:00,0.591148157,0.194301003
01/10/2019 00:00,0.654629402,0.215166279
01/10/2019 01:00,0.71938327,0.236449846
01/10/2019 02:00,0.74333418,0.24432213
01/10/2019 03:00,0.77440867,0.254535821
01/10/2019 04:00,0.762191095,0.250520098
01/10/2019 05:00,0.742516678,0.24405343
01/10/2019 06:00,0.753749666,0.247745535
01/10/2019 07:00,0.78768349,0.258899043
01/10/2019 08:00,0.787829008,0.258946873
01/10/2019 09:00,0.766715781,0.252007291
01/10/2019 10:00,0.742662889,0.244101487
01/10/2019 11:00,0.713877413,0.234640159
01/10/2019 12:00,0.716208661,0.235406403
01/10/2019 13:00,0.791450089,0.260137064
01/10/2019 14:00,0.851869944,0.27999611
01/10/2019 15:00,0.869173024,0.285683358
01/10/2019 16:00,0.881796826,0.289832601
01/10/2019 17:00,0.875110908,0.287635046
01/10/2019 18:00,0.862710486,0.283559224
01/10/2019 19:00,0.861005561,0.282998842
01/10/2019 20:00,0.861286176,0.283091076
01/10/2019 21:00,0.85967064,0.282560075
01/10/2019 22:00,0.877542675,0.288434329
01/10/2019 23:00,0.876525216,0.288099906
01/11/2019 00:00,0.872335305,0.286722749
01/11/2019 01:00,0.870692021,0.286182628
01/11/2019 02:00,0.86296379,0.283642481
01/11/2019 03:00,0.852156539,0.28009031
01/11/2019 04:00,0.831149639,0.273185675
01/11/2019 05:00,0.79230807,0.260419069
01/11/2019 06:00,0.692304951,0.227549633
01/11/2019 07:00,0.568522604,0.186864344
01/11/2019 08:00,0.472185376,0.155199828
01/11/2019 09:00,0.439941297,0.144601712
01/11/2019 10:00,0.544825234,0.179075395
01/11/2019 11:00,0.511879915,0.168246792
01/11/2019 12:00,0.524045478,0.172245419
01/11/2019 13:00,0.524173291,0.172287429
01/11/2019 14:00,0.498114585,0.163722347
01/11/2019 15:00,0.465520395,0.153009154
01/11/2019 16:00,0.479995798,0.157766989
01/11/2019 17:00,0.446891494,0.146886131
01/11/2019 18:00,0.388105244,0.127564025
01/11/2019 19:00,0.395757303,0.130079135
01/11/2019 20:00,0.341821119,0.112351169
01/11/2019 21:00,0.43133385,0.14177258
01/11/2019 22:00,0.643567328,0.211530351
01/11/2019 23:00,0.804470456,0.264416652
01/12/2019 00:00,0.91,0.299102536
01/12/2019 01:00,0.903260333,0.296887314
01/12/2019 02:00,0.904182084,0.297190279
01/12/2019 03:00,0.906148657,0.297836661
01/12/2019 04:00,0.905005942,0.297461068
01/12/2019 05:00,0.908960445,0.298760851
01/12/2019 06:00,0.91,0.299102536
01/12/2019 07:00,0.909288636,0.298868722
01/12/2019 08:00,0.906266681,0.297875453
01/12/2019 09:00,0.90833251,0.298554458
01/12/2019 10:00,0.908897144,0.298740044
01/12/2019 11:00,0.91,0.299102536
01/12/2019 12:00,0.91,0.299102536
01/12/2019 13:00,0.91,0.299102536
01/12/2019 14:00,0.905788319,0.297718223
01/12/2019 15:00,0.876884901,0.288218129
01/12/2019 16:00,0.818513839,0.269032489
01/12/2019 17:00,0.771623537,0.253620392
01/12/2019 18:00,0.751097256,0.246873729
01/12/2019 19:00,0.754718892,0.248064104
01/12/2019 20:00,0.896638116,0.294710697
01/12/2019 21:00,0.908924822,0.298749142
01/12/2019 22:00,0.907779399,0.298372659
01/12/2019 23:00,0.909965515,0.299091201
1/13/2019 0:00,0.91,0.299102536
1/13/2019 1:00,0.91,0.299102536
1/13/2019 2:00,0.91,0.299102536
1/13/2019 3:00,0.91,0.299102536
1/13/2019 4:00,0.91,0.299102536
1/13/2019 5:00,0.91,0.299102536
1/13/2019 6:00,0.91,0.299102536
1/13/2019 7:00,0.91,0.299102536
1/13/2019 8:00,0.91,0.299102536
1/13/2019 9:00,0.91,0.299102536
1/13/2019 10:00,0.91,0.299102536
1/13/2019 11:00,0.91,0.299102536
1/13/2019 12:00,0.91,0.299102536
1/13/2019 13:00,0.909210051,0.298842892
1/13/2019 14:00,0.863354905,0.283771034
1/13/2019 15:00,0.541907454,0.178116367
1/13/2019 16:00,0.181728348,0.059731219
1/13/2019 17:00,0.460625128,0.151400158
1/13/2019 18:00,0.68751565,0.225975466
1/13/2019 19:00,0.72402547,0.237975664
1/13/2019 20:00,0.639560272,0.210213296
1/13/2019 21:00,0.433030563,0.142330263
1/13/2019 22:00,0.626640584,0.2059668
1/13/2019 23:00,0.691465479,0.227273712
1/14/2019 0:00,0.686853687,0.22575789
1/14/2019 1:00,0.751867797,0.247126994
1/14/2019 2:00,0.804635799,0.264470998
1/14/2019 3:00,0.806261239,0.265005254
1/14/2019 4:00,0.784643472,0.257899837
1/14/2019 5:00,0.629248301,0.206823915
1/14/2019 6:00,0.405677538,0.133339758
1/14/2019 7:00,0.272080051,0.089428388
1/14/2019 8:00,0.236214583,0.077639979
1/14/2019 9:00,0.253699863,0.083387112
1/14/2019 10:00,0.219677883,0.072204628
1/14/2019 11:00,0.539274131,0.177250835
1/14/2019 12:00,0.727894767,0.23924744
1/14/2019 13:00,0.743556767,0.244395291
1/14/2019 14:00,0.788143563,0.259050262
1/14/2019 15:00,0.850907325,0.279679713
1/14/2019 16:00,0.755124683,0.248197481
1/14/2019 17:00,0.641358964,0.210804497
1/14/2019 18:00,0.387449393,0.127348457
1/14/2019 19:00,0.219635696,0.072190762
1/14/2019 20:00,0.176771202,0.058101884
1/14/2019 21:00,0.453733607,0.149135025
1/14/2019 22:00,0.821058095,0.269868745
1/14/2019 23:00,0.875039871,0.287611697
1/15/2019 0:00,0.896298524,0.294599078
1/15/2019 1:00,0.905928731,0.297764374
1/15/2019 2:00,0.908801324,0.29870855
1/15/2019 3:00,0.91,0.299102536
1/15/2019 4:00,0.909631564,0.298981437
1/15/2019 5:00,0.906012887,0.297792035
1/15/2019 6:00,0.890703227,0.292759993
1/15/2019 7:00,0.87792902,0.288561314
1/15/2019 8:00,0.862525668,0.283498477
1/15/2019 9:00,0.827471174,0.271976623
1/15/2019 10:00,0.753138498,0.247544653
1/15/2019 11:00,0.542557424,0.178330002
1/15/2019 12:00,0.323771332,0.106418491
1/15/2019 13:00,0.207961324,0.068353582
1/15/2019 14:00,0.094535042,0.031072166
1/15/2019 15:00,0.015304435,0.005030325
1/15/2019 16:00,0,0
1/15/2019 17:00,0.073910678,0.024293265
1/15/2019 18:00,0.176541482,0.058026379
1/15/2019 19:00,0.355438453,0.11682697
1/15/2019 20:00,0.680501149,0.223669911
1/15/2019 21:00,0.753974648,0.247819483
1/15/2019 22:00,0.854611462,0.280897204
1/15/2019 23:00,0.873368649,0.287062393
1/16/2019 0:00,0.892484102,0.293345339
1/16/2019 1:00,0.90808392,0.298472751
1/16/2019 2:00,0.906017257,0.297793471
1/16/2019 3:00,0.905190232,0.297521641
1/16/2019 4:00,0.882920102,0.290201804
1/16/2019 5:00,0.819401921,0.269324387
1/16/2019 6:00,0.576129188,0.189364507
1/16/2019 7:00,0.28646129,0.094155273
1/16/2019 8:00,0.110859536,0.036437767
1/16/2019 9:00,0.0386685,0.012709721
1/16/2019 10:00,0.061538468,0.020226716
1/16/2019 11:00,0.0400408,0.013160775
1/16/2019 12:00,0.026420734,0.008684075
1/16/2019 13:00,0.02815714,0.009254804
1/16/2019 14:00,0.050815989,0.016702408
1/16/2019 15:00,0.133844156,0.043992447
1/16/2019 16:00,0.490158075,0.161107168
1/16/2019 17:00,0.852768989,0.280291612
1/16/2019 18:00,0.87595094,0.287911151
1/16/2019 19:00,0.854308052,0.280797477
1/16/2019 20:00,0.876698711,0.288156931
1/16/2019 21:00,0.898959876,0.295473822
1/16/2019 22:00,0.908030165,0.298455082
1/16/2019 23:00,0.909901639,0.299070206
1/17/2019 0:00,0.91,0.299102536
1/17/2019 1:00,0.91,0.299102536
1/17/2019 2:00,0.91,0.299102536
1/17/2019 3:00,0.91,0.299102536
1/17/2019 4:00,0.91,0.299102536
1/17/2019 5:00,0.909507384,0.298940621
1/17/2019 6:00,0.908308235,0.298546479
1/17/2019 7:00,0.905283049,0.297552149
1/17/2019 8:00,0.899896721,0.295781748
1/17/2019 9:00,0.898325479,0.295265306
1/17/2019 10:00,0.878732824,0.288825512
1/17/2019 11:00,0.792138355,0.260363286
1/17/2019 12:00,0.664691855,0.218473648
1/17/2019 13:00,0.590126703,0.193965267
1/17/2019 14:00,0.461324773,0.15163012
1/17/2019 15:00,0.33646768,0.110591578
1/17/2019 16:00,0.253522118,0.083328691
1/17/2019 17:00,0.184388886,0.060605696
1/17/2019 18:00,0.137535415,0.045205705
1/17/2019 19:00,0.09516898,0.031280531
1/17/2019 20:00,0.063190354,0.020769665
1/17/2019 21:00,0.035364544,0.011623763
1/17/2019 22:00,0.014705237,0.004833378
1/17/2019 23:00,0.001746216,0.000573954
1/18/2019 0:00,0,0
1/18/2019 1:00,0,0
1/18/2019 2:00,0,0
1/18/2019 3:00,0,0
1/18/2019 4:00,0,0
1/18/2019 5:00,0.030831051,0.010133676
1/18/2019 6:00,0.062023506,0.020386141
1/18/2019 7:00,0.102124256,0.03356662
1/18/2019 8:00,0.153156513,0.050340111
1/18/2019 9:00,0.224494742,0.073787854
1/18/2019 10:00,0.301559136,0.099117695
1/18/2019 11:00,0.362295263,0.119080694
1/18/2019 12:00,0.418657227,0.137605976
1/18/2019 13:00,0.492456508,0.161862627
1/18/2019 14:00,0.567798006,0.186626179
1/18/2019 15:00,0.595250924,0.195649517
1/18/2019 16:00,0.592025099,0.19458924
1/18/2019 17:00,0.575211408,0.189062847
1/18/2019 18:00,0.514626302,0.169149486
1/18/2019 19:00,0.435125502,0.143018836
1/18/2019 20:00,0.390124516,0.128227728
1/18/2019 21:00,0.369999662,0.121613008
1/18/2019 22:00,0.447318014,0.147026321
1/18/2019 23:00,0.377596826,0.124110075
1/19/2019 0:00,0.399594219,0.131340268
1/19/2019 1:00,0.456789741,0.150139527
1/19/2019 2:00,0.385780722,0.126799991
1/19/2019 3:00,0.372166034,0.12232506
1/19/2019 4:00,0.339072938,0.111447885
1/19/2019 5:00,0.302825543,0.099533942
1/19/2019 6:00,0.248120525,0.081553273
1/19/2019 7:00,0.176085007,0.057876343
1/19/2019 8:00,0.121183557,0.039831109
1/19/2019 9:00,0.113845504,0.037419208
1/19/2019 10:00,0.157292071,0.051699404
1/19/2019 11:00,0.164919749,0.0542065
1/19/2019 12:00,0.155059276,0.050965519
1/19/2019 13:00,0.143825748,0.047273237
1/19/2019 14:00,0.12399377,0.040754781
1/19/2019 15:00,0.104020798,0.034189983
1/19/2019 16:00,0.067702606,0.02225277
1/19/2019 17:00,0.041408546,0.013610331
1/19/2019 18:00,0.032271737,0.010607207
1/19/2019 19:00,0.027067221,0.008896565
1/19/2019 20:00,0.031007214,0.010191578
1/19/2019 21:00,0.032158511,0.010569991
1/19/2019 22:00,0.02129599,0.006999653
1/19/2019 23:00,0.02794389,0.009184712
1/20/2019 0:00,0.03203589,0.010529688
1/20/2019 1:00,0.036743188,0.012076902
1/20/2019 2:00,0.037099351,0.012193967
1/20/2019 3:00,0.03846486,0.012642788
1/20/2019 4:00,0.052616644,0.017294255
1/20/2019 5:00,0.081616306,0.026825983
1/20/2019 6:00,0.117303406,0.038555765
1/20/2019 7:00,0.149269067,0.04906237
1/20/2019 8:00,0.260396241,0.085588106
1/20/2019 9:00,0.393072664,0.129196737
1/20/2019 10:00,0.544648173,0.179017197
1/20/2019 11:00,0.753113382,0.247536398
1/20/2019 12:00,0.661651033,0.217474178
1/20/2019 13:00,0.753177618,0.247557511
1/20/2019 14:00,0.799528849,0.262792424
1/20/2019 15:00,0.787031044,0.258684594
1/20/2019 16:00,0.805437231,0.264734416
1/20/2019 17:00,0.800706196,0.2631794
1/20/2019 18:00,0.746139831,0.245244303
1/20/2019 19:00,0.69172005,0.227357386
1/20/2019 20:00,0.60649351,0.199344777
1/20/2019 21:00,0.461488255,0.151683854
1/20/2019 22:00,0.320109525,0.105214913
1/20/2019 23:00,0.268257944,0.088172122
1/21/2019 0:00,0.265157223,0.087152964
1/21/2019 1:00,0.316442129,0.104009498
1/21/2019 2:00,0.37961716,0.124774127
1/21/2019 3:00,0.417556436,0.137244164
1/21/2019 4:00,0.36778351,0.120884594
1/21/2019 5:00,0.389734878,0.12809966
1/21/2019 6:00,0.405520267,0.133288066
1/21/2019 7:00,0.413623287,0.1359514
1/21/2019 8:00,0.461020769,0.151530199
1/21/2019 9:00,0.575667737,0.189212835
1/21/2019 10:00,0.640509856,0.210525409
1/21/2019 11:00,0.704980979,0.231716042
1/21/2019 12:00,0.748615142,0.246057898
1/21/2019 13:00,0.77375062,0.25431953
1/21/2019 14:00,0.769352448,0.252873921
1/21/2019 15:00,0.781416816,0.256839287
1/21/2019 16:00,0.81985217,0.269472377
1/21/2019 17:00,0.867897704,0.28526418
1/21/2019 18:00,0.884230012,0.29063235
1/21/2019 19:00,0.907361396,0.298235268
1/21/2019 20:00,0.909814817,0.299041669
1/21/2019 21:00,0.882609375,0.290099673
1/21/2019 22:00,0.613186339,0.201544603
1/21/2019 23:00,0.339102867,0.111457722
1/22/2019 0:00,0.227573836,0.074799903
1/22/2019 1:00,0.240886289,0.079175495
1/22/2019 2:00,0.255657065,0.084030414
1/22/2019 3:00,0.240403674,0.079016866
1/22/2019 4:00,0.237646307,0.078110564
1/22/2019 5:00,0.3359709,0.110428295
1/22/2019 6:00,0.397245082,0.130568144
1/22/2019 7:00,0.282355319,0.092805705
1/22/2019 8:00,0.232999135,0.076583112
1/22/2019 9:00,0.217595773,0.071520272
1/22/2019 10:00,0.233315781,0.076687189
1/22/2019 11:00,0.263167128,0.086498852
1/22/2019 12:00,0.285920045,0.093977374
1/22/2019 13:00,0.265170503,0.087157329
1/22/2019 14:00,0.280634019,0.092239941
1/22/2019 15:00,0.283078637,0.093043449
1/22/2019 16:00,0.27126832,0.089161585
1/22/2019 17:00,0.253341625,0.083269365
1/22/2019 18:00,0.254600312,0.083683076
1/22/2019 19:00,0.253734129,0.083398375
1/22/2019 20:00,0.259022663,0.085136632
1/22/2019 21:00,0.249485216,0.082001825
1/22/2019 22:00,0.20019381,0.065800523
1/22/2019 23:00,0.173896952,0.057157164
1/23/2019 0:00,0.161078529,0.052943952
1/23/2019 1:00,0.165802899,0.054496778
1/23/2019 2:00,0.165250824,0.054315319
1/23/2019 3:00,0.174284928,0.057284686
1/23/2019 4:00,0.148309041,0.048746824
1/23/2019 5:00,0.165761155,0.054483057
1/23/2019 6:00,0.14797283,0.048636317
1/23/2019 7:00,0.131893254,0.043351216
1/23/2019 8:00,0.125184941,0.0411463
1/23/2019 9:00,0.099395,0.032669557
1/23/2019 10:00,0.060487777,0.019881371
1/23/2019 11:00,0.084614092,0.027811307
1/23/2019 12:00,0.099096146,0.032571328
1/23/2019 13:00,0.109894613,0.036120613
1/23/2019 14:00,0.122071738,0.04012304
1/23/2019 15:00,0.094836136,0.031171131
1/23/2019 16:00,0.079845052,0.0262438
1/23/2019 17:00,0.064871625,0.021322272
1/23/2019 18:00,0.063254514,0.020790753
1/23/2019 19:00,0.051529608,0.016936963
1/23/2019 20:00,0.042601214,0.014002342
1/23/2019 21:00,0.037733897,0.012402532
1/23/2019 22:00,0.013198672,0.004338194
1/23/2019 23:00,0.008117129,0.002667971
1/24/2019 0:00,0,0
1/24/2019 1:00,0,0
1/24/2019 2:00,0.004751,0.001561578
1/24/2019 3:00,0.013944375,0.004583294
1/24/2019 4:00,0.011541324,0.00379345
1/24/2019 5:00,0.011085883,0.003643754
1/24/2019 6:00,0.00930873,0.003059632
1/24/2019 7:00,0.005354757,0.001760024
1/24/2019 8:00,0.001826648,0.00060039
1/24/2019 9:00,0,0
1/24/2019 10:00,0,0
1/24/2019 11:00,0,0
1/24/2019 12:00,0,0
1/24/2019 13:00,0,0
1/24/2019 14:00,0.011593295,0.003810532
1/24/2019 15:00,0.017718574,0.005823814
1/24/2019 16:00,0.01672,0.005495598
1/24/2019 17:00,0.026530829,0.008720262
1/24/2019 18:00,0.049015286,0.016110546
1/24/2019 19:00,0.110689187,0.036381776
1/24/2019 20:00,0.168156161,0.055270257
1/24/2019 21:00,0.211129959,0.069395062
1/24/2019 22:00,0.239064064,0.078576558
1/24/2019 23:00,0.344519804,0.113238184
1/25/2019 0:00,0.451602463,0.148434551
1/25/2019 1:00,0.560855085,0.184344152
1/25/2019 2:00,0.516994457,0.16992786
1/25/2019 3:00,0.377254599,0.12399759
1/25/2019 4:00,0.573552928,0.188517731
1/25/2019 5:00,0.778676951,0.255938737
1/25/2019 6:00,0.841337121,0.276534139
1/25/2019 7:00,0.840328548,0.276202637
1/25/2019 8:00,0.837887733,0.27540038
1/25/2019 9:00,0.862549037,0.283506158
1/25/2019 10:00,0.879294767,0.289010214
1/25/2019 11:00,0.869636143,0.285835577
1/25/2019 12:00,0.906399946,0.297919255
1/25/2019 13:00,0.909202737,0.298840488
1/25/2019 14:00,0.91,0.299102536
1/25/2019 15:00,0.91,0.299102536
1/25/2019 16:00,0.91,0.299102536
1/25/2019 17:00,0.91,0.299102536
1/25/2019 18:00,0.908748097,0.298691055
1/25/2019 19:00,0.890960032,0.292844401
1/25/2019 20:00,0.862972599,0.283645376
1/25/2019 21:00,0.817457243,0.268685203
1/25/2019 22:00,0.611346536,0.200939889
1/25/2019 23:00,0.482877542,0.158714173
1/26/2019 0:00,0.377322989,0.124020069
1/26/2019 1:00,0.279871827,0.091989421
1/26/2019 2:00,0.214818029,0.070607272
1/26/2019 3:00,0.121087975,0.039799693
1/26/2019 4:00,0.045394179,0.014920345
1/26/2019 5:00,0.017783549,0.00584517
1/26/2019 6:00,0.017856042,0.005868997
1/26/2019 7:00,0.050954289,0.016747865
1/26/2019 8:00,0.082725438,0.027190537
1/26/2019 9:00,0.098100868,0.032244196
1/26/2019 10:00,0.081393734,0.026752827
1/26/2019 11:00,0.142782058,0.046930193
1/26/2019 12:00,0.212465709,0.069834101
1/26/2019 13:00,0.3161755,0.103921861
1/26/2019 14:00,0.529771621,0.174127511
1/26/2019 15:00,0.695894034,0.228729308
1/26/2019 16:00,0.81883883,0.269139308
1/26/2019 17:00,0.87959726,0.289109638
1/26/2019 18:00,0.901642827,0.296355666
1/26/2019 19:00,0.898816118,0.295426571
1/26/2019 20:00,0.887951867,0.291855665
1/26/2019 21:00,0.860764268,0.282919533
1/26/2019 22:00,0.852374527,0.280161959
1/26/2019 23:00,0.69990419,0.230047382
1/27/2019 0:00,0.640639488,0.210568017
1/27/2019 1:00,0.662929459,0.217894376
1/27/2019 2:00,0.742061573,0.243903844
1/27/2019 3:00,0.817098052,0.268567142
1/27/2019 4:00,0.771159295,0.253467803
1/27/2019 5:00,0.733001083,0.240925805
1/27/2019 6:00,0.758568024,0.249329252
1/27/2019 7:00,0.82142249,0.269988516
1/27/2019 8:00,0.846954835,0.278380592
1/27/2019 9:00,0.830494989,0.272970502
1/27/2019 10:00,0.862549247,0.283506227
1/27/2019 11:00,0.86972633,0.28586522
1/27/2019 12:00,0.883800436,0.290491156
1/27/2019 13:00,0.898735803,0.295400173
1/27/2019 14:00,0.905312648,0.297561878
1/27/2019 15:00,0.893597461,0.293711282
1/27/2019 16:00,0.878662652,0.288802447
1/27/2019 17:00,0.865908862,0.28461048
1/27/2019 18:00,0.820432668,0.269663177
1/27/2019 19:00,0.780147982,0.256422241
1/27/2019 20:00,0.768204347,0.252496558
1/27/2019 21:00,0.758693571,0.249370518
1/27/2019 22:00,0.776903825,0.255355938
1/27/2019 23:00,0.795684324,0.26152879
1/28/2019 0:00,0.779884718,0.256335711
1/28/2019 1:00,0.73336728,0.241046168
1/28/2019 2:00,0.664778914,0.218502262
1/28/2019 3:00,0.622342714,0.204554158
1/28/2019 4:00,0.571055066,0.187696723
1/28/2019 5:00,0.4961777,0.163085723
1/28/2019 6:00,0.407654065,0.133989411
1/28/2019 7:00,0.344476073,0.11322381
1/28/2019 8:00,0.319390419,0.104978554
1/28/2019 9:00,0.308172449,0.101291386
1/28/2019 10:00,0.397517585,0.130657712
1/28/2019 11:00,0.431731762,0.141903368
1/28/2019 12:00,0.398502057,0.130981292
1/28/2019 13:00,0.394781198,0.129758305
1/28/2019 14:00,0.40230881,0.132232511
1/28/2019 15:00,0.509968243,0.167618456
1/28/2019 16:00,0.420958523,0.138362376
1/28/2019 17:00,0.387597263,0.12739706
1/28/2019 18:00,0.478675443,0.15733301
1/28/2019 19:00,0.563889322,0.185341457
1/28/2019 20:00,0.635274972,0.208804786
1/28/2019 21:00,0.648665047,0.21320589
1/28/2019 22:00,0.468841764,0.154100836
1/28/2019 23:00,0.379640543,0.124781812
1/29/2019 0:00,0.397908001,0.130786035
1/29/2019 1:00,0.479967801,0.157757787
1/29/2019 2:00,0.414098563,0.136107616
1/29/2019 3:00,0.284808546,0.093612042
1/29/2019 4:00,0.204680353,0.067275179
1/29/2019 5:00,0.233324325,0.076689997
1/29/2019 6:00,0.259418648,0.085266786
1/29/2019 7:00,0.246967843,0.081174404
1/29/2019 8:00,0.227494239,0.07477374
1/29/2019 9:00,0.215288792,0.070762004
1/29/2019 10:00,0.177185175,0.058237951
1/29/2019 11:00,0.152259016,0.050045118
1/29/2019 12:00,0.133218109,0.043786675
1/29/2019 13:00,0.107442478,0.035314635
1/29/2019 14:00,0.088824919,0.029195339
1/29/2019 15:00,0.070630138,0.023215004
1/29/2019 16:00,0.050885537,0.016725267
1/29/2019 17:00,0.058512477,0.019232121
1/29/2019 18:00,0.065541477,0.021542442
1/29/2019 19:00,0.075936896,0.024959251
1/29/2019 20:00,0.066148122,0.021741836
1/29/2019 21:00,0.053823141,0.017690811
1/29/2019 22:00,0.051295845,0.016860129
1/29/2019 23:00,0.075069879,0.024674276
1/30/2019 0:00,0.130837483,0.043004201
1/30/2019 1:00,0.152647134,0.050172687
1/30/2019 2:00,0.138411704,0.045493727
1/30/2019 3:00,0.139698723,0.04591675
1/30/2019 4:00,0.165595839,0.05442872
1/30/2019 5:00,0.146800586,0.048251019
1/30/2019 6:00,0.118185854,0.038845812
1/30/2019 7:00,0.090146696,0.029629786
1/30/2019 8:00,0.065144515,0.021411967
1/30/2019 9:00,0.053598786,0.017617069
1/30/2019 10:00,0.139206559,0.045754983
1/30/2019 11:00,0.155790668,0.051205916
1/30/2019 12:00,0.099769731,0.032792725
1/30/2019 13:00,0.034986843,0.011499619
1/30/2019 14:00,0,0
1/30/2019 15:00,0,0
1/30/2019 16:00,0,0
1/30/2019 17:00,0,0
1/30/2019 18:00,0,0
1/30/2019 19:00,0.032939547,0.010826706
1/30/2019 20:00,0.093225263,0.030641662
1/30/2019 21:00,0.128743722,0.042316015
1/30/2019 22:00,0.172960737,0.056849445
1/30/2019 23:00,0.148646712,0.048857812
1/31/2019 0:00,0.116388491,0.038255047
1/31/2019 1:00,0.094760681,0.03114633
1/31/2019 2:00,0.085988073,0.028262913
1/31/2019 3:00,0.078311209,0.02573965
1/31/2019 4:00,0.076146702,0.025028211
1/31/2019 5:00,0.077022672,0.025316128
1/31/2019 6:00,0.071208371,0.02340506
1/31/2019 7:00,0.056869503,0.018692102
1/31/2019 8:00,0.049220613,0.016178033
1/31/2019 9:00,0.036511422,0.012000724
1/31/2019 10:00,0.050945698,0.016745041
1/31/2019 11:00,0.05367364,0.017641672
1/31/2019 12:00,0.039063674,0.012839609
1/31/2019 13:00,0.031929035,0.010494566
1/31/2019 14:00,0.025331276,0.008325988
1/31/2019 15:00,0.017962929,0.005904129
1/31/2019 16:00,0.009157025,0.003009769
1/31/2019 17:00,0.002601956,0.000855221
1/31/2019 18:00,0,0
1/31/2019 19:00,0,0
1/31/2019 20:00,0,0
1/31/2019 21:00,0,0
1/31/2019 22:00,0.008020047,0.002636062
1/31/2019 23:00,0.029325611,0.009638862
02/01/2019 00:00,0.02982123,0.009801764
02/01/2019 01:00,0.017326865,0.005695065
02/01/2019 02:00,0.012054998,0.003962286
02/01/2019 03:00,0.009486041,0.003117911
02/01/2019 04:00,0.003871237,0.001272414
02/01/2019 05:00,0.00013421,4.41E-05
02/01/2019 06:00,0.001331866,0.000437763
02/01/2019 07:00,0.012631419,0.004151747
02/01/2019 08:00,0.037514248,0.012330337
02/01/2019 09:00,0.062107105,0.020413618
02/01/2019 10:00,0.033842391,0.011123456
02/01/2019 11:00,0.07937162,0.02608819
02/01/2019 12:00,0.117541196,0.038633923
02/01/2019 13:00,0.138046467,0.045373679
02/01/2019 14:00,0.125689797,0.041312239
02/01/2019 15:00,0.098849057,0.032490114
02/01/2019 16:00,0.116086637,0.038155832
02/01/2019 17:00,0.24016704,0.078939089
02/01/2019 18:00,0.425334899,0.139800821
02/01/2019 19:00,0.494700427,0.162600167
02/01/2019 20:00,0.470169951,0.15453739
02/01/2019 21:00,0.474703013,0.156027335
02/01/2019 22:00,0.62152434,0.204285172
02/01/2019 23:00,0.594757355,0.195487289
02/02/2019 00:00,0.603551997,0.198377948
02/02/2019 01:00,0.603499896,0.198360823
02/02/2019 02:00,0.516508634,0.169768178
02/02/2019 03:00,0.404751614,0.133035422
02/02/2019 04:00,0.369506814,0.121451016
02/02/2019 05:00,0.33151256,0.108962909
02/02/2019 06:00,0.290629261,0.095525219
02/02/2019 07:00,0.23925759,0.078640167
02/02/2019 08:00,0.217216611,0.071395647
02/02/2019 09:00,0.213094947,0.070040922
02/02/2019 10:00,0.279485244,0.091862357
02/02/2019 11:00,0.231191545,0.075988986
02/02/2019 12:00,0.228230209,0.075015642
02/02/2019 13:00,0.254690741,0.083712798
02/02/2019 14:00,0.240579677,0.079074716
02/02/2019 15:00,0.195745164,0.064338324
02/02/2019 16:00,0.183462812,0.06030131
02/02/2019 17:00,0.179300695,0.058933288
02/02/2019 18:00,0.13844179,0.045503616
02/02/2019 19:00,0.093585835,0.030760176
02/02/2019 20:00,0.042614077,0.01400657
02/02/2019 21:00,0.013062108,0.004293307
02/02/2019 22:00,0.008669734,0.002849604
02/02/2019 23:00,0.026812194,0.008812742
02/03/2019 00:00,0.046340061,0.015231241
02/03/2019 01:00,0.075150079,0.024700637
02/03/2019 02:00,0.120512325,0.039610486
02/03/2019 03:00,0.162312521,0.053349546
02/03/2019 04:00,0.150361136,0.049421316
02/03/2019 05:00,0.179997263,0.059162239
02/03/2019 06:00,0.184686677,0.060703575
02/03/2019 07:00,0.169490714,0.055708904
02/03/2019 08:00,0.148433279,0.04878766
02/03/2019 09:00,0.172424371,0.05667315
02/03/2019 10:00,0.249585266,0.08203471
02/03/2019 11:00,0.349505719,0.114876974
02/03/2019 12:00,0.651098603,0.214005762
02/03/2019 13:00,0.722554608,0.237492215
02/03/2019 14:00,0.497498257,0.163519769
02/03/2019 15:00,0.523887935,0.172193637
02/03/2019 16:00,0.599712587,0.197115995
02/03/2019 17:00,0.520258144,0.171000582
02/03/2019 18:00,0.516563444,0.169786193
02/03/2019 19:00,0.579101841,0.19034157
02/03/2019 20:00,0.600385798,0.197337269
02/03/2019 21:00,0.623044528,0.204784833
02/03/2019 22:00,0.712537084,0.234199614
02/03/2019 23:00,0.651514532,0.214142471
02/04/2019 00:00,0.587820711,0.193207324
02/04/2019 01:00,0.484485764,0.15924277
02/04/2019 02:00,0.348200042,0.114447819
02/04/2019 03:00,0.198870504,0.065365574
02/04/2019 04:00,0.127595476,0.041938605
02/04/2019 05:00,0.111896009,0.036778439
02/04/2019 06:00,0.086465174,0.028419728
02/04/2019 07:00,0.084378754,0.027733955
02/04/2019 08:00,0.143301215,0.047100831
02/04/2019 09:00,0.217677344,0.071547083
02/04/2019 10:00,0.36146086,0.118806439
02/04/2019 11:00,0.522116005,0.171611232
02/04/2019 12:00,0.547500991,0.179954873
02/04/2019 13:00,0.588843598,0.193543531
02/04/2019 14:00,0.585387861,0.192407685
02/04/2019 15:00,0.586124884,0.192649933
02/04/2019 16:00,0.615971028,0.202459886
02/04/2019 17:00,0.533865413,0.175473076
02/04/2019 18:00,0.502615435,0.165201705
02/04/2019 19:00,0.581936516,0.191273283
02/04/2019 20:00,0.613681966,0.201707508
02/04/2019 21:00,0.586851958,0.192888911
02/04/2019 22:00,0.399444251,0.131290976
02/04/2019 23:00,0.3789009,0.124538703
02/05/2019 00:00,0.325708353,0.107055159
02/05/2019 01:00,0.256889456,0.084435481
02/05/2019 02:00,0.180204201,0.059230256
02/05/2019 03:00,0.109564728,0.036012185
02/05/2019 04:00,0.046036912,0.015131601
02/05/2019 05:00,0.012543771,0.004122938
02/05/2019 06:00,0,0
02/05/2019 07:00,0,0
02/05/2019 08:00,0,0
02/05/2019 09:00,0,0
02/05/2019 10:00,0.024742994,0.008132629
02/05/2019 11:00,0.08836823,0.029045233
02/05/2019 12:00,0.203729842,0.066962761
02/05/2019 13:00,0.363500455,0.119476822
02/05/2019 14:00,0.567454028,0.18651312
02/05/2019 15:00,0.730102252,0.239973005
02/05/2019 16:00,0.826860541,0.271775917
02/05/2019 17:00,0.870871308,0.286241556
02/05/2019 18:00,0.897346162,0.29494342
02/05/2019 19:00,0.909320105,0.298879065
02/05/2019 20:00,0.908245029,0.298525704
02/05/2019 21:00,0.909284536,0.298867374
02/05/2019 22:00,0.891215957,0.292928519
02/05/2019 23:00,0.880982724,0.289565018
02/06/2019 00:00,0.538329348,0.1769403
02/06/2019 01:00,0.378711637,0.124476495
02/06/2019 02:00,0.407329985,0.133882892
02/06/2019 03:00,0.53730184,0.176602575
02/06/2019 04:00,0.581865671,0.191249998
02/06/2019 05:00,0.608672515,0.200060981
02/06/2019 06:00,0.581679838,0.191188917
02/06/2019 07:00,0.506782431,0.16657133
02/06/2019 08:00,0.451582065,0.148427847
02/06/2019 09:00,0.429485127,0.141164934
02/06/2019 10:00,0.400553132,0.131655448
02/06/2019 11:00,0.394280152,0.129593619
02/06/2019 12:00,0.38073174,0.125140471
02/06/2019 13:00,0.295057725,0.096980784
02/06/2019 14:00,0.234433363,0.07705452
02/06/2019 15:00,0.236153081,0.077619764
02/06/2019 16:00,0.247615511,0.081387283
02/06/2019 17:00,0.359621218,0.118201778
02/06/2019 18:00,0.419116973,0.137757087
02/06/2019 19:00,0.477588361,0.156975703
02/06/2019 20:00,0.556592842,0.18294322
02/06/2019 21:00,0.479502886,0.157604977
02/06/2019 22:00,0.350699736,0.115269429
02/06/2019 23:00,0.244560243,0.080383065
02/07/2019 00:00,0.157601389,0.051801072
02/07/2019 01:00,0.131637704,0.043267221
02/07/2019 02:00,0.067151708,0.022071699
02/07/2019 03:00,0.010454487,0.003436224
02/07/2019 04:00,0,0
02/07/2019 05:00,0,0
02/07/2019 06:00,0,0
02/07/2019 07:00,0.00678891,0.002231407
02/07/2019 08:00,0.010481195,0.003445002
02/07/2019 09:00,0.00907671,0.00298337
02/07/2019 10:00,0,0
02/07/2019 11:00,0,0
02/07/2019 12:00,0.003381826,0.001111553
02/07/2019 13:00,0.016695889,0.005487673
02/07/2019 14:00,0.059344534,0.019505605
02/07/2019 15:00,0.132694477,0.043614566
02/07/2019 16:00,0.154213666,0.050687581
02/07/2019 17:00,0.093723212,0.03080533
02/07/2019 18:00,0.025799174,0.008479778
02/07/2019 19:00,0.025092637,0.008247551
02/07/2019 20:00,0.084371874,0.027731694
02/07/2019 21:00,0.175690357,0.057746628
02/07/2019 22:00,0.230424817,0.075736975
02/07/2019 23:00,0.280504617,0.092197409
02/08/2019 00:00,0.282990552,0.093014496
02/08/2019 01:00,0.272257978,0.08948687
02/08/2019 02:00,0.275117382,0.09042671
02/08/2019 03:00,0.249548984,0.082022784
02/08/2019 04:00,0.253958966,0.083472276
02/08/2019 05:00,0.369954438,0.121598143
02/08/2019 06:00,0.602955702,0.198181955
02/08/2019 07:00,0.825065098,0.271185784
02/08/2019 08:00,0.908203305,0.29851199
02/08/2019 09:00,0.91,0.299102536
02/08/2019 10:00,0.91,0.299102536
02/08/2019 11:00,0.909796843,0.299035761
02/08/2019 12:00,0.907871954,0.298403081
02/08/2019 13:00,0.909189641,0.298836184
02/08/2019 14:00,0.909932374,0.299080308
02/08/2019 15:00,0.9082086,0.298513731
02/08/2019 16:00,0.903529836,0.296975896
02/08/2019 17:00,0.886453622,0.291363216
02/08/2019 18:00,0.888166916,0.291926348
02/08/2019 19:00,0.898262031,0.295244452
02/08/2019 20:00,0.889115761,0.292238218
02/08/2019 21:00,0.892612535,0.293387552
02/08/2019 22:00,0.876895005,0.28822145
02/08/2019 23:00,0.860076979,0.282693632
02/09/2019 00:00,0.88640214,0.291346294
02/09/2019 01:00,0.893145267,0.293562653
02/09/2019 02:00,0.857562623,0.281867203
02/09/2019 03:00,0.80007551,0.262972103
02/09/2019 04:00,0.718621405,0.236199433
02/09/2019 05:00,0.609189639,0.200230952
02/09/2019 06:00,0.52427232,0.172319978
02/09/2019 07:00,0.501275643,0.164761336
02/09/2019 08:00,0.63645496,0.209192629
02/09/2019 09:00,0.818743268,0.269107898
02/09/2019 10:00,0.91,0.299102536
02/09/2019 11:00,0.91,0.299102536
02/09/2019 12:00,0.91,0.299102536
02/09/2019 13:00,0.91,0.299102536
02/09/2019 14:00,0.91,0.299102536
02/09/2019 15:00,0.91,0.299102536
02/09/2019 16:00,0.91,0.299102536
02/09/2019 17:00,0.91,0.299102536
02/09/2019 18:00,0.91,0.299102536
02/09/2019 19:00,0.91,0.299102536
02/09/2019 20:00,0.91,0.299102536
02/09/2019 21:00,0.91,0.299102536
02/09/2019 22:00,0.91,0.299102536
02/09/2019 23:00,0.91,0.299102536
02/10/2019 00:00,0.907700183,0.298346622
02/10/2019 01:00,0.888514029,0.292040438
02/10/2019 02:00,0.864773187,0.284237201
02/10/2019 03:00,0.844660238,0.277626394
02/10/2019 04:00,0.819330303,0.269300847
02/10/2019 05:00,0.775567844,0.254916823
02/10/2019 06:00,0.75361184,0.247700233
02/10/2019 07:00,0.645278092,0.212092652
02/10/2019 08:00,0.526653146,0.173102518
02/10/2019 09:00,0.441830252,0.145222581
02/10/2019 10:00,0.21955892,0.072165527
02/10/2019 11:00,0.12056076,0.039626405
02/10/2019 12:00,0.05392104,0.017722989
02/10/2019 13:00,0.018440095,0.006060966
02/10/2019 14:00,0.041464325,0.013628665
02/10/2019 15:00,0.215392709,0.07079616
02/10/2019 16:00,0.525403653,0.172691829
02/10/2019 17:00,0.730206374,0.240007229
02/10/2019 18:00,0.768579012,0.252619705
02/10/2019 19:00,0.756360031,0.24860352
02/10/2019 20:00,0.733160006,0.240978041
02/10/2019 21:00,0.67546039,0.222013094
02/10/2019 22:00,0.637531347,0.20954642
02/10/2019 23:00,0.597648225,0.196437472
02/11/2019 00:00,0.566977779,0.186356584
02/11/2019 01:00,0.509280974,0.167392561
02/11/2019 02:00,0.380750448,0.12514662
02/11/2019 03:00,0.258993069,0.085126905
02/11/2019 04:00,0.222223422,0.073041307
02/11/2019 05:00,0.241854764,0.079493817
02/11/2019 06:00,0.279554601,0.091885154
02/11/2019 07:00,0.227213979,0.074681623
02/11/2019 08:00,0.18340676,0.060282887
02/11/2019 09:00,0.198204371,0.065146626
02/11/2019 10:00,0.126508212,0.041581238
02/11/2019 11:00,0.075001117,0.024651675
02/11/2019 12:00,0.052476909,0.017248326
02/11/2019 13:00,0.038256354,0.012574256
02/11/2019 14:00,0.008821087,0.002899351
02/11/2019 15:00,0.016270536,0.005347867
02/11/2019 16:00,0.019151223,0.006294702
02/11/2019 17:00,0.039863444,0.013102481
02/11/2019 18:00,0.079942557,0.026275848
02/11/2019 19:00,0.124084189,0.040784501
02/11/2019 20:00,0.227214956,0.074681944
02/11/2019 21:00,0.433644081,0.142531917
02/11/2019 22:00,0.64079066,0.210617705
02/11/2019 23:00,0.663923327,0.218221045
02/12/2019 00:00,0.585315318,0.192383842
02/12/2019 01:00,0.544601989,0.179002018
02/12/2019 02:00,0.509189721,0.167362568
02/12/2019 03:00,0.472919189,0.15544102
02/12/2019 04:00,0.59494515,0.195549014
02/12/2019 05:00,0.65133378,0.214083061
02/12/2019 06:00,0.708694136,0.232936498
02/12/2019 07:00,0.727791641,0.239213544
02/12/2019 08:00,0.728440391,0.239426778
02/12/2019 09:00,0.74050018,0.243390639
02/12/2019 10:00,0.78886272,0.259286637
02/12/2019 11:00,0.848363189,0.278843496
02/12/2019 12:00,0.863945016,0.283964994
02/12/2019 13:00,0.898955345,0.295472333
02/12/2019 14:00,0.902169138,0.296528656
02/12/2019 15:00,0.888251246,0.291954066
02/12/2019 16:00,0.896042113,0.2945148
02/12/2019 17:00,0.91,0.299102536
02/12/2019 18:00,0.91,0.299102536
02/12/2019 19:00,0.91,0.299102536
02/12/2019 20:00,0.91,0.299102536
02/12/2019 21:00,0.91,0.299102536
02/12/2019 22:00,0.91,0.299102536
02/12/2019 23:00,0.906527784,0.297961273
2/13/2019 0:00,0.840943875,0.276404885
2/13/2019 1:00,0.539323522,0.177267069
2/13/2019 2:00,0.325468041,0.106976172
2/13/2019 3:00,0.278588829,0.09156772
2/13/2019 4:00,0.310888647,0.102184157
2/13/2019 5:00,0.395588491,0.130023649
2/13/2019 6:00,0.455127967,0.149593329
2/13/2019 7:00,0.476038404,0.156466257
2/13/2019 8:00,0.533025068,0.175196868
2/13/2019 9:00,0.584432445,0.192093655
2/13/2019 10:00,0.628432077,0.206555635
2/13/2019 11:00,0.643720263,0.211580619
2/13/2019 12:00,0.719841704,0.236600526
2/13/2019 13:00,0.750728244,0.246752441
2/13/2019 14:00,0.755103803,0.248190618
2/13/2019 15:00,0.770228018,0.253161707
2/13/2019 16:00,0.730998695,0.240267652
2/13/2019 17:00,0.735406762,0.241716514
2/13/2019 18:00,0.820033503,0.269531978
2/13/2019 19:00,0.856540849,0.281531362
2/13/2019 20:00,0.855810329,0.281291252
2/13/2019 21:00,0.852618363,0.280242104
2/13/2019 22:00,0.846116918,0.278105182
2/13/2019 23:00,0.863972916,0.283974165
2/14/2019 0:00,0.872982304,0.286935408
2/14/2019 1:00,0.886706501,0.291446333
2/14/2019 2:00,0.88935208,0.292315893
2/14/2019 3:00,0.897093741,0.294860454
2/14/2019 4:00,0.88645785,0.291364605
2/14/2019 5:00,0.861326219,0.283104237
2/14/2019 6:00,0.812727176,0.267130505
2/14/2019 7:00,0.713818794,0.234620891
2/14/2019 8:00,0.585428219,0.19242095
2/14/2019 9:00,0.471326076,0.154917389
2/14/2019 10:00,0.510001006,0.167629224
2/14/2019 11:00,0.522796117,0.171834774
2/14/2019 12:00,0.573503649,0.188501534
2/14/2019 13:00,0.590115429,0.193961562
2/14/2019 14:00,0.597549265,0.196404946
2/14/2019 15:00,0.483463876,0.158906892
2/14/2019 16:00,0.314624067,0.10341193
2/14/2019 17:00,0.276460712,0.090868242
2/14/2019 18:00,0.318813238,0.104788844
2/14/2019 19:00,0.272243927,0.089482252
2/14/2019 20:00,0.337764459,0.111017809
2/14/2019 21:00,0.426848539,0.14029833
2/14/2019 22:00,0.468389301,0.153952118
2/14/2019 23:00,0.440528446,0.144794698
2/15/2019 0:00,0.372072673,0.122294374
2/15/2019 1:00,0.308345825,0.101348371
2/15/2019 2:00,0.240115592,0.078922179
2/15/2019 3:00,0.210344993,0.069137056
2/15/2019 4:00,0.187228353,0.061538984
2/15/2019 5:00,0.252119038,0.08286752
2/15/2019 6:00,0.378497136,0.124405992
2/15/2019 7:00,0.485738766,0.159654612
2/15/2019 8:00,0.570489218,0.187510738
2/15/2019 9:00,0.627233252,0.2061616
2/15/2019 10:00,0.605597107,0.199050143
2/15/2019 11:00,0.679458327,0.223327152
2/15/2019 12:00,0.735059256,0.241602294
2/15/2019 13:00,0.730467773,0.240093146
2/15/2019 14:00,0.690282484,0.226884881
2/15/2019 15:00,0.687776109,0.226061075
2/15/2019 16:00,0.62423681,0.205176717
2/15/2019 17:00,0.633278206,0.20814848
2/15/2019 18:00,0.642887826,0.21130701
2/15/2019 19:00,0.623303312,0.204869891
2/15/2019 20:00,0.555677577,0.182642387
2/15/2019 21:00,0.457750811,0.150455416
2/15/2019 22:00,0.292259528,0.096061061
2/15/2019 23:00,0.296674015,0.097512033
2/16/2019 0:00,0.220173475,0.072367522
2/16/2019 1:00,0.231778841,0.076182021
2/16/2019 2:00,0.265156106,0.087152597
2/16/2019 3:00,0.161516583,0.053087933
2/16/2019 4:00,0.08489581,0.027903903
2/16/2019 5:00,0.035216128,0.011574982
2/16/2019 6:00,0.000521875,0.000171532
2/16/2019 7:00,0,0
2/16/2019 8:00,0.002579852,0.000847956
2/16/2019 9:00,0.034430862,0.011316877
2/16/2019 10:00,0.110409336,0.036289794
2/16/2019 11:00,0.141894094,0.046638333
2/16/2019 12:00,0.128700634,0.042301853
2/16/2019 13:00,0.108906823,0.035795942
2/16/2019 14:00,0.120957713,0.039756878
2/16/2019 15:00,0.108762107,0.035748376
2/16/2019 16:00,0.057391164,0.018863563
2/16/2019 17:00,0.079713978,0.026200718
2/16/2019 18:00,0.179257771,0.05891918
2/16/2019 19:00,0.230589264,0.075791026
2/16/2019 20:00,0.309155508,0.101614502
2/16/2019 21:00,0.380883806,0.125190453
2/16/2019 22:00,0.462433893,0.15199467
2/16/2019 23:00,0.488971806,0.160717261
2/17/2019 0:00,0.476810249,0.15671995
2/17/2019 1:00,0.567652644,0.186578401
2/17/2019 2:00,0.603174632,0.198253914
2/17/2019 3:00,0.54449203,0.178965876
2/17/2019 4:00,0.643322525,0.211449888
2/17/2019 5:00,0.732892892,0.240890244
2/17/2019 6:00,0.801951015,0.263588552
2/17/2019 7:00,0.835086677,0.274479717
2/17/2019 8:00,0.834707574,0.274355112
2/17/2019 9:00,0.845108051,0.277773584
2/17/2019 10:00,0.798315693,0.262393679
2/17/2019 11:00,0.866787537,0.284899286
2/17/2019 12:00,0.884580381,0.290747511
2/17/2019 13:00,0.906382627,0.297913563
2/17/2019 14:00,0.909974607,0.299094189
2/17/2019 15:00,0.905738214,0.297701754
2/17/2019 16:00,0.861479534,0.28315463
2/17/2019 17:00,0.668979882,0.219883054
2/17/2019 18:00,0.564650905,0.185591777
2/17/2019 19:00,0.557783197,0.183334471
2/17/2019 20:00,0.619734503,0.203696881
2/17/2019 21:00,0.675313871,0.221964935
2/17/2019 22:00,0.770934765,0.253394003
2/17/2019 23:00,0.796985065,0.261956323
2/18/2019 0:00,0.807110421,0.265284366
2/18/2019 1:00,0.777822061,0.255657748
2/18/2019 2:00,0.712261012,0.234108873
2/18/2019 3:00,0.745106076,0.244904524
2/18/2019 4:00,0.779809157,0.256310875
2/18/2019 5:00,0.764410837,0.251249692
2/18/2019 6:00,0.711842314,0.233971254
2/18/2019 7:00,0.730383066,0.240065304
2/18/2019 8:00,0.79056336,0.259845611
2/18/2019 9:00,0.836168187,0.274835192
2/18/2019 10:00,0.835226187,0.274525572
2/18/2019 11:00,0.851617321,0.279913077
2/18/2019 12:00,0.853959112,0.280682787
2/18/2019 13:00,0.848676766,0.278946563
2/18/2019 14:00,0.825212628,0.271234274
2/18/2019 15:00,0.808777392,0.265832273
2/18/2019 16:00,0.793096028,0.260678058
2/18/2019 17:00,0.783185065,0.257420482
2/18/2019 18:00,0.795469056,0.261458035
2/18/2019 19:00,0.776247013,0.255140055
2/18/2019 20:00,0.747846886,0.245805384
2/18/2019 21:00,0.724935305,0.238274712
2/18/2019 22:00,0.735464022,0.241735334
2/18/2019 23:00,0.792816807,0.260586283
2/19/2019 0:00,0.850604881,0.279580304
2/19/2019 1:00,0.867817736,0.285237896
2/19/2019 2:00,0.87852091,0.288755859
2/19/2019 3:00,0.873854349,0.287222035
2/19/2019 4:00,0.811089642,0.266592273
2/19/2019 5:00,0.708940816,0.233017578
2/19/2019 6:00,0.610066072,0.200519021
2/19/2019 7:00,0.483949455,0.159066493
2/19/2019 8:00,0.344046328,0.113082559
2/19/2019 9:00,0.258587647,0.084993649
2/19/2019 10:00,0.250511392,0.082339113
2/19/2019 11:00,0.185352759,0.060922506
2/19/2019 12:00,0.115798244,0.038061042
2/19/2019 13:00,0.055659032,0.018294239
2/19/2019 14:00,0.020485742,0.006733338
2/19/2019 15:00,0,0
2/19/2019 16:00,0,0
2/19/2019 17:00,0,0
2/19/2019 18:00,0.017535615,0.005763678
2/19/2019 19:00,0.072717014,0.023900927
2/19/2019 20:00,0.15808126,0.051958798
2/19/2019 21:00,0.308478727,0.101392054
2/19/2019 22:00,0.473048234,0.155483435
2/19/2019 23:00,0.574887163,0.188956273
2/20/2019 0:00,0.674569253,0.221720191
2/20/2019 1:00,0.728129208,0.239324497
2/20/2019 2:00,0.764431045,0.251256334
2/20/2019 3:00,0.807048217,0.265263921
2/20/2019 4:00,0.761740328,0.250371938
2/20/2019 5:00,0.678435177,0.222990859
2/20/2019 6:00,0.620451364,0.203932501
2/20/2019 7:00,0.615167225,0.202195689
2/20/2019 8:00,0.634856552,0.208667258
2/20/2019 9:00,0.635571418,0.208902223
2/20/2019 10:00,0.684600946,0.225017449
2/20/2019 11:00,0.727760695,0.239203373
2/20/2019 12:00,0.710503404,0.233531176
2/20/2019 13:00,0.7229429,0.23761984
2/20/2019 14:00,0.7351838,0.241643229
2/20/2019 15:00,0.735162028,0.241636073
2/20/2019 16:00,0.714591621,0.234874907
2/20/2019 17:00,0.702984379,0.231059791
2/20/2019 18:00,0.693438648,0.227922262
2/20/2019 19:00,0.640048972,0.210373924
2/20/2019 20:00,0.53870117,0.177062512
2/20/2019 21:00,0.488570211,0.160585263
2/20/2019 22:00,0.27117285,0.089130206
2/20/2019 23:00,0.231488108,0.076086462
2/21/2019 0:00,0.165093305,0.054263545
2/21/2019 1:00,0.087608063,0.028795378
2/21/2019 2:00,0.047100765,0.015481273
2/21/2019 3:00,0.076919485,0.025282212
2/21/2019 4:00,0.135545697,0.044551716
2/21/2019 5:00,0.230731196,0.075837677
2/21/2019 6:00,0.336998697,0.110766115
2/21/2019 7:00,0.397535668,0.130663655
2/21/2019 8:00,0.408895795,0.134397549
2/21/2019 9:00,0.367760368,0.120876988
2/21/2019 10:00,0.305180336,0.100307926
2/21/2019 11:00,0.287090746,0.094362165
2/21/2019 12:00,0.293673257,0.096525732
2/21/2019 13:00,0.249750001,0.082088856
2/21/2019 14:00,0.187471212,0.061618807
2/21/2019 15:00,0.179958897,0.059149629
2/21/2019 16:00,0.202149211,0.066443232
2/21/2019 17:00,0.251692874,0.082727447
2/21/2019 18:00,0.3196734,0.105071566
2/21/2019 19:00,0.367469181,0.120781279
2/21/2019 20:00,0.33550506,0.11027518
2/21/2019 21:00,0.303811504,0.099858012
2/21/2019 22:00,0.257670472,0.084692188
2/21/2019 23:00,0.276089902,0.090746362
2/22/2019 0:00,0.233939407,0.076892165
2/22/2019 1:00,0.193702849,0.063667048
2/22/2019 2:00,0.30577478,0.10050331
2/22/2019 3:00,0.438463562,0.144116004
2/22/2019 4:00,0.505529183,0.166159407
2/22/2019 5:00,0.425028875,0.139700236
2/22/2019 6:00,0.493498407,0.162205082
2/22/2019 7:00,0.652125484,0.214343281
2/22/2019 8:00,0.678682685,0.223072211
2/22/2019 9:00,0.652199398,0.214367576
2/22/2019 10:00,0.598126054,0.196594527
2/22/2019 11:00,0.699074103,0.229774546
2/22/2019 12:00,0.725824394,0.238566941
2/22/2019 13:00,0.709318078,0.233141578
2/22/2019 14:00,0.678796319,0.223109561
2/22/2019 15:00,0.62250382,0.204607111
2/22/2019 16:00,0.647253561,0.212741958
2/22/2019 17:00,0.616158609,0.202521541
2/22/2019 18:00,0.662284083,0.217682251
2/22/2019 19:00,0.812768551,0.267144104
2/22/2019 20:00,0.863553935,0.283836452
2/22/2019 21:00,0.867641782,0.285180063
2/22/2019 22:00,0.865122395,0.28435198
2/22/2019 23:00,0.871016957,0.286289429
2/23/2019 0:00,0.866240205,0.284719387
2/23/2019 1:00,0.87576104,0.287848734
2/23/2019 2:00,0.882592876,0.29009425
2/23/2019 3:00,0.883905949,0.290525836
2/23/2019 4:00,0.883189605,0.290290385
2/23/2019 5:00,0.873277414,0.287032405
2/23/2019 6:00,0.869064861,0.285647806
2/23/2019 7:00,0.876538017,0.288104114
2/23/2019 8:00,0.875275677,0.287689203
2/23/2019 9:00,0.877769845,0.288508996
2/23/2019 10:00,0.862742884,0.283569873
2/23/2019 11:00,0.863821723,0.28392447
2/23/2019 12:00,0.851517464,0.279880256
2/23/2019 13:00,0.803697325,0.264162536
2/23/2019 14:00,0.748322926,0.245961851
2/23/2019 15:00,0.684405526,0.224953218
2/23/2019 16:00,0.642231066,0.211091143
2/23/2019 17:00,0.621053678,0.204130472
2/23/2019 18:00,0.593767659,0.195161992
2/23/2019 19:00,0.620057766,0.203803132
2/23/2019 20:00,0.588547285,0.193446138
2/23/2019 21:00,0.609603994,0.200367143
2/23/2019 22:00,0.570700033,0.18758003
2/23/2019 23:00,0.560379845,0.184187948
2/24/2019 0:00,0.466358401,0.153284594
2/24/2019 1:00,0.347362029,0.114172378
2/24/2019 2:00,0.294799287,0.09689584
2/24/2019 3:00,0.230638257,0.075807129
2/24/2019 4:00,0.223557753,0.07347988
2/24/2019 5:00,0.141218565,0.046416298
2/24/2019 6:00,0.079366459,0.026086494
2/24/2019 7:00,0.049660879,0.016322742
2/24/2019 8:00,0.020105831,0.006608467
2/24/2019 9:00,0.043718026,0.01436942
2/24/2019 10:00,0.152769005,0.050212744
2/24/2019 11:00,0.268717645,0.088323219
2/24/2019 12:00,0.449992939,0.147905527
2/24/2019 13:00,0.687176785,0.225864087
2/24/2019 14:00,0.767575087,0.252289731
2/24/2019 15:00,0.733821425,0.241195439
2/24/2019 16:00,0.705199339,0.231787814
2/24/2019 17:00,0.696128865,0.228806493
2/24/2019 18:00,0.697369093,0.229214136
2/24/2019 19:00,0.672569711,0.221062974
2/24/2019 20:00,0.624761643,0.205349222
2/24/2019 21:00,0.544421652,0.178942744
2/24/2019 22:00,0.26436401,0.086892248
2/24/2019 23:00,0.152143942,0.050007295
2/25/2019 0:00,0.119975167,0.03943393
2/25/2019 1:00,0.076435619,0.025123173
2/25/2019 2:00,0.095329677,0.031333349
2/25/2019 3:00,0.10650918,0.035007874
2/25/2019 4:00,0.076225861,0.025054229
2/25/2019 5:00,0.050616394,0.016636804
2/25/2019 6:00,0.048675824,0.01599897
2/25/2019 7:00,0.030895872,0.010154982
2/25/2019 8:00,0.018110708,0.005952702
2/25/2019 9:00,0.007551467,0.002482047
2/25/2019 10:00,0,0
2/25/2019 11:00,0.004192933,0.00137815
2/25/2019 12:00,0,0
2/25/2019 13:00,0.0153802,0.005055227
2/25/2019 14:00,0.043893688,0.014427157
2/25/2019 15:00,0.045349312,0.014905598
2/25/2019 16:00,0.098381622,0.032336475
2/25/2019 17:00,0.310925618,0.102196309
2/25/2019 18:00,0.632972837,0.208048111
2/25/2019 19:00,0.694446953,0.228253675
2/25/2019 20:00,0.715443312,0.235154845
2/25/2019 21:00,0.664077396,0.218271685
2/25/2019 22:00,0.556508116,0.182915372
2/25/2019 23:00,0.552593231,0.181628612
2/26/2019 0:00,0.492846653,0.161990861
2/26/2019 1:00,0.454812053,0.149489493
2/26/2019 2:00,0.408203504,0.134170003
2/26/2019 3:00,0.397500159,0.130651984
2/26/2019 4:00,0.386343045,0.126984818
2/26/2019 5:00,0.430710311,0.141567633
2/26/2019 6:00,0.44811775,0.147289182
2/26/2019 7:00,0.391229512,0.128590922
2/26/2019 8:00,0.376028981,0.123594749
2/26/2019 9:00,0.351582189,0.115559477
2/26/2019 10:00,0.244808311,0.080464601
2/26/2019 11:00,0.182182155,0.059880379
2/26/2019 12:00,0.175430777,0.057661308
2/26/2019 13:00,0.130625073,0.042934385
2/26/2019 14:00,0.073795805,0.024255508
2/26/2019 15:00,0.026822266,0.008816053
2/26/2019 16:00,0,0
2/26/2019 17:00,0,0
2/26/2019 18:00,0,0
2/26/2019 19:00,0,0
2/26/2019 20:00,0.028498284,0.009366933
2/26/2019 21:00,0.069115606,0.022717201
2/26/2019 22:00,0.113797725,0.037403503
2/26/2019 23:00,0.120437654,0.039585943
2/27/2019 0:00,0.094492846,0.031058297
2/27/2019 1:00,0.014228596,0.004676713
2/27/2019 2:00,0,0
2/27/2019 3:00,0,0
2/27/2019 4:00,0,0
2/27/2019 5:00,0,0
2/27/2019 6:00,0,0
2/27/2019 7:00,0,0
2/27/2019 8:00,0,0
2/27/2019 9:00,0,0
2/27/2019 10:00,0,0
2/27/2019 11:00,0,0
2/27/2019 12:00,0,0
2/27/2019 13:00,0.017113913,0.005625071
2/27/2019 14:00,0.060039125,0.019733906
2/27/2019 15:00,0.095671501,0.031445702
2/27/2019 16:00,0.109329175,0.035934762
2/27/2019 17:00,0.09014227,0.029628331
2/27/2019 18:00,0.057758179,0.018984195
2/27/2019 19:00,0.029374993,0.009655093
2/27/2019 20:00,0.014830288,0.00487448
2/27/2019 21:00,0.009246706,0.003039245
2/27/2019 22:00,0.008825849,0.002900916
2/27/2019 23:00,0.016856518,0.00554047
2/28/2019 0:00,0.039902334,0.013115263
2/28/2019 1:00,0.045208934,0.014859458
2/28/2019 2:00,0.049503111,0.016270886
2/28/2019 3:00,0.055667952,0.018297171
2/28/2019 4:00,0.068966954,0.022668342
2/28/2019 5:00,0.075075452,0.024676108
2/28/2019 6:00,0.080490201,0.02645585
2/28/2019 7:00,0.081029598,0.026633141
2/28/2019 8:00,0.084431848,0.027751406
2/28/2019 9:00,0.08275955,0.027201749
2/28/2019 10:00,0.114982721,0.037792993
2/28/2019 11:00,0.098007044,0.032213358
2/28/2019 12:00,0.063424428,0.020846601
2/28/2019 13:00,0.042568993,0.013991751
2/28/2019 14:00,0.034846803,0.01145359
2/28/2019 15:00,0.030942298,0.010170242
2/28/2019 16:00,0.034331801,0.011284317
2/28/2019 17:00,0.033934471,0.011153721
2/28/2019 18:00,0.025040449,0.008230398
2/28/2019 19:00,0.02221998,0.007303354
2/28/2019 20:00,0.01840275,0.006048691
2/28/2019 21:00,0.012308426,0.004045584
2/28/2019 22:00,0.033761859,0.011096987
2/28/2019 23:00,0.036479065,0.011990089
03/01/2019 00:00,0.037786057,0.012419676
03/01/2019 01:00,0.038036869,0.012502114
03/01/2019 02:00,0.029994045,0.009858566
03/01/2019 03:00,0.02015936,0.006626061
03/01/2019 04:00,0.00849991,0.002793785
03/01/2019 05:00,0.010620724,0.003490863
03/01/2019 06:00,0.039871144,0.013105011
03/01/2019 07:00,0.108424592,0.03563744
03/01/2019 08:00,0.215755056,0.070915257
03/01/2019 09:00,0.336465864,0.110590981
03/01/2019 10:00,0.309326723,0.101670777
03/01/2019 11:00,0.33984595,0.111701962
03/01/2019 12:00,0.383410463,0.126020925
03/01/2019 13:00,0.388928324,0.127834558
03/01/2019 14:00,0.398607702,0.131016016
03/01/2019 15:00,0.400522364,0.131645335
03/01/2019 16:00,0.394071445,0.12952502
03/01/2019 17:00,0.329314938,0.108240586
03/01/2019 18:00,0.288770001,0.094914109
03/01/2019 19:00,0.277278216,0.091136942
03/01/2019 20:00,0.288302829,0.094760557
03/01/2019 21:00,0.263676231,0.086666186
03/01/2019 22:00,0.207319572,0.068142648
03/01/2019 23:00,0.201839487,0.066341431
03/02/2019 00:00,0.193568934,0.063623032
03/02/2019 01:00,0.187074156,0.061488302
03/02/2019 02:00,0.138633356,0.045566581
03/02/2019 03:00,0.159261124,0.0523466
03/02/2019 04:00,0.137997724,0.045357659
03/02/2019 05:00,0.119627631,0.039319701
03/02/2019 06:00,0.106097042,0.034872411
03/02/2019 07:00,0.104016257,0.03418849
03/02/2019 08:00,0.109581217,0.036017604
03/02/2019 09:00,0.160574901,0.052778418
03/02/2019 10:00,0.11000417,0.036156622
03/02/2019 11:00,0.142706859,0.046905476
03/02/2019 12:00,0.198875907,0.06536735
03/02/2019 13:00,0.280074758,0.092056121
03/02/2019 14:00,0.64781063,0.212925057
03/02/2019 15:00,0.818244017,0.268943802
03/02/2019 16:00,0.859153245,0.282390016
03/02/2019 17:00,0.882487033,0.290059461
03/02/2019 18:00,0.895374416,0.294295339
03/02/2019 19:00,0.853161583,0.280420652
03/02/2019 20:00,0.686950191,0.225789609
03/02/2019 21:00,0.497569931,0.163543328
03/02/2019 22:00,0.603685036,0.198421676
03/02/2019 23:00,0.757515147,0.248983188
03/03/2019 00:00,0.821937187,0.270157689
03/03/2019 01:00,0.840048375,0.276110548
03/03/2019 02:00,0.859200132,0.282405427
03/03/2019 03:00,0.879513703,0.289082175
03/03/2019 04:00,0.866841148,0.284916907
03/03/2019 05:00,0.893496265,0.29367802
03/03/2019 06:00,0.908098802,0.298477642
03/03/2019 07:00,0.893129763,0.293557557
03/03/2019 08:00,0.882911532,0.290198987
03/03/2019 09:00,0.881533508,0.289746052
03/03/2019 10:00,0.892071351,0.293209674
03/03/2019 11:00,0.903342524,0.296914329
03/03/2019 12:00,0.897551927,0.295011052
03/03/2019 13:00,0.891965078,0.293174744
03/03/2019 14:00,0.865905438,0.284609354
03/03/2019 15:00,0.753852545,0.247779349
03/03/2019 16:00,0.488864674,0.160682048
03/03/2019 17:00,0.312027795,0.102558577
03/03/2019 18:00,0.276195856,0.090781188
03/03/2019 19:00,0.215351479,0.070782608
03/03/2019 20:00,0.179247575,0.058915829
03/03/2019 21:00,0.161967549,0.053236159
03/03/2019 22:00,0.11637803,0.038251609
03/03/2019 23:00,0.097331704,0.031991384
03/04/2019 00:00,0.104215853,0.034254094
03/04/2019 01:00,0.129246388,0.042481234
03/04/2019 02:00,0.148747239,0.048890853
03/04/2019 03:00,0.149120833,0.049013647
03/04/2019 04:00,0.160097681,0.052621563
03/04/2019 05:00,0.205919704,0.067682534
03/04/2019 06:00,0.267791826,0.088018917
03/04/2019 07:00,0.33439082,0.109908947
03/04/2019 08:00,0.423092927,0.13906392
03/04/2019 09:00,0.502071925,0.165023061
03/04/2019 10:00,0.606376916,0.199306454
03/04/2019 11:00,0.600531676,0.197385216
03/04/2019 12:00,0.645045023,0.212016046
03/04/2019 13:00,0.622091709,0.204471657
03/04/2019 14:00,0.651000854,0.213973633
03/04/2019 15:00,0.730162747,0.239992889
03/04/2019 16:00,0.781365279,0.256822348
03/04/2019 17:00,0.811185378,0.26662374
03/04/2019 18:00,0.766824971,0.252043179
03/04/2019 19:00,0.714332987,0.234789899
03/04/2019 20:00,0.63974809,0.210275028
03/04/2019 21:00,0.525151856,0.172609068
03/04/2019 22:00,0.492986794,0.162036923
03/04/2019 23:00,0.38774566,0.127445835
03/05/2019 00:00,0.376946805,0.123896423
03/05/2019 01:00,0.361449854,0.118802822
03/05/2019 02:00,0.272748778,0.089648188
03/05/2019 03:00,0.189098654,0.062153722
03/05/2019 04:00,0.108885009,0.035788772
03/05/2019 05:00,0.086043405,0.0282811
03/05/2019 06:00,0.079331561,0.026075023
03/05/2019 07:00,0.05196675,0.017080645
03/05/2019 08:00,0.031355732,0.010306131
03/05/2019 09:00,0.019401027,0.006376809
03/05/2019 10:00,0.002063756,0.000678324
03/05/2019 11:00,0,0
03/05/2019 12:00,0,0
03/05/2019 13:00,0,0
03/05/2019 14:00,0,0
03/05/2019 15:00,0,0
03/05/2019 16:00,0.010299217,0.003385189
03/05/2019 17:00,0.018234078,0.005993252
03/05/2019 18:00,0.021621328,0.007106587
03/05/2019 19:00,0.025241988,0.00829664
03/05/2019 20:00,0.03589542,0.011798254
03/05/2019 21:00,0.050680787,0.016657969
03/05/2019 22:00,0.085254848,0.028021913
03/05/2019 23:00,0.100833693,0.033142432
03/06/2019 00:00,0.148076461,0.048670379
03/06/2019 01:00,0.174286845,0.057285316
03/06/2019 02:00,0.221692584,0.072866829
03/06/2019 03:00,0.247742872,0.081429144
03/06/2019 04:00,0.233897264,0.076878313
03/06/2019 05:00,0.242968681,0.079859944
03/06/2019 06:00,0.279975226,0.092023406
03/06/2019 07:00,0.331810191,0.109060736
03/06/2019 08:00,0.416340029,0.13684435
03/06/2019 09:00,0.478896011,0.157405507
03/06/2019 10:00,0.381544001,0.125407449
03/06/2019 11:00,0.552150823,0.181483199
03/06/2019 12:00,0.695573707,0.228624021
03/06/2019 13:00,0.740016932,0.243231803
03/06/2019 14:00,0.75131955,0.246946794
03/06/2019 15:00,0.77849763,0.255879797
03/06/2019 16:00,0.771101776,0.253448897
03/06/2019 17:00,0.781754909,0.256950413
03/06/2019 18:00,0.794708164,0.261207942
03/06/2019 19:00,0.79961926,0.262822141
03/06/2019 20:00,0.808684955,0.265801891
03/06/2019 21:00,0.747372112,0.245649334
03/06/2019 22:00,0.670007162,0.220220704
03/06/2019 23:00,0.730089775,0.239968904
03/07/2019 00:00,0.779334136,0.256154743
03/07/2019 01:00,0.793581956,0.260837775
03/07/2019 02:00,0.816739092,0.268449158
03/07/2019 03:00,0.844853334,0.277689862
03/07/2019 04:00,0.864959241,0.284298354
03/07/2019 05:00,0.876237757,0.288005423
03/07/2019 06:00,0.872301121,0.286711513
03/07/2019 07:00,0.884217943,0.290628383
03/07/2019 08:00,0.905264733,0.297546129
03/07/2019 09:00,0.908963354,0.298761807
03/07/2019 10:00,0.91,0.299102536
03/07/2019 11:00,0.91,0.299102536
03/07/2019 12:00,0.908620476,0.298649108
03/07/2019 13:00,0.908888736,0.298737281
03/07/2019 14:00,0.905811655,0.297725893
03/07/2019 15:00,0.89995918,0.295802278
03/07/2019 16:00,0.903822486,0.297072085
03/07/2019 17:00,0.895215926,0.294243246
03/07/2019 18:00,0.883482078,0.290386516
03/07/2019 19:00,0.871999715,0.286612446
03/07/2019 20:00,0.828305971,0.272251007
03/07/2019 21:00,0.725610191,0.238496536
03/07/2019 22:00,0.606149145,0.199231589
03/07/2019 23:00,0.52002469,0.17092385
03/08/2019 00:00,0.443806513,0.145872147
03/08/2019 01:00,0.318727691,0.104760726
03/08/2019 02:00,0.233393267,0.076712657
03/08/2019 03:00,0.167308411,0.054991615
03/08/2019 04:00,0.114045506,0.037484945
03/08/2019 05:00,0.071437575,0.023480395
03/08/2019 06:00,0.029298826,0.009630058
03/08/2019 07:00,0.002379813,0.000782207
03/08/2019 08:00,0.014940759,0.00491079
03/08/2019 09:00,0.049619685,0.016309202
03/08/2019 10:00,0.206740423,0.067952291
03/08/2019 11:00,0.339907367,0.111722149
03/08/2019 12:00,0.452797796,0.148827438
03/08/2019 13:00,0.467232033,0.153571743
03/08/2019 14:00,0.569269293,0.187109768
03/08/2019 15:00,0.585501355,0.192444989
03/08/2019 16:00,0.497330612,0.163464667
03/08/2019 17:00,0.363842111,0.119589119
03/08/2019 18:00,0.322525473,0.106008996
03/08/2019 19:00,0.318824635,0.10479259
03/08/2019 20:00,0.422601946,0.138902542
03/08/2019 21:00,0.379559553,0.124755192
03/08/2019 22:00,0.347418051,0.114190791
03/08/2019 23:00,0.465527584,0.153011517
03/09/2019 00:00,0.91,0.299102536
03/09/2019 01:00,0.91,0.299102536
03/09/2019 02:00,0.91,0.299102536
03/09/2019 03:00,0.91,0.299102536
03/09/2019 04:00,0.91,0.299102536
03/09/2019 05:00,0.91,0.299102536
03/09/2019 06:00,0.91,0.299102536
03/09/2019 07:00,0.91,0.299102536
03/09/2019 08:00,0.91,0.299102536
03/09/2019 09:00,0.91,0.299102536
03/09/2019 10:00,0.91,0.299102536
03/09/2019 11:00,0.91,0.299102536
03/09/2019 12:00,0.91,0.299102536
03/09/2019 13:00,0.91,0.299102536
03/09/2019 14:00,0.91,0.299102536
03/09/2019 15:00,0.91,0.299102536
03/09/2019 16:00,0.91,0.299102536
03/09/2019 17:00,0.91,0.299102536
03/09/2019 18:00,0.904434516,0.29727325
03/09/2019 19:00,0.857639443,0.281892453
03/09/2019 20:00,0.782921326,0.257333796
03/09/2019 21:00,0.7826251,0.257236431
03/09/2019 22:00,0.71093576,0.233673284
03/09/2019 23:00,0.700213032,0.230148894
03/10/2019 00:00,0.486985551,0.16006441
03/10/2019 01:00,0.514647632,0.169156496
03/10/2019 02:00,0.571401003,0.187810427
03/10/2019 03:00,0.412955534,0.13573192
03/10/2019 04:00,0.147162936,0.048370118
03/10/2019 05:00,0.096348914,0.031668357
03/10/2019 06:00,0.089674921,0.029474721
03/10/2019 07:00,0.084546367,0.027789047
03/10/2019 08:00,0.07030689,0.023108757
03/10/2019 09:00,0.035510425,0.011671712
03/10/2019 10:00,0.037365955,0.012281595
03/10/2019 11:00,0.049244036,0.016185732
03/10/2019 12:00,0.112433691,0.036955167
03/10/2019 13:00,0.238182094,0.078286668
03/10/2019 14:00,0.258362588,0.084919676
03/10/2019 15:00,0.16849842,0.055382753
03/10/2019 16:00,0.072945814,0.023976129
03/10/2019 17:00,0.020463457,0.006726013
03/10/2019 18:00,0.046623106,0.015324274
03/10/2019 19:00,0.148152478,0.048695365
03/10/2019 20:00,0.239812185,0.078822454
03/10/2019 21:00,0.282071424,0.092712393
03/10/2019 22:00,0.391178373,0.128574114
03/10/2019 23:00,0.469001404,0.154153307
03/11/2019 00:00,0.372300945,0.122369403
03/11/2019 01:00,0.300393693,0.098734632
03/11/2019 02:00,0.38657596,0.127061373
03/11/2019 03:00,0.592447372,0.194728034
03/11/2019 04:00,0.585595549,0.192475949
03/11/2019 05:00,0.564020024,0.185384417
03/11/2019 06:00,0.699294844,0.2298471
03/11/2019 07:00,0.764389987,0.251242839
03/11/2019 08:00,0.786558448,0.25852926
03/11/2019 09:00,0.799668081,0.262838188
03/11/2019 10:00,0.805420997,0.26472908
03/11/2019 11:00,0.827058619,0.271841022
03/11/2019 12:00,0.841397598,0.276554016
03/11/2019 13:00,0.797996908,0.2622889
03/11/2019 14:00,0.642919167,0.211317311
03/11/2019 15:00,0.455574736,0.149740174
03/11/2019 16:00,0.352448823,0.115844326
03/11/2019 17:00,0.245960931,0.080843449
03/11/2019 18:00,0.365764006,0.120220815
03/11/2019 19:00,0.598158874,0.196605314
03/11/2019 20:00,0.774440226,0.254546193
03/11/2019 21:00,0.888189919,0.291933909
03/11/2019 22:00,0.91,0.299102536
03/11/2019 23:00,0.91,0.299102536
03/12/2019 00:00,0.91,0.299102536
03/12/2019 01:00,0.91,0.299102536
03/12/2019 02:00,0.91,0.299102536
03/12/2019 03:00,0.908048663,0.298461162
03/12/2019 04:00,0.750248818,0.246594861
03/12/2019 05:00,0.51172542,0.168196012
03/12/2019 06:00,0.497226387,0.16343041
03/12/2019 07:00,0.572320614,0.188112689
03/12/2019 08:00,0.656365257,0.215736827
03/12/2019 09:00,0.732299061,0.240695062
03/12/2019 10:00,0.726073219,0.238648726
03/12/2019 11:00,0.717239308,0.23574516
03/12/2019 12:00,0.781868942,0.256987894
03/12/2019 13:00,0.798735322,0.262531605
03/12/2019 14:00,0.855228532,0.281100025
03/12/2019 15:00,0.895923023,0.294475657
03/12/2019 16:00,0.908343841,0.298558183
03/12/2019 17:00,0.91,0.299102536
03/12/2019 18:00,0.91,0.299102536
03/12/2019 19:00,0.903654056,0.297016725
03/12/2019 20:00,0.788451624,0.259151517
03/12/2019 21:00,0.47728838,0.156877104
03/12/2019 22:00,0.147544742,0.048495611
03/12/2019 23:00,0.032033573,0.010528926
3/13/2019 0:00,0.043455231,0.014283044
3/13/2019 1:00,0.160354984,0.052706134
3/13/2019 2:00,0.372704764,0.122502132
3/13/2019 3:00,0.641445013,0.21083278
3/13/2019 4:00,0.792137224,0.260362915
3/13/2019 5:00,0.85155642,0.27989306
3/13/2019 6:00,0.877986149,0.288580092
3/13/2019 7:00,0.887882027,0.29183271
3/13/2019 8:00,0.833727373,0.274032936
3/13/2019 9:00,0.755552022,0.24833794
3/13/2019 10:00,0.706272663,0.232140598
3/13/2019 11:00,0.646042584,0.212343929
3/13/2019 12:00,0.652376763,0.214425873
3/13/2019 13:00,0.72259627,0.237505908
3/13/2019 14:00,0.760095807,0.24983141
3/13/2019 15:00,0.797344653,0.262074514
3/13/2019 16:00,0.800589301,0.263140978
3/13/2019 17:00,0.760557182,0.249983057
3/13/2019 18:00,0.682155052,0.224213523
3/13/2019 19:00,0.601244925,0.19761965
3/13/2019 20:00,0.517642127,0.170140739
3/13/2019 21:00,0.35585644,0.116964356
3/13/2019 22:00,0.154365039,0.050737335
3/13/2019 23:00,0.156733837,0.051515921
3/14/2019 0:00,0.286260875,0.094089399
3/14/2019 1:00,0.271037113,0.089085591
3/14/2019 2:00,0.347346794,0.11416737
3/14/2019 3:00,0.75245373,0.247319581
3/14/2019 4:00,0.750403065,0.24664556
3/14/2019 5:00,0.695181879,0.228495234
3/14/2019 6:00,0.617166788,0.202852914
3/14/2019 7:00,0.53942949,0.177301899
3/14/2019 8:00,0.427611687,0.140549165
3/14/2019 9:00,0.371107042,0.121976986
3/14/2019 10:00,0.546671824,0.179682339
3/14/2019 11:00,0.68443975,0.224964467
3/14/2019 12:00,0.730014065,0.23994402
3/14/2019 13:00,0.730106252,0.23997432
3/14/2019 14:00,0.697546338,0.229272394
3/14/2019 15:00,0.664168773,0.218301719
3/14/2019 16:00,0.609042026,0.200182433
3/14/2019 17:00,0.588622386,0.193470822
3/14/2019 18:00,0.609082218,0.200195644
3/14/2019 19:00,0.689072509,0.226487181
3/14/2019 20:00,0.658967343,0.216592092
3/14/2019 21:00,0.727797837,0.239215581
3/14/2019 22:00,0.771212589,0.25348532
3/14/2019 23:00,0.766272093,0.251861457
3/15/2019 0:00,0.804911648,0.264561665
3/15/2019 1:00,0.75153765,0.24701848
3/15/2019 2:00,0.608501037,0.200004619
3/15/2019 3:00,0.483950023,0.15906668
3/15/2019 4:00,0.369969082,0.121602957
3/15/2019 5:00,0.377199514,0.123979485
3/15/2019 6:00,0.413172902,0.135803365
3/15/2019 7:00,0.545141359,0.1791793
3/15/2019 8:00,0.66768646,0.219457927
3/15/2019 9:00,0.791472995,0.260144593
3/15/2019 10:00,0.891145704,0.292905428
3/15/2019 11:00,0.903214708,0.296872318
3/15/2019 12:00,0.896146205,0.294549014
3/15/2019 13:00,0.899615888,0.295689443
3/15/2019 14:00,0.899838918,0.29576275
3/15/2019 15:00,0.908881922,0.298735041
3/15/2019 16:00,0.909773751,0.299028171
3/15/2019 17:00,0.91,0.299102536
3/15/2019 18:00,0.91,0.299102536
3/15/2019 19:00,0.908927925,0.298750162
3/15/2019 20:00,0.90835172,0.298560772
3/15/2019 21:00,0.908095028,0.298476402
3/15/2019 22:00,0.903626258,0.297007588
3/15/2019 23:00,0.887842628,0.29181976
3/16/2019 0:00,0.86658608,0.28483307
3/16/2019 1:00,0.841394053,0.276552851
3/16/2019 2:00,0.800521533,0.263118704
3/16/2019 3:00,0.720185905,0.23671366
3/16/2019 4:00,0.60563736,0.199063374
3/16/2019 5:00,0.441280686,0.145041947
3/16/2019 6:00,0.289251376,0.09507233
3/16/2019 7:00,0.182029578,0.059830229
3/16/2019 8:00,0.137964709,0.045346807
3/16/2019 9:00,0.103413306,0.03399031
3/16/2019 10:00,0.084285352,0.027703256
3/16/2019 11:00,0.036374975,0.011955876
3/16/2019 12:00,0.013641168,0.004483635
3/16/2019 13:00,0,0
3/16/2019 14:00,0,0
3/16/2019 15:00,0,0
3/16/2019 16:00,0.013167993,0.00432811
3/16/2019 17:00,0.043870942,0.014419681
3/16/2019 18:00,0.066166379,0.021747837
3/16/2019 19:00,0.109716615,0.036062107
3/16/2019 20:00,0.178285389,0.058599574
3/16/2019 21:00,0.271691576,0.089300702
3/16/2019 22:00,0.248273988,0.081603714
3/16/2019 23:00,0.325140008,0.106868352
3/17/2019 0:00,0.382386044,0.125684215
3/17/2019 1:00,0.479895765,0.15773411
3/17/2019 2:00,0.527713523,0.173451047
3/17/2019 3:00,0.534013929,0.17552189
3/17/2019 4:00,0.647335253,0.212768808
3/17/2019 5:00,0.629867312,0.207027374
3/17/2019 6:00,0.555481252,0.182577858
3/17/2019 7:00,0.524958412,0.172545486
3/17/2019 8:00,0.672804765,0.221140232
3/17/2019 9:00,0.827214055,0.271892111
3/17/2019 10:00,0.906449739,0.297935621
3/17/2019 11:00,0.907839582,0.298392441
3/17/2019 12:00,0.91,0.299102536
3/17/2019 13:00,0.91,0.299102536
3/17/2019 14:00,0.91,0.299102536
3/17/2019 15:00,0.91,0.299102536
3/17/2019 16:00,0.907151412,0.29816625
3/17/2019 17:00,0.899224438,0.29556078
3/17/2019 18:00,0.888230272,0.291947172
3/17/2019 19:00,0.871159632,0.286336324
3/17/2019 20:00,0.856553459,0.281535507
3/17/2019 21:00,0.818625866,0.26906931
3/17/2019 22:00,0.800330019,0.263055756
3/17/2019 23:00,0.719906592,0.236621854
3/18/2019 0:00,0.615768209,0.202393223
3/18/2019 1:00,0.507992627,0.166969102
3/18/2019 2:00,0.391413766,0.128651483
3/18/2019 3:00,0.286073409,0.094027782
3/18/2019 4:00,0.180819961,0.059432647
3/18/2019 5:00,0.10793536,0.035476637
3/18/2019 6:00,0.048882581,0.016066927
3/18/2019 7:00,0.012031417,0.003954535
3/18/2019 8:00,0,0
3/18/2019 9:00,0,0
3/18/2019 10:00,0,0
3/18/2019 11:00,0,0
3/18/2019 12:00,0,0
3/18/2019 13:00,0.006199612,0.002037714
3/18/2019 14:00,0.031061055,0.010209275
3/18/2019 15:00,0.052445316,0.017237942
3/18/2019 16:00,0.062572829,0.020566694
3/18/2019 17:00,0.078879992,0.025926599
3/18/2019 18:00,0.121268812,0.039859131
3/18/2019 19:00,0.160599874,0.052786626
3/18/2019 20:00,0.234230082,0.076987705
3/18/2019 21:00,0.29025499,0.095402202
3/18/2019 22:00,0.367563879,0.120812405
3/18/2019 23:00,0.316497605,0.104027732
3/19/2019 0:00,0.263904758,0.086741299
3/19/2019 1:00,0.22725493,0.074695083
3/19/2019 2:00,0.216396057,0.071125944
3/19/2019 3:00,0.207800708,0.06830079
3/19/2019 4:00,0.247989798,0.081510305
3/19/2019 5:00,0.30919896,0.101628784
3/19/2019 6:00,0.350375382,0.115162819
3/19/2019 7:00,0.383580903,0.126076946
3/19/2019 8:00,0.402116919,0.13216944
3/19/2019 9:00,0.437991774,0.143960934
3/19/2019 10:00,0.482978307,0.158747293
3/19/2019 11:00,0.537872275,0.176790068
3/19/2019 12:00,0.552960299,0.181749261
3/19/2019 13:00,0.554335168,0.182201159
3/19/2019 14:00,0.632801665,0.207991849
3/19/2019 15:00,0.669155968,0.21994093
3/19/2019 16:00,0.772973106,0.254063974
3/19/2019 17:00,0.810991868,0.266560137
3/19/2019 18:00,0.794173618,0.261032245
3/19/2019 19:00,0.773722841,0.2543104
3/19/2019 20:00,0.737321805,0.242345958
3/19/2019 21:00,0.722142429,0.237356738
3/19/2019 22:00,0.652087152,0.214330682
3/19/2019 23:00,0.684231334,0.224895964
3/20/2019 0:00,0.701666711,0.230626695
3/20/2019 1:00,0.727821528,0.239223368
3/20/2019 2:00,0.712350897,0.234138417
3/20/2019 3:00,0.661550649,0.217441183
3/20/2019 4:00,0.639459267,0.210180097
3/20/2019 5:00,0.656994082,0.215943512
3/20/2019 6:00,0.592192508,0.194644265
3/20/2019 7:00,0.480051588,0.157785327
3/20/2019 8:00,0.427074056,0.140372454
3/20/2019 9:00,0.403338629,0.132570996
3/20/2019 10:00,0.422745492,0.138949724
3/20/2019 11:00,0.350317499,0.115143794
3/20/2019 12:00,0.383973687,0.126206048
3/20/2019 13:00,0.360440516,0.118471069
3/20/2019 14:00,0.431804408,0.141927245
3/20/2019 15:00,0.62849731,0.206577076
3/20/2019 16:00,0.824720079,0.271072381
3/20/2019 17:00,0.883884157,0.290518673
3/20/2019 18:00,0.894298847,0.293941816
3/20/2019 19:00,0.893919235,0.293817044
3/20/2019 20:00,0.889188664,0.29226218
3/20/2019 21:00,0.882624905,0.290104777
3/20/2019 22:00,0.855666389,0.281243941
3/20/2019 23:00,0.828509442,0.272317884
3/21/2019 0:00,0.822557445,0.270361558
3/21/2019 1:00,0.806397128,0.265049918
3/21/2019 2:00,0.662150024,0.217638188
3/21/2019 3:00,0.34629765,0.113822533
3/21/2019 4:00,0.221706873,0.072871525
3/21/2019 5:00,0.203762183,0.066973391
3/21/2019 6:00,0.301401981,0.09906604
3/21/2019 7:00,0.341255671,0.112165315
3/21/2019 8:00,0.282089392,0.092718299
3/21/2019 9:00,0.188656799,0.062008491
3/21/2019 10:00,0.088645265,0.02913629
3/21/2019 11:00,0.086784837,0.028524796
3/21/2019 12:00,0.108358718,0.035615788
3/21/2019 13:00,0.061875759,0.020337578
3/21/2019 14:00,0.035519114,0.011674568
3/21/2019 15:00,0.009972148,0.003277687
3/21/2019 16:00,0,0
3/21/2019 17:00,0.0395186,0.012989136
3/21/2019 18:00,0.24881165,0.081780435
3/21/2019 19:00,0.496609566,0.163227671
3/21/2019 20:00,0.767549303,0.252281256
3/21/2019 21:00,0.870628804,0.286161849
3/21/2019 22:00,0.869780525,0.285883033
3/21/2019 23:00,0.833817031,0.274062405
3/22/2019 0:00,0.798182442,0.262349882
3/22/2019 1:00,0.823258065,0.270591841
3/22/2019 2:00,0.835246357,0.274532201
3/22/2019 3:00,0.846526512,0.278239809
3/22/2019 4:00,0.850530812,0.279555959
3/22/2019 5:00,0.873463607,0.287093604
3/22/2019 6:00,0.884040684,0.290570121
3/22/2019 7:00,0.895305028,0.294272532
3/22/2019 8:00,0.908161963,0.298498402
3/22/2019 9:00,0.91,0.299102536
3/22/2019 10:00,0.91,0.299102536
3/22/2019 11:00,0.906948264,0.298099479
3/22/2019 12:00,0.858046169,0.282026137
3/22/2019 13:00,0.78442597,0.257828348
3/22/2019 14:00,0.747725996,0.24576565
3/22/2019 15:00,0.815232907,0.267954099
3/22/2019 16:00,0.86281059,0.283592127
3/22/2019 17:00,0.89979481,0.295748252
3/22/2019 18:00,0.91,0.299102536
3/22/2019 19:00,0.91,0.299102536
3/22/2019 20:00,0.91,0.299102536
3/22/2019 21:00,0.91,0.299102536
3/22/2019 22:00,0.91,0.299102536
3/22/2019 23:00,0.91,0.299102536
3/23/2019 0:00,0.91,0.299102536
3/23/2019 1:00,0.91,0.299102536
3/23/2019 2:00,0.91,0.299102536
3/23/2019 3:00,0.91,0.299102536
3/23/2019 4:00,0.91,0.299102536
3/23/2019 5:00,0.91,0.299102536
3/23/2019 6:00,0.91,0.299102536
3/23/2019 7:00,0.91,0.299102536
3/23/2019 8:00,0.91,0.299102536
3/23/2019 9:00,0.91,0.299102536
3/23/2019 10:00,0.91,0.299102536
3/23/2019 11:00,0.91,0.299102536
3/23/2019 12:00,0.91,0.299102536
3/23/2019 13:00,0.91,0.299102536
3/23/2019 14:00,0.90779722,0.298378517
3/23/2019 15:00,0.90021689,0.295886983
3/23/2019 16:00,0.88163857,0.289780585
3/23/2019 17:00,0.845616731,0.277940779
3/23/2019 18:00,0.799124134,0.262659401
3/23/2019 19:00,0.745053123,0.244887119
3/23/2019 20:00,0.783106888,0.257394787
3/23/2019 21:00,0.749580103,0.246375065
3/23/2019 22:00,0.675585495,0.222054214
3/23/2019 23:00,0.722447378,0.23745697
3/24/2019 0:00,0.756558803,0.248668853
3/24/2019 1:00,0.763206801,0.250853944
3/24/2019 2:00,0.744251841,0.24462375
3/24/2019 3:00,0.749810874,0.246450916
3/24/2019 4:00,0.787875917,0.258962291
3/24/2019 5:00,0.82011208,0.269557805
3/24/2019 6:00,0.85280293,0.280302768
3/24/2019 7:00,0.85615842,0.281405664
3/24/2019 8:00,0.896355431,0.294617783
3/24/2019 9:00,0.90346376,0.296954178
3/24/2019 10:00,0.904611163,0.297331311
3/24/2019 11:00,0.909183863,0.298834285
3/24/2019 12:00,0.90658906,0.297981414
3/24/2019 13:00,0.906630393,0.297995
3/24/2019 14:00,0.908392842,0.298574289
3/24/2019 15:00,0.909515744,0.298943368
3/24/2019 16:00,0.91,0.299102536
3/24/2019 17:00,0.91,0.299102536
3/24/2019 18:00,0.91,0.299102536
3/24/2019 19:00,0.91,0.299102536
3/24/2019 20:00,0.91,0.299102536
3/24/2019 21:00,0.91,0.299102536
3/24/2019 22:00,0.908316689,0.298549258
3/24/2019 23:00,0.888639386,0.292081641
3/25/2019 0:00,0.884842832,0.290833775
3/25/2019 1:00,0.871509453,0.286451305
3/25/2019 2:00,0.857756365,0.281930883
3/25/2019 3:00,0.853240646,0.280446638
3/25/2019 4:00,0.825464302,0.271316995
3/25/2019 5:00,0.809048509,0.265921385
3/25/2019 6:00,0.778982613,0.256039203
3/25/2019 7:00,0.6806899,0.223731951
3/25/2019 8:00,0.53581982,0.176115458
3/25/2019 9:00,0.465151439,0.152887884
3/25/2019 10:00,0.426478014,0.140176544
3/25/2019 11:00,0.382942082,0.125866976
3/25/2019 12:00,0.489796521,0.160988331
3/25/2019 13:00,0.522781658,0.171830021
3/25/2019 14:00,0.518613014,0.170459855
3/25/2019 15:00,0.563748203,0.185295074
3/25/2019 16:00,0.435340067,0.14308936
3/25/2019 17:00,0.322692956,0.106064045
3/25/2019 18:00,0.451503698,0.148402089
3/25/2019 19:00,0.422711463,0.138938539
3/25/2019 20:00,0.413663179,0.135964512
3/25/2019 21:00,0.458433569,0.150679827
3/25/2019 22:00,0.448245658,0.147331223
3/25/2019 23:00,0.468738578,0.15406692
3/26/2019 0:00,0.519189703,0.170649403
3/26/2019 1:00,0.595592413,0.195761759
3/26/2019 2:00,0.660408319,0.217065717
3/26/2019 3:00,0.739421648,0.243036143
3/26/2019 4:00,0.793387177,0.260773754
3/26/2019 5:00,0.806139308,0.264965177
3/26/2019 6:00,0.812151942,0.266941434
3/26/2019 7:00,0.824183363,0.270895971
3/26/2019 8:00,0.81647316,0.26836175
3/26/2019 9:00,0.816261152,0.268292066
3/26/2019 10:00,0.831676847,0.27335896
3/26/2019 11:00,0.872421467,0.286751069
3/26/2019 12:00,0.883656502,0.290443847
3/26/2019 13:00,0.905315885,0.297562942
3/26/2019 14:00,0.908364046,0.298564824
3/26/2019 15:00,0.90974357,0.299018251
3/26/2019 16:00,0.909104748,0.298808281
3/26/2019 17:00,0.906773053,0.29804189
3/26/2019 18:00,0.895877766,0.294460782
3/26/2019 19:00,0.877117724,0.288294654
3/26/2019 20:00,0.866387571,0.284767823
3/26/2019 21:00,0.858794019,0.282271944
3/26/2019 22:00,0.87051241,0.286123592
3/26/2019 23:00,0.86629555,0.284737578
3/27/2019 0:00,0.852605904,0.280238009
3/27/2019 1:00,0.82212633,0.270219857
3/27/2019 2:00,0.801103219,0.263309895
3/27/2019 3:00,0.794651448,0.2611893
3/27/2019 4:00,0.790091578,0.259690543
3/27/2019 5:00,0.795045194,0.261318718
3/27/2019 6:00,0.812834479,0.267165773
3/27/2019 7:00,0.831387383,0.273263818
3/27/2019 8:00,0.821587338,0.270042699
3/27/2019 9:00,0.79398281,0.260969529
3/27/2019 10:00,0.756222772,0.248558405
3/27/2019 11:00,0.751002383,0.246842546
3/27/2019 12:00,0.79554694,0.261483634
3/27/2019 13:00,0.81146272,0.266714898
3/27/2019 14:00,0.829722919,0.272716735
3/27/2019 15:00,0.834028215,0.274131817
3/27/2019 16:00,0.812958003,0.267206374
3/27/2019 17:00,0.816312433,0.268308922
3/27/2019 18:00,0.811002679,0.26656369
3/27/2019 19:00,0.777256189,0.255471755
3/27/2019 20:00,0.771365285,0.253535508
3/27/2019 21:00,0.766979065,0.252093828
3/27/2019 22:00,0.77112772,0.253457424
3/27/2019 23:00,0.753954486,0.247812855
3/28/2019 0:00,0.764194124,0.251178462
3/28/2019 1:00,0.749703881,0.246415749
3/28/2019 2:00,0.732199802,0.240662437
3/28/2019 3:00,0.720746117,0.236897793
3/28/2019 4:00,0.726204592,0.238691906
3/28/2019 5:00,0.746508828,0.245365586
3/28/2019 6:00,0.762789954,0.250716934
3/28/2019 7:00,0.757584195,0.249005883
3/28/2019 8:00,0.763730521,0.251026083
3/28/2019 9:00,0.766806973,0.252037264
3/28/2019 10:00,0.783613624,0.257561343
3/28/2019 11:00,0.79270527,0.260549622
3/28/2019 12:00,0.786522756,0.258517528
3/28/2019 13:00,0.767534989,0.252276551
3/28/2019 14:00,0.737125018,0.242281277
3/28/2019 15:00,0.722689913,0.237536687
3/28/2019 16:00,0.713126599,0.234393378
3/28/2019 17:00,0.73027209,0.240028828
3/28/2019 18:00,0.781665745,0.256921106
3/28/2019 19:00,0.805025347,0.264599036
3/28/2019 20:00,0.821920555,0.270152222
3/28/2019 21:00,0.842633695,0.276960302
3/28/2019 22:00,0.814629328,0.267755712
3/28/2019 23:00,0.844848697,0.277688338
3/29/2019 0:00,0.859735337,0.28258134
3/29/2019 1:00,0.870597888,0.286151688
3/29/2019 2:00,0.871776366,0.286539035
3/29/2019 3:00,0.86849233,0.285459624
3/29/2019 4:00,0.860075868,0.282693267
3/29/2019 5:00,0.860971498,0.282987646
3/29/2019 6:00,0.866718788,0.284876689
3/29/2019 7:00,0.871787314,0.286542633
3/29/2019 8:00,0.880809544,0.289508097
3/29/2019 9:00,0.883889104,0.290520299
3/29/2019 10:00,0.884467177,0.290710302
3/29/2019 11:00,0.87374782,0.28718702
3/29/2019 12:00,0.837980485,0.275430866
3/29/2019 13:00,0.712762142,0.234273587
3/29/2019 14:00,0.49494586,0.162680837
3/29/2019 15:00,0.294165632,0.096687567
3/29/2019 16:00,0.217407557,0.071458408
3/29/2019 17:00,0.183482115,0.060307655
3/29/2019 18:00,0.154997432,0.050945192
3/29/2019 19:00,0.130840671,0.043005249
3/29/2019 20:00,0.134201531,0.04410991
3/29/2019 21:00,0.159959739,0.052576224
3/29/2019 22:00,0.181852926,0.059772166
3/29/2019 23:00,0.245067479,0.080549785
3/30/2019 0:00,0.311228999,0.102296025
3/30/2019 1:00,0.310617067,0.102094893
3/30/2019 2:00,0.364031626,0.119651409
3/30/2019 3:00,0.396873449,0.130445994
3/30/2019 4:00,0.452563356,0.148750382
3/30/2019 5:00,0.508588072,0.167164815
3/30/2019 6:00,0.543153713,0.178525992
3/30/2019 7:00,0.62266367,0.204659651
3/30/2019 8:00,0.660203959,0.216998547
3/30/2019 9:00,0.757096965,0.248845738
3/30/2019 10:00,0.859576075,0.282528993
3/30/2019 11:00,0.882516383,0.290069108
3/30/2019 12:00,0.898219391,0.295230437
3/30/2019 13:00,0.905943417,0.297769201
3/30/2019 14:00,0.907541569,0.298294488
3/30/2019 15:00,0.905137992,0.297504471
3/30/2019 16:00,0.884092053,0.290587005
3/30/2019 17:00,0.823058459,0.270526233
3/30/2019 18:00,0.652186394,0.214363301
3/30/2019 19:00,0.435584307,0.143169638
3/30/2019 20:00,0.300669456,0.098825271
3/30/2019 21:00,0.229878628,0.075557451
3/30/2019 22:00,0.178323768,0.058612188
3/30/2019 23:00,0.139359605,0.045805287
3/31/2019 0:00,0.095944336,0.031535378
3/31/2019 1:00,0.074771457,0.02457619
3/31/2019 2:00,0.079204255,0.02603318
3/31/2019 3:00,0.063652658,0.020921617
3/31/2019 4:00,0.039593533,0.013013765
3/31/2019 5:00,0.023213928,0.007630049
3/31/2019 6:00,0.011445399,0.003761921
3/31/2019 7:00,0.003385649,0.001112809
3/31/2019 8:00,0,0
3/31/2019 9:00,0.013311623,0.004375319
3/31/2019 10:00,0.066848313,0.021971978
3/31/2019 11:00,0.088174941,0.028981701
3/31/2019 12:00,0.10621241,0.034910331
3/31/2019 13:00,0.105648356,0.034724935
3/31/2019 14:00,0.100601553,0.033066131
3/31/2019 15:00,0.093697599,0.030796911
3/31/2019 16:00,0.087068213,0.028617938
3/31/2019 17:00,0.093456578,0.030717692
3/31/2019 18:00,0.12479755,0.041018971
3/31/2019 19:00,0.16787792,0.055178804
3/31/2019 20:00,0.226294399,0.074379372
3/31/2019 21:00,0.267150268,0.087808047
3/31/2019 22:00,0.302317835,0.099367067
3/31/2019 23:00,0.252726667,0.083067238
04/01/2019 00:00,0.190350336,0.06256513
04/01/2019 01:00,0.159246589,0.052341823
04/01/2019 02:00,0.175705272,0.05775153
04/01/2019 03:00,0.200178749,0.065795573
04/01/2019 04:00,0.230439279,0.075741728
04/01/2019 05:00,0.285854687,0.093955892
04/01/2019 06:00,0.368443317,0.121101462
04/01/2019 07:00,0.467491156,0.153656912
04/01/2019 08:00,0.556345333,0.182861868
04/01/2019 09:00,0.605333807,0.198963601
04/01/2019 10:00,0.614377353,0.20193607
04/01/2019 11:00,0.653585084,0.214823028
04/01/2019 12:00,0.754674975,0.248049669
04/01/2019 13:00,0.812203127,0.266958258
04/01/2019 14:00,0.800219093,0.263019296
04/01/2019 15:00,0.810228658,0.266309281
04/01/2019 16:00,0.830384759,0.272934271
04/01/2019 17:00,0.836913236,0.275080078
04/01/2019 18:00,0.831898381,0.273431775
04/01/2019 19:00,0.816337313,0.268317099
04/01/2019 20:00,0.820221795,0.269593867
04/01/2019 21:00,0.783590831,0.257553851
04/01/2019 22:00,0.651829566,0.214246018
04/01/2019 23:00,0.579924243,0.190611881
04/02/2019 00:00,0.362584794,0.119175859
04/02/2019 01:00,0.175004583,0.057521225
04/02/2019 02:00,0.091019026,0.029916507
04/02/2019 03:00,0.068241738,0.022429975
04/02/2019 04:00,0.071457987,0.023487105
04/02/2019 05:00,0.052793938,0.017352528
04/02/2019 06:00,0.026016085,0.008551074
04/02/2019 07:00,0.010105191,0.003321416
04/02/2019 08:00,0.001970575,0.000647697
04/02/2019 09:00,0.00120484,0.000396012
04/02/2019 10:00,0.015296595,0.005027748
04/02/2019 11:00,0.039520796,0.012989857
04/02/2019 12:00,0.080447718,0.026441886
04/02/2019 13:00,0.152812177,0.050226933
04/02/2019 14:00,0.275259794,0.090473519
04/02/2019 15:00,0.442304848,0.145378573
04/02/2019 16:00,0.643983719,0.211667212
04/02/2019 17:00,0.786005478,0.258347507
04/02/2019 18:00,0.865640404,0.284522242
04/02/2019 19:00,0.905246868,0.297540257
04/02/2019 20:00,0.91,0.299102536
04/02/2019 21:00,0.91,0.299102536
04/02/2019 22:00,0.91,0.299102536
04/02/2019 23:00,0.91,0.299102536
04/03/2019 00:00,0.91,0.299102536
04/03/2019 01:00,0.91,0.299102536
04/03/2019 02:00,0.91,0.299102536
04/03/2019 03:00,0.91,0.299102536
04/03/2019 04:00,0.91,0.299102536
04/03/2019 05:00,0.91,0.299102536
04/03/2019 06:00,0.91,0.299102536
04/03/2019 07:00,0.91,0.299102536
04/03/2019 08:00,0.905678604,0.297682161
04/03/2019 09:00,0.91,0.299102536
04/03/2019 10:00,0.91,0.299102536
04/03/2019 11:00,0.91,0.299102536
04/03/2019 12:00,0.91,0.299102536
04/03/2019 13:00,0.91,0.299102536
04/03/2019 14:00,0.896587713,0.29469413
04/03/2019 15:00,0.683201039,0.224557322
04/03/2019 16:00,0.32013131,0.105222073
04/03/2019 17:00,0.232707769,0.076487345
04/03/2019 18:00,0.147621084,0.048520704
04/03/2019 19:00,0.086433846,0.028409431
04/03/2019 20:00,0.059953142,0.019705645
04/03/2019 21:00,0.068781406,0.022607355
04/03/2019 22:00,0.093518231,0.030737956
04/03/2019 23:00,0.189427888,0.062261936
04/04/2019 00:00,0.353082709,0.116052674
04/04/2019 01:00,0.580052064,0.190653894
04/04/2019 02:00,0.714046211,0.23469564
04/04/2019 03:00,0.768444697,0.252575558
04/04/2019 04:00,0.729427875,0.239751348
04/04/2019 05:00,0.710193297,0.233429248
04/04/2019 06:00,0.789896768,0.259626512
04/04/2019 07:00,0.853975259,0.280688094
04/04/2019 08:00,0.863422783,0.283793345
04/04/2019 09:00,0.873923881,0.287244889
04/04/2019 10:00,0.857369052,0.28180358
04/04/2019 11:00,0.78750135,0.258839177
04/04/2019 12:00,0.760707289,0.250032394
04/04/2019 13:00,0.752929834,0.247476069
04/04/2019 14:00,0.646690194,0.212556788
04/04/2019 15:00,0.541932076,0.17812446
04/04/2019 16:00,0.417186846,0.137122685
04/04/2019 17:00,0.275729335,0.09062785
04/04/2019 18:00,0.176272911,0.057938104
04/04/2019 19:00,0.207833593,0.068311599
04/04/2019 20:00,0.17998113,0.059156937
04/04/2019 21:00,0.133459258,0.043865937
04/04/2019 22:00,0.121616586,0.039973439
04/04/2019 23:00,0.153907203,0.050586851
04/05/2019 00:00,0.171279328,0.056296793
04/05/2019 01:00,0.204984521,0.067375154
04/05/2019 02:00,0.213337251,0.070120563
04/05/2019 03:00,0.231578908,0.076116306
04/05/2019 04:00,0.269170129,0.088471943
04/05/2019 05:00,0.265959929,0.087416801
04/05/2019 06:00,0.233259,0.076668526
04/05/2019 07:00,0.200064469,0.065758011
04/05/2019 08:00,0.156142038,0.051321406
04/05/2019 09:00,0.125100507,0.041118548
04/05/2019 10:00,0.12046374,0.039594517
04/05/2019 11:00,0.079378743,0.026090531
04/05/2019 12:00,0.041748693,0.013722132
04/05/2019 13:00,0.0251377,0.008262363
04/05/2019 14:00,0.024423878,0.00802774
04/05/2019 15:00,0.017547116,0.005767458
04/05/2019 16:00,0.01488296,0.004891792
04/05/2019 17:00,0.005081673,0.001670265
04/05/2019 18:00,0,0
04/05/2019 19:00,0,0
04/05/2019 20:00,0,0
04/05/2019 21:00,0,0
04/05/2019 22:00,0,0
04/05/2019 23:00,0,0
04/06/2019 00:00,0.013747883,0.004518711
04/06/2019 01:00,0.01754567,0.005766983
04/06/2019 02:00,0.036877388,0.012121011
04/06/2019 03:00,0.057023066,0.018742575
04/06/2019 04:00,0.05971896,0.019628673
04/06/2019 05:00,0.073391833,0.024122729
04/06/2019 06:00,0.105210645,0.034581067
04/06/2019 07:00,0.154987471,0.050941918
04/06/2019 08:00,0.220875295,0.072598199
04/06/2019 09:00,0.269188997,0.088478145
04/06/2019 10:00,0.276643715,0.090928392
04/06/2019 11:00,0.282803044,0.092952866
04/06/2019 12:00,0.353730197,0.116265493
04/06/2019 13:00,0.380909462,0.125198886
04/06/2019 14:00,0.422307263,0.138805685
04/06/2019 15:00,0.519203497,0.170653937
04/06/2019 16:00,0.606771404,0.199436116
04/06/2019 17:00,0.597536404,0.196400718
04/06/2019 18:00,0.546195914,0.179525915
04/06/2019 19:00,0.551845271,0.181382769
04/06/2019 20:00,0.547228282,0.179865238
04/06/2019 21:00,0.526813869,0.173155345
04/06/2019 22:00,0.620085564,0.203812269
04/06/2019 23:00,0.562149232,0.184769517
04/07/2019 00:00,0.541596147,0.178014045
04/07/2019 01:00,0.572139653,0.18805321
04/07/2019 02:00,0.571524275,0.187850945
04/07/2019 03:00,0.568040011,0.186705723
04/07/2019 04:00,0.563100684,0.185082244
04/07/2019 05:00,0.572222854,0.188080557
04/07/2019 06:00,0.57832866,0.190087438
04/07/2019 07:00,0.550642561,0.180987457
04/07/2019 08:00,0.531139873,0.174577234
04/07/2019 09:00,0.505095263,0.166016785
04/07/2019 10:00,0.49939132,0.164141989
04/07/2019 11:00,0.48440972,0.159217775
04/07/2019 12:00,0.486325582,0.159847489
04/07/2019 13:00,0.550500478,0.180940757
04/07/2019 14:00,0.563221897,0.185122085
04/07/2019 15:00,0.590685621,0.194148975
04/07/2019 16:00,0.556375533,0.182871794
04/07/2019 17:00,0.533125453,0.175229863
04/07/2019 18:00,0.545206389,0.179200674
04/07/2019 19:00,0.55649878,0.182912303
04/07/2019 20:00,0.571366735,0.187799164
04/07/2019 21:00,0.570304741,0.187450103
04/07/2019 22:00,0.581960029,0.191281012
04/07/2019 23:00,0.486726822,0.15997937
04/08/2019 00:00,0.432370715,0.142113382
04/08/2019 01:00,0.43885117,0.144243404
04/08/2019 02:00,0.40787733,0.134062795
04/08/2019 03:00,0.372064125,0.122291564
04/08/2019 04:00,0.342644561,0.112621821
04/08/2019 05:00,0.33838839,0.111222885
04/08/2019 06:00,0.327451969,0.107628257
04/08/2019 07:00,0.269574542,0.088604867
04/08/2019 08:00,0.235035355,0.077252385
04/08/2019 09:00,0.221956818,0.072953678
04/08/2019 10:00,0.182768544,0.060073115
04/08/2019 11:00,0.198954305,0.065393118
04/08/2019 12:00,0.164713666,0.054138764
04/08/2019 13:00,0.133835936,0.043989745
04/08/2019 14:00,0.117130868,0.038499055
04/08/2019 15:00,0.118445009,0.038930992
04/08/2019 16:00,0.116389245,0.038255295
04/08/2019 17:00,0.117289162,0.038551083
04/08/2019 18:00,0.148190026,0.048707706
04/08/2019 19:00,0.198615374,0.065281716
04/08/2019 20:00,0.237437121,0.078041808
04/08/2019 21:00,0.302680891,0.099486398
04/08/2019 22:00,0.324205579,0.10656122
04/08/2019 23:00,0.398319641,0.130921335
04/09/2019 00:00,0.458465112,0.150690195
04/09/2019 01:00,0.490114396,0.161092812
04/09/2019 02:00,0.479052121,0.157456818
04/09/2019 03:00,0.429562866,0.141190486
04/09/2019 04:00,0.362093359,0.119014332
04/09/2019 05:00,0.298962751,0.098264304
04/09/2019 06:00,0.254850755,0.083765392
04/09/2019 07:00,0.207038813,0.068050367
04/09/2019 08:00,0.154596431,0.05081339
04/09/2019 09:00,0.134422431,0.044182517
04/09/2019 10:00,0.187287749,0.061558506
04/09/2019 11:00,0.160787692,0.052848359
04/09/2019 12:00,0.152015316,0.049965018
04/09/2019 13:00,0.139652766,0.045901645
04/09/2019 14:00,0.123635237,0.040636937
04/09/2019 15:00,0.108464829,0.035650665
04/09/2019 16:00,0.092463764,0.030391369
04/09/2019 17:00,0.077539321,0.025485942
04/09/2019 18:00,0.0679738,0.022341908
04/09/2019 19:00,0.069402063,0.022811355
04/09/2019 20:00,0.07053037,0.023182211
04/09/2019 21:00,0.07192649,0.023641094
04/09/2019 22:00,0.101038162,0.033209638
04/09/2019 23:00,0.085303239,0.028037819
04/10/2019 00:00,0.071666365,0.023555595
04/10/2019 01:00,0.049656528,0.016321312
04/10/2019 02:00,0.033422626,0.010985486
04/10/2019 03:00,0.02088712,0.006865264
04/10/2019 04:00,0.014691559,0.004828882
04/10/2019 05:00,0.019172037,0.006301544
04/10/2019 06:00,0.02624479,0.008626245
04/10/2019 07:00,0.024900144,0.008184281
04/10/2019 08:00,0.014680172,0.004825139
04/10/2019 09:00,0.00951952,0.003128915
04/10/2019 10:00,0.019689235,0.006471539
04/10/2019 11:00,0.020956876,0.006888192
04/10/2019 12:00,0.022615368,0.007433312
04/10/2019 13:00,0.02450258,0.008053609
04/10/2019 14:00,0.017563202,0.005772745
04/10/2019 15:00,0.005718307,0.001879517
04/10/2019 16:00,0,0
04/10/2019 17:00,0,0
04/10/2019 18:00,0.002327356,0.000764965
04/10/2019 19:00,0.009652764,0.00317271
04/10/2019 20:00,0.012700631,0.004174496
04/10/2019 21:00,0.011228994,0.003690792
04/10/2019 22:00,0.01556711,0.005116662
04/10/2019 23:00,0.012732459,0.004184957
04/11/2019 00:00,0.009428243,0.003098914
04/11/2019 01:00,0.00508771,0.001672249
04/11/2019 02:00,0.001105416,0.000363333
04/11/2019 03:00,0,0
04/11/2019 04:00,0,0
04/11/2019 05:00,0,0
04/11/2019 06:00,0,0
04/11/2019 07:00,0,0
04/11/2019 08:00,0,0
04/11/2019 09:00,0,0
04/11/2019 10:00,0.000462253,0.000151935
04/11/2019 11:00,0,0
04/11/2019 12:00,0,0
04/11/2019 13:00,0,0
04/11/2019 14:00,0,0
04/11/2019 15:00,0,0
04/11/2019 16:00,0,0
04/11/2019 17:00,0,0
04/11/2019 18:00,0,0
04/11/2019 19:00,0,0
04/11/2019 20:00,0,0
04/11/2019 21:00,0,0
04/11/2019 22:00,0,0
04/11/2019 23:00,0,0
04/12/2019 00:00,0,0
04/12/2019 01:00,0,0
04/12/2019 02:00,0,0
04/12/2019 03:00,0,0
04/12/2019 04:00,0.012094437,0.003975249
04/12/2019 05:00,0.045829777,0.015063519
04/12/2019 06:00,0.145584458,0.047851297
04/12/2019 07:00,0.350811542,0.115306178
04/12/2019 08:00,0.540512614,0.177657905
04/12/2019 09:00,0.632272407,0.20781789
04/12/2019 10:00,0.663122979,0.217957983
04/12/2019 11:00,0.706045013,0.232065773
04/12/2019 12:00,0.764058564,0.251133906
04/12/2019 13:00,0.769489529,0.252918977
04/12/2019 14:00,0.772869704,0.254029987
04/12/2019 15:00,0.76662044,0.251975953
04/12/2019 16:00,0.771056684,0.253434076
04/12/2019 17:00,0.792957634,0.26063257
04/12/2019 18:00,0.803641158,0.264144075
04/12/2019 19:00,0.805696045,0.264819484
04/12/2019 20:00,0.799939111,0.262927271
04/12/2019 21:00,0.793725969,0.26088511
04/12/2019 22:00,0.749481773,0.246342746
04/12/2019 23:00,0.728553934,0.239464098
4/13/2019 0:00,0.731229679,0.240343573
4/13/2019 1:00,0.749895776,0.246478822
4/13/2019 2:00,0.754991238,0.24815362
4/13/2019 3:00,0.74006101,0.243246291
4/13/2019 4:00,0.700821958,0.230349038
4/13/2019 5:00,0.65376829,0.214883245
4/13/2019 6:00,0.644077118,0.211697911
4/13/2019 7:00,0.676243796,0.222270587
4/13/2019 8:00,0.696144949,0.22881178
4/13/2019 9:00,0.705355044,0.231838992
4/13/2019 10:00,0.740693307,0.243454117
4/13/2019 11:00,0.773487878,0.254233171
4/13/2019 12:00,0.809465064,0.2660583
4/13/2019 13:00,0.832371005,0.273587119
4/13/2019 14:00,0.839959453,0.276081321
4/13/2019 15:00,0.85197221,0.280029724
4/13/2019 16:00,0.852726981,0.280277805
4/13/2019 17:00,0.838417762,0.275574592
4/13/2019 18:00,0.813702967,0.267451232
4/13/2019 19:00,0.785811792,0.258283846
4/13/2019 20:00,0.750267299,0.246600936
4/13/2019 21:00,0.728754792,0.239530117
4/13/2019 22:00,0.611232123,0.200902283
4/13/2019 23:00,0.656932102,0.21592314
4/14/2019 0:00,0.665971424,0.218894222
4/14/2019 1:00,0.660740871,0.217175022
4/14/2019 2:00,0.680187534,0.223566831
4/14/2019 3:00,0.653179032,0.214689566
4/14/2019 4:00,0.691140555,0.227166915
4/14/2019 5:00,0.75714625,0.248861938
4/14/2019 6:00,0.79151663,0.260158935
4/14/2019 7:00,0.797387594,0.262088628
4/14/2019 8:00,0.79595594,0.261618066
4/14/2019 9:00,0.814256362,0.267633124
4/14/2019 10:00,0.799572846,0.262806885
4/14/2019 11:00,0.756851932,0.2487652
4/14/2019 12:00,0.723687087,0.237864443
4/14/2019 13:00,0.705291544,0.23181812
4/14/2019 14:00,0.694039684,0.228119813
4/14/2019 15:00,0.720864941,0.236936848
4/14/2019 16:00,0.74595191,0.245182536
4/14/2019 17:00,0.746002284,0.245199093
4/14/2019 18:00,0.752418612,0.247308038
4/14/2019 19:00,0.746867988,0.245483636
4/14/2019 20:00,0.756435325,0.248628268
4/14/2019 21:00,0.778638917,0.255926236
4/14/2019 22:00,0.725900797,0.238592054
4/14/2019 23:00,0.767714513,0.252335558
4/15/2019 0:00,0.777267922,0.255475611
4/15/2019 1:00,0.753971702,0.247818514
4/15/2019 2:00,0.728116295,0.239320253
4/15/2019 3:00,0.74971591,0.246419703
4/15/2019 4:00,0.783678501,0.257582667
4/15/2019 5:00,0.78069438,0.256601834
4/15/2019 6:00,0.809329204,0.266013645
4/15/2019 7:00,0.814713206,0.267783281
4/15/2019 8:00,0.821702737,0.270080629
4/15/2019 9:00,0.827616356,0.272024341
4/15/2019 10:00,0.829426826,0.272619414
4/15/2019 11:00,0.857379248,0.281806931
4/15/2019 12:00,0.844306108,0.277509998
4/15/2019 13:00,0.888168087,0.291926733
4/15/2019 14:00,0.905692604,0.297686763
4/15/2019 15:00,0.908733138,0.298686138
4/15/2019 16:00,0.909606394,0.298973164
4/15/2019 17:00,0.91,0.299102536
4/15/2019 18:00,0.91,0.299102536
4/15/2019 19:00,0.909095231,0.298805152
4/15/2019 20:00,0.908141683,0.298491736
4/15/2019 21:00,0.908448881,0.298592708
4/15/2019 22:00,0.91,0.299102536
4/15/2019 23:00,0.91,0.299102536
4/16/2019 0:00,0.91,0.299102536
4/16/2019 1:00,0.909249362,0.298855813
4/16/2019 2:00,0.906152525,0.297837932
4/16/2019 3:00,0.896166073,0.294555544
4/16/2019 4:00,0.885623914,0.291090504
4/16/2019 5:00,0.863901169,0.283950583
4/16/2019 6:00,0.848645553,0.278936304
4/16/2019 7:00,0.849909931,0.279351885
4/16/2019 8:00,0.863299519,0.28375283
4/16/2019 9:00,0.867908158,0.285267616
4/16/2019 10:00,0.832871416,0.273751596
4/16/2019 11:00,0.811628803,0.266769487
4/16/2019 12:00,0.79139349,0.260118461
4/16/2019 13:00,0.800265824,0.263034656
4/16/2019 14:00,0.816645754,0.268418479
4/16/2019 15:00,0.817083618,0.268562398
4/16/2019 16:00,0.829334997,0.272589231
4/16/2019 17:00,0.848791698,0.27898434
4/16/2019 18:00,0.853859483,0.28065004
4/16/2019 19:00,0.849742365,0.279296809
4/16/2019 20:00,0.837545031,0.275287739
4/16/2019 21:00,0.818270154,0.268952393
4/16/2019 22:00,0.773757698,0.254321857
4/16/2019 23:00,0.759227216,0.249545918
4/17/2019 0:00,0.738734269,0.242810212
4/17/2019 1:00,0.713204956,0.234419133
4/17/2019 2:00,0.678900637,0.223143848
4/17/2019 3:00,0.661503251,0.217425604
4/17/2019 4:00,0.64921484,0.213386599
4/17/2019 5:00,0.638240593,0.209779538
4/17/2019 6:00,0.633404241,0.208189906
4/17/2019 7:00,0.622030795,0.204451635
4/17/2019 8:00,0.603140241,0.19824261
4/17/2019 9:00,0.567380705,0.186489019
4/17/2019 10:00,0.565937476,0.186014653
4/17/2019 11:00,0.603802872,0.198460407
4/17/2019 12:00,0.6072047,0.199578534
4/17/2019 13:00,0.553592117,0.18195693
4/17/2019 14:00,0.531480187,0.17468909
4/17/2019 15:00,0.569031836,0.18703172
4/17/2019 16:00,0.589177156,0.193653166
4/17/2019 17:00,0.600638201,0.19742023
4/17/2019 18:00,0.608354187,0.199956351
4/17/2019 19:00,0.609270228,0.20025744
4/17/2019 20:00,0.570382749,0.187475744
4/17/2019 21:00,0.582767962,0.191546566
4/17/2019 22:00,0.468763872,0.154075234
4/17/2019 23:00,0.416725024,0.136970892
4/18/2019 0:00,0.416402989,0.136865044
4/18/2019 1:00,0.475799866,0.156387853
4/18/2019 2:00,0.47569069,0.156351969
4/18/2019 3:00,0.454181153,0.149282126
4/18/2019 4:00,0.445050022,0.146280868
4/18/2019 5:00,0.485556536,0.159594716
4/18/2019 6:00,0.538891033,0.177124917
4/18/2019 7:00,0.583184381,0.191683436
4/18/2019 8:00,0.625538904,0.205604695
4/18/2019 9:00,0.655482949,0.215446827
4/18/2019 10:00,0.598388503,0.19668079
4/18/2019 11:00,0.594902518,0.195535002
4/18/2019 12:00,0.604200988,0.198591261
4/18/2019 13:00,0.608180722,0.199899336
4/18/2019 14:00,0.621897372,0.204407781
4/18/2019 15:00,0.65123251,0.214049775
4/18/2019 16:00,0.683491169,0.224652683
4/18/2019 17:00,0.700973623,0.230398888
4/18/2019 18:00,0.713777992,0.234607481
4/18/2019 19:00,0.739193798,0.242961252
4/18/2019 20:00,0.759871661,0.249757737
4/18/2019 21:00,0.768407085,0.252563195
4/18/2019 22:00,0.740641566,0.24343711
4/18/2019 23:00,0.733327768,0.241033181
4/19/2019 0:00,0.723893589,0.237932316
4/19/2019 1:00,0.722886756,0.237601387
4/19/2019 2:00,0.719236335,0.236401551
4/19/2019 3:00,0.7142867,0.234774685
4/19/2019 4:00,0.699014877,0.22975508
4/19/2019 5:00,0.72283193,0.237583366
4/19/2019 6:00,0.755840907,0.248432892
4/19/2019 7:00,0.778425785,0.255856183
4/19/2019 8:00,0.776714492,0.255293708
4/19/2019 9:00,0.782387027,0.25715818
4/19/2019 10:00,0.794774949,0.261229893
4/19/2019 11:00,0.776258116,0.255143704
4/19/2019 12:00,0.755597117,0.248352762
4/19/2019 13:00,0.732386211,0.240723707
4/19/2019 14:00,0.720898274,0.236947804
4/19/2019 15:00,0.718383023,0.236121081
4/19/2019 16:00,0.718204647,0.236062452
4/19/2019 17:00,0.703829933,0.231337712
4/19/2019 18:00,0.684941581,0.225129411
4/19/2019 19:00,0.640355632,0.210474718
4/19/2019 20:00,0.590357918,0.194041264
4/19/2019 21:00,0.530778463,0.174458444
4/19/2019 22:00,0.428852112,0.140956873
4/19/2019 23:00,0.441829009,0.145222173
4/20/2019 0:00,0.423423216,0.139172481
4/20/2019 1:00,0.370489965,0.121774163
4/20/2019 2:00,0.318750031,0.104768069
4/20/2019 3:00,0.247556175,0.08136778
4/20/2019 4:00,0.190569667,0.062637221
4/20/2019 5:00,0.178193925,0.058569511
4/20/2019 6:00,0.170110964,0.05591277
4/20/2019 7:00,0.145407297,0.047793067
4/20/2019 8:00,0.107107385,0.035204495
4/20/2019 9:00,0.09138938,0.030038237
4/20/2019 10:00,0.064207397,0.021103951
4/20/2019 11:00,0.053525279,0.017592908
4/20/2019 12:00,0.086975897,0.028587595
4/20/2019 13:00,0.119748851,0.039359544
4/20/2019 14:00,0.128620137,0.042275394
4/20/2019 15:00,0.103840118,0.034130596
4/20/2019 16:00,0.048815538,0.016044891
4/20/2019 17:00,0.015646499,0.005142755
4/20/2019 18:00,0,0
4/20/2019 19:00,0,0
4/20/2019 20:00,0,0
4/20/2019 21:00,0.001165399,0.000383048
4/20/2019 22:00,0.046695419,0.015348042
4/20/2019 23:00,0.091477364,0.030067156
4/21/2019 0:00,0.136821817,0.044971156
4/21/2019 1:00,0.130719269,0.042965346
4/21/2019 2:00,0.055693253,0.018305487
4/21/2019 3:00,0.037248369,0.012242947
4/21/2019 4:00,0.039269534,0.012907272
4/21/2019 5:00,0.001238245,0.000406991
4/21/2019 6:00,0,0
4/21/2019 7:00,0,0
4/21/2019 8:00,0,0
4/21/2019 9:00,0,0
4/21/2019 10:00,0.025862747,0.008500674
4/21/2019 11:00,0.082764641,0.027203422
4/21/2019 12:00,0.146493539,0.048150098
4/21/2019 13:00,0.241770632,0.079466164
4/21/2019 14:00,0.304911821,0.100219669
4/21/2019 15:00,0.337185078,0.110827376
4/21/2019 16:00,0.352760036,0.115946617
4/21/2019 17:00,0.379309869,0.124673125
4/21/2019 18:00,0.447565519,0.147107672
4/21/2019 19:00,0.492605722,0.161911671
4/21/2019 20:00,0.549851862,0.180727567
4/21/2019 21:00,0.606763151,0.199433403
4/21/2019 22:00,0.545853001,0.179413205
4/21/2019 23:00,0.566936482,0.18634301
4/22/2019 0:00,0.647766548,0.212910568
4/22/2019 1:00,0.68126265,0.223920204
4/22/2019 2:00,0.683328595,0.224599248
4/22/2019 3:00,0.703573927,0.231253566
4/22/2019 4:00,0.701800225,0.230670579
4/22/2019 5:00,0.705723354,0.231960049
4/22/2019 6:00,0.708092891,0.232738878
4/22/2019 7:00,0.709950712,0.233349514
4/22/2019 8:00,0.711082491,0.233721512
4/22/2019 9:00,0.726118834,0.238663719
4/22/2019 10:00,0.70337778,0.231189096
4/22/2019 11:00,0.699687877,0.229976284
4/22/2019 12:00,0.708416055,0.232845097
4/22/2019 13:00,0.749664816,0.246402909
4/22/2019 14:00,0.792068586,0.260340354
4/22/2019 15:00,0.821066701,0.269871574
4/22/2019 16:00,0.843119527,0.277119987
4/22/2019 17:00,0.851789367,0.279969626
4/22/2019 18:00,0.850264562,0.279468447
4/22/2019 19:00,0.840652593,0.276309145
4/22/2019 20:00,0.828863754,0.272434341
4/22/2019 21:00,0.80216771,0.263659776
4/22/2019 22:00,0.800773177,0.263201415
4/22/2019 23:00,0.80139997,0.263407432
4/23/2019 0:00,0.793810914,0.26091303
4/23/2019 1:00,0.775988764,0.255055173
4/23/2019 2:00,0.764740192,0.251357946
4/23/2019 3:00,0.750279949,0.246605094
4/23/2019 4:00,0.719245353,0.236404515
4/23/2019 5:00,0.705631343,0.231929806
4/23/2019 6:00,0.75014503,0.246560748
4/23/2019 7:00,0.783991054,0.257685398
4/23/2019 8:00,0.79524758,0.261385239
4/23/2019 9:00,0.847477932,0.278552526
4/23/2019 10:00,0.871157553,0.286335641
4/23/2019 11:00,0.886393927,0.291343595
4/23/2019 12:00,0.891982558,0.293180489
4/23/2019 13:00,0.881578754,0.289760924
4/23/2019 14:00,0.878495371,0.288747465
4/23/2019 15:00,0.882370659,0.290021211
4/23/2019 16:00,0.888670565,0.292091889
4/23/2019 17:00,0.899444837,0.295633221
4/23/2019 18:00,0.898662887,0.295376207
4/23/2019 19:00,0.898797549,0.295420468
4/23/2019 20:00,0.901916561,0.296445638
4/23/2019 21:00,0.90289705,0.296767909
4/23/2019 22:00,0.896716281,0.294736388
4/23/2019 23:00,0.890982067,0.292851643
4/24/2019 0:00,0.880850087,0.289521423
4/24/2019 1:00,0.880474084,0.289397836
4/24/2019 2:00,0.883771001,0.290481481
4/24/2019 3:00,0.881774474,0.289825254
4/24/2019 4:00,0.875224744,0.287672462
4/24/2019 5:00,0.870850588,0.286234746
4/24/2019 6:00,0.875011835,0.287602482
4/24/2019 7:00,0.872860301,0.286895307
4/24/2019 8:00,0.886845693,0.291492083
4/24/2019 9:00,0.884798365,0.290819159
4/24/2019 10:00,0.87232763,0.286720227
4/24/2019 11:00,0.879258861,0.288998412
4/24/2019 12:00,0.865127291,0.284353589
4/24/2019 13:00,0.837690338,0.275335499
4/24/2019 14:00,0.825127355,0.271206246
4/24/2019 15:00,0.816995836,0.268533545
4/24/2019 16:00,0.785949106,0.258328979
4/24/2019 17:00,0.749249958,0.246266552
4/24/2019 18:00,0.755046766,0.248171871
4/24/2019 19:00,0.773566794,0.25425911
4/24/2019 20:00,0.774730291,0.254641532
4/24/2019 21:00,0.758066922,0.249164548
4/24/2019 22:00,0.662258991,0.217674004
4/24/2019 23:00,0.563379981,0.185174045
4/25/2019 0:00,0.514663859,0.16916183
4/25/2019 1:00,0.497038322,0.163368596
4/25/2019 2:00,0.465467271,0.152991694
4/25/2019 3:00,0.529420514,0.174012108
4/25/2019 4:00,0.630900312,0.207366905
4/25/2019 5:00,0.702488168,0.230896695
4/25/2019 6:00,0.657899552,0.216241126
4/25/2019 7:00,0.539318478,0.177265411
4/25/2019 8:00,0.609978311,0.200490175
4/25/2019 9:00,0.636884852,0.209333928
4/25/2019 10:00,0.597034535,0.196235762
4/25/2019 11:00,0.670448726,0.22036584
4/25/2019 12:00,0.683389567,0.224619288
4/25/2019 13:00,0.711086379,0.23372279
4/25/2019 14:00,0.770615512,0.25328907
4/25/2019 15:00,0.771946925,0.253726684
4/25/2019 16:00,0.780508188,0.256540635
4/25/2019 17:00,0.780202663,0.256440214
4/25/2019 18:00,0.672000281,0.220875811
4/25/2019 19:00,0.602286365,0.197961955
4/25/2019 20:00,0.705830549,0.231995282
4/25/2019 21:00,0.751855471,0.247122943
4/25/2019 22:00,0.766201172,0.251838147
4/25/2019 23:00,0.726897123,0.238919531
4/26/2019 0:00,0.717160769,0.235719346
4/26/2019 1:00,0.732515187,0.240766099
4/26/2019 2:00,0.73827953,0.242660747
4/26/2019 3:00,0.741740586,0.243798341
4/26/2019 4:00,0.684103815,0.22485405
4/26/2019 5:00,0.722175082,0.23736747
4/26/2019 6:00,0.678459325,0.222998796
4/26/2019 7:00,0.70992547,0.233341218
4/26/2019 8:00,0.712109042,0.234058923
4/26/2019 9:00,0.725548093,0.238476126
4/26/2019 10:00,0.736973731,0.242231551
4/26/2019 11:00,0.818348888,0.268978272
4/26/2019 12:00,0.829435975,0.272622421
4/26/2019 13:00,0.823075572,0.270531858
4/26/2019 14:00,0.861343522,0.283109925
4/26/2019 15:00,0.876396665,0.288057654
4/26/2019 16:00,0.874288533,0.287364744
4/26/2019 17:00,0.866358863,0.284758388
4/26/2019 18:00,0.868395253,0.285427717
4/26/2019 19:00,0.876967794,0.288245375
4/26/2019 20:00,0.878906245,0.288882513
4/26/2019 21:00,0.876760089,0.288177105
4/26/2019 22:00,0.861106058,0.283031874
4/26/2019 23:00,0.817506321,0.268701334
4/27/2019 0:00,0.765654597,0.251658496
4/27/2019 1:00,0.717367106,0.235787165
4/27/2019 2:00,0.568808921,0.186958451
4/27/2019 3:00,0.376522045,0.123756811
4/27/2019 4:00,0.393073888,0.129197139
4/27/2019 5:00,0.459867966,0.151151291
4/27/2019 6:00,0.427150997,0.140397743
4/27/2019 7:00,0.359553706,0.118179588
4/27/2019 8:00,0.306196096,0.10064179
4/27/2019 9:00,0.284647871,0.093559231
4/27/2019 10:00,0.224916815,0.073926582
4/27/2019 11:00,0.158012917,0.051936334
4/27/2019 12:00,0.119614074,0.039315245
4/27/2019 13:00,0.148862105,0.048928608
4/27/2019 14:00,0.102346978,0.033639825
4/27/2019 15:00,0.083602293,0.027478745
4/27/2019 16:00,0.121166466,0.039825491
4/27/2019 17:00,0.085492095,0.028099893
4/27/2019 18:00,0.042573859,0.013993351
4/27/2019 19:00,0.025182826,0.008277195
4/27/2019 20:00,0.017468676,0.005741676
4/27/2019 21:00,0.009689092,0.003184651
4/27/2019 22:00,0.016368943,0.005380211
4/27/2019 23:00,0.008572726,0.002817719
4/28/2019 0:00,0,0
4/28/2019 1:00,0,0
4/28/2019 2:00,0,0
4/28/2019 3:00,0,0
4/28/2019 4:00,0,0
4/28/2019 5:00,0,0
4/28/2019 6:00,0,0
4/28/2019 7:00,0,0
4/28/2019 8:00,0,0
4/28/2019 9:00,0.002204043,0.000724434
4/28/2019 10:00,0.023935683,0.007867279
4/28/2019 11:00,0.025992309,0.008543259
4/28/2019 12:00,0.026340694,0.008657767
4/28/2019 13:00,0.048406601,0.01591048
4/28/2019 14:00,0.069758315,0.022928449
4/28/2019 15:00,0.077885344,0.025599674
4/28/2019 16:00,0.103495229,0.034017237
4/28/2019 17:00,0.131618472,0.0432609
4/28/2019 18:00,0.179257903,0.058919223
4/28/2019 19:00,0.156228341,0.051349772
4/28/2019 20:00,0.137360971,0.045148368
4/28/2019 21:00,0.136179769,0.044760125
4/28/2019 22:00,0.125440936,0.041230442
4/28/2019 23:00,0.137440415,0.04517448
4/29/2019 0:00,0.142836916,0.046948224
4/29/2019 1:00,0.148995098,0.04897232
4/29/2019 2:00,0.14673971,0.04823101
4/29/2019 3:00,0.118899941,0.039080521
4/29/2019 4:00,0.116163644,0.038181143
4/29/2019 5:00,0.17740037,0.058308682
4/29/2019 6:00,0.227361057,0.074729966
4/29/2019 7:00,0.235032262,0.077251369
4/29/2019 8:00,0.237294524,0.077994938
4/29/2019 9:00,0.211437018,0.069495987
4/29/2019 10:00,0.229837249,0.075543851
4/29/2019 11:00,0.215903427,0.070964025
4/29/2019 12:00,0.221601729,0.072836966
4/29/2019 13:00,0.262527732,0.086288693
4/29/2019 14:00,0.273967197,0.090048663
4/29/2019 15:00,0.220570843,0.07249813
4/29/2019 16:00,0.19170477,0.063010311
4/29/2019 17:00,0.218264678,0.07174013
4/29/2019 18:00,0.23823592,0.07830436
4/29/2019 19:00,0.240733313,0.079125214
4/29/2019 20:00,0.243909614,0.080169213
4/29/2019 21:00,0.248022002,0.08152089
4/29/2019 22:00,0.271591477,0.089267802
4/29/2019 23:00,0.22387143,0.073582981
4/30/2019 0:00,0.21588354,0.070957488
4/30/2019 1:00,0.211125528,0.069393605
4/30/2019 2:00,0.198031565,0.065089828
4/30/2019 3:00,0.190797536,0.062712117
4/30/2019 4:00,0.186236735,0.061213054
4/30/2019 5:00,0.163480998,0.053733605
4/30/2019 6:00,0.135416449,0.044509234
4/30/2019 7:00,0.12391357,0.040728421
4/30/2019 8:00,0.098862759,0.032494618
4/30/2019 9:00,0.065752728,0.021611877
4/30/2019 10:00,0.065591663,0.021558937
4/30/2019 11:00,0.059322862,0.019498482
4/30/2019 12:00,0.047018253,0.015454152
4/30/2019 13:00,0.025170138,0.008273024
4/30/2019 14:00,0.011866261,0.003900251
4/30/2019 15:00,0.011389457,0.003743534
4/30/2019 16:00,0.016263293,0.005345486
4/30/2019 17:00,0.019827933,0.006517126
4/30/2019 18:00,0.018633475,0.006124527
4/30/2019 19:00,0.011575436,0.003804662
4/30/2019 20:00,0.001288806,0.00042361
4/30/2019 21:00,0,0
4/30/2019 22:00,0,0
4/30/2019 23:00,0,0
05/01/2019 00:00,0.013485085,0.004432333
05/01/2019 01:00,0.012123588,0.003984831
05/01/2019 02:00,0.009660429,0.003175229
05/01/2019 03:00,0.012542949,0.004122668
05/01/2019 04:00,0.015192117,0.004993407
05/01/2019 05:00,0.02111576,0.006940415
05/01/2019 06:00,0.014827356,0.004873516
05/01/2019 07:00,0,0
05/01/2019 08:00,0,0
05/01/2019 09:00,0,0
05/01/2019 10:00,0,0
05/01/2019 11:00,0,0
05/01/2019 12:00,0,0
05/01/2019 13:00,0,0
05/01/2019 14:00,0.005060352,0.001663257
05/01/2019 15:00,0.017659673,0.005804454
05/01/2019 16:00,0.034875432,0.011463
05/01/2019 17:00,0.044144038,0.014509444
05/01/2019 18:00,0.047428895,0.015589124
05/01/2019 19:00,0.044791665,0.014722308
05/01/2019 20:00,0.05795131,0.019047674
05/01/2019 21:00,0.087909189,0.028894353
05/01/2019 22:00,0.116883428,0.038417725
05/01/2019 23:00,0.159993958,0.052587471
05/02/2019 00:00,0.238228215,0.078301828
05/02/2019 01:00,0.293657347,0.096520502
05/02/2019 02:00,0.332113188,0.109160326
05/02/2019 03:00,0.394196814,0.129566227
05/02/2019 04:00,0.405661882,0.133334613
05/02/2019 05:00,0.341151495,0.112131074
05/02/2019 06:00,0.421013276,0.138380372
05/02/2019 07:00,0.494937903,0.162678222
05/02/2019 08:00,0.530596606,0.174398671
05/02/2019 09:00,0.584566306,0.192137653
05/02/2019 10:00,0.607071932,0.199534895
05/02/2019 11:00,0.57170166,0.187909249
05/02/2019 12:00,0.534918106,0.175819079
05/02/2019 13:00,0.536536689,0.176351082
05/02/2019 14:00,0.567846306,0.186642055
05/02/2019 15:00,0.559550628,0.183915398
05/02/2019 16:00,0.522699517,0.171803023
05/02/2019 17:00,0.500406294,0.164475595
05/02/2019 18:00,0.493682795,0.162265688
05/02/2019 19:00,0.463262894,0.15226715
05/02/2019 20:00,0.445094345,0.146295437
05/02/2019 21:00,0.446693683,0.146821113
05/02/2019 22:00,0.571000624,0.187678829
05/02/2019 23:00,0.645304311,0.21210127
05/03/2019 00:00,0.620732989,0.204025067
05/03/2019 01:00,0.673190134,0.221266897
05/03/2019 02:00,0.755359133,0.248274541
05/03/2019 03:00,0.780306016,0.256474185
05/03/2019 04:00,0.80278219,0.263861746
05/03/2019 05:00,0.831995365,0.273463652
05/03/2019 06:00,0.850286574,0.279475682
05/03/2019 07:00,0.857541581,0.281860287
05/03/2019 08:00,0.870914353,0.286255705
05/03/2019 09:00,0.876833278,0.288201161
05/03/2019 10:00,0.867489046,0.285129861
05/03/2019 11:00,0.856910096,0.281652728
05/03/2019 12:00,0.86000833,0.282671068
05/03/2019 13:00,0.812983857,0.267214871
05/03/2019 14:00,0.77412041,0.254441074
05/03/2019 15:00,0.756162082,0.248538457
05/03/2019 16:00,0.752360453,0.247288922
05/03/2019 17:00,0.765188366,0.251505254
05/03/2019 18:00,0.795952221,0.261616844
05/03/2019 19:00,0.81189929,0.266858391
05/03/2019 20:00,0.83691076,0.275079264
05/03/2019 21:00,0.85202557,0.280047262
05/03/2019 22:00,0.870483544,0.286114105
05/03/2019 23:00,0.865121918,0.284351824
05/04/2019 00:00,0.852070228,0.280061941
05/04/2019 01:00,0.818107664,0.268898985
05/04/2019 02:00,0.830089126,0.272837102
05/04/2019 03:00,0.842622733,0.276956699
05/04/2019 04:00,0.842237645,0.276830127
05/04/2019 05:00,0.84603554,0.278078434
05/04/2019 06:00,0.861249137,0.283078902
05/04/2019 07:00,0.853723225,0.280605254
05/04/2019 08:00,0.839720307,0.276002718
05/04/2019 09:00,0.831510238,0.273304199
05/04/2019 10:00,0.843256007,0.277164846
05/04/2019 11:00,0.820800955,0.269784228
05/04/2019 12:00,0.773051613,0.254089778
05/04/2019 13:00,0.727681114,0.239177216
05/04/2019 14:00,0.707662186,0.232597312
05/04/2019 15:00,0.710175538,0.233423411
05/04/2019 16:00,0.684835659,0.225094596
05/04/2019 17:00,0.6992812,0.229842616
05/04/2019 18:00,0.683292196,0.224587284
05/04/2019 19:00,0.65893441,0.216581267
05/04/2019 20:00,0.613803402,0.201747422
05/04/2019 21:00,0.54979058,0.180707425
05/04/2019 22:00,0.660276108,0.217022262
05/04/2019 23:00,0.611046469,0.200841262
05/05/2019 00:00,0.673324469,0.221311051
05/05/2019 01:00,0.744871532,0.244827433
05/05/2019 02:00,0.78502705,0.258025914
05/05/2019 03:00,0.770342842,0.253199448
05/05/2019 04:00,0.806434717,0.265062273
05/05/2019 05:00,0.816308363,0.268307584
05/05/2019 06:00,0.834345188,0.274236002
05/05/2019 07:00,0.840548218,0.276274839
05/05/2019 08:00,0.854343605,0.280809163
05/05/2019 09:00,0.852304323,0.280138884
05/05/2019 10:00,0.871411915,0.286419246
05/05/2019 11:00,0.881630956,0.289778082
05/05/2019 12:00,0.87684813,0.288206043
05/05/2019 13:00,0.857541963,0.281860413
05/05/2019 14:00,0.837030593,0.275118652
05/05/2019 15:00,0.822823136,0.270448886
05/05/2019 16:00,0.78373173,0.257600162
05/05/2019 17:00,0.763509011,0.250953276
05/05/2019 18:00,0.745706337,0.24510182
05/05/2019 19:00,0.752233963,0.247247347
05/05/2019 20:00,0.755430211,0.248297903
05/05/2019 21:00,0.734957896,0.241568978
05/05/2019 22:00,0.720609242,0.236852804
05/05/2019 23:00,0.674993286,0.221859564
05/06/2019 00:00,0.661464137,0.217412748
05/06/2019 01:00,0.631401325,0.20753158
05/06/2019 02:00,0.625351646,0.205543146
05/06/2019 03:00,0.633185661,0.208118062
05/06/2019 04:00,0.618686356,0.203352371
05/06/2019 05:00,0.576512831,0.189490604
05/06/2019 06:00,0.543161526,0.17852856
05/06/2019 07:00,0.41198752,0.135413749
05/06/2019 08:00,0.296308881,0.097392019
05/06/2019 09:00,0.214977756,0.070659771
05/06/2019 10:00,0.150648634,0.049515812
05/06/2019 11:00,0.138426742,0.04549867
05/06/2019 12:00,0.137857231,0.045311481
05/06/2019 13:00,0.134803348,0.044307718
05/06/2019 14:00,0.151221987,0.049704263
05/06/2019 15:00,0.183627829,0.060355549
05/06/2019 16:00,0.210307196,0.069124632
05/06/2019 17:00,0.21160817,0.069552242
05/06/2019 18:00,0.196749122,0.064668309
05/06/2019 19:00,0.163800023,0.053838464
05/06/2019 20:00,0.135271024,0.044461435
05/06/2019 21:00,0.113651493,0.037355439
05/06/2019 22:00,0.104564962,0.034368841
05/06/2019 23:00,0.08974731,0.029498514
05/07/2019 00:00,0.086692486,0.028494442
05/07/2019 01:00,0.08867648,0.029146549
05/07/2019 02:00,0.096969935,0.031872476
05/07/2019 03:00,0.090841971,0.029858312
05/07/2019 04:00,0.077882387,0.025598703
05/07/2019 05:00,0.067621409,0.022226082
05/07/2019 06:00,0.056378506,0.018530719
05/07/2019 07:00,0.053399716,0.017551638
05/07/2019 08:00,0.050833161,0.016708052
05/07/2019 09:00,0.047361803,0.015567072
05/07/2019 10:00,0.056458126,0.018556889
05/07/2019 11:00,0.046334647,0.015229462
05/07/2019 12:00,0.039800494,0.01308179
05/07/2019 13:00,0.036841382,0.012109177
05/07/2019 14:00,0.036199408,0.01189817
05/07/2019 15:00,0.028674501,0.009424853
05/07/2019 16:00,0.017407103,0.005721438
05/07/2019 17:00,0.010145393,0.003334629
05/07/2019 18:00,0.00488835,0.001606723
05/07/2019 19:00,0,0
05/07/2019 20:00,0,0
05/07/2019 21:00,0,0
05/07/2019 22:00,0,0
05/07/2019 23:00,0,0
05/08/2019 00:00,0,0
05/08/2019 01:00,0,0
05/08/2019 02:00,0,0
05/08/2019 03:00,0,0
05/08/2019 04:00,0.007904936,0.002598227
05/08/2019 05:00,0.026714637,0.008780677
05/08/2019 06:00,0.042311282,0.013907046
05/08/2019 07:00,0.05369797,0.017649669
05/08/2019 08:00,0.069100556,0.022712254
05/08/2019 09:00,0.07998577,0.026290051
05/08/2019 10:00,0.032669514,0.01073795
05/08/2019 11:00,0.068175309,0.022408141
05/08/2019 12:00,0.107338887,0.035280586
05/08/2019 13:00,0.111901795,0.036780342
05/08/2019 14:00,0.109769147,0.036079374
05/08/2019 15:00,0.108818011,0.035766751
05/08/2019 16:00,0.091702457,0.03014114
05/08/2019 17:00,0.085061394,0.027958328
05/08/2019 18:00,0.074885299,0.024613608
05/08/2019 19:00,0.059137231,0.019437468
05/08/2019 20:00,0.049269176,0.016193995
05/08/2019 21:00,0.047309363,0.015549836
05/08/2019 22:00,0.053396691,0.017550644
05/08/2019 23:00,0.0287567,0.00945187
05/09/2019 00:00,0.017045948,0.005602732
05/09/2019 01:00,0.020085295,0.006601717
05/09/2019 02:00,0.033623583,0.011051537
05/09/2019 03:00,0.040570971,0.013335033
05/09/2019 04:00,0.035684907,0.011729062
05/09/2019 05:00,0.02645412,0.008695049
05/09/2019 06:00,0.020418047,0.006711088
05/09/2019 07:00,0.027279875,0.008966461
05/09/2019 08:00,0.039795519,0.013080155
05/09/2019 09:00,0.063522074,0.020878696
05/09/2019 10:00,0.087594708,0.028790988
05/09/2019 11:00,0.126143875,0.041461487
05/09/2019 12:00,0.14192614,0.046648866
05/09/2019 13:00,0.14366916,0.047221769
05/09/2019 14:00,0.133835524,0.043989609
05/09/2019 15:00,0.133559654,0.043898935
05/09/2019 16:00,0.131513592,0.043226427
05/09/2019 17:00,0.137677815,0.045252509
05/09/2019 18:00,0.140061887,0.046036116
05/09/2019 19:00,0.131599335,0.04325461
05/09/2019 20:00,0.117393202,0.038585279
05/09/2019 21:00,0.094956061,0.031210548
05/09/2019 22:00,0.083404791,0.027413829
05/09/2019 23:00,0.072638157,0.023875008
05/10/2019 00:00,0.093052827,0.030584985
05/10/2019 01:00,0.101409145,0.033331574
05/10/2019 02:00,0.089397806,0.029383638
05/10/2019 03:00,0.068401259,0.022482407
05/10/2019 04:00,0.049977868,0.016426931
05/10/2019 05:00,0.032821129,0.010787783
05/10/2019 06:00,0.019433396,0.006387449
05/10/2019 07:00,0.012754446,0.004192184
05/10/2019 08:00,0.012788239,0.004203291
05/10/2019 09:00,0.007609311,0.00250106
05/10/2019 10:00,0,0
05/10/2019 11:00,0,0
05/10/2019 12:00,0,0
05/10/2019 13:00,0,0
05/10/2019 14:00,0,0
05/10/2019 15:00,0,0
05/10/2019 16:00,0.001505937,0.000494978
05/10/2019 17:00,0,0
05/10/2019 18:00,0,0
05/10/2019 19:00,0,0
05/10/2019 20:00,0,0
05/10/2019 21:00,0,0
05/10/2019 22:00,0,0
05/10/2019 23:00,0,0
05/11/2019 00:00,0.009624909,0.003163555
05/11/2019 01:00,0.025589299,0.008410796
05/11/2019 02:00,0.043510631,0.014301253
05/11/2019 03:00,0.062572581,0.020566613
05/11/2019 04:00,0.087969059,0.028914032
05/11/2019 05:00,0.096479434,0.031711256
05/11/2019 06:00,0.101744489,0.033441796
05/11/2019 07:00,0.10135011,0.03331217
05/11/2019 08:00,0.100966489,0.03318608
05/11/2019 09:00,0.100886992,0.033159951
05/11/2019 10:00,0.100649337,0.033081837
05/11/2019 11:00,0.116031094,0.038137576
05/11/2019 12:00,0.134532996,0.044218857
05/11/2019 13:00,0.147708829,0.048549544
05/11/2019 14:00,0.167122124,0.054930386
05/11/2019 15:00,0.166378885,0.054686095
05/11/2019 16:00,0.152200402,0.050025853
05/11/2019 17:00,0.142929163,0.046978544
05/11/2019 18:00,0.127064138,0.041763963
05/11/2019 19:00,0.10566506,0.034730426
05/11/2019 20:00,0.074436716,0.024466165
05/11/2019 21:00,0.040298024,0.01324532
05/11/2019 22:00,0.002735836,0.000899226
05/11/2019 23:00,0,0
05/12/2019 00:00,0,0
05/12/2019 01:00,1.42E-05,4.68E-06
05/12/2019 02:00,0.014771621,0.004855197
05/12/2019 03:00,0.011566239,0.003801639
05/12/2019 04:00,0.009822879,0.003228624
05/12/2019 05:00,0.015728826,0.005169815
05/12/2019 06:00,0.014420293,0.004739721
05/12/2019 07:00,0.010065973,0.003308525
05/12/2019 08:00,0.017256659,0.005671989
05/12/2019 09:00,0.01159184,0.003810054
05/12/2019 10:00,0.004131921,0.001358097
05/12/2019 11:00,0.004305066,0.001415007
05/12/2019 12:00,0,0
05/12/2019 13:00,0,0
05/12/2019 14:00,0,0
05/12/2019 15:00,0,0
05/12/2019 16:00,0,0
05/12/2019 17:00,0,0
05/12/2019 18:00,0,0
05/12/2019 19:00,0.011977797,0.003936912
05/12/2019 20:00,0.044187456,0.014523714
05/12/2019 21:00,0.08038901,0.02642259
05/12/2019 22:00,0.046770059,0.015372575
05/12/2019 23:00,0.041400834,0.013607796
5/13/2019 0:00,0.041072256,0.013499798
5/13/2019 1:00,0.056389366,0.018534288
5/13/2019 2:00,0.040202283,0.013213852
5/13/2019 3:00,0.022266881,0.00731877
5/13/2019 4:00,0.012748568,0.004190252
5/13/2019 5:00,0.007170914,0.002356965
5/13/2019 6:00,0.008352574,0.002745358
5/13/2019 7:00,0.014965388,0.004918885
5/13/2019 8:00,0.030154579,0.009911331
5/13/2019 9:00,0.044036478,0.01447409
5/13/2019 10:00,0.106640936,0.035051181
5/13/2019 11:00,0.119591295,0.039307758
5/13/2019 12:00,0.150117343,0.049341185
5/13/2019 13:00,0.259419058,0.085266921
5/13/2019 14:00,0.410977598,0.135081804
5/13/2019 15:00,0.444124792,0.14597676
5/13/2019 16:00,0.403721229,0.132696751
5/13/2019 17:00,0.322339001,0.105947706
5/13/2019 18:00,0.209846483,0.068973203
5/13/2019 19:00,0.105468141,0.034665702
5/13/2019 20:00,0.041641601,0.013686932
5/13/2019 21:00,0.013348182,0.004387335
5/13/2019 22:00,0.005799987,0.001906363
5/13/2019 23:00,0,0
5/14/2019 0:00,0,0
5/14/2019 1:00,0,0
5/14/2019 2:00,0,0
5/14/2019 3:00,0.003084891,0.001013955
5/14/2019 4:00,0.026532564,0.008720832
5/14/2019 5:00,0.046284891,0.015213108
5/14/2019 6:00,0.049688722,0.016331893
5/14/2019 7:00,0.039327445,0.012926306
5/14/2019 8:00,0.027813448,0.009141838
5/14/2019 9:00,0.016585722,0.005451463
5/14/2019 10:00,0,0
5/14/2019 11:00,0,0
5/14/2019 12:00,0,0
5/14/2019 13:00,0,0
5/14/2019 14:00,0,0
5/14/2019 15:00,0.001873563,0.00061581
5/14/2019 16:00,0.015099702,0.004963032
5/14/2019 17:00,0.029620694,0.009735851
5/14/2019 18:00,0.047233727,0.015524975
5/14/2019 19:00,0.065851983,0.0216445
5/14/2019 20:00,0.069067677,0.022701447
5/14/2019 21:00,0.082942683,0.027261942
5/14/2019 22:00,0.068077809,0.022376094
5/14/2019 23:00,0.061991779,0.020375712
5/15/2019 0:00,0.068344621,0.022463791
5/15/2019 1:00,0.094972514,0.031215956
5/15/2019 2:00,0.131320901,0.043163093
5/15/2019 3:00,0.155267458,0.051033945
5/15/2019 4:00,0.171206229,0.056272766
5/15/2019 5:00,0.181757215,0.059740708
5/15/2019 6:00,0.18872519,0.06203097
5/15/2019 7:00,0.188830918,0.062065721
5/15/2019 8:00,0.202689253,0.066620736
5/15/2019 9:00,0.198669551,0.065299523
5/15/2019 10:00,0.214912791,0.070638419
5/15/2019 11:00,0.249600237,0.082039631
5/15/2019 12:00,0.329251021,0.108219577
5/15/2019 13:00,0.420286655,0.138141543
5/15/2019 14:00,0.440205242,0.144688466
5/15/2019 15:00,0.408856247,0.13438455
5/15/2019 16:00,0.391887996,0.128807355
5/15/2019 17:00,0.442967836,0.145596487
5/15/2019 18:00,0.469019149,0.154159139
5/15/2019 19:00,0.478595789,0.157306829
5/15/2019 20:00,0.495210384,0.162767782
5/15/2019 21:00,0.492675907,0.16193474
5/15/2019 22:00,0.446192746,0.146656463
5/15/2019 23:00,0.475258249,0.156209832
5/16/2019 0:00,0.519456896,0.170737225
5/16/2019 1:00,0.542908866,0.178445515
5/16/2019 2:00,0.516877204,0.169889321
5/16/2019 3:00,0.525186491,0.172620452
5/16/2019 4:00,0.517187311,0.169991249
5/16/2019 5:00,0.534416435,0.175654188
5/16/2019 6:00,0.581078711,0.190991336
5/16/2019 7:00,0.628132167,0.206457059
5/16/2019 8:00,0.660353991,0.217047861
5/16/2019 9:00,0.676832888,0.222464212
5/16/2019 10:00,0.727333882,0.239063086
5/16/2019 11:00,0.728783016,0.239539393
5/16/2019 12:00,0.729671047,0.239831275
5/16/2019 13:00,0.725270379,0.238384846
5/16/2019 14:00,0.711429397,0.233835535
5/16/2019 15:00,0.726983804,0.238948021
5/16/2019 16:00,0.757823166,0.249084429
5/16/2019 17:00,0.751590236,0.247035764
5/16/2019 18:00,0.754002298,0.24782857
5/16/2019 19:00,0.749360601,0.246302919
5/16/2019 20:00,0.762053359,0.250474826
5/16/2019 21:00,0.749050299,0.246200927
5/16/2019 22:00,0.644203471,0.211739441
5/16/2019 23:00,0.593384975,0.19503621
5/17/2019 0:00,0.543619019,0.178678931
5/17/2019 1:00,0.54038849,0.177617107
5/17/2019 2:00,0.488387412,0.16052518
5/17/2019 3:00,0.408841122,0.134379578
5/17/2019 4:00,0.317620771,0.104396899
5/17/2019 5:00,0.173414774,0.05699868
5/17/2019 6:00,0.106492743,0.035002472
5/17/2019 7:00,0.069391854,0.022808
5/17/2019 8:00,0.044600347,0.014659425
5/17/2019 9:00,0.046898142,0.015414674
5/17/2019 10:00,0.064047025,0.021051239
5/17/2019 11:00,0.13407995,0.044069948
5/17/2019 12:00,0.187612052,0.061665099
5/17/2019 13:00,0.196476411,0.064578673
5/17/2019 14:00,0.177981108,0.058499561
5/17/2019 15:00,0.16002479,0.052597605
5/17/2019 16:00,0.186652445,0.061349692
5/17/2019 17:00,0.170819224,0.056145564
5/17/2019 18:00,0.127127661,0.041784841
5/17/2019 19:00,0.173304095,0.056962301
5/17/2019 20:00,0.169636783,0.055756914
5/17/2019 21:00,0.078265955,0.025724775
5/17/2019 22:00,0.020977429,0.006894948
5/17/2019 23:00,0.019646448,0.006457475
5/18/2019 0:00,0.03691439,0.012133173
5/18/2019 1:00,0.047808766,0.015713981
5/18/2019 2:00,0.076983812,0.025303355
5/18/2019 3:00,0.121898854,0.040066216
5/18/2019 4:00,0.176673137,0.058069652
5/18/2019 5:00,0.165125233,0.054274039
5/18/2019 6:00,0.09953421,0.032715313
5/18/2019 7:00,0.032757786,0.010766963
5/18/2019 8:00,0,0
5/18/2019 9:00,0,0
5/18/2019 10:00,0,0
5/18/2019 11:00,0,0
5/18/2019 12:00,0,0
5/18/2019 13:00,0.017434828,0.005730551
5/18/2019 14:00,0.063102301,0.020740723
5/18/2019 15:00,0.11623823,0.038205659
5/18/2019 16:00,0.139308513,0.045788494
5/18/2019 17:00,0.142835111,0.046947631
5/18/2019 18:00,0.132904192,0.043683495
5/18/2019 19:00,0.107740105,0.03541246
5/18/2019 20:00,0.091450621,0.030058366
5/18/2019 21:00,0.089055691,0.02927119
5/18/2019 22:00,0.114003628,0.037471181
5/18/2019 23:00,0.081218744,0.02669531
5/19/2019 0:00,0.069579145,0.022869559
5/19/2019 1:00,0.074795047,0.024583943
5/19/2019 2:00,0.078890886,0.02593018
5/19/2019 3:00,0.066804542,0.021957591
5/19/2019 4:00,0.061179432,0.020108707
5/19/2019 5:00,0.057628233,0.018941484
5/19/2019 6:00,0.044764785,0.014713473
5/19/2019 7:00,0.036056008,0.011851037
5/19/2019 8:00,0.022972862,0.007550815
5/19/2019 9:00,0.010371416,0.00340892
5/19/2019 10:00,0,0
5/19/2019 11:00,0,0
5/19/2019 12:00,0,0
5/19/2019 13:00,0,0
5/19/2019 14:00,0,0
5/19/2019 15:00,0,0
5/19/2019 16:00,0.010884236,0.003577476
5/19/2019 17:00,0.022119034,0.007270175
5/19/2019 18:00,0.026090651,0.008575582
5/19/2019 19:00,0.017602623,0.005785702
5/19/2019 20:00,0.008717778,0.002865395
5/19/2019 21:00,0.002007,0.000659669
5/19/2019 22:00,0.007674512,0.00252249
5/19/2019 23:00,0.002129431,0.00069991
5/20/2019 0:00,0.005364657,0.001763278
5/20/2019 1:00,0.012213224,0.004014292
5/20/2019 2:00,0.016133991,0.005302986
5/20/2019 3:00,0.014697032,0.004830681
5/20/2019 4:00,0.006441206,0.002117122
5/20/2019 5:00,0,0
5/20/2019 6:00,0,0
5/20/2019 7:00,0.003098387,0.001018391
5/20/2019 8:00,0.020514086,0.006742654
5/20/2019 9:00,0.033603725,0.01104501
5/20/2019 10:00,0.044927623,0.014766996
5/20/2019 11:00,0.031820824,0.010458999
5/20/2019 12:00,0.016498905,0.005422928
5/20/2019 13:00,0,0
5/20/2019 14:00,0,0
5/20/2019 15:00,0,0
5/20/2019 16:00,0,0
5/20/2019 17:00,0,0
5/20/2019 18:00,0,0
5/20/2019 19:00,0,0
5/20/2019 20:00,0,0
5/20/2019 21:00,0,0
5/20/2019 22:00,0,0
5/20/2019 23:00,0,0
5/21/2019 0:00,0,0
5/21/2019 1:00,0.00546037,0.001794737
5/21/2019 2:00,0.038118241,0.01252886
5/21/2019 3:00,0.056401732,0.018538353
5/21/2019 4:00,0.065448907,0.021512015
5/21/2019 5:00,0.063064349,0.020728249
5/21/2019 6:00,0.053165192,0.017474554
5/21/2019 7:00,0.033352045,0.010962287
5/21/2019 8:00,0.021291476,0.00699817
5/21/2019 9:00,0.013201103,0.004338993
5/21/2019 10:00,0.030187559,0.009922171
5/21/2019 11:00,0.085940696,0.028247341
5/21/2019 12:00,0.172972171,0.056853203
5/21/2019 13:00,0.222797779,0.073230089
5/21/2019 14:00,0.229695528,0.075497269
5/21/2019 15:00,0.215857539,0.070948942
5/21/2019 16:00,0.205740853,0.067623748
5/21/2019 17:00,0.201183695,0.066125883
5/21/2019 18:00,0.223144788,0.073344145
5/21/2019 19:00,0.228645904,0.075152274
5/21/2019 20:00,0.187437501,0.061607727
5/21/2019 21:00,0.125896219,0.041380086
5/21/2019 22:00,0.081357071,0.026740776
5/21/2019 23:00,0.039154725,0.012869536
5/22/2019 0:00,0.02661357,0.008747457
5/22/2019 1:00,0.024958671,0.008203518
5/22/2019 2:00,0.042106341,0.013839685
5/22/2019 3:00,0.073424883,0.024133592
5/22/2019 4:00,0.102624098,0.03373091
5/22/2019 5:00,0.148595045,0.04884083
5/22/2019 6:00,0.198074155,0.065103827
5/22/2019 7:00,0.273099354,0.089763417
5/22/2019 8:00,0.32315985,0.106217506
5/22/2019 9:00,0.359172084,0.118054155
5/22/2019 10:00,0.434330733,0.142757608
5/22/2019 11:00,0.55666987,0.182968538
5/22/2019 12:00,0.613324584,0.201590042
5/22/2019 13:00,0.537529175,0.176677296
5/22/2019 14:00,0.563004039,0.185050479
5/22/2019 15:00,0.626724829,0.20599449
5/22/2019 16:00,0.656700356,0.215846969
5/22/2019 17:00,0.659363134,0.216722182
5/22/2019 18:00,0.665903803,0.218871996
5/22/2019 19:00,0.677002302,0.222519896
5/22/2019 20:00,0.716628429,0.235544374
5/22/2019 21:00,0.720968935,0.236971029
5/22/2019 22:00,0.69207317,0.227473451
5/22/2019 23:00,0.719046506,0.236339157
5/23/2019 0:00,0.756571994,0.248673189
5/23/2019 1:00,0.762024831,0.25046545
5/23/2019 2:00,0.815416591,0.268014473
5/23/2019 3:00,0.805843536,0.264867961
5/23/2019 4:00,0.757318116,0.248918427
5/23/2019 5:00,0.718940469,0.236304305
5/23/2019 6:00,0.699451783,0.229898683
5/23/2019 7:00,0.746406678,0.245332011
5/23/2019 8:00,0.812408675,0.267025819
5/23/2019 9:00,0.835805596,0.274716015
5/23/2019 10:00,0.847174424,0.278452767
5/23/2019 11:00,0.859516095,0.282509278
5/23/2019 12:00,0.866943575,0.284950573
5/23/2019 13:00,0.875922552,0.28790182
5/23/2019 14:00,0.881479528,0.28972831
5/23/2019 15:00,0.901887033,0.296435932
5/23/2019 16:00,0.897966145,0.295147199
5/23/2019 17:00,0.892022347,0.293193567
5/23/2019 18:00,0.881484047,0.289729795
5/23/2019 19:00,0.869520238,0.285797481
5/23/2019 20:00,0.854198429,0.280761446
5/23/2019 21:00,0.816404172,0.268339075
5/23/2019 22:00,0.845881231,0.278027716
5/23/2019 23:00,0.815227937,0.267952465
5/24/2019 0:00,0.726979507,0.238946609
5/24/2019 1:00,0.694230988,0.228182691
5/24/2019 2:00,0.706156654,0.232102468
5/24/2019 3:00,0.675881906,0.222151639
5/24/2019 4:00,0.617444029,0.202944038
5/24/2019 5:00,0.550996266,0.181103715
5/24/2019 6:00,0.492949755,0.162024749
5/24/2019 7:00,0.419586424,0.137911388
5/24/2019 8:00,0.437386075,0.143761851
5/24/2019 9:00,0.42710373,0.140382207
5/24/2019 10:00,0.479615697,0.157642056
5/24/2019 11:00,0.45027743,0.147999034
5/24/2019 12:00,0.398293952,0.130912891
5/24/2019 13:00,0.46363909,0.152390799
5/24/2019 14:00,0.51730487,0.170029888
5/24/2019 15:00,0.565757381,0.185955459
5/24/2019 16:00,0.612828673,0.201427044
5/24/2019 17:00,0.61462197,0.202016472
5/24/2019 18:00,0.575912948,0.189293432
5/24/2019 19:00,0.443345152,0.145720505
5/24/2019 20:00,0.322425973,0.105976292
5/24/2019 21:00,0.324095932,0.106525181
5/24/2019 22:00,0.338330969,0.111204012
5/24/2019 23:00,0.324064549,0.106514866
5/25/2019 0:00,0.209964504,0.069011995
5/25/2019 1:00,0.158627974,0.052138494
5/25/2019 2:00,0.126871544,0.04170066
5/25/2019 3:00,0.094749198,0.031142555
5/25/2019 4:00,0.092701707,0.030469578
5/25/2019 5:00,0.113309905,0.037243165
5/25/2019 6:00,0.092899928,0.03053473
5/25/2019 7:00,0.092870749,0.030525139
5/25/2019 8:00,0.115067203,0.037820761
5/25/2019 9:00,0.111394261,0.036613523
5/25/2019 10:00,0.145307029,0.047760111
5/25/2019 11:00,0.131313948,0.043160808
5/25/2019 12:00,0.118920765,0.039087365
5/25/2019 13:00,0.102779795,0.033782085
5/25/2019 14:00,0.070183239,0.023068115
5/25/2019 15:00,0.064291044,0.021131444
5/25/2019 16:00,0.045319545,0.014895814
5/25/2019 17:00,0.036112289,0.011869535
5/25/2019 18:00,0.039464271,0.012971279
5/25/2019 19:00,0.044881373,0.014751794
5/25/2019 20:00,0.046692672,0.015347139
5/25/2019 21:00,0.041124348,0.01351692
5/25/2019 22:00,0.027834784,0.009148851
5/25/2019 23:00,0.026668292,0.008765444
5/26/2019 0:00,0.013803004,0.004536828
5/26/2019 1:00,0.021181408,0.006961992
5/26/2019 2:00,0.010406872,0.003420574
5/26/2019 3:00,0.016046578,0.005274255
5/26/2019 4:00,0.046417054,0.015256548
5/26/2019 5:00,0.057177483,0.01879333
5/26/2019 6:00,0.068320478,0.022455855
5/26/2019 7:00,0.082577691,0.027141975
5/26/2019 8:00,0.125550793,0.04126655
5/26/2019 9:00,0.162191152,0.053309654
5/26/2019 10:00,0.124503061,0.040922177
5/26/2019 11:00,0.112543009,0.036991098
5/26/2019 12:00,0.117553916,0.038638104
5/26/2019 13:00,0.138054627,0.045376361
5/26/2019 14:00,0.144326132,0.047437706
5/26/2019 15:00,0.188936119,0.062100299
5/26/2019 16:00,0.218011841,0.071657027
5/26/2019 17:00,0.270478416,0.088901956
5/26/2019 18:00,0.298119403,0.097987109
5/26/2019 19:00,0.298774163,0.098202319
5/26/2019 20:00,0.27974803,0.091948731
5/26/2019 21:00,0.261958656,0.086101646
5/26/2019 22:00,0.208899568,0.068661968
5/26/2019 23:00,0.233108612,0.076619096
5/27/2019 0:00,0.23677061,0.077822736
5/27/2019 1:00,0.221218796,0.072711102
5/27/2019 2:00,0.229316613,0.075372726
5/27/2019 3:00,0.244655547,0.08041439
5/27/2019 4:00,0.248351501,0.081629191
5/27/2019 5:00,0.234124983,0.07695316
5/27/2019 6:00,0.203255063,0.066806708
5/27/2019 7:00,0.175887998,0.057811589
5/27/2019 8:00,0.15244794,0.050107215
5/27/2019 9:00,0.140797162,0.046277789
5/27/2019 10:00,0.07688751,0.025271702
5/27/2019 11:00,0.069751194,0.022926109
5/27/2019 12:00,0.084063594,0.027630367
5/27/2019 13:00,0.092367145,0.030359612
5/27/2019 14:00,0.097144175,0.031929746
5/27/2019 15:00,0.096533604,0.031729061
5/27/2019 16:00,0.103810344,0.03412081
5/27/2019 17:00,0.117469672,0.038610414
5/27/2019 18:00,0.125235827,0.041163026
5/27/2019 19:00,0.13049071,0.042890222
5/27/2019 20:00,0.125920348,0.041388017
5/27/2019 21:00,0.128627456,0.0422778
5/27/2019 22:00,0.165592463,0.054427611
5/27/2019 23:00,0.195525192,0.064266023
5/28/2019 0:00,0.194780498,0.064021254
5/28/2019 1:00,0.201299513,0.06616395
5/28/2019 2:00,0.246219319,0.080928376
5/28/2019 3:00,0.325450673,0.106970463
5/28/2019 4:00,0.367149055,0.120676059
5/28/2019 5:00,0.348167751,0.114437206
5/28/2019 6:00,0.318701348,0.104752067
5/28/2019 7:00,0.305013152,0.100252975
5/28/2019 8:00,0.293461303,0.096456066
5/28/2019 9:00,0.295735302,0.097203493
5/28/2019 10:00,0.28636373,0.094123206
5/28/2019 11:00,0.347444666,0.114199539
5/28/2019 12:00,0.366896457,0.120593034
5/28/2019 13:00,0.366225696,0.120372565
5/28/2019 14:00,0.400621631,0.131677962
5/28/2019 15:00,0.463795444,0.15244219
5/28/2019 16:00,0.52568648,0.17278479
5/28/2019 17:00,0.542241946,0.178226309
5/28/2019 18:00,0.568982012,0.187015343
5/28/2019 19:00,0.530760043,0.17445239
5/28/2019 20:00,0.453938877,0.149202494
5/28/2019 21:00,0.371613732,0.122143527
5/28/2019 22:00,0.192533575,0.063282726
5/28/2019 23:00,0.111606804,0.036683382
5/29/2019 0:00,0.09281177,0.030505754
5/29/2019 1:00,0.045338386,0.014902007
5/29/2019 2:00,0.048916618,0.016078115
5/29/2019 3:00,0.166779397,0.054817737
5/29/2019 4:00,0.310528189,0.10206568
5/29/2019 5:00,0.419114372,0.137756232
5/29/2019 6:00,0.414806813,0.136340406
5/29/2019 7:00,0.341387194,0.112208544
5/29/2019 8:00,0.32086378,0.105462825
5/29/2019 9:00,0.248747758,0.081759434
5/29/2019 10:00,0.128059284,0.042091051
5/29/2019 11:00,0.063121819,0.020747139
5/29/2019 12:00,0.049099963,0.016138377
5/29/2019 13:00,0.01108624,0.003643871
5/29/2019 14:00,0,0
5/29/2019 15:00,0,0
5/29/2019 16:00,0,0
5/29/2019 17:00,0,0
5/29/2019 18:00,0,0
5/29/2019 19:00,0,0
5/29/2019 20:00,0,0
5/29/2019 21:00,0,0
5/29/2019 22:00,0.033463686,0.010998982
5/29/2019 23:00,0.063157422,0.020758841
5/30/2019 0:00,0.100503236,0.033033816
5/30/2019 1:00,0.149053704,0.048991583
5/30/2019 2:00,0.177916852,0.058478441
5/30/2019 3:00,0.198262622,0.065165772
5/30/2019 4:00,0.195636115,0.064302482
5/30/2019 5:00,0.166440935,0.05470649
5/30/2019 6:00,0.125073095,0.041109538
5/30/2019 7:00,0.083559845,0.027464793
5/30/2019 8:00,0.065675173,0.021586386
5/30/2019 9:00,0.057280749,0.018827272
5/30/2019 10:00,0.053232601,0.01749671
5/30/2019 11:00,0.074026866,0.024331454
5/30/2019 12:00,0.094734464,0.031137712
5/30/2019 13:00,0.074368204,0.024443647
5/30/2019 14:00,0.047786983,0.015706822
5/30/2019 15:00,0.039145697,0.012866568
5/30/2019 16:00,0.0171222,0.005627795
5/30/2019 17:00,0,0
5/30/2019 18:00,0,0
5/30/2019 19:00,0,0
5/30/2019 20:00,0,0
5/30/2019 21:00,0,0
5/30/2019 22:00,0,0
5/30/2019 23:00,0,0
5/31/2019 0:00,0,0
5/31/2019 1:00,0,0
5/31/2019 2:00,0.016370366,0.005380679
5/31/2019 3:00,0.046914313,0.015419989
5/31/2019 4:00,0.070262051,0.023094019
5/31/2019 5:00,0.138947193,0.045669734
5/31/2019 6:00,0.233888959,0.076875583
5/31/2019 7:00,0.255970627,0.084133477
5/31/2019 8:00,0.384413626,0.126350649
5/31/2019 9:00,0.501837869,0.164946131
5/31/2019 10:00,0.623432905,0.204912486
5/31/2019 11:00,0.658088297,0.216303163
5/31/2019 12:00,0.681593375,0.224028909
5/31/2019 13:00,0.691060284,0.227140531
5/31/2019 14:00,0.599173566,0.196938827
5/31/2019 15:00,0.430611877,0.141535279
5/31/2019 16:00,0.239984706,0.078879158
5/31/2019 17:00,0.132442858,0.043531862
5/31/2019 18:00,0.098351692,0.032326638
5/31/2019 19:00,0.162178265,0.053305418
5/31/2019 20:00,0.405972518,0.133436714
5/31/2019 21:00,0.770872276,0.253373464
5/31/2019 22:00,0.762224864,0.250531198
5/31/2019 23:00,0.64262791,0.21122158
06/01/2019 00:00,0.663499594,0.21808177
06/01/2019 01:00,0.629900002,0.207038118
06/01/2019 02:00,0.541808409,0.178083812
06/01/2019 03:00,0.442811795,0.145545199
06/01/2019 04:00,0.479092199,0.157469991
06/01/2019 05:00,0.588005877,0.193268186
06/01/2019 06:00,0.589559697,0.193778902
06/01/2019 07:00,0.59466751,0.195457759
06/01/2019 08:00,0.548812994,0.180386108
06/01/2019 09:00,0.406797818,0.133707977
06/01/2019 10:00,0.280233953,0.092108446
06/01/2019 11:00,0.154985013,0.05094111
06/01/2019 12:00,0.088921744,0.029227164
06/01/2019 13:00,0.046158718,0.015171637
06/01/2019 14:00,0.033562221,0.011031369
06/01/2019 15:00,0.040559836,0.013331374
06/01/2019 16:00,0.037864871,0.012445581
06/01/2019 17:00,0.032605734,0.010716987
06/01/2019 18:00,0.020153165,0.006624025
06/01/2019 19:00,0.013308946,0.004374439
06/01/2019 20:00,0.010724464,0.003524961
06/01/2019 21:00,0.021772291,0.007156206
06/01/2019 22:00,0.049470723,0.01626024
06/01/2019 23:00,0.124319327,0.040861787
06/02/2019 00:00,0.198436779,0.065223015
06/02/2019 01:00,0.180621736,0.059367494
06/02/2019 02:00,0.167799284,0.055152958
06/02/2019 03:00,0.234508192,0.077079115
06/02/2019 04:00,0.301011977,0.098937852
06/02/2019 05:00,0.372205017,0.122337873
06/02/2019 06:00,0.455274478,0.149641484
06/02/2019 07:00,0.559742054,0.183978316
06/02/2019 08:00,0.648183836,0.213047724
06/02/2019 09:00,0.664103562,0.218280285
06/02/2019 10:00,0.634750473,0.208632391
06/02/2019 11:00,0.647029331,0.212668257
06/02/2019 12:00,0.718816682,0.236263618
06/02/2019 13:00,0.751565008,0.247027472
06/02/2019 14:00,0.741229315,0.243630294
06/02/2019 15:00,0.636611854,0.209244198
06/02/2019 16:00,0.410782654,0.135017729
06/02/2019 17:00,0.183894424,0.060443174
06/02/2019 18:00,0.038195927,0.012554394
06/02/2019 19:00,0.010434778,0.003429746
06/02/2019 20:00,0.016712647,0.005493181
06/02/2019 21:00,0.03752304,0.012333227
06/02/2019 22:00,0.044054334,0.014479959
06/02/2019 23:00,0.051854068,0.017043608
06/03/2019 00:00,0.13158036,0.043248373
06/03/2019 01:00,0.089273691,0.029342843
06/03/2019 02:00,0.156791251,0.051534792
06/03/2019 03:00,0.422241792,0.138784166
06/03/2019 04:00,0.511310577,0.16805966
06/03/2019 05:00,0.40626735,0.13353362
06/03/2019 06:00,0.285567101,0.093861367
06/03/2019 07:00,0.235038887,0.077253546
06/03/2019 08:00,0.267140113,0.087804709
06/03/2019 09:00,0.38761722,0.127403619
06/03/2019 10:00,0.682412961,0.224298293
06/03/2019 11:00,0.72477128,0.2382208
06/03/2019 12:00,0.720239681,0.236731335
06/03/2019 13:00,0.778251454,0.255798883
06/03/2019 14:00,0.826438771,0.271637288
06/03/2019 15:00,0.854150318,0.280745633
06/03/2019 16:00,0.880844242,0.289519501
06/03/2019 17:00,0.883372821,0.290350605
06/03/2019 18:00,0.841913927,0.276723726
06/03/2019 19:00,0.749193837,0.246248106
06/03/2019 20:00,0.671933324,0.220853803
06/03/2019 21:00,0.619617934,0.203658566
06/03/2019 22:00,0.72624999,0.238706828
06/03/2019 23:00,0.671576365,0.220736477
06/04/2019 00:00,0.620768169,0.20403663
06/04/2019 01:00,0.522915683,0.171874073
06/04/2019 02:00,0.440578308,0.144811087
06/04/2019 03:00,0.346529271,0.113898663
06/04/2019 04:00,0.308770096,0.101487823
06/04/2019 05:00,0.275872154,0.090674792
06/04/2019 06:00,0.259892276,0.08542246
06/04/2019 07:00,0.270869252,0.089030418
06/04/2019 08:00,0.224312082,0.073727816
06/04/2019 09:00,0.155178291,0.051004638
06/04/2019 10:00,0.136933832,0.045007974
06/04/2019 11:00,0.108527917,0.035671401
06/04/2019 12:00,0.08563324,0.028146285
06/04/2019 13:00,0.070257554,0.023092541
06/04/2019 14:00,0.059271582,0.019481627
06/04/2019 15:00,0.037925313,0.012465448
06/04/2019 16:00,0.022888389,0.00752305
06/04/2019 17:00,0.023383461,0.007685772
06/04/2019 18:00,0.015685141,0.005155456
06/04/2019 19:00,0.006758435,0.00222139
06/04/2019 20:00,0.02151362,0.007071185
06/04/2019 21:00,0.021697684,0.007131684
06/04/2019 22:00,0.044738472,0.014704825
06/04/2019 23:00,0.088540077,0.029101716
06/05/2019 00:00,0.116226283,0.038201732
06/05/2019 01:00,0.154934358,0.050924461
06/05/2019 02:00,0.234277383,0.077003252
06/05/2019 03:00,0.259671879,0.085350019
06/05/2019 04:00,0.281899345,0.092655834
06/05/2019 05:00,0.312603873,0.102747924
06/05/2019 06:00,0.317893018,0.104486382
06/05/2019 07:00,0.338138695,0.111140814
06/05/2019 08:00,0.33029921,0.1085641
06/05/2019 09:00,0.3155653,0.103721298
06/05/2019 10:00,0.301680552,0.099157602
06/05/2019 11:00,0.194256651,0.063849074
06/05/2019 12:00,0.179008804,0.058837349
06/05/2019 13:00,0.193201627,0.063502304
06/05/2019 14:00,0.13735108,0.045145117
06/05/2019 15:00,0.094298875,0.030994541
06/05/2019 16:00,0.067129887,0.022064527
06/05/2019 17:00,0.069357839,0.022796819
06/05/2019 18:00,0.043786418,0.0143919
06/05/2019 19:00,0.030750967,0.010107354
06/05/2019 20:00,0.026458144,0.008696371
06/05/2019 21:00,0.022828909,0.0075035
06/05/2019 22:00,0.014390094,0.004729795
06/05/2019 23:00,0.023493135,0.00772182
06/06/2019 00:00,0.029911271,0.009831359
06/06/2019 01:00,0.048281062,0.015869218
06/06/2019 02:00,0.069567728,0.022865806
06/06/2019 03:00,0.104839,0.034458913
06/06/2019 04:00,0.194544985,0.063943844
06/06/2019 05:00,0.225487005,0.074113995
06/06/2019 06:00,0.313614568,0.103080124
06/06/2019 07:00,0.373887908,0.122891013
06/06/2019 08:00,0.382120504,0.125596936
06/06/2019 09:00,0.380650015,0.12511361
06/06/2019 10:00,0.393269901,0.129261565
06/06/2019 11:00,0.322646473,0.106048767
06/06/2019 12:00,0.189495543,0.062284173
06/06/2019 13:00,0.081667822,0.026842915
06/06/2019 14:00,0.047269325,0.015536676
06/06/2019 15:00,0.035548445,0.011684209
06/06/2019 16:00,0.014002554,0.004602417
06/06/2019 17:00,0.008650736,0.00284336
06/06/2019 18:00,0.010338293,0.003398033
06/06/2019 19:00,0.00485604,0.001596103
06/06/2019 20:00,0,0
06/06/2019 21:00,0,0
06/06/2019 22:00,0.005914555,0.00194402
06/06/2019 23:00,0.007000393,0.002300918
06/07/2019 00:00,0.018738732,0.006159123
06/07/2019 01:00,0.028090052,0.009232754
06/07/2019 02:00,0.057410643,0.018869966
06/07/2019 03:00,0.092093677,0.030269728
06/07/2019 04:00,0.090386968,0.02970876
06/07/2019 05:00,0.052062161,0.017112005
06/07/2019 06:00,0.046560653,0.015303746
06/07/2019 07:00,0.065726269,0.02160318
06/07/2019 08:00,0.080300694,0.026393562
06/07/2019 09:00,0.091706281,0.030142397
06/07/2019 10:00,0.04755695,0.015631214
06/07/2019 11:00,0.056334944,0.018516401
06/07/2019 12:00,0.10625152,0.034923186
06/07/2019 13:00,0.196432561,0.06456426
06/07/2019 14:00,0.193142131,0.063482749
06/07/2019 15:00,0.138484588,0.045517683
06/07/2019 16:00,0.166342843,0.054674249
06/07/2019 17:00,0.18467682,0.060700335
06/07/2019 18:00,0.148047645,0.048660908
06/07/2019 19:00,0.125270189,0.04117432
06/07/2019 20:00,0.136392541,0.04483006
06/07/2019 21:00,0.144212897,0.047400487
06/07/2019 22:00,0.134216563,0.044114851
06/07/2019 23:00,0.128130016,0.0421143
06/08/2019 00:00,0.12456663,0.040943071
06/08/2019 01:00,0.102706716,0.033758065
06/08/2019 02:00,0.084010385,0.027612878
06/08/2019 03:00,0.07377625,0.024249081
06/08/2019 04:00,0.081376954,0.026747311
06/08/2019 05:00,0.118679326,0.039008008
06/08/2019 06:00,0.173409454,0.056996931
06/08/2019 07:00,0.210368578,0.069144808
06/08/2019 08:00,0.206207114,0.067777001
06/08/2019 09:00,0.204431901,0.067193516
06/08/2019 10:00,0.179651554,0.05904861
06/08/2019 11:00,0.199446515,0.065554899
06/08/2019 12:00,0.220578454,0.072500632
06/08/2019 13:00,0.239147617,0.07860402
06/08/2019 14:00,0.274563124,0.090244535
06/08/2019 15:00,0.320302009,0.105278179
06/08/2019 16:00,0.334443402,0.10992623
06/08/2019 17:00,0.355695291,0.116911389
06/08/2019 18:00,0.334598626,0.10997725
06/08/2019 19:00,0.299640269,0.098486994
06/08/2019 20:00,0.26537151,0.087223397
06/08/2019 21:00,0.261407577,0.085920516
06/08/2019 22:00,0.275915215,0.090688946
06/08/2019 23:00,0.248509059,0.081680978
06/09/2019 00:00,0.211567723,0.069538948
06/09/2019 01:00,0.191959457,0.063094022
06/09/2019 02:00,0.204716068,0.067286918
06/09/2019 03:00,0.23570946,0.077473953
06/09/2019 04:00,0.225649709,0.074167473
06/09/2019 05:00,0.213081772,0.070036591
06/09/2019 06:00,0.179356509,0.058951634
06/09/2019 07:00,0.131679887,0.043281086
06/09/2019 08:00,0.100341727,0.032980731
06/09/2019 09:00,0.077176314,0.025366628
06/09/2019 10:00,0.050317309,0.0165385
06/09/2019 11:00,0.03809833,0.012522316
06/09/2019 12:00,0.026154673,0.008596625
06/09/2019 13:00,0.008167769,0.002684616
06/09/2019 14:00,0,0
06/09/2019 15:00,0,0
06/09/2019 16:00,0,0
06/09/2019 17:00,0,0
06/09/2019 18:00,0,0
06/09/2019 19:00,0,0
06/09/2019 20:00,0,0
06/09/2019 21:00,0,0
06/09/2019 22:00,0,0
06/09/2019 23:00,0,0
06/10/2019 00:00,0,0
06/10/2019 01:00,0.001014736,0.000333528
06/10/2019 02:00,0.010263212,0.003373355
06/10/2019 03:00,0.017924416,0.005891471
06/10/2019 04:00,0.03023784,0.009938697
06/10/2019 05:00,0.039779471,0.01307488
06/10/2019 06:00,0.04602989,0.015129293
06/10/2019 07:00,0.039149038,0.012867667
06/10/2019 08:00,0.041041231,0.0134896
06/10/2019 09:00,0.048700144,0.016006963
06/10/2019 10:00,0.075144924,0.024698942
06/10/2019 11:00,0.07575741,0.024900257
06/10/2019 12:00,0.063835643,0.020981761
06/10/2019 13:00,0.06815844,0.022402596
06/10/2019 14:00,0.097958045,0.032197252
06/10/2019 15:00,0.13126583,0.043144992
06/10/2019 16:00,0.148574489,0.048834073
06/10/2019 17:00,0.151327647,0.049738992
06/10/2019 18:00,0.13883365,0.045632414
06/10/2019 19:00,0.117196417,0.0385206
06/10/2019 20:00,0.102260182,0.033611297
06/10/2019 21:00,0.089992428,0.029579081
06/10/2019 22:00,0.09466962,0.031116399
06/10/2019 23:00,0.108582925,0.035689481
06/11/2019 00:00,0.152448688,0.050107461
06/11/2019 01:00,0.247670646,0.081405404
06/11/2019 02:00,0.377151085,0.123963567
06/11/2019 03:00,0.404478448,0.132945637
06/11/2019 04:00,0.439148692,0.144341195
06/11/2019 05:00,0.356963915,0.117328365
06/11/2019 06:00,0.382219349,0.125629425
06/11/2019 07:00,0.39762448,0.130692846
06/11/2019 08:00,0.465839498,0.153114038
06/11/2019 09:00,0.582805515,0.191558909
06/11/2019 10:00,0.518149015,0.170307345
06/11/2019 11:00,0.472799648,0.155401729
06/11/2019 12:00,0.409137228,0.134476904
06/11/2019 13:00,0.400839403,0.131749541
06/11/2019 14:00,0.415437288,0.136547633
06/11/2019 15:00,0.506401787,0.166446218
06/11/2019 16:00,0.513529163,0.168788873
06/11/2019 17:00,0.489958647,0.16104162
06/11/2019 18:00,0.48924782,0.160807982
06/11/2019 19:00,0.609344637,0.200281897
06/11/2019 20:00,0.698823031,0.229692023
06/11/2019 21:00,0.773082374,0.254099888
06/11/2019 22:00,0.864695767,0.284211755
06/11/2019 23:00,0.856913801,0.281653946
06/12/2019 00:00,0.844986425,0.277733607
06/12/2019 01:00,0.838930033,0.275742967
06/12/2019 02:00,0.861993935,0.283323705
06/12/2019 03:00,0.89256726,0.293372671
06/12/2019 04:00,0.899252404,0.295569972
06/12/2019 05:00,0.898799517,0.295421115
06/12/2019 06:00,0.89140977,0.292992223
06/12/2019 07:00,0.885124421,0.290926328
06/12/2019 08:00,0.872998875,0.286940854
06/12/2019 09:00,0.868346778,0.285411784
06/12/2019 10:00,0.855099573,0.281057638
06/12/2019 11:00,0.826288177,0.27158779
06/12/2019 12:00,0.820196445,0.269585535
06/12/2019 13:00,0.790515193,0.259829779
06/12/2019 14:00,0.768613662,0.252631094
06/12/2019 15:00,0.767078839,0.252126622
06/12/2019 16:00,0.815361536,0.267996377
06/12/2019 17:00,0.837307477,0.275209659
06/12/2019 18:00,0.813855953,0.267501516
06/12/2019 19:00,0.795527071,0.261477103
06/12/2019 20:00,0.796194691,0.261696539
06/12/2019 21:00,0.789856577,0.259613302
06/12/2019 22:00,0.777884531,0.255678281
06/12/2019 23:00,0.753616935,0.247701908
6/13/2019 0:00,0.719250025,0.236406051
6/13/2019 1:00,0.748569558,0.246042915
6/13/2019 2:00,0.761874425,0.250416014
6/13/2019 3:00,0.763138423,0.25083147
6/13/2019 4:00,0.763208029,0.250854348
6/13/2019 5:00,0.751967383,0.247159726
6/13/2019 6:00,0.687020713,0.225812788
6/13/2019 7:00,0.562044662,0.184735147
6/13/2019 8:00,0.714443004,0.234826059
6/13/2019 9:00,0.739820122,0.243167115
6/13/2019 10:00,0.756301182,0.248584177
6/13/2019 11:00,0.786658694,0.258562209
6/13/2019 12:00,0.764224795,0.251188543
6/13/2019 13:00,0.697804648,0.229357296
6/13/2019 14:00,0.771046145,0.253430612
6/13/2019 15:00,0.743612182,0.244413505
6/13/2019 16:00,0.692268694,0.227537716
6/13/2019 17:00,0.738287576,0.242663391
6/13/2019 18:00,0.787639021,0.258884427
6/13/2019 19:00,0.80105543,0.263294187
6/13/2019 20:00,0.384685924,0.126440149
6/13/2019 21:00,0.009953591,0.003271587
6/13/2019 22:00,0,0
6/13/2019 23:00,0,0
6/14/2019 0:00,0.082877334,0.027240462
6/14/2019 1:00,0.194920089,0.064067135
6/14/2019 2:00,0.355045391,0.116697777
6/14/2019 3:00,0.49771429,0.163590776
6/14/2019 4:00,0.496329663,0.163135671
6/14/2019 5:00,0.483150957,0.15880404
6/14/2019 6:00,0.565474892,0.185862609
6/14/2019 7:00,0.668787201,0.219819723
6/14/2019 8:00,0.703818404,0.231333922
6/14/2019 9:00,0.753196218,0.247563625
6/14/2019 10:00,0.771646898,0.25362807
6/14/2019 11:00,0.798532191,0.262464839
6/14/2019 12:00,0.774200171,0.25446729
6/14/2019 13:00,0.799635279,0.262827406
6/14/2019 14:00,0.819534451,0.269367948
6/14/2019 15:00,0.83944274,0.275911486
6/14/2019 16:00,0.82928648,0.272573285
6/14/2019 17:00,0.794835604,0.261249829
6/14/2019 18:00,0.752501381,0.247335243
6/14/2019 19:00,0.667393162,0.219361524
6/14/2019 20:00,0.540101613,0.177522815
6/14/2019 21:00,0.45170929,0.148469664
6/14/2019 22:00,0.412049026,0.135433966
6/14/2019 23:00,0.327889082,0.107771929
6/15/2019 0:00,0.290021375,0.095325416
6/15/2019 1:00,0.275476385,0.090544709
6/15/2019 2:00,0.268142837,0.088134288
6/15/2019 3:00,0.351115721,0.115406157
6/15/2019 4:00,0.415724481,0.136642029
6/15/2019 5:00,0.333448278,0.109599149
6/15/2019 6:00,0.307078035,0.100931669
6/15/2019 7:00,0.338411319,0.111230422
6/15/2019 8:00,0.325843548,0.107099595
6/15/2019 9:00,0.443437147,0.145750742
6/15/2019 10:00,0.481031799,0.158107506
6/15/2019 11:00,0.524357373,0.172347934
6/15/2019 12:00,0.600181645,0.197270167
6/15/2019 13:00,0.508895956,0.167266012
6/15/2019 14:00,0.429312956,0.141108345
6/15/2019 15:00,0.467106899,0.153530613
6/15/2019 16:00,0.452813385,0.148832562
6/15/2019 17:00,0.356175369,0.117069183
6/15/2019 18:00,0.317106734,0.104227943
6/15/2019 19:00,0.360805996,0.118591196
6/15/2019 20:00,0.412300981,0.135516779
6/15/2019 21:00,0.439108714,0.144328055
6/15/2019 22:00,0.339464892,0.111576714
6/15/2019 23:00,0.300012828,0.098609448
6/16/2019 0:00,0.297766563,0.097871136
6/16/2019 1:00,0.331721814,0.109031688
6/16/2019 2:00,0.327799726,0.10774256
6/16/2019 3:00,0.279582229,0.091894235
6/16/2019 4:00,0.255931173,0.084120509
6/16/2019 5:00,0.237862384,0.078181585
6/16/2019 6:00,0.188942151,0.062102282
6/16/2019 7:00,0.148504952,0.048811217
6/16/2019 8:00,0.132442371,0.043531702
6/16/2019 9:00,0.145230551,0.047734974
6/16/2019 10:00,0.14249901,0.04683716
6/16/2019 11:00,0.153989497,0.0506139
6/16/2019 12:00,0.161875514,0.053205908
6/16/2019 13:00,0.174460677,0.057342452
6/16/2019 14:00,0.120791971,0.039702401
6/16/2019 15:00,0.055324217,0.018184191
6/16/2019 16:00,0.078587155,0.025830349
6/16/2019 17:00,0.136729453,0.044940798
6/16/2019 18:00,0.083587296,0.027473816
6/16/2019 19:00,0.041384012,0.013602267
6/16/2019 20:00,0.017588295,0.005780993
6/16/2019 21:00,0.028320773,0.009308588
6/16/2019 22:00,0.07483528,0.024597167
6/16/2019 23:00,0.106079814,0.034866749
6/17/2019 0:00,0.120306891,0.039542963
6/17/2019 1:00,0.148723009,0.048882889
6/17/2019 2:00,0.203691639,0.066950204
6/17/2019 3:00,0.264820111,0.087042161
6/17/2019 4:00,0.175649177,0.057733093
6/17/2019 5:00,0.064406208,0.021169297
6/17/2019 6:00,0.00487039,0.00160082
6/17/2019 7:00,0.014177401,0.004659886
6/17/2019 8:00,0.091540958,0.030088058
6/17/2019 9:00,0.211000257,0.069352431
6/17/2019 10:00,0.298229668,0.098023352
6/17/2019 11:00,0.252717505,0.083064227
6/17/2019 12:00,0.130312778,0.042831739
6/17/2019 13:00,0.01935096,0.006360353
6/17/2019 14:00,0,0
6/17/2019 15:00,0.003552001,0.001167486
6/17/2019 16:00,0,0
6/17/2019 17:00,0.004463756,0.001467166
6/17/2019 18:00,0.049013538,0.016109971
6/17/2019 19:00,0.093574865,0.030756571
6/17/2019 20:00,0.116350166,0.03824245
6/17/2019 21:00,0.168746516,0.055464298
6/17/2019 22:00,0.174208437,0.057259544
6/17/2019 23:00,0.137564488,0.04521526
6/18/2019 0:00,0.151635521,0.049840186
6/18/2019 1:00,0.22552233,0.074125605
6/18/2019 2:00,0.285490385,0.093836152
6/18/2019 3:00,0.328514293,0.107977426
6/18/2019 4:00,0.378325724,0.124349652
6/18/2019 5:00,0.441898,0.145244849
6/18/2019 6:00,0.506513268,0.16648286
6/18/2019 7:00,0.619187881,0.203517214
6/18/2019 8:00,0.64352781,0.211517362
6/18/2019 9:00,0.633411359,0.208192246
6/18/2019 10:00,0.561464773,0.184544547
6/18/2019 11:00,0.463441446,0.152325837
6/18/2019 12:00,0.389695913,0.128086852
6/18/2019 13:00,0.370799371,0.12187586
6/18/2019 14:00,0.345016358,0.113401393
6/18/2019 15:00,0.336007102,0.110440194
6/18/2019 16:00,0.274453479,0.090208496
6/18/2019 17:00,0.22580748,0.07421933
6/18/2019 18:00,0.171282958,0.056297986
6/18/2019 19:00,0.11211674,0.03685099
6/18/2019 20:00,0.09163073,0.030117565
6/18/2019 21:00,0.092563723,0.030424224
6/18/2019 22:00,0.120076102,0.039467106
6/18/2019 23:00,0.12744491,0.041889116
6/19/2019 0:00,0.12306158,0.040448385
6/19/2019 1:00,0.145361921,0.047778153
6/19/2019 2:00,0.189469093,0.062275479
6/19/2019 3:00,0.222223035,0.073041179
6/19/2019 4:00,0.23579843,0.077503196
6/19/2019 5:00,0.25707696,0.084497111
6/19/2019 6:00,0.295825243,0.097233055
6/19/2019 7:00,0.298566815,0.098134166
6/19/2019 8:00,0.239640729,0.078766099
6/19/2019 9:00,0.199092722,0.065438613
6/19/2019 10:00,0.194864001,0.0640487
6/19/2019 11:00,0.165442528,0.054378329
6/19/2019 12:00,0.143245844,0.047082632
6/19/2019 13:00,0.156102097,0.051308278
6/19/2019 14:00,0.204135609,0.06709613
6/19/2019 15:00,0.220297688,0.072408349
6/19/2019 16:00,0.178275499,0.058596323
6/19/2019 17:00,0.09525217,0.031307874
6/19/2019 18:00,0.038698183,0.012719478
6/19/2019 19:00,0.003649259,0.001199453
6/19/2019 20:00,0,0
6/19/2019 21:00,0,0
6/19/2019 22:00,0,0
6/19/2019 23:00,0,0
6/20/2019 0:00,0.009414004,0.003094234
6/20/2019 1:00,0.013587918,0.004466133
6/20/2019 2:00,0.023104348,0.007594032
6/20/2019 3:00,0.041671921,0.013696898
6/20/2019 4:00,0.059523735,0.019564505
6/20/2019 5:00,0.06489749,0.021330773
6/20/2019 6:00,0.060101106,0.019754278
6/20/2019 7:00,0.044576068,0.014651445
6/20/2019 8:00,0.031264338,0.010276091
6/20/2019 9:00,0.027152177,0.008924489
6/20/2019 10:00,0.058087571,0.019092461
6/20/2019 11:00,0.100831822,0.033141817
6/20/2019 12:00,0.097226862,0.031956924
6/20/2019 13:00,0.117736655,0.038698167
6/20/2019 14:00,0.259311258,0.085231489
6/20/2019 15:00,0.36574271,0.120213815
6/20/2019 16:00,0.498867545,0.163969833
6/20/2019 17:00,0.553535207,0.181938224
6/20/2019 18:00,0.557704475,0.183308596
6/20/2019 19:00,0.506819658,0.166583566
6/20/2019 20:00,0.537479972,0.176661124
6/20/2019 21:00,0.568564989,0.186878275
6/20/2019 22:00,0.612100279,0.201187632
6/20/2019 23:00,0.645284374,0.212094717
6/21/2019 0:00,0.639384281,0.21015545
6/21/2019 1:00,0.619643403,0.203666937
6/21/2019 2:00,0.589418754,0.193732576
6/21/2019 3:00,0.619620862,0.203659528
6/21/2019 4:00,0.593682297,0.195133935
6/21/2019 5:00,0.513011683,0.168618786
6/21/2019 6:00,0.467901686,0.153791847
6/21/2019 7:00,0.480692697,0.157996049
6/21/2019 8:00,0.491527189,0.161557174
6/21/2019 9:00,0.516115592,0.169638992
6/21/2019 10:00,0.677576698,0.222708691
6/21/2019 11:00,0.715265586,0.235096429
6/21/2019 12:00,0.711919591,0.233996654
6/21/2019 13:00,0.682387898,0.224290056
6/21/2019 14:00,0.684623042,0.225024712
6/21/2019 15:00,0.678042227,0.222861703
6/21/2019 16:00,0.644163015,0.211726144
6/21/2019 17:00,0.61529533,0.202237795
6/21/2019 18:00,0.538309563,0.176933797
6/21/2019 19:00,0.439764136,0.144543481
6/21/2019 20:00,0.330900965,0.108761887
6/21/2019 21:00,0.269491146,0.088577456
6/21/2019 22:00,0.23395119,0.076896038
6/21/2019 23:00,0.222075991,0.072992848
6/22/2019 0:00,0.205494412,0.067542747
6/22/2019 1:00,0.184649077,0.060691217
6/22/2019 2:00,0.167835561,0.055164881
6/22/2019 3:00,0.149714255,0.049208696
6/22/2019 4:00,0.166996718,0.054889167
6/22/2019 5:00,0.179958912,0.059149634
6/22/2019 6:00,0.141589965,0.046538371
6/22/2019 7:00,0.103685245,0.034079692
6/22/2019 8:00,0.085507427,0.028104932
6/22/2019 9:00,0.108468422,0.035651846
6/22/2019 10:00,0.109104294,0.035860847
6/22/2019 11:00,0.126985803,0.041738215
6/22/2019 12:00,0.102654589,0.033740932
6/22/2019 13:00,0.074957222,0.024637247
6/22/2019 14:00,0.037380955,0.012286526
6/22/2019 15:00,0.014159165,0.004653892
6/22/2019 16:00,0,0
6/22/2019 17:00,0,0
6/22/2019 18:00,0,0
6/22/2019 19:00,0,0
6/22/2019 20:00,0,0
6/22/2019 21:00,0,0
6/22/2019 22:00,0,0
6/22/2019 23:00,0,0
6/23/2019 0:00,0,0
6/23/2019 1:00,0,0
6/23/2019 2:00,0,0
6/23/2019 3:00,0,0
6/23/2019 4:00,0.00512476,0.001684427
6/23/2019 5:00,0.016824521,0.005529953
6/23/2019 6:00,0.02483552,0.008163041
6/23/2019 7:00,0.031595909,0.010385073
6/23/2019 8:00,0.044327794,0.014569841
6/23/2019 9:00,0.060571665,0.019908944
6/23/2019 10:00,0.105874306,0.034799201
6/23/2019 11:00,0.137599709,0.045226837
6/23/2019 12:00,0.157329793,0.051711802
6/23/2019 13:00,0.186931986,0.061441572
6/23/2019 14:00,0.216461624,0.071147495
6/23/2019 15:00,0.260346641,0.085571803
6/23/2019 16:00,0.292640565,0.096186302
6/23/2019 17:00,0.297716931,0.097854823
6/23/2019 18:00,0.301064724,0.098955189
6/23/2019 19:00,0.321541193,0.105685479
6/23/2019 20:00,0.336432605,0.11058005
6/23/2019 21:00,0.341083633,0.112108769
6/23/2019 22:00,0.412680158,0.135641408
6/23/2019 23:00,0.309859239,0.101845807
6/24/2019 0:00,0.257341866,0.084584181
6/24/2019 1:00,0.252217428,0.08289986
6/24/2019 2:00,0.225118628,0.073992915
6/24/2019 3:00,0.1863128,0.061238056
6/24/2019 4:00,0.14947041,0.049128548
6/24/2019 5:00,0.164953452,0.054217578
6/24/2019 6:00,0.202709941,0.066627536
6/24/2019 7:00,0.215382986,0.070792964
6/24/2019 8:00,0.260722135,0.085695222
6/24/2019 9:00,0.278935917,0.091681802
6/24/2019 10:00,0.352886611,0.11598822
6/24/2019 11:00,0.274775763,0.090314426
6/24/2019 12:00,0.26017738,0.085516169
6/24/2019 13:00,0.342195975,0.112474378
6/24/2019 14:00,0.467355825,0.153612431
6/24/2019 15:00,0.563113482,0.185086451
6/24/2019 16:00,0.616888665,0.202761499
6/24/2019 17:00,0.648394171,0.213116858
6/24/2019 18:00,0.646395754,0.21246001
6/24/2019 19:00,0.633510324,0.208224774
6/24/2019 20:00,0.63200454,0.207729847
6/24/2019 21:00,0.662010043,0.217592179
6/24/2019 22:00,0.726129246,0.238667141
6/24/2019 23:00,0.681239305,0.223912531
6/25/2019 0:00,0.655174256,0.215345364
6/25/2019 1:00,0.587028154,0.192946824
6/25/2019 2:00,0.562180456,0.18477978
6/25/2019 3:00,0.561621956,0.18459621
6/25/2019 4:00,0.579008224,0.1903108
6/25/2019 5:00,0.576228082,0.189397011
6/25/2019 6:00,0.527813292,0.17348384
6/25/2019 7:00,0.440689803,0.144847734
6/25/2019 8:00,0.447135692,0.146966395
6/25/2019 9:00,0.448611177,0.147451363
6/25/2019 10:00,0.481726474,0.158335835
6/25/2019 11:00,0.48027208,0.157857799
6/25/2019 12:00,0.421838479,0.138651603
6/25/2019 13:00,0.363526906,0.119485516
6/25/2019 14:00,0.370194126,0.121676925
6/25/2019 15:00,0.322136964,0.1058813
6/25/2019 16:00,0.277941755,0.091355037
6/25/2019 17:00,0.276001888,0.090717433
6/25/2019 18:00,0.299635629,0.098485469
6/25/2019 19:00,0.294550582,0.096814094
6/25/2019 20:00,0.250078657,0.082196879
6/25/2019 21:00,0.191422737,0.062917611
6/25/2019 22:00,0.197903805,0.065047835
6/25/2019 23:00,0.20395738,0.067037549
6/26/2019 0:00,0.172420527,0.056671887
6/26/2019 1:00,0.147757082,0.048565404
6/26/2019 2:00,0.147663156,0.048534532
6/26/2019 3:00,0.138306547,0.045459164
6/26/2019 4:00,0.132181984,0.043446117
6/26/2019 5:00,0.180535252,0.059339068
6/26/2019 6:00,0.2277094,0.07484446
6/26/2019 7:00,0.341024966,0.112089486
6/26/2019 8:00,0.357366715,0.117460759
6/26/2019 9:00,0.369192967,0.12134786
6/26/2019 10:00,0.499457215,0.164163648
6/26/2019 11:00,0.494560753,0.162554258
6/26/2019 12:00,0.586116458,0.192647163
6/26/2019 13:00,0.646345765,0.212443579
6/26/2019 14:00,0.719199994,0.236389607
6/26/2019 15:00,0.761736827,0.250370787
6/26/2019 16:00,0.783768823,0.257612354
6/26/2019 17:00,0.784633492,0.257896557
6/26/2019 18:00,0.798378286,0.262414253
6/26/2019 19:00,0.797243109,0.262041138
6/26/2019 20:00,0.780620223,0.256577459
6/26/2019 21:00,0.729779568,0.239866944
6/26/2019 22:00,0.676405719,0.222323808
6/26/2019 23:00,0.702086955,0.230764823
6/27/2019 0:00,0.691322865,0.227226837
6/27/2019 1:00,0.660715149,0.217166567
6/27/2019 2:00,0.607625344,0.199716793
6/27/2019 3:00,0.557700445,0.183307272
6/27/2019 4:00,0.490485781,0.16121488
6/27/2019 5:00,0.436303728,0.1434061
6/27/2019 6:00,0.339245793,0.1115047
6/27/2019 7:00,0.234730381,0.077152145
6/27/2019 8:00,0.1753307,0.057628414
6/27/2019 9:00,0.13524695,0.044453523
6/27/2019 10:00,0.111575502,0.036673094
6/27/2019 11:00,0.122746539,0.040344836
6/27/2019 12:00,0.152501885,0.050124946
6/27/2019 13:00,0.154990771,0.050943003
6/27/2019 14:00,0.142131229,0.046716276
6/27/2019 15:00,0.1235929,0.040623022
6/27/2019 16:00,0.096208008,0.031622043
6/27/2019 17:00,0.071193118,0.023400046
6/27/2019 18:00,0.053163363,0.017473952
6/27/2019 19:00,0.038686851,0.012715753
6/27/2019 20:00,0.027879298,0.009163482
6/27/2019 21:00,0.019308813,0.0063465
6/27/2019 22:00,0.001503613,0.000494214
6/27/2019 23:00,0,0
6/28/2019 0:00,0,0
6/28/2019 1:00,0,0
6/28/2019 2:00,0,0
6/28/2019 3:00,0,0
6/28/2019 4:00,0,0
6/28/2019 5:00,0.00936709,0.003078814
6/28/2019 6:00,0.037267567,0.012249257
6/28/2019 7:00,0.080281185,0.026387149
6/28/2019 8:00,0.124788579,0.041016023
6/28/2019 9:00,0.162014822,0.053251697
6/28/2019 10:00,0.184096867,0.060509714
6/28/2019 11:00,0.235488037,0.077401175
6/28/2019 12:00,0.292148653,0.096024618
6/28/2019 13:00,0.273222505,0.089803895
6/28/2019 14:00,0.282213712,0.092759161
6/28/2019 15:00,0.313384549,0.10300452
6/28/2019 16:00,0.337395502,0.110896539
6/28/2019 17:00,0.385165244,0.126597694
6/28/2019 18:00,0.406662256,0.13366342
6/28/2019 19:00,0.447024968,0.146930002
6/28/2019 20:00,0.516693346,0.16982889
6/28/2019 21:00,0.591249265,0.194334236
6/28/2019 22:00,0.520102025,0.170949269
6/28/2019 23:00,0.511299249,0.168055936
6/29/2019 0:00,0.581951113,0.191278081
6/29/2019 1:00,0.386934167,0.127179111
6/29/2019 2:00,0.154256777,0.050701751
6/29/2019 3:00,0.148822266,0.048915513
6/29/2019 4:00,0.080815795,0.026562867
6/29/2019 5:00,0.066201838,0.021759492
6/29/2019 6:00,0.059404785,0.019525409
6/29/2019 7:00,0.009205735,0.003025779
6/29/2019 8:00,0,0
6/29/2019 9:00,0,0
6/29/2019 10:00,0,0
6/29/2019 11:00,0.01339817,0.004403765
6/29/2019 12:00,0.004880281,0.001604071
6/29/2019 13:00,0.044496446,0.014625274
6/29/2019 14:00,0.050401214,0.016566078
6/29/2019 15:00,0.016100897,0.005292109
6/29/2019 16:00,0,0
6/29/2019 17:00,0,0
6/29/2019 18:00,0,0
6/29/2019 19:00,0.002768134,0.000909842
6/29/2019 20:00,0.02975963,0.009781517
6/29/2019 21:00,0.078559706,0.025821327
6/29/2019 22:00,0.079907349,0.026264275
6/29/2019 23:00,0.108991768,0.035823862
6/30/2019 0:00,0.130004433,0.042730391
6/30/2019 1:00,0.031189433,0.010251471
6/30/2019 2:00,0,0
6/30/2019 3:00,0.001003453,0.000329819
6/30/2019 4:00,0,0
6/30/2019 5:00,0,0
6/30/2019 6:00,0,0
6/30/2019 7:00,0.049900216,0.016401408
6/30/2019 8:00,0.086997608,0.028594731
6/30/2019 9:00,0.122681387,0.040323422
6/30/2019 10:00,0.249427645,0.081982902
6/30/2019 11:00,0.335421064,0.110247572
6/30/2019 12:00,0.222792051,0.073228206
6/30/2019 13:00,0.393364588,0.129292688
6/30/2019 14:00,0.616241461,0.202548773
6/30/2019 15:00,0.721900208,0.237277124
6/30/2019 16:00,0.73849635,0.242732012
6/30/2019 17:00,0.694415581,0.228243364
6/30/2019 18:00,0.65230681,0.21440288
6/30/2019 19:00,0.635985934,0.209038468
6/30/2019 20:00,0.703022319,0.231072262
6/30/2019 21:00,0.767810165,0.252366997
6/30/2019 22:00,0.80087071,0.263233473
6/30/2019 23:00,0.858273328,0.282100801
07/01/2019 00:00,0.824349772,0.270950667
07/01/2019 01:00,0.79465008,0.26118885
07/01/2019 02:00,0.788330824,0.259111811
07/01/2019 03:00,0.759186208,0.249532439
07/01/2019 04:00,0.751870746,0.247127964
07/01/2019 05:00,0.769964129,0.253074971
07/01/2019 06:00,0.763842536,0.2510629
07/01/2019 07:00,0.802047156,0.263620152
07/01/2019 08:00,0.817966163,0.268852476
07/01/2019 09:00,0.815500227,0.268041962
07/01/2019 10:00,0.816582019,0.26839753
07/01/2019 11:00,0.788211911,0.259072727
07/01/2019 12:00,0.763582253,0.250977349
07/01/2019 13:00,0.777797704,0.255649742
07/01/2019 14:00,0.753020375,0.247505828
07/01/2019 15:00,0.743873791,0.244499491
07/01/2019 16:00,0.747955993,0.245841246
07/01/2019 17:00,0.721208007,0.237049608
07/01/2019 18:00,0.700853075,0.230359266
07/01/2019 19:00,0.661772747,0.217514183
07/01/2019 20:00,0.561893385,0.184685424
07/01/2019 21:00,0.462015493,0.151857149
07/01/2019 22:00,0.437231733,0.143711121
07/01/2019 23:00,0.371786745,0.122200393
07/02/2019 00:00,0.274903002,0.090356247
07/02/2019 01:00,0.170404399,0.056009217
07/02/2019 02:00,0.093991461,0.030893499
07/02/2019 03:00,0.033118666,0.010885579
07/02/2019 04:00,0.020032592,0.006584395
07/02/2019 05:00,0.048002686,0.01577772
07/02/2019 06:00,0.109264344,0.035913453
07/02/2019 07:00,0.171007915,0.056207583
07/02/2019 08:00,0.218000192,0.071653198
07/02/2019 09:00,0.25483069,0.083758797
07/02/2019 10:00,0.391542839,0.128693908
07/02/2019 11:00,0.442149505,0.145327514
07/02/2019 12:00,0.584676899,0.192174003
07/02/2019 13:00,0.679234521,0.223253591
07/02/2019 14:00,0.702550941,0.230917327
07/02/2019 15:00,0.735391675,0.241711555
07/02/2019 16:00,0.731153584,0.240318561
07/02/2019 17:00,0.702120341,0.230775796
07/02/2019 18:00,0.646974652,0.212650285
07/02/2019 19:00,0.608172098,0.199896502
07/02/2019 20:00,0.562747368,0.184966115
07/02/2019 21:00,0.488110639,0.160434209
07/02/2019 22:00,0.387542391,0.127379024
07/02/2019 23:00,0.364760906,0.119891112
07/03/2019 00:00,0.477162443,0.156835711
07/03/2019 01:00,0.505487465,0.166145695
07/03/2019 02:00,0.49952981,0.164187508
07/03/2019 03:00,0.455648007,0.149764257
07/03/2019 04:00,0.438603545,0.144162014
07/03/2019 05:00,0.438926064,0.14426802
07/03/2019 06:00,0.431362447,0.14178198
07/03/2019 07:00,0.457693035,0.150436426
07/03/2019 08:00,0.427789156,0.140607496
07/03/2019 09:00,0.396951569,0.130471671
07/03/2019 10:00,0.339850189,0.111703355
07/03/2019 11:00,0.401009168,0.131805339
07/03/2019 12:00,0.450667232,0.148127156
07/03/2019 13:00,0.553351246,0.181877759
07/03/2019 14:00,0.647035119,0.212670159
07/03/2019 15:00,0.742259563,0.24396892
07/03/2019 16:00,0.783680162,0.257583213
07/03/2019 17:00,0.819716261,0.269427706
07/03/2019 18:00,0.819541802,0.269370364
07/03/2019 19:00,0.810965059,0.266551325
07/03/2019 20:00,0.814490014,0.267709921
07/03/2019 21:00,0.826687421,0.271719015
07/03/2019 22:00,0.862390155,0.283453937
07/03/2019 23:00,0.867348355,0.285083618
07/04/2019 00:00,0.870667707,0.286174636
07/04/2019 01:00,0.876686396,0.288152884
07/04/2019 02:00,0.881953618,0.289884136
07/04/2019 03:00,0.883249988,0.290310232
07/04/2019 04:00,0.882241793,0.289978854
07/04/2019 05:00,0.884422772,0.290695707
07/04/2019 06:00,0.882862781,0.290182963
07/04/2019 07:00,0.881161619,0.289623818
07/04/2019 08:00,0.878667649,0.28880409
07/04/2019 09:00,0.885183696,0.290945811
07/04/2019 10:00,0.888177837,0.291929937
07/04/2019 11:00,0.896749172,0.294747199
07/04/2019 12:00,0.896429158,0.294642016
07/04/2019 13:00,0.892782365,0.293443373
07/04/2019 14:00,0.870506456,0.286121636
07/04/2019 15:00,0.830504688,0.27297369
07/04/2019 16:00,0.766366786,0.251892581
07/04/2019 17:00,0.701603143,0.230605801
07/04/2019 18:00,0.544687085,0.179029987
07/04/2019 19:00,0.434149758,0.142698125
07/04/2019 20:00,0.32005869,0.105198204
07/04/2019 21:00,0.242065899,0.079563213
07/04/2019 22:00,0.170426013,0.056016322
07/04/2019 23:00,0.176139509,0.057894257
07/05/2019 00:00,0.185804662,0.061071039
07/05/2019 01:00,0.228318001,0.075044498
07/05/2019 02:00,0.261410758,0.085921561
07/05/2019 03:00,0.295692515,0.09718943
07/05/2019 04:00,0.228029776,0.074949763
07/05/2019 05:00,0.18717388,0.061521079
07/05/2019 06:00,0.174059523,0.057210599
07/05/2019 07:00,0.147450184,0.048464532
07/05/2019 08:00,0.123401576,0.040560137
07/05/2019 09:00,0.133484705,0.043874301
07/05/2019 10:00,0.151921534,0.049934193
07/05/2019 11:00,0.128394323,0.042201173
07/05/2019 12:00,0.089353161,0.029368964
07/05/2019 13:00,0.111953378,0.036797296
07/05/2019 14:00,0.158894474,0.052226088
07/05/2019 15:00,0.341394793,0.112211042
07/05/2019 16:00,0.668763622,0.219811973
07/05/2019 17:00,0.779533399,0.256220238
07/05/2019 18:00,0.795707905,0.261536541
07/05/2019 19:00,0.777910031,0.255686662
07/05/2019 20:00,0.752556657,0.247353411
07/05/2019 21:00,0.762139799,0.250503238
07/05/2019 22:00,0.80940471,0.266038463
07/05/2019 23:00,0.819430913,0.269333916
07/06/2019 00:00,0.815932459,0.26818403
07/06/2019 01:00,0.835112525,0.274488213
07/06/2019 02:00,0.810905681,0.266531808
07/06/2019 03:00,0.791842296,0.260265977
07/06/2019 04:00,0.763199469,0.250851535
07/06/2019 05:00,0.735440599,0.241727635
07/06/2019 06:00,0.7075812,0.232570694
07/06/2019 07:00,0.671869551,0.220832842
07/06/2019 08:00,0.588745282,0.193511216
07/06/2019 09:00,0.449499831,0.14774345
07/06/2019 10:00,0.510194421,0.167692797
07/06/2019 11:00,0.350360073,0.115157787
07/06/2019 12:00,0.29099497,0.095645421
07/06/2019 13:00,0.289421945,0.095128393
07/06/2019 14:00,0.359674375,0.11821925
07/06/2019 15:00,0.438277947,0.144054995
07/06/2019 16:00,0.470341345,0.154593724
07/06/2019 17:00,0.404812807,0.133055535
07/06/2019 18:00,0.319095449,0.104881602
07/06/2019 19:00,0.286122199,0.094043819
07/06/2019 20:00,0.278457311,0.091524492
07/06/2019 21:00,0.274498316,0.090223233
07/06/2019 22:00,0.436535314,0.143482219
07/06/2019 23:00,0.436298283,0.143404311
07/07/2019 00:00,0.399993439,0.131471485
07/07/2019 01:00,0.410018021,0.134766406
07/07/2019 02:00,0.513850098,0.16889436
07/07/2019 03:00,0.534667437,0.175736688
07/07/2019 04:00,0.564344974,0.185491223
07/07/2019 05:00,0.625510712,0.205595429
07/07/2019 06:00,0.646022729,0.212337403
07/07/2019 07:00,0.710051131,0.233382521
07/07/2019 08:00,0.766115422,0.251809962
07/07/2019 09:00,0.78933302,0.259441217
07/07/2019 10:00,0.850925891,0.279685815
07/07/2019 11:00,0.740203516,0.24329313
07/07/2019 12:00,0.693686779,0.228003818
07/07/2019 13:00,0.652043197,0.214316235
07/07/2019 14:00,0.609023315,0.200176283
07/07/2019 15:00,0.53583518,0.176120507
07/07/2019 16:00,0.479284496,0.157533196
07/07/2019 17:00,0.393158394,0.129224915
07/07/2019 18:00,0.303450446,0.099739338
07/07/2019 19:00,0.228941577,0.075249457
07/07/2019 20:00,0.197938098,0.065059107
07/07/2019 21:00,0.189951113,0.062433911
07/07/2019 22:00,0.297191603,0.097682156
07/07/2019 23:00,0.252404316,0.082961287
07/08/2019 00:00,0.22666462,0.074501058
07/08/2019 01:00,0.200815006,0.066004701
07/08/2019 02:00,0.201579081,0.06625584
07/08/2019 03:00,0.202994905,0.066721199
07/08/2019 04:00,0.189923847,0.06242495
07/08/2019 05:00,0.142579874,0.046863738
07/08/2019 06:00,0.116079749,0.038153568
07/08/2019 07:00,0.094822746,0.03116673
07/08/2019 08:00,0.065827098,0.021636321
07/08/2019 09:00,0.034486113,0.011335037
07/08/2019 10:00,0.009299485,0.003056593
07/08/2019 11:00,0,0
07/08/2019 12:00,0,0
07/08/2019 13:00,0,0
07/08/2019 14:00,0,0
07/08/2019 15:00,0.005620277,0.001847296
07/08/2019 16:00,0.014932978,0.004908232
07/08/2019 17:00,0.01855324,0.006098155
07/08/2019 18:00,0.014659136,0.004818225
07/08/2019 19:00,0.013758127,0.004522078
07/08/2019 20:00,0.016553045,0.005440723
07/08/2019 21:00,0.024017181,0.007894066
07/08/2019 22:00,0.025984094,0.008540559
07/08/2019 23:00,0.051050564,0.016779509
07/09/2019 00:00,0.084111486,0.027646109
07/09/2019 01:00,0.096598883,0.031750517
07/09/2019 02:00,0.079931806,0.026272314
07/09/2019 03:00,0.076318522,0.025084685
07/09/2019 04:00,0.102424043,0.033665155
07/09/2019 05:00,0.133177608,0.043773363
07/09/2019 06:00,0.186100193,0.061168175
07/09/2019 07:00,0.253229629,0.083232554
07/09/2019 08:00,0.287559854,0.094516353
07/09/2019 09:00,0.363635063,0.119521065
07/09/2019 10:00,0.401774479,0.132056885
07/09/2019 11:00,0.401006592,0.131804493
07/09/2019 12:00,0.316502001,0.104029177
07/09/2019 13:00,0.301272754,0.099023565
07/09/2019 14:00,0.289997266,0.095317492
07/09/2019 15:00,0.289190589,0.09505235
07/09/2019 16:00,0.232667841,0.076474221
07/09/2019 17:00,0.146467669,0.048141595
07/09/2019 18:00,0.157531275,0.051778026
07/09/2019 19:00,0.164018079,0.053910136
07/09/2019 20:00,0.151692232,0.049858826
07/09/2019 21:00,0.152906671,0.050257992
07/09/2019 22:00,0.125990989,0.041411236
07/09/2019 23:00,0.064826054,0.021307293
07/10/2019 00:00,0.029779005,0.009787886
07/10/2019 01:00,0.009342392,0.003070696
07/10/2019 02:00,0,0
07/10/2019 03:00,0,0
07/10/2019 04:00,0,0
07/10/2019 05:00,0,0
07/10/2019 06:00,0,0
07/10/2019 07:00,0,0
07/10/2019 08:00,0,0
07/10/2019 09:00,0,0
07/10/2019 10:00,0,0
07/10/2019 11:00,0,0
07/10/2019 12:00,0,0
07/10/2019 13:00,0.001668477,0.000548402
07/10/2019 14:00,0.016703941,0.00549032
07/10/2019 15:00,0.03265009,0.010731566
07/10/2019 16:00,0.047990866,0.015773835
07/10/2019 17:00,0.087972376,0.028915122
07/10/2019 18:00,0.139767226,0.045939265
07/10/2019 19:00,0.164175083,0.05396174
07/10/2019 20:00,0.194262436,0.063850975
07/10/2019 21:00,0.21739781,0.071455205
07/10/2019 22:00,0.20100983,0.066068736
07/10/2019 23:00,0.219503508,0.072147314
07/11/2019 00:00,0.218783729,0.071910734
07/11/2019 01:00,0.16583707,0.054508009
07/11/2019 02:00,0.138401306,0.04549031
07/11/2019 03:00,0.150015648,0.049307759
07/11/2019 04:00,0.149790103,0.049233626
07/11/2019 05:00,0.127665033,0.041961467
07/11/2019 06:00,0.144064254,0.047351631
07/11/2019 07:00,0.145506401,0.047825641
07/11/2019 08:00,0.136164888,0.044755234
07/11/2019 09:00,0.133133575,0.04375889
07/11/2019 10:00,0.169014161,0.055552268
07/11/2019 11:00,0.240783126,0.079141586
07/11/2019 12:00,0.273053942,0.089748491
07/11/2019 13:00,0.232890942,0.076547551
07/11/2019 14:00,0.187118174,0.061502769
07/11/2019 15:00,0.120287306,0.039536526
07/11/2019 16:00,0.133770177,0.043968131
07/11/2019 17:00,0.149701631,0.049204547
07/11/2019 18:00,0.159902105,0.05255728
07/11/2019 19:00,0.165761745,0.054483251
07/11/2019 20:00,0.154832289,0.050890912
07/11/2019 21:00,0.169584916,0.055739866
07/11/2019 22:00,0.231246503,0.07600705
07/11/2019 23:00,0.20988143,0.06898469
07/12/2019 00:00,0.18464723,0.060690609
07/12/2019 01:00,0.182256192,0.059904713
07/12/2019 02:00,0.189031957,0.0621318
07/12/2019 03:00,0.173195448,0.056926591
07/12/2019 04:00,0.145134727,0.047703478
07/12/2019 05:00,0.117571848,0.038643998
07/12/2019 06:00,0.108676262,0.03572016
07/12/2019 07:00,0.123442014,0.040573428
07/12/2019 08:00,0.126338876,0.04152558
07/12/2019 09:00,0.09964955,0.032753223
07/12/2019 10:00,0.089941738,0.02956242
07/12/2019 11:00,0.045095044,0.014822024
07/12/2019 12:00,0.01875936,0.006165903
07/12/2019 13:00,0.016251134,0.00534149
07/12/2019 14:00,0.015701743,0.005160913
07/12/2019 15:00,0.015228431,0.005005343
07/12/2019 16:00,0.018669543,0.006136382
07/12/2019 17:00,0.02871415,0.009437885
07/12/2019 18:00,0.026575331,0.008734889
07/12/2019 19:00,0.023315822,0.00766354
07/12/2019 20:00,0.019965031,0.006562188
07/12/2019 21:00,0.017732834,0.005828501
07/12/2019 22:00,0.023631685,0.007767359
07/12/2019 23:00,0.016985428,0.00558284
7/13/2019 0:00,0.011072175,0.003639248
7/13/2019 1:00,0.014726153,0.004840252
7/13/2019 2:00,0.017764734,0.005838986
7/13/2019 3:00,0.026408331,0.008679999
7/13/2019 4:00,0.019821671,0.006515068
7/13/2019 5:00,0.023444068,0.007705692
7/13/2019 6:00,0.047028692,0.015457583
7/13/2019 7:00,0.100586754,0.033061267
7/13/2019 8:00,0.185932814,0.06111316
7/13/2019 9:00,0.254461997,0.083637614
7/13/2019 10:00,0.358475517,0.117825204
7/13/2019 11:00,0.364623584,0.119845976
7/13/2019 12:00,0.393638263,0.12938264
7/13/2019 13:00,0.411229716,0.135164671
7/13/2019 14:00,0.405231079,0.133193015
7/13/2019 15:00,0.381675721,0.125450743
7/13/2019 16:00,0.405822046,0.133387256
7/13/2019 17:00,0.417269351,0.137149803
7/13/2019 18:00,0.36627059,0.120387321
7/13/2019 19:00,0.322873754,0.106123471
7/13/2019 20:00,0.246533803,0.081031742
7/13/2019 21:00,0.191939224,0.063087372
7/13/2019 22:00,0.148235752,0.048722736
7/13/2019 23:00,0.135880443,0.044661742
7/14/2019 0:00,0.15056294,0.049487645
7/14/2019 1:00,0.145052554,0.047676469
7/14/2019 2:00,0.153810958,0.050555217
7/14/2019 3:00,0.169842107,0.055824401
7/14/2019 4:00,0.141178449,0.046403112
7/14/2019 5:00,0.125677378,0.041308157
7/14/2019 6:00,0.107979003,0.035490982
7/14/2019 7:00,0.111682031,0.036708108
7/14/2019 8:00,0.096686302,0.031779251
7/14/2019 9:00,0.107953892,0.035482728
7/14/2019 10:00,0.115200816,0.037864677
7/14/2019 11:00,0.092107023,0.030274114
7/14/2019 12:00,0.090606924,0.029781056
7/14/2019 13:00,0.085826799,0.028209905
7/14/2019 14:00,0.090311841,0.029684067
7/14/2019 15:00,0.082535622,0.027128147
7/14/2019 16:00,0.061372934,0.020172308
7/14/2019 17:00,0.046011944,0.015123395
7/14/2019 18:00,0.046354958,0.015236138
7/14/2019 19:00,0.044999141,0.014790502
7/14/2019 20:00,0.034299675,0.011273758
7/14/2019 21:00,0.010552564,0.00346846
7/14/2019 22:00,0.002974872,0.000977793
7/14/2019 23:00,0,0
7/15/2019 0:00,0,0
7/15/2019 1:00,0,0
7/15/2019 2:00,0.004791598,0.001574922
7/15/2019 3:00,0.017855726,0.005868893
7/15/2019 4:00,0.028786969,0.009461819
7/15/2019 5:00,0.039148327,0.012867433
7/15/2019 6:00,0.04054073,0.013325093
7/15/2019 7:00,0.039580005,0.013009319
7/15/2019 8:00,0.031929835,0.010494829
7/15/2019 9:00,0.021824155,0.007173253
7/15/2019 10:00,0,0
7/15/2019 11:00,0,0
7/15/2019 12:00,0,0
7/15/2019 13:00,0,0
7/15/2019 14:00,0,0
7/15/2019 15:00,0,0
7/15/2019 16:00,0,0
7/15/2019 17:00,0,0
7/15/2019 18:00,0,0
7/15/2019 19:00,0,0
7/15/2019 20:00,0,0
7/15/2019 21:00,0,0
7/15/2019 22:00,0.008704137,0.002860911
7/15/2019 23:00,0.012477247,0.004101073
7/16/2019 0:00,0.010997788,0.003614798
7/16/2019 1:00,0.006750585,0.00221881
7/16/2019 2:00,0.004022897,0.001322262
7/16/2019 3:00,0.008838058,0.002904929
7/16/2019 4:00,0.016442462,0.005404376
7/16/2019 5:00,0.021953173,0.007215659
7/16/2019 6:00,0.033781203,0.011103344
7/16/2019 7:00,0.048576952,0.015966472
7/16/2019 8:00,0.055327437,0.018185249
7/16/2019 9:00,0.047817102,0.015716721
7/16/2019 10:00,0.025497815,0.008380726
7/16/2019 11:00,0.004802054,0.001578359
7/16/2019 12:00,0,0
7/16/2019 13:00,0,0
7/16/2019 14:00,0,0
7/16/2019 15:00,0,0
7/16/2019 16:00,0,0
7/16/2019 17:00,0,0
7/16/2019 18:00,0,0
7/16/2019 19:00,0,0
7/16/2019 20:00,0,0
7/16/2019 21:00,0.00771412,0.002535509
7/16/2019 22:00,0.003242913,0.001065894
7/16/2019 23:00,0.015726711,0.00516912
7/17/2019 0:00,0.018984837,0.006240014
7/17/2019 1:00,0.030638282,0.010070316
7/17/2019 2:00,0.045135587,0.01483535
7/17/2019 3:00,0.049934518,0.016412682
7/17/2019 4:00,0.05689437,0.018700275
7/17/2019 5:00,0.078831901,0.025910793
7/17/2019 6:00,0.119710118,0.039346813
7/17/2019 7:00,0.178143875,0.05855306
7/17/2019 8:00,0.274895088,0.090353646
7/17/2019 9:00,0.389845623,0.12813606
7/17/2019 10:00,0.384293123,0.126311041
7/17/2019 11:00,0.491704271,0.161615378
7/17/2019 12:00,0.576462169,0.189473952
7/17/2019 13:00,0.624272429,0.205188425
7/17/2019 14:00,0.671214801,0.220617636
7/17/2019 15:00,0.63075163,0.207318035
7/17/2019 16:00,0.595759452,0.195816662
7/17/2019 17:00,0.609045921,0.200183714
7/17/2019 18:00,0.610532571,0.200672352
7/17/2019 19:00,0.521299131,0.171342738
7/17/2019 20:00,0.368717454,0.121191566
7/17/2019 21:00,0.230312977,0.075700215
7/17/2019 22:00,0.15984817,0.052539553
7/17/2019 23:00,0.121132954,0.039814477
7/18/2019 0:00,0.102919087,0.033827868
7/18/2019 1:00,0.079177382,0.026024347
7/18/2019 2:00,0.044940907,0.014771362
7/18/2019 3:00,0.017886785,0.005879102
7/18/2019 4:00,0,0
7/18/2019 5:00,0,0
7/18/2019 6:00,0,0
7/18/2019 7:00,0,0
7/18/2019 8:00,0.008070721,0.002652718
7/18/2019 9:00,0.027034824,0.008885917
7/18/2019 10:00,0.055225156,0.018151631
7/18/2019 11:00,0.08986465,0.029537082
7/18/2019 12:00,0.095512138,0.031393321
7/18/2019 13:00,0.078842624,0.025914317
7/18/2019 14:00,0.049958768,0.016420653
7/18/2019 15:00,0.047691784,0.015675532
7/18/2019 16:00,0.062573229,0.020566826
7/18/2019 17:00,0.055473553,0.018233275
7/18/2019 18:00,0.048908729,0.016075522
7/18/2019 19:00,0.082568477,0.027138946
7/18/2019 20:00,0.083383463,0.027406819
7/18/2019 21:00,0.061214538,0.020120246
7/18/2019 22:00,0.080813714,0.026562183
7/18/2019 23:00,0.096131515,0.031596901
7/19/2019 0:00,0.114538218,0.037646892
7/19/2019 1:00,0.126965103,0.041731411
7/19/2019 2:00,0.147314057,0.048419789
7/19/2019 3:00,0.151520316,0.04980232
7/19/2019 4:00,0.174137914,0.057236365
7/19/2019 5:00,0.203584877,0.066915113
7/19/2019 6:00,0.236072541,0.077593292
7/19/2019 7:00,0.231825607,0.076197392
7/19/2019 8:00,0.195211256,0.064162837
7/19/2019 9:00,0.146452343,0.048136557
7/19/2019 10:00,0.126641296,0.041624981
7/19/2019 11:00,0.134049756,0.044060024
7/19/2019 12:00,0.147017016,0.048322156
7/19/2019 13:00,0.158713494,0.052166603
7/19/2019 14:00,0.160419479,0.052727333
7/19/2019 15:00,0.137798115,0.04529205
7/19/2019 16:00,0.101665693,0.033415897
7/19/2019 17:00,0.058410026,0.019198447
7/19/2019 18:00,0.035257688,0.011588642
7/19/2019 19:00,0.01247623,0.004100739
7/19/2019 20:00,0.011210026,0.003684558
7/19/2019 21:00,0.047708159,0.015680914
7/19/2019 22:00,0.139248856,0.045768886
7/19/2019 23:00,0.257387322,0.084599122
7/20/2019 0:00,0.32274706,0.106081829
7/20/2019 1:00,0.341669584,0.112301361
7/20/2019 2:00,0.356069643,0.117034432
7/20/2019 3:00,0.282768261,0.092941433
7/20/2019 4:00,0.208814026,0.068633851
7/20/2019 5:00,0.186278333,0.061226727
7/20/2019 6:00,0.217261789,0.071410497
7/20/2019 7:00,0.251832657,0.082773391
7/20/2019 8:00,0.115191626,0.037861656
7/20/2019 9:00,0.019075973,0.006269969
7/20/2019 10:00,0.040049259,0.013163555
7/20/2019 11:00,0.073418525,0.024131502
7/20/2019 12:00,0.107239009,0.035247758
7/20/2019 13:00,0.205682447,0.067604551
7/20/2019 14:00,0.326972364,0.107470619
7/20/2019 15:00,0.422615451,0.138906981
7/20/2019 16:00,0.48470876,0.159316065
7/20/2019 17:00,0.513548494,0.168795227
7/20/2019 18:00,0.45464859,0.149435765
7/20/2019 19:00,0.433420689,0.142458491
7/20/2019 20:00,0.42475497,0.139610207
7/20/2019 21:00,0.349417791,0.114848074
7/20/2019 22:00,0.253735951,0.083398974
7/20/2019 23:00,0.203546753,0.066902582
7/21/2019 0:00,0.158397566,0.052062762
7/21/2019 1:00,0.138144639,0.045405947
7/21/2019 2:00,0.115942482,0.038108451
7/21/2019 3:00,0.09290885,0.030537662
7/21/2019 4:00,0.117717968,0.038692025
7/21/2019 5:00,0.157872992,0.051890343
7/21/2019 6:00,0.162657036,0.053462782
7/21/2019 7:00,0.144360806,0.047449102
7/21/2019 8:00,0.130383885,0.04285511
7/21/2019 9:00,0.104567724,0.034369749
7/21/2019 10:00,0.068477933,0.022507608
7/21/2019 11:00,0.033620452,0.011050508
7/21/2019 12:00,0.033156566,0.010898036
7/21/2019 13:00,0.038978277,0.01281154
7/21/2019 14:00,0.073664529,0.02421236
7/21/2019 15:00,0.139365013,0.045807064
7/21/2019 16:00,0.306182532,0.100637332
7/21/2019 17:00,0.552080578,0.181460111
7/21/2019 18:00,0.594614309,0.195440272
7/21/2019 19:00,0.573452835,0.188484832
7/21/2019 20:00,0.70310593,0.231099743
7/21/2019 21:00,0.827850016,0.272101142
7/21/2019 22:00,0.853288185,0.280462264
7/21/2019 23:00,0.704234342,0.231470634
7/22/2019 0:00,0.666948556,0.219215389
7/22/2019 1:00,0.705035142,0.231733845
7/22/2019 2:00,0.689578131,0.226653371
7/22/2019 3:00,0.651733472,0.214214433
7/22/2019 4:00,0.505125868,0.166026844
7/22/2019 5:00,0.4024332,0.132273396
7/22/2019 6:00,0.303608014,0.099791129
7/22/2019 7:00,0.232740662,0.076498156
7/22/2019 8:00,0.164488167,0.054064646
7/22/2019 9:00,0.152411153,0.050095123
7/22/2019 10:00,0.017749322,0.00583392
7/22/2019 11:00,0,0
7/22/2019 12:00,0,0
7/22/2019 13:00,0,0
7/22/2019 14:00,0,0
7/22/2019 15:00,0,0
7/22/2019 16:00,0,0
7/22/2019 17:00,0.00476592,0.001566482
7/22/2019 18:00,0.013985475,0.004596803
7/22/2019 19:00,0.025041317,0.008230683
7/22/2019 20:00,0.051165752,0.01681737
7/22/2019 21:00,0.127469518,0.041897205
7/22/2019 22:00,0.205050442,0.067396821
7/22/2019 23:00,0.283772411,0.093271481
7/23/2019 0:00,0.305144193,0.100296046
7/23/2019 1:00,0.282160863,0.092741791
7/23/2019 2:00,0.243821002,0.080140088
7/23/2019 3:00,0.211200262,0.069418169
7/23/2019 4:00,0.172332962,0.056643105
7/23/2019 5:00,0.146135407,0.048032385
7/23/2019 6:00,0.202575029,0.066583192
7/23/2019 7:00,0.334297862,0.109878394
7/23/2019 8:00,0.518337102,0.170369167
7/23/2019 9:00,0.561128663,0.184434073
7/23/2019 10:00,0.516485187,0.169760472
7/23/2019 11:00,0.399335955,0.131255381
7/23/2019 12:00,0.271174765,0.089130835
7/23/2019 13:00,0.183028724,0.060158632
7/23/2019 14:00,0.180820992,0.059432986
7/23/2019 15:00,0.199049758,0.065424492
7/23/2019 16:00,0.260070662,0.085481093
7/23/2019 17:00,0.312072149,0.102573155
7/23/2019 18:00,0.369969181,0.121602989
7/23/2019 19:00,0.348480361,0.114539956
7/23/2019 20:00,0.188794198,0.062053652
7/23/2019 21:00,0.075560358,0.024835489
7/23/2019 22:00,0.019335848,0.006355386
7/23/2019 23:00,0.003745689,0.001231149
7/24/2019 0:00,0.037763935,0.012412405
7/24/2019 1:00,0.139182451,0.045747059
7/24/2019 2:00,0.271873516,0.089360503
7/24/2019 3:00,0.339714126,0.111658634
7/24/2019 4:00,0.514215892,0.16901459
7/24/2019 5:00,0.698300606,0.22952031
7/24/2019 6:00,0.827599563,0.272018822
7/24/2019 7:00,0.86416444,0.284037116
7/24/2019 8:00,0.805493054,0.264752764
7/24/2019 9:00,0.759244293,0.249551531
7/24/2019 10:00,0.77897151,0.256035554
7/24/2019 11:00,0.762828298,0.250729536
7/24/2019 12:00,0.659473489,0.216758454
7/24/2019 13:00,0.335984883,0.110432891
7/24/2019 14:00,0.165763001,0.054483664
7/24/2019 15:00,0.066732586,0.02193394
7/24/2019 16:00,0.020359394,0.006691809
7/24/2019 17:00,0.024956068,0.008202663
7/24/2019 18:00,0.022944681,0.007541552
7/24/2019 19:00,0.030516381,0.010030249
7/24/2019 20:00,0.01875551,0.006164638
7/24/2019 21:00,0,0
7/24/2019 22:00,0,0
7/24/2019 23:00,0,0
7/25/2019 0:00,0,0
7/25/2019 1:00,0,0
7/25/2019 2:00,0.032676536,0.010740258
7/25/2019 3:00,0.0825087,0.027119298
7/25/2019 4:00,0.116313053,0.038230252
7/25/2019 5:00,0.166134453,0.054605754
7/25/2019 6:00,0.229328693,0.075376696
7/25/2019 7:00,0.235937259,0.077548827
7/25/2019 8:00,0.27290147,0.089698375
7/25/2019 9:00,0.37739602,0.124044073
7/25/2019 10:00,0.533230899,0.175264521
7/25/2019 11:00,0.61078367,0.200754884
7/25/2019 12:00,0.632455106,0.20787794
7/25/2019 13:00,0.669136724,0.219934605
7/25/2019 14:00,0.741759498,0.243804557
7/25/2019 15:00,0.836551821,0.274961287
7/25/2019 16:00,0.864717169,0.284218789
7/25/2019 17:00,0.864010403,0.283986486
7/25/2019 18:00,0.879953718,0.2892268
7/25/2019 19:00,0.884841328,0.29083328
7/25/2019 20:00,0.884444067,0.290702707
7/25/2019 21:00,0.891626092,0.293063324
7/25/2019 22:00,0.889256862,0.292284596
7/25/2019 23:00,0.884600971,0.290754279
7/26/2019 0:00,0.886714535,0.291448974
7/26/2019 1:00,0.885902456,0.291182056
7/26/2019 2:00,0.874686527,0.287495558
7/26/2019 3:00,0.855917052,0.28132633
7/26/2019 4:00,0.778106472,0.25575123
7/26/2019 5:00,0.62790951,0.206383875
7/26/2019 6:00,0.62956698,0.206928659
7/26/2019 7:00,0.632352518,0.207844221
7/26/2019 8:00,0.47866969,0.157331119
7/26/2019 9:00,0.362098413,0.119015993
7/26/2019 10:00,0.273138492,0.089776281
7/26/2019 11:00,0.303276691,0.099682228
7/26/2019 12:00,0.404431313,0.132930144
7/26/2019 13:00,0.586504929,0.192774848
7/26/2019 14:00,0.674395857,0.221663199
7/26/2019 15:00,0.744118073,0.244579783
7/26/2019 16:00,0.712329337,0.234131331
7/26/2019 17:00,0.640110812,0.21039425
7/26/2019 18:00,0.602778933,0.198123854
7/26/2019 19:00,0.48146996,0.158251523
7/26/2019 20:00,0.37192212,0.122244889
7/26/2019 21:00,0.359684768,0.118222666
7/26/2019 22:00,0.138273721,0.045448374
7/26/2019 23:00,0.082269843,0.02704079
7/27/2019 0:00,0.039513436,0.012987438
7/27/2019 1:00,0.148051538,0.048662187
7/27/2019 2:00,0.16167514,0.053140049
7/27/2019 3:00,0.05352593,0.017593122
7/27/2019 4:00,0.028907162,0.009501325
7/27/2019 5:00,0.08606019,0.028286617
7/27/2019 6:00,0.159131753,0.052304078
7/27/2019 7:00,0.196758722,0.064671465
7/27/2019 8:00,0.159588151,0.052454088
7/27/2019 9:00,0.151238034,0.049709538
7/27/2019 10:00,0.154046153,0.050632522
7/27/2019 11:00,0.203778527,0.066978763
7/27/2019 12:00,0.301391175,0.099062489
7/27/2019 13:00,0.319485035,0.105009653
7/27/2019 14:00,0.33873839,0.111337925
7/27/2019 15:00,0.366509847,0.120465961
7/27/2019 16:00,0.435688642,0.143203931
7/27/2019 17:00,0.479496598,0.15760291
7/27/2019 18:00,0.459828206,0.151138222
7/27/2019 19:00,0.438742813,0.144207789
7/27/2019 20:00,0.409474561,0.13458778
7/27/2019 21:00,0.384919409,0.126516891
7/27/2019 22:00,0.361946771,0.11896615
7/27/2019 23:00,0.335633699,0.110317462
7/28/2019 0:00,0.352630876,0.115904164
7/28/2019 1:00,0.379264186,0.124658109
7/28/2019 2:00,0.424277697,0.139453335
7/28/2019 3:00,0.437043303,0.143649187
7/28/2019 4:00,0.372479472,0.122428082
7/28/2019 5:00,0.345858808,0.113678293
7/28/2019 6:00,0.392529466,0.129018196
7/28/2019 7:00,0.462102115,0.15188562
7/28/2019 8:00,0.506015926,0.166319392
7/28/2019 9:00,0.625275342,0.205518066
7/28/2019 10:00,0.613590855,0.201677561
7/28/2019 11:00,0.580401891,0.190768876
7/28/2019 12:00,0.517810872,0.170196203
7/28/2019 13:00,0.453300799,0.148992767
7/28/2019 14:00,0.339235533,0.111501328
7/28/2019 15:00,0.24601789,0.08086217
7/28/2019 16:00,0.20029345,0.065833273
7/28/2019 17:00,0.175227558,0.057594513
7/28/2019 18:00,0.146870428,0.048273975
7/28/2019 19:00,0.119619544,0.039317043
7/28/2019 20:00,0.099732235,0.0327804
7/28/2019 21:00,0.076739657,0.025223105
7/28/2019 22:00,0.102158749,0.033577957
7/28/2019 23:00,0.147163911,0.048370438
7/29/2019 0:00,0.111262416,0.036570188
7/29/2019 1:00,0.063082826,0.020734322
7/29/2019 2:00,0.019957368,0.00655967
7/29/2019 3:00,0,0
7/29/2019 4:00,0,0
7/29/2019 5:00,0,0
7/29/2019 6:00,0,0
7/29/2019 7:00,0,0
7/29/2019 8:00,0,0
7/29/2019 9:00,0.009819196,0.003227414
7/29/2019 10:00,0.016758505,0.005508254
7/29/2019 11:00,0.027115871,0.008912556
7/29/2019 12:00,0.030115838,0.009898597
7/29/2019 13:00,0.059685309,0.019617612
7/29/2019 14:00,0.137911157,0.045329205
7/29/2019 15:00,0.177704929,0.058408786
7/29/2019 16:00,0.184106804,0.06051298
7/29/2019 17:00,0.205263155,0.067466736
7/29/2019 18:00,0.198933206,0.065386183
7/29/2019 19:00,0.150603567,0.049500999
7/29/2019 20:00,0.107777891,0.03542488
7/29/2019 21:00,0.091625607,0.030115881
7/29/2019 22:00,0.098909245,0.032509897
7/29/2019 23:00,0.080825665,0.026566111
7/30/2019 0:00,0.045932809,0.015097384
7/30/2019 1:00,0.028048807,0.009219197
7/30/2019 2:00,0.016160459,0.005311686
7/30/2019 3:00,0.009658581,0.003174622
7/30/2019 4:00,0.008452801,0.002778301
7/30/2019 5:00,0.018208676,0.005984902
7/30/2019 6:00,0.036193607,0.011896263
7/30/2019 7:00,0.045414214,0.01492693
7/30/2019 8:00,0.049888458,0.016397543
7/30/2019 9:00,0.046919871,0.015421816
7/30/2019 10:00,0.050968153,0.016752422
7/30/2019 11:00,0.046544039,0.015298286
7/30/2019 12:00,0.058584991,0.019255955
7/30/2019 13:00,0.055355143,0.018194356
7/30/2019 14:00,0.035404234,0.011636809
7/30/2019 15:00,0.017471761,0.00574269
7/30/2019 16:00,0.002696806,0.000886397
7/30/2019 17:00,0,0
7/30/2019 18:00,0,0
7/30/2019 19:00,0.007803941,0.002565031
7/30/2019 20:00,0.006792394,0.002232552
7/30/2019 21:00,0,0
7/30/2019 22:00,0,0
7/30/2019 23:00,0,0
7/31/2019 0:00,0,0
7/31/2019 1:00,0,0
7/31/2019 2:00,0.011278557,0.003707082
7/31/2019 3:00,0.018400961,0.006048103
7/31/2019 4:00,0.024182826,0.00794851
7/31/2019 5:00,0.011604239,0.003814129
7/31/2019 6:00,0,0
7/31/2019 7:00,0,0
7/31/2019 8:00,0,0
7/31/2019 9:00,0,0
7/31/2019 10:00,0,0
7/31/2019 11:00,0,0
7/31/2019 12:00,0.005701413,0.001873964
7/31/2019 13:00,0.014388443,0.004729253
7/31/2019 14:00,0.025381091,0.008342361
7/31/2019 15:00,0.044318426,0.014566762
7/31/2019 16:00,0.047031782,0.015458599
7/31/2019 17:00,0.032069074,0.010540595
7/31/2019 18:00,0.022221755,0.007303938
7/31/2019 19:00,0.012356909,0.004061519
7/31/2019 20:00,0.010838885,0.003562569
7/31/2019 21:00,0.016063205,0.00527972
7/31/2019 22:00,0.034640385,0.011385744
7/31/2019 23:00,0.063501512,0.020871938
08/01/2019 00:00,0.103317203,0.033958722
08/01/2019 01:00,0.117752479,0.038703368
08/01/2019 02:00,0.130336713,0.042839606
08/01/2019 03:00,0.127484023,0.041901972
08/01/2019 04:00,0.116976824,0.038448423
08/01/2019 05:00,0.119436143,0.039256762
08/01/2019 06:00,0.103566863,0.034040782
08/01/2019 07:00,0.07121213,0.023406295
08/01/2019 08:00,0.056296999,0.018503929
08/01/2019 09:00,0.043619032,0.014336883
08/01/2019 10:00,0.01685041,0.005538462
08/01/2019 11:00,0.006344336,0.002085282
08/01/2019 12:00,0.019514538,0.006414118
08/01/2019 13:00,0.050433718,0.016576761
08/01/2019 14:00,0.087660149,0.028812498
08/01/2019 15:00,0.103993038,0.034180859
08/01/2019 16:00,0.102908785,0.033824482
08/01/2019 17:00,0.093773178,0.030821753
08/01/2019 18:00,0.073315556,0.024097658
08/01/2019 19:00,0.050529223,0.016608152
08/01/2019 20:00,0.027194721,0.008938473
08/01/2019 21:00,0.013607655,0.00447262
08/01/2019 22:00,0,0
08/01/2019 23:00,0,0
08/02/2019 00:00,0,0
08/02/2019 01:00,0.011886119,0.003906778
08/02/2019 02:00,0.023335965,0.007670161
08/02/2019 03:00,0.032492822,0.010679874
08/02/2019 04:00,0.037682902,0.012385771
08/02/2019 05:00,0.033007581,0.010849067
08/02/2019 06:00,0.020739482,0.006816738
08/02/2019 07:00,0.009022964,0.002965705
08/02/2019 08:00,0,0
08/02/2019 09:00,0,0
08/02/2019 10:00,0.024233956,0.007965316
08/02/2019 11:00,0.03216964,0.010573649
08/02/2019 12:00,0.038211609,0.012559548
08/02/2019 13:00,0.043646156,0.014345798
08/02/2019 14:00,0.058349273,0.019178479
08/02/2019 15:00,0.068279191,0.022442285
08/02/2019 16:00,0.069783416,0.0229367
08/02/2019 17:00,0.064381699,0.021161241
08/02/2019 18:00,0.044640104,0.014672493
08/02/2019 19:00,0.034217368,0.011246705
08/02/2019 20:00,0.024640788,0.008099035
08/02/2019 21:00,0.017706158,0.005819733
08/02/2019 22:00,0.025392383,0.008346073
08/02/2019 23:00,0.023821132,0.007829628
08/03/2019 00:00,0.027672678,0.009095569
08/03/2019 01:00,0.029168751,0.009587305
08/03/2019 02:00,0.021771479,0.007155939
08/03/2019 03:00,0.018667591,0.006135741
08/03/2019 04:00,0.017885529,0.005878689
08/03/2019 05:00,0.013997277,0.004600682
08/03/2019 06:00,0.007307767,0.002401947
08/03/2019 07:00,0.002808243,0.000923025
08/03/2019 08:00,0.001788861,0.00058797
08/03/2019 09:00,0.001107017,0.000363859
08/03/2019 10:00,0.000475268,0.000156213
08/03/2019 11:00,0,0
08/03/2019 12:00,0,0
08/03/2019 13:00,0,0
08/03/2019 14:00,0,0
08/03/2019 15:00,0,0
08/03/2019 16:00,0,0
08/03/2019 17:00,0,0
08/03/2019 18:00,0.008317561,0.00273385
08/03/2019 19:00,0.014412495,0.004737158
08/03/2019 20:00,0.016198116,0.005324063
08/03/2019 21:00,0.02293911,0.007539721
08/03/2019 22:00,0.058996269,0.019391136
08/03/2019 23:00,0.048031179,0.015787085
08/04/2019 00:00,0.031567477,0.010375728
08/04/2019 01:00,0.026590702,0.008739941
08/04/2019 02:00,0.028508924,0.00937043
08/04/2019 03:00,0.032251106,0.010600426
08/04/2019 04:00,0.035217064,0.011575289
08/04/2019 05:00,0.041546457,0.01365566
08/04/2019 06:00,0.056728113,0.018645629
08/04/2019 07:00,0.065340985,0.021476543
08/04/2019 08:00,0.06456559,0.021221683
08/04/2019 09:00,0.065342414,0.021477013
08/04/2019 10:00,0.092458702,0.030389706
08/04/2019 11:00,0.08989996,0.029548688
08/04/2019 12:00,0.094072221,0.030920044
08/04/2019 13:00,0.101722513,0.033434573
08/04/2019 14:00,0.124299511,0.040855274
08/04/2019 15:00,0.12572233,0.041322932
08/04/2019 16:00,0.116950221,0.038439679
08/04/2019 17:00,0.120031,0.039452282
08/04/2019 18:00,0.144180757,0.047389923
08/04/2019 19:00,0.172762857,0.056784405
08/04/2019 20:00,0.199748074,0.065654017
08/04/2019 21:00,0.236946732,0.077880625
08/04/2019 22:00,0.3137761,0.103133217
08/04/2019 23:00,0.374580208,0.12311856
08/05/2019 00:00,0.369465328,0.121437381
08/05/2019 01:00,0.460819442,0.151464026
08/05/2019 02:00,0.584122562,0.191991801
08/05/2019 03:00,0.628741709,0.206657406
08/05/2019 04:00,0.673763531,0.221455363
08/05/2019 05:00,0.662370564,0.217710676
08/05/2019 06:00,0.641334989,0.210796617
08/05/2019 07:00,0.650941569,0.213954147
08/05/2019 08:00,0.628386054,0.206540508
08/05/2019 09:00,0.571741502,0.187922344
08/05/2019 10:00,0.429164009,0.141059388
08/05/2019 11:00,0.38549507,0.126706102
08/05/2019 12:00,0.340817668,0.11202135
08/05/2019 13:00,0.318267452,0.104609453
08/05/2019 14:00,0.304129927,0.099962673
08/05/2019 15:00,0.300598,0.098801785
08/05/2019 16:00,0.305030179,0.100258572
08/05/2019 17:00,0.301606782,0.099133355
08/05/2019 18:00,0.256577947,0.084333093
08/05/2019 19:00,0.194668947,0.063984589
08/05/2019 20:00,0.155255889,0.051030143
08/05/2019 21:00,0.122141347,0.040145919
08/05/2019 22:00,0.076943284,0.025290034
08/05/2019 23:00,0.045700744,0.015021108
08/06/2019 00:00,0.03793942,0.012470084
08/06/2019 01:00,0.03713534,0.012205796
08/06/2019 02:00,0.035569173,0.011691022
08/06/2019 03:00,0.029314265,0.009635133
08/06/2019 04:00,0.027738718,0.009117276
08/06/2019 05:00,0.022619939,0.007434814
08/06/2019 06:00,0.016900329,0.005554869
08/06/2019 07:00,0.000183316,6.03E-05
08/06/2019 08:00,0,0
08/06/2019 09:00,0,0
08/06/2019 10:00,0,0
08/06/2019 11:00,0,0
08/06/2019 12:00,0,0
08/06/2019 13:00,0,0
08/06/2019 14:00,0,0
08/06/2019 15:00,0,0
08/06/2019 16:00,0.001132731,0.000372311
08/06/2019 17:00,0.007469869,0.002455227
08/06/2019 18:00,0.006472257,0.002127328
08/06/2019 19:00,0.002558389,0.000840902
08/06/2019 20:00,0.007593253,0.002495782
08/06/2019 21:00,0.016087108,0.005287577
08/06/2019 22:00,0.059974942,0.01971281
08/06/2019 23:00,0.048130878,0.015819855
08/07/2019 00:00,0.038826323,0.012761595
08/07/2019 01:00,0.024926138,0.008192825
08/07/2019 02:00,0.020231853,0.006649889
08/07/2019 03:00,0.025283955,0.008310434
08/07/2019 04:00,0.042853354,0.014085216
08/07/2019 05:00,0.062453197,0.020527373
08/07/2019 06:00,0.081843164,0.026900547
08/07/2019 07:00,0.103852782,0.034134759
08/07/2019 08:00,0.116698646,0.03835699
08/07/2019 09:00,0.132434749,0.043529197
08/07/2019 10:00,0.180521171,0.059334439
08/07/2019 11:00,0.209673003,0.068916183
08/07/2019 12:00,0.22756403,0.07479668
08/07/2019 13:00,0.294727418,0.096872218
08/07/2019 14:00,0.364037862,0.119653459
08/07/2019 15:00,0.428079712,0.140702997
08/07/2019 16:00,0.472017379,0.15514461
08/07/2019 17:00,0.481943789,0.158407263
08/07/2019 18:00,0.550454293,0.180925577
08/07/2019 19:00,0.580097693,0.190668891
08/07/2019 20:00,0.585448327,0.19242756
08/07/2019 21:00,0.55135972,0.181223176
08/07/2019 22:00,0.412928299,0.135722968
08/07/2019 23:00,0.424611819,0.139563156
08/08/2019 00:00,0.419730094,0.13795861
08/08/2019 01:00,0.411886242,0.135380461
08/08/2019 02:00,0.430518307,0.141504525
08/08/2019 03:00,0.453398548,0.149024896
08/08/2019 04:00,0.463789505,0.152440238
08/08/2019 05:00,0.385169118,0.126598967
08/08/2019 06:00,0.334827851,0.110052593
08/08/2019 07:00,0.294602144,0.096831042
08/08/2019 08:00,0.261195079,0.085850671
08/08/2019 09:00,0.212518548,0.069851469
08/08/2019 10:00,0.18005143,0.059180043
08/08/2019 11:00,0.164397785,0.054034939
08/08/2019 12:00,0.171299532,0.056303433
08/08/2019 13:00,0.185288991,0.060901546
08/08/2019 14:00,0.178760505,0.058755737
08/08/2019 15:00,0.149779777,0.049230232
08/08/2019 16:00,0.133794099,0.043975994
08/08/2019 17:00,0.109250207,0.035908806
08/08/2019 18:00,0.124235557,0.040834253
08/08/2019 19:00,0.148660081,0.048862206
08/08/2019 20:00,0.151676185,0.049853551
08/08/2019 21:00,0.11700458,0.038457546
08/08/2019 22:00,0.079111421,0.026002667
08/08/2019 23:00,0.074416552,0.024459538
08/09/2019 00:00,0.048864092,0.01606085
08/09/2019 01:00,0.039459188,0.012969608
08/09/2019 02:00,0.046433158,0.015261841
08/09/2019 03:00,0.056362096,0.018525325
08/09/2019 04:00,0.095764302,0.031476204
08/09/2019 05:00,0.148960502,0.048960949
08/09/2019 06:00,0.256898214,0.08443836
08/09/2019 07:00,0.4669611,0.153482691
08/09/2019 08:00,0.69142696,0.227261052
08/09/2019 09:00,0.757622576,0.249018499
08/09/2019 10:00,0.736060226,0.241931297
08/09/2019 11:00,0.752920628,0.247473043
08/09/2019 12:00,0.762780416,0.250713798
08/09/2019 13:00,0.748246972,0.245936887
08/09/2019 14:00,0.763558106,0.250969413
08/09/2019 15:00,0.75438877,0.247955598
08/09/2019 16:00,0.74297802,0.244205066
08/09/2019 17:00,0.772571909,0.253932106
08/09/2019 18:00,0.831331059,0.273245305
08/09/2019 19:00,0.861148898,0.283045955
08/09/2019 20:00,0.875727769,0.287837798
08/09/2019 21:00,0.865100498,0.284344783
08/09/2019 22:00,0.851271725,0.279799485
08/09/2019 23:00,0.851277933,0.279801526
08/10/2019 00:00,0.855010072,0.28102822
08/10/2019 01:00,0.793847563,0.260925076
08/10/2019 02:00,0.485491263,0.159573261
08/10/2019 03:00,0.156100644,0.051307801
08/10/2019 04:00,0.064715484,0.021270951
08/10/2019 05:00,0.030410748,0.009995529
08/10/2019 06:00,0.025012878,0.008221335
08/10/2019 07:00,0,0
08/10/2019 08:00,0,0
08/10/2019 09:00,0,0
08/10/2019 10:00,0,0
08/10/2019 11:00,0,0
08/10/2019 12:00,0,0
08/10/2019 13:00,0,0
08/10/2019 14:00,0.016967671,0.005577004
08/10/2019 15:00,0.032246213,0.010598818
08/10/2019 16:00,0.051320868,0.016868354
08/10/2019 17:00,0.098925701,0.032515305
08/10/2019 18:00,0.12751266,0.041911385
08/10/2019 19:00,0.196204296,0.064489233
08/10/2019 20:00,0.299616374,0.09847914
08/10/2019 21:00,0.455326684,0.149658644
08/10/2019 22:00,0.46790907,0.153794274
08/10/2019 23:00,0.705387197,0.23184956
08/11/2019 00:00,0.818810514,0.269130001
08/11/2019 01:00,0.841625103,0.276628794
08/11/2019 02:00,0.809949988,0.266217687
08/11/2019 03:00,0.809227881,0.265980342
08/11/2019 04:00,0.838200659,0.275503234
08/11/2019 05:00,0.859190076,0.282402121
08/11/2019 06:00,0.861640624,0.283207578
08/11/2019 07:00,0.844780038,0.277665771
08/11/2019 08:00,0.802526365,0.26377766
08/11/2019 09:00,0.742469096,0.24403779
08/11/2019 10:00,0.73886683,0.242853783
08/11/2019 11:00,0.674438288,0.221677145
08/11/2019 12:00,0.587191843,0.193000625
08/11/2019 13:00,0.522722297,0.17181051
08/11/2019 14:00,0.49414638,0.162418061
08/11/2019 15:00,0.483664111,0.158972706
08/11/2019 16:00,0.439890314,0.144584954
08/11/2019 17:00,0.381946523,0.125539751
08/11/2019 18:00,0.346131785,0.113768016
08/11/2019 19:00,0.298428382,0.098088666
08/11/2019 20:00,0.255687521,0.084040424
08/11/2019 21:00,0.200969518,0.066055486
08/11/2019 22:00,0.166103862,0.054595699
08/11/2019 23:00,0.157201362,0.051669589
08/12/2019 00:00,0.180909133,0.059461956
08/12/2019 01:00,0.140564411,0.046201288
08/12/2019 02:00,0.095961135,0.0315409
08/12/2019 03:00,0.074713128,0.024557017
08/12/2019 04:00,0.057706391,0.018967173
08/12/2019 05:00,0.04755405,0.01563026
08/12/2019 06:00,0.043527223,0.014306706
08/12/2019 07:00,0.044588513,0.014655536
08/12/2019 08:00,0.046477592,0.015276446
08/12/2019 09:00,0.038965711,0.01280741
08/12/2019 10:00,0.014832466,0.004875196
08/12/2019 11:00,0.0098435,0.003235402
08/12/2019 12:00,0,0
08/12/2019 13:00,0,0
08/12/2019 14:00,0,0
08/12/2019 15:00,0,0
08/12/2019 16:00,0,0
08/12/2019 17:00,0,0
08/12/2019 18:00,0.003592768,0.001180886
08/12/2019 19:00,0.013225141,0.004346894
08/12/2019 20:00,0.032330892,0.01062665
08/12/2019 21:00,0.066015724,0.021698319
08/12/2019 22:00,0.052718218,0.01732764
08/12/2019 23:00,0.037850078,0.012440719
8/13/2019 0:00,0.032565682,0.010703822
8/13/2019 1:00,0.034822391,0.011445566
8/13/2019 2:00,0.050261683,0.016520216
8/13/2019 3:00,0.074593698,0.024517763
8/13/2019 4:00,0.087759606,0.028845188
8/13/2019 5:00,0.089878055,0.029541488
8/13/2019 6:00,0.087896527,0.028890191
8/13/2019 7:00,0.088511852,0.029092439
8/13/2019 8:00,0.095331283,0.031333877
8/13/2019 9:00,0.090723287,0.029819303
8/13/2019 10:00,0.110391608,0.036283967
8/13/2019 11:00,0.094020847,0.030903158
8/13/2019 12:00,0.08486369,0.027893346
8/13/2019 13:00,0.078317583,0.025741745
8/13/2019 14:00,0.076914678,0.025280632
8/13/2019 15:00,0.085902854,0.028234903
8/13/2019 16:00,0.099716127,0.032775106
8/13/2019 17:00,0.140341777,0.046128112
8/13/2019 18:00,0.14627314,0.048077656
8/13/2019 19:00,0.145672104,0.047880105
8/13/2019 20:00,0.151387876,0.049758788
8/13/2019 21:00,0.154258525,0.050702325
8/13/2019 22:00,0.160805898,0.052854343
8/13/2019 23:00,0.211991808,0.069678338
8/14/2019 0:00,0.223676174,0.073518803
8/14/2019 1:00,0.201726807,0.066304395
8/14/2019 2:00,0.206087268,0.067737609
8/14/2019 3:00,0.201296757,0.066163044
8/14/2019 4:00,0.187703496,0.061695155
8/14/2019 5:00,0.157252214,0.051686303
8/14/2019 6:00,0.133989756,0.044040303
8/14/2019 7:00,0.092336744,0.03034962
8/14/2019 8:00,0.04806659,0.015798724
8/14/2019 9:00,0.02860293,0.009401328
8/14/2019 10:00,0.025407185,0.008350938
8/14/2019 11:00,0.044719646,0.014698637
8/14/2019 12:00,0.100829065,0.033140911
8/14/2019 13:00,0.17300287,0.056863293
8/14/2019 14:00,0.223985541,0.073620487
8/14/2019 15:00,0.218775675,0.071908087
8/14/2019 16:00,0.192789408,0.063366814
8/14/2019 17:00,0.219443883,0.072127716
8/14/2019 18:00,0.306138041,0.100622708
8/14/2019 19:00,0.417817368,0.137329928
8/14/2019 20:00,0.565229803,0.185782052
8/14/2019 21:00,0.645003539,0.212002411
8/14/2019 22:00,0.504568223,0.165843555
8/14/2019 23:00,0.379371723,0.124693455
8/15/2019 0:00,0.439507571,0.144459153
8/15/2019 1:00,0.333961266,0.10976776
8/15/2019 2:00,0.22124806,0.072720721
8/15/2019 3:00,0.136563781,0.044886344
8/15/2019 4:00,0.086256854,0.028351257
8/15/2019 5:00,0.069226159,0.022753538
8/15/2019 6:00,0.075760347,0.024901222
8/15/2019 7:00,0.169758359,0.055796874
8/15/2019 8:00,0.374260861,0.123013596
8/15/2019 9:00,0.603522357,0.198368206
8/15/2019 10:00,0.74308531,0.24424033
8/15/2019 11:00,0.767966118,0.252418256
8/15/2019 12:00,0.745837721,0.245145004
8/15/2019 13:00,0.738719742,0.242805437
8/15/2019 14:00,0.734747059,0.24149968
8/15/2019 15:00,0.757425345,0.248953672
8/15/2019 16:00,0.619056083,0.203473895
8/15/2019 17:00,0.501119928,0.164710155
8/15/2019 18:00,0.377359139,0.124031951
8/15/2019 19:00,0.255456416,0.083964464
8/15/2019 20:00,0.117155331,0.038507095
8/15/2019 21:00,0.018909642,0.006215299
8/15/2019 22:00,0,0
8/15/2019 23:00,0.033198506,0.010911821
8/16/2019 0:00,0.155329169,0.051054229
8/16/2019 1:00,0.335369211,0.110230529
8/16/2019 2:00,0.445136666,0.146309347
8/16/2019 3:00,0.46350667,0.152347275
8/16/2019 4:00,0.471819405,0.155079539
8/16/2019 5:00,0.58052822,0.190810398
8/16/2019 6:00,0.665240095,0.218653845
8/16/2019 7:00,0.757846519,0.249092105
8/16/2019 8:00,0.816310704,0.268308353
8/16/2019 9:00,0.857753091,0.281929807
8/16/2019 10:00,0.859169421,0.282395332
8/16/2019 11:00,0.870252098,0.286038032
8/16/2019 12:00,0.889593472,0.292395234
8/16/2019 13:00,0.897113929,0.294867089
8/16/2019 14:00,0.88314671,0.290276286
8/16/2019 15:00,0.853391666,0.280496276
8/16/2019 16:00,0.779525813,0.256217744
8/16/2019 17:00,0.607396314,0.199641514
8/16/2019 18:00,0.320694269,0.105407109
8/16/2019 19:00,0.193388055,0.06356358
8/16/2019 20:00,0.156491134,0.051436148
8/16/2019 21:00,0.163033019,0.053586362
8/16/2019 22:00,0.132820891,0.043656116
8/16/2019 23:00,0.149402632,0.04910627
8/17/2019 0:00,0.140590348,0.046209813
8/17/2019 1:00,0.107705696,0.03540115
8/17/2019 2:00,0.064009592,0.021038935
8/17/2019 3:00,0.060514553,0.019890172
8/17/2019 4:00,0.055195684,0.018141944
8/17/2019 5:00,0.034748433,0.011421258
8/17/2019 6:00,0.040294161,0.01324405
8/17/2019 7:00,0.117560538,0.03864028
8/17/2019 8:00,0.231952392,0.076239064
8/17/2019 9:00,0.414791415,0.136335345
8/17/2019 10:00,0.553115795,0.18180037
8/17/2019 11:00,0.295619982,0.097165589
8/17/2019 12:00,0.21068263,0.069248032
8/17/2019 13:00,0.187807781,0.061729433
8/17/2019 14:00,0.14925238,0.049056885
8/17/2019 15:00,0.112214969,0.036883277
8/17/2019 16:00,0.146554384,0.048170097
8/17/2019 17:00,0.236109483,0.077605434
8/17/2019 18:00,0.365992646,0.120295965
8/17/2019 19:00,0.437550146,0.143815778
8/17/2019 20:00,0.504951869,0.165969653
8/17/2019 21:00,0.56444811,0.185525122
8/17/2019 22:00,0.784135057,0.25773273
8/17/2019 23:00,0.769034975,0.252769572
8/18/2019 0:00,0.754949989,0.248140062
8/18/2019 1:00,0.785715734,0.258252273
8/18/2019 2:00,0.795643061,0.261515228
8/18/2019 3:00,0.730907891,0.240237806
8/18/2019 4:00,0.653787977,0.214889716
8/18/2019 5:00,0.640611708,0.210558886
8/18/2019 6:00,0.616263819,0.202556122
8/18/2019 7:00,0.607901145,0.199807444
8/18/2019 8:00,0.557621067,0.183281181
8/18/2019 9:00,0.457757704,0.150457681
8/18/2019 10:00,0.276474496,0.090872772
8/18/2019 11:00,0.236309118,0.077671051
8/18/2019 12:00,0.282113892,0.092726352
8/18/2019 13:00,0.220894376,0.07260447
8/18/2019 14:00,0.085350915,0.028053489
8/18/2019 15:00,0.032404144,0.010650727
8/18/2019 16:00,0.04184642,0.013754253
8/18/2019 17:00,0.148113168,0.048682444
8/18/2019 18:00,0.256849864,0.084422468
8/18/2019 19:00,0.341189186,0.112143462
8/18/2019 20:00,0.391430543,0.128656998
8/18/2019 21:00,0.453042747,0.14890795
8/18/2019 22:00,0.538248144,0.17691361
8/18/2019 23:00,0.586911282,0.19290841
8/19/2019 0:00,0.611457937,0.200976505
8/19/2019 1:00,0.590746223,0.194168894
8/19/2019 2:00,0.565223436,0.185779959
8/19/2019 3:00,0.598668381,0.196772781
8/19/2019 4:00,0.645440056,0.212145887
8/19/2019 5:00,0.645263311,0.212087794
8/19/2019 6:00,0.58449672,0.192114781
8/19/2019 7:00,0.534454769,0.175666787
8/19/2019 8:00,0.537997671,0.176831283
8/19/2019 9:00,0.504338292,0.16576798
8/19/2019 10:00,0.487113501,0.160106465
8/19/2019 11:00,0.450469229,0.148062075
8/19/2019 12:00,0.428297274,0.140774506
8/19/2019 13:00,0.374520385,0.123098898
8/19/2019 14:00,0.335092358,0.110139532
8/19/2019 15:00,0.367302124,0.12072637
8/19/2019 16:00,0.420756398,0.13829594
8/19/2019 17:00,0.514588829,0.169137169
8/19/2019 18:00,0.481045736,0.158112087
8/19/2019 19:00,0.482079583,0.158451897
8/19/2019 20:00,0.530037552,0.174214919
8/19/2019 21:00,0.560876102,0.18435106
8/19/2019 22:00,0.48671251,0.159974666
8/19/2019 23:00,0.467489373,0.153656326
8/20/2019 0:00,0.456846882,0.150158308
8/20/2019 1:00,0.393993306,0.129499337
8/20/2019 2:00,0.365124572,0.120010643
8/20/2019 3:00,0.413550596,0.135927508
8/20/2019 4:00,0.45320523,0.148961356
8/20/2019 5:00,0.445053874,0.146282134
8/20/2019 6:00,0.378354702,0.124359177
8/20/2019 7:00,0.371909386,0.122240704
8/20/2019 8:00,0.353196662,0.116090129
8/20/2019 9:00,0.330164511,0.108519827
8/20/2019 10:00,0.267817013,0.088027195
8/20/2019 11:00,0.216914558,0.071296367
8/20/2019 12:00,0.199472861,0.065563559
8/20/2019 13:00,0.184424539,0.060617415
8/20/2019 14:00,0.140314193,0.046119045
8/20/2019 15:00,0.109475887,0.035982984
8/20/2019 16:00,0.079543777,0.026144775
8/20/2019 17:00,0.045341287,0.01490296
8/20/2019 18:00,0.005981748,0.001966106
8/20/2019 19:00,0,0
8/20/2019 20:00,0,0
8/20/2019 21:00,0.02678652,0.008804304
8/20/2019 22:00,0.105486765,0.034671823
8/20/2019 23:00,0.175702041,0.057750468
8/21/2019 0:00,0.198493596,0.06524169
8/21/2019 1:00,0.211141376,0.069398814
8/21/2019 2:00,0.222586336,0.073160591
8/21/2019 3:00,0.218017303,0.071658822
8/21/2019 4:00,0.212013713,0.069685538
8/21/2019 5:00,0.236019665,0.077575912
8/21/2019 6:00,0.2553744,0.083937506
8/21/2019 7:00,0.267933891,0.088065611
8/21/2019 8:00,0.280067981,0.092053894
8/21/2019 9:00,0.285606829,0.093874425
8/21/2019 10:00,0.274277214,0.090150561
8/21/2019 11:00,0.329366706,0.108257601
8/21/2019 12:00,0.407062259,0.133794894
8/21/2019 13:00,0.478916084,0.157412105
8/21/2019 14:00,0.552101382,0.181466949
8/21/2019 15:00,0.645362525,0.212120404
8/21/2019 16:00,0.717590783,0.235860684
8/21/2019 17:00,0.689234982,0.226540583
8/21/2019 18:00,0.682283654,0.224255792
8/21/2019 19:00,0.781757831,0.256951373
8/21/2019 20:00,0.783061908,0.257380003
8/21/2019 21:00,0.709514108,0.23320601
8/21/2019 22:00,0.509099467,0.167332903
8/21/2019 23:00,0.284576433,0.09353575
8/22/2019 0:00,0.199798278,0.065670518
8/22/2019 1:00,0.171532317,0.056379946
8/22/2019 2:00,0.1739808,0.057184724
8/22/2019 3:00,0.22689495,0.074576764
8/22/2019 4:00,0.308874117,0.101522013
8/22/2019 5:00,0.366547839,0.120478448
8/22/2019 6:00,0.401407435,0.131936244
8/22/2019 7:00,0.446306569,0.146693875
8/22/2019 8:00,0.465622047,0.153042566
8/22/2019 9:00,0.498214616,0.163755225
8/22/2019 10:00,0.500876314,0.164630083
8/22/2019 11:00,0.542324909,0.178253578
8/22/2019 12:00,0.603689655,0.198423194
8/22/2019 13:00,0.673291822,0.22130032
8/22/2019 14:00,0.768458595,0.252580126
8/22/2019 15:00,0.788328024,0.259110891
8/22/2019 16:00,0.764199372,0.251180187
8/22/2019 17:00,0.821248981,0.269931487
8/22/2019 18:00,0.855416452,0.281161791
8/22/2019 19:00,0.868978311,0.285619358
8/22/2019 20:00,0.86738458,0.285095525
8/22/2019 21:00,0.877118322,0.288294851
8/22/2019 22:00,0.832756774,0.273713915
8/22/2019 23:00,0.772983762,0.254067476
8/23/2019 0:00,0.756248489,0.248566858
8/23/2019 1:00,0.666762973,0.219154391
8/23/2019 2:00,0.556348274,0.182862835
8/23/2019 3:00,0.435483165,0.143136394
8/23/2019 4:00,0.246034458,0.080867616
8/23/2019 5:00,0.138517512,0.045528504
8/23/2019 6:00,0.049294225,0.016202228
8/23/2019 7:00,0.042006439,0.013806849
8/23/2019 8:00,0.070053886,0.023025599
8/23/2019 9:00,0.118203867,0.038851732
8/23/2019 10:00,0.3938147,0.129440632
8/23/2019 11:00,0.583660119,0.191839804
8/23/2019 12:00,0.600657592,0.197426603
8/23/2019 13:00,0.44337522,0.145730387
8/23/2019 14:00,0.241022169,0.079220156
8/23/2019 15:00,0.167981926,0.055212989
8/23/2019 16:00,0.168059837,0.055238597
8/23/2019 17:00,0.155451375,0.051094396
8/23/2019 18:00,0.121410164,0.039905591
8/23/2019 19:00,0.11161599,0.036686402
8/23/2019 20:00,0.126622861,0.041618922
8/23/2019 21:00,0.159290308,0.052356192
8/23/2019 22:00,0.193133598,0.063479944
8/23/2019 23:00,0.288792794,0.094921601
8/24/2019 0:00,0.411700623,0.135319451
8/24/2019 1:00,0.399206141,0.131212713
8/24/2019 2:00,0.350435898,0.115182709
8/24/2019 3:00,0.317070143,0.104215916
8/24/2019 4:00,0.328615532,0.108010702
8/24/2019 5:00,0.384902572,0.126511357
8/24/2019 6:00,0.447166655,0.146976572
8/24/2019 7:00,0.456047691,0.149895627
8/24/2019 8:00,0.411782542,0.135346376
8/24/2019 9:00,0.34774185,0.114297219
8/24/2019 10:00,0.289151875,0.095039625
8/24/2019 11:00,0.217482629,0.071483083
8/24/2019 12:00,0.170720256,0.056113035
8/24/2019 13:00,0.15295019,0.050272296
8/24/2019 14:00,0.135472549,0.044527673
8/24/2019 15:00,0.167933236,0.055196985
8/24/2019 16:00,0.18499962,0.060806435
8/24/2019 17:00,0.260528623,0.085631617
8/24/2019 18:00,0.265053089,0.087118737
8/24/2019 19:00,0.175669532,0.057739783
8/24/2019 20:00,0.146154754,0.048038744
8/24/2019 21:00,0.170344163,0.055989419
8/24/2019 22:00,0.126649972,0.041627833
8/24/2019 23:00,0.095850768,0.031504624
8/25/2019 0:00,0.032728263,0.01075726
8/25/2019 1:00,0.033861409,0.011129707
8/25/2019 2:00,0.030428611,0.010001401
8/25/2019 3:00,0.005191969,0.001706518
8/25/2019 4:00,0.003353803,0.001102342
8/25/2019 5:00,0.003108897,0.001021845
8/25/2019 6:00,0.007738013,0.002543362
8/25/2019 7:00,0.013585601,0.004465371
8/25/2019 8:00,0.01505544,0.004948484
8/25/2019 9:00,0.01355657,0.004455829
8/25/2019 10:00,0.024643052,0.008099779
8/25/2019 11:00,0.034601793,0.011373059
8/25/2019 12:00,0.044764934,0.014713522
8/25/2019 13:00,0.056951133,0.018718932
8/25/2019 14:00,0.135276954,0.044463385
8/25/2019 15:00,0.291306846,0.09574793
8/25/2019 16:00,0.412156521,0.135469297
8/25/2019 17:00,0.485766878,0.159663852
8/25/2019 18:00,0.579196208,0.190372587
8/25/2019 19:00,0.665701095,0.218805369
8/25/2019 20:00,0.746239975,0.245277218
8/25/2019 21:00,0.751225948,0.246916029
8/25/2019 22:00,0.40918452,0.134492448
8/25/2019 23:00,0.149156718,0.049025442
8/26/2019 0:00,0.072805833,0.02393012
8/26/2019 1:00,0.037313035,0.012264202
8/26/2019 2:00,0,0
8/26/2019 3:00,0,0
8/26/2019 4:00,0,0
8/26/2019 5:00,0,0
8/26/2019 6:00,0.003542211,0.001164268
8/26/2019 7:00,0.014621882,0.00480598
8/26/2019 8:00,0.027545069,0.009053626
8/26/2019 9:00,0.037803326,0.012425352
8/26/2019 10:00,0.02416515,0.007942701
8/26/2019 11:00,0.030413063,0.00999629
8/26/2019 12:00,0.039705648,0.013050616
8/26/2019 13:00,0.045880242,0.015080106
8/26/2019 14:00,0.050881315,0.016723879
8/26/2019 15:00,0.049987993,0.016430259
8/26/2019 16:00,0.052047332,0.017107131
8/26/2019 17:00,0.039407787,0.012952713
8/26/2019 18:00,0.007864049,0.002584788
8/26/2019 19:00,0,0
8/26/2019 20:00,0,0
8/26/2019 21:00,0,0
8/26/2019 22:00,0,0
8/26/2019 23:00,0,0
8/27/2019 0:00,0,0
8/27/2019 1:00,0,0
8/27/2019 2:00,0.016951278,0.005571616
8/27/2019 3:00,0.038645741,0.012702241
8/27/2019 4:00,0.036009419,0.011835724
8/27/2019 5:00,0.014851403,0.00488142
8/27/2019 6:00,0,0
8/27/2019 7:00,0,0
8/27/2019 8:00,0,0
8/27/2019 9:00,0,0
8/27/2019 10:00,0,0
8/27/2019 11:00,0,0
8/27/2019 12:00,0.019570195,0.006432412
8/27/2019 13:00,0.028628468,0.009409722
8/27/2019 14:00,0.053954987,0.017734147
8/27/2019 15:00,0.074203558,0.02438953
8/27/2019 16:00,0.132658699,0.043602806
8/27/2019 17:00,0.190003866,0.062451251
8/27/2019 18:00,0.232468768,0.076408789
8/27/2019 19:00,0.212530915,0.069855534
8/27/2019 20:00,0.255198245,0.083879607
8/27/2019 21:00,0.133814264,0.043982622
8/27/2019 22:00,0.121169428,0.039826465
8/27/2019 23:00,0.132834453,0.043660573
8/28/2019 0:00,0.240536054,0.079060378
8/28/2019 1:00,0.238090104,0.078256433
8/28/2019 2:00,0.312935479,0.102856918
8/28/2019 3:00,0.343770231,0.112991811
8/28/2019 4:00,0.266238339,0.08750831
8/28/2019 5:00,0.215475345,0.070823321
8/28/2019 6:00,0.224821022,0.073895097
8/28/2019 7:00,0.308979343,0.101556599
8/28/2019 8:00,0.391497587,0.128679034
8/28/2019 9:00,0.391220463,0.128587948
8/28/2019 10:00,0.360175527,0.118383971
8/28/2019 11:00,0.461243068,0.151603265
8/28/2019 12:00,0.409712245,0.134665903
8/28/2019 13:00,0.259371268,0.085251213
8/28/2019 14:00,0.147797232,0.048578601
8/28/2019 15:00,0.467678333,0.153718434
8/28/2019 16:00,0.554005605,0.182092837
8/28/2019 17:00,0.444361879,0.146054686
8/28/2019 18:00,0.429650393,0.141219255
8/28/2019 19:00,0.37984624,0.124849422
8/28/2019 20:00,0.281515627,0.092529712
8/28/2019 21:00,0.18706775,0.061486196
8/28/2019 22:00,0.066185388,0.021754085
8/28/2019 23:00,0.059338226,0.019503532
8/29/2019 0:00,0.060422165,0.019859805
8/29/2019 1:00,0.07036921,0.023129241
8/29/2019 2:00,0.117219826,0.038528294
8/29/2019 3:00,0.15058443,0.049494708
8/29/2019 4:00,0.19174284,0.063022824
8/29/2019 5:00,0.193074971,0.063460674
8/29/2019 6:00,0.217534717,0.071500204
8/29/2019 7:00,0.231857229,0.076207786
8/29/2019 8:00,0.249829516,0.082114991
8/29/2019 9:00,0.275444127,0.090534106
8/29/2019 10:00,0.362253957,0.119067118
8/29/2019 11:00,0.490584496,0.161247326
8/29/2019 12:00,0.74479081,0.244800901
8/29/2019 13:00,0.804800562,0.264525153
8/29/2019 14:00,0.810723826,0.266472035
8/29/2019 15:00,0.82717054,0.271877809
8/29/2019 16:00,0.751951766,0.247154593
8/29/2019 17:00,0.620779209,0.204040259
8/29/2019 18:00,0.627649696,0.206298479
8/29/2019 19:00,0.686035868,0.225489085
8/29/2019 20:00,0.744012133,0.244544962
8/29/2019 21:00,0.755658646,0.248372986
8/29/2019 22:00,0.676304356,0.222290492
8/29/2019 23:00,0.683630474,0.22469847
8/30/2019 0:00,0.689652706,0.226677883
8/30/2019 1:00,0.690331285,0.226900921
8/30/2019 2:00,0.629124831,0.206783332
8/30/2019 3:00,0.764036589,0.251126683
8/30/2019 4:00,0.772068318,0.253766584
8/30/2019 5:00,0.654777121,0.215214832
8/30/2019 6:00,0.565407347,0.185840408
8/30/2019 7:00,0.470390118,0.154609755
8/30/2019 8:00,0.367964052,0.120943935
8/30/2019 9:00,0.266837131,0.087705124
8/30/2019 10:00,0.146770171,0.048241022
8/30/2019 11:00,0.099704449,0.032771268
8/30/2019 12:00,0.02004349,0.006587977
8/30/2019 13:00,0.007730666,0.002540947
8/30/2019 14:00,0.113168804,0.037196787
8/30/2019 15:00,0.214864693,0.070622609
8/30/2019 16:00,0.149899307,0.04926952
8/30/2019 17:00,0.141430781,0.04648605
8/30/2019 18:00,0.117043261,0.03847026
8/30/2019 19:00,0.07754911,0.02548916
8/30/2019 20:00,0.041007082,0.013478376
8/30/2019 21:00,0.012911903,0.004243937
8/30/2019 22:00,0,0
8/30/2019 23:00,0,0
8/31/2019 0:00,0,0
8/31/2019 1:00,0.010861324,0.003569944
8/31/2019 2:00,0.048152092,0.015826827
8/31/2019 3:00,0.086869444,0.028552606
8/31/2019 4:00,0.178976378,0.058826691
8/31/2019 5:00,0.397564928,0.130673273
8/31/2019 6:00,0.542665748,0.178365606
8/31/2019 7:00,0.593871597,0.195196155
8/31/2019 8:00,0.51814414,0.170305743
8/31/2019 9:00,0.524167438,0.172285505
8/31/2019 10:00,0.505157105,0.166037111
8/31/2019 11:00,0.764257795,0.251199389
8/31/2019 12:00,0.827297868,0.27191966
8/31/2019 13:00,0.839321546,0.275871651
8/31/2019 14:00,0.850312792,0.279484299
8/31/2019 15:00,0.862426608,0.283465918
8/31/2019 16:00,0.85497457,0.281016551
8/31/2019 17:00,0.736677575,0.24213421
8/31/2019 18:00,0.58513247,0.192323742
8/31/2019 19:00,0.485504136,0.159577492
8/31/2019 20:00,0.462417828,0.15198939
8/31/2019 21:00,0.441693312,0.145177571
8/31/2019 22:00,0.551813763,0.181372413
8/31/2019 23:00,0.506291002,0.166409805
09/01/2019 00:00,0.531668157,0.174750873
09/01/2019 01:00,0.578368587,0.190100561
09/01/2019 02:00,0.587153919,0.192988161
09/01/2019 03:00,0.503871477,0.165614546
09/01/2019 04:00,0.502438419,0.165143522
09/01/2019 05:00,0.501612985,0.164872215
09/01/2019 06:00,0.547543083,0.179968708
09/01/2019 07:00,0.536523149,0.176346631
09/01/2019 08:00,0.482248284,0.158507346
09/01/2019 09:00,0.426040772,0.14003283
09/01/2019 10:00,0.4151779,0.136462377
09/01/2019 11:00,0.429952545,0.141318568
09/01/2019 12:00,0.397976381,0.130808511
09/01/2019 13:00,0.338723042,0.11133288
09/01/2019 14:00,0.274286947,0.09015376
09/01/2019 15:00,0.195780149,0.064349823
09/01/2019 16:00,0.120609242,0.039642341
09/01/2019 17:00,0.063780187,0.020963534
09/01/2019 18:00,0.041598453,0.01367275
09/01/2019 19:00,0.038567729,0.012676599
09/01/2019 20:00,0.054403238,0.01788148
09/01/2019 21:00,0.076689641,0.025206666
09/01/2019 22:00,0.048490624,0.015938097
09/01/2019 23:00,0.047991973,0.015774199
09/02/2019 00:00,0.072059015,0.023684653
09/02/2019 01:00,0.091527819,0.030083739
09/02/2019 02:00,0.115712401,0.038032827
09/02/2019 03:00,0.118070674,0.038807954
09/02/2019 04:00,0.116447881,0.038274568
09/02/2019 05:00,0.163186133,0.053636688
09/02/2019 06:00,0.199634177,0.065616581
09/02/2019 07:00,0.225168888,0.074009435
09/02/2019 08:00,0.249295215,0.081939375
09/02/2019 09:00,0.233495459,0.076746246
09/02/2019 10:00,0.218988211,0.071977944
09/02/2019 11:00,0.369980715,0.12160678
09/02/2019 12:00,0.419942116,0.138028299
09/02/2019 13:00,0.507795639,0.166904355
09/02/2019 14:00,0.423226827,0.139107931
09/02/2019 15:00,0.302513743,0.099431459
09/02/2019 16:00,0.271611268,0.089274307
09/02/2019 17:00,0.243423188,0.080009333
09/02/2019 18:00,0.11524958,0.037880705
09/02/2019 19:00,0.102571685,0.033713683
09/02/2019 20:00,0.154479078,0.050774818
09/02/2019 21:00,0.144952432,0.04764356
09/02/2019 22:00,0.155314795,0.051049504
09/02/2019 23:00,0.146946123,0.048298855
09/03/2019 00:00,0.129358511,0.042518086
09/03/2019 01:00,0.093379389,0.030692321
09/03/2019 02:00,0.064433705,0.021178335
09/03/2019 03:00,0.035685284,0.011729186
09/03/2019 04:00,0.018041947,0.005930101
09/03/2019 05:00,0.007798362,0.002563198
09/03/2019 06:00,0.005171064,0.001699647
09/03/2019 07:00,0,0
09/03/2019 08:00,0,0
09/03/2019 09:00,0,0
09/03/2019 10:00,0,0
09/03/2019 11:00,0.019541011,0.00642282
09/03/2019 12:00,0.074317659,0.024427033
09/03/2019 13:00,0.147845239,0.04859438
09/03/2019 14:00,0.216151483,0.071045557
09/03/2019 15:00,0.305186294,0.100309884
09/03/2019 16:00,0.36387265,0.119599156
09/03/2019 17:00,0.430168275,0.141389475
09/03/2019 18:00,0.471177403,0.154868523
09/03/2019 19:00,0.443214092,0.145677427
09/03/2019 20:00,0.384698643,0.126444329
09/03/2019 21:00,0.358479134,0.117826393
09/03/2019 22:00,0.518753124,0.170505906
09/03/2019 23:00,0.567302496,0.186463313
09/04/2019 00:00,0.394920357,0.129804044
09/04/2019 01:00,0.321351418,0.105623103
09/04/2019 02:00,0.263448294,0.086591267
09/04/2019 03:00,0.214098076,0.070370635
09/04/2019 04:00,0.199871424,0.06569456
09/04/2019 05:00,0.172551955,0.056715085
09/04/2019 06:00,0.140112138,0.046052633
09/04/2019 07:00,0.108436013,0.035641194
09/04/2019 08:00,0.090376851,0.029705434
09/04/2019 09:00,0.054702443,0.017979824
09/04/2019 10:00,0.021415576,0.007038959
09/04/2019 11:00,0.075248688,0.024733048
09/04/2019 12:00,0.137038847,0.045042491
09/04/2019 13:00,0.193585286,0.063628406
09/04/2019 14:00,0.719703626,0.236555142
09/04/2019 15:00,0.91,0.299102536
09/04/2019 16:00,0.909768884,0.299026572
09/04/2019 17:00,0.882353528,0.29001558
09/04/2019 18:00,0.905821022,0.297728972
09/04/2019 19:00,0.908104859,0.298479633
09/04/2019 20:00,0.91,0.299102536
09/04/2019 21:00,0.909695243,0.299002367
09/04/2019 22:00,0.91,0.299102536
09/04/2019 23:00,0.91,0.299102536
09/05/2019 00:00,0.908566434,0.298631345
09/05/2019 01:00,0.897553814,0.295011672
09/05/2019 02:00,0.856221179,0.281426292
09/05/2019 03:00,0.760398332,0.249930845
09/05/2019 04:00,0.651505435,0.214139481
09/05/2019 05:00,0.50750711,0.16680952
09/05/2019 06:00,0.390268575,0.128275077
09/05/2019 07:00,0.376799434,0.123847985
09/05/2019 08:00,0.272824694,0.08967314
09/05/2019 09:00,0.137543212,0.045208268
09/05/2019 10:00,0.178394634,0.058635481
09/05/2019 11:00,0.189705334,0.062353128
09/05/2019 12:00,0.397941161,0.130796935
09/05/2019 13:00,0.644675746,0.211894671
09/05/2019 14:00,0.649340098,0.213427769
09/05/2019 15:00,0.674078827,0.221558996
09/05/2019 16:00,0.792496656,0.260481054
09/05/2019 17:00,0.801714393,0.263510778
09/05/2019 18:00,0.721452629,0.237130012
09/05/2019 19:00,0.571405504,0.187811907
09/05/2019 20:00,0.655039782,0.215301165
09/05/2019 21:00,0.624042048,0.205112702
09/05/2019 22:00,0.670236266,0.220296007
09/05/2019 23:00,0.813384122,0.267346432
09/06/2019 00:00,0.809889802,0.266197905
09/06/2019 01:00,0.732168009,0.240651987
09/06/2019 02:00,0.692202289,0.22751589
09/06/2019 03:00,0.694019939,0.228113323
09/06/2019 04:00,0.683999059,0.224819619
09/06/2019 05:00,0.676030173,0.222200372
09/06/2019 06:00,0.693506303,0.227944499
09/06/2019 07:00,0.701140077,0.230453599
09/06/2019 08:00,0.684116526,0.224858228
09/06/2019 09:00,0.647076008,0.212683599
09/06/2019 10:00,0.703065482,0.231086449
09/06/2019 11:00,0.693599861,0.22797525
09/06/2019 12:00,0.672423805,0.221015017
09/06/2019 13:00,0.637760041,0.209621588
09/06/2019 14:00,0.660414388,0.217067712
09/06/2019 15:00,0.724281332,0.238059762
09/06/2019 16:00,0.794213813,0.261045456
09/06/2019 17:00,0.791876948,0.260277366
09/06/2019 18:00,0.761287214,0.250223007
09/06/2019 19:00,0.738703587,0.242800128
09/06/2019 20:00,0.699331145,0.229859031
09/06/2019 21:00,0.623325668,0.204877239
09/06/2019 22:00,0.605155927,0.198905134
09/06/2019 23:00,0.597887886,0.196516245
09/07/2019 00:00,0.593294047,0.195006323
09/07/2019 01:00,0.545436647,0.179276356
09/07/2019 02:00,0.565894797,0.186000625
09/07/2019 03:00,0.580458861,0.190787601
09/07/2019 04:00,0.549122977,0.180487994
09/07/2019 05:00,0.53943238,0.177302849
09/07/2019 06:00,0.472031513,0.155149255
09/07/2019 07:00,0.386406389,0.127005638
09/07/2019 08:00,0.329563001,0.10832212
09/07/2019 09:00,0.213673893,0.070231212
09/07/2019 10:00,0.119625944,0.039319146
09/07/2019 11:00,0.079615585,0.026168377
09/07/2019 12:00,0.089333915,0.029362638
09/07/2019 13:00,0.105112119,0.034548683
09/07/2019 14:00,0.093733639,0.030808757
09/07/2019 15:00,0.067511015,0.022189797
09/07/2019 16:00,0.048490946,0.015938203
09/07/2019 17:00,0.02924287,0.009611667
09/07/2019 18:00,0.012509468,0.004111663
09/07/2019 19:00,0.004655307,0.001530125
09/07/2019 20:00,0,0
09/07/2019 21:00,0,0
09/07/2019 22:00,0,0
09/07/2019 23:00,0,0
09/08/2019 00:00,0.000766592,0.000251967
09/08/2019 01:00,0.020964965,0.006890851
09/08/2019 02:00,0.054095545,0.017780346
09/08/2019 03:00,0.084268882,0.027697842
09/08/2019 04:00,0.090126966,0.029623301
09/08/2019 05:00,0.082041903,0.02696587
09/08/2019 06:00,0.101933191,0.03350382
09/08/2019 07:00,0.129768487,0.042652839
09/08/2019 08:00,0.156410267,0.051409569
09/08/2019 09:00,0.179565338,0.059020272
09/08/2019 10:00,0.228635557,0.075148874
09/08/2019 11:00,0.234301071,0.077011038
09/08/2019 12:00,0.284995325,0.093673433
09/08/2019 13:00,0.315698077,0.10376494
09/08/2019 14:00,0.301922802,0.099237226
09/08/2019 15:00,0.320368913,0.105300169
09/08/2019 16:00,0.350217662,0.115110979
09/08/2019 17:00,0.436561473,0.143490817
09/08/2019 18:00,0.460401863,0.151326774
09/08/2019 19:00,0.500923294,0.164645525
09/08/2019 20:00,0.617705694,0.203030043
09/08/2019 21:00,0.674884273,0.221823733
09/08/2019 22:00,0.546402561,0.179593837
09/08/2019 23:00,0.474053453,0.155813835
09/09/2019 00:00,0.452185491,0.148626184
09/09/2019 01:00,0.56949297,0.187183287
09/09/2019 02:00,0.643317774,0.211448327
09/09/2019 03:00,0.614964608,0.202129092
09/09/2019 04:00,0.555171397,0.182476014
09/09/2019 05:00,0.565062326,0.185727005
09/09/2019 06:00,0.626507115,0.20592293
09/09/2019 07:00,0.645278772,0.212092876
09/09/2019 08:00,0.642418714,0.21115282
09/09/2019 09:00,0.677174625,0.222576536
09/09/2019 10:00,0.603625261,0.198402029
09/09/2019 11:00,0.563569999,0.185236501
09/09/2019 12:00,0.533057724,0.175207601
09/09/2019 13:00,0.535197733,0.175910988
09/09/2019 14:00,0.46723126,0.153571489
09/09/2019 15:00,0.36332276,0.119418416
09/09/2019 16:00,0.289255434,0.095073663
09/09/2019 17:00,0.225779602,0.074210166
09/09/2019 18:00,0.208214235,0.068436709
09/09/2019 19:00,0.182962893,0.060136995
09/09/2019 20:00,0.132057994,0.043405363
09/09/2019 21:00,0.056844578,0.018683909
09/09/2019 22:00,0.013659389,0.004489624
09/09/2019 23:00,0.079254372,0.026049652
09/10/2019 00:00,0.230151776,0.07564723
09/10/2019 01:00,0.331542304,0.108972685
09/10/2019 02:00,0.372051839,0.122287526
09/10/2019 03:00,0.346395747,0.113854776
09/10/2019 04:00,0.245445199,0.080673936
09/10/2019 05:00,0.153640856,0.050499307
09/10/2019 06:00,0.078341829,0.025749714
09/10/2019 07:00,0.043719252,0.014369823
09/10/2019 08:00,0.06096472,0.020038135
09/10/2019 09:00,0.043581153,0.014324432
09/10/2019 10:00,0.011181825,0.003675288
09/10/2019 11:00,0.02519618,0.008281584
09/10/2019 12:00,0.091786387,0.030168727
09/10/2019 13:00,0.15360274,0.050486779
09/10/2019 14:00,0.323607841,0.106364754
09/10/2019 15:00,0.475638459,0.156334801
09/10/2019 16:00,0.556961522,0.1830644
09/10/2019 17:00,0.665751278,0.218821863
09/10/2019 18:00,0.804779056,0.264518084
09/10/2019 19:00,0.875886972,0.287890126
09/10/2019 20:00,0.900541644,0.295993725
09/10/2019 21:00,0.903002758,0.296802653
09/10/2019 22:00,0.880342588,0.289354616
09/10/2019 23:00,0.889692142,0.292427665
09/11/2019 00:00,0.901434482,0.296287186
09/11/2019 01:00,0.884710212,0.290790184
09/11/2019 02:00,0.786648157,0.258558746
09/11/2019 03:00,0.650520308,0.213815685
09/11/2019 04:00,0.57847184,0.190134499
09/11/2019 05:00,0.724056409,0.237985833
09/11/2019 06:00,0.839984103,0.276089423
09/11/2019 07:00,0.831123862,0.273177203
09/11/2019 08:00,0.857833069,0.281956095
09/11/2019 09:00,0.859388191,0.282467239
09/11/2019 10:00,0.856030041,0.281363468
09/11/2019 11:00,0.859870022,0.282625609
09/11/2019 12:00,0.864239465,0.284061775
09/11/2019 13:00,0.878550889,0.288765713
09/11/2019 14:00,0.898960589,0.295474057
09/11/2019 15:00,0.889431745,0.292342077
09/11/2019 16:00,0.863692654,0.283882047
09/11/2019 17:00,0.813418343,0.26735768
09/11/2019 18:00,0.798858612,0.262572128
09/11/2019 19:00,0.807067529,0.265270269
09/11/2019 20:00,0.769477769,0.252915112
09/11/2019 21:00,0.757176473,0.248871872
09/11/2019 22:00,0.762124776,0.2504983
09/11/2019 23:00,0.749862609,0.246467921
09/12/2019 00:00,0.693879573,0.228067187
09/12/2019 01:00,0.694628561,0.228313367
09/12/2019 02:00,0.675402953,0.221994215
09/12/2019 03:00,0.653576832,0.214820316
09/12/2019 04:00,0.655449769,0.215435921
09/12/2019 05:00,0.51162219,0.168162082
09/12/2019 06:00,0.54712804,0.17983229
09/12/2019 07:00,0.484391547,0.159211802
09/12/2019 08:00,0.480933463,0.158075185
09/12/2019 09:00,0.467797132,0.153757482
09/12/2019 10:00,0.584418157,0.192088959
09/12/2019 11:00,0.629996505,0.207069838
09/12/2019 12:00,0.721780807,0.237237879
09/12/2019 13:00,0.791668671,0.260208909
09/12/2019 14:00,0.846641918,0.278277741
09/12/2019 15:00,0.842272799,0.276841681
09/12/2019 16:00,0.804469759,0.264416423
09/12/2019 17:00,0.758323781,0.249248973
09/12/2019 18:00,0.732048894,0.240612836
09/12/2019 19:00,0.694181788,0.22816652
09/12/2019 20:00,0.652191755,0.214365063
09/12/2019 21:00,0.739848252,0.243176361
09/12/2019 22:00,0.773598105,0.254269401
09/12/2019 23:00,0.788835852,0.259277806
9/13/2019 0:00,0.80310641,0.263968312
9/13/2019 1:00,0.811506828,0.266729396
9/13/2019 2:00,0.82793232,0.272128194
9/13/2019 3:00,0.834416856,0.274259558
9/13/2019 4:00,0.84903838,0.27906542
9/13/2019 5:00,0.852570611,0.280226408
9/13/2019 6:00,0.860586373,0.282861062
9/13/2019 7:00,0.85868952,0.282237596
9/13/2019 8:00,0.84552879,0.277911874
9/13/2019 9:00,0.85488027,0.280985557
9/13/2019 10:00,0.880626804,0.289448033
9/13/2019 11:00,0.868762411,0.285548396
9/13/2019 12:00,0.873615478,0.287143522
9/13/2019 13:00,0.876146402,0.287975396
9/13/2019 14:00,0.865000117,0.284311789
9/13/2019 15:00,0.852935352,0.280346293
9/13/2019 16:00,0.829639517,0.272689322
9/13/2019 17:00,0.799097703,0.262650713
9/13/2019 18:00,0.691259648,0.227206059
9/13/2019 19:00,0.666250201,0.218985851
9/13/2019 20:00,0.55347575,0.181918682
9/13/2019 21:00,0.603341066,0.198308618
9/13/2019 22:00,0.641123295,0.210727037
9/13/2019 23:00,0.641867171,0.210971537
9/14/2019 0:00,0.59924239,0.196961449
9/14/2019 1:00,0.583051391,0.191639725
9/14/2019 2:00,0.493275633,0.16213186
9/14/2019 3:00,0.513493089,0.168777017
9/14/2019 4:00,0.529396811,0.174004317
9/14/2019 5:00,0.499954306,0.164327034
9/14/2019 6:00,0.62979015,0.207002012
9/14/2019 7:00,0.789625205,0.259537254
9/14/2019 8:00,0.870047726,0.285970858
9/14/2019 9:00,0.90435579,0.297247374
9/14/2019 10:00,0.866452445,0.284789147
9/14/2019 11:00,0.897749933,0.295076133
9/14/2019 12:00,0.908307536,0.29854625
9/14/2019 13:00,0.906271596,0.297877069
9/14/2019 14:00,0.90646031,0.297939096
9/14/2019 15:00,0.906319276,0.29789274
9/14/2019 16:00,0.91,0.299102536
9/14/2019 17:00,0.91,0.299102536
9/14/2019 18:00,0.91,0.299102536
9/14/2019 19:00,0.91,0.299102536
9/14/2019 20:00,0.91,0.299102536
9/14/2019 21:00,0.91,0.299102536
9/14/2019 22:00,0.91,0.299102536
9/14/2019 23:00,0.91,0.299102536
9/15/2019 0:00,0.91,0.299102536
9/15/2019 1:00,0.91,0.299102536
9/15/2019 2:00,0.91,0.299102536
9/15/2019 3:00,0.91,0.299102536
9/15/2019 4:00,0.91,0.299102536
9/15/2019 5:00,0.91,0.299102536
9/15/2019 6:00,0.91,0.299102536
9/15/2019 7:00,0.91,0.299102536
9/15/2019 8:00,0.91,0.299102536
9/15/2019 9:00,0.91,0.299102536
9/15/2019 10:00,0.91,0.299102536
9/15/2019 11:00,0.91,0.299102536
9/15/2019 12:00,0.91,0.299102536
9/15/2019 13:00,0.91,0.299102536
9/15/2019 14:00,0.904805757,0.297395271
9/15/2019 15:00,0.884982253,0.2908796
9/15/2019 16:00,0.874665223,0.287488556
9/15/2019 17:00,0.854284268,0.28078966
9/15/2019 18:00,0.809639593,0.266115665
9/15/2019 19:00,0.769709453,0.252991263
9/15/2019 20:00,0.714588243,0.234873797
9/15/2019 21:00,0.690865995,0.227076671
9/15/2019 22:00,0.650905732,0.213942368
9/15/2019 23:00,0.588833676,0.19354027
9/16/2019 0:00,0.567489157,0.186524666
9/16/2019 1:00,0.618819844,0.203396247
9/16/2019 2:00,0.720970009,0.236971382
9/16/2019 3:00,0.751914785,0.247142438
9/16/2019 4:00,0.791427093,0.260129506
9/16/2019 5:00,0.797416233,0.262098041
9/16/2019 6:00,0.808164686,0.265630887
9/16/2019 7:00,0.794906652,0.261273181
9/16/2019 8:00,0.855620795,0.281228955
9/16/2019 9:00,0.857875947,0.281970188
9/16/2019 10:00,0.852391215,0.280167444
9/16/2019 11:00,0.849076215,0.279077856
9/16/2019 12:00,0.864922028,0.284286123
9/16/2019 13:00,0.875904917,0.287896024
9/16/2019 14:00,0.883558852,0.290411751
9/16/2019 15:00,0.872865474,0.286897007
9/16/2019 16:00,0.889297659,0.292298005
9/16/2019 17:00,0.888221935,0.291944432
9/16/2019 18:00,0.884262815,0.290643132
9/16/2019 19:00,0.888187057,0.291932968
9/16/2019 20:00,0.892112635,0.293223243
9/16/2019 21:00,0.906037137,0.297800006
9/16/2019 22:00,0.907815966,0.298384679
9/16/2019 23:00,0.91,0.299102536
9/17/2019 0:00,0.91,0.299102536
9/17/2019 1:00,0.91,0.299102536
9/17/2019 2:00,0.91,0.299102536
9/17/2019 3:00,0.91,0.299102536
9/17/2019 4:00,0.90951381,0.298942733
9/17/2019 5:00,0.906309999,0.297889691
9/17/2019 6:00,0.887744096,0.291787374
9/17/2019 7:00,0.866969434,0.284959073
9/17/2019 8:00,0.856061679,0.281373867
9/17/2019 9:00,0.823311264,0.270609326
9/17/2019 10:00,0.797511585,0.262129382
9/17/2019 11:00,0.711115976,0.233732518
9/17/2019 12:00,0.602965096,0.198185043
9/17/2019 13:00,0.562389534,0.184848501
9/17/2019 14:00,0.540918854,0.177791429
9/17/2019 15:00,0.463977022,0.152501872
9/17/2019 16:00,0.392586849,0.129037057
9/17/2019 17:00,0.326283621,0.10724424
9/17/2019 18:00,0.243481877,0.080028623
9/17/2019 19:00,0.179127029,0.058876207
9/17/2019 20:00,0.123308022,0.040529387
9/17/2019 21:00,0.078315013,0.0257409
9/17/2019 22:00,0.043350283,0.014248549
9/17/2019 23:00,0.008384465,0.00275584
9/18/2019 0:00,0,0
9/18/2019 1:00,0,0
9/18/2019 2:00,0,0
9/18/2019 3:00,0,0
9/18/2019 4:00,0,0
9/18/2019 5:00,0,0
9/18/2019 6:00,0,0
9/18/2019 7:00,0,0
9/18/2019 8:00,0.010627414,0.003493062
9/18/2019 9:00,0.022211204,0.00730047
9/18/2019 10:00,0.05068831,0.016660442
9/18/2019 11:00,0.056503797,0.0185719
9/18/2019 12:00,0.05123359,0.016839667
9/18/2019 13:00,0.059395032,0.019522203
9/18/2019 14:00,0.059229347,0.019467745
9/18/2019 15:00,0.050641877,0.01664518
9/18/2019 16:00,0.053772201,0.017674068
9/18/2019 17:00,0.060690651,0.019948052
9/18/2019 18:00,0.058122956,0.019104092
9/18/2019 19:00,0.071823968,0.023607397
9/18/2019 20:00,0.088411073,0.029059314
9/18/2019 21:00,0.11553935,0.037975948
9/18/2019 22:00,0.158629284,0.052138924
9/18/2019 23:00,0.19711897,0.064789872
9/19/2019 0:00,0.225083154,0.073981255
9/19/2019 1:00,0.217487242,0.0714846
9/19/2019 2:00,0.15256358,0.050145224
9/19/2019 3:00,0.127732664,0.041983696
9/19/2019 4:00,0.176641995,0.058059416
9/19/2019 5:00,0.221193016,0.072702629
9/19/2019 6:00,0.206138756,0.067754532
9/19/2019 7:00,0.232189842,0.07631711
9/19/2019 8:00,0.285641777,0.093885912
9/19/2019 9:00,0.355003138,0.116683889
9/19/2019 10:00,0.373563054,0.122784238
9/19/2019 11:00,0.36128921,0.118750021
9/19/2019 12:00,0.385528087,0.126716954
9/19/2019 13:00,0.408455475,0.134252822
9/19/2019 14:00,0.384140301,0.126260811
9/19/2019 15:00,0.365186739,0.120031076
9/19/2019 16:00,0.374607739,0.12312761
9/19/2019 17:00,0.399875746,0.131432802
9/19/2019 18:00,0.43838281,0.144089462
9/19/2019 19:00,0.374584553,0.123119989
9/19/2019 20:00,0.295453425,0.097110845
9/19/2019 21:00,0.253164373,0.083211105
9/19/2019 22:00,0.196268944,0.064510482
9/19/2019 23:00,0.176876319,0.058136435
9/20/2019 0:00,0.146409931,0.048122617
9/20/2019 1:00,0.109275724,0.035917193
9/20/2019 2:00,0.076425373,0.025119805
9/20/2019 3:00,0.051775398,0.017017751
9/20/2019 4:00,0.036457584,0.011983028
9/20/2019 5:00,0.019406554,0.006378626
9/20/2019 6:00,0.009474907,0.003114251
9/20/2019 7:00,0.010572461,0.003475
9/20/2019 8:00,0.027456746,0.009024596
9/20/2019 9:00,0.055038036,0.018090128
9/20/2019 10:00,0.091669202,0.03013021
9/20/2019 11:00,0.126195919,0.041478593
9/20/2019 12:00,0.124019354,0.04076319
9/20/2019 13:00,0.106602145,0.035038431
9/20/2019 14:00,0.100329807,0.032976813
9/20/2019 15:00,0.093780527,0.030824169
9/20/2019 16:00,0.091945781,0.030221117
9/20/2019 17:00,0.104429674,0.034324374
9/20/2019 18:00,0.122823769,0.040370221
9/20/2019 19:00,0.139049856,0.045703477
9/20/2019 20:00,0.159338665,0.052372087
9/20/2019 21:00,0.187242631,0.061543677
9/20/2019 22:00,0.231375431,0.076049427
9/20/2019 23:00,0.406874057,0.133733035
9/21/2019 0:00,0.5896052,0.193793857
9/21/2019 1:00,0.690398739,0.226923092
9/21/2019 2:00,0.737141553,0.242286712
9/21/2019 3:00,0.758571677,0.249330453
9/21/2019 4:00,0.777265116,0.255474689
9/21/2019 5:00,0.781671835,0.256923108
9/21/2019 6:00,0.779643595,0.256256458
9/21/2019 7:00,0.787034426,0.258685706
9/21/2019 8:00,0.808757913,0.265825871
9/21/2019 9:00,0.836430005,0.274921248
9/21/2019 10:00,0.865222954,0.284385032
9/21/2019 11:00,0.878659178,0.288801306
9/21/2019 12:00,0.884213348,0.290626873
9/21/2019 13:00,0.889831883,0.292473596
9/21/2019 14:00,0.890972633,0.292848543
9/21/2019 15:00,0.890737196,0.292771158
9/21/2019 16:00,0.889610328,0.292400775
9/21/2019 17:00,0.896339017,0.294612388
9/21/2019 18:00,0.900425697,0.295955615
9/21/2019 19:00,0.896755056,0.294749133
9/21/2019 20:00,0.887257643,0.291627485
9/21/2019 21:00,0.875534173,0.287774166
9/21/2019 22:00,0.879440817,0.289058218
9/21/2019 23:00,0.876331955,0.288036384
9/22/2019 0:00,0.861571632,0.283184901
9/22/2019 1:00,0.836616681,0.274982605
9/22/2019 2:00,0.809500465,0.266069936
9/22/2019 3:00,0.796888616,0.261924622
9/22/2019 4:00,0.79791007,0.262260357
9/22/2019 5:00,0.798995582,0.262617148
9/22/2019 6:00,0.792027657,0.260326902
9/22/2019 7:00,0.780182547,0.256433602
9/22/2019 8:00,0.777357449,0.255505037
9/22/2019 9:00,0.766219461,0.251844158
9/22/2019 10:00,0.739548603,0.243077871
9/22/2019 11:00,0.731763516,0.240519036
9/22/2019 12:00,0.721936824,0.237289159
9/22/2019 13:00,0.728009185,0.239285048
9/22/2019 14:00,0.736034006,0.241922679
9/22/2019 15:00,0.732108324,0.240632369
9/22/2019 16:00,0.717113026,0.235703653
9/22/2019 17:00,0.711102645,0.233728136
9/22/2019 18:00,0.69702993,0.229102659
9/22/2019 19:00,0.670946845,0.220529563
9/22/2019 20:00,0.660641991,0.217142522
9/22/2019 21:00,0.655191058,0.215350886
9/22/2019 22:00,0.616685524,0.20269473
9/22/2019 23:00,0.626520477,0.205927323
9/23/2019 0:00,0.597274829,0.196314743
9/23/2019 1:00,0.63410159,0.208419114
9/23/2019 2:00,0.670725673,0.220456867
9/23/2019 3:00,0.696660065,0.22898109
9/23/2019 4:00,0.704973278,0.231713511
9/23/2019 5:00,0.655068618,0.215310643
9/23/2019 6:00,0.643603931,0.211542382
9/23/2019 7:00,0.680182812,0.223565279
9/23/2019 8:00,0.704325801,0.231500696
9/23/2019 9:00,0.674758702,0.22178246
9/23/2019 10:00,0.703137776,0.231110211
9/23/2019 11:00,0.693993028,0.228104477
9/23/2019 12:00,0.656294853,0.215713687
9/23/2019 13:00,0.642193625,0.211078837
9/23/2019 14:00,0.641388037,0.210814053
9/23/2019 15:00,0.699055912,0.229768567
9/23/2019 16:00,0.758998836,0.249470853
9/23/2019 17:00,0.796294918,0.261729483
9/23/2019 18:00,0.799085049,0.262646554
9/23/2019 19:00,0.790539711,0.259837838
9/23/2019 20:00,0.767934849,0.252407979
9/23/2019 21:00,0.727871107,0.239239664
9/23/2019 22:00,0.650535107,0.21382055
9/23/2019 23:00,0.623522587,0.204941964
9/24/2019 0:00,0.644171641,0.211728979
9/24/2019 1:00,0.633038029,0.208069538
9/24/2019 2:00,0.697071907,0.229116456
9/24/2019 3:00,0.750527913,0.246686595
9/24/2019 4:00,0.797023708,0.261969024
9/24/2019 5:00,0.83308583,0.273822071
9/24/2019 6:00,0.852274074,0.280128941
9/24/2019 7:00,0.85881017,0.282277252
9/24/2019 8:00,0.855888976,0.281317102
9/24/2019 9:00,0.854026481,0.28070493
9/24/2019 10:00,0.841026844,0.276432156
9/24/2019 11:00,0.803878665,0.26422214
9/24/2019 12:00,0.770891848,0.253379897
9/24/2019 13:00,0.689184897,0.226524121
9/24/2019 14:00,0.611272523,0.200915562
9/24/2019 15:00,0.633833792,0.208331093
9/24/2019 16:00,0.576594804,0.189517547
9/24/2019 17:00,0.512175388,0.168343909
9/24/2019 18:00,0.464623831,0.152714468
9/24/2019 19:00,0.51170898,0.168190608
9/24/2019 20:00,0.59220647,0.194648854
9/24/2019 21:00,0.634972457,0.208705354
9/24/2019 22:00,0.717542625,0.235844856
9/24/2019 23:00,0.751340481,0.246953674
9/25/2019 0:00,0.747300567,0.245625818
9/25/2019 1:00,0.749714273,0.246419165
9/25/2019 2:00,0.795663084,0.261521809
9/25/2019 3:00,0.795152425,0.261353963
9/25/2019 4:00,0.779209994,0.25611394
9/25/2019 5:00,0.80527586,0.264681376
9/25/2019 6:00,0.830680607,0.273031512
9/25/2019 7:00,0.849478886,0.279210207
9/25/2019 8:00,0.855673084,0.281246142
9/25/2019 9:00,0.859759789,0.282589377
9/25/2019 10:00,0.832726853,0.273704081
9/25/2019 11:00,0.802411355,0.263739858
9/25/2019 12:00,0.781921548,0.257005184
9/25/2019 13:00,0.779694895,0.256273319
9/25/2019 14:00,0.813953906,0.267533711
9/25/2019 15:00,0.831072087,0.273160185
9/25/2019 16:00,0.838541767,0.27561535
9/25/2019 17:00,0.85434925,0.280811019
9/25/2019 18:00,0.859648706,0.282552866
9/25/2019 19:00,0.865807698,0.284577228
9/25/2019 20:00,0.875449485,0.287746331
9/25/2019 21:00,0.883479901,0.290385801
9/25/2019 22:00,0.878708431,0.288817494
9/25/2019 23:00,0.885607532,0.291085119
9/26/2019 0:00,0.891868771,0.293143089
9/26/2019 1:00,0.896416251,0.294637773
9/26/2019 2:00,0.897628755,0.295036304
9/26/2019 3:00,0.897022662,0.294837091
9/26/2019 4:00,0.898042517,0.295172301
9/26/2019 5:00,0.899143289,0.295534107
9/26/2019 6:00,0.906025542,0.297796194
9/26/2019 7:00,0.901998693,0.296472633
9/26/2019 8:00,0.860252902,0.282751455
9/26/2019 9:00,0.814538536,0.26772587
9/26/2019 10:00,0.794489421,0.261136044
9/26/2019 11:00,0.843849575,0.277359943
9/26/2019 12:00,0.852333688,0.280148535
9/26/2019 13:00,0.717747552,0.235912212
9/26/2019 14:00,0.439147248,0.14434072
9/26/2019 15:00,0.215348338,0.070781576
9/26/2019 16:00,0.118244324,0.03886503
9/26/2019 17:00,0.054000373,0.017749064
9/26/2019 18:00,0.004180925,0.001374204
9/26/2019 19:00,0,0
9/26/2019 20:00,0,0
9/26/2019 21:00,0.00302489,0.000994233
9/26/2019 22:00,0.026981885,0.008868517
9/26/2019 23:00,0.0246668,0.008107585
9/27/2019 0:00,0.017089975,0.005617203
9/27/2019 1:00,0.015763697,0.005181277
9/27/2019 2:00,0.015323573,0.005036615
9/27/2019 3:00,0.020129146,0.00661613
9/27/2019 4:00,0.02407279,0.007912343
9/27/2019 5:00,0.022063251,0.00725184
9/27/2019 6:00,0.025788903,0.008476402
9/27/2019 7:00,0.028016801,0.009208677
9/27/2019 8:00,0.024553358,0.008070299
9/27/2019 9:00,0.017105482,0.0056223
9/27/2019 10:00,0.013551224,0.004454072
9/27/2019 11:00,0.022380724,0.007356188
9/27/2019 12:00,0.034451,0.011323496
9/27/2019 13:00,0.023606387,0.007759044
9/27/2019 14:00,0.014663124,0.004819536
9/27/2019 15:00,0.01661974,0.005462644
9/27/2019 16:00,0.012820082,0.004213757
9/27/2019 17:00,0.017402166,0.005719815
9/27/2019 18:00,0.027770397,0.009127688
9/27/2019 19:00,0.015362006,0.005049247
9/27/2019 20:00,0.001512067,0.000496992
9/27/2019 21:00,0,0
9/27/2019 22:00,0,0
9/27/2019 23:00,0,0
9/28/2019 0:00,0,0
9/28/2019 1:00,0,0
9/28/2019 2:00,0,0
9/28/2019 3:00,0.014888197,0.004893514
9/28/2019 4:00,0.032003184,0.010518938
9/28/2019 5:00,0.042160961,0.013857638
9/28/2019 6:00,0.040099452,0.013180052
9/28/2019 7:00,0.040751126,0.013394247
9/28/2019 8:00,0.042030602,0.013814791
9/28/2019 9:00,0.060971558,0.020040382
9/28/2019 10:00,0.171437228,0.056348692
9/28/2019 11:00,0.13175906,0.043307109
9/28/2019 12:00,0.07488418,0.02461324
9/28/2019 13:00,0.041145971,0.013524027
9/28/2019 14:00,0.029581869,0.00972309
9/28/2019 15:00,0.023376073,0.007683344
9/28/2019 16:00,0.010946482,0.003597935
9/28/2019 17:00,0.0012246,0.000402507
9/28/2019 18:00,0.00484679,0.001593063
9/28/2019 19:00,0.02916116,0.00958481
9/28/2019 20:00,0.047742953,0.01569235
9/28/2019 21:00,0.026883556,0.008836198
9/28/2019 22:00,0.02270019,0.007461192
9/28/2019 23:00,0.009875564,0.003245941
9/29/2019 0:00,0.005081655,0.001670259
9/29/2019 1:00,0.007690071,0.002527604
9/29/2019 2:00,0.02351325,0.007728432
9/29/2019 3:00,0.049631703,0.016313152
9/29/2019 4:00,0.076751915,0.025227135
9/29/2019 5:00,0.099396839,0.032670161
9/29/2019 6:00,0.138739272,0.045601394
9/29/2019 7:00,0.219712235,0.07221592
9/29/2019 8:00,0.303352583,0.099707172
9/29/2019 9:00,0.295520274,0.097132817
9/29/2019 10:00,0.229356185,0.075385733
9/29/2019 11:00,0.153575936,0.050477969
9/29/2019 12:00,0.113787269,0.037400067
9/29/2019 13:00,0.128838655,0.042347218
9/29/2019 14:00,0.155221355,0.051018792
9/29/2019 15:00,0.182530837,0.059994985
9/29/2019 16:00,0.209990156,0.069020427
9/29/2019 17:00,0.227440488,0.074756073
9/29/2019 18:00,0.231804999,0.076190619
9/29/2019 19:00,0.215868891,0.070952673
9/29/2019 20:00,0.227092614,0.074641733
9/29/2019 21:00,0.250255333,0.08225495
9/29/2019 22:00,0.446658517,0.146809555
9/29/2019 23:00,0.580403275,0.190769331
9/30/2019 0:00,0.63195602,0.207713899
9/30/2019 1:00,0.611136771,0.200870943
9/30/2019 2:00,0.60534763,0.198968144
9/30/2019 3:00,0.601123629,0.197579782
9/30/2019 4:00,0.527770747,0.173469856
9/30/2019 5:00,0.4911912,0.16144674
9/30/2019 6:00,0.45357525,0.149082975
9/30/2019 7:00,0.436566562,0.14349249
9/30/2019 8:00,0.413029595,0.135756263
9/30/2019 9:00,0.399644836,0.131356905
9/30/2019 10:00,0.458985653,0.150861289
9/30/2019 11:00,0.345041844,0.11340977
9/30/2019 12:00,0.279559853,0.09188688
9/30/2019 13:00,0.256243607,0.084223201
9/30/2019 14:00,0.254810306,0.083752097
9/30/2019 15:00,0.271785725,0.089331648
9/30/2019 16:00,0.21971104,0.072215526
9/30/2019 17:00,0.208083317,0.068393679
9/30/2019 18:00,0.183608393,0.06034916
9/30/2019 19:00,0.120987106,0.039766539
9/30/2019 20:00,0.08243704,0.027095745
9/30/2019 21:00,0.091676117,0.030132482
9/30/2019 22:00,0.152450469,0.050108046
9/30/2019 23:00,0.20613823,0.06775436
10/01/2019 00:00,0.194525847,0.063937554
10/01/2019 01:00,0.158999889,0.052260736
10/01/2019 02:00,0.173301275,0.056961374
10/01/2019 03:00,0.221036676,0.072651242
10/01/2019 04:00,0.293574851,0.096493387
10/01/2019 05:00,0.348122311,0.11442227
10/01/2019 06:00,0.376332725,0.123694585
10/01/2019 07:00,0.387781582,0.127457642
10/01/2019 08:00,0.424929462,0.13966756
10/01/2019 09:00,0.460195539,0.151258959
10/01/2019 10:00,0.548325253,0.180225795
10/01/2019 11:00,0.513957661,0.168929714
10/01/2019 12:00,0.523419257,0.17203959
10/01/2019 13:00,0.544916626,0.179105434
10/01/2019 14:00,0.610964192,0.200814219
10/01/2019 15:00,0.654006076,0.214961402
10/01/2019 16:00,0.680147329,0.223553616
10/01/2019 17:00,0.691578143,0.227310743
10/01/2019 18:00,0.686238595,0.225555718
10/01/2019 19:00,0.712864883,0.234307356
10/01/2019 20:00,0.757733554,0.249054975
10/01/2019 21:00,0.803026917,0.263942184
10/01/2019 22:00,0.839603213,0.275964231
10/01/2019 23:00,0.876586117,0.288119923
10/02/2019 00:00,0.890437689,0.292672715
10/02/2019 01:00,0.899372265,0.295609368
10/02/2019 02:00,0.905242344,0.29753877
10/02/2019 03:00,0.908301746,0.298544347
10/02/2019 04:00,0.906869378,0.29807355
10/02/2019 05:00,0.894822968,0.294114086
10/02/2019 06:00,0.871950418,0.286596243
10/02/2019 07:00,0.847222911,0.278468705
10/02/2019 08:00,0.804461255,0.264413628
10/02/2019 09:00,0.770367725,0.253207626
10/02/2019 10:00,0.763860892,0.251068934
10/02/2019 11:00,0.723577505,0.237828425
10/02/2019 12:00,0.677592485,0.22271388
10/02/2019 13:00,0.681176027,0.223891733
10/02/2019 14:00,0.685912969,0.22544869
10/02/2019 15:00,0.62363977,0.20498048
10/02/2019 16:00,0.555285838,0.182513629
10/02/2019 17:00,0.519342659,0.170699677
10/02/2019 18:00,0.503199675,0.165393735
10/02/2019 19:00,0.458299157,0.150635648
10/02/2019 20:00,0.406657991,0.133662018
10/02/2019 21:00,0.355594077,0.116878121
10/02/2019 22:00,0.275141211,0.090434543
10/02/2019 23:00,0.204277095,0.067142634
10/03/2019 00:00,0.202963791,0.066710972
10/03/2019 01:00,0.173286524,0.056956526
10/03/2019 02:00,0.128080144,0.042097908
10/03/2019 03:00,0.117312325,0.038558697
10/03/2019 04:00,0.099905775,0.03283744
10/03/2019 05:00,0.075606045,0.024850505
10/03/2019 06:00,0.066852626,0.021973396
10/03/2019 07:00,0.079533913,0.026141533
10/03/2019 08:00,0.11851014,0.038952399
10/03/2019 09:00,0.155715998,0.051181373
10/03/2019 10:00,0.178356061,0.058622802
10/03/2019 11:00,0.216447158,0.07114274
10/03/2019 12:00,0.215634885,0.070875759
10/03/2019 13:00,0.222667446,0.07318725
10/03/2019 14:00,0.297055902,0.097637553
10/03/2019 15:00,0.416319872,0.136837725
10/03/2019 16:00,0.501794307,0.164931813
10/03/2019 17:00,0.618278288,0.203218246
10/03/2019 18:00,0.668065148,0.219582395
10/03/2019 19:00,0.662721234,0.217825936
10/03/2019 20:00,0.684688496,0.225046226
10/03/2019 21:00,0.679152021,0.223226474
10/03/2019 22:00,0.740997886,0.243554227
10/03/2019 23:00,0.768157108,0.252481032
10/04/2019 00:00,0.760267002,0.249887679
10/04/2019 01:00,0.759703912,0.2497026
10/04/2019 02:00,0.737440266,0.242384894
10/04/2019 03:00,0.666638733,0.219113556
10/04/2019 04:00,0.617920526,0.203100655
10/04/2019 05:00,0.575461799,0.189145147
10/04/2019 06:00,0.496766187,0.16327915
10/04/2019 07:00,0.441381367,0.14507504
10/04/2019 08:00,0.418940119,0.137698958
10/04/2019 09:00,0.373085106,0.122627144
10/04/2019 10:00,0.330019304,0.108472099
10/04/2019 11:00,0.21790089,0.071620559
10/04/2019 12:00,0.161095814,0.052949633
10/04/2019 13:00,0.170571819,0.056064246
10/04/2019 14:00,0.167470763,0.055044978
10/04/2019 15:00,0.115017656,0.037804475
10/04/2019 16:00,0.134855892,0.044324988
10/04/2019 17:00,0.151516336,0.049801011
10/04/2019 18:00,0.199113635,0.065445487
10/04/2019 19:00,0.220005587,0.072312339
10/04/2019 20:00,0.169342334,0.055660134
10/04/2019 21:00,0.13432047,0.044149003
10/04/2019 22:00,0.176460226,0.057999671
10/04/2019 23:00,0.154728763,0.050856885
10/05/2019 00:00,0.14414955,0.047379666
10/05/2019 01:00,0.177947622,0.058488555
10/05/2019 02:00,0.221912151,0.072938997
10/05/2019 03:00,0.325008424,0.106825103
10/05/2019 04:00,0.431386562,0.141789906
10/05/2019 05:00,0.563396703,0.185179541
10/05/2019 06:00,0.703617161,0.231267777
10/05/2019 07:00,0.781656368,0.256918024
10/05/2019 08:00,0.823646197,0.270719413
10/05/2019 09:00,0.852961562,0.280354908
10/05/2019 10:00,0.867501546,0.285133969
10/05/2019 11:00,0.8823019,0.289998611
10/05/2019 12:00,0.88848686,0.292031509
10/05/2019 13:00,0.901354049,0.296260749
10/05/2019 14:00,0.900360332,0.29593413
10/05/2019 15:00,0.901770823,0.296397736
10/05/2019 16:00,0.905880432,0.297748499
10/05/2019 17:00,0.907804471,0.2983809
10/05/2019 18:00,0.908220537,0.298517654
10/05/2019 19:00,0.909205996,0.298841559
10/05/2019 20:00,0.909619691,0.298977534
10/05/2019 21:00,0.908252246,0.298528077
10/05/2019 22:00,0.899694624,0.295715322
10/05/2019 23:00,0.890273052,0.292618601
10/06/2019 00:00,0.890725538,0.292767327
10/06/2019 01:00,0.889647981,0.292413151
10/06/2019 02:00,0.903722314,0.29703916
10/06/2019 03:00,0.900176663,0.295873761
10/06/2019 04:00,0.909012992,0.298778122
10/06/2019 05:00,0.904249088,0.297212302
10/06/2019 06:00,0.887109011,0.291578631
10/06/2019 07:00,0.876720496,0.288164092
10/06/2019 08:00,0.850365364,0.279501579
10/06/2019 09:00,0.852352493,0.280154716
10/06/2019 10:00,0.874685952,0.287495369
10/06/2019 11:00,0.883916592,0.290529334
10/06/2019 12:00,0.884311867,0.290659255
10/06/2019 13:00,0.898717956,0.295394307
10/06/2019 14:00,0.888300371,0.291970213
10/06/2019 15:00,0.870717642,0.286191049
10/06/2019 16:00,0.852760153,0.280288708
10/06/2019 17:00,0.800933143,0.263253993
10/06/2019 18:00,0.778390737,0.255844663
10/06/2019 19:00,0.79873486,0.262531453
10/06/2019 20:00,0.839033298,0.275776909
10/06/2019 21:00,0.8694408,0.285771371
10/06/2019 22:00,0.905050101,0.297475583
10/06/2019 23:00,0.907076387,0.298141591
10/07/2019 00:00,0.907081329,0.298143215
10/07/2019 01:00,0.909123796,0.298814542
10/07/2019 02:00,0.91,0.299102536
10/07/2019 03:00,0.91,0.299102536
10/07/2019 04:00,0.91,0.299102536
10/07/2019 05:00,0.91,0.299102536
10/07/2019 06:00,0.91,0.299102536
10/07/2019 07:00,0.91,0.299102536
10/07/2019 08:00,0.91,0.299102536
10/07/2019 09:00,0.91,0.299102536
10/07/2019 10:00,0.91,0.299102536
10/07/2019 11:00,0.91,0.299102536
10/07/2019 12:00,0.91,0.299102536
10/07/2019 13:00,0.91,0.299102536
10/07/2019 14:00,0.906568846,0.29797477
10/07/2019 15:00,0.837999751,0.275437198
10/07/2019 16:00,0.597273426,0.196314281
10/07/2019 17:00,0.379208996,0.12463997
10/07/2019 18:00,0.376074519,0.123609717
10/07/2019 19:00,0.505654824,0.166200703
10/07/2019 20:00,0.672019793,0.220882224
10/07/2019 21:00,0.733485943,0.241085171
10/07/2019 22:00,0.722350654,0.237425178
10/07/2019 23:00,0.696742525,0.229008193
10/08/2019 00:00,0.677490142,0.222680241
10/08/2019 01:00,0.640248408,0.210439475
10/08/2019 02:00,0.594940856,0.195547603
10/08/2019 03:00,0.610893082,0.200790846
10/08/2019 04:00,0.626685279,0.20598149
10/08/2019 05:00,0.644298269,0.2117706
10/08/2019 06:00,0.693055762,0.227796413
10/08/2019 07:00,0.707285106,0.232473372
10/08/2019 08:00,0.695484061,0.228594556
10/08/2019 09:00,0.713558745,0.234535418
10/08/2019 10:00,0.712759987,0.234272879
10/08/2019 11:00,0.757646255,0.249026281
10/08/2019 12:00,0.797231588,0.262037351
10/08/2019 13:00,0.797265388,0.262048461
10/08/2019 14:00,0.737255632,0.242324208
10/08/2019 15:00,0.614188884,0.201874124
10/08/2019 16:00,0.517027089,0.169938586
10/08/2019 17:00,0.415551848,0.136585287
10/08/2019 18:00,0.393691617,0.129400177
10/08/2019 19:00,0.39887245,0.131103034
10/08/2019 20:00,0.451582898,0.148428121
10/08/2019 21:00,0.437659062,0.143851577
10/08/2019 22:00,0.499143068,0.164060393
10/08/2019 23:00,0.563786094,0.185307528
10/09/2019 00:00,0.536115773,0.176212733
10/09/2019 01:00,0.514914775,0.169244302
10/09/2019 02:00,0.494845431,0.162647828
10/09/2019 03:00,0.519842738,0.170864045
10/09/2019 04:00,0.516020898,0.169607867
10/09/2019 05:00,0.528042135,0.173559057
10/09/2019 06:00,0.610964278,0.200814247
10/09/2019 07:00,0.64808077,0.213013848
10/09/2019 08:00,0.666309843,0.219005454
10/09/2019 09:00,0.705027089,0.231731198
10/09/2019 10:00,0.651875705,0.214261183
10/09/2019 11:00,0.661813419,0.217527551
10/09/2019 12:00,0.686965896,0.225794771
10/09/2019 13:00,0.71786386,0.23595044
10/09/2019 14:00,0.701476098,0.230564044
10/09/2019 15:00,0.719567553,0.236510417
10/09/2019 16:00,0.719631507,0.236531438
10/09/2019 17:00,0.740801896,0.243489808
10/09/2019 18:00,0.762067827,0.250479582
10/09/2019 19:00,0.784270137,0.257777128
10/09/2019 20:00,0.800862762,0.26323086
10/09/2019 21:00,0.800630859,0.263154638
10/09/2019 22:00,0.773263553,0.254159439
10/09/2019 23:00,0.791593491,0.260184198
10/10/2019 00:00,0.785399211,0.258148237
10/10/2019 01:00,0.826966808,0.271810845
10/10/2019 02:00,0.83387298,0.274080794
10/10/2019 03:00,0.833320257,0.273899123
10/10/2019 04:00,0.821191295,0.269912526
10/10/2019 05:00,0.859440161,0.28248432
10/10/2019 06:00,0.885503828,0.291051033
10/10/2019 07:00,0.882717803,0.290135311
10/10/2019 08:00,0.864165843,0.284037577
10/10/2019 09:00,0.813571381,0.267407981
10/10/2019 10:00,0.773465181,0.254225711
10/10/2019 11:00,0.763561968,0.250970682
10/10/2019 12:00,0.756387595,0.24861258
10/10/2019 13:00,0.688448301,0.226282014
10/10/2019 14:00,0.542826396,0.178418408
10/10/2019 15:00,0.281543698,0.092538938
10/10/2019 16:00,0.096137738,0.031598946
10/10/2019 17:00,0.033847907,0.011125269
10/10/2019 18:00,0.018601826,0.006114124
10/10/2019 19:00,0.034773827,0.011429604
10/10/2019 20:00,0.047522304,0.015619826
10/10/2019 21:00,0.100128265,0.032910569
10/10/2019 22:00,0.188998788,0.062120898
10/10/2019 23:00,0.190432014,0.062591976
10/11/2019 00:00,0.162813353,0.053514161
10/11/2019 01:00,0.075463177,0.024803547
10/11/2019 02:00,0.063163287,0.020760768
10/11/2019 03:00,0.100348863,0.032983076
10/11/2019 04:00,0.142355882,0.046790116
10/11/2019 05:00,0.21421158,0.070407942
10/11/2019 06:00,0.233566352,0.076769547
10/11/2019 07:00,0.265819234,0.087370557
10/11/2019 08:00,0.305664916,0.100467199
10/11/2019 09:00,0.321022603,0.105515027
10/11/2019 10:00,0.188075781,0.06181752
10/11/2019 11:00,0.144405425,0.047463768
10/11/2019 12:00,0.141701305,0.046574967
10/11/2019 13:00,0.104080705,0.034209674
10/11/2019 14:00,0.068407103,0.022484327
10/11/2019 15:00,0.027229387,0.008949867
10/11/2019 16:00,0.004594928,0.00151028
10/11/2019 17:00,0,0
10/11/2019 18:00,0.006752963,0.002219592
10/11/2019 19:00,0.026461031,0.00869732
10/11/2019 20:00,0.082362808,0.027071346
10/11/2019 21:00,0.193551765,0.063617389
10/11/2019 22:00,0.295155019,0.097012763
10/11/2019 23:00,0.308324416,0.101341335
10/12/2019 00:00,0.295605711,0.097160898
10/12/2019 01:00,0.225715704,0.074189164
10/12/2019 02:00,0.163247495,0.053656857
10/12/2019 03:00,0.116025471,0.038135728
10/12/2019 04:00,0.138902024,0.045654888
10/12/2019 05:00,0.152032106,0.049970537
10/12/2019 06:00,0.144065554,0.047352058
10/12/2019 07:00,0.145890325,0.047951831
10/12/2019 08:00,0.138565545,0.045544292
10/12/2019 09:00,0.115295559,0.037895818
10/12/2019 10:00,0.185932876,0.061113181
10/12/2019 11:00,0.213222712,0.070082916
10/12/2019 12:00,0.28429715,0.093443954
10/12/2019 13:00,0.244831529,0.080472232
10/12/2019 14:00,0.214737876,0.070580927
10/12/2019 15:00,0.163909457,0.053874433
10/12/2019 16:00,0.085809992,0.02820438
10/12/2019 17:00,0.035082977,0.011531217
10/12/2019 18:00,0.008153645,0.002679973
10/12/2019 19:00,0,0
10/12/2019 20:00,3.97E-05,1.30E-05
10/12/2019 21:00,0.010945479,0.003597605
10/12/2019 22:00,0.013158182,0.004324885
10/12/2019 23:00,0.013810754,0.004539375
10/13/2019 0:00,0.00625457,0.002055778
10/13/2019 1:00,0,0
10/13/2019 2:00,0,0
10/13/2019 3:00,0,0
10/13/2019 4:00,0,0
10/13/2019 5:00,0,0
10/13/2019 6:00,0,0
10/13/2019 7:00,0,0
10/13/2019 8:00,0,0
10/13/2019 9:00,0,0
10/13/2019 10:00,0,0
10/13/2019 11:00,0,0
10/13/2019 12:00,0,0
10/13/2019 13:00,0,0
10/13/2019 14:00,0,0
10/13/2019 15:00,0,0
10/13/2019 16:00,0,0
10/13/2019 17:00,0.0004932,0.000162107
10/13/2019 18:00,0.000658152,0.000216324
10/13/2019 19:00,0,0
10/13/2019 20:00,0,0
10/13/2019 21:00,0,0
10/13/2019 22:00,0,0
10/13/2019 23:00,0,0
10/14/2019 0:00,0,0
10/14/2019 1:00,0,0
10/14/2019 2:00,0,0
10/14/2019 3:00,0,0
10/14/2019 4:00,0,0
10/14/2019 5:00,0,0
10/14/2019 6:00,0,0
10/14/2019 7:00,0,0
10/14/2019 8:00,0,0
10/14/2019 9:00,0.009275743,0.003048789
10/14/2019 10:00,0.017036586,0.005599655
10/14/2019 11:00,0.020519532,0.006744444
10/14/2019 12:00,0.03034033,0.009972384
10/14/2019 13:00,0.035672515,0.011724989
10/14/2019 14:00,0.019903113,0.006541837
10/14/2019 15:00,0.014761932,0.004852012
10/14/2019 16:00,0.014086998,0.004630172
10/14/2019 17:00,0.001531961,0.000503531
10/14/2019 18:00,0,0
10/14/2019 19:00,0.005045219,0.001658283
10/14/2019 20:00,0.009995494,0.00328536
10/14/2019 21:00,0.008287375,0.002723928
10/14/2019 22:00,0.052484189,0.017250719
10/14/2019 23:00,0.070424669,0.023147469
10/15/2019 0:00,0.079505066,0.026132051
10/15/2019 1:00,0.084970811,0.027928555
10/15/2019 2:00,0.124700729,0.040987148
10/15/2019 3:00,0.134569099,0.044230724
10/15/2019 4:00,0.193993651,0.06376263
10/15/2019 5:00,0.287625241,0.094537845
10/15/2019 6:00,0.266246929,0.087511134
10/15/2019 7:00,0.277392665,0.09117456
10/15/2019 8:00,0.232938331,0.076563127
10/15/2019 9:00,0.211193334,0.069415892
10/15/2019 10:00,0.236045254,0.077584323
10/15/2019 11:00,0.337854674,0.111047461
10/15/2019 12:00,0.306820501,0.100847022
10/15/2019 13:00,0.238947244,0.078538161
10/15/2019 14:00,0.208063013,0.068387005
10/15/2019 15:00,0.178407024,0.058639553
10/15/2019 16:00,0.19716326,0.06480443
10/15/2019 17:00,0.205801478,0.067643675
10/15/2019 18:00,0.1597321,0.052501402
10/15/2019 19:00,0.165230506,0.054308641
10/15/2019 20:00,0.21266581,0.069899871
10/15/2019 21:00,0.196230701,0.064497912
10/15/2019 22:00,0.133762527,0.043965617
10/15/2019 23:00,0.107121262,0.035209056
10/16/2019 0:00,0.10111132,0.033233684
10/16/2019 1:00,0.041876278,0.013764067
10/16/2019 2:00,0,0
10/16/2019 3:00,0,0
10/16/2019 4:00,0.016141996,0.005305618
10/16/2019 5:00,0.033826206,0.011118136
10/16/2019 6:00,0.062235314,0.020455759
10/16/2019 7:00,0.074560759,0.024506936
10/16/2019 8:00,0.196122728,0.064462423
10/16/2019 9:00,0.412423763,0.135557136
10/16/2019 10:00,0.519716416,0.170822525
10/16/2019 11:00,0.625935669,0.205735105
10/16/2019 12:00,0.596316784,0.195999848
10/16/2019 13:00,0.464015535,0.152514531
10/16/2019 14:00,0.284358879,0.093464244
10/16/2019 15:00,0.091190252,0.029972786
10/16/2019 16:00,0.03934621,0.012932474
10/16/2019 17:00,0.123914296,0.040728659
10/16/2019 18:00,0.168101729,0.055252366
10/16/2019 19:00,0.120086656,0.039470575
10/16/2019 20:00,0.08968632,0.029478468
10/16/2019 21:00,0.070470862,0.023162652
10/16/2019 22:00,0.042743504,0.01404911
10/16/2019 23:00,0.044972907,0.01478188
10/17/2019 0:00,0.042600688,0.014002169
10/17/2019 1:00,0.033013105,0.010850883
10/17/2019 2:00,0.034006027,0.011177241
10/17/2019 3:00,0.030943259,0.010170557
10/17/2019 4:00,0.019207855,0.006313317
10/17/2019 5:00,0.009204014,0.003025213
10/17/2019 6:00,0,0
10/17/2019 7:00,0,0
10/17/2019 8:00,0,0
10/17/2019 9:00,0,0
10/17/2019 10:00,0.016281243,0.005351386
10/17/2019 11:00,0.032551622,0.010699201
10/17/2019 12:00,0.0328237,0.010788628
10/17/2019 13:00,0.034971894,0.011494706
10/17/2019 14:00,0.045748677,0.015036863
10/17/2019 15:00,0.064566958,0.021222133
10/17/2019 16:00,0.093315685,0.030671382
10/17/2019 17:00,0.113827274,0.037413216
10/17/2019 18:00,0.134610186,0.044244228
10/17/2019 19:00,0.1690521,0.055564738
10/17/2019 20:00,0.183287719,0.06024376
10/17/2019 21:00,0.148953041,0.048958497
10/17/2019 22:00,0.145194979,0.047723282
10/17/2019 23:00,0.13828529,0.045452177
10/18/2019 0:00,0.16756465,0.055075837
10/18/2019 1:00,0.207124738,0.068078609
10/18/2019 2:00,0.222997672,0.07329579
10/18/2019 3:00,0.22856935,0.075127112
10/18/2019 4:00,0.240676571,0.079106563
10/18/2019 5:00,0.244388665,0.08032667
10/18/2019 6:00,0.254736437,0.083727818
10/18/2019 7:00,0.248122698,0.081553987
10/18/2019 8:00,0.254843198,0.083762908
10/18/2019 9:00,0.227678026,0.074834148
10/18/2019 10:00,0.186169509,0.061190959
10/18/2019 11:00,0.217445833,0.071470989
10/18/2019 12:00,0.250783433,0.082428528
10/18/2019 13:00,0.302256108,0.099346778
10/18/2019 14:00,0.223761191,0.073546747
10/18/2019 15:00,0.279699757,0.091932864
10/18/2019 16:00,0.438399259,0.144094868
10/18/2019 17:00,0.539002449,0.177161538
10/18/2019 18:00,0.496971335,0.163346579
10/18/2019 19:00,0.496742234,0.163271277
10/18/2019 20:00,0.552588472,0.181627048
10/18/2019 21:00,0.629787293,0.207001073
10/18/2019 22:00,0.708490327,0.232869509
10/18/2019 23:00,0.684617368,0.225022847
10/19/2019 0:00,0.648470985,0.213142105
10/19/2019 1:00,0.606047567,0.199198202
10/19/2019 2:00,0.625019713,0.205434045
10/19/2019 3:00,0.596934195,0.196202782
10/19/2019 4:00,0.506705899,0.166546175
10/19/2019 5:00,0.427296927,0.140445708
10/19/2019 6:00,0.393191083,0.129235659
10/19/2019 7:00,0.347780906,0.114310056
10/19/2019 8:00,0.314880225,0.103496125
10/19/2019 9:00,0.309152609,0.101613549
10/19/2019 10:00,0.350992128,0.115365534
10/19/2019 11:00,0.410642984,0.134971822
10/19/2019 12:00,0.586706223,0.19284101
10/19/2019 13:00,0.651079932,0.213999625
10/19/2019 14:00,0.721296527,0.237078704
10/19/2019 15:00,0.778543957,0.255895024
10/19/2019 16:00,0.859821505,0.282609662
10/19/2019 17:00,0.895246497,0.294253294
10/19/2019 18:00,0.906066024,0.2978095
10/19/2019 19:00,0.905641029,0.297669811
10/19/2019 20:00,0.895270372,0.294261141
10/19/2019 21:00,0.870724267,0.286193227
10/19/2019 22:00,0.85535232,0.281140712
10/19/2019 23:00,0.860440211,0.282813021
10/20/2019 0:00,0.86415376,0.284033605
10/20/2019 1:00,0.866274686,0.28473072
10/20/2019 2:00,0.858093895,0.282041824
10/20/2019 3:00,0.866347976,0.284754809
10/20/2019 4:00,0.871495325,0.286446661
10/20/2019 5:00,0.858494941,0.282173641
10/20/2019 6:00,0.866722004,0.284877746
10/20/2019 7:00,0.858406348,0.282144522
10/20/2019 8:00,0.825511695,0.271332573
10/20/2019 9:00,0.772290318,0.253839552
10/20/2019 10:00,0.642664208,0.21123351
10/20/2019 11:00,0.576141698,0.189368618
10/20/2019 12:00,0.561887547,0.184683506
10/20/2019 13:00,0.538530281,0.177006344
10/20/2019 14:00,0.498789077,0.163944042
10/20/2019 15:00,0.409559278,0.134615625
10/20/2019 16:00,0.386423495,0.127011261
10/20/2019 17:00,0.299743353,0.098520876
10/20/2019 18:00,0.217824583,0.071595478
10/20/2019 19:00,0.187698501,0.061693514
10/20/2019 20:00,0.134617852,0.044246748
10/20/2019 21:00,0.084773377,0.027863662
10/20/2019 22:00,0.058907903,0.019362092
10/20/2019 23:00,0.044383241,0.014588066
10/21/2019 0:00,0.016376481,0.005382689
10/21/2019 1:00,0.010661256,0.003504185
10/21/2019 2:00,0.02917195,0.009588356
10/21/2019 3:00,0.013546064,0.004452376
10/21/2019 4:00,0.001767435,0.000580928
10/21/2019 5:00,0.012792285,0.004204621
10/21/2019 6:00,0.034410673,0.011310241
10/21/2019 7:00,0.070226531,0.023082345
10/21/2019 8:00,0.116989227,0.038452499
10/21/2019 9:00,0.162630448,0.053454043
10/21/2019 10:00,0.181141541,0.059538345
10/21/2019 11:00,0.235782016,0.077497801
10/21/2019 12:00,0.295999666,0.097290385
10/21/2019 13:00,0.354333602,0.116463823
10/21/2019 14:00,0.435066881,0.142999569
10/21/2019 15:00,0.548874707,0.180406392
10/21/2019 16:00,0.615015391,0.202145784
10/21/2019 17:00,0.62779226,0.206345337
10/21/2019 18:00,0.649181224,0.21337555
10/21/2019 19:00,0.68791744,0.226107528
10/21/2019 20:00,0.734221695,0.241327001
10/21/2019 21:00,0.761103029,0.250162468
10/21/2019 22:00,0.804765379,0.264513588
10/21/2019 23:00,0.852887457,0.280330551
10/22/2019 0:00,0.85550735,0.281191668
10/22/2019 1:00,0.857252884,0.281765397
10/22/2019 2:00,0.804056582,0.264280618
10/22/2019 3:00,0.816108299,0.268241826
10/22/2019 4:00,0.826519303,0.271663758
10/22/2019 5:00,0.83012339,0.272848364
10/22/2019 6:00,0.80994786,0.266216988
10/22/2019 7:00,0.835599325,0.274648216
10/22/2019 8:00,0.834168951,0.274178075
10/22/2019 9:00,0.811843774,0.266840144
10/22/2019 10:00,0.754358876,0.247945772
10/22/2019 11:00,0.745938249,0.245178046
10/22/2019 12:00,0.722106837,0.23734504
10/22/2019 13:00,0.704402364,0.231525861
10/22/2019 14:00,0.684233819,0.224896781
10/22/2019 15:00,0.648045406,0.213002224
10/22/2019 16:00,0.512315009,0.1683898
10/22/2019 17:00,0.453696375,0.149122787
10/22/2019 18:00,0.549834181,0.180721756
10/22/2019 19:00,0.600589626,0.197404264
10/22/2019 20:00,0.619006577,0.203457623
10/22/2019 21:00,0.66696062,0.219219355
10/22/2019 22:00,0.610345472,0.200610855
10/22/2019 23:00,0.669423339,0.220028811
10/23/2019 0:00,0.664003991,0.218247558
10/23/2019 1:00,0.712938276,0.234331479
10/23/2019 2:00,0.705932489,0.232028788
10/23/2019 3:00,0.664467753,0.218399989
10/23/2019 4:00,0.582598708,0.191490935
10/23/2019 5:00,0.428028047,0.140686016
10/23/2019 6:00,0.398459622,0.130967344
10/23/2019 7:00,0.510164454,0.167682947
10/23/2019 8:00,0.546002955,0.179462493
10/23/2019 9:00,0.598788476,0.196812255
10/23/2019 10:00,0.55576474,0.182671036
10/23/2019 11:00,0.642841327,0.211291726
10/23/2019 12:00,0.681839165,0.224109696
10/23/2019 13:00,0.747854897,0.245808018
10/23/2019 14:00,0.760939589,0.250108748
10/23/2019 15:00,0.746797367,0.245460424
10/23/2019 16:00,0.750897561,0.246808093
10/23/2019 17:00,0.802568551,0.263791526
10/23/2019 18:00,0.831398756,0.273267556
10/23/2019 19:00,0.859589055,0.282533259
10/23/2019 20:00,0.870185361,0.286016097
10/23/2019 21:00,0.870468741,0.286109239
10/23/2019 22:00,0.864917691,0.284284697
10/23/2019 23:00,0.867624357,0.285174335
10/24/2019 0:00,0.809972233,0.266224998
10/24/2019 1:00,0.762993278,0.250783763
10/24/2019 2:00,0.694624256,0.228311952
10/24/2019 3:00,0.608134211,0.199884049
10/24/2019 4:00,0.529051363,0.173890774
10/24/2019 5:00,0.626144558,0.205803764
10/24/2019 6:00,0.73349041,0.241086639
10/24/2019 7:00,0.708333679,0.232818022
10/24/2019 8:00,0.693809482,0.228044149
10/24/2019 9:00,0.630400246,0.207202541
10/24/2019 10:00,0.721057928,0.23700028
10/24/2019 11:00,0.672772839,0.221129739
10/24/2019 12:00,0.710571017,0.233553399
10/24/2019 13:00,0.827122504,0.27186202
10/24/2019 14:00,0.856959832,0.281669075
10/24/2019 15:00,0.83692169,0.275082857
10/24/2019 16:00,0.770821681,0.253356834
10/24/2019 17:00,0.752131767,0.247213757
10/24/2019 18:00,0.760281896,0.249892575
10/24/2019 19:00,0.766202801,0.251838682
10/24/2019 20:00,0.777191848,0.255450607
10/24/2019 21:00,0.765076418,0.251468458
10/24/2019 22:00,0.808887442,0.265868445
10/24/2019 23:00,0.839276374,0.275856804
10/25/2019 0:00,0.854402397,0.280828487
10/25/2019 1:00,0.870071748,0.285978754
10/25/2019 2:00,0.873060429,0.286961086
10/25/2019 3:00,0.876652364,0.288141698
10/25/2019 4:00,0.888920685,0.2921741
10/25/2019 5:00,0.896848447,0.294779829
10/25/2019 6:00,0.905822583,0.297729485
10/25/2019 7:00,0.907866657,0.29840134
10/25/2019 8:00,0.909538454,0.298950833
10/25/2019 9:00,0.91,0.299102536
10/25/2019 10:00,0.91,0.299102536
10/25/2019 11:00,0.91,0.299102536
10/25/2019 12:00,0.91,0.299102536
10/25/2019 13:00,0.91,0.299102536
10/25/2019 14:00,0.909635822,0.298982836
10/25/2019 15:00,0.908853018,0.298725541
10/25/2019 16:00,0.906708737,0.29802075
10/25/2019 17:00,0.89812897,0.295200717
10/25/2019 18:00,0.886652067,0.291428441
10/25/2019 19:00,0.876552021,0.288108717
10/25/2019 20:00,0.873456973,0.287091424
10/25/2019 21:00,0.867545022,0.285148259
10/25/2019 22:00,0.858870584,0.282297109
10/25/2019 23:00,0.876881818,0.288217116
10/26/2019 0:00,0.898553444,0.295340235
10/26/2019 1:00,0.904283958,0.297223763
10/26/2019 2:00,0.901368871,0.296265621
10/26/2019 3:00,0.893445616,0.293661373
10/26/2019 4:00,0.891290845,0.292953134
10/26/2019 5:00,0.870302658,0.28605465
10/26/2019 6:00,0.85609868,0.281386029
10/26/2019 7:00,0.828098699,0.27218288
10/26/2019 8:00,0.787690613,0.258901384
10/26/2019 9:00,0.76163481,0.250337256
10/26/2019 10:00,0.70403991,0.231406728
10/26/2019 11:00,0.713437715,0.234495637
10/26/2019 12:00,0.706678731,0.232274066
10/26/2019 13:00,0.677155523,0.222570257
10/26/2019 14:00,0.655478657,0.215445416
10/26/2019 15:00,0.673581844,0.221395646
10/26/2019 16:00,0.69347699,0.227934864
10/26/2019 17:00,0.692075424,0.227474191
10/26/2019 18:00,0.718943253,0.23630522
10/26/2019 19:00,0.730021137,0.239946344
10/26/2019 20:00,0.807316917,0.265352238
10/26/2019 21:00,0.807478153,0.265405234
10/26/2019 22:00,0.795475615,0.261460191
10/26/2019 23:00,0.821783752,0.270107257
10/27/2019 0:00,0.840603196,0.276292909
10/27/2019 1:00,0.877775227,0.288510765
10/27/2019 2:00,0.877658269,0.288472323
10/27/2019 3:00,0.874905544,0.287567546
10/27/2019 4:00,0.87571901,0.287834919
10/27/2019 5:00,0.859358287,0.282457409
10/27/2019 6:00,0.852299927,0.280137439
10/27/2019 7:00,0.853457082,0.280517777
10/27/2019 8:00,0.850093974,0.279412377
10/27/2019 9:00,0.838989674,0.27576257
10/27/2019 10:00,0.898074507,0.295182816
10/27/2019 11:00,0.907499114,0.298280534
10/27/2019 12:00,0.879081208,0.28894002
10/27/2019 13:00,0.837558487,0.275292162
10/27/2019 14:00,0.774000274,0.254401587
10/27/2019 15:00,0.744060139,0.244560741
10/27/2019 16:00,0.715879652,0.235298263
10/27/2019 17:00,0.694058689,0.228126059
10/27/2019 18:00,0.683287053,0.224585594
10/27/2019 19:00,0.660906063,0.217229318
10/27/2019 20:00,0.63170935,0.207632822
10/27/2019 21:00,0.575227597,0.189068168
10/27/2019 22:00,0.588836394,0.193541163
10/27/2019 23:00,0.618112958,0.203163905
10/28/2019 0:00,0.619776171,0.203710576
10/28/2019 1:00,0.622725577,0.204679999
10/28/2019 2:00,0.66965914,0.220106315
10/28/2019 3:00,0.685115781,0.225186667
10/28/2019 4:00,0.661114742,0.217297907
10/28/2019 5:00,0.650521293,0.213816009
10/28/2019 6:00,0.599473781,0.197037503
10/28/2019 7:00,0.529559446,0.174057773
10/28/2019 8:00,0.4661035,0.153200812
10/28/2019 9:00,0.4288907,0.140969556
10/28/2019 10:00,0.49701621,0.163361328
10/28/2019 11:00,0.433414399,0.142456424
10/28/2019 12:00,0.372095016,0.122301717
10/28/2019 13:00,0.346675593,0.113946757
10/28/2019 14:00,0.355159071,0.116735141
10/28/2019 15:00,0.369505439,0.121450564
10/28/2019 16:00,0.376043234,0.123599434
10/28/2019 17:00,0.373577698,0.122789051
10/28/2019 18:00,0.343841702,0.113015302
10/28/2019 19:00,0.355072931,0.116706829
10/28/2019 20:00,0.354317485,0.116458526
10/28/2019 21:00,0.327622061,0.107684164
10/28/2019 22:00,0.23994416,0.078865831
10/28/2019 23:00,0.192639046,0.063317392
10/29/2019 0:00,0.141093649,0.04637524
10/29/2019 1:00,0.122289205,0.040194518
10/29/2019 2:00,0.123271125,0.04051726
10/29/2019 3:00,0.121761619,0.040021109
10/29/2019 4:00,0.115877937,0.038087236
10/29/2019 5:00,0.10126272,0.033283446
10/29/2019 6:00,0.088231855,0.029000408
10/29/2019 7:00,0.074573948,0.024511271
10/29/2019 8:00,0.058067251,0.019085782
10/29/2019 9:00,0.044134105,0.014506179
10/29/2019 10:00,0.02092312,0.006877097
10/29/2019 11:00,0.007322421,0.002406763
10/29/2019 12:00,0,0
10/29/2019 13:00,0,0
10/29/2019 14:00,0,0
10/29/2019 15:00,0,0
10/29/2019 16:00,0,0
10/29/2019 17:00,0,0
10/29/2019 18:00,0,0
10/29/2019 19:00,0,0
10/29/2019 20:00,0,0
10/29/2019 21:00,0,0
10/29/2019 22:00,0,0
10/29/2019 23:00,0,0
10/30/2019 0:00,0,0
10/30/2019 1:00,0,0
10/30/2019 2:00,0,0
10/30/2019 3:00,0,0
10/30/2019 4:00,0,0
10/30/2019 5:00,0,0
10/30/2019 6:00,0,0
10/30/2019 7:00,0,0
10/30/2019 8:00,0,0
10/30/2019 9:00,0,0
10/30/2019 10:00,0,0
10/30/2019 11:00,0,0
10/30/2019 12:00,0,0
10/30/2019 13:00,0,0
10/30/2019 14:00,0,0
10/30/2019 15:00,0.004932486,0.00162123
10/30/2019 16:00,0.010832262,0.003560392
10/30/2019 17:00,0.01480646,0.004866648
10/30/2019 18:00,0.017820105,0.005857185
10/30/2019 19:00,0.020533493,0.006749033
10/30/2019 20:00,0.032449837,0.010665746
10/30/2019 21:00,0.045713895,0.015025431
10/30/2019 22:00,0.061975369,0.020370319
10/30/2019 23:00,0.077682881,0.025533128
10/31/2019 0:00,0.083885868,0.027571952
10/31/2019 1:00,0.079420493,0.026104254
10/31/2019 2:00,0.073645199,0.024206006
10/31/2019 3:00,0.082313652,0.027055189
10/31/2019 4:00,0.083515144,0.0274501
10/31/2019 5:00,0.069934722,0.022986432
10/31/2019 6:00,0.050386858,0.016561359
10/31/2019 7:00,0.042787775,0.014063662
10/31/2019 8:00,0.053602352,0.017618241
10/31/2019 9:00,0.072056632,0.02368387
10/31/2019 10:00,0.08592107,0.02824089
10/31/2019 11:00,0.118638672,0.038994646
10/31/2019 12:00,0.170330428,0.055984904
10/31/2019 13:00,0.251845793,0.082777709
10/31/2019 14:00,0.265850999,0.087380998
10/31/2019 15:00,0.288997412,0.094988856
10/31/2019 16:00,0.340302208,0.111851927
10/31/2019 17:00,0.38112356,0.125269256
10/31/2019 18:00,0.424903813,0.13965913
10/31/2019 19:00,0.48552225,0.159583446
10/31/2019 20:00,0.501783206,0.164928164
10/31/2019 21:00,0.484912871,0.159383153
10/31/2019 22:00,0.415212584,0.136473777
10/31/2019 23:00,0.359850855,0.118277256
11/01/2019 00:00,0.420644772,0.13825925
11/01/2019 01:00,0.365639493,0.120179889
11/01/2019 02:00,0.267115377,0.087796579
11/01/2019 03:00,0.191951323,0.063091349
11/01/2019 04:00,0.2037567,0.066971589
11/01/2019 05:00,0.220533318,0.072485796
11/01/2019 06:00,0.259615035,0.085331335
11/01/2019 07:00,0.29848027,0.09810572
11/01/2019 08:00,0.30699148,0.10090322
11/01/2019 09:00,0.333263962,0.109538567
11/01/2019 10:00,0.384662517,0.126432455
11/01/2019 11:00,0.496040966,0.163040781
11/01/2019 12:00,0.50756286,0.166827844
11/01/2019 13:00,0.561642249,0.18460288
11/01/2019 14:00,0.584259261,0.192036732
11/01/2019 15:00,0.652756871,0.214550808
11/01/2019 16:00,0.72097739,0.236973808
11/01/2019 17:00,0.756239331,0.248563848
11/01/2019 18:00,0.762382433,0.250582988
11/01/2019 19:00,0.784691526,0.257915632
11/01/2019 20:00,0.805402047,0.264722851
11/01/2019 21:00,0.798996649,0.262617498
11/01/2019 22:00,0.848401448,0.278856071
11/01/2019 23:00,0.887840301,0.291818995
11/02/2019 00:00,0.892828551,0.293458553
11/02/2019 01:00,0.895663248,0.294390273
11/02/2019 02:00,0.899642686,0.295698251
11/02/2019 03:00,0.909318782,0.29887863
11/02/2019 04:00,0.91,0.299102536
11/02/2019 05:00,0.91,0.299102536
11/02/2019 06:00,0.91,0.299102536
11/02/2019 07:00,0.91,0.299102536
11/02/2019 08:00,0.91,0.299102536
11/02/2019 09:00,0.91,0.299102536
11/02/2019 10:00,0.91,0.299102536
11/02/2019 11:00,0.91,0.299102536
11/02/2019 12:00,0.91,0.299102536
11/02/2019 13:00,0.91,0.299102536
11/02/2019 14:00,0.91,0.299102536
11/02/2019 15:00,0.91,0.299102536
11/02/2019 16:00,0.91,0.299102536
11/02/2019 17:00,0.91,0.299102536
11/02/2019 18:00,0.91,0.299102536
11/02/2019 19:00,0.91,0.299102536
11/02/2019 20:00,0.91,0.299102536
11/02/2019 21:00,0.91,0.299102536
11/02/2019 22:00,0.891335567,0.292967833
11/02/2019 23:00,0.883771579,0.290481671
11/03/2019 00:00,0.882556868,0.290082415
11/03/2019 01:00,0.880341844,0.289354371
11/03/2019 02:00,0.866965247,0.284957696
11/03/2019 03:00,0.85485929,0.280978661
11/03/2019 04:00,0.841371339,0.276545386
11/03/2019 05:00,0.82322782,0.270581899
11/03/2019 06:00,0.824345981,0.270949421
11/03/2019 07:00,0.827453527,0.271970822
11/03/2019 08:00,0.819598408,0.269388969
11/03/2019 09:00,0.834310398,0.274224567
11/03/2019 10:00,0.833689405,0.274020456
11/03/2019 11:00,0.859864952,0.282623942
11/03/2019 12:00,0.854251101,0.280778759
11/03/2019 13:00,0.827380855,0.271946936
11/03/2019 14:00,0.806554921,0.265101782
11/03/2019 15:00,0.807023533,0.265255808
11/03/2019 16:00,0.839568685,0.275952882
11/03/2019 17:00,0.852250147,0.280121077
11/03/2019 18:00,0.836568827,0.274966876
11/03/2019 19:00,0.840824284,0.276365578
11/03/2019 20:00,0.850301188,0.279480485
11/03/2019 21:00,0.870853843,0.286235816
11/03/2019 22:00,0.838668549,0.275657022
11/03/2019 23:00,0.852289444,0.280133993
11/04/2019 00:00,0.868278243,0.285389257
11/04/2019 01:00,0.875537661,0.287775313
11/04/2019 02:00,0.860800116,0.282931316
11/04/2019 03:00,0.821142067,0.269896346
11/04/2019 04:00,0.758959268,0.249457848
11/04/2019 05:00,0.723630998,0.237846007
11/04/2019 06:00,0.728568869,0.239469007
11/04/2019 07:00,0.725697975,0.23852539
11/04/2019 08:00,0.743770959,0.244465692
11/04/2019 09:00,0.792219442,0.260389939
11/04/2019 10:00,0.79470549,0.261207063
11/04/2019 11:00,0.819059277,0.269211766
11/04/2019 12:00,0.761807972,0.250394172
11/04/2019 13:00,0.721733222,0.237222238
11/04/2019 14:00,0.698110612,0.229457862
11/04/2019 15:00,0.6654342,0.218717645
11/04/2019 16:00,0.669237741,0.219967808
11/04/2019 17:00,0.692605537,0.227648431
11/04/2019 18:00,0.699034278,0.229761456
11/04/2019 19:00,0.660297056,0.217029147
11/04/2019 20:00,0.617493347,0.202960248
11/04/2019 21:00,0.594088234,0.19526736
11/04/2019 22:00,0.563757001,0.185297965
11/04/2019 23:00,0.569397458,0.187151894
11/05/2019 00:00,0.577571804,0.189838671
11/05/2019 01:00,0.561585508,0.18458423
11/05/2019 02:00,0.553820942,0.182032141
11/05/2019 03:00,0.509241132,0.167379466
11/05/2019 04:00,0.478458562,0.157261724
11/05/2019 05:00,0.478007504,0.157113469
11/05/2019 06:00,0.456038715,0.149892677
11/05/2019 07:00,0.452472245,0.148720435
11/05/2019 08:00,0.461488297,0.151683868
11/05/2019 09:00,0.407419674,0.133912371
11/05/2019 10:00,0.283979412,0.093339519
11/05/2019 11:00,0.224920302,0.073927728
11/05/2019 12:00,0.164324092,0.054010717
11/05/2019 13:00,0.135057856,0.04439137
11/05/2019 14:00,0.146704792,0.048219533
11/05/2019 15:00,0.194534918,0.063940536
11/05/2019 16:00,0.279551149,0.091884019
11/05/2019 17:00,0.333329676,0.109560166
11/05/2019 18:00,0.329823127,0.10840762
11/05/2019 19:00,0.298033898,0.097959005
11/05/2019 20:00,0.267455954,0.087908521
11/05/2019 21:00,0.24981739,0.082111005
11/05/2019 22:00,0.112338443,0.036923861
11/05/2019 23:00,0.070926994,0.023312576
11/06/2019 00:00,0.061845645,0.02032768
11/06/2019 01:00,0.04906392,0.016126531
11/06/2019 02:00,0.041877956,0.013764619
11/06/2019 03:00,0.040754957,0.013395506
11/06/2019 04:00,0.037955073,0.012475229
11/06/2019 05:00,0.035615407,0.011706218
11/06/2019 06:00,0.034915525,0.011476178
11/06/2019 07:00,0.036598182,0.012029241
11/06/2019 08:00,0.033844209,0.011124054
11/06/2019 09:00,0.025921327,0.008519928
11/06/2019 10:00,0.006797458,0.002234216
11/06/2019 11:00,0,0
11/06/2019 12:00,0,0
11/06/2019 13:00,0,0
11/06/2019 14:00,0,0
11/06/2019 15:00,0.013600005,0.004470105
11/06/2019 16:00,0.031958011,0.01050409
11/06/2019 17:00,0.051798145,0.017025227
11/06/2019 18:00,0.080885217,0.026585685
11/06/2019 19:00,0.105065251,0.034533278
11/06/2019 20:00,0.115348496,0.037913217
11/06/2019 21:00,0.114172392,0.037526651
11/06/2019 22:00,0.14140214,0.046476636
11/06/2019 23:00,0.147174212,0.048373824
11/07/2019 00:00,0.159680997,0.052484606
11/07/2019 01:00,0.176542291,0.058026645
11/07/2019 02:00,0.201379207,0.066190145
11/07/2019 03:00,0.218936585,0.071960975
11/07/2019 04:00,0.242981762,0.079864243
11/07/2019 05:00,0.267634042,0.087967056
11/07/2019 06:00,0.301253924,0.099017376
11/07/2019 07:00,0.350532484,0.115214456
11/07/2019 08:00,0.409525872,0.134604645
11/07/2019 09:00,0.460012375,0.151198756
11/07/2019 10:00,0.591966457,0.194569965
11/07/2019 11:00,0.606045322,0.199197464
11/07/2019 12:00,0.63630508,0.209143366
11/07/2019 13:00,0.701523768,0.230579712
11/07/2019 14:00,0.751295566,0.246938911
11/07/2019 15:00,0.737154817,0.242291071
11/07/2019 16:00,0.681274145,0.223923983
11/07/2019 17:00,0.649308153,0.213417269
11/07/2019 18:00,0.634901739,0.20868211
11/07/2019 19:00,0.62427304,0.205188625
11/07/2019 20:00,0.585140957,0.192326532
11/07/2019 21:00,0.525076743,0.17258438
11/07/2019 22:00,0.44072649,0.144859792
11/07/2019 23:00,0.434049861,0.14266529
11/08/2019 00:00,0.404464183,0.132940948
11/08/2019 01:00,0.342623411,0.112614869
11/08/2019 02:00,0.303554178,0.099773433
11/08/2019 03:00,0.276123101,0.090757274
11/08/2019 04:00,0.237310208,0.078000093
11/08/2019 05:00,0.208316731,0.068470398
11/08/2019 06:00,0.156847064,0.051553137
11/08/2019 07:00,0.124013951,0.040761415
11/08/2019 08:00,0.092072716,0.030262838
11/08/2019 09:00,0.069776902,0.022934558
11/08/2019 10:00,0.076041803,0.024993732
11/08/2019 11:00,0.048339512,0.015888429
11/08/2019 12:00,0.0210702,0.00692544
11/08/2019 13:00,0.013960842,0.004588707
11/08/2019 14:00,0.014462032,0.00475344
11/08/2019 15:00,0.016077719,0.005284491
11/08/2019 16:00,0.010790416,0.003546638
11/08/2019 17:00,0.005012384,0.001647491
11/08/2019 18:00,0,0
11/08/2019 19:00,0,0
11/08/2019 20:00,0,0
11/08/2019 21:00,0.017738408,0.005830333
11/08/2019 22:00,0.026182057,0.008605626
11/08/2019 23:00,0.045163582,0.014844552
11/09/2019 00:00,0.06111796,0.020088502
11/09/2019 01:00,0.065092789,0.021394965
11/09/2019 02:00,0.07807111,0.025660733
11/09/2019 03:00,0.11307411,0.037165663
11/09/2019 04:00,0.146119218,0.048027064
11/09/2019 05:00,0.144696647,0.047559488
11/09/2019 06:00,0.140916482,0.046317008
11/09/2019 07:00,0.139183073,0.045747264
11/09/2019 08:00,0.143426474,0.047142002
11/09/2019 09:00,0.149262785,0.049060305
11/09/2019 10:00,0.2254859,0.074113631
11/09/2019 11:00,0.243009943,0.079873506
11/09/2019 12:00,0.231015637,0.075931168
11/09/2019 13:00,0.209273732,0.068784949
11/09/2019 14:00,0.166905321,0.054859126
11/09/2019 15:00,0.147235052,0.048393821
11/09/2019 16:00,0.152979812,0.050282033
11/09/2019 17:00,0.164396701,0.054034583
11/09/2019 18:00,0.178074144,0.058530141
11/09/2019 19:00,0.197073451,0.064774911
11/09/2019 20:00,0.213358722,0.070127621
11/09/2019 21:00,0.243306975,0.079971135
11/09/2019 22:00,0.233246431,0.076664394
11/09/2019 23:00,0.216764317,0.071246985
11/10/2019 00:00,0.228217255,0.075011384
11/10/2019 01:00,0.259737924,0.085371727
11/10/2019 02:00,0.300490874,0.098766574
11/10/2019 03:00,0.318949835,0.104833741
11/10/2019 04:00,0.319229898,0.104925793
11/10/2019 05:00,0.300234241,0.098682223
11/10/2019 06:00,0.274483677,0.090218422
11/10/2019 07:00,0.212815442,0.069949053
11/10/2019 08:00,0.14477808,0.047586254
11/10/2019 09:00,0.112311872,0.036915127
11/10/2019 10:00,0.124667206,0.040976129
11/10/2019 11:00,0.114077325,0.037495404
11/10/2019 12:00,0.077093355,0.02533936
11/10/2019 13:00,0.056848918,0.018685336
11/10/2019 14:00,0.058834582,0.019337992
11/10/2019 15:00,0.127250066,0.041825074
11/10/2019 16:00,0.209591452,0.068889379
11/10/2019 17:00,0.223551568,0.073477847
11/10/2019 18:00,0.343590044,0.112932586
11/10/2019 19:00,0.432780237,0.142247985
11/10/2019 20:00,0.508968674,0.167289913
11/10/2019 21:00,0.577020769,0.189657555
11/10/2019 22:00,0.532610107,0.175060476
11/10/2019 23:00,0.685487062,0.225308701
11/11/2019 00:00,0.77906545,0.25606643
11/11/2019 01:00,0.826925596,0.2717973
11/11/2019 02:00,0.825369929,0.271285977
11/11/2019 03:00,0.801891843,0.263569103
11/11/2019 04:00,0.797461416,0.262112892
11/11/2019 05:00,0.860455266,0.282817969
11/11/2019 06:00,0.89092043,0.292831384
11/11/2019 07:00,0.906874419,0.298075207
11/11/2019 08:00,0.908998429,0.298773335
11/11/2019 09:00,0.90984339,0.29905106
11/11/2019 10:00,0.908008912,0.298448097
11/11/2019 11:00,0.91,0.299102536
11/11/2019 12:00,0.906652771,0.298002355
11/11/2019 13:00,0.882145235,0.289947117
11/11/2019 14:00,0.828529026,0.272324321
11/11/2019 15:00,0.662079275,0.217614934
11/11/2019 16:00,0.565539117,0.185883719
11/11/2019 17:00,0.517832981,0.17020347
11/11/2019 18:00,0.557446517,0.18322381
11/11/2019 19:00,0.576088634,0.189351177
11/11/2019 20:00,0.5555154,0.182589082
11/11/2019 21:00,0.42531569,0.139794507
11/11/2019 22:00,0.504079193,0.165682819
11/11/2019 23:00,0.618778789,0.203382753
11/12/2019 00:00,0.735593302,0.241777826
11/12/2019 01:00,0.838808656,0.275703073
11/12/2019 02:00,0.884579465,0.29074721
11/12/2019 03:00,0.901168951,0.29619991
11/12/2019 04:00,0.906002693,0.297788684
11/12/2019 05:00,0.896119265,0.294540159
11/12/2019 06:00,0.875337903,0.287709655
11/12/2019 07:00,0.86285543,0.283606865
11/12/2019 08:00,0.822621278,0.270382539
11/12/2019 09:00,0.776039989,0.255072009
11/12/2019 10:00,0.739551504,0.243078824
11/12/2019 11:00,0.752920849,0.247473116
11/12/2019 12:00,0.68225371,0.22424595
11/12/2019 13:00,0.511949,0.168269499
11/12/2019 14:00,0.431094252,0.141693829
11/12/2019 15:00,0.412503474,0.135583335
11/12/2019 16:00,0.350946255,0.115350456
11/12/2019 17:00,0.295153645,0.097012312
11/12/2019 18:00,0.239640257,0.078765943
11/12/2019 19:00,0.19742626,0.064890874
11/12/2019 20:00,0.155865184,0.051230408
11/12/2019 21:00,0.130056226,0.042747414
11/12/2019 22:00,0.111107332,0.036519214
11/12/2019 23:00,0.089920021,0.029555282
11/13/2019 0:00,0.079462693,0.026118124
11/13/2019 1:00,0.057299178,0.018833329
11/13/2019 2:00,0.043961638,0.014449492
11/13/2019 3:00,0.033104963,0.010881075
11/13/2019 4:00,0.022347022,0.007345111
11/13/2019 5:00,0.016725447,0.005497389
11/13/2019 6:00,0.014404776,0.004734621
11/13/2019 7:00,0.013632234,0.004480699
11/13/2019 8:00,0.012232017,0.00402047
11/13/2019 9:00,0.011969783,0.003934277
11/13/2019 10:00,0.018533975,0.006091823
11/13/2019 11:00,0.029009294,0.009534894
11/13/2019 12:00,0.023976436,0.007880673
11/13/2019 13:00,0.026212121,0.008615508
11/13/2019 14:00,0.029940383,0.009840928
11/13/2019 15:00,0.037850741,0.012440937
11/13/2019 16:00,0.04625303,0.015202636
11/13/2019 17:00,0.048071517,0.015800344
11/13/2019 18:00,0.063271836,0.020796447
11/13/2019 19:00,0.082995097,0.027279169
11/13/2019 20:00,0.095372892,0.031347554
11/13/2019 21:00,0.119983847,0.039436783
11/13/2019 22:00,0.126991414,0.041740059
11/13/2019 23:00,0.178228148,0.058580759
11/14/2019 0:00,0.232442174,0.076400048
11/14/2019 1:00,0.266291663,0.087525837
11/14/2019 2:00,0.337418005,0.110903935
11/14/2019 3:00,0.391644513,0.128727326
11/14/2019 4:00,0.417081653,0.13708811
11/14/2019 5:00,0.43784823,0.143913754
11/14/2019 6:00,0.452208784,0.148633839
11/14/2019 7:00,0.462778401,0.152107905
11/14/2019 8:00,0.436804741,0.143570775
11/14/2019 9:00,0.439756089,0.144540837
11/14/2019 10:00,0.648653604,0.213202129
11/14/2019 11:00,0.61435931,0.20193014
11/14/2019 12:00,0.642541371,0.211193136
11/14/2019 13:00,0.652002889,0.214302986
11/14/2019 14:00,0.657521888,0.216116993
11/14/2019 15:00,0.693780428,0.228034599
11/14/2019 16:00,0.735086671,0.241611305
11/14/2019 17:00,0.780554297,0.256555791
11/14/2019 18:00,0.750102085,0.246546633
11/14/2019 19:00,0.681395483,0.223963865
11/14/2019 20:00,0.636654588,0.209258244
11/14/2019 21:00,0.582106911,0.191329289
11/14/2019 22:00,0.553775908,0.182017339
11/14/2019 23:00,0.413042622,0.135760544
11/15/2019 0:00,0.302253451,0.099345905
11/15/2019 1:00,0.290741232,0.095562022
11/15/2019 2:00,0.312163238,0.102603094
11/15/2019 3:00,0.286608169,0.09420355
11/15/2019 4:00,0.22707398,0.074635608
11/15/2019 5:00,0.186866282,0.061419977
11/15/2019 6:00,0.170735659,0.056118097
11/15/2019 7:00,0.163499838,0.053739798
11/15/2019 8:00,0.140204063,0.046082847
11/15/2019 9:00,0.11712095,0.038495795
11/15/2019 10:00,0.155673797,0.051167503
11/15/2019 11:00,0.130668992,0.042948821
11/15/2019 12:00,0.09100471,0.029911802
11/15/2019 13:00,0.07537175,0.024773496
11/15/2019 14:00,0.058203634,0.019130609
11/15/2019 15:00,0.044873994,0.014749369
11/15/2019 16:00,0.036180703,0.011892022
11/15/2019 17:00,0.048905169,0.016074352
11/15/2019 18:00,0.062499741,0.020542671
11/15/2019 19:00,0.079616669,0.026168734
11/15/2019 20:00,0.068531005,0.022525052
11/15/2019 21:00,0.044351952,0.014577782
11/15/2019 22:00,0.028278438,0.009294673
11/15/2019 23:00,0.019955835,0.006559166
11/16/2019 0:00,0.008968744,0.002947884
11/16/2019 1:00,0,0
11/16/2019 2:00,0,0
11/16/2019 3:00,0,0
11/16/2019 4:00,0,0
11/16/2019 5:00,0,0
11/16/2019 6:00,0,0
11/16/2019 7:00,0,0
11/16/2019 8:00,0,0
11/16/2019 9:00,0,0
11/16/2019 10:00,0,0
11/16/2019 11:00,0.00565755,0.001859547
11/16/2019 12:00,0.003951356,0.001298748
11/16/2019 13:00,0,0
11/16/2019 14:00,0,0
11/16/2019 15:00,0,0
11/16/2019 16:00,0,0
11/16/2019 17:00,0,0
11/16/2019 18:00,0,0
11/16/2019 19:00,0,0
11/16/2019 20:00,0,0
11/16/2019 21:00,0,0
11/16/2019 22:00,0,0
11/16/2019 23:00,0,0
11/17/2019 0:00,0,0
11/17/2019 1:00,0,0
11/17/2019 2:00,0.009942084,0.003267805
11/17/2019 3:00,0.035731194,0.011744275
11/17/2019 4:00,0.047443199,0.015593826
11/17/2019 5:00,0.038977699,0.01281135
11/17/2019 6:00,0.018503838,0.006081917
11/17/2019 7:00,0.024116472,0.007926701
11/17/2019 8:00,0.062727388,0.020617495
11/17/2019 9:00,0.143051537,0.047018767
11/17/2019 10:00,0.165556674,0.054415847
11/17/2019 11:00,0.147128084,0.048358663
11/17/2019 12:00,0.123821822,0.040698265
11/17/2019 13:00,0.13053354,0.0429043
11/17/2019 14:00,0.118137112,0.038829791
11/17/2019 15:00,0.101713774,0.033431701
11/17/2019 16:00,0.150576374,0.049492061
11/17/2019 17:00,0.139554082,0.045869209
11/17/2019 18:00,0.130320756,0.042834361
11/17/2019 19:00,0.141271679,0.046433755
11/17/2019 20:00,0.179211512,0.058903976
11/17/2019 21:00,0.239920155,0.078857942
11/17/2019 22:00,0.281188522,0.092422198
11/17/2019 23:00,0.287235311,0.094409681
11/18/2019 0:00,0.232691439,0.076481977
11/18/2019 1:00,0.17132339,0.056311275
11/18/2019 2:00,0.155690229,0.051172904
11/18/2019 3:00,0.206607194,0.067908501
11/18/2019 4:00,0.279450642,0.091850984
11/18/2019 5:00,0.302306613,0.099363379
11/18/2019 6:00,0.235848022,0.077519496
11/18/2019 7:00,0.181658196,0.059708162
11/18/2019 8:00,0.157762734,0.051854103
11/18/2019 9:00,0.13245499,0.04353585
11/18/2019 10:00,0.110527227,0.036328543
11/18/2019 11:00,0.074421391,0.024461128
11/18/2019 12:00,0.060962285,0.020037334
11/18/2019 13:00,0.057614631,0.018937013
11/18/2019 14:00,0.056446427,0.018553043
11/18/2019 15:00,0.060469853,0.019875479
11/18/2019 16:00,0.049298709,0.016203702
11/18/2019 17:00,0.042219691,0.013876941
11/18/2019 18:00,0.0305657,0.01004646
11/18/2019 19:00,0.015986557,0.005254527
11/18/2019 20:00,0.002077281,0.000682769
11/18/2019 21:00,0,0
11/18/2019 22:00,0,0
11/18/2019 23:00,0,0
11/19/2019 0:00,0,0
11/19/2019 1:00,0,0
11/19/2019 2:00,0,0
11/19/2019 3:00,0,0
11/19/2019 4:00,0,0
11/19/2019 5:00,0,0
11/19/2019 6:00,0,0
11/19/2019 7:00,0,0
11/19/2019 8:00,0.000239451,7.87E-05
11/19/2019 9:00,0.010637937,0.003496521
11/19/2019 10:00,0.033614168,0.011048443
11/19/2019 11:00,0.070442644,0.023153377
11/19/2019 12:00,0.131297609,0.043155437
11/19/2019 13:00,0.170604971,0.056075142
11/19/2019 14:00,0.241153667,0.079263377
11/19/2019 15:00,0.369389797,0.121412555
11/19/2019 16:00,0.500552596,0.164523682
11/19/2019 17:00,0.586532657,0.192783961
11/19/2019 18:00,0.643637753,0.211553499
11/19/2019 19:00,0.678607941,0.223047644
11/19/2019 20:00,0.714117055,0.234718925
11/19/2019 21:00,0.738126383,0.24261041
11/19/2019 22:00,0.798129967,0.262332634
11/19/2019 23:00,0.801920077,0.263578383
11/20/2019 0:00,0.774593646,0.254596619
11/20/2019 1:00,0.730956328,0.240253727
11/20/2019 2:00,0.722278682,0.237401522
11/20/2019 3:00,0.665630594,0.218782196
11/20/2019 4:00,0.666981848,0.219226332
11/20/2019 5:00,0.70167496,0.230629406
11/20/2019 6:00,0.757494609,0.248976438
11/20/2019 7:00,0.80174501,0.263520841
11/20/2019 8:00,0.835349149,0.274565988
11/20/2019 9:00,0.852273184,0.280128649
11/20/2019 10:00,0.866093513,0.284671171
11/20/2019 11:00,0.879743851,0.28915782
11/20/2019 12:00,0.871373873,0.286406742
11/20/2019 13:00,0.874039342,0.287282839
11/20/2019 14:00,0.888406678,0.292005154
11/20/2019 15:00,0.879206057,0.288981056
11/20/2019 16:00,0.860173793,0.282725453
11/20/2019 17:00,0.858420122,0.28214905
11/20/2019 18:00,0.864825885,0.284254522
11/20/2019 19:00,0.865958826,0.284626902
11/20/2019 20:00,0.852023796,0.280046679
11/20/2019 21:00,0.830986102,0.273131923
11/20/2019 22:00,0.771073841,0.253439716
11/20/2019 23:00,0.766459454,0.25192304
11/21/2019 0:00,0.786281495,0.25843823
11/21/2019 1:00,0.846827052,0.278338592
11/21/2019 2:00,0.805859655,0.26487326
11/21/2019 3:00,0.835711123,0.274684963
11/21/2019 4:00,0.860607147,0.28286789
11/21/2019 5:00,0.890472109,0.292684028
11/21/2019 6:00,0.880258497,0.289326976
11/21/2019 7:00,0.863597131,0.28385065
11/21/2019 8:00,0.873649453,0.287154689
11/21/2019 9:00,0.863308291,0.283755713
11/21/2019 10:00,0.825232853,0.271240922
11/21/2019 11:00,0.839372677,0.275888457
11/21/2019 12:00,0.837133939,0.27515262
11/21/2019 13:00,0.797532663,0.26213631
11/21/2019 14:00,0.782774544,0.257285551
11/21/2019 15:00,0.732813537,0.240864162
11/21/2019 16:00,0.628419118,0.206551375
11/21/2019 17:00,0.476122288,0.156493828
11/21/2019 18:00,0.421195583,0.138440293
11/21/2019 19:00,0.430832535,0.141607806
11/21/2019 20:00,0.482649965,0.158639372
11/21/2019 21:00,0.51590162,0.169568662
11/21/2019 22:00,0.627419823,0.206222923
11/21/2019 23:00,0.615137279,0.202185846
11/22/2019 0:00,0.587665608,0.193156344
11/22/2019 1:00,0.532591816,0.175054465
11/22/2019 2:00,0.476837188,0.156728804
11/22/2019 3:00,0.452828916,0.148837667
11/22/2019 4:00,0.501220293,0.164743143
11/22/2019 5:00,0.51740766,0.170063674
11/22/2019 6:00,0.517496249,0.170092791
11/22/2019 7:00,0.539785664,0.177418968
11/22/2019 8:00,0.576621706,0.18952639
11/22/2019 9:00,0.393329598,0.129281187
11/22/2019 10:00,0.414751839,0.136322337
11/22/2019 11:00,0.431355103,0.141779566
11/22/2019 12:00,0.443563509,0.145792275
11/22/2019 13:00,0.44619618,0.146657592
11/22/2019 14:00,0.352604314,0.115895434
11/22/2019 15:00,0.305355149,0.100365384
11/22/2019 16:00,0.290926213,0.095622822
11/22/2019 17:00,0.316949459,0.104176249
11/22/2019 18:00,0.321431319,0.105649366
11/22/2019 19:00,0.374465805,0.123080958
11/22/2019 20:00,0.424236356,0.139439747
11/22/2019 21:00,0.440908198,0.144919517
11/22/2019 22:00,0.480515959,0.157937958
11/22/2019 23:00,0.410657757,0.134976677
11/23/2019 0:00,0.334785463,0.11003866
11/23/2019 1:00,0.2753086,0.090489561
11/23/2019 2:00,0.203225242,0.066796907
11/23/2019 3:00,0.212283552,0.069774229
11/23/2019 4:00,0.277304772,0.091145671
11/23/2019 5:00,0.286552118,0.094185126
11/23/2019 6:00,0.275480421,0.090546036
11/23/2019 7:00,0.292642344,0.096186887
11/23/2019 8:00,0.309661008,0.101780651
11/23/2019 9:00,0.294337678,0.096744116
11/23/2019 10:00,0.306275581,0.100667915
11/23/2019 11:00,0.321461745,0.105659366
11/23/2019 12:00,0.322676983,0.106058795
11/23/2019 13:00,0.322415866,0.105972971
11/23/2019 14:00,0.30819903,0.101300122
11/23/2019 15:00,0.338988953,0.111420281
11/23/2019 16:00,0.34921355,0.114780943
11/23/2019 17:00,0.361153842,0.118705527
11/23/2019 18:00,0.467771984,0.153749216
11/23/2019 19:00,0.561325192,0.184498669
11/23/2019 20:00,0.712881717,0.234312889
11/23/2019 21:00,0.762564746,0.250642911
11/23/2019 22:00,0.645857312,0.212283033
11/23/2019 23:00,0.669875918,0.220177567
11/24/2019 0:00,0.711416503,0.233831297
11/24/2019 1:00,0.791694925,0.260217538
11/24/2019 2:00,0.819499901,0.269356592
11/24/2019 3:00,0.791082387,0.260016206
11/24/2019 4:00,0.836920037,0.275082314
11/24/2019 5:00,0.858774027,0.282265373
11/24/2019 6:00,0.875593281,0.287793594
11/24/2019 7:00,0.871745334,0.286528835
11/24/2019 8:00,0.897917752,0.295131293
11/24/2019 9:00,0.892288798,0.293281145
11/24/2019 10:00,0.823824169,0.27077791
11/24/2019 11:00,0.790142974,0.259707436
11/24/2019 12:00,0.747527364,0.245700363
11/24/2019 13:00,0.698208421,0.22949001
11/24/2019 14:00,0.650215171,0.213715392
11/24/2019 15:00,0.660821804,0.217201623
11/24/2019 16:00,0.701974795,0.230727957
11/24/2019 17:00,0.677034053,0.222530332
11/24/2019 18:00,0.593495661,0.19507259
11/24/2019 19:00,0.509011913,0.167304125
11/24/2019 20:00,0.451873838,0.148523748
11/24/2019 21:00,0.388785212,0.127787519
11/24/2019 22:00,0.311495054,0.102383473
11/24/2019 23:00,0.318499759,0.104685808
11/25/2019 0:00,0.312711308,0.102783236
11/25/2019 1:00,0.305254276,0.100332229
11/25/2019 2:00,0.244708747,0.080431876
11/25/2019 3:00,0.193239241,0.063514667
11/25/2019 4:00,0.154688234,0.050843564
11/25/2019 5:00,0.164494019,0.054066569
11/25/2019 6:00,0.142926791,0.046977764
11/25/2019 7:00,0.128566567,0.042257787
11/25/2019 8:00,0.139081086,0.045713742
11/25/2019 9:00,0.195786463,0.064351898
11/25/2019 10:00,0.206536776,0.067885355
11/25/2019 11:00,0.287119716,0.094371687
11/25/2019 12:00,0.335327948,0.110216966
11/25/2019 13:00,0.408165961,0.134157664
11/25/2019 14:00,0.393650765,0.129386749
11/25/2019 15:00,0.37406923,0.12295061
11/25/2019 16:00,0.410478964,0.134917911
11/25/2019 17:00,0.400916427,0.131774857
11/25/2019 18:00,0.445735061,0.14650603
11/25/2019 19:00,0.437373607,0.143757752
11/25/2019 20:00,0.421726218,0.138614704
11/25/2019 21:00,0.410202466,0.13482703
11/25/2019 22:00,0.452140755,0.14861148
11/25/2019 23:00,0.442390032,0.145406572
11/26/2019 0:00,0.406729968,0.133685676
11/26/2019 1:00,0.440826828,0.144892772
11/26/2019 2:00,0.499904798,0.164310761
11/26/2019 3:00,0.490763537,0.161306174
11/26/2019 4:00,0.543716867,0.178711092
11/26/2019 5:00,0.591044629,0.194266975
11/26/2019 6:00,0.664086393,0.218274642
11/26/2019 7:00,0.694293451,0.228203222
11/26/2019 8:00,0.724656363,0.238183028
11/26/2019 9:00,0.731620202,0.240471931
11/26/2019 10:00,0.616816329,0.202737723
11/26/2019 11:00,0.554899478,0.182386638
11/26/2019 12:00,0.60845423,0.199989234
11/26/2019 13:00,0.673172437,0.22126108
11/26/2019 14:00,0.753987709,0.247823775
11/26/2019 15:00,0.818974307,0.269183837
11/26/2019 16:00,0.858388554,0.282138674
11/26/2019 17:00,0.886791664,0.291474325
11/26/2019 18:00,0.903056786,0.296820412
11/26/2019 19:00,0.897967112,0.295147517
11/26/2019 20:00,0.895052017,0.294189371
11/26/2019 21:00,0.888214544,0.291942003
11/26/2019 22:00,0.848432527,0.278866286
11/26/2019 23:00,0.862146338,0.283373798
11/27/2019 0:00,0.856949368,0.281665636
11/27/2019 1:00,0.832063608,0.273486082
11/27/2019 2:00,0.802665639,0.263823437
11/27/2019 3:00,0.789790099,0.259591452
11/27/2019 4:00,0.764338351,0.251225867
11/27/2019 5:00,0.780537765,0.256550357
11/27/2019 6:00,0.809300607,0.266004246
11/27/2019 7:00,0.828878687,0.272439249
11/27/2019 8:00,0.834191889,0.274185615
11/27/2019 9:00,0.845362504,0.277857218
11/27/2019 10:00,0.885691987,0.291112878
11/27/2019 11:00,0.867732062,0.285209736
11/27/2019 12:00,0.862882676,0.28361582
11/27/2019 13:00,0.87249609,0.286775597
11/27/2019 14:00,0.875664855,0.287817119
11/27/2019 15:00,0.856322774,0.281459685
11/27/2019 16:00,0.862674255,0.283547315
11/27/2019 17:00,0.876037137,0.287939482
11/27/2019 18:00,0.894479885,0.294001321
11/27/2019 19:00,0.899499847,0.295651302
11/27/2019 20:00,0.904541673,0.297308471
11/27/2019 21:00,0.897201217,0.294895779
11/27/2019 22:00,0.890618585,0.292732173
11/27/2019 23:00,0.889571853,0.292388129
11/28/2019 0:00,0.904907492,0.297428709
11/28/2019 1:00,0.904528081,0.297304003
11/28/2019 2:00,0.897421236,0.294968096
11/28/2019 3:00,0.8992768,0.29557799
11/28/2019 4:00,0.901686775,0.296370111
11/28/2019 5:00,0.884746307,0.290802048
11/28/2019 6:00,0.878461108,0.288736203
11/28/2019 7:00,0.87305458,0.286959163
11/28/2019 8:00,0.873729298,0.287180933
11/28/2019 9:00,0.865838489,0.284587349
11/28/2019 10:00,0.837921976,0.275411635
11/28/2019 11:00,0.809966147,0.266222998
11/28/2019 12:00,0.792550569,0.260498774
11/28/2019 13:00,0.797483947,0.262120298
11/28/2019 14:00,0.843254216,0.277164257
11/28/2019 15:00,0.857648719,0.281895502
11/28/2019 16:00,0.855023962,0.281032786
11/28/2019 17:00,0.832541958,0.273643308
11/28/2019 18:00,0.776177272,0.255117132
11/28/2019 19:00,0.741035413,0.243566562
11/28/2019 20:00,0.729822412,0.239881026
11/28/2019 21:00,0.71890069,0.23629123
11/28/2019 22:00,0.713750888,0.234598572
11/28/2019 23:00,0.691166726,0.227175517
11/29/2019 0:00,0.666867059,0.219188603
11/29/2019 1:00,0.655710921,0.215521757
11/29/2019 2:00,0.664611118,0.218447111
11/29/2019 3:00,0.679091244,0.223206498
11/29/2019 4:00,0.652280154,0.214394119
11/29/2019 5:00,0.628987267,0.206738117
11/29/2019 6:00,0.641037574,0.210698861
11/29/2019 7:00,0.621616226,0.204315373
11/29/2019 8:00,0.613105157,0.20151792
11/29/2019 9:00,0.599202995,0.1969485
11/29/2019 10:00,0.52913852,0.173919421
11/29/2019 11:00,0.483209656,0.158823333
11/29/2019 12:00,0.41737249,0.137183703
11/29/2019 13:00,0.356853842,0.117292186
11/29/2019 14:00,0.299555593,0.098459162
11/29/2019 15:00,0.256786638,0.084401686
11/29/2019 16:00,0.238407511,0.07836076
11/29/2019 17:00,0.247004019,0.081186295
11/29/2019 18:00,0.283181128,0.093077136
11/29/2019 19:00,0.30094474,0.098915753
11/29/2019 20:00,0.315428826,0.103676441
11/29/2019 21:00,0.297780478,0.09787571
11/29/2019 22:00,0.459748375,0.151111983
11/29/2019 23:00,0.369804237,0.121548775
11/30/2019 0:00,0.272782892,0.089659401
11/30/2019 1:00,0.204592607,0.067246338
11/30/2019 2:00,0.150552009,0.049484052
11/30/2019 3:00,0.107797158,0.035431212
11/30/2019 4:00,0.086360718,0.028385395
11/30/2019 5:00,0.066157521,0.021744926
11/30/2019 6:00,0.04846707,0.015930356
11/30/2019 7:00,0.027914718,0.009175124
11/30/2019 8:00,0.0135478,0.004452947
11/30/2019 9:00,0.004110464,0.001351044
11/30/2019 10:00,0.0077705,0.00255404
11/30/2019 11:00,0,0
11/30/2019 12:00,0,0
11/30/2019 13:00,0,0
11/30/2019 14:00,0,0
11/30/2019 15:00,0,0
11/30/2019 16:00,0.001088849,0.000357887
11/30/2019 17:00,0.014821799,0.00487169
11/30/2019 18:00,0.03713325,0.012205109
11/30/2019 19:00,0.058622353,0.019268236
11/30/2019 20:00,0.065188636,0.021426468
11/30/2019 21:00,0.075447163,0.024798283
11/30/2019 22:00,0.097898857,0.032177798
11/30/2019 23:00,0.130772713,0.042982912
12/01/2019 00:00,0.167972858,0.055210008
12/01/2019 01:00,0.256906194,0.084440982
12/01/2019 02:00,0.30464594,0.100132278
12/01/2019 03:00,0.393600022,0.129370071
12/01/2019 04:00,0.475686436,0.15635057
12/01/2019 05:00,0.537813713,0.176770819
12/01/2019 06:00,0.568114823,0.186730312
12/01/2019 07:00,0.581230761,0.191041313
12/01/2019 08:00,0.617257553,0.202882746
12/01/2019 09:00,0.607445172,0.199657573
12/01/2019 10:00,0.606333783,0.199292277
12/01/2019 11:00,0.545470161,0.179287372
12/01/2019 12:00,0.625845224,0.205705377
12/01/2019 13:00,0.683137547,0.224536453
12/01/2019 14:00,0.752771424,0.247424002
12/01/2019 15:00,0.775162336,0.254783539
12/01/2019 16:00,0.75968241,0.249695533
12/01/2019 17:00,0.740600402,0.243423581
12/01/2019 18:00,0.679321129,0.223282058
12/01/2019 19:00,0.618833965,0.203400888
12/01/2019 20:00,0.480940564,0.158077519
12/01/2019 21:00,0.4019429,0.132112243
12/01/2019 22:00,0.453618845,0.149097304
12/01/2019 23:00,0.425982672,0.140013733
12/02/2019 00:00,0.373440428,0.122743933
12/02/2019 01:00,0.332983686,0.109446445
12/02/2019 02:00,0.397386684,0.130614687
12/02/2019 03:00,0.60517505,0.19891142
12/02/2019 04:00,0.719685985,0.236549344
12/02/2019 05:00,0.754442278,0.247973185
12/02/2019 06:00,0.714363332,0.234799873
12/02/2019 07:00,0.643999882,0.211672525
12/02/2019 08:00,0.658190016,0.216336597
12/02/2019 09:00,0.666722983,0.219141247
12/02/2019 10:00,0.543585482,0.178667908
12/02/2019 11:00,0.371656893,0.122157713
12/02/2019 12:00,0.338291704,0.111191106
12/02/2019 13:00,0.393615245,0.129375075
12/02/2019 14:00,0.433346981,0.142434265
12/02/2019 15:00,0.492137586,0.161757802
12/02/2019 16:00,0.59847646,0.1967097
12/02/2019 17:00,0.656553794,0.215798796
12/02/2019 18:00,0.713183138,0.234411961
12/02/2019 19:00,0.749314996,0.246287929
12/02/2019 20:00,0.763217276,0.250857388
12/02/2019 21:00,0.800078383,0.262973047
12/02/2019 22:00,0.810694027,0.266462241
12/02/2019 23:00,0.862514441,0.283494787
12/03/2019 00:00,0.893389837,0.293643039
12/03/2019 01:00,0.902068461,0.296495565
12/03/2019 02:00,0.892004731,0.293187777
12/03/2019 03:00,0.872477397,0.286769452
12/03/2019 04:00,0.85292492,0.280342864
12/03/2019 05:00,0.828933745,0.272457346
12/03/2019 06:00,0.810167792,0.266289276
12/03/2019 07:00,0.780119803,0.256412979
12/03/2019 08:00,0.7076345,0.232588212
12/03/2019 09:00,0.631600909,0.20759718
12/03/2019 10:00,0.597408191,0.196358577
12/03/2019 11:00,0.555633987,0.18262806
12/03/2019 12:00,0.502063246,0.165020209
12/03/2019 13:00,0.386345829,0.126985733
12/03/2019 14:00,0.304018932,0.099926191
12/03/2019 15:00,0.245125766,0.080568943
12/03/2019 16:00,0.258158365,0.084852551
12/03/2019 17:00,0.362448233,0.119130973
12/03/2019 18:00,0.466321197,0.153272365
12/03/2019 19:00,0.496894317,0.163321264
12/03/2019 20:00,0.504552922,0.165838526
12/03/2019 21:00,0.522772804,0.171827111
12/03/2019 22:00,0.439394004,0.144421825
12/03/2019 23:00,0.636903874,0.20934018
12/04/2019 00:00,0.710738765,0.233608535
12/04/2019 01:00,0.69388898,0.228070279
12/04/2019 02:00,0.710022415,0.233373082
12/04/2019 03:00,0.712041117,0.234036597
12/04/2019 04:00,0.712171092,0.234079318
12/04/2019 05:00,0.729684583,0.239835724
12/04/2019 06:00,0.747341633,0.245639316
12/04/2019 07:00,0.750709754,0.246746364
12/04/2019 08:00,0.753914972,0.247799868
12/04/2019 09:00,0.760929702,0.250105498
12/04/2019 10:00,0.756528104,0.248658763
12/04/2019 11:00,0.838976024,0.275758084
12/04/2019 12:00,0.851779191,0.279966281
12/04/2019 13:00,0.769679079,0.252981279
12/04/2019 14:00,0.744234203,0.244617953
12/04/2019 15:00,0.812520385,0.267062536
12/04/2019 16:00,0.858595481,0.282206687
12/04/2019 17:00,0.87307275,0.286965136
12/04/2019 18:00,0.866138318,0.284685898
12/04/2019 19:00,0.866376937,0.284764328
12/04/2019 20:00,0.865049226,0.284327931
12/04/2019 21:00,0.8619553,0.283311007
12/04/2019 22:00,0.873062251,0.286961685
12/04/2019 23:00,0.88540835,0.291019651
12/05/2019 00:00,0.900583349,0.296007432
12/05/2019 01:00,0.909118233,0.298812713
12/05/2019 02:00,0.904831529,0.297403742
12/05/2019 03:00,0.906430613,0.297929335
12/05/2019 04:00,0.908055367,0.298463366
12/05/2019 05:00,0.905589715,0.297652945
12/05/2019 06:00,0.906797853,0.298050041
12/05/2019 07:00,0.90805556,0.298463429
12/05/2019 08:00,0.9075691,0.298303538
12/05/2019 09:00,0.901594072,0.296339641
12/05/2019 10:00,0.892477829,0.293343277
12/05/2019 11:00,0.814733162,0.26778984
12/05/2019 12:00,0.824930837,0.271141654
12/05/2019 13:00,0.795389021,0.261431729
12/05/2019 14:00,0.765262461,0.251529607
12/05/2019 15:00,0.751441885,0.246987004
12/05/2019 16:00,0.689587508,0.226656453
12/05/2019 17:00,0.495153306,0.162749021
12/05/2019 18:00,0.180537883,0.059339933
12/05/2019 19:00,0.164196119,0.053968655
12/05/2019 20:00,0.37792161,0.124216826
12/05/2019 21:00,0.133113096,0.043752159
12/05/2019 22:00,0.220126104,0.072351952
12/05/2019 23:00,0.270630519,0.08895195
12/06/2019 00:00,0.254406994,0.083619535
12/06/2019 01:00,0.13219773,0.043451292
12/06/2019 02:00,0.06589081,0.021657262
12/06/2019 03:00,0.0367465,0.012077991
12/06/2019 04:00,0.010368451,0.003407945
12/06/2019 05:00,0,0
12/06/2019 06:00,0,0
12/06/2019 07:00,0,0
12/06/2019 08:00,0,0
12/06/2019 09:00,0,0
12/06/2019 10:00,0.011571041,0.003803217
12/06/2019 11:00,0.001421081,0.000467087
12/06/2019 12:00,0,0
12/06/2019 13:00,0.008075247,0.002654205
12/06/2019 14:00,0.041442152,0.013621377
12/06/2019 15:00,0.113017859,0.037147174
12/06/2019 16:00,0.177590793,0.058371271
12/06/2019 17:00,0.191745015,0.063023539
12/06/2019 18:00,0.287524344,0.094504682
12/06/2019 19:00,0.34453064,0.113241745
12/06/2019 20:00,0.328223496,0.107881846
12/06/2019 21:00,0.371755206,0.122190027
12/06/2019 22:00,0.384988025,0.126539444
12/06/2019 23:00,0.429538949,0.141182625
12/07/2019 00:00,0.516077882,0.169626597
12/07/2019 01:00,0.545768859,0.179385549
12/07/2019 02:00,0.502231713,0.165075581
12/07/2019 03:00,0.439747334,0.144537959
12/07/2019 04:00,0.567511701,0.186532075
12/07/2019 05:00,0.38426191,0.126300782
12/07/2019 06:00,0.252852653,0.083108648
12/07/2019 07:00,0.177191719,0.058240101
12/07/2019 08:00,0.102252495,0.03360877
12/07/2019 09:00,0.056415714,0.018542949
12/07/2019 10:00,0.005762226,0.001893952
12/07/2019 11:00,0,0
12/07/2019 12:00,0,0
12/07/2019 13:00,0.051110464,0.016799197
12/07/2019 14:00,0.236649584,0.077782957
12/07/2019 15:00,0.614321624,0.201917753
12/07/2019 16:00,0.792077208,0.260343188
12/07/2019 17:00,0.844651243,0.277623438
12/07/2019 18:00,0.864790573,0.284242916
12/07/2019 19:00,0.86035498,0.282785007
12/07/2019 20:00,0.823776706,0.27076231
12/07/2019 21:00,0.818175576,0.268921307
12/07/2019 22:00,0.745201127,0.244935766
12/07/2019 23:00,0.78571294,0.258251355
12/08/2019 00:00,0.850571949,0.27956948
12/08/2019 01:00,0.894420775,0.293981892
12/08/2019 02:00,0.91,0.299102536
12/08/2019 03:00,0.91,0.299102536
12/08/2019 04:00,0.91,0.299102536
12/08/2019 05:00,0.91,0.299102536
12/08/2019 06:00,0.91,0.299102536
12/08/2019 07:00,0.91,0.299102536
12/08/2019 08:00,0.90687189,0.298074376
12/08/2019 09:00,0.905006162,0.297461141
12/08/2019 10:00,0.904146142,0.297178466
12/08/2019 11:00,0.885606579,0.291084806
12/08/2019 12:00,0.861757642,0.283246039
12/08/2019 13:00,0.830799402,0.273070558
12/08/2019 14:00,0.793011057,0.26065013
12/08/2019 15:00,0.740369274,0.243347612
12/08/2019 16:00,0.740378778,0.243350736
12/08/2019 17:00,0.765153416,0.251493766
12/08/2019 18:00,0.737749875,0.242486658
12/08/2019 19:00,0.68834451,0.226247899
12/08/2019 20:00,0.63894734,0.210011835
12/08/2019 21:00,0.568935778,0.187000147
12/08/2019 22:00,0.91,0.299102536
12/08/2019 23:00,0.91,0.299102536
12/09/2019 00:00,0.91,0.299102536
12/09/2019 01:00,0.91,0.299102536
12/09/2019 02:00,0.91,0.299102536
12/09/2019 03:00,0.91,0.299102536
12/09/2019 04:00,0.91,0.299102536
12/09/2019 05:00,0.91,0.299102536
12/09/2019 06:00,0.91,0.299102536
12/09/2019 07:00,0.908735499,0.298686914
12/09/2019 08:00,0.907296364,0.298213894
12/09/2019 09:00,0.906165981,0.297842355
12/09/2019 10:00,0.9068637,0.298071684
12/09/2019 11:00,0.868728835,0.28553736
12/09/2019 12:00,0.825475602,0.27132071
12/09/2019 13:00,0.727385089,0.239079917
12/09/2019 14:00,0.439600828,0.144489805
12/09/2019 15:00,0.321498406,0.105671416
12/09/2019 16:00,0.161602202,0.053116075
12/09/2019 17:00,0.080914665,0.026595364
12/09/2019 18:00,0.015148188,0.004978969
12/09/2019 19:00,0.025201302,0.008283267
12/09/2019 20:00,0.125331511,0.041194476
12/09/2019 21:00,0.478890588,0.157403724
12/09/2019 22:00,0.767210921,0.252170035
12/09/2019 23:00,0.864078011,0.284008708
12/10/2019 00:00,0.875144623,0.287646127
12/10/2019 01:00,0.863500746,0.28381897
12/10/2019 02:00,0.863405484,0.283787659
12/10/2019 03:00,0.885578499,0.291075577
12/10/2019 04:00,0.908236728,0.298522976
12/10/2019 05:00,0.91,0.299102536
12/10/2019 06:00,0.91,0.299102536
12/10/2019 07:00,0.91,0.299102536
12/10/2019 08:00,0.91,0.299102536
12/10/2019 09:00,0.91,0.299102536
12/10/2019 10:00,0.91,0.299102536
12/10/2019 11:00,0.91,0.299102536
12/10/2019 12:00,0.91,0.299102536
12/10/2019 13:00,0.91,0.299102536
12/10/2019 14:00,0.91,0.299102536
12/10/2019 15:00,0.9045725,0.297318603
12/10/2019 16:00,0.90452686,0.297303601
12/10/2019 17:00,0.876738806,0.28817011
12/10/2019 18:00,0.875044478,0.287613211
12/10/2019 19:00,0.900154717,0.295866548
12/10/2019 20:00,0.908773551,0.298699422
12/10/2019 21:00,0.91,0.299102536
12/10/2019 22:00,0.91,0.299102536
12/10/2019 23:00,0.909017433,0.298779582
12/11/2019 00:00,0.91,0.299102536
12/11/2019 01:00,0.91,0.299102536
12/11/2019 02:00,0.91,0.299102536
12/11/2019 03:00,0.91,0.299102536
12/11/2019 04:00,0.91,0.299102536
12/11/2019 05:00,0.91,0.299102536
12/11/2019 06:00,0.91,0.299102536
12/11/2019 07:00,0.91,0.299102536
12/11/2019 08:00,0.91,0.299102536
12/11/2019 09:00,0.91,0.299102536
12/11/2019 10:00,0.906582226,0.297979168
12/11/2019 11:00,0.91,0.299102536
12/11/2019 12:00,0.91,0.299102536
12/11/2019 13:00,0.91,0.299102536
12/11/2019 14:00,0.91,0.299102536
12/11/2019 15:00,0.91,0.299102536
12/11/2019 16:00,0.91,0.299102536
12/11/2019 17:00,0.91,0.299102536
12/11/2019 18:00,0.91,0.299102536
12/11/2019 19:00,0.91,0.299102536
12/11/2019 20:00,0.91,0.299102536
12/11/2019 21:00,0.91,0.299102536
12/11/2019 22:00,0.90621554,0.297858644
12/11/2019 23:00,0.903814396,0.297069426
12/12/2019 00:00,0.906122855,0.29782818
12/12/2019 01:00,0.906460249,0.297939076
12/12/2019 02:00,0.905603144,0.297657359
12/12/2019 03:00,0.896525149,0.294673566
12/12/2019 04:00,0.870296868,0.286052747
12/12/2019 05:00,0.844914187,0.277709864
12/12/2019 06:00,0.799861916,0.262901898
12/12/2019 07:00,0.74678892,0.245457648
12/12/2019 08:00,0.684677881,0.225042737
12/12/2019 09:00,0.574387543,0.188792056
12/12/2019 10:00,0.38204983,0.125573707
12/12/2019 11:00,0.26796524,0.088075915
12/12/2019 12:00,0.181139535,0.059537686
12/12/2019 13:00,0.116385257,0.038253984
12/12/2019 14:00,0.058004482,0.019065151
12/12/2019 15:00,0.029371916,0.009654082
12/12/2019 16:00,0.039895762,0.013113103
12/12/2019 17:00,0.071186307,0.023397808
12/12/2019 18:00,0.096165354,0.031608023
12/12/2019 19:00,0.092587094,0.030431906
12/12/2019 20:00,0.077310806,0.025410833
12/12/2019 21:00,0.06392904,0.021012459
12/12/2019 22:00,0.07308288,0.024021181
12/12/2019 23:00,0.123312186,0.040530756
12/13/2019 0:00,0.169501597,0.055712481
12/13/2019 1:00,0.192554447,0.063289586
12/13/2019 2:00,0.249965147,0.082159571
12/13/2019 3:00,0.280337368,0.092142437
12/13/2019 4:00,0.288321289,0.094766625
12/13/2019 5:00,0.420339696,0.138158977
12/13/2019 6:00,0.556984194,0.183071851
12/13/2019 7:00,0.639698601,0.210258762
12/13/2019 8:00,0.676504292,0.222356208
12/13/2019 9:00,0.666053351,0.21892115
12/13/2019 10:00,0.62876869,0.206666274
12/13/2019 11:00,0.643587602,0.211537015
12/13/2019 12:00,0.603642564,0.198407716
12/13/2019 13:00,0.590522435,0.194095338
12/13/2019 14:00,0.425198523,0.139755996
12/13/2019 15:00,0.279846379,0.091981057
12/13/2019 16:00,0.17614816,0.0578971
12/13/2019 17:00,0.141662621,0.046562252
12/13/2019 18:00,0.132734667,0.043627775
12/13/2019 19:00,0.089386846,0.029380036
12/13/2019 20:00,0.068448608,0.02249797
12/13/2019 21:00,0.051514552,0.016932014
12/13/2019 22:00,0.102323991,0.03363227
12/13/2019 23:00,0.070303631,0.023107686
12/14/2019 0:00,0.124329755,0.040865214
12/14/2019 1:00,0.151770302,0.049884486
12/14/2019 2:00,0.199084629,0.065435953
12/14/2019 3:00,0.229437561,0.07541248
12/14/2019 4:00,0.220220138,0.072382859
12/14/2019 5:00,0.20204822,0.066410038
12/14/2019 6:00,0.242459795,0.079692681
12/14/2019 7:00,0.439551515,0.144473596
12/14/2019 8:00,0.683649601,0.224704757
12/14/2019 9:00,0.757092097,0.248844138
12/14/2019 10:00,0.800446585,0.263094069
12/14/2019 11:00,0.756649207,0.248698568
12/14/2019 12:00,0.704285853,0.231487565
12/14/2019 13:00,0.634880209,0.208675033
12/14/2019 14:00,0.605277098,0.198944961
12/14/2019 15:00,0.547432923,0.1799325
12/14/2019 16:00,0.473420637,0.155605838
12/14/2019 17:00,0.403946505,0.132770796
12/14/2019 18:00,0.30883495,0.101509139
12/14/2019 19:00,0.21016851,0.069079049
12/14/2019 20:00,0.152720761,0.050196887
12/14/2019 21:00,0.128415184,0.04220803
12/14/2019 22:00,0.067177449,0.02208016
12/14/2019 23:00,0.047951014,0.015760736
12/15/2019 0:00,0.046276682,0.01521041
12/15/2019 1:00,0.075334655,0.024761304
12/15/2019 2:00,0.116843129,0.038404479
12/15/2019 3:00,0.170834486,0.05615058
12/15/2019 4:00,0.220922704,0.072613781
12/15/2019 5:00,0.241270197,0.079301679
12/15/2019 6:00,0.238189189,0.078289
12/15/2019 7:00,0.259038582,0.085141864
12/15/2019 8:00,0.281536224,0.092536482
12/15/2019 9:00,0.302773675,0.099516895
12/15/2019 10:00,0.187596038,0.061659836
12/15/2019 11:00,0.256894117,0.084437013
12/15/2019 12:00,0.341322256,0.1121872
12/15/2019 13:00,0.36219784,0.119048673
12/15/2019 14:00,0.303292983,0.099687583
12/15/2019 15:00,0.246268909,0.080944676
12/15/2019 16:00,0.217578111,0.071514467
12/15/2019 17:00,0.187475453,0.061620202
12/15/2019 18:00,0.221372224,0.072761531
12/15/2019 19:00,0.319905986,0.105148013
12/15/2019 20:00,0.349418261,0.114848229
12/15/2019 21:00,0.310783406,0.102149566
12/15/2019 22:00,0.293926225,0.096608878
12/15/2019 23:00,0.264510238,0.086940311
12/16/2019 0:00,0.278257866,0.091458938
12/16/2019 1:00,0.257275715,0.084562438
12/16/2019 2:00,0.208605908,0.068565446
12/16/2019 3:00,0.184681382,0.060701835
12/16/2019 4:00,0.118704021,0.039016125
12/16/2019 5:00,0.06786949,0.022307623
12/16/2019 6:00,0.084099287,0.027642099
12/16/2019 7:00,0.096843878,0.031831043
12/16/2019 8:00,0.0743701,0.02444427
12/16/2019 9:00,0.068440402,0.022495272
12/16/2019 10:00,0.050555896,0.016616919
12/16/2019 11:00,0.036972881,0.012152398
12/16/2019 12:00,0.029214746,0.009602423
12/16/2019 13:00,0.030514544,0.010029646
12/16/2019 14:00,0.016307033,0.005359862
12/16/2019 15:00,0.011871302,0.003901908
12/16/2019 16:00,0.015265791,0.005017623
12/16/2019 17:00,0.015327913,0.005038041
12/16/2019 18:00,0.004255733,0.001398792
12/16/2019 19:00,0,0
12/16/2019 20:00,0,0
12/16/2019 21:00,0,0
12/16/2019 22:00,0,0
12/16/2019 23:00,0.002832648,0.000931046
12/17/2019 0:00,0,0
12/17/2019 1:00,0,0
12/17/2019 2:00,0,0
12/17/2019 3:00,0,0
12/17/2019 4:00,0,0
12/17/2019 5:00,0,0
12/17/2019 6:00,0,0
12/17/2019 7:00,0,0
12/17/2019 8:00,0,0
12/17/2019 9:00,0,0
12/17/2019 10:00,0,0
12/17/2019 11:00,0,0
12/17/2019 12:00,0,0
12/17/2019 13:00,0,0
12/17/2019 14:00,0,0
12/17/2019 15:00,0,0
12/17/2019 16:00,0,0
12/17/2019 17:00,0,0
12/17/2019 18:00,0,0
12/17/2019 19:00,0.003709916,0.00121939
12/17/2019 20:00,0.020426503,0.006713867
12/17/2019 21:00,0.046782735,0.015376741
12/17/2019 22:00,0.047114587,0.015485816
12/17/2019 23:00,0.115561443,0.03798321
12/18/2019 0:00,0.226248509,0.074364289
12/18/2019 1:00,0.2359302,0.077546507
12/18/2019 2:00,0.202569321,0.066581316
12/18/2019 3:00,0.188599697,0.061989723
12/18/2019 4:00,0.178764525,0.058757058
12/18/2019 5:00,0.154326548,0.050724683
12/18/2019 6:00,0.172188137,0.056595504
12/18/2019 7:00,0.1968548,0.064703044
12/18/2019 8:00,0.184385635,0.060604627
12/18/2019 9:00,0.158390028,0.052060285
12/18/2019 10:00,0.178817811,0.058774572
12/18/2019 11:00,0.199824955,0.065679286
12/18/2019 12:00,0.171320072,0.056310184
12/18/2019 13:00,0.08248876,0.027112744
12/18/2019 14:00,0.080455494,0.026444442
12/18/2019 15:00,0.123043015,0.040442283
12/18/2019 16:00,0.315691477,0.103762771
12/18/2019 17:00,0.553521935,0.181933862
12/18/2019 18:00,0.616249459,0.202551402
12/18/2019 19:00,0.769116432,0.252796346
12/18/2019 20:00,0.883572939,0.290416381
12/18/2019 21:00,0.901428665,0.296285274
12/18/2019 22:00,0.907247643,0.29819788
12/18/2019 23:00,0.91,0.299102536
12/19/2019 0:00,0.91,0.299102536
12/19/2019 1:00,0.91,0.299102536
12/19/2019 2:00,0.91,0.299102536
12/19/2019 3:00,0.91,0.299102536
12/19/2019 4:00,0.91,0.299102536
12/19/2019 5:00,0.91,0.299102536
12/19/2019 6:00,0.88292704,0.290204084
12/19/2019 7:00,0.842828355,0.277024284
12/19/2019 8:00,0.725737644,0.238538428
12/19/2019 9:00,0.530795928,0.174464185
12/19/2019 10:00,0.480785675,0.158026609
12/19/2019 11:00,0.485415594,0.15954839
12/19/2019 12:00,0.301680358,0.099157538
12/19/2019 13:00,0.336227446,0.110512617
12/19/2019 14:00,0.348324026,0.114488571
12/19/2019 15:00,0.264681682,0.086996662
12/19/2019 16:00,0.119469995,0.039267888
12/19/2019 17:00,0.197979888,0.065072842
12/19/2019 18:00,0.191099054,0.062811221
12/19/2019 19:00,0.139824158,0.045957978
12/19/2019 20:00,0.190808284,0.06271565
12/19/2019 21:00,0.383985366,0.126209886
12/19/2019 22:00,0.421165541,0.138430419
12/19/2019 23:00,0.548978576,0.180440532
12/20/2019 0:00,0.77643389,0.255201479
12/20/2019 1:00,0.866007177,0.284642794
12/20/2019 2:00,0.904555774,0.297313105
12/20/2019 3:00,0.901423627,0.296283618
12/20/2019 4:00,0.863471971,0.283809512
12/20/2019 5:00,0.838641136,0.275648011
12/20/2019 6:00,0.813735387,0.267461888
12/20/2019 7:00,0.844848458,0.277688259
12/20/2019 8:00,0.822138939,0.270224002
12/20/2019 9:00,0.786090064,0.258375309
12/20/2019 10:00,0.770577535,0.253276587
12/20/2019 11:00,0.775962847,0.255046654
12/20/2019 12:00,0.645429568,0.21214244
12/20/2019 13:00,0.531366696,0.174651787
12/20/2019 14:00,0.42288631,0.138996008
12/20/2019 15:00,0.344505884,0.113233608
12/20/2019 16:00,0.242994353,0.079868382
12/20/2019 17:00,0.100711532,0.03310228
12/20/2019 18:00,0.039317712,0.012923107
12/20/2019 19:00,0,0
12/20/2019 20:00,0,0
12/20/2019 21:00,0.032535262,0.010693823
12/20/2019 22:00,0,0
12/20/2019 23:00,0.040201372,0.013213552
12/21/2019 0:00,0.06540517,0.02149764
12/21/2019 1:00,0.130629519,0.042935847
12/21/2019 2:00,0.293090187,0.096334086
12/21/2019 3:00,0.507961099,0.166958739
12/21/2019 4:00,0.617144201,0.202845489
12/21/2019 5:00,0.648129253,0.213029783
12/21/2019 6:00,0.630437258,0.207214706
12/21/2019 7:00,0.639305306,0.210129493
12/21/2019 8:00,0.666969558,0.219222292
12/21/2019 9:00,0.714173344,0.234737426
12/21/2019 10:00,0.701604311,0.230606185
12/21/2019 11:00,0.65917778,0.216661259
12/21/2019 12:00,0.593729074,0.195149309
12/21/2019 13:00,0.483153862,0.158804995
12/21/2019 14:00,0.365130593,0.120012622
12/21/2019 15:00,0.344467777,0.113221083
12/21/2019 16:00,0.367268366,0.120715274
12/21/2019 17:00,0.307337616,0.101016989
12/21/2019 18:00,0.218462125,0.071805028
12/21/2019 19:00,0.180322802,0.059269239
12/21/2019 20:00,0.189186176,0.062182489
12/21/2019 21:00,0.180492248,0.059324933
12/21/2019 22:00,0.137070816,0.045052998
12/21/2019 23:00,0.111415022,0.036620347
12/22/2019 0:00,0.086999354,0.028595305
12/22/2019 1:00,0.051959127,0.017078139
12/22/2019 2:00,0.02880803,0.009468742
12/22/2019 3:00,0.018257102,0.006000819
12/22/2019 4:00,0.011332095,0.003724679
12/22/2019 5:00,0.00452638,0.001487749
12/22/2019 6:00,0,0
12/22/2019 7:00,0,0
12/22/2019 8:00,0,0
12/22/2019 9:00,0,0
12/22/2019 10:00,0,0
12/22/2019 11:00,0,0
12/22/2019 12:00,0.002673775,0.000878827
12/22/2019 13:00,0.012754872,0.004192324
12/22/2019 14:00,0.022045479,0.007245998
12/22/2019 15:00,0.027892041,0.00916767
12/22/2019 16:00,0.020197194,0.006638497
12/22/2019 17:00,0.012209145,0.004012952
12/22/2019 18:00,0.004248273,0.00139634
12/22/2019 19:00,0.003844037,0.001263474
12/22/2019 20:00,0.000575239,0.000189072
12/22/2019 21:00,0,0
12/22/2019 22:00,0,0
12/22/2019 23:00,0,0
12/23/2019 0:00,0,0
12/23/2019 1:00,0,0
12/23/2019 2:00,0.001375071,0.000451964
12/23/2019 3:00,0.006662342,0.002189806
12/23/2019 4:00,0.021702606,0.007133302
12/23/2019 5:00,0.034892237,0.011468524
12/23/2019 6:00,0.029417081,0.009668927
12/23/2019 7:00,0.012765788,0.004195912
12/23/2019 8:00,0.004555157,0.001497208
12/23/2019 9:00,0.000783547,0.000257539
12/23/2019 10:00,0,0
12/23/2019 11:00,0,0
12/23/2019 12:00,0,0
12/23/2019 13:00,0,0
12/23/2019 14:00,0,0
12/23/2019 15:00,0,0
12/23/2019 16:00,0,0
12/23/2019 17:00,0,0
12/23/2019 18:00,0,0
12/23/2019 19:00,0,0
12/23/2019 20:00,0,0
12/23/2019 21:00,0,0
12/23/2019 22:00,0.001263188,0.00041519
12/23/2019 23:00,0.00463055,0.001521988
12/24/2019 0:00,0.00161517,0.000530881
12/24/2019 1:00,0,0
12/24/2019 2:00,0,0
12/24/2019 3:00,0,0
12/24/2019 4:00,0,0
12/24/2019 5:00,0,0
12/24/2019 6:00,0,0
12/24/2019 7:00,0,0
12/24/2019 8:00,0,0
12/24/2019 9:00,0,0
12/24/2019 10:00,0,0
12/24/2019 11:00,0,0
12/24/2019 12:00,0,0
12/24/2019 13:00,0.000352716,0.000115932
12/24/2019 14:00,0.006332333,0.002081337
12/24/2019 15:00,0.005451234,0.001791734
12/24/2019 16:00,0.000584329,0.00019206
12/24/2019 17:00,0,0
12/24/2019 18:00,0,0
12/24/2019 19:00,0.012399172,0.004075411
12/24/2019 20:00,0.027647428,0.00908727
12/24/2019 21:00,0.049756745,0.016354251
12/24/2019 22:00,0.036835692,0.012107306
12/24/2019 23:00,0.034411592,0.011310543
12/25/2019 0:00,0.034020667,0.011182053
12/25/2019 1:00,0.049340716,0.016217509
12/25/2019 2:00,0.082579653,0.027142619
12/25/2019 3:00,0.077823713,0.025579417
12/25/2019 4:00,0.076173998,0.025037182
12/25/2019 5:00,0.095732756,0.031465835
12/25/2019 6:00,0.118076321,0.03880981
12/25/2019 7:00,0.110375234,0.036278585
12/25/2019 8:00,0.093901731,0.030864006
12/25/2019 9:00,0.087484388,0.028754728
12/25/2019 10:00,0.065411579,0.021499746
12/25/2019 11:00,0.053833597,0.017694248
12/25/2019 12:00,0.056424562,0.018545857
12/25/2019 13:00,0.064362569,0.021154953
12/25/2019 14:00,0.053556792,0.017603266
12/25/2019 15:00,0.03229801,0.010615842
12/25/2019 16:00,0.013888088,0.004564794
12/25/2019 17:00,0,0
12/25/2019 18:00,0,0
12/25/2019 19:00,0,0
12/25/2019 20:00,0,0
12/25/2019 21:00,0,0
12/25/2019 22:00,0,0
12/25/2019 23:00,0,0
12/26/2019 0:00,0,0
12/26/2019 1:00,0.006864153,0.002256138
12/26/2019 2:00,0.019627815,0.006451351
12/26/2019 3:00,0.036038715,0.011845353
12/26/2019 4:00,0.084970938,0.027928597
12/26/2019 5:00,0.180395263,0.059293056
12/26/2019 6:00,0.315821094,0.103805374
12/26/2019 7:00,0.412518722,0.135588347
12/26/2019 8:00,0.492815878,0.161980746
12/26/2019 9:00,0.600586414,0.197403208
12/26/2019 10:00,0.620056324,0.203802658
12/26/2019 11:00,0.619638072,0.203665185
12/26/2019 12:00,0.631301806,0.207498869
12/26/2019 13:00,0.653564746,0.214816344
12/26/2019 14:00,0.690956035,0.227106266
12/26/2019 15:00,0.773072842,0.254096755
12/26/2019 16:00,0.798242379,0.262369582
12/26/2019 17:00,0.776849513,0.255338087
12/26/2019 18:00,0.776149453,0.255107988
12/26/2019 19:00,0.804450456,0.264410078
12/26/2019 20:00,0.811418833,0.266700473
12/26/2019 21:00,0.803518091,0.264103625
12/26/2019 22:00,0.804192409,0.264325262
12/26/2019 23:00,0.858540768,0.282188704
12/27/2019 0:00,0.863392941,0.283783536
12/27/2019 1:00,0.848988982,0.279049184
12/27/2019 2:00,0.879039688,0.288926373
12/27/2019 3:00,0.893163786,0.29356874
12/27/2019 4:00,0.903146658,0.296849951
12/27/2019 5:00,0.909615937,0.2989763
12/27/2019 6:00,0.91,0.299102536
12/27/2019 7:00,0.91,0.299102536
12/27/2019 8:00,0.91,0.299102536
12/27/2019 9:00,0.91,0.299102536
12/27/2019 10:00,0.91,0.299102536
12/27/2019 11:00,0.91,0.299102536
12/27/2019 12:00,0.91,0.299102536
12/27/2019 13:00,0.91,0.299102536
12/27/2019 14:00,0.909550619,0.298954831
12/27/2019 15:00,0.906684321,0.298012725
12/27/2019 16:00,0.906976643,0.298108806
12/27/2019 17:00,0.888424673,0.292011069
12/27/2019 18:00,0.856920233,0.28165606
12/27/2019 19:00,0.796007433,0.261634991
12/27/2019 20:00,0.735848763,0.241861792
12/27/2019 21:00,0.641079889,0.21071277
12/27/2019 22:00,0.451048335,0.148252418
12/27/2019 23:00,0.42321073,0.13910264
12/28/2019 0:00,0.521877924,0.171532978
12/28/2019 1:00,0.594810751,0.195504839
12/28/2019 2:00,0.606714993,0.199417575
12/28/2019 3:00,0.588772181,0.193520058
12/28/2019 4:00,0.430332465,0.141443441
12/28/2019 5:00,0.5937725,0.195163583
12/28/2019 6:00,0.738492592,0.242730777
12/28/2019 7:00,0.832120013,0.273504622
12/28/2019 8:00,0.803285176,0.264027069
12/28/2019 9:00,0.777643227,0.255598968
12/28/2019 10:00,0.81154207,0.266740979
12/28/2019 11:00,0.762739526,0.250700359
12/28/2019 12:00,0.731356884,0.240385383
12/28/2019 13:00,0.70663337,0.232259157
12/28/2019 14:00,0.683804256,0.22475559
12/28/2019 15:00,0.63971071,0.210262742
12/28/2019 16:00,0.591416027,0.194389048
12/28/2019 17:00,0.558057504,0.183424631
12/28/2019 18:00,0.611591486,0.2010204
12/28/2019 19:00,0.6639433,0.218227609
12/28/2019 20:00,0.704869003,0.231679238
12/28/2019 21:00,0.755076322,0.248181585
12/28/2019 22:00,0.773347072,0.25418689
12/28/2019 23:00,0.772394166,0.253873685
12/29/2019 0:00,0.776901072,0.255355034
12/29/2019 1:00,0.868455713,0.285447589
12/29/2019 2:00,0.906215651,0.297858681
12/29/2019 3:00,0.90833424,0.298555027
12/29/2019 4:00,0.91,0.299102536
12/29/2019 5:00,0.909242768,0.298853646
12/29/2019 6:00,0.89512128,0.294212137
12/29/2019 7:00,0.86795844,0.285284143
12/29/2019 8:00,0.846750682,0.27831349
12/29/2019 9:00,0.817139038,0.268580613
12/29/2019 10:00,0.794508287,0.261142245
12/29/2019 11:00,0.774560916,0.254585861
12/29/2019 12:00,0.766275066,0.251862435
12/29/2019 13:00,0.728791081,0.239542044
12/29/2019 14:00,0.694153628,0.228157264
12/29/2019 15:00,0.625484439,0.205586793
12/29/2019 16:00,0.561536697,0.184568187
12/29/2019 17:00,0.541638828,0.178028074
12/29/2019 18:00,0.536209743,0.17624362
12/29/2019 19:00,0.605409752,0.198988562
12/29/2019 20:00,0.627655262,0.206300308
12/29/2019 21:00,0.667091501,0.219262373
12/29/2019 22:00,0.650513743,0.213813528
12/29/2019 23:00,0.671910806,0.220846402
12/30/2019 0:00,0.768613539,0.252631053
12/30/2019 1:00,0.808605815,0.265775879
12/30/2019 2:00,0.809095813,0.265936933
12/30/2019 3:00,0.812624443,0.267096738
12/30/2019 4:00,0.823607655,0.270706745
12/30/2019 5:00,0.83048719,0.272967939
12/30/2019 6:00,0.745418426,0.245007188
12/30/2019 7:00,0.745797304,0.24513172
12/30/2019 8:00,0.78750046,0.258838884
12/30/2019 9:00,0.795459192,0.261454793
12/30/2019 10:00,0.792040864,0.260331243
12/30/2019 11:00,0.829116749,0.272517497
12/30/2019 12:00,0.857284958,0.281775939
12/30/2019 13:00,0.89856847,0.295345173
12/30/2019 14:00,0.909155888,0.298825089
12/30/2019 15:00,0.90960465,0.29897259
12/30/2019 16:00,0.91,0.299102536
12/30/2019 17:00,0.90991915,0.299075962
12/30/2019 18:00,0.909898807,0.299069275
12/30/2019 19:00,0.906877679,0.298076279
12/30/2019 20:00,0.886457819,0.291364595
12/30/2019 21:00,0.864457304,0.284133376
12/30/2019 22:00,0.846442239,0.27821211
12/30/2019 23:00,0.750220016,0.246585395
12/31/2019 0:00,0.711504712,0.23386029
12/31/2019 1:00,0.621063202,0.204133603
12/31/2019 2:00,0.410733025,0.135001417
12/31/2019 3:00,0.372350557,0.122385709
12/31/2019 4:00,0.236467121,0.077722984
12/31/2019 5:00,0.176232934,0.057924964
12/31/2019 6:00,0.100591218,0.033062735
12/31/2019 7:00,0.119256263,0.039197638
12/31/2019 8:00,0.209693165,0.06892281
12/31/2019 9:00,0.283910726,0.093316943
12/31/2019 10:00,0.288754897,0.094909145
12/31/2019 11:00,0.291922945,0.095950432
12/31/2019 12:00,0.302390762,0.099391037
12/31/2019 13:00,0.293053378,0.096321987
12/31/2019 14:00,0.304113374,0.099957232
12/31/2019 15:00,0.343447304,0.11288567
12/31/2019 16:00,0.333744939,0.109696657
12/31/2019 17:00,0.281619471,0.092563844
12/31/2019 18:00,0.217078063,0.071350109
12/31/2019 19:00,0.193854433,0.063716871
12/31/2019 20:00,0.201581526,0.066256643
12/31/2019 21:00,0.209732985,0.068935899
12/31/2019 22:00,0.158624598,0.052137384
12/31/2019 23:00,0.21538073,0.070792222
