DateTime,ActivePower,ReactivePower
01/01/2019 00:00,0.91,0.299102536
01/01/2019 01:00,0.91,0.299102536
01/01/2019 02:00,0.91,0.299102536
01/01/2019 03:00,0.91,0.299102536
01/01/2019 04:00,0.91,0.299102536
01/01/2019 05:00,0.91,0.299102536
01/01/2019 06:00,0.909802109,0.299037492
01/01/2019 07:00,0.908483813,0.298604189
01/01/2019 08:00,0.905439675,0.29760363
01/01/2019 09:00,0.886570998,0.291401795
01/01/2019 10:00,0.870071784,0.285978766
01/01/2019 11:00,0.852065755,0.28006047
01/01/2019 12:00,0.808746595,0.265822151
01/01/2019 13:00,0.791433016,0.260131453
01/01/2019 14:00,0.752786563,0.247428978
01/01/2019 15:00,0.710796361,0.233627466
01/01/2019 16:00,0.631797787,0.20766189
01/01/2019 17:00,0.523140261,0.171947888
01/01/2019 18:00,0.431132604,0.141706434
01/01/2019 19:00,0.368155223,0.12100677
01/01/2019 20:00,0.321459604,0.105658662
01/01/2019 21:00,0.270672249,0.088965666
01/01/2019 22:00,0.228632862,0.075147988
01/01/2019 23:00,0.174381228,0.057316338
01/02/2019 00:00,0.130442242,0.042874292
01/02/2019 01:00,0.097898969,0.032177835
01/02/2019 02:00,0.078196421,0.025701921
01/02/2019 03:00,0.069333065,0.022788676
01/02/2019 04:00,0.05712689,0.018776701
01/02/2019 05:00,0.045611985,0.014991934
01/02/2019 06:00,0.033334827,0.010956628
01/02/2019 07:00,0.025340635,0.008329064
01/02/2019 08:00,0.019468737,0.006399064
01/02/2019 09:00,0.015516685,0.005100088
01/02/2019 10:00,0.018446419,0.006063045
01/02/2019 11:00,0.024283281,0.007981529
01/02/2019 12:00,0.032409986,0.010652647
01/02/2019 13:00,0.035363908,0.011623554
01/02/2019 14:00,0.031592766,0.01038404
01/02/2019 15:00,0.028007485,0.009205615
01/02/2019 16:00,0.028698707,0.009432809
01/02/2019 17:00,0.023820744,0.0078295
01/02/2019 18:00,0.030699149,0.010090322
01/02/2019 19:00,0.043528726,0.0143072
01/02/2019 20:00,0.046035297,0.01513107
01/02/2019 21:00,0.042275344,0.013895234
01/02/2019 22:00,0.021746342,0.007147677
01/02/2019 23:00,0.02062014,0.006777512
01/03/2019 00:00,0.019658569,0.006461459
01/03/2019 01:00,0.019161959,0.006298231
01/03/2019 02:00,0.014739742,0.004844719
01/03/2019 03:00,0.017137398,0.00563279
01/03/2019 04:00,0.02382156,0.007829768
01/03/2019 05:00,0.037869196,0.012447003
01/03/2019 06:00,0.057816483,0.019003359
01/03/2019 07:00,0.078606042,0.025836557
01/03/2019 08:00,0.082375917,0.027075655
01/03/2019 09:00,0.091202815,0.029976916
01/03/2019 10:00,0.096095187,0.031584961
01/03/2019 11:00,0.097132423,0.031925883
01/03/2019 12:00,0.111266168,0.036571421
01/03/2019 13:00,0.121091844,0.039800965
01/03/2019 14:00,0.116821746,0.038397451
01/03/2019 15:00,0.112288366,0.036907401
01/03/2019 16:00,0.110327862,0.036263015
01/03/2019 17:00,0.118467116,0.038938258
01/03/2019 18:00,0.150422612,0.049441522
01/03/2019 19:00,0.219052989,0.071999236
01/03/2019 20:00,0.273144595,0.089778287
01/03/2019 21:00,0.300758002,0.098854375
01/03/2019 22:00,0.312802397,0.102813176
01/03/2019 23:00,0.292396736,0.09610616
01/04/2019 00:00,0.319038837,0.104862995
01/04/2019 01:00,0.300181626,0.098664929
01/04/2019 02:00,0.308680876,0.101458497
01/04/2019 03:00,0.355471155,0.116837718
01/04/2019 04:00,0.416355134,0.136849315
01/04/2019 05:00,0.478676775,0.157333447
01/04/2019 06:00,0.552811658,0.181700405
01/04/2019 07:00,0.602226577,0.197942303
01/04/2019 08:00,0.605192522,0.198917162
01/04/2019 09:00,0.616492359,0.202631239
01/04/2019 10:00,0.63057615,0.207260358
01/04/2019 11:00,0.677858427,0.22280129
01/04/2019 12:00,0.685220613,0.225221124
01/04/2019 13:00,0.673998655,0.221532645
01/04/2019 14:00,0.60272528,0.198106219
01/04/2019 15:00,0.538819435,0.177101384
01/04/2019 16:00,0.560923831,0.184366747
01/04/2019 17:00,0.563415169,0.185185611
01/04/2019 18:00,0.555577582,0.18260952
01/04/2019 19:00,0.594803804,0.195502556
01/04/2019 20:00,0.569696435,0.187250163
01/04/2019 21:00,0.522461954,0.17172494
01/04/2019 22:00,0.545018219,0.179138826
01/04/2019 23:00,0.488706211,0.160629964
01/05/2019 00:00,0.484688965,0.159309559
01/05/2019 01:00,0.417800033,0.13732423
01/05/2019 02:00,0.400481685,0.131631964
01/05/2019 03:00,0.404667744,0.133007855
01/05/2019 04:00,0.391100238,0.128548432
01/05/2019 05:00,0.334320232,0.109885746
01/05/2019 06:00,0.319970127,0.105169095
01/05/2019 07:00,0.305959385,0.100563987
01/05/2019 08:00,0.277081483,0.091072279
01/05/2019 09:00,0.268318503,0.088192027
01/05/2019 10:00,0.262223973,0.086188852
01/05/2019 11:00,0.284330748,0.093454998
01/05/2019 12:00,0.28206392,0.092709927
01/05/2019 13:00,0.270353056,0.088860752
01/05/2019 14:00,0.263857835,0.086725876
01/05/2019 15:00,0.250583311,0.082362751
01/05/2019 16:00,0.230384873,0.075723846
01/05/2019 17:00,0.180879724,0.05945229
01/05/2019 18:00,0.171617191,0.056407843
01/05/2019 19:00,0.16707808,0.054915909
01/05/2019 20:00,0.150184633,0.049363302
01/05/2019 21:00,0.171857405,0.056486797
01/05/2019 22:00,0.190081652,0.062476818
01/05/2019 23:00,0.23104857,0.075941993
01/06/2019 00:00,0.313027929,0.102887305
01/06/2019 01:00,0.404705875,0.133020389
01/06/2019 02:00,0.397244832,0.130568062
01/06/2019 03:00,0.389381712,0.12798358
01/06/2019 04:00,0.397685927,0.130713043
01/06/2019 05:00,0.32093051,0.105484758
01/06/2019 06:00,0.298863316,0.098231621
01/06/2019 07:00,0.215325455,0.070774055
01/06/2019 08:00,0.148011796,0.048649125
01/06/2019 09:00,0.111968451,0.03680225
01/06/2019 10:00,0.106406777,0.034974216
01/06/2019 11:00,0.078276406,0.025728211
01/06/2019 12:00,0.061353811,0.020166022
01/06/2019 13:00,0.060019927,0.019727596
01/06/2019 14:00,0.033637918,0.011056249
01/06/2019 15:00,0.009217465,0.003029634
01/06/2019 16:00,0.001098824,0.000361166
01/06/2019 17:00,0,0
01/06/2019 18:00,0,0
01/06/2019 19:00,0,0
01/06/2019 20:00,0.014386863,0.004728733
01/06/2019 21:00,0.054325408,0.017855898
01/06/2019 22:00,0.184025782,0.060486349
01/06/2019 23:00,0.445475641,0.146420762
01/07/2019 00:00,0.580587553,0.1908299
01/07/2019 01:00,0.638993296,0.21002694
01/07/2019 02:00,0.655030819,0.215298219
01/07/2019 03:00,0.684993386,0.225146438
01/07/2019 04:00,0.685149221,0.225197658
01/07/2019 05:00,0.730462905,0.240091546
01/07/2019 06:00,0.858494353,0.282173448
01/07/2019 07:00,0.905388987,0.297586969
01/07/2019 08:00,0.91,0.299102536
01/07/2019 09:00,0.91,0.299102536
01/07/2019 10:00,0.91,0.299102536
01/07/2019 11:00,0.91,0.299102536
01/07/2019 12:00,0.91,0.299102536
01/07/2019 13:00,0,0
01/07/2019 14:00,0.91,0.299102536
01/07/2019 15:00,0,0
01/07/2019 16:00,0,0
01/07/2019 17:00,0,0
01/07/2019 18:00,0,0
01/07/2019 19:00,0.91,0.299102536
01/07/2019 20:00,0.91,0.299102536
01/07/2019 21:00,0.91,0.299102536
01/07/2019 22:00,0.91,0.299102536
01/07/2019 23:00,0.91,0.299102536
01/08/2019 00:00,0.91,0.299102536
01/08/2019 01:00,0.91,0.299102536
01/08/2019 02:00,0.91,0.299102536
01/08/2019 03:00,0.91,0.299102536
01/08/2019 04:00,0.91,0.299102536
01/08/2019 05:00,0.90853257,0.298620215
01/08/2019 06:00,0.89009778,0.292560992
01/08/2019 07:00,0.874239379,0.287348588
01/08/2019 08:00,0.877369829,0.288377517
01/08/2019 09:00,0.862133189,0.283369476
01/08/2019 10:00,0.858257804,0.282095698
01/08/2019 11:00,0.85971411,0.282574363
01/08/2019 12:00,0.865475457,0.284468026
01/08/2019 13:00,0.862789461,0.283585182
01/08/2019 14:00,0.822082295,0.270205383
01/08/2019 15:00,0.756856348,0.248766652
01/08/2019 16:00,0.675207123,0.221929849
01/08/2019 17:00,0.654233483,0.215036147
01/08/2019 18:00,0.611476527,0.200982615
01/08/2019 19:00,0.541663243,0.178036098
01/08/2019 20:00,0.479028309,0.157448991
01/08/2019 21:00,0.368854935,0.121236754
01/08/2019 22:00,0.318547293,0.104701432
01/08/2019 23:00,0.259852975,0.085409542
01/09/2019 00:00,0.225086921,0.073982493
01/09/2019 01:00,0.208870557,0.068652432
01/09/2019 02:00,0.199299453,0.065506562
01/09/2019 03:00,0.140663967,0.04623401
01/09/2019 04:00,0.101514303,0.033366138
01/09/2019 05:00,0.088769332,0.029177069
01/09/2019 06:00,0.07746183,0.025460472
01/09/2019 07:00,0.057316947,0.018839169
01/09/2019 08:00,0.036506965,0.011999259
01/09/2019 09:00,0.015610933,0.005131065
01/09/2019 10:00,0,0
01/09/2019 11:00,0,0
01/09/2019 12:00,0.013004079,0.004274234
01/09/2019 13:00,0.052960482,0.017407269
01/09/2019 14:00,0.122310005,0.040201355
01/09/2019 15:00,0.168622395,0.055423501
01/09/2019 16:00,0.176295549,0.057945545
01/09/2019 17:00,0.17075115,0.056123189
01/09/2019 18:00,0.241034553,0.079224226
01/09/2019 19:00,0.390726792,0.128425686
01/09/2019 20:00,0.459869907,0.151151929
01/09/2019 21:00,0.528783994,0.173802894
01/09/2019 22:00,0.488340741,0.16050984
01/09/2019 23:00,0.501118729,0.164709761
01/10/2019 00:00,0.576675953,0.18954422
01/10/2019 01:00,0.654092939,0.214989952
01/10/2019 02:00,0.689447476,0.226610427
01/10/2019 03:00,0.718823894,0.236265989
01/10/2019 04:00,0.714013887,0.234685016
01/10/2019 05:00,0.706117076,0.232089459
01/10/2019 06:00,0.716909686,0.235636819
01/10/2019 07:00,0.748503224,0.246021112
01/10/2019 08:00,0.741500813,0.243719531
01/10/2019 09:00,0.725994931,0.238622994
01/10/2019 10:00,0.698345502,0.229535066
01/10/2019 11:00,0.661393167,0.217389421
01/10/2019 12:00,0.676558854,0.222374142
01/10/2019 13:00,0.763652458,0.251000425
01/10/2019 14:00,0.82483855,0.271111321
01/10/2019 15:00,0.852420746,0.28017715
01/10/2019 16:00,0.86122628,0.283071389
01/10/2019 17:00,0.853630885,0.280574904
01/10/2019 18:00,0.835384104,0.274577477
01/10/2019 19:00,0.833762435,0.27404446
01/10/2019 20:00,0.836943717,0.275090097
01/10/2019 21:00,0.833860212,0.274076598
01/10/2019 22:00,0.859658479,0.282556078
01/10/2019 23:00,0.853913334,0.28066774
01/11/2019 00:00,0.844218959,0.277481353
01/11/2019 01:00,0.839558061,0.27594939
01/11/2019 02:00,0.829807166,0.272744426
01/11/2019 03:00,0.80427413,0.264352123
01/11/2019 04:00,0.777233899,0.255464429
01/11/2019 05:00,0.717268941,0.2357549
01/11/2019 06:00,0.600067702,0.197232716
01/11/2019 07:00,0.49066376,0.161273379
01/11/2019 08:00,0.43424705,0.142730103
01/11/2019 09:00,0.433258303,0.142405117
01/11/2019 10:00,0.534768512,0.17576991
01/11/2019 11:00,0.529462763,0.174025995
01/11/2019 12:00,0.521476848,0.171401151
01/11/2019 13:00,0.487269902,0.160157872
01/11/2019 14:00,0.452478353,0.148722443
01/11/2019 15:00,0.443114837,0.145644804
01/11/2019 16:00,0.478176653,0.157169065
01/11/2019 17:00,0.442732868,0.145519257
01/11/2019 18:00,0.412933681,0.135724738
01/11/2019 19:00,0.425248284,0.139772352
01/11/2019 20:00,0.334386702,0.109907594
01/11/2019 21:00,0.415286132,0.136497951
01/11/2019 22:00,0.633160735,0.20810987
01/11/2019 23:00,0.803082189,0.263960351
01/12/2019 00:00,0.909704939,0.299005554
01/12/2019 01:00,0.886185676,0.291275146
01/12/2019 02:00,0.897460699,0.294981067
01/12/2019 03:00,0.900681876,0.296039816
01/12/2019 04:00,0.899870764,0.295773217
01/12/2019 05:00,0.906635216,0.297996585
01/12/2019 06:00,0.908142577,0.29849203
01/12/2019 07:00,0.901392827,0.296273495
01/12/2019 08:00,0.897416741,0.294966618
01/12/2019 09:00,0.905989284,0.297784277
01/12/2019 10:00,0.906084898,0.297815704
01/12/2019 11:00,0.91,0.299102536
01/12/2019 12:00,0.91,0.299102536
01/12/2019 13:00,0.91,0.299102536
01/12/2019 14:00,0.891884762,0.293148345
01/12/2019 15:00,0.852093104,0.280069459
01/12/2019 16:00,0.781676975,0.256924797
01/12/2019 17:00,0.730685463,0.240164697
01/12/2019 18:00,0.725233093,0.23837259
01/12/2019 19:00,0.79308634,0.260674874
01/12/2019 20:00,0.893752766,0.293762328
01/12/2019 21:00,0.90558033,0.29764986
01/12/2019 22:00,0.901565534,0.296330261
01/12/2019 23:00,0.908332699,0.29855452
1/13/2019 0:00,0.91,0.299102536
1/13/2019 1:00,0.91,0.299102536
1/13/2019 2:00,0.91,0.299102536
1/13/2019 3:00,0.91,0.299102536
1/13/2019 4:00,0.91,0.299102536
1/13/2019 5:00,0.91,0.299102536
1/13/2019 6:00,0.91,0.299102536
1/13/2019 7:00,0.91,0.299102536
1/13/2019 8:00,0.91,0.299102536
1/13/2019 9:00,0.91,0.299102536
1/13/2019 10:00,0.91,0.299102536
1/13/2019 11:00,0.91,0.299102536
1/13/2019 12:00,0.91,0.299102536
1/13/2019 13:00,0.908911082,0.298744626
1/13/2019 14:00,0.891887282,0.293149173
1/13/2019 15:00,0.74538192,0.244995189
1/13/2019 16:00,0.214770728,0.070591725
1/13/2019 17:00,0.340874887,0.112040157
1/13/2019 18:00,0.624679619,0.205322262
1/13/2019 19:00,0.654714577,0.215194275
1/13/2019 20:00,0.556789343,0.183007807
1/13/2019 21:00,0.329846448,0.108415284
1/13/2019 22:00,0.466927865,0.153471767
1/13/2019 23:00,0.531116787,0.174569646
1/14/2019 0:00,0.537987607,0.176827975
1/14/2019 1:00,0.629007581,0.206744794
1/14/2019 2:00,0.69434776,0.228221072
1/14/2019 3:00,0.694878543,0.228395532
1/14/2019 4:00,0.627497102,0.206248323
1/14/2019 5:00,0.422771893,0.138958401
1/14/2019 6:00,0.261946459,0.086097638
1/14/2019 7:00,0.183381976,0.060274741
1/14/2019 8:00,0.181286874,0.059586114
1/14/2019 9:00,0.228668775,0.075159792
1/14/2019 10:00,0.248339293,0.081625178
1/14/2019 11:00,0.544302419,0.178903553
1/14/2019 12:00,0.707579495,0.232570133
1/14/2019 13:00,0.660136365,0.216976331
1/14/2019 14:00,0.752582446,0.247361888
1/14/2019 15:00,0.805301803,0.264689903
1/14/2019 16:00,0.689735298,0.226705029
1/14/2019 17:00,0.540396445,0.177619722
1/14/2019 18:00,0.360750925,0.118573095
1/14/2019 19:00,0.268292159,0.088183368
1/14/2019 20:00,0.311388867,0.102348571
1/14/2019 21:00,0.623431666,0.204912079
1/14/2019 22:00,0.831526559,0.273309563
1/14/2019 23:00,0.864246944,0.284064234
1/15/2019 0:00,0.895424184,0.294311697
1/15/2019 1:00,0.901720105,0.296381066
1/15/2019 2:00,0.905771491,0.297712692
1/15/2019 3:00,0.906972313,0.298107383
1/15/2019 4:00,0.905745342,0.297704097
1/15/2019 5:00,0.889992193,0.292526287
1/15/2019 6:00,0.868772098,0.28555158
1/15/2019 7:00,0.863998546,0.283982589
1/15/2019 8:00,0.832944341,0.273775565
1/15/2019 9:00,0.782067251,0.257053074
1/15/2019 10:00,0.6897081,0.22669609
1/15/2019 11:00,0.46019998,0.151260419
1/15/2019 12:00,0.263536359,0.086620212
1/15/2019 13:00,0.163278057,0.053666902
1/15/2019 14:00,0.067655026,0.022237132
1/15/2019 15:00,0.003339792,0.001097736
1/15/2019 16:00,0,0
1/15/2019 17:00,0.091819888,0.030179738
1/15/2019 18:00,0.145850459,0.047938727
1/15/2019 19:00,0.513180169,0.168674165
1/15/2019 20:00,0.717839389,0.235942397
1/15/2019 21:00,0.789435477,0.259474893
1/15/2019 22:00,0.866763945,0.284891532
1/15/2019 23:00,0.88148568,0.289730332
1/16/2019 0:00,0.901136599,0.296189277
1/16/2019 1:00,0.906722325,0.298025216
1/16/2019 2:00,0.905602603,0.297657181
1/16/2019 3:00,0.889862525,0.292483668
1/16/2019 4:00,0.852820571,0.280308566
1/16/2019 5:00,0.710453094,0.233514639
1/16/2019 6:00,0.403347955,0.132574062
1/16/2019 7:00,0.184255432,0.060561832
1/16/2019 8:00,0.06102157,0.02005682
1/16/2019 9:00,0.016422383,0.005397776
1/16/2019 10:00,0.033100464,0.010879596
1/16/2019 11:00,0.019154558,0.006295799
1/16/2019 12:00,0.013198929,0.004338278
1/16/2019 13:00,0.017245936,0.005668465
1/16/2019 14:00,0.038863681,0.012773874
1/16/2019 15:00,0.124076176,0.040781867
1/16/2019 16:00,0.51204254,0.168300244
1/16/2019 17:00,0.831620749,0.273340522
1/16/2019 18:00,0.83924534,0.275846604
1/16/2019 19:00,0.82868335,0.272375045
1/16/2019 20:00,0.864666301,0.284202069
1/16/2019 21:00,0.875697335,0.287827795
1/16/2019 22:00,0.901509242,0.296311758
1/16/2019 23:00,0.90675064,0.298034523
1/17/2019 0:00,0.91,0.299102536
1/17/2019 1:00,0.91,0.299102536
1/17/2019 2:00,0.91,0.299102536
1/17/2019 3:00,0.91,0.299102536
1/17/2019 4:00,0.908075649,0.298470032
1/17/2019 5:00,0.905515641,0.297628598
1/17/2019 6:00,0.901310326,0.296246378
1/17/2019 7:00,0.880144779,0.289289599
1/17/2019 8:00,0.865861733,0.284594989
1/17/2019 9:00,0.85497331,0.281016138
1/17/2019 10:00,0.796516885,0.26180244
1/17/2019 11:00,0.665158568,0.218627049
1/17/2019 12:00,0.528116144,0.173583382
1/17/2019 13:00,0.442129052,0.145320792
1/17/2019 14:00,0.319451323,0.104998572
1/17/2019 15:00,0.232857777,0.07653665
1/17/2019 16:00,0.168105635,0.05525365
1/17/2019 17:00,0.117776019,0.038711105
1/17/2019 18:00,0.085970294,0.028257069
1/17/2019 19:00,0.057175182,0.018792574
1/17/2019 20:00,0.034873519,0.011462371
1/17/2019 21:00,0.014352002,0.004717275
1/17/2019 22:00,0,0
1/17/2019 23:00,0,0
1/18/2019 0:00,0,0
1/18/2019 1:00,0,0
1/18/2019 2:00,0,0
1/18/2019 3:00,0,0
1/18/2019 4:00,0.014841261,0.004878087
1/18/2019 5:00,0.046819951,0.015388974
1/18/2019 6:00,0.077513673,0.025477512
1/18/2019 7:00,0.112117136,0.036851121
1/18/2019 8:00,0.148695413,0.048873819
1/18/2019 9:00,0.190670053,0.062670216
1/18/2019 10:00,0.245171485,0.08058397
1/18/2019 11:00,0.280550767,0.092212578
1/18/2019 12:00,0.307443582,0.101051819
1/18/2019 13:00,0.362762302,0.119234203
1/18/2019 14:00,0.421723107,0.138613682
1/18/2019 15:00,0.439457587,0.144442724
1/18/2019 16:00,0.440638129,0.144830749
1/18/2019 17:00,0.419816005,0.137986848
1/18/2019 18:00,0.354408021,0.116488283
1/18/2019 19:00,0.296762824,0.097541223
1/18/2019 20:00,0.268591027,0.088281601
1/18/2019 21:00,0.255938913,0.084123053
1/18/2019 22:00,0.306290213,0.100672725
1/18/2019 23:00,0.262610201,0.086315799
1/19/2019 0:00,0.280729474,0.092271316
1/19/2019 1:00,0.319248736,0.104931985
1/19/2019 2:00,0.277085492,0.091073597
1/19/2019 3:00,0.253857444,0.083438907
1/19/2019 4:00,0.223390297,0.07342484
1/19/2019 5:00,0.195323461,0.064199717
1/19/2019 6:00,0.153289033,0.050383669
1/19/2019 7:00,0.114509853,0.037637569
1/19/2019 8:00,0.083903167,0.027577637
1/19/2019 9:00,0.083615875,0.027483209
1/19/2019 10:00,0.130286899,0.042823233
1/19/2019 11:00,0.128461211,0.042223158
1/19/2019 12:00,0.114830989,0.037743121
1/19/2019 13:00,0.1077638,0.035420248
1/19/2019 14:00,0.092890829,0.030531739
1/19/2019 15:00,0.075784099,0.024909029
1/19/2019 16:00,0.047245318,0.015528785
1/19/2019 17:00,0.028291283,0.009298895
1/19/2019 18:00,0.018462092,0.006068196
1/19/2019 19:00,0.015219007,0.005002246
1/19/2019 20:00,0.01684055,0.005535221
1/19/2019 21:00,0.019961774,0.006561118
1/19/2019 22:00,0.015311964,0.005032799
1/19/2019 23:00,0.019039495,0.006257979
1/20/2019 0:00,0.022181711,0.007290776
1/20/2019 1:00,0.027427115,0.009014857
1/20/2019 2:00,0.027896541,0.00916915
1/20/2019 3:00,0.033909431,0.011145491
1/20/2019 4:00,0.053978696,0.017741939
1/20/2019 5:00,0.094539917,0.031073768
1/20/2019 6:00,0.136097359,0.044733039
1/20/2019 7:00,0.19166878,0.062998482
1/20/2019 8:00,0.249058759,0.081861655
1/20/2019 9:00,0.343459417,0.112889651
1/20/2019 10:00,0.644451107,0.211820835
1/20/2019 11:00,0.687126375,0.225847518
1/20/2019 12:00,0.628663411,0.206631671
1/20/2019 13:00,0.738000775,0.242569124
1/20/2019 14:00,0.741235577,0.243632352
1/20/2019 15:00,0.739004895,0.242899163
1/20/2019 16:00,0.765716964,0.251678995
1/20/2019 17:00,0.741585702,0.243747433
1/20/2019 18:00,0.678316601,0.222951885
1/20/2019 19:00,0.62019221,0.203847322
1/20/2019 20:00,0.536042131,0.176188528
1/20/2019 21:00,0.41231899,0.135522698
1/20/2019 22:00,0.299877732,0.098565044
1/20/2019 23:00,0.260242589,0.085537603
1/21/2019 0:00,0.261496974,0.085949899
1/21/2019 1:00,0.320426586,0.105319126
1/21/2019 2:00,0.353868889,0.116311079
1/21/2019 3:00,0.372261268,0.122356362
1/21/2019 4:00,0.350650371,0.115253203
1/21/2019 5:00,0.388599117,0.127726353
1/21/2019 6:00,0.392753225,0.129091742
1/21/2019 7:00,0.38033059,0.12500862
1/21/2019 8:00,0.399539879,0.131322407
1/21/2019 9:00,0.484579086,0.159273443
1/21/2019 10:00,0.567279415,0.186455727
1/21/2019 11:00,0.635629021,0.208921156
1/21/2019 12:00,0.687335642,0.2259163
1/21/2019 13:00,0.714275688,0.234771065
1/21/2019 14:00,0.702138074,0.230781625
1/21/2019 15:00,0.724000305,0.237967392
1/21/2019 16:00,0.759376493,0.249594983
1/21/2019 17:00,0.814262807,0.267635242
1/21/2019 18:00,0.848016875,0.278729668
1/21/2019 19:00,0.877566911,0.288442295
1/21/2019 20:00,0.877095657,0.288287401
1/21/2019 21:00,0.687877426,0.226094376
1/21/2019 22:00,0.363215135,0.119383042
1/21/2019 23:00,0.250993227,0.082497484
1/22/2019 0:00,0.208553282,0.068548149
1/22/2019 1:00,0.237895167,0.07819236
1/22/2019 2:00,0.239938712,0.078864041
1/22/2019 3:00,0.215413618,0.070803032
1/22/2019 4:00,0.220958808,0.072625648
1/22/2019 5:00,0.31053572,0.102068155
1/22/2019 6:00,0.355650256,0.116896586
1/22/2019 7:00,0.237602135,0.078096045
1/22/2019 8:00,0.188201739,0.06185892
1/22/2019 9:00,0.166235661,0.05463902
1/22/2019 10:00,0.176122427,0.057888642
1/22/2019 11:00,0.185714443,0.061041386
1/22/2019 12:00,0.201407183,0.06619934
1/22/2019 13:00,0.170100115,0.055909204
1/22/2019 14:00,0.175253908,0.057603174
1/22/2019 15:00,0.197323768,0.064857186
1/22/2019 16:00,0.184117659,0.060516548
1/22/2019 17:00,0.174665155,0.05740966
1/22/2019 18:00,0.192409524,0.063241952
1/22/2019 19:00,0.194281307,0.063857177
1/22/2019 20:00,0.201092717,0.06609598
1/22/2019 21:00,0.200163165,0.065790451
1/22/2019 22:00,0.156802994,0.051538652
1/22/2019 23:00,0.154933563,0.0509242
1/23/2019 0:00,0.144755503,0.047578833
1/23/2019 1:00,0.133601015,0.04391253
1/23/2019 2:00,0.134408831,0.044178046
1/23/2019 3:00,0.135584593,0.044564501
1/23/2019 4:00,0.127184994,0.041803686
1/23/2019 5:00,0.144423843,0.047469822
1/23/2019 6:00,0.132498939,0.043550295
1/23/2019 7:00,0.116993685,0.038453965
1/23/2019 8:00,0.110432421,0.036297381
1/23/2019 9:00,0.107107122,0.035204408
1/23/2019 10:00,0.05053627,0.016610469
1/23/2019 11:00,0.063216217,0.020778166
1/23/2019 12:00,0.070511569,0.023176032
1/23/2019 13:00,0.078770068,0.025890469
1/23/2019 14:00,0.079202226,0.026032513
1/23/2019 15:00,0.065370274,0.02148617
1/23/2019 16:00,0.069358492,0.022797034
1/23/2019 17:00,0.057211418,0.018804484
1/23/2019 18:00,0.048460704,0.015928263
1/23/2019 19:00,0.038841086,0.012766448
1/23/2019 20:00,0.032934011,0.010824886
1/23/2019 21:00,0.029440229,0.009676535
1/23/2019 22:00,0.006566416,0.002158277
1/23/2019 23:00,0.000881519,0.000289741
1/24/2019 0:00,0,0
1/24/2019 1:00,9.14E-05,3.00E-05
1/24/2019 2:00,0.005435482,0.001786557
1/24/2019 3:00,0.013816734,0.004541341
1/24/2019 4:00,0.010201489,0.003353067
1/24/2019 5:00,0.009106763,0.002993248
1/24/2019 6:00,0.007338174,0.002411941
1/24/2019 7:00,0.002827095,0.000929221
1/24/2019 8:00,0,0
1/24/2019 9:00,0,0
1/24/2019 10:00,0,0
1/24/2019 11:00,0,0
1/24/2019 12:00,0,0
1/24/2019 13:00,0.004886984,0.001606274
1/24/2019 14:00,0.013852218,0.004553004
1/24/2019 15:00,0.015892479,0.005223605
1/24/2019 16:00,0.015351144,0.005045677
1/24/2019 17:00,0.023519608,0.007730521
1/24/2019 18:00,0.044732101,0.014702731
1/24/2019 19:00,0.096922484,0.03185688
1/24/2019 20:00,0.140235835,0.04609329
1/24/2019 21:00,0.166133311,0.054605379
1/24/2019 22:00,0.207908778,0.068336311
1/24/2019 23:00,0.307548068,0.101086162
1/25/2019 0:00,0.398168368,0.130871614
1/25/2019 1:00,0.43497097,0.142968044
1/25/2019 2:00,0.338236367,0.111172917
1/25/2019 3:00,0.375313349,0.123359532
1/25/2019 4:00,0.626422883,0.205895245
1/25/2019 5:00,0.756190943,0.248547943
1/25/2019 6:00,0.810965706,0.266551537
1/25/2019 7:00,0.803527011,0.264106557
1/25/2019 8:00,0.826550415,0.271673984
1/25/2019 9:00,0.849770132,0.279305935
1/25/2019 10:00,0.8669912,0.284966227
1/25/2019 11:00,0.87368948,0.287167845
1/25/2019 12:00,0.907493069,0.298278547
1/25/2019 13:00,0.908560811,0.298629497
1/25/2019 14:00,0.91,0.299102536
1/25/2019 15:00,0.91,0.299102536
1/25/2019 16:00,0.91,0.299102536
1/25/2019 17:00,0.909358651,0.298891735
1/25/2019 18:00,0.905405417,0.297592369
1/25/2019 19:00,0.867082203,0.284996138
1/25/2019 20:00,0.826747495,0.271738761
1/25/2019 21:00,0.752048493,0.247186386
1/25/2019 22:00,0.509968576,0.167618565
1/25/2019 23:00,0.37015822,0.121665123
1/26/2019 0:00,0.271016068,0.089078674
1/26/2019 1:00,0.203879234,0.067011864
1/26/2019 2:00,0.14522274,0.047732406
1/26/2019 3:00,0.073107554,0.024029291
1/26/2019 4:00,0.021382761,0.007028174
1/26/2019 5:00,0.007930524,0.002606637
1/26/2019 6:00,0.017099177,0.005620228
1/26/2019 7:00,0.064806527,0.021300875
1/26/2019 8:00,0.107559628,0.03535314
1/26/2019 9:00,0.12308505,0.040456099
1/26/2019 10:00,0.108340171,0.035609692
1/26/2019 11:00,0.16611708,0.054600044
1/26/2019 12:00,0.230697786,0.075826695
1/26/2019 13:00,0.339442224,0.111569264
1/26/2019 14:00,0.541000199,0.177818166
1/26/2019 15:00,0.695531512,0.228610153
1/26/2019 16:00,0.802589242,0.263798327
1/26/2019 17:00,0.865621826,0.284516135
1/26/2019 18:00,0.88556285,0.291070433
1/26/2019 19:00,0.87624866,0.288009007
1/26/2019 20:00,0.858380237,0.28213594
1/26/2019 21:00,0.825206829,0.271232368
1/26/2019 22:00,0.834911289,0.27442207
1/26/2019 23:00,0.721207643,0.237049489
1/27/2019 0:00,0.705638261,0.23193208
1/27/2019 1:00,0.725165424,0.238350349
1/27/2019 2:00,0.763186237,0.250847185
1/27/2019 3:00,0.817012975,0.268539179
1/27/2019 4:00,0.80157706,0.263465639
1/27/2019 5:00,0.743401478,0.24434425
1/27/2019 6:00,0.729213656,0.239680938
1/27/2019 7:00,0.788392155,0.25913197
1/27/2019 8:00,0.833085366,0.273821918
1/27/2019 9:00,0.851889096,0.280002405
1/27/2019 10:00,0.885793095,0.291146111
1/27/2019 11:00,0.890831282,0.292802083
1/27/2019 12:00,0.887446617,0.291689597
1/27/2019 13:00,0.885025445,0.290893796
1/27/2019 14:00,0.874850092,0.28754932
1/27/2019 15:00,0.85716209,0.281735554
1/27/2019 16:00,0.849777787,0.279308451
1/27/2019 17:00,0.825253591,0.271247738
1/27/2019 18:00,0.756822958,0.248755677
1/27/2019 19:00,0.699821583,0.230020231
1/27/2019 20:00,0.683246043,0.224572114
1/27/2019 21:00,0.661002656,0.217261066
1/27/2019 22:00,0.692540761,0.22762714
1/27/2019 23:00,0.709410974,0.233172111
1/28/2019 0:00,0.677437064,0.222662795
1/28/2019 1:00,0.613276477,0.20157423
1/28/2019 2:00,0.554045526,0.182105958
1/28/2019 3:00,0.522659677,0.171789928
1/28/2019 4:00,0.470321608,0.154587237
1/28/2019 5:00,0.391609631,0.128715861
1/28/2019 6:00,0.330851478,0.108745622
1/28/2019 7:00,0.292402357,0.096108007
1/28/2019 8:00,0.278820699,0.091643932
1/28/2019 9:00,0.264697009,0.0870017
1/28/2019 10:00,0.358019049,0.117675171
1/28/2019 11:00,0.360571399,0.118514087
1/28/2019 12:00,0.322934762,0.106143523
1/28/2019 13:00,0.329276114,0.108227825
1/28/2019 14:00,0.373605546,0.122798205
1/28/2019 15:00,0.459947379,0.151177393
1/28/2019 16:00,0.392489619,0.129005099
1/28/2019 17:00,0.404686856,0.133014137
1/28/2019 18:00,0.469024314,0.154160837
1/28/2019 19:00,0.528986166,0.173869345
1/28/2019 20:00,0.590138179,0.193969039
1/28/2019 21:00,0.564330452,0.18548645
1/28/2019 22:00,0.386484293,0.127031244
1/28/2019 23:00,0.308705866,0.101466711
1/29/2019 0:00,0.347203037,0.114120119
1/29/2019 1:00,0.407721914,0.134011713
1/29/2019 2:00,0.337775716,0.111021509
1/29/2019 3:00,0.211365636,0.069472525
1/29/2019 4:00,0.149909355,0.049272822
1/29/2019 5:00,0.18017697,0.059221306
1/29/2019 6:00,0.196218479,0.064493895
1/29/2019 7:00,0.186089848,0.061164775
1/29/2019 8:00,0.173815994,0.057130554
1/29/2019 9:00,0.170970494,0.056195284
1/29/2019 10:00,0.142529507,0.046847183
1/29/2019 11:00,0.113543458,0.03731993
1/29/2019 12:00,0.099817477,0.032808418
1/29/2019 13:00,0.090398179,0.029712444
1/29/2019 14:00,0.085279808,0.028030117
1/29/2019 15:00,0.070987997,0.023332626
1/29/2019 16:00,0.060895589,0.020015412
1/29/2019 17:00,0.071192541,0.023399857
1/29/2019 18:00,0.083502007,0.027445782
1/29/2019 19:00,0.092687086,0.030464772
1/29/2019 20:00,0.083831791,0.027554177
1/29/2019 21:00,0.081335551,0.026733703
1/29/2019 22:00,0.074073576,0.024346807
1/29/2019 23:00,0.102749618,0.033772166
1/30/2019 0:00,0.149919257,0.049276077
1/30/2019 1:00,0.157740447,0.051846778
1/30/2019 2:00,0.153679986,0.050512169
1/30/2019 3:00,0.159003368,0.05226188
1/30/2019 4:00,0.1596654,0.052479479
1/30/2019 5:00,0.117895702,0.038750443
1/30/2019 6:00,0.069613156,0.022880738
1/30/2019 7:00,0.039474667,0.012974696
1/30/2019 8:00,0.029655534,0.009747303
1/30/2019 9:00,0.017380526,0.005712703
1/30/2019 10:00,0.043146773,0.014181659
1/30/2019 11:00,0.039083244,0.012846041
1/30/2019 12:00,0.017023062,0.00559521
1/30/2019 13:00,0,0
1/30/2019 14:00,0,0
1/30/2019 15:00,0,0
1/30/2019 16:00,0,0
1/30/2019 17:00,0,0
1/30/2019 18:00,0.014870451,0.004887681
1/30/2019 19:00,0.05498326,0.018072124
1/30/2019 20:00,0.100479776,0.033026105
1/30/2019 21:00,0.105958201,0.034826777
1/30/2019 22:00,0.134543153,0.044222196
1/30/2019 23:00,0.108017192,0.035503534
1/31/2019 0:00,0.079755789,0.02621446
1/31/2019 1:00,0.058619383,0.01926726
1/31/2019 2:00,0.047647674,0.015661033
1/31/2019 3:00,0.043090327,0.014163106
1/31/2019 4:00,0.043980025,0.014455535
1/31/2019 5:00,0.046849977,0.015398843
1/31/2019 6:00,0.043701943,0.014364134
1/31/2019 7:00,0.038705048,0.012721734
1/31/2019 8:00,0.038526465,0.012663037
1/31/2019 9:00,0.028534214,0.009378743
1/31/2019 10:00,0.041157895,0.013527946
1/31/2019 11:00,0.047321625,0.015553866
1/31/2019 12:00,0.039864017,0.013102669
1/31/2019 13:00,0.041217426,0.013547513
1/31/2019 14:00,0.040167649,0.013202468
1/31/2019 15:00,0.039591897,0.013013227
1/31/2019 16:00,0.040550879,0.013328429
1/31/2019 17:00,0.044727981,0.014701376
1/31/2019 18:00,0.039050302,0.012835214
1/31/2019 19:00,0.033002082,0.01084726
1/31/2019 20:00,0.022986636,0.007555342
1/31/2019 21:00,0.016829021,0.005531432
1/31/2019 22:00,0.130399786,0.042860337
1/31/2019 23:00,0.191754966,0.063026809
02/01/2019 00:00,0.179740274,0.059077771
02/01/2019 01:00,0.140393705,0.046145179
02/01/2019 02:00,0.11220087,0.036878643
02/01/2019 03:00,0.090361125,0.029700265
02/01/2019 04:00,0.061498637,0.020213625
02/01/2019 05:00,0.037874773,0.012448836
02/01/2019 06:00,0.030728978,0.010100127
02/01/2019 07:00,0.040587625,0.013340507
02/01/2019 08:00,0.070003137,0.023008918
02/01/2019 09:00,0.103673505,0.034075833
02/01/2019 10:00,0.107852373,0.035449361
02/01/2019 11:00,0.176626685,0.058054384
02/01/2019 12:00,0.23624333,0.077649428
02/01/2019 13:00,0.267244568,0.087839042
02/01/2019 14:00,0.282916811,0.092990259
02/01/2019 15:00,0.260989939,0.085783245
02/01/2019 16:00,0.301826397,0.099205539
02/01/2019 17:00,0.406209222,0.133514515
02/01/2019 18:00,0.498936594,0.163992528
02/01/2019 19:00,0.523406837,0.172035508
02/01/2019 20:00,0.482183803,0.158486152
02/01/2019 21:00,0.438368779,0.14408485
02/01/2019 22:00,0.521753406,0.171492051
02/01/2019 23:00,0.475688027,0.156351093
02/02/2019 00:00,0.480768675,0.158021022
02/02/2019 01:00,0.473565333,0.155653398
02/02/2019 02:00,0.408197844,0.134168143
02/02/2019 03:00,0.356767481,0.1172638
02/02/2019 04:00,0.345433075,0.113538361
02/02/2019 05:00,0.296099855,0.097323316
02/02/2019 06:00,0.233641959,0.076794398
02/02/2019 07:00,0.200159998,0.06578941
02/02/2019 08:00,0.187648093,0.061676945
02/02/2019 09:00,0.199821147,0.065678035
02/02/2019 10:00,0.228087541,0.074968749
02/02/2019 11:00,0.191081478,0.062805445
02/02/2019 12:00,0.198449756,0.06522728
02/02/2019 13:00,0.217087301,0.071353145
02/02/2019 14:00,0.202733033,0.066635125
02/02/2019 15:00,0.167617288,0.055093138
02/02/2019 16:00,0.1483069,0.048746121
02/02/2019 17:00,0.129133211,0.042444034
02/02/2019 18:00,0.089080868,0.029279465
02/02/2019 19:00,0.046961506,0.015435501
02/02/2019 20:00,0.014464592,0.004754281
02/02/2019 21:00,0.011223039,0.003688835
02/02/2019 22:00,0.013775364,0.004527743
02/02/2019 23:00,0.036528109,0.012006209
02/03/2019 00:00,0.065751999,0.021611637
02/03/2019 01:00,0.08721427,0.028665944
02/03/2019 02:00,0.121524445,0.039943153
02/03/2019 03:00,0.140457006,0.046165985
02/03/2019 04:00,0.123427435,0.040568636
02/03/2019 05:00,0.145159684,0.047711681
02/03/2019 06:00,0.142736383,0.04691518
02/03/2019 07:00,0.135660481,0.044589444
02/03/2019 08:00,0.126742867,0.041658366
02/03/2019 09:00,0.151151756,0.04968118
02/03/2019 10:00,0.23419967,0.076977709
02/03/2019 11:00,0.324382984,0.106619531
02/03/2019 12:00,0.578469143,0.190133613
02/03/2019 13:00,0.563492019,0.18521087
02/03/2019 14:00,0.523339113,0.172013248
02/03/2019 15:00,0.635636718,0.208923686
02/03/2019 16:00,0.651851897,0.214253357
02/03/2019 17:00,0.544875548,0.179091932
02/03/2019 18:00,0.516919528,0.169903233
02/03/2019 19:00,0.565440652,0.185851355
02/03/2019 20:00,0.576651269,0.189536106
02/03/2019 21:00,0.561624778,0.184597137
02/03/2019 22:00,0.592161939,0.194634217
02/03/2019 23:00,0.538754664,0.177080095
02/04/2019 00:00,0.468499171,0.153988231
02/04/2019 01:00,0.375913944,0.123556938
02/04/2019 02:00,0.274632285,0.090267267
02/04/2019 03:00,0.148255571,0.04872925
02/04/2019 04:00,0.091762444,0.030160857
02/04/2019 05:00,0.083162658,0.027334244
02/04/2019 06:00,0.071719402,0.023573027
02/04/2019 07:00,0.084257505,0.027694103
02/04/2019 08:00,0.14208022,0.04669951
02/04/2019 09:00,0.197393823,0.064880212
02/04/2019 10:00,0.309144326,0.101610826
02/04/2019 11:00,0.452785469,0.148823387
02/04/2019 12:00,0.46818649,0.153885458
02/04/2019 13:00,0.503612594,0.165529455
02/04/2019 14:00,0.486507391,0.159907246
02/04/2019 15:00,0.504016967,0.165662366
02/04/2019 16:00,0.508580254,0.167162246
02/04/2019 17:00,0.409924592,0.134735698
02/04/2019 18:00,0.398958079,0.131131179
02/04/2019 19:00,0.489601055,0.160924085
02/04/2019 20:00,0.521388717,0.171372184
02/04/2019 21:00,0.499903612,0.164310372
02/04/2019 22:00,0.319283714,0.104943482
02/04/2019 23:00,0.297846402,0.097897378
02/05/2019 00:00,0.252976357,0.083149308
02/05/2019 01:00,0.191885847,0.063069828
02/05/2019 02:00,0.129695421,0.042628823
02/05/2019 03:00,0.074043146,0.024336805
02/05/2019 04:00,0.025647832,0.008430035
02/05/2019 05:00,0.001630875,0.000536043
02/05/2019 06:00,0,0
02/05/2019 07:00,0,0
02/05/2019 08:00,0,0
02/05/2019 09:00,0,0
02/05/2019 10:00,0.042316381,0.013908722
02/05/2019 11:00,0.107887624,0.035460947
02/05/2019 12:00,0.217939881,0.071633375
02/05/2019 13:00,0.362043257,0.118997864
02/05/2019 14:00,0.553875072,0.182049932
02/05/2019 15:00,0.709264661,0.23312402
02/05/2019 16:00,0.795631657,0.261511479
02/05/2019 17:00,0.849017839,0.279058669
02/05/2019 18:00,0.87785663,0.288537521
02/05/2019 19:00,0.899555839,0.295669706
02/05/2019 20:00,0.900027125,0.29582461
02/05/2019 21:00,0.902941397,0.296782485
02/05/2019 22:00,0.855467007,0.281178408
02/05/2019 23:00,0.751485231,0.247001251
02/06/2019 00:00,0.38652969,0.127046165
02/06/2019 01:00,0.328226475,0.107882825
02/06/2019 02:00,0.412050176,0.135434343
02/06/2019 03:00,0.525303926,0.172659051
02/06/2019 04:00,0.548517149,0.180288868
02/06/2019 05:00,0.58336852,0.19174396
02/06/2019 06:00,0.537367166,0.176624046
02/06/2019 07:00,0.451836223,0.148511385
02/06/2019 08:00,0.414721415,0.136312337
02/06/2019 09:00,0.380869079,0.125185613
02/06/2019 10:00,0.33503887,0.110121951
02/06/2019 11:00,0.330205986,0.108533459
02/06/2019 12:00,0.302763713,0.09951362
02/06/2019 13:00,0.227507441,0.07477808
02/06/2019 14:00,0.172456227,0.056683621
02/06/2019 15:00,0.158298011,0.05203004
02/06/2019 16:00,0.160944843,0.052900012
02/06/2019 17:00,0.257903902,0.084768913
02/06/2019 18:00,0.315121385,0.10357539
02/06/2019 19:00,0.351458144,0.115518705
02/06/2019 20:00,0.402764076,0.13238215
02/06/2019 21:00,0.338128229,0.111137374
02/06/2019 22:00,0.27174135,0.089317063
02/06/2019 23:00,0.189079608,0.062147462
02/07/2019 00:00,0.116820521,0.038397048
02/07/2019 01:00,0.09795886,0.03219752
02/07/2019 02:00,0.048194598,0.015840798
02/07/2019 03:00,0.007783368,0.00255827
02/07/2019 04:00,0,0
02/07/2019 05:00,0,0
02/07/2019 06:00,0,0
02/07/2019 07:00,0,0
02/07/2019 08:00,0,0
02/07/2019 09:00,0,0
02/07/2019 10:00,0,0
02/07/2019 11:00,0,0
02/07/2019 12:00,0,0
02/07/2019 13:00,0.01337009,0.004394536
02/07/2019 14:00,0.056139393,0.018452126
02/07/2019 15:00,0.104851955,0.034463171
02/07/2019 16:00,0.107649407,0.035382649
02/07/2019 17:00,0.058626661,0.019269652
02/07/2019 18:00,0.021037933,0.006914834
02/07/2019 19:00,0.045454894,0.014940301
02/07/2019 20:00,0.096950089,0.031865953
02/07/2019 21:00,0.160242329,0.052669107
02/07/2019 22:00,0.194964364,0.064081687
02/07/2019 23:00,0.23218474,0.076315434
02/08/2019 00:00,0.227888406,0.074903297
02/08/2019 01:00,0.229203867,0.075335668
02/08/2019 02:00,0.223044235,0.073311095
02/08/2019 03:00,0.198040113,0.065092637
02/08/2019 04:00,0.208983316,0.068689494
02/08/2019 05:00,0.315510432,0.103703264
02/08/2019 06:00,0.521027184,0.171253354
02/08/2019 07:00,0.756759693,0.248734882
02/08/2019 08:00,0.898887214,0.29544994
02/08/2019 09:00,0.909320273,0.29887912
02/08/2019 10:00,0.907131203,0.298159608
02/08/2019 11:00,0.904531188,0.297305024
02/08/2019 12:00,0.873423709,0.28708049
02/08/2019 13:00,0.882831574,0.290172706
02/08/2019 14:00,0.884125155,0.290597885
02/08/2019 15:00,0.872252241,0.286695447
02/08/2019 16:00,0.856805605,0.281618384
02/08/2019 17:00,0.824926896,0.271140359
02/08/2019 18:00,0.814078183,0.267574559
02/08/2019 19:00,0.826108122,0.271528609
02/08/2019 20:00,0.817088927,0.268564143
02/08/2019 21:00,0.830067036,0.272829841
02/08/2019 22:00,0.837710771,0.275342215
02/08/2019 23:00,0.813620963,0.267424278
02/09/2019 00:00,0.857155937,0.281733532
02/09/2019 01:00,0.853158928,0.280419779
02/09/2019 02:00,0.806655922,0.26513498
02/09/2019 03:00,0.720930375,0.236958355
02/09/2019 04:00,0.603406374,0.198330084
02/09/2019 05:00,0.486144658,0.159788022
02/09/2019 06:00,0.463763217,0.152431598
02/09/2019 07:00,0.519756539,0.170835713
02/09/2019 08:00,0.671933129,0.220853739
02/09/2019 09:00,0.835092561,0.274481651
02/09/2019 10:00,0.91,0.299102536
02/09/2019 11:00,0.91,0.299102536
02/09/2019 12:00,0.91,0.299102536
02/09/2019 13:00,0.91,0.299102536
02/09/2019 14:00,0.91,0.299102536
02/09/2019 15:00,0.91,0.299102536
02/09/2019 16:00,0.91,0.299102536
02/09/2019 17:00,0.91,0.299102536
02/09/2019 18:00,0.91,0.299102536
02/09/2019 19:00,0.91,0.299102536
02/09/2019 20:00,0.91,0.299102536
02/09/2019 21:00,0.91,0.299102536
02/09/2019 22:00,0.91,0.299102536
02/09/2019 23:00,0.91,0.299102536
02/10/2019 00:00,0.905717655,0.297694997
02/10/2019 01:00,0.881364434,0.28969048
02/10/2019 02:00,0.855445455,0.281171324
02/10/2019 03:00,0.82323564,0.27058447
02/10/2019 04:00,0.79948663,0.262778547
02/10/2019 05:00,0.748230322,0.245931414
02/10/2019 06:00,0.716967381,0.235655782
02/10/2019 07:00,0.608204733,0.199907228
02/10/2019 08:00,0.47472248,0.156033733
02/10/2019 09:00,0.386452825,0.127020901
02/10/2019 10:00,0.203676574,0.066945252
02/10/2019 11:00,0.1156546,0.038013829
02/10/2019 12:00,0.052495003,0.017254273
02/10/2019 13:00,0.012584044,0.004136175
02/10/2019 14:00,0.027834303,0.009148693
02/10/2019 15:00,0.191814204,0.06304628
02/10/2019 16:00,0.516423561,0.169740216
02/10/2019 17:00,0.698917828,0.229723181
02/10/2019 18:00,0.729953174,0.239924006
02/10/2019 19:00,0.706161005,0.232103898
02/10/2019 20:00,0.662046642,0.217604208
02/10/2019 21:00,0.580808152,0.190902408
02/10/2019 22:00,0.530988403,0.174527448
02/10/2019 23:00,0.473721205,0.15570463
02/11/2019 00:00,0.445714482,0.146499266
02/11/2019 01:00,0.387342302,0.127313258
02/11/2019 02:00,0.284125383,0.093387497
02/11/2019 03:00,0.195010716,0.064096923
02/11/2019 04:00,0.175914347,0.05782025
02/11/2019 05:00,0.194250042,0.063846901
02/11/2019 06:00,0.21000017,0.069023718
02/11/2019 07:00,0.157186606,0.051664739
02/11/2019 08:00,0.134587787,0.044236866
02/11/2019 09:00,0.137183904,0.045090169
02/11/2019 10:00,0.07552248,0.024823039
02/11/2019 11:00,0.041731429,0.013716457
02/11/2019 12:00,0.032663261,0.010735895
02/11/2019 13:00,0.01902322,0.00625263
02/11/2019 14:00,0.002292933,0.000753651
02/11/2019 15:00,0.018521067,0.00608758
02/11/2019 16:00,0.025162576,0.008270539
02/11/2019 17:00,0.04805236,0.015794047
02/11/2019 18:00,0.082644211,0.027163839
02/11/2019 19:00,0.112732122,0.037053257
02/11/2019 20:00,0.222593799,0.073163044
02/11/2019 21:00,0.398229047,0.130891558
02/11/2019 22:00,0.564568782,0.185564785
02/11/2019 23:00,0.541890091,0.17811066
02/12/2019 00:00,0.478034402,0.15712231
02/12/2019 01:00,0.460426972,0.151335027
02/12/2019 02:00,0.42893305,0.140983476
02/12/2019 03:00,0.40562364,0.133322043
02/12/2019 04:00,0.530117142,0.174241079
02/12/2019 05:00,0.593510484,0.195077462
02/12/2019 06:00,0.67799303,0.222845532
02/12/2019 07:00,0.708282296,0.232801133
02/12/2019 08:00,0.709709596,0.233270264
02/12/2019 09:00,0.725893892,0.238589784
02/12/2019 10:00,0.794318726,0.26107994
02/12/2019 11:00,0.845475168,0.277894249
02/12/2019 12:00,0.872101631,0.286645944
02/12/2019 13:00,0.903290654,0.29689728
02/12/2019 14:00,0.890108907,0.29256465
02/12/2019 15:00,0.886938497,0.291522586
02/12/2019 16:00,0.906672552,0.298008856
02/12/2019 17:00,0.91,0.299102536
02/12/2019 18:00,0.91,0.299102536
02/12/2019 19:00,0.91,0.299102536
02/12/2019 20:00,0.91,0.299102536
02/12/2019 21:00,0.91,0.299102536
02/12/2019 22:00,0.909732532,0.299014623
02/12/2019 23:00,0.898530186,0.29533259
2/13/2019 0:00,0.814354678,0.267665439
2/13/2019 1:00,0.52026916,0.171004203
2/13/2019 2:00,0.314448733,0.1033543
2/13/2019 3:00,0.229410313,0.075403524
2/13/2019 4:00,0.2665738,0.087618571
2/13/2019 5:00,0.367543745,0.120805787
2/13/2019 6:00,0.424696854,0.139591105
2/13/2019 7:00,0.417913644,0.137361572
2/13/2019 8:00,0.467276245,0.153586275
2/13/2019 9:00,0.47637749,0.156577709
2/13/2019 10:00,0.526334936,0.172997927
2/13/2019 11:00,0.531431948,0.174673234
2/13/2019 12:00,0.619016737,0.203460962
2/13/2019 13:00,0.617619174,0.203001606
2/13/2019 14:00,0.629037389,0.206754591
2/13/2019 15:00,0.663420317,0.218055713
2/13/2019 16:00,0.621140391,0.204158974
2/13/2019 17:00,0.644082715,0.211699751
2/13/2019 18:00,0.759013272,0.249475598
2/13/2019 19:00,0.81080102,0.266497408
2/13/2019 20:00,0.819809478,0.269458345
2/13/2019 21:00,0.820681081,0.269744827
2/13/2019 22:00,0.826451512,0.271641476
2/13/2019 23:00,0.851860917,0.279993143
2/14/2019 0:00,0.850835296,0.279656038
2/14/2019 1:00,0.858181803,0.282070718
2/14/2019 2:00,0.859680328,0.282563259
2/14/2019 3:00,0.864304052,0.284083004
2/14/2019 4:00,0.840916892,0.276396016
2/14/2019 5:00,0.774714845,0.254636456
2/14/2019 6:00,0.674628154,0.221739551
2/14/2019 7:00,0.508646845,0.167184133
2/14/2019 8:00,0.371911262,0.12224132
2/14/2019 9:00,0.294450656,0.09678125
2/14/2019 10:00,0.332532575,0.109298172
2/14/2019 11:00,0.377741942,0.124157772
2/14/2019 12:00,0.46059515,0.151390305
2/14/2019 13:00,0.506238469,0.166392538
2/14/2019 14:00,0.518401593,0.170390364
2/14/2019 15:00,0.409440905,0.134576718
2/14/2019 16:00,0.264399495,0.086903911
2/14/2019 17:00,0.227927147,0.07491603
2/14/2019 18:00,0.224704622,0.073856837
2/14/2019 19:00,0.168659585,0.055435725
2/14/2019 20:00,0.195410189,0.064228223
2/14/2019 21:00,0.23552443,0.077413137
2/14/2019 22:00,0.243770886,0.080123616
2/14/2019 23:00,0.230718659,0.075833556
2/15/2019 0:00,0.195176612,0.06415145
2/15/2019 1:00,0.163132607,0.053619095
2/15/2019 2:00,0.140977894,0.046337193
2/15/2019 3:00,0.133930852,0.044020942
2/15/2019 4:00,0.123646323,0.040640581
2/15/2019 5:00,0.158999354,0.05226056
2/15/2019 6:00,0.231066855,0.075948003
2/15/2019 7:00,0.32328878,0.106259883
2/15/2019 8:00,0.410651339,0.134974568
2/15/2019 9:00,0.470440193,0.154626214
2/15/2019 10:00,0.428704812,0.140908457
2/15/2019 11:00,0.509488473,0.167460763
2/15/2019 12:00,0.564506029,0.185544159
2/15/2019 13:00,0.553645112,0.181974348
2/15/2019 14:00,0.550086312,0.180804627
2/15/2019 15:00,0.575171202,0.189049632
2/15/2019 16:00,0.616954641,0.202783184
2/15/2019 17:00,0.687652995,0.226020609
2/15/2019 18:00,0.670432979,0.220360664
2/15/2019 19:00,0.608816239,0.200108221
2/15/2019 20:00,0.479483912,0.15759874
2/15/2019 21:00,0.349060528,0.114730647
2/15/2019 22:00,0.195843413,0.064370617
2/15/2019 23:00,0.112406843,0.036946342
2/16/2019 0:00,0.040907481,0.013445639
2/16/2019 1:00,0.03757896,0.012351607
2/16/2019 2:00,0.047283266,0.015541258
2/16/2019 3:00,0.052876469,0.017379655
2/16/2019 4:00,0.039980278,0.013140882
2/16/2019 5:00,0.015904166,0.005227446
2/16/2019 6:00,0,0
2/16/2019 7:00,0.003887867,0.00127788
2/16/2019 8:00,0.014597821,0.004798072
2/16/2019 9:00,0.052908675,0.01739024
2/16/2019 10:00,0.130480501,0.042886867
2/16/2019 11:00,0.134822373,0.044313971
2/16/2019 12:00,0.109549606,0.036007214
2/16/2019 13:00,0.088690397,0.029151124
2/16/2019 14:00,0.107354163,0.035285607
2/16/2019 15:00,0.090668665,0.029801349
2/16/2019 16:00,0.035108997,0.011539769
2/16/2019 17:00,0.052229603,0.01716704
2/16/2019 18:00,0.132086113,0.043414606
2/16/2019 19:00,0.204473874,0.067207312
2/16/2019 20:00,0.268471056,0.088242169
2/16/2019 21:00,0.303463247,0.099743546
2/16/2019 22:00,0.347502398,0.114218515
2/16/2019 23:00,0.358332481,0.117778191
2/17/2019 0:00,0.352277254,0.115787934
2/17/2019 1:00,0.422914913,0.13900541
2/17/2019 2:00,0.427926775,0.140652729
2/17/2019 3:00,0.383336774,0.125996705
2/17/2019 4:00,0.496154106,0.163077968
2/17/2019 5:00,0.62324676,0.204851304
2/17/2019 6:00,0.717622619,0.235871148
2/17/2019 7:00,0.757849908,0.249093219
2/17/2019 8:00,0.751841857,0.247118468
2/17/2019 9:00,0.764006533,0.251116804
2/17/2019 10:00,0.681354742,0.223950474
2/17/2019 11:00,0.776426177,0.255198943
2/17/2019 12:00,0.815796117,0.268139217
2/17/2019 13:00,0.864884216,0.284273694
2/17/2019 14:00,0.887321659,0.291648526
2/17/2019 15:00,0.858659485,0.282227725
2/17/2019 16:00,0.731541644,0.240446111
2/17/2019 17:00,0.484322843,0.15918922
2/17/2019 18:00,0.41746272,0.13721336
2/17/2019 19:00,0.410796742,0.13502236
2/17/2019 20:00,0.4627279,0.152091306
2/17/2019 21:00,0.549196205,0.180512063
2/17/2019 22:00,0.678908114,0.223146306
2/17/2019 23:00,0.706676668,0.232273388
2/18/2019 0:00,0.70880522,0.232973009
2/18/2019 1:00,0.651710536,0.214206894
2/18/2019 2:00,0.587404151,0.193070408
2/18/2019 3:00,0.63326393,0.208143788
2/18/2019 4:00,0.655167033,0.21534299
2/18/2019 5:00,0.604759428,0.198774811
2/18/2019 6:00,0.541351051,0.177933486
2/18/2019 7:00,0.608538389,0.200016896
2/18/2019 8:00,0.69627103,0.22885322
2/18/2019 9:00,0.750937521,0.246821227
2/18/2019 10:00,0.768766046,0.25268118
2/18/2019 11:00,0.784941826,0.257997902
2/18/2019 12:00,0.7642365,0.25119239
2/18/2019 13:00,0.770205936,0.253154449
2/18/2019 14:00,0.805333921,0.264700459
2/18/2019 15:00,0.783344358,0.257472839
2/18/2019 16:00,0.755998041,0.24848454
2/18/2019 17:00,0.75628393,0.248578507
2/18/2019 18:00,0.745120467,0.244909254
2/18/2019 19:00,0.711647287,0.233907152
2/18/2019 20:00,0.665390479,0.218703274
2/18/2019 21:00,0.672687984,0.221101848
2/18/2019 22:00,0.682493939,0.224324909
2/18/2019 23:00,0.762473059,0.250612775
2/19/2019 0:00,0.819157359,0.269244004
2/19/2019 1:00,0.844540564,0.27758706
2/19/2019 2:00,0.855332823,0.281134303
2/19/2019 3:00,0.837283107,0.275201649
2/19/2019 4:00,0.737902672,0.242536879
2/19/2019 5:00,0.623407724,0.20490421
2/19/2019 6:00,0.509958217,0.16761516
2/19/2019 7:00,0.382715198,0.125792402
2/19/2019 8:00,0.266531229,0.087604579
2/19/2019 9:00,0.190303349,0.062549686
2/19/2019 10:00,0.173608416,0.057062327
2/19/2019 11:00,0.116265922,0.03821476
2/19/2019 12:00,0.061294727,0.020146602
2/19/2019 13:00,0.020064523,0.00659489
2/19/2019 14:00,0,0
2/19/2019 15:00,0,0
2/19/2019 16:00,0,0
2/19/2019 17:00,0.000870695,0.000286184
2/19/2019 18:00,0.042301472,0.013903821
2/19/2019 19:00,0.1042111,0.034252532
2/19/2019 20:00,0.196854897,0.064703076
2/19/2019 21:00,0.327017593,0.107485485
2/19/2019 22:00,0.47670122,0.156684114
2/19/2019 23:00,0.557753036,0.183324557
2/20/2019 0:00,0.625044316,0.205442132
2/20/2019 1:00,0.657846855,0.216223805
2/20/2019 2:00,0.69661217,0.228965348
2/20/2019 3:00,0.729799251,0.239873414
2/20/2019 4:00,0.667381648,0.21935774
2/20/2019 5:00,0.601371969,0.197661408
2/20/2019 6:00,0.509070069,0.16732324
2/20/2019 7:00,0.484224008,0.159156735
2/20/2019 8:00,0.487391746,0.16019792
2/20/2019 9:00,0.478361852,0.157229937
2/20/2019 10:00,0.550814005,0.181043808
2/20/2019 11:00,0.594305001,0.195338608
2/20/2019 12:00,0.581851146,0.191245223
2/20/2019 13:00,0.624006768,0.205101106
2/20/2019 14:00,0.645528606,0.212174992
2/20/2019 15:00,0.655056667,0.215306715
2/20/2019 16:00,0.653045765,0.214645763
2/20/2019 17:00,0.671624005,0.220752135
2/20/2019 18:00,0.674215106,0.221603789
2/20/2019 19:00,0.608976264,0.200160818
2/20/2019 20:00,0.52129512,0.17134142
2/20/2019 21:00,0.484798118,0.159345436
2/20/2019 22:00,0.274208964,0.090128128
2/20/2019 23:00,0.238806626,0.078491942
2/21/2019 0:00,0.175432322,0.057661816
2/21/2019 1:00,0.098503805,0.032376635
2/21/2019 2:00,0.047498433,0.01561198
2/21/2019 3:00,0.061032621,0.020060453
2/21/2019 4:00,0.109490275,0.035987713
2/21/2019 5:00,0.196677622,0.064644808
2/21/2019 6:00,0.27601046,0.090720251
2/21/2019 7:00,0.291779926,0.095903424
2/21/2019 8:00,0.27180792,0.089338943
2/21/2019 9:00,0.231313205,0.076028974
2/21/2019 10:00,0.189647592,0.062334149
2/21/2019 11:00,0.175544017,0.057698528
2/21/2019 12:00,0.154763717,0.050868374
2/21/2019 13:00,0.1192367,0.039191208
2/21/2019 14:00,0.081620178,0.026827255
2/21/2019 15:00,0.070538796,0.023184981
2/21/2019 16:00,0.084409626,0.027744103
2/21/2019 17:00,0.130324886,0.042835719
2/21/2019 18:00,0.215593975,0.070862313
2/21/2019 19:00,0.271715286,0.089308496
2/21/2019 20:00,0.247645663,0.081397193
2/21/2019 21:00,0.219087176,0.072010472
2/21/2019 22:00,0.190490066,0.062611057
2/21/2019 23:00,0.183580217,0.060339899
2/22/2019 0:00,0.152344594,0.050073247
2/22/2019 1:00,0.133421405,0.043853495
2/22/2019 2:00,0.211606507,0.069551695
2/22/2019 3:00,0.303121138,0.0996311
2/22/2019 4:00,0.328577374,0.10799816
2/22/2019 5:00,0.292567151,0.096162172
2/22/2019 6:00,0.397679916,0.130711067
2/22/2019 7:00,0.546549227,0.179642044
2/22/2019 8:00,0.575003385,0.188994473
2/22/2019 9:00,0.553630593,0.181969576
2/22/2019 10:00,0.50810842,0.167007161
2/22/2019 11:00,0.611963203,0.201142578
2/22/2019 12:00,0.629010847,0.206745867
2/22/2019 13:00,0.593864552,0.195193839
2/22/2019 14:00,0.556632316,0.182956195
2/22/2019 15:00,0.477427528,0.15692284
2/22/2019 16:00,0.492239389,0.161791263
2/22/2019 17:00,0.442650384,0.145492145
2/22/2019 18:00,0.496526405,0.163200337
2/22/2019 19:00,0.693881926,0.22806796
2/22/2019 20:00,0.770334927,0.253196846
2/22/2019 21:00,0.807060272,0.265267883
2/22/2019 22:00,0.819354676,0.269308858
2/22/2019 23:00,0.836337511,0.274890846
2/23/2019 0:00,0.814518692,0.267719347
2/23/2019 1:00,0.834839973,0.27439863
2/23/2019 2:00,0.835230342,0.274526938
2/23/2019 3:00,0.845852221,0.27801818
2/23/2019 4:00,0.855479287,0.281182444
2/23/2019 5:00,0.853624469,0.280572795
2/23/2019 6:00,0.830666484,0.27302687
2/23/2019 7:00,0.849229191,0.279128137
2/23/2019 8:00,0.849789405,0.27931227
2/23/2019 9:00,0.85564618,0.281237299
2/23/2019 10:00,0.823244067,0.270587239
2/23/2019 11:00,0.802109123,0.263640519
2/23/2019 12:00,0.756428703,0.248626091
2/23/2019 13:00,0.682683983,0.224387374
2/23/2019 14:00,0.583695705,0.1918515
2/23/2019 15:00,0.478892926,0.157404493
2/23/2019 16:00,0.442047642,0.145294034
2/23/2019 17:00,0.429367839,0.141126384
2/23/2019 18:00,0.452022436,0.14857259
2/23/2019 19:00,0.516624707,0.169806329
2/23/2019 20:00,0.53400679,0.175519544
2/23/2019 21:00,0.575946918,0.189304597
2/23/2019 22:00,0.516987494,0.169925572
2/23/2019 23:00,0.487510756,0.160237037
2/24/2019 0:00,0.396105186,0.130193479
2/24/2019 1:00,0.305183804,0.100309066
2/24/2019 2:00,0.264501655,0.08693749
2/24/2019 3:00,0.209253618,0.068778338
2/24/2019 4:00,0.200781191,0.065993586
2/24/2019 5:00,0.123283922,0.040521466
2/24/2019 6:00,0.073172675,0.024050695
2/24/2019 7:00,0.042660628,0.01402187
2/24/2019 8:00,0.017429439,0.00572878
2/24/2019 9:00,0.045266818,0.014878483
2/24/2019 10:00,0.143731731,0.047242335
2/24/2019 11:00,0.237912592,0.078198087
2/24/2019 12:00,0.402729822,0.132370891
2/24/2019 13:00,0.620130549,0.203827055
2/24/2019 14:00,0.679512773,0.223345048
2/24/2019 15:00,0.633051541,0.208073979
2/24/2019 16:00,0.591313055,0.194355202
2/24/2019 17:00,0.561380164,0.184516737
2/24/2019 18:00,0.545985993,0.179456918
2/24/2019 19:00,0.512164643,0.168340377
2/24/2019 20:00,0.471508556,0.154977368
2/24/2019 21:00,0.369916228,0.121585584
2/24/2019 22:00,0.138543195,0.045536946
2/24/2019 23:00,0.076769832,0.025233024
2/25/2019 0:00,0.061872651,0.020336557
2/25/2019 1:00,0.048321761,0.015882595
2/25/2019 2:00,0.070034519,0.023019233
2/25/2019 3:00,0.084119815,0.027648846
2/25/2019 4:00,0.079389314,0.026094006
2/25/2019 5:00,0.081292587,0.026719581
2/25/2019 6:00,0.083056548,0.027299367
2/25/2019 7:00,0.047221787,0.015521051
2/25/2019 8:00,0.019755832,0.006493428
2/25/2019 9:00,0.000634631,0.000208593
2/25/2019 10:00,0,0
2/25/2019 11:00,0.000994815,0.00032698
2/25/2019 12:00,0,0
2/25/2019 13:00,0.020242119,0.006653263
2/25/2019 14:00,0.047096875,0.015479994
2/25/2019 15:00,0.055786724,0.018336209
2/25/2019 16:00,0.124457539,0.040907215
2/25/2019 17:00,0.335261797,0.110195224
2/25/2019 18:00,0.572107805,0.188042742
2/25/2019 19:00,0.630807867,0.207336519
2/25/2019 20:00,0.657141593,0.215991997
2/25/2019 21:00,0.578076875,0.190004681
2/25/2019 22:00,0.45383896,0.149169653
2/25/2019 23:00,0.443371017,0.145729006
2/26/2019 0:00,0.410535664,0.134936547
2/26/2019 1:00,0.374377291,0.123051865
2/26/2019 2:00,0.342422187,0.11254873
2/26/2019 3:00,0.360103236,0.11836021
2/26/2019 4:00,0.394127833,0.129543554
2/26/2019 5:00,0.474623065,0.156001057
2/26/2019 6:00,0.486633082,0.159948559
2/26/2019 7:00,0.436452902,0.143455132
2/26/2019 8:00,0.412151074,0.135467507
2/26/2019 9:00,0.354949176,0.116666152
2/26/2019 10:00,0.241729369,0.079452601
2/26/2019 11:00,0.178632549,0.05871368
2/26/2019 12:00,0.174612169,0.057392244
2/26/2019 13:00,0.122440806,0.040244347
2/26/2019 14:00,0.075831069,0.024924467
2/26/2019 15:00,0.03253742,0.010694533
2/26/2019 16:00,0.001894932,0.000622834
2/26/2019 17:00,0,0
2/26/2019 18:00,0,0
2/26/2019 19:00,0,0
2/26/2019 20:00,0.011578197,0.003805569
2/26/2019 21:00,0.044109412,0.014498063
2/26/2019 22:00,0.068718766,0.022586766
2/26/2019 23:00,0.06329166,0.020802963
2/27/2019 0:00,0.033042975,0.010860701
2/27/2019 1:00,0,0
2/27/2019 2:00,0,0
2/27/2019 3:00,0,0
2/27/2019 4:00,0,0
2/27/2019 5:00,0,0
2/27/2019 6:00,0,0
2/27/2019 7:00,0,0
2/27/2019 8:00,0,0
2/27/2019 9:00,0,0
2/27/2019 10:00,0,0
2/27/2019 11:00,0,0
2/27/2019 12:00,0,0
2/27/2019 13:00,0.03624902,0.011914477
2/27/2019 14:00,0.071134184,0.023380676
2/27/2019 15:00,0.094457844,0.031046792
2/27/2019 16:00,0.104777018,0.034438541
2/27/2019 17:00,0.085335883,0.028048548
2/27/2019 18:00,0.04827923,0.015868615
2/27/2019 19:00,0.01882984,0.006189069
2/27/2019 20:00,0.0068373,0.002247312
2/27/2019 21:00,0.002542471,0.00083567
2/27/2019 22:00,0.005767691,0.001895748
2/27/2019 23:00,0.013920875,0.00457557
2/28/2019 0:00,0.032605694,0.010716973
2/28/2019 1:00,0.040224337,0.0132211
2/28/2019 2:00,0.048915126,0.016077624
2/28/2019 3:00,0.055198808,0.018142971
2/28/2019 4:00,0.065074591,0.021388984
2/28/2019 5:00,0.070957676,0.02332266
2/28/2019 6:00,0.077439598,0.025453165
2/28/2019 7:00,0.08102667,0.026632179
2/28/2019 8:00,0.085089196,0.027967466
2/28/2019 9:00,0.084695538,0.027838077
2/28/2019 10:00,0.117366302,0.038576438
2/28/2019 11:00,0.102314306,0.033629086
2/28/2019 12:00,0.070677506,0.023230573
2/28/2019 13:00,0.049564161,0.016290952
2/28/2019 14:00,0.046557764,0.015302797
2/28/2019 15:00,0.044654765,0.014677311
2/28/2019 16:00,0.045841428,0.015067349
2/28/2019 17:00,0.040993825,0.013474019
2/28/2019 18:00,0.032647641,0.010730761
2/28/2019 19:00,0.032853986,0.010798583
2/28/2019 20:00,0.030089897,0.009890071
2/28/2019 21:00,0.022163517,0.007284796
2/28/2019 22:00,0.04533161,0.01489978
2/28/2019 23:00,0.046142731,0.015166382
03/01/2019 00:00,0.046682745,0.015343876
03/01/2019 01:00,0.045377081,0.014914725
03/01/2019 02:00,0.039882954,0.013108893
03/01/2019 03:00,0.030025374,0.009868863
03/01/2019 04:00,0.016310411,0.005360973
03/01/2019 05:00,0.022609756,0.007431467
03/01/2019 06:00,0.058334024,0.019173467
03/01/2019 07:00,0.126667715,0.041633665
03/01/2019 08:00,0.223451663,0.07344501
03/01/2019 09:00,0.283551639,0.093198917
03/01/2019 10:00,0.280947896,0.092343108
03/01/2019 11:00,0.291944041,0.095957366
03/01/2019 12:00,0.30588171,0.100538456
03/01/2019 13:00,0.284390669,0.093474693
03/01/2019 14:00,0.298944474,0.098258297
03/01/2019 15:00,0.295225033,0.097035776
03/01/2019 16:00,0.244687635,0.080424936
03/01/2019 17:00,0.213554249,0.070191887
03/01/2019 18:00,0.200428524,0.06587767
03/01/2019 19:00,0.192290125,0.063202708
03/01/2019 20:00,0.203282881,0.066815852
03/01/2019 21:00,0.186860892,0.061418205
03/01/2019 22:00,0.14859487,0.048840772
03/01/2019 23:00,0.150093623,0.049333388
03/02/2019 00:00,0.138625828,0.045564106
03/02/2019 01:00,0.139631956,0.045894805
03/02/2019 02:00,0.117306815,0.038556885
03/02/2019 03:00,0.144071589,0.047354041
03/02/2019 04:00,0.125425306,0.041225304
03/02/2019 05:00,0.119935882,0.039421018
03/02/2019 06:00,0.110667519,0.036374654
03/02/2019 07:00,0.094143013,0.030943312
03/02/2019 08:00,0.110589352,0.036348962
03/02/2019 09:00,0.12982324,0.042670835
03/02/2019 10:00,0.073865351,0.024278367
03/02/2019 11:00,0.100057617,0.032887348
03/02/2019 12:00,0.137025221,0.045038012
03/02/2019 13:00,0.228409001,0.075074408
03/02/2019 14:00,0.587572364,0.193125697
03/02/2019 15:00,0.788794671,0.259264271
03/02/2019 16:00,0.831928055,0.273441528
03/02/2019 17:00,0.851852083,0.27999024
03/02/2019 18:00,0.839300061,0.275864589
03/02/2019 19:00,0.736948968,0.242223412
03/02/2019 20:00,0.54093154,0.177795599
03/02/2019 21:00,0.375510654,0.123424383
03/02/2019 22:00,0.466424527,0.153306328
03/02/2019 23:00,0.656386869,0.215743931
03/03/2019 00:00,0.737602239,0.242438132
03/03/2019 01:00,0.764872987,0.251401593
03/03/2019 02:00,0.804522563,0.264433779
03/03/2019 03:00,0.849199363,0.279118333
03/03/2019 04:00,0.858442529,0.282156415
03/03/2019 05:00,0.905933957,0.297766092
03/03/2019 06:00,0.90826856,0.298533439
03/03/2019 07:00,0.895861442,0.294455417
03/03/2019 08:00,0.884732719,0.290797582
03/03/2019 09:00,0.892766707,0.293438226
03/03/2019 10:00,0.880296172,0.289339359
03/03/2019 11:00,0.895846483,0.2944505
03/03/2019 12:00,0.893523863,0.293687091
03/03/2019 13:00,0.881355453,0.289687528
03/03/2019 14:00,0.857552662,0.281863929
03/03/2019 15:00,0.715953816,0.235322639
03/03/2019 16:00,0.483261924,0.158840513
03/03/2019 17:00,0.312356641,0.102666663
03/03/2019 18:00,0.25937181,0.085251391
03/03/2019 19:00,0.197735097,0.064992383
03/03/2019 20:00,0.166787469,0.05482039
03/03/2019 21:00,0.147983965,0.048639977
03/03/2019 22:00,0.119619746,0.039317109
03/03/2019 23:00,0.104218713,0.034255034
03/04/2019 00:00,0.103620229,0.034058322
03/04/2019 01:00,0.120619779,0.039645804
03/04/2019 02:00,0.143280277,0.04709395
03/04/2019 03:00,0.150700617,0.049532897
03/04/2019 04:00,0.164876319,0.054192225
03/04/2019 05:00,0.214440499,0.070483183
03/04/2019 06:00,0.272839999,0.089678171
03/04/2019 07:00,0.33847052,0.11124988
03/04/2019 08:00,0.424630954,0.139569445
03/04/2019 09:00,0.506394284,0.166443752
03/04/2019 10:00,0.578719535,0.190215912
03/04/2019 11:00,0.588648731,0.193479481
03/04/2019 12:00,0.601010129,0.197542477
03/04/2019 13:00,0.585033999,0.192291377
03/04/2019 14:00,0.613838684,0.201759019
03/04/2019 15:00,0.696050239,0.22878065
03/04/2019 16:00,0.736979827,0.242233555
03/04/2019 17:00,0.772970541,0.254063131
03/04/2019 18:00,0.724664916,0.23818584
03/04/2019 19:00,0.652366805,0.2144226
03/04/2019 20:00,0.561353343,0.184507921
03/04/2019 21:00,0.458942123,0.150846981
03/04/2019 22:00,0.398431522,0.130958108
03/04/2019 23:00,0.326019572,0.107157451
03/05/2019 00:00,0.328348111,0.107922805
03/05/2019 01:00,0.287101327,0.094365643
03/05/2019 02:00,0.217400133,0.071455968
03/05/2019 03:00,0.144104823,0.047364965
03/05/2019 04:00,0.091320885,0.030015723
03/05/2019 05:00,0.077760663,0.025558694
03/05/2019 06:00,0.062820266,0.020648023
03/05/2019 07:00,0.037441438,0.012306405
03/05/2019 08:00,0.018655658,0.006131818
03/05/2019 09:00,0.011833372,0.003889441
03/05/2019 10:00,0,0
03/05/2019 11:00,0,0
03/05/2019 12:00,0,0
03/05/2019 13:00,0,0
03/05/2019 14:00,0,0
03/05/2019 15:00,0,0
03/05/2019 16:00,0.003164783,0.001040214
03/05/2019 17:00,0.011252792,0.003698614
03/05/2019 18:00,0.016829233,0.005531501
03/05/2019 19:00,0.021994383,0.007229204
03/05/2019 20:00,0.031555717,0.010371863
03/05/2019 21:00,0.043207692,0.014201681
03/05/2019 22:00,0.073196887,0.024058653
03/05/2019 23:00,0.089327586,0.029360558
03/06/2019 00:00,0.136069348,0.044723832
03/06/2019 01:00,0.165693404,0.054460788
03/06/2019 02:00,0.221104918,0.072673672
03/06/2019 03:00,0.246333721,0.080965979
03/06/2019 04:00,0.230378005,0.075721588
03/06/2019 05:00,0.235401674,0.077372788
03/06/2019 06:00,0.270162566,0.088798141
03/06/2019 07:00,0.316510522,0.104031978
03/06/2019 08:00,0.384453011,0.126363594
03/06/2019 09:00,0.434928612,0.142954122
03/06/2019 10:00,0.346336195,0.113835202
03/06/2019 11:00,0.48894271,0.160707697
03/06/2019 12:00,0.636370747,0.20916495
03/06/2019 13:00,0.669671335,0.220110323
03/06/2019 14:00,0.724621331,0.238171514
03/06/2019 15:00,0.750151912,0.24656301
03/06/2019 16:00,0.73271072,0.240830368
03/06/2019 17:00,0.736022294,0.241918829
03/06/2019 18:00,0.74050601,0.243392555
03/06/2019 19:00,0.767363855,0.252220302
03/06/2019 20:00,0.771292719,0.253511657
03/06/2019 21:00,0.718093065,0.236025777
03/06/2019 22:00,0.644943935,0.21198282
03/06/2019 23:00,0.717811029,0.235933076
03/07/2019 00:00,0.744340399,0.244652858
03/07/2019 01:00,0.753572857,0.24768742
03/07/2019 02:00,0.761416706,0.250265569
03/07/2019 03:00,0.781388414,0.256829952
03/07/2019 04:00,0.807328028,0.26535589
03/07/2019 05:00,0.835281047,0.274543604
03/07/2019 06:00,0.843062476,0.277101236
03/07/2019 07:00,0.867936847,0.285277046
03/07/2019 08:00,0.891738626,0.293100312
03/07/2019 09:00,0.899198318,0.295552194
03/07/2019 10:00,0.90790313,0.298413328
03/07/2019 11:00,0.905141072,0.297505483
03/07/2019 12:00,0.896718781,0.29473721
03/07/2019 13:00,0.896656083,0.294716602
03/07/2019 14:00,0.882641103,0.290110101
03/07/2019 15:00,0.873297119,0.287038882
03/07/2019 16:00,0.874790741,0.287529812
03/07/2019 17:00,0.857577816,0.281872197
03/07/2019 18:00,0.838645301,0.27564938
03/07/2019 19:00,0.808823219,0.265847336
03/07/2019 20:00,0.718147099,0.236043537
03/07/2019 21:00,0.548694286,0.18034709
03/07/2019 22:00,0.413539297,0.135923794
03/07/2019 23:00,0.335728174,0.110348514
03/08/2019 00:00,0.282435582,0.092832086
03/08/2019 01:00,0.197770884,0.065004146
03/08/2019 02:00,0.146575066,0.048176894
03/08/2019 03:00,0.102473258,0.033681331
03/08/2019 04:00,0.068893704,0.022644265
03/08/2019 05:00,0.041472085,0.013631215
03/08/2019 06:00,0.015931208,0.005236335
03/08/2019 07:00,0.002089549,0.000686801
03/08/2019 08:00,0.01443004,0.004742925
03/08/2019 09:00,0.048989781,0.016102162
03/08/2019 10:00,0.183059079,0.06016861
03/08/2019 11:00,0.303158011,0.099643219
03/08/2019 12:00,0.32761896,0.107683145
03/08/2019 13:00,0.340580375,0.111943356
03/08/2019 14:00,0.467328905,0.153603583
03/08/2019 15:00,0.438334383,0.144073544
03/08/2019 16:00,0.345222935,0.113469292
03/08/2019 17:00,0.246412865,0.080991992
03/08/2019 18:00,0.214783299,0.070595856
03/08/2019 19:00,0.240230583,0.078959974
03/08/2019 20:00,0.321083331,0.105534987
03/08/2019 21:00,0.296543597,0.097469167
03/08/2019 22:00,0.255914017,0.08411487
03/08/2019 23:00,0.765178451,0.251501994
03/09/2019 00:00,0.91,0.299102536
03/09/2019 01:00,0.91,0.299102536
03/09/2019 02:00,0.91,0.299102536
03/09/2019 03:00,0.91,0.299102536
03/09/2019 04:00,0.91,0.299102536
03/09/2019 05:00,0.91,0.299102536
03/09/2019 06:00,0.91,0.299102536
03/09/2019 07:00,0.91,0.299102536
03/09/2019 08:00,0.91,0.299102536
03/09/2019 09:00,0.91,0.299102536
03/09/2019 10:00,0.91,0.299102536
03/09/2019 11:00,0.91,0.299102536
03/09/2019 12:00,0.91,0.299102536
03/09/2019 13:00,0.91,0.299102536
03/09/2019 14:00,0.91,0.299102536
03/09/2019 15:00,0.91,0.299102536
03/09/2019 16:00,0.91,0.299102536
03/09/2019 17:00,0.906405502,0.297921081
03/09/2019 18:00,0.872372059,0.28673483
03/09/2019 19:00,0.793968134,0.260964706
03/09/2019 20:00,0.716026076,0.23534639
03/09/2019 21:00,0.74347302,0.244367764
03/09/2019 22:00,0.672197328,0.220940577
03/09/2019 23:00,0.612967424,0.201472649
03/10/2019 00:00,0.450289997,0.148003165
03/10/2019 01:00,0.494484519,0.162529202
03/10/2019 02:00,0.48740818,0.160203321
03/10/2019 03:00,0.257667937,0.084691355
03/10/2019 04:00,0.102717531,0.03376162
03/10/2019 05:00,0.08299994,0.027280761
03/10/2019 06:00,0.075762974,0.024902085
03/10/2019 07:00,0.068085211,0.022378527
03/10/2019 08:00,0.049811222,0.016372157
03/10/2019 09:00,0.022046147,0.007246218
03/10/2019 10:00,0.024231448,0.007964492
03/10/2019 11:00,0.039405756,0.012952046
03/10/2019 12:00,0.093321271,0.030673218
03/10/2019 13:00,0.172631694,0.056741294
03/10/2019 14:00,0.162921145,0.053549591
03/10/2019 15:00,0.089580846,0.0294438
03/10/2019 16:00,0.026089802,0.008575303
03/10/2019 17:00,0.011108685,0.003651248
03/10/2019 18:00,0.075901678,0.024947675
03/10/2019 19:00,0.178079817,0.058532005
03/10/2019 20:00,0.23582472,0.077511837
03/10/2019 21:00,0.28166483,0.092578753
03/10/2019 22:00,0.330069983,0.108488757
03/10/2019 23:00,0.372001362,0.122270935
03/11/2019 00:00,0.303691261,0.09981849
03/11/2019 01:00,0.281944195,0.092670575
03/11/2019 02:00,0.416723806,0.136970491
03/11/2019 03:00,0.546766137,0.179713338
03/11/2019 04:00,0.501607245,0.164870329
03/11/2019 05:00,0.519243831,0.170667194
03/11/2019 06:00,0.652768962,0.214554782
03/11/2019 07:00,0.738440822,0.242713761
03/11/2019 08:00,0.748460716,0.246007141
03/11/2019 09:00,0.787493054,0.25883645
03/11/2019 10:00,0.81189719,0.266857701
03/11/2019 11:00,0.814885491,0.267839909
03/11/2019 12:00,0.824213596,0.270905908
03/11/2019 13:00,0.771470795,0.253570188
03/11/2019 14:00,0.585672791,0.192501337
03/11/2019 15:00,0.427519652,0.140518914
03/11/2019 16:00,0.342903328,0.112706873
03/11/2019 17:00,0.231363536,0.076045517
03/11/2019 18:00,0.28797009,0.094651191
03/11/2019 19:00,0.502989793,0.16532475
03/11/2019 20:00,0.736624577,0.24211679
03/11/2019 21:00,0.874703536,0.287501149
03/11/2019 22:00,0.908871246,0.298731532
03/11/2019 23:00,0.91,0.299102536
03/12/2019 00:00,0.91,0.299102536
03/12/2019 01:00,0.91,0.299102536
03/12/2019 02:00,0.908733643,0.298686304
03/12/2019 03:00,0.841720079,0.276660011
03/12/2019 04:00,0.67547968,0.222019434
03/12/2019 05:00,0.530620322,0.174406466
03/12/2019 06:00,0.538409141,0.176966527
03/12/2019 07:00,0.595139685,0.195612955
03/12/2019 08:00,0.688250384,0.226216962
03/12/2019 09:00,0.738244111,0.242649105
03/12/2019 10:00,0.704539284,0.231570864
03/12/2019 11:00,0.672495196,0.221038482
03/12/2019 12:00,0.749077676,0.246209926
03/12/2019 13:00,0.758248557,0.249224249
03/12/2019 14:00,0.814582558,0.267740339
03/12/2019 15:00,0.860461517,0.282820024
03/12/2019 16:00,0.884269137,0.29064521
03/12/2019 17:00,0.906428918,0.297928778
03/12/2019 18:00,0.903770732,0.297055074
03/12/2019 19:00,0.840339191,0.276206135
03/12/2019 20:00,0.599635157,0.197090545
03/12/2019 21:00,0.293368292,0.096425495
03/12/2019 22:00,0.101870658,0.033483266
03/12/2019 23:00,0.033290227,0.010941969
3/13/2019 0:00,0.045189967,0.014853224
3/13/2019 1:00,0.179470017,0.058988942
3/13/2019 2:00,0.430493107,0.141496242
3/13/2019 3:00,0.6732621,0.221290551
3/13/2019 4:00,0.789895116,0.259625969
3/13/2019 5:00,0.846512379,0.278235164
3/13/2019 6:00,0.875375057,0.287721867
3/13/2019 7:00,0.861184822,0.283057763
3/13/2019 8:00,0.773623067,0.254277606
3/13/2019 9:00,0.704992953,0.231719978
3/13/2019 10:00,0.634494159,0.208548145
3/13/2019 11:00,0.608224678,0.199913784
3/13/2019 12:00,0.633748264,0.208302981
3/13/2019 13:00,0.688312749,0.22623746
3/13/2019 14:00,0.728206779,0.239349993
3/13/2019 15:00,0.763804412,0.25105037
3/13/2019 16:00,0.760209692,0.249868842
3/13/2019 17:00,0.712318088,0.234127633
3/13/2019 18:00,0.631039009,0.207412492
3/13/2019 19:00,0.569511452,0.187189362
3/13/2019 20:00,0.464030651,0.152519499
3/13/2019 21:00,0.273739284,0.089973752
3/13/2019 22:00,0.109948867,0.036138445
3/13/2019 23:00,0.156941993,0.051584338
3/14/2019 0:00,0.247559428,0.081368849
3/14/2019 1:00,0.216461734,0.071147531
3/14/2019 2:00,0.474177388,0.15585457
3/14/2019 3:00,0.757557436,0.248997088
3/14/2019 4:00,0.706237632,0.232129084
3/14/2019 5:00,0.663436234,0.218060945
3/14/2019 6:00,0.606692228,0.199410092
3/14/2019 7:00,0.596015041,0.19590067
3/14/2019 8:00,0.48633201,0.159849602
3/14/2019 9:00,0.482953903,0.158739272
3/14/2019 10:00,0.722904612,0.237607256
3/14/2019 11:00,0.730356656,0.240056624
3/14/2019 12:00,0.713323394,0.234458061
3/14/2019 13:00,0.672710589,0.221109278
3/14/2019 14:00,0.648246313,0.213068259
3/14/2019 15:00,0.633480409,0.208214942
3/14/2019 16:00,0.601497302,0.197702603
3/14/2019 17:00,0.599034134,0.196892998
3/14/2019 18:00,0.615720546,0.202377557
3/14/2019 19:00,0.665633184,0.218783047
3/14/2019 20:00,0.653212336,0.214700512
3/14/2019 21:00,0.731422154,0.240406836
3/14/2019 22:00,0.769134549,0.252802301
3/14/2019 23:00,0.774705,0.25463322
3/15/2019 0:00,0.794276929,0.261066202
3/15/2019 1:00,0.715170237,0.235065089
3/15/2019 2:00,0.562897483,0.185015456
3/15/2019 3:00,0.422287476,0.138799181
3/15/2019 4:00,0.315795046,0.103796812
3/15/2019 5:00,0.318427013,0.104661898
3/15/2019 6:00,0.374891782,0.12322097
3/15/2019 7:00,0.48153347,0.158272398
3/15/2019 8:00,0.651338931,0.214084754
3/15/2019 9:00,0.762948922,0.250769184
3/15/2019 10:00,0.881833493,0.289844653
3/15/2019 11:00,0.887856153,0.291824205
3/15/2019 12:00,0.876265717,0.288014613
3/15/2019 13:00,0.883963751,0.290544834
3/15/2019 14:00,0.886308814,0.291315619
3/15/2019 15:00,0.906190376,0.297850373
3/15/2019 16:00,0.907619662,0.298320156
3/15/2019 17:00,0.908725142,0.29868351
3/15/2019 18:00,0.908669654,0.298665272
3/15/2019 19:00,0.905748445,0.297705117
3/15/2019 20:00,0.903763007,0.297052535
3/15/2019 21:00,0.900083996,0.295843303
3/15/2019 22:00,0.877293028,0.288352274
3/15/2019 23:00,0.858108688,0.282046686
3/16/2019 0:00,0.832407334,0.27359906
3/16/2019 1:00,0.793413481,0.2607824
3/16/2019 2:00,0.745419094,0.245007408
3/16/2019 3:00,0.657334412,0.216055373
3/16/2019 4:00,0.543298242,0.178573496
3/16/2019 5:00,0.387663244,0.127418746
3/16/2019 6:00,0.248682458,0.081737971
3/16/2019 7:00,0.149466542,0.049127276
3/16/2019 8:00,0.107011544,0.035172994
3/16/2019 9:00,0.074993996,0.024649335
3/16/2019 10:00,0.053040722,0.017433642
3/16/2019 11:00,0.0200133,0.006578053
3/16/2019 12:00,0.005030143,0.001653328
3/16/2019 13:00,0,0
3/16/2019 14:00,0,0
3/16/2019 15:00,0,0
3/16/2019 16:00,0.01309503,0.004304128
3/16/2019 17:00,0.037353268,0.012277425
3/16/2019 18:00,0.057109613,0.018771022
3/16/2019 19:00,0.093338777,0.030678972
3/16/2019 20:00,0.151557028,0.049814386
3/16/2019 21:00,0.211949653,0.069664482
3/16/2019 22:00,0.172028472,0.056543024
3/16/2019 23:00,0.222477111,0.07312469
3/17/2019 0:00,0.286407483,0.094137587
3/17/2019 1:00,0.347617786,0.114256441
3/17/2019 2:00,0.378772831,0.124496609
3/17/2019 3:00,0.387544519,0.127379723
3/17/2019 4:00,0.508603725,0.16716996
3/17/2019 5:00,0.513304239,0.168714945
3/17/2019 6:00,0.443519182,0.145777706
3/17/2019 7:00,0.432953563,0.142304954
3/17/2019 8:00,0.581281065,0.191057847
3/17/2019 9:00,0.769905102,0.253055569
3/17/2019 10:00,0.88937504,0.292323439
3/17/2019 11:00,0.897362441,0.294948771
3/17/2019 12:00,0.905806833,0.297724308
3/17/2019 13:00,0.908037015,0.298457334
3/17/2019 14:00,0.90760323,0.298314756
3/17/2019 15:00,0.897878658,0.295118443
3/17/2019 16:00,0.876899359,0.288222881
3/17/2019 17:00,0.856216498,0.281424753
3/17/2019 18:00,0.831571416,0.273324307
3/17/2019 19:00,0.803940415,0.264242436
3/17/2019 20:00,0.77050235,0.253251876
3/17/2019 21:00,0.703776715,0.23132022
3/17/2019 22:00,0.68476771,0.225072262
3/17/2019 23:00,0.57043528,0.18749301
3/18/2019 0:00,0.450086614,0.147936316
3/18/2019 1:00,0.344280974,0.113159684
3/18/2019 2:00,0.251750385,0.08274635
3/18/2019 3:00,0.169791248,0.055807684
3/18/2019 4:00,0.098944806,0.032521585
3/18/2019 5:00,0.059124797,0.019433381
3/18/2019 6:00,0.018413852,0.006052341
3/18/2019 7:00,0,0
3/18/2019 8:00,0,0
3/18/2019 9:00,0,0
3/18/2019 10:00,0,0
3/18/2019 11:00,0,0
3/18/2019 12:00,0,0
3/18/2019 13:00,0.000576528,0.000189496
3/18/2019 14:00,0.008374957,0.002752715
3/18/2019 15:00,0.013374248,0.004395903
3/18/2019 16:00,0.019181469,0.006304644
3/18/2019 17:00,0.041228109,0.013551024
3/18/2019 18:00,0.083405233,0.027413974
3/18/2019 19:00,0.128912053,0.042371343
3/18/2019 20:00,0.187087044,0.061492538
3/18/2019 21:00,0.214828132,0.070610592
3/18/2019 22:00,0.268579492,0.08827781
3/18/2019 23:00,0.230413081,0.075733117
3/19/2019 0:00,0.202973589,0.066714192
3/19/2019 1:00,0.193278238,0.063527485
3/19/2019 2:00,0.195046847,0.064108799
3/19/2019 3:00,0.192373686,0.063230173
3/19/2019 4:00,0.235268227,0.077328927
3/19/2019 5:00,0.278246208,0.091455106
3/19/2019 6:00,0.304138341,0.099965439
3/19/2019 7:00,0.306407339,0.100711222
3/19/2019 8:00,0.315018885,0.1035417
3/19/2019 9:00,0.339956953,0.111738447
3/19/2019 10:00,0.391818081,0.128784375
3/19/2019 11:00,0.406638914,0.133655748
3/19/2019 12:00,0.480774323,0.158022878
3/19/2019 13:00,0.627038247,0.206097505
3/19/2019 14:00,0.724699086,0.238197071
3/19/2019 15:00,0.719571248,0.236511632
3/19/2019 16:00,0.801987353,0.263600495
3/19/2019 17:00,0.809748311,0.266151399
3/19/2019 18:00,0.791094616,0.260020226
3/19/2019 19:00,0.768853545,0.252709939
3/19/2019 20:00,0.730459477,0.24009042
3/19/2019 21:00,0.722769265,0.237562769
3/19/2019 22:00,0.660600699,0.21712895
3/19/2019 23:00,0.687838932,0.226081724
3/20/2019 0:00,0.701747016,0.23065309
3/20/2019 1:00,0.726851519,0.238904541
3/20/2019 2:00,0.704490004,0.231554667
3/20/2019 3:00,0.651015512,0.213978451
3/20/2019 4:00,0.634520206,0.208556706
3/20/2019 5:00,0.632859566,0.20801088
3/20/2019 6:00,0.557065803,0.183098675
3/20/2019 7:00,0.434390316,0.142777192
3/20/2019 8:00,0.38670684,0.127104392
3/20/2019 9:00,0.364754735,0.119889084
3/20/2019 10:00,0.394002712,0.129502429
3/20/2019 11:00,0.323756798,0.106413713
3/20/2019 12:00,0.32751049,0.107647492
3/20/2019 13:00,0.280247198,0.092112799
3/20/2019 14:00,0.33619023,0.110500385
3/20/2019 15:00,0.537405706,0.176636714
3/20/2019 16:00,0.791604019,0.260187659
3/20/2019 17:00,0.874938939,0.287578522
3/20/2019 18:00,0.888565933,0.292057499
3/20/2019 19:00,0.890899685,0.292824566
3/20/2019 20:00,0.884179327,0.290615691
3/20/2019 21:00,0.877730018,0.288495906
3/20/2019 22:00,0.849733552,0.279293912
3/20/2019 23:00,0.81624657,0.268287273
3/21/2019 0:00,0.813656988,0.267436119
3/21/2019 1:00,0.777611461,0.255588527
3/21/2019 2:00,0.518991093,0.170584123
3/21/2019 3:00,0.259968593,0.085447544
3/21/2019 4:00,0.167650471,0.055104045
3/21/2019 5:00,0.177487485,0.058337315
3/21/2019 6:00,0.264136299,0.086817403
3/21/2019 7:00,0.296843646,0.097567788
3/21/2019 8:00,0.241252168,0.079295753
3/21/2019 9:00,0.150634283,0.049511095
3/21/2019 10:00,0.082565891,0.027138096
3/21/2019 11:00,0.082748031,0.027197963
3/21/2019 12:00,0.100519132,0.033039041
3/21/2019 13:00,0.066883139,0.021983425
3/21/2019 14:00,0.048746034,0.016022047
3/21/2019 15:00,0.027749319,0.00912076
3/21/2019 16:00,0,0
3/21/2019 17:00,0,0
3/21/2019 18:00,0.115043715,0.03781304
3/21/2019 19:00,0.281365155,0.092480254
3/21/2019 20:00,0.651735628,0.214215142
3/21/2019 21:00,0.826912444,0.271792977
3/21/2019 22:00,0.81446053,0.26770023
3/21/2019 23:00,0.748183763,0.245916111
3/22/2019 0:00,0.723162369,0.237691976
3/22/2019 1:00,0.738831527,0.242842179
3/22/2019 2:00,0.732654373,0.240811847
3/22/2019 3:00,0.731437601,0.240411913
3/22/2019 4:00,0.766628492,0.2519786
3/22/2019 5:00,0.823619095,0.270710505
3/22/2019 6:00,0.849169002,0.279108354
3/22/2019 7:00,0.866199639,0.284706053
3/22/2019 8:00,0.894565275,0.294029387
3/22/2019 9:00,0.905488872,0.2976198
3/22/2019 10:00,0.88731143,0.291645164
3/22/2019 11:00,0.86756532,0.285154931
3/22/2019 12:00,0.831052903,0.27315388
3/22/2019 13:00,0.799482863,0.262777309
3/22/2019 14:00,0.810443325,0.266379839
3/22/2019 15:00,0.862287357,0.283420148
3/22/2019 16:00,0.890560822,0.292713187
3/22/2019 17:00,0.906700972,0.298018198
3/22/2019 18:00,0.91,0.299102536
3/22/2019 19:00,0.91,0.299102536
3/22/2019 20:00,0.91,0.299102536
3/22/2019 21:00,0.91,0.299102536
3/22/2019 22:00,0.91,0.299102536
3/22/2019 23:00,0.91,0.299102536
3/23/2019 0:00,0.91,0.299102536
3/23/2019 1:00,0.91,0.299102536
3/23/2019 2:00,0.91,0.299102536
3/23/2019 3:00,0.91,0.299102536
3/23/2019 4:00,0.91,0.299102536
3/23/2019 5:00,0.91,0.299102536
3/23/2019 6:00,0.91,0.299102536
3/23/2019 7:00,0.91,0.299102536
3/23/2019 8:00,0.91,0.299102536
3/23/2019 9:00,0.91,0.299102536
3/23/2019 10:00,0.91,0.299102536
3/23/2019 11:00,0.91,0.299102536
3/23/2019 12:00,0.91,0.299102536
3/23/2019 13:00,0.90937942,0.298898561
3/23/2019 14:00,0.905093852,0.297489963
3/23/2019 15:00,0.883037614,0.290240428
3/23/2019 16:00,0.860651488,0.282882464
3/23/2019 17:00,0.820482124,0.269679433
3/23/2019 18:00,0.772732089,0.253984755
3/23/2019 19:00,0.751771078,0.247095204
3/23/2019 20:00,0.771805819,0.253680305
3/23/2019 21:00,0.737538526,0.242417191
3/23/2019 22:00,0.674023748,0.221540892
3/23/2019 23:00,0.720071328,0.236676
3/24/2019 0:00,0.731699152,0.240497881
3/24/2019 1:00,0.752377251,0.247294443
3/24/2019 2:00,0.735763967,0.241833921
3/24/2019 3:00,0.748547405,0.246035634
3/24/2019 4:00,0.807575234,0.265437143
3/24/2019 5:00,0.848331795,0.278833177
3/24/2019 6:00,0.863794496,0.283915521
3/24/2019 7:00,0.871091421,0.286313904
3/24/2019 8:00,0.895006918,0.294174548
3/24/2019 9:00,0.901616177,0.296346906
3/24/2019 10:00,0.892529263,0.293360182
3/24/2019 11:00,0.90567883,0.297682236
3/24/2019 12:00,0.903626401,0.297007635
3/24/2019 13:00,0.905054727,0.297477103
3/24/2019 14:00,0.906271137,0.297876918
3/24/2019 15:00,0.90773758,0.298358914
3/24/2019 16:00,0.91,0.299102536
3/24/2019 17:00,0.91,0.299102536
3/24/2019 18:00,0.91,0.299102536
3/24/2019 19:00,0.91,0.299102536
3/24/2019 20:00,0.91,0.299102536
3/24/2019 21:00,0.91,0.299102536
3/24/2019 22:00,0.899034049,0.295498202
3/24/2019 23:00,0.87449283,0.287431893
3/25/2019 0:00,0.872035132,0.286624087
3/25/2019 1:00,0.852376027,0.280162452
3/25/2019 2:00,0.822240963,0.270257535
3/25/2019 3:00,0.803222696,0.264006533
3/25/2019 4:00,0.774305825,0.254502017
3/25/2019 5:00,0.763772677,0.251039939
3/25/2019 6:00,0.719827096,0.236595725
3/25/2019 7:00,0.591066074,0.194274024
3/25/2019 8:00,0.457551098,0.150389773
3/25/2019 9:00,0.389766937,0.128110197
3/25/2019 10:00,0.350285424,0.115133251
3/25/2019 11:00,0.327438409,0.1076238
3/25/2019 12:00,0.422936546,0.13901252
3/25/2019 13:00,0.463323392,0.152287034
3/25/2019 14:00,0.451655974,0.14845214
3/25/2019 15:00,0.498997477,0.164012539
3/25/2019 16:00,0.370145893,0.121661072
3/25/2019 17:00,0.328036217,0.10782029
3/25/2019 18:00,0.396950447,0.130471302
3/25/2019 19:00,0.392792403,0.129104619
3/25/2019 20:00,0.385452468,0.126692099
3/25/2019 21:00,0.447790491,0.147181617
3/25/2019 22:00,0.39483285,0.129775282
3/25/2019 23:00,0.422901109,0.139000872
3/26/2019 0:00,0.478556706,0.157293983
3/26/2019 1:00,0.557376017,0.183200637
3/26/2019 2:00,0.630959188,0.207386256
3/26/2019 3:00,0.71925271,0.236406933
3/26/2019 4:00,0.767442602,0.252246185
3/26/2019 5:00,0.790851912,0.259940453
3/26/2019 6:00,0.803539664,0.264110715
3/26/2019 7:00,0.811810058,0.266829062
3/26/2019 8:00,0.805918571,0.264892624
3/26/2019 9:00,0.807928556,0.265553275
3/26/2019 10:00,0.818463369,0.2690159
3/26/2019 11:00,0.871575822,0.286473119
3/26/2019 12:00,0.873051607,0.286958186
3/26/2019 13:00,0.895794706,0.294433481
3/26/2019 14:00,0.899073207,0.295511072
3/26/2019 15:00,0.906006498,0.297789935
3/26/2019 16:00,0.905280175,0.297551204
3/26/2019 17:00,0.896641754,0.294711893
3/26/2019 18:00,0.877027385,0.288264961
3/26/2019 19:00,0.86127824,0.283088468
3/26/2019 20:00,0.852033336,0.280049815
3/26/2019 21:00,0.840509938,0.276262257
3/26/2019 22:00,0.856887906,0.281645435
3/26/2019 23:00,0.850271231,0.279470639
3/27/2019 0:00,0.821287676,0.269944205
3/27/2019 1:00,0.794707068,0.261207581
3/27/2019 2:00,0.778657942,0.255932489
3/27/2019 3:00,0.776083694,0.255086374
3/27/2019 4:00,0.776878149,0.255347499
3/27/2019 5:00,0.792317928,0.260422309
3/27/2019 6:00,0.808700809,0.265807102
3/27/2019 7:00,0.81732859,0.268642916
3/27/2019 8:00,0.802691717,0.263832009
3/27/2019 9:00,0.772542219,0.253922348
3/27/2019 10:00,0.726746936,0.238870167
3/27/2019 11:00,0.736398873,0.242042605
3/27/2019 12:00,0.797526415,0.262134256
3/27/2019 13:00,0.802624224,0.263809825
3/27/2019 14:00,0.817315789,0.268638709
3/27/2019 15:00,0.81157928,0.266753209
3/27/2019 16:00,0.803768023,0.264185773
3/27/2019 17:00,0.798414289,0.262426086
3/27/2019 18:00,0.795320546,0.261409222
3/27/2019 19:00,0.764324267,0.251221238
3/27/2019 20:00,0.761692372,0.250356176
3/27/2019 21:00,0.760293106,0.249896259
3/27/2019 22:00,0.765426756,0.251583608
3/27/2019 23:00,0.757910874,0.249113258
3/28/2019 0:00,0.775813954,0.254997715
3/28/2019 1:00,0.765503621,0.251608873
3/28/2019 2:00,0.755650694,0.248370372
3/28/2019 3:00,0.746859925,0.245480986
3/28/2019 4:00,0.749808413,0.246450107
3/28/2019 5:00,0.769252783,0.252841163
3/28/2019 6:00,0.785288228,0.258111758
3/28/2019 7:00,0.784254556,0.257772007
3/28/2019 8:00,0.79232777,0.260425544
3/28/2019 9:00,0.783084942,0.257387574
3/28/2019 10:00,0.812830996,0.267164629
3/28/2019 11:00,0.816336095,0.268316699
3/28/2019 12:00,0.810912862,0.266534168
3/28/2019 13:00,0.798724022,0.26252789
3/28/2019 14:00,0.774429708,0.254542736
3/28/2019 15:00,0.761722775,0.250366169
3/28/2019 16:00,0.761161922,0.250181825
3/28/2019 17:00,0.786061536,0.258365933
3/28/2019 18:00,0.816969217,0.268524796
3/28/2019 19:00,0.83302212,0.27380113
3/28/2019 20:00,0.849960602,0.27936854
3/28/2019 21:00,0.858374018,0.282133896
3/28/2019 22:00,0.841084502,0.276451107
3/28/2019 23:00,0.855899614,0.281320599
3/29/2019 0:00,0.865618553,0.28451506
3/29/2019 1:00,0.87462034,0.287473804
3/29/2019 2:00,0.87502151,0.287605662
3/29/2019 3:00,0.873214614,0.287011764
3/29/2019 4:00,0.866147835,0.284689026
3/29/2019 5:00,0.866870784,0.284926648
3/29/2019 6:00,0.872192932,0.286675953
3/29/2019 7:00,0.875976907,0.287919686
3/29/2019 8:00,0.879946585,0.289224456
3/29/2019 9:00,0.872230528,0.286688311
3/29/2019 10:00,0.864909791,0.284282101
3/29/2019 11:00,0.852629488,0.28024576
3/29/2019 12:00,0.760413866,0.249935951
3/29/2019 13:00,0.577017543,0.189656495
3/29/2019 14:00,0.386879325,0.127161085
3/29/2019 15:00,0.22895398,0.075253534
3/29/2019 16:00,0.173849324,0.057141509
3/29/2019 17:00,0.144649172,0.047543884
3/29/2019 18:00,0.126585047,0.041606493
3/29/2019 19:00,0.111064463,0.036505124
3/29/2019 20:00,0.12292775,0.040404398
3/29/2019 21:00,0.151941678,0.049940815
3/29/2019 22:00,0.170954041,0.056189876
3/29/2019 23:00,0.224953332,0.073938585
3/30/2019 0:00,0.271022067,0.089080646
3/30/2019 1:00,0.28070029,0.092261724
3/30/2019 2:00,0.3359982,0.110437268
3/30/2019 3:00,0.377064686,0.123935169
3/30/2019 4:00,0.431091504,0.141692925
3/30/2019 5:00,0.468863235,0.154107893
3/30/2019 6:00,0.512036057,0.168298113
3/30/2019 7:00,0.583921153,0.191925602
3/30/2019 8:00,0.629468225,0.2068962
3/30/2019 9:00,0.733906131,0.24122328
3/30/2019 10:00,0.843703563,0.277311951
3/30/2019 11:00,0.863923228,0.283957833
3/30/2019 12:00,0.884213539,0.290626936
3/30/2019 13:00,0.897201831,0.294895981
3/30/2019 14:00,0.90007097,0.295839021
3/30/2019 15:00,0.885594597,0.291080868
3/30/2019 16:00,0.857809114,0.281948221
3/30/2019 17:00,0.770808004,0.253352339
3/30/2019 18:00,0.567330457,0.186472504
3/30/2019 19:00,0.355058273,0.116702011
3/30/2019 20:00,0.239440011,0.078700126
3/30/2019 21:00,0.171552062,0.056386436
3/30/2019 22:00,0.128903453,0.042368516
3/30/2019 23:00,0.090082535,0.029608697
3/31/2019 0:00,0.056881224,0.018695954
3/31/2019 1:00,0.043233991,0.014210326
3/31/2019 2:00,0.044694155,0.014690258
3/31/2019 3:00,0.03471059,0.011408819
3/31/2019 4:00,0.018987779,0.006240981
3/31/2019 5:00,0.011343414,0.0037284
3/31/2019 6:00,0.005087122,0.001672056
3/31/2019 7:00,0,0
3/31/2019 8:00,0,0
3/31/2019 9:00,0.014284255,0.004695008
3/31/2019 10:00,0.062372939,0.020500994
3/31/2019 11:00,0.080484193,0.026453875
3/31/2019 12:00,0.094288221,0.030991039
3/31/2019 13:00,0.092334218,0.03034879
3/31/2019 14:00,0.082892079,0.027245309
3/31/2019 15:00,0.078550324,0.025818243
3/31/2019 16:00,0.067693321,0.022249719
3/31/2019 17:00,0.057686012,0.018960475
3/31/2019 18:00,0.065256631,0.021448817
3/31/2019 19:00,0.090471685,0.029736605
3/31/2019 20:00,0.136667894,0.044920564
3/31/2019 21:00,0.164312628,0.054006949
3/31/2019 22:00,0.186744371,0.061379906
3/31/2019 23:00,0.154141973,0.050664017
04/01/2019 00:00,0.120127253,0.039483919
04/01/2019 01:00,0.106585756,0.035033044
04/01/2019 02:00,0.121211009,0.039840132
04/01/2019 03:00,0.141478787,0.046501829
04/01/2019 04:00,0.173021665,0.056869471
04/01/2019 05:00,0.227840015,0.074887391
04/01/2019 06:00,0.307818494,0.101175046
04/01/2019 07:00,0.378429756,0.124383846
04/01/2019 08:00,0.428018542,0.140682891
04/01/2019 09:00,0.457762454,0.150459243
04/01/2019 10:00,0.466611047,0.153367634
04/01/2019 11:00,0.487410853,0.1602042
04/01/2019 12:00,0.584555924,0.192134241
04/01/2019 13:00,0.643237471,0.211421933
04/01/2019 14:00,0.614581195,0.20200307
04/01/2019 15:00,0.594675219,0.195460292
04/01/2019 16:00,0.582308749,0.19139563
04/01/2019 17:00,0.609882317,0.200458624
04/01/2019 18:00,0.630622575,0.207275617
04/01/2019 19:00,0.641808736,0.21095233
04/01/2019 20:00,0.661774714,0.21751483
04/01/2019 21:00,0.648800178,0.213250306
04/01/2019 22:00,0.467856562,0.153777016
04/01/2019 23:00,0.37296922,0.122589054
04/02/2019 00:00,0.225168153,0.074009193
04/02/2019 01:00,0.12842529,0.042211352
04/02/2019 02:00,0.083767363,0.027533001
04/02/2019 03:00,0.077907548,0.025606973
04/02/2019 04:00,0.086955224,0.0285808
04/02/2019 05:00,0.060209352,0.019789857
04/02/2019 06:00,0.030369975,0.009982128
04/02/2019 07:00,0.011434674,0.003758396
04/02/2019 08:00,0,0
04/02/2019 09:00,0,0
04/02/2019 10:00,0.000444223,0.000146009
04/02/2019 11:00,0.018680006,0.006139821
04/02/2019 12:00,0.048395926,0.015906971
04/02/2019 13:00,0.099327284,0.0326473
04/02/2019 14:00,0.182103647,0.059854574
04/02/2019 15:00,0.314648954,0.10342011
04/02/2019 16:00,0.5263297,0.172996206
04/02/2019 17:00,0.67381849,0.221473427
04/02/2019 18:00,0.797223327,0.262034636
04/02/2019 19:00,0.871205254,0.286351319
04/02/2019 20:00,0.90575349,0.297706775
04/02/2019 21:00,0.91,0.299102536
04/02/2019 22:00,0.91,0.299102536
04/02/2019 23:00,0.91,0.299102536
04/03/2019 00:00,0.91,0.299102536
04/03/2019 01:00,0.91,0.299102536
04/03/2019 02:00,0.91,0.299102536
04/03/2019 03:00,0.91,0.299102536
04/03/2019 04:00,0.91,0.299102536
04/03/2019 05:00,0.91,0.299102536
04/03/2019 06:00,0.91,0.299102536
04/03/2019 07:00,0.91,0.299102536
04/03/2019 08:00,0.91,0.299102536
04/03/2019 09:00,0.91,0.299102536
04/03/2019 10:00,0.91,0.299102536
04/03/2019 11:00,0.909369976,0.298895457
04/03/2019 12:00,0.91,0.299102536
04/03/2019 13:00,0.91,0.299102536
04/03/2019 14:00,0.903503368,0.296967196
04/03/2019 15:00,0.767592366,0.25229541
04/03/2019 16:00,0.416805113,0.136997216
04/03/2019 17:00,0.266891395,0.087722959
04/03/2019 18:00,0.15547533,0.05110227
04/03/2019 19:00,0.08919297,0.029316312
04/03/2019 20:00,0.051362999,0.016882201
04/03/2019 21:00,0.051517617,0.016933022
04/03/2019 22:00,0.066948905,0.022005041
04/03/2019 23:00,0.113108636,0.037177011
04/04/2019 00:00,0.2599694,0.08544781
04/04/2019 01:00,0.459844118,0.151143452
04/04/2019 02:00,0.648623311,0.213192172
04/04/2019 03:00,0.706795636,0.232312491
04/04/2019 04:00,0.695824337,0.2287064
04/04/2019 05:00,0.682505289,0.22432864
04/04/2019 06:00,0.729697505,0.239839971
04/04/2019 07:00,0.809796746,0.266167319
04/04/2019 08:00,0.839431671,0.275907848
04/04/2019 09:00,0.852035103,0.280050395
04/04/2019 10:00,0.845302459,0.277837482
04/04/2019 11:00,0.755349586,0.248271403
04/04/2019 12:00,0.737910165,0.242539342
04/04/2019 13:00,0.737881016,0.242529761
04/04/2019 14:00,0.59038781,0.194051089
04/04/2019 15:00,0.474555789,0.155978945
04/04/2019 16:00,0.393219986,0.129245159
04/04/2019 17:00,0.273342367,0.089843291
04/04/2019 18:00,0.179052027,0.058851555
04/04/2019 19:00,0.198772247,0.065333278
04/04/2019 20:00,0.181287852,0.059586436
04/04/2019 21:00,0.136401829,0.044833113
04/04/2019 22:00,0.110449303,0.03630293
04/04/2019 23:00,0.14362311,0.047206633
04/05/2019 00:00,0.153154577,0.050339475
04/05/2019 01:00,0.184433605,0.060620394
04/05/2019 02:00,0.203800162,0.066985874
04/05/2019 03:00,0.225895636,0.074248305
04/05/2019 04:00,0.262439392,0.086259657
04/05/2019 05:00,0.263655636,0.086659417
04/05/2019 06:00,0.235039728,0.077253823
04/05/2019 07:00,0.209778175,0.068950752
04/05/2019 08:00,0.17410277,0.057224813
04/05/2019 09:00,0.147210949,0.048385899
04/05/2019 10:00,0.141196959,0.046409196
04/05/2019 11:00,0.094197056,0.030961075
04/05/2019 12:00,0.054761184,0.017999131
04/05/2019 13:00,0.039832813,0.013092413
04/05/2019 14:00,0.043849133,0.014412513
04/05/2019 15:00,0.038953398,0.012803363
04/05/2019 16:00,0.036531992,0.012007485
04/05/2019 17:00,0.022888809,0.007523188
04/05/2019 18:00,0.01117271,0.003672292
04/05/2019 19:00,0,0
04/05/2019 20:00,0,0
04/05/2019 21:00,0,0
04/05/2019 22:00,0,0
04/05/2019 23:00,0,0
04/06/2019 00:00,0,0
04/06/2019 01:00,0,0
04/06/2019 02:00,0.010875162,0.003574493
04/06/2019 03:00,0.037728969,0.012400913
04/06/2019 04:00,0.048034432,0.015788154
04/06/2019 05:00,0.059957108,0.019706948
04/06/2019 06:00,0.080649252,0.026508127
04/06/2019 07:00,0.106863091,0.035124199
04/06/2019 08:00,0.153106334,0.050323618
04/06/2019 09:00,0.216926451,0.071300276
04/06/2019 10:00,0.229904919,0.075566093
04/06/2019 11:00,0.236445342,0.077715826
04/06/2019 12:00,0.304664611,0.100138415
04/06/2019 13:00,0.344049124,0.113083479
04/06/2019 14:00,0.380985248,0.125223795
04/06/2019 15:00,0.465534399,0.153013757
04/06/2019 16:00,0.535580139,0.176036679
04/06/2019 17:00,0.519672059,0.170807946
04/06/2019 18:00,0.47498579,0.156120279
04/06/2019 19:00,0.486113399,0.159777748
04/06/2019 20:00,0.477080849,0.156808892
04/06/2019 21:00,0.460772527,0.151448606
04/06/2019 22:00,0.533924415,0.175492469
04/06/2019 23:00,0.482968429,0.158744046
04/07/2019 00:00,0.469548692,0.154333192
04/07/2019 01:00,0.493453917,0.162190459
04/07/2019 02:00,0.495040021,0.162711786
04/07/2019 03:00,0.501881449,0.164960455
04/07/2019 04:00,0.489576817,0.160916118
04/07/2019 05:00,0.485431749,0.1595537
04/07/2019 06:00,0.493707262,0.16227373
04/07/2019 07:00,0.474797296,0.156058324
04/07/2019 08:00,0.464855096,0.152790481
04/07/2019 09:00,0.43858807,0.144156927
04/07/2019 10:00,0.445357482,0.146381925
04/07/2019 11:00,0.420046738,0.138062686
04/07/2019 12:00,0.408287827,0.134197719
04/07/2019 13:00,0.451915508,0.148537444
04/07/2019 14:00,0.465402516,0.15297041
04/07/2019 15:00,0.500553923,0.164524118
04/07/2019 16:00,0.478281687,0.157203588
04/07/2019 17:00,0.447914795,0.147222474
04/07/2019 18:00,0.464612675,0.152710801
04/07/2019 19:00,0.46746965,0.153649844
04/07/2019 20:00,0.481143076,0.158144081
04/07/2019 21:00,0.480952428,0.158081418
04/07/2019 22:00,0.50253996,0.165176897
04/07/2019 23:00,0.412477901,0.13557493
04/08/2019 00:00,0.361087611,0.118683758
04/08/2019 01:00,0.366486096,0.120458154
04/08/2019 02:00,0.342170864,0.112466124
04/08/2019 03:00,0.322754612,0.106084311
04/08/2019 04:00,0.307955311,0.101220016
04/08/2019 05:00,0.297917404,0.097920715
04/08/2019 06:00,0.285984079,0.093998421
04/08/2019 07:00,0.234866349,0.077196836
04/08/2019 08:00,0.21068618,0.069249198
04/08/2019 09:00,0.200356036,0.065853844
04/08/2019 10:00,0.151104734,0.049665724
04/08/2019 11:00,0.173570144,0.057049748
04/08/2019 12:00,0.16029571,0.052686652
04/08/2019 13:00,0.134445266,0.044190022
04/08/2019 14:00,0.121908414,0.040069358
04/08/2019 15:00,0.118166589,0.03883948
04/08/2019 16:00,0.113979169,0.037463141
04/08/2019 17:00,0.115173606,0.037855734
04/08/2019 18:00,0.141555996,0.046527206
04/08/2019 19:00,0.171912685,0.056504967
04/08/2019 20:00,0.205305753,0.067480738
04/08/2019 21:00,0.22858535,0.075132371
04/08/2019 22:00,0.245166296,0.080582265
04/08/2019 23:00,0.337219375,0.110838648
04/09/2019 00:00,0.440122348,0.14466122
04/09/2019 01:00,0.481038569,0.158109732
04/09/2019 02:00,0.492329186,0.161820778
04/09/2019 03:00,0.460287266,0.151289108
04/09/2019 04:00,0.401406218,0.131935844
04/09/2019 05:00,0.338428466,0.111236058
04/09/2019 06:00,0.301622679,0.09913858
04/09/2019 07:00,0.247787873,0.081443935
04/09/2019 08:00,0.195762134,0.064343902
04/09/2019 09:00,0.168183508,0.055279246
04/09/2019 10:00,0.227897797,0.074906384
04/09/2019 11:00,0.19920181,0.065474469
04/09/2019 12:00,0.1781026,0.058539494
04/09/2019 13:00,0.150553515,0.049484548
04/09/2019 14:00,0.127159991,0.041795468
04/09/2019 15:00,0.115746828,0.038044143
04/09/2019 16:00,0.10465897,0.03439974
04/09/2019 17:00,0.088266815,0.029011899
04/09/2019 18:00,0.075510755,0.024819185
04/09/2019 19:00,0.074389638,0.024450692
04/09/2019 20:00,0.071025912,0.023345088
04/09/2019 21:00,0.070995569,0.023335115
04/09/2019 22:00,0.098169391,0.032266719
04/09/2019 23:00,0.082902025,0.027248578
04/10/2019 00:00,0.072951913,0.023978134
04/10/2019 01:00,0.053693326,0.017648143
04/10/2019 02:00,0.037169685,0.012217085
04/10/2019 03:00,0.024773595,0.008142687
04/10/2019 04:00,0.01723611,0.005665236
04/10/2019 05:00,0.021292046,0.006998357
04/10/2019 06:00,0.027307275,0.008975467
04/10/2019 07:00,0.022826069,0.007502566
04/10/2019 08:00,0.013213289,0.004342998
04/10/2019 09:00,0.008246464,0.002710482
04/10/2019 10:00,0.020259578,0.006659001
04/10/2019 11:00,0.019873151,0.006531989
04/10/2019 12:00,0.019488719,0.006405632
04/10/2019 13:00,0.016958449,0.005573973
04/10/2019 14:00,0.011464646,0.003768247
04/10/2019 15:00,0.003964562,0.001303088
04/10/2019 16:00,0,0
04/10/2019 17:00,0.001517812,0.000498881
04/10/2019 18:00,0.008924741,0.002933421
04/10/2019 19:00,0.016687485,0.005484911
04/10/2019 20:00,0.018747676,0.006162063
04/10/2019 21:00,0.015223927,0.005003863
04/10/2019 22:00,0.016818119,0.005527849
04/10/2019 23:00,0.01312936,0.004315412
04/11/2019 00:00,0.009401588,0.003090152
04/11/2019 01:00,0.0065159,0.002141673
04/11/2019 02:00,0.004715671,0.001549966
04/11/2019 03:00,0.001721234,0.000565742
04/11/2019 04:00,0.000373038,0.000122612
04/11/2019 05:00,0,0
04/11/2019 06:00,0,0
04/11/2019 07:00,0,0
04/11/2019 08:00,0,0
04/11/2019 09:00,0,0
04/11/2019 10:00,0,0
04/11/2019 11:00,0,0
04/11/2019 12:00,0,0
04/11/2019 13:00,0,0
04/11/2019 14:00,0,0
04/11/2019 15:00,0,0
04/11/2019 16:00,0,0
04/11/2019 17:00,0,0
04/11/2019 18:00,0,0
04/11/2019 19:00,0.001772059,0.000582448
04/11/2019 20:00,0.001026818,0.000337499
04/11/2019 21:00,0.001117652,0.000367354
04/11/2019 22:00,0.001744267,0.000573313
04/11/2019 23:00,0,0
04/12/2019 00:00,0,0
04/12/2019 01:00,0,0
04/12/2019 02:00,0,0
04/12/2019 03:00,0,0
04/12/2019 04:00,0.0087589,0.002878911
04/12/2019 05:00,0.034693849,0.011403317
04/12/2019 06:00,0.095902243,0.031521543
04/12/2019 07:00,0.207131194,0.068080731
04/12/2019 08:00,0.373323631,0.122705543
04/12/2019 09:00,0.477503241,0.156947725
04/12/2019 10:00,0.486124882,0.159781522
04/12/2019 11:00,0.507971166,0.166962048
04/12/2019 12:00,0.597690754,0.196451451
04/12/2019 13:00,0.621868473,0.204398283
04/12/2019 14:00,0.637120999,0.209411545
04/12/2019 15:00,0.636974681,0.209363453
04/12/2019 16:00,0.663069747,0.217940486
04/12/2019 17:00,0.697026034,0.229101378
04/12/2019 18:00,0.712976122,0.234343919
04/12/2019 19:00,0.728123945,0.239322767
04/12/2019 20:00,0.728608001,0.239481869
04/12/2019 21:00,0.728341597,0.239394306
04/12/2019 22:00,0.684471011,0.224974742
04/12/2019 23:00,0.654315689,0.215063167
4/13/2019 0:00,0.654348529,0.215073961
4/13/2019 1:00,0.690326316,0.226899288
4/13/2019 2:00,0.713845541,0.234629683
4/13/2019 3:00,0.696037164,0.228776352
4/13/2019 4:00,0.647451056,0.212806871
4/13/2019 5:00,0.609010322,0.200172013
4/13/2019 6:00,0.606971701,0.199501951
4/13/2019 7:00,0.636181521,0.209102754
4/13/2019 8:00,0.661206805,0.217328167
4/13/2019 9:00,0.66867033,0.219781309
4/13/2019 10:00,0.72102541,0.236989592
4/13/2019 11:00,0.757061766,0.248834169
4/13/2019 12:00,0.79158996,0.260183038
4/13/2019 13:00,0.815625217,0.268083045
4/13/2019 14:00,0.822885379,0.270469345
4/13/2019 15:00,0.83452497,0.274295093
4/13/2019 16:00,0.842485851,0.276911708
4/13/2019 17:00,0.832878223,0.273753833
4/13/2019 18:00,0.806586098,0.26511203
4/13/2019 19:00,0.772482998,0.253902883
4/13/2019 20:00,0.740325112,0.243333097
4/13/2019 21:00,0.726074796,0.238649245
4/13/2019 22:00,0.59384362,0.195186959
4/13/2019 23:00,0.621583796,0.204304714
4/14/2019 0:00,0.637069439,0.209394598
4/14/2019 1:00,0.645383045,0.212127149
4/14/2019 2:00,0.660926204,0.217235938
4/14/2019 3:00,0.630733127,0.207311953
4/14/2019 4:00,0.664657899,0.218462487
4/14/2019 5:00,0.735910382,0.241882046
4/14/2019 6:00,0.762303603,0.250557078
4/14/2019 7:00,0.758770749,0.249395885
4/14/2019 8:00,0.765319974,0.251548511
4/14/2019 9:00,0.782351674,0.25714656
4/14/2019 10:00,0.765447007,0.251590264
4/14/2019 11:00,0.72306,0.237658329
4/14/2019 12:00,0.686040151,0.225490493
4/14/2019 13:00,0.675826567,0.22213345
4/14/2019 14:00,0.676644869,0.222402413
4/14/2019 15:00,0.709991603,0.233362955
4/14/2019 16:00,0.739516382,0.24306728
4/14/2019 17:00,0.728339318,0.239393557
4/14/2019 18:00,0.72901603,0.239615981
4/14/2019 19:00,0.726936426,0.238932449
4/14/2019 20:00,0.729574468,0.239799531
4/14/2019 21:00,0.735538323,0.241759756
4/14/2019 22:00,0.655301109,0.215387059
4/14/2019 23:00,0.657427852,0.216086085
4/15/2019 0:00,0.685253852,0.225232049
4/15/2019 1:00,0.67085818,0.220500421
4/15/2019 2:00,0.653912233,0.214930557
4/15/2019 3:00,0.660623196,0.217136344
4/15/2019 4:00,0.695389947,0.228563622
4/15/2019 5:00,0.692244926,0.227529904
4/15/2019 6:00,0.742871867,0.244170175
4/15/2019 7:00,0.739240589,0.242976631
4/15/2019 8:00,0.776027486,0.2550679
4/15/2019 9:00,0.799275813,0.262709256
4/15/2019 10:00,0.804146224,0.264310082
4/15/2019 11:00,0.841106041,0.276458186
4/15/2019 12:00,0.838503082,0.275602635
4/15/2019 13:00,0.865864225,0.284595808
4/15/2019 14:00,0.894077201,0.293868965
4/15/2019 15:00,0.903665178,0.29702038
4/15/2019 16:00,0.908190406,0.298507751
4/15/2019 17:00,0.909617762,0.2989769
4/15/2019 18:00,0.91,0.299102536
4/15/2019 19:00,0.906765755,0.298039491
4/15/2019 20:00,0.902962571,0.296789445
4/15/2019 21:00,0.905000541,0.297459293
4/15/2019 22:00,0.908355764,0.298562101
4/15/2019 23:00,0.908768943,0.298697907
4/16/2019 0:00,0.908502861,0.29861045
4/16/2019 1:00,0.906178683,0.29784653
4/16/2019 2:00,0.894994508,0.294170469
4/16/2019 3:00,0.872572223,0.28680062
4/16/2019 4:00,0.860529438,0.282842348
4/16/2019 5:00,0.825153326,0.271214783
4/16/2019 6:00,0.79360163,0.260844242
4/16/2019 7:00,0.794278646,0.261066766
4/16/2019 8:00,0.842150128,0.276801361
4/16/2019 9:00,0.852085567,0.280066982
4/16/2019 10:00,0.803816018,0.264201549
4/16/2019 11:00,0.776003654,0.255060067
4/16/2019 12:00,0.753241662,0.247578562
4/16/2019 13:00,0.768211381,0.25249887
4/16/2019 14:00,0.786196569,0.258410316
4/16/2019 15:00,0.791496484,0.260152314
4/16/2019 16:00,0.798763515,0.262540871
4/16/2019 17:00,0.802762931,0.263855416
4/16/2019 18:00,0.806743273,0.265163691
4/16/2019 19:00,0.799337232,0.262729443
4/16/2019 20:00,0.789033912,0.259342905
4/16/2019 21:00,0.771767537,0.253667722
4/16/2019 22:00,0.72070727,0.236885024
4/16/2019 23:00,0.710223853,0.233439291
4/17/2019 0:00,0.686794842,0.225738548
4/17/2019 1:00,0.662069909,0.217611856
4/17/2019 2:00,0.631261357,0.207485574
4/17/2019 3:00,0.619203803,0.203522448
4/17/2019 4:00,0.603468235,0.198350417
4/17/2019 5:00,0.589873933,0.193882186
4/17/2019 6:00,0.589034928,0.193606418
4/17/2019 7:00,0.584503628,0.192117052
4/17/2019 8:00,0.574023408,0.18867237
4/17/2019 9:00,0.54497726,0.179125363
4/17/2019 10:00,0.53800993,0.176835313
4/17/2019 11:00,0.556022975,0.182755914
4/17/2019 12:00,0.543036778,0.178487557
4/17/2019 13:00,0.467478234,0.153652665
4/17/2019 14:00,0.428584496,0.140868912
4/17/2019 15:00,0.445718716,0.146500657
4/17/2019 16:00,0.458952396,0.150850358
4/17/2019 17:00,0.467869918,0.153781405
4/17/2019 18:00,0.491211662,0.161453466
4/17/2019 19:00,0.518119666,0.170297699
4/17/2019 20:00,0.482353202,0.158541831
4/17/2019 21:00,0.508940318,0.167280593
4/17/2019 22:00,0.4204111,0.138182446
4/17/2019 23:00,0.38078584,0.125158253
4/18/2019 0:00,0.366192777,0.120361745
4/18/2019 1:00,0.382150368,0.125606752
4/18/2019 2:00,0.384444098,0.126360664
4/18/2019 3:00,0.360477617,0.118483263
4/18/2019 4:00,0.33607796,0.110463483
4/18/2019 5:00,0.357688422,0.117566499
4/18/2019 6:00,0.402558347,0.13231453
4/18/2019 7:00,0.451264052,0.148323321
4/18/2019 8:00,0.479362252,0.157558753
4/18/2019 9:00,0.518035273,0.17026996
4/18/2019 10:00,0.458634148,0.150745755
4/18/2019 11:00,0.448467136,0.147404019
4/18/2019 12:00,0.467717513,0.153731312
4/18/2019 13:00,0.486702308,0.159971313
4/18/2019 14:00,0.509620665,0.167504212
4/18/2019 15:00,0.548844557,0.180396482
4/18/2019 16:00,0.578820219,0.190249006
4/18/2019 17:00,0.592403758,0.194713699
4/18/2019 18:00,0.619138671,0.20350104
4/18/2019 19:00,0.659398686,0.216733867
4/18/2019 20:00,0.692985571,0.227773342
4/18/2019 21:00,0.705344986,0.231835686
4/18/2019 22:00,0.668617488,0.219763941
4/18/2019 23:00,0.64282532,0.211286465
4/19/2019 0:00,0.620372115,0.203906454
4/19/2019 1:00,0.616443771,0.202615269
4/19/2019 2:00,0.612856154,0.201436077
4/19/2019 3:00,0.613370855,0.201605251
4/19/2019 4:00,0.598783286,0.196810549
4/19/2019 5:00,0.620829743,0.204056869
4/19/2019 6:00,0.650037969,0.213657148
4/19/2019 7:00,0.664703165,0.218477365
4/19/2019 8:00,0.635111757,0.20875114
4/19/2019 9:00,0.625920031,0.205729965
4/19/2019 10:00,0.625037266,0.205439815
4/19/2019 11:00,0.572559569,0.18819123
4/19/2019 12:00,0.518445721,0.170404868
4/19/2019 13:00,0.468293283,0.153920559
4/19/2019 14:00,0.445611196,0.146465317
4/19/2019 15:00,0.439538001,0.144469154
4/19/2019 16:00,0.452992959,0.148891585
4/19/2019 17:00,0.453906245,0.149191768
4/19/2019 18:00,0.399531128,0.131319531
4/19/2019 19:00,0.321002024,0.105508263
4/19/2019 20:00,0.268719801,0.088323927
4/19/2019 21:00,0.240939902,0.079193116
4/19/2019 22:00,0.168304596,0.055319046
4/19/2019 23:00,0.191228262,0.06285369
4/20/2019 0:00,0.201346202,0.066179296
4/20/2019 1:00,0.190945997,0.062760914
4/20/2019 2:00,0.169602719,0.055745718
4/20/2019 3:00,0.15237229,0.05008235
4/20/2019 4:00,0.160380566,0.052714543
4/20/2019 5:00,0.167481411,0.055048478
4/20/2019 6:00,0.177810855,0.058443602
4/20/2019 7:00,0.176701122,0.05807885
4/20/2019 8:00,0.154962584,0.050933738
4/20/2019 9:00,0.141836696,0.046619468
4/20/2019 10:00,0.10173766,0.033439552
4/20/2019 11:00,0.098062679,0.032231644
4/20/2019 12:00,0.125366248,0.041205893
4/20/2019 13:00,0.137627996,0.045236135
4/20/2019 14:00,0.130240399,0.042807949
4/20/2019 15:00,0.090707266,0.029814037
4/20/2019 16:00,0.041251448,0.013558695
4/20/2019 17:00,0.010359078,0.003404864
4/20/2019 18:00,0,0
4/20/2019 19:00,0,0
4/20/2019 20:00,0,0
4/20/2019 21:00,0,0
4/20/2019 22:00,0.02742328,0.009013596
4/20/2019 23:00,0.059350301,0.019507501
4/21/2019 0:00,0.07889435,0.025931319
4/21/2019 1:00,0.057788557,0.01899418
4/21/2019 2:00,0.024401864,0.008020505
4/21/2019 3:00,0.026962233,0.008862057
4/21/2019 4:00,0.027647125,0.009087171
4/21/2019 5:00,0,0
4/21/2019 6:00,0,0
4/21/2019 7:00,0,0
4/21/2019 8:00,0,0
4/21/2019 9:00,0,0
4/21/2019 10:00,0.02191758,0.00720396
4/21/2019 11:00,0.080042614,0.026308735
4/21/2019 12:00,0.13349293,0.043877004
4/21/2019 13:00,0.198617173,0.065282308
4/21/2019 14:00,0.191752707,0.063026067
4/21/2019 15:00,0.18764269,0.061675169
4/21/2019 16:00,0.158434608,0.052074937
4/21/2019 17:00,0.139938315,0.0459955
4/21/2019 18:00,0.165268795,0.054321226
4/21/2019 19:00,0.193941417,0.063745461
4/21/2019 20:00,0.243872987,0.080157175
4/21/2019 21:00,0.309967098,0.101881258
4/21/2019 22:00,0.291772079,0.095900845
4/21/2019 23:00,0.346555777,0.113907375
4/22/2019 0:00,0.464732813,0.152750289
4/22/2019 1:00,0.531111232,0.17456782
4/22/2019 2:00,0.539331096,0.177269559
4/22/2019 3:00,0.554417245,0.182228136
4/22/2019 4:00,0.545806839,0.179398032
4/22/2019 5:00,0.547466704,0.179943604
4/22/2019 6:00,0.551029491,0.181114635
4/22/2019 7:00,0.552934033,0.181740628
4/22/2019 8:00,0.54553058,0.179307231
4/22/2019 9:00,0.545973195,0.179452711
4/22/2019 10:00,0.52354824,0.172081985
4/22/2019 11:00,0.525405466,0.172692425
4/22/2019 12:00,0.517343296,0.170042518
4/22/2019 13:00,0.5433654,0.17859557
4/22/2019 14:00,0.618873149,0.203413767
4/22/2019 15:00,0.688894745,0.226428753
4/22/2019 16:00,0.746326228,0.245305568
4/22/2019 17:00,0.796303416,0.261732276
4/22/2019 18:00,0.809578603,0.266095619
4/22/2019 19:00,0.805379829,0.264715549
4/22/2019 20:00,0.797931616,0.262267439
4/22/2019 21:00,0.763247478,0.250867314
4/22/2019 22:00,0.750777951,0.246768779
4/22/2019 23:00,0.742993349,0.244210104
4/23/2019 0:00,0.730334956,0.240049492
4/23/2019 1:00,0.717329336,0.235774751
4/23/2019 2:00,0.708744943,0.232953197
4/23/2019 3:00,0.694655284,0.22832215
4/23/2019 4:00,0.665843014,0.218852015
4/23/2019 5:00,0.650752173,0.213891896
4/23/2019 6:00,0.706729111,0.232290625
4/23/2019 7:00,0.742783549,0.244141146
4/23/2019 8:00,0.739620794,0.243101599
4/23/2019 9:00,0.789418335,0.259469259
4/23/2019 10:00,0.835647892,0.27466418
4/23/2019 11:00,0.864249262,0.284064995
4/23/2019 12:00,0.872271643,0.286701824
4/23/2019 13:00,0.86606509,0.284661829
4/23/2019 14:00,0.866596587,0.284836524
4/23/2019 15:00,0.872573418,0.286801013
4/23/2019 16:00,0.874738573,0.287512665
4/23/2019 17:00,0.881659124,0.28978734
4/23/2019 18:00,0.879080979,0.288939945
4/23/2019 19:00,0.886724714,0.291452319
4/23/2019 20:00,0.891768399,0.293110098
4/23/2019 21:00,0.889850568,0.292479738
4/23/2019 22:00,0.87366135,0.287158599
4/23/2019 23:00,0.869553015,0.285808255
4/24/2019 0:00,0.858579613,0.282201472
4/24/2019 1:00,0.857619389,0.281885861
4/24/2019 2:00,0.860059381,0.282687848
4/24/2019 3:00,0.857420175,0.281820383
4/24/2019 4:00,0.849866038,0.279337458
4/24/2019 5:00,0.837332216,0.27521779
4/24/2019 6:00,0.84030179,0.276193842
4/24/2019 7:00,0.833749368,0.274040165
4/24/2019 8:00,0.855909853,0.281323964
4/24/2019 9:00,0.860325518,0.282775323
4/24/2019 10:00,0.853846425,0.280645748
4/24/2019 11:00,0.860181311,0.282727925
4/24/2019 12:00,0.85194576,0.28002103
4/24/2019 13:00,0.8106293,0.266440966
4/24/2019 14:00,0.794953856,0.261288697
4/24/2019 15:00,0.79160703,0.260188648
4/24/2019 16:00,0.754143845,0.247875095
4/24/2019 17:00,0.710312405,0.233468397
4/24/2019 18:00,0.691746224,0.227365989
4/24/2019 19:00,0.715845443,0.235287019
4/24/2019 20:00,0.72101273,0.236985424
4/24/2019 21:00,0.703408291,0.231199125
4/24/2019 22:00,0.59815733,0.196604807
4/24/2019 23:00,0.495340899,0.16281068
4/25/2019 0:00,0.465209498,0.152906968
4/25/2019 1:00,0.420785234,0.138305418
4/25/2019 2:00,0.393930613,0.129478731
4/25/2019 3:00,0.452726023,0.148803848
4/25/2019 4:00,0.529217748,0.173945462
4/25/2019 5:00,0.613259634,0.201568694
4/25/2019 6:00,0.543036436,0.178487445
4/25/2019 7:00,0.446983221,0.14691628
4/25/2019 8:00,0.469038378,0.15416546
4/25/2019 9:00,0.549275124,0.180538003
4/25/2019 10:00,0.438099983,0.143996501
4/25/2019 11:00,0.470319133,0.154586423
4/25/2019 12:00,0.460005736,0.151196574
4/25/2019 13:00,0.490100632,0.161088288
4/25/2019 14:00,0.615067753,0.202162994
4/25/2019 15:00,0.665133809,0.218618911
4/25/2019 16:00,0.687788662,0.226065201
4/25/2019 17:00,0.721085038,0.237009191
4/25/2019 18:00,0.647253841,0.21274205
4/25/2019 19:00,0.539776056,0.17741581
4/25/2019 20:00,0.611839754,0.201102002
4/25/2019 21:00,0.657997935,0.216273462
4/25/2019 22:00,0.67041384,0.220354373
4/25/2019 23:00,0.647213909,0.212728924
4/26/2019 0:00,0.628367756,0.206534494
4/26/2019 1:00,0.645594177,0.212196544
4/26/2019 2:00,0.649845732,0.213593963
4/26/2019 3:00,0.65195508,0.214287272
4/26/2019 4:00,0.564888457,0.185669857
4/26/2019 5:00,0.595571108,0.195754757
4/26/2019 6:00,0.572719335,0.188243742
4/26/2019 7:00,0.632206385,0.20779619
4/26/2019 8:00,0.617319527,0.202903116
4/26/2019 9:00,0.627159748,0.206137441
4/26/2019 10:00,0.643286519,0.211438054
4/26/2019 11:00,0.738651187,0.242782904
4/26/2019 12:00,0.755249724,0.24823858
4/26/2019 13:00,0.736182892,0.241971615
4/26/2019 14:00,0.786929944,0.258651364
4/26/2019 15:00,0.831271806,0.27322583
4/26/2019 16:00,0.834056859,0.274141232
4/26/2019 17:00,0.820951672,0.269833766
4/26/2019 18:00,0.828513267,0.272319142
4/26/2019 19:00,0.852732182,0.280279514
4/26/2019 20:00,0.851126278,0.279751679
4/26/2019 21:00,0.850175474,0.279439165
4/26/2019 22:00,0.819934358,0.269499391
4/26/2019 23:00,0.750680302,0.246736683
4/27/2019 0:00,0.689218698,0.226535231
4/27/2019 1:00,0.626128228,0.205798396
4/27/2019 2:00,0.472793907,0.155399842
4/27/2019 3:00,0.309588721,0.101756892
4/27/2019 4:00,0.313470747,0.103032852
4/27/2019 5:00,0.370010367,0.121616526
4/27/2019 6:00,0.374642889,0.123139163
4/27/2019 7:00,0.308822378,0.101505007
4/27/2019 8:00,0.269897877,0.088711142
4/27/2019 9:00,0.253539016,0.083334245
4/27/2019 10:00,0.201309451,0.066167217
4/27/2019 11:00,0.144643507,0.047542022
4/27/2019 12:00,0.091199776,0.029975917
4/27/2019 13:00,0.110712663,0.036389492
4/27/2019 14:00,0.090825436,0.029852877
4/27/2019 15:00,0.063283559,0.0208003
4/27/2019 16:00,0.096497689,0.031717257
4/27/2019 17:00,0.080275236,0.026385194
4/27/2019 18:00,0.039551695,0.013000014
4/27/2019 19:00,0.024074853,0.007913021
4/27/2019 20:00,0.018439835,0.006060881
4/27/2019 21:00,0.009059608,0.002977749
4/27/2019 22:00,0.011183544,0.003675853
4/27/2019 23:00,0.004214151,0.001385124
4/28/2019 0:00,0,0
4/28/2019 1:00,0,0
4/28/2019 2:00,0,0
4/28/2019 3:00,0,0
4/28/2019 4:00,0,0
4/28/2019 5:00,0,0
4/28/2019 6:00,0,0
4/28/2019 7:00,0,0
4/28/2019 8:00,0,0
4/28/2019 9:00,0,0
4/28/2019 10:00,0.004554029,0.001496837
4/28/2019 11:00,0.007879999,0.00259003
4/28/2019 12:00,0.004701192,0.001545207
4/28/2019 13:00,0.016375958,0.005382517
4/28/2019 14:00,0.038382814,0.012615821
4/28/2019 15:00,0.060000336,0.019721157
4/28/2019 16:00,0.093524057,0.030739871
4/28/2019 17:00,0.131893046,0.043351148
4/28/2019 18:00,0.192826704,0.063379073
4/28/2019 19:00,0.177674218,0.058398691
4/28/2019 20:00,0.156221277,0.051347451
4/28/2019 21:00,0.151156958,0.049682889
4/28/2019 22:00,0.127489337,0.041903719
4/28/2019 23:00,0.128127874,0.042113596
4/29/2019 0:00,0.129653457,0.04261503
4/29/2019 1:00,0.133783409,0.04397248
4/29/2019 2:00,0.13741625,0.045166537
4/29/2019 3:00,0.120016167,0.039447407
4/29/2019 4:00,0.114911806,0.037769684
4/29/2019 5:00,0.154614597,0.050819361
4/29/2019 6:00,0.207841307,0.068314134
4/29/2019 7:00,0.205666302,0.067599245
4/29/2019 8:00,0.204892461,0.067344895
4/29/2019 9:00,0.186663583,0.061353353
4/29/2019 10:00,0.203418909,0.066860562
4/29/2019 11:00,0.185361976,0.060925535
4/29/2019 12:00,0.186407111,0.061269054
4/29/2019 13:00,0.221590321,0.072833216
4/29/2019 14:00,0.240461724,0.079035946
4/29/2019 15:00,0.20258453,0.066586315
4/29/2019 16:00,0.168470194,0.055373475
4/29/2019 17:00,0.186870455,0.061421348
4/29/2019 18:00,0.21517894,0.070725897
4/29/2019 19:00,0.226651112,0.074496618
4/29/2019 20:00,0.240291414,0.078979968
4/29/2019 21:00,0.24643913,0.081000625
4/29/2019 22:00,0.274650456,0.090273239
4/29/2019 23:00,0.236582532,0.077760918
4/30/2019 0:00,0.232966914,0.076572522
4/30/2019 1:00,0.229647038,0.075481331
4/30/2019 2:00,0.222836682,0.073242875
4/30/2019 3:00,0.207879741,0.068326767
4/30/2019 4:00,0.191284065,0.062872032
4/30/2019 5:00,0.164176641,0.053962252
4/30/2019 6:00,0.128237209,0.042149532
4/30/2019 7:00,0.112163038,0.036866208
4/30/2019 8:00,0.07975466,0.026214089
4/30/2019 9:00,0.043582571,0.014324898
4/30/2019 10:00,0.035891775,0.011797056
4/30/2019 11:00,0.029298197,0.009629852
4/30/2019 12:00,0.017834664,0.005861971
4/30/2019 13:00,0,0
4/30/2019 14:00,0,0
4/30/2019 15:00,0,0
4/30/2019 16:00,0.015070348,0.004953384
4/30/2019 17:00,0.02377999,0.007816105
4/30/2019 18:00,0.019998064,0.006573046
4/30/2019 19:00,0.012009679,0.003947391
4/30/2019 20:00,0.002331946,0.000766474
4/30/2019 21:00,0,0
4/30/2019 22:00,0,0
4/30/2019 23:00,0,0
05/01/2019 00:00,0.014117075,0.004640058
05/01/2019 01:00,0.013858687,0.00455513
05/01/2019 02:00,0.010653275,0.003501562
05/01/2019 03:00,0.012855317,0.004225338
05/01/2019 04:00,0.014508651,0.004768763
05/01/2019 05:00,0.019480194,0.00640283
05/01/2019 06:00,0.014115995,0.004639703
05/01/2019 07:00,0.000510439,0.000167773
05/01/2019 08:00,0,0
05/01/2019 09:00,0,0
05/01/2019 10:00,0,0
05/01/2019 11:00,0,0
05/01/2019 12:00,0,0
05/01/2019 13:00,0,0
05/01/2019 14:00,0.005314132,0.001746671
05/01/2019 15:00,0.016879429,0.005548
05/01/2019 16:00,0.028175864,0.009260959
05/01/2019 17:00,0.031454151,0.010338479
05/01/2019 18:00,0.032781879,0.010774883
05/01/2019 19:00,0.027710956,0.009108151
05/01/2019 20:00,0.033923347,0.011150065
05/01/2019 21:00,0.054197712,0.017813926
05/01/2019 22:00,0.07450272,0.02448786
05/01/2019 23:00,0.105208477,0.034580354
05/02/2019 00:00,0.158010174,0.051935433
05/02/2019 01:00,0.202175474,0.066451865
05/02/2019 02:00,0.236221253,0.077642171
05/02/2019 03:00,0.299185572,0.098337542
05/02/2019 04:00,0.313504396,0.103043912
05/02/2019 05:00,0.269707075,0.088648429
05/02/2019 06:00,0.318927862,0.104826519
05/02/2019 07:00,0.392303151,0.12894381
05/02/2019 08:00,0.445389267,0.146392373
05/02/2019 09:00,0.485487885,0.159572151
05/02/2019 10:00,0.523909895,0.172200855
05/02/2019 11:00,0.495540247,0.162876203
05/02/2019 12:00,0.443314765,0.145710517
05/02/2019 13:00,0.437290194,0.143730336
05/02/2019 14:00,0.458653585,0.150752143
05/02/2019 15:00,0.446936732,0.146901
05/02/2019 16:00,0.41100145,0.135089644
05/02/2019 17:00,0.387670546,0.127421146
05/02/2019 18:00,0.380936793,0.125207869
05/02/2019 19:00,0.349900541,0.115006746
05/02/2019 20:00,0.336172556,0.110494576
05/02/2019 21:00,0.335917543,0.110410757
05/02/2019 22:00,0.444239256,0.146014382
05/02/2019 23:00,0.531925472,0.174835448
05/03/2019 00:00,0.514372532,0.169066075
05/03/2019 01:00,0.582564589,0.191479721
05/03/2019 02:00,0.679213945,0.223246828
05/03/2019 03:00,0.708105912,0.232743158
05/03/2019 04:00,0.736058172,0.241930621
05/03/2019 05:00,0.766902403,0.25206863
05/03/2019 06:00,0.785127416,0.258058902
05/03/2019 07:00,0.801240377,0.263354976
05/03/2019 08:00,0.827421095,0.271960162
05/03/2019 09:00,0.838521303,0.275608624
05/03/2019 10:00,0.817992555,0.268861151
05/03/2019 11:00,0.806040172,0.264932593
05/03/2019 12:00,0.817379233,0.268659562
05/03/2019 13:00,0.7573364,0.248924437
05/03/2019 14:00,0.695026258,0.228444084
05/03/2019 15:00,0.639634748,0.210237775
05/03/2019 16:00,0.606542047,0.19936073
05/03/2019 17:00,0.628649828,0.206627206
05/03/2019 18:00,0.670565406,0.22040419
05/03/2019 19:00,0.699970117,0.230069051
05/03/2019 20:00,0.739065031,0.242918928
05/03/2019 21:00,0.761980972,0.250451034
05/03/2019 22:00,0.79779111,0.262221257
05/03/2019 23:00,0.80512148,0.264630633
05/04/2019 00:00,0.786145331,0.258393475
05/04/2019 01:00,0.748210567,0.245924921
05/04/2019 02:00,0.771221097,0.253488116
05/04/2019 03:00,0.790807581,0.259925882
05/04/2019 04:00,0.799387112,0.262745837
05/04/2019 05:00,0.793944109,0.260956809
05/04/2019 06:00,0.811117291,0.266601361
05/04/2019 07:00,0.796129617,0.261675151
05/04/2019 08:00,0.784992647,0.258014606
05/04/2019 09:00,0.769606119,0.252957299
05/04/2019 10:00,0.789014599,0.259336557
05/04/2019 11:00,0.760562429,0.249984781
05/04/2019 12:00,0.722657379,0.237525994
05/04/2019 13:00,0.641554529,0.210868776
05/04/2019 14:00,0.601574442,0.197727957
05/04/2019 15:00,0.586919899,0.192911242
05/04/2019 16:00,0.564133866,0.185421835
05/04/2019 17:00,0.58060565,0.190835849
05/04/2019 18:00,0.559692575,0.183962053
05/04/2019 19:00,0.534790234,0.17577705
05/04/2019 20:00,0.496769256,0.163280158
05/04/2019 21:00,0.426373448,0.140142175
05/04/2019 22:00,0.542687652,0.178372805
05/04/2019 23:00,0.508831887,0.167244953
05/05/2019 00:00,0.585295847,0.192377442
05/05/2019 01:00,0.67333863,0.221315705
05/05/2019 02:00,0.727370909,0.239075256
05/05/2019 03:00,0.717574854,0.235855449
05/05/2019 04:00,0.753045221,0.247513995
05/05/2019 05:00,0.767287586,0.252195234
05/05/2019 06:00,0.789399374,0.259463027
05/05/2019 07:00,0.794362435,0.261094306
05/05/2019 08:00,0.807726235,0.265486775
05/05/2019 09:00,0.809971427,0.266224734
05/05/2019 10:00,0.848878227,0.27901278
05/05/2019 11:00,0.855157788,0.281076772
05/05/2019 12:00,0.848659412,0.27894086
05/05/2019 13:00,0.810640157,0.266444535
05/05/2019 14:00,0.784405157,0.257821507
05/05/2019 15:00,0.764467691,0.251268379
05/05/2019 16:00,0.7176953,0.235895038
05/05/2019 17:00,0.676381256,0.222315768
05/05/2019 18:00,0.645506619,0.212167765
05/05/2019 19:00,0.653923724,0.214934334
05/05/2019 20:00,0.650594758,0.213840156
05/05/2019 21:00,0.628859648,0.206696171
05/05/2019 22:00,0.603279637,0.198288428
05/05/2019 23:00,0.549246407,0.180528564
05/06/2019 00:00,0.539014377,0.177165458
05/06/2019 01:00,0.495346105,0.162812391
05/06/2019 02:00,0.491157401,0.161435631
05/06/2019 03:00,0.499545884,0.164192792
05/06/2019 04:00,0.496398753,0.16315838
05/06/2019 05:00,0.461204589,0.151590618
05/06/2019 06:00,0.441756051,0.145198192
05/06/2019 07:00,0.322391731,0.105965038
05/06/2019 08:00,0.22570986,0.074187243
05/06/2019 09:00,0.155364822,0.051065948
05/06/2019 10:00,0.108723707,0.035735754
05/06/2019 11:00,0.091580179,0.030100949
05/06/2019 12:00,0.093029655,0.030577369
05/06/2019 13:00,0.091655347,0.030125656
05/06/2019 14:00,0.11025084,0.036237699
05/06/2019 15:00,0.133972228,0.044034542
05/06/2019 16:00,0.148699579,0.048875188
05/06/2019 17:00,0.146249911,0.048070021
05/06/2019 18:00,0.138556456,0.045541305
05/06/2019 19:00,0.11550451,0.037964496
05/06/2019 20:00,0.094627192,0.031102454
05/06/2019 21:00,0.077008784,0.025311563
05/06/2019 22:00,0.069596919,0.022875401
05/06/2019 23:00,0.058612844,0.01926511
05/07/2019 00:00,0.050871386,0.016720616
05/07/2019 01:00,0.049653763,0.016320403
05/07/2019 02:00,0.056106549,0.018441331
05/07/2019 03:00,0.051594769,0.01695838
05/07/2019 04:00,0.043873924,0.014420661
05/07/2019 05:00,0.039582336,0.013010085
05/07/2019 06:00,0.03185309,0.010469604
05/07/2019 07:00,0.029571679,0.009719741
05/07/2019 08:00,0.028793342,0.009463914
05/07/2019 09:00,0.027714242,0.009109231
05/07/2019 10:00,0.037470372,0.012315916
05/07/2019 11:00,0.031638854,0.010399188
05/07/2019 12:00,0.02645444,0.008695154
05/07/2019 13:00,0.02488151,0.008178157
05/07/2019 14:00,0.024881666,0.008178208
05/07/2019 15:00,0.020582712,0.00676521
05/07/2019 16:00,0.014811708,0.004868373
05/07/2019 17:00,0.008566248,0.002815589
05/07/2019 18:00,0.005861542,0.001926596
05/07/2019 19:00,0.002217974,0.000729013
05/07/2019 20:00,0,0
05/07/2019 21:00,0,0
05/07/2019 22:00,0,0
05/07/2019 23:00,0,0
05/08/2019 00:00,0,0
05/08/2019 01:00,0,0
05/08/2019 02:00,0,0
05/08/2019 03:00,0,0
05/08/2019 04:00,0.009786164,0.003216557
05/08/2019 05:00,0.02408801,0.007917346
05/08/2019 06:00,0.038359546,0.012608173
05/08/2019 07:00,0.048341921,0.015889221
05/08/2019 08:00,0.066786616,0.021951699
05/08/2019 09:00,0.082045523,0.026967059
05/08/2019 10:00,0.038870781,0.012776208
05/08/2019 11:00,0.082734922,0.027193654
05/08/2019 12:00,0.112444777,0.036958811
05/08/2019 13:00,0.122666973,0.040318684
05/08/2019 14:00,0.116561658,0.038311964
05/08/2019 15:00,0.116316421,0.038231359
05/08/2019 16:00,0.099034958,0.032551216
05/08/2019 17:00,0.095653267,0.031439709
05/08/2019 18:00,0.083506919,0.027447397
05/08/2019 19:00,0.063889245,0.020999379
05/08/2019 20:00,0.050934935,0.016741503
05/08/2019 21:00,0.047830042,0.015720975
05/08/2019 22:00,0.049735892,0.016347397
05/08/2019 23:00,0.025038158,0.008229645
05/09/2019 00:00,0.013655557,0.004488365
05/09/2019 01:00,0.016549156,0.005439444
05/09/2019 02:00,0.029835836,0.009806565
05/09/2019 03:00,0.036513231,0.012001319
05/09/2019 04:00,0.029889975,0.00982436
05/09/2019 05:00,0.020761134,0.006823855
05/09/2019 06:00,0.017872452,0.005874391
05/09/2019 07:00,0.021619952,0.007106134
05/09/2019 08:00,0.03519304,0.011567393
05/09/2019 09:00,0.048963307,0.016093461
05/09/2019 10:00,0.077342811,0.025421353
05/09/2019 11:00,0.104784727,0.034441074
05/09/2019 12:00,0.112621982,0.037017055
05/09/2019 13:00,0.110789985,0.036414907
05/09/2019 14:00,0.102569447,0.033712947
05/09/2019 15:00,0.105376984,0.03463574
05/09/2019 16:00,0.107092283,0.035199531
05/09/2019 17:00,0.111394143,0.036613484
05/09/2019 18:00,0.113813293,0.03740862
05/09/2019 19:00,0.099448839,0.032687253
05/09/2019 20:00,0.083530479,0.027455141
05/09/2019 21:00,0.066439882,0.021837733
05/09/2019 22:00,0.053186916,0.017481694
05/09/2019 23:00,0.049949919,0.016417745
05/10/2019 00:00,0.07680001,0.025242943
05/10/2019 01:00,0.083959468,0.027596143
05/10/2019 02:00,0.075758216,0.024900521
05/10/2019 03:00,0.058458694,0.019214444
05/10/2019 04:00,0.044041933,0.014475883
05/10/2019 05:00,0.027238963,0.008953014
05/10/2019 06:00,0.016365245,0.005378996
05/10/2019 07:00,0.01181635,0.003883846
05/10/2019 08:00,0.010105241,0.003321432
05/10/2019 09:00,0.001556727,0.000511671
05/10/2019 10:00,0,0
05/10/2019 11:00,0,0
05/10/2019 12:00,0,0
05/10/2019 13:00,0,0
05/10/2019 14:00,0,0
05/10/2019 15:00,0.00715066,0.002350308
05/10/2019 16:00,0.012791857,0.00420448
05/10/2019 17:00,0.010351887,0.003402501
05/10/2019 18:00,0,0
05/10/2019 19:00,0,0
05/10/2019 20:00,0,0
05/10/2019 21:00,0,0
05/10/2019 22:00,0,0
05/10/2019 23:00,0,0
05/11/2019 00:00,0.016101486,0.005292303
05/11/2019 01:00,0.02698574,0.008869784
05/11/2019 02:00,0.040996353,0.01347485
05/11/2019 03:00,0.058395439,0.019193653
05/11/2019 04:00,0.082809646,0.027218214
05/11/2019 05:00,0.089587471,0.029445978
05/11/2019 06:00,0.091512528,0.030078713
05/11/2019 07:00,0.096336307,0.031664213
05/11/2019 08:00,0.100042694,0.032882443
05/11/2019 09:00,0.099267969,0.032627804
05/11/2019 10:00,0.101771872,0.033450797
05/11/2019 11:00,0.115951962,0.038111567
05/11/2019 12:00,0.132204115,0.043453391
05/11/2019 13:00,0.141938848,0.046653043
05/11/2019 14:00,0.146515368,0.048157273
05/11/2019 15:00,0.143891626,0.04729489
05/11/2019 16:00,0.131560758,0.04324193
05/11/2019 17:00,0.120786937,0.039700746
05/11/2019 18:00,0.101124265,0.033237939
05/11/2019 19:00,0.077790077,0.025568362
05/11/2019 20:00,0.046884075,0.01541005
05/11/2019 21:00,0.022055538,0.007249305
05/11/2019 22:00,0,0
05/11/2019 23:00,0,0
05/12/2019 00:00,0,0
05/12/2019 01:00,0,0
05/12/2019 02:00,0.011889762,0.003907976
05/12/2019 03:00,0.006300629,0.002070917
05/12/2019 04:00,0.005262828,0.001729808
05/12/2019 05:00,0.013700618,0.004503175
05/12/2019 06:00,0.011029608,0.003625257
05/12/2019 07:00,0.011147511,0.00366401
05/12/2019 08:00,0.016339334,0.005370479
05/12/2019 09:00,0.01250318,0.004109597
05/12/2019 10:00,0.007129895,0.002343483
05/12/2019 11:00,0.008298167,0.002727475
05/12/2019 12:00,0.002681981,0.000881524
05/12/2019 13:00,0,0
05/12/2019 14:00,0,0
05/12/2019 15:00,0,0
05/12/2019 16:00,0,0
05/12/2019 17:00,0,0
05/12/2019 18:00,0,0
05/12/2019 19:00,0.006051622,0.001989072
05/12/2019 20:00,0.042706165,0.014036838
05/12/2019 21:00,0.082996231,0.027279542
05/12/2019 22:00,0.047457876,0.01559865
05/12/2019 23:00,0.036287582,0.011927151
5/13/2019 0:00,0.036250905,0.011915096
5/13/2019 1:00,0.047905171,0.015745668
5/13/2019 2:00,0.033539022,0.011023743
5/13/2019 3:00,0.019567988,0.006431687
5/13/2019 4:00,0.013559207,0.004456696
5/13/2019 5:00,0.011133454,0.003659389
5/13/2019 6:00,0.016115219,0.005296816
5/13/2019 7:00,0.025682784,0.008441523
5/13/2019 8:00,0.038031705,0.012500417
5/13/2019 9:00,0.041521426,0.013647433
5/13/2019 10:00,0.080649379,0.026508169
5/13/2019 11:00,0.07574456,0.024896033
5/13/2019 12:00,0.086318329,0.028371463
5/13/2019 13:00,0.149647012,0.049186594
5/13/2019 14:00,0.255584182,0.084006458
5/13/2019 15:00,0.29150954,0.095814552
5/13/2019 16:00,0.22002596,0.072319036
5/13/2019 17:00,0.112709404,0.03704579
5/13/2019 18:00,0.039320775,0.012924114
5/13/2019 19:00,0.012610213,0.004144777
5/13/2019 20:00,0.003915123,0.001286839
5/13/2019 21:00,0,0
5/13/2019 22:00,0.000990171,0.000325453
5/13/2019 23:00,0,0
5/14/2019 0:00,0,0
5/14/2019 1:00,0,0
5/14/2019 2:00,0.004280075,0.001406793
5/14/2019 3:00,0.01802103,0.005923226
5/14/2019 4:00,0.033032027,0.010857102
5/14/2019 5:00,0.039096687,0.012850459
5/14/2019 6:00,0.032783926,0.010775555
5/14/2019 7:00,0.019754876,0.006493114
5/14/2019 8:00,0.011782362,0.003872675
5/14/2019 9:00,0.006543268,0.002150668
5/14/2019 10:00,0,0
5/14/2019 11:00,0,0
5/14/2019 12:00,0,0
5/14/2019 13:00,0,0
5/14/2019 14:00,0,0
5/14/2019 15:00,0,0
5/14/2019 16:00,0.001205771,0.000396318
5/14/2019 17:00,0.011023981,0.003623407
5/14/2019 18:00,0.0233009,0.007658635
5/14/2019 19:00,0.037329474,0.012269605
5/14/2019 20:00,0.04473628,0.014704104
5/14/2019 21:00,0.065685012,0.021589619
5/14/2019 22:00,0.052961547,0.017407619
5/14/2019 23:00,0.049584915,0.016297773
5/15/2019 0:00,0.060727609,0.0199602
5/15/2019 1:00,0.089503395,0.029418343
5/15/2019 2:00,0.12382603,0.040699648
5/15/2019 3:00,0.149408307,0.049108136
5/15/2019 4:00,0.163207302,0.053643646
5/15/2019 5:00,0.168885646,0.055510027
5/15/2019 6:00,0.169921612,0.055850533
5/15/2019 7:00,0.162287231,0.053341233
5/15/2019 8:00,0.161151902,0.052968069
5/15/2019 9:00,0.146100959,0.048021063
5/15/2019 10:00,0.156702975,0.051505777
5/15/2019 11:00,0.175795956,0.057781336
5/15/2019 12:00,0.223618555,0.073499865
5/15/2019 13:00,0.315431299,0.103677254
5/15/2019 14:00,0.361423284,0.118794089
5/15/2019 15:00,0.338442588,0.111240699
5/15/2019 16:00,0.312472179,0.102704639
5/15/2019 17:00,0.346876775,0.114012883
5/15/2019 18:00,0.388828922,0.127801886
5/15/2019 19:00,0.409832699,0.134705494
5/15/2019 20:00,0.44792864,0.147227024
5/15/2019 21:00,0.464542374,0.152687694
5/15/2019 22:00,0.43433746,0.142759819
5/15/2019 23:00,0.475433564,0.156267456
5/16/2019 0:00,0.528773438,0.173799424
5/16/2019 1:00,0.556718662,0.182984575
5/16/2019 2:00,0.530259175,0.174287762
5/16/2019 3:00,0.521125185,0.171285565
5/16/2019 4:00,0.510546296,0.167808452
5/16/2019 5:00,0.524696801,0.172459498
5/16/2019 6:00,0.564451874,0.185526359
5/16/2019 7:00,0.601487311,0.197699319
5/16/2019 8:00,0.624306123,0.2051995
5/16/2019 9:00,0.645784059,0.212258955
5/16/2019 10:00,0.678465789,0.223000921
5/16/2019 11:00,0.688039594,0.226147678
5/16/2019 12:00,0.698685983,0.229646977
5/16/2019 13:00,0.693754362,0.228026032
5/16/2019 14:00,0.680472372,0.223660453
5/16/2019 15:00,0.683618325,0.224694477
5/16/2019 16:00,0.722681315,0.237533861
5/16/2019 17:00,0.726605321,0.23882362
5/16/2019 18:00,0.725162109,0.238349259
5/16/2019 19:00,0.721908661,0.237279902
5/16/2019 20:00,0.738556135,0.242751662
5/16/2019 21:00,0.732139427,0.240642592
5/16/2019 22:00,0.64242898,0.211156194
5/16/2019 23:00,0.588451805,0.193414755
5/17/2019 0:00,0.529880655,0.174163349
5/17/2019 1:00,0.511762101,0.168208068
5/17/2019 2:00,0.465534507,0.153013793
5/17/2019 3:00,0.390172736,0.128243577
5/17/2019 4:00,0.323860426,0.106447774
5/17/2019 5:00,0.20171606,0.066300863
5/17/2019 6:00,0.125628539,0.041292104
5/17/2019 7:00,0.08769628,0.028824373
5/17/2019 8:00,0.061653841,0.020264637
5/17/2019 9:00,0.051045698,0.01677791
5/17/2019 10:00,0.045306516,0.014891532
5/17/2019 11:00,0.087432373,0.028737631
5/17/2019 12:00,0.141866117,0.046629138
5/17/2019 13:00,0.16586504,0.054517202
5/17/2019 14:00,0.165076048,0.054257873
5/17/2019 15:00,0.155155571,0.05099717
5/17/2019 16:00,0.178816703,0.058774208
5/17/2019 17:00,0.185662234,0.061024225
5/17/2019 18:00,0.137522515,0.045201465
5/17/2019 19:00,0.147852993,0.048596929
5/17/2019 20:00,0.159101563,0.052294155
5/17/2019 21:00,0.094719943,0.03113294
5/17/2019 22:00,0.032827013,0.010789717
5/17/2019 23:00,0.015473594,0.005085924
5/18/2019 0:00,0.018496195,0.006079405
5/18/2019 1:00,0.029932662,0.00983839
5/18/2019 2:00,0.045460042,0.014941993
5/18/2019 3:00,0.08033627,0.026405255
5/18/2019 4:00,0.134416484,0.044180562
5/18/2019 5:00,0.139644579,0.045898953
5/18/2019 6:00,0.100962798,0.033184867
5/18/2019 7:00,0.045523236,0.014962764
5/18/2019 8:00,0.009765551,0.003209781
5/18/2019 9:00,0,0
5/18/2019 10:00,0,0
5/18/2019 11:00,0,0
5/18/2019 12:00,0,0
5/18/2019 13:00,0.003159397,0.001038444
5/18/2019 14:00,0.034475458,0.011331535
5/18/2019 15:00,0.075148631,0.024700161
5/18/2019 16:00,0.096494933,0.031716351
5/18/2019 17:00,0.115189887,0.037861085
5/18/2019 18:00,0.110164148,0.036209204
5/18/2019 19:00,0.08662096,0.028470933
5/18/2019 20:00,0.071411072,0.023471684
5/18/2019 21:00,0.069103676,0.02271328
5/18/2019 22:00,0.084022616,0.027616898
5/18/2019 23:00,0.056425594,0.018546196
5/19/2019 0:00,0.045046186,0.014805965
5/19/2019 1:00,0.048859131,0.01605922
5/19/2019 2:00,0.055768622,0.01833026
5/19/2019 3:00,0.054743937,0.017993462
5/19/2019 4:00,0.052691294,0.017318791
5/19/2019 5:00,0.048574844,0.015965779
5/19/2019 6:00,0.0394436,0.012964484
5/19/2019 7:00,0.033236547,0.010924325
5/19/2019 8:00,0.021840486,0.007178621
5/19/2019 9:00,0.011946575,0.003926649
5/19/2019 10:00,0,0
5/19/2019 11:00,0,0
5/19/2019 12:00,0,0
5/19/2019 13:00,0,0
5/19/2019 14:00,0,0
5/19/2019 15:00,0.000121087,3.98E-05
5/19/2019 16:00,0.014187111,0.004663078
5/19/2019 17:00,0.024375434,0.008011818
5/19/2019 18:00,0.029364825,0.009651751
5/19/2019 19:00,0.018949259,0.00622832
5/19/2019 20:00,0.011671758,0.003836321
5/19/2019 21:00,0.006349846,0.002087094
5/19/2019 22:00,0.008336887,0.002740202
5/19/2019 23:00,0,0
5/20/2019 0:00,0,0
5/20/2019 1:00,0,0
5/20/2019 2:00,0.004556563,0.00149767
5/20/2019 3:00,0.004548171,0.001494911
5/20/2019 4:00,0,0
5/20/2019 5:00,0,0
5/20/2019 6:00,0,0
5/20/2019 7:00,0,0
5/20/2019 8:00,0.009399794,0.003089563
5/20/2019 9:00,0.020233618,0.006650469
5/20/2019 10:00,0.020377093,0.006697627
5/20/2019 11:00,0.007462659,0.002452857
5/20/2019 12:00,0,0
5/20/2019 13:00,0,0
5/20/2019 14:00,0,0
5/20/2019 15:00,0,0
5/20/2019 16:00,0,0
5/20/2019 17:00,0,0
5/20/2019 18:00,0,0
5/20/2019 19:00,0,0
5/20/2019 20:00,0,0
5/20/2019 21:00,0,0
5/20/2019 22:00,0,0
5/20/2019 23:00,0,0
5/21/2019 0:00,0,0
5/21/2019 1:00,0.011931934,0.003921837
5/21/2019 2:00,0.049345265,0.016219004
5/21/2019 3:00,0.070949632,0.023320016
5/21/2019 4:00,0.072436566,0.023808748
5/21/2019 5:00,0.070160727,0.023060716
5/21/2019 6:00,0.066989823,0.02201849
5/21/2019 7:00,0.04960452,0.016304217
5/21/2019 8:00,0.044281208,0.014554529
5/21/2019 9:00,0.041911925,0.013775784
5/21/2019 10:00,0.071055417,0.023354786
5/21/2019 11:00,0.122486361,0.04025932
5/21/2019 12:00,0.179112075,0.058871292
5/21/2019 13:00,0.199485834,0.065567823
5/21/2019 14:00,0.206106518,0.067743936
5/21/2019 15:00,0.204544845,0.067230639
5/21/2019 16:00,0.201927179,0.066370254
5/21/2019 17:00,0.195562921,0.064278424
5/21/2019 18:00,0.20775616,0.068286147
5/21/2019 19:00,0.211286607,0.069446549
5/21/2019 20:00,0.178592544,0.058700531
5/21/2019 21:00,0.119739221,0.039356379
5/21/2019 22:00,0.069819989,0.022948721
5/21/2019 23:00,0.0309599,0.010176027
5/22/2019 0:00,0.018814535,0.006184039
5/22/2019 1:00,0.019001468,0.00624548
5/22/2019 2:00,0.033215986,0.010917567
5/22/2019 3:00,0.062628701,0.020585059
5/22/2019 4:00,0.092170074,0.030294838
5/22/2019 5:00,0.139341296,0.045799269
5/22/2019 6:00,0.165174927,0.054290373
5/22/2019 7:00,0.207882291,0.068327605
5/22/2019 8:00,0.250977318,0.082492255
5/22/2019 9:00,0.306507362,0.100744098
5/22/2019 10:00,0.367274757,0.120717375
5/22/2019 11:00,0.495168868,0.162754136
5/22/2019 12:00,0.511795039,0.168218894
5/22/2019 13:00,0.418433109,0.137532312
5/22/2019 14:00,0.47105126,0.154827062
5/22/2019 15:00,0.522328306,0.171681012
5/22/2019 16:00,0.555425794,0.18255963
5/22/2019 17:00,0.574573202,0.188853079
5/22/2019 18:00,0.605591027,0.199048145
5/22/2019 19:00,0.605860062,0.199136572
5/22/2019 20:00,0.642044781,0.211029914
5/22/2019 21:00,0.659763423,0.21685375
5/22/2019 22:00,0.611209869,0.200894969
5/22/2019 23:00,0.635576094,0.20890376
5/23/2019 0:00,0.709098339,0.233069353
5/23/2019 1:00,0.719865293,0.23660828
5/23/2019 2:00,0.771813412,0.253682801
5/23/2019 3:00,0.749812013,0.24645129
5/23/2019 4:00,0.689375006,0.226586607
5/23/2019 5:00,0.641877308,0.210974868
5/23/2019 6:00,0.636493132,0.209205176
5/23/2019 7:00,0.705228952,0.231797547
5/23/2019 8:00,0.772642187,0.253955206
5/23/2019 9:00,0.795525203,0.261476489
5/23/2019 10:00,0.834973681,0.274442577
5/23/2019 11:00,0.85109685,0.279742007
5/23/2019 12:00,0.852463445,0.280191185
5/23/2019 13:00,0.856191971,0.281416692
5/23/2019 14:00,0.861526259,0.283169987
5/23/2019 15:00,0.878659954,0.288801561
5/23/2019 16:00,0.874442639,0.287415396
5/23/2019 17:00,0.871753856,0.286531636
5/23/2019 18:00,0.857139489,0.281728126
5/23/2019 19:00,0.842315678,0.276855775
5/23/2019 20:00,0.815186549,0.267938861
5/23/2019 21:00,0.775257996,0.254814981
5/23/2019 22:00,0.772995678,0.254071393
5/23/2019 23:00,0.729910438,0.239909959
5/24/2019 0:00,0.650590852,0.213838872
5/24/2019 1:00,0.612255915,0.201238787
5/24/2019 2:00,0.623865872,0.205054796
5/24/2019 3:00,0.592099491,0.194613691
5/24/2019 4:00,0.541030144,0.177828009
5/24/2019 5:00,0.495072347,0.162722411
5/24/2019 6:00,0.446957239,0.14690774
5/24/2019 7:00,0.392111741,0.128880897
5/24/2019 8:00,0.432475784,0.142147916
5/24/2019 9:00,0.424675922,0.139584225
5/24/2019 10:00,0.431877879,0.141951394
5/24/2019 11:00,0.402355178,0.132247752
5/24/2019 12:00,0.386765107,0.127123543
5/24/2019 13:00,0.441179113,0.145008562
5/24/2019 14:00,0.470183298,0.154541777
5/24/2019 15:00,0.471502463,0.154975365
5/24/2019 16:00,0.528962714,0.173861636
5/24/2019 17:00,0.52821979,0.173617449
5/24/2019 18:00,0.443028264,0.145616348
5/24/2019 19:00,0.327913003,0.107779792
5/24/2019 20:00,0.234515742,0.077081597
5/24/2019 21:00,0.234179635,0.076971124
5/24/2019 22:00,0.23200198,0.076255363
5/24/2019 23:00,0.211796882,0.069614269
5/25/2019 0:00,0.137201834,0.045096062
5/25/2019 1:00,0.108380341,0.035622896
5/25/2019 2:00,0.088299482,0.029022636
5/25/2019 3:00,0.074028453,0.024331976
5/25/2019 4:00,0.08297482,0.027272504
5/25/2019 5:00,0.100588039,0.03306169
5/25/2019 6:00,0.086086328,0.028295208
5/25/2019 7:00,0.089362138,0.029371914
5/25/2019 8:00,0.1069172,0.035141984
5/25/2019 9:00,0.096657352,0.031769735
5/25/2019 10:00,0.12213605,0.040144178
5/25/2019 11:00,0.098039686,0.032224086
5/25/2019 12:00,0.086542431,0.028445121
5/25/2019 13:00,0.068507746,0.022517407
5/25/2019 14:00,0.043789059,0.014392768
5/25/2019 15:00,0.040252035,0.013230204
5/25/2019 16:00,0.025890833,0.008509905
5/25/2019 17:00,0.019620146,0.00644883
5/25/2019 18:00,0.025875975,0.008505022
5/25/2019 19:00,0.031225058,0.01026318
5/25/2019 20:00,0.033313455,0.010949603
5/25/2019 21:00,0.028429474,0.009344316
5/25/2019 22:00,0.018352413,0.006032147
5/25/2019 23:00,0.01794639,0.005898693
5/26/2019 0:00,0.009943303,0.003268206
5/26/2019 1:00,0.022395607,0.00736108
5/26/2019 2:00,0.008349574,0.002744372
5/26/2019 3:00,0.019724249,0.006483047
5/26/2019 4:00,0.053966379,0.017737891
5/26/2019 5:00,0.061606509,0.02024908
5/26/2019 6:00,0.081055211,0.026641559
5/26/2019 7:00,0.099451382,0.032688088
5/26/2019 8:00,0.143189584,0.04706414
5/26/2019 9:00,0.178969594,0.058824461
5/26/2019 10:00,0.138429712,0.045499646
5/26/2019 11:00,0.119442636,0.039258896
5/26/2019 12:00,0.131392289,0.043186557
5/26/2019 13:00,0.148877926,0.048933808
5/26/2019 14:00,0.155281432,0.051038539
5/26/2019 15:00,0.204854773,0.067332508
5/26/2019 16:00,0.234092527,0.076942493
5/26/2019 17:00,0.269665999,0.088634927
5/26/2019 18:00,0.288845971,0.094939079
5/26/2019 19:00,0.264629567,0.086979532
5/26/2019 20:00,0.240768663,0.079136833
5/26/2019 21:00,0.222098116,0.073000121
5/26/2019 22:00,0.187388364,0.061591577
5/26/2019 23:00,0.203582137,0.066914213
5/27/2019 0:00,0.201144721,0.066113073
5/27/2019 1:00,0.187878983,0.061752835
5/27/2019 2:00,0.199151995,0.065458095
5/27/2019 3:00,0.208206257,0.068434087
5/27/2019 4:00,0.208934006,0.068673287
5/27/2019 5:00,0.188873643,0.062079764
5/27/2019 6:00,0.152767722,0.050212322
5/27/2019 7:00,0.130776162,0.042984046
5/27/2019 8:00,0.111125012,0.036525025
5/27/2019 9:00,0.09441531,0.031032812
5/27/2019 10:00,0.047575366,0.015637267
5/27/2019 11:00,0.046933694,0.015426359
5/27/2019 12:00,0.062208672,0.020447002
5/27/2019 13:00,0.071053618,0.023354195
5/27/2019 14:00,0.074555144,0.024505091
5/27/2019 15:00,0.074486221,0.024482437
5/27/2019 16:00,0.083023886,0.027288632
5/27/2019 17:00,0.091531135,0.030084829
5/27/2019 18:00,0.09819838,0.032276247
5/27/2019 19:00,0.100057588,0.032887339
5/27/2019 20:00,0.099555081,0.032722173
5/27/2019 21:00,0.104555735,0.034365808
5/27/2019 22:00,0.135865035,0.044656677
5/27/2019 23:00,0.158707311,0.05216457
5/28/2019 0:00,0.154814205,0.050884968
5/28/2019 1:00,0.162432624,0.053389022
5/28/2019 2:00,0.207155395,0.068088686
5/28/2019 3:00,0.278685144,0.091599377
5/28/2019 4:00,0.291820021,0.095916602
5/28/2019 5:00,0.281700456,0.092590462
5/28/2019 6:00,0.260543939,0.085636651
5/28/2019 7:00,0.25231612,0.082932298
5/28/2019 8:00,0.233598968,0.076780268
5/28/2019 9:00,0.22595516,0.07426787
5/28/2019 10:00,0.236607075,0.077768985
5/28/2019 11:00,0.287421385,0.094470841
5/28/2019 12:00,0.310621947,0.102096497
5/28/2019 13:00,0.324061694,0.106513928
5/28/2019 14:00,0.371357274,0.122059233
5/28/2019 15:00,0.440177504,0.144679349
5/28/2019 16:00,0.474223069,0.155869585
5/28/2019 17:00,0.477537103,0.156958855
5/28/2019 18:00,0.498202668,0.163751298
5/28/2019 19:00,0.42859822,0.140873423
5/28/2019 20:00,0.37298017,0.122592654
5/28/2019 21:00,0.297629394,0.097826051
5/28/2019 22:00,0.148861531,0.048928419
5/28/2019 23:00,0.088770903,0.029177585
5/29/2019 0:00,0.058625656,0.019269321
5/29/2019 1:00,0.02500355,0.008218269
5/29/2019 2:00,0.06285255,0.020658634
5/29/2019 3:00,0.180933685,0.059470026
5/29/2019 4:00,0.290728367,0.095557793
5/29/2019 5:00,0.356852591,0.117291774
5/29/2019 6:00,0.340111267,0.111789168
5/29/2019 7:00,0.307494969,0.101068709
5/29/2019 8:00,0.323052927,0.106182362
5/29/2019 9:00,0.252367858,0.082949304
5/29/2019 10:00,0.13660727,0.044900638
5/29/2019 11:00,0.069711738,0.02291314
5/29/2019 12:00,0.054681486,0.017972935
5/29/2019 13:00,0.014062543,0.004622134
5/29/2019 14:00,0,0
5/29/2019 15:00,0,0
5/29/2019 16:00,0,0
5/29/2019 17:00,0,0
5/29/2019 18:00,0,0
5/29/2019 19:00,0,0
5/29/2019 20:00,0,0
5/29/2019 21:00,0,0
5/29/2019 22:00,0.019890051,0.006537544
5/29/2019 23:00,0.040093857,0.013178213
5/30/2019 0:00,0.071884531,0.023627303
5/30/2019 1:00,0.10917331,0.035883532
5/30/2019 2:00,0.130403599,0.04286159
5/30/2019 3:00,0.138613229,0.045559965
5/30/2019 4:00,0.134972958,0.044363466
5/30/2019 5:00,0.114082133,0.037496984
5/30/2019 6:00,0.081422494,0.026762279
5/30/2019 7:00,0.050279984,0.016526232
5/30/2019 8:00,0.040739171,0.013390318
5/30/2019 9:00,0.037650241,0.012375036
5/30/2019 10:00,0.034499661,0.01133949
5/30/2019 11:00,0.049975563,0.016426173
5/30/2019 12:00,0.069138488,0.022724722
5/30/2019 13:00,0.048578168,0.015966872
5/30/2019 14:00,0.030311541,0.009962922
5/30/2019 15:00,0.023040796,0.007573143
5/30/2019 16:00,0.008436451,0.002772927
5/30/2019 17:00,0,0
5/30/2019 18:00,0,0
5/30/2019 19:00,0,0
5/30/2019 20:00,0,0
5/30/2019 21:00,0,0
5/30/2019 22:00,0,0
5/30/2019 23:00,0,0
5/31/2019 0:00,0,0
5/31/2019 1:00,0,0
5/31/2019 2:00,0.028745771,0.009448278
5/31/2019 3:00,0.0560574,0.018425176
5/31/2019 4:00,0.078628831,0.025844047
5/31/2019 5:00,0.146944311,0.048298259
5/31/2019 6:00,0.219907193,0.072279999
5/31/2019 7:00,0.25772958,0.084711616
5/31/2019 8:00,0.399185207,0.131205832
5/31/2019 9:00,0.515339398,0.169383869
5/31/2019 10:00,0.570439796,0.187494494
5/31/2019 11:00,0.584382738,0.192077317
5/31/2019 12:00,0.613805896,0.201748242
5/31/2019 13:00,0.59783577,0.196499115
5/31/2019 14:00,0.450723428,0.148145627
5/31/2019 15:00,0.305981581,0.100571282
5/31/2019 16:00,0.172270751,0.056622658
5/31/2019 17:00,0.101543374,0.033375693
5/31/2019 18:00,0.107532802,0.035344323
5/31/2019 19:00,0.209607225,0.068894563
5/31/2019 20:00,0.460275185,0.151285137
5/31/2019 21:00,0.726329373,0.23873292
5/31/2019 22:00,0.601993857,0.197865812
5/31/2019 23:00,0.550811712,0.181043055
06/01/2019 00:00,0.605323008,0.198960051
06/01/2019 01:00,0.568085318,0.186720615
06/01/2019 02:00,0.479765678,0.157691353
06/01/2019 03:00,0.43598797,0.143302316
06/01/2019 04:00,0.497557765,0.163539329
06/01/2019 05:00,0.572423836,0.188146616
06/01/2019 06:00,0.560410842,0.184198136
06/01/2019 07:00,0.579917693,0.190609728
06/01/2019 08:00,0.521229932,0.171319994
06/01/2019 09:00,0.407381924,0.133899963
06/01/2019 10:00,0.299161882,0.098329756
06/01/2019 11:00,0.194267438,0.063852619
06/01/2019 12:00,0.14596898,0.047977683
06/01/2019 13:00,0.110325144,0.036262121
06/01/2019 14:00,0.0946902,0.031123164
06/01/2019 15:00,0.090825514,0.029852903
06/01/2019 16:00,0.079723511,0.026203851
06/01/2019 17:00,0.074447152,0.024469595
06/01/2019 18:00,0.049764689,0.016356862
06/01/2019 19:00,0.032701928,0.010748604
06/01/2019 20:00,0.015402716,0.005062628
06/01/2019 21:00,0.012702575,0.004175134
06/01/2019 22:00,0.020546792,0.006753404
06/01/2019 23:00,0.06679376,0.021954047
06/02/2019 00:00,0.124240278,0.040835805
06/02/2019 01:00,0.134237562,0.044121753
06/02/2019 02:00,0.145428269,0.04779996
06/02/2019 03:00,0.202147581,0.066442697
06/02/2019 04:00,0.247796616,0.081446809
06/02/2019 05:00,0.318719077,0.104757895
06/02/2019 06:00,0.403303935,0.132559593
06/02/2019 07:00,0.507322089,0.166748707
06/02/2019 08:00,0.606442599,0.199328043
06/02/2019 09:00,0.610354608,0.200613858
06/02/2019 10:00,0.561564892,0.184577454
06/02/2019 11:00,0.532610119,0.17506048
06/02/2019 12:00,0.578418151,0.190116852
06/02/2019 13:00,0.622773354,0.204695703
06/02/2019 14:00,0.580564806,0.190822424
06/02/2019 15:00,0.371101613,0.121975202
06/02/2019 16:00,0.161386694,0.053045241
06/02/2019 17:00,0.043451828,0.014281925
06/02/2019 18:00,0.018435258,0.006059376
06/02/2019 19:00,0.022722827,0.007468632
06/02/2019 20:00,0.014705564,0.004833485
06/02/2019 21:00,0.00338063,0.001111159
06/02/2019 22:00,0.002053517,0.000674959
06/02/2019 23:00,0.025181276,0.008276685
06/03/2019 00:00,0.109013698,0.03583107
06/03/2019 01:00,0.119802036,0.039377025
06/03/2019 02:00,0.107739757,0.035412346
06/03/2019 03:00,0.251879133,0.082788667
06/03/2019 04:00,0.334755438,0.110028791
06/03/2019 05:00,0.281093437,0.092390945
06/03/2019 06:00,0.198435971,0.06522275
06/03/2019 07:00,0.160473821,0.052745194
06/03/2019 08:00,0.156246425,0.051355716
06/03/2019 09:00,0.169228804,0.055622818
06/03/2019 10:00,0.333183503,0.109512121
06/03/2019 11:00,0.59287158,0.194867465
06/03/2019 12:00,0.719225193,0.236397889
06/03/2019 13:00,0.803579148,0.264123693
06/03/2019 14:00,0.857492334,0.281844101
06/03/2019 15:00,0.871287121,0.286378228
06/03/2019 16:00,0.89330236,0.293614287
06/03/2019 17:00,0.8791486,0.288962171
06/03/2019 18:00,0.818863844,0.26914753
06/03/2019 19:00,0.727547307,0.239133236
06/03/2019 20:00,0.666256689,0.218987984
06/03/2019 21:00,0.621380573,0.204237918
06/03/2019 22:00,0.722370494,0.237431699
06/03/2019 23:00,0.648531177,0.21316189
06/04/2019 00:00,0.594894379,0.195532327
06/04/2019 01:00,0.510540275,0.167806473
06/04/2019 02:00,0.431925886,0.141967173
06/04/2019 03:00,0.353633604,0.116233745
06/04/2019 04:00,0.314663403,0.103424859
06/04/2019 05:00,0.269721803,0.08865327
06/04/2019 06:00,0.257200047,0.084537567
06/04/2019 07:00,0.265331844,0.08721036
06/04/2019 08:00,0.219616318,0.072184393
06/04/2019 09:00,0.16591289,0.05453293
06/04/2019 10:00,0.165123973,0.054273625
06/04/2019 11:00,0.131464166,0.043210182
06/04/2019 12:00,0.095473171,0.031380514
06/04/2019 13:00,0.073206074,0.024061673
06/04/2019 14:00,0.054321576,0.017854639
06/04/2019 15:00,0.033385067,0.010973141
06/04/2019 16:00,0.018192032,0.005979432
06/04/2019 17:00,0.016937775,0.005567177
06/04/2019 18:00,0.009641,0.003168843
06/04/2019 19:00,0.000100443,3.30E-05
06/04/2019 20:00,0.013508032,0.004439876
06/04/2019 21:00,0.012498422,0.004108033
06/04/2019 22:00,0.029713755,0.009766439
06/04/2019 23:00,0.062722781,0.020615981
06/05/2019 00:00,0.083364615,0.027400624
06/05/2019 01:00,0.107723698,0.035407067
06/05/2019 02:00,0.156104172,0.05130896
06/05/2019 03:00,0.18135107,0.059607214
06/05/2019 04:00,0.201173835,0.066122642
06/05/2019 05:00,0.224943809,0.073935455
06/05/2019 06:00,0.232820273,0.076524323
06/05/2019 07:00,0.235309335,0.077342438
06/05/2019 08:00,0.218605282,0.071852082
06/05/2019 09:00,0.200663368,0.06595486
06/05/2019 10:00,0.201298415,0.066163589
06/05/2019 11:00,0.126142808,0.041461136
06/05/2019 12:00,0.110810466,0.036421639
06/05/2019 13:00,0.12808559,0.042099698
06/05/2019 14:00,0.093205872,0.030635289
06/05/2019 15:00,0.061781084,0.02030646
06/05/2019 16:00,0.043581653,0.014324597
06/05/2019 17:00,0.044671208,0.014682716
06/05/2019 18:00,0.025511895,0.008385354
06/05/2019 19:00,0.01427357,0.004691496
06/05/2019 20:00,0.010357362,0.0034043
06/05/2019 21:00,0.00796009,0.002616355
06/05/2019 22:00,0.002599545,0.000854429
06/05/2019 23:00,0.008083173,0.00265681
06/06/2019 00:00,0.011497692,0.003779109
06/06/2019 01:00,0.02138107,0.007027618
06/06/2019 02:00,0.037111912,0.012198095
06/06/2019 03:00,0.066328421,0.021801098
06/06/2019 04:00,0.132932688,0.043692862
06/06/2019 05:00,0.170607606,0.056076008
06/06/2019 06:00,0.250932212,0.08247743
06/06/2019 07:00,0.317355188,0.104309606
06/06/2019 08:00,0.320698925,0.105408639
06/06/2019 09:00,0.336214286,0.110508292
06/06/2019 10:00,0.371189659,0.122004141
06/06/2019 11:00,0.333701877,0.109682503
06/06/2019 12:00,0.182305728,0.059920995
06/06/2019 13:00,0.079712101,0.026200101
06/06/2019 14:00,0.042346743,0.013918701
06/06/2019 15:00,0.035827597,0.011775962
06/06/2019 16:00,0.018754546,0.006164321
06/06/2019 17:00,0.016186313,0.005320184
06/06/2019 18:00,0.019029888,0.006254822
06/06/2019 19:00,0.014430865,0.004743196
06/06/2019 20:00,0,0
06/06/2019 21:00,0,0
06/06/2019 22:00,0.005220296,0.001715828
06/06/2019 23:00,0.003384915,0.001112568
06/07/2019 00:00,0.010955942,0.003601044
06/07/2019 01:00,0.019359199,0.006363061
06/07/2019 02:00,0.043565582,0.014319314
06/07/2019 03:00,0.070620887,0.023211963
06/07/2019 04:00,0.065576065,0.02155381
06/07/2019 05:00,0.043402985,0.014265871
06/07/2019 06:00,0.037395026,0.012291151
06/07/2019 07:00,0.046723401,0.015357239
06/07/2019 08:00,0.048895854,0.01607129
06/07/2019 09:00,0.049073106,0.01612955
06/07/2019 10:00,0.013505243,0.004438959
06/07/2019 11:00,0.014101949,0.004635086
06/07/2019 12:00,0.029629786,0.00973884
06/07/2019 13:00,0.07567461,0.024873041
06/07/2019 14:00,0.085775582,0.02819307
06/07/2019 15:00,0.058077935,0.019089294
06/07/2019 16:00,0.078676876,0.025859839
06/07/2019 17:00,0.118367637,0.038905561
06/07/2019 18:00,0.100329711,0.032976781
06/07/2019 19:00,0.087906066,0.028893327
06/07/2019 20:00,0.110601657,0.036353007
06/07/2019 21:00,0.138140734,0.045404664
06/07/2019 22:00,0.135410335,0.044507225
06/07/2019 23:00,0.123012199,0.040432154
06/08/2019 00:00,0.117521459,0.038627436
06/08/2019 01:00,0.096516772,0.031723529
06/08/2019 02:00,0.076446521,0.025126756
06/08/2019 03:00,0.056752176,0.018653538
06/08/2019 04:00,0.054695182,0.017977437
06/08/2019 05:00,0.082640316,0.027162558
06/08/2019 06:00,0.117554754,0.038638379
06/08/2019 07:00,0.150164894,0.049356814
06/08/2019 08:00,0.145856529,0.047940723
06/08/2019 09:00,0.13821064,0.045427641
06/08/2019 10:00,0.118867724,0.039069931
06/08/2019 11:00,0.123876227,0.040716147
06/08/2019 12:00,0.145490006,0.047820253
06/08/2019 13:00,0.17259808,0.056730246
06/08/2019 14:00,0.204602095,0.067249456
06/08/2019 15:00,0.233110577,0.076619741
06/08/2019 16:00,0.261784372,0.086044362
06/08/2019 17:00,0.270119543,0.088784
06/08/2019 18:00,0.236791856,0.077829719
06/08/2019 19:00,0.208375405,0.068489683
06/08/2019 20:00,0.181440797,0.059636706
06/08/2019 21:00,0.186441248,0.061280275
06/08/2019 22:00,0.184203518,0.060544769
06/08/2019 23:00,0.157653871,0.051818322
06/09/2019 00:00,0.12607376,0.041438441
06/09/2019 01:00,0.111373338,0.036606646
06/09/2019 02:00,0.129555159,0.042582721
06/09/2019 03:00,0.15852281,0.052103928
06/09/2019 04:00,0.158872637,0.052218911
06/09/2019 05:00,0.147554765,0.048498906
06/09/2019 06:00,0.120785001,0.03970011
06/09/2019 07:00,0.08653572,0.028442916
06/09/2019 08:00,0.064391472,0.021164453
06/09/2019 09:00,0.042948347,0.014116439
06/09/2019 10:00,0.030681501,0.010084522
06/09/2019 11:00,0.022754729,0.007479118
06/09/2019 12:00,0.016729478,0.005498713
06/09/2019 13:00,0.003589824,0.001179918
06/09/2019 14:00,0,0
06/09/2019 15:00,0,0
06/09/2019 16:00,0,0
06/09/2019 17:00,0,0
06/09/2019 18:00,0,0
06/09/2019 19:00,0,0
06/09/2019 20:00,0,0
06/09/2019 21:00,0,0
06/09/2019 22:00,0,0
06/09/2019 23:00,0,0
06/10/2019 00:00,0,0
06/10/2019 01:00,0,0
06/10/2019 02:00,0.003626394,0.001191938
06/10/2019 03:00,0.012832975,0.004217995
06/10/2019 04:00,0.0235254,0.007732425
06/10/2019 05:00,0.031687887,0.010415305
06/10/2019 06:00,0.036497856,0.011996265
06/10/2019 07:00,0.032581594,0.010709052
06/10/2019 08:00,0.035212122,0.011573665
06/10/2019 09:00,0.043638602,0.014343315
06/10/2019 10:00,0.065337166,0.021475288
06/10/2019 11:00,0.06513786,0.021409779
06/10/2019 12:00,0.051049049,0.016779011
06/10/2019 13:00,0.056697013,0.018635407
06/10/2019 14:00,0.08600798,0.028269456
06/10/2019 15:00,0.109160049,0.035879173
06/10/2019 16:00,0.113680264,0.037364896
06/10/2019 17:00,0.108891002,0.035790742
06/10/2019 18:00,0.098113731,0.032248424
06/10/2019 19:00,0.085870469,0.028224258
06/10/2019 20:00,0.082566021,0.027138139
06/10/2019 21:00,0.074108146,0.02435817
06/10/2019 22:00,0.078154027,0.025687986
06/10/2019 23:00,0.089598574,0.029449627
06/11/2019 00:00,0.125068128,0.041107906
06/11/2019 01:00,0.199998293,0.06573626
06/11/2019 02:00,0.304923543,0.100223522
06/11/2019 03:00,0.349660613,0.114927886
06/11/2019 04:00,0.353459437,0.116176499
06/11/2019 05:00,0.323671208,0.106385581
06/11/2019 06:00,0.358166684,0.117723696
06/11/2019 07:00,0.36999725,0.121612215
06/11/2019 08:00,0.398284865,0.130909904
06/11/2019 09:00,0.523749622,0.172148176
06/11/2019 10:00,0.470034886,0.154492996
06/11/2019 11:00,0.43508807,0.143006533
06/11/2019 12:00,0.372452934,0.122419359
06/11/2019 13:00,0.373449753,0.122746998
06/11/2019 14:00,0.389415614,0.127994723
06/11/2019 15:00,0.451719517,0.148473025
06/11/2019 16:00,0.480252024,0.157851207
06/11/2019 17:00,0.473530766,0.155642036
06/11/2019 18:00,0.458453671,0.150686435
06/11/2019 19:00,0.525624414,0.17276439
06/11/2019 20:00,0.622367258,0.204562225
06/11/2019 21:00,0.705460995,0.231873816
06/11/2019 22:00,0.834287487,0.274217036
06/11/2019 23:00,0.808562261,0.265761563
06/12/2019 00:00,0.790990484,0.259985999
06/12/2019 01:00,0.783568716,0.257546582
06/12/2019 02:00,0.812716849,0.26712711
06/12/2019 03:00,0.858574369,0.282199748
06/12/2019 04:00,0.868777368,0.285553312
06/12/2019 05:00,0.862479376,0.283483262
06/12/2019 06:00,0.856990559,0.281679175
06/12/2019 07:00,0.854313715,0.280799339
06/12/2019 08:00,0.832729221,0.273704859
06/12/2019 09:00,0.821273212,0.269939451
06/12/2019 10:00,0.793731293,0.26088686
06/12/2019 11:00,0.753653893,0.247714055
06/12/2019 12:00,0.751789925,0.247101399
06/12/2019 13:00,0.719402388,0.23645613
06/12/2019 14:00,0.706090922,0.232080863
06/12/2019 15:00,0.718381665,0.236120635
06/12/2019 16:00,0.768795426,0.252690837
06/12/2019 17:00,0.792302862,0.260417357
06/12/2019 18:00,0.756659934,0.248702093
06/12/2019 19:00,0.720941068,0.23696187
06/12/2019 20:00,0.717504521,0.235832331
06/12/2019 21:00,0.711960807,0.234010201
06/12/2019 22:00,0.676144109,0.222237821
06/12/2019 23:00,0.645781188,0.212258012
6/13/2019 0:00,0.593999627,0.195238236
6/13/2019 1:00,0.624846423,0.205377087
6/13/2019 2:00,0.656770913,0.21587016
6/13/2019 3:00,0.674971218,0.221852311
6/13/2019 4:00,0.680116061,0.223543339
6/13/2019 5:00,0.665677307,0.21879755
6/13/2019 6:00,0.593913584,0.195209955
6/13/2019 7:00,0.463367037,0.15230138
6/13/2019 8:00,0.558610063,0.183606249
6/13/2019 9:00,0.639524104,0.210201408
6/13/2019 10:00,0.646911171,0.212629419
6/13/2019 11:00,0.678898441,0.223143127
6/13/2019 12:00,0.637754202,0.209619669
6/13/2019 13:00,0.592586453,0.194773748
6/13/2019 14:00,0.63442477,0.208525338
6/13/2019 15:00,0.661167226,0.217315158
6/13/2019 16:00,0.653039996,0.214643867
6/13/2019 17:00,0.606713784,0.199417177
6/13/2019 18:00,0.623596542,0.204966271
6/13/2019 19:00,0.681406112,0.223967358
6/13/2019 20:00,0.533248221,0.175270214
6/13/2019 21:00,0.10441464,0.034319432
6/13/2019 22:00,0.009721758,0.003195387
6/13/2019 23:00,0,0
6/14/2019 0:00,0.018371616,0.006038458
6/14/2019 1:00,0.10381315,0.034121732
6/14/2019 2:00,0.231763879,0.076177103
6/14/2019 3:00,0.389081895,0.127885035
6/14/2019 4:00,0.444781817,0.146192713
6/14/2019 5:00,0.422977603,0.139026015
6/14/2019 6:00,0.450724564,0.148146
6/14/2019 7:00,0.523105673,0.17193652
6/14/2019 8:00,0.570872043,0.187636567
6/14/2019 9:00,0.617040866,0.202811525
6/14/2019 10:00,0.626914216,0.206056738
6/14/2019 11:00,0.703824579,0.231335952
6/14/2019 12:00,0.66906873,0.219912257
6/14/2019 13:00,0.684253061,0.224903105
6/14/2019 14:00,0.709899025,0.233332526
6/14/2019 15:00,0.739787182,0.243156288
6/14/2019 16:00,0.751457249,0.246992054
6/14/2019 17:00,0.720163106,0.236706166
6/14/2019 18:00,0.68209869,0.224194998
6/14/2019 19:00,0.605830344,0.199126804
6/14/2019 20:00,0.500012549,0.164346177
6/14/2019 21:00,0.410425023,0.134900181
6/14/2019 22:00,0.365237608,0.120047796
6/14/2019 23:00,0.297309219,0.097720815
6/15/2019 0:00,0.255441347,0.083959511
6/15/2019 1:00,0.235636881,0.077450097
6/15/2019 2:00,0.22977778,0.075524304
6/15/2019 3:00,0.297135431,0.097663693
6/15/2019 4:00,0.364722081,0.119878351
6/15/2019 5:00,0.321204847,0.105574928
6/15/2019 6:00,0.27453934,0.090236717
6/15/2019 7:00,0.322611424,0.106037247
6/15/2019 8:00,0.321236382,0.105585293
6/15/2019 9:00,0.382682802,0.125781754
6/15/2019 10:00,0.431866237,0.141947568
6/15/2019 11:00,0.461645204,0.151735441
6/15/2019 12:00,0.544045193,0.178819007
6/15/2019 13:00,0.466709957,0.153400145
6/15/2019 14:00,0.377749802,0.124160356
6/15/2019 15:00,0.401513166,0.131970996
6/15/2019 16:00,0.41066972,0.13498061
6/15/2019 17:00,0.342350078,0.112525029
6/15/2019 18:00,0.290439674,0.095462904
6/15/2019 19:00,0.321425659,0.105647505
6/15/2019 20:00,0.353066198,0.116047247
6/15/2019 21:00,0.391551341,0.128696702
6/15/2019 22:00,0.314040447,0.103220103
6/15/2019 23:00,0.280014004,0.092036152
6/16/2019 0:00,0.272717858,0.089638025
6/16/2019 1:00,0.301942677,0.099243759
6/16/2019 2:00,0.296928107,0.097595549
6/16/2019 3:00,0.247660666,0.081402124
6/16/2019 4:00,0.220288104,0.072405198
6/16/2019 5:00,0.193517811,0.063606228
6/16/2019 6:00,0.132900581,0.043682309
6/16/2019 7:00,0.098154388,0.032261787
6/16/2019 8:00,0.076760894,0.025230086
6/16/2019 9:00,0.080068704,0.02631731
6/16/2019 10:00,0.065215714,0.021435369
6/16/2019 11:00,0.056831649,0.01867966
6/16/2019 12:00,0.056957393,0.01872099
6/16/2019 13:00,0.057013582,0.018739458
6/16/2019 14:00,0.04224664,0.013885799
6/16/2019 15:00,0.016840525,0.005535213
6/16/2019 16:00,0.010278596,0.003378411
6/16/2019 17:00,0.016100399,0.005291945
6/16/2019 18:00,0.014293637,0.004698091
6/16/2019 19:00,0.013213656,0.004343119
6/16/2019 20:00,0.000735802,0.000241846
6/16/2019 21:00,0.006125452,0.002013339
6/16/2019 22:00,0.032820574,0.010787601
6/16/2019 23:00,0.05851939,0.019234393
6/17/2019 0:00,0.067213918,0.022092146
6/17/2019 1:00,0.078674414,0.025859029
6/17/2019 2:00,0.121088689,0.039799927
6/17/2019 3:00,0.174147225,0.057239425
6/17/2019 4:00,0.154893116,0.050910905
6/17/2019 5:00,0.068262425,0.022436774
6/17/2019 6:00,0.00078086,0.000256656
6/17/2019 7:00,0,0
6/17/2019 8:00,0.032733742,0.010759061
6/17/2019 9:00,0.121075566,0.039795614
6/17/2019 10:00,0.251971332,0.082818972
6/17/2019 11:00,0.245804594,0.080792063
6/17/2019 12:00,0.128442499,0.042217008
6/17/2019 13:00,0.02942746,0.009672338
6/17/2019 14:00,0,0
6/17/2019 15:00,0,0
6/17/2019 16:00,0,0
6/17/2019 17:00,0,0
6/17/2019 18:00,0.011820341,0.003885158
6/17/2019 19:00,0.025754499,0.008465094
6/17/2019 20:00,0.051380278,0.016887881
6/17/2019 21:00,0.117831624,0.038729382
6/17/2019 22:00,0.13124587,0.043138431
6/17/2019 23:00,0.115291201,0.037894385
6/18/2019 0:00,0.128051946,0.042088639
6/18/2019 1:00,0.169029775,0.0555574
6/18/2019 2:00,0.207090963,0.068067508
6/18/2019 3:00,0.260242973,0.085537729
6/18/2019 4:00,0.310568034,0.102078776
6/18/2019 5:00,0.349101868,0.114744235
6/18/2019 6:00,0.41855926,0.137573776
6/18/2019 7:00,0.491465279,0.161536826
6/18/2019 8:00,0.492003152,0.161713616
6/18/2019 9:00,0.529661721,0.174091389
6/18/2019 10:00,0.432206893,0.142059536
6/18/2019 11:00,0.477918042,0.157084064
6/18/2019 12:00,0.449657512,0.147795277
6/18/2019 13:00,0.436888488,0.143598302
6/18/2019 14:00,0.429647329,0.141218248
6/18/2019 15:00,0.384886927,0.126506215
6/18/2019 16:00,0.319110114,0.104886422
6/18/2019 17:00,0.257662494,0.084689566
6/18/2019 18:00,0.19289057,0.063400064
6/18/2019 19:00,0.128299234,0.042169919
6/18/2019 20:00,0.098977352,0.032532282
6/18/2019 21:00,0.095960625,0.031540732
6/18/2019 22:00,0.125194774,0.041149532
6/18/2019 23:00,0.114307674,0.037571116
6/19/2019 0:00,0.098236925,0.032288916
6/19/2019 1:00,0.110384211,0.036281536
6/19/2019 2:00,0.136665025,0.044919621
6/19/2019 3:00,0.156289886,0.051370001
6/19/2019 4:00,0.170868295,0.056161693
6/19/2019 5:00,0.184185292,0.060538778
6/19/2019 6:00,0.205715881,0.06761554
6/19/2019 7:00,0.200098174,0.065769089
6/19/2019 8:00,0.163604559,0.053774218
6/19/2019 9:00,0.129428235,0.042541004
6/19/2019 10:00,0.099178428,0.032598373
6/19/2019 11:00,0.071608703,0.023536642
6/19/2019 12:00,0.043110948,0.014169883
6/19/2019 13:00,0.031058537,0.010208447
6/19/2019 14:00,0.044415872,0.014598791
6/19/2019 15:00,0.038328934,0.012598111
6/19/2019 16:00,0.020385722,0.006700463
6/19/2019 17:00,0.018119409,0.005955562
6/19/2019 18:00,0.0034256,0.00112594
6/19/2019 19:00,0,0
6/19/2019 20:00,0,0
6/19/2019 21:00,0,0
6/19/2019 22:00,0,0
6/19/2019 23:00,0.00244365,0.000803189
6/20/2019 0:00,0.021811511,0.007169097
6/20/2019 1:00,0.018995401,0.006243487
6/20/2019 2:00,0.019989934,0.006570373
6/20/2019 3:00,0.034347033,0.011289324
6/20/2019 4:00,0.041950765,0.01378855
6/20/2019 5:00,0.042381014,0.013929966
6/20/2019 6:00,0.037816265,0.012429605
6/20/2019 7:00,0.028994198,0.009529932
6/20/2019 8:00,0.023277872,0.007651066
6/20/2019 9:00,0.018671898,0.006137156
6/20/2019 10:00,0.022225292,0.0073051
6/20/2019 11:00,0.041499429,0.013640203
6/20/2019 12:00,0.040352451,0.013263209
6/20/2019 13:00,0.130962137,0.043045173
6/20/2019 14:00,0.280467656,0.092185261
6/20/2019 15:00,0.390446138,0.12833344
6/20/2019 16:00,0.494671163,0.162590549
6/20/2019 17:00,0.566230461,0.186110953
6/20/2019 18:00,0.542429712,0.178288025
6/20/2019 19:00,0.489490347,0.160887697
6/20/2019 20:00,0.527351135,0.173331936
6/20/2019 21:00,0.556256238,0.182832584
6/20/2019 22:00,0.606571863,0.19937053
6/20/2019 23:00,0.631817442,0.207668351
6/21/2019 0:00,0.611492679,0.200987924
6/21/2019 1:00,0.583935483,0.191930312
6/21/2019 2:00,0.566620143,0.186239035
6/21/2019 3:00,0.594855293,0.19551948
6/21/2019 4:00,0.550973701,0.181096298
6/21/2019 5:00,0.477047071,0.15679779
6/21/2019 6:00,0.420722182,0.138284694
6/21/2019 7:00,0.444114046,0.145973228
6/21/2019 8:00,0.463589319,0.15237444
6/21/2019 9:00,0.499694171,0.164241531
6/21/2019 10:00,0.661118667,0.217299197
6/21/2019 11:00,0.673759271,0.221453963
6/21/2019 12:00,0.653852021,0.214910767
6/21/2019 13:00,0.630600084,0.207268224
6/21/2019 14:00,0.636545583,0.209222415
6/21/2019 15:00,0.624620329,0.205302774
6/21/2019 16:00,0.599722416,0.197119226
6/21/2019 17:00,0.558582944,0.183597335
6/21/2019 18:00,0.475859917,0.156407591
6/21/2019 19:00,0.376905435,0.123882826
6/21/2019 20:00,0.293275839,0.096395107
6/21/2019 21:00,0.250451046,0.082319278
6/21/2019 22:00,0.220368711,0.072431693
6/21/2019 23:00,0.212681741,0.069905108
6/22/2019 0:00,0.204576086,0.067240908
6/22/2019 1:00,0.189202994,0.062188017
6/22/2019 2:00,0.164043368,0.053918448
6/22/2019 3:00,0.143729123,0.047241478
6/22/2019 4:00,0.150443541,0.049448401
6/22/2019 5:00,0.154214469,0.050687845
6/22/2019 6:00,0.120311417,0.039544451
6/22/2019 7:00,0.088330897,0.029032962
6/22/2019 8:00,0.073454512,0.024143331
6/22/2019 9:00,0.076618638,0.025183329
6/22/2019 10:00,0.063120401,0.020746672
6/22/2019 11:00,0.059560212,0.019576495
6/22/2019 12:00,0.037212706,0.012231225
6/22/2019 13:00,0.028667334,0.009422497
6/22/2019 14:00,0.017711918,0.005821626
6/22/2019 15:00,0.009246226,0.003039088
6/22/2019 16:00,0,0
6/22/2019 17:00,0,0
6/22/2019 18:00,0,0
6/22/2019 19:00,0,0
6/22/2019 20:00,0,0
6/22/2019 21:00,0,0
6/22/2019 22:00,0,0
6/22/2019 23:00,0,0
6/23/2019 0:00,0,0
6/23/2019 1:00,0,0
6/23/2019 2:00,0,0
6/23/2019 3:00,0,0
6/23/2019 4:00,0,0
6/23/2019 5:00,0.012826906,0.004216
6/23/2019 6:00,0.020203807,0.00664067
6/23/2019 7:00,0.025935493,0.008524584
6/23/2019 8:00,0.036178988,0.011891458
6/23/2019 9:00,0.047333998,0.015557933
6/23/2019 10:00,0.079872906,0.026252955
6/23/2019 11:00,0.116861524,0.038410525
6/23/2019 12:00,0.149059833,0.048993598
6/23/2019 13:00,0.18571653,0.061042072
6/23/2019 14:00,0.215763113,0.070917906
6/23/2019 15:00,0.254477534,0.08364272
6/23/2019 16:00,0.283359791,0.093135859
6/23/2019 17:00,0.280220672,0.092104081
6/23/2019 18:00,0.281602617,0.092558304
6/23/2019 19:00,0.297659615,0.097835984
6/23/2019 20:00,0.321280985,0.105599953
6/23/2019 21:00,0.331750211,0.109041021
6/23/2019 22:00,0.418881771,0.13767978
6/23/2019 23:00,0.327856433,0.107761198
6/24/2019 0:00,0.280661022,0.092248817
6/24/2019 1:00,0.266302497,0.087529398
6/24/2019 2:00,0.221583561,0.072830995
6/24/2019 3:00,0.173279668,0.056954273
6/24/2019 4:00,0.13818184,0.045418174
6/24/2019 5:00,0.1482832,0.048738331
6/24/2019 6:00,0.173385756,0.056989142
6/24/2019 7:00,0.186589886,0.06132913
6/24/2019 8:00,0.221818815,0.072908319
6/24/2019 9:00,0.232326388,0.076361991
6/24/2019 10:00,0.319842547,0.105127161
6/24/2019 11:00,0.224656076,0.073840881
6/24/2019 12:00,0.202448218,0.066541511
6/24/2019 13:00,0.27720814,0.091113909
6/24/2019 14:00,0.361118777,0.118694002
6/24/2019 15:00,0.434325833,0.142755998
6/24/2019 16:00,0.491001779,0.16138448
6/24/2019 17:00,0.527495913,0.173379522
6/24/2019 18:00,0.519590774,0.170781229
6/24/2019 19:00,0.51381749,0.168883642
6/24/2019 20:00,0.526880003,0.173177082
6/24/2019 21:00,0.572905169,0.188304823
6/24/2019 22:00,0.611607534,0.201025675
6/24/2019 23:00,0.610555251,0.200679806
6/25/2019 0:00,0.603469626,0.198350874
6/25/2019 1:00,0.54298834,0.178471637
6/25/2019 2:00,0.51598805,0.169597071
6/25/2019 3:00,0.492175149,0.161770148
6/25/2019 4:00,0.486124075,0.159781256
6/25/2019 5:00,0.457191779,0.150271671
6/25/2019 6:00,0.402782065,0.132388063
6/25/2019 7:00,0.3359149,0.110409888
6/25/2019 8:00,0.339080888,0.111450498
6/25/2019 9:00,0.344728349,0.113306729
6/25/2019 10:00,0.349322894,0.114816883
6/25/2019 11:00,0.340700201,0.111982741
6/25/2019 12:00,0.306714066,0.100812038
6/25/2019 13:00,0.257503075,0.084637168
6/25/2019 14:00,0.258735492,0.085042244
6/25/2019 15:00,0.218413386,0.071789008
6/25/2019 16:00,0.180091761,0.059193299
6/25/2019 17:00,0.186018261,0.061141246
6/25/2019 18:00,0.203869683,0.067008724
6/25/2019 19:00,0.200882375,0.066026844
6/25/2019 20:00,0.163948585,0.053887294
6/25/2019 21:00,0.127907523,0.04204117
6/25/2019 22:00,0.14038789,0.046143268
6/25/2019 23:00,0.13638148,0.044826425
6/26/2019 0:00,0.114796835,0.037731895
6/26/2019 1:00,0.101190225,0.033259618
6/26/2019 2:00,0.101979266,0.033518964
6/26/2019 3:00,0.094527282,0.031069615
6/26/2019 4:00,0.10902104,0.035833483
6/26/2019 5:00,0.15618587,0.051335813
6/26/2019 6:00,0.201272204,0.066154974
6/26/2019 7:00,0.294764346,0.096884355
6/26/2019 8:00,0.300434343,0.098747993
6/26/2019 9:00,0.323881418,0.106454674
6/26/2019 10:00,0.439425405,0.144432146
6/26/2019 11:00,0.438054854,0.143981668
6/26/2019 12:00,0.513101028,0.168648152
6/26/2019 13:00,0.57332833,0.188443909
6/26/2019 14:00,0.654843004,0.215236487
6/26/2019 15:00,0.711638756,0.233904348
6/26/2019 16:00,0.726565789,0.238810626
6/26/2019 17:00,0.722751639,0.237556976
6/26/2019 18:00,0.737325839,0.242347284
6/26/2019 19:00,0.731941649,0.240577586
6/26/2019 20:00,0.716485702,0.235497462
6/26/2019 21:00,0.642321468,0.211120857
6/26/2019 22:00,0.594985651,0.195562326
6/26/2019 23:00,0.609000649,0.200168833
6/27/2019 0:00,0.593566709,0.195095942
6/27/2019 1:00,0.549329395,0.180555841
6/27/2019 2:00,0.483118485,0.158793367
6/27/2019 3:00,0.442686944,0.145504162
6/27/2019 4:00,0.398264545,0.130903226
6/27/2019 5:00,0.350151461,0.11508922
6/27/2019 6:00,0.255066445,0.083836286
6/27/2019 7:00,0.174557611,0.057374312
6/27/2019 8:00,0.131957731,0.043372409
6/27/2019 9:00,0.108908833,0.035796602
6/27/2019 10:00,0.096275761,0.031644312
6/27/2019 11:00,0.111505738,0.036650164
6/27/2019 12:00,0.128089571,0.042101006
6/27/2019 13:00,0.118556016,0.038967478
6/27/2019 14:00,0.097815379,0.03215036
6/27/2019 15:00,0.080378532,0.026419146
6/27/2019 16:00,0.060045657,0.019736053
6/27/2019 17:00,0.043016697,0.014138905
6/27/2019 18:00,0.032909231,0.010816741
6/27/2019 19:00,0.020965018,0.006890868
6/27/2019 20:00,0.013764389,0.004524136
6/27/2019 21:00,0.007656351,0.002516521
6/27/2019 22:00,0,0
6/27/2019 23:00,0,0
6/28/2019 0:00,0,0
6/28/2019 1:00,0,0
6/28/2019 2:00,0,0
6/28/2019 3:00,0,0
6/28/2019 4:00,0.001516681,0.000498509
6/28/2019 5:00,0.016324072,0.005365463
6/28/2019 6:00,0.041106445,0.013511035
6/28/2019 7:00,0.070642679,0.023219126
6/28/2019 8:00,0.101282228,0.033289858
6/28/2019 9:00,0.130100617,0.042762005
6/28/2019 10:00,0.118978723,0.039106415
6/28/2019 11:00,0.146677275,0.048210489
6/28/2019 12:00,0.172309153,0.05663528
6/28/2019 13:00,0.152584274,0.050152026
6/28/2019 14:00,0.156204098,0.051341804
6/28/2019 15:00,0.172783667,0.056791245
6/28/2019 16:00,0.189042713,0.062135335
6/28/2019 17:00,0.208927175,0.068671041
6/28/2019 18:00,0.211342284,0.069464849
6/28/2019 19:00,0.233574612,0.076772262
6/28/2019 20:00,0.288956875,0.094975532
6/28/2019 21:00,0.351631011,0.115575524
6/28/2019 22:00,0.321433144,0.105649965
6/28/2019 23:00,0.284223936,0.09341989
6/29/2019 0:00,0.324594905,0.106689186
6/29/2019 1:00,0.206015903,0.067714153
6/29/2019 2:00,0.073258259,0.024078825
6/29/2019 3:00,0.095943141,0.031534985
6/29/2019 4:00,0.102010828,0.033529338
6/29/2019 5:00,0.097101024,0.031915563
6/29/2019 6:00,0.050116932,0.016472639
6/29/2019 7:00,0,0
6/29/2019 8:00,0,0
6/29/2019 9:00,0,0
6/29/2019 10:00,0.00767159,0.00252153
6/29/2019 11:00,0.043267239,0.014221254
6/29/2019 12:00,0.021074296,0.006926786
6/29/2019 13:00,0.046010965,0.015123073
6/29/2019 14:00,0.043786558,0.014391946
6/29/2019 15:00,0.00964584,0.003170434
6/29/2019 16:00,0,0
6/29/2019 17:00,0,0
6/29/2019 18:00,0,0
6/29/2019 19:00,0,0
6/29/2019 20:00,0.013367316,0.004393624
6/29/2019 21:00,0.041567517,0.013662582
6/29/2019 22:00,0.069745758,0.022924322
6/29/2019 23:00,0.089492652,0.029414812
6/30/2019 0:00,0.055031763,0.018088066
6/30/2019 1:00,0.002272964,0.000747087
6/30/2019 2:00,0,0
6/30/2019 3:00,0,0
6/30/2019 4:00,0,0
6/30/2019 5:00,0,0
6/30/2019 6:00,0.018377894,0.006040522
6/30/2019 7:00,0.071591331,0.023530933
6/30/2019 8:00,0.121647273,0.039983525
6/30/2019 9:00,0.187815527,0.061731978
6/30/2019 10:00,0.31721878,0.104264771
6/30/2019 11:00,0.343311177,0.112840927
6/30/2019 12:00,0.291262064,0.095733211
6/30/2019 13:00,0.52064141,0.171126556
6/30/2019 14:00,0.660457311,0.21708182
6/30/2019 15:00,0.73341688,0.241062471
6/30/2019 16:00,0.733011182,0.240929125
6/30/2019 17:00,0.703932341,0.231371371
6/30/2019 18:00,0.673797771,0.221466617
6/30/2019 19:00,0.657914307,0.216245975
6/30/2019 20:00,0.734568715,0.241441061
6/30/2019 21:00,0.794997725,0.261303116
6/30/2019 22:00,0.804877354,0.264550393
6/30/2019 23:00,0.833327407,0.273901473
07/01/2019 00:00,0.784333681,0.257798014
07/01/2019 01:00,0.757585144,0.249006195
07/01/2019 02:00,0.742609574,0.244083963
07/01/2019 03:00,0.689803289,0.226727377
07/01/2019 04:00,0.697517118,0.22926279
07/01/2019 05:00,0.727123448,0.23899392
07/01/2019 06:00,0.737844994,0.242517921
07/01/2019 07:00,0.780763714,0.256624623
07/01/2019 08:00,0.760192937,0.249863335
07/01/2019 09:00,0.764951095,0.251427266
07/01/2019 10:00,0.773907889,0.254371222
07/01/2019 11:00,0.734641372,0.241464942
07/01/2019 12:00,0.724945559,0.238278082
07/01/2019 13:00,0.73358996,0.24111936
07/01/2019 14:00,0.714620684,0.23488446
07/01/2019 15:00,0.722021109,0.237316862
07/01/2019 16:00,0.704926145,0.231698019
07/01/2019 17:00,0.673430185,0.221345798
07/01/2019 18:00,0.636556391,0.209225968
07/01/2019 19:00,0.567701808,0.186594561
07/01/2019 20:00,0.445565657,0.146450349
07/01/2019 21:00,0.343210004,0.112807673
07/01/2019 22:00,0.318736682,0.104763681
07/01/2019 23:00,0.258225154,0.084874504
07/02/2019 00:00,0.179657451,0.059050549
07/02/2019 01:00,0.109377554,0.035950663
07/02/2019 02:00,0.053368777,0.017541469
07/02/2019 03:00,0.032510665,0.010685739
07/02/2019 04:00,0.060275047,0.01981145
07/02/2019 05:00,0.114456345,0.037619981
07/02/2019 06:00,0.192243506,0.063187385
07/02/2019 07:00,0.241880524,0.079502283
07/02/2019 08:00,0.266946363,0.087741027
07/02/2019 09:00,0.285204328,0.093742129
07/02/2019 10:00,0.381807583,0.125494084
07/02/2019 11:00,0.427905142,0.140645619
07/02/2019 12:00,0.571694548,0.187906911
07/02/2019 13:00,0.66693626,0.219211348
07/02/2019 14:00,0.690544481,0.226970995
07/02/2019 15:00,0.716953476,0.235651212
07/02/2019 16:00,0.695833458,0.228709398
07/02/2019 17:00,0.632093901,0.207759218
07/02/2019 18:00,0.574445054,0.188810958
07/02/2019 19:00,0.528437046,0.173688857
07/02/2019 20:00,0.471864939,0.155094505
07/02/2019 21:00,0.408079984,0.134129404
07/02/2019 22:00,0.339021013,0.111430818
07/02/2019 23:00,0.32959733,0.108333403
07/03/2019 00:00,0.409110294,0.134468051
07/03/2019 01:00,0.438466873,0.144117092
07/03/2019 02:00,0.433137289,0.142365342
07/03/2019 03:00,0.396525665,0.130331683
07/03/2019 04:00,0.386701118,0.127102511
07/03/2019 05:00,0.40040058,0.131605306
07/03/2019 06:00,0.397050899,0.13050432
07/03/2019 07:00,0.408920503,0.13440567
07/03/2019 08:00,0.376692501,0.123812838
07/03/2019 09:00,0.340974571,0.112072922
07/03/2019 10:00,0.302419119,0.099400357
07/03/2019 11:00,0.389475024,0.12801425
07/03/2019 12:00,0.431954387,0.141976541
07/03/2019 13:00,0.526191812,0.172950885
07/03/2019 14:00,0.601557397,0.197722355
07/03/2019 15:00,0.710511508,0.233533839
07/03/2019 16:00,0.749922133,0.246487485
07/03/2019 17:00,0.790004746,0.259662003
07/03/2019 18:00,0.784663005,0.257906258
07/03/2019 19:00,0.772913056,0.254044236
07/03/2019 20:00,0.775642006,0.254941199
07/03/2019 21:00,0.790456316,0.259810427
07/03/2019 22:00,0.837224439,0.275182366
07/03/2019 23:00,0.850435961,0.279524783
07/04/2019 00:00,0.853885886,0.280658718
07/04/2019 01:00,0.859218532,0.282411474
07/04/2019 02:00,0.865257513,0.284396392
07/04/2019 03:00,0.869418045,0.285763892
07/04/2019 04:00,0.870395287,0.286085096
07/04/2019 05:00,0.872040983,0.28662601
07/04/2019 06:00,0.871085714,0.286312028
07/04/2019 07:00,0.871923994,0.286587558
07/04/2019 08:00,0.870011912,0.285959087
07/04/2019 09:00,0.876197051,0.287992044
07/04/2019 10:00,0.876890149,0.288219854
07/04/2019 11:00,0.886356991,0.291331455
07/04/2019 12:00,0.886779813,0.291470429
07/04/2019 13:00,0.876493081,0.288089344
07/04/2019 14:00,0.848612842,0.278925553
07/04/2019 15:00,0.78384442,0.257637202
07/04/2019 16:00,0.708925109,0.233012415
07/04/2019 17:00,0.625422148,0.205566319
07/04/2019 18:00,0.44812369,0.147291134
07/04/2019 19:00,0.348881435,0.114671782
07/04/2019 20:00,0.257631722,0.084679452
07/04/2019 21:00,0.199059154,0.06542758
07/04/2019 22:00,0.139854752,0.045968034
07/04/2019 23:00,0.14322487,0.047075738
07/05/2019 00:00,0.147406077,0.048450034
07/05/2019 01:00,0.178556244,0.058688599
07/05/2019 02:00,0.21815638,0.071704534
07/05/2019 03:00,0.246091526,0.080886373
07/05/2019 04:00,0.209516871,0.068864865
07/05/2019 05:00,0.188692616,0.062020264
07/05/2019 06:00,0.172995389,0.056860835
07/05/2019 07:00,0.151944563,0.049941763
07/05/2019 08:00,0.13284973,0.043665595
07/05/2019 09:00,0.144761143,0.047580687
07/05/2019 10:00,0.14292773,0.046978073
07/05/2019 11:00,0.118600414,0.038982071
07/05/2019 12:00,0.12305751,0.040447048
07/05/2019 13:00,0.171842918,0.056482036
07/05/2019 14:00,0.274142684,0.090106343
07/05/2019 15:00,0.522042294,0.171587004
07/05/2019 16:00,0.696913242,0.229064305
07/05/2019 17:00,0.727011917,0.238957261
07/05/2019 18:00,0.722732849,0.2375508
07/05/2019 19:00,0.720899003,0.236948044
07/05/2019 20:00,0.701083101,0.230434872
07/05/2019 21:00,0.729214578,0.239681241
07/05/2019 22:00,0.793274869,0.26073684
07/05/2019 23:00,0.784955763,0.258002483
07/06/2019 00:00,0.782024697,0.257039088
07/06/2019 01:00,0.791232156,0.260065433
07/06/2019 02:00,0.762463183,0.250609529
07/06/2019 03:00,0.733268773,0.241013791
07/06/2019 04:00,0.697470715,0.229247538
07/06/2019 05:00,0.661519444,0.217430927
07/06/2019 06:00,0.617067257,0.202820199
07/06/2019 07:00,0.55988759,0.184026151
07/06/2019 08:00,0.47311854,0.155506544
07/06/2019 09:00,0.365091968,0.119999927
07/06/2019 10:00,0.422177361,0.138762988
07/06/2019 11:00,0.305132495,0.100292201
07/06/2019 12:00,0.274565394,0.090245281
07/06/2019 13:00,0.282805681,0.092953732
07/06/2019 14:00,0.329734618,0.108378528
07/06/2019 15:00,0.356958832,0.117326694
07/06/2019 16:00,0.336060514,0.110457749
07/06/2019 17:00,0.292061775,0.095996063
07/06/2019 18:00,0.243487039,0.08003032
07/06/2019 19:00,0.224537237,0.073801821
07/06/2019 20:00,0.217631355,0.071531967
07/06/2019 21:00,0.217510796,0.071492341
07/06/2019 22:00,0.356885037,0.117302439
07/06/2019 23:00,0.346986313,0.114048886
07/07/2019 00:00,0.336768992,0.110690615
07/07/2019 01:00,0.366841845,0.120575083
07/07/2019 02:00,0.442971469,0.145597681
07/07/2019 03:00,0.483630875,0.158961782
07/07/2019 04:00,0.515451329,0.169420659
07/07/2019 05:00,0.560118647,0.184102096
07/07/2019 06:00,0.599000057,0.196881798
07/07/2019 07:00,0.66264885,0.217802144
07/07/2019 08:00,0.719185766,0.23638493
07/07/2019 09:00,0.720318905,0.236757375
07/07/2019 10:00,0.773491372,0.25423432
07/07/2019 11:00,0.662077202,0.217614253
07/07/2019 12:00,0.559301105,0.183833383
07/07/2019 13:00,0.546542103,0.179639702
07/07/2019 14:00,0.500631897,0.164549747
07/07/2019 15:00,0.443315077,0.145710619
07/07/2019 16:00,0.376840564,0.123861504
07/07/2019 17:00,0.309395117,0.101693257
07/07/2019 18:00,0.228098597,0.074972383
07/07/2019 19:00,0.17772158,0.058414258
07/07/2019 20:00,0.172283782,0.056626941
07/07/2019 21:00,0.170727921,0.056115554
07/07/2019 22:00,0.245730814,0.080767813
07/07/2019 23:00,0.208752972,0.068613784
07/08/2019 00:00,0.17797309,0.058496926
07/08/2019 01:00,0.151954537,0.049945041
07/08/2019 02:00,0.148522174,0.048816878
07/08/2019 03:00,0.138185354,0.045419329
07/08/2019 04:00,0.122053112,0.040116918
07/08/2019 05:00,0.086539215,0.028444064
07/08/2019 06:00,0.062635576,0.020587318
07/08/2019 07:00,0.048314448,0.015880191
07/08/2019 08:00,0.029013718,0.009536348
07/08/2019 09:00,0.008176062,0.002687342
07/08/2019 10:00,0,0
07/08/2019 11:00,0,0
07/08/2019 12:00,0,0
07/08/2019 13:00,0,0
07/08/2019 14:00,0.007638125,0.00251053
07/08/2019 15:00,0.025553773,0.008399119
07/08/2019 16:00,0.041609676,0.013676439
07/08/2019 17:00,0.043698989,0.014363163
07/08/2019 18:00,0.035662891,0.011721825
07/08/2019 19:00,0.032580783,0.010708786
07/08/2019 20:00,0.03422973,0.011250768
07/08/2019 21:00,0.040198467,0.013212597
07/08/2019 22:00,0.037978934,0.012483072
07/08/2019 23:00,0.071198435,0.023401794
07/09/2019 00:00,0.106698327,0.035070044
07/09/2019 01:00,0.106809806,0.035106686
07/09/2019 02:00,0.092791853,0.030499207
07/09/2019 03:00,0.09605618,0.03157214
07/09/2019 04:00,0.112986046,0.037136717
07/09/2019 05:00,0.129679042,0.04262344
07/09/2019 06:00,0.17958472,0.059026643
07/09/2019 07:00,0.206656594,0.067924738
07/09/2019 08:00,0.226638714,0.074492543
07/09/2019 09:00,0.314300401,0.103305546
07/09/2019 10:00,0.328848724,0.108087349
07/09/2019 11:00,0.311286414,0.102314896
07/09/2019 12:00,0.259922539,0.085432407
07/09/2019 13:00,0.233918537,0.076885305
07/09/2019 14:00,0.225029862,0.073963739
07/09/2019 15:00,0.214312499,0.070441112
07/09/2019 16:00,0.162164128,0.053300771
07/09/2019 17:00,0.094341799,0.03100865
07/09/2019 18:00,0.093100378,0.030600615
07/09/2019 19:00,0.109569794,0.03601385
07/09/2019 20:00,0.110477504,0.0363122
07/09/2019 21:00,0.106549379,0.035021087
07/09/2019 22:00,0.090797141,0.029843577
07/09/2019 23:00,0.036631341,0.01204014
07/10/2019 00:00,0.008184093,0.002689981
07/10/2019 01:00,0,0
07/10/2019 02:00,0,0
07/10/2019 03:00,0.003062323,0.001006537
07/10/2019 04:00,0,0
07/10/2019 05:00,0,0
07/10/2019 06:00,0,0
07/10/2019 07:00,0,0
07/10/2019 08:00,0,0
07/10/2019 09:00,0,0
07/10/2019 10:00,0,0
07/10/2019 11:00,0,0
07/10/2019 12:00,0,0
07/10/2019 13:00,0.001863864,0.000612623
07/10/2019 14:00,0.018706107,0.0061484
07/10/2019 15:00,0.03669295,0.012060389
07/10/2019 16:00,0.055787953,0.018336613
07/10/2019 17:00,0.088745805,0.029169335
07/10/2019 18:00,0.12915814,0.042452228
07/10/2019 19:00,0.164422671,0.054043119
07/10/2019 20:00,0.183925039,0.060453237
07/10/2019 21:00,0.160982162,0.052912278
07/10/2019 22:00,0.172045456,0.056548607
07/10/2019 23:00,0.167714193,0.055124989
07/11/2019 00:00,0.168150609,0.055268433
07/11/2019 01:00,0.122561723,0.04028409
07/11/2019 02:00,0.083075984,0.027305755
07/11/2019 03:00,0.074794502,0.024583764
07/11/2019 04:00,0.086138655,0.028312407
07/11/2019 05:00,0.075441382,0.024796383
07/11/2019 06:00,0.078097396,0.025669373
07/11/2019 07:00,0.080571316,0.026482511
07/11/2019 08:00,0.067223679,0.022095355
07/11/2019 09:00,0.067451801,0.022170335
07/11/2019 10:00,0.108270372,0.03558675
07/11/2019 11:00,0.14262549,0.046878732
07/11/2019 12:00,0.156347525,0.051388946
07/11/2019 13:00,0.136012366,0.044705103
07/11/2019 14:00,0.118451381,0.038933086
07/11/2019 15:00,0.082376804,0.027075946
07/11/2019 16:00,0.097110052,0.031918531
07/11/2019 17:00,0.111667765,0.03670342
07/11/2019 18:00,0.113190776,0.037204009
07/11/2019 19:00,0.11045329,0.036304241
07/11/2019 20:00,0.112995102,0.037139694
07/11/2019 21:00,0.124419547,0.040894727
07/11/2019 22:00,0.169350214,0.055662724
07/11/2019 23:00,0.155691637,0.051173366
07/12/2019 00:00,0.131363793,0.043177191
07/12/2019 01:00,0.127165322,0.04179722
07/12/2019 02:00,0.133490258,0.043876126
07/12/2019 03:00,0.114948869,0.037781866
07/12/2019 04:00,0.089418452,0.029390424
07/12/2019 05:00,0.078367536,0.025758163
07/12/2019 06:00,0.082045271,0.026966977
07/12/2019 07:00,0.087833695,0.028869539
07/12/2019 08:00,0.082057847,0.02697111
07/12/2019 09:00,0.056268621,0.018494601
07/12/2019 10:00,0.051702401,0.016993757
07/12/2019 11:00,0.022595454,0.007426767
07/12/2019 12:00,0.006906529,0.002270066
07/12/2019 13:00,0.005380302,0.00176842
07/12/2019 14:00,0.005563288,0.001828564
07/12/2019 15:00,0.004165332,0.001369079
07/12/2019 16:00,0.006970606,0.002291127
07/12/2019 17:00,0.01090501,0.003584304
07/12/2019 18:00,0.007418622,0.002438383
07/12/2019 19:00,0.005280083,0.001735479
07/12/2019 20:00,0.001894555,0.00062271
07/12/2019 21:00,0,0
07/12/2019 22:00,0.003947252,0.001297399
07/12/2019 23:00,0.000332534,0.000109299
7/13/2019 0:00,0,0
7/13/2019 1:00,0.003017824,0.000991911
7/13/2019 2:00,0.009354119,0.00307455
7/13/2019 3:00,0.020031604,0.00658407
7/13/2019 4:00,0.022379099,0.007355654
7/13/2019 5:00,0.037868911,0.012446909
7/13/2019 6:00,0.079742393,0.026210057
7/13/2019 7:00,0.140308222,0.046117082
7/13/2019 8:00,0.197407586,0.064884736
7/13/2019 9:00,0.217814655,0.071592215
7/13/2019 10:00,0.284916147,0.093647409
7/13/2019 11:00,0.269319431,0.088521016
7/13/2019 12:00,0.295711487,0.097195665
7/13/2019 13:00,0.30591647,0.100549881
7/13/2019 14:00,0.297791224,0.097879242
7/13/2019 15:00,0.291606953,0.095846571
7/13/2019 16:00,0.326196946,0.107215751
7/13/2019 17:00,0.33210525,0.109157717
7/13/2019 18:00,0.292645314,0.096187863
7/13/2019 19:00,0.261768087,0.086039009
7/13/2019 20:00,0.204532046,0.067226433
7/13/2019 21:00,0.161604408,0.0531168
7/13/2019 22:00,0.128759407,0.04232117
7/13/2019 23:00,0.129628715,0.042606898
7/14/2019 0:00,0.144366147,0.047450858
7/14/2019 1:00,0.129193841,0.042463962
7/14/2019 2:00,0.129672818,0.042621394
7/14/2019 3:00,0.142067264,0.046695252
7/14/2019 4:00,0.112632921,0.037020651
7/14/2019 5:00,0.098245843,0.032291847
7/14/2019 6:00,0.086251859,0.028349615
7/14/2019 7:00,0.084903985,0.02790659
7/14/2019 8:00,0.073654046,0.024208914
7/14/2019 9:00,0.08351558,0.027450244
7/14/2019 10:00,0.080456325,0.026444715
7/14/2019 11:00,0.061319005,0.020154582
7/14/2019 12:00,0.053925356,0.017724407
7/14/2019 13:00,0.048427857,0.015917467
7/14/2019 14:00,0.048887826,0.016068651
7/14/2019 15:00,0.046195548,0.015183742
7/14/2019 16:00,0.034634441,0.01138379
7/14/2019 17:00,0.024210076,0.007957467
7/14/2019 18:00,0.024155139,0.00793941
7/14/2019 19:00,0.021839135,0.007178177
7/14/2019 20:00,0.012032243,0.003954807
7/14/2019 21:00,0,0
7/14/2019 22:00,0,0
7/14/2019 23:00,0,0
7/15/2019 0:00,0,0
7/15/2019 1:00,0,0
7/15/2019 2:00,0,0
7/15/2019 3:00,0.007205966,0.002368487
7/15/2019 4:00,0.012877433,0.004232607
7/15/2019 5:00,0.017650594,0.00580147
7/15/2019 6:00,0.017351789,0.005703257
7/15/2019 7:00,0.016077834,0.005284529
7/15/2019 8:00,0.010887685,0.003578609
7/15/2019 9:00,0.002237007,0.000735269
7/15/2019 10:00,0,0
7/15/2019 11:00,0,0
7/15/2019 12:00,0,0
7/15/2019 13:00,0,0
7/15/2019 14:00,0,0
7/15/2019 15:00,0,0
7/15/2019 16:00,0,0
7/15/2019 17:00,0,0
7/15/2019 18:00,0,0
7/15/2019 19:00,0,0
7/15/2019 20:00,0,0
7/15/2019 21:00,0.006543204,0.002150647
7/15/2019 22:00,0.018399414,0.006047595
7/15/2019 23:00,0.020747034,0.00681922
7/16/2019 0:00,0.017472325,0.005742875
7/16/2019 1:00,0.013385801,0.0043997
7/16/2019 2:00,0.010335869,0.003397236
7/16/2019 3:00,0.012233506,0.004020959
7/16/2019 4:00,0.014228157,0.004676569
7/16/2019 5:00,0.014747105,0.004847139
7/16/2019 6:00,0.021107884,0.006937826
7/16/2019 7:00,0.031294785,0.010286098
7/16/2019 8:00,0.032161139,0.010570855
7/16/2019 9:00,0.022589475,0.007424801
7/16/2019 10:00,0.002916938,0.000958751
7/16/2019 11:00,0,0
7/16/2019 12:00,0,0
7/16/2019 13:00,0,0
7/16/2019 14:00,0,0
7/16/2019 15:00,0,0
7/16/2019 16:00,0,0
7/16/2019 17:00,0,0
7/16/2019 18:00,0,0
7/16/2019 19:00,0,0
7/16/2019 20:00,0.004392077,0.001443606
7/16/2019 21:00,0.019410282,0.006379851
7/16/2019 22:00,0.02126046,0.006987975
7/16/2019 23:00,0.038411485,0.012625245
7/17/2019 0:00,0.042364832,0.013924647
7/17/2019 1:00,0.051588239,0.016956234
7/17/2019 2:00,0.064477271,0.021192654
7/17/2019 3:00,0.071201337,0.023402748
7/17/2019 4:00,0.074102731,0.02435639
7/17/2019 5:00,0.085331708,0.028047176
7/17/2019 6:00,0.113660599,0.037358432
7/17/2019 7:00,0.158477759,0.05208912
7/17/2019 8:00,0.2408272,0.079156073
7/17/2019 9:00,0.311110435,0.102257055
7/17/2019 10:00,0.313757965,0.103127256
7/17/2019 11:00,0.358134016,0.117712958
7/17/2019 12:00,0.399623985,0.131350052
7/17/2019 13:00,0.455341596,0.149663545
7/17/2019 14:00,0.514648362,0.169156736
7/17/2019 15:00,0.501815237,0.164938692
7/17/2019 16:00,0.452667031,0.148784458
7/17/2019 17:00,0.44755416,0.147103939
7/17/2019 18:00,0.425611033,0.139891581
7/17/2019 19:00,0.3377296,0.111006351
7/17/2019 20:00,0.230621532,0.075801632
7/17/2019 21:00,0.141440691,0.046489307
7/17/2019 22:00,0.124319,0.040861679
7/17/2019 23:00,0.114340548,0.037581921
7/18/2019 0:00,0.08806493,0.028945543
7/18/2019 1:00,0.060121067,0.019760839
7/18/2019 2:00,0.040432608,0.013289556
7/18/2019 3:00,0.018029683,0.00592607
7/18/2019 4:00,0.002159883,0.000709919
7/18/2019 5:00,0,0
7/18/2019 6:00,0,0
7/18/2019 7:00,0,0
7/18/2019 8:00,0.015988432,0.005255143
7/18/2019 9:00,0.026529324,0.008719767
7/18/2019 10:00,0.022087529,0.00725982
7/18/2019 11:00,0.02801913,0.009209443
7/18/2019 12:00,0.029119033,0.009570963
7/18/2019 13:00,0.02429534,0.007985492
7/18/2019 14:00,0.014100867,0.004634731
7/18/2019 15:00,0.017175939,0.005645458
7/18/2019 16:00,0.030926057,0.010164903
7/18/2019 17:00,0.028985954,0.009527222
7/18/2019 18:00,0.047991247,0.01577396
7/18/2019 19:00,0.082298049,0.027050061
7/18/2019 20:00,0.076770876,0.025233367
7/18/2019 21:00,0.066922455,0.021996347
7/18/2019 22:00,0.088737868,0.029166727
7/18/2019 23:00,0.099003376,0.032540836
7/19/2019 0:00,0.108267657,0.035585858
7/19/2019 1:00,0.118148553,0.038833552
7/19/2019 2:00,0.131265562,0.043144904
7/19/2019 3:00,0.127810497,0.042009279
7/19/2019 4:00,0.146009543,0.047991016
7/19/2019 5:00,0.159047108,0.052276256
7/19/2019 6:00,0.179393702,0.058963858
7/19/2019 7:00,0.171093313,0.056235652
7/19/2019 8:00,0.140588977,0.046209362
7/19/2019 9:00,0.095724815,0.031463225
7/19/2019 10:00,0.050331469,0.016543154
7/19/2019 11:00,0.035979944,0.011826036
7/19/2019 12:00,0.023204812,0.007627053
7/19/2019 13:00,0.017686891,0.0058134
7/19/2019 14:00,0.015825209,0.005201495
7/19/2019 15:00,0.014765958,0.004853336
7/19/2019 16:00,0.013694633,0.004501208
7/19/2019 17:00,0.005614971,0.001845552
7/19/2019 18:00,0,0
7/19/2019 19:00,0,0
7/19/2019 20:00,0,0
7/19/2019 21:00,0.015851889,0.005210264
7/19/2019 22:00,0.074745311,0.024567596
7/19/2019 23:00,0.138919292,0.045660563
7/20/2019 0:00,0.202973607,0.066714198
7/20/2019 1:00,0.227988023,0.074936039
7/20/2019 2:00,0.230461983,0.075749191
7/20/2019 3:00,0.203094328,0.066753877
7/20/2019 4:00,0.148362349,0.048764346
7/20/2019 5:00,0.112024249,0.03682059
7/20/2019 6:00,0.132146407,0.043434424
7/20/2019 7:00,0.161611518,0.053119137
7/20/2019 8:00,0.106702166,0.035071306
7/20/2019 9:00,0.046393242,0.015248721
7/20/2019 10:00,0.050473651,0.016589887
7/20/2019 11:00,0.090772574,0.029835502
7/20/2019 12:00,0.123314429,0.040531493
7/20/2019 13:00,0.183078804,0.060175093
7/20/2019 14:00,0.26004946,0.085474124
7/20/2019 15:00,0.312893446,0.102843102
7/20/2019 16:00,0.358909863,0.117967967
7/20/2019 17:00,0.390467902,0.128340593
7/20/2019 18:00,0.35188518,0.115659066
7/20/2019 19:00,0.332330238,0.109231667
7/20/2019 20:00,0.329534648,0.108312801
7/20/2019 21:00,0.275436947,0.090531747
7/20/2019 22:00,0.177846821,0.058455423
7/20/2019 23:00,0.141206153,0.046412218
7/21/2019 0:00,0.125601417,0.041283189
7/21/2019 1:00,0.127799952,0.042005813
7/21/2019 2:00,0.112435599,0.036955794
7/21/2019 3:00,0.095183081,0.031285166
7/21/2019 4:00,0.119326004,0.039220561
7/21/2019 5:00,0.150015694,0.049307774
7/21/2019 6:00,0.155193324,0.051009579
7/21/2019 7:00,0.140504326,0.046181539
7/21/2019 8:00,0.1341208,0.044083375
7/21/2019 9:00,0.107182207,0.035229088
7/21/2019 10:00,0.076182515,0.025039982
7/21/2019 11:00,0.042266144,0.01389221
7/21/2019 12:00,0.033211019,0.010915934
7/21/2019 13:00,0.0165298,0.005433082
7/21/2019 14:00,0.021273554,0.006992279
7/21/2019 15:00,0.053420834,0.017558579
7/21/2019 16:00,0.160873274,0.052876488
7/21/2019 17:00,0.388001496,0.127529924
7/21/2019 18:00,0.476327361,0.156561232
7/21/2019 19:00,0.459488298,0.1510265
7/21/2019 20:00,0.638697105,0.209929587
7/21/2019 21:00,0.765573591,0.251631871
7/21/2019 22:00,0.745281651,0.244962233
7/21/2019 23:00,0.471295192,0.154907238
7/22/2019 0:00,0.413992278,0.136072681
7/22/2019 1:00,0.448365086,0.147370477
7/22/2019 2:00,0.460858258,0.151476784
7/22/2019 3:00,0.444408562,0.146070031
7/22/2019 4:00,0.334448952,0.109928055
7/22/2019 5:00,0.276232795,0.090793329
7/22/2019 6:00,0.211262055,0.069438479
7/22/2019 7:00,0.159414717,0.052397084
7/22/2019 8:00,0.136062553,0.044721598
7/22/2019 9:00,0.15731526,0.051707025
7/22/2019 10:00,0.017055656,0.005605923
7/22/2019 11:00,0,0
7/22/2019 12:00,0,0
7/22/2019 13:00,0,0
7/22/2019 14:00,0,0
7/22/2019 15:00,0,0
7/22/2019 16:00,0,0
7/22/2019 17:00,0,0
7/22/2019 18:00,0.003041404,0.000999661
7/22/2019 19:00,0.012187437,0.004005817
7/22/2019 20:00,0.037501931,0.012326289
7/22/2019 21:00,0.092548706,0.030419289
7/22/2019 22:00,0.152308378,0.050061343
7/22/2019 23:00,0.230556756,0.075780341
7/23/2019 0:00,0.277876027,0.091333433
7/23/2019 1:00,0.289358696,0.095107604
7/23/2019 2:00,0.297885001,0.097910065
7/23/2019 3:00,0.275052717,0.090405456
7/23/2019 4:00,0.210767124,0.069275803
7/23/2019 5:00,0.132704969,0.043618014
7/23/2019 6:00,0.129862554,0.042683757
7/23/2019 7:00,0.201685736,0.066290896
7/23/2019 8:00,0.290293887,0.095414986
7/23/2019 9:00,0.290941348,0.095627797
7/23/2019 10:00,0.266685791,0.08765538
7/23/2019 11:00,0.190799941,0.062712908
7/23/2019 12:00,0.101838294,0.033472629
7/23/2019 13:00,0.04434757,0.014576341
7/23/2019 14:00,0.032037528,0.010530226
7/23/2019 15:00,0.032615147,0.01072008
7/23/2019 16:00,0.062179366,0.020437369
7/23/2019 17:00,0.077710586,0.025542234
7/23/2019 18:00,0.067835457,0.022296436
7/23/2019 19:00,0.032985136,0.01084169
7/23/2019 20:00,0,0
7/23/2019 21:00,0,0
7/23/2019 22:00,0,0
7/23/2019 23:00,0,0
7/24/2019 0:00,0.016108444,0.005294589
7/24/2019 1:00,0.078682862,0.025861806
7/24/2019 2:00,0.16750547,0.055056386
7/24/2019 3:00,0.233966283,0.076900998
7/24/2019 4:00,0.351012833,0.115372339
7/24/2019 5:00,0.542115712,0.178184818
7/24/2019 6:00,0.748029339,0.245865354
7/24/2019 7:00,0.824531037,0.271010246
7/24/2019 8:00,0.734367508,0.241374927
7/24/2019 9:00,0.622691601,0.204668832
7/24/2019 10:00,0.550450398,0.180924296
7/24/2019 11:00,0.472628116,0.155345349
7/24/2019 12:00,0.268740133,0.08833061
7/24/2019 13:00,0.082655558,0.027167568
7/24/2019 14:00,0.018740579,0.006159731
7/24/2019 15:00,0,0
7/24/2019 16:00,0,0
7/24/2019 17:00,0.005267556,0.001731362
7/24/2019 18:00,0.01031813,0.003391405
7/24/2019 19:00,0.016035921,0.005270752
7/24/2019 20:00,0,0
7/24/2019 21:00,0,0
7/24/2019 22:00,0,0
7/24/2019 23:00,0,0
7/25/2019 0:00,0,0
7/25/2019 1:00,0.007033689,0.002311862
7/25/2019 2:00,0.05313381,0.017464239
7/25/2019 3:00,0.094490746,0.031057606
7/25/2019 4:00,0.110015367,0.036160303
7/25/2019 5:00,0.147261792,0.04840261
7/25/2019 6:00,0.201110444,0.066101806
7/25/2019 7:00,0.193115177,0.063473889
7/25/2019 8:00,0.197229596,0.064826233
7/25/2019 9:00,0.24335955,0.079988416
7/25/2019 10:00,0.34243988,0.112554546
7/25/2019 11:00,0.416420126,0.136870677
7/25/2019 12:00,0.429327023,0.141112968
7/25/2019 13:00,0.469776832,0.154408178
7/25/2019 14:00,0.580494364,0.190799271
7/25/2019 15:00,0.729734917,0.239852268
7/25/2019 16:00,0.786749352,0.258592007
7/25/2019 17:00,0.799168425,0.262673959
7/25/2019 18:00,0.849004751,0.279054367
7/25/2019 19:00,0.856378532,0.281478012
7/25/2019 20:00,0.854171231,0.280752507
7/25/2019 21:00,0.861537456,0.283173668
7/25/2019 22:00,0.856864612,0.281637778
7/25/2019 23:00,0.860271378,0.282757528
7/26/2019 0:00,0.862440925,0.283470624
7/26/2019 1:00,0.858396525,0.282141294
7/26/2019 2:00,0.834544949,0.27430166
7/26/2019 3:00,0.792734204,0.260559132
7/26/2019 4:00,0.672312444,0.220978414
7/26/2019 5:00,0.420009983,0.138050605
7/26/2019 6:00,0.416119761,0.136771951
7/26/2019 7:00,0.444296942,0.146033343
7/26/2019 8:00,0.325499996,0.106986675
7/26/2019 9:00,0.228282655,0.07503288
7/26/2019 10:00,0.165009499,0.054235999
7/26/2019 11:00,0.198127129,0.065121238
7/26/2019 12:00,0.272657268,0.08961811
7/26/2019 13:00,0.371006882,0.121944065
7/26/2019 14:00,0.502657277,0.165215457
7/26/2019 15:00,0.597958843,0.196539567
7/26/2019 16:00,0.56384987,0.18532849
7/26/2019 17:00,0.459742673,0.151110109
7/26/2019 18:00,0.436255998,0.143390412
7/26/2019 19:00,0.33402223,0.109787798
7/26/2019 20:00,0.213272462,0.070099268
7/26/2019 21:00,0.207272997,0.068127339
7/26/2019 22:00,0.07264706,0.023877934
7/26/2019 23:00,0.049596856,0.016301698
7/27/2019 0:00,0.020912778,0.006873698
7/27/2019 1:00,0.054710182,0.017982367
7/27/2019 2:00,0.091204933,0.029977612
7/27/2019 3:00,0.031279808,0.010281176
7/27/2019 4:00,0.009302145,0.003057467
7/27/2019 5:00,0.053335065,0.017530388
7/27/2019 6:00,0.122117594,0.040138112
7/27/2019 7:00,0.150742857,0.049546781
7/27/2019 8:00,0.101289526,0.033292257
7/27/2019 9:00,0.075934037,0.024958311
7/27/2019 10:00,0.082481638,0.027110403
7/27/2019 11:00,0.107947046,0.035480478
7/27/2019 12:00,0.178292241,0.058601826
7/27/2019 13:00,0.217525634,0.071497219
7/27/2019 14:00,0.264223057,0.086845919
7/27/2019 15:00,0.297024347,0.097627182
7/27/2019 16:00,0.357660534,0.117557333
7/27/2019 17:00,0.410178635,0.134819198
7/27/2019 18:00,0.385983188,0.126866539
7/27/2019 19:00,0.372274258,0.122360631
7/27/2019 20:00,0.366540036,0.120475884
7/27/2019 21:00,0.350988804,0.115364441
7/27/2019 22:00,0.334237661,0.109858606
7/27/2019 23:00,0.314420407,0.10334499
7/28/2019 0:00,0.325413434,0.106958223
7/28/2019 1:00,0.332295697,0.109220314
7/28/2019 2:00,0.35511763,0.11672152
7/28/2019 3:00,0.370321383,0.121718752
7/28/2019 4:00,0.328729453,0.108048146
7/28/2019 5:00,0.302471846,0.099417688
7/28/2019 6:00,0.325447257,0.10696934
7/28/2019 7:00,0.36521846,0.120041503
7/28/2019 8:00,0.378830749,0.124515646
7/28/2019 9:00,0.452525781,0.148738031
7/28/2019 10:00,0.452052114,0.148582345
7/28/2019 11:00,0.437090817,0.143664804
7/28/2019 12:00,0.399894132,0.131438845
7/28/2019 13:00,0.373301962,0.122698421
7/28/2019 14:00,0.300064356,0.098626384
7/28/2019 15:00,0.222377141,0.073091832
7/28/2019 16:00,0.185793379,0.061067331
7/28/2019 17:00,0.167792295,0.05515066
7/28/2019 18:00,0.146789851,0.048247491
7/28/2019 19:00,0.124969613,0.041075525
7/28/2019 20:00,0.108371458,0.035619976
7/28/2019 21:00,0.082740416,0.02719546
7/28/2019 22:00,0.090322822,0.029687676
7/28/2019 23:00,0.13683823,0.044976551
7/29/2019 0:00,0.105795313,0.034773238
7/29/2019 1:00,0.060499137,0.019885105
7/29/2019 2:00,0.030819939,0.010130024
7/29/2019 3:00,0,0
7/29/2019 4:00,0,0
7/29/2019 5:00,0,0
7/29/2019 6:00,0,0
7/29/2019 7:00,0,0
7/29/2019 8:00,0,0
7/29/2019 9:00,0.008139566,0.002675346
7/29/2019 10:00,0.009980091,0.003280297
7/29/2019 11:00,0.019887184,0.006536601
7/29/2019 12:00,0.026476096,0.008702272
7/29/2019 13:00,0.039448845,0.012966208
7/29/2019 14:00,0.102116381,0.033564031
7/29/2019 15:00,0.150134164,0.049346713
7/29/2019 16:00,0.152617265,0.050162869
7/29/2019 17:00,0.168140041,0.055264959
7/29/2019 18:00,0.165203116,0.054299638
7/29/2019 19:00,0.141736691,0.046586597
7/29/2019 20:00,0.109737974,0.036069128
7/29/2019 21:00,0.095401384,0.031356919
7/29/2019 22:00,0.104689867,0.034409895
7/29/2019 23:00,0.087507756,0.028762409
7/30/2019 0:00,0.047135948,0.015492837
7/30/2019 1:00,0.028297924,0.009301078
7/30/2019 2:00,0.01055332,0.003468709
7/30/2019 3:00,0,0
7/30/2019 4:00,0,0
7/30/2019 5:00,0,0
7/30/2019 6:00,0.007869675,0.002586637
7/30/2019 7:00,0.013718106,0.004508923
7/30/2019 8:00,0.016442556,0.005404407
7/30/2019 9:00,0.016911396,0.005558507
7/30/2019 10:00,0.025588979,0.008410691
7/30/2019 11:00,0.026198293,0.008610963
7/30/2019 12:00,0.035500057,0.011668304
7/30/2019 13:00,0.038550183,0.012670832
7/30/2019 14:00,0.022608008,0.007430893
7/30/2019 15:00,0.006371001,0.002094047
7/30/2019 16:00,0,0
7/30/2019 17:00,0,0
7/30/2019 18:00,0,0
7/30/2019 19:00,0.000707176,0.000232437
7/30/2019 20:00,0.002412768,0.000793039
7/30/2019 21:00,0,0
7/30/2019 22:00,0,0
7/30/2019 23:00,0,0
7/31/2019 0:00,0,0
7/31/2019 1:00,0,0
7/31/2019 2:00,0.006067334,0.001994236
7/31/2019 3:00,0.011891122,0.003908423
7/31/2019 4:00,0.015503181,0.005095649
7/31/2019 5:00,0.008032316,0.002640095
7/31/2019 6:00,0,0
7/31/2019 7:00,0,0
7/31/2019 8:00,0,0
7/31/2019 9:00,0,0
7/31/2019 10:00,0,0
7/31/2019 11:00,0,0
7/31/2019 12:00,0.00724632,0.00238175
7/31/2019 13:00,0.016173079,0.005315834
7/31/2019 14:00,0.025765574,0.008468735
7/31/2019 15:00,0.037317579,0.012265695
7/31/2019 16:00,0.039244833,0.012899153
7/31/2019 17:00,0.026087574,0.008574571
7/31/2019 18:00,0.019092536,0.006275413
7/31/2019 19:00,0.013490841,0.004434225
7/31/2019 20:00,0.013179347,0.004331842
7/31/2019 21:00,0.017683485,0.00581228
7/31/2019 22:00,0.025629398,0.008423976
7/31/2019 23:00,0.049357024,0.016222869
08/01/2019 00:00,0.080093676,0.026325518
08/01/2019 01:00,0.086155348,0.028317893
08/01/2019 02:00,0.094646081,0.031108662
08/01/2019 03:00,0.089254423,0.02933651
08/01/2019 04:00,0.076035112,0.024991533
08/01/2019 05:00,0.074684361,0.024547562
08/01/2019 06:00,0.061178307,0.020108337
08/01/2019 07:00,0.034769453,0.011428167
08/01/2019 08:00,0.021693507,0.007130311
08/01/2019 09:00,0.013100008,0.004305764
08/01/2019 10:00,0.009107504,0.002993492
08/01/2019 11:00,0.004624668,0.001520055
08/01/2019 12:00,0.019632957,0.006453041
08/01/2019 13:00,0.044784243,0.014719869
08/01/2019 14:00,0.06774671,0.022267267
08/01/2019 15:00,0.078700289,0.025867534
08/01/2019 16:00,0.070568017,0.023194586
08/01/2019 17:00,0.062203957,0.020445452
08/01/2019 18:00,0.047358939,0.015566131
08/01/2019 19:00,0.032538979,0.010695045
08/01/2019 20:00,0.016464392,0.005411584
08/01/2019 21:00,0.00658397,0.002164046
08/01/2019 22:00,0,0
08/01/2019 23:00,0,0
08/02/2019 00:00,0,0
08/02/2019 01:00,0,0
08/02/2019 02:00,0.006664921,0.002190654
08/02/2019 03:00,0.013000676,0.004273116
08/02/2019 04:00,0.018278739,0.006007931
08/02/2019 05:00,0.018149562,0.005965473
08/02/2019 06:00,0.012356106,0.004061256
08/02/2019 07:00,0.002102427,0.000691034
08/02/2019 08:00,0,0
08/02/2019 09:00,0,0
08/02/2019 10:00,0.012094791,0.003975366
08/02/2019 11:00,0.017398425,0.005718586
08/02/2019 12:00,0.019572993,0.006433332
08/02/2019 13:00,0.025398548,0.008348099
08/02/2019 14:00,0.036230142,0.011908272
08/02/2019 15:00,0.041216434,0.013547187
08/02/2019 16:00,0.0434947,0.014296016
08/02/2019 17:00,0.04476541,0.014713679
08/02/2019 18:00,0.033077942,0.010872194
08/02/2019 19:00,0.024225164,0.007962426
08/02/2019 20:00,0.017292011,0.005683609
08/02/2019 21:00,0.010021825,0.003294015
08/02/2019 22:00,0.008162509,0.002682887
08/02/2019 23:00,0.006278954,0.002063792
08/03/2019 00:00,0.007692263,0.002528324
08/03/2019 01:00,0.006982986,0.002295196
08/03/2019 02:00,0,0
08/03/2019 03:00,0,0
08/03/2019 04:00,0,0
08/03/2019 05:00,0,0
08/03/2019 06:00,0,0
08/03/2019 07:00,0,0
08/03/2019 08:00,0,0
08/03/2019 09:00,0,0
08/03/2019 10:00,0,0
08/03/2019 11:00,0,0
08/03/2019 12:00,0,0
08/03/2019 13:00,0,0
08/03/2019 14:00,0,0
08/03/2019 15:00,0,0
08/03/2019 16:00,7.00E-05,2.30E-05
08/03/2019 17:00,0.005296695,0.001740939
08/03/2019 18:00,0.018133318,0.005960133
08/03/2019 19:00,0.026225478,0.008619898
08/03/2019 20:00,0.028123016,0.009243588
08/03/2019 21:00,0.034605344,0.011374226
08/03/2019 22:00,0.069124352,0.022720076
08/03/2019 23:00,0.057695623,0.018963634
08/04/2019 00:00,0.043169949,0.014189276
08/04/2019 01:00,0.040402977,0.013279816
08/04/2019 02:00,0.042547958,0.013984837
08/04/2019 03:00,0.046020348,0.015126157
08/04/2019 04:00,0.047410814,0.015583181
08/04/2019 05:00,0.053565268,0.017606052
08/04/2019 06:00,0.075569643,0.024838541
08/04/2019 07:00,0.083287269,0.027375201
08/04/2019 08:00,0.08372497,0.027519067
08/04/2019 09:00,0.082463339,0.027104389
08/04/2019 10:00,0.109501441,0.035991383
08/04/2019 11:00,0.101989969,0.033522482
08/04/2019 12:00,0.100356408,0.032985556
08/04/2019 13:00,0.109519469,0.035997309
08/04/2019 14:00,0.13119363,0.043121261
08/04/2019 15:00,0.133902168,0.044011514
08/04/2019 16:00,0.127002067,0.041743561
08/04/2019 17:00,0.127709765,0.04197617
08/04/2019 18:00,0.151569002,0.049818322
08/04/2019 19:00,0.177501971,0.058342076
08/04/2019 20:00,0.208331381,0.068475214
08/04/2019 21:00,0.244577897,0.080388867
08/04/2019 22:00,0.317665514,0.104411605
08/04/2019 23:00,0.356471899,0.117166647
08/05/2019 00:00,0.326687829,0.107377097
08/05/2019 01:00,0.402940238,0.132440052
08/05/2019 02:00,0.524872795,0.172517345
08/05/2019 03:00,0.546965446,0.179778848
08/05/2019 04:00,0.571813866,0.187946129
08/05/2019 05:00,0.55551888,0.182590226
08/05/2019 06:00,0.520882739,0.171205877
08/05/2019 07:00,0.509673276,0.167521505
08/05/2019 08:00,0.477325952,0.156889454
08/05/2019 09:00,0.426702305,0.140250265
08/05/2019 10:00,0.31240207,0.102681595
08/05/2019 11:00,0.274743867,0.090303942
08/05/2019 12:00,0.231938907,0.076234632
08/05/2019 13:00,0.211460651,0.069503755
08/05/2019 14:00,0.207867491,0.06832274
08/05/2019 15:00,0.223818337,0.07356553
08/05/2019 16:00,0.226310589,0.074384694
08/05/2019 17:00,0.216961628,0.071311838
08/05/2019 18:00,0.181251923,0.059574626
08/05/2019 19:00,0.126689371,0.041640783
08/05/2019 20:00,0.093945342,0.030878341
08/05/2019 21:00,0.068312734,0.02245331
08/05/2019 22:00,0.03773971,0.012404443
08/05/2019 23:00,0.016899233,0.005554509
08/06/2019 00:00,0.014060086,0.004621327
08/06/2019 01:00,0.012934801,0.004251464
08/06/2019 02:00,0.011902228,0.003912073
08/06/2019 03:00,0.012140637,0.003990435
08/06/2019 04:00,0.014754616,0.004849608
08/06/2019 05:00,0.016947508,0.005570376
08/06/2019 06:00,0.014201239,0.004667721
08/06/2019 07:00,0,0
08/06/2019 08:00,0,0
08/06/2019 09:00,0,0
08/06/2019 10:00,0,0
08/06/2019 11:00,0,0
08/06/2019 12:00,0.000925844,0.00030431
08/06/2019 13:00,0,0
08/06/2019 14:00,0,0
08/06/2019 15:00,0.005267306,0.00173128
08/06/2019 16:00,0.016662423,0.005476674
08/06/2019 17:00,0.021891469,0.007195378
08/06/2019 18:00,0.01873144,0.006156726
08/06/2019 19:00,0.014857546,0.004883439
08/06/2019 20:00,0.019687405,0.006470937
08/06/2019 21:00,0.027327646,0.008982163
08/06/2019 22:00,0.065535629,0.02154052
08/06/2019 23:00,0.047935317,0.015755577
08/07/2019 00:00,0.036480225,0.01199047
08/07/2019 01:00,0.023981619,0.007882377
08/07/2019 02:00,0.025360034,0.00833544
08/07/2019 03:00,0.032161097,0.010570841
08/07/2019 04:00,0.043822574,0.014403784
08/07/2019 05:00,0.054743436,0.017993297
08/07/2019 06:00,0.066810649,0.021959598
08/07/2019 07:00,0.083039806,0.027293864
08/07/2019 08:00,0.093584657,0.030759789
08/07/2019 09:00,0.11884378,0.039062061
08/07/2019 10:00,0.131722349,0.043295042
08/07/2019 11:00,0.152791713,0.050220208
08/07/2019 12:00,0.179781639,0.059091367
08/07/2019 13:00,0.228763481,0.07519092
08/07/2019 14:00,0.305167553,0.100303724
08/07/2019 15:00,0.330951602,0.108778531
08/07/2019 16:00,0.384803657,0.126478846
08/07/2019 17:00,0.407372003,0.133896702
08/07/2019 18:00,0.467308486,0.153596871
08/07/2019 19:00,0.485256793,0.159496195
08/07/2019 20:00,0.459518082,0.15103629
08/07/2019 21:00,0.430043434,0.141348441
08/07/2019 22:00,0.329362302,0.108256153
08/07/2019 23:00,0.338212495,0.111165071
08/08/2019 00:00,0.330133884,0.10850976
08/08/2019 01:00,0.320720355,0.105415683
08/08/2019 02:00,0.32641481,0.10728736
08/08/2019 03:00,0.3325981,0.109319709
08/08/2019 04:00,0.323952311,0.106477976
08/08/2019 05:00,0.273865226,0.090015147
08/08/2019 06:00,0.224985781,0.07394925
08/08/2019 07:00,0.194436036,0.063908035
08/08/2019 08:00,0.176387199,0.057975669
08/08/2019 09:00,0.152278002,0.050051359
08/08/2019 10:00,0.137832635,0.045303396
08/08/2019 11:00,0.12805726,0.042090386
08/08/2019 12:00,0.132319596,0.043491348
08/08/2019 13:00,0.144349262,0.047445308
08/08/2019 14:00,0.145016102,0.047664488
08/08/2019 15:00,0.125640958,0.041296186
08/08/2019 16:00,0.118275903,0.038875409
08/08/2019 17:00,0.100185618,0.03292942
08/08/2019 18:00,0.109220652,0.035899092
08/08/2019 19:00,0.133203101,0.043781742
08/08/2019 20:00,0.138756582,0.045607083
08/08/2019 21:00,0.106314974,0.034944042
08/08/2019 22:00,0.076480924,0.025138064
08/08/2019 23:00,0.070325392,0.023114839
08/09/2019 00:00,0.045920803,0.015093438
08/09/2019 01:00,0.041674906,0.013697879
08/09/2019 02:00,0.051539735,0.016940292
08/09/2019 03:00,0.064231079,0.021111735
08/09/2019 04:00,0.102205618,0.033593362
08/09/2019 05:00,0.14944576,0.049120446
08/09/2019 06:00,0.222632317,0.073175704
08/09/2019 07:00,0.3715275,0.122115184
08/09/2019 08:00,0.629679116,0.206965517
08/09/2019 09:00,0.72439494,0.238097103
08/09/2019 10:00,0.740749461,0.243472574
08/09/2019 11:00,0.74371979,0.244448874
08/09/2019 12:00,0.746726111,0.245437004
08/09/2019 13:00,0.716430204,0.235479221
08/09/2019 14:00,0.728549606,0.239462675
08/09/2019 15:00,0.730550816,0.240120441
08/09/2019 16:00,0.720828307,0.236924807
08/09/2019 17:00,0.734389776,0.241382246
08/09/2019 18:00,0.79753104,0.262135776
08/09/2019 19:00,0.847395638,0.278525477
08/09/2019 20:00,0.863319154,0.283759284
08/09/2019 21:00,0.843356696,0.277197941
08/09/2019 22:00,0.817995966,0.268862272
08/09/2019 23:00,0.801107491,0.263311299
08/10/2019 00:00,0.804309182,0.264363644
08/10/2019 01:00,0.747612056,0.2457282
08/10/2019 02:00,0.538650971,0.177046012
08/10/2019 03:00,0.300803055,0.098869183
08/10/2019 04:00,0.224204941,0.0736926
08/10/2019 05:00,0.171091288,0.056234987
08/10/2019 06:00,0.129566901,0.042586581
08/10/2019 07:00,0.055393565,0.018206984
08/10/2019 08:00,0.024474522,0.008044386
08/10/2019 09:00,0.039041659,0.012832373
08/10/2019 10:00,0.034564583,0.011360829
08/10/2019 11:00,0.017105261,0.005622227
08/10/2019 12:00,0.007090807,0.002330636
08/10/2019 13:00,0.022232279,0.007307397
08/10/2019 14:00,0.050370263,0.016555905
08/10/2019 15:00,0.074397905,0.024453409
08/10/2019 16:00,0.110141796,0.036201858
08/10/2019 17:00,0.160545235,0.052768667
08/10/2019 18:00,0.2017352,0.066307154
08/10/2019 19:00,0.280389184,0.092159468
08/10/2019 20:00,0.385932939,0.126850023
08/10/2019 21:00,0.538037782,0.176844467
08/10/2019 22:00,0.539932746,0.177467311
08/10/2019 23:00,0.718613755,0.236196919
08/11/2019 00:00,0.790505106,0.259826463
08/11/2019 01:00,0.804113503,0.264299327
08/11/2019 02:00,0.777596902,0.255583742
08/11/2019 03:00,0.778814527,0.255983956
08/11/2019 04:00,0.808766618,0.265828732
08/11/2019 05:00,0.821059925,0.269869347
08/11/2019 06:00,0.810786842,0.266492748
08/11/2019 07:00,0.769994462,0.253084941
08/11/2019 08:00,0.716636159,0.235546915
08/11/2019 09:00,0.641345762,0.210800158
08/11/2019 10:00,0.609843387,0.200445828
08/11/2019 11:00,0.522964133,0.171889998
08/11/2019 12:00,0.428291301,0.140772543
08/11/2019 13:00,0.377450594,0.124062011
08/11/2019 14:00,0.367616322,0.120829642
08/11/2019 15:00,0.357253151,0.117423432
08/11/2019 16:00,0.317341998,0.104305271
08/11/2019 17:00,0.273829192,0.090003303
08/11/2019 18:00,0.245687208,0.08075348
08/11/2019 19:00,0.209007885,0.06869757
08/11/2019 20:00,0.178739739,0.058748911
08/11/2019 21:00,0.139565158,0.045872849
08/11/2019 22:00,0.120092104,0.039472366
08/11/2019 23:00,0.11610818,0.038162913
08/12/2019 00:00,0.131183595,0.043117962
08/12/2019 01:00,0.102126591,0.033567387
08/12/2019 02:00,0.073128952,0.024036324
08/12/2019 03:00,0.056008135,0.018408984
08/12/2019 04:00,0.045165989,0.014845343
08/12/2019 05:00,0.034730541,0.011415377
08/12/2019 06:00,0.030019151,0.009866818
08/12/2019 07:00,0.028695842,0.009431867
08/12/2019 08:00,0.028716947,0.009438804
08/12/2019 09:00,0.023062408,0.007580247
08/12/2019 10:00,0.009226423,0.003032578
08/12/2019 11:00,0.006570321,0.00215956
08/12/2019 12:00,0.000773982,0.000254396
08/12/2019 13:00,0,0
08/12/2019 14:00,0,0
08/12/2019 15:00,0,0
08/12/2019 16:00,0,0
08/12/2019 17:00,0,0
08/12/2019 18:00,0,0
08/12/2019 19:00,0,0
08/12/2019 20:00,0.007208596,0.002369351
08/12/2019 21:00,0.029158746,0.009584016
08/12/2019 22:00,0.017738391,0.005830327
08/12/2019 23:00,0.021448899,0.007049912
8/13/2019 0:00,0.031743485,0.010433579
8/13/2019 1:00,0.03973973,0.013061818
8/13/2019 2:00,0.059320886,0.019497832
8/13/2019 3:00,0.080464475,0.026447394
8/13/2019 4:00,0.085747988,0.028184001
8/13/2019 5:00,0.091209422,0.029979087
8/13/2019 6:00,0.090277346,0.029672729
8/13/2019 7:00,0.090031055,0.029591777
8/13/2019 8:00,0.104083578,0.034210618
8/13/2019 9:00,0.105353511,0.034628024
8/13/2019 10:00,0.117222286,0.038529102
8/13/2019 11:00,0.106991693,0.035166469
8/13/2019 12:00,0.093563908,0.03075297
8/13/2019 13:00,0.093018557,0.030573721
8/13/2019 14:00,0.106644292,0.035052284
8/13/2019 15:00,0.12407371,0.040781056
8/13/2019 16:00,0.149767589,0.049226226
8/13/2019 17:00,0.18461046,0.060678524
8/13/2019 18:00,0.19936354,0.065527627
8/13/2019 19:00,0.171964579,0.056522024
8/13/2019 20:00,0.164106141,0.05393908
8/13/2019 21:00,0.150836957,0.04957771
8/13/2019 22:00,0.165490483,0.054394091
8/13/2019 23:00,0.196213889,0.064492387
8/14/2019 0:00,0.206939823,0.068017831
8/14/2019 1:00,0.191657221,0.062994682
8/14/2019 2:00,0.191595594,0.062974426
8/14/2019 3:00,0.192039985,0.063120491
8/14/2019 4:00,0.176869687,0.058134255
8/14/2019 5:00,0.147323875,0.048423016
8/14/2019 6:00,0.123423525,0.040567351
8/14/2019 7:00,0.080218293,0.026366478
8/14/2019 8:00,0.041997513,0.013803915
8/14/2019 9:00,0.022487639,0.007391329
8/14/2019 10:00,0.017469725,0.005742021
8/14/2019 11:00,0.021516356,0.007072084
8/14/2019 12:00,0.046050562,0.015136088
8/14/2019 13:00,0.083157321,0.02733249
8/14/2019 14:00,0.126113734,0.04145158
8/14/2019 15:00,0.144005805,0.047332419
8/14/2019 16:00,0.144518337,0.04750088
8/14/2019 17:00,0.170403022,0.056008765
8/14/2019 18:00,0.232729541,0.076494501
8/14/2019 19:00,0.312841612,0.102826065
8/14/2019 20:00,0.438605562,0.144162677
8/14/2019 21:00,0.528678752,0.173768303
8/14/2019 22:00,0.340418801,0.111890249
8/14/2019 23:00,0.266194598,0.087493933
8/15/2019 0:00,0.259423499,0.085268381
8/15/2019 1:00,0.218431347,0.071794912
8/15/2019 2:00,0.134474768,0.044199719
8/15/2019 3:00,0.078434111,0.025780046
8/15/2019 4:00,0.036827185,0.01210451
8/15/2019 5:00,0.025271974,0.008306496
8/15/2019 6:00,0.05633224,0.018515512
8/15/2019 7:00,0.185059338,0.060826063
8/15/2019 8:00,0.382632002,0.125765057
8/15/2019 9:00,0.592686666,0.194806686
8/15/2019 10:00,0.682509893,0.224330154
8/15/2019 11:00,0.697873588,0.229379956
8/15/2019 12:00,0.666500775,0.219068211
8/15/2019 13:00,0.664918575,0.218548167
8/15/2019 14:00,0.667531788,0.219407088
8/15/2019 15:00,0.686889215,0.225769567
8/15/2019 16:00,0.493123617,0.162081895
8/15/2019 17:00,0.402503948,0.13229665
8/15/2019 18:00,0.287004734,0.094333894
8/15/2019 19:00,0.180543394,0.059341744
8/15/2019 20:00,0.070632162,0.023215669
8/15/2019 21:00,0.011062761,0.003636154
8/15/2019 22:00,0,0
8/15/2019 23:00,0.034997973,0.011503277
8/16/2019 0:00,0.140729911,0.046255685
8/16/2019 1:00,0.27412023,0.090098962
8/16/2019 2:00,0.354944752,0.116664698
8/16/2019 3:00,0.380095151,0.124931235
8/16/2019 4:00,0.39930059,0.131243757
8/16/2019 5:00,0.480922593,0.158071612
8/16/2019 6:00,0.543596645,0.178671577
8/16/2019 7:00,0.643968837,0.211662321
8/16/2019 8:00,0.723271768,0.237727934
8/16/2019 9:00,0.778480901,0.255874298
8/16/2019 10:00,0.770860806,0.253369694
8/16/2019 11:00,0.796119083,0.261671688
8/16/2019 12:00,0.825590567,0.271358497
8/16/2019 13:00,0.819333999,0.269302062
8/16/2019 14:00,0.775932701,0.255036746
8/16/2019 15:00,0.712289716,0.234118308
8/16/2019 16:00,0.531880087,0.17482053
8/16/2019 17:00,0.307114347,0.100943604
8/16/2019 18:00,0.165246118,0.054313772
8/16/2019 19:00,0.106953279,0.035153843
8/16/2019 20:00,0.098104342,0.032245338
8/16/2019 21:00,0.113782726,0.037398574
8/16/2019 22:00,0.110116853,0.036193659
8/16/2019 23:00,0.129939633,0.042709092
8/17/2019 0:00,0.117752622,0.038703415
8/17/2019 1:00,0.090053943,0.0295993
8/17/2019 2:00,0.059562907,0.019577381
8/17/2019 3:00,0.055196439,0.018142192
8/17/2019 4:00,0.04318774,0.014195124
8/17/2019 5:00,0.026610324,0.00874639
8/17/2019 6:00,0.037104201,0.012195561
8/17/2019 7:00,0.100617261,0.033071294
8/17/2019 8:00,0.233551654,0.076764717
8/17/2019 9:00,0.422894663,0.138998754
8/17/2019 10:00,0.419366579,0.137839129
8/17/2019 11:00,0.255700584,0.084044717
8/17/2019 12:00,0.216891117,0.071288663
8/17/2019 13:00,0.206845608,0.067986863
8/17/2019 14:00,0.147852135,0.048596647
8/17/2019 15:00,0.10105662,0.033215705
8/17/2019 16:00,0.106742266,0.035084486
8/17/2019 17:00,0.138150143,0.045407756
8/17/2019 18:00,0.250092393,0.082201395
8/17/2019 19:00,0.321904082,0.105804755
8/17/2019 20:00,0.466267495,0.153254714
8/17/2019 21:00,0.549580191,0.180638273
8/17/2019 22:00,0.715614945,0.235211258
8/17/2019 23:00,0.684082517,0.22484705
8/18/2019 0:00,0.648460448,0.213138642
8/18/2019 1:00,0.65910145,0.21663617
8/18/2019 2:00,0.655034205,0.215299331
8/18/2019 3:00,0.570995314,0.187677084
8/18/2019 4:00,0.491833852,0.161657969
8/18/2019 5:00,0.463706021,0.152412799
8/18/2019 6:00,0.435479719,0.143135262
8/18/2019 7:00,0.406699411,0.133675632
8/18/2019 8:00,0.337617525,0.110969514
8/18/2019 9:00,0.234020672,0.076918875
8/18/2019 10:00,0.100855875,0.033149723
8/18/2019 11:00,0.077813547,0.025576076
8/18/2019 12:00,0.076659784,0.025196853
8/18/2019 13:00,0.055523846,0.018249806
8/18/2019 14:00,0.011248713,0.003697273
8/18/2019 15:00,0.005852356,0.001923576
8/18/2019 16:00,0.05190879,0.017061594
8/18/2019 17:00,0.157012241,0.051607428
8/18/2019 18:00,0.226164887,0.074336803
8/18/2019 19:00,0.297974988,0.097939642
8/18/2019 20:00,0.359093911,0.118028461
8/18/2019 21:00,0.421839552,0.138651956
8/18/2019 22:00,0.480160458,0.157821111
8/18/2019 23:00,0.510637448,0.167838413
8/19/2019 0:00,0.532146814,0.174908199
8/19/2019 1:00,0.520508195,0.17108277
8/19/2019 2:00,0.518839971,0.170534451
8/19/2019 3:00,0.572119362,0.188046541
8/19/2019 4:00,0.627657918,0.206301181
8/19/2019 5:00,0.604505399,0.198691316
8/19/2019 6:00,0.521846592,0.17152268
8/19/2019 7:00,0.487941425,0.16037859
8/19/2019 8:00,0.495294726,0.162795504
8/19/2019 9:00,0.455988376,0.149876131
8/19/2019 10:00,0.436390091,0.143434486
8/19/2019 11:00,0.406318154,0.133550319
8/19/2019 12:00,0.395071295,0.129853655
8/19/2019 13:00,0.356979966,0.117333641
8/19/2019 14:00,0.341045815,0.112096338
8/19/2019 15:00,0.36790908,0.120925867
8/19/2019 16:00,0.412200833,0.135483862
8/19/2019 17:00,0.476136565,0.156498521
8/19/2019 18:00,0.44045663,0.144771093
8/19/2019 19:00,0.459643766,0.1510776
8/19/2019 20:00,0.484034943,0.159094592
8/19/2019 21:00,0.471806697,0.155075362
8/19/2019 22:00,0.396345834,0.130272576
8/19/2019 23:00,0.391783816,0.128773113
8/20/2019 0:00,0.376566896,0.123771553
8/20/2019 1:00,0.321287143,0.105601977
8/20/2019 2:00,0.311656751,0.10243662
8/20/2019 3:00,0.357534305,0.117515843
8/20/2019 4:00,0.388983973,0.127852849
8/20/2019 5:00,0.376545,0.123764356
8/20/2019 6:00,0.336681912,0.110661993
8/20/2019 7:00,0.31623961,0.103942933
8/20/2019 8:00,0.285854529,0.09395584
8/20/2019 9:00,0.267005488,0.08776046
8/20/2019 10:00,0.220954141,0.072624114
8/20/2019 11:00,0.170132361,0.055919803
8/20/2019 12:00,0.152417637,0.050097255
8/20/2019 13:00,0.141980897,0.046666864
8/20/2019 14:00,0.101151004,0.033246727
8/20/2019 15:00,0.072844708,0.023942898
8/20/2019 16:00,0.047240022,0.015527044
8/20/2019 17:00,0.021314109,0.007005609
8/20/2019 18:00,0,0
8/20/2019 19:00,0,0
8/20/2019 20:00,0,0
8/20/2019 21:00,0.0338611,0.011129605
8/20/2019 22:00,0.120905343,0.039739665
8/20/2019 23:00,0.182042367,0.059834432
8/21/2019 0:00,0.19729131,0.064846518
8/21/2019 1:00,0.19275417,0.063355232
8/21/2019 2:00,0.189628502,0.062327874
8/21/2019 3:00,0.181784297,0.059749609
8/21/2019 4:00,0.185868627,0.061092063
8/21/2019 5:00,0.211995894,0.069679681
8/21/2019 6:00,0.213666254,0.070228702
8/21/2019 7:00,0.215388484,0.070794771
8/21/2019 8:00,0.230752331,0.075844623
8/21/2019 9:00,0.213595417,0.070205419
8/21/2019 10:00,0.173407019,0.056996131
8/21/2019 11:00,0.213543751,0.070188437
8/21/2019 12:00,0.267334174,0.087868494
8/21/2019 13:00,0.341113135,0.112118466
8/21/2019 14:00,0.409101657,0.134465212
8/21/2019 15:00,0.514860833,0.169226572
8/21/2019 16:00,0.598986352,0.196877293
8/21/2019 17:00,0.548703245,0.180350035
8/21/2019 18:00,0.629514519,0.206911416
8/21/2019 19:00,0.718478993,0.236152625
8/21/2019 20:00,0.638445496,0.209846887
8/21/2019 21:00,0.472566583,0.155325124
8/21/2019 22:00,0.289077212,0.095015085
8/21/2019 23:00,0.223419575,0.073434463
8/22/2019 0:00,0.175966251,0.05783731
8/22/2019 1:00,0.1741044,0.057225349
8/22/2019 2:00,0.183124943,0.060190258
8/22/2019 3:00,0.236509179,0.077736808
8/22/2019 4:00,0.298718597,0.098184055
8/22/2019 5:00,0.311764881,0.102472161
8/22/2019 6:00,0.33172505,0.109032751
8/22/2019 7:00,0.358580395,0.117859676
8/22/2019 8:00,0.379231373,0.124647324
8/22/2019 9:00,0.413321493,0.135852205
8/22/2019 10:00,0.404809165,0.133054338
8/22/2019 11:00,0.423849245,0.13931251
8/22/2019 12:00,0.469721146,0.154389874
8/22/2019 13:00,0.548203612,0.180185814
8/22/2019 14:00,0.654549675,0.215140074
8/22/2019 15:00,0.699167584,0.229805272
8/22/2019 16:00,0.76248918,0.250618074
8/22/2019 17:00,0.853533694,0.280542958
8/22/2019 18:00,0.878471864,0.288739738
8/22/2019 19:00,0.88762054,0.291746763
8/22/2019 20:00,0.880660287,0.289459038
8/22/2019 21:00,0.88363934,0.290438206
8/22/2019 22:00,0.831519601,0.273307276
8/22/2019 23:00,0.766691496,0.251999308
8/23/2019 0:00,0.741138677,0.243600503
8/23/2019 1:00,0.628561463,0.206598162
8/23/2019 2:00,0.496931522,0.163333493
8/23/2019 3:00,0.366371395,0.120420454
8/23/2019 4:00,0.202292885,0.066490456
8/23/2019 5:00,0.103049108,0.033870604
8/23/2019 6:00,0.030778222,0.010116312
8/23/2019 7:00,0.031673153,0.010410462
8/23/2019 8:00,0.049194909,0.016169585
8/23/2019 9:00,0.089664115,0.02947117
8/23/2019 10:00,0.402885373,0.132422018
8/23/2019 11:00,0.64644385,0.212475818
8/23/2019 12:00,0.672180782,0.220935139
8/23/2019 13:00,0.488808677,0.160663642
8/23/2019 14:00,0.252540986,0.083006208
8/23/2019 15:00,0.176563059,0.058033471
8/23/2019 16:00,0.15928357,0.052353978
8/23/2019 17:00,0.145201697,0.04772549
8/23/2019 18:00,0.116000199,0.038127421
8/23/2019 19:00,0.09066572,0.029800381
8/23/2019 20:00,0.09632566,0.031660713
8/23/2019 21:00,0.133076633,0.043740174
8/23/2019 22:00,0.1661054,0.054596205
8/23/2019 23:00,0.226506948,0.074449234
8/24/2019 0:00,0.327309424,0.107581405
8/24/2019 1:00,0.334122737,0.109820833
8/24/2019 2:00,0.317118626,0.104231852
8/24/2019 3:00,0.29024221,0.095398001
8/24/2019 4:00,0.293648172,0.096517487
8/24/2019 5:00,0.322629225,0.106043098
8/24/2019 6:00,0.344608625,0.113267378
8/24/2019 7:00,0.324832647,0.106767328
8/24/2019 8:00,0.289356848,0.095106997
8/24/2019 9:00,0.227466848,0.074764737
8/24/2019 10:00,0.178135962,0.058550459
8/24/2019 11:00,0.138527755,0.045531871
8/24/2019 12:00,0.114720245,0.037706721
8/24/2019 13:00,0.100332009,0.032977536
8/24/2019 14:00,0.074503715,0.024488187
8/24/2019 15:00,0.074300228,0.024421304
8/24/2019 16:00,0.07012488,0.023048933
8/24/2019 17:00,0.094401246,0.031028189
8/24/2019 18:00,0.096811766,0.031820489
8/24/2019 19:00,0.077467918,0.025462473
8/24/2019 20:00,0.071639673,0.023546822
8/24/2019 21:00,0.080265701,0.02638206
8/24/2019 22:00,0.04091974,0.013449668
8/24/2019 23:00,0.027017155,0.00888011
8/25/2019 0:00,0.012583059,0.004135851
8/25/2019 1:00,0.030708728,0.010093471
8/25/2019 2:00,0.01491811,0.004903346
8/25/2019 3:00,0,0
8/25/2019 4:00,0,0
8/25/2019 5:00,0,0
8/25/2019 6:00,0,0
8/25/2019 7:00,0,0
8/25/2019 8:00,0.002904,0.000954498
8/25/2019 9:00,0.008086047,0.002657755
8/25/2019 10:00,0.022856316,0.007512508
8/25/2019 11:00,0.032986215,0.010842045
8/25/2019 12:00,0.039461341,0.012970316
8/25/2019 13:00,0.048928287,0.01608195
8/25/2019 14:00,0.119110469,0.039149718
8/25/2019 15:00,0.224153367,0.073675649
8/25/2019 16:00,0.289226628,0.095064195
8/25/2019 17:00,0.336257065,0.110522353
8/25/2019 18:00,0.410592269,0.134955153
8/25/2019 19:00,0.469977322,0.154474075
8/25/2019 20:00,0.460896048,0.151489205
8/25/2019 21:00,0.314007077,0.103209135
8/25/2019 22:00,0.134241603,0.044123081
8/25/2019 23:00,0.091583201,0.030101942
8/26/2019 0:00,0.080038591,0.026307413
8/26/2019 1:00,0.040852396,0.013427533
8/26/2019 2:00,0.004862415,0.001598198
8/26/2019 3:00,0,0
8/26/2019 4:00,0.003968423,0.001304358
8/26/2019 5:00,0.012226085,0.00401852
8/26/2019 6:00,0.023657755,0.007775928
8/26/2019 7:00,0.040030141,0.013157271
8/26/2019 8:00,0.056975265,0.018726864
8/26/2019 9:00,0.056212439,0.018476135
8/26/2019 10:00,0.023635601,0.007768646
8/26/2019 11:00,0.017968437,0.00590594
8/26/2019 12:00,0.014457757,0.004752035
8/26/2019 13:00,0.009249796,0.003040261
8/26/2019 14:00,0.002277104,0.000748448
8/26/2019 15:00,0,0
8/26/2019 16:00,0,0
8/26/2019 17:00,0,0
8/26/2019 18:00,0,0
8/26/2019 19:00,0,0
8/26/2019 20:00,0,0
8/26/2019 21:00,0,0
8/26/2019 22:00,0.002143894,0.000704664
8/26/2019 23:00,0,0
8/27/2019 0:00,0,0
8/27/2019 1:00,0.003763987,0.001237163
8/27/2019 2:00,0.023469808,0.007714153
8/27/2019 3:00,0.034454784,0.01132474
8/27/2019 4:00,0.018248507,0.005997994
8/27/2019 5:00,0.002264421,0.000744279
8/27/2019 6:00,0,0
8/27/2019 7:00,0,0
8/27/2019 8:00,0,0
8/27/2019 9:00,0,0
8/27/2019 10:00,0,0
8/27/2019 11:00,0,0
8/27/2019 12:00,0.003509489,0.001153513
8/27/2019 13:00,0.009565705,0.003144095
8/27/2019 14:00,0.029538338,0.009708782
8/27/2019 15:00,0.043396494,0.014263738
8/27/2019 16:00,0.083343486,0.027393679
8/27/2019 17:00,0.142968177,0.046991367
8/27/2019 18:00,0.180283072,0.05925618
8/27/2019 19:00,0.16926255,0.05563391
8/27/2019 20:00,0.207973378,0.068357544
8/27/2019 21:00,0.171438597,0.056349142
8/27/2019 22:00,0.14502598,0.047667734
8/27/2019 23:00,0.114143895,0.037517284
8/28/2019 0:00,0.193821246,0.063705963
8/28/2019 1:00,0.176563675,0.058033674
8/28/2019 2:00,0.21763746,0.071533974
8/28/2019 3:00,0.226040161,0.074295808
8/28/2019 4:00,0.161483117,0.053076934
8/28/2019 5:00,0.152477728,0.050117005
8/28/2019 6:00,0.153755276,0.050536915
8/28/2019 7:00,0.210706085,0.069255741
8/28/2019 8:00,0.272924409,0.089705915
8/28/2019 9:00,0.265820014,0.087370814
8/28/2019 10:00,0.256203091,0.084209884
8/28/2019 11:00,0.26064436,0.085669658
8/28/2019 12:00,0.137473433,0.045185332
8/28/2019 13:00,0.050294719,0.016531075
8/28/2019 14:00,0.157433648,0.051745938
8/28/2019 15:00,0.368611293,0.121156673
8/28/2019 16:00,0.39110161,0.128548883
8/28/2019 17:00,0.336578632,0.110628047
8/28/2019 18:00,0.316784115,0.104121903
8/28/2019 19:00,0.274566319,0.090245585
8/28/2019 20:00,0.21012903,0.069066072
8/28/2019 21:00,0.140885036,0.046306672
8/28/2019 22:00,0.049840867,0.016381901
8/28/2019 23:00,0.055331824,0.018186691
8/29/2019 0:00,0.054737575,0.017991371
8/29/2019 1:00,0.066871064,0.021979456
8/29/2019 2:00,0.103550633,0.034035447
8/29/2019 3:00,0.129555814,0.042582937
8/29/2019 4:00,0.15359691,0.050484863
8/29/2019 5:00,0.149529696,0.049148034
8/29/2019 6:00,0.168526095,0.055391849
8/29/2019 7:00,0.173740374,0.057105699
8/29/2019 8:00,0.191606298,0.062977945
8/29/2019 9:00,0.211211258,0.069421783
8/29/2019 10:00,0.256148562,0.084191961
8/29/2019 11:00,0.406784293,0.133703531
8/29/2019 12:00,0.66983801,0.220165107
8/29/2019 13:00,0.759857081,0.249752945
8/29/2019 14:00,0.717226712,0.23574102
8/29/2019 15:00,0.711602652,0.233892481
8/29/2019 16:00,0.592721451,0.19481812
8/29/2019 17:00,0.45175114,0.148483419
8/29/2019 18:00,0.477439195,0.156926675
8/29/2019 19:00,0.518516527,0.170428141
8/29/2019 20:00,0.593072905,0.194933637
8/29/2019 21:00,0.632820676,0.207998098
8/29/2019 22:00,0.528220369,0.173617639
8/29/2019 23:00,0.566555804,0.186217887
8/30/2019 0:00,0.605236216,0.198931524
8/30/2019 1:00,0.595506312,0.195733459
8/30/2019 2:00,0.494369318,0.162491337
8/30/2019 3:00,0.608400653,0.199971624
8/30/2019 4:00,0.620388383,0.203911801
8/30/2019 5:00,0.499881363,0.164303059
8/30/2019 6:00,0.396675699,0.130380997
8/30/2019 7:00,0.288704557,0.094892599
8/30/2019 8:00,0.182549534,0.06000113
8/30/2019 9:00,0.089377657,0.029377015
8/30/2019 10:00,0.032773222,0.010772037
8/30/2019 11:00,0.01747829,0.005744836
8/30/2019 12:00,0,0
8/30/2019 13:00,0.016479075,0.00541641
8/30/2019 14:00,0.10838173,0.035623352
8/30/2019 15:00,0.151946831,0.049942508
8/30/2019 16:00,0.131363221,0.043177003
8/30/2019 17:00,0.129329693,0.042508614
8/30/2019 18:00,0.099662807,0.032757581
8/30/2019 19:00,0.065982883,0.021687525
8/30/2019 20:00,0.034069157,0.01119799
8/30/2019 21:00,0.008762754,0.002880178
8/30/2019 22:00,0,0
8/30/2019 23:00,0,0
8/31/2019 0:00,0,0
8/31/2019 1:00,0.006941065,0.002281418
8/31/2019 2:00,0.018750294,0.006162924
8/31/2019 3:00,0.040253939,0.01323083
8/31/2019 4:00,0.096305785,0.031654181
8/31/2019 5:00,0.235234753,0.077317924
8/31/2019 6:00,0.341320151,0.112186508
8/31/2019 7:00,0.416010227,0.136735949
8/31/2019 8:00,0.375034754,0.123267963
8/31/2019 9:00,0.417332505,0.137170561
8/31/2019 10:00,0.409339676,0.134543445
8/31/2019 11:00,0.641789348,0.210945957
8/31/2019 12:00,0.692981144,0.227771887
8/31/2019 13:00,0.655107058,0.215323277
8/31/2019 14:00,0.712678973,0.23424625
8/31/2019 15:00,0.757753694,0.249061595
8/31/2019 16:00,0.712042269,0.234036976
8/31/2019 17:00,0.552663921,0.181651846
8/31/2019 18:00,0.395531005,0.130004754
8/31/2019 19:00,0.377094995,0.123945131
8/31/2019 20:00,0.401890223,0.132094928
8/31/2019 21:00,0.391260602,0.128601141
8/31/2019 22:00,0.483160077,0.158807038
8/31/2019 23:00,0.438067225,0.143985734
09/01/2019 00:00,0.45395776,0.1492087
09/01/2019 01:00,0.457303709,0.15030846
09/01/2019 02:00,0.448169538,0.147306204
09/01/2019 03:00,0.395342705,0.129942863
09/01/2019 04:00,0.427871508,0.140634564
09/01/2019 05:00,0.446870472,0.146879221
09/01/2019 06:00,0.470494004,0.154643901
09/01/2019 07:00,0.431945068,0.141973478
09/01/2019 08:00,0.38527393,0.126633417
09/01/2019 09:00,0.335311695,0.110211624
09/01/2019 10:00,0.349727482,0.114949864
09/01/2019 11:00,0.355681431,0.116906833
09/01/2019 12:00,0.339147104,0.111472262
09/01/2019 13:00,0.292190395,0.096038339
09/01/2019 14:00,0.233406536,0.076717018
09/01/2019 15:00,0.164169364,0.05395986
09/01/2019 16:00,0.096460893,0.031705162
09/01/2019 17:00,0.049942183,0.016415202
09/01/2019 18:00,0.034041037,0.011188748
09/01/2019 19:00,0.034070172,0.011198324
09/01/2019 20:00,0.048933383,0.016083625
09/01/2019 21:00,0.062523046,0.020550332
09/01/2019 22:00,0.043342533,0.014246002
09/01/2019 23:00,0.051806063,0.017027829
09/02/2019 00:00,0.076955226,0.02529396
09/02/2019 01:00,0.089704914,0.029484579
09/02/2019 02:00,0.106697552,0.035069789
09/02/2019 03:00,0.106668181,0.035060136
09/02/2019 04:00,0.110727946,0.036394516
09/02/2019 05:00,0.153956341,0.050603002
09/02/2019 06:00,0.173912547,0.05716229
09/02/2019 07:00,0.19180029,0.063041707
09/02/2019 08:00,0.18414901,0.060526853
09/02/2019 09:00,0.171357811,0.056322589
09/02/2019 10:00,0.147579661,0.048507089
09/02/2019 11:00,0.232209469,0.076323561
09/02/2019 12:00,0.315480377,0.103693385
09/02/2019 13:00,0.394650362,0.129715301
09/02/2019 14:00,0.271652487,0.089287855
09/02/2019 15:00,0.214723974,0.070576357
09/02/2019 16:00,0.251381122,0.082624979
09/02/2019 17:00,0.166907259,0.054859763
09/02/2019 18:00,0.077456085,0.025458584
09/02/2019 19:00,0.082262344,0.027038325
09/02/2019 20:00,0.117069313,0.038478822
09/02/2019 21:00,0.098750843,0.032457832
09/02/2019 22:00,0.107853905,0.035449864
09/02/2019 23:00,0.103556045,0.034037226
09/03/2019 00:00,0.089192961,0.029316309
09/03/2019 01:00,0.065115442,0.021402411
09/03/2019 02:00,0.042821431,0.014074724
09/03/2019 03:00,0.021471488,0.007057337
09/03/2019 04:00,0.010716379,0.003522303
09/03/2019 05:00,0.003395517,0.001116052
09/03/2019 06:00,0.001103613,0.00036274
09/03/2019 07:00,0,0
09/03/2019 08:00,0,0
09/03/2019 09:00,0,0
09/03/2019 10:00,0,0
09/03/2019 11:00,0.014787996,0.004860579
09/03/2019 12:00,0.060887393,0.020012718
09/03/2019 13:00,0.132321165,0.043491864
09/03/2019 14:00,0.188788262,0.062051701
09/03/2019 15:00,0.255140583,0.083860654
09/03/2019 16:00,0.282861478,0.092972072
09/03/2019 17:00,0.325154311,0.106873054
09/03/2019 18:00,0.33384359,0.109729082
09/03/2019 19:00,0.293489088,0.096465198
09/03/2019 20:00,0.254568913,0.083672755
09/03/2019 21:00,0.31290547,0.102847054
09/03/2019 22:00,0.561111947,0.184428578
09/03/2019 23:00,0.502459963,0.165150603
09/04/2019 00:00,0.358175934,0.117726736
09/04/2019 01:00,0.282424008,0.092828282
09/04/2019 02:00,0.226971551,0.074601941
09/04/2019 03:00,0.19383173,0.063709409
09/04/2019 04:00,0.187457574,0.061614325
09/04/2019 05:00,0.149631017,0.049181337
09/04/2019 06:00,0.111122028,0.036524044
09/04/2019 07:00,0.074652662,0.024537143
09/04/2019 08:00,0.058992209,0.019389801
09/04/2019 09:00,0.034946741,0.011486438
09/04/2019 10:00,0.019791161,0.00650504
09/04/2019 11:00,0.091981839,0.030232969
09/04/2019 12:00,0.139381886,0.04581261
09/04/2019 13:00,0.261517037,0.085956493
09/04/2019 14:00,0.870384253,0.286081469
09/04/2019 15:00,0.91,0.299102536
09/04/2019 16:00,0.88314545,0.290275872
09/04/2019 17:00,0.864093299,0.284013733
09/04/2019 18:00,0.893817432,0.293783583
09/04/2019 19:00,0.901418875,0.296282056
09/04/2019 20:00,0.905132696,0.29750273
09/04/2019 21:00,0.902491993,0.296634773
09/04/2019 22:00,0.908729005,0.29868478
09/04/2019 23:00,0.905151896,0.297509041
09/05/2019 00:00,0.886460048,0.291365328
09/05/2019 01:00,0.849431937,0.279194776
09/05/2019 02:00,0.746094066,0.24522926
09/05/2019 03:00,0.603640818,0.198407142
09/05/2019 04:00,0.49118985,0.161446296
09/05/2019 05:00,0.382729746,0.125797184
09/05/2019 06:00,0.325697699,0.107051657
09/05/2019 07:00,0.296464661,0.097443222
09/05/2019 08:00,0.219720358,0.072218589
09/05/2019 09:00,0.129926608,0.042704811
09/05/2019 10:00,0.166625142,0.054767036
09/05/2019 11:00,0.220486294,0.07247034
09/05/2019 12:00,0.40943485,0.134574727
09/05/2019 13:00,0.555001758,0.182420256
09/05/2019 14:00,0.579423535,0.190447306
09/05/2019 15:00,0.6735939,0.221399608
09/05/2019 16:00,0.802948055,0.263916263
09/05/2019 17:00,0.746482628,0.245356974
09/05/2019 18:00,0.659510546,0.216770634
09/05/2019 19:00,0.592366907,0.194701587
09/05/2019 20:00,0.634567429,0.208572227
09/05/2019 21:00,0.578351109,0.190094817
09/05/2019 22:00,0.599580759,0.197072665
09/05/2019 23:00,0.729332593,0.239720031
09/06/2019 00:00,0.704573306,0.231582047
09/06/2019 01:00,0.667250237,0.219314547
09/06/2019 02:00,0.678401893,0.222979919
09/06/2019 03:00,0.643764065,0.211595016
09/06/2019 04:00,0.635650211,0.208928121
09/06/2019 05:00,0.635405453,0.208847673
09/06/2019 06:00,0.656531966,0.215791622
09/06/2019 07:00,0.649395223,0.213445888
09/06/2019 08:00,0.610501799,0.200662238
09/06/2019 09:00,0.594701266,0.195468853
09/06/2019 10:00,0.670514381,0.220387419
09/06/2019 11:00,0.662518208,0.217759204
09/06/2019 12:00,0.626120998,0.20579602
09/06/2019 13:00,0.576982799,0.189645075
09/06/2019 14:00,0.616806822,0.202734598
09/06/2019 15:00,0.691120701,0.227160389
09/06/2019 16:00,0.747201113,0.245593129
09/06/2019 17:00,0.711694891,0.233922798
09/06/2019 18:00,0.668854525,0.219841851
09/06/2019 19:00,0.620681034,0.20400799
09/06/2019 20:00,0.557928642,0.183382277
09/06/2019 21:00,0.473495161,0.155630333
09/06/2019 22:00,0.453639514,0.149104098
09/06/2019 23:00,0.441561202,0.145134148
09/07/2019 00:00,0.419968493,0.138036968
09/07/2019 01:00,0.378135605,0.124287163
09/07/2019 02:00,0.390167246,0.128241772
09/07/2019 03:00,0.391566853,0.128701801
09/07/2019 04:00,0.364978497,0.119962631
09/07/2019 05:00,0.34802875,0.114391518
09/07/2019 06:00,0.30350239,0.099756412
09/07/2019 07:00,0.247281149,0.081277383
09/07/2019 08:00,0.20751051,0.068205406
09/07/2019 09:00,0.120798938,0.039704691
09/07/2019 10:00,0.067169143,0.02207743
09/07/2019 11:00,0.043116023,0.014171551
09/07/2019 12:00,0.053229957,0.017495841
09/07/2019 13:00,0.065708638,0.021597385
09/07/2019 14:00,0.055581333,0.018268701
09/07/2019 15:00,0.039442703,0.01296419
09/07/2019 16:00,0.027722138,0.009111826
09/07/2019 17:00,0.013488563,0.004433476
09/07/2019 18:00,0.002090727,0.000687189
09/07/2019 19:00,0,0
09/07/2019 20:00,0,0
09/07/2019 21:00,0,0
09/07/2019 22:00,0,0
09/07/2019 23:00,0,0
09/08/2019 00:00,0.013047112,0.004288378
09/08/2019 01:00,0.033892816,0.01114003
09/08/2019 02:00,0.063600736,0.020904551
09/08/2019 03:00,0.086638327,0.028476641
09/08/2019 04:00,0.084022066,0.027616718
09/08/2019 05:00,0.068607128,0.022550072
09/08/2019 06:00,0.084319272,0.027714404
09/08/2019 07:00,0.10781169,0.035435989
09/08/2019 08:00,0.118814403,0.039052406
09/08/2019 09:00,0.121319214,0.039875697
09/08/2019 10:00,0.144057298,0.047349344
09/08/2019 11:00,0.144592219,0.047525164
09/08/2019 12:00,0.181125873,0.059533195
09/08/2019 13:00,0.204703923,0.067282926
09/08/2019 14:00,0.185750866,0.061053357
09/08/2019 15:00,0.195246994,0.064174583
09/08/2019 16:00,0.217933255,0.071631197
09/08/2019 17:00,0.303443653,0.099737106
09/08/2019 18:00,0.317943552,0.104502992
09/08/2019 19:00,0.329752211,0.108384311
09/08/2019 20:00,0.424024458,0.1393701
09/08/2019 21:00,0.492784972,0.161970587
09/08/2019 22:00,0.358247066,0.117750116
09/08/2019 23:00,0.282598834,0.092885745
09/09/2019 00:00,0.236350704,0.07768472
09/09/2019 01:00,0.285298026,0.093772926
09/09/2019 02:00,0.374002935,0.12292882
09/09/2019 03:00,0.400899707,0.131769361
09/09/2019 04:00,0.366296789,0.120395932
09/09/2019 05:00,0.353861112,0.116308523
09/09/2019 06:00,0.428042269,0.14069069
09/09/2019 07:00,0.478473366,0.15726659
09/09/2019 08:00,0.486420541,0.1598787
09/09/2019 09:00,0.548879647,0.180408016
09/09/2019 10:00,0.39005836,0.128205983
09/09/2019 11:00,0.394216024,0.129572541
09/09/2019 12:00,0.366055043,0.120316474
09/09/2019 13:00,0.350124034,0.115080205
09/09/2019 14:00,0.286059611,0.094023247
09/09/2019 15:00,0.196852497,0.064702287
09/09/2019 16:00,0.139686863,0.045912852
09/09/2019 17:00,0.107307223,0.035270179
09/09/2019 18:00,0.086884564,0.028557575
09/09/2019 19:00,0.043344683,0.014246708
09/09/2019 20:00,0.008944084,0.002939778
09/09/2019 21:00,0,0
09/09/2019 22:00,0.041258326,0.013560956
09/09/2019 23:00,0.138476411,0.045514995
09/10/2019 00:00,0.234891521,0.077205109
09/10/2019 01:00,0.279821778,0.091972971
09/10/2019 02:00,0.299650122,0.098490232
09/10/2019 03:00,0.255796242,0.084076159
09/10/2019 04:00,0.168408377,0.055353157
09/10/2019 05:00,0.093727815,0.030806843
09/10/2019 06:00,0.047821002,0.015718003
09/10/2019 07:00,0.038691833,0.012717391
09/10/2019 08:00,0.057444901,0.018881226
09/10/2019 09:00,0.040664106,0.013365645
09/10/2019 10:00,0.016878832,0.005547804
09/10/2019 11:00,0.031191759,0.010252235
09/10/2019 12:00,0.076205315,0.025047476
09/10/2019 13:00,0.106888564,0.035132572
09/10/2019 14:00,0.224712203,0.073859329
09/10/2019 15:00,0.32493491,0.10680094
09/10/2019 16:00,0.389234797,0.127935291
09/10/2019 17:00,0.580874283,0.190924144
09/10/2019 18:00,0.771792728,0.253676002
09/10/2019 19:00,0.858024116,0.282018889
09/10/2019 20:00,0.877173532,0.288312997
09/10/2019 21:00,0.866388792,0.284768225
09/10/2019 22:00,0.819602346,0.269390264
09/10/2019 23:00,0.850059269,0.27940097
09/11/2019 00:00,0.86285577,0.283606977
09/11/2019 01:00,0.839865001,0.276050276
09/11/2019 02:00,0.784894868,0.257982467
09/11/2019 03:00,0.662051945,0.217605951
09/11/2019 04:00,0.629387143,0.20686955
09/11/2019 05:00,0.786851324,0.258625523
09/11/2019 06:00,0.849517087,0.279222764
09/11/2019 07:00,0.825581514,0.271355521
09/11/2019 08:00,0.840622007,0.276299092
09/11/2019 09:00,0.837117593,0.275147247
09/11/2019 10:00,0.853587766,0.280560731
09/11/2019 11:00,0.855810309,0.281291246
09/11/2019 12:00,0.863958051,0.283969279
09/11/2019 13:00,0.878804113,0.288848943
09/11/2019 14:00,0.892588083,0.293379515
09/11/2019 15:00,0.879338146,0.289024472
09/11/2019 16:00,0.855877847,0.281313444
09/11/2019 17:00,0.807287873,0.265342692
09/11/2019 18:00,0.804218757,0.264333923
09/11/2019 19:00,0.809668606,0.266125201
09/11/2019 20:00,0.774347018,0.254515557
09/11/2019 21:00,0.763525098,0.250958564
09/11/2019 22:00,0.765627439,0.25164957
09/11/2019 23:00,0.715596778,0.235205287
09/12/2019 00:00,0.653687216,0.214856598
09/12/2019 01:00,0.692165759,0.227503883
09/12/2019 02:00,0.654251661,0.215042122
09/12/2019 03:00,0.635502385,0.208879533
09/12/2019 04:00,0.607626175,0.199717066
09/12/2019 05:00,0.475264272,0.156211812
09/12/2019 06:00,0.505868711,0.166271004
09/12/2019 07:00,0.43626566,0.143393588
09/12/2019 08:00,0.459533534,0.151041368
09/12/2019 09:00,0.472795692,0.155400429
09/12/2019 10:00,0.61055917,0.200681095
09/12/2019 11:00,0.647413305,0.212794463
09/12/2019 12:00,0.724398098,0.238098141
09/12/2019 13:00,0.784939634,0.257997181
09/12/2019 14:00,0.822741631,0.270422097
09/12/2019 15:00,0.808035336,0.265588371
09/12/2019 16:00,0.765517791,0.25161353
09/12/2019 17:00,0.722684929,0.237535049
09/12/2019 18:00,0.691084678,0.227148549
09/12/2019 19:00,0.667406864,0.219366028
09/12/2019 20:00,0.646164267,0.212383924
09/12/2019 21:00,0.73244062,0.24074159
09/12/2019 22:00,0.768310625,0.25253149
09/12/2019 23:00,0.785664292,0.258235365
9/13/2019 0:00,0.779894195,0.256338826
9/13/2019 1:00,0.777938287,0.25569595
9/13/2019 2:00,0.800951875,0.26326015
9/13/2019 3:00,0.818091917,0.26889381
9/13/2019 4:00,0.828136358,0.272195258
9/13/2019 5:00,0.841226191,0.276497678
9/13/2019 6:00,0.860650383,0.282882101
9/13/2019 7:00,0.857446341,0.281828983
9/13/2019 8:00,0.839014125,0.275770607
9/13/2019 9:00,0.856228762,0.281428785
9/13/2019 10:00,0.879416291,0.289050157
9/13/2019 11:00,0.867286133,0.285063166
9/13/2019 12:00,0.8719565,0.286598242
9/13/2019 13:00,0.872458926,0.286763381
9/13/2019 14:00,0.85908398,0.282367249
9/13/2019 15:00,0.836725102,0.275018241
9/13/2019 16:00,0.791022096,0.25999639
9/13/2019 17:00,0.737701295,0.24247069
9/13/2019 18:00,0.661075251,0.217284927
9/13/2019 19:00,0.615429851,0.20228201
9/13/2019 20:00,0.524980564,0.172552767
9/13/2019 21:00,0.585065511,0.192301734
9/13/2019 22:00,0.6235204,0.204941245
9/13/2019 23:00,0.604438606,0.198669362
9/14/2019 0:00,0.535383981,0.175972205
9/14/2019 1:00,0.50475744,0.165905747
9/14/2019 2:00,0.456348064,0.149994355
9/14/2019 3:00,0.458650553,0.150751147
9/14/2019 4:00,0.452010095,0.148568534
9/14/2019 5:00,0.441575965,0.145139001
9/14/2019 6:00,0.555007602,0.182422177
9/14/2019 7:00,0.727438564,0.239097493
9/14/2019 8:00,0.832522031,0.273636759
9/14/2019 9:00,0.869171037,0.285682705
9/14/2019 10:00,0.842921643,0.277054946
9/14/2019 11:00,0.880167459,0.289297054
9/14/2019 12:00,0.9057854,0.297717264
9/14/2019 13:00,0.907098604,0.298148893
9/14/2019 14:00,0.909078987,0.298799813
9/14/2019 15:00,0.909868667,0.299059368
9/14/2019 16:00,0.91,0.299102536
9/14/2019 17:00,0.91,0.299102536
9/14/2019 18:00,0.91,0.299102536
9/14/2019 19:00,0.91,0.299102536
9/14/2019 20:00,0.91,0.299102536
9/14/2019 21:00,0.91,0.299102536
9/14/2019 22:00,0.91,0.299102536
9/14/2019 23:00,0.91,0.299102536
9/15/2019 0:00,0.91,0.299102536
9/15/2019 1:00,0.91,0.299102536
9/15/2019 2:00,0.91,0.299102536
9/15/2019 3:00,0.91,0.299102536
9/15/2019 4:00,0.91,0.299102536
9/15/2019 5:00,0.91,0.299102536
9/15/2019 6:00,0.91,0.299102536
9/15/2019 7:00,0.91,0.299102536
9/15/2019 8:00,0.91,0.299102536
9/15/2019 9:00,0.91,0.299102536
9/15/2019 10:00,0.91,0.299102536
9/15/2019 11:00,0.91,0.299102536
9/15/2019 12:00,0.91,0.299102536
9/15/2019 13:00,0.905433245,0.297601516
9/15/2019 14:00,0.882011249,0.289903078
9/15/2019 15:00,0.859591927,0.282534203
9/15/2019 16:00,0.844398709,0.277540434
9/15/2019 17:00,0.820762487,0.269771584
9/15/2019 18:00,0.766210298,0.251841146
9/15/2019 19:00,0.724813552,0.238234694
9/15/2019 20:00,0.679094211,0.223207473
9/15/2019 21:00,0.637171926,0.209428284
9/15/2019 22:00,0.618057771,0.203145765
9/15/2019 23:00,0.544580529,0.178994964
9/16/2019 0:00,0.572713205,0.188241727
9/16/2019 1:00,0.628825815,0.20668505
9/16/2019 2:00,0.72147415,0.237137085
9/16/2019 3:00,0.749268309,0.246272584
9/16/2019 4:00,0.781408365,0.256836509
9/16/2019 5:00,0.788213732,0.259073325
9/16/2019 6:00,0.792311181,0.260420092
9/16/2019 7:00,0.796694865,0.261860939
9/16/2019 8:00,0.842138074,0.276797399
9/16/2019 9:00,0.850829574,0.279654157
9/16/2019 10:00,0.83323095,0.273869769
9/16/2019 11:00,0.832992373,0.273791353
9/16/2019 12:00,0.857113547,0.281719599
9/16/2019 13:00,0.862368968,0.283446973
9/16/2019 14:00,0.868040752,0.285311198
9/16/2019 15:00,0.860345195,0.28278179
9/16/2019 16:00,0.873131553,0.286984463
9/16/2019 17:00,0.869966181,0.285944056
9/16/2019 18:00,0.866836287,0.284915309
9/16/2019 19:00,0.870425962,0.286095179
9/16/2019 20:00,0.87786219,0.288539348
9/16/2019 21:00,0.898991422,0.295484191
9/16/2019 22:00,0.903678004,0.297024596
9/16/2019 23:00,0.908590688,0.298639317
9/17/2019 0:00,0.909349502,0.298888727
9/17/2019 1:00,0.9081735,0.298502194
9/17/2019 2:00,0.906046892,0.297803212
9/17/2019 3:00,0.905228653,0.29753427
9/17/2019 4:00,0.900840456,0.296091939
9/17/2019 5:00,0.885281373,0.290977916
9/17/2019 6:00,0.860431701,0.282810224
9/17/2019 7:00,0.829988679,0.272804086
9/17/2019 8:00,0.800421647,0.263085873
9/17/2019 9:00,0.750911078,0.246812536
9/17/2019 10:00,0.727123128,0.238993815
9/17/2019 11:00,0.614019108,0.201818321
9/17/2019 12:00,0.490703769,0.161286529
9/17/2019 13:00,0.459906563,0.151163977
9/17/2019 14:00,0.417634209,0.137269726
9/17/2019 15:00,0.350066772,0.115061384
9/17/2019 16:00,0.299593052,0.098471474
9/17/2019 17:00,0.22836562,0.075060149
9/17/2019 18:00,0.154457019,0.050767567
9/17/2019 19:00,0.114724559,0.037708139
9/17/2019 20:00,0.075361506,0.024770129
9/17/2019 21:00,0.045413264,0.014926618
9/17/2019 22:00,0.021284846,0.006995991
9/17/2019 23:00,0,0
9/18/2019 0:00,0,0
9/18/2019 1:00,0,0
9/18/2019 2:00,0,0
9/18/2019 3:00,0,0
9/18/2019 4:00,0,0
9/18/2019 5:00,0,0
9/18/2019 6:00,0,0
9/18/2019 7:00,0.002809991,0.000923599
9/18/2019 8:00,0.01779654,0.00584944
9/18/2019 9:00,0.03108118,0.01021589
9/18/2019 10:00,0.05963119,0.019599824
9/18/2019 11:00,0.063236523,0.02078484
9/18/2019 12:00,0.057987252,0.019059488
9/18/2019 13:00,0.066073115,0.021717183
9/18/2019 14:00,0.061823991,0.020320563
9/18/2019 15:00,0.054766439,0.018000858
9/18/2019 16:00,0.05694052,0.018715444
9/18/2019 17:00,0.07271398,0.023899929
9/18/2019 18:00,0.064705201,0.021267571
9/18/2019 19:00,0.07675516,0.025228201
9/18/2019 20:00,0.095193848,0.031288705
9/18/2019 21:00,0.113709496,0.037374504
9/18/2019 22:00,0.154521426,0.050788737
9/18/2019 23:00,0.176106213,0.057883313
9/19/2019 0:00,0.190905245,0.06274752
9/19/2019 1:00,0.161815146,0.053186067
9/19/2019 2:00,0.10552524,0.034684469
9/19/2019 3:00,0.130150405,0.042778369
9/19/2019 4:00,0.205866059,0.067664901
9/19/2019 5:00,0.210686672,0.06924936
9/19/2019 6:00,0.193587614,0.063629172
9/19/2019 7:00,0.226778904,0.074538621
9/19/2019 8:00,0.266872412,0.08771672
9/19/2019 9:00,0.336545996,0.11061732
9/19/2019 10:00,0.3652417,0.120049141
9/19/2019 11:00,0.354663246,0.116572172
9/19/2019 12:00,0.379707437,0.124803799
9/19/2019 13:00,0.386067817,0.126894355
9/19/2019 14:00,0.365521889,0.120141235
9/19/2019 15:00,0.351388493,0.115495812
9/19/2019 16:00,0.346806688,0.113989846
9/19/2019 17:00,0.365463044,0.120121894
9/19/2019 18:00,0.376764273,0.123836428
9/19/2019 19:00,0.310748615,0.10213813
9/19/2019 20:00,0.252496442,0.082991567
9/19/2019 21:00,0.233679722,0.07680681
9/19/2019 22:00,0.190708452,0.062682837
9/19/2019 23:00,0.170758973,0.05612576
9/20/2019 0:00,0.143759528,0.047251472
9/20/2019 1:00,0.109969627,0.036145268
9/20/2019 2:00,0.077885611,0.025599762
9/20/2019 3:00,0.049142439,0.016152339
9/20/2019 4:00,0.032713276,0.010752334
9/20/2019 5:00,0.017937962,0.005895923
9/20/2019 6:00,0.007429866,0.002442079
9/20/2019 7:00,0.006023931,0.00197997
9/20/2019 8:00,0.017024399,0.005595649
9/20/2019 9:00,0.037651766,0.012375537
9/20/2019 10:00,0.0611197,0.020089074
9/20/2019 11:00,0.076032994,0.024990836
9/20/2019 12:00,0.070496518,0.023171085
9/20/2019 13:00,0.057496995,0.018898348
9/20/2019 14:00,0.052591638,0.017286036
9/20/2019 15:00,0.04750696,0.015614783
9/20/2019 16:00,0.049357073,0.016222885
9/20/2019 17:00,0.068814427,0.022618208
9/20/2019 18:00,0.089053316,0.029270409
9/20/2019 19:00,0.110940691,0.036464442
9/20/2019 20:00,0.129634962,0.042608952
9/20/2019 21:00,0.14474906,0.047576715
9/20/2019 22:00,0.173388003,0.056989881
9/20/2019 23:00,0.294975176,0.096953652
9/21/2019 0:00,0.44156587,0.145135683
9/21/2019 1:00,0.547058208,0.179809338
9/21/2019 2:00,0.613630876,0.201690715
9/21/2019 3:00,0.649966035,0.213633505
9/21/2019 4:00,0.678654355,0.223062899
9/21/2019 5:00,0.674526056,0.221705993
9/21/2019 6:00,0.666104623,0.218938002
9/21/2019 7:00,0.678977665,0.223169166
9/21/2019 8:00,0.720446996,0.236799476
9/21/2019 9:00,0.754911588,0.24812744
9/21/2019 10:00,0.790701314,0.259890954
9/21/2019 11:00,0.819076248,0.269217344
9/21/2019 12:00,0.838325449,0.27554425
9/21/2019 13:00,0.855804449,0.28128932
9/21/2019 14:00,0.859392653,0.282468705
9/21/2019 15:00,0.857808253,0.281947938
9/21/2019 16:00,0.857214138,0.281752662
9/21/2019 17:00,0.868140264,0.285343906
9/21/2019 18:00,0.873087574,0.286970008
9/21/2019 19:00,0.868359956,0.285416115
9/21/2019 20:00,0.860251299,0.282750929
9/21/2019 21:00,0.851154987,0.279761115
9/21/2019 22:00,0.861629002,0.283203758
9/21/2019 23:00,0.858770977,0.28226437
9/22/2019 0:00,0.842701479,0.276982582
9/22/2019 1:00,0.810468131,0.266387993
9/22/2019 2:00,0.782608106,0.257230845
9/22/2019 3:00,0.769264166,0.252844904
9/22/2019 4:00,0.769525857,0.252930918
9/22/2019 5:00,0.762886743,0.250748747
9/22/2019 6:00,0.745013517,0.244874101
9/22/2019 7:00,0.729723344,0.239848464
9/22/2019 8:00,0.724965954,0.238284786
9/22/2019 9:00,0.729632245,0.239818522
9/22/2019 10:00,0.710432778,0.233507962
9/22/2019 11:00,0.690997687,0.227119956
9/22/2019 12:00,0.66821968,0.219633188
9/22/2019 13:00,0.673603746,0.221402844
9/22/2019 14:00,0.684851526,0.225099811
9/22/2019 15:00,0.680910264,0.223804381
9/22/2019 16:00,0.661800879,0.21752343
9/22/2019 17:00,0.661312649,0.217362956
9/22/2019 18:00,0.657504709,0.216111347
9/22/2019 19:00,0.640496505,0.210521021
9/22/2019 20:00,0.630192331,0.207134202
9/22/2019 21:00,0.624802973,0.205362806
9/22/2019 22:00,0.604806673,0.19879034
9/22/2019 23:00,0.615205133,0.202208149
9/23/2019 0:00,0.571200298,0.187744459
9/23/2019 1:00,0.593731168,0.195149998
9/23/2019 2:00,0.631483648,0.207558638
9/23/2019 3:00,0.646831596,0.212603264
9/23/2019 4:00,0.641263439,0.2107731
9/23/2019 5:00,0.564713494,0.18561235
9/23/2019 6:00,0.540803026,0.177753359
9/23/2019 7:00,0.572876366,0.188295356
9/23/2019 8:00,0.572444767,0.188153496
9/23/2019 9:00,0.525103631,0.172593217
9/23/2019 10:00,0.564929964,0.1856835
9/23/2019 11:00,0.528849654,0.173824475
9/23/2019 12:00,0.474535573,0.1559723
9/23/2019 13:00,0.45264458,0.148777079
9/23/2019 14:00,0.440776508,0.144876232
9/23/2019 15:00,0.491500555,0.16154842
9/23/2019 16:00,0.594014321,0.195243066
9/23/2019 17:00,0.681446797,0.223980731
9/23/2019 18:00,0.698045127,0.229436338
9/23/2019 19:00,0.69689975,0.229059871
9/23/2019 20:00,0.670055047,0.220236444
9/23/2019 21:00,0.619805233,0.203720128
9/23/2019 22:00,0.55119972,0.181170587
9/23/2019 23:00,0.520232862,0.170992273
9/24/2019 0:00,0.543179364,0.178534423
9/24/2019 1:00,0.534117509,0.175555936
9/24/2019 2:00,0.624963606,0.205415603
9/24/2019 3:00,0.6839587,0.224806353
9/24/2019 4:00,0.735597412,0.241779177
9/24/2019 5:00,0.785936132,0.258324714
9/24/2019 6:00,0.812431827,0.267033428
9/24/2019 7:00,0.819228979,0.269267544
9/24/2019 8:00,0.802438599,0.263748813
9/24/2019 9:00,0.795612137,0.261505063
9/24/2019 10:00,0.762476856,0.250614023
9/24/2019 11:00,0.717800153,0.235929501
9/24/2019 12:00,0.681793636,0.224094731
9/24/2019 13:00,0.582816127,0.191562397
9/24/2019 14:00,0.481022882,0.158104576
9/24/2019 15:00,0.52728119,0.173308946
9/24/2019 16:00,0.493081884,0.162068178
9/24/2019 17:00,0.435828166,0.143249791
9/24/2019 18:00,0.381381879,0.125354162
9/24/2019 19:00,0.38642719,0.127012475
9/24/2019 20:00,0.470289729,0.154576759
9/24/2019 21:00,0.530547507,0.174382533
9/24/2019 22:00,0.614786573,0.202070575
9/24/2019 23:00,0.681742119,0.224077798
9/25/2019 0:00,0.667112755,0.219269359
9/25/2019 1:00,0.641971962,0.21100598
9/25/2019 2:00,0.693778095,0.228033832
9/25/2019 3:00,0.692081286,0.227476118
9/25/2019 4:00,0.666145079,0.218951299
9/25/2019 5:00,0.70799713,0.232707403
9/25/2019 6:00,0.744345967,0.244654688
9/25/2019 7:00,0.772173502,0.253801157
9/25/2019 8:00,0.792180804,0.260377239
9/25/2019 9:00,0.805794382,0.264851805
9/25/2019 10:00,0.769437857,0.252901993
9/25/2019 11:00,0.74274228,0.244127582
9/25/2019 12:00,0.740459481,0.243377262
9/25/2019 13:00,0.737605155,0.242439091
9/25/2019 14:00,0.779192872,0.256108312
9/25/2019 15:00,0.808022912,0.265584288
9/25/2019 16:00,0.822176642,0.270236394
9/25/2019 17:00,0.827078965,0.27184771
9/25/2019 18:00,0.828568233,0.272337208
9/25/2019 19:00,0.837655329,0.275323992
9/25/2019 20:00,0.850143976,0.279428812
9/25/2019 21:00,0.857386829,0.281809423
9/25/2019 22:00,0.855756215,0.281273466
9/25/2019 23:00,0.862976443,0.28364664
9/26/2019 0:00,0.868883274,0.285588122
9/26/2019 1:00,0.873061936,0.286961581
9/26/2019 2:00,0.87471857,0.28750609
9/26/2019 3:00,0.879024861,0.2889215
9/26/2019 4:00,0.878397641,0.288715343
9/26/2019 5:00,0.871247125,0.286365082
9/26/2019 6:00,0.877770487,0.288509207
9/26/2019 7:00,0.863303198,0.283754039
9/26/2019 8:00,0.815655511,0.268093002
9/26/2019 9:00,0.747325792,0.245634109
9/26/2019 10:00,0.692602157,0.22764732
9/26/2019 11:00,0.766061433,0.251792217
9/26/2019 12:00,0.750105605,0.24654779
9/26/2019 13:00,0.507825082,0.166914033
9/26/2019 14:00,0.214781838,0.070595376
9/26/2019 15:00,0.079606167,0.026165282
9/26/2019 16:00,0.038333332,0.012599557
9/26/2019 17:00,0.007007818,0.002303358
9/26/2019 18:00,0,0
9/26/2019 19:00,0,0
9/26/2019 20:00,0,0
9/26/2019 21:00,0,0
9/26/2019 22:00,0.01941538,0.006381527
9/26/2019 23:00,0.014324629,0.004708278
9/27/2019 0:00,0.005733869,0.001884632
9/27/2019 1:00,0.004624102,0.001519869
9/27/2019 2:00,0.003570559,0.001173586
9/27/2019 3:00,0.006585096,0.002164416
9/27/2019 4:00,0.008984087,0.002952927
9/27/2019 5:00,0.007511524,0.002468919
9/27/2019 6:00,0.008189177,0.002691652
9/27/2019 7:00,0.008603543,0.002827848
9/27/2019 8:00,0.005509914,0.001811021
9/27/2019 9:00,0,0
9/27/2019 10:00,0,0
9/27/2019 11:00,0,0
9/27/2019 12:00,0.004750842,0.001561526
9/27/2019 13:00,0,0
9/27/2019 14:00,0,0
9/27/2019 15:00,0,0
9/27/2019 16:00,0,0
9/27/2019 17:00,0,0
9/27/2019 18:00,0,0
9/27/2019 19:00,0,0
9/27/2019 20:00,0,0
9/27/2019 21:00,0,0
9/27/2019 22:00,0,0
9/27/2019 23:00,0,0
9/28/2019 0:00,0,0
9/28/2019 1:00,0,0
9/28/2019 2:00,0,0
9/28/2019 3:00,0,0
9/28/2019 4:00,0.00218098,0.000716853
9/28/2019 5:00,0.012642774,0.004155479
9/28/2019 6:00,0.016221413,0.005331721
9/28/2019 7:00,0.019447214,0.00639199
9/28/2019 8:00,0.01662813,0.005465402
9/28/2019 9:00,0.02339531,0.007689667
9/28/2019 10:00,0.086887674,0.028558598
9/28/2019 11:00,0.078438402,0.025781456
9/28/2019 12:00,0.044618112,0.014665264
9/28/2019 13:00,0.019125844,0.006286361
9/28/2019 14:00,0.008947569,0.002940924
9/28/2019 15:00,0.005270533,0.00173234
9/28/2019 16:00,0,0
9/28/2019 17:00,0,0
9/28/2019 18:00,0,0
9/28/2019 19:00,0.012003294,0.003945292
9/28/2019 20:00,0.01835079,0.006031613
9/28/2019 21:00,0.008881112,0.00291908
9/28/2019 22:00,0.009411396,0.003093376
9/28/2019 23:00,0,0
9/29/2019 0:00,0,0
9/29/2019 1:00,0,0
9/29/2019 2:00,0.01138263,0.00374129
9/29/2019 3:00,0.03929754,0.012916477
9/29/2019 4:00,0.064011928,0.021039703
9/29/2019 5:00,0.079888945,0.026258226
9/29/2019 6:00,0.105877607,0.034800286
9/29/2019 7:00,0.172772186,0.056787471
9/29/2019 8:00,0.244512804,0.080367472
9/29/2019 9:00,0.233350648,0.076698649
9/29/2019 10:00,0.165811739,0.054499683
9/29/2019 11:00,0.108331184,0.035606738
9/29/2019 12:00,0.076158304,0.025032024
9/29/2019 13:00,0.085259927,0.028023583
9/29/2019 14:00,0.112916525,0.037113867
9/29/2019 15:00,0.139620061,0.045890895
9/29/2019 16:00,0.154829228,0.050889906
9/29/2019 17:00,0.169825823,0.055819049
9/29/2019 18:00,0.174236001,0.057268604
9/29/2019 19:00,0.162307824,0.053348002
9/29/2019 20:00,0.170144389,0.055923756
9/29/2019 21:00,0.189221782,0.062194192
9/29/2019 22:00,0.358954123,0.117982515
9/29/2019 23:00,0.485713472,0.159646298
9/30/2019 0:00,0.538076397,0.176857159
9/30/2019 1:00,0.509714948,0.167535202
9/30/2019 2:00,0.495261805,0.162784683
9/30/2019 3:00,0.503413235,0.165463929
9/30/2019 4:00,0.436407641,0.143440255
9/30/2019 5:00,0.383616253,0.126088565
9/30/2019 6:00,0.352154759,0.115747672
9/30/2019 7:00,0.331254065,0.108877946
9/30/2019 8:00,0.318781527,0.104778421
9/30/2019 9:00,0.309367123,0.101684056
9/30/2019 10:00,0.374029261,0.122937473
9/30/2019 11:00,0.285290757,0.093770537
9/30/2019 12:00,0.220800934,0.072573757
9/30/2019 13:00,0.198042273,0.065093347
9/30/2019 14:00,0.191626016,0.062984426
9/30/2019 15:00,0.199951642,0.065720926
9/30/2019 16:00,0.156758395,0.051523993
9/30/2019 17:00,0.154870165,0.050903362
9/30/2019 18:00,0.140099005,0.046048316
9/30/2019 19:00,0.090786436,0.029840058
9/30/2019 20:00,0.060863826,0.020004972
9/30/2019 21:00,0.070990515,0.023333454
9/30/2019 22:00,0.123061578,0.040448385
9/30/2019 23:00,0.165015742,0.054238052
10/01/2019 00:00,0.160714773,0.052824391
10/01/2019 01:00,0.135227319,0.04444707
10/01/2019 02:00,0.136720499,0.044937855
10/01/2019 03:00,0.172066225,0.056555433
10/01/2019 04:00,0.225233559,0.074030691
10/01/2019 05:00,0.277296391,0.091142916
10/01/2019 06:00,0.29888521,0.098238818
10/01/2019 07:00,0.307593191,0.101100993
10/01/2019 08:00,0.340417362,0.111889776
10/01/2019 09:00,0.391726378,0.128754234
10/01/2019 10:00,0.463295748,0.152277948
10/01/2019 11:00,0.419837212,0.137993818
10/01/2019 12:00,0.437625399,0.143840513
10/01/2019 13:00,0.446292289,0.146689182
10/01/2019 14:00,0.50540682,0.166119189
10/01/2019 15:00,0.546677258,0.179684125
10/01/2019 16:00,0.599932434,0.197188255
10/01/2019 17:00,0.610333064,0.200606777
10/01/2019 18:00,0.60554014,0.199031419
10/01/2019 19:00,0.620570626,0.203971701
10/01/2019 20:00,0.674522821,0.22170493
10/01/2019 21:00,0.742914592,0.244184218
10/01/2019 22:00,0.802682125,0.263828856
10/01/2019 23:00,0.84992729,0.279357591
10/02/2019 00:00,0.862979469,0.283647635
10/02/2019 01:00,0.872591814,0.28680706
10/02/2019 02:00,0.880469076,0.28939619
10/02/2019 03:00,0.890682499,0.29275318
10/02/2019 04:00,0.88199687,0.289898352
10/02/2019 05:00,0.858834543,0.282285263
10/02/2019 06:00,0.825957549,0.271479118
10/02/2019 07:00,0.781976988,0.257023406
10/02/2019 08:00,0.734318048,0.24135867
10/02/2019 09:00,0.68291046,0.224461813
10/02/2019 10:00,0.689896967,0.226758167
10/02/2019 11:00,0.630060913,0.207091007
10/02/2019 12:00,0.589107066,0.193630129
10/02/2019 13:00,0.578120987,0.190019179
10/02/2019 14:00,0.576571103,0.189509757
10/02/2019 15:00,0.500875754,0.164629899
10/02/2019 16:00,0.437282704,0.143727874
10/02/2019 17:00,0.398946599,0.131127406
10/02/2019 18:00,0.37480768,0.123193327
10/02/2019 19:00,0.343083152,0.112765979
10/02/2019 20:00,0.288887402,0.094952697
10/02/2019 21:00,0.240148849,0.078933109
10/02/2019 22:00,0.17674362,0.058092819
10/02/2019 23:00,0.136706234,0.044933166
10/03/2019 00:00,0.136860989,0.044984032
10/03/2019 01:00,0.117104678,0.038490446
10/03/2019 02:00,0.082854343,0.027232905
10/03/2019 03:00,0.079318778,0.026070822
10/03/2019 04:00,0.068705137,0.022582286
10/03/2019 05:00,0.047832816,0.015721886
10/03/2019 06:00,0.046501873,0.015284426
10/03/2019 07:00,0.061924049,0.020353451
10/03/2019 08:00,0.09993004,0.032845416
10/03/2019 09:00,0.142942873,0.04698305
10/03/2019 10:00,0.194306168,0.063865349
10/03/2019 11:00,0.237893901,0.078191944
10/03/2019 12:00,0.239903481,0.078852461
10/03/2019 13:00,0.261517967,0.085956799
10/03/2019 14:00,0.344385667,0.113194095
10/03/2019 15:00,0.46069377,0.151422719
10/03/2019 16:00,0.522523047,0.17174502
10/03/2019 17:00,0.63419998,0.208451453
10/03/2019 18:00,0.680770542,0.223758456
10/03/2019 19:00,0.673045898,0.221219489
10/03/2019 20:00,0.696637392,0.228973638
10/03/2019 21:00,0.68407013,0.224842979
10/03/2019 22:00,0.73746757,0.242393868
10/03/2019 23:00,0.759838126,0.249746714
10/04/2019 00:00,0.749756293,0.246432976
10/04/2019 01:00,0.757739362,0.249056884
10/04/2019 02:00,0.735565537,0.2417687
10/04/2019 03:00,0.665495059,0.218737648
10/04/2019 04:00,0.595417888,0.195704396
10/04/2019 05:00,0.547543252,0.179968764
10/04/2019 06:00,0.486628913,0.159947189
10/04/2019 07:00,0.435384598,0.143103997
10/04/2019 08:00,0.407024902,0.133782616
10/04/2019 09:00,0.35505778,0.116701849
10/04/2019 10:00,0.324695963,0.106722402
10/04/2019 11:00,0.209319828,0.0688001
10/04/2019 12:00,0.154051101,0.050634148
10/04/2019 13:00,0.156049776,0.051291081
10/04/2019 14:00,0.136029777,0.044710826
10/04/2019 15:00,0.099022384,0.032547084
10/04/2019 16:00,0.120000094,0.039442124
10/04/2019 17:00,0.134161502,0.044096753
10/04/2019 18:00,0.177331992,0.058286207
10/04/2019 19:00,0.191025875,0.062787169
10/04/2019 20:00,0.145083732,0.047686717
10/04/2019 21:00,0.116500277,0.038291789
10/04/2019 22:00,0.164408668,0.054038516
10/04/2019 23:00,0.135875901,0.044660249
10/05/2019 00:00,0.113854642,0.037422211
10/05/2019 01:00,0.134971316,0.044362926
10/05/2019 02:00,0.161947145,0.053229453
10/05/2019 03:00,0.237107045,0.077933317
10/05/2019 04:00,0.302169212,0.099318217
10/05/2019 05:00,0.395029249,0.129839835
10/05/2019 06:00,0.558503543,0.183571237
10/05/2019 07:00,0.658078324,0.216299885
10/05/2019 08:00,0.713018479,0.234357841
10/05/2019 09:00,0.760633943,0.250008287
10/05/2019 10:00,0.829919142,0.272781231
10/05/2019 11:00,0.851632675,0.279918124
10/05/2019 12:00,0.866465978,0.284793595
10/05/2019 13:00,0.87742902,0.288396972
10/05/2019 14:00,0.873718833,0.287177493
10/05/2019 15:00,0.872100675,0.28664563
10/05/2019 16:00,0.885607899,0.29108524
10/05/2019 17:00,0.894806133,0.294108553
10/05/2019 18:00,0.895706852,0.294404605
10/05/2019 19:00,0.897190407,0.294892226
10/05/2019 20:00,0.902920107,0.296775487
10/05/2019 21:00,0.898262229,0.295244517
10/05/2019 22:00,0.867712824,0.285203413
10/05/2019 23:00,0.863794497,0.283915521
10/06/2019 00:00,0.851674102,0.27993174
10/06/2019 01:00,0.851993246,0.280036638
10/06/2019 02:00,0.868001164,0.285298186
10/06/2019 03:00,0.872326347,0.286719805
10/06/2019 04:00,0.889651651,0.292414357
10/06/2019 05:00,0.873610072,0.287141745
10/06/2019 06:00,0.851237,0.279788072
10/06/2019 07:00,0.831505497,0.27330264
10/06/2019 08:00,0.792307855,0.260418998
10/06/2019 09:00,0.788365953,0.259123358
10/06/2019 10:00,0.861231403,0.283073073
10/06/2019 11:00,0.865003981,0.284313059
10/06/2019 12:00,0.85967697,0.282562156
10/06/2019 13:00,0.881743511,0.289815077
10/06/2019 14:00,0.864098025,0.284015286
10/06/2019 15:00,0.832548043,0.273645308
10/06/2019 16:00,0.802060985,0.263624697
10/06/2019 17:00,0.735130476,0.241625703
10/06/2019 18:00,0.720130499,0.236695449
10/06/2019 19:00,0.742274606,0.243973865
10/06/2019 20:00,0.781543538,0.256880938
10/06/2019 21:00,0.828849374,0.272429615
10/06/2019 22:00,0.878383521,0.288710702
10/06/2019 23:00,0.880681633,0.289466055
10/07/2019 00:00,0.880999912,0.289570668
10/07/2019 01:00,0.894785943,0.294101917
10/07/2019 02:00,0.908569889,0.298632481
10/07/2019 03:00,0.91,0.299102536
10/07/2019 04:00,0.91,0.299102536
10/07/2019 05:00,0.91,0.299102536
10/07/2019 06:00,0.91,0.299102536
10/07/2019 07:00,0.91,0.299102536
10/07/2019 08:00,0.91,0.299102536
10/07/2019 09:00,0.91,0.299102536
10/07/2019 10:00,0.909347325,0.298888012
10/07/2019 11:00,0.890949658,0.292840991
10/07/2019 12:00,0.895139903,0.294218258
10/07/2019 13:00,0.891100741,0.29289065
10/07/2019 14:00,0.845913489,0.278038318
10/07/2019 15:00,0.644379016,0.21179714
10/07/2019 16:00,0.410151258,0.134810199
10/07/2019 17:00,0.291763198,0.095897926
10/07/2019 18:00,0.292342265,0.096088256
10/07/2019 19:00,0.402767839,0.132383387
10/07/2019 20:00,0.563097789,0.185081293
10/07/2019 21:00,0.614765741,0.202063727
10/07/2019 22:00,0.584138729,0.191997115
10/07/2019 23:00,0.538435166,0.176975081
10/08/2019 00:00,0.528154536,0.173596001
10/08/2019 01:00,0.509749202,0.16754646
10/08/2019 02:00,0.484057941,0.159102151
10/08/2019 03:00,0.50778681,0.166901453
10/08/2019 04:00,0.533198589,0.175253901
10/08/2019 05:00,0.557963767,0.183393821
10/08/2019 06:00,0.607571604,0.199699129
10/08/2019 07:00,0.61045564,0.200647066
10/08/2019 08:00,0.587023553,0.192945311
10/08/2019 09:00,0.619043926,0.203469899
10/08/2019 10:00,0.618367852,0.203247684
10/08/2019 11:00,0.668594711,0.219756454
10/08/2019 12:00,0.684478188,0.224977101
10/08/2019 13:00,0.636755923,0.209291551
10/08/2019 14:00,0.5162616,0.169686982
10/08/2019 15:00,0.445190346,0.14632699
10/08/2019 16:00,0.408855021,0.134384147
10/08/2019 17:00,0.385324505,0.12665004
10/08/2019 18:00,0.36346179,0.119464113
10/08/2019 19:00,0.355957726,0.116997647
10/08/2019 20:00,0.380298374,0.124998031
10/08/2019 21:00,0.376963471,0.123901901
10/08/2019 22:00,0.395275176,0.129920667
10/08/2019 23:00,0.469914983,0.154453586
10/09/2019 00:00,0.485439371,0.159556205
10/09/2019 01:00,0.502649246,0.165212818
10/09/2019 02:00,0.526394765,0.173017592
10/09/2019 03:00,0.54633148,0.179570474
10/09/2019 04:00,0.515319704,0.169377396
10/09/2019 05:00,0.513436146,0.1687583
10/09/2019 06:00,0.575111725,0.189030083
10/09/2019 07:00,0.581995014,0.191292511
10/09/2019 08:00,0.62718689,0.206146362
10/09/2019 09:00,0.672497354,0.221039191
10/09/2019 10:00,0.61412053,0.201851657
10/09/2019 11:00,0.679508051,0.223343496
10/09/2019 12:00,0.681793693,0.22409475
10/09/2019 13:00,0.720626409,0.236858446
10/09/2019 14:00,0.720664978,0.236871124
10/09/2019 15:00,0.711235876,0.233771927
10/09/2019 16:00,0.695227807,0.22851033
10/09/2019 17:00,0.72618091,0.238684123
10/09/2019 18:00,0.758973056,0.24946238
10/09/2019 19:00,0.785331343,0.25812593
10/09/2019 20:00,0.775178309,0.254788789
10/09/2019 21:00,0.772500272,0.253908561
10/09/2019 22:00,0.7440978,0.24457312
10/09/2019 23:00,0.76622873,0.251847205
10/10/2019 00:00,0.775113449,0.254767471
10/10/2019 01:00,0.812969768,0.267210241
10/10/2019 02:00,0.817488138,0.268695357
10/10/2019 03:00,0.813547018,0.267399974
10/10/2019 04:00,0.821543662,0.270028344
10/10/2019 05:00,0.854554347,0.280878431
10/10/2019 06:00,0.866181025,0.284699935
10/10/2019 07:00,0.85693115,0.281659648
10/10/2019 08:00,0.828995296,0.272477577
10/10/2019 09:00,0.752941723,0.247479976
10/10/2019 10:00,0.715532729,0.235184235
10/10/2019 11:00,0.706394806,0.232180745
10/10/2019 12:00,0.696451038,0.228912386
10/10/2019 13:00,0.609618914,0.200372047
10/10/2019 14:00,0.456656525,0.150095741
10/10/2019 15:00,0.222941946,0.073277474
10/10/2019 16:00,0.085933887,0.028245103
10/10/2019 17:00,0.023053687,0.007577381
10/10/2019 18:00,0.007577098,0.002490472
10/10/2019 19:00,0.01390054,0.004568887
10/10/2019 20:00,0.026005232,0.008547506
10/10/2019 21:00,0.068746748,0.022595963
10/10/2019 22:00,0.126625123,0.041619665
10/10/2019 23:00,0.122696976,0.040328546
10/11/2019 00:00,0.10409059,0.034212922
10/11/2019 01:00,0.044883417,0.014752466
10/11/2019 02:00,0.042329718,0.013913105
10/11/2019 03:00,0.076117061,0.025018468
10/11/2019 04:00,0.098262253,0.032297241
10/11/2019 05:00,0.146664347,0.04820624
10/11/2019 06:00,0.178412408,0.058641323
10/11/2019 07:00,0.208220903,0.068438901
10/11/2019 08:00,0.229820953,0.075538494
10/11/2019 09:00,0.230015977,0.075602596
10/11/2019 10:00,0.118976918,0.039105822
10/11/2019 11:00,0.098753581,0.032458732
10/11/2019 12:00,0.119288954,0.039208383
10/11/2019 13:00,0.084763845,0.027860528
10/11/2019 14:00,0.065097172,0.021396406
10/11/2019 15:00,0.016344059,0.005372032
10/11/2019 16:00,0,0
10/11/2019 17:00,0,0
10/11/2019 18:00,0.008063237,0.002650258
10/11/2019 19:00,0.033573051,0.011034928
10/11/2019 20:00,0.088322645,0.02903025
10/11/2019 21:00,0.167753944,0.055138055
10/11/2019 22:00,0.212865358,0.06996546
10/11/2019 23:00,0.205413395,0.067516118
10/12/2019 00:00,0.189883145,0.062411571
10/12/2019 01:00,0.151518606,0.049801757
10/12/2019 02:00,0.130681754,0.042953015
10/12/2019 03:00,0.122191158,0.040162291
10/12/2019 04:00,0.157960477,0.051919098
10/12/2019 05:00,0.16302429,0.053583493
10/12/2019 06:00,0.156312901,0.051377566
10/12/2019 07:00,0.159624836,0.052466146
10/12/2019 08:00,0.138175521,0.045416097
10/12/2019 09:00,0.110498375,0.03631906
10/12/2019 10:00,0.159086439,0.052289184
10/12/2019 11:00,0.169704239,0.055779086
10/12/2019 12:00,0.235973794,0.077560835
10/12/2019 13:00,0.220237577,0.072388591
10/12/2019 14:00,0.189470053,0.062275795
10/12/2019 15:00,0.139286067,0.045781116
10/12/2019 16:00,0.06709256,0.022052258
10/12/2019 17:00,0.021727472,0.007141475
10/12/2019 18:00,0.000548206,0.000180187
10/12/2019 19:00,0,0
10/12/2019 20:00,0,0
10/12/2019 21:00,0.001130055,0.000371431
10/12/2019 22:00,0.004100064,0.001347626
10/12/2019 23:00,0.007289888,0.00239607
10/13/2019 0:00,0.001748017,0.000574545
10/13/2019 1:00,0,0
10/13/2019 2:00,0,0
10/13/2019 3:00,0,0
10/13/2019 4:00,0,0
10/13/2019 5:00,0,0
10/13/2019 6:00,0,0
10/13/2019 7:00,0,0
10/13/2019 8:00,0,0
10/13/2019 9:00,0,0
10/13/2019 10:00,0,0
10/13/2019 11:00,0,0
10/13/2019 12:00,0,0
10/13/2019 13:00,0,0
10/13/2019 14:00,0,0
10/13/2019 15:00,0,0
10/13/2019 16:00,0,0
10/13/2019 17:00,0.000965273,0.00031727
10/13/2019 18:00,0.001519484,0.00049943
10/13/2019 19:00,0,0
10/13/2019 20:00,0,0
10/13/2019 21:00,0,0
10/13/2019 22:00,0,0
10/13/2019 23:00,0,0
10/14/2019 0:00,0,0
10/14/2019 1:00,0,0
10/14/2019 2:00,0,0
10/14/2019 3:00,0,0
10/14/2019 4:00,0,0
10/14/2019 5:00,0,0
10/14/2019 6:00,0,0
10/14/2019 7:00,0,0
10/14/2019 8:00,0.001546906,0.000508443
10/14/2019 9:00,0.010139449,0.003332676
10/14/2019 10:00,0.012206204,0.004011985
10/14/2019 11:00,0.012825484,0.004215533
10/14/2019 12:00,0.017175304,0.005645249
10/14/2019 13:00,0.0209424,0.006883434
10/14/2019 14:00,0.012869302,0.004229935
10/14/2019 15:00,0.008801886,0.00289304
10/14/2019 16:00,0.010790597,0.003546698
10/14/2019 17:00,0.001704818,0.000560347
10/14/2019 18:00,0,0
10/14/2019 19:00,0.0019824,0.000651583
10/14/2019 20:00,0.007932989,0.002607448
10/14/2019 21:00,0.006038589,0.001984788
10/14/2019 22:00,0.046478803,0.015276844
10/14/2019 23:00,0.054300826,0.017847818
10/15/2019 0:00,0.057459714,0.018886095
10/15/2019 1:00,0.069280791,0.022771495
10/15/2019 2:00,0.105196309,0.034576355
10/15/2019 3:00,0.120349535,0.039556979
10/15/2019 4:00,0.164061454,0.053924392
10/15/2019 5:00,0.240098755,0.078916644
10/15/2019 6:00,0.224399988,0.073756709
10/15/2019 7:00,0.224084468,0.073653003
10/15/2019 8:00,0.213888638,0.070301796
10/15/2019 9:00,0.221587106,0.07283216
10/15/2019 10:00,0.247989879,0.081510331
10/15/2019 11:00,0.310623366,0.102096963
10/15/2019 12:00,0.275434166,0.090530832
10/15/2019 13:00,0.219238663,0.072060264
10/15/2019 14:00,0.209243151,0.068774898
10/15/2019 15:00,0.180899498,0.05945879
10/15/2019 16:00,0.172538618,0.056710701
10/15/2019 17:00,0.177124386,0.05821797
10/15/2019 18:00,0.151244615,0.049711701
10/15/2019 19:00,0.148727297,0.048884299
10/15/2019 20:00,0.18290645,0.060118443
10/15/2019 21:00,0.180991837,0.05948914
10/15/2019 22:00,0.128156031,0.04212285
10/15/2019 23:00,0.103139837,0.033900425
10/16/2019 0:00,0.089192275,0.029316083
10/16/2019 1:00,0.046990597,0.015445062
10/16/2019 2:00,0.009964906,0.003275306
10/16/2019 3:00,0.004165551,0.00136915
10/16/2019 4:00,0.016210491,0.005328131
10/16/2019 5:00,0.039926176,0.013123099
10/16/2019 6:00,0.064028702,0.021045217
10/16/2019 7:00,0.073193688,0.024057602
10/16/2019 8:00,0.169803713,0.055811781
10/16/2019 9:00,0.337089618,0.110795999
10/16/2019 10:00,0.373100134,0.122632084
10/16/2019 11:00,0.410376586,0.134884261
10/16/2019 12:00,0.364337362,0.1197519
10/16/2019 13:00,0.240441294,0.079029232
10/16/2019 14:00,0.120713682,0.039676669
10/16/2019 15:00,0.052174946,0.017149075
10/16/2019 16:00,0.069011938,0.022683127
10/16/2019 17:00,0.092812522,0.030506001
10/16/2019 18:00,0.079905513,0.026263672
10/16/2019 19:00,0.050645708,0.016646439
10/16/2019 20:00,0.039049119,0.012834825
10/16/2019 21:00,0.036800188,0.012095637
10/16/2019 22:00,0.020999172,0.006902094
10/16/2019 23:00,0.027652069,0.009088796
10/17/2019 0:00,0.02330022,0.007658412
10/17/2019 1:00,0.017800315,0.005850681
10/17/2019 2:00,0.01865132,0.006130392
10/17/2019 3:00,0.017206599,0.005655535
10/17/2019 4:00,0.01079058,0.003546692
10/17/2019 5:00,0.002754821,0.000905466
10/17/2019 6:00,0,0
10/17/2019 7:00,0,0
10/17/2019 8:00,0,0
10/17/2019 9:00,0.001754993,0.000576838
10/17/2019 10:00,0.022682771,0.007455466
10/17/2019 11:00,0.03932751,0.012926328
10/17/2019 12:00,0.033203402,0.010913431
10/17/2019 13:00,0.028481914,0.009361553
10/17/2019 14:00,0.03608409,0.011860267
10/17/2019 15:00,0.049699185,0.016335332
10/17/2019 16:00,0.076038637,0.024992691
10/17/2019 17:00,0.088438408,0.029068299
10/17/2019 18:00,0.099328606,0.032647734
10/17/2019 19:00,0.12081029,0.039708422
10/17/2019 20:00,0.130266159,0.042816416
10/17/2019 21:00,0.1087133,0.035732334
10/17/2019 22:00,0.111824736,0.036755013
10/17/2019 23:00,0.106176746,0.034898609
10/18/2019 0:00,0.135748312,0.044618312
10/18/2019 1:00,0.168824436,0.055489909
10/18/2019 2:00,0.185639202,0.061016655
10/18/2019 3:00,0.189030545,0.062131336
10/18/2019 4:00,0.195428842,0.064234354
10/18/2019 5:00,0.205239036,0.067458809
10/18/2019 6:00,0.197026439,0.064759459
10/18/2019 7:00,0.190318111,0.062554538
10/18/2019 8:00,0.184985518,0.060801799
10/18/2019 9:00,0.172030192,0.05654359
10/18/2019 10:00,0.145044192,0.04767372
10/18/2019 11:00,0.173693807,0.057090394
10/18/2019 12:00,0.19979324,0.065668862
10/18/2019 13:00,0.26355032,0.086624801
10/18/2019 14:00,0.217269605,0.071413066
10/18/2019 15:00,0.206366319,0.067829329
10/18/2019 16:00,0.344651193,0.113281369
10/18/2019 17:00,0.453698951,0.149123634
10/18/2019 18:00,0.438886296,0.144254949
10/18/2019 19:00,0.439725485,0.144530778
10/18/2019 20:00,0.455994534,0.149878155
10/18/2019 21:00,0.524098316,0.172262786
10/18/2019 22:00,0.618113352,0.203164034
10/18/2019 23:00,0.595095637,0.195598477
10/19/2019 0:00,0.541812234,0.178085069
10/19/2019 1:00,0.488702072,0.160628603
10/19/2019 2:00,0.500646785,0.164554641
10/19/2019 3:00,0.486683602,0.159965164
10/19/2019 4:00,0.410654132,0.134975486
10/19/2019 5:00,0.356454283,0.117160857
10/19/2019 6:00,0.347277084,0.114144458
10/19/2019 7:00,0.323532379,0.106339951
10/19/2019 8:00,0.315983691,0.103858817
10/19/2019 9:00,0.300804103,0.098869527
10/19/2019 10:00,0.3136075,0.103077801
10/19/2019 11:00,0.337425058,0.110906253
10/19/2019 12:00,0.478070651,0.157134224
10/19/2019 13:00,0.554019985,0.182097563
10/19/2019 14:00,0.634600986,0.208583257
10/19/2019 15:00,0.688031289,0.226144948
10/19/2019 16:00,0.78969189,0.259559172
10/19/2019 17:00,0.859706138,0.282571743
10/19/2019 18:00,0.883672264,0.290449027
10/19/2019 19:00,0.88285307,0.290179771
10/19/2019 20:00,0.865011786,0.284315625
10/19/2019 21:00,0.831599828,0.273333645
10/19/2019 22:00,0.775358666,0.254848069
10/19/2019 23:00,0.797320867,0.262066696
10/20/2019 0:00,0.804481183,0.264420178
10/20/2019 1:00,0.819900801,0.269488361
10/20/2019 2:00,0.800106733,0.262982366
10/20/2019 3:00,0.819830465,0.269465243
10/20/2019 4:00,0.827300709,0.271920593
10/20/2019 5:00,0.812762186,0.267142012
10/20/2019 6:00,0.816094258,0.268237211
10/20/2019 7:00,0.805400737,0.264722421
10/20/2019 8:00,0.765085412,0.251471414
10/20/2019 9:00,0.70454877,0.231573982
10/20/2019 10:00,0.544072514,0.178827988
10/20/2019 11:00,0.481462645,0.158249119
10/20/2019 12:00,0.458600162,0.150734584
10/20/2019 13:00,0.430333356,0.141443734
10/20/2019 14:00,0.383896509,0.12618068
10/20/2019 15:00,0.32477488,0.106748341
10/20/2019 16:00,0.301132308,0.098977403
10/20/2019 17:00,0.21597812,0.070988575
10/20/2019 18:00,0.160123772,0.052630139
10/20/2019 19:00,0.13955894,0.045870805
10/20/2019 20:00,0.09080055,0.029844698
10/20/2019 21:00,0.050214809,0.01650481
10/20/2019 22:00,0.034210082,0.01124431
10/20/2019 23:00,0.023745334,0.007804714
10/21/2019 0:00,0.00414573,0.001362635
10/21/2019 1:00,0.003977313,0.00130728
10/21/2019 2:00,0.017729966,0.005827558
10/21/2019 3:00,0.00654304,0.002150593
10/21/2019 4:00,0.000994324,0.000326819
10/21/2019 5:00,0.014381976,0.004727127
10/21/2019 6:00,0.037810438,0.01242769
10/21/2019 7:00,0.07704566,0.025323684
10/21/2019 8:00,0.126646209,0.041626596
10/21/2019 9:00,0.154833463,0.050891298
10/21/2019 10:00,0.177307631,0.0582782
10/21/2019 11:00,0.234123788,0.076952768
10/21/2019 12:00,0.285627886,0.093881346
10/21/2019 13:00,0.352753061,0.115944324
10/21/2019 14:00,0.446422079,0.146731842
10/21/2019 15:00,0.590210922,0.193992949
10/21/2019 16:00,0.653694914,0.214859128
10/21/2019 17:00,0.640603429,0.210556165
10/21/2019 18:00,0.638988933,0.210025506
10/21/2019 19:00,0.691076997,0.227146024
10/21/2019 20:00,0.754400559,0.247959473
10/21/2019 21:00,0.810523941,0.266406336
10/21/2019 22:00,0.830290981,0.272903448
10/21/2019 23:00,0.858492536,0.282172851
10/22/2019 0:00,0.858013478,0.282015392
10/22/2019 1:00,0.856677323,0.281576219
10/22/2019 2:00,0.819605123,0.269391176
10/22/2019 3:00,0.833399576,0.273925194
10/22/2019 4:00,0.846624521,0.278272023
10/22/2019 5:00,0.846676606,0.278289143
10/22/2019 6:00,0.845311085,0.277840318
10/22/2019 7:00,0.856857624,0.281635481
10/22/2019 8:00,0.852395436,0.280168831
10/22/2019 9:00,0.832871689,0.273751686
10/22/2019 10:00,0.782557513,0.257214216
10/22/2019 11:00,0.779476242,0.256201451
10/22/2019 12:00,0.766364062,0.251891686
10/22/2019 13:00,0.760075367,0.249824692
10/22/2019 14:00,0.738051607,0.242585832
10/22/2019 15:00,0.676054886,0.222208495
10/22/2019 16:00,0.532888922,0.175152118
10/22/2019 17:00,0.497157766,0.163407856
10/22/2019 18:00,0.5831969,0.191687551
10/22/2019 19:00,0.630456612,0.207221067
10/22/2019 20:00,0.646498655,0.212493832
10/22/2019 21:00,0.677077395,0.222544578
10/22/2019 22:00,0.590288691,0.19401851
10/22/2019 23:00,0.629888527,0.207034347
10/23/2019 0:00,0.652131966,0.214345412
10/23/2019 1:00,0.701254681,0.230491267
10/23/2019 2:00,0.683176676,0.224549315
10/23/2019 3:00,0.640035378,0.210369455
10/23/2019 4:00,0.578723089,0.190217081
10/23/2019 5:00,0.44268044,0.145502024
10/23/2019 6:00,0.355740218,0.116926155
10/23/2019 7:00,0.386187364,0.126933648
10/23/2019 8:00,0.4094575,0.134582172
10/23/2019 9:00,0.46664188,0.153377769
10/23/2019 10:00,0.440422343,0.144759824
10/23/2019 11:00,0.544579131,0.178994504
10/23/2019 12:00,0.599954583,0.197195535
10/23/2019 13:00,0.669887465,0.220181362
10/23/2019 14:00,0.664691979,0.218473688
10/23/2019 15:00,0.608081956,0.199866874
10/23/2019 16:00,0.590270304,0.194012467
10/23/2019 17:00,0.663018991,0.217923804
10/23/2019 18:00,0.743616277,0.244414851
10/23/2019 19:00,0.809491788,0.266067084
10/23/2019 20:00,0.831474614,0.273292489
10/23/2019 21:00,0.821135614,0.269894225
10/23/2019 22:00,0.802955085,0.263918574
10/23/2019 23:00,0.791102017,0.260022659
10/24/2019 0:00,0.663381966,0.218043108
10/24/2019 1:00,0.590303027,0.194023222
10/24/2019 2:00,0.484196159,0.159147581
10/24/2019 3:00,0.407131399,0.13381762
10/24/2019 4:00,0.357390057,0.117468431
10/24/2019 5:00,0.443201858,0.145673406
10/24/2019 6:00,0.595719774,0.195803621
10/24/2019 7:00,0.592363421,0.194700441
10/24/2019 8:00,0.588146976,0.193314562
10/24/2019 9:00,0.519839018,0.170862823
10/24/2019 10:00,0.578422611,0.190118318
10/24/2019 11:00,0.538597586,0.177028466
10/24/2019 12:00,0.728001454,0.239282506
10/24/2019 13:00,0.840034269,0.276105912
10/24/2019 14:00,0.852267671,0.280126837
10/24/2019 15:00,0.810109933,0.266270258
10/24/2019 16:00,0.720404641,0.236785555
10/24/2019 17:00,0.685727063,0.225387586
10/24/2019 18:00,0.712379445,0.2341478
10/24/2019 19:00,0.73836078,0.242687452
10/24/2019 20:00,0.75295068,0.247482921
10/24/2019 21:00,0.751016304,0.246847122
10/24/2019 22:00,0.796316269,0.2617365
10/24/2019 23:00,0.821628641,0.270056275
10/25/2019 0:00,0.845408498,0.277872336
10/25/2019 1:00,0.862558751,0.283509351
10/25/2019 2:00,0.868151631,0.285347642
10/25/2019 3:00,0.875115205,0.287636458
10/25/2019 4:00,0.884424331,0.29069622
10/25/2019 5:00,0.890215856,0.292599802
10/25/2019 6:00,0.901702476,0.296375271
10/25/2019 7:00,0.90615389,0.29783838
10/25/2019 8:00,0.91,0.299102536
10/25/2019 9:00,0.91,0.299102536
10/25/2019 10:00,0.91,0.299102536
10/25/2019 11:00,0.91,0.299102536
10/25/2019 12:00,0.91,0.299102536
10/25/2019 13:00,0.91,0.299102536
10/25/2019 14:00,0.909605304,0.298972805
10/25/2019 15:00,0.909422495,0.298912719
10/25/2019 16:00,0.907830545,0.29838947
10/25/2019 17:00,0.900042338,0.29582961
10/25/2019 18:00,0.887275095,0.291633221
10/25/2019 19:00,0.876721471,0.288164412
10/25/2019 20:00,0.876029637,0.287937017
10/25/2019 21:00,0.869719409,0.285862946
10/25/2019 22:00,0.869157294,0.285678187
10/25/2019 23:00,0.891444673,0.293003695
10/26/2019 0:00,0.905807662,0.297724581
10/26/2019 1:00,0.906500364,0.297952261
10/26/2019 2:00,0.90509895,0.297491639
10/26/2019 3:00,0.8959103,0.294471475
10/26/2019 4:00,0.879840455,0.289189573
10/26/2019 5:00,0.854814693,0.280964002
10/26/2019 6:00,0.828718845,0.272386712
10/26/2019 7:00,0.786471541,0.258500695
10/26/2019 8:00,0.739726302,0.243136278
10/26/2019 9:00,0.724626572,0.238173237
10/26/2019 10:00,0.649608995,0.213516151
10/26/2019 11:00,0.667428912,0.219373275
10/26/2019 12:00,0.65761277,0.216146865
10/26/2019 13:00,0.632837241,0.208003542
10/26/2019 14:00,0.6135508,0.201664396
10/26/2019 15:00,0.61713233,0.202841588
10/26/2019 16:00,0.63968729,0.210255044
10/26/2019 17:00,0.613989553,0.201808607
10/26/2019 18:00,0.63348397,0.208216112
10/26/2019 19:00,0.66604473,0.218918316
10/26/2019 20:00,0.744666483,0.244760037
10/26/2019 21:00,0.764768549,0.251367266
10/26/2019 22:00,0.785444136,0.258163003
10/26/2019 23:00,0.812976253,0.267212372
10/27/2019 0:00,0.831522321,0.27330817
10/27/2019 1:00,0.874523088,0.287441839
10/27/2019 2:00,0.875576066,0.287787936
10/27/2019 3:00,0.870526781,0.286128316
10/27/2019 4:00,0.866048603,0.28465641
10/27/2019 5:00,0.837964009,0.27542545
10/27/2019 6:00,0.816957522,0.268520952
10/27/2019 7:00,0.827246629,0.271902818
10/27/2019 8:00,0.829757316,0.272728041
10/27/2019 9:00,0.838103633,0.275471343
10/27/2019 10:00,0.889671493,0.292420879
10/27/2019 11:00,0.888123089,0.291911943
10/27/2019 12:00,0.827712038,0.272055791
10/27/2019 13:00,0.761009612,0.250131763
10/27/2019 14:00,0.682637307,0.224372032
10/27/2019 15:00,0.64110654,0.210721529
10/27/2019 16:00,0.605596692,0.199050007
10/27/2019 17:00,0.586584692,0.192801065
10/27/2019 18:00,0.588251225,0.193348828
10/27/2019 19:00,0.570178747,0.187408691
10/27/2019 20:00,0.538958579,0.177147118
10/27/2019 21:00,0.478260339,0.157196572
10/27/2019 22:00,0.504754526,0.16590479
10/27/2019 23:00,0.553264013,0.181849087
10/28/2019 0:00,0.538599952,0.177029243
10/28/2019 1:00,0.56253551,0.184896481
10/28/2019 2:00,0.594781721,0.195495298
10/28/2019 3:00,0.595224244,0.195640748
10/28/2019 4:00,0.575487314,0.189153533
10/28/2019 5:00,0.562286064,0.184814492
10/28/2019 6:00,0.506104404,0.166348473
10/28/2019 7:00,0.445963155,0.146581001
10/28/2019 8:00,0.392513852,0.129013064
10/28/2019 9:00,0.364762152,0.119891522
10/28/2019 10:00,0.367570825,0.120814688
10/28/2019 11:00,0.318344524,0.104634785
10/28/2019 12:00,0.281608047,0.092560089
10/28/2019 13:00,0.26113455,0.085830776
10/28/2019 14:00,0.263627997,0.086650332
10/28/2019 15:00,0.282277156,0.092780015
10/28/2019 16:00,0.291132656,0.095690677
10/28/2019 17:00,0.286531777,0.094178441
10/28/2019 18:00,0.258477327,0.084957389
10/28/2019 19:00,0.25071457,0.082405894
10/28/2019 20:00,0.259702401,0.085360051
10/28/2019 21:00,0.242211175,0.079610963
10/28/2019 22:00,0.17492687,0.057495682
10/28/2019 23:00,0.136132411,0.04474456
10/29/2019 0:00,0.104011517,0.034186932
10/29/2019 1:00,0.087364578,0.028715348
10/29/2019 2:00,0.087356914,0.028712829
10/29/2019 3:00,0.086463619,0.028419217
10/29/2019 4:00,0.082752594,0.027199462
10/29/2019 5:00,0.074030846,0.024332762
10/29/2019 6:00,0.06198149,0.020372331
10/29/2019 7:00,0.048326723,0.015884226
10/29/2019 8:00,0.037851847,0.0124413
10/29/2019 9:00,0.027305295,0.008974816
10/29/2019 10:00,0.009739301,0.003201153
10/29/2019 11:00,0,0
10/29/2019 12:00,0,0
10/29/2019 13:00,0,0
10/29/2019 14:00,0,0
10/29/2019 15:00,0,0
10/29/2019 16:00,0,0
10/29/2019 17:00,0,0
10/29/2019 18:00,0,0
10/29/2019 19:00,0,0
10/29/2019 20:00,0,0
10/29/2019 21:00,0,0
10/29/2019 22:00,0,0
10/29/2019 23:00,0,0
10/30/2019 0:00,0,0
10/30/2019 1:00,0,0
10/30/2019 2:00,0,0
10/30/2019 3:00,0,0
10/30/2019 4:00,0,0
10/30/2019 5:00,0,0
10/30/2019 6:00,0,0
10/30/2019 7:00,0,0
10/30/2019 8:00,0,0
10/30/2019 9:00,0,0
10/30/2019 10:00,0,0
10/30/2019 11:00,0,0
10/30/2019 12:00,0,0
10/30/2019 13:00,0,0
10/30/2019 14:00,0,0
10/30/2019 15:00,0.005530022,0.00181763
10/30/2019 16:00,0.011392125,0.00374441
10/30/2019 17:00,0.016409679,0.005393601
10/30/2019 18:00,0.019921952,0.006548029
10/30/2019 19:00,0.022617699,0.007434078
10/30/2019 20:00,0.032051985,0.010534978
10/30/2019 21:00,0.039696907,0.013047742
10/30/2019 22:00,0.044773461,0.014716325
10/30/2019 23:00,0.046596354,0.015315481
10/31/2019 0:00,0.048433499,0.015919321
10/31/2019 1:00,0.044483851,0.014621135
10/31/2019 2:00,0.042981217,0.014127243
10/31/2019 3:00,0.049194297,0.016169383
10/31/2019 4:00,0.05266479,0.017310079
10/31/2019 5:00,0.044434291,0.014604845
10/31/2019 6:00,0.0349559,0.011489449
10/31/2019 7:00,0.030187639,0.009922197
10/31/2019 8:00,0.03759402,0.012356557
10/31/2019 9:00,0.048050549,0.015793452
10/31/2019 10:00,0.048506129,0.015943194
10/31/2019 11:00,0.073073586,0.024018126
10/31/2019 12:00,0.104422689,0.034322078
10/31/2019 13:00,0.14320266,0.047068438
10/31/2019 14:00,0.158537709,0.052108825
10/31/2019 15:00,0.182057553,0.059839424
10/31/2019 16:00,0.214364003,0.07045804
10/31/2019 17:00,0.234126028,0.076953504
10/31/2019 18:00,0.258789869,0.085060116
10/31/2019 19:00,0.296740314,0.097533824
10/31/2019 20:00,0.292031674,0.095986169
10/31/2019 21:00,0.275434325,0.090530885
10/31/2019 22:00,0.21176939,0.069605233
10/31/2019 23:00,0.196106004,0.064456926
11/01/2019 00:00,0.21179004,0.06961202
11/01/2019 01:00,0.161984069,0.053241589
11/01/2019 02:00,0.103012801,0.03385867
11/01/2019 03:00,0.067473006,0.022177305
11/01/2019 04:00,0.073082435,0.024021035
11/01/2019 05:00,0.092185218,0.030299816
11/01/2019 06:00,0.132016768,0.043391813
11/01/2019 07:00,0.162238443,0.053325197
11/01/2019 08:00,0.179468162,0.058988332
11/01/2019 09:00,0.201186542,0.066126818
11/01/2019 10:00,0.250984922,0.082494754
11/01/2019 11:00,0.344862455,0.113350808
11/01/2019 12:00,0.365501173,0.120134426
11/01/2019 13:00,0.404339494,0.132899965
11/01/2019 14:00,0.439273396,0.144382183
11/01/2019 15:00,0.491925084,0.161687956
11/01/2019 16:00,0.619197816,0.20352048
11/01/2019 17:00,0.692558599,0.227633003
11/01/2019 18:00,0.711156623,0.233745878
11/01/2019 19:00,0.718904948,0.236292629
11/01/2019 20:00,0.765487304,0.251603509
11/01/2019 21:00,0.755292963,0.248252792
11/01/2019 22:00,0.799389285,0.262746552
11/01/2019 23:00,0.866114243,0.284677985
11/02/2019 00:00,0.872049269,0.286628734
11/02/2019 01:00,0.87497686,0.287590986
11/02/2019 02:00,0.883191684,0.290291068
11/02/2019 03:00,0.902455477,0.296622771
11/02/2019 04:00,0.908025524,0.298453557
11/02/2019 05:00,0.908307235,0.298546151
11/02/2019 06:00,0.91,0.299102536
11/02/2019 07:00,0.91,0.299102536
11/02/2019 08:00,0.91,0.299102536
11/02/2019 09:00,0.91,0.299102536
11/02/2019 10:00,0.91,0.299102536
11/02/2019 11:00,0.91,0.299102536
11/02/2019 12:00,0.91,0.299102536
11/02/2019 13:00,0.91,0.299102536
11/02/2019 14:00,0.91,0.299102536
11/02/2019 15:00,0.91,0.299102536
11/02/2019 16:00,0.91,0.299102536
11/02/2019 17:00,0.91,0.299102536
11/02/2019 18:00,0.91,0.299102536
11/02/2019 19:00,0.91,0.299102536
11/02/2019 20:00,0.91,0.299102536
11/02/2019 21:00,0.908727282,0.298684214
11/02/2019 22:00,0.870888906,0.286247341
11/02/2019 23:00,0.862416082,0.283462458
11/03/2019 00:00,0.856350311,0.281468736
11/03/2019 01:00,0.858561018,0.28219536
11/03/2019 02:00,0.839769227,0.276018797
11/03/2019 03:00,0.811694803,0.26679118
11/03/2019 04:00,0.796248439,0.261714206
11/03/2019 05:00,0.785835922,0.258291777
11/03/2019 06:00,0.763189089,0.250848123
11/03/2019 07:00,0.769378236,0.252882397
11/03/2019 08:00,0.760106654,0.249834975
11/03/2019 09:00,0.778431346,0.25585801
11/03/2019 10:00,0.780006066,0.256375596
11/03/2019 11:00,0.814273719,0.267638829
11/03/2019 12:00,0.811393517,0.266692152
11/03/2019 13:00,0.782901635,0.257327323
11/03/2019 14:00,0.758117778,0.249181263
11/03/2019 15:00,0.76285833,0.250739408
11/03/2019 16:00,0.801731846,0.263516514
11/03/2019 17:00,0.818000095,0.268863629
11/03/2019 18:00,0.8047517,0.264509092
11/03/2019 19:00,0.80635662,0.265036604
11/03/2019 20:00,0.81028793,0.266328763
11/03/2019 21:00,0.84952659,0.279225887
11/03/2019 22:00,0.8160324,0.268216879
11/03/2019 23:00,0.828357006,0.272267781
11/04/2019 00:00,0.842288597,0.276846874
11/04/2019 01:00,0.857694124,0.281910426
11/04/2019 02:00,0.845773349,0.277992257
11/04/2019 03:00,0.781694294,0.256930489
11/04/2019 04:00,0.718812178,0.236262137
11/04/2019 05:00,0.670415275,0.220354845
11/04/2019 06:00,0.695025321,0.228443776
11/04/2019 07:00,0.703781213,0.231321698
11/04/2019 08:00,0.709886387,0.233328372
11/04/2019 09:00,0.732517998,0.240767023
11/04/2019 10:00,0.742882958,0.24417382
11/04/2019 11:00,0.785215933,0.258087996
11/04/2019 12:00,0.731327827,0.240375832
11/04/2019 13:00,0.676241156,0.222269719
11/04/2019 14:00,0.653359615,0.214748921
11/04/2019 15:00,0.627858542,0.206367123
11/04/2019 16:00,0.625484741,0.205586892
11/04/2019 17:00,0.643824401,0.211614847
11/04/2019 18:00,0.645584917,0.212193501
11/04/2019 19:00,0.604353939,0.198641534
11/04/2019 20:00,0.551539066,0.181282124
11/04/2019 21:00,0.513047392,0.168630523
11/04/2019 22:00,0.480089563,0.157797808
11/04/2019 23:00,0.479952637,0.157752803
11/05/2019 00:00,0.491936674,0.161691766
11/05/2019 01:00,0.480947493,0.158079796
11/05/2019 02:00,0.473242933,0.15554743
11/05/2019 03:00,0.424471625,0.139517076
11/05/2019 04:00,0.393516264,0.129342541
11/05/2019 05:00,0.387668894,0.127420604
11/05/2019 06:00,0.376375544,0.123708659
11/05/2019 07:00,0.370287628,0.121707658
11/05/2019 08:00,0.365138115,0.120015095
11/05/2019 09:00,0.317525651,0.104365634
11/05/2019 10:00,0.211920434,0.069654878
11/05/2019 11:00,0.163826066,0.053847024
11/05/2019 12:00,0.120529355,0.039616083
11/05/2019 13:00,0.097959917,0.032197868
11/05/2019 14:00,0.108298613,0.035596033
11/05/2019 15:00,0.150471481,0.049457584
11/05/2019 16:00,0.226452089,0.074431202
11/05/2019 17:00,0.270321884,0.088850507
11/05/2019 18:00,0.262247051,0.086196437
11/05/2019 19:00,0.229677592,0.075491374
11/05/2019 20:00,0.206188552,0.0677709
11/05/2019 21:00,0.192471477,0.063262315
11/05/2019 22:00,0.077749933,0.025555167
11/05/2019 23:00,0.045029882,0.014800606
11/06/2019 00:00,0.037826159,0.012432857
11/06/2019 01:00,0.030133586,0.009904431
11/06/2019 02:00,0.02197063,0.007221397
11/06/2019 03:00,0.022682834,0.007455487
11/06/2019 04:00,0.019850536,0.006524556
11/06/2019 05:00,0.021050848,0.006919079
11/06/2019 06:00,0.022370853,0.007352944
11/06/2019 07:00,0.026596804,0.008741947
11/06/2019 08:00,0.027072625,0.008898342
11/06/2019 09:00,0.021972491,0.007222008
11/06/2019 10:00,0.008029052,0.002639022
11/06/2019 11:00,0,0
11/06/2019 12:00,0,0
11/06/2019 13:00,0,0
11/06/2019 14:00,0.00157538,0.000517802
11/06/2019 15:00,0.017958433,0.005902651
11/06/2019 16:00,0.035021337,0.011510957
11/06/2019 17:00,0.05513687,0.018122613
11/06/2019 18:00,0.081438331,0.026767485
11/06/2019 19:00,0.104771183,0.034436623
11/06/2019 20:00,0.11528465,0.037892232
11/06/2019 21:00,0.11372158,0.037378476
11/06/2019 22:00,0.141181143,0.046403998
11/06/2019 23:00,0.146282006,0.04808057
11/07/2019 00:00,0.156342279,0.051387222
11/07/2019 01:00,0.178422468,0.058644629
11/07/2019 02:00,0.198733742,0.065320622
11/07/2019 03:00,0.210242339,0.069103315
11/07/2019 04:00,0.226953937,0.074596152
11/07/2019 05:00,0.245809626,0.080793717
11/07/2019 06:00,0.269526807,0.088589177
11/07/2019 07:00,0.308190552,0.101297336
11/07/2019 08:00,0.357374419,0.117463291
11/07/2019 09:00,0.403675729,0.132681796
11/07/2019 10:00,0.542961305,0.178462751
11/07/2019 11:00,0.553964503,0.182079327
11/07/2019 12:00,0.582161317,0.191347172
11/07/2019 13:00,0.643308575,0.211445303
11/07/2019 14:00,0.708937652,0.233016538
11/07/2019 15:00,0.695685842,0.228660879
11/07/2019 16:00,0.624663643,0.20531701
11/07/2019 17:00,0.576357009,0.189439388
11/07/2019 18:00,0.548991688,0.180444842
11/07/2019 19:00,0.539776001,0.177415792
11/07/2019 20:00,0.498201121,0.16375079
11/07/2019 21:00,0.44165296,0.145164308
11/07/2019 22:00,0.357759803,0.117589961
11/07/2019 23:00,0.359958562,0.118312658
11/08/2019 00:00,0.349816237,0.114979037
11/08/2019 01:00,0.317019383,0.104199232
11/08/2019 02:00,0.277352942,0.091161503
11/08/2019 03:00,0.267265555,0.08784594
11/08/2019 04:00,0.229071399,0.075292128
11/08/2019 05:00,0.194986727,0.064089038
11/08/2019 06:00,0.144353956,0.047446851
11/08/2019 07:00,0.117605986,0.038655218
11/08/2019 08:00,0.090227623,0.029656386
11/08/2019 09:00,0.068009459,0.022353628
11/08/2019 10:00,0.06845278,0.022499341
11/08/2019 11:00,0.038881539,0.012779744
11/08/2019 12:00,0.014831295,0.004874811
11/08/2019 13:00,0.007612132,0.002501987
11/08/2019 14:00,0.005872888,0.001930325
11/08/2019 15:00,0.009056765,0.002976815
11/08/2019 16:00,0.005927815,0.001948378
11/08/2019 17:00,0.001103374,0.000362661
11/08/2019 18:00,0,0
11/08/2019 19:00,0,0
11/08/2019 20:00,0.004328694,0.001422773
11/08/2019 21:00,0.020212359,0.006643481
11/08/2019 22:00,0.032604054,0.010716434
11/08/2019 23:00,0.048839994,0.01605293
11/09/2019 00:00,0.063601354,0.020904754
11/09/2019 01:00,0.070734281,0.023249234
11/09/2019 02:00,0.087766036,0.028847301
11/09/2019 03:00,0.124206861,0.040824821
11/09/2019 04:00,0.146703069,0.048218967
11/09/2019 05:00,0.139179959,0.04574624
11/09/2019 06:00,0.138615359,0.045560665
11/09/2019 07:00,0.144238426,0.047408878
11/09/2019 08:00,0.153727783,0.050527879
11/09/2019 09:00,0.159449468,0.052408506
11/09/2019 10:00,0.241800112,0.079475853
11/09/2019 11:00,0.255448552,0.083961879
11/09/2019 12:00,0.232114905,0.07629248
11/09/2019 13:00,0.203529514,0.066896916
11/09/2019 14:00,0.150703839,0.049533957
11/09/2019 15:00,0.123971742,0.040747541
11/09/2019 16:00,0.130884058,0.043019509
11/09/2019 17:00,0.138044086,0.045372897
11/09/2019 18:00,0.138362211,0.04547746
11/09/2019 19:00,0.14529433,0.047755937
11/09/2019 20:00,0.153001372,0.050289119
11/09/2019 21:00,0.175043322,0.057533958
11/09/2019 22:00,0.169321009,0.055653124
11/09/2019 23:00,0.152857524,0.050241838
11/10/2019 00:00,0.158592164,0.052126724
11/10/2019 01:00,0.184817446,0.060746557
11/10/2019 02:00,0.214077995,0.070364034
11/10/2019 03:00,0.227226163,0.074685628
11/10/2019 04:00,0.227679669,0.074834688
11/10/2019 05:00,0.216580464,0.071186556
11/10/2019 06:00,0.200510152,0.0659045
11/10/2019 07:00,0.146913364,0.048288088
11/10/2019 08:00,0.095168853,0.031280489
11/10/2019 09:00,0.079314038,0.026069264
11/10/2019 10:00,0.094024424,0.030904334
11/10/2019 11:00,0.092254907,0.030322722
11/10/2019 12:00,0.071337112,0.023447375
11/10/2019 13:00,0.05816651,0.019118407
11/10/2019 14:00,0.071147646,0.0233851
11/10/2019 15:00,0.146810011,0.048254117
11/10/2019 16:00,0.205863968,0.067664214
11/10/2019 17:00,0.228008206,0.074942673
11/10/2019 18:00,0.344292092,0.113163338
11/10/2019 19:00,0.423562332,0.139218206
11/10/2019 20:00,0.482814067,0.15869331
11/10/2019 21:00,0.555913947,0.182720078
11/10/2019 22:00,0.503316102,0.165432003
11/10/2019 23:00,0.662421495,0.217727416
11/11/2019 00:00,0.753728164,0.247738467
11/11/2019 01:00,0.793506639,0.26081302
11/11/2019 02:00,0.785353051,0.258133065
11/11/2019 03:00,0.746808998,0.245464247
11/11/2019 04:00,0.73631262,0.242014255
11/11/2019 05:00,0.796644943,0.26184453
11/11/2019 06:00,0.837551007,0.275289703
11/11/2019 07:00,0.870216525,0.28602634
11/11/2019 08:00,0.879685762,0.289138727
11/11/2019 09:00,0.884477875,0.290713819
11/11/2019 10:00,0.885310941,0.290987635
11/11/2019 11:00,0.897835651,0.295104307
11/11/2019 12:00,0.886758138,0.291463305
11/11/2019 13:00,0.85194636,0.280021227
11/11/2019 14:00,0.765389376,0.251571322
11/11/2019 15:00,0.606926852,0.199487209
11/11/2019 16:00,0.567757656,0.186612917
11/11/2019 17:00,0.530936766,0.174510476
11/11/2019 18:00,0.540404969,0.177622524
11/11/2019 19:00,0.504996137,0.165984204
11/11/2019 20:00,0.474162567,0.155849699
11/11/2019 21:00,0.364470625,0.119795701
11/11/2019 22:00,0.415101713,0.136437335
11/11/2019 23:00,0.552209032,0.181502332
11/12/2019 00:00,0.679354618,0.223293065
11/12/2019 01:00,0.797147181,0.262009608
11/12/2019 02:00,0.860372291,0.282790697
11/12/2019 03:00,0.872904266,0.286909757
11/12/2019 04:00,0.882603779,0.290097833
11/12/2019 05:00,0.866821983,0.284910608
11/12/2019 06:00,0.833318515,0.27389855
11/12/2019 07:00,0.8047508,0.264508796
11/12/2019 08:00,0.751219584,0.246913937
11/12/2019 09:00,0.681149787,0.223883108
11/12/2019 10:00,0.622020841,0.204448363
11/12/2019 11:00,0.620197496,0.203849059
11/12/2019 12:00,0.528843696,0.173822517
11/12/2019 13:00,0.359742378,0.118241602
11/12/2019 14:00,0.298930145,0.098253587
11/12/2019 15:00,0.296038367,0.097303106
11/12/2019 16:00,0.255443214,0.083960124
11/12/2019 17:00,0.208402739,0.068498668
11/12/2019 18:00,0.166504392,0.054727347
11/12/2019 19:00,0.138034247,0.045369663
11/12/2019 20:00,0.118196322,0.038849252
11/12/2019 21:00,0.094385547,0.031023029
11/12/2019 22:00,0.070516236,0.023177566
11/12/2019 23:00,0.05452853,0.017922661
11/13/2019 0:00,0.046818377,0.015388456
11/13/2019 1:00,0.033832718,0.011120277
11/13/2019 2:00,0.025340206,0.008328923
11/13/2019 3:00,0.018654127,0.006131315
11/13/2019 4:00,0.012998185,0.004272297
11/13/2019 5:00,0.007765641,0.002552443
11/13/2019 6:00,0.004907405,0.001612986
11/13/2019 7:00,0.003557205,0.001169197
11/13/2019 8:00,0.002714804,0.000892313
11/13/2019 9:00,0.003954805,0.001299882
11/13/2019 10:00,0.016355715,0.005375863
11/13/2019 11:00,0.02548709,0.008377201
11/13/2019 12:00,0.022570095,0.007418432
11/13/2019 13:00,0.023128995,0.007602133
11/13/2019 14:00,0.026546912,0.008725548
11/13/2019 15:00,0.033862115,0.011129939
11/13/2019 16:00,0.043514259,0.014302445
11/13/2019 17:00,0.044523897,0.014634297
11/13/2019 18:00,0.050314216,0.016537483
11/13/2019 19:00,0.070822626,0.023278271
11/13/2019 20:00,0.080661308,0.02651209
11/13/2019 21:00,0.097623042,0.032087142
11/13/2019 22:00,0.088284618,0.029017751
11/13/2019 23:00,0.124970711,0.041075886
11/14/2019 0:00,0.164518527,0.054074625
11/14/2019 1:00,0.189854986,0.062402316
11/14/2019 2:00,0.246211082,0.080925669
11/14/2019 3:00,0.297346163,0.097732958
11/14/2019 4:00,0.329572557,0.108325261
11/14/2019 5:00,0.35353023,0.116199767
11/14/2019 6:00,0.372156797,0.122322024
11/14/2019 7:00,0.372563376,0.12245566
11/14/2019 8:00,0.348855963,0.11466341
11/14/2019 9:00,0.361765676,0.118906627
11/14/2019 10:00,0.53784117,0.176779844
11/14/2019 11:00,0.493408993,0.162175693
11/14/2019 12:00,0.516006969,0.169603289
11/14/2019 13:00,0.550942881,0.181086168
11/14/2019 14:00,0.600375345,0.197333833
11/14/2019 15:00,0.640467272,0.210511412
11/14/2019 16:00,0.699656974,0.229966126
11/14/2019 17:00,0.744981434,0.244863556
11/14/2019 18:00,0.721151633,0.237031079
11/14/2019 19:00,0.651282851,0.214066321
11/14/2019 20:00,0.609466239,0.200321865
11/14/2019 21:00,0.57016023,0.187402605
11/14/2019 22:00,0.569830293,0.18729416
11/14/2019 23:00,0.505240671,0.166064578
11/15/2019 0:00,0.357235137,0.117417511
11/15/2019 1:00,0.33348808,0.109612231
11/15/2019 2:00,0.341131545,0.112124517
11/15/2019 3:00,0.309000958,0.101563703
11/15/2019 4:00,0.239707231,0.078787957
11/15/2019 5:00,0.197626609,0.064956725
11/15/2019 6:00,0.166806888,0.054826773
11/15/2019 7:00,0.143531097,0.04717639
11/15/2019 8:00,0.119704657,0.039345018
11/15/2019 9:00,0.093371826,0.030689835
11/15/2019 10:00,0.115510459,0.037966452
11/15/2019 11:00,0.091733322,0.030151285
11/15/2019 12:00,0.064311495,0.021138166
11/15/2019 13:00,0.046431107,0.015261167
11/15/2019 14:00,0.040558648,0.013330983
11/15/2019 15:00,0.032244187,0.010598152
11/15/2019 16:00,0.027202588,0.008941058
11/15/2019 17:00,0.036565361,0.012018453
11/15/2019 18:00,0.049546489,0.016285143
11/15/2019 19:00,0.057690793,0.018962047
11/15/2019 20:00,0.044156771,0.014513629
11/15/2019 21:00,0.032485418,0.010677441
11/15/2019 22:00,0.021483221,0.007061193
11/15/2019 23:00,0.013223146,0.004346238
11/16/2019 0:00,0.003470049,0.00114055
11/16/2019 1:00,0,0
11/16/2019 2:00,0,0
11/16/2019 3:00,0,0
11/16/2019 4:00,0,0
11/16/2019 5:00,0,0
11/16/2019 6:00,0,0
11/16/2019 7:00,0,0
11/16/2019 8:00,0,0
11/16/2019 9:00,0,0
11/16/2019 10:00,0,0
11/16/2019 11:00,0.00283639,0.000932276
11/16/2019 12:00,0.001327875,0.000436451
11/16/2019 13:00,0,0
11/16/2019 14:00,0,0
11/16/2019 15:00,0,0
11/16/2019 16:00,0,0
11/16/2019 17:00,0,0
11/16/2019 18:00,0,0
11/16/2019 19:00,0,0
11/16/2019 20:00,0,0
11/16/2019 21:00,0,0
11/16/2019 22:00,0,0
11/16/2019 23:00,0,0
11/17/2019 0:00,0.001191104,0.000391497
11/17/2019 1:00,0.009719393,0.00319461
11/17/2019 2:00,0.027126178,0.008915944
11/17/2019 3:00,0.037817055,0.012429865
11/17/2019 4:00,0.02436164,0.008007284
11/17/2019 5:00,0.011719291,0.003851945
11/17/2019 6:00,0.009938718,0.003266699
11/17/2019 7:00,0.039078109,0.012844353
11/17/2019 8:00,0.08900835,0.02925563
11/17/2019 9:00,0.132454272,0.043535614
11/17/2019 10:00,0.121758921,0.040020222
11/17/2019 11:00,0.095638399,0.031434821
11/17/2019 12:00,0.092282914,0.030331927
11/17/2019 13:00,0.096708772,0.031786636
11/17/2019 14:00,0.080384281,0.026421035
11/17/2019 15:00,0.088898589,0.029219553
11/17/2019 16:00,0.130087485,0.042757689
11/17/2019 17:00,0.109186086,0.035887731
11/17/2019 18:00,0.117356364,0.038573172
11/17/2019 19:00,0.134091344,0.044073693
11/17/2019 20:00,0.172122494,0.056573928
11/17/2019 21:00,0.223544236,0.073475437
11/17/2019 22:00,0.260379614,0.08558264
11/17/2019 23:00,0.276900604,0.091012827
11/18/2019 0:00,0.209602256,0.06889293
11/18/2019 1:00,0.148130318,0.048688081
11/18/2019 2:00,0.149674963,0.049195781
11/18/2019 3:00,0.185670511,0.061026946
11/18/2019 4:00,0.220067147,0.072332573
11/18/2019 5:00,0.213486059,0.070169474
11/18/2019 6:00,0.155522929,0.051117915
11/18/2019 7:00,0.118455836,0.03893455
11/18/2019 8:00,0.102690743,0.033752815
11/18/2019 9:00,0.081284523,0.026716931
11/18/2019 10:00,0.058222071,0.019136669
11/18/2019 11:00,0.037023013,0.012168876
11/18/2019 12:00,0.029501691,0.009696737
11/18/2019 13:00,0.027123996,0.008915226
11/18/2019 14:00,0.027540655,0.009052175
11/18/2019 15:00,0.030401729,0.009992565
11/18/2019 16:00,0.022719252,0.007467457
11/18/2019 17:00,0.016897244,0.005553855
11/18/2019 18:00,0.009181635,0.003017858
11/18/2019 19:00,0,0
11/18/2019 20:00,0,0
11/18/2019 21:00,0,0
11/18/2019 22:00,0,0
11/18/2019 23:00,0,0
11/19/2019 0:00,0,0
11/19/2019 1:00,0,0
11/19/2019 2:00,0,0
11/19/2019 3:00,0,0
11/19/2019 4:00,0,0
11/19/2019 5:00,0,0
11/19/2019 6:00,0,0
11/19/2019 7:00,0.00410443,0.001349061
11/19/2019 8:00,0.016524397,0.005431307
11/19/2019 9:00,0.029601573,0.009729566
11/19/2019 10:00,0.049662385,0.016323237
11/19/2019 11:00,0.084927644,0.027914367
11/19/2019 12:00,0.139068042,0.045709455
11/19/2019 13:00,0.180055211,0.059181286
11/19/2019 14:00,0.250502486,0.082336185
11/19/2019 15:00,0.364497774,0.119804625
11/19/2019 16:00,0.4539348,0.149201154
11/19/2019 17:00,0.497730169,0.163595995
11/19/2019 18:00,0.542829237,0.178419342
11/19/2019 19:00,0.569051786,0.187038277
11/19/2019 20:00,0.601656872,0.197755051
11/19/2019 21:00,0.623564264,0.204955662
11/19/2019 22:00,0.681883126,0.224124145
11/19/2019 23:00,0.6851858,0.225209682
11/20/2019 0:00,0.643632505,0.211551774
11/20/2019 1:00,0.593996703,0.195237275
11/20/2019 2:00,0.574099014,0.188697221
11/20/2019 3:00,0.486136855,0.159785457
11/20/2019 4:00,0.43840879,0.144098001
11/20/2019 5:00,0.459844758,0.151143663
11/20/2019 6:00,0.550112704,0.180813302
11/20/2019 7:00,0.632370062,0.207849988
11/20/2019 8:00,0.699100591,0.229783252
11/20/2019 9:00,0.724713912,0.238201944
11/20/2019 10:00,0.765792939,0.251703967
11/20/2019 11:00,0.786649443,0.258559168
11/20/2019 12:00,0.78435156,0.257803891
11/20/2019 13:00,0.79444478,0.261121372
11/20/2019 14:00,0.824585381,0.271028108
11/20/2019 15:00,0.803082962,0.263960605
11/20/2019 16:00,0.766461748,0.251923794
11/20/2019 17:00,0.760320869,0.249905384
11/20/2019 18:00,0.770175663,0.253144499
11/20/2019 19:00,0.78060993,0.256574076
11/20/2019 20:00,0.769451945,0.252906624
11/20/2019 21:00,0.745813084,0.245136906
11/20/2019 22:00,0.678723692,0.22308569
11/20/2019 23:00,0.67738947,0.222647152
11/21/2019 0:00,0.697782454,0.229350001
11/21/2019 1:00,0.753282876,0.247592108
11/21/2019 2:00,0.729645061,0.239822734
11/21/2019 3:00,0.777522956,0.255559437
11/21/2019 4:00,0.822117617,0.270216993
11/21/2019 5:00,0.854563318,0.280881379
11/21/2019 6:00,0.849263798,0.279139512
11/21/2019 7:00,0.81974826,0.269438223
11/21/2019 8:00,0.839668048,0.275985541
11/21/2019 9:00,0.828819718,0.272419867
11/21/2019 10:00,0.768836829,0.252704445
11/21/2019 11:00,0.784952081,0.258001272
11/21/2019 12:00,0.809539421,0.26608274
11/21/2019 13:00,0.771959003,0.253730654
11/21/2019 14:00,0.750975771,0.246833799
11/21/2019 15:00,0.69548317,0.228594263
11/21/2019 16:00,0.575736308,0.189235373
11/21/2019 17:00,0.433468431,0.142474183
11/21/2019 18:00,0.357423791,0.117479519
11/21/2019 19:00,0.347389462,0.114181394
11/21/2019 20:00,0.357673196,0.117561494
11/21/2019 21:00,0.38091187,0.125199677
11/21/2019 22:00,0.497494285,0.163518464
11/21/2019 23:00,0.490067592,0.161077428
11/22/2019 0:00,0.477431389,0.156924109
11/22/2019 1:00,0.441438053,0.145093671
11/22/2019 2:00,0.389534522,0.128033806
11/22/2019 3:00,0.375014237,0.123261219
11/22/2019 4:00,0.407610062,0.133974948
11/22/2019 5:00,0.432920306,0.142294024
11/22/2019 6:00,0.417710335,0.137294748
11/22/2019 7:00,0.414597274,0.136271534
11/22/2019 8:00,0.452793604,0.14882606
11/22/2019 9:00,0.329401851,0.108269153
11/22/2019 10:00,0.324450438,0.106641702
11/22/2019 11:00,0.335315924,0.110213014
11/22/2019 12:00,0.336756287,0.110686439
11/22/2019 13:00,0.326291589,0.107246859
11/22/2019 14:00,0.276533332,0.090892111
11/22/2019 15:00,0.241368621,0.079334029
11/22/2019 16:00,0.229453132,0.075417597
11/22/2019 17:00,0.245348185,0.080642049
11/22/2019 18:00,0.255239316,0.083893106
11/22/2019 19:00,0.288886959,0.094952552
11/22/2019 20:00,0.326203773,0.107217995
11/22/2019 21:00,0.341018879,0.112087485
11/22/2019 22:00,0.368122282,0.120995943
11/22/2019 23:00,0.32891807,0.108110142
11/23/2019 0:00,0.268439793,0.088231893
11/23/2019 1:00,0.213305021,0.07010997
11/23/2019 2:00,0.158253573,0.052015434
11/23/2019 3:00,0.171581846,0.056396226
11/23/2019 4:00,0.221725698,0.072877713
11/23/2019 5:00,0.232881399,0.076544414
11/23/2019 6:00,0.223910716,0.073595893
11/23/2019 7:00,0.234378474,0.077036479
11/23/2019 8:00,0.245867895,0.080812869
11/23/2019 9:00,0.227423184,0.074750386
11/23/2019 10:00,0.245405477,0.080660879
11/23/2019 11:00,0.2589057,0.085098188
11/23/2019 12:00,0.273758685,0.089980128
11/23/2019 13:00,0.266115344,0.087467884
11/23/2019 14:00,0.247642761,0.081396239
11/23/2019 15:00,0.264623311,0.086977476
11/23/2019 16:00,0.289009411,0.0949928
11/23/2019 17:00,0.302608539,0.099462617
11/23/2019 18:00,0.378410824,0.124377623
11/23/2019 19:00,0.452983449,0.14888846
11/23/2019 20:00,0.580677893,0.190859594
11/23/2019 21:00,0.62890284,0.206710367
11/23/2019 22:00,0.522362439,0.171692231
11/23/2019 23:00,0.539563903,0.177346079
11/24/2019 0:00,0.590428107,0.194064334
11/24/2019 1:00,0.686706288,0.225709442
11/24/2019 2:00,0.727109363,0.23898929
11/24/2019 3:00,0.693076834,0.227803339
11/24/2019 4:00,0.738245626,0.242649603
11/24/2019 5:00,0.787031194,0.258684644
11/24/2019 6:00,0.821456228,0.269999605
11/24/2019 7:00,0.794543449,0.261153803
11/24/2019 8:00,0.853241675,0.280446977
11/24/2019 9:00,0.849983283,0.279375995
11/24/2019 10:00,0.763921888,0.251088982
11/24/2019 11:00,0.690891752,0.227085137
11/24/2019 12:00,0.650481325,0.213802872
11/24/2019 13:00,0.590808995,0.194189526
11/24/2019 14:00,0.526011022,0.172891462
11/24/2019 15:00,0.542179325,0.178205726
11/24/2019 16:00,0.586989661,0.192934171
11/24/2019 17:00,0.53884065,0.177108357
11/24/2019 18:00,0.445304057,0.146364365
11/24/2019 19:00,0.362935442,0.119291111
11/24/2019 20:00,0.316721699,0.104101388
11/24/2019 21:00,0.271404085,0.089206209
11/24/2019 22:00,0.221583725,0.072831048
11/24/2019 23:00,0.215095781,0.070698564
11/25/2019 0:00,0.213686154,0.070235242
11/25/2019 1:00,0.213517566,0.07017983
11/25/2019 2:00,0.174550646,0.057372023
11/25/2019 3:00,0.148118722,0.04868427
11/25/2019 4:00,0.122759249,0.040349014
11/25/2019 5:00,0.124152889,0.040807081
11/25/2019 6:00,0.120241869,0.039521591
11/25/2019 7:00,0.101359968,0.03331541
11/25/2019 8:00,0.101766098,0.033448899
11/25/2019 9:00,0.123772872,0.040682176
11/25/2019 10:00,0.138717527,0.045594246
11/25/2019 11:00,0.187409497,0.061598523
11/25/2019 12:00,0.236727154,0.077808453
11/25/2019 13:00,0.300036862,0.098617347
11/25/2019 14:00,0.302671806,0.099483412
11/25/2019 15:00,0.304661479,0.100137386
11/25/2019 16:00,0.328520774,0.107979557
11/25/2019 17:00,0.345482739,0.113554685
11/25/2019 18:00,0.390148912,0.128235746
11/25/2019 19:00,0.3923726,0.128966637
11/25/2019 20:00,0.355891675,0.116975937
11/25/2019 21:00,0.331204106,0.108861525
11/25/2019 22:00,0.346832043,0.11399818
11/25/2019 23:00,0.363299174,0.119410664
11/26/2019 0:00,0.339813634,0.11169134
11/26/2019 1:00,0.358853209,0.117949346
11/26/2019 2:00,0.40500997,0.13312034
11/26/2019 3:00,0.401184849,0.131863083
11/26/2019 4:00,0.443197745,0.145672054
11/26/2019 5:00,0.503589669,0.16552192
11/26/2019 6:00,0.600682775,0.19743488
11/26/2019 7:00,0.620646161,0.203996528
11/26/2019 8:00,0.678243826,0.222927965
11/26/2019 9:00,0.679521274,0.223347842
11/26/2019 10:00,0.582701603,0.191524755
11/26/2019 11:00,0.492656019,0.161928203
11/26/2019 12:00,0.539511213,0.17732876
11/26/2019 13:00,0.611218393,0.200897771
11/26/2019 14:00,0.681897337,0.224128816
11/26/2019 15:00,0.770543358,0.253265354
11/26/2019 16:00,0.832451039,0.273613425
11/26/2019 17:00,0.864112463,0.284020032
11/26/2019 18:00,0.88716283,0.291596321
11/26/2019 19:00,0.881991025,0.289896431
11/26/2019 20:00,0.879695382,0.289141889
11/26/2019 21:00,0.875203163,0.287665368
11/26/2019 22:00,0.816587868,0.268399453
11/26/2019 23:00,0.842794501,0.277013157
11/27/2019 0:00,0.831754951,0.273384632
11/27/2019 1:00,0.798595196,0.262485547
11/27/2019 2:00,0.754458622,0.247978557
11/27/2019 3:00,0.739126697,0.242939197
11/27/2019 4:00,0.702023957,0.230744116
11/27/2019 5:00,0.706971417,0.232370267
11/27/2019 6:00,0.737188675,0.2423022
11/27/2019 7:00,0.763393583,0.250915337
11/27/2019 8:00,0.767933662,0.252407589
11/27/2019 9:00,0.780416156,0.256510386
11/27/2019 10:00,0.850104639,0.279415883
11/27/2019 11:00,0.829224828,0.272553021
11/27/2019 12:00,0.823514375,0.270676085
11/27/2019 13:00,0.831981652,0.273459145
11/27/2019 14:00,0.851305954,0.279810736
11/27/2019 15:00,0.834157568,0.274174334
11/27/2019 16:00,0.84902043,0.27905952
11/27/2019 17:00,0.862204257,0.283392835
11/27/2019 18:00,0.877830619,0.288528972
11/27/2019 19:00,0.883133805,0.290272045
11/27/2019 20:00,0.887607214,0.291742383
11/27/2019 21:00,0.880196971,0.289306754
11/27/2019 22:00,0.890985196,0.292852672
11/27/2019 23:00,0.877117338,0.288294527
11/28/2019 0:00,0.883195177,0.290292216
11/28/2019 1:00,0.880595708,0.289437812
11/28/2019 2:00,0.871673185,0.286505121
11/28/2019 3:00,0.872670362,0.286832877
11/28/2019 4:00,0.871746859,0.286529336
11/28/2019 5:00,0.856065674,0.28137518
11/28/2019 6:00,0.839568698,0.275952886
11/28/2019 7:00,0.829764458,0.272730388
11/28/2019 8:00,0.832278054,0.273556567
11/28/2019 9:00,0.817249173,0.268616813
11/28/2019 10:00,0.758562289,0.249327367
11/28/2019 11:00,0.733920541,0.241228016
11/28/2019 12:00,0.704963924,0.231710437
11/28/2019 13:00,0.712457382,0.234173417
11/28/2019 14:00,0.777127399,0.255429424
11/28/2019 15:00,0.789837132,0.259606911
11/28/2019 16:00,0.762905455,0.250754897
11/28/2019 17:00,0.748476786,0.246012423
11/28/2019 18:00,0.686397173,0.225607841
11/28/2019 19:00,0.652877106,0.214590327
11/28/2019 20:00,0.623324063,0.204876712
11/28/2019 21:00,0.608099058,0.199872495
11/28/2019 22:00,0.588413827,0.193402272
11/28/2019 23:00,0.568650299,0.186906315
11/29/2019 0:00,0.530678609,0.174425624
11/29/2019 1:00,0.510680103,0.167852433
11/29/2019 2:00,0.528995284,0.173872342
11/29/2019 3:00,0.54675168,0.179708587
11/29/2019 4:00,0.522868925,0.171858705
11/29/2019 5:00,0.499254855,0.164097135
11/29/2019 6:00,0.521043972,0.171258872
11/29/2019 7:00,0.496498786,0.163191259
11/29/2019 8:00,0.479457388,0.157590023
11/29/2019 9:00,0.456360658,0.149998495
11/29/2019 10:00,0.391021712,0.128522622
11/29/2019 11:00,0.351580076,0.115558783
11/29/2019 12:00,0.294673619,0.096854535
11/29/2019 13:00,0.240016465,0.078889597
11/29/2019 14:00,0.198813941,0.065346982
11/29/2019 15:00,0.178009903,0.058509026
11/29/2019 16:00,0.167697084,0.055119366
11/29/2019 17:00,0.171755318,0.056453243
11/29/2019 18:00,0.196747534,0.064667787
11/29/2019 19:00,0.220272542,0.072400083
11/29/2019 20:00,0.234615419,0.077114359
11/29/2019 21:00,0.240589447,0.079077927
11/29/2019 22:00,0.380290765,0.12499553
11/29/2019 23:00,0.323717383,0.106400759
11/30/2019 0:00,0.236615435,0.077771733
11/30/2019 1:00,0.1763041,0.057948355
11/30/2019 2:00,0.127660481,0.041959971
11/30/2019 3:00,0.09204053,0.030252259
11/30/2019 4:00,0.068107422,0.022385827
11/30/2019 5:00,0.0460224,0.015126831
11/30/2019 6:00,0.027264446,0.00896139
11/30/2019 7:00,0.009065155,0.002979572
11/30/2019 8:00,0,0
11/30/2019 9:00,0,0
11/30/2019 10:00,0,0
11/30/2019 11:00,0,0
11/30/2019 12:00,0,0
11/30/2019 13:00,0,0
11/30/2019 14:00,0,0
11/30/2019 15:00,0,0
11/30/2019 16:00,0.003884044,0.001276624
11/30/2019 17:00,0.012439843,0.004088779
11/30/2019 18:00,0.024682908,0.00811288
11/30/2019 19:00,0.037110349,0.012197582
11/30/2019 20:00,0.046589243,0.015313144
11/30/2019 21:00,0.059682058,0.019616544
11/30/2019 22:00,0.090837167,0.029856733
11/30/2019 23:00,0.123969745,0.040746885
12/01/2019 00:00,0.151842557,0.049908235
12/01/2019 01:00,0.226249517,0.07436462
12/01/2019 02:00,0.261074157,0.085810926
12/01/2019 03:00,0.337351522,0.110882083
12/01/2019 04:00,0.4134605,0.135897894
12/01/2019 05:00,0.451659002,0.148453135
12/01/2019 06:00,0.469315921,0.154256683
12/01/2019 07:00,0.509112338,0.167337133
12/01/2019 08:00,0.53572516,0.176084345
12/01/2019 09:00,0.517179637,0.169988726
12/01/2019 10:00,0.492405439,0.161845841
12/01/2019 11:00,0.460430112,0.151336059
12/01/2019 12:00,0.555841639,0.182696312
12/01/2019 13:00,0.624735043,0.205340479
12/01/2019 14:00,0.703925221,0.231369032
12/01/2019 15:00,0.728294468,0.239378816
12/01/2019 16:00,0.713055084,0.234369872
12/01/2019 17:00,0.686710125,0.225710703
12/01/2019 18:00,0.607041379,0.199524852
12/01/2019 19:00,0.546588271,0.179654877
12/01/2019 20:00,0.423281498,0.1391259
12/01/2019 21:00,0.371316848,0.122045946
12/01/2019 22:00,0.436888992,0.143598467
12/01/2019 23:00,0.3949764,0.129822465
12/02/2019 00:00,0.321846187,0.105785726
12/02/2019 01:00,0.308768339,0.101487245
12/02/2019 02:00,0.390129425,0.128229341
12/02/2019 03:00,0.583904523,0.191920136
12/02/2019 04:00,0.682100995,0.224195755
12/02/2019 05:00,0.700584692,0.230271053
12/02/2019 06:00,0.650066781,0.213666618
12/02/2019 07:00,0.623498751,0.204934129
12/02/2019 08:00,0.632729059,0.207967985
12/02/2019 09:00,0.641844832,0.210964194
12/02/2019 10:00,0.484532536,0.159258143
12/02/2019 11:00,0.342538492,0.112586958
12/02/2019 12:00,0.35103352,0.115379138
12/02/2019 13:00,0.411614536,0.135291155
12/02/2019 14:00,0.490472108,0.161210386
12/02/2019 15:00,0.558694501,0.183634002
12/02/2019 16:00,0.631929774,0.207705272
12/02/2019 17:00,0.681171588,0.223890274
12/02/2019 18:00,0.719048623,0.236339853
12/02/2019 19:00,0.741989387,0.243880118
12/02/2019 20:00,0.75491031,0.24812702
12/02/2019 21:00,0.797280205,0.262053331
12/02/2019 22:00,0.802960988,0.263920514
12/02/2019 23:00,0.854880217,0.280985539
12/03/2019 00:00,0.877895545,0.288550311
12/03/2019 01:00,0.873244897,0.287021718
12/03/2019 02:00,0.863312349,0.283757047
12/03/2019 03:00,0.845530496,0.277912435
12/03/2019 04:00,0.820948753,0.269832806
12/03/2019 05:00,0.802752678,0.263852046
12/03/2019 06:00,0.7816837,0.256927007
12/03/2019 07:00,0.763008477,0.250788759
12/03/2019 08:00,0.714017131,0.234686082
12/03/2019 09:00,0.616656223,0.202685099
12/03/2019 10:00,0.621746991,0.204358353
12/03/2019 11:00,0.606878438,0.199471296
12/03/2019 12:00,0.562820013,0.184989992
12/03/2019 13:00,0.46513743,0.15288328
12/03/2019 14:00,0.336835083,0.110712338
12/03/2019 15:00,0.259109738,0.085165252
12/03/2019 16:00,0.207646512,0.068250108
12/03/2019 17:00,0.242680354,0.079765175
12/03/2019 18:00,0.30611991,0.100616749
12/03/2019 19:00,0.341910605,0.112380581
12/03/2019 20:00,0.369155701,0.121335611
12/03/2019 21:00,0.412559349,0.1356017
12/03/2019 22:00,0.351304284,0.115468134
12/03/2019 23:00,0.530599831,0.174399731
12/04/2019 00:00,0.616776554,0.20272465
12/04/2019 01:00,0.618057986,0.203145836
12/04/2019 02:00,0.643647347,0.211556652
12/04/2019 03:00,0.635562527,0.2088993
12/04/2019 04:00,0.614993966,0.202138741
12/04/2019 05:00,0.642056679,0.211033825
12/04/2019 06:00,0.665657004,0.218790877
12/04/2019 07:00,0.67659999,0.222387662
12/04/2019 08:00,0.687749609,0.226052365
12/04/2019 09:00,0.693351794,0.227893714
12/04/2019 10:00,0.708100806,0.23274148
12/04/2019 11:00,0.795468797,0.26145795
12/04/2019 12:00,0.804524527,0.264434424
12/04/2019 13:00,0.738507139,0.242735558
12/04/2019 14:00,0.772289527,0.253839292
12/04/2019 15:00,0.842917439,0.277053564
12/04/2019 16:00,0.874687107,0.287495749
12/04/2019 17:00,0.882337264,0.290010234
12/04/2019 18:00,0.875623642,0.287803573
12/04/2019 19:00,0.878831899,0.288858076
12/04/2019 20:00,0.877874018,0.288543236
12/04/2019 21:00,0.885962575,0.291201816
12/04/2019 22:00,0.891157853,0.292909422
12/04/2019 23:00,0.901593732,0.296339529
12/05/2019 00:00,0.908704023,0.298676569
12/05/2019 01:00,0.91,0.299102536
12/05/2019 02:00,0.907950877,0.298429021
12/05/2019 03:00,0.907036211,0.298128385
12/05/2019 04:00,0.90884921,0.298724289
12/05/2019 05:00,0.909450203,0.298921826
12/05/2019 06:00,0.91,0.299102536
12/05/2019 07:00,0.91,0.299102536
12/05/2019 08:00,0.909991839,0.299099853
12/05/2019 09:00,0.905853502,0.297739648
12/05/2019 10:00,0.89927048,0.295575913
12/05/2019 11:00,0.819951038,0.269504873
12/05/2019 12:00,0.797959419,0.262276578
12/05/2019 13:00,0.709391722,0.233165784
12/05/2019 14:00,0.618397138,0.20325731
12/05/2019 15:00,0.555231616,0.182495807
12/05/2019 16:00,0.446495427,0.14675595
12/05/2019 17:00,0.245343959,0.08064066
12/05/2019 18:00,0.052935813,0.01739916
12/05/2019 19:00,0.198229538,0.065154898
12/05/2019 20:00,0.236242659,0.077649207
12/05/2019 21:00,0.08311501,0.027318583
12/05/2019 22:00,0.188764422,0.062043865
12/05/2019 23:00,0.248027637,0.081522742
12/06/2019 00:00,0.245582509,0.080719067
12/06/2019 01:00,0.116696151,0.03835617
12/06/2019 02:00,0.068087014,0.022379119
12/06/2019 03:00,0.028878485,0.009491899
12/06/2019 04:00,0.0171741,0.005644854
12/06/2019 05:00,0.004120801,0.001354442
12/06/2019 06:00,0,0
12/06/2019 07:00,0,0
12/06/2019 08:00,0,0
12/06/2019 09:00,0,0
12/06/2019 10:00,0.014952977,0.004914806
12/06/2019 11:00,0.000217931,7.16E-05
12/06/2019 12:00,0,0
12/06/2019 13:00,0.002414016,0.000793449
12/06/2019 14:00,0.032562293,0.010702708
12/06/2019 15:00,0.093895789,0.030862053
12/06/2019 16:00,0.145467979,0.047813012
12/06/2019 17:00,0.169665,0.055766189
12/06/2019 18:00,0.265294953,0.087198234
12/06/2019 19:00,0.282985455,0.093012821
12/06/2019 20:00,0.27396768,0.090048822
12/06/2019 21:00,0.3252485,0.106904012
12/06/2019 22:00,0.342877262,0.112698306
12/06/2019 23:00,0.381478259,0.12538584
12/07/2019 00:00,0.460754873,0.151442803
12/07/2019 01:00,0.494222564,0.162443101
12/07/2019 02:00,0.439611447,0.144493295
12/07/2019 03:00,0.404730531,0.133028493
12/07/2019 04:00,0.512812899,0.168553449
12/07/2019 05:00,0.327557723,0.107663017
12/07/2019 06:00,0.219884613,0.072272577
12/07/2019 07:00,0.152412382,0.050095528
12/07/2019 08:00,0.0824707,0.027106808
12/07/2019 09:00,0.049257517,0.016190163
12/07/2019 10:00,0.001241803,0.000408161
12/07/2019 11:00,0,0
12/07/2019 12:00,0,0
12/07/2019 13:00,0.07249879,0.0238292
12/07/2019 14:00,0.277979664,0.091367497
12/07/2019 15:00,0.59659434,0.196091077
12/07/2019 16:00,0.763652154,0.251000325
12/07/2019 17:00,0.798078936,0.262315861
12/07/2019 18:00,0.809085469,0.265933533
12/07/2019 19:00,0.778992551,0.25604247
12/07/2019 20:00,0.733924437,0.241229297
12/07/2019 21:00,0.742666398,0.24410264
12/07/2019 22:00,0.628964737,0.206730712
12/07/2019 23:00,0.674072725,0.221556991
12/08/2019 00:00,0.777729182,0.25562722
12/08/2019 01:00,0.871926415,0.286588354
12/08/2019 02:00,0.91,0.299102536
12/08/2019 03:00,0.91,0.299102536
12/08/2019 04:00,0.91,0.299102536
12/08/2019 05:00,0.91,0.299102536
12/08/2019 06:00,0.91,0.299102536
12/08/2019 07:00,0.908420577,0.298583404
12/08/2019 08:00,0.905839417,0.297735018
12/08/2019 09:00,0.897741619,0.295073401
12/08/2019 10:00,0.900773889,0.29607006
12/08/2019 11:00,0.877480871,0.288414015
12/08/2019 12:00,0.853367773,0.280488423
12/08/2019 13:00,0.812973717,0.267211539
12/08/2019 14:00,0.764692558,0.251342289
12/08/2019 15:00,0.701484259,0.230566726
12/08/2019 16:00,0.691315266,0.22722434
12/08/2019 17:00,0.681589382,0.224027596
12/08/2019 18:00,0.618646787,0.203339366
12/08/2019 19:00,0.575352588,0.18910925
12/08/2019 20:00,0.522291496,0.171668913
12/08/2019 21:00,0.644333765,0.211782267
12/08/2019 22:00,0.91,0.299102536
12/08/2019 23:00,0.91,0.299102536
12/09/2019 00:00,0.91,0.299102536
12/09/2019 01:00,0.91,0.299102536
12/09/2019 02:00,0.91,0.299102536
12/09/2019 03:00,0.91,0.299102536
12/09/2019 04:00,0.91,0.299102536
12/09/2019 05:00,0.909163155,0.298827478
12/09/2019 06:00,0.905413623,0.297595067
12/09/2019 07:00,0.892222377,0.293259313
12/09/2019 08:00,0.882924043,0.290203099
12/09/2019 09:00,0.875103356,0.287632563
12/09/2019 10:00,0.871498224,0.286447614
12/09/2019 11:00,0.796622693,0.261837217
12/09/2019 12:00,0.71823914,0.236073789
12/09/2019 13:00,0.551091324,0.181134959
12/09/2019 14:00,0.267455963,0.087908524
12/09/2019 15:00,0.197008593,0.064753593
12/09/2019 16:00,0.09245351,0.030387999
12/09/2019 17:00,0.046289425,0.015214598
12/09/2019 18:00,0.010191961,0.003349936
12/09/2019 19:00,0.039882194,0.013108643
12/09/2019 20:00,0.17329961,0.056960827
12/09/2019 21:00,0.475642796,0.156336227
12/09/2019 22:00,0.707339351,0.232491202
12/09/2019 23:00,0.807846033,0.265526151
12/10/2019 00:00,0.823376205,0.270630671
12/10/2019 01:00,0.81409145,0.26757892
12/10/2019 02:00,0.818733648,0.269104736
12/10/2019 03:00,0.852055042,0.280056949
12/10/2019 04:00,0.886077375,0.291239549
12/10/2019 05:00,0.908944976,0.298755766
12/10/2019 06:00,0.91,0.299102536
12/10/2019 07:00,0.91,0.299102536
12/10/2019 08:00,0.91,0.299102536
12/10/2019 09:00,0.91,0.299102536
12/10/2019 10:00,0.91,0.299102536
12/10/2019 11:00,0.91,0.299102536
12/10/2019 12:00,0.91,0.299102536
12/10/2019 13:00,0.909512458,0.298942288
12/10/2019 14:00,0.898820518,0.295428018
12/10/2019 15:00,0.905891121,0.297752012
12/10/2019 16:00,0.900669084,0.296035612
12/10/2019 17:00,0.882685783,0.290124787
12/10/2019 18:00,0.897215313,0.294900412
12/10/2019 19:00,0.906148259,0.29783653
12/10/2019 20:00,0.91,0.299102536
12/10/2019 21:00,0.91,0.299102536
12/10/2019 22:00,0.91,0.299102536
12/10/2019 23:00,0.909442086,0.298919158
12/11/2019 00:00,0.91,0.299102536
12/11/2019 01:00,0.91,0.299102536
12/11/2019 02:00,0.91,0.299102536
12/11/2019 03:00,0.91,0.299102536
12/11/2019 04:00,0.91,0.299102536
12/11/2019 05:00,0.91,0.299102536
12/11/2019 06:00,0.908568206,0.298631928
12/11/2019 07:00,0.909189425,0.298836113
12/11/2019 08:00,0.909305667,0.298874319
12/11/2019 09:00,0.91,0.299102536
12/11/2019 10:00,0.899979623,0.295808997
12/11/2019 11:00,0.91,0.299102536
12/11/2019 12:00,0.91,0.299102536
12/11/2019 13:00,0.91,0.299102536
12/11/2019 14:00,0.91,0.299102536
12/11/2019 15:00,0.91,0.299102536
12/11/2019 16:00,0.91,0.299102536
12/11/2019 17:00,0.91,0.299102536
12/11/2019 18:00,0.91,0.299102536
12/11/2019 19:00,0.91,0.299102536
12/11/2019 20:00,0.91,0.299102536
12/11/2019 21:00,0.91,0.299102536
12/11/2019 22:00,0.905775248,0.297713927
12/11/2019 23:00,0.90006488,0.29583702
12/12/2019 00:00,0.900952952,0.296128915
12/12/2019 01:00,0.898488929,0.29531903
12/12/2019 02:00,0.898549407,0.295338908
12/12/2019 03:00,0.884341007,0.290668833
12/12/2019 04:00,0.858652932,0.282225571
12/12/2019 05:00,0.823097271,0.27053899
12/12/2019 06:00,0.765156665,0.251494834
12/12/2019 07:00,0.70226617,0.230823728
12/12/2019 08:00,0.62658965,0.205950058
12/12/2019 09:00,0.507384521,0.166769227
12/12/2019 10:00,0.328764495,0.108059664
12/12/2019 11:00,0.224843039,0.073902333
12/12/2019 12:00,0.154012518,0.050621467
12/12/2019 13:00,0.095247386,0.031306302
12/12/2019 14:00,0.037250654,0.012243698
12/12/2019 15:00,0.012516455,0.00411396
12/12/2019 16:00,0.026906576,0.008843764
12/12/2019 17:00,0.059037073,0.019404548
12/12/2019 18:00,0.07873345,0.025878434
12/12/2019 19:00,0.07003054,0.023017925
12/12/2019 20:00,0.056671723,0.018627094
12/12/2019 21:00,0.051595047,0.016958472
12/12/2019 22:00,0.074160956,0.024375528
12/12/2019 23:00,0.112474933,0.036968723
12/13/2019 0:00,0.163061346,0.053595672
12/13/2019 1:00,0.191757927,0.063027782
12/13/2019 2:00,0.231115116,0.075963865
12/13/2019 3:00,0.232325032,0.076361545
12/13/2019 4:00,0.237887511,0.078189844
12/13/2019 5:00,0.318514975,0.10469081
12/13/2019 6:00,0.436193266,0.143369793
12/13/2019 7:00,0.509589859,0.167494087
12/13/2019 8:00,0.564685943,0.185603294
12/13/2019 9:00,0.594290325,0.195333784
12/13/2019 10:00,0.569339963,0.187132996
12/13/2019 11:00,0.588406521,0.193399871
12/13/2019 12:00,0.554546587,0.182270649
12/13/2019 13:00,0.544393336,0.178933436
12/13/2019 14:00,0.422391075,0.138833232
12/13/2019 15:00,0.328462537,0.107960415
12/13/2019 16:00,0.247450908,0.08133318
12/13/2019 17:00,0.212592972,0.069875931
12/13/2019 18:00,0.203699349,0.066952738
12/13/2019 19:00,0.154460445,0.050768693
12/13/2019 20:00,0.11930818,0.039214703
12/13/2019 21:00,0.094983309,0.031219504
12/13/2019 22:00,0.130255177,0.042812806
12/13/2019 23:00,0.096753778,0.031801429
12/14/2019 0:00,0.142823068,0.046943672
12/14/2019 1:00,0.167756575,0.05513892
12/14/2019 2:00,0.205889851,0.067672721
12/14/2019 3:00,0.255651273,0.08402851
12/14/2019 4:00,0.275977323,0.09070936
12/14/2019 5:00,0.278822649,0.091644573
12/14/2019 6:00,0.333218465,0.109523613
12/14/2019 7:00,0.552313722,0.181536741
12/14/2019 8:00,0.721595576,0.237176996
12/14/2019 9:00,0.752566353,0.247356598
12/14/2019 10:00,0.765926551,0.251747883
12/14/2019 11:00,0.729054462,0.239628613
12/14/2019 12:00,0.671820668,0.220816775
12/14/2019 13:00,0.584076318,0.191976602
12/14/2019 14:00,0.531677008,0.174753782
12/14/2019 15:00,0.475069248,0.156147711
12/14/2019 16:00,0.424588478,0.139555484
12/14/2019 17:00,0.377720662,0.124150778
12/14/2019 18:00,0.299249579,0.09835858
12/14/2019 19:00,0.211878684,0.069641156
12/14/2019 20:00,0.164484683,0.054063501
12/14/2019 21:00,0.147153174,0.048366909
12/14/2019 22:00,0.088037809,0.028936628
12/14/2019 23:00,0.081068755,0.026646011
12/15/2019 0:00,0.090616829,0.029784311
12/15/2019 1:00,0.129338738,0.042511587
12/15/2019 2:00,0.162969885,0.053565611
12/15/2019 3:00,0.207006063,0.068039602
12/15/2019 4:00,0.235986603,0.077565045
12/15/2019 5:00,0.241863793,0.079496784
12/15/2019 6:00,0.234937986,0.077220382
12/15/2019 7:00,0.25115443,0.082550469
12/15/2019 8:00,0.276307029,0.090817729
12/15/2019 9:00,0.296678246,0.097513424
12/15/2019 10:00,0.17605576,0.05786673
12/15/2019 11:00,0.246508354,0.081023378
12/15/2019 12:00,0.325879007,0.10711125
12/15/2019 13:00,0.331663517,0.109012526
12/15/2019 14:00,0.265528721,0.08727507
12/15/2019 15:00,0.225816542,0.074222308
12/15/2019 16:00,0.19672654,0.064660887
12/15/2019 17:00,0.171918415,0.05650685
12/15/2019 18:00,0.182189132,0.059882672
12/15/2019 19:00,0.253015598,0.083162205
12/15/2019 20:00,0.279247369,0.091784172
12/15/2019 21:00,0.255166189,0.08386907
12/15/2019 22:00,0.22727018,0.074700096
12/15/2019 23:00,0.210637727,0.069233273
12/16/2019 0:00,0.22617197,0.074339132
12/16/2019 1:00,0.214288027,0.070433068
12/16/2019 2:00,0.176546878,0.058028153
12/16/2019 3:00,0.148327617,0.04875293
12/16/2019 4:00,0.085694607,0.028166455
12/16/2019 5:00,0.046761783,0.015369855
12/16/2019 6:00,0.063848195,0.020985887
12/16/2019 7:00,0.076696491,0.025208918
12/16/2019 8:00,0.058567142,0.019250089
12/16/2019 9:00,0.047826105,0.015719681
12/16/2019 10:00,0.033344543,0.010959821
12/16/2019 11:00,0.031673312,0.010410514
12/16/2019 12:00,0.030645528,0.010072698
12/16/2019 13:00,0.02693438,0.008852903
12/16/2019 14:00,0.017467606,0.005741324
12/16/2019 15:00,0.015225251,0.005004298
12/16/2019 16:00,0.017698814,0.005817319
12/16/2019 17:00,0.021056929,0.006921078
12/16/2019 18:00,0.010914237,0.003587336
12/16/2019 19:00,0,0
12/16/2019 20:00,0,0
12/16/2019 21:00,0,0
12/16/2019 22:00,0,0
12/16/2019 23:00,0.004169083,0.001370311
12/17/2019 0:00,0,0
12/17/2019 1:00,0.000395283,0.000129923
12/17/2019 2:00,1.64E-05,5.40E-06
12/17/2019 3:00,0,0
12/17/2019 4:00,0,0
12/17/2019 5:00,0,0
12/17/2019 6:00,0,0
12/17/2019 7:00,0,0
12/17/2019 8:00,0,0
12/17/2019 9:00,0,0
12/17/2019 10:00,0,0
12/17/2019 11:00,0,0
12/17/2019 12:00,0,0
12/17/2019 13:00,0,0
12/17/2019 14:00,0,0
12/17/2019 15:00,0,0
12/17/2019 16:00,0,0
12/17/2019 17:00,0,0
12/17/2019 18:00,0,0
12/17/2019 19:00,0.003630786,0.001193382
12/17/2019 20:00,0.01934675,0.006358969
12/17/2019 21:00,0.035121327,0.011543822
12/17/2019 22:00,0.048072659,0.015800719
12/17/2019 23:00,0.129713917,0.042634903
12/18/2019 0:00,0.184560162,0.060661992
12/18/2019 1:00,0.195093868,0.064124253
12/18/2019 2:00,0.170117377,0.055914878
12/18/2019 3:00,0.170615994,0.056078765
12/18/2019 4:00,0.167703119,0.05512135
12/18/2019 5:00,0.156962575,0.051591104
12/18/2019 6:00,0.17838412,0.058632025
12/18/2019 7:00,0.197970008,0.065069595
12/18/2019 8:00,0.168902285,0.055515496
12/18/2019 9:00,0.140111069,0.046052281
12/18/2019 10:00,0.148339041,0.048756685
12/18/2019 11:00,0.166803687,0.054825721
12/18/2019 12:00,0.141241424,0.046423811
12/18/2019 13:00,0.073724923,0.02423221
12/18/2019 14:00,0.072491305,0.02382674
12/18/2019 15:00,0.107067734,0.035191462
12/18/2019 16:00,0.264554185,0.086954756
12/18/2019 17:00,0.452112344,0.148602141
12/18/2019 18:00,0.526057786,0.172906833
12/18/2019 19:00,0.713599147,0.234548697
12/18/2019 20:00,0.851603957,0.279908685
12/18/2019 21:00,0.883147309,0.290276483
12/18/2019 22:00,0.897749514,0.295075996
12/18/2019 23:00,0.91,0.299102536
12/19/2019 0:00,0.91,0.299102536
12/19/2019 1:00,0.91,0.299102536
12/19/2019 2:00,0.91,0.299102536
12/19/2019 3:00,0.91,0.299102536
12/19/2019 4:00,0.91,0.299102536
12/19/2019 5:00,0.897589914,0.295023538
12/19/2019 6:00,0.844096398,0.277441069
12/19/2019 7:00,0.76527765,0.251534599
12/19/2019 8:00,0.6168306,0.202742414
12/19/2019 9:00,0.434462973,0.142801074
12/19/2019 10:00,0.35128937,0.115463232
12/19/2019 11:00,0.339816607,0.111692317
12/19/2019 12:00,0.221899739,0.072934917
12/19/2019 13:00,0.251542191,0.08267792
12/19/2019 14:00,0.28371437,0.093252404
12/19/2019 15:00,0.217896839,0.071619228
12/19/2019 16:00,0.093401693,0.030699652
12/19/2019 17:00,0.146758957,0.048237337
12/19/2019 18:00,0.13754804,0.045209855
12/19/2019 19:00,0.11454551,0.037649288
12/19/2019 20:00,0.151627471,0.04983754
12/19/2019 21:00,0.329037615,0.108149434
12/19/2019 22:00,0.350391959,0.115168268
12/19/2019 23:00,0.441682845,0.145174131
12/20/2019 0:00,0.685269664,0.225237246
12/20/2019 1:00,0.781875661,0.256990102
12/20/2019 2:00,0.83868485,0.275662379
12/20/2019 3:00,0.869066108,0.285648216
12/20/2019 4:00,0.818630835,0.269070943
12/20/2019 5:00,0.748697348,0.246084918
12/20/2019 6:00,0.706400017,0.232182458
12/20/2019 7:00,0.754743792,0.248072288
12/20/2019 8:00,0.743851107,0.244492036
12/20/2019 9:00,0.700551091,0.230260009
12/20/2019 10:00,0.701690069,0.230634372
12/20/2019 11:00,0.703433177,0.231207304
12/20/2019 12:00,0.545440104,0.179277492
12/20/2019 13:00,0.414279907,0.13616722
12/20/2019 14:00,0.313911565,0.103177742
12/20/2019 15:00,0.270791364,0.089004817
12/20/2019 16:00,0.22523499,0.074031161
12/20/2019 17:00,0.106591593,0.035034963
12/20/2019 18:00,0.04795306,0.015761409
12/20/2019 19:00,0.003680235,0.001209635
12/20/2019 20:00,0,0
12/20/2019 21:00,0.016420224,0.005397066
12/20/2019 22:00,0,0
12/20/2019 23:00,0.024539142,0.008065626
12/21/2019 0:00,0.04772212,0.015685502
12/21/2019 1:00,0.139882864,0.045977274
12/21/2019 2:00,0.340142771,0.111799522
12/21/2019 3:00,0.510129951,0.167671607
12/21/2019 4:00,0.58899434,0.193593078
12/21/2019 5:00,0.626511238,0.205924286
12/21/2019 6:00,0.605311986,0.198956428
12/21/2019 7:00,0.589326716,0.193702324
12/21/2019 8:00,0.591488029,0.194412714
12/21/2019 9:00,0.611676866,0.201048463
12/21/2019 10:00,0.6105152,0.200666642
12/21/2019 11:00,0.557830833,0.183350128
12/21/2019 12:00,0.471136775,0.154855169
12/21/2019 13:00,0.365911241,0.120269209
12/21/2019 14:00,0.276689499,0.09094344
12/21/2019 15:00,0.268408826,0.088221715
12/21/2019 16:00,0.310268191,0.101980223
12/21/2019 17:00,0.265857691,0.087383197
12/21/2019 18:00,0.18627627,0.061226049
12/21/2019 19:00,0.139709955,0.045920442
12/21/2019 20:00,0.134172438,0.044100348
12/21/2019 21:00,0.132329411,0.043494574
12/21/2019 22:00,0.102806283,0.033790791
12/21/2019 23:00,0.078230476,0.025713114
12/22/2019 0:00,0.057696193,0.018963822
12/22/2019 1:00,0.038756171,0.012738537
12/22/2019 2:00,0.023988919,0.007884776
12/22/2019 3:00,0.018332112,0.006025474
12/22/2019 4:00,0.014736762,0.004843739
12/22/2019 5:00,0.009488692,0.003118782
12/22/2019 6:00,0.001112137,0.000365542
12/22/2019 7:00,0,0
12/22/2019 8:00,0,0
12/22/2019 9:00,0,0
12/22/2019 10:00,0,0
12/22/2019 11:00,0,0
12/22/2019 12:00,0.00463199,0.001522461
12/22/2019 13:00,0.010639162,0.003496923
12/22/2019 14:00,0.015191696,0.004993269
12/22/2019 15:00,0.017040799,0.00560104
12/22/2019 16:00,0.013163536,0.004326645
12/22/2019 17:00,0.00603422,0.001983352
12/22/2019 18:00,0.000184593,6.07E-05
12/22/2019 19:00,8.68E-05,2.85E-05
12/22/2019 20:00,0,0
12/22/2019 21:00,0,0
12/22/2019 22:00,0,0
12/22/2019 23:00,0,0
12/23/2019 0:00,0,0
12/23/2019 1:00,0,0
12/23/2019 2:00,0,0
12/23/2019 3:00,7.05E-05,2.32E-05
12/23/2019 4:00,0.015596352,0.005126273
12/23/2019 5:00,0.020129098,0.006616115
12/23/2019 6:00,0.01654613,0.00543845
12/23/2019 7:00,0.005211487,0.001712933
12/23/2019 8:00,0,0
12/23/2019 9:00,0,0
12/23/2019 10:00,0,0
12/23/2019 11:00,0,0
12/23/2019 12:00,0,0
12/23/2019 13:00,0,0
12/23/2019 14:00,0,0
12/23/2019 15:00,0,0
12/23/2019 16:00,0,0
12/23/2019 17:00,0,0
12/23/2019 18:00,0,0
12/23/2019 19:00,0,0
12/23/2019 20:00,0,0
12/23/2019 21:00,0,0
12/23/2019 22:00,0,0
12/23/2019 23:00,0,0
12/24/2019 0:00,0,0
12/24/2019 1:00,0,0
12/24/2019 2:00,0,0
12/24/2019 3:00,0,0
12/24/2019 4:00,0,0
12/24/2019 5:00,0,0
12/24/2019 6:00,0,0
12/24/2019 7:00,0,0
12/24/2019 8:00,0,0
12/24/2019 9:00,0,0
12/24/2019 10:00,0,0
12/24/2019 11:00,0,0
12/24/2019 12:00,0,0
12/24/2019 13:00,0,0
12/24/2019 14:00,0,0
12/24/2019 15:00,0,0
12/24/2019 16:00,0,0
12/24/2019 17:00,0,0
12/24/2019 18:00,0,0
12/24/2019 19:00,0.007176085,0.002358665
12/24/2019 20:00,0.019781771,0.006501954
12/24/2019 21:00,0.037703567,0.012392563
12/24/2019 22:00,0.018972381,0.00623592
12/24/2019 23:00,0.016976396,0.005579872
12/25/2019 0:00,0.019436733,0.006388545
12/25/2019 1:00,0.038222676,0.012563186
12/25/2019 2:00,0.060194629,0.019785018
12/25/2019 3:00,0.048965559,0.016094201
12/25/2019 4:00,0.049602408,0.016303523
12/25/2019 5:00,0.074128131,0.024364738
12/25/2019 6:00,0.093084677,0.030595454
12/25/2019 7:00,0.086497354,0.028430305
12/25/2019 8:00,0.077984918,0.025632403
12/25/2019 9:00,0.07146795,0.023490379
12/25/2019 10:00,0.059000322,0.019392468
12/25/2019 11:00,0.046287052,0.015213818
12/25/2019 12:00,0.047804313,0.015712518
12/25/2019 13:00,0.048293337,0.015873252
12/25/2019 14:00,0.039457279,0.01296898
12/25/2019 15:00,0.016809652,0.005525065
12/25/2019 16:00,0.003783731,0.001243652
12/25/2019 17:00,0,0
12/25/2019 18:00,0,0
12/25/2019 19:00,0,0
12/25/2019 20:00,0,0
12/25/2019 21:00,0,0
12/25/2019 22:00,0,0
12/25/2019 23:00,0,0
12/26/2019 0:00,0.004140103,0.001360786
12/26/2019 1:00,0.014843662,0.004878876
12/26/2019 2:00,0.026484046,0.008704885
12/26/2019 3:00,0.040791897,0.013407648
12/26/2019 4:00,0.097284081,0.031975731
12/26/2019 5:00,0.211041693,0.06936605
12/26/2019 6:00,0.339893984,0.11171775
12/26/2019 7:00,0.447352507,0.147037659
12/26/2019 8:00,0.49243945,0.16185702
12/26/2019 9:00,0.583000283,0.191622926
12/26/2019 10:00,0.570098175,0.187382208
12/26/2019 11:00,0.587311282,0.193039883
12/26/2019 12:00,0.605651853,0.199068137
12/26/2019 13:00,0.622968691,0.204759907
12/26/2019 14:00,0.662569803,0.217776163
12/26/2019 15:00,0.732872476,0.240883534
12/26/2019 16:00,0.748525235,0.246028347
12/26/2019 17:00,0.725433572,0.238438485
12/26/2019 18:00,0.733555932,0.241108175
12/26/2019 19:00,0.768103219,0.252463319
12/26/2019 20:00,0.77782902,0.255660035
12/26/2019 21:00,0.763390345,0.250914273
12/26/2019 22:00,0.769663864,0.252976278
12/26/2019 23:00,0.821058158,0.269868766
12/27/2019 0:00,0.810263404,0.266320702
12/27/2019 1:00,0.786611517,0.258546703
12/27/2019 2:00,0.843700433,0.277310922
12/27/2019 3:00,0.860083092,0.282695642
12/27/2019 4:00,0.871346359,0.286397698
12/27/2019 5:00,0.894038689,0.293856307
12/27/2019 6:00,0.900624672,0.296021014
12/27/2019 7:00,0.905996736,0.297786726
12/27/2019 8:00,0.906321613,0.297893508
12/27/2019 9:00,0.907614231,0.298318371
12/27/2019 10:00,0.908156661,0.29849666
12/27/2019 11:00,0.900530796,0.295990159
12/27/2019 12:00,0.900124915,0.295856752
12/27/2019 13:00,0.893109416,0.293550869
12/27/2019 14:00,0.889822596,0.292470544
12/27/2019 15:00,0.881837296,0.289845902
12/27/2019 16:00,0.866901376,0.284936703
12/27/2019 17:00,0.822906625,0.270476328
12/27/2019 18:00,0.768168416,0.252484749
12/27/2019 19:00,0.679596243,0.223372483
12/27/2019 20:00,0.591051683,0.194269294
12/27/2019 21:00,0.477758374,0.157031584
12/27/2019 22:00,0.315250052,0.103617681
12/27/2019 23:00,0.279196859,0.09176757
12/28/2019 0:00,0.295253968,0.097045286
12/28/2019 1:00,0.325820658,0.107092071
12/28/2019 2:00,0.357064986,0.117361585
12/28/2019 3:00,0.388475448,0.127685705
12/28/2019 4:00,0.361342841,0.118767648
12/28/2019 5:00,0.546745231,0.179706467
12/28/2019 6:00,0.680429858,0.223646479
12/28/2019 7:00,0.749969368,0.24650301
12/28/2019 8:00,0.695582149,0.228626796
12/28/2019 9:00,0.656760902,0.21586687
12/28/2019 10:00,0.69224233,0.227529051
12/28/2019 11:00,0.618326311,0.20323403
12/28/2019 12:00,0.55250436,0.181599401
12/28/2019 13:00,0.494573323,0.16255839
12/28/2019 14:00,0.482953392,0.158739104
12/28/2019 15:00,0.495982033,0.163021411
12/28/2019 16:00,0.47800669,0.157113201
12/28/2019 17:00,0.461531425,0.151698043
12/28/2019 18:00,0.515029953,0.169282159
12/28/2019 19:00,0.57775322,0.1898983
12/28/2019 20:00,0.637424449,0.209511285
12/28/2019 21:00,0.698703072,0.229652594
12/28/2019 22:00,0.731403167,0.240400595
12/28/2019 23:00,0.748685266,0.246080947
12/29/2019 0:00,0.755980439,0.248478754
12/29/2019 1:00,0.817830858,0.268808004
12/29/2019 2:00,0.857322586,0.281788307
12/29/2019 3:00,0.866638065,0.284850157
12/29/2019 4:00,0.882699071,0.290129154
12/29/2019 5:00,0.882709756,0.290132666
12/29/2019 6:00,0.873880512,0.287230634
12/29/2019 7:00,0.86352895,0.28382824
12/29/2019 8:00,0.845857551,0.278019932
12/29/2019 9:00,0.824954446,0.271149414
12/29/2019 10:00,0.795764121,0.261555018
12/29/2019 11:00,0.766197624,0.25183698
12/29/2019 12:00,0.747975333,0.245847603
12/29/2019 13:00,0.713315603,0.234455501
12/29/2019 14:00,0.680423892,0.223644518
12/29/2019 15:00,0.609381066,0.20029387
12/29/2019 16:00,0.542530612,0.178321189
12/29/2019 17:00,0.517741404,0.17017337
12/29/2019 18:00,0.536842551,0.176451613
12/29/2019 19:00,0.626864473,0.206040388
12/29/2019 20:00,0.662260468,0.217674489
12/29/2019 21:00,0.720852097,0.236932627
12/29/2019 22:00,0.70450261,0.23155881
12/29/2019 23:00,0.713520829,0.234522955
12/30/2019 0:00,0.787188568,0.25873637
12/30/2019 1:00,0.817810214,0.268801218
12/30/2019 2:00,0.818838215,0.269139106
12/30/2019 3:00,0.813834656,0.267494516
12/30/2019 4:00,0.806347719,0.265033678
12/30/2019 5:00,0.820877638,0.269809432
12/30/2019 6:00,0.788289647,0.259098277
12/30/2019 7:00,0.781372898,0.256824852
12/30/2019 8:00,0.798677574,0.262512624
12/30/2019 9:00,0.798367099,0.262410576
12/30/2019 10:00,0.803362933,0.264052627
12/30/2019 11:00,0.834364681,0.274242409
12/30/2019 12:00,0.864068982,0.28400574
12/30/2019 13:00,0.895852597,0.294452509
12/30/2019 14:00,0.90847924,0.298602686
12/30/2019 15:00,0.908806128,0.298710129
12/30/2019 16:00,0.91,0.299102536
12/30/2019 17:00,0.907990472,0.298442036
12/30/2019 18:00,0.90743051,0.298257985
12/30/2019 19:00,0.899573404,0.295675479
12/30/2019 20:00,0.870507935,0.286122122
12/30/2019 21:00,0.843390298,0.277208985
12/30/2019 22:00,0.806089395,0.264948772
12/30/2019 23:00,0.707389262,0.232507607
12/31/2019 0:00,0.652941691,0.214611555
12/31/2019 1:00,0.552079032,0.181459603
12/31/2019 2:00,0.362850628,0.119263234
12/31/2019 3:00,0.330742104,0.108709673
12/31/2019 4:00,0.18663386,0.061343583
12/31/2019 5:00,0.132193128,0.04344978
12/31/2019 6:00,0.098408402,0.032345277
12/31/2019 7:00,0.143743423,0.047246178
12/31/2019 8:00,0.23029702,0.07569497
12/31/2019 9:00,0.269290944,0.088511653
12/31/2019 10:00,0.259456476,0.08527922
12/31/2019 11:00,0.255138818,0.083860074
12/31/2019 12:00,0.255915762,0.084115443
12/31/2019 13:00,0.244564744,0.080384544
12/31/2019 14:00,0.248794629,0.08177484
12/31/2019 15:00,0.277352339,0.091161305
12/31/2019 16:00,0.268292199,0.088183382
12/31/2019 17:00,0.235482657,0.077399406
12/31/2019 18:00,0.202015042,0.066399133
12/31/2019 19:00,0.223247434,0.073377883
12/31/2019 20:00,0.233846958,0.076861778
12/31/2019 21:00,0.242267379,0.079629437
12/31/2019 22:00,0.171178916,0.056263789
12/31/2019 23:00,0.229263074,0.075355128
