DateTime,ActivePower,ReactivePower
01/01/2019 00:00,0.91,0.299102536
01/01/2019 01:00,0.91,0.299102536
01/01/2019 02:00,0.91,0.299102536
01/01/2019 03:00,0.91,0.299102536
01/01/2019 04:00,0.91,0.299102536
01/01/2019 05:00,0.91,0.299102536
01/01/2019 06:00,0.91,0.299102536
01/01/2019 07:00,0.91,0.299102536
01/01/2019 08:00,0.91,0.299102536
01/01/2019 09:00,0.91,0.299102536
01/01/2019 10:00,0.907243549,0.298196534
01/01/2019 11:00,0.898119309,0.295197541
01/01/2019 12:00,0.88175499,0.28981885
01/01/2019 13:00,0.871914506,0.286584439
01/01/2019 14:00,0.857600828,0.281879761
01/01/2019 15:00,0.836449435,0.274927634
01/01/2019 16:00,0.787344043,0.258787472
01/01/2019 17:00,0.717250641,0.235748885
01/01/2019 18:00,0.640008047,0.210360472
01/01/2019 19:00,0.583904825,0.191920235
01/01/2019 20:00,0.520775004,0.171170466
01/01/2019 21:00,0.445142203,0.146311167
01/01/2019 22:00,0.381875464,0.125516395
01/01/2019 23:00,0.281361271,0.092478978
01/02/2019 00:00,0.207953211,0.068350915
01/02/2019 01:00,0.155116344,0.050984277
01/02/2019 02:00,0.129255011,0.042484068
01/02/2019 03:00,0.115709366,0.038031829
01/02/2019 04:00,0.101160091,0.033249714
01/02/2019 05:00,0.086371565,0.028388961
01/02/2019 06:00,0.067726272,0.022260549
01/02/2019 07:00,0.053837482,0.017695525
01/02/2019 08:00,0.0465278,0.015292948
01/02/2019 09:00,0.041853984,0.013756739
01/02/2019 10:00,0.035698246,0.011733446
01/02/2019 11:00,0.043906687,0.01443143
01/02/2019 12:00,0.061976152,0.020370576
01/02/2019 13:00,0.067952907,0.02233504
01/02/2019 14:00,0.062811089,0.020645007
01/02/2019 15:00,0.058575581,0.019252862
01/02/2019 16:00,0.057448958,0.018882559
01/02/2019 17:00,0.04321655,0.014204593
01/02/2019 18:00,0.040827572,0.013419374
01/02/2019 19:00,0.046782791,0.01537676
01/02/2019 20:00,0.063138834,0.020752731
01/02/2019 21:00,0.075040741,0.024664699
01/02/2019 22:00,0.034893816,0.011469043
01/02/2019 23:00,0.043659302,0.014350119
01/03/2019 00:00,0.058424899,0.019203336
01/03/2019 01:00,0.054421994,0.017887644
01/03/2019 02:00,0.038016399,0.012495386
01/03/2019 03:00,0.033242303,0.010926216
01/03/2019 04:00,0.03030248,0.009959943
01/03/2019 05:00,0.034896456,0.01146991
01/03/2019 06:00,0.052096982,0.01712345
01/03/2019 07:00,0.084138566,0.027655009
01/03/2019 08:00,0.104303812,0.034283005
01/03/2019 09:00,0.1272833,0.041835998
01/03/2019 10:00,0.146803904,0.04825211
01/03/2019 11:00,0.168853603,0.055499495
01/03/2019 12:00,0.198221372,0.065152214
01/03/2019 13:00,0.220008147,0.072313181
01/03/2019 14:00,0.221662338,0.072856887
01/03/2019 15:00,0.208183943,0.068426753
01/03/2019 16:00,0.198559583,0.065263379
01/03/2019 17:00,0.216177893,0.071054237
01/03/2019 18:00,0.256435316,0.084286212
01/03/2019 19:00,0.380588221,0.125093299
01/03/2019 20:00,0.487493016,0.160231206
01/03/2019 21:00,0.474505405,0.155962385
01/03/2019 22:00,0.526616975,0.173090629
01/03/2019 23:00,0.515360953,0.169390954
01/04/2019 00:00,0.544733905,0.179045376
01/04/2019 01:00,0.5250871,0.172587784
01/04/2019 02:00,0.561790794,0.184651704
01/04/2019 03:00,0.618659348,0.203343494
01/04/2019 04:00,0.685165099,0.225202877
01/04/2019 05:00,0.743110915,0.244248746
01/04/2019 06:00,0.771443928,0.253561357
01/04/2019 07:00,0.759447683,0.249618382
01/04/2019 08:00,0.772030732,0.25375423
01/04/2019 09:00,0.777524417,0.255559917
01/04/2019 10:00,0.783292801,0.257455893
01/04/2019 11:00,0.81482025,0.267818465
01/04/2019 12:00,0.827648726,0.272034981
01/04/2019 13:00,0.821591296,0.270044
01/04/2019 14:00,0.775456181,0.254880121
01/04/2019 15:00,0.713316601,0.234455829
01/04/2019 16:00,0.715810484,0.235275528
01/04/2019 17:00,0.735155477,0.24163392
01/04/2019 18:00,0.685302605,0.225248074
01/04/2019 19:00,0.70982314,0.233307583
01/04/2019 20:00,0.672118828,0.220914776
01/04/2019 21:00,0.623736025,0.205012117
01/04/2019 22:00,0.618243052,0.203206664
01/04/2019 23:00,0.605937668,0.19916208
01/05/2019 00:00,0.586268832,0.192697246
01/05/2019 01:00,0.523706329,0.172133946
01/05/2019 02:00,0.536938865,0.17648327
01/05/2019 03:00,0.541485996,0.17797784
01/05/2019 04:00,0.539590244,0.177354737
01/05/2019 05:00,0.459332799,0.15097539
01/05/2019 06:00,0.436739781,0.143549424
01/05/2019 07:00,0.453181379,0.148953516
01/05/2019 08:00,0.448102595,0.1472842
01/05/2019 09:00,0.455773541,0.149805519
01/05/2019 10:00,0.443718522,0.145843225
01/05/2019 11:00,0.526641381,0.173098651
01/05/2019 12:00,0.481771603,0.158350668
01/05/2019 13:00,0.434522906,0.142820773
01/05/2019 14:00,0.430248058,0.141415698
01/05/2019 15:00,0.433597373,0.142516565
01/05/2019 16:00,0.448350444,0.147365665
01/05/2019 17:00,0.358945953,0.117979829
01/05/2019 18:00,0.296406155,0.097423992
01/05/2019 19:00,0.278092018,0.091404426
01/05/2019 20:00,0.222601351,0.073165526
01/05/2019 21:00,0.237699045,0.078127898
01/05/2019 22:00,0.265548773,0.087281661
01/05/2019 23:00,0.318642573,0.104732749
01/06/2019 00:00,0.417955647,0.137375378
01/06/2019 01:00,0.539043683,0.177175091
01/06/2019 02:00,0.54097,0.17780824
01/06/2019 03:00,0.53588623,0.176137286
01/06/2019 04:00,0.512327828,0.168394014
01/06/2019 05:00,0.399977252,0.131466165
01/06/2019 06:00,0.390071555,0.12821032
01/06/2019 07:00,0.302911351,0.099562146
01/06/2019 08:00,0.224811424,0.073891942
01/06/2019 09:00,0.177494583,0.058339648
01/06/2019 10:00,0.152245065,0.050040533
01/06/2019 11:00,0.137174684,0.045087138
01/06/2019 12:00,0.127487812,0.041903217
01/06/2019 13:00,0.130586059,0.042921562
01/06/2019 14:00,0.084939599,0.027918296
01/06/2019 15:00,0.039060299,0.0128385
01/06/2019 16:00,0.029907292,0.009830051
01/06/2019 17:00,0.000284827,9.36E-05
01/06/2019 18:00,0,0
01/06/2019 19:00,0,0
01/06/2019 20:00,0,0
01/06/2019 21:00,0.022945942,0.007541966
01/06/2019 22:00,0.129045333,0.04241515
01/06/2019 23:00,0.420610201,0.138247888
01/07/2019 00:00,0.65526765,0.215376061
01/07/2019 01:00,0.770245933,0.253167595
01/07/2019 02:00,0.810695371,0.266462683
01/07/2019 03:00,0.8237908,0.270766942
01/07/2019 04:00,0.841530124,0.276597576
01/07/2019 05:00,0.843261996,0.277166815
01/07/2019 06:00,0.890374432,0.292651923
01/07/2019 07:00,0.91,0.299102536
01/07/2019 08:00,0.91,0.299102536
01/07/2019 09:00,0.91,0.299102536
01/07/2019 10:00,0.91,0.299102536
01/07/2019 11:00,0.91,0.299102536
01/07/2019 12:00,0,0
01/07/2019 13:00,0,0
01/07/2019 14:00,0.91,0.299102536
01/07/2019 15:00,0,0
01/07/2019 16:00,0,0
01/07/2019 17:00,0,0
01/07/2019 18:00,0,0
01/07/2019 19:00,0,0
01/07/2019 20:00,0.91,0.299102536
01/07/2019 21:00,0.91,0.299102536
01/07/2019 22:00,0.91,0.299102536
01/07/2019 23:00,0.91,0.299102536
01/08/2019 00:00,0.91,0.299102536
01/08/2019 01:00,0.91,0.299102536
01/08/2019 02:00,0.91,0.299102536
01/08/2019 03:00,0.91,0.299102536
01/08/2019 04:00,0.91,0.299102536
01/08/2019 05:00,0.91,0.299102536
01/08/2019 06:00,0.909426923,0.298914174
01/08/2019 07:00,0.906572073,0.29797583
01/08/2019 08:00,0.906779224,0.298043918
01/08/2019 09:00,0.904183791,0.29719084
01/08/2019 10:00,0.900725247,0.296054072
01/08/2019 11:00,0.901701408,0.29637492
01/08/2019 12:00,0.905241987,0.297538652
01/08/2019 13:00,0.899114109,0.295524516
01/08/2019 14:00,0.871158604,0.286335986
01/08/2019 15:00,0.848124019,0.278764884
01/08/2019 16:00,0.79492504,0.261279225
01/08/2019 17:00,0.775885866,0.255021351
01/08/2019 18:00,0.739955813,0.243211714
01/08/2019 19:00,0.689322064,0.226569206
01/08/2019 20:00,0.62025547,0.203868114
01/08/2019 21:00,0.511884115,0.168248172
01/08/2019 22:00,0.490152905,0.161105469
01/08/2019 23:00,0.390146027,0.128234798
01/09/2019 00:00,0.34390728,0.113036856
01/09/2019 01:00,0.327537678,0.107656429
01/09/2019 02:00,0.29426065,0.096718798
01/09/2019 03:00,0.200987647,0.066061445
01/09/2019 04:00,0.150343975,0.049415675
01/09/2019 05:00,0.128350882,0.042186895
01/09/2019 06:00,0.10999452,0.03615345
01/09/2019 07:00,0.080885485,0.026585773
01/09/2019 08:00,0.050823783,0.01670497
01/09/2019 09:00,0.022630729,0.007438361
01/09/2019 10:00,0,0
01/09/2019 11:00,0,0
01/09/2019 12:00,0.018806767,0.006181485
01/09/2019 13:00,0.087137181,0.028640606
01/09/2019 14:00,0.208344985,0.068479685
01/09/2019 15:00,0.294350978,0.096748488
01/09/2019 16:00,0.297552914,0.097800913
01/09/2019 17:00,0.287877673,0.094620815
01/09/2019 18:00,0.37969545,0.124799859
01/09/2019 19:00,0.537770696,0.17675668
01/09/2019 20:00,0.569445927,0.187167825
01/09/2019 21:00,0.629746412,0.206987636
01/09/2019 22:00,0.603101462,0.198229864
01/09/2019 23:00,0.62974951,0.206988654
01/10/2019 00:00,0.722153913,0.237360513
01/10/2019 01:00,0.77026623,0.253174267
01/10/2019 02:00,0.775190865,0.254792916
01/10/2019 03:00,0.785854346,0.258297833
01/10/2019 04:00,0.769456049,0.252907973
01/10/2019 05:00,0.76318806,0.250847785
01/10/2019 06:00,0.779033188,0.256055826
01/10/2019 07:00,0.805354825,0.26470733
01/10/2019 08:00,0.802729005,0.263844265
01/10/2019 09:00,0.794318943,0.261080011
01/10/2019 10:00,0.798044021,0.262304385
01/10/2019 11:00,0.767635073,0.252309447
01/10/2019 12:00,0.776970907,0.255377987
01/10/2019 13:00,0.839891994,0.276059148
01/10/2019 14:00,0.874808966,0.287535802
01/10/2019 15:00,0.888695429,0.292100062
01/10/2019 16:00,0.895625981,0.294378024
01/10/2019 17:00,0.884372765,0.290679271
01/10/2019 18:00,0.872232415,0.286688931
01/10/2019 19:00,0.87029201,0.286051151
01/10/2019 20:00,0.870024926,0.285963364
01/10/2019 21:00,0.869627835,0.285832847
01/10/2019 22:00,0.886924405,0.291517954
01/10/2019 23:00,0.890582814,0.292720415
01/11/2019 00:00,0.888110202,0.291907707
01/11/2019 01:00,0.887467932,0.291696603
01/11/2019 02:00,0.878520066,0.288755582
01/11/2019 03:00,0.863773672,0.283908676
01/11/2019 04:00,0.847455818,0.278545257
01/11/2019 05:00,0.805296243,0.264688075
01/11/2019 06:00,0.719880709,0.236613347
01/11/2019 07:00,0.600960316,0.197526104
01/11/2019 08:00,0.486455345,0.15989014
01/11/2019 09:00,0.428506358,0.140843229
01/11/2019 10:00,0.494123164,0.16241043
01/11/2019 11:00,0.443679664,0.145830453
01/11/2019 12:00,0.431022253,0.141670164
01/11/2019 13:00,0.462912863,0.1521521
01/11/2019 14:00,0.504810761,0.165923273
01/11/2019 15:00,0.513251711,0.168697679
01/11/2019 16:00,0.522757264,0.171822004
01/11/2019 17:00,0.530368709,0.174323765
01/11/2019 18:00,0.512340977,0.168398335
01/11/2019 19:00,0.566089966,0.186064774
01/11/2019 20:00,0.466195839,0.153231162
01/11/2019 21:00,0.543952446,0.178788523
01/11/2019 22:00,0.716846724,0.235616124
01/11/2019 23:00,0.853224215,0.280441238
01/12/2019 00:00,0.91,0.299102536
01/12/2019 01:00,0.905169681,0.297514887
01/12/2019 02:00,0.89725879,0.294914703
01/12/2019 03:00,0.906470913,0.297942581
01/12/2019 04:00,0.908344083,0.298558262
01/12/2019 05:00,0.909419327,0.298911678
01/12/2019 06:00,0.91,0.299102536
01/12/2019 07:00,0.91,0.299102536
01/12/2019 08:00,0.908085329,0.298473214
01/12/2019 09:00,0.91,0.299102536
01/12/2019 10:00,0.91,0.299102536
01/12/2019 11:00,0.91,0.299102536
01/12/2019 12:00,0.91,0.299102536
01/12/2019 13:00,0.91,0.299102536
01/12/2019 14:00,0.907184993,0.298177288
01/12/2019 15:00,0.872446186,0.286759194
01/12/2019 16:00,0.816598817,0.268403052
01/12/2019 17:00,0.755481759,0.248314846
01/12/2019 18:00,0.715740266,0.235252449
01/12/2019 19:00,0.665623906,0.218779998
01/12/2019 20:00,0.859439746,0.282484184
01/12/2019 21:00,0.909359099,0.298891882
01/12/2019 22:00,0.909117156,0.298812359
01/12/2019 23:00,0.91,0.299102536
1/13/2019 0:00,0.91,0.299102536
1/13/2019 1:00,0.91,0.299102536
1/13/2019 2:00,0.91,0.299102536
1/13/2019 3:00,0.91,0.299102536
1/13/2019 4:00,0.91,0.299102536
1/13/2019 5:00,0.91,0.299102536
1/13/2019 6:00,0.91,0.299102536
1/13/2019 7:00,0.91,0.299102536
1/13/2019 8:00,0.91,0.299102536
1/13/2019 9:00,0.91,0.299102536
1/13/2019 10:00,0.91,0.299102536
1/13/2019 11:00,0.906811703,0.298054593
1/13/2019 12:00,0.859633513,0.282547872
1/13/2019 13:00,0.670979918,0.220540434
1/13/2019 14:00,0.23639478,0.077699207
1/13/2019 15:00,0.157661624,0.05182087
1/13/2019 16:00,0.460118072,0.151233497
1/13/2019 17:00,0.691116298,0.227158942
1/13/2019 18:00,0.73988715,0.243189146
1/13/2019 19:00,0.738838452,0.242844455
1/13/2019 20:00,0.594477958,0.195395456
1/13/2019 21:00,0.439275464,0.144382863
1/13/2019 22:00,0.750689894,0.246739836
1/13/2019 23:00,0.788889548,0.259295455
1/14/2019 0:00,0.776354491,0.255175381
1/14/2019 1:00,0.831919263,0.273438639
1/14/2019 2:00,0.855625682,0.281230562
1/14/2019 3:00,0.853363793,0.280487115
1/14/2019 4:00,0.803976192,0.264254195
1/14/2019 5:00,0.673117726,0.221243097
1/14/2019 6:00,0.465861118,0.153121145
1/14/2019 7:00,0.3231703,0.106220941
1/14/2019 8:00,0.279303011,0.09180246
1/14/2019 9:00,0.309746942,0.101808896
1/14/2019 10:00,0.240985278,0.07920803
1/14/2019 11:00,0.675855253,0.222142879
1/14/2019 12:00,0.823321052,0.270612543
1/14/2019 13:00,0.730700597,0.240169672
1/14/2019 14:00,0.82968674,0.272704844
1/14/2019 15:00,0.874302243,0.287369251
1/14/2019 16:00,0.842132647,0.276795616
1/14/2019 17:00,0.675578786,0.222052009
1/14/2019 18:00,0.2915823,0.095838467
1/14/2019 19:00,0.103462394,0.034006444
1/14/2019 20:00,0.049877964,0.016394094
1/14/2019 21:00,0.318020412,0.104528254
1/14/2019 22:00,0.850740625,0.279624921
1/14/2019 23:00,0.91,0.299102536
1/15/2019 0:00,0.91,0.299102536
1/15/2019 1:00,0.91,0.299102536
1/15/2019 2:00,0.91,0.299102536
1/15/2019 3:00,0.91,0.299102536
1/15/2019 4:00,0.91,0.299102536
1/15/2019 5:00,0.908627401,0.298651384
1/15/2019 6:00,0.905367039,0.297579755
1/15/2019 7:00,0.899797725,0.29574921
1/15/2019 8:00,0.894147802,0.29389217
1/15/2019 9:00,0.876203151,0.287994049
1/15/2019 10:00,0.848057785,0.278743114
1/15/2019 11:00,0.74624093,0.245277532
1/15/2019 12:00,0.547588554,0.179983654
1/15/2019 13:00,0.36946085,0.121435909
1/15/2019 14:00,0.200477721,0.06589384
1/15/2019 15:00,0.055778776,0.018333597
1/15/2019 16:00,0,0
1/15/2019 17:00,0.032721919,0.010755175
1/15/2019 18:00,0.164790896,0.054164148
1/15/2019 19:00,0.236982086,0.077892245
1/15/2019 20:00,0.540736199,0.177731394
1/15/2019 21:00,0.812833142,0.267165334
1/15/2019 22:00,0.908557448,0.298628392
1/15/2019 23:00,0.91,0.299102536
1/16/2019 0:00,0.91,0.299102536
1/16/2019 1:00,0.91,0.299102536
1/16/2019 2:00,0.91,0.299102536
1/16/2019 3:00,0.91,0.299102536
1/16/2019 4:00,0.897009475,0.294832757
1/16/2019 5:00,0.790330793,0.259769169
1/16/2019 6:00,0.542683039,0.178371289
1/16/2019 7:00,0.312291159,0.10264514
1/16/2019 8:00,0.154986099,0.050941467
1/16/2019 9:00,0.073673723,0.024215382
1/16/2019 10:00,0.076138724,0.025025588
1/16/2019 11:00,0.050710403,0.016667703
1/16/2019 12:00,0.043044875,0.014148166
1/16/2019 13:00,0.046102316,0.015153099
1/16/2019 14:00,0.101980587,0.033519398
1/16/2019 15:00,0.356461696,0.117163293
1/16/2019 16:00,0.782188654,0.257092978
1/16/2019 17:00,0.87329095,0.287036854
1/16/2019 18:00,0.867121352,0.285009006
1/16/2019 19:00,0.868962993,0.285614324
1/16/2019 20:00,0.894778847,0.294099585
1/16/2019 21:00,0.899057992,0.295506071
1/16/2019 22:00,0.908884013,0.298735728
1/16/2019 23:00,0.91,0.299102536
1/17/2019 0:00,0.91,0.299102536
1/17/2019 1:00,0.91,0.299102536
1/17/2019 2:00,0.91,0.299102536
1/17/2019 3:00,0.91,0.299102536
1/17/2019 4:00,0.91,0.299102536
1/17/2019 5:00,0.91,0.299102536
1/17/2019 6:00,0.91,0.299102536
1/17/2019 7:00,0.908979041,0.298766963
1/17/2019 8:00,0.908629315,0.298652013
1/17/2019 9:00,0.905716912,0.297694753
1/17/2019 10:00,0.878144293,0.288632071
1/17/2019 11:00,0.783977257,0.257680863
1/17/2019 12:00,0.690980059,0.227114162
1/17/2019 13:00,0.638936684,0.210008332
1/17/2019 14:00,0.516268483,0.169689244
1/17/2019 15:00,0.383657434,0.1261021
1/17/2019 16:00,0.288346805,0.094775011
1/17/2019 17:00,0.209525616,0.06886774
1/17/2019 18:00,0.15760589,0.051802551
1/17/2019 19:00,0.115467575,0.037952356
1/17/2019 20:00,0.081363602,0.026742923
1/17/2019 21:00,0.049287488,0.016200014
1/17/2019 22:00,0.021446398,0.00704909
1/17/2019 23:00,0.007253429,0.002384087
1/18/2019 0:00,0,0
1/18/2019 1:00,0,0
1/18/2019 2:00,0,0
1/18/2019 3:00,0,0
1/18/2019 4:00,0,0
1/18/2019 5:00,0.015386539,0.005057311
1/18/2019 6:00,0.040905988,0.013445148
1/18/2019 7:00,0.071085251,0.023364592
1/18/2019 8:00,0.111359499,0.036602097
1/18/2019 9:00,0.165972552,0.05455254
1/18/2019 10:00,0.226419482,0.074420485
1/18/2019 11:00,0.30175028,0.099180521
1/18/2019 12:00,0.370747879,0.121858935
1/18/2019 13:00,0.429109844,0.141041585
1/18/2019 14:00,0.513220832,0.16868753
1/18/2019 15:00,0.55991355,0.184034684
1/18/2019 16:00,0.562165431,0.184774842
1/18/2019 17:00,0.532414616,0.174996222
1/18/2019 18:00,0.459621666,0.151070336
1/18/2019 19:00,0.373532204,0.122774098
1/18/2019 20:00,0.330931014,0.108771764
1/18/2019 21:00,0.322753028,0.10608379
1/18/2019 22:00,0.411526256,0.135262139
1/18/2019 23:00,0.346882277,0.114014691
1/19/2019 0:00,0.34596922,0.113714584
1/19/2019 1:00,0.381610865,0.125429426
1/19/2019 2:00,0.362306754,0.119084471
1/19/2019 3:00,0.3765747,0.123774118
1/19/2019 4:00,0.330831468,0.108739045
1/19/2019 5:00,0.283165951,0.093072147
1/19/2019 6:00,0.24765335,0.08139972
1/19/2019 7:00,0.197440294,0.064895486
1/19/2019 8:00,0.155640671,0.051156615
1/19/2019 9:00,0.159502842,0.052426049
1/19/2019 10:00,0.231515631,0.076095508
1/19/2019 11:00,0.245156024,0.080578888
1/19/2019 12:00,0.211674865,0.069574164
1/19/2019 13:00,0.181642736,0.05970308
1/19/2019 14:00,0.14768335,0.04854117
1/19/2019 15:00,0.131200076,0.04312338
1/19/2019 16:00,0.094427009,0.031036657
1/19/2019 17:00,0.073396254,0.024124182
1/19/2019 18:00,0.062211408,0.020447901
1/19/2019 19:00,0.057346562,0.018848904
1/19/2019 20:00,0.066749171,0.021939392
1/19/2019 21:00,0.066251347,0.021775765
1/19/2019 22:00,0.040017469,0.013153106
1/19/2019 23:00,0.039354996,0.012935362
1/20/2019 0:00,0.044055305,0.014480279
1/20/2019 1:00,0.052654926,0.017306837
1/20/2019 2:00,0.051822372,0.01703319
1/20/2019 3:00,0.054594808,0.017944446
1/20/2019 4:00,0.073496847,0.024157245
1/20/2019 5:00,0.108315657,0.035601635
1/20/2019 6:00,0.171004208,0.056206365
1/20/2019 7:00,0.238909754,0.078525839
1/20/2019 8:00,0.380769042,0.125152732
1/20/2019 9:00,0.48635958,0.159858663
1/20/2019 10:00,0.774520149,0.254572462
1/20/2019 11:00,0.799140302,0.262664715
1/20/2019 12:00,0.693754628,0.228026119
1/20/2019 13:00,0.777806647,0.255652682
1/20/2019 14:00,0.825002606,0.271165243
1/20/2019 15:00,0.807529855,0.265422228
1/20/2019 16:00,0.83401274,0.274126731
1/20/2019 17:00,0.844878183,0.277698029
1/20/2019 18:00,0.794617224,0.261178051
1/20/2019 19:00,0.740391228,0.243354828
1/20/2019 20:00,0.672791776,0.221135963
1/20/2019 21:00,0.601316451,0.19764316
1/20/2019 22:00,0.412282918,0.135510842
1/20/2019 23:00,0.321088126,0.105536563
1/21/2019 0:00,0.311780923,0.102477434
1/21/2019 1:00,0.35063192,0.115247139
1/21/2019 2:00,0.460146498,0.15124284
1/21/2019 3:00,0.544880177,0.179093453
1/21/2019 4:00,0.490992914,0.161381567
1/21/2019 5:00,0.502663255,0.165217422
1/21/2019 6:00,0.535166803,0.175900822
1/21/2019 7:00,0.52753241,0.173391518
1/21/2019 8:00,0.520061893,0.170936078
1/21/2019 9:00,0.617232475,0.202874504
1/21/2019 10:00,0.686707331,0.225709785
1/21/2019 11:00,0.742228335,0.243958656
1/21/2019 12:00,0.789754253,0.25957967
1/21/2019 13:00,0.812467374,0.267045112
1/21/2019 14:00,0.807922667,0.265551339
1/21/2019 15:00,0.814587874,0.267742086
1/21/2019 16:00,0.845756079,0.27798658
1/21/2019 17:00,0.882739725,0.290142516
1/21/2019 18:00,0.899076617,0.295512193
1/21/2019 19:00,0.909772467,0.299027749
1/21/2019 20:00,0.91,0.299102536
1/21/2019 21:00,0.90572884,0.297698673
1/21/2019 22:00,0.690126725,0.226833685
1/21/2019 23:00,0.384261111,0.12630052
1/22/2019 0:00,0.250731258,0.082411379
1/22/2019 1:00,0.248481144,0.081671802
1/22/2019 2:00,0.251661667,0.08271719
1/22/2019 3:00,0.224405129,0.073758399
1/22/2019 4:00,0.220424628,0.072450072
1/22/2019 5:00,0.288131221,0.094704153
1/22/2019 6:00,0.343541123,0.112916507
1/22/2019 7:00,0.259502572,0.085294371
1/22/2019 8:00,0.212343039,0.069793782
1/22/2019 9:00,0.18915489,0.062172206
1/22/2019 10:00,0.221683585,0.072863871
1/22/2019 11:00,0.202147922,0.066442809
1/22/2019 12:00,0.208440568,0.068511102
1/22/2019 13:00,0.213236036,0.070087296
1/22/2019 14:00,0.231574114,0.07611473
1/22/2019 15:00,0.246058691,0.080875581
1/22/2019 16:00,0.264085993,0.086800868
1/22/2019 17:00,0.275104672,0.090422533
1/22/2019 18:00,0.291236065,0.095724666
1/22/2019 19:00,0.304959665,0.100235395
1/22/2019 20:00,0.311447331,0.102367787
1/22/2019 21:00,0.299713643,0.098511111
1/22/2019 22:00,0.246247246,0.080937556
1/22/2019 23:00,0.197968621,0.065069139
1/23/2019 0:00,0.162784206,0.053504581
1/23/2019 1:00,0.153028993,0.050298198
1/23/2019 2:00,0.155822426,0.051216355
1/23/2019 3:00,0.167113483,0.054927546
1/23/2019 4:00,0.155571542,0.051133893
1/23/2019 5:00,0.161309559,0.053019888
1/23/2019 6:00,0.146364492,0.048107682
1/23/2019 7:00,0.129561055,0.042584659
1/23/2019 8:00,0.112061357,0.036832787
1/23/2019 9:00,0.096355726,0.031670596
1/23/2019 10:00,0.05386291,0.017703882
1/23/2019 11:00,0.060181646,0.019780751
1/23/2019 12:00,0.076367202,0.025100686
1/23/2019 13:00,0.080434787,0.026437636
1/23/2019 14:00,0.078771462,0.025890927
1/23/2019 15:00,0.068397989,0.022481332
1/23/2019 16:00,0.066540691,0.021870867
1/23/2019 17:00,0.050998394,0.016762362
1/23/2019 18:00,0.049210603,0.016174743
1/23/2019 19:00,0.050056527,0.016452785
1/23/2019 20:00,0.048939316,0.016085575
1/23/2019 21:00,0.043497835,0.014297047
1/23/2019 22:00,0.004697733,0.00154407
1/23/2019 23:00,0,0
1/24/2019 0:00,0,0
1/24/2019 1:00,0,0
1/24/2019 2:00,0,0
1/24/2019 3:00,0.006236333,0.002049784
1/24/2019 4:00,0.004817809,0.001583537
1/24/2019 5:00,0.004472346,0.001469989
1/24/2019 6:00,0.002400507,0.000789009
1/24/2019 7:00,0,0
1/24/2019 8:00,0,0
1/24/2019 9:00,0,0
1/24/2019 10:00,0,0
1/24/2019 11:00,0,0
1/24/2019 12:00,0.005640767,0.001854031
1/24/2019 13:00,0.013360887,0.004391511
1/24/2019 14:00,0.030034588,0.009871892
1/24/2019 15:00,0.036096863,0.011864465
1/24/2019 16:00,0.030704608,0.010092117
1/24/2019 17:00,0.037238658,0.012239755
1/24/2019 18:00,0.0612874,0.020144194
1/24/2019 19:00,0.127245047,0.041823425
1/24/2019 20:00,0.183547074,0.060329006
1/24/2019 21:00,0.242983874,0.079864937
1/24/2019 22:00,0.319297729,0.104948088
1/24/2019 23:00,0.432535076,0.142167405
1/25/2019 0:00,0.55799018,0.183402503
1/25/2019 1:00,0.658648414,0.216487265
1/25/2019 2:00,0.654626818,0.21516543
1/25/2019 3:00,0.510061882,0.167649233
1/25/2019 4:00,0.607078842,0.199537166
1/25/2019 5:00,0.836012267,0.274783944
1/25/2019 6:00,0.861413816,0.283133029
1/25/2019 7:00,0.845798102,0.278000392
1/25/2019 8:00,0.850967308,0.279699428
1/25/2019 9:00,0.870730707,0.286195343
1/25/2019 10:00,0.885760488,0.291135393
1/25/2019 11:00,0.881528488,0.289744402
1/25/2019 12:00,0.909963523,0.299090546
1/25/2019 13:00,0.91,0.299102536
1/25/2019 14:00,0.91,0.299102536
1/25/2019 15:00,0.91,0.299102536
1/25/2019 16:00,0.91,0.299102536
1/25/2019 17:00,0.91,0.299102536
1/25/2019 18:00,0.909226177,0.298848192
1/25/2019 19:00,0.890960174,0.292844447
1/25/2019 20:00,0.856884786,0.281644409
1/25/2019 21:00,0.80581641,0.264859046
1/25/2019 22:00,0.605933512,0.199160714
1/25/2019 23:00,0.482580554,0.158616558
1/26/2019 0:00,0.388774076,0.127783859
1/26/2019 1:00,0.322519426,0.106007009
1/26/2019 2:00,0.252882806,0.083118559
1/26/2019 3:00,0.197047783,0.064766474
1/26/2019 4:00,0.110599877,0.036352422
1/26/2019 5:00,0.083835337,0.027555343
1/26/2019 6:00,0.076626622,0.025185953
1/26/2019 7:00,0.1097061,0.036058651
1/26/2019 8:00,0.116966195,0.038444929
1/26/2019 9:00,0.122550158,0.040280289
1/26/2019 10:00,0.089840607,0.02952918
1/26/2019 11:00,0.148564766,0.048830877
1/26/2019 12:00,0.22401444,0.073629986
1/26/2019 13:00,0.349936853,0.115018681
1/26/2019 14:00,0.594716272,0.195473786
1/26/2019 15:00,0.736741212,0.242155126
1/26/2019 16:00,0.830988732,0.273132788
1/26/2019 17:00,0.877156325,0.288307342
1/26/2019 18:00,0.89005756,0.292547773
1/26/2019 19:00,0.878087104,0.288613274
1/26/2019 20:00,0.858209603,0.282079856
1/26/2019 21:00,0.792625053,0.260523256
1/26/2019 22:00,0.733679703,0.241148857
1/26/2019 23:00,0.474807385,0.15606164
1/27/2019 0:00,0.468938117,0.154132505
1/27/2019 1:00,0.558839518,0.183681667
1/27/2019 2:00,0.704307891,0.231494809
1/27/2019 3:00,0.752924584,0.247474343
1/27/2019 4:00,0.68836384,0.226254253
1/27/2019 5:00,0.666944367,0.219214012
1/27/2019 6:00,0.719216502,0.236395032
1/27/2019 7:00,0.790112771,0.259697509
1/27/2019 8:00,0.810062111,0.26625454
1/27/2019 9:00,0.813557273,0.267403344
1/27/2019 10:00,0.873315675,0.287044981
1/27/2019 11:00,0.889210304,0.292269293
1/27/2019 12:00,0.901837321,0.296419593
1/27/2019 13:00,0.906438599,0.29793196
1/27/2019 14:00,0.905732942,0.297700022
1/27/2019 15:00,0.889527685,0.292373611
1/27/2019 16:00,0.879429653,0.289054548
1/27/2019 17:00,0.867820842,0.285238917
1/27/2019 18:00,0.826266358,0.271580618
1/27/2019 19:00,0.793626905,0.260852549
1/27/2019 20:00,0.781214344,0.256772738
1/27/2019 21:00,0.778496022,0.255879268
1/27/2019 22:00,0.801068776,0.263298574
1/27/2019 23:00,0.817531593,0.26870964
1/28/2019 0:00,0.796953674,0.261946005
1/28/2019 1:00,0.742439492,0.24402806
1/28/2019 2:00,0.686150894,0.225526893
1/28/2019 3:00,0.664772604,0.218500188
1/28/2019 4:00,0.620912539,0.204084082
1/28/2019 5:00,0.52913183,0.173917222
1/28/2019 6:00,0.425055146,0.13970887
1/28/2019 7:00,0.353792406,0.11628594
1/28/2019 8:00,0.314083078,0.103234115
1/28/2019 9:00,0.283996926,0.093345275
1/28/2019 10:00,0.346940665,0.114033882
1/28/2019 11:00,0.410252442,0.134843457
1/28/2019 12:00,0.363745956,0.119557514
1/28/2019 13:00,0.339557377,0.111607113
1/28/2019 14:00,0.334745204,0.110025428
1/28/2019 15:00,0.444076563,0.145960908
1/28/2019 16:00,0.422895908,0.138999163
1/28/2019 17:00,0.388024005,0.127537323
1/28/2019 18:00,0.476560674,0.156637919
1/28/2019 19:00,0.573585066,0.188528294
1/28/2019 20:00,0.639929983,0.210334814
1/28/2019 21:00,0.665107034,0.21861011
1/28/2019 22:00,0.527179894,0.173275652
1/28/2019 23:00,0.381979802,0.125550689
1/29/2019 0:00,0.347150056,0.114102706
1/29/2019 1:00,0.461489301,0.151684198
1/29/2019 2:00,0.432099043,0.142024087
1/29/2019 3:00,0.30852769,0.101408148
1/29/2019 4:00,0.213981547,0.070332333
1/29/2019 5:00,0.217901294,0.071620692
1/29/2019 6:00,0.233126928,0.076625116
1/29/2019 7:00,0.225850829,0.074233578
1/29/2019 8:00,0.204996557,0.06737911
1/29/2019 9:00,0.195084157,0.064121061
1/29/2019 10:00,0.144834845,0.047604911
1/29/2019 11:00,0.131355745,0.043174545
1/29/2019 12:00,0.131944289,0.04336799
1/29/2019 13:00,0.143627451,0.04720806
1/29/2019 14:00,0.140118461,0.046054711
1/29/2019 15:00,0.108529499,0.035671921
1/29/2019 16:00,0.077396237,0.025438913
1/29/2019 17:00,0.081200631,0.026689357
1/29/2019 18:00,0.083137778,0.027326066
1/29/2019 19:00,0.086207122,0.028334911
1/29/2019 20:00,0.069873433,0.022966287
1/29/2019 21:00,0.057594459,0.018930383
1/29/2019 22:00,0.067183084,0.022082012
1/29/2019 23:00,0.078651243,0.025851414
1/30/2019 0:00,0.114832403,0.037743585
1/30/2019 1:00,0.132596698,0.043582427
1/30/2019 2:00,0.111822885,0.036754405
1/30/2019 3:00,0.114578123,0.037660008
1/30/2019 4:00,0.131986027,0.043381709
1/30/2019 5:00,0.148226052,0.048719547
1/30/2019 6:00,0.165924849,0.054536861
1/30/2019 7:00,0.16526941,0.054321428
1/30/2019 8:00,0.116625525,0.038332956
1/30/2019 9:00,0.068255369,0.022434455
1/30/2019 10:00,0.141627039,0.046550556
1/30/2019 11:00,0.153230553,0.050364447
1/30/2019 12:00,0.09456311,0.031081391
1/30/2019 13:00,0.017340757,0.005699631
1/30/2019 14:00,0,0
1/30/2019 15:00,0.013481555,0.004431173
1/30/2019 16:00,0.02876568,0.009454822
1/30/2019 17:00,0.013911504,0.00457249
1/30/2019 18:00,0,0
1/30/2019 19:00,0.013114526,0.004310536
1/30/2019 20:00,0.068126965,0.022392251
1/30/2019 21:00,0.109300177,0.035925231
1/30/2019 22:00,0.19936177,0.065527045
1/30/2019 23:00,0.209592879,0.068889848
1/31/2019 0:00,0.189364827,0.062241209
1/31/2019 1:00,0.169564135,0.055733036
1/31/2019 2:00,0.148866054,0.048929906
1/31/2019 3:00,0.120685404,0.039667374
1/31/2019 4:00,0.094704541,0.031127877
1/31/2019 5:00,0.086135646,0.028311418
1/31/2019 6:00,0.074458758,0.02447341
1/31/2019 7:00,0.052844796,0.017369245
1/31/2019 8:00,0.043916664,0.014434709
1/31/2019 9:00,0.036074606,0.011857149
1/31/2019 10:00,0.050246812,0.016515328
1/31/2019 11:00,0.061339624,0.020161359
1/31/2019 12:00,0.044875585,0.014749891
1/31/2019 13:00,0.035327148,0.011611472
1/31/2019 14:00,0.021838198,0.007177868
1/31/2019 15:00,0.016007141,0.005261293
1/31/2019 16:00,0.007138969,0.002346466
1/31/2019 17:00,0.000825543,0.000271343
1/31/2019 18:00,0,0
1/31/2019 19:00,0,0
1/31/2019 20:00,0,0
1/31/2019 21:00,0,0
1/31/2019 22:00,0,0
1/31/2019 23:00,0.010364901,0.003406778
02/01/2019 00:00,0.013286289,0.004366992
02/01/2019 01:00,0.00476479,0.001566111
02/01/2019 02:00,0.002287326,0.000751808
02/01/2019 03:00,0.009876548,0.003246264
02/01/2019 04:00,0.022145413,0.007278845
02/01/2019 05:00,0.035276205,0.011594728
02/01/2019 06:00,0.043074764,0.01415799
02/01/2019 07:00,0.048561838,0.015961504
02/01/2019 08:00,0.060531649,0.019895791
02/01/2019 09:00,0.075457287,0.024801611
02/01/2019 10:00,0.064480735,0.021193793
02/01/2019 11:00,0.13373882,0.043957824
02/01/2019 12:00,0.165124966,0.054273952
02/01/2019 13:00,0.197932039,0.065057115
02/01/2019 14:00,0.19189078,0.063071449
02/01/2019 15:00,0.160814901,0.052857302
02/01/2019 16:00,0.205135124,0.067424655
02/01/2019 17:00,0.356377944,0.117135765
02/01/2019 18:00,0.514060672,0.168963572
02/01/2019 19:00,0.520095539,0.170947137
02/01/2019 20:00,0.500528034,0.164515609
02/01/2019 21:00,0.494442627,0.162515432
02/01/2019 22:00,0.640926143,0.210662236
02/01/2019 23:00,0.622605861,0.20464065
02/02/2019 00:00,0.605141602,0.198900426
02/02/2019 01:00,0.55150661,0.181271456
02/02/2019 02:00,0.461402152,0.151655554
02/02/2019 03:00,0.387895978,0.127495242
02/02/2019 04:00,0.366860372,0.120581173
02/02/2019 05:00,0.31268128,0.102773367
02/02/2019 06:00,0.245521885,0.080699141
02/02/2019 07:00,0.193897735,0.063731104
02/02/2019 08:00,0.174417793,0.057328356
02/02/2019 09:00,0.166424523,0.054701096
02/02/2019 10:00,0.205628603,0.067586853
02/02/2019 11:00,0.15977757,0.052516348
02/02/2019 12:00,0.16580832,0.054498559
02/02/2019 13:00,0.179522211,0.059006097
02/02/2019 14:00,0.177813695,0.058444535
02/02/2019 15:00,0.149165966,0.049028482
02/02/2019 16:00,0.139634936,0.045895784
02/02/2019 17:00,0.11965031,0.039327155
02/02/2019 18:00,0.084650794,0.02782337
02/02/2019 19:00,0.061669172,0.020269677
02/02/2019 20:00,0.026996382,0.008873282
02/02/2019 21:00,1.50E-05,4.94E-06
02/02/2019 22:00,0,0
02/02/2019 23:00,0.013570848,0.004460522
02/03/2019 00:00,0.027470502,0.009029117
02/03/2019 01:00,0.059524332,0.019564702
02/03/2019 02:00,0.118610242,0.038985301
02/03/2019 03:00,0.163238853,0.053654016
02/03/2019 04:00,0.150624055,0.049507733
02/03/2019 05:00,0.16047184,0.052744543
02/03/2019 06:00,0.185240827,0.060885716
02/03/2019 07:00,0.177266618,0.05826472
02/03/2019 08:00,0.154480795,0.050775382
02/03/2019 09:00,0.150534392,0.049478262
02/03/2019 10:00,0.200481524,0.06589509
02/03/2019 11:00,0.332824394,0.109394088
02/03/2019 12:00,0.578926021,0.190283781
02/03/2019 13:00,0.778429944,0.255857549
02/03/2019 14:00,0.644012172,0.211676565
02/03/2019 15:00,0.709549647,0.233217691
02/03/2019 16:00,0.785840459,0.258293268
02/03/2019 17:00,0.721855502,0.23726243
02/03/2019 18:00,0.719768497,0.236576464
02/03/2019 19:00,0.76274541,0.250702293
02/03/2019 20:00,0.769952597,0.25307118
02/03/2019 21:00,0.795085986,0.261332126
02/03/2019 22:00,0.814565666,0.267734787
02/03/2019 23:00,0.795661445,0.26152127
02/04/2019 00:00,0.736637797,0.242121135
02/04/2019 01:00,0.715094047,0.235040047
02/04/2019 02:00,0.557993114,0.183403467
02/04/2019 03:00,0.388738703,0.127772233
02/04/2019 04:00,0.24793261,0.081491508
02/04/2019 05:00,0.190134509,0.062494191
02/04/2019 06:00,0.170384817,0.056002781
02/04/2019 07:00,0.162232647,0.053323292
02/04/2019 08:00,0.155922154,0.051249134
02/04/2019 09:00,0.172388638,0.056661405
02/04/2019 10:00,0.30020189,0.09867159
02/04/2019 11:00,0.409311882,0.13453431
02/04/2019 12:00,0.480194266,0.157832223
02/04/2019 13:00,0.512195129,0.168350398
02/04/2019 14:00,0.523162718,0.17195527
02/04/2019 15:00,0.53011479,0.174240305
02/04/2019 16:00,0.55656456,0.182933924
02/04/2019 17:00,0.518637734,0.170467979
02/04/2019 18:00,0.507113821,0.166680253
02/04/2019 19:00,0.591251019,0.194334812
02/04/2019 20:00,0.63550207,0.208879429
02/04/2019 21:00,0.606534567,0.199358271
02/04/2019 22:00,0.397790415,0.130747386
02/04/2019 23:00,0.383943778,0.126196217
02/05/2019 00:00,0.317487809,0.104353196
02/05/2019 01:00,0.250248417,0.082252677
02/05/2019 02:00,0.194175045,0.063822251
02/05/2019 03:00,0.12597313,0.041405366
02/05/2019 04:00,0.062409298,0.020512944
02/05/2019 05:00,0.021027163,0.006911294
02/05/2019 06:00,0,0
02/05/2019 07:00,0,0
02/05/2019 08:00,0,0
02/05/2019 09:00,0,0
02/05/2019 10:00,0.012135177,0.00398864
02/05/2019 11:00,0.062291671,0.020474282
02/05/2019 12:00,0.151736938,0.04987352
02/05/2019 13:00,0.287188352,0.094394246
02/05/2019 14:00,0.441918234,0.145251499
02/05/2019 15:00,0.649142989,0.213362982
02/05/2019 16:00,0.807221421,0.26532085
02/05/2019 17:00,0.87456628,0.287456035
02/05/2019 18:00,0.905217178,0.297530498
02/05/2019 19:00,0.9097215,0.299010997
02/05/2019 20:00,0.91,0.299102536
02/05/2019 21:00,0.91,0.299102536
02/05/2019 22:00,0.908042011,0.298458976
02/05/2019 23:00,0.908925512,0.298749368
02/06/2019 00:00,0.766700212,0.252002173
02/06/2019 01:00,0.492774113,0.161967018
02/06/2019 02:00,0.479263668,0.15752635
02/06/2019 03:00,0.646052727,0.212347262
02/06/2019 04:00,0.660618084,0.217134664
02/06/2019 05:00,0.693311699,0.227880535
02/06/2019 06:00,0.70774974,0.23262609
02/06/2019 07:00,0.69029329,0.226888432
02/06/2019 08:00,0.631708351,0.207632494
02/06/2019 09:00,0.630346224,0.207184785
02/06/2019 10:00,0.584843537,0.192228775
02/06/2019 11:00,0.562929866,0.185026099
02/06/2019 12:00,0.565252797,0.18578961
02/06/2019 13:00,0.475688208,0.156351153
02/06/2019 14:00,0.339984808,0.111747602
02/06/2019 15:00,0.314467135,0.103360349
02/06/2019 16:00,0.26668569,0.087655347
02/06/2019 17:00,0.340046288,0.11176781
02/06/2019 18:00,0.436571621,0.143494153
02/06/2019 19:00,0.482657548,0.158641864
02/06/2019 20:00,0.550964461,0.181093261
02/06/2019 21:00,0.530725705,0.174441103
02/06/2019 22:00,0.402405611,0.132264328
02/06/2019 23:00,0.318059379,0.104541062
02/07/2019 00:00,0.233616666,0.076786085
02/07/2019 01:00,0.167659953,0.055107162
02/07/2019 02:00,0.118741639,0.039028489
02/07/2019 03:00,0.034566428,0.011361435
02/07/2019 04:00,0,0
02/07/2019 05:00,0,0
02/07/2019 06:00,0,0
02/07/2019 07:00,6.31E-05,2.07E-05
02/07/2019 08:00,0.00398993,0.001311427
02/07/2019 09:00,0.002106595,0.000692404
02/07/2019 10:00,0,0
02/07/2019 11:00,0,0
02/07/2019 12:00,0,0
02/07/2019 13:00,0.000855206,0.000281093
02/07/2019 14:00,0.040383462,0.013273402
02/07/2019 15:00,0.097289509,0.031977515
02/07/2019 16:00,0.118968482,0.039103049
02/07/2019 17:00,0.085814305,0.028205798
02/07/2019 18:00,0.040425592,0.013287249
02/07/2019 19:00,0.034992373,0.011501437
02/07/2019 20:00,0.085362591,0.028057327
02/07/2019 21:00,0.165843427,0.054510098
02/07/2019 22:00,0.270566696,0.088930972
02/07/2019 23:00,0.297805473,0.097883925
02/08/2019 00:00,0.329660611,0.108354203
02/08/2019 01:00,0.292322256,0.096081679
02/08/2019 02:00,0.281363888,0.092479838
02/08/2019 03:00,0.251273428,0.082589582
02/08/2019 04:00,0.235919444,0.077542971
02/08/2019 05:00,0.309198804,0.101628732
02/08/2019 06:00,0.527659296,0.173433223
02/08/2019 07:00,0.740924746,0.243530187
02/08/2019 08:00,0.898623225,0.29536317
02/08/2019 09:00,0.909614945,0.298975974
02/08/2019 10:00,0.91,0.299102536
02/08/2019 11:00,0.91,0.299102536
02/08/2019 12:00,0.908266575,0.298532786
02/08/2019 13:00,0.909005622,0.2987757
02/08/2019 14:00,0.909778458,0.299029718
02/08/2019 15:00,0.907346163,0.298230262
02/08/2019 16:00,0.90546656,0.297612466
02/08/2019 17:00,0.896285441,0.294594778
02/08/2019 18:00,0.880956555,0.289556417
02/08/2019 19:00,0.877332291,0.288365179
02/08/2019 20:00,0.877820635,0.28852569
02/08/2019 21:00,0.885517527,0.291055536
02/08/2019 22:00,0.881643106,0.289782075
02/08/2019 23:00,0.867569172,0.285156197
02/09/2019 00:00,0.886717649,0.291449997
02/09/2019 01:00,0.897270182,0.294918447
02/09/2019 02:00,0.870369743,0.2860767
02/09/2019 03:00,0.843242965,0.277160559
02/09/2019 04:00,0.793378073,0.260770762
02/09/2019 05:00,0.698188141,0.229483344
02/09/2019 06:00,0.598532203,0.196728022
02/09/2019 07:00,0.552750506,0.181680306
02/09/2019 08:00,0.594635451,0.195447221
02/09/2019 09:00,0.733582475,0.241116899
02/09/2019 10:00,0.870656986,0.286171112
02/09/2019 11:00,0.896816039,0.294769177
02/09/2019 12:00,0.91,0.299102536
02/09/2019 13:00,0.91,0.299102536
02/09/2019 14:00,0.91,0.299102536
02/09/2019 15:00,0.91,0.299102536
02/09/2019 16:00,0.91,0.299102536
02/09/2019 17:00,0.91,0.299102536
02/09/2019 18:00,0.91,0.299102536
02/09/2019 19:00,0.906246763,0.297868906
02/09/2019 20:00,0.887584366,0.291734873
02/09/2019 21:00,0.866274582,0.284730686
02/09/2019 22:00,0.887301893,0.291642029
02/09/2019 23:00,0.885091688,0.29091557
02/10/2019 00:00,0.866874173,0.284927762
02/10/2019 01:00,0.836147888,0.27482852
02/10/2019 02:00,0.798662519,0.262507675
02/10/2019 03:00,0.73755571,0.242422839
02/10/2019 04:00,0.683534824,0.224667032
02/10/2019 05:00,0.619516514,0.203625231
02/10/2019 06:00,0.553213736,0.181832562
02/10/2019 07:00,0.372061869,0.122290823
02/10/2019 08:00,0.204920987,0.067354271
02/10/2019 09:00,0.09097496,0.029902023
02/10/2019 10:00,0.004076868,0.001340002
02/10/2019 11:00,0.014252463,0.004684558
02/10/2019 12:00,0.072621457,0.023869519
02/10/2019 13:00,0.191010764,0.062782202
02/10/2019 14:00,0.382045681,0.125572343
02/10/2019 15:00,0.614593423,0.202007089
02/10/2019 16:00,0.758699918,0.249372604
02/10/2019 17:00,0.811569164,0.266749885
02/10/2019 18:00,0.810363703,0.266353669
02/10/2019 19:00,0.792298101,0.260415792
02/10/2019 20:00,0.74227976,0.243975559
02/10/2019 21:00,0.688269305,0.226223181
02/10/2019 22:00,0.657632132,0.216153229
02/10/2019 23:00,0.627680113,0.206308476
02/11/2019 00:00,0.592142638,0.194627873
02/11/2019 01:00,0.521583935,0.171436349
02/11/2019 02:00,0.39958446,0.131337061
02/11/2019 03:00,0.296149321,0.097339574
02/11/2019 04:00,0.278652595,0.091588679
02/11/2019 05:00,0.310795266,0.102153464
02/11/2019 06:00,0.333013943,0.10945639
02/11/2019 07:00,0.270175475,0.088802384
02/11/2019 08:00,0.213106526,0.070044728
02/11/2019 09:00,0.216543619,0.071174445
02/11/2019 10:00,0.122430898,0.04024109
02/11/2019 11:00,0.065989088,0.021689564
02/11/2019 12:00,0.046439353,0.015263877
02/11/2019 13:00,0.031572316,0.010377319
02/11/2019 14:00,0.002807665,0.000922835
02/11/2019 15:00,0.008076166,0.002654507
02/11/2019 16:00,0.02644211,0.008691101
02/11/2019 17:00,0.058656553,0.019279477
02/11/2019 18:00,0.120663158,0.039660062
02/11/2019 19:00,0.173580259,0.057053072
02/11/2019 20:00,0.252777633,0.08308399
02/11/2019 21:00,0.462619901,0.152055808
02/11/2019 22:00,0.716319675,0.235442891
02/11/2019 23:00,0.771066328,0.253437246
02/12/2019 00:00,0.712771548,0.234276679
02/12/2019 01:00,0.655365837,0.215408334
02/12/2019 02:00,0.623774944,0.205024909
02/12/2019 03:00,0.614624267,0.202017227
02/12/2019 04:00,0.689163265,0.226517011
02/12/2019 05:00,0.741510508,0.243722718
02/12/2019 06:00,0.797947918,0.262272797
02/12/2019 07:00,0.828871461,0.272436875
02/12/2019 08:00,0.834282574,0.274215421
02/12/2019 09:00,0.839654253,0.275981007
02/12/2019 10:00,0.875367564,0.287719404
02/12/2019 11:00,0.902429126,0.29661411
02/12/2019 12:00,0.907054126,0.298134274
02/12/2019 13:00,0.91,0.299102536
02/12/2019 14:00,0.91,0.299102536
02/12/2019 15:00,0.91,0.299102536
02/12/2019 16:00,0.91,0.299102536
02/12/2019 17:00,0.91,0.299102536
02/12/2019 18:00,0.91,0.299102536
02/12/2019 19:00,0.91,0.299102536
02/12/2019 20:00,0.91,0.299102536
02/12/2019 21:00,0.91,0.299102536
02/12/2019 22:00,0.91,0.299102536
02/12/2019 23:00,0.91,0.299102536
2/13/2019 0:00,0.905888935,0.297751294
2/13/2019 1:00,0.79901717,0.262624243
2/13/2019 2:00,0.585117496,0.19231882
2/13/2019 3:00,0.391308091,0.12861675
2/13/2019 4:00,0.328951448,0.108121112
2/13/2019 5:00,0.404978968,0.13311015
2/13/2019 6:00,0.498589124,0.16387832
2/13/2019 7:00,0.61612753,0.202511326
2/13/2019 8:00,0.644461683,0.211824312
2/13/2019 9:00,0.671544271,0.220725928
2/13/2019 10:00,0.71070155,0.233596303
2/13/2019 11:00,0.730054908,0.239957444
2/13/2019 12:00,0.758165252,0.249196868
2/13/2019 13:00,0.779069579,0.256067787
2/13/2019 14:00,0.773083914,0.254100395
2/13/2019 15:00,0.778396295,0.25584649
2/13/2019 16:00,0.760208627,0.249868492
2/13/2019 17:00,0.771993006,0.25374183
2/13/2019 18:00,0.847152371,0.278445519
2/13/2019 19:00,0.866791944,0.284900734
2/13/2019 20:00,0.865775818,0.28456675
2/13/2019 21:00,0.873922259,0.287244356
2/13/2019 22:00,0.88968724,0.292426054
2/13/2019 23:00,0.902735186,0.296714707
2/14/2019 0:00,0.901765363,0.296395941
2/14/2019 1:00,0.906373121,0.297910438
2/14/2019 2:00,0.908357897,0.298562802
2/14/2019 3:00,0.908790764,0.298705079
2/14/2019 4:00,0.902539403,0.296650356
2/14/2019 5:00,0.870317602,0.286059562
2/14/2019 6:00,0.822399631,0.270309687
2/14/2019 7:00,0.71824707,0.236076395
2/14/2019 8:00,0.588482095,0.193424711
2/14/2019 9:00,0.473343626,0.155580526
2/14/2019 10:00,0.409440605,0.134576619
2/14/2019 11:00,0.388380236,0.12765441
2/14/2019 12:00,0.461845364,0.15180123
2/14/2019 13:00,0.547540658,0.179967911
2/14/2019 14:00,0.650948404,0.213956394
2/14/2019 15:00,0.651323129,0.21407956
2/14/2019 16:00,0.500399613,0.164473399
2/14/2019 17:00,0.368482448,0.121114324
2/14/2019 18:00,0.359048204,0.118013438
2/14/2019 19:00,0.281656741,0.092576094
2/14/2019 20:00,0.310374622,0.102015205
2/14/2019 21:00,0.39318261,0.129232874
2/14/2019 22:00,0.439406437,0.144425912
2/14/2019 23:00,0.405398894,0.133248173
2/15/2019 0:00,0.322659756,0.106053133
2/15/2019 1:00,0.249234046,0.081919269
2/15/2019 2:00,0.17630206,0.057947685
2/15/2019 3:00,0.148847929,0.048923948
2/15/2019 4:00,0.136977227,0.045022237
2/15/2019 5:00,0.180328394,0.059271077
2/15/2019 6:00,0.279779983,0.091959233
2/15/2019 7:00,0.408841406,0.134379672
2/15/2019 8:00,0.535569924,0.176033321
2/15/2019 9:00,0.617269502,0.202886674
2/15/2019 10:00,0.61066313,0.200715264
2/15/2019 11:00,0.706404429,0.232183908
2/15/2019 12:00,0.766819025,0.252041225
2/15/2019 13:00,0.750254183,0.246596625
2/15/2019 14:00,0.707915402,0.23268054
2/15/2019 15:00,0.697447716,0.229239978
2/15/2019 16:00,0.685249231,0.22523053
2/15/2019 17:00,0.764729831,0.25135454
2/15/2019 18:00,0.803228406,0.26400841
2/15/2019 19:00,0.778660335,0.255933276
2/15/2019 20:00,0.704300389,0.231492343
2/15/2019 21:00,0.533579271,0.175379025
2/15/2019 22:00,0.242009383,0.079544638
2/15/2019 23:00,0.097188008,0.031944153
2/16/2019 0:00,0.009909672,0.003257152
2/16/2019 1:00,0,0
2/16/2019 2:00,0,0
2/16/2019 3:00,0.057439135,0.018879331
2/16/2019 4:00,0.137941554,0.045339196
2/16/2019 5:00,0.112526045,0.036985522
2/16/2019 6:00,0.034319913,0.01128041
2/16/2019 7:00,0.017488814,0.005748295
2/16/2019 8:00,0.015055838,0.004948615
2/16/2019 9:00,0.055759176,0.018327155
2/16/2019 10:00,0.166694049,0.054789684
2/16/2019 11:00,0.221329499,0.072747488
2/16/2019 12:00,0.234506064,0.077078416
2/16/2019 13:00,0.19760845,0.064950757
2/16/2019 14:00,0.158929378,0.052237561
2/16/2019 15:00,0.105615622,0.034714176
2/16/2019 16:00,0.067820994,0.022291683
2/16/2019 17:00,0.054878843,0.018037803
2/16/2019 18:00,0.120398363,0.039573028
2/16/2019 19:00,0.186705658,0.061367182
2/16/2019 20:00,0.256576709,0.084332686
2/16/2019 21:00,0.339746341,0.111669222
2/16/2019 22:00,0.474705912,0.156028288
2/16/2019 23:00,0.470911575,0.15478115
2/17/2019 0:00,0.46145157,0.151671796
2/17/2019 1:00,0.49785762,0.163637886
2/17/2019 2:00,0.613206901,0.201551361
2/17/2019 3:00,0.567352305,0.186479685
2/17/2019 4:00,0.641125787,0.210727855
2/17/2019 5:00,0.725352427,0.238411814
2/17/2019 6:00,0.783784944,0.257617653
2/17/2019 7:00,0.835057565,0.274470149
2/17/2019 8:00,0.847924204,0.278699208
2/17/2019 9:00,0.851279332,0.279801986
2/17/2019 10:00,0.801151095,0.263325631
2/17/2019 11:00,0.862722576,0.283563198
2/17/2019 12:00,0.88476212,0.290807246
2/17/2019 13:00,0.905067024,0.297481145
2/17/2019 14:00,0.91,0.299102536
2/17/2019 15:00,0.909224239,0.298847555
2/17/2019 16:00,0.888457754,0.292021942
2/17/2019 17:00,0.746192583,0.245261642
2/17/2019 18:00,0.595750684,0.19581378
2/17/2019 19:00,0.575992329,0.189319523
2/17/2019 20:00,0.613855027,0.20176439
2/17/2019 21:00,0.699709282,0.229983319
2/17/2019 22:00,0.805738536,0.26483345
2/17/2019 23:00,0.823438835,0.270651257
2/18/2019 0:00,0.832308325,0.273566517
2/18/2019 1:00,0.80866723,0.265796065
2/18/2019 2:00,0.745770956,0.245123059
2/18/2019 3:00,0.742747887,0.244129425
2/18/2019 4:00,0.78924981,0.259413868
2/18/2019 5:00,0.803188369,0.26399525
2/18/2019 6:00,0.766083581,0.251799496
2/18/2019 7:00,0.760600736,0.249997372
2/18/2019 8:00,0.812362544,0.267010656
2/18/2019 9:00,0.848064529,0.278745331
2/18/2019 10:00,0.858062635,0.282031549
2/18/2019 11:00,0.874048477,0.287285842
2/18/2019 12:00,0.884381828,0.29068225
2/18/2019 13:00,0.875734972,0.287840166
2/18/2019 14:00,0.871254229,0.286367417
2/18/2019 15:00,0.86870469,0.285529424
2/18/2019 16:00,0.859968653,0.282658027
2/18/2019 17:00,0.853467009,0.28052104
2/18/2019 18:00,0.84945638,0.27920281
2/18/2019 19:00,0.798952664,0.262603042
2/18/2019 20:00,0.721233467,0.237057977
2/18/2019 21:00,0.741599344,0.243751917
2/18/2019 22:00,0.781018966,0.25670852
2/18/2019 23:00,0.838571381,0.275625084
2/19/2019 0:00,0.874657587,0.287486046
2/19/2019 1:00,0.888336483,0.291982082
2/19/2019 2:00,0.890000469,0.292529008
2/19/2019 3:00,0.873166503,0.286995951
2/19/2019 4:00,0.800309301,0.263048946
2/19/2019 5:00,0.720182112,0.236712413
2/19/2019 6:00,0.650429912,0.213785974
2/19/2019 7:00,0.5783863,0.190106383
2/19/2019 8:00,0.457614414,0.150410584
2/19/2019 9:00,0.361458383,0.118805625
2/19/2019 10:00,0.348903953,0.114679183
2/19/2019 11:00,0.255755558,0.084062787
2/19/2019 12:00,0.154369221,0.050738709
2/19/2019 13:00,0.081252274,0.026706331
2/19/2019 14:00,0.034532594,0.011350315
2/19/2019 15:00,0.006100388,0.002005101
2/19/2019 16:00,0,0
2/19/2019 17:00,0,0
2/19/2019 18:00,0,0
2/19/2019 19:00,0.036332168,0.011941806
2/19/2019 20:00,0.098013531,0.03221549
2/19/2019 21:00,0.208074018,0.068390622
2/19/2019 22:00,0.382767273,0.125809519
2/19/2019 23:00,0.558797067,0.183667714
2/20/2019 0:00,0.696760724,0.229014175
2/20/2019 1:00,0.751273587,0.246931687
2/20/2019 2:00,0.752453158,0.247319393
2/20/2019 3:00,0.801037557,0.263288313
2/20/2019 4:00,0.808613472,0.265778396
2/20/2019 5:00,0.740902058,0.24352273
2/20/2019 6:00,0.68753449,0.225981659
2/20/2019 7:00,0.662627897,0.217795257
2/20/2019 8:00,0.679430118,0.22331788
2/20/2019 9:00,0.689748359,0.226709322
2/20/2019 10:00,0.730521026,0.24011065
2/20/2019 11:00,0.795503,0.261469192
2/20/2019 12:00,0.777630186,0.255594682
2/20/2019 13:00,0.756819015,0.248754381
2/20/2019 14:00,0.753221881,0.24757206
2/20/2019 15:00,0.771490325,0.253576607
2/20/2019 16:00,0.775361925,0.25484914
2/20/2019 17:00,0.785376249,0.25814069
2/20/2019 18:00,0.792274096,0.260407902
2/20/2019 19:00,0.754016322,0.24783318
2/20/2019 20:00,0.693556166,0.227960888
2/20/2019 21:00,0.673042903,0.221218504
2/20/2019 22:00,0.514917849,0.169245312
2/20/2019 23:00,0.519396956,0.170717524
2/21/2019 0:00,0.417471941,0.137216391
2/21/2019 1:00,0.250402679,0.082303381
2/21/2019 2:00,0.152826418,0.050231615
2/21/2019 3:00,0.147773883,0.048570926
2/21/2019 4:00,0.153444561,0.050434788
2/21/2019 5:00,0.223504852,0.073462492
2/21/2019 6:00,0.363127058,0.119354092
2/21/2019 7:00,0.45528424,0.149644693
2/21/2019 8:00,0.475304124,0.156224911
2/21/2019 9:00,0.437991327,0.143960787
2/21/2019 10:00,0.382266738,0.125645001
2/21/2019 11:00,0.335010635,0.110112671
2/21/2019 12:00,0.33859389,0.11129043
2/21/2019 13:00,0.305554364,0.100430863
2/21/2019 14:00,0.219656283,0.072197529
2/21/2019 15:00,0.178555905,0.058688488
2/21/2019 16:00,0.185917384,0.061108089
2/21/2019 17:00,0.230017102,0.075602965
2/21/2019 18:00,0.324121698,0.10653365
2/21/2019 19:00,0.401082682,0.131829503
2/21/2019 20:00,0.384180117,0.126273898
2/21/2019 21:00,0.327502334,0.107644811
2/21/2019 22:00,0.249485866,0.082002039
2/21/2019 23:00,0.229260304,0.075354218
2/22/2019 0:00,0.193940314,0.063745099
2/22/2019 1:00,0.125074126,0.041109877
2/22/2019 2:00,0.182125892,0.059861886
2/22/2019 3:00,0.329615928,0.108339516
2/22/2019 4:00,0.44304861,0.145623036
2/22/2019 5:00,0.416989843,0.137057933
2/22/2019 6:00,0.49275209,0.16195978
2/22/2019 7:00,0.675933593,0.222168628
2/22/2019 8:00,0.70644725,0.232197982
2/22/2019 9:00,0.645781746,0.212258195
2/22/2019 10:00,0.578455876,0.190129252
2/22/2019 11:00,0.707483055,0.232538435
2/22/2019 12:00,0.751192507,0.246905037
2/22/2019 13:00,0.743880306,0.244501633
2/22/2019 14:00,0.726013438,0.238629077
2/22/2019 15:00,0.676196313,0.22225498
2/22/2019 16:00,0.682528534,0.224336281
2/22/2019 17:00,0.649704649,0.213547591
2/22/2019 18:00,0.674844487,0.221810656
2/22/2019 19:00,0.797746581,0.262206621
2/22/2019 20:00,0.860460523,0.282819697
2/22/2019 21:00,0.872885734,0.286903666
2/22/2019 22:00,0.894540311,0.294021182
2/22/2019 23:00,0.8957307,0.294412444
2/23/2019 0:00,0.888855,0.29215251
2/23/2019 1:00,0.894097002,0.293875473
2/23/2019 2:00,0.898721812,0.295395575
2/23/2019 3:00,0.897612595,0.295030993
2/23/2019 4:00,0.897944949,0.295140232
2/23/2019 5:00,0.898799874,0.295421232
2/23/2019 6:00,0.886204238,0.291281247
2/23/2019 7:00,0.893979068,0.29383671
2/23/2019 8:00,0.895344098,0.294285374
2/23/2019 9:00,0.898232518,0.295234751
2/23/2019 10:00,0.886936324,0.291521872
2/23/2019 11:00,0.878402729,0.288717015
2/23/2019 12:00,0.863670909,0.2838749
2/23/2019 13:00,0.835518289,0.274621581
2/23/2019 14:00,0.79978612,0.262876985
2/23/2019 15:00,0.744284057,0.244634339
2/23/2019 16:00,0.675474886,0.222017859
2/23/2019 17:00,0.634632497,0.208593614
2/23/2019 18:00,0.619484204,0.203614611
2/23/2019 19:00,0.713434448,0.234494563
2/23/2019 20:00,0.726239985,0.238703539
2/23/2019 21:00,0.779123057,0.256085365
2/23/2019 22:00,0.739255959,0.242981683
2/23/2019 23:00,0.702354751,0.230852843
2/24/2019 0:00,0.629395509,0.2068723
2/24/2019 1:00,0.533179078,0.175247488
2/24/2019 2:00,0.465000783,0.152838366
2/24/2019 3:00,0.395560049,0.130014301
2/24/2019 4:00,0.38246313,0.125709552
2/24/2019 5:00,0.267813385,0.088026003
2/24/2019 6:00,0.175823879,0.057790514
2/24/2019 7:00,0.12747208,0.041898047
2/24/2019 8:00,0.054238261,0.017827254
2/24/2019 9:00,0.058942445,0.019373445
2/24/2019 10:00,0.15667103,0.051495277
2/24/2019 11:00,0.275810143,0.09065441
2/24/2019 12:00,0.452189803,0.148627601
2/24/2019 13:00,0.67042793,0.220359004
2/24/2019 14:00,0.769707363,0.252990576
2/24/2019 15:00,0.75722504,0.248887835
2/24/2019 16:00,0.74330853,0.244313699
2/24/2019 17:00,0.731948609,0.240579874
2/24/2019 18:00,0.723565786,0.237824573
2/24/2019 19:00,0.696799813,0.229027023
2/24/2019 20:00,0.643431791,0.211485803
2/24/2019 21:00,0.582802673,0.191557975
2/24/2019 22:00,0.263378236,0.08656824
2/24/2019 23:00,0.14667559,0.048209935
2/25/2019 0:00,0.138318689,0.045463155
2/25/2019 1:00,0.100902946,0.033165194
2/25/2019 2:00,0.11451433,0.03763904
2/25/2019 3:00,0.136611796,0.044902126
2/25/2019 4:00,0.135074548,0.044396857
2/25/2019 5:00,0.134195395,0.044107893
2/25/2019 6:00,0.151412918,0.04976702
2/25/2019 7:00,0.111437576,0.03662776
2/25/2019 8:00,0.063635947,0.020916124
2/25/2019 9:00,0.024083453,0.007915848
2/25/2019 10:00,0,0
2/25/2019 11:00,0,0
2/25/2019 12:00,0,0
2/25/2019 13:00,0.011607144,0.003815084
2/25/2019 14:00,0.045523171,0.014962743
2/25/2019 15:00,0.061405091,0.020182877
2/25/2019 16:00,0.125570402,0.041272995
2/25/2019 17:00,0.317263089,0.104279335
2/25/2019 18:00,0.662450251,0.217736868
2/25/2019 19:00,0.763177135,0.250844194
2/25/2019 20:00,0.799860594,0.262901464
2/25/2019 21:00,0.774502726,0.254566735
2/25/2019 22:00,0.714957018,0.234995008
2/25/2019 23:00,0.700981395,0.230401443
2/26/2019 0:00,0.610027247,0.20050626
2/26/2019 1:00,0.526200143,0.172953623
2/26/2019 2:00,0.444806144,0.14620071
2/26/2019 3:00,0.440986916,0.14494539
2/26/2019 4:00,0.527473002,0.173371992
2/26/2019 5:00,0.690250563,0.226874389
2/26/2019 6:00,0.736055154,0.24192963
2/26/2019 7:00,0.699839096,0.230025987
2/26/2019 8:00,0.667944167,0.219542631
2/26/2019 9:00,0.599594307,0.197077118
2/26/2019 10:00,0.486788043,0.159999492
2/26/2019 11:00,0.377291623,0.124009759
2/26/2019 12:00,0.3263016,0.107250149
2/26/2019 13:00,0.237051569,0.077915083
2/26/2019 14:00,0.170594041,0.05607155
2/26/2019 15:00,0.122265409,0.040186697
2/26/2019 16:00,0.068052306,0.022367711
2/26/2019 17:00,0.026089784,0.008575297
2/26/2019 18:00,0.006377497,0.002096182
2/26/2019 19:00,0,0
2/26/2019 20:00,0.005548796,0.001823801
2/26/2019 21:00,0.033084845,0.010874463
2/26/2019 22:00,0.070977701,0.023329242
2/26/2019 23:00,0.079770928,0.026219436
2/27/2019 0:00,0.056697851,0.018635682
2/27/2019 1:00,0.004851792,0.001594707
2/27/2019 2:00,0,0
2/27/2019 3:00,0,0
2/27/2019 4:00,0,0
2/27/2019 5:00,0,0
2/27/2019 6:00,0,0
2/27/2019 7:00,0,0
2/27/2019 8:00,0,0
2/27/2019 9:00,0,0
2/27/2019 10:00,0,0
2/27/2019 11:00,0,0
2/27/2019 12:00,0,0
2/27/2019 13:00,0.01492658,0.00490613
2/27/2019 14:00,0.032837585,0.010793192
2/27/2019 15:00,0.04350342,0.014298883
2/27/2019 16:00,0.037316424,0.012265315
2/27/2019 17:00,0.023413569,0.007695668
2/27/2019 18:00,0.026654588,0.008760939
2/27/2019 19:00,0.037761969,0.012411759
2/27/2019 20:00,0.038567758,0.012676609
2/27/2019 21:00,0.03369956,0.01107651
2/27/2019 22:00,0.030479646,0.010018175
2/27/2019 23:00,0.033783778,0.011104191
2/28/2019 0:00,0.045590865,0.014984993
2/28/2019 1:00,0.04189732,0.013770983
2/28/2019 2:00,0.036591438,0.012027024
2/28/2019 3:00,0.03915787,0.012870569
2/28/2019 4:00,0.052226122,0.017165896
2/28/2019 5:00,0.058459327,0.019214652
2/28/2019 6:00,0.059772874,0.019646394
2/28/2019 7:00,0.058955747,0.019377817
2/28/2019 8:00,0.05395241,0.017733299
2/28/2019 9:00,0.045917708,0.015092421
2/28/2019 10:00,0.06281969,0.020647833
2/28/2019 11:00,0.049714382,0.016340327
2/28/2019 12:00,0.029315282,0.009635467
2/28/2019 13:00,0.015677741,0.005153024
2/28/2019 14:00,0.016034107,0.005270156
2/28/2019 15:00,0.021275264,0.006992841
2/28/2019 16:00,0.029351664,0.009647426
2/28/2019 17:00,0.033836372,0.011121478
2/28/2019 18:00,0.026216877,0.008617071
2/28/2019 19:00,0.024391413,0.00801707
2/28/2019 20:00,0.017849888,0.005866974
2/28/2019 21:00,0.009587285,0.003151188
2/28/2019 22:00,0.030987112,0.010184971
2/28/2019 23:00,0.033900529,0.011142565
03/01/2019 00:00,0.038182153,0.012549867
03/01/2019 01:00,0.039610803,0.013019441
03/01/2019 02:00,0.02722541,0.00894856
03/01/2019 03:00,0.009096975,0.002990031
03/01/2019 04:00,0,0
03/01/2019 05:00,0.00455576,0.001497406
03/01/2019 06:00,0.03925117,0.012901236
03/01/2019 07:00,0.101926147,0.033501504
03/01/2019 08:00,0.201999532,0.066394035
03/01/2019 09:00,0.306820984,0.10084718
03/01/2019 10:00,0.282230936,0.092764823
03/01/2019 11:00,0.328397666,0.107939093
03/01/2019 12:00,0.390204403,0.128253985
03/01/2019 13:00,0.401840397,0.132078551
03/01/2019 14:00,0.417889325,0.137353579
03/01/2019 15:00,0.413297725,0.135844393
03/01/2019 16:00,0.433256225,0.142404435
03/01/2019 17:00,0.385616984,0.126746173
03/01/2019 18:00,0.347357155,0.114170776
03/01/2019 19:00,0.312358225,0.102667184
03/01/2019 20:00,0.328531764,0.107983169
03/01/2019 21:00,0.319282922,0.104943222
03/01/2019 22:00,0.22960808,0.075468526
03/01/2019 23:00,0.227526679,0.074784403
03/02/2019 00:00,0.211438114,0.069496347
03/02/2019 01:00,0.211208112,0.069420749
03/02/2019 02:00,0.141703661,0.046575741
03/02/2019 03:00,0.158036563,0.051944106
03/02/2019 04:00,0.172450832,0.056681847
03/02/2019 05:00,0.153615234,0.050490886
03/02/2019 06:00,0.13878554,0.045616601
03/02/2019 07:00,0.152959329,0.0502753
03/02/2019 08:00,0.15961492,0.052462887
03/02/2019 09:00,0.222581517,0.073159007
03/02/2019 10:00,0.152823093,0.050230522
03/02/2019 11:00,0.154466572,0.050770707
03/02/2019 12:00,0.201661352,0.066282881
03/02/2019 13:00,0.25148715,0.082659829
03/02/2019 14:00,0.562562285,0.184905281
03/02/2019 15:00,0.81710366,0.268568985
03/02/2019 16:00,0.857477879,0.281839349
03/02/2019 17:00,0.87301768,0.286947035
03/02/2019 18:00,0.899692919,0.295714762
03/02/2019 19:00,0.868451326,0.285446147
03/02/2019 20:00,0.806177034,0.264977577
03/02/2019 21:00,0.613491743,0.201644985
03/02/2019 22:00,0.534289338,0.175612413
03/02/2019 23:00,0.760136877,0.249844909
03/03/2019 00:00,0.843505263,0.277246773
03/03/2019 01:00,0.866056889,0.284659134
03/03/2019 02:00,0.857382778,0.281808091
03/03/2019 03:00,0.865615403,0.284514024
03/03/2019 04:00,0.859409924,0.282474382
03/03/2019 05:00,0.898536214,0.295334572
03/03/2019 06:00,0.91,0.299102536
03/03/2019 07:00,0.91,0.299102536
03/03/2019 08:00,0.91,0.299102536
03/03/2019 09:00,0.91,0.299102536
03/03/2019 10:00,0.91,0.299102536
03/03/2019 11:00,0.91,0.299102536
03/03/2019 12:00,0.91,0.299102536
03/03/2019 13:00,0.909369863,0.29889542
03/03/2019 14:00,0.905188107,0.297520943
03/03/2019 15:00,0.858945266,0.282321656
03/03/2019 16:00,0.691390481,0.227249062
03/03/2019 17:00,0.411152619,0.135139331
03/03/2019 18:00,0.310688101,0.10211824
03/03/2019 19:00,0.243122019,0.079910343
03/03/2019 20:00,0.20803433,0.068377578
03/03/2019 21:00,0.197708459,0.064983628
03/03/2019 22:00,0.156525256,0.051447364
03/03/2019 23:00,0.125607002,0.041285025
03/04/2019 00:00,0.108732636,0.035738689
03/04/2019 01:00,0.106614765,0.035042579
03/04/2019 02:00,0.109411896,0.035961951
03/04/2019 03:00,0.104161089,0.034236094
03/04/2019 04:00,0.110145352,0.036203027
03/04/2019 05:00,0.139903619,0.045984096
03/04/2019 06:00,0.182198803,0.059885851
03/04/2019 07:00,0.229978392,0.075590242
03/04/2019 08:00,0.272020626,0.089408856
03/04/2019 09:00,0.306830883,0.100850434
03/04/2019 10:00,0.39815554,0.130867397
03/04/2019 11:00,0.386337023,0.126982839
03/04/2019 12:00,0.419250577,0.137801001
03/04/2019 13:00,0.378849498,0.124521808
03/04/2019 14:00,0.391037341,0.128527758
03/04/2019 15:00,0.482905311,0.1587233
03/04/2019 16:00,0.627796563,0.206346752
03/04/2019 17:00,0.743548211,0.244392479
03/04/2019 18:00,0.789925809,0.259636058
03/04/2019 19:00,0.767055575,0.252118975
03/04/2019 20:00,0.731953944,0.240581627
03/04/2019 21:00,0.660403001,0.217063969
03/04/2019 22:00,0.572441106,0.188152293
03/04/2019 23:00,0.425249512,0.139772755
03/05/2019 00:00,0.358433698,0.117811459
03/05/2019 01:00,0.377862366,0.124197354
03/05/2019 02:00,0.347002229,0.114054117
03/05/2019 03:00,0.28894802,0.094972621
03/05/2019 04:00,0.181680875,0.059715616
03/05/2019 05:00,0.112454818,0.036962111
03/05/2019 06:00,0.074160937,0.024375521
03/05/2019 07:00,0.035921188,0.011806724
03/05/2019 08:00,0.007890179,0.002593377
03/05/2019 09:00,0,0
03/05/2019 10:00,0,0
03/05/2019 11:00,0,0
03/05/2019 12:00,0,0
03/05/2019 13:00,0,0
03/05/2019 14:00,0.011279221,0.003707301
03/05/2019 15:00,0.032872774,0.010804758
03/05/2019 16:00,0.055168917,0.018133146
03/05/2019 17:00,0.070065957,0.023029566
03/05/2019 18:00,0.07856236,0.025822199
03/05/2019 19:00,0.085218333,0.028009911
03/05/2019 20:00,0.098028263,0.032220332
03/05/2019 21:00,0.110036769,0.036167337
03/05/2019 22:00,0.147444122,0.048462539
03/05/2019 23:00,0.145576706,0.047848749
03/06/2019 00:00,0.162643633,0.053458377
03/06/2019 01:00,0.153042889,0.050302765
03/06/2019 02:00,0.171152913,0.056255242
03/06/2019 03:00,0.196612048,0.064623255
03/06/2019 04:00,0.18428632,0.060571984
03/06/2019 05:00,0.165323643,0.054339254
03/06/2019 06:00,0.189715497,0.062356469
03/06/2019 07:00,0.238744003,0.078471359
03/06/2019 08:00,0.307163349,0.100959711
03/06/2019 09:00,0.370423128,0.121752194
03/06/2019 10:00,0.321868633,0.105793104
03/06/2019 11:00,0.455180804,0.149610695
03/06/2019 12:00,0.60247692,0.198024587
03/06/2019 13:00,0.669113083,0.219926835
03/06/2019 14:00,0.717621037,0.235870628
03/06/2019 15:00,0.764122142,0.251154802
03/06/2019 16:00,0.775603609,0.254928578
03/06/2019 17:00,0.788597735,0.259199541
03/06/2019 18:00,0.82022639,0.269595377
03/06/2019 19:00,0.838679574,0.275660645
03/06/2019 20:00,0.851174454,0.279767514
03/06/2019 21:00,0.814084844,0.267576748
03/06/2019 22:00,0.727045447,0.238968282
03/06/2019 23:00,0.803884229,0.264223969
03/07/2019 00:00,0.833730709,0.274034032
03/07/2019 01:00,0.811998431,0.266890978
03/07/2019 02:00,0.804680277,0.264485617
03/07/2019 03:00,0.826653143,0.271707748
03/07/2019 04:00,0.837953736,0.275422074
03/07/2019 05:00,0.854270914,0.280785271
03/07/2019 06:00,0.87311683,0.286979624
03/07/2019 07:00,0.904395457,0.297260411
03/07/2019 08:00,0.909802853,0.299037737
03/07/2019 09:00,0.91,0.299102536
03/07/2019 10:00,0.91,0.299102536
03/07/2019 11:00,0.91,0.299102536
03/07/2019 12:00,0.909885647,0.29906495
03/07/2019 13:00,0.909233852,0.298850715
03/07/2019 14:00,0.906635761,0.297996764
03/07/2019 15:00,0.906276931,0.297878822
03/07/2019 16:00,0.906343041,0.297900551
03/07/2019 17:00,0.897866011,0.295114287
03/07/2019 18:00,0.88516343,0.29093915
03/07/2019 19:00,0.869200778,0.28569248
03/07/2019 20:00,0.814618393,0.267752118
03/07/2019 21:00,0.720655361,0.236867962
03/07/2019 22:00,0.61774633,0.2030434
03/07/2019 23:00,0.540836653,0.177764411
03/08/2019 00:00,0.462601233,0.152049672
03/08/2019 01:00,0.336214995,0.110508525
03/08/2019 02:00,0.254563755,0.08367106
03/08/2019 03:00,0.183104116,0.060183413
03/08/2019 04:00,0.132404138,0.043519136
03/08/2019 05:00,0.085276318,0.02802897
03/08/2019 06:00,0.03301265,0.010850733
03/08/2019 07:00,0,0
03/08/2019 08:00,0.002774527,0.000911943
03/08/2019 09:00,0.037272058,0.012250733
03/08/2019 10:00,0.14904247,0.048987891
03/08/2019 11:00,0.289884934,0.09528057
03/08/2019 12:00,0.457659355,0.150425355
03/08/2019 13:00,0.507884501,0.166933563
03/08/2019 14:00,0.562226209,0.184794818
03/08/2019 15:00,0.569982782,0.187344281
03/08/2019 16:00,0.521084017,0.171272034
03/08/2019 17:00,0.389550357,0.128039011
03/08/2019 18:00,0.312127678,0.102591407
03/08/2019 19:00,0.278068054,0.09139655
03/08/2019 20:00,0.36975976,0.121534156
03/08/2019 21:00,0.357781576,0.117597117
03/08/2019 22:00,0.500890204,0.164634649
03/08/2019 23:00,0.38335107,0.126001404
03/09/2019 00:00,0.867475838,0.28512552
03/09/2019 01:00,0.91,0.299102536
03/09/2019 02:00,0.91,0.299102536
03/09/2019 03:00,0.91,0.299102536
03/09/2019 04:00,0.91,0.299102536
03/09/2019 05:00,0.91,0.299102536
03/09/2019 06:00,0.91,0.299102536
03/09/2019 07:00,0.91,0.299102536
03/09/2019 08:00,0.91,0.299102536
03/09/2019 09:00,0.91,0.299102536
03/09/2019 10:00,0.91,0.299102536
03/09/2019 11:00,0.91,0.299102536
03/09/2019 12:00,0.91,0.299102536
03/09/2019 13:00,0.91,0.299102536
03/09/2019 14:00,0.91,0.299102536
03/09/2019 15:00,0.91,0.299102536
03/09/2019 16:00,0.91,0.299102536
03/09/2019 17:00,0.909418101,0.298911275
03/09/2019 18:00,0.90145679,0.296294518
03/09/2019 19:00,0.863398666,0.283785418
03/09/2019 20:00,0.790412554,0.259796043
03/09/2019 21:00,0.749798612,0.246446886
03/09/2019 22:00,0.602891328,0.198160797
03/09/2019 23:00,0.649596931,0.213512186
03/10/2019 00:00,0.427901578,0.140644447
03/10/2019 01:00,0.493483979,0.16220034
03/10/2019 02:00,0.657789108,0.216204824
03/10/2019 03:00,0.59080665,0.194188755
03/10/2019 04:00,0.272557981,0.089585476
03/10/2019 05:00,0.164836335,0.054179083
03/10/2019 06:00,0.112344532,0.036925862
03/10/2019 07:00,0.07571565,0.024886531
03/10/2019 08:00,0.069335073,0.022789337
03/10/2019 09:00,0.054940397,0.018058035
03/10/2019 10:00,0.033024823,0.010854734
03/10/2019 11:00,0.019708675,0.006477928
03/10/2019 12:00,0.031602734,0.010387316
03/10/2019 13:00,0.08413668,0.02765439
03/10/2019 14:00,0.11806535,0.038806204
03/10/2019 15:00,0.082016481,0.026957514
03/10/2019 16:00,0.037364494,0.012281115
03/10/2019 17:00,0.014833686,0.004875597
03/10/2019 18:00,0.039620468,0.013022618
03/10/2019 19:00,0.086405863,0.028400234
03/10/2019 20:00,0.107915303,0.035470045
03/10/2019 21:00,0.110048987,0.036171353
03/10/2019 22:00,0.182099237,0.059853125
03/10/2019 23:00,0.289546213,0.095169238
03/11/2019 00:00,0.235764914,0.07749218
03/11/2019 01:00,0.201786682,0.066324075
03/11/2019 02:00,0.272855108,0.089683137
03/11/2019 03:00,0.439659204,0.144508992
03/11/2019 04:00,0.488811196,0.160664471
03/11/2019 05:00,0.534023756,0.17552512
03/11/2019 06:00,0.65066972,0.213864795
03/11/2019 07:00,0.75030876,0.246614563
03/11/2019 08:00,0.772887244,0.254035752
03/11/2019 09:00,0.78843139,0.259144866
03/11/2019 10:00,0.821231916,0.269925877
03/11/2019 11:00,0.852464656,0.280191583
03/11/2019 12:00,0.852733774,0.280280037
03/11/2019 13:00,0.842089283,0.276781362
03/11/2019 14:00,0.778669147,0.255936172
03/11/2019 15:00,0.676651171,0.222404485
03/11/2019 16:00,0.579304489,0.190408178
03/11/2019 17:00,0.405341304,0.133229244
03/11/2019 18:00,0.419213161,0.137788703
03/11/2019 19:00,0.595229531,0.195642486
03/11/2019 20:00,0.809057424,0.265924315
03/11/2019 21:00,0.89546107,0.294323821
03/11/2019 22:00,0.91,0.299102536
03/11/2019 23:00,0.91,0.299102536
03/12/2019 00:00,0.91,0.299102536
03/12/2019 01:00,0.91,0.299102536
03/12/2019 02:00,0.91,0.299102536
03/12/2019 03:00,0.91,0.299102536
03/12/2019 04:00,0.864957679,0.284297841
03/12/2019 05:00,0.74742252,0.245665902
03/12/2019 06:00,0.719578228,0.236513926
03/12/2019 07:00,0.743852177,0.244492387
03/12/2019 08:00,0.791548584,0.260169438
03/12/2019 09:00,0.824327846,0.27094346
03/12/2019 10:00,0.848463582,0.278876493
03/12/2019 11:00,0.811624972,0.266768228
03/12/2019 12:00,0.814984486,0.267872446
03/12/2019 13:00,0.830561376,0.272992323
03/12/2019 14:00,0.848795179,0.278985484
03/12/2019 15:00,0.887094355,0.291573814
03/12/2019 16:00,0.908549416,0.298625752
03/12/2019 17:00,0.91,0.299102536
03/12/2019 18:00,0.91,0.299102536
03/12/2019 19:00,0.908222756,0.298518384
03/12/2019 20:00,0.825477062,0.27132119
03/12/2019 21:00,0.52764586,0.173428807
03/12/2019 22:00,0.156582332,0.051466124
03/12/2019 23:00,0.027373542,0.008997248
3/13/2019 0:00,0.051979263,0.017084757
3/13/2019 1:00,0.172587185,0.056726665
3/13/2019 2:00,0.328478798,0.10796576
3/13/2019 3:00,0.548718791,0.180355145
3/13/2019 4:00,0.736867983,0.242196793
3/13/2019 5:00,0.792406204,0.260451324
3/13/2019 6:00,0.852955843,0.280353028
3/13/2019 7:00,0.859626724,0.282545641
3/13/2019 8:00,0.771064521,0.253436652
3/13/2019 9:00,0.672463712,0.221028133
3/13/2019 10:00,0.647712709,0.212892872
3/13/2019 11:00,0.597346804,0.1963384
3/13/2019 12:00,0.604325778,0.198632278
3/13/2019 13:00,0.692789462,0.227708885
3/13/2019 14:00,0.738452647,0.242717647
3/13/2019 15:00,0.769011788,0.252761951
3/13/2019 16:00,0.75546958,0.248310843
3/13/2019 17:00,0.704887279,0.231685245
3/13/2019 18:00,0.613667367,0.201702709
3/13/2019 19:00,0.470504879,0.154647475
3/13/2019 20:00,0.38958159,0.128049276
3/13/2019 21:00,0.352386263,0.115823763
3/13/2019 22:00,0.189105955,0.062156122
3/13/2019 23:00,0.102519259,0.033696451
3/14/2019 0:00,0.197367205,0.064871463
3/14/2019 1:00,0.206673703,0.067930361
3/14/2019 2:00,0.107569662,0.035356438
3/14/2019 3:00,0.223378347,0.073420912
3/14/2019 4:00,0.285458456,0.093825657
3/14/2019 5:00,0.254045613,0.083500755
3/14/2019 6:00,0.19715526,0.0648018
3/14/2019 7:00,0.170986862,0.056200664
3/14/2019 8:00,0.125107014,0.041120687
3/14/2019 9:00,0.091025609,0.029918671
3/14/2019 10:00,0.144023288,0.047338165
3/14/2019 11:00,0.365746867,0.120215182
3/14/2019 12:00,0.576882988,0.189612269
3/14/2019 13:00,0.685684978,0.225373753
3/14/2019 14:00,0.676334706,0.222300468
3/14/2019 15:00,0.643241081,0.211423119
3/14/2019 16:00,0.574771523,0.188918264
3/14/2019 17:00,0.5460138,0.179466057
3/14/2019 18:00,0.527361925,0.173335482
3/14/2019 19:00,0.607253427,0.199594549
3/14/2019 20:00,0.638536927,0.209876938
3/14/2019 21:00,0.73827174,0.242658186
3/14/2019 22:00,0.802037233,0.26361689
3/14/2019 23:00,0.826055406,0.271511282
3/15/2019 0:00,0.8710515,0.286300783
3/15/2019 1:00,0.873051009,0.28695799
3/15/2019 2:00,0.780235527,0.256451016
3/15/2019 3:00,0.670777078,0.220473764
3/15/2019 4:00,0.544763409,0.179055074
3/15/2019 5:00,0.589259201,0.193680133
3/15/2019 6:00,0.583535539,0.191798856
3/15/2019 7:00,0.623421947,0.204908885
3/15/2019 8:00,0.694628847,0.228313461
3/15/2019 9:00,0.785840238,0.258293195
3/15/2019 10:00,0.878138126,0.288630044
3/15/2019 11:00,0.902359897,0.296591355
3/15/2019 12:00,0.896726721,0.29473982
3/15/2019 13:00,0.898436669,0.295301853
3/15/2019 14:00,0.89900927,0.295490058
3/15/2019 15:00,0.907690822,0.298343546
3/15/2019 16:00,0.908411336,0.298580367
3/15/2019 17:00,0.90913341,0.298817701
3/15/2019 18:00,0.909140484,0.298820027
3/15/2019 19:00,0.908242121,0.298524749
3/15/2019 20:00,0.908469719,0.298599557
3/15/2019 21:00,0.908064229,0.298466279
3/15/2019 22:00,0.904697883,0.297359814
3/15/2019 23:00,0.892395308,0.293316153
3/16/2019 0:00,0.879033589,0.288924368
3/16/2019 1:00,0.865359077,0.284429774
3/16/2019 2:00,0.844398767,0.277540453
3/16/2019 3:00,0.798324838,0.262396685
3/16/2019 4:00,0.715698052,0.235238574
3/16/2019 5:00,0.571156895,0.187730193
3/16/2019 6:00,0.379853078,0.124851669
3/16/2019 7:00,0.232186692,0.076316075
3/16/2019 8:00,0.152829321,0.050232569
3/16/2019 9:00,0.125641547,0.041296379
3/16/2019 10:00,0.112917398,0.037114154
3/16/2019 11:00,0.057775957,0.018990039
3/16/2019 12:00,0.03131737,0.010293522
3/16/2019 13:00,0.009004728,0.002959711
3/16/2019 14:00,0,0
3/16/2019 15:00,0,0
3/16/2019 16:00,0.003166294,0.001040711
3/16/2019 17:00,0.025072344,0.008240881
3/16/2019 18:00,0.044683155,0.014686643
3/16/2019 19:00,0.080490243,0.026455864
3/16/2019 20:00,0.118486143,0.038944512
3/16/2019 21:00,0.159796967,0.052522723
3/16/2019 22:00,0.165023224,0.054240511
3/16/2019 23:00,0.223412376,0.073432097
3/17/2019 0:00,0.292136539,0.096020637
3/17/2019 1:00,0.372738875,0.122513344
3/17/2019 2:00,0.41586186,0.136687183
3/17/2019 3:00,0.476754127,0.156701504
3/17/2019 4:00,0.609926266,0.200473069
3/17/2019 5:00,0.575483752,0.189152362
3/17/2019 6:00,0.542570051,0.178334152
3/17/2019 7:00,0.644043223,0.211686771
3/17/2019 8:00,0.806904154,0.26521657
3/17/2019 9:00,0.86986162,0.285909688
3/17/2019 10:00,0.91,0.299102536
3/17/2019 11:00,0.91,0.299102536
3/17/2019 12:00,0.91,0.299102536
3/17/2019 13:00,0.91,0.299102536
3/17/2019 14:00,0.91,0.299102536
3/17/2019 15:00,0.91,0.299102536
3/17/2019 16:00,0.908957862,0.298760002
3/17/2019 17:00,0.905727361,0.297698187
3/17/2019 18:00,0.897120101,0.294869118
3/17/2019 19:00,0.88068573,0.289467401
3/17/2019 20:00,0.865229991,0.284387345
3/17/2019 21:00,0.828982717,0.272473443
3/17/2019 22:00,0.811331556,0.266671786
3/17/2019 23:00,0.727758542,0.239202665
3/18/2019 0:00,0.61116953,0.20088171
3/18/2019 1:00,0.488227356,0.160472572
3/18/2019 2:00,0.376571764,0.123773153
3/18/2019 3:00,0.277378883,0.09117003
3/18/2019 4:00,0.187767051,0.061716045
3/18/2019 5:00,0.117341844,0.038568399
3/18/2019 6:00,0.056850085,0.018685719
3/18/2019 7:00,0.018294245,0.006013028
3/18/2019 8:00,0,0
3/18/2019 9:00,0,0
3/18/2019 10:00,0,0
3/18/2019 11:00,0,0
3/18/2019 12:00,0,0
3/18/2019 13:00,0.000338266,0.000111183
3/18/2019 14:00,0.019706895,0.006477343
3/18/2019 15:00,0.043626854,0.014339453
3/18/2019 16:00,0.052455875,0.017241412
3/18/2019 17:00,0.071760595,0.023586567
3/18/2019 18:00,0.120816342,0.039710411
3/18/2019 19:00,0.16806335,0.055239752
3/18/2019 20:00,0.245788655,0.080786824
3/18/2019 21:00,0.325593032,0.107017254
3/18/2019 22:00,0.441954274,0.145263345
3/18/2019 23:00,0.419237458,0.137796689
3/19/2019 0:00,0.370247316,0.121694408
3/19/2019 1:00,0.316956213,0.104178469
3/19/2019 2:00,0.291847886,0.095925761
3/19/2019 3:00,0.280173013,0.092088416
3/19/2019 4:00,0.310521045,0.102063332
3/19/2019 5:00,0.378381371,0.124367942
3/19/2019 6:00,0.451667655,0.148455979
3/19/2019 7:00,0.498029084,0.163694244
3/19/2019 8:00,0.504015364,0.165661839
3/19/2019 9:00,0.550048329,0.180792143
3/19/2019 10:00,0.554810967,0.182357546
3/19/2019 11:00,0.597572303,0.196412518
3/19/2019 12:00,0.639789212,0.210288545
3/19/2019 13:00,0.683036766,0.224503328
3/19/2019 14:00,0.801074939,0.263300599
3/19/2019 15:00,0.856027496,0.281362632
3/19/2019 16:00,0.883860228,0.290510808
3/19/2019 17:00,0.889362443,0.292319299
3/19/2019 18:00,0.872555639,0.286795169
3/19/2019 19:00,0.859483651,0.282498615
3/19/2019 20:00,0.836209848,0.274848886
3/19/2019 21:00,0.829156645,0.27253061
3/19/2019 22:00,0.801719977,0.263512613
3/19/2019 23:00,0.828502162,0.272315492
3/20/2019 0:00,0.830734588,0.273049255
3/20/2019 1:00,0.85260854,0.280238875
3/20/2019 2:00,0.846986769,0.278391088
3/20/2019 3:00,0.810906209,0.266531982
3/20/2019 4:00,0.78525536,0.258100955
3/20/2019 5:00,0.787206906,0.258742398
3/20/2019 6:00,0.734462323,0.241406091
3/20/2019 7:00,0.631223545,0.207473146
3/20/2019 8:00,0.581026156,0.190974062
3/20/2019 9:00,0.581087718,0.190994297
3/20/2019 10:00,0.609936776,0.200476523
3/20/2019 11:00,0.528710473,0.173778729
3/20/2019 12:00,0.524170405,0.172286481
3/20/2019 13:00,0.434794038,0.142909889
3/20/2019 14:00,0.446280089,0.146685172
3/20/2019 15:00,0.634195432,0.208449958
3/20/2019 16:00,0.830635437,0.273016665
3/20/2019 17:00,0.905020987,0.297466013
3/20/2019 18:00,0.91,0.299102536
3/20/2019 19:00,0.91,0.299102536
3/20/2019 20:00,0.91,0.299102536
3/20/2019 21:00,0.91,0.299102536
3/20/2019 22:00,0.907746237,0.29836176
3/20/2019 23:00,0.899476059,0.295643484
3/21/2019 0:00,0.889673363,0.292421493
3/21/2019 1:00,0.842267954,0.276840089
3/21/2019 2:00,0.60571328,0.199088328
3/21/2019 3:00,0.324604482,0.106692334
3/21/2019 4:00,0.211606645,0.069551741
3/21/2019 5:00,0.246884952,0.08114716
3/21/2019 6:00,0.350080403,0.115065864
3/21/2019 7:00,0.400315264,0.131577264
3/21/2019 8:00,0.367534227,0.120802658
3/21/2019 9:00,0.264120717,0.086812281
3/21/2019 10:00,0.139342377,0.045799624
3/21/2019 11:00,0.119270066,0.039202175
3/21/2019 12:00,0.155899724,0.051241761
3/21/2019 13:00,0.136931896,0.045007338
3/21/2019 14:00,0.116738595,0.038370121
3/21/2019 15:00,0.073558923,0.024177649
3/21/2019 16:00,0.01967795,0.006467829
3/21/2019 17:00,0.017830296,0.005860535
3/21/2019 18:00,0.131201398,0.043123814
3/21/2019 19:00,0.250439381,0.082315444
3/21/2019 20:00,0.596500307,0.19606017
3/21/2019 21:00,0.863259265,0.283739599
3/21/2019 22:00,0.898268382,0.295246539
3/21/2019 23:00,0.877321326,0.288361575
3/22/2019 0:00,0.850846393,0.279659685
3/22/2019 1:00,0.852277469,0.280130057
3/22/2019 2:00,0.853954851,0.280681386
3/22/2019 3:00,0.854819706,0.28096565
3/22/2019 4:00,0.856757967,0.281602726
3/22/2019 5:00,0.879588095,0.289106626
3/22/2019 6:00,0.894814376,0.294111263
3/22/2019 7:00,0.905187478,0.297520736
3/22/2019 8:00,0.91,0.299102536
3/22/2019 9:00,0.91,0.299102536
3/22/2019 10:00,0.91,0.299102536
3/22/2019 11:00,0.909340123,0.298885645
3/22/2019 12:00,0.893217118,0.293586269
3/22/2019 13:00,0.877445582,0.288402416
3/22/2019 14:00,0.878347085,0.288698726
3/22/2019 15:00,0.900440781,0.295960572
3/22/2019 16:00,0.91,0.299102536
3/22/2019 17:00,0.91,0.299102536
3/22/2019 18:00,0.91,0.299102536
3/22/2019 19:00,0.91,0.299102536
3/22/2019 20:00,0.91,0.299102536
3/22/2019 21:00,0.91,0.299102536
3/22/2019 22:00,0.91,0.299102536
3/22/2019 23:00,0.91,0.299102536
3/23/2019 0:00,0.91,0.299102536
3/23/2019 1:00,0.91,0.299102536
3/23/2019 2:00,0.91,0.299102536
3/23/2019 3:00,0.91,0.299102536
3/23/2019 4:00,0.91,0.299102536
3/23/2019 5:00,0.91,0.299102536
3/23/2019 6:00,0.91,0.299102536
3/23/2019 7:00,0.91,0.299102536
3/23/2019 8:00,0.91,0.299102536
3/23/2019 9:00,0.91,0.299102536
3/23/2019 10:00,0.91,0.299102536
3/23/2019 11:00,0.91,0.299102536
3/23/2019 12:00,0.91,0.299102536
3/23/2019 13:00,0.91,0.299102536
3/23/2019 14:00,0.91,0.299102536
3/23/2019 15:00,0.91,0.299102536
3/23/2019 16:00,0.907947756,0.298427996
3/23/2019 17:00,0.896798055,0.294763266
3/23/2019 18:00,0.888660716,0.292088652
3/23/2019 19:00,0.868441187,0.285442814
3/23/2019 20:00,0.899932432,0.295793486
3/23/2019 21:00,0.877686268,0.288481526
3/23/2019 22:00,0.847316584,0.278499493
3/23/2019 23:00,0.863719131,0.28389075
3/24/2019 0:00,0.877109326,0.288291894
3/24/2019 1:00,0.878387477,0.288712002
3/24/2019 2:00,0.863505715,0.283820603
3/24/2019 3:00,0.865795018,0.284573061
3/24/2019 4:00,0.881292555,0.289666855
3/24/2019 5:00,0.905468368,0.29761306
3/24/2019 6:00,0.909737352,0.299016208
3/24/2019 7:00,0.91,0.299102536
3/24/2019 8:00,0.91,0.299102536
3/24/2019 9:00,0.91,0.299102536
3/24/2019 10:00,0.909842026,0.299050612
3/24/2019 11:00,0.91,0.299102536
3/24/2019 12:00,0.908554995,0.298627585
3/24/2019 13:00,0.907860293,0.298399248
3/24/2019 14:00,0.908181455,0.298504809
3/24/2019 15:00,0.909633023,0.298981916
3/24/2019 16:00,0.91,0.299102536
3/24/2019 17:00,0.91,0.299102536
3/24/2019 18:00,0.91,0.299102536
3/24/2019 19:00,0.91,0.299102536
3/24/2019 20:00,0.91,0.299102536
3/24/2019 21:00,0.91,0.299102536
3/24/2019 22:00,0.908197055,0.298509936
3/24/2019 23:00,0.903876061,0.297089694
3/25/2019 0:00,0.901368474,0.29626549
3/25/2019 1:00,0.877102998,0.288289814
3/25/2019 2:00,0.859929422,0.282645132
3/25/2019 3:00,0.85111799,0.279748955
3/25/2019 4:00,0.813164447,0.267274229
3/25/2019 5:00,0.795992133,0.261629962
3/25/2019 6:00,0.766793996,0.252032999
3/25/2019 7:00,0.680547857,0.223685263
3/25/2019 8:00,0.547452324,0.179938877
3/25/2019 9:00,0.439410015,0.144427088
3/25/2019 10:00,0.397303969,0.1305875
3/25/2019 11:00,0.368918994,0.121257809
3/25/2019 12:00,0.483808185,0.15902006
3/25/2019 13:00,0.498092598,0.16371512
3/25/2019 14:00,0.489006893,0.160728793
3/25/2019 15:00,0.548436085,0.180262224
3/25/2019 16:00,0.400488558,0.131634223
3/25/2019 17:00,0.300989646,0.098930512
3/25/2019 18:00,0.422807384,0.138970067
3/25/2019 19:00,0.402422454,0.132269864
3/25/2019 20:00,0.441330678,0.145058379
3/25/2019 21:00,0.54392431,0.178779275
3/25/2019 22:00,0.563261818,0.185135207
3/25/2019 23:00,0.574390995,0.18879319
3/26/2019 0:00,0.644053205,0.211690051
3/26/2019 1:00,0.720072449,0.236676369
3/26/2019 2:00,0.778929231,0.256021657
3/26/2019 3:00,0.837171491,0.275164963
3/26/2019 4:00,0.8646794,0.284206375
3/26/2019 5:00,0.871620768,0.286487892
3/26/2019 6:00,0.877028443,0.288265309
3/26/2019 7:00,0.8848236,0.290827453
3/26/2019 8:00,0.883716532,0.290463578
3/26/2019 9:00,0.88708242,0.291569892
3/26/2019 10:00,0.905139547,0.297504982
3/26/2019 11:00,0.908490668,0.298606442
3/26/2019 12:00,0.91,0.299102536
3/26/2019 13:00,0.91,0.299102536
3/26/2019 14:00,0.91,0.299102536
3/26/2019 15:00,0.91,0.299102536
3/26/2019 16:00,0.91,0.299102536
3/26/2019 17:00,0.908770041,0.298698268
3/26/2019 18:00,0.901517034,0.296314319
3/26/2019 19:00,0.880649003,0.289455329
3/26/2019 20:00,0.869456131,0.28577641
3/26/2019 21:00,0.860895277,0.282962594
3/26/2019 22:00,0.882767397,0.290151612
3/26/2019 23:00,0.886704308,0.291445612
3/27/2019 0:00,0.883004813,0.290229647
3/27/2019 1:00,0.870994912,0.286282183
3/27/2019 2:00,0.859747742,0.282585417
3/27/2019 3:00,0.857419874,0.281820284
3/27/2019 4:00,0.863998252,0.283982492
3/27/2019 5:00,0.871198607,0.286349134
3/27/2019 6:00,0.87636891,0.288048531
3/27/2019 7:00,0.88083717,0.289517177
3/27/2019 8:00,0.876572977,0.288115604
3/27/2019 9:00,0.866239265,0.284719078
3/27/2019 10:00,0.860043462,0.282682616
3/27/2019 11:00,0.84692515,0.278370835
3/27/2019 12:00,0.861720347,0.283233781
3/27/2019 13:00,0.879568266,0.289100109
3/27/2019 14:00,0.89387824,0.29380357
3/27/2019 15:00,0.893977141,0.293836077
3/27/2019 16:00,0.886626815,0.291420141
3/27/2019 17:00,0.88951131,0.292368229
3/27/2019 18:00,0.877591462,0.288450365
3/27/2019 19:00,0.866126762,0.2846821
3/27/2019 20:00,0.868166165,0.285352419
3/27/2019 21:00,0.87207355,0.286636715
3/27/2019 22:00,0.87874413,0.288829228
3/27/2019 23:00,0.869485253,0.285785982
3/28/2019 0:00,0.872332725,0.286721901
3/28/2019 1:00,0.871339829,0.286395552
3/28/2019 2:00,0.870676687,0.286177588
3/28/2019 3:00,0.867371951,0.285091374
3/28/2019 4:00,0.864703697,0.284214361
3/28/2019 5:00,0.871070333,0.286306973
3/28/2019 6:00,0.880001857,0.289242623
3/28/2019 7:00,0.879480774,0.289071351
3/28/2019 8:00,0.885249393,0.290967405
3/28/2019 9:00,0.890224474,0.292602635
3/28/2019 10:00,0.903660637,0.297018888
3/28/2019 11:00,0.905403701,0.297591805
3/28/2019 12:00,0.903695008,0.297030185
3/28/2019 13:00,0.90000655,0.295817847
3/28/2019 14:00,0.891407784,0.29299157
3/28/2019 15:00,0.883274766,0.290318376
3/28/2019 16:00,0.882573806,0.290087982
3/28/2019 17:00,0.886302061,0.2913134
3/28/2019 18:00,0.897335874,0.294940039
3/28/2019 19:00,0.90350166,0.296966635
3/28/2019 20:00,0.907115405,0.298154415
3/28/2019 21:00,0.908853677,0.298725757
3/28/2019 22:00,0.906197341,0.297852662
3/28/2019 23:00,0.908422606,0.298584071
3/29/2019 0:00,0.91,0.299102536
3/29/2019 1:00,0.91,0.299102536
3/29/2019 2:00,0.91,0.299102536
3/29/2019 3:00,0.91,0.299102536
3/29/2019 4:00,0.91,0.299102536
3/29/2019 5:00,0.91,0.299102536
3/29/2019 6:00,0.91,0.299102536
3/29/2019 7:00,0.91,0.299102536
3/29/2019 8:00,0.91,0.299102536
3/29/2019 9:00,0.909861648,0.299057062
3/29/2019 10:00,0.891352456,0.292973385
3/29/2019 11:00,0.814662603,0.267766649
3/29/2019 12:00,0.704476201,0.23155013
3/29/2019 13:00,0.53577429,0.176100493
3/29/2019 14:00,0.414647413,0.136288014
3/29/2019 15:00,0.308668055,0.101454283
3/29/2019 16:00,0.285548212,0.093855159
3/29/2019 17:00,0.270491123,0.088906133
3/29/2019 18:00,0.226701195,0.07451308
3/29/2019 19:00,0.199326037,0.0655153
3/29/2019 20:00,0.22803538,0.074951605
3/29/2019 21:00,0.275976228,0.090708999
3/29/2019 22:00,0.31406173,0.103227099
3/29/2019 23:00,0.371181727,0.122001534
3/30/2019 0:00,0.412946675,0.135729008
3/30/2019 1:00,0.427682587,0.140572468
3/30/2019 2:00,0.502062802,0.165020063
3/30/2019 3:00,0.533709537,0.175421842
3/30/2019 4:00,0.586775157,0.192863667
3/30/2019 5:00,0.636330596,0.209151753
3/30/2019 6:00,0.669665848,0.22010852
3/30/2019 7:00,0.711955018,0.234008298
3/30/2019 8:00,0.750181883,0.246572861
3/30/2019 9:00,0.816547449,0.268386168
3/30/2019 10:00,0.878306288,0.288685316
3/30/2019 11:00,0.901861587,0.296427569
3/30/2019 12:00,0.90693709,0.298095806
3/30/2019 13:00,0.909678556,0.298996882
3/30/2019 14:00,0.91,0.299102536
3/30/2019 15:00,0.907643205,0.298327895
3/30/2019 16:00,0.871689861,0.286510602
3/30/2019 17:00,0.75385167,0.247779062
3/30/2019 18:00,0.560138956,0.184108772
3/30/2019 19:00,0.405800639,0.13338022
3/30/2019 20:00,0.335664567,0.110327608
3/30/2019 21:00,0.298090032,0.097977455
3/30/2019 22:00,0.241752508,0.079460207
3/30/2019 23:00,0.200441693,0.065881998
3/31/2019 0:00,0.153448465,0.050436071
3/31/2019 1:00,0.133762225,0.043965517
3/31/2019 2:00,0.133225391,0.043789069
3/31/2019 3:00,0.093540864,0.030745395
3/31/2019 4:00,0.053914207,0.017720743
3/31/2019 5:00,0.032466661,0.010671275
3/31/2019 6:00,0.017071052,0.005610983
3/31/2019 7:00,0.011591194,0.003809841
3/31/2019 8:00,0.01450697,0.00476821
3/31/2019 9:00,0.035264236,0.011590794
3/31/2019 10:00,0.113455557,0.037291038
3/31/2019 11:00,0.158325492,0.052039073
3/31/2019 12:00,0.208834251,0.068640499
3/31/2019 13:00,0.223120664,0.073336216
3/31/2019 14:00,0.221903701,0.072936219
3/31/2019 15:00,0.212988317,0.070005874
3/31/2019 16:00,0.197974185,0.065070968
3/31/2019 17:00,0.185733549,0.061047665
3/31/2019 18:00,0.190460085,0.062601203
3/31/2019 19:00,0.214162556,0.070391828
3/31/2019 20:00,0.273101647,0.08976417
3/31/2019 21:00,0.31652829,0.104037818
3/31/2019 22:00,0.374572806,0.123116128
3/31/2019 23:00,0.329558947,0.108320788
04/01/2019 00:00,0.261672083,0.086007454
04/01/2019 01:00,0.208180845,0.068425735
04/01/2019 02:00,0.19931671,0.065512235
04/01/2019 03:00,0.214036918,0.070350533
04/01/2019 04:00,0.244254016,0.080282413
04/01/2019 05:00,0.304756238,0.100168531
04/01/2019 06:00,0.399298649,0.131243119
04/01/2019 07:00,0.519466761,0.170740467
04/01/2019 08:00,0.608941263,0.200149314
04/01/2019 09:00,0.653317121,0.214734953
04/01/2019 10:00,0.647384019,0.212784837
04/01/2019 11:00,0.67608651,0.222218889
04/01/2019 12:00,0.74810743,0.245891021
04/01/2019 13:00,0.827255792,0.27190583
04/01/2019 14:00,0.838610289,0.275637872
04/01/2019 15:00,0.834156999,0.274174147
04/01/2019 16:00,0.844993513,0.277735937
04/01/2019 17:00,0.839214459,0.275836454
04/01/2019 18:00,0.83322903,0.273869138
04/01/2019 19:00,0.830202088,0.27287423
04/01/2019 20:00,0.85408003,0.28072253
04/01/2019 21:00,0.841467107,0.276576863
04/01/2019 22:00,0.708908466,0.233006945
04/01/2019 23:00,0.585882938,0.192570409
04/02/2019 00:00,0.323865409,0.106449412
04/02/2019 01:00,0.152097829,0.049992139
04/02/2019 02:00,0.091650355,0.030124015
04/02/2019 03:00,0.080117277,0.026333275
04/02/2019 04:00,0.088250618,0.029006575
04/02/2019 05:00,0.074030928,0.024332789
04/02/2019 06:00,0.036281266,0.011925075
04/02/2019 07:00,0.011561253,0.0038
04/02/2019 08:00,0,0
04/02/2019 09:00,0,0
04/02/2019 10:00,0.006177055,0.0020303
04/02/2019 11:00,0.025963788,0.008533885
04/02/2019 12:00,0.062205769,0.020446048
04/02/2019 13:00,0.13445773,0.044194119
04/02/2019 14:00,0.252939184,0.083137089
04/02/2019 15:00,0.477450258,0.156930311
04/02/2019 16:00,0.696409557,0.228898752
04/02/2019 17:00,0.817703962,0.268766295
04/02/2019 18:00,0.881602552,0.289768746
04/02/2019 19:00,0.907057475,0.298135374
04/02/2019 20:00,0.91,0.299102536
04/02/2019 21:00,0.91,0.299102536
04/02/2019 22:00,0.91,0.299102536
04/02/2019 23:00,0.91,0.299102536
04/03/2019 00:00,0.91,0.299102536
04/03/2019 01:00,0.91,0.299102536
04/03/2019 02:00,0.91,0.299102536
04/03/2019 03:00,0.91,0.299102536
04/03/2019 04:00,0.91,0.299102536
04/03/2019 05:00,0.91,0.299102536
04/03/2019 06:00,0.91,0.299102536
04/03/2019 07:00,0.91,0.299102536
04/03/2019 08:00,0.91,0.299102536
04/03/2019 09:00,0.91,0.299102536
04/03/2019 10:00,0.91,0.299102536
04/03/2019 11:00,0.91,0.299102536
04/03/2019 12:00,0.91,0.299102536
04/03/2019 13:00,0.91,0.299102536
04/03/2019 14:00,0.91,0.299102536
04/03/2019 15:00,0.875833195,0.28787245
04/03/2019 16:00,0.693739044,0.228020997
04/03/2019 17:00,0.498974982,0.164005145
04/03/2019 18:00,0.257470235,0.084626374
04/03/2019 19:00,0.135382624,0.044498117
04/03/2019 20:00,0.087000952,0.02859583
04/03/2019 21:00,0.111151281,0.036533659
04/03/2019 22:00,0.17294138,0.056843083
04/03/2019 23:00,0.309832793,0.101837114
04/04/2019 00:00,0.491897179,0.161678784
04/04/2019 01:00,0.63283966,0.208004337
04/04/2019 02:00,0.74091757,0.243527829
04/04/2019 03:00,0.761720024,0.250365264
04/04/2019 04:00,0.779521941,0.256216472
04/04/2019 05:00,0.795358815,0.2614218
04/04/2019 06:00,0.844680504,0.277633056
04/04/2019 07:00,0.865402844,0.284444159
04/04/2019 08:00,0.861475925,0.283153444
04/04/2019 09:00,0.865601046,0.284509305
04/04/2019 10:00,0.857295348,0.281779354
04/04/2019 11:00,0.750800615,0.246776228
04/04/2019 12:00,0.739533447,0.243072889
04/04/2019 13:00,0.733476213,0.241081973
04/04/2019 14:00,0.68109764,0.223865968
04/04/2019 15:00,0.558878711,0.183694549
04/04/2019 16:00,0.451039211,0.148249419
04/04/2019 17:00,0.329636386,0.108346241
04/04/2019 18:00,0.223443823,0.073442433
04/04/2019 19:00,0.208726297,0.068605016
04/04/2019 20:00,0.152645983,0.050172308
04/04/2019 21:00,0.09760187,0.032080183
04/04/2019 22:00,0.097765164,0.032133856
04/04/2019 23:00,0.132534229,0.043561895
04/05/2019 00:00,0.128513769,0.042240433
04/05/2019 01:00,0.140829619,0.046288457
04/05/2019 02:00,0.129779822,0.042656565
04/05/2019 03:00,0.140032177,0.046026351
04/05/2019 04:00,0.152092513,0.049990392
04/05/2019 05:00,0.160386808,0.052716595
04/05/2019 06:00,0.146208953,0.048056559
04/05/2019 07:00,0.119942204,0.039423096
04/05/2019 08:00,0.084069863,0.027632428
04/05/2019 09:00,0.058981459,0.019386268
04/05/2019 10:00,0.058659908,0.019280579
04/05/2019 11:00,0.032903553,0.010814875
04/05/2019 12:00,0.015916521,0.005231507
04/05/2019 13:00,0.002631812,0.000865035
04/05/2019 14:00,0,0
04/05/2019 15:00,0,0
04/05/2019 16:00,0,0
04/05/2019 17:00,0,0
04/05/2019 18:00,0,0
04/05/2019 19:00,0,0
04/05/2019 20:00,0,0
04/05/2019 21:00,0,0
04/05/2019 22:00,0,0
04/05/2019 23:00,0,0
04/06/2019 00:00,0.023501086,0.007724433
04/06/2019 01:00,0.034625471,0.011380842
04/06/2019 02:00,0.055612878,0.018279069
04/06/2019 03:00,0.069672973,0.022900399
04/06/2019 04:00,0.070222378,0.023080979
04/06/2019 05:00,0.085610138,0.028138691
04/06/2019 06:00,0.122785624,0.040357683
04/06/2019 07:00,0.185693418,0.061034475
04/06/2019 08:00,0.266468592,0.087583991
04/06/2019 09:00,0.323323731,0.106271371
04/06/2019 10:00,0.381469376,0.12538292
04/06/2019 11:00,0.446233278,0.146669786
04/06/2019 12:00,0.563413535,0.185185074
04/06/2019 13:00,0.532388972,0.174987793
04/06/2019 14:00,0.511662174,0.168175224
04/06/2019 15:00,0.528201796,0.173611535
04/06/2019 16:00,0.594761149,0.195488536
04/06/2019 17:00,0.609339493,0.200280206
04/06/2019 18:00,0.621531129,0.204287403
04/06/2019 19:00,0.626080086,0.205782573
04/06/2019 20:00,0.622819576,0.204710895
04/06/2019 21:00,0.593424259,0.195049122
04/06/2019 22:00,0.684666998,0.22503916
04/06/2019 23:00,0.635897641,0.209009447
04/07/2019 00:00,0.606805038,0.199447171
04/07/2019 01:00,0.631902454,0.207696293
04/07/2019 02:00,0.632783236,0.207985792
04/07/2019 03:00,0.619858762,0.203737722
04/07/2019 04:00,0.610125194,0.200538453
04/07/2019 05:00,0.62934033,0.206854163
04/07/2019 06:00,0.646796296,0.212591662
04/07/2019 07:00,0.632477722,0.207885374
04/07/2019 08:00,0.61280871,0.201420482
04/07/2019 09:00,0.603277809,0.198287827
04/07/2019 10:00,0.587670241,0.193157867
04/07/2019 11:00,0.571558079,0.187862056
04/07/2019 12:00,0.586792482,0.192869362
04/07/2019 13:00,0.648609113,0.213187506
04/07/2019 14:00,0.655696382,0.215516978
04/07/2019 15:00,0.659435536,0.216745979
04/07/2019 16:00,0.646737615,0.212572374
04/07/2019 17:00,0.628452577,0.206562373
04/07/2019 18:00,0.635934727,0.209021637
04/07/2019 19:00,0.64384573,0.211621858
04/07/2019 20:00,0.649905128,0.213613486
04/07/2019 21:00,0.655271565,0.215377348
04/07/2019 22:00,0.690390327,0.226920327
04/07/2019 23:00,0.607581219,0.199702289
04/08/2019 00:00,0.572592704,0.188202121
04/08/2019 01:00,0.597229484,0.196299839
04/08/2019 02:00,0.595946256,0.195878062
04/08/2019 03:00,0.562103364,0.184754441
04/08/2019 04:00,0.524360276,0.172348888
04/08/2019 05:00,0.511205361,0.168025077
04/08/2019 06:00,0.493783125,0.162298665
04/08/2019 07:00,0.441893739,0.145243448
04/08/2019 08:00,0.41550211,0.136568939
04/08/2019 09:00,0.409349461,0.134546661
04/08/2019 10:00,0.353048395,0.116041396
04/08/2019 11:00,0.350542353,0.1152177
04/08/2019 12:00,0.300356753,0.09872249
04/08/2019 13:00,0.24220932,0.079610354
04/08/2019 14:00,0.216763144,0.0712466
04/08/2019 15:00,0.225252611,0.074036953
04/08/2019 16:00,0.222989108,0.073292976
04/08/2019 17:00,0.223085303,0.073324593
04/08/2019 18:00,0.253121051,0.083196866
04/08/2019 19:00,0.28581657,0.093943364
04/08/2019 20:00,0.336146869,0.110486133
04/08/2019 21:00,0.372800762,0.122533685
04/08/2019 22:00,0.351053597,0.115385737
04/08/2019 23:00,0.422510608,0.138872521
04/09/2019 00:00,0.466997311,0.153494593
04/09/2019 01:00,0.482995342,0.158752892
04/09/2019 02:00,0.477186653,0.156843668
04/09/2019 03:00,0.424279651,0.139453977
04/09/2019 04:00,0.353138929,0.116071153
04/09/2019 05:00,0.294763975,0.096884233
04/09/2019 06:00,0.265387161,0.087228542
04/09/2019 07:00,0.22651324,0.074451302
04/09/2019 08:00,0.181106952,0.059526977
04/09/2019 09:00,0.15437806,0.050741614
04/09/2019 10:00,0.224477322,0.073782128
04/09/2019 11:00,0.200785221,0.065994911
04/09/2019 12:00,0.19207759,0.063132851
04/09/2019 13:00,0.166775353,0.054816408
04/09/2019 14:00,0.141153061,0.046394768
04/09/2019 15:00,0.121848188,0.040049563
04/09/2019 16:00,0.107164664,0.035223322
04/09/2019 17:00,0.100358197,0.032986144
04/09/2019 18:00,0.101934538,0.033504263
04/09/2019 19:00,0.115954884,0.038112527
04/09/2019 20:00,0.121976478,0.04009173
04/09/2019 21:00,0.124051559,0.040773776
04/09/2019 22:00,0.173156227,0.056913699
04/09/2019 23:00,0.141455996,0.046494338
04/10/2019 00:00,0.111473256,0.036639487
04/10/2019 01:00,0.080429564,0.026435919
04/10/2019 02:00,0.052343961,0.017204628
04/10/2019 03:00,0.040880149,0.013436655
04/10/2019 04:00,0.032503142,0.010683266
04/10/2019 05:00,0.03843187,0.012631945
04/10/2019 06:00,0.045075193,0.0148155
04/10/2019 07:00,0.044385716,0.014588879
04/10/2019 08:00,0.033648092,0.011059593
04/10/2019 09:00,0.027243857,0.008954623
04/10/2019 10:00,0.053000801,0.017420521
04/10/2019 11:00,0.058924468,0.019367536
04/10/2019 12:00,0.059611047,0.019593204
04/10/2019 13:00,0.054854171,0.018029694
04/10/2019 14:00,0.037138734,0.012206912
04/10/2019 15:00,0.015974013,0.005250404
04/10/2019 16:00,0.004475674,0.001471083
04/10/2019 17:00,0.006691601,0.002199423
04/10/2019 18:00,0.013557991,0.004456296
04/10/2019 19:00,0.022173018,0.007287919
04/10/2019 20:00,0.02564696,0.008429748
04/10/2019 21:00,0.020699379,0.006803557
04/10/2019 22:00,0.022464389,0.007383688
04/10/2019 23:00,0.019288667,0.006339878
04/11/2019 00:00,0.01602161,0.005266049
04/11/2019 01:00,0.014492101,0.004763323
04/11/2019 02:00,0.010733958,0.003528082
04/11/2019 03:00,0.005681744,0.001867499
04/11/2019 04:00,0.003348608,0.001100634
04/11/2019 05:00,0.001816772,0.000597144
04/11/2019 06:00,0,0
04/11/2019 07:00,0,0
04/11/2019 08:00,0,0
04/11/2019 09:00,0,0
04/11/2019 10:00,0.014787236,0.00486033
04/11/2019 11:00,0.015306897,0.005031134
04/11/2019 12:00,0.010792807,0.003547424
04/11/2019 13:00,0.007627361,0.002506992
04/11/2019 14:00,0.005381724,0.001768887
04/11/2019 15:00,0,0
04/11/2019 16:00,0,0
04/11/2019 17:00,0,0
04/11/2019 18:00,0,0
04/11/2019 19:00,0.00264699,0.000870023
04/11/2019 20:00,0.006166645,0.002026878
04/11/2019 21:00,0.007681799,0.002524885
04/11/2019 22:00,0.00754001,0.002478282
04/11/2019 23:00,0,0
04/12/2019 00:00,0,0
04/12/2019 01:00,0,0
04/12/2019 02:00,0,0
04/12/2019 03:00,0,0
04/12/2019 04:00,0.005815205,0.001911366
04/12/2019 05:00,0.031042869,0.010203298
04/12/2019 06:00,0.113950776,0.037453809
04/12/2019 07:00,0.31090969,0.102191073
04/12/2019 08:00,0.537559165,0.176687153
04/12/2019 09:00,0.660025732,0.216939967
04/12/2019 10:00,0.662376723,0.2177127
04/12/2019 11:00,0.700715815,0.23031415
04/12/2019 12:00,0.773226343,0.254147209
04/12/2019 13:00,0.781939708,0.257011153
04/12/2019 14:00,0.790984413,0.259984004
04/12/2019 15:00,0.78630698,0.258446606
04/12/2019 16:00,0.787168232,0.258729686
04/12/2019 17:00,0.807815906,0.265516248
04/12/2019 18:00,0.820400562,0.269652625
04/12/2019 19:00,0.82162839,0.270056192
04/12/2019 20:00,0.81524676,0.267958652
04/12/2019 21:00,0.809645775,0.266117697
04/12/2019 22:00,0.766534359,0.25194766
04/12/2019 23:00,0.748682202,0.24607994
4/13/2019 0:00,0.745654106,0.245084652
4/13/2019 1:00,0.765864171,0.25172738
4/13/2019 2:00,0.778171998,0.255772767
4/13/2019 3:00,0.764221323,0.251187402
4/13/2019 4:00,0.727328526,0.239061326
4/13/2019 5:00,0.678840236,0.223123995
4/13/2019 6:00,0.659936078,0.216910499
4/13/2019 7:00,0.685642697,0.225359856
4/13/2019 8:00,0.690363477,0.226911502
4/13/2019 9:00,0.691765469,0.227372314
4/13/2019 10:00,0.737151832,0.24229009
4/13/2019 11:00,0.758172966,0.249199403
4/13/2019 12:00,0.787483621,0.258833349
4/13/2019 13:00,0.813982247,0.267543026
4/13/2019 14:00,0.820442678,0.269666467
4/13/2019 15:00,0.842013183,0.27675635
4/13/2019 16:00,0.844468247,0.27756329
4/13/2019 17:00,0.835719218,0.274687623
4/13/2019 18:00,0.812517478,0.26706158
4/13/2019 19:00,0.787363882,0.258793993
4/13/2019 20:00,0.754497536,0.247991347
4/13/2019 21:00,0.72878638,0.239540499
4/13/2019 22:00,0.625462236,0.205579495
4/13/2019 23:00,0.656795574,0.215878266
4/14/2019 0:00,0.669740344,0.220133006
4/14/2019 1:00,0.664237422,0.218324283
4/14/2019 2:00,0.68761928,0.226009528
4/14/2019 3:00,0.665442972,0.218720528
4/14/2019 4:00,0.686450818,0.225625473
4/14/2019 5:00,0.761872212,0.250415286
4/14/2019 6:00,0.804017072,0.264267632
4/14/2019 7:00,0.80996511,0.266222657
4/14/2019 8:00,0.80522988,0.264666263
4/14/2019 9:00,0.819399253,0.26932351
4/14/2019 10:00,0.814997597,0.267876756
4/14/2019 11:00,0.777628931,0.255594269
4/14/2019 12:00,0.733507839,0.241092368
4/14/2019 13:00,0.717508466,0.235833628
4/14/2019 14:00,0.702971863,0.231055678
4/14/2019 15:00,0.720299583,0.236751024
4/14/2019 16:00,0.743764351,0.24446352
4/14/2019 17:00,0.747956736,0.24584149
4/14/2019 18:00,0.760910787,0.250099281
4/14/2019 19:00,0.760021427,0.249806963
4/14/2019 20:00,0.771284946,0.253509102
4/14/2019 21:00,0.792286982,0.260412138
4/14/2019 22:00,0.752910364,0.247469669
4/14/2019 23:00,0.784264509,0.257775278
4/15/2019 0:00,0.781284775,0.256795887
4/15/2019 1:00,0.757582084,0.24900519
4/15/2019 2:00,0.732673472,0.240818124
4/15/2019 3:00,0.731950992,0.240580657
4/15/2019 4:00,0.777254895,0.25547133
4/15/2019 5:00,0.78564789,0.258229974
4/15/2019 6:00,0.821188553,0.269911625
4/15/2019 7:00,0.815622948,0.268082299
4/15/2019 8:00,0.827794257,0.272082814
4/15/2019 9:00,0.839218111,0.275837654
4/15/2019 10:00,0.817661696,0.268752403
4/15/2019 11:00,0.856284583,0.281447132
4/15/2019 12:00,0.853708313,0.280600353
4/15/2019 13:00,0.894061693,0.293863868
4/15/2019 14:00,0.905152084,0.297509103
4/15/2019 15:00,0.90810555,0.29847986
4/15/2019 16:00,0.909466323,0.298927125
4/15/2019 17:00,0.91,0.299102536
4/15/2019 18:00,0.91,0.299102536
4/15/2019 19:00,0.908970749,0.298764237
4/15/2019 20:00,0.908342463,0.29855773
4/15/2019 21:00,0.908561655,0.298629774
4/15/2019 22:00,0.91,0.299102536
4/15/2019 23:00,0.91,0.299102536
4/16/2019 0:00,0.91,0.299102536
4/16/2019 1:00,0.909834955,0.299048288
4/16/2019 2:00,0.907178684,0.298175214
4/16/2019 3:00,0.899891869,0.295780154
4/16/2019 4:00,0.891698401,0.293087091
4/16/2019 5:00,0.876557143,0.2881104
4/16/2019 6:00,0.863251258,0.283736967
4/16/2019 7:00,0.857845776,0.281960271
4/16/2019 8:00,0.870211951,0.286024836
4/16/2019 9:00,0.87395905,0.287256448
4/16/2019 10:00,0.849637853,0.279262458
4/16/2019 11:00,0.842884239,0.277042652
4/16/2019 12:00,0.824951699,0.271148511
4/16/2019 13:00,0.82579281,0.271424971
4/16/2019 14:00,0.844832086,0.277682878
4/16/2019 15:00,0.845976627,0.278059071
4/16/2019 16:00,0.852169727,0.280094644
4/16/2019 17:00,0.860132897,0.282712012
4/16/2019 18:00,0.863662151,0.283872021
4/16/2019 19:00,0.858031327,0.282021259
4/16/2019 20:00,0.850757002,0.279630304
4/16/2019 21:00,0.829060987,0.272499169
4/16/2019 22:00,0.776745413,0.255303871
4/16/2019 23:00,0.762978654,0.250778956
4/17/2019 0:00,0.742832068,0.244157094
4/17/2019 1:00,0.727479596,0.23911098
4/17/2019 2:00,0.710351431,0.233481225
4/17/2019 3:00,0.697123847,0.229133528
4/17/2019 4:00,0.698663093,0.229639454
4/17/2019 5:00,0.699547788,0.229930239
4/17/2019 6:00,0.708054095,0.232726127
4/17/2019 7:00,0.708214832,0.232778958
4/17/2019 8:00,0.689143365,0.22651047
4/17/2019 9:00,0.653236521,0.214708461
4/17/2019 10:00,0.642447278,0.211162209
4/17/2019 11:00,0.668092928,0.219591526
4/17/2019 12:00,0.662844335,0.217866397
4/17/2019 13:00,0.613560497,0.201667583
4/17/2019 14:00,0.570677663,0.187572677
4/17/2019 15:00,0.562589286,0.184914156
4/17/2019 16:00,0.574765429,0.188916261
4/17/2019 17:00,0.569715322,0.187256371
4/17/2019 18:00,0.594582487,0.195429813
4/17/2019 19:00,0.614363628,0.201931559
4/17/2019 20:00,0.590193952,0.193987371
4/17/2019 21:00,0.607572164,0.199699313
4/17/2019 22:00,0.496554894,0.163209701
4/17/2019 23:00,0.46046481,0.151347464
4/18/2019 0:00,0.459265812,0.150953372
4/18/2019 1:00,0.513330133,0.168723455
4/18/2019 2:00,0.538795795,0.177093614
4/18/2019 3:00,0.546053318,0.179479046
4/18/2019 4:00,0.545595371,0.179328526
4/18/2019 5:00,0.563489517,0.185210048
4/18/2019 6:00,0.606902045,0.199479056
4/18/2019 7:00,0.642137729,0.211060465
4/18/2019 8:00,0.702827297,0.231008161
4/18/2019 9:00,0.741585485,0.243747362
4/18/2019 10:00,0.712769762,0.234276091
4/18/2019 11:00,0.690653257,0.227006748
4/18/2019 12:00,0.694028285,0.228116066
4/18/2019 13:00,0.704063929,0.231414622
4/18/2019 14:00,0.709638839,0.233247007
4/18/2019 15:00,0.719562818,0.236508861
4/18/2019 16:00,0.731118706,0.240307098
4/18/2019 17:00,0.738796315,0.242830606
4/18/2019 18:00,0.74400927,0.244544021
4/18/2019 19:00,0.766962649,0.252088432
4/18/2019 20:00,0.796554624,0.261814844
4/18/2019 21:00,0.813005939,0.26722213
4/18/2019 22:00,0.794385491,0.261101884
4/18/2019 23:00,0.79210497,0.260352313
4/19/2019 0:00,0.787807292,0.258939735
4/19/2019 1:00,0.787030753,0.258684499
4/19/2019 2:00,0.782400177,0.257162502
4/19/2019 3:00,0.774851041,0.254681221
4/19/2019 4:00,0.757992024,0.24913993
4/19/2019 5:00,0.771232825,0.253491971
4/19/2019 6:00,0.800580007,0.263137923
4/19/2019 7:00,0.820569873,0.269708274
4/19/2019 8:00,0.824703352,0.271066883
4/19/2019 9:00,0.830873765,0.273095
4/19/2019 10:00,0.844976188,0.277730242
4/19/2019 11:00,0.830682565,0.273032155
4/19/2019 12:00,0.811909127,0.266861625
4/19/2019 13:00,0.786160095,0.258398327
4/19/2019 14:00,0.757649286,0.249027278
4/19/2019 15:00,0.738828191,0.242841083
4/19/2019 16:00,0.729075116,0.239635402
4/19/2019 17:00,0.706467705,0.232204705
4/19/2019 18:00,0.683458204,0.224641848
4/19/2019 19:00,0.629418588,0.206879885
4/19/2019 20:00,0.560889382,0.184355425
4/19/2019 21:00,0.486209753,0.159809418
4/19/2019 22:00,0.333695997,0.10968057
4/19/2019 23:00,0.320154885,0.105229822
4/20/2019 0:00,0.334098467,0.109812856
4/20/2019 1:00,0.335772123,0.11036296
4/20/2019 2:00,0.31150944,0.102388202
4/20/2019 3:00,0.279693596,0.091930839
4/20/2019 4:00,0.320429144,0.105319967
4/20/2019 5:00,0.349724585,0.114948912
4/20/2019 6:00,0.367707936,0.120859754
4/20/2019 7:00,0.362347544,0.119097878
4/20/2019 8:00,0.316751282,0.104111112
4/20/2019 9:00,0.269969716,0.088734755
4/20/2019 10:00,0.281895906,0.092654704
4/20/2019 11:00,0.285157677,0.093726796
4/20/2019 12:00,0.318334095,0.104631357
4/20/2019 13:00,0.333881131,0.109741421
4/20/2019 14:00,0.333151054,0.109501456
4/20/2019 15:00,0.266498908,0.087593955
4/20/2019 16:00,0.157809771,0.051869563
4/20/2019 17:00,0.085362805,0.028057397
4/20/2019 18:00,0.040111631,0.013184056
4/20/2019 19:00,0.012122539,0.003984486
4/20/2019 20:00,0,0
4/20/2019 21:00,0,0
4/20/2019 22:00,0,0
4/20/2019 23:00,0.036652207,0.012046998
4/21/2019 0:00,0.076274687,0.025070277
4/21/2019 1:00,0.101304864,0.033297299
4/21/2019 2:00,0.057656316,0.018950715
4/21/2019 3:00,0.057419099,0.018872745
4/21/2019 4:00,0.094089807,0.030925824
4/21/2019 5:00,0.044598575,0.014658843
4/21/2019 6:00,0,0
4/21/2019 7:00,0,0
4/21/2019 8:00,0,0
4/21/2019 9:00,0,0
4/21/2019 10:00,0.037211865,0.012230949
4/21/2019 11:00,0.094738875,0.031139163
4/21/2019 12:00,0.136177606,0.044759415
4/21/2019 13:00,0.257119034,0.08451094
4/21/2019 14:00,0.361691108,0.118882118
4/21/2019 15:00,0.38801256,0.127533561
4/21/2019 16:00,0.403317768,0.13256414
4/21/2019 17:00,0.391890412,0.128808149
4/21/2019 18:00,0.432913662,0.14229184
4/21/2019 19:00,0.47366458,0.155686019
4/21/2019 20:00,0.516818175,0.169869919
4/21/2019 21:00,0.561047782,0.184407488
4/21/2019 22:00,0.462283149,0.151945123
4/21/2019 23:00,0.462057692,0.151871019
4/22/2019 0:00,0.591322757,0.194358391
4/22/2019 1:00,0.698876434,0.229709575
4/22/2019 2:00,0.722745533,0.237554969
4/22/2019 3:00,0.728061548,0.239302258
4/22/2019 4:00,0.718517755,0.236165365
4/22/2019 5:00,0.715518473,0.235179549
4/22/2019 6:00,0.719540281,0.236501453
4/22/2019 7:00,0.72990436,0.239907961
4/22/2019 8:00,0.743343256,0.244325113
4/22/2019 9:00,0.766312594,0.251874769
4/22/2019 10:00,0.754910814,0.248127185
4/22/2019 11:00,0.756970244,0.248804087
4/22/2019 12:00,0.74406543,0.24456248
4/22/2019 13:00,0.762297721,0.250555144
4/22/2019 14:00,0.796223659,0.261706061
4/22/2019 15:00,0.817682641,0.268759287
4/22/2019 16:00,0.839461963,0.275917804
4/22/2019 17:00,0.85431316,0.280799156
4/22/2019 18:00,0.857328028,0.281790096
4/22/2019 19:00,0.856854173,0.281634347
4/22/2019 20:00,0.854813172,0.280963503
4/22/2019 21:00,0.839179355,0.275824915
4/22/2019 22:00,0.833004457,0.273795325
4/22/2019 23:00,0.832395942,0.273595315
4/23/2019 0:00,0.826691845,0.271720469
4/23/2019 1:00,0.817085865,0.268563136
4/23/2019 2:00,0.809844448,0.266182998
4/23/2019 3:00,0.80995148,0.266218178
4/23/2019 4:00,0.792638876,0.2605278
4/23/2019 5:00,0.781655379,0.256917699
4/23/2019 6:00,0.810419487,0.266372004
4/23/2019 7:00,0.838958058,0.275752179
4/23/2019 8:00,0.846198823,0.278132103
4/23/2019 9:00,0.869226498,0.285700934
4/23/2019 10:00,0.883058826,0.2902474
4/23/2019 11:00,0.898796465,0.295420112
4/23/2019 12:00,0.903300565,0.296900538
4/23/2019 13:00,0.896483746,0.294659958
4/23/2019 14:00,0.892295473,0.293283339
4/23/2019 15:00,0.896819061,0.294770171
4/23/2019 16:00,0.902127498,0.29651497
4/23/2019 17:00,0.906467131,0.297941338
4/23/2019 18:00,0.906707181,0.298020239
4/23/2019 19:00,0.906824361,0.298058754
4/23/2019 20:00,0.907681767,0.298340569
4/23/2019 21:00,0.908270784,0.29853417
4/23/2019 22:00,0.907091869,0.298146679
4/23/2019 23:00,0.905459079,0.297610007
4/24/2019 0:00,0.896040718,0.294514341
4/24/2019 1:00,0.894708254,0.294076382
4/24/2019 2:00,0.897644655,0.29504153
4/24/2019 3:00,0.898048724,0.295174341
4/24/2019 4:00,0.895413134,0.294308065
4/24/2019 5:00,0.893367357,0.29363565
4/24/2019 6:00,0.897201932,0.294896014
4/24/2019 7:00,0.897827361,0.295101583
4/24/2019 8:00,0.904237509,0.297208497
4/24/2019 9:00,0.902729488,0.296712834
4/24/2019 10:00,0.891600505,0.293054914
4/24/2019 11:00,0.896758102,0.294750134
4/24/2019 12:00,0.882347021,0.290013441
4/24/2019 13:00,0.860192224,0.282731511
4/24/2019 14:00,0.853912709,0.280667535
4/24/2019 15:00,0.8463833,0.278192738
4/24/2019 16:00,0.820433003,0.269663288
4/24/2019 17:00,0.806953951,0.265232937
4/24/2019 18:00,0.82378533,0.270765144
4/24/2019 19:00,0.831515468,0.273305918
4/24/2019 20:00,0.834993874,0.274449214
4/24/2019 21:00,0.83168522,0.273361712
4/24/2019 22:00,0.759816464,0.249739595
4/24/2019 23:00,0.718267283,0.236083039
4/25/2019 0:00,0.664633755,0.218454551
4/25/2019 1:00,0.615735439,0.202382452
4/25/2019 2:00,0.556644497,0.182960198
4/25/2019 3:00,0.609776267,0.200423767
4/25/2019 4:00,0.686991406,0.225803156
4/25/2019 5:00,0.733587117,0.241118425
4/25/2019 6:00,0.729909735,0.239909728
4/25/2019 7:00,0.628548408,0.206593871
4/25/2019 8:00,0.672495987,0.221038742
4/25/2019 9:00,0.720443736,0.236798405
4/25/2019 10:00,0.589648929,0.193808231
4/25/2019 11:00,0.710793243,0.233626441
4/25/2019 12:00,0.742060869,0.243903613
4/25/2019 13:00,0.744408065,0.244675099
4/25/2019 14:00,0.773647507,0.254285639
4/25/2019 15:00,0.778578971,0.255906532
4/25/2019 16:00,0.775861084,0.255013206
4/25/2019 17:00,0.799689128,0.262845106
4/25/2019 18:00,0.738375067,0.242692148
4/25/2019 19:00,0.628498465,0.206577456
4/25/2019 20:00,0.723196092,0.23770306
4/25/2019 21:00,0.76595417,0.251756961
4/25/2019 22:00,0.803242807,0.264013143
4/25/2019 23:00,0.767099239,0.252133327
4/26/2019 0:00,0.728069507,0.239304874
4/26/2019 1:00,0.711416193,0.233831195
4/26/2019 2:00,0.71891203,0.236294957
4/26/2019 3:00,0.756187385,0.248546774
4/26/2019 4:00,0.730931969,0.24024572
4/26/2019 5:00,0.76140454,0.25026157
4/26/2019 6:00,0.729819723,0.239880143
4/26/2019 7:00,0.738257235,0.242653419
4/26/2019 8:00,0.764238153,0.251192933
4/26/2019 9:00,0.750093781,0.246543903
4/26/2019 10:00,0.750940286,0.246822136
4/26/2019 11:00,0.817675855,0.268757057
4/26/2019 12:00,0.832438836,0.273609414
4/26/2019 13:00,0.83029418,0.2729045
4/26/2019 14:00,0.86439023,0.284111329
4/26/2019 15:00,0.87856637,0.288770801
4/26/2019 16:00,0.877407238,0.288389813
4/26/2019 17:00,0.872098141,0.286644797
4/26/2019 18:00,0.864871058,0.28426937
4/26/2019 19:00,0.86891388,0.285598181
4/26/2019 20:00,0.871371983,0.28640612
4/26/2019 21:00,0.869386253,0.285753443
4/26/2019 22:00,0.856612938,0.281555057
4/26/2019 23:00,0.83427833,0.274214026
4/27/2019 0:00,0.807837511,0.265523349
4/27/2019 1:00,0.776832337,0.255332442
4/27/2019 2:00,0.679898205,0.223471733
4/27/2019 3:00,0.530954671,0.174516361
4/27/2019 4:00,0.530892804,0.174496026
4/27/2019 5:00,0.586242098,0.192688459
4/27/2019 6:00,0.539717455,0.177396549
4/27/2019 7:00,0.453852758,0.149174188
4/27/2019 8:00,0.380532167,0.125074875
4/27/2019 9:00,0.36166529,0.118873632
4/27/2019 10:00,0.281445449,0.092506646
4/27/2019 11:00,0.201723834,0.066303418
4/27/2019 12:00,0.143295525,0.047098961
4/27/2019 13:00,0.166262452,0.054647825
4/27/2019 14:00,0.110151754,0.036205131
4/27/2019 15:00,0.092336561,0.03034956
4/27/2019 16:00,0.133702159,0.043945774
4/27/2019 17:00,0.101761459,0.033447374
4/27/2019 18:00,0.063168949,0.020762629
4/27/2019 19:00,0.043420374,0.014271587
4/27/2019 20:00,0.036413172,0.011968431
4/27/2019 21:00,0.027160207,0.008927128
4/27/2019 22:00,0.028102573,0.009236869
4/27/2019 23:00,0.01668526,0.00548418
4/28/2019 0:00,0,0
4/28/2019 1:00,0,0
4/28/2019 2:00,0,0
4/28/2019 3:00,0,0
4/28/2019 4:00,0,0
4/28/2019 5:00,0,0
4/28/2019 6:00,0,0
4/28/2019 7:00,0,0
4/28/2019 8:00,0,0
4/28/2019 9:00,0.004638984,0.00152476
4/28/2019 10:00,0.016521783,0.005430448
4/28/2019 11:00,0.014217371,0.004673024
4/28/2019 12:00,0.015402264,0.005062479
4/28/2019 13:00,0.033091633,0.010876694
4/28/2019 14:00,0.047697808,0.015677511
4/28/2019 15:00,0.072502389,0.023830383
4/28/2019 16:00,0.109649194,0.036039947
4/28/2019 17:00,0.126336285,0.041524729
4/28/2019 18:00,0.155093676,0.050976826
4/28/2019 19:00,0.134070619,0.044066881
4/28/2019 20:00,0.121366982,0.039891398
4/28/2019 21:00,0.134660895,0.044260896
4/28/2019 22:00,0.134376313,0.044167358
4/28/2019 23:00,0.150873403,0.049589689
4/29/2019 0:00,0.146302051,0.048087159
4/29/2019 1:00,0.141533507,0.046519814
4/29/2019 2:00,0.137581138,0.045220733
4/29/2019 3:00,0.105282601,0.034604718
4/29/2019 4:00,0.100665864,0.033087269
4/29/2019 5:00,0.176355772,0.057965339
4/29/2019 6:00,0.236070218,0.077592528
4/29/2019 7:00,0.243747161,0.080115818
4/29/2019 8:00,0.250758104,0.082420203
4/29/2019 9:00,0.22245179,0.073116367
4/29/2019 10:00,0.230214072,0.075667706
4/29/2019 11:00,0.21661612,0.071198276
4/29/2019 12:00,0.219242683,0.072061585
4/29/2019 13:00,0.243463422,0.080022557
4/29/2019 14:00,0.248696146,0.08174247
4/29/2019 15:00,0.202699386,0.066624066
4/29/2019 16:00,0.16798855,0.055215166
4/29/2019 17:00,0.192542934,0.063285802
4/29/2019 18:00,0.224437327,0.073768982
4/29/2019 19:00,0.231059419,0.075945558
4/29/2019 20:00,0.224039071,0.073638081
4/29/2019 21:00,0.22294845,0.073279612
4/29/2019 22:00,0.23498851,0.077236988
4/29/2019 23:00,0.198522922,0.065251329
4/30/2019 0:00,0.171605094,0.056403867
4/30/2019 1:00,0.159527846,0.052434267
4/30/2019 2:00,0.148308561,0.048746667
4/30/2019 3:00,0.145917809,0.047960864
4/30/2019 4:00,0.145309348,0.047760873
4/30/2019 5:00,0.135298048,0.044470318
4/30/2019 6:00,0.111883822,0.036774434
4/30/2019 7:00,0.104210524,0.034252343
4/30/2019 8:00,0.095273536,0.031314897
4/30/2019 9:00,0.081319174,0.02672832
4/30/2019 10:00,0.077222682,0.025381868
4/30/2019 11:00,0.058630729,0.019270989
4/30/2019 12:00,0.044552853,0.014643815
4/30/2019 13:00,0.024749395,0.008134733
4/30/2019 14:00,0.01407199,0.00462524
4/30/2019 15:00,0.013261758,0.004358929
4/30/2019 16:00,0.015436473,0.005073723
4/30/2019 17:00,0.018270762,0.006005309
4/30/2019 18:00,0.015597026,0.005126495
4/30/2019 19:00,0.00724276,0.00238058
4/30/2019 20:00,0,0
4/30/2019 21:00,0,0
4/30/2019 22:00,0,0
4/30/2019 23:00,0.004829793,0.001587476
05/01/2019 00:00,0.006522799,0.00214394
05/01/2019 01:00,0.000180357,5.93E-05
05/01/2019 02:00,0.000350077,0.000115065
05/01/2019 03:00,0.005884743,0.001934221
05/01/2019 04:00,0.014003336,0.004602674
05/01/2019 05:00,0.021095021,0.006933598
05/01/2019 06:00,0.018531723,0.006091083
05/01/2019 07:00,0.008414264,0.002765635
05/01/2019 08:00,0,0
05/01/2019 09:00,0,0
05/01/2019 10:00,0,0
05/01/2019 11:00,0,0
05/01/2019 12:00,0,0
05/01/2019 13:00,0.005782017,0.001900457
05/01/2019 14:00,0.023710237,0.007793178
05/01/2019 15:00,0.034544889,0.011354356
05/01/2019 16:00,0.044768607,0.01471473
05/01/2019 17:00,0.056357066,0.018523672
05/01/2019 18:00,0.05964987,0.019605964
05/01/2019 19:00,0.060674777,0.019942835
05/01/2019 20:00,0.085930375,0.028243949
05/01/2019 21:00,0.120148962,0.039491054
05/01/2019 22:00,0.157156963,0.051654996
05/01/2019 23:00,0.259688662,0.085355535
05/02/2019 00:00,0.349761978,0.114961203
05/02/2019 01:00,0.377964612,0.12423096
05/02/2019 02:00,0.408702869,0.134334137
05/02/2019 03:00,0.448563478,0.147435685
05/02/2019 04:00,0.438130935,0.144006674
05/02/2019 05:00,0.459159631,0.150918472
05/02/2019 06:00,0.55003646,0.180788242
05/02/2019 07:00,0.56259802,0.184917027
05/02/2019 08:00,0.570360526,0.187468439
05/02/2019 09:00,0.618038558,0.20313945
05/02/2019 10:00,0.645113232,0.212038466
05/02/2019 11:00,0.593393852,0.195039127
05/02/2019 12:00,0.573502558,0.188501175
05/02/2019 13:00,0.583536405,0.191799141
05/02/2019 14:00,0.6023842,0.197994112
05/02/2019 15:00,0.585724962,0.192518485
05/02/2019 16:00,0.55830594,0.183506288
05/02/2019 17:00,0.54620514,0.179528948
05/02/2019 18:00,0.543641785,0.178686414
05/02/2019 19:00,0.533298027,0.175286585
05/02/2019 20:00,0.526932647,0.173194386
05/02/2019 21:00,0.57281259,0.188274394
05/02/2019 22:00,0.6632467,0.217998648
05/02/2019 23:00,0.704232372,0.231469987
05/03/2019 00:00,0.712847991,0.234301804
05/03/2019 01:00,0.76945093,0.25290629
05/03/2019 02:00,0.812483198,0.267050313
05/03/2019 03:00,0.831679861,0.273359951
05/03/2019 04:00,0.854649176,0.2809096
05/03/2019 05:00,0.867957905,0.285283967
05/03/2019 06:00,0.8777901,0.288515654
05/03/2019 07:00,0.884836652,0.290831743
05/03/2019 08:00,0.891124206,0.292898362
05/03/2019 09:00,0.89423905,0.293922162
05/03/2019 10:00,0.875385938,0.287725444
05/03/2019 11:00,0.867931001,0.285275124
05/03/2019 12:00,0.865010112,0.284315075
05/03/2019 13:00,0.84587855,0.278026834
05/03/2019 14:00,0.834927333,0.274427343
05/03/2019 15:00,0.832575661,0.273654386
05/03/2019 16:00,0.820345762,0.269634613
05/03/2019 17:00,0.821158641,0.269901793
05/03/2019 18:00,0.837134556,0.275152823
05/03/2019 19:00,0.854384038,0.280822453
05/03/2019 20:00,0.861665528,0.283215763
05/03/2019 21:00,0.866084266,0.284668132
05/03/2019 22:00,0.881157596,0.289622496
05/03/2019 23:00,0.869399875,0.28575792
05/04/2019 00:00,0.854046886,0.280711637
05/04/2019 01:00,0.834259728,0.274207912
05/04/2019 02:00,0.849964394,0.279369786
05/04/2019 03:00,0.857368649,0.281803447
05/04/2019 04:00,0.858503909,0.282176589
05/04/2019 05:00,0.86047968,0.282825994
05/04/2019 06:00,0.869263654,0.285713146
05/04/2019 07:00,0.865904937,0.284609189
05/04/2019 08:00,0.857449084,0.281829885
05/04/2019 09:00,0.847006145,0.278397457
05/04/2019 10:00,0.848830096,0.27899696
05/04/2019 11:00,0.813371571,0.267342307
05/04/2019 12:00,0.762322203,0.250563191
05/04/2019 13:00,0.733274963,0.241015825
05/04/2019 14:00,0.708457263,0.232858642
05/04/2019 15:00,0.708283458,0.232801515
05/04/2019 16:00,0.696135292,0.228808605
05/04/2019 17:00,0.714242739,0.234760235
05/04/2019 18:00,0.708205434,0.232775869
05/04/2019 19:00,0.703366833,0.231185498
05/04/2019 20:00,0.66774927,0.219478571
05/04/2019 21:00,0.629761394,0.20699256
05/04/2019 22:00,0.709418404,0.233174553
05/04/2019 23:00,0.65273527,0.214543708
05/05/2019 00:00,0.721634454,0.237189775
05/05/2019 01:00,0.786373643,0.258468517
05/05/2019 02:00,0.823569202,0.270694106
05/05/2019 03:00,0.814866624,0.267833707
05/05/2019 04:00,0.840839322,0.27637052
05/05/2019 05:00,0.844529317,0.277583363
05/05/2019 06:00,0.854879927,0.280985444
05/05/2019 07:00,0.862853861,0.283606349
05/05/2019 08:00,0.856485171,0.281513062
05/05/2019 09:00,0.863461375,0.283806029
05/05/2019 10:00,0.871846964,0.286562239
05/05/2019 11:00,0.876591603,0.288121727
05/05/2019 12:00,0.865800436,0.284574842
05/05/2019 13:00,0.846230205,0.278142418
05/05/2019 14:00,0.836887574,0.275071643
05/05/2019 15:00,0.820544309,0.269699872
05/05/2019 16:00,0.797568051,0.262147941
05/05/2019 17:00,0.786733537,0.258586808
05/05/2019 18:00,0.783340383,0.257471533
05/05/2019 19:00,0.800236709,0.263025087
05/05/2019 20:00,0.796244081,0.261712773
05/05/2019 21:00,0.757586754,0.249006724
05/05/2019 22:00,0.744754546,0.244788981
05/05/2019 23:00,0.708017777,0.232714189
05/06/2019 00:00,0.696198816,0.228829485
05/06/2019 01:00,0.661975222,0.217580734
05/06/2019 02:00,0.658900388,0.216570084
05/06/2019 03:00,0.656220009,0.215689086
05/06/2019 04:00,0.623355625,0.204887086
05/06/2019 05:00,0.586522503,0.192780624
05/06/2019 06:00,0.525610005,0.172759654
05/06/2019 07:00,0.366563971,0.120483751
05/06/2019 08:00,0.287738884,0.094575198
05/06/2019 09:00,0.216777968,0.071251472
05/06/2019 10:00,0.150517177,0.049472604
05/06/2019 11:00,0.139079968,0.045713375
05/06/2019 12:00,0.144046171,0.047345687
05/06/2019 13:00,0.151035546,0.049642983
05/06/2019 14:00,0.172704367,0.05676518
05/06/2019 15:00,0.206107329,0.067744203
05/06/2019 16:00,0.232250233,0.07633696
05/06/2019 17:00,0.249663959,0.082060575
05/06/2019 18:00,0.229281922,0.075361323
05/06/2019 19:00,0.20088898,0.066029015
05/06/2019 20:00,0.17036284,0.055995558
05/06/2019 21:00,0.143506212,0.047168211
05/06/2019 22:00,0.14972834,0.049213325
05/06/2019 23:00,0.130577329,0.042918692
05/07/2019 00:00,0.120448842,0.03958962
05/07/2019 01:00,0.118340144,0.038896524
05/07/2019 02:00,0.127304172,0.041842858
05/07/2019 03:00,0.119482654,0.039272049
05/07/2019 04:00,0.10272895,0.033765373
05/07/2019 05:00,0.090266125,0.02966904
05/07/2019 06:00,0.07972285,0.026203634
05/07/2019 07:00,0.074466828,0.024476063
05/07/2019 08:00,0.069584162,0.022871208
05/07/2019 09:00,0.064276434,0.021126642
05/07/2019 10:00,0.08497021,0.027928357
05/07/2019 11:00,0.074914582,0.024623232
05/07/2019 12:00,0.063221002,0.020779738
05/07/2019 13:00,0.049892911,0.016399007
05/07/2019 14:00,0.044354347,0.014578569
05/07/2019 15:00,0.035777788,0.01175959
05/07/2019 16:00,0.024186106,0.007949589
05/07/2019 17:00,0.01659137,0.00545332
05/07/2019 18:00,0.012709904,0.004177543
05/07/2019 19:00,0.010616643,0.003489522
05/07/2019 20:00,0.010110565,0.003323182
05/07/2019 21:00,0.003528525,0.00115977
05/07/2019 22:00,0,0
05/07/2019 23:00,0,0
05/08/2019 00:00,0,0
05/08/2019 01:00,0,0
05/08/2019 02:00,0,0
05/08/2019 03:00,0,0
05/08/2019 04:00,0,0
05/08/2019 05:00,0.010469669,0.003441214
05/08/2019 06:00,0.016107829,0.005294387
05/08/2019 07:00,0.02117402,0.006959564
05/08/2019 08:00,0.026547109,0.008725613
05/08/2019 09:00,0.033728893,0.011086151
05/08/2019 10:00,0.008394387,0.002759102
05/08/2019 11:00,0.018462492,0.006068328
05/08/2019 12:00,0.04384741,0.014411947
05/08/2019 13:00,0.054861704,0.01803217
05/08/2019 14:00,0.055764486,0.0183289
05/08/2019 15:00,0.047941991,0.015757771
05/08/2019 16:00,0.0395202,0.012989662
05/08/2019 17:00,0.030644572,0.010072384
05/08/2019 18:00,0.024533634,0.008063816
05/08/2019 19:00,0.020046676,0.006589024
05/08/2019 20:00,0.019504507,0.006410821
05/08/2019 21:00,0.017470668,0.005742331
05/08/2019 22:00,0.011552141,0.003797005
05/08/2019 23:00,0,0
05/09/2019 00:00,0.002210075,0.000726417
05/09/2019 01:00,0.021744084,0.007146935
05/09/2019 02:00,0.037122774,0.012201666
05/09/2019 03:00,0.045660729,0.015007956
05/09/2019 04:00,0.042916236,0.014105885
05/09/2019 05:00,0.039598264,0.01301532
05/09/2019 06:00,0.037522598,0.012333082
05/09/2019 07:00,0.047732721,0.015688987
05/09/2019 08:00,0.05904041,0.019405644
05/09/2019 09:00,0.07650947,0.025147447
05/09/2019 10:00,0.095403007,0.031357452
05/09/2019 11:00,0.131011713,0.043061468
05/09/2019 12:00,0.148147107,0.048693599
05/09/2019 13:00,0.156582542,0.051466193
05/09/2019 14:00,0.148672593,0.048866318
05/09/2019 15:00,0.141637966,0.046554148
05/09/2019 16:00,0.136655877,0.044916615
05/09/2019 17:00,0.138617634,0.045561413
05/09/2019 18:00,0.139746412,0.045932424
05/09/2019 19:00,0.140307274,0.046116771
05/09/2019 20:00,0.142056736,0.046691791
05/09/2019 21:00,0.124272616,0.040846434
05/09/2019 22:00,0.094202862,0.030962983
05/09/2019 23:00,0.070911404,0.023307452
05/10/2019 00:00,0.083319451,0.027385779
05/10/2019 01:00,0.09282037,0.03050858
05/10/2019 02:00,0.083686321,0.027506363
05/10/2019 03:00,0.05806495,0.019085026
05/10/2019 04:00,0.04311646,0.014171695
05/10/2019 05:00,0.026950592,0.008858231
05/10/2019 06:00,0.015851717,0.005210207
05/10/2019 07:00,0.006378622,0.002096552
05/10/2019 08:00,0.001497998,0.000492368
05/10/2019 09:00,0,0
05/10/2019 10:00,0,0
05/10/2019 11:00,0,0
05/10/2019 12:00,0,0
05/10/2019 13:00,0,0
05/10/2019 14:00,0,0
05/10/2019 15:00,0,0
05/10/2019 16:00,0.001307087,0.000429619
05/10/2019 17:00,0,0
05/10/2019 18:00,0,0
05/10/2019 19:00,0,0
05/10/2019 20:00,0,0
05/10/2019 21:00,0,0
05/10/2019 22:00,0,0
05/10/2019 23:00,0,0
05/11/2019 00:00,0.010118743,0.00332587
05/11/2019 01:00,0.018735259,0.006157982
05/11/2019 02:00,0.026704484,0.00877734
05/11/2019 03:00,0.03911368,0.012856045
05/11/2019 04:00,0.053078314,0.017445998
05/11/2019 05:00,0.053209308,0.017489054
05/11/2019 06:00,0.055747058,0.018323172
05/11/2019 07:00,0.053341918,0.017532641
05/11/2019 08:00,0.049337726,0.016216526
05/11/2019 09:00,0.045517101,0.014960748
05/11/2019 10:00,0.046342715,0.015232114
05/11/2019 11:00,0.055490831,0.018238954
05/11/2019 12:00,0.066771928,0.021946871
05/11/2019 13:00,0.076320118,0.02508521
05/11/2019 14:00,0.081866499,0.026908217
05/11/2019 15:00,0.085919268,0.028240298
05/11/2019 16:00,0.086548602,0.02844715
05/11/2019 17:00,0.089495207,0.029415652
05/11/2019 18:00,0.093857835,0.030849579
05/11/2019 19:00,0.089214651,0.029323438
05/11/2019 20:00,0.066209656,0.021762061
05/11/2019 21:00,0.034977882,0.011496674
05/11/2019 22:00,0,0
05/11/2019 23:00,0,0
05/12/2019 00:00,0,0
05/12/2019 01:00,0,0
05/12/2019 02:00,0.008460035,0.002780679
05/12/2019 03:00,0.010023663,0.003294619
05/12/2019 04:00,0.013268039,0.004360994
05/12/2019 05:00,0.0243572,0.008005824
05/12/2019 06:00,0.030313419,0.009963539
05/12/2019 07:00,0.025390037,0.008345302
05/12/2019 08:00,0.042570131,0.013992126
05/12/2019 09:00,0.039945413,0.013129422
05/12/2019 10:00,0.031129645,0.010231819
05/12/2019 11:00,0.039154033,0.012869308
05/12/2019 12:00,0.041160821,0.013528907
05/12/2019 13:00,0.03224052,0.010596946
05/12/2019 14:00,0.024472283,0.008043651
05/12/2019 15:00,0.001506027,0.000495007
05/12/2019 16:00,0,0
05/12/2019 17:00,0,0
05/12/2019 18:00,0,0
05/12/2019 19:00,0,0
05/12/2019 20:00,0.005036775,0.001655508
05/12/2019 21:00,0.045871187,0.01507713
05/12/2019 22:00,0.057491304,0.018896478
05/12/2019 23:00,0.045883725,0.015081251
5/13/2019 0:00,0.051819657,0.017032298
5/13/2019 1:00,0.061802244,0.020313415
5/13/2019 2:00,0.049642038,0.016316549
5/13/2019 3:00,0.047528716,0.015621933
5/13/2019 4:00,0.049138693,0.016151107
5/13/2019 5:00,0.04172567,0.013714565
5/13/2019 6:00,0.042936691,0.014112608
5/13/2019 7:00,0.049105469,0.016140187
5/13/2019 8:00,0.067182636,0.022081864
5/13/2019 9:00,0.087546443,0.028775124
5/13/2019 10:00,0.176685254,0.058073635
5/13/2019 11:00,0.179263774,0.058921153
5/13/2019 12:00,0.213068496,0.070032228
5/13/2019 13:00,0.312686164,0.102774972
5/13/2019 14:00,0.462963334,0.152168689
5/13/2019 15:00,0.526106695,0.172922908
5/13/2019 16:00,0.499716004,0.164248708
5/13/2019 17:00,0.405146859,0.133165333
5/13/2019 18:00,0.264295886,0.086869857
5/13/2019 19:00,0.15139248,0.049760302
5/13/2019 20:00,0.088560207,0.029108332
5/13/2019 21:00,0.054029417,0.01775861
5/13/2019 22:00,0.053932165,0.017726646
5/13/2019 23:00,0.035886202,0.011795224
5/14/2019 0:00,0.024867742,0.008173632
5/14/2019 1:00,0.026524105,0.008718052
5/14/2019 2:00,0.040569738,0.013334628
5/14/2019 3:00,0.068823977,0.022621347
5/14/2019 4:00,0.094238983,0.030974856
5/14/2019 5:00,0.108249693,0.035579954
5/14/2019 6:00,0.102410957,0.033660854
5/14/2019 7:00,0.080370191,0.026416404
5/14/2019 8:00,0.065232746,0.021440967
5/14/2019 9:00,0.0545005,0.017913448
5/14/2019 10:00,0.021362004,0.007021351
5/14/2019 11:00,0.008832477,0.002903095
5/14/2019 12:00,0,0
5/14/2019 13:00,0,0
5/14/2019 14:00,0,0
5/14/2019 15:00,0,0
5/14/2019 16:00,0,0
5/14/2019 17:00,0,0
5/14/2019 18:00,0.007737331,0.002543138
5/14/2019 19:00,0.021864739,0.007186592
5/14/2019 20:00,0.034680576,0.011398954
5/14/2019 21:00,0.057043977,0.018749449
5/14/2019 22:00,0.06084746,0.019999593
5/14/2019 23:00,0.063200197,0.0207729
5/15/2019 0:00,0.069979851,0.023001265
5/15/2019 1:00,0.091438607,0.030054417
5/15/2019 2:00,0.124401979,0.040888953
5/15/2019 3:00,0.154847102,0.050895781
5/15/2019 4:00,0.18063063,0.059370417
5/15/2019 5:00,0.200540334,0.06591442
5/15/2019 6:00,0.214015173,0.070343386
5/15/2019 7:00,0.219045205,0.071996677
5/15/2019 8:00,0.236513924,0.077738368
5/15/2019 9:00,0.241454733,0.079362333
5/15/2019 10:00,0.270513274,0.088913414
5/15/2019 11:00,0.320213456,0.105249073
5/15/2019 12:00,0.400278438,0.13156516
5/15/2019 13:00,0.471591548,0.155004646
5/15/2019 14:00,0.473299375,0.155565981
5/15/2019 15:00,0.446679719,0.146816524
5/15/2019 16:00,0.435531858,0.143152399
5/15/2019 17:00,0.474889241,0.156088545
5/15/2019 18:00,0.488775898,0.160652869
5/15/2019 19:00,0.489520767,0.160897695
5/15/2019 20:00,0.49804906,0.16370081
5/15/2019 21:00,0.49380842,0.162306979
5/15/2019 22:00,0.445373479,0.146387183
5/15/2019 23:00,0.464620349,0.152713324
5/16/2019 0:00,0.500477403,0.164498967
5/16/2019 1:00,0.517694094,0.17015782
5/16/2019 2:00,0.490817433,0.161323889
5/16/2019 3:00,0.493553129,0.162223069
5/16/2019 4:00,0.478250637,0.157193383
5/16/2019 5:00,0.487772789,0.160323163
5/16/2019 6:00,0.545325796,0.179239921
5/16/2019 7:00,0.603367248,0.198317224
5/16/2019 8:00,0.635629853,0.208921429
5/16/2019 9:00,0.658039143,0.216287007
5/16/2019 10:00,0.698407506,0.229555446
5/16/2019 11:00,0.68880995,0.226400882
5/16/2019 12:00,0.694626051,0.228312542
5/16/2019 13:00,0.690881657,0.227081819
5/16/2019 14:00,0.678281384,0.22294031
5/16/2019 15:00,0.69936882,0.229871415
5/16/2019 16:00,0.73562134,0.241787042
5/16/2019 17:00,0.729364686,0.239730579
5/16/2019 18:00,0.72900931,0.239613773
5/16/2019 19:00,0.736411659,0.242046807
5/16/2019 20:00,0.769911233,0.253057585
5/16/2019 21:00,0.760545877,0.249979341
5/16/2019 22:00,0.656156766,0.2156683
5/16/2019 23:00,0.591884609,0.194543063
5/17/2019 0:00,0.552038821,0.181446386
5/17/2019 1:00,0.579597588,0.190504515
5/17/2019 2:00,0.556154868,0.182799265
5/17/2019 3:00,0.469111851,0.154189609
5/17/2019 4:00,0.374024667,0.122935963
5/17/2019 5:00,0.223558465,0.073480114
5/17/2019 6:00,0.139333598,0.045796739
5/17/2019 7:00,0.098763716,0.032462064
5/17/2019 8:00,0.073159172,0.024046257
5/17/2019 9:00,0.068737617,0.022592962
5/17/2019 10:00,0.067368783,0.022143048
5/17/2019 11:00,0.134069327,0.044066457
5/17/2019 12:00,0.195227732,0.064168253
5/17/2019 13:00,0.212670113,0.069901286
5/17/2019 14:00,0.192715229,0.063342433
5/17/2019 15:00,0.164632537,0.054112098
5/17/2019 16:00,0.174803573,0.057455156
5/17/2019 17:00,0.16858519,0.055411272
5/17/2019 18:00,0.148907143,0.048943411
5/17/2019 19:00,0.193039174,0.063448908
5/17/2019 20:00,0.160000556,0.05258964
5/17/2019 21:00,0.073676335,0.02421624
5/17/2019 22:00,0.035311733,0.011606405
5/17/2019 23:00,0.04010756,0.013182717
5/18/2019 0:00,0.048542644,0.015955195
5/18/2019 1:00,0.052207415,0.017159748
5/18/2019 2:00,0.092247653,0.030320337
5/18/2019 3:00,0.165797726,0.054495077
5/18/2019 4:00,0.234187435,0.076973687
5/18/2019 5:00,0.214481467,0.070496649
5/18/2019 6:00,0.152397681,0.050090695
5/18/2019 7:00,0.070451341,0.023156236
5/18/2019 8:00,0.01409623,0.004633207
5/18/2019 9:00,0,0
5/18/2019 10:00,0,0
5/18/2019 11:00,0,0
5/18/2019 12:00,0,0
5/18/2019 13:00,0.016656534,0.005474738
5/18/2019 14:00,0.047720806,0.01568507
5/18/2019 15:00,0.064986532,0.02136004
5/18/2019 16:00,0.085744867,0.028182975
5/18/2019 17:00,0.117058941,0.038475413
5/18/2019 18:00,0.120331897,0.039551182
5/18/2019 19:00,0.097644166,0.032094085
5/18/2019 20:00,0.076153676,0.025030503
5/18/2019 21:00,0.071089543,0.023366003
5/18/2019 22:00,0.109333675,0.035936241
5/18/2019 23:00,0.083243665,0.02736087
5/19/2019 0:00,0.084876672,0.027897613
5/19/2019 1:00,0.088313535,0.029027255
5/19/2019 2:00,0.089866001,0.029537526
5/19/2019 3:00,0.080557231,0.026477882
5/19/2019 4:00,0.079740541,0.026209448
5/19/2019 5:00,0.086187122,0.028328337
5/19/2019 6:00,0.079206293,0.02603385
5/19/2019 7:00,0.061391207,0.020178314
5/19/2019 8:00,0.039721088,0.01305569
5/19/2019 9:00,0.018630161,0.006123438
5/19/2019 10:00,0,0
5/19/2019 11:00,0,0
5/19/2019 12:00,0,0
5/19/2019 13:00,0,0
5/19/2019 14:00,0,0
5/19/2019 15:00,0,0
5/19/2019 16:00,0,0
5/19/2019 17:00,0,0
5/19/2019 18:00,0.008834429,0.002903737
5/19/2019 19:00,0.014249466,0.004683573
5/19/2019 20:00,0.009958322,0.003273142
5/19/2019 21:00,0,0
5/19/2019 22:00,0.007907534,0.002599081
5/19/2019 23:00,0.001585041,0.000520978
5/20/2019 0:00,0,0
5/20/2019 1:00,0.000109147,3.59E-05
5/20/2019 2:00,0.005751672,0.001890483
5/20/2019 3:00,0.00799811,0.002628852
5/20/2019 4:00,0.003759384,0.00123565
5/20/2019 5:00,0,0
5/20/2019 6:00,0,0
5/20/2019 7:00,0.003653662,0.001200901
5/20/2019 8:00,0.021046669,0.006917706
5/20/2019 9:00,0.033733258,0.011087586
5/20/2019 10:00,0.046418152,0.015256909
5/20/2019 11:00,0.034172514,0.011231962
5/20/2019 12:00,0.022675868,0.007453197
5/20/2019 13:00,0.000103494,3.40E-05
5/20/2019 14:00,0,0
5/20/2019 15:00,0,0
5/20/2019 16:00,0,0
5/20/2019 17:00,0,0
5/20/2019 18:00,0,0
5/20/2019 19:00,0,0
5/20/2019 20:00,0,0
5/20/2019 21:00,0,0
5/20/2019 22:00,0,0
5/20/2019 23:00,0,0
5/21/2019 0:00,0,0
5/21/2019 1:00,0,0
5/21/2019 2:00,0.018213411,0.005986459
5/21/2019 3:00,0.030888091,0.010152425
5/21/2019 4:00,0.031419292,0.010327022
5/21/2019 5:00,0.024478735,0.008045771
5/21/2019 6:00,0.01535993,0.005048565
5/21/2019 7:00,0,0
5/21/2019 8:00,0,0
5/21/2019 9:00,0,0
5/21/2019 10:00,0,0
5/21/2019 11:00,0,0
5/21/2019 12:00,0.043131045,0.014176489
5/21/2019 13:00,0.092153112,0.030289263
5/21/2019 14:00,0.107382704,0.035294988
5/21/2019 15:00,0.095094329,0.031255994
5/21/2019 16:00,0.080221978,0.026367689
5/21/2019 17:00,0.06503413,0.021375685
5/21/2019 18:00,0.058564161,0.019249109
5/21/2019 19:00,0.052797447,0.017353682
5/21/2019 20:00,0.038845151,0.012767784
5/21/2019 21:00,0.026978896,0.008867534
5/21/2019 22:00,0.026249071,0.008627652
5/21/2019 23:00,0.022449103,0.007378663
5/22/2019 0:00,0.028236479,0.009280882
5/22/2019 1:00,0.035309022,0.011605514
5/22/2019 2:00,0.077255593,0.025392686
5/22/2019 3:00,0.116775737,0.038382329
5/22/2019 4:00,0.151167078,0.049686216
5/22/2019 5:00,0.207103428,0.068071605
5/22/2019 6:00,0.241789981,0.079472523
5/22/2019 7:00,0.320033589,0.105189954
5/22/2019 8:00,0.35226452,0.115783749
5/22/2019 9:00,0.366279278,0.120390177
5/22/2019 10:00,0.449173232,0.147636102
5/22/2019 11:00,0.521130003,0.171287149
5/22/2019 12:00,0.5423344,0.178256697
5/22/2019 13:00,0.50793492,0.166950135
5/22/2019 14:00,0.528699322,0.173775064
5/22/2019 15:00,0.587642208,0.193148653
5/22/2019 16:00,0.602315995,0.197971694
5/22/2019 17:00,0.598072228,0.196576835
5/22/2019 18:00,0.585826278,0.192551786
5/22/2019 19:00,0.607202598,0.199577843
5/22/2019 20:00,0.640238909,0.210436353
5/22/2019 21:00,0.621782455,0.20437001
5/22/2019 22:00,0.634747251,0.208631332
5/22/2019 23:00,0.678255502,0.222931803
5/23/2019 0:00,0.718094028,0.236026093
5/23/2019 1:00,0.734199403,0.241319674
5/23/2019 2:00,0.811656303,0.266778526
5/23/2019 3:00,0.798268685,0.262378228
5/23/2019 4:00,0.748806826,0.246120901
5/23/2019 5:00,0.721329806,0.237089642
5/23/2019 6:00,0.708638351,0.232918162
5/23/2019 7:00,0.741178619,0.243613631
5/23/2019 8:00,0.797985264,0.262285072
5/23/2019 9:00,0.805094587,0.264621794
5/23/2019 10:00,0.805262425,0.26467696
5/23/2019 11:00,0.81490365,0.267845877
5/23/2019 12:00,0.812837989,0.267166927
5/23/2019 13:00,0.850546358,0.279561069
5/23/2019 14:00,0.849740489,0.279296192
5/23/2019 15:00,0.876524504,0.288099672
5/23/2019 16:00,0.875671091,0.287819169
5/23/2019 17:00,0.871341474,0.286396093
5/23/2019 18:00,0.856264301,0.281440466
5/23/2019 19:00,0.834598705,0.274319329
5/23/2019 20:00,0.796408056,0.261766669
5/23/2019 21:00,0.750255054,0.246596911
5/23/2019 22:00,0.800866729,0.263232164
5/23/2019 23:00,0.761111535,0.250165264
5/24/2019 0:00,0.621824909,0.204383964
5/24/2019 1:00,0.571182053,0.187738462
5/24/2019 2:00,0.566497425,0.186198699
5/24/2019 3:00,0.523162697,0.171955263
5/24/2019 4:00,0.465874921,0.153125682
5/24/2019 5:00,0.403277607,0.13255094
5/24/2019 6:00,0.351451849,0.115516637
5/24/2019 7:00,0.31280733,0.102814797
5/24/2019 8:00,0.312273093,0.102639202
5/24/2019 9:00,0.282851777,0.092968883
5/24/2019 10:00,0.333938769,0.109760366
5/24/2019 11:00,0.301163792,0.098987751
5/24/2019 12:00,0.256937036,0.08445112
5/24/2019 13:00,0.288735619,0.094902808
5/24/2019 14:00,0.324972278,0.106813222
5/24/2019 15:00,0.391144227,0.12856289
5/24/2019 16:00,0.466226138,0.153241121
5/24/2019 17:00,0.499146592,0.164061551
5/24/2019 18:00,0.492090939,0.16174247
5/24/2019 19:00,0.393545202,0.129352053
5/24/2019 20:00,0.315693055,0.103763289
5/24/2019 21:00,0.340128475,0.111794823
5/24/2019 22:00,0.359134247,0.118041719
5/24/2019 23:00,0.37531651,0.123360571
5/25/2019 0:00,0.270195653,0.088809017
5/25/2019 1:00,0.216578655,0.071185961
5/25/2019 2:00,0.181800356,0.059754887
5/25/2019 3:00,0.148437709,0.048789116
5/25/2019 4:00,0.139502781,0.045852347
5/25/2019 5:00,0.150535065,0.049478483
5/25/2019 6:00,0.119115278,0.039151299
5/25/2019 7:00,0.101887023,0.033488645
5/25/2019 8:00,0.108683371,0.035722497
5/25/2019 9:00,0.105914446,0.034812395
5/25/2019 10:00,0.139023382,0.045694776
5/25/2019 11:00,0.136342609,0.044813649
5/25/2019 12:00,0.126157444,0.041465947
5/25/2019 13:00,0.113054708,0.037159285
5/25/2019 14:00,0.081498158,0.026787149
5/25/2019 15:00,0.075353321,0.024767439
5/25/2019 16:00,0.05717483,0.018792458
5/25/2019 17:00,0.052166704,0.017146366
5/25/2019 18:00,0.06222859,0.020453549
5/25/2019 19:00,0.073785871,0.024252243
5/25/2019 20:00,0.079653053,0.026180692
5/25/2019 21:00,0.072963973,0.023982098
5/25/2019 22:00,0.046865085,0.015403809
5/25/2019 23:00,0.038699094,0.012719777
5/26/2019 0:00,0.019985734,0.006568993
5/26/2019 1:00,0.017312804,0.005690444
5/26/2019 2:00,0.013042173,0.004286755
5/26/2019 3:00,0.015472863,0.005085684
5/26/2019 4:00,0.046092882,0.015149998
5/26/2019 5:00,0.057846089,0.01901309
5/26/2019 6:00,0.063826027,0.020978601
5/26/2019 7:00,0.079639665,0.026176292
5/26/2019 8:00,0.115135158,0.037843097
5/26/2019 9:00,0.147253471,0.048399875
5/26/2019 10:00,0.119063136,0.03913416
5/26/2019 11:00,0.116981777,0.038450051
5/26/2019 12:00,0.117918882,0.038758062
5/26/2019 13:00,0.125954832,0.041399351
5/26/2019 14:00,0.138201547,0.045424652
5/26/2019 15:00,0.173328017,0.056970164
5/26/2019 16:00,0.19040478,0.062583025
5/26/2019 17:00,0.217508996,0.07149175
5/26/2019 18:00,0.222044325,0.07298244
5/26/2019 19:00,0.2166255,0.071201359
5/26/2019 20:00,0.18880134,0.062055999
5/26/2019 21:00,0.177841514,0.058453679
5/26/2019 22:00,0.1940358,0.063776483
5/26/2019 23:00,0.234762249,0.07716262
5/27/2019 0:00,0.262073518,0.0861394
5/27/2019 1:00,0.272193937,0.08946582
5/27/2019 2:00,0.303965572,0.099908652
5/27/2019 3:00,0.315724539,0.103773638
5/27/2019 4:00,0.294192578,0.096696424
5/27/2019 5:00,0.25438111,0.083611028
5/27/2019 6:00,0.213631188,0.070217176
5/27/2019 7:00,0.185126158,0.060848026
5/27/2019 8:00,0.15638094,0.051399929
5/27/2019 9:00,0.127416127,0.041879656
5/27/2019 10:00,0.064409355,0.021170331
5/27/2019 11:00,0.073094449,0.024024984
5/27/2019 12:00,0.094778957,0.031152337
5/27/2019 13:00,0.109879699,0.036115711
5/27/2019 14:00,0.11279032,0.037072385
5/27/2019 15:00,0.109827942,0.036098699
5/27/2019 16:00,0.121005095,0.039772451
5/27/2019 17:00,0.1355446,0.044551356
5/27/2019 18:00,0.14337273,0.047124337
5/27/2019 19:00,0.141583704,0.046536313
5/27/2019 20:00,0.142783592,0.046930697
5/27/2019 21:00,0.152992934,0.050286346
5/27/2019 22:00,0.202956759,0.066708661
5/27/2019 23:00,0.218628999,0.071859877
5/28/2019 0:00,0.209548619,0.0688753
5/28/2019 1:00,0.229259162,0.075353843
5/28/2019 2:00,0.292407682,0.096109757
5/28/2019 3:00,0.346327165,0.113832234
5/28/2019 4:00,0.364527654,0.119814446
5/28/2019 5:00,0.365266298,0.120057226
5/28/2019 6:00,0.358864751,0.11795314
5/28/2019 7:00,0.356384064,0.117137777
5/28/2019 8:00,0.350124372,0.115080316
5/28/2019 9:00,0.344514722,0.113236513
5/28/2019 10:00,0.322008832,0.105839185
5/28/2019 11:00,0.378698627,0.124472219
5/28/2019 12:00,0.371373721,0.122064639
5/28/2019 13:00,0.376336601,0.123695859
5/28/2019 14:00,0.404060414,0.132808236
5/28/2019 15:00,0.458133663,0.150581253
5/28/2019 16:00,0.51987454,0.170874498
5/28/2019 17:00,0.528655458,0.173760646
5/28/2019 18:00,0.539716344,0.177396184
5/28/2019 19:00,0.498121717,0.163724691
5/28/2019 20:00,0.44886747,0.147535603
5/28/2019 21:00,0.381890202,0.125521239
5/28/2019 22:00,0.198501874,0.065244411
5/28/2019 23:00,0.130807712,0.042994416
5/29/2019 0:00,0.140984503,0.046339365
5/29/2019 1:00,0.07171577,0.023571834
5/29/2019 2:00,0.085583462,0.028129924
5/29/2019 3:00,0.273582481,0.089922213
5/29/2019 4:00,0.50657442,0.16650296
5/29/2019 5:00,0.636456474,0.209193127
5/29/2019 6:00,0.631665519,0.207618416
5/29/2019 7:00,0.560572216,0.184251177
5/29/2019 8:00,0.491021741,0.161391042
5/29/2019 9:00,0.364970381,0.119959963
5/29/2019 10:00,0.185427903,0.060947204
5/29/2019 11:00,0.080439658,0.026439237
5/29/2019 12:00,0.082212873,0.027022065
5/29/2019 13:00,0.024047409,0.007904001
5/29/2019 14:00,0,0
5/29/2019 15:00,0,0
5/29/2019 16:00,0,0
5/29/2019 17:00,0,0
5/29/2019 18:00,0,0
5/29/2019 19:00,0,0
5/29/2019 20:00,0,0
5/29/2019 21:00,0,0
5/29/2019 22:00,0.039003869,0.012819952
5/29/2019 23:00,0.04780962,0.015714262
5/30/2019 0:00,0.084299055,0.02770776
5/30/2019 1:00,0.111072432,0.036507743
5/30/2019 2:00,0.11367801,0.037364155
5/30/2019 3:00,0.132573038,0.04357465
5/30/2019 4:00,0.138750372,0.045605042
5/30/2019 5:00,0.118828114,0.039056912
5/30/2019 6:00,0.089319284,0.029357829
5/30/2019 7:00,0.066296736,0.021790683
5/30/2019 8:00,0.063909834,0.021006146
5/30/2019 9:00,0.076849917,0.025259346
5/30/2019 10:00,0.082287208,0.027046497
5/30/2019 11:00,0.107622332,0.03537375
5/30/2019 12:00,0.135214621,0.044442897
5/30/2019 13:00,0.112935853,0.03712022
5/30/2019 14:00,0.075250553,0.024733661
5/30/2019 15:00,0.05852717,0.01923695
5/30/2019 16:00,0.036990286,0.012158119
5/30/2019 17:00,0.017796499,0.005849426
5/30/2019 18:00,0,0
5/30/2019 19:00,0,0
5/30/2019 20:00,0,0
5/30/2019 21:00,0,0
5/30/2019 22:00,0,0
5/30/2019 23:00,0,0
5/31/2019 0:00,0,0
5/31/2019 1:00,0,0
5/31/2019 2:00,0,0
5/31/2019 3:00,0.014776388,0.004856764
5/31/2019 4:00,0.021861946,0.007185674
5/31/2019 5:00,0.066915709,0.02199413
5/31/2019 6:00,0.136855903,0.04498236
5/31/2019 7:00,0.192694576,0.063335644
5/31/2019 8:00,0.359794457,0.118258719
5/31/2019 9:00,0.464758735,0.152758809
5/31/2019 10:00,0.595842226,0.195843869
5/31/2019 11:00,0.662388119,0.217716446
5/31/2019 12:00,0.742948986,0.244195523
5/31/2019 13:00,0.782843734,0.257308292
5/31/2019 14:00,0.749754704,0.246432454
5/31/2019 15:00,0.655931962,0.21559441
5/31/2019 16:00,0.431285576,0.141756714
5/31/2019 17:00,0.227406582,0.074744929
5/31/2019 18:00,0.079033583,0.025977083
5/31/2019 19:00,0.068643587,0.022562056
5/31/2019 20:00,0.304022589,0.099927393
5/31/2019 21:00,0.770693622,0.253314743
5/31/2019 22:00,0.746106368,0.245233304
5/31/2019 23:00,0.660620189,0.217135356
06/01/2019 00:00,0.699374827,0.229873389
06/01/2019 01:00,0.688140208,0.226180749
06/01/2019 02:00,0.612241305,0.201233986
06/01/2019 03:00,0.499888056,0.164305258
06/01/2019 04:00,0.524037736,0.172242874
06/01/2019 05:00,0.665051257,0.218591777
06/01/2019 06:00,0.707337762,0.232490679
06/01/2019 07:00,0.718208336,0.236063664
06/01/2019 08:00,0.696806692,0.229029284
06/01/2019 09:00,0.588742567,0.193510324
06/01/2019 10:00,0.497398947,0.163487128
06/01/2019 11:00,0.400469153,0.131627845
06/01/2019 12:00,0.308603495,0.101433064
06/01/2019 13:00,0.199199928,0.06547385
06/01/2019 14:00,0.127557585,0.041926151
06/01/2019 15:00,0.108452412,0.035646584
06/01/2019 16:00,0.120209484,0.039510947
06/01/2019 17:00,0.134633351,0.044251842
06/01/2019 18:00,0.121836737,0.040045799
06/01/2019 19:00,0.10033165,0.032977419
06/01/2019 20:00,0.077358719,0.025426581
06/01/2019 21:00,0.066427349,0.021833614
06/01/2019 22:00,0.062100132,0.020411326
06/01/2019 23:00,0.092459489,0.030389964
06/02/2019 00:00,0.150994487,0.049629488
06/02/2019 01:00,0.175845635,0.057797665
06/02/2019 02:00,0.15576964,0.051199005
06/02/2019 03:00,0.219653862,0.072196733
06/02/2019 04:00,0.287203395,0.094399191
06/02/2019 05:00,0.380505477,0.125066102
06/02/2019 06:00,0.488719341,0.160634279
06/02/2019 07:00,0.552076717,0.181458842
06/02/2019 08:00,0.672244684,0.220956143
06/02/2019 09:00,0.710429772,0.233506974
06/02/2019 10:00,0.701933449,0.230714368
06/02/2019 11:00,0.705514384,0.231891364
06/02/2019 12:00,0.691988731,0.227445697
06/02/2019 13:00,0.727781133,0.239210091
06/02/2019 14:00,0.714015586,0.234685574
06/02/2019 15:00,0.686741979,0.225721173
06/02/2019 16:00,0.509775343,0.167555052
06/02/2019 17:00,0.236489543,0.077730354
06/02/2019 18:00,0.071890394,0.02362923
06/02/2019 19:00,0.081240733,0.026702538
06/02/2019 20:00,0.062272228,0.020467891
06/02/2019 21:00,0.027097441,0.008906498
06/02/2019 22:00,0.004679507,0.00153808
06/02/2019 23:00,0,0
06/03/2019 00:00,0.081567706,0.026810008
06/03/2019 01:00,0.130184382,0.042789537
06/03/2019 02:00,0.116796443,0.038389134
06/03/2019 03:00,0.23474898,0.077158259
06/03/2019 04:00,0.454383922,0.149348773
06/03/2019 05:00,0.471438896,0.154954472
06/03/2019 06:00,0.374806932,0.123193081
06/03/2019 07:00,0.303010964,0.099594887
06/03/2019 08:00,0.254566259,0.083671883
06/03/2019 09:00,0.246143659,0.080903508
06/03/2019 10:00,0.324145337,0.10654142
06/03/2019 11:00,0.495146517,0.16274679
06/03/2019 12:00,0.670644673,0.220430244
06/03/2019 13:00,0.787017965,0.258680296
06/03/2019 14:00,0.845481736,0.277896408
06/03/2019 15:00,0.873507356,0.287107984
06/03/2019 16:00,0.902356562,0.296590259
06/03/2019 17:00,0.906510295,0.297955525
06/03/2019 18:00,0.88000668,0.289244208
06/03/2019 19:00,0.84359766,0.277277142
06/03/2019 20:00,0.813590461,0.267414253
06/03/2019 21:00,0.797776629,0.262216497
06/03/2019 22:00,0.851304179,0.279810152
06/03/2019 23:00,0.825719661,0.271400928
06/04/2019 00:00,0.793873267,0.260933524
06/04/2019 01:00,0.742481822,0.244041973
06/04/2019 02:00,0.682461307,0.224314184
06/04/2019 03:00,0.605915888,0.199154921
06/04/2019 04:00,0.548558918,0.180302597
06/04/2019 05:00,0.496647048,0.163239991
06/04/2019 06:00,0.460967219,0.151512598
06/04/2019 07:00,0.437837628,0.143910269
06/04/2019 08:00,0.378774834,0.124497268
06/04/2019 09:00,0.302886086,0.099553842
06/04/2019 10:00,0.294794128,0.096894144
06/04/2019 11:00,0.242320412,0.079646868
06/04/2019 12:00,0.192490804,0.063268668
06/04/2019 13:00,0.147672999,0.048537767
06/04/2019 14:00,0.113741992,0.037385185
06/04/2019 15:00,0.066700743,0.021923474
06/04/2019 16:00,0.035250112,0.011586151
06/04/2019 17:00,0.019968683,0.006563389
06/04/2019 18:00,0.012789461,0.004203693
06/04/2019 19:00,0,0
06/04/2019 20:00,0.002181086,0.000716888
06/04/2019 21:00,0,0
06/04/2019 22:00,0.003858269,0.001268152
06/04/2019 23:00,0.027035563,0.00888616
06/05/2019 00:00,0.050040667,0.016447572
06/05/2019 01:00,0.070025305,0.023016205
06/05/2019 02:00,0.122426846,0.040239758
06/05/2019 03:00,0.153287817,0.050383269
06/05/2019 04:00,0.172528795,0.056707473
06/05/2019 05:00,0.1977438,0.064995244
06/05/2019 06:00,0.218130695,0.071696092
06/05/2019 07:00,0.245544973,0.08070673
06/05/2019 08:00,0.25276471,0.083079742
06/05/2019 09:00,0.249986429,0.082166566
06/05/2019 10:00,0.23315694,0.07663498
06/05/2019 11:00,0.146191036,0.04805067
06/05/2019 12:00,0.134850462,0.044323203
06/05/2019 13:00,0.164205782,0.053971831
06/05/2019 14:00,0.133826455,0.043986629
06/05/2019 15:00,0.076153666,0.0250305
06/05/2019 16:00,0.041740849,0.013719554
06/05/2019 17:00,0.039266208,0.012906178
06/05/2019 18:00,0.020248701,0.006655426
06/05/2019 19:00,0.00505449,0.001661331
06/05/2019 20:00,0,0
06/05/2019 21:00,0,0
06/05/2019 22:00,0,0
06/05/2019 23:00,0.000329265,0.000108224
06/06/2019 00:00,0.006493244,0.002134226
06/06/2019 01:00,0.019273425,0.006334869
06/06/2019 02:00,0.040283909,0.013240681
06/06/2019 03:00,0.062834341,0.020652649
06/06/2019 04:00,0.155158821,0.050998238
06/06/2019 05:00,0.192199225,0.06317283
06/06/2019 06:00,0.262157028,0.086166848
06/06/2019 07:00,0.310361272,0.102010817
06/06/2019 08:00,0.349131331,0.114753919
06/06/2019 09:00,0.39751024,0.130655298
06/06/2019 10:00,0.450480788,0.148065875
06/06/2019 11:00,0.389521743,0.128029606
06/06/2019 12:00,0.224004536,0.07362673
06/06/2019 13:00,0.10628712,0.034934887
06/06/2019 14:00,0.096265783,0.031641033
06/06/2019 15:00,0.07223579,0.023742756
06/06/2019 16:00,0.025331921,0.0083262
06/06/2019 17:00,0.002946812,0.00096857
06/06/2019 18:00,0,0
06/06/2019 19:00,0,0
06/06/2019 20:00,0,0
06/06/2019 21:00,0,0
06/06/2019 22:00,0,0
06/06/2019 23:00,0,0
06/07/2019 00:00,0.00665656,0.002187905
06/07/2019 01:00,0.025988474,0.008541998
06/07/2019 02:00,0.047617786,0.015651209
06/07/2019 03:00,0.077809875,0.025574869
06/07/2019 04:00,0.084037005,0.027621628
06/07/2019 05:00,0.053249161,0.017502153
06/07/2019 06:00,0.042778666,0.014060668
06/07/2019 07:00,0.06580764,0.021629925
06/07/2019 08:00,0.090838365,0.029857127
06/07/2019 09:00,0.105933392,0.034818622
06/07/2019 10:00,0.054340968,0.017861012
06/07/2019 11:00,0.049815835,0.016373673
06/07/2019 12:00,0.072948177,0.023976906
06/07/2019 13:00,0.132086376,0.043414692
06/07/2019 14:00,0.142832273,0.046946698
06/07/2019 15:00,0.104051406,0.034200043
06/07/2019 16:00,0.099586555,0.032732518
06/07/2019 17:00,0.111406577,0.036617571
06/07/2019 18:00,0.087532807,0.028770642
06/07/2019 19:00,0.073222054,0.024066925
06/07/2019 20:00,0.090125895,0.029622949
06/07/2019 21:00,0.127669734,0.041963012
06/07/2019 22:00,0.126008019,0.041416833
06/07/2019 23:00,0.126295221,0.041511232
06/08/2019 00:00,0.129045332,0.04241515
06/08/2019 01:00,0.11547928,0.037956204
06/08/2019 02:00,0.100938511,0.033176884
06/08/2019 03:00,0.090395074,0.029711424
06/08/2019 04:00,0.1046044,0.034381803
06/08/2019 05:00,0.152434605,0.050102832
06/08/2019 06:00,0.214337234,0.070449242
06/08/2019 07:00,0.246701808,0.081086963
06/08/2019 08:00,0.240800347,0.079147247
06/08/2019 09:00,0.234836131,0.077186903
06/08/2019 10:00,0.213885965,0.070300917
06/08/2019 11:00,0.247192253,0.081248164
06/08/2019 12:00,0.285676945,0.093897471
06/08/2019 13:00,0.32211509,0.10587411
06/08/2019 14:00,0.364866225,0.119925729
06/08/2019 15:00,0.39929972,0.131243471
06/08/2019 16:00,0.433983367,0.142643435
06/08/2019 17:00,0.463415628,0.152317351
06/08/2019 18:00,0.418626792,0.137595973
06/08/2019 19:00,0.34717585,0.114111184
06/08/2019 20:00,0.313527915,0.103051642
06/08/2019 21:00,0.319864436,0.105134356
06/08/2019 22:00,0.318138776,0.104567159
06/08/2019 23:00,0.296714664,0.097525394
06/09/2019 00:00,0.292904469,0.096273043
06/09/2019 01:00,0.272207543,0.089470293
06/09/2019 02:00,0.277233442,0.091122226
06/09/2019 03:00,0.284289179,0.093441334
06/09/2019 04:00,0.252570934,0.083016051
06/09/2019 05:00,0.252820506,0.083098082
06/09/2019 06:00,0.220002198,0.072311226
06/09/2019 07:00,0.170388324,0.056003934
06/09/2019 08:00,0.144353943,0.047446846
06/09/2019 09:00,0.124628584,0.040963435
06/09/2019 10:00,0.083794539,0.027541933
06/09/2019 11:00,0.067051945,0.022038909
06/09/2019 12:00,0.055212658,0.018147523
06/09/2019 13:00,0.028985256,0.009526993
06/09/2019 14:00,0.010339197,0.00339833
06/09/2019 15:00,0.002303963,0.000757276
06/09/2019 16:00,0,0
06/09/2019 17:00,0,0
06/09/2019 18:00,0,0
06/09/2019 19:00,0,0
06/09/2019 20:00,0,0
06/09/2019 21:00,0,0
06/09/2019 22:00,0,0
06/09/2019 23:00,0,0
06/10/2019 00:00,0,0
06/10/2019 01:00,0.004684649,0.00153977
06/10/2019 02:00,0.015168385,0.004985607
06/10/2019 03:00,0.033992472,0.011172785
06/10/2019 04:00,0.053440918,0.01756518
06/10/2019 05:00,0.066942691,0.022002998
06/10/2019 06:00,0.071735271,0.023578243
06/10/2019 07:00,0.053627324,0.017626449
06/10/2019 08:00,0.052276083,0.017182318
06/10/2019 09:00,0.058591682,0.019258155
06/10/2019 10:00,0.091520089,0.030081199
06/10/2019 11:00,0.089681181,0.029476779
06/10/2019 12:00,0.073165697,0.024048402
06/10/2019 13:00,0.081145318,0.026671176
06/10/2019 14:00,0.118969231,0.039103295
06/10/2019 15:00,0.136741617,0.044944796
06/10/2019 16:00,0.1193871,0.039240642
06/10/2019 17:00,0.103261808,0.033940515
06/10/2019 18:00,0.100674854,0.033090224
06/10/2019 19:00,0.106239032,0.034919081
06/10/2019 20:00,0.120961643,0.039758169
06/10/2019 21:00,0.128725693,0.042310089
06/10/2019 22:00,0.148879688,0.048934387
06/10/2019 23:00,0.162197597,0.053311772
06/11/2019 00:00,0.212818329,0.069950002
06/11/2019 01:00,0.302431651,0.099404477
06/11/2019 02:00,0.458077884,0.150562919
06/11/2019 03:00,0.511775511,0.168212476
06/11/2019 04:00,0.605654598,0.19906904
06/11/2019 05:00,0.488912428,0.160697744
06/11/2019 06:00,0.507755991,0.166891323
06/11/2019 07:00,0.524133806,0.172274451
06/11/2019 08:00,0.634741651,0.208629492
06/11/2019 09:00,0.674385938,0.221659938
06/11/2019 10:00,0.60011932,0.197249682
06/11/2019 11:00,0.53985116,0.177440495
06/11/2019 12:00,0.474830586,0.156069266
06/11/2019 13:00,0.503969253,0.165646683
06/11/2019 14:00,0.503102947,0.165361942
06/11/2019 15:00,0.536819859,0.176444155
06/11/2019 16:00,0.547827562,0.180062212
06/11/2019 17:00,0.597953808,0.196537912
06/11/2019 18:00,0.589478222,0.193752122
06/11/2019 19:00,0.714278271,0.234771914
06/11/2019 20:00,0.799085302,0.262646638
06/11/2019 21:00,0.843978235,0.277402231
06/11/2019 22:00,0.890180699,0.292588246
06/11/2019 23:00,0.871028782,0.286293316
06/12/2019 00:00,0.859617983,0.282542768
06/12/2019 01:00,0.865245284,0.284392372
06/12/2019 02:00,0.885531913,0.291060264
06/12/2019 03:00,0.90530821,0.297560419
06/12/2019 04:00,0.905166265,0.297513764
06/12/2019 05:00,0.89958321,0.295678702
06/12/2019 06:00,0.899464962,0.295639836
06/12/2019 07:00,0.899091245,0.295517001
06/12/2019 08:00,0.889938721,0.292508712
06/12/2019 09:00,0.890257802,0.292613589
06/12/2019 10:00,0.87854741,0.288764569
06/12/2019 11:00,0.86186118,0.283280071
06/12/2019 12:00,0.856162053,0.281406858
06/12/2019 13:00,0.822427395,0.270318812
06/12/2019 14:00,0.802752573,0.263852011
06/12/2019 15:00,0.809737934,0.266147988
06/12/2019 16:00,0.856892197,0.281646845
06/12/2019 17:00,0.862944868,0.283636262
06/12/2019 18:00,0.843300443,0.277179452
06/12/2019 19:00,0.811461943,0.266714643
06/12/2019 20:00,0.802793615,0.263865501
06/12/2019 21:00,0.817287217,0.268629318
06/12/2019 22:00,0.808403376,0.26570934
06/12/2019 23:00,0.781412667,0.256837923
6/13/2019 0:00,0.740701264,0.243456732
6/13/2019 1:00,0.748676132,0.246077945
6/13/2019 2:00,0.766156725,0.251823538
6/13/2019 3:00,0.775029046,0.254739729
6/13/2019 4:00,0.779725318,0.256283318
6/13/2019 5:00,0.766182534,0.251832021
6/13/2019 6:00,0.724076659,0.237992489
6/13/2019 7:00,0.653786371,0.214889188
6/13/2019 8:00,0.735260185,0.241668336
6/13/2019 9:00,0.782978117,0.257352462
6/13/2019 10:00,0.800761653,0.263197627
6/13/2019 11:00,0.807561329,0.265432573
6/13/2019 12:00,0.804731973,0.264502608
6/13/2019 13:00,0.782225211,0.257104993
6/13/2019 14:00,0.843586411,0.277273445
6/13/2019 15:00,0.814377126,0.267672817
6/13/2019 16:00,0.782021768,0.257038125
6/13/2019 17:00,0.8395669,0.275952295
6/13/2019 18:00,0.871677752,0.286506622
6/13/2019 19:00,0.857422237,0.281821061
6/13/2019 20:00,0.334563652,0.109965754
6/13/2019 21:00,0.064379389,0.021160482
6/13/2019 22:00,0.103993918,0.034181148
6/13/2019 23:00,0.234717475,0.077147903
6/14/2019 0:00,0.29854193,0.098125987
6/14/2019 1:00,0.316666995,0.104083408
6/14/2019 2:00,0.42776665,0.140600098
6/14/2019 3:00,0.55352128,0.181933647
6/14/2019 4:00,0.587930142,0.193243293
6/14/2019 5:00,0.576769182,0.189574862
6/14/2019 6:00,0.629350816,0.20685761
6/14/2019 7:00,0.732446928,0.240743663
6/14/2019 8:00,0.755783561,0.248414043
6/14/2019 9:00,0.775118061,0.254768986
6/14/2019 10:00,0.78871716,0.259238794
6/14/2019 11:00,0.823170456,0.270563045
6/14/2019 12:00,0.80909033,0.265935131
6/14/2019 13:00,0.822599467,0.27037537
6/14/2019 14:00,0.832637969,0.273674866
6/14/2019 15:00,0.840463718,0.276247065
6/14/2019 16:00,0.833337903,0.273904923
6/14/2019 17:00,0.804431094,0.264403714
6/14/2019 18:00,0.765721512,0.25168049
6/14/2019 19:00,0.69609217,0.228794432
6/14/2019 20:00,0.582582475,0.191485599
6/14/2019 21:00,0.491490597,0.161545147
6/14/2019 22:00,0.421013275,0.138380372
6/14/2019 23:00,0.35357667,0.116215032
6/15/2019 0:00,0.290252102,0.095401252
6/15/2019 1:00,0.275889676,0.090680551
6/15/2019 2:00,0.260992586,0.085784114
6/15/2019 3:00,0.335280518,0.110201377
6/15/2019 4:00,0.411072035,0.135112844
6/15/2019 5:00,0.354570908,0.116541821
6/15/2019 6:00,0.302545231,0.099441809
6/15/2019 7:00,0.334763749,0.110031523
6/15/2019 8:00,0.330271353,0.108554944
6/15/2019 9:00,0.451893803,0.14853031
6/15/2019 10:00,0.47043533,0.154624616
6/15/2019 11:00,0.520920191,0.171218187
6/15/2019 12:00,0.570545612,0.187529274
6/15/2019 13:00,0.518625397,0.170463925
6/15/2019 14:00,0.438368027,0.144084603
6/15/2019 15:00,0.486117446,0.159779078
6/15/2019 16:00,0.476642083,0.156664677
6/15/2019 17:00,0.381855517,0.125509839
6/15/2019 18:00,0.35622275,0.117084756
6/15/2019 19:00,0.424559966,0.139546112
6/15/2019 20:00,0.462083418,0.151879475
6/15/2019 21:00,0.435578267,0.143167653
6/15/2019 22:00,0.321388995,0.105635454
6/15/2019 23:00,0.29400814,0.096635802
6/16/2019 0:00,0.277086246,0.091073845
6/16/2019 1:00,0.279498928,0.091866855
6/16/2019 2:00,0.285002346,0.093675741
6/16/2019 3:00,0.245459367,0.080678593
6/16/2019 4:00,0.213922966,0.070313079
6/16/2019 5:00,0.205237517,0.06745831
6/16/2019 6:00,0.191811367,0.063045348
6/16/2019 7:00,0.174119406,0.057230281
6/16/2019 8:00,0.150474144,0.049458459
6/16/2019 9:00,0.162229492,0.053322256
6/16/2019 10:00,0.163040223,0.05358873
6/16/2019 11:00,0.165076063,0.054257878
6/16/2019 12:00,0.154826451,0.050888993
6/16/2019 13:00,0.160603598,0.05278785
6/16/2019 14:00,0.146903567,0.048284868
6/16/2019 15:00,0.084491835,0.027771123
6/16/2019 16:00,0.064464799,0.021188555
6/16/2019 17:00,0.102408068,0.033659904
6/16/2019 18:00,0.107977246,0.035490405
6/16/2019 19:00,0.069330104,0.022787703
6/16/2019 20:00,0.036830565,0.012105621
6/16/2019 21:00,0.023429588,0.007700933
6/16/2019 22:00,0.047803626,0.015712292
6/16/2019 23:00,0.091426918,0.030050575
6/17/2019 0:00,0.104723033,0.034420796
6/17/2019 1:00,0.132072801,0.04341023
6/17/2019 2:00,0.171108961,0.056240796
6/17/2019 3:00,0.253541572,0.083335085
6/17/2019 4:00,0.284585216,0.093538637
6/17/2019 5:00,0.143955374,0.047315843
6/17/2019 6:00,0.022756064,0.007479557
6/17/2019 7:00,0,0
6/17/2019 8:00,0,0
6/17/2019 9:00,0.054020492,0.017755677
6/17/2019 10:00,0.211262989,0.069438787
6/17/2019 11:00,0.289502216,0.095154777
6/17/2019 12:00,0.230642057,0.075808378
6/17/2019 13:00,0.124921544,0.041059726
6/17/2019 14:00,0.035878952,0.011792841
6/17/2019 15:00,0,0
6/17/2019 16:00,0.00341917,0.001123827
6/17/2019 17:00,0,0
6/17/2019 18:00,0.016522424,0.005430658
6/17/2019 19:00,0.037471069,0.012316145
6/17/2019 20:00,0.042658161,0.01402106
6/17/2019 21:00,0.08554014,0.028115684
6/17/2019 22:00,0.120610741,0.039642834
6/17/2019 23:00,0.135919178,0.044674473
6/18/2019 0:00,0.15121522,0.049702039
6/18/2019 1:00,0.199740464,0.065651516
6/18/2019 2:00,0.241741475,0.07945658
6/18/2019 3:00,0.284316403,0.093450283
6/18/2019 4:00,0.347255175,0.114137257
6/18/2019 5:00,0.413543917,0.135925312
6/18/2019 6:00,0.50636815,0.166435162
6/18/2019 7:00,0.638297449,0.209798226
6/18/2019 8:00,0.688339275,0.226246179
6/18/2019 9:00,0.685125415,0.225189834
6/18/2019 10:00,0.63894002,0.210009429
6/18/2019 11:00,0.525857543,0.172841016
6/18/2019 12:00,0.528806176,0.173810185
6/18/2019 13:00,0.54549222,0.179294622
6/18/2019 14:00,0.543735307,0.178717153
6/18/2019 15:00,0.534996238,0.17584476
6/18/2019 16:00,0.468739991,0.154067385
6/18/2019 17:00,0.405665149,0.133335686
6/18/2019 18:00,0.333436168,0.109595169
6/18/2019 19:00,0.239968977,0.078873988
6/18/2019 20:00,0.178675028,0.058727642
6/18/2019 21:00,0.149523417,0.049145971
6/18/2019 22:00,0.173498669,0.057026255
6/18/2019 23:00,0.188729771,0.062032476
6/19/2019 0:00,0.160930646,0.052895345
6/19/2019 1:00,0.154831127,0.05089053
6/19/2019 2:00,0.190728521,0.062689433
6/19/2019 3:00,0.238310215,0.07832878
6/19/2019 4:00,0.273361217,0.089849487
6/19/2019 5:00,0.294616195,0.096835661
6/19/2019 6:00,0.328641995,0.1080194
6/19/2019 7:00,0.343023242,0.112746287
6/19/2019 8:00,0.293397148,0.096434979
6/19/2019 9:00,0.232078365,0.07628047
6/19/2019 10:00,0.202414848,0.066530543
6/19/2019 11:00,0.160259372,0.052674708
6/19/2019 12:00,0.128618327,0.0422748
6/19/2019 13:00,0.101770603,0.033450379
6/19/2019 14:00,0.115218073,0.037870349
6/19/2019 15:00,0.103218989,0.033926441
6/19/2019 16:00,0.072420003,0.023803304
6/19/2019 17:00,0.035085675,0.011532104
6/19/2019 18:00,0.030257156,0.009945046
6/19/2019 19:00,0.005351251,0.001758871
6/19/2019 20:00,0,0
6/19/2019 21:00,0,0
6/19/2019 22:00,0,0
6/19/2019 23:00,0,0
6/20/2019 0:00,0.001834528,0.00060298
6/20/2019 1:00,0.013634407,0.004481413
6/20/2019 2:00,0.02092575,0.006877961
6/20/2019 3:00,0.025833675,0.008491118
6/20/2019 4:00,0.03349225,0.01100837
6/20/2019 5:00,0.041416802,0.013613044
6/20/2019 6:00,0.04553265,0.014965858
6/20/2019 7:00,0.043636336,0.01434257
6/20/2019 8:00,0.028183216,0.009263375
6/20/2019 9:00,0.021392099,0.007031243
6/20/2019 10:00,0.032083891,0.010545465
6/20/2019 11:00,0.062622134,0.0205829
6/20/2019 12:00,0.068423051,0.022489569
6/20/2019 13:00,0.083377207,0.027404763
6/20/2019 14:00,0.19263584,0.063316339
6/20/2019 15:00,0.329498081,0.108300782
6/20/2019 16:00,0.532263419,0.174946526
6/20/2019 17:00,0.622569522,0.204628706
6/20/2019 18:00,0.637974834,0.209692188
6/20/2019 19:00,0.624549366,0.205279449
6/20/2019 20:00,0.644344784,0.211785889
6/20/2019 21:00,0.668468708,0.219715039
6/20/2019 22:00,0.716956439,0.235652185
6/20/2019 23:00,0.73820181,0.242635201
6/21/2019 0:00,0.748815832,0.246123862
6/21/2019 1:00,0.728112152,0.239318891
6/21/2019 2:00,0.676268197,0.222278607
6/21/2019 3:00,0.679119688,0.223215847
6/21/2019 4:00,0.66513117,0.218618044
6/21/2019 5:00,0.590811903,0.194190482
6/21/2019 6:00,0.504500757,0.16582138
6/21/2019 7:00,0.477724249,0.157020367
6/21/2019 8:00,0.48693368,0.160047361
6/21/2019 9:00,0.504155143,0.165707782
6/21/2019 10:00,0.685315251,0.22525223
6/21/2019 11:00,0.73694562,0.242222312
6/21/2019 12:00,0.730297107,0.240037051
6/21/2019 13:00,0.712794669,0.234284278
6/21/2019 14:00,0.726883109,0.238914924
6/21/2019 15:00,0.708910562,0.233007634
6/21/2019 16:00,0.678001208,0.22284822
6/21/2019 17:00,0.649818389,0.213584976
6/21/2019 18:00,0.608159069,0.19989222
6/21/2019 19:00,0.559635116,0.183943167
6/21/2019 20:00,0.491765414,0.161635475
6/21/2019 21:00,0.456740459,0.150123329
6/21/2019 22:00,0.388029802,0.127539228
6/21/2019 23:00,0.3724792,0.122427992
6/22/2019 0:00,0.368136144,0.121000499
6/22/2019 1:00,0.358613499,0.117870557
6/22/2019 2:00,0.329934375,0.108444185
6/22/2019 3:00,0.27650882,0.090884054
6/22/2019 4:00,0.265710797,0.087334916
6/22/2019 5:00,0.280310678,0.092133664
6/22/2019 6:00,0.245530131,0.080701851
6/22/2019 7:00,0.198459711,0.065230553
6/22/2019 8:00,0.15735724,0.051720824
6/22/2019 9:00,0.160345595,0.052703048
6/22/2019 10:00,0.177852513,0.058457294
6/22/2019 11:00,0.180803777,0.059427328
6/22/2019 12:00,0.155710519,0.051179573
6/22/2019 13:00,0.120972023,0.039761581
6/22/2019 14:00,0.090017649,0.02958737
6/22/2019 15:00,0.066251222,0.021775724
6/22/2019 16:00,0.043729093,0.014373058
6/22/2019 17:00,0.026681491,0.008769782
6/22/2019 18:00,0.009864778,0.003242396
6/22/2019 19:00,0,0
6/22/2019 20:00,0,0
6/22/2019 21:00,0,0
6/22/2019 22:00,0,0
6/22/2019 23:00,0.009370091,0.0030798
6/23/2019 0:00,0.009194069,0.003021944
6/23/2019 1:00,4.15E-05,1.36E-05
6/23/2019 2:00,0,0
6/23/2019 3:00,0.002311717,0.000759825
6/23/2019 4:00,0.005058525,0.001662657
6/23/2019 5:00,0.006724633,0.00221028
6/23/2019 6:00,0.014349248,0.00471637
6/23/2019 7:00,0.019186745,0.006306378
6/23/2019 8:00,0.034372692,0.011297758
6/23/2019 9:00,0.050745093,0.016679105
6/23/2019 10:00,0.097155258,0.031933389
6/23/2019 11:00,0.129945376,0.04271098
6/23/2019 12:00,0.161126402,0.052959687
6/23/2019 13:00,0.199885425,0.065699162
6/23/2019 14:00,0.237360119,0.078016498
6/23/2019 15:00,0.287759055,0.094581828
6/23/2019 16:00,0.327649651,0.107693232
6/23/2019 17:00,0.334226307,0.109854875
6/23/2019 18:00,0.327831516,0.107753009
6/23/2019 19:00,0.324342998,0.106606388
6/23/2019 20:00,0.314523457,0.103378861
6/23/2019 21:00,0.309610439,0.10176403
6/23/2019 22:00,0.361322752,0.118761045
6/23/2019 23:00,0.286530375,0.09417798
6/24/2019 0:00,0.250087031,0.082199632
6/24/2019 1:00,0.260142427,0.085504681
6/24/2019 2:00,0.239041114,0.078569015
6/24/2019 3:00,0.198427211,0.06521987
6/24/2019 4:00,0.153339704,0.050400323
6/24/2019 5:00,0.157243754,0.051683523
6/24/2019 6:00,0.202946001,0.066705125
6/24/2019 7:00,0.226388204,0.074410204
6/24/2019 8:00,0.254624973,0.083691181
6/24/2019 9:00,0.297861697,0.097902405
6/24/2019 10:00,0.377216857,0.123985185
6/24/2019 11:00,0.330819056,0.108734966
6/24/2019 12:00,0.293634038,0.096512841
6/24/2019 13:00,0.328939841,0.108117297
6/24/2019 14:00,0.431834429,0.141937113
6/24/2019 15:00,0.539590195,0.17735472
6/24/2019 16:00,0.608153623,0.199890429
6/24/2019 17:00,0.632052135,0.207745491
6/24/2019 18:00,0.632871335,0.208014748
6/24/2019 19:00,0.651019174,0.213979655
6/24/2019 20:00,0.665433792,0.21871751
6/24/2019 21:00,0.689399137,0.226594539
6/24/2019 22:00,0.764860179,0.251397384
6/24/2019 23:00,0.728302853,0.239381571
6/25/2019 0:00,0.701398616,0.230538577
6/25/2019 1:00,0.690676139,0.227014269
6/25/2019 2:00,0.657144848,0.215993066
6/25/2019 3:00,0.648195717,0.213051629
6/25/2019 4:00,0.612843293,0.201431849
6/25/2019 5:00,0.581270693,0.191054437
6/25/2019 6:00,0.541743326,0.17806242
6/25/2019 7:00,0.48392626,0.15905887
6/25/2019 8:00,0.498283856,0.163777983
6/25/2019 9:00,0.494266985,0.162457702
6/25/2019 10:00,0.507855753,0.166924114
6/25/2019 11:00,0.485535676,0.159587859
6/25/2019 12:00,0.432626506,0.142197456
6/25/2019 13:00,0.358031403,0.117679231
6/25/2019 14:00,0.396692558,0.130386538
6/25/2019 15:00,0.35035387,0.115155748
6/25/2019 16:00,0.270363693,0.088864249
6/25/2019 17:00,0.251349549,0.082614602
6/25/2019 18:00,0.274830436,0.090332396
6/25/2019 19:00,0.272698332,0.089631607
6/25/2019 20:00,0.217731409,0.071564853
6/25/2019 21:00,0.168856529,0.055500457
6/25/2019 22:00,0.200499695,0.065901063
6/25/2019 23:00,0.180200676,0.059229098
6/26/2019 0:00,0.153610905,0.050489463
6/26/2019 1:00,0.146434994,0.048130855
6/26/2019 2:00,0.138205174,0.045425844
6/26/2019 3:00,0.109632827,0.036034568
6/26/2019 4:00,0.153923947,0.050592355
6/26/2019 5:00,0.245645234,0.080739684
6/26/2019 6:00,0.297410975,0.09775426
6/26/2019 7:00,0.361524639,0.118827403
6/26/2019 8:00,0.367977911,0.12094849
6/26/2019 9:00,0.38631702,0.126976264
6/26/2019 10:00,0.50999173,0.167626175
6/26/2019 11:00,0.515628321,0.169478833
6/26/2019 12:00,0.587399325,0.193068822
6/26/2019 13:00,0.641366067,0.210806832
6/26/2019 14:00,0.711395826,0.2338245
6/26/2019 15:00,0.747543221,0.245705575
6/26/2019 16:00,0.762038323,0.250469884
6/26/2019 17:00,0.764563431,0.251299847
6/26/2019 18:00,0.778197236,0.255781062
6/26/2019 19:00,0.767947916,0.252412274
6/26/2019 20:00,0.729356024,0.239727732
6/26/2019 21:00,0.684043831,0.224834334
6/26/2019 22:00,0.62445217,0.205247503
6/26/2019 23:00,0.651467818,0.214127117
6/27/2019 0:00,0.641882428,0.210976552
6/27/2019 1:00,0.610271715,0.200586613
6/27/2019 2:00,0.553793771,0.18202321
6/27/2019 3:00,0.504125297,0.165697972
6/27/2019 4:00,0.428937207,0.140984842
6/27/2019 5:00,0.357772983,0.117594293
6/27/2019 6:00,0.261324594,0.08589324
6/27/2019 7:00,0.165139382,0.05427869
6/27/2019 8:00,0.115164541,0.037852754
6/27/2019 9:00,0.088960891,0.029240031
6/27/2019 10:00,0.071901452,0.023632864
6/27/2019 11:00,0.099688245,0.032765942
6/27/2019 12:00,0.146330677,0.048096568
6/27/2019 13:00,0.161236268,0.052995798
6/27/2019 14:00,0.155638618,0.05115594
6/27/2019 15:00,0.139108242,0.045722668
6/27/2019 16:00,0.111694248,0.036712124
6/27/2019 17:00,0.085079578,0.027964305
6/27/2019 18:00,0.071174765,0.023394014
6/27/2019 19:00,0.056983086,0.018729435
6/27/2019 20:00,0.048242485,0.015856538
6/27/2019 21:00,0.042800313,0.014067783
6/27/2019 22:00,0.016062419,0.005279462
6/27/2019 23:00,0.003923392,0.001289557
6/28/2019 0:00,0,0
6/28/2019 1:00,0,0
6/28/2019 2:00,0,0
6/28/2019 3:00,0,0
6/28/2019 4:00,0,0
6/28/2019 5:00,0,0
6/28/2019 6:00,0.00876745,0.002881722
6/28/2019 7:00,0.039032193,0.012829262
6/28/2019 8:00,0.076537156,0.025156547
6/28/2019 9:00,0.123387331,0.040555454
6/28/2019 10:00,0.16822445,0.055292703
6/28/2019 11:00,0.254546351,0.08366534
6/28/2019 12:00,0.329541144,0.108314936
6/28/2019 13:00,0.321220044,0.105579923
6/28/2019 14:00,0.316654718,0.104079373
6/28/2019 15:00,0.332458502,0.109273825
6/28/2019 16:00,0.331750804,0.109041216
6/28/2019 17:00,0.353532705,0.116200581
6/28/2019 18:00,0.356329169,0.117119734
6/28/2019 19:00,0.381859026,0.125510992
6/28/2019 20:00,0.453820018,0.149163426
6/28/2019 21:00,0.541561857,0.178002774
6/28/2019 22:00,0.535659104,0.176062633
6/28/2019 23:00,0.571639042,0.187888667
6/29/2019 0:00,0.556934796,0.183055615
6/29/2019 1:00,0.427422644,0.140487029
6/29/2019 2:00,0.211649579,0.069565852
6/29/2019 3:00,0.204546479,0.067231176
6/29/2019 4:00,0.105228203,0.034586838
6/29/2019 5:00,0.116836522,0.038402308
6/29/2019 6:00,0.101558276,0.033380591
6/29/2019 7:00,0.033360047,0.010964917
6/29/2019 8:00,0.022441209,0.007376069
6/29/2019 9:00,0.04682138,0.015389443
6/29/2019 10:00,0.134858707,0.044325913
6/29/2019 11:00,0.241219549,0.079285032
6/29/2019 12:00,0.155957337,0.051260698
6/29/2019 13:00,0.151322802,0.0497374
6/29/2019 14:00,0.155862574,0.051229551
6/29/2019 15:00,0.088075426,0.028948993
6/29/2019 16:00,0.026458605,0.008696523
6/29/2019 17:00,0.002488339,0.000817878
6/29/2019 18:00,0,0
6/29/2019 19:00,0,0
6/29/2019 20:00,0,0
6/29/2019 21:00,0.022617396,0.007433978
6/29/2019 22:00,0.051171777,0.01681935
6/29/2019 23:00,0.06627263,0.02178276
6/30/2019 0:00,0.091322414,0.030016226
6/30/2019 1:00,0.045199425,0.014856333
6/30/2019 2:00,0.005798361,0.001905829
6/30/2019 3:00,0,0
6/30/2019 4:00,0,0
6/30/2019 5:00,0,0
6/30/2019 6:00,0.011241838,0.003695013
6/30/2019 7:00,0.146788837,0.048247157
6/30/2019 8:00,0.239943269,0.078865539
6/30/2019 9:00,0.258128349,0.084842686
6/30/2019 10:00,0.391114404,0.128553088
6/30/2019 11:00,0.566223298,0.186108598
6/30/2019 12:00,0.491531039,0.16155844
6/30/2019 13:00,0.575198637,0.189058649
6/30/2019 14:00,0.718645085,0.236207217
6/30/2019 15:00,0.799033289,0.262629542
6/30/2019 16:00,0.820999441,0.269849466
6/30/2019 17:00,0.790971426,0.259979735
6/30/2019 18:00,0.757749573,0.24906024
6/30/2019 19:00,0.760493368,0.249962082
6/30/2019 20:00,0.797821948,0.262231393
6/30/2019 21:00,0.833823105,0.274064401
6/30/2019 22:00,0.855012356,0.281028971
6/30/2019 23:00,0.859740078,0.282582898
07/01/2019 00:00,0.774012984,0.254405765
07/01/2019 01:00,0.75599035,0.248482012
07/01/2019 02:00,0.759789859,0.24973085
07/01/2019 03:00,0.725010766,0.238299515
07/01/2019 04:00,0.719958317,0.236638855
07/01/2019 05:00,0.719758772,0.236573268
07/01/2019 06:00,0.728717048,0.239517711
07/01/2019 07:00,0.783436137,0.257503006
07/01/2019 08:00,0.795421024,0.261442247
07/01/2019 09:00,0.794258221,0.261060053
07/01/2019 10:00,0.781314771,0.256805746
07/01/2019 11:00,0.731412166,0.240403553
07/01/2019 12:00,0.684189477,0.224882206
07/01/2019 13:00,0.708703724,0.232939649
07/01/2019 14:00,0.666670445,0.219123979
07/01/2019 15:00,0.653584285,0.214822766
07/01/2019 16:00,0.664511348,0.218414318
07/01/2019 17:00,0.659013175,0.216607156
07/01/2019 18:00,0.656539351,0.215794049
07/01/2019 19:00,0.661526069,0.217433104
07/01/2019 20:00,0.602455693,0.198017611
07/01/2019 21:00,0.522851607,0.171853012
07/01/2019 22:00,0.480897374,0.158063323
07/01/2019 23:00,0.42966031,0.141222515
07/02/2019 00:00,0.31121479,0.102291355
07/02/2019 01:00,0.200700764,0.065967151
07/02/2019 02:00,0.128371509,0.042193675
07/02/2019 03:00,0.064609255,0.021236035
07/02/2019 04:00,0.016537836,0.005435724
07/02/2019 05:00,0.006596951,0.002168313
07/02/2019 06:00,0.014457286,0.00475188
07/02/2019 07:00,0.020335808,0.006684057
07/02/2019 08:00,0.039951328,0.013131367
07/02/2019 09:00,0.078230751,0.025713204
07/02/2019 10:00,0.190024224,0.062457942
07/02/2019 11:00,0.29887558,0.098235653
07/02/2019 12:00,0.470044862,0.154496275
07/02/2019 13:00,0.60398153,0.198519129
07/02/2019 14:00,0.597533855,0.196399881
07/02/2019 15:00,0.612932168,0.201461061
07/02/2019 16:00,0.606679213,0.199405814
07/02/2019 17:00,0.575234674,0.189070494
07/02/2019 18:00,0.565554274,0.1858887
07/02/2019 19:00,0.571775915,0.187933655
07/02/2019 20:00,0.558945408,0.183716471
07/02/2019 21:00,0.523785513,0.172159973
07/02/2019 22:00,0.423249864,0.139115503
07/02/2019 23:00,0.417995386,0.137388439
07/03/2019 00:00,0.574690358,0.188891586
07/03/2019 01:00,0.629263871,0.206829032
07/03/2019 02:00,0.601077855,0.197564737
07/03/2019 03:00,0.56474461,0.185622577
07/03/2019 04:00,0.531475832,0.174687658
07/03/2019 05:00,0.497762322,0.163606564
07/03/2019 06:00,0.477330445,0.15689093
07/03/2019 07:00,0.487797698,0.16033135
07/03/2019 08:00,0.455504336,0.149717035
07/03/2019 09:00,0.396463585,0.130311279
07/03/2019 10:00,0.324873512,0.10678076
07/03/2019 11:00,0.37157259,0.122130004
07/03/2019 12:00,0.448865281,0.147534883
07/03/2019 13:00,0.492793859,0.161973509
07/03/2019 14:00,0.588177245,0.193324512
07/03/2019 15:00,0.721107573,0.237016597
07/03/2019 16:00,0.782482946,0.257189707
07/03/2019 17:00,0.82068718,0.269746831
07/03/2019 18:00,0.808881607,0.265866527
07/03/2019 19:00,0.808534258,0.265752359
07/03/2019 20:00,0.820990214,0.269846434
07/03/2019 21:00,0.84190097,0.276719467
07/03/2019 22:00,0.86847823,0.28545499
07/03/2019 23:00,0.877141932,0.288302611
07/04/2019 00:00,0.884630693,0.290764048
07/04/2019 01:00,0.892393264,0.293315482
07/04/2019 02:00,0.896229229,0.294576302
07/04/2019 03:00,0.904632398,0.29733829
07/04/2019 04:00,0.906852208,0.298067906
07/04/2019 05:00,0.907179974,0.298175638
07/04/2019 06:00,0.9072303,0.298192179
07/04/2019 07:00,0.907127217,0.298158297
07/04/2019 08:00,0.90674426,0.298032426
07/04/2019 09:00,0.907409575,0.298251104
07/04/2019 10:00,0.907579657,0.298307007
07/04/2019 11:00,0.907385096,0.298243058
07/04/2019 12:00,0.902465073,0.296625925
07/04/2019 13:00,0.883419241,0.290365863
07/04/2019 14:00,0.838408741,0.275571627
07/04/2019 15:00,0.748824576,0.246126736
07/04/2019 16:00,0.643659937,0.211560791
07/04/2019 17:00,0.519261134,0.170672881
07/04/2019 18:00,0.397325672,0.130594633
07/04/2019 19:00,0.307744971,0.101150881
07/04/2019 20:00,0.220080173,0.072336855
07/04/2019 21:00,0.165456419,0.054382895
07/04/2019 22:00,0.131185954,0.043118738
07/04/2019 23:00,0.151723993,0.049869265
07/05/2019 00:00,0.184439652,0.060622382
07/05/2019 01:00,0.239542975,0.078733968
07/05/2019 02:00,0.276015517,0.090721913
07/05/2019 03:00,0.303546005,0.099770747
07/05/2019 04:00,0.221035766,0.072650943
07/05/2019 05:00,0.183152311,0.060199253
07/05/2019 06:00,0.166432392,0.054703682
07/05/2019 07:00,0.139529733,0.045861206
07/05/2019 08:00,0.108675019,0.035719751
07/05/2019 09:00,0.126338659,0.041525509
07/05/2019 10:00,0.171972962,0.056524779
07/05/2019 11:00,0.203273234,0.066812681
07/05/2019 12:00,0.155969528,0.051264705
07/05/2019 13:00,0.151648064,0.049844308
07/05/2019 14:00,0.182317663,0.059924918
07/05/2019 15:00,0.339547084,0.11160373
07/05/2019 16:00,0.65788715,0.216237049
07/05/2019 17:00,0.800126898,0.262988994
07/05/2019 18:00,0.820095922,0.269552494
07/05/2019 19:00,0.802307454,0.263705708
07/05/2019 20:00,0.760957674,0.250114692
07/05/2019 21:00,0.784768161,0.257940821
07/05/2019 22:00,0.785006329,0.258019103
07/05/2019 23:00,0.771661145,0.253632753
07/06/2019 00:00,0.787072563,0.258698241
07/06/2019 01:00,0.79532337,0.26141015
07/06/2019 02:00,0.77944289,0.256190489
07/06/2019 03:00,0.774297294,0.254499213
07/06/2019 04:00,0.764127112,0.251156436
07/06/2019 05:00,0.742579561,0.244074099
07/06/2019 06:00,0.7289156,0.239582972
07/06/2019 07:00,0.67902565,0.223184938
07/06/2019 08:00,0.55865067,0.183619596
07/06/2019 09:00,0.398181754,0.130876014
07/06/2019 10:00,0.433954718,0.142634018
07/06/2019 11:00,0.299480639,0.098434526
07/06/2019 12:00,0.270808408,0.089010419
07/06/2019 13:00,0.313005871,0.102880055
07/06/2019 14:00,0.422271988,0.13879409
07/06/2019 15:00,0.485505599,0.159577973
07/06/2019 16:00,0.461880983,0.151812938
07/06/2019 17:00,0.373071225,0.122622582
07/06/2019 18:00,0.306372096,0.100699638
07/06/2019 19:00,0.291557152,0.095830202
07/06/2019 20:00,0.301750057,0.099180448
07/06/2019 21:00,0.291285772,0.095741003
07/06/2019 22:00,0.493306304,0.162141941
07/06/2019 23:00,0.512095483,0.168317646
07/07/2019 00:00,0.460751245,0.151441611
07/07/2019 01:00,0.480731849,0.158008918
07/07/2019 02:00,0.561793203,0.184652496
07/07/2019 03:00,0.585923685,0.192583802
07/07/2019 04:00,0.627326443,0.206192231
07/07/2019 05:00,0.647922056,0.212961681
07/07/2019 06:00,0.681686522,0.224059524
07/07/2019 07:00,0.739308336,0.242998899
07/07/2019 08:00,0.796236415,0.261710253
07/07/2019 09:00,0.807261408,0.265333993
07/07/2019 10:00,0.836618427,0.274983179
07/07/2019 11:00,0.710231878,0.233441929
07/07/2019 12:00,0.678097745,0.22287995
07/07/2019 13:00,0.62601472,0.205761088
07/07/2019 14:00,0.574089102,0.188693963
07/07/2019 15:00,0.490309997,0.161157103
07/07/2019 16:00,0.425590509,0.139884836
07/07/2019 17:00,0.338588305,0.111288594
07/07/2019 18:00,0.244472021,0.080354068
07/07/2019 19:00,0.174564928,0.057376717
07/07/2019 20:00,0.153621905,0.050493078
07/07/2019 21:00,0.147732655,0.048557376
07/07/2019 22:00,0.26635485,0.087546605
07/07/2019 23:00,0.231863984,0.076210006
07/08/2019 00:00,0.232809888,0.07652091
07/08/2019 01:00,0.22431428,0.073728538
07/08/2019 02:00,0.242901512,0.079837866
07/08/2019 03:00,0.252587006,0.083021334
07/08/2019 04:00,0.243615659,0.080072595
07/08/2019 05:00,0.193702292,0.063666864
07/08/2019 06:00,0.155030253,0.05095598
07/08/2019 07:00,0.134139012,0.044089361
07/08/2019 08:00,0.10271284,0.033760078
07/08/2019 09:00,0.065570167,0.021551872
07/08/2019 10:00,0.036986233,0.012156787
07/08/2019 11:00,0.023102585,0.007593453
07/08/2019 12:00,0.01227504,0.00403461
07/08/2019 13:00,0,0
07/08/2019 14:00,0,0
07/08/2019 15:00,0,0
07/08/2019 16:00,0,0
07/08/2019 17:00,0,0
07/08/2019 18:00,0,0
07/08/2019 19:00,0,0
07/08/2019 20:00,0,0
07/08/2019 21:00,0.004857765,0.00159667
07/08/2019 22:00,0.00420868,0.001383326
07/08/2019 23:00,0.01581914,0.0051995
07/09/2019 00:00,0.031644904,0.010401177
07/09/2019 01:00,0.043382359,0.014259092
07/09/2019 02:00,0.035456258,0.011653909
07/09/2019 03:00,0.033775943,0.011101616
07/09/2019 04:00,0.061904328,0.020346969
07/09/2019 05:00,0.108097182,0.035529825
07/09/2019 06:00,0.171926464,0.056509496
07/09/2019 07:00,0.2541569,0.083537333
07/09/2019 08:00,0.317511755,0.104361067
07/09/2019 09:00,0.411493603,0.135251407
07/09/2019 10:00,0.424634144,0.139570494
07/09/2019 11:00,0.457052398,0.150225858
07/09/2019 12:00,0.395448641,0.129977683
07/09/2019 13:00,0.359588899,0.118191155
07/09/2019 14:00,0.383363879,0.126005614
07/09/2019 15:00,0.385532042,0.126718254
07/09/2019 16:00,0.338220634,0.111167746
07/09/2019 17:00,0.276746874,0.090962299
07/09/2019 18:00,0.317520131,0.10436382
07/09/2019 19:00,0.330840888,0.108742141
07/09/2019 20:00,0.302656755,0.099478465
07/09/2019 21:00,0.295602717,0.097159914
07/09/2019 22:00,0.21843965,0.071797641
07/09/2019 23:00,0.170847965,0.056155011
07/10/2019 00:00,0.147870215,0.048602589
07/10/2019 01:00,0.118956527,0.03909912
07/10/2019 02:00,0.058541406,0.01924163
07/10/2019 03:00,0.017633683,0.005795911
07/10/2019 04:00,0,0
07/10/2019 05:00,0,0
07/10/2019 06:00,0,0
07/10/2019 07:00,0,0
07/10/2019 08:00,0,0
07/10/2019 09:00,0,0
07/10/2019 10:00,0,0
07/10/2019 11:00,0,0
07/10/2019 12:00,0,0
07/10/2019 13:00,0,0
07/10/2019 14:00,0,0
07/10/2019 15:00,0.017905735,0.005885331
07/10/2019 16:00,0.045392322,0.014919735
07/10/2019 17:00,0.088150853,0.028973784
07/10/2019 18:00,0.1312305,0.04313338
07/10/2019 19:00,0.170423575,0.05601552
07/10/2019 20:00,0.197638978,0.064960791
07/10/2019 21:00,0.234381111,0.077037346
07/10/2019 22:00,0.212631323,0.069888536
07/10/2019 23:00,0.209061538,0.068715204
07/11/2019 00:00,0.212048378,0.069696931
07/11/2019 01:00,0.205702544,0.067611157
07/11/2019 02:00,0.192022639,0.063114789
07/11/2019 03:00,0.208560825,0.068550628
07/11/2019 04:00,0.219482007,0.072140247
07/11/2019 05:00,0.204956979,0.067366101
07/11/2019 06:00,0.240899996,0.07918
07/11/2019 07:00,0.253802398,0.083420814
07/11/2019 08:00,0.258550373,0.084981398
07/11/2019 09:00,0.269111966,0.088452826
07/11/2019 10:00,0.317915351,0.104493723
07/11/2019 11:00,0.422622303,0.138909233
07/11/2019 12:00,0.411740326,0.135332501
07/11/2019 13:00,0.338764261,0.111346428
07/11/2019 14:00,0.280843924,0.092308934
07/11/2019 15:00,0.227599583,0.074808365
07/11/2019 16:00,0.244645938,0.080411231
07/11/2019 17:00,0.290877335,0.095606756
07/11/2019 18:00,0.274859125,0.090341826
07/11/2019 19:00,0.283498718,0.093181522
07/11/2019 20:00,0.273754291,0.089978684
07/11/2019 21:00,0.25668143,0.084367106
07/11/2019 22:00,0.320476385,0.105335494
07/11/2019 23:00,0.269400092,0.088547528
07/12/2019 00:00,0.22608736,0.074311322
07/12/2019 01:00,0.192797129,0.063369352
07/12/2019 02:00,0.175875374,0.05780744
07/12/2019 03:00,0.173302285,0.056961706
07/12/2019 04:00,0.157542394,0.051781681
07/12/2019 05:00,0.131389036,0.043185488
07/12/2019 06:00,0.117042666,0.038470064
07/12/2019 07:00,0.114668553,0.037689731
07/12/2019 08:00,0.102999555,0.033854317
07/12/2019 09:00,0.073990123,0.024319377
07/12/2019 10:00,0.070435984,0.023151189
07/12/2019 11:00,0.029699233,0.009761666
07/12/2019 12:00,0.008406777,0.002763174
07/12/2019 13:00,0.007966436,0.002618441
07/12/2019 14:00,0.00889001,0.002922005
07/12/2019 15:00,0.00822806,0.002704433
07/12/2019 16:00,0.013977789,0.004594277
07/12/2019 17:00,0.02937502,0.009655102
07/12/2019 18:00,0.028279815,0.009295126
07/12/2019 19:00,0.025408703,0.008351437
07/12/2019 20:00,0.023045152,0.007574575
07/12/2019 21:00,0.0183853,0.006042956
07/12/2019 22:00,0.019101538,0.006278372
07/12/2019 23:00,0.013349343,0.004387717
7/13/2019 0:00,0.005443607,0.001789227
7/13/2019 1:00,0.010577139,0.003476537
7/13/2019 2:00,0.017459923,0.005738799
7/13/2019 3:00,0.028488321,0.009363658
7/13/2019 4:00,0.022383713,0.007357171
7/13/2019 5:00,0.027129779,0.008917127
7/13/2019 6:00,0.047989917,0.015773523
7/13/2019 7:00,0.086366098,0.028387164
7/13/2019 8:00,0.142503659,0.046838688
7/13/2019 9:00,0.20165809,0.066281809
7/13/2019 10:00,0.312612552,0.102750777
7/13/2019 11:00,0.338745087,0.111340126
7/13/2019 12:00,0.367368522,0.120748194
7/13/2019 13:00,0.368413745,0.121091742
7/13/2019 14:00,0.348879373,0.114671105
7/13/2019 15:00,0.300004797,0.098606808
7/13/2019 16:00,0.292088863,0.096004967
7/13/2019 17:00,0.272940734,0.089711281
7/13/2019 18:00,0.225852459,0.074234113
7/13/2019 19:00,0.187847077,0.061742349
7/13/2019 20:00,0.140018233,0.046021768
7/13/2019 21:00,0.102954684,0.033839568
7/13/2019 22:00,0.079764007,0.026217161
7/13/2019 23:00,0.075882166,0.024941262
7/14/2019 0:00,0.094757716,0.031145355
7/14/2019 1:00,0.112835245,0.037087151
7/14/2019 2:00,0.128371022,0.042193515
7/14/2019 3:00,0.140545577,0.046195097
7/14/2019 4:00,0.125447184,0.041232495
7/14/2019 5:00,0.111269027,0.036572361
7/14/2019 6:00,0.096535514,0.031729689
7/14/2019 7:00,0.096528492,0.031727381
7/14/2019 8:00,0.086989741,0.028592145
7/14/2019 9:00,0.103030131,0.033864367
7/14/2019 10:00,0.109194091,0.035890362
7/14/2019 11:00,0.102611312,0.033726707
7/14/2019 12:00,0.106985298,0.035164367
7/14/2019 13:00,0.102944007,0.033836059
7/14/2019 14:00,0.106180483,0.034899837
7/14/2019 15:00,0.087584512,0.028787637
7/14/2019 16:00,0.058982757,0.019386695
7/14/2019 17:00,0.040197526,0.013212288
7/14/2019 18:00,0.041530801,0.013650514
7/14/2019 19:00,0.04103464,0.013487434
7/14/2019 20:00,0.028171116,0.009259398
7/14/2019 21:00,0.008035943,0.002641287
7/14/2019 22:00,0.000177302,5.83E-05
7/14/2019 23:00,0,0
7/15/2019 0:00,0.000331303,0.000108894
7/15/2019 1:00,0.010016026,0.003292109
7/15/2019 2:00,0.030522643,0.010032308
7/15/2019 3:00,0.055893922,0.018371444
7/15/2019 4:00,0.074259344,0.024407866
7/15/2019 5:00,0.085520767,0.028109317
7/15/2019 6:00,0.083175429,0.027338442
7/15/2019 7:00,0.081444111,0.026769385
7/15/2019 8:00,0.074797312,0.024584688
7/15/2019 9:00,0.07183596,0.023611338
7/15/2019 10:00,0.01809709,0.005948226
7/15/2019 11:00,0.013615106,0.004475069
7/15/2019 12:00,0.012324363,0.004050822
7/15/2019 13:00,0.010985882,0.003610885
7/15/2019 14:00,0.008946992,0.002940734
7/15/2019 15:00,0.001230003,0.000404282
7/15/2019 16:00,0,0
7/15/2019 17:00,0,0
7/15/2019 18:00,0,0
7/15/2019 19:00,0,0
7/15/2019 20:00,0,0
7/15/2019 21:00,0,0
7/15/2019 22:00,0,0
7/15/2019 23:00,0.003690808,0.00121311
7/16/2019 0:00,0.00946246,0.00311016
7/16/2019 1:00,0.009995648,0.003285411
7/16/2019 2:00,0.007666211,0.002519762
7/16/2019 3:00,0.00974091,0.003201682
7/16/2019 4:00,0.014757867,0.004850676
7/16/2019 5:00,0.024246169,0.00796933
7/16/2019 6:00,0.043335295,0.014243623
7/16/2019 7:00,0.067876343,0.022309875
7/16/2019 8:00,0.077059636,0.025328277
7/16/2019 9:00,0.06668023,0.021916732
7/16/2019 10:00,0.041937077,0.013784051
7/16/2019 11:00,0.022563672,0.00741632
7/16/2019 12:00,0.001058498,0.000347912
7/16/2019 13:00,0,0
7/16/2019 14:00,0,0
7/16/2019 15:00,0,0
7/16/2019 16:00,0,0
7/16/2019 17:00,0,0
7/16/2019 18:00,0,0
7/16/2019 19:00,0,0
7/16/2019 20:00,0,0
7/16/2019 21:00,0.005663879,0.001861627
7/16/2019 22:00,0.009644899,0.003170125
7/16/2019 23:00,0.038236618,0.012567769
7/17/2019 0:00,0.058027568,0.019072739
7/17/2019 1:00,0.059425605,0.019532252
7/17/2019 2:00,0.077933692,0.025615566
7/17/2019 3:00,0.101831337,0.033470342
7/17/2019 4:00,0.113996973,0.037468993
7/17/2019 5:00,0.13168359,0.043282303
7/17/2019 6:00,0.172767794,0.056786028
7/17/2019 7:00,0.229195137,0.075332799
7/17/2019 8:00,0.313156036,0.102929411
7/17/2019 9:00,0.442022055,0.145285623
7/17/2019 10:00,0.464808388,0.152775129
7/17/2019 11:00,0.558281452,0.18349824
7/17/2019 12:00,0.583063487,0.1916437
7/17/2019 13:00,0.632150681,0.207777881
7/17/2019 14:00,0.716516887,0.235507712
7/17/2019 15:00,0.707358794,0.232497592
7/17/2019 16:00,0.648035002,0.212998805
7/17/2019 17:00,0.655076495,0.215313232
7/17/2019 18:00,0.664975763,0.218566964
7/17/2019 19:00,0.614719907,0.202048663
7/17/2019 20:00,0.475926372,0.156429434
7/17/2019 21:00,0.297931517,0.097925354
7/17/2019 22:00,0.190944928,0.062760563
7/17/2019 23:00,0.160931385,0.052895588
7/18/2019 0:00,0.142328878,0.04678124
7/18/2019 1:00,0.102627922,0.033732167
7/18/2019 2:00,0.069391792,0.022807979
7/18/2019 3:00,0.035064432,0.011525121
7/18/2019 4:00,0.014684353,0.004826513
7/18/2019 5:00,0.002355766,0.000774303
7/18/2019 6:00,0,0
7/18/2019 7:00,0.003731636,0.00122653
7/18/2019 8:00,0.013314484,0.004376259
7/18/2019 9:00,0.029359364,0.009649956
7/18/2019 10:00,0.055988929,0.018402671
7/18/2019 11:00,0.097376098,0.032005976
7/18/2019 12:00,0.124457425,0.040907177
7/18/2019 13:00,0.107464634,0.035321917
7/18/2019 14:00,0.078031317,0.025647654
7/18/2019 15:00,0.075114361,0.024688897
7/18/2019 16:00,0.078799974,0.025900299
7/18/2019 17:00,0.08964215,0.02946395
7/18/2019 18:00,0.072992521,0.023991481
7/18/2019 19:00,0.08773751,0.028837925
7/18/2019 20:00,0.093914618,0.030868242
7/18/2019 21:00,0.090425773,0.029721514
7/18/2019 22:00,0.11163635,0.036693094
7/18/2019 23:00,0.134174206,0.044100929
7/19/2019 0:00,0.146802851,0.048251764
7/19/2019 1:00,0.15571771,0.051181936
7/19/2019 2:00,0.183781382,0.060406019
7/19/2019 3:00,0.199715307,0.065643247
7/19/2019 4:00,0.209055701,0.068713286
7/19/2019 5:00,0.2407921,0.079144536
7/19/2019 6:00,0.286102963,0.094037496
7/19/2019 7:00,0.283503672,0.093183151
7/19/2019 8:00,0.249400426,0.081973956
7/19/2019 9:00,0.202329659,0.066502543
7/19/2019 10:00,0.136271741,0.044790355
7/19/2019 11:00,0.128323637,0.04217794
7/19/2019 12:00,0.122583571,0.040291271
7/19/2019 13:00,0.131012876,0.04306185
7/19/2019 14:00,0.133094002,0.043745883
7/19/2019 15:00,0.116013497,0.038131792
7/19/2019 16:00,0.080644049,0.026506417
7/19/2019 17:00,0.035077906,0.01152955
7/19/2019 18:00,0.011768939,0.003868263
7/19/2019 19:00,0,0
7/19/2019 20:00,0,0
7/19/2019 21:00,0.023181436,0.00761937
7/19/2019 22:00,0.102816935,0.033794292
7/19/2019 23:00,0.198083317,0.065106838
7/20/2019 0:00,0.286404376,0.094136566
7/20/2019 1:00,0.316461423,0.10401584
7/20/2019 2:00,0.296993722,0.097617116
7/20/2019 3:00,0.29394212,0.096614103
7/20/2019 4:00,0.239196727,0.078620162
7/20/2019 5:00,0.192931118,0.063413392
7/20/2019 6:00,0.196625472,0.064627667
7/20/2019 7:00,0.300058106,0.09862433
7/20/2019 8:00,0.251183866,0.082560144
7/20/2019 9:00,0.175815721,0.057787833
7/20/2019 10:00,0.112874926,0.037100194
7/20/2019 11:00,0.084390426,0.027737792
7/20/2019 12:00,0.035678347,0.011726905
7/20/2019 13:00,0.073212884,0.024063911
7/20/2019 14:00,0.181960138,0.059807405
7/20/2019 15:00,0.315014875,0.103540382
7/20/2019 16:00,0.421773599,0.138630278
7/20/2019 17:00,0.451604381,0.148435182
7/20/2019 18:00,0.40162652,0.132008253
7/20/2019 19:00,0.390081895,0.128213719
7/20/2019 20:00,0.409450439,0.134579851
7/20/2019 21:00,0.362401851,0.119115728
7/20/2019 22:00,0.300147645,0.09865376
7/20/2019 23:00,0.280017799,0.0920374
7/21/2019 0:00,0.246298383,0.080954364
7/21/2019 1:00,0.210166401,0.069078355
7/21/2019 2:00,0.182055596,0.059838781
7/21/2019 3:00,0.156969322,0.051593321
7/21/2019 4:00,0.179746052,0.05907967
7/21/2019 5:00,0.225002334,0.073954691
7/21/2019 6:00,0.236785079,0.077827492
7/21/2019 7:00,0.216327377,0.07110337
7/21/2019 8:00,0.190170253,0.062505939
7/21/2019 9:00,0.165090766,0.054262711
7/21/2019 10:00,0.136946793,0.045012234
7/21/2019 11:00,0.090302125,0.029680873
7/21/2019 12:00,0.067573116,0.022210209
7/21/2019 13:00,0.054346465,0.017862819
7/21/2019 14:00,0.072863074,0.023948934
7/21/2019 15:00,0.117080521,0.038482506
7/21/2019 16:00,0.234299026,0.077010366
7/21/2019 17:00,0.488396912,0.160528302
7/21/2019 18:00,0.609224114,0.200242283
7/21/2019 19:00,0.627366474,0.206205388
7/21/2019 20:00,0.692035126,0.227460946
7/21/2019 21:00,0.796836827,0.261907599
7/21/2019 22:00,0.859933206,0.282646376
7/21/2019 23:00,0.758387716,0.249269988
7/22/2019 0:00,0.656009922,0.215620034
7/22/2019 1:00,0.666155001,0.21895456
7/22/2019 2:00,0.691596385,0.227316739
7/22/2019 3:00,0.723081949,0.237665544
7/22/2019 4:00,0.666709612,0.219136852
7/22/2019 5:00,0.570041109,0.187363452
7/22/2019 6:00,0.47439017,0.155924509
7/22/2019 7:00,0.345129721,0.113438653
7/22/2019 8:00,0.250378398,0.0822954
7/22/2019 9:00,0.261559517,0.085970456
7/22/2019 10:00,0.101542883,0.033375532
7/22/2019 11:00,0.047871431,0.015734579
7/22/2019 12:00,0.042514257,0.013973761
7/22/2019 13:00,0.016962285,0.005575233
7/22/2019 14:00,0.001159227,0.000381019
7/22/2019 15:00,0,0
7/22/2019 16:00,0,0
7/22/2019 17:00,0,0
7/22/2019 18:00,0.012556518,0.004127128
7/22/2019 19:00,0.025370098,0.008338748
7/22/2019 20:00,0.040231386,0.013223417
7/22/2019 21:00,0.084410452,0.027744374
7/22/2019 22:00,0.148446205,0.048791908
7/22/2019 23:00,0.232823338,0.076525331
7/23/2019 0:00,0.292523572,0.096147848
7/23/2019 1:00,0.312864092,0.102833454
7/23/2019 2:00,0.300223435,0.098678671
7/23/2019 3:00,0.307377752,0.101030181
7/23/2019 4:00,0.274369555,0.090180912
7/23/2019 5:00,0.204550542,0.067232512
7/23/2019 6:00,0.201856949,0.066347171
7/23/2019 7:00,0.31153754,0.102397438
7/23/2019 8:00,0.523147307,0.171950204
7/23/2019 9:00,0.609354341,0.200285086
7/23/2019 10:00,0.627275302,0.206175421
7/23/2019 11:00,0.501921427,0.164973595
7/23/2019 12:00,0.30973859,0.101806151
7/23/2019 13:00,0.171442104,0.056350295
7/23/2019 14:00,0.122071283,0.04012289
7/23/2019 15:00,0.103907708,0.034152812
7/23/2019 16:00,0.128290687,0.04216711
7/23/2019 17:00,0.164252661,0.053987239
7/23/2019 18:00,0.177763519,0.058428043
7/23/2019 19:00,0.150800162,0.049565616
7/23/2019 20:00,0.061029575,0.020059451
7/23/2019 21:00,0.007183814,0.002361205
7/23/2019 22:00,0,0
7/23/2019 23:00,0,0
7/24/2019 0:00,0,0
7/24/2019 1:00,0.02996951,0.009850502
7/24/2019 2:00,0.159746025,0.052505979
7/24/2019 3:00,0.312932009,0.102855777
7/24/2019 4:00,0.465423518,0.152977313
7/24/2019 5:00,0.683554125,0.224673376
7/24/2019 6:00,0.801874631,0.263563446
7/24/2019 7:00,0.86892517,0.285601892
7/24/2019 8:00,0.853866718,0.280652418
7/24/2019 9:00,0.791356998,0.260106467
7/24/2019 10:00,0.794748589,0.261221229
7/24/2019 11:00,0.801676766,0.263498411
7/24/2019 12:00,0.743729074,0.244451925
7/24/2019 13:00,0.421450503,0.138524082
7/24/2019 14:00,0.194762115,0.064015211
7/24/2019 15:00,0.091774258,0.03016474
7/24/2019 16:00,0.035910059,0.011803066
7/24/2019 17:00,0.026522343,0.008717473
7/24/2019 18:00,0.016606606,0.005458327
7/24/2019 19:00,0.015035839,0.004942041
7/24/2019 20:00,0.013964559,0.004589929
7/24/2019 21:00,0.005510733,0.00181129
7/24/2019 22:00,0.01413793,0.004646913
7/24/2019 23:00,0.017039116,0.005600487
7/25/2019 0:00,0,0
7/25/2019 1:00,0,0
7/25/2019 2:00,0.0018765,0.000616776
7/25/2019 3:00,0.042642232,0.014015824
7/25/2019 4:00,0.099865292,0.032824134
7/25/2019 5:00,0.192350019,0.063222394
7/25/2019 6:00,0.297017525,0.097624939
7/25/2019 7:00,0.305163493,0.10030239
7/25/2019 8:00,0.312937156,0.102857469
7/25/2019 9:00,0.370357778,0.121730715
7/25/2019 10:00,0.51188525,0.168248545
7/25/2019 11:00,0.628806368,0.206678658
7/25/2019 12:00,0.671627837,0.220753395
7/25/2019 13:00,0.708824028,0.232979191
7/25/2019 14:00,0.751946285,0.247152792
7/25/2019 15:00,0.82290067,0.27047437
7/25/2019 16:00,0.864643129,0.284194453
7/25/2019 17:00,0.869787087,0.28588519
7/25/2019 18:00,0.88836706,0.291992132
7/25/2019 19:00,0.894089236,0.293872921
7/25/2019 20:00,0.892709587,0.293419452
7/25/2019 21:00,0.899780259,0.295743469
7/25/2019 22:00,0.90430485,0.297230631
7/25/2019 23:00,0.905021548,0.297466198
7/26/2019 0:00,0.897418353,0.294967148
7/26/2019 1:00,0.899374863,0.295610222
7/26/2019 2:00,0.898227601,0.295233135
7/26/2019 3:00,0.881177052,0.289628891
7/26/2019 4:00,0.860213337,0.282738451
7/26/2019 5:00,0.764221969,0.251187614
7/26/2019 6:00,0.731707887,0.240500752
7/26/2019 7:00,0.735397693,0.241713533
7/26/2019 8:00,0.626378906,0.20588079
7/26/2019 9:00,0.479919022,0.157741754
7/26/2019 10:00,0.376990912,0.123910921
7/26/2019 11:00,0.315909904,0.103834564
7/26/2019 12:00,0.400468306,0.131627567
7/26/2019 13:00,0.670512669,0.220386857
7/26/2019 14:00,0.712703113,0.234254185
7/26/2019 15:00,0.766451241,0.25192034
7/26/2019 16:00,0.760575438,0.249989057
7/26/2019 17:00,0.704148702,0.231442486
7/26/2019 18:00,0.67627635,0.222281287
7/26/2019 19:00,0.604856519,0.198806724
7/26/2019 20:00,0.497595678,0.16355179
7/26/2019 21:00,0.507448646,0.166790304
7/26/2019 22:00,0.298421176,0.098086297
7/26/2019 23:00,0.164502722,0.05406943
7/27/2019 0:00,0.066122807,0.021733516
7/27/2019 1:00,0.183250487,0.060231522
7/27/2019 2:00,0.231149641,0.075975213
7/27/2019 3:00,0.111065622,0.036505505
7/27/2019 4:00,0.066016223,0.021698483
7/27/2019 5:00,0.130398439,0.042859894
7/27/2019 6:00,0.213207767,0.070078004
7/27/2019 7:00,0.264761659,0.087022949
7/27/2019 8:00,0.27264478,0.089614006
7/27/2019 9:00,0.278350313,0.091489323
7/27/2019 10:00,0.251045258,0.082514586
7/27/2019 11:00,0.253741833,0.083400907
7/27/2019 12:00,0.345781404,0.113652851
7/27/2019 13:00,0.341432569,0.112223458
7/27/2019 14:00,0.341530246,0.112255563
7/27/2019 15:00,0.362508872,0.119150904
7/27/2019 16:00,0.42756467,0.140533711
7/27/2019 17:00,0.484496383,0.15924626
7/27/2019 18:00,0.472670776,0.155359371
7/27/2019 19:00,0.465457538,0.152988494
7/27/2019 20:00,0.450891547,0.148200885
7/27/2019 21:00,0.440214165,0.144691399
7/27/2019 22:00,0.4157815,0.13666077
7/27/2019 23:00,0.370697219,0.121842284
7/28/2019 0:00,0.400033802,0.131484752
7/28/2019 1:00,0.474617494,0.155999226
7/28/2019 2:00,0.517291142,0.170025376
7/28/2019 3:00,0.504820226,0.165926384
7/28/2019 4:00,0.424406868,0.139495792
7/28/2019 5:00,0.3750739,0.123280829
7/28/2019 6:00,0.411007754,0.135091716
7/28/2019 7:00,0.509968088,0.167618405
7/28/2019 8:00,0.60932539,0.200275571
7/28/2019 9:00,0.688407798,0.226268701
7/28/2019 10:00,0.680489229,0.223665993
7/28/2019 11:00,0.643409533,0.211478487
7/28/2019 12:00,0.590437089,0.194067286
7/28/2019 13:00,0.527858829,0.173498807
7/28/2019 14:00,0.420792574,0.138307831
7/28/2019 15:00,0.30700177,0.100906602
7/28/2019 16:00,0.234937385,0.077220184
7/28/2019 17:00,0.187178574,0.061522622
7/28/2019 18:00,0.143574349,0.047190606
7/28/2019 19:00,0.10481104,0.034449723
7/28/2019 20:00,0.079020437,0.025972762
7/28/2019 21:00,0.051474633,0.016918894
7/28/2019 22:00,0.076474341,0.0251359
7/28/2019 23:00,0.135709014,0.044605396
7/29/2019 0:00,0.119881593,0.039403174
7/29/2019 1:00,0.06966511,0.022897814
7/29/2019 2:00,0.017708119,0.005820377
7/29/2019 3:00,0,0
7/29/2019 4:00,0,0
7/29/2019 5:00,0.006743808,0.002216582
7/29/2019 6:00,0.016554427,0.005441177
7/29/2019 7:00,0.007428792,0.002441726
7/29/2019 8:00,0.001081366,0.000355428
7/29/2019 9:00,0.013327293,0.004380469
7/29/2019 10:00,0.008675544,0.002851514
7/29/2019 11:00,0.02121943,0.006974489
7/29/2019 12:00,0.042835081,0.01407921
7/29/2019 13:00,0.050332102,0.016543362
7/29/2019 14:00,0.134755098,0.044291859
7/29/2019 15:00,0.215010171,0.070670426
7/29/2019 16:00,0.207586146,0.068230267
7/29/2019 17:00,0.206914317,0.068009447
7/29/2019 18:00,0.21153274,0.069527449
7/29/2019 19:00,0.165813353,0.054500213
7/29/2019 20:00,0.110919334,0.036457422
7/29/2019 21:00,0.085398241,0.028069045
7/29/2019 22:00,0.111139389,0.036529751
7/29/2019 23:00,0.12324122,0.04050743
7/30/2019 0:00,0.099854855,0.032820704
7/30/2019 1:00,0.067782999,0.022279195
7/30/2019 2:00,0.045976443,0.015111726
7/30/2019 3:00,0.037674837,0.01238312
7/30/2019 4:00,0.039915401,0.013119558
7/30/2019 5:00,0.065704807,0.021596126
7/30/2019 6:00,0.110138094,0.036200641
7/30/2019 7:00,0.131885997,0.043348831
7/30/2019 8:00,0.13840628,0.045491944
7/30/2019 9:00,0.13465903,0.044260283
7/30/2019 10:00,0.126709467,0.041647388
7/30/2019 11:00,0.116518053,0.038297632
7/30/2019 12:00,0.123695157,0.040656632
7/30/2019 13:00,0.113789511,0.037400803
7/30/2019 14:00,0.082269822,0.027040783
7/30/2019 15:00,0.046052853,0.015136841
7/30/2019 16:00,0.020357578,0.006691212
7/30/2019 17:00,0.009606285,0.003157433
7/30/2019 18:00,0.010647802,0.003499763
7/30/2019 19:00,0.015800985,0.005193533
7/30/2019 20:00,0.016591876,0.005453486
7/30/2019 21:00,0.007453738,0.002449925
7/30/2019 22:00,0,0
7/30/2019 23:00,0,0
7/31/2019 0:00,0,0
7/31/2019 1:00,0,0
7/31/2019 2:00,0,0
7/31/2019 3:00,0.002522301,0.00082904
7/31/2019 4:00,0.007533032,0.002475988
7/31/2019 5:00,0.000748595,0.000246051
7/31/2019 6:00,0,0
7/31/2019 7:00,0,0
7/31/2019 8:00,0,0
7/31/2019 9:00,0,0
7/31/2019 10:00,0,0
7/31/2019 11:00,0,0
7/31/2019 12:00,0,0
7/31/2019 13:00,0,0
7/31/2019 14:00,0.011184389,0.003676131
7/31/2019 15:00,0.023457447,0.00771009
7/31/2019 16:00,0.029790419,0.009791637
7/31/2019 17:00,0.018087258,0.005944994
7/31/2019 18:00,0.007410344,0.002435662
7/31/2019 19:00,0,0
7/31/2019 20:00,0,0
7/31/2019 21:00,0,0
7/31/2019 22:00,0.01415697,0.004653171
7/31/2019 23:00,0.043637874,0.014343076
08/01/2019 00:00,0.086538798,0.028443927
08/01/2019 01:00,0.104157164,0.034234804
08/01/2019 02:00,0.104896275,0.034477738
08/01/2019 03:00,0.09444872,0.031043793
08/01/2019 04:00,0.085936023,0.028245805
08/01/2019 05:00,0.090611836,0.02978267
08/01/2019 06:00,0.084236381,0.027687159
08/01/2019 07:00,0.054724434,0.017987052
08/01/2019 08:00,0.040439174,0.013291714
08/01/2019 09:00,0.030093106,0.009891126
08/01/2019 10:00,0.009889742,0.003250601
08/01/2019 11:00,0.00184615,0.0006068
08/01/2019 12:00,0.015982877,0.005253318
08/01/2019 13:00,0.045788297,0.015049885
08/01/2019 14:00,0.078580925,0.025828301
08/01/2019 15:00,0.083731626,0.027521255
08/01/2019 16:00,0.072325459,0.023772229
08/01/2019 17:00,0.058046108,0.019078833
08/01/2019 18:00,0.046481536,0.015277742
08/01/2019 19:00,0.031336307,0.010299746
08/01/2019 20:00,0.017230407,0.005663361
08/01/2019 21:00,0.010246189,0.003367759
08/01/2019 22:00,0,0
08/01/2019 23:00,0,0
08/02/2019 00:00,0.000921952,0.000303031
08/02/2019 01:00,0.015970325,0.005249192
08/02/2019 02:00,0.033105314,0.01088119
08/02/2019 03:00,0.044837603,0.014737408
08/02/2019 04:00,0.04820741,0.01584501
08/02/2019 05:00,0.041408533,0.013610327
08/02/2019 06:00,0.027057787,0.008893464
08/02/2019 07:00,0.014019959,0.004608138
08/02/2019 08:00,0.007818703,0.002569883
08/02/2019 09:00,0.00914703,0.003006483
08/02/2019 10:00,0.035649664,0.011717478
08/02/2019 11:00,0.042772931,0.014058782
08/02/2019 12:00,0.055468004,0.018231451
08/02/2019 13:00,0.060941511,0.020030506
08/02/2019 14:00,0.065168958,0.021420001
08/02/2019 15:00,0.059380793,0.019517523
08/02/2019 16:00,0.049651553,0.016319676
08/02/2019 17:00,0.042296927,0.013902327
08/02/2019 18:00,0.027291289,0.008970213
08/02/2019 19:00,0.018766734,0.006168327
08/02/2019 20:00,0.015238196,0.005008553
08/02/2019 21:00,0.014712173,0.004835657
08/02/2019 22:00,0.026657217,0.008761804
08/02/2019 23:00,0.03027156,0.009949781
08/03/2019 00:00,0.036736655,0.012074754
08/03/2019 01:00,0.03806627,0.012511778
08/03/2019 02:00,0.034104914,0.011209743
08/03/2019 03:00,0.025633502,0.008425325
08/03/2019 04:00,0.018864268,0.006200385
08/03/2019 05:00,0.013475388,0.004429146
08/03/2019 06:00,0.007822625,0.002571172
08/03/2019 07:00,0.004892462,0.001608075
08/03/2019 08:00,0.004535608,0.001490782
08/03/2019 09:00,0.005603934,0.001841924
08/03/2019 10:00,0.005884716,0.001934213
08/03/2019 11:00,0.003446697,0.001132875
08/03/2019 12:00,0,0
08/03/2019 13:00,0,0
08/03/2019 14:00,0,0
08/03/2019 15:00,0,0
08/03/2019 16:00,0,0
08/03/2019 17:00,0,0
08/03/2019 18:00,0.009180439,0.003017464
08/03/2019 19:00,0.016786312,0.005517394
08/03/2019 20:00,0.019108451,0.006280644
08/03/2019 21:00,0.024663018,0.008106342
08/03/2019 22:00,0.065783392,0.021621955
08/03/2019 23:00,0.052184568,0.017152238
08/04/2019 00:00,0.031773299,0.010443378
08/04/2019 01:00,0.021705194,0.007134152
08/04/2019 02:00,0.021835229,0.007176893
08/04/2019 03:00,0.026165503,0.008600185
08/04/2019 04:00,0.031554966,0.010371616
08/04/2019 05:00,0.037667327,0.012380652
08/04/2019 06:00,0.047726079,0.015686804
08/04/2019 07:00,0.052665293,0.017310245
08/04/2019 08:00,0.048434452,0.015919634
08/04/2019 09:00,0.047560313,0.015632319
08/04/2019 10:00,0.055888851,0.018369777
08/04/2019 11:00,0.052128933,0.017133952
08/04/2019 12:00,0.056591047,0.018600578
08/04/2019 13:00,0.06458505,0.021228079
08/04/2019 14:00,0.080407475,0.026428659
08/04/2019 15:00,0.08094461,0.026605207
08/04/2019 16:00,0.074390233,0.024450887
08/04/2019 17:00,0.073644888,0.024205904
08/04/2019 18:00,0.09500928,0.03122804
08/04/2019 19:00,0.121140911,0.039817092
08/04/2019 20:00,0.145617821,0.047862263
08/04/2019 21:00,0.182426901,0.059960823
08/04/2019 22:00,0.225883583,0.074244343
08/04/2019 23:00,0.286829091,0.094276163
08/05/2019 00:00,0.281469688,0.092514613
08/05/2019 01:00,0.352349834,0.11581179
08/05/2019 02:00,0.470541229,0.154659423
08/05/2019 03:00,0.524736052,0.1724724
08/05/2019 04:00,0.58666643,0.192827931
08/05/2019 05:00,0.620255331,0.203868068
08/05/2019 06:00,0.627418813,0.206222591
08/05/2019 07:00,0.651351455,0.21408887
08/05/2019 08:00,0.685426035,0.225288643
08/05/2019 09:00,0.675780774,0.222118399
08/05/2019 10:00,0.596700636,0.196126014
08/05/2019 11:00,0.537926674,0.176807947
08/05/2019 12:00,0.464134172,0.152553525
08/05/2019 13:00,0.439109423,0.144328288
08/05/2019 14:00,0.394234117,0.129578488
08/05/2019 15:00,0.348892818,0.114675524
08/05/2019 16:00,0.336439183,0.110582212
08/05/2019 17:00,0.311530562,0.102395144
08/05/2019 18:00,0.260963797,0.085774652
08/05/2019 19:00,0.214694907,0.070566803
08/05/2019 20:00,0.19480929,0.064030717
08/05/2019 21:00,0.187802341,0.061727644
08/05/2019 22:00,0.096440898,0.03169859
08/05/2019 23:00,0.083322397,0.027386748
08/06/2019 00:00,0.075476887,0.024808053
08/06/2019 01:00,0.069248607,0.022760916
08/06/2019 02:00,0.066747925,0.021938982
08/06/2019 03:00,0.062782779,0.020635702
08/06/2019 04:00,0.05846893,0.019217808
08/06/2019 05:00,0.047776681,0.015703436
08/06/2019 06:00,0.052486636,0.017251523
08/06/2019 07:00,0.046813449,0.015386837
08/06/2019 08:00,0.035241124,0.011583197
08/06/2019 09:00,0.040337328,0.013258239
08/06/2019 10:00,0.067454418,0.022171195
08/06/2019 11:00,0.103432778,0.03399671
08/06/2019 12:00,0.098141205,0.032257454
08/06/2019 13:00,0.040501203,0.013312102
08/06/2019 14:00,0.031470002,0.010343689
08/06/2019 15:00,0.048277911,0.015868182
08/06/2019 16:00,0.06919359,0.022742833
08/06/2019 17:00,0.077588563,0.025502127
08/06/2019 18:00,0.074564192,0.024508065
08/06/2019 19:00,0.059583526,0.019584158
08/06/2019 20:00,0.06091287,0.020021092
08/06/2019 21:00,0.073339229,0.024105439
08/06/2019 22:00,0.081116961,0.026661856
08/06/2019 23:00,0.051744708,0.017007663
08/07/2019 00:00,0.036232862,0.011909166
08/07/2019 01:00,0.02227378,0.007321038
08/07/2019 02:00,0.023528788,0.007733539
08/07/2019 03:00,0.022941346,0.007540456
08/07/2019 04:00,0.040322532,0.013253375
08/07/2019 05:00,0.067506144,0.022188197
08/07/2019 06:00,0.093337631,0.030678596
08/07/2019 07:00,0.130326321,0.04283619
08/07/2019 08:00,0.151486339,0.049791152
08/07/2019 09:00,0.176970262,0.058167312
08/07/2019 10:00,0.188666379,0.06201164
08/07/2019 11:00,0.249651337,0.082056426
08/07/2019 12:00,0.28427457,0.093436533
08/07/2019 13:00,0.347119092,0.114092528
08/07/2019 14:00,0.428026831,0.140685616
08/07/2019 15:00,0.502402963,0.165131868
08/07/2019 16:00,0.547486684,0.179950171
08/07/2019 17:00,0.604052807,0.198542556
08/07/2019 18:00,0.638674613,0.209922194
08/07/2019 19:00,0.650991785,0.213970652
08/07/2019 20:00,0.642116114,0.21105336
08/07/2019 21:00,0.605222282,0.198926944
08/07/2019 22:00,0.456345752,0.149993595
08/07/2019 23:00,0.455286876,0.149645559
08/08/2019 00:00,0.445683917,0.146489219
08/08/2019 01:00,0.442903717,0.145575412
08/08/2019 02:00,0.470407285,0.154615398
08/08/2019 03:00,0.483868574,0.159039909
08/08/2019 04:00,0.452855963,0.148846557
08/08/2019 05:00,0.373117607,0.122637827
08/08/2019 06:00,0.32266162,0.106053746
08/08/2019 07:00,0.286105573,0.094038354
08/08/2019 08:00,0.260790119,0.085717567
08/08/2019 09:00,0.216827308,0.07126769
08/08/2019 10:00,0.174720351,0.057427802
08/08/2019 11:00,0.172936465,0.056841467
08/08/2019 12:00,0.197845441,0.065028652
08/08/2019 13:00,0.218449492,0.071800876
08/08/2019 14:00,0.20926275,0.06878134
08/08/2019 15:00,0.168458222,0.05536954
08/08/2019 16:00,0.141180341,0.046403734
08/08/2019 17:00,0.105951641,0.03482462
08/08/2019 18:00,0.110102487,0.036188937
08/08/2019 19:00,0.123666369,0.04064717
08/08/2019 20:00,0.132065292,0.043407762
08/08/2019 21:00,0.097523525,0.032054433
08/08/2019 22:00,0.059786895,0.019651002
08/08/2019 23:00,0.056198335,0.018471499
08/09/2019 00:00,0.041889132,0.013768292
08/09/2019 01:00,0.030783133,0.010117927
08/09/2019 02:00,0.037992109,0.012487403
08/09/2019 03:00,0.046725801,0.015358028
08/09/2019 04:00,0.078286912,0.025731664
08/09/2019 05:00,0.130553893,0.042910989
08/09/2019 06:00,0.231735021,0.076167618
08/09/2019 07:00,0.403385509,0.132586405
08/09/2019 08:00,0.60334393,0.19830956
08/09/2019 09:00,0.690639238,0.22700214
08/09/2019 10:00,0.705385795,0.231849099
08/09/2019 11:00,0.720618434,0.236855825
08/09/2019 12:00,0.746299474,0.245296775
08/09/2019 13:00,0.722795163,0.237571281
08/09/2019 14:00,0.729466036,0.239763891
08/09/2019 15:00,0.72466187,0.238184838
08/09/2019 16:00,0.726416604,0.238761592
08/09/2019 17:00,0.765904419,0.251740609
08/09/2019 18:00,0.820906454,0.269818903
08/09/2019 19:00,0.856465921,0.281506735
08/09/2019 20:00,0.880991028,0.289567748
08/09/2019 21:00,0.875355871,0.287715561
08/09/2019 22:00,0.860158707,0.282720495
08/09/2019 23:00,0.85148828,0.279870663
08/10/2019 00:00,0.873955404,0.28725525
08/10/2019 01:00,0.883420769,0.290366365
08/10/2019 02:00,0.838351363,0.275552768
08/10/2019 03:00,0.73682702,0.24218333
08/10/2019 04:00,0.586328046,0.192716709
08/10/2019 05:00,0.370198289,0.121678293
08/10/2019 06:00,0.217502585,0.071489643
08/10/2019 07:00,0.072715249,0.023900346
08/10/2019 08:00,0.056679288,0.018629581
08/10/2019 09:00,0.064817341,0.02130443
08/10/2019 10:00,0.024375133,0.008011719
08/10/2019 11:00,0.011883927,0.003906058
08/10/2019 12:00,0,0
08/10/2019 13:00,0.004010643,0.001318235
08/10/2019 14:00,0.024211386,0.007957898
08/10/2019 15:00,0.049439632,0.016250021
08/10/2019 16:00,0.080234093,0.026371671
08/10/2019 17:00,0.11492394,0.037773672
08/10/2019 18:00,0.16505955,0.05425245
08/10/2019 19:00,0.29995609,0.098590799
08/10/2019 20:00,0.435056468,0.142996146
08/10/2019 21:00,0.588899087,0.193561769
08/10/2019 22:00,0.63718479,0.209432513
08/10/2019 23:00,0.820636233,0.269730086
08/11/2019 00:00,0.87026627,0.28604269
08/11/2019 01:00,0.873143796,0.286988487
08/11/2019 02:00,0.855503256,0.281190322
08/11/2019 03:00,0.859775487,0.282594536
08/11/2019 04:00,0.860319072,0.282773204
08/11/2019 05:00,0.873966432,0.287258875
08/11/2019 06:00,0.875899186,0.28789414
08/11/2019 07:00,0.85891659,0.282312231
08/11/2019 08:00,0.832400976,0.27359697
08/11/2019 09:00,0.788415878,0.259139767
08/11/2019 10:00,0.7746422,0.254612578
08/11/2019 11:00,0.702721504,0.230973389
08/11/2019 12:00,0.615847356,0.202419237
08/11/2019 13:00,0.539404045,0.177293536
08/11/2019 14:00,0.490105239,0.161089802
08/11/2019 15:00,0.471662319,0.155027907
08/11/2019 16:00,0.428388238,0.140804405
08/11/2019 17:00,0.367778225,0.120882857
08/11/2019 18:00,0.321709779,0.105740891
08/11/2019 19:00,0.287139139,0.094378071
08/11/2019 20:00,0.249720418,0.082079132
08/11/2019 21:00,0.193462855,0.063588165
08/11/2019 22:00,0.185651557,0.061020716
08/11/2019 23:00,0.147916379,0.048617763
08/12/2019 00:00,0.147584628,0.048508721
08/12/2019 01:00,0.125149413,0.041134623
08/12/2019 02:00,0.094382867,0.031022148
08/12/2019 03:00,0.082309176,0.027053718
08/12/2019 04:00,0.072609973,0.023865744
08/12/2019 05:00,0.062201919,0.020444782
08/12/2019 06:00,0.05619332,0.018469851
08/12/2019 07:00,0.053438076,0.017564246
08/12/2019 08:00,0.048255464,0.015860804
08/12/2019 09:00,0.035709239,0.011737059
08/12/2019 10:00,0.013473667,0.00442858
08/12/2019 11:00,0.009922893,0.003261497
08/12/2019 12:00,0.004156759,0.00136626
08/12/2019 13:00,0,0
08/12/2019 14:00,0,0
08/12/2019 15:00,0,0
08/12/2019 16:00,0,0
08/12/2019 17:00,0,0
08/12/2019 18:00,0.00423818,0.001393022
08/12/2019 19:00,0.012906481,0.004242155
08/12/2019 20:00,0.028375446,0.009326558
08/12/2019 21:00,0.061316736,0.020153836
08/12/2019 22:00,0.066627852,0.021899516
08/12/2019 23:00,0.064292972,0.021132078
8/13/2019 0:00,0.054900355,0.018044874
8/13/2019 1:00,0.049925097,0.016409586
8/13/2019 2:00,0.058920773,0.019366321
8/13/2019 3:00,0.078515908,0.025806931
8/13/2019 4:00,0.090798763,0.02984411
8/13/2019 5:00,0.089764427,0.02950414
8/13/2019 6:00,0.087862934,0.02887915
8/13/2019 7:00,0.08926818,0.029341032
8/13/2019 8:00,0.100289206,0.032963468
8/13/2019 9:00,0.106605002,0.03503937
8/13/2019 10:00,0.147090847,0.048346423
8/13/2019 11:00,0.145031861,0.047669667
8/13/2019 12:00,0.130118512,0.042767887
8/13/2019 13:00,0.11466312,0.037687945
8/13/2019 14:00,0.128603352,0.042269878
8/13/2019 15:00,0.153562833,0.050473662
8/13/2019 16:00,0.178644751,0.05871769
8/13/2019 17:00,0.232128333,0.076296893
8/13/2019 18:00,0.235025861,0.077249265
8/13/2019 19:00,0.2309771,0.075918501
8/13/2019 20:00,0.217865561,0.071608947
8/13/2019 21:00,0.206807755,0.067974422
8/13/2019 22:00,0.215789908,0.070926713
8/13/2019 23:00,0.293516538,0.096474221
8/14/2019 0:00,0.302202184,0.099329055
8/14/2019 1:00,0.277429917,0.091186804
8/14/2019 2:00,0.280963831,0.092348345
8/14/2019 3:00,0.278010572,0.091377656
8/14/2019 4:00,0.278099077,0.091406746
8/14/2019 5:00,0.245524472,0.080699991
8/14/2019 6:00,0.216476863,0.071152504
8/14/2019 7:00,0.173016487,0.056867769
8/14/2019 8:00,0.118472108,0.038939899
8/14/2019 9:00,0.077098331,0.025340996
8/14/2019 10:00,0.060527349,0.019894378
8/14/2019 11:00,0.04891068,0.016076163
8/14/2019 12:00,0.061150176,0.020099091
8/14/2019 13:00,0.099458334,0.032690374
8/14/2019 14:00,0.15393922,0.050597375
8/14/2019 15:00,0.170688338,0.056102544
8/14/2019 16:00,0.169649528,0.055761103
8/14/2019 17:00,0.201850521,0.066345058
8/14/2019 18:00,0.260470965,0.085612666
8/14/2019 19:00,0.328466637,0.107961763
8/14/2019 20:00,0.470143485,0.154528691
8/14/2019 21:00,0.603332992,0.198305965
8/14/2019 22:00,0.542445025,0.178293058
8/14/2019 23:00,0.416400965,0.136864378
8/15/2019 0:00,0.459212012,0.150935689
8/15/2019 1:00,0.425358714,0.139808648
8/15/2019 2:00,0.289497645,0.095153275
8/15/2019 3:00,0.170569422,0.056063458
8/15/2019 4:00,0.084289652,0.027704669
8/15/2019 5:00,0.067423031,0.022160878
8/15/2019 6:00,0.104517651,0.034353291
8/15/2019 7:00,0.232414464,0.07639094
8/15/2019 8:00,0.430206977,0.141402195
8/15/2019 9:00,0.68054139,0.223683138
8/15/2019 10:00,0.678441826,0.222993045
8/15/2019 11:00,0.733549672,0.241106118
8/15/2019 12:00,0.72010779,0.236687985
8/15/2019 13:00,0.725781942,0.238552988
8/15/2019 14:00,0.731700202,0.240498226
8/15/2019 15:00,0.756353696,0.248601438
8/15/2019 16:00,0.659996514,0.216930364
8/15/2019 17:00,0.595659026,0.195783654
8/15/2019 18:00,0.521771853,0.171498115
8/15/2019 19:00,0.378946498,0.124553691
8/15/2019 20:00,0.208285826,0.06846024
8/15/2019 21:00,0.069274691,0.02276949
8/15/2019 22:00,0.018888433,0.006208328
8/15/2019 23:00,0.021924422,0.007206209
8/16/2019 0:00,0.090824439,0.02985255
8/16/2019 1:00,0.290170931,0.095374573
8/16/2019 2:00,0.478366263,0.157231387
8/16/2019 3:00,0.542652093,0.178361118
8/16/2019 4:00,0.509161604,0.167353326
8/16/2019 5:00,0.568067127,0.186714635
8/16/2019 6:00,0.650556054,0.213827434
8/16/2019 7:00,0.738942674,0.242878712
8/16/2019 8:00,0.806566106,0.265105459
8/16/2019 9:00,0.853057231,0.280386353
8/16/2019 10:00,0.861254573,0.283080689
8/16/2019 11:00,0.869899469,0.285922128
8/16/2019 12:00,0.888909232,0.292170335
8/16/2019 13:00,0.902205091,0.296540473
8/16/2019 14:00,0.894690233,0.294070459
8/16/2019 15:00,0.882104942,0.289933873
8/16/2019 16:00,0.829689986,0.272705911
8/16/2019 17:00,0.677128383,0.222561337
8/16/2019 18:00,0.354933137,0.11666088
8/16/2019 19:00,0.166856744,0.05484316
8/16/2019 20:00,0.095621431,0.031429244
8/16/2019 21:00,0.089879781,0.029542055
8/16/2019 22:00,0.070552094,0.023189352
8/16/2019 23:00,0.102665605,0.033744553
8/17/2019 0:00,0.114278961,0.037561678
8/17/2019 1:00,0.09645543,0.031703367
8/17/2019 2:00,0.052425903,0.017231561
8/17/2019 3:00,0.041917896,0.013777746
8/17/2019 4:00,0.045947028,0.015102058
8/17/2019 5:00,0.03262157,0.010722191
8/17/2019 6:00,0.026588804,0.008739317
8/17/2019 7:00,0.064966994,0.021353618
8/17/2019 8:00,0.152707751,0.050192611
8/17/2019 9:00,0.33742191,0.110905219
8/17/2019 10:00,0.719278533,0.236415421
8/17/2019 11:00,0.500104515,0.164376405
8/17/2019 12:00,0.33402206,0.109787742
8/17/2019 13:00,0.314954996,0.103520701
8/17/2019 14:00,0.230708831,0.075830326
8/17/2019 15:00,0.131545463,0.043236903
8/17/2019 16:00,0.09927593,0.03263042
8/17/2019 17:00,0.154850238,0.050896812
8/17/2019 18:00,0.280454026,0.092180781
8/17/2019 19:00,0.438077889,0.143989239
8/17/2019 20:00,0.561461654,0.184543521
8/17/2019 21:00,0.641889458,0.210978862
8/17/2019 22:00,0.812038749,0.266904229
8/17/2019 23:00,0.807630456,0.265455294
8/18/2019 0:00,0.774767729,0.254653838
8/18/2019 1:00,0.791518669,0.260159605
8/18/2019 2:00,0.806309692,0.26502118
8/18/2019 3:00,0.764476312,0.251271213
8/18/2019 4:00,0.687000986,0.225806304
8/18/2019 5:00,0.646040069,0.212343102
8/18/2019 6:00,0.607492799,0.199673227
8/18/2019 7:00,0.563571825,0.185237101
8/18/2019 8:00,0.509075657,0.167325077
8/18/2019 9:00,0.412034729,0.135429266
8/18/2019 10:00,0.234879977,0.077201315
8/18/2019 11:00,0.180430589,0.059304667
8/18/2019 12:00,0.207021967,0.06804483
8/18/2019 13:00,0.185405429,0.060939817
8/18/2019 14:00,0.079118,0.026004829
8/18/2019 15:00,0.018216493,0.005987472
8/18/2019 16:00,0.009792786,0.003218733
8/18/2019 17:00,0.073314267,0.024097234
8/18/2019 18:00,0.170215554,0.055947147
8/18/2019 19:00,0.234283436,0.077005242
8/18/2019 20:00,0.274245471,0.090140127
8/18/2019 21:00,0.338185085,0.111156062
8/18/2019 22:00,0.419414564,0.137854901
8/18/2019 23:00,0.508429473,0.167112686
8/19/2019 0:00,0.567970186,0.186682772
8/19/2019 1:00,0.542600116,0.178344033
8/19/2019 2:00,0.548968802,0.180437319
8/19/2019 3:00,0.630948211,0.207382648
8/19/2019 4:00,0.707385193,0.232506269
8/19/2019 5:00,0.712602561,0.234221135
8/19/2019 6:00,0.635007187,0.208716769
8/19/2019 7:00,0.554697678,0.18232031
8/19/2019 8:00,0.523445921,0.172048354
8/19/2019 9:00,0.520335703,0.171026075
8/19/2019 10:00,0.541260429,0.1779037
8/19/2019 11:00,0.513540205,0.168792503
8/19/2019 12:00,0.53141149,0.17466651
8/19/2019 13:00,0.522289585,0.171668285
8/19/2019 14:00,0.440302602,0.144720467
8/19/2019 15:00,0.413572626,0.135934749
8/19/2019 16:00,0.395645148,0.130042271
8/19/2019 17:00,0.409282048,0.134524504
8/19/2019 18:00,0.368363758,0.121075312
8/19/2019 19:00,0.420871524,0.13833378
8/19/2019 20:00,0.53884039,0.177108271
8/19/2019 21:00,0.5789054,0.190277004
8/19/2019 22:00,0.47335387,0.155583893
8/19/2019 23:00,0.497492628,0.163517919
8/20/2019 0:00,0.52191814,0.171546197
8/20/2019 1:00,0.470405015,0.154614651
8/20/2019 2:00,0.464898088,0.152804612
8/20/2019 3:00,0.522507814,0.171740013
8/20/2019 4:00,0.574958995,0.188979883
8/20/2019 5:00,0.564730085,0.185617803
8/20/2019 6:00,0.502942845,0.165309319
8/20/2019 7:00,0.472172141,0.155195478
8/20/2019 8:00,0.418236594,0.137467721
8/20/2019 9:00,0.368132256,0.120999221
8/20/2019 10:00,0.263712891,0.086678236
8/20/2019 11:00,0.213369871,0.070131285
8/20/2019 12:00,0.210085015,0.069051605
8/20/2019 13:00,0.204456603,0.067201636
8/20/2019 14:00,0.162913667,0.053547133
8/20/2019 15:00,0.131063045,0.04307834
8/20/2019 16:00,0.115172542,0.037855384
8/20/2019 17:00,0.07848934,0.025798198
8/20/2019 18:00,0.035117175,0.011542457
8/20/2019 19:00,0.004012021,0.001318687
8/20/2019 20:00,0,0
8/20/2019 21:00,0,0
8/20/2019 22:00,0.0426391,0.014014795
8/20/2019 23:00,0.146892242,0.048281145
8/21/2019 0:00,0.205136895,0.067425237
8/21/2019 1:00,0.231874045,0.076213313
8/21/2019 2:00,0.270837085,0.089019845
8/21/2019 3:00,0.294507226,0.096799844
8/21/2019 4:00,0.288510875,0.094828939
8/21/2019 5:00,0.304536052,0.10009616
8/21/2019 6:00,0.345202821,0.11346268
8/21/2019 7:00,0.353399369,0.116156755
8/21/2019 8:00,0.36783895,0.120902816
8/21/2019 9:00,0.356016039,0.117016813
8/21/2019 10:00,0.308264958,0.101321792
8/21/2019 11:00,0.319292287,0.1049463
8/21/2019 12:00,0.38180929,0.125494645
8/21/2019 13:00,0.45803215,0.150547887
8/21/2019 14:00,0.570497409,0.18751343
8/21/2019 15:00,0.670413689,0.220354324
8/21/2019 16:00,0.750628527,0.246719666
8/21/2019 17:00,0.737909434,0.242539102
8/21/2019 18:00,0.702051865,0.230753289
8/21/2019 19:00,0.790460614,0.25981184
8/21/2019 20:00,0.814125845,0.267590225
8/21/2019 21:00,0.774479839,0.254559213
8/21/2019 22:00,0.616737851,0.202711929
8/21/2019 23:00,0.33168893,0.109020879
8/22/2019 0:00,0.236820984,0.077839293
8/22/2019 1:00,0.197408385,0.064884999
8/22/2019 2:00,0.1910047,0.062780209
8/22/2019 3:00,0.223611391,0.07349751
8/22/2019 4:00,0.296443246,0.097436183
8/22/2019 5:00,0.356894554,0.117305567
8/22/2019 6:00,0.377445114,0.12406021
8/22/2019 7:00,0.429721512,0.141242631
8/22/2019 8:00,0.462264476,0.151938986
8/22/2019 9:00,0.475320174,0.156230186
8/22/2019 10:00,0.456436005,0.15002326
8/22/2019 11:00,0.524735692,0.172472281
8/22/2019 12:00,0.569938471,0.187329716
8/22/2019 13:00,0.65289765,0.21459708
8/22/2019 14:00,0.74622593,0.245272602
8/22/2019 15:00,0.777254911,0.255471335
8/22/2019 16:00,0.802039391,0.263617599
8/22/2019 17:00,0.869560744,0.285810795
8/22/2019 18:00,0.907930998,0.298422488
8/22/2019 19:00,0.91,0.299102536
8/22/2019 20:00,0.91,0.299102536
8/22/2019 21:00,0.91,0.299102536
8/22/2019 22:00,0.905012734,0.297463301
8/22/2019 23:00,0.880302052,0.289341292
8/23/2019 0:00,0.867180258,0.285028367
8/23/2019 1:00,0.826435775,0.271636303
8/23/2019 2:00,0.757056083,0.248832301
8/23/2019 3:00,0.691800246,0.227383745
8/23/2019 4:00,0.507837798,0.166918212
8/23/2019 5:00,0.321697868,0.105736976
8/23/2019 6:00,0.139377334,0.045811114
8/23/2019 7:00,0.075902701,0.024948011
8/23/2019 8:00,0.048115574,0.015814824
8/23/2019 9:00,0.070083151,0.023035218
8/23/2019 10:00,0.395562307,0.130015043
8/23/2019 11:00,0.719098288,0.236356177
8/23/2019 12:00,0.831316429,0.273240497
8/23/2019 13:00,0.791204377,0.260056303
8/23/2019 14:00,0.624817538,0.205367594
8/23/2019 15:00,0.393346933,0.129286885
8/23/2019 16:00,0.284669147,0.093566224
8/23/2019 17:00,0.240352679,0.079000105
8/23/2019 18:00,0.17563658,0.057728952
8/23/2019 19:00,0.137253147,0.045112928
8/23/2019 20:00,0.131076776,0.043082853
8/23/2019 21:00,0.162552883,0.053428549
8/23/2019 22:00,0.201206436,0.066133357
8/23/2019 23:00,0.327434379,0.107622476
8/24/2019 0:00,0.492755837,0.161961011
8/24/2019 1:00,0.521719561,0.171480927
8/24/2019 2:00,0.486033306,0.159751422
8/24/2019 3:00,0.422081281,0.138731408
8/24/2019 4:00,0.378242733,0.124322374
8/24/2019 5:00,0.419615907,0.137921079
8/24/2019 6:00,0.486166308,0.159795138
8/24/2019 7:00,0.517493714,0.170091958
8/24/2019 8:00,0.479361189,0.157558403
8/24/2019 9:00,0.407840335,0.134050635
8/24/2019 10:00,0.325218648,0.1068942
8/24/2019 11:00,0.286585244,0.094196014
8/24/2019 12:00,0.200045975,0.065751932
8/24/2019 13:00,0.168666019,0.05543784
8/24/2019 14:00,0.124085482,0.040784926
8/24/2019 15:00,0.118101138,0.038817967
8/24/2019 16:00,0.143137261,0.047046943
8/24/2019 17:00,0.17870532,0.058737598
8/24/2019 18:00,0.249333442,0.081951939
8/24/2019 19:00,0.197677582,0.064973479
8/24/2019 20:00,0.165456825,0.054383028
8/24/2019 21:00,0.159407528,0.052394721
8/24/2019 22:00,0.100625305,0.033073938
8/24/2019 23:00,0.079951962,0.026278939
8/25/2019 0:00,0.049273553,0.016195434
8/25/2019 1:00,0.056091958,0.018436535
8/25/2019 2:00,0.021681879,0.007126489
8/25/2019 3:00,0.001836146,0.000603512
8/25/2019 4:00,0.005182322,0.001703347
8/25/2019 5:00,0,0
8/25/2019 6:00,0,0
8/25/2019 7:00,0,0
8/25/2019 8:00,0,0
8/25/2019 9:00,0,0
8/25/2019 10:00,0.016983377,0.005582166
8/25/2019 11:00,0.039850648,0.013098275
8/25/2019 12:00,0.050747877,0.016680021
8/25/2019 13:00,0.062718991,0.020614736
8/25/2019 14:00,0.1590541,0.052278555
8/25/2019 15:00,0.348965239,0.114699327
8/25/2019 16:00,0.493142111,0.162087973
8/25/2019 17:00,0.556683273,0.182972943
8/25/2019 18:00,0.606655555,0.199398038
8/25/2019 19:00,0.654026025,0.214967959
8/25/2019 20:00,0.715577313,0.235198889
8/25/2019 21:00,0.6883772,0.226258644
8/25/2019 22:00,0.367149442,0.120676186
8/25/2019 23:00,0.193213134,0.063506086
8/26/2019 0:00,0.14977156,0.049227531
8/26/2019 1:00,0.101155638,0.03324825
8/26/2019 2:00,0.032042329,0.010531804
8/26/2019 3:00,0.015787836,0.005189211
8/26/2019 4:00,0.018434171,0.006059019
8/26/2019 5:00,0.018637842,0.006125962
8/26/2019 6:00,0.028444131,0.009349134
8/26/2019 7:00,0.041621946,0.013680472
8/26/2019 8:00,0.059391352,0.019520993
8/26/2019 9:00,0.059244384,0.019472687
8/26/2019 10:00,0.028655687,0.009418669
8/26/2019 11:00,0.022670541,0.007451446
8/26/2019 12:00,0.026090868,0.008575654
8/26/2019 13:00,0.035379509,0.011628682
8/26/2019 14:00,0.043579058,0.014323744
8/26/2019 15:00,0.038814774,0.012757799
8/26/2019 16:00,0.031220898,0.010261813
8/26/2019 17:00,0.017394922,0.005717434
8/26/2019 18:00,0,0
8/26/2019 19:00,0,0
8/26/2019 20:00,0,0
8/26/2019 21:00,0,0
8/26/2019 22:00,0,0
8/26/2019 23:00,0,0
8/27/2019 0:00,0,0
8/27/2019 1:00,0,0
8/27/2019 2:00,0.010769948,0.003539911
8/27/2019 3:00,0.032292544,0.010614046
8/27/2019 4:00,0.039194184,0.012882505
8/27/2019 5:00,0.020066399,0.006595506
8/27/2019 6:00,0.006597425,0.002168469
8/27/2019 7:00,0,0
8/27/2019 8:00,0,0
8/27/2019 9:00,0,0
8/27/2019 10:00,0,0
8/27/2019 11:00,0,0
8/27/2019 12:00,0.004068004,0.001337088
8/27/2019 13:00,0.008770544,0.002882738
8/27/2019 14:00,0.016297023,0.005356573
8/27/2019 15:00,0.025743652,0.008461529
8/27/2019 16:00,0.052936228,0.017399297
8/27/2019 17:00,0.114466565,0.037623341
8/27/2019 18:00,0.168249977,0.055301093
8/27/2019 19:00,0.168614005,0.055420743
8/27/2019 20:00,0.224203499,0.073692126
8/27/2019 21:00,0.201848822,0.066344499
8/27/2019 22:00,0.18231371,0.059923619
8/27/2019 23:00,0.129541347,0.042578182
8/28/2019 0:00,0.243266173,0.079957724
8/28/2019 1:00,0.256704746,0.08437477
8/28/2019 2:00,0.319533749,0.105025664
8/28/2019 3:00,0.355550824,0.116863904
8/28/2019 4:00,0.331046323,0.108809665
8/28/2019 5:00,0.274312992,0.09016232
8/28/2019 6:00,0.273852546,0.090010979
8/28/2019 7:00,0.344952536,0.113380416
8/28/2019 8:00,0.424261138,0.139447892
8/28/2019 9:00,0.463332458,0.152290014
8/28/2019 10:00,0.370837312,0.12188833
8/28/2019 11:00,0.427934467,0.140655257
8/28/2019 12:00,0.390632159,0.128394582
8/28/2019 13:00,0.235319366,0.077345735
8/28/2019 14:00,0.133965447,0.044032313
8/28/2019 15:00,0.3363057,0.110538338
8/28/2019 16:00,0.481762592,0.158347706
8/28/2019 17:00,0.439852267,0.144572449
8/28/2019 18:00,0.47546022,0.156276217
8/28/2019 19:00,0.462747247,0.152097665
8/28/2019 20:00,0.376121977,0.123625315
8/28/2019 21:00,0.282319022,0.092793775
8/28/2019 22:00,0.115354351,0.037915142
8/28/2019 23:00,0.093273948,0.030657664
8/29/2019 0:00,0.086678269,0.028489769
8/29/2019 1:00,0.079818634,0.026235116
8/29/2019 2:00,0.104739499,0.034426209
8/29/2019 3:00,0.137376137,0.045153353
8/29/2019 4:00,0.179074002,0.058858778
8/29/2019 5:00,0.187873011,0.061750872
8/29/2019 6:00,0.199017329,0.065413833
8/29/2019 7:00,0.231706258,0.076158164
8/29/2019 8:00,0.256060781,0.084163109
8/29/2019 9:00,0.291306743,0.095747896
8/29/2019 10:00,0.318634092,0.104729962
8/29/2019 11:00,0.398193814,0.130879977
8/29/2019 12:00,0.719906275,0.23662175
8/29/2019 13:00,0.811582628,0.26675431
8/29/2019 14:00,0.845962172,0.278054319
8/29/2019 15:00,0.849192708,0.279116145
8/29/2019 16:00,0.78761575,0.258876778
8/29/2019 17:00,0.672063713,0.22089666
8/29/2019 18:00,0.64986743,0.213601095
8/29/2019 19:00,0.675129964,0.221904488
8/29/2019 20:00,0.744414646,0.244677262
8/29/2019 21:00,0.788861113,0.259286109
8/29/2019 22:00,0.717077451,0.23569196
8/29/2019 23:00,0.727823589,0.239224045
8/30/2019 0:00,0.750435217,0.246656128
8/30/2019 1:00,0.769364958,0.252878033
8/30/2019 2:00,0.72854303,0.239460514
8/30/2019 3:00,0.765529807,0.25161748
8/30/2019 4:00,0.805100776,0.264623828
8/30/2019 5:00,0.738411751,0.242704206
8/30/2019 6:00,0.63461569,0.20858809
8/30/2019 7:00,0.510225465,0.167703
8/30/2019 8:00,0.327532876,0.10765485
8/30/2019 9:00,0.181920905,0.05979451
8/30/2019 10:00,0.061495338,0.02021254
8/30/2019 11:00,0.041714311,0.013710831
8/30/2019 12:00,0.018462167,0.006068221
8/30/2019 13:00,0.01992761,0.006549889
8/30/2019 14:00,0.109796823,0.036088471
8/30/2019 15:00,0.182897764,0.060115588
8/30/2019 16:00,0.207881515,0.06832735
8/30/2019 17:00,0.248687876,0.081739752
8/30/2019 18:00,0.234833432,0.077186016
8/30/2019 19:00,0.184894084,0.060771746
8/30/2019 20:00,0.135436381,0.044515786
8/30/2019 21:00,0.083779453,0.027536974
8/30/2019 22:00,0.026774321,0.008800294
8/30/2019 23:00,0.015146075,0.004978274
8/31/2019 0:00,0,0
8/31/2019 1:00,0,0
8/31/2019 2:00,0,0
8/31/2019 3:00,0.030331244,0.009969398
8/31/2019 4:00,0.086329512,0.028375138
8/31/2019 5:00,0.237547666,0.078078142
8/31/2019 6:00,0.38568089,0.126767178
8/31/2019 7:00,0.540952372,0.177802446
8/31/2019 8:00,0.608263949,0.199926692
8/31/2019 9:00,0.65600125,0.215617184
8/31/2019 10:00,0.667893148,0.219525862
8/31/2019 11:00,0.821331575,0.269958634
8/31/2019 12:00,0.850877829,0.279670018
8/31/2019 13:00,0.792674415,0.260539481
8/31/2019 14:00,0.773292108,0.254168824
8/31/2019 15:00,0.834656662,0.274338378
8/31/2019 16:00,0.853858755,0.280649801
8/31/2019 17:00,0.79256282,0.260502801
8/31/2019 18:00,0.676568197,0.222377212
8/31/2019 19:00,0.526234636,0.172964961
8/31/2019 20:00,0.443243137,0.145686974
8/31/2019 21:00,0.380722852,0.12513755
8/31/2019 22:00,0.409068477,0.134454306
8/31/2019 23:00,0.398280012,0.130908309
09/01/2019 00:00,0.438751551,0.144210661
09/01/2019 01:00,0.470111607,0.154518213
09/01/2019 02:00,0.508478442,0.167128782
09/01/2019 03:00,0.482907277,0.158723946
09/01/2019 04:00,0.530949164,0.174514551
09/01/2019 05:00,0.554735349,0.182332692
09/01/2019 06:00,0.59887499,0.19684069
09/01/2019 07:00,0.575913264,0.189293536
09/01/2019 08:00,0.519879859,0.170876246
09/01/2019 09:00,0.449127941,0.147621215
09/01/2019 10:00,0.37991834,0.12487312
09/01/2019 11:00,0.382222795,0.125630557
09/01/2019 12:00,0.349446232,0.114857422
09/01/2019 13:00,0.282565992,0.09287495
09/01/2019 14:00,0.226354352,0.074399078
09/01/2019 15:00,0.164714462,0.054139026
09/01/2019 16:00,0.093489867,0.030728633
09/01/2019 17:00,0.048426549,0.015917037
09/01/2019 18:00,0.036234833,0.011909814
09/01/2019 19:00,0.039022949,0.012826223
09/01/2019 20:00,0.059031829,0.019402824
09/01/2019 21:00,0.087626685,0.028801498
09/01/2019 22:00,0.066613745,0.021894879
09/01/2019 23:00,0.075073532,0.024675477
09/02/2019 00:00,0.107494909,0.035331868
09/02/2019 01:00,0.147222044,0.048389546
09/02/2019 02:00,0.185082403,0.060833644
09/02/2019 03:00,0.180718711,0.059399368
09/02/2019 04:00,0.153456268,0.050438636
09/02/2019 05:00,0.207287694,0.06813217
09/02/2019 06:00,0.266275668,0.08752058
09/02/2019 07:00,0.286936016,0.094311308
09/02/2019 08:00,0.296645598,0.097502693
09/02/2019 09:00,0.256977243,0.084464335
09/02/2019 10:00,0.190969519,0.062768645
09/02/2019 11:00,0.324606039,0.106692845
09/02/2019 12:00,0.365610736,0.120170437
09/02/2019 13:00,0.332664562,0.109341554
09/02/2019 14:00,0.248535753,0.081689752
09/02/2019 15:00,0.059058212,0.019411495
09/02/2019 16:00,0.00923778,0.003036312
09/02/2019 17:00,0.021516567,0.007072154
09/02/2019 18:00,0.062939596,0.020687245
09/02/2019 19:00,0.13908478,0.045714956
09/02/2019 20:00,0.176798416,0.058110829
09/02/2019 21:00,0.135335367,0.044482584
09/02/2019 22:00,0.147148465,0.048365361
09/02/2019 23:00,0.165210334,0.054302011
09/03/2019 00:00,0.136744801,0.044945842
09/03/2019 01:00,0.089261548,0.029338852
09/03/2019 02:00,0.05423009,0.017824569
09/03/2019 03:00,0.029279808,0.009623807
09/03/2019 04:00,0.016026724,0.005267729
09/03/2019 05:00,0.010042101,0.003300679
09/03/2019 06:00,0.010335433,0.003397093
09/03/2019 07:00,0.008158651,0.002681619
09/03/2019 08:00,0.000961478,0.000316023
09/03/2019 09:00,0,0
09/03/2019 10:00,0,0
09/03/2019 11:00,0,0
09/03/2019 12:00,0.035683481,0.011728593
09/03/2019 13:00,0.10852889,0.035671721
09/03/2019 14:00,0.18029176,0.059259036
09/03/2019 15:00,0.252583014,0.083020022
09/03/2019 16:00,0.368558762,0.121139407
09/03/2019 17:00,0.456060288,0.149899768
09/03/2019 18:00,0.545626949,0.179338906
09/03/2019 19:00,0.549207316,0.180515715
09/03/2019 20:00,0.451977927,0.14855796
09/03/2019 21:00,0.400039032,0.131486471
09/03/2019 22:00,0.703070521,0.231088105
09/03/2019 23:00,0.746582769,0.245389889
09/04/2019 00:00,0.603076747,0.198221741
09/04/2019 01:00,0.489256793,0.160810931
09/04/2019 02:00,0.408962146,0.134419357
09/04/2019 03:00,0.322770985,0.106089692
09/04/2019 04:00,0.279036704,0.091714929
09/04/2019 05:00,0.216191235,0.071058623
09/04/2019 06:00,0.149929361,0.049279398
09/04/2019 07:00,0.115869612,0.0380845
09/04/2019 08:00,0.114553862,0.037652033
09/04/2019 09:00,0.099769945,0.032792795
09/04/2019 10:00,0.075074402,0.024675763
09/04/2019 11:00,0.109728192,0.036065913
09/04/2019 12:00,0.129502179,0.042565308
09/04/2019 13:00,0.207018093,0.068043557
09/04/2019 14:00,0.906528773,0.297961598
09/04/2019 15:00,0.91,0.299102536
09/04/2019 16:00,0.90227856,0.296564621
09/04/2019 17:00,0.889481884,0.292358557
09/04/2019 18:00,0.905104584,0.29749349
09/04/2019 19:00,0.908356649,0.298562392
09/04/2019 20:00,0.90997792,0.299095278
09/04/2019 21:00,0.91,0.299102536
09/04/2019 22:00,0.91,0.299102536
09/04/2019 23:00,0.91,0.299102536
09/05/2019 00:00,0.90807207,0.298468856
09/05/2019 01:00,0.892070486,0.293209389
09/05/2019 02:00,0.852701593,0.28026946
09/05/2019 03:00,0.757632647,0.249021809
09/05/2019 04:00,0.650216529,0.213715838
09/05/2019 05:00,0.447515113,0.147091104
09/05/2019 06:00,0.389025147,0.127866382
09/05/2019 07:00,0.299031455,0.098286886
09/05/2019 08:00,0.195252158,0.064176281
09/05/2019 09:00,0.128172508,0.042128266
09/05/2019 10:00,0.172560213,0.056717799
09/05/2019 11:00,0.175986,0.057843801
09/05/2019 12:00,0.319226671,0.104924733
09/05/2019 13:00,0.578435286,0.190122484
09/05/2019 14:00,0.651048913,0.213989429
09/05/2019 15:00,0.694673829,0.228328246
09/05/2019 16:00,0.797608062,0.262161092
09/05/2019 17:00,0.843165289,0.277135029
09/05/2019 18:00,0.807507847,0.265414994
09/05/2019 19:00,0.706993465,0.232377514
09/05/2019 20:00,0.800799256,0.263209987
09/05/2019 21:00,0.767046443,0.252115974
09/05/2019 22:00,0.751486044,0.247001518
09/05/2019 23:00,0.827307713,0.271922895
09/06/2019 00:00,0.854058236,0.280715367
09/06/2019 01:00,0.804211547,0.264331553
09/06/2019 02:00,0.781654023,0.256917253
09/06/2019 03:00,0.739943001,0.243207503
09/06/2019 04:00,0.640786322,0.210616279
09/06/2019 05:00,0.67188714,0.220838623
09/06/2019 06:00,0.710686177,0.23359125
09/06/2019 07:00,0.715438089,0.235153128
09/06/2019 08:00,0.714537479,0.234857112
09/06/2019 09:00,0.686361046,0.225595966
09/06/2019 10:00,0.70561562,0.231924639
09/06/2019 11:00,0.636643649,0.209254648
09/06/2019 12:00,0.555595799,0.182615508
09/06/2019 13:00,0.565572492,0.185894688
09/06/2019 14:00,0.64615351,0.212380388
09/06/2019 15:00,0.738680705,0.242792607
09/06/2019 16:00,0.806012549,0.264923513
09/06/2019 17:00,0.796133756,0.261676511
09/06/2019 18:00,0.752964141,0.247487345
09/06/2019 19:00,0.722866574,0.237594753
09/06/2019 20:00,0.674681906,0.221757218
09/06/2019 21:00,0.607057666,0.199530206
09/06/2019 22:00,0.624253642,0.20518225
09/06/2019 23:00,0.654153283,0.215009786
09/07/2019 00:00,0.634866206,0.208670431
09/07/2019 01:00,0.601721648,0.197776342
09/07/2019 02:00,0.626909762,0.206055274
09/07/2019 03:00,0.640637824,0.21056747
09/07/2019 04:00,0.612832119,0.201428177
09/07/2019 05:00,0.575395295,0.189123288
09/07/2019 06:00,0.472048471,0.155154829
09/07/2019 07:00,0.376928428,0.123890383
09/07/2019 08:00,0.304860402,0.100202768
09/07/2019 09:00,0.183518673,0.060319671
09/07/2019 10:00,0.100357864,0.032986035
09/07/2019 11:00,0.068752089,0.022597719
09/07/2019 12:00,0.085092064,0.027968409
09/07/2019 13:00,0.095486689,0.031384957
09/07/2019 14:00,0.080230785,0.026370584
09/07/2019 15:00,0.057016254,0.018740336
09/07/2019 16:00,0.042877455,0.014093138
09/07/2019 17:00,0.019998378,0.006573149
09/07/2019 18:00,0.008774137,0.002883919
09/07/2019 19:00,0.006358696,0.002090002
09/07/2019 20:00,0.00115326,0.000379058
09/07/2019 21:00,0,0
09/07/2019 22:00,0,0
09/07/2019 23:00,0,0
09/08/2019 00:00,0.009708782,0.003191122
09/08/2019 01:00,0.029035302,0.009543442
09/08/2019 02:00,0.070922119,0.023310973
09/08/2019 03:00,0.115352297,0.037914466
09/08/2019 04:00,0.134496161,0.04420675
09/08/2019 05:00,0.116205678,0.038194959
09/08/2019 06:00,0.13240912,0.043520773
09/08/2019 07:00,0.16486735,0.054189277
09/08/2019 08:00,0.208036325,0.068378233
09/08/2019 09:00,0.231888745,0.076218145
09/08/2019 10:00,0.296272054,0.097379915
09/08/2019 11:00,0.307437907,0.101049953
09/08/2019 12:00,0.359792173,0.118257968
09/08/2019 13:00,0.391631344,0.128722998
09/08/2019 14:00,0.361954993,0.118968853
09/08/2019 15:00,0.384850463,0.12649423
09/08/2019 16:00,0.409832284,0.134705357
09/08/2019 17:00,0.478435361,0.157254098
09/08/2019 18:00,0.491842532,0.161660823
09/08/2019 19:00,0.528233358,0.173621908
09/08/2019 20:00,0.629957904,0.20705715
09/08/2019 21:00,0.695634621,0.228644043
09/08/2019 22:00,0.6117105,0.201059518
09/08/2019 23:00,0.569026884,0.187030092
09/09/2019 00:00,0.530820688,0.174472323
09/09/2019 01:00,0.613474035,0.201639164
09/09/2019 02:00,0.682110749,0.224198961
09/09/2019 03:00,0.651139901,0.214019336
09/09/2019 04:00,0.600403019,0.197342929
09/09/2019 05:00,0.614321846,0.201917826
09/09/2019 06:00,0.64990278,0.213612714
09/09/2019 07:00,0.688207522,0.226202873
09/09/2019 08:00,0.695104137,0.228469681
09/09/2019 09:00,0.720816591,0.236920956
09/09/2019 10:00,0.62026497,0.203871236
09/09/2019 11:00,0.597301256,0.196323429
09/09/2019 12:00,0.552717529,0.181669466
09/09/2019 13:00,0.526071093,0.172911206
09/09/2019 14:00,0.4825843,0.158617789
09/09/2019 15:00,0.399921228,0.131447751
09/09/2019 16:00,0.340489474,0.111913478
09/09/2019 17:00,0.264393037,0.086901789
09/09/2019 18:00,0.227531584,0.074786015
09/09/2019 19:00,0.211348769,0.069466981
09/09/2019 20:00,0.178862103,0.05878913
09/09/2019 21:00,0.108680776,0.035721644
09/09/2019 22:00,0.021035587,0.006914063
09/09/2019 23:00,0.01516116,0.004983232
09/10/2019 00:00,0.112664491,0.037031027
09/10/2019 01:00,0.238228477,0.078301914
09/10/2019 02:00,0.319339455,0.104961803
09/10/2019 03:00,0.327866978,0.107764664
09/10/2019 04:00,0.237221233,0.077970849
09/10/2019 05:00,0.143558202,0.047185299
09/10/2019 06:00,0.068503716,0.022516083
09/10/2019 07:00,0.03979855,0.013081151
09/10/2019 08:00,0.068962744,0.022666958
09/10/2019 09:00,0.065982649,0.021687448
09/10/2019 10:00,0.026558709,0.008729425
09/10/2019 11:00,0.040957054,0.013461933
09/10/2019 12:00,0.086694807,0.028495205
09/10/2019 13:00,0.139595445,0.045882804
09/10/2019 14:00,0.305240716,0.100327772
09/10/2019 15:00,0.474329153,0.155904453
09/10/2019 16:00,0.611975746,0.2011467
09/10/2019 17:00,0.742370767,0.244005471
09/10/2019 18:00,0.855005022,0.281026561
09/10/2019 19:00,0.896415804,0.294637626
09/10/2019 20:00,0.907442173,0.298261819
09/10/2019 21:00,0.908640644,0.298655737
09/10/2019 22:00,0.900445353,0.295962075
09/10/2019 23:00,0.905128759,0.297501436
09/11/2019 00:00,0.907662943,0.298334382
09/11/2019 01:00,0.905799253,0.297721817
09/11/2019 02:00,0.876808652,0.288193067
09/11/2019 03:00,0.802136546,0.263649533
09/11/2019 04:00,0.781802521,0.256966062
09/11/2019 05:00,0.869511615,0.285794647
09/11/2019 06:00,0.903715074,0.29703678
09/11/2019 07:00,0.878936489,0.288892453
09/11/2019 08:00,0.900796118,0.296077366
09/11/2019 09:00,0.895501112,0.294336982
09/11/2019 10:00,0.876303864,0.288027151
09/11/2019 11:00,0.879466207,0.289066563
09/11/2019 12:00,0.884766551,0.290808702
09/11/2019 13:00,0.903575411,0.296990875
09/11/2019 14:00,0.907229061,0.298191772
09/11/2019 15:00,0.899013247,0.295491365
09/11/2019 16:00,0.882470974,0.290054182
09/11/2019 17:00,0.870388203,0.286082768
09/11/2019 18:00,0.871521225,0.286455174
09/11/2019 19:00,0.884540104,0.290734273
09/11/2019 20:00,0.865768216,0.284564251
09/11/2019 21:00,0.855230585,0.281100699
09/11/2019 22:00,0.85005168,0.279398476
09/11/2019 23:00,0.853852179,0.280647639
09/12/2019 00:00,0.81223202,0.266967755
09/12/2019 01:00,0.837787514,0.275367439
09/12/2019 02:00,0.832454875,0.273614686
09/12/2019 03:00,0.803596154,0.264129283
09/12/2019 04:00,0.787074629,0.25869892
09/12/2019 05:00,0.716753539,0.235585496
09/12/2019 06:00,0.692710104,0.227682801
09/12/2019 07:00,0.66671975,0.219140184
09/12/2019 08:00,0.65718583,0.216006537
09/12/2019 09:00,0.659530929,0.216777333
09/12/2019 10:00,0.733734866,0.241166988
09/12/2019 11:00,0.767555146,0.252283176
09/12/2019 12:00,0.791373663,0.260111944
09/12/2019 13:00,0.833886952,0.274085387
09/12/2019 14:00,0.857095186,0.281713564
09/12/2019 15:00,0.837039745,0.27512166
09/12/2019 16:00,0.81436874,0.267670061
09/12/2019 17:00,0.775869389,0.255015936
09/12/2019 18:00,0.753742907,0.247743313
09/12/2019 19:00,0.744474621,0.244696975
09/12/2019 20:00,0.729229025,0.239685989
09/12/2019 21:00,0.806244046,0.264999603
09/12/2019 22:00,0.840719727,0.276331211
09/12/2019 23:00,0.849321765,0.279158564
9/13/2019 0:00,0.850776459,0.279636699
9/13/2019 1:00,0.848497406,0.278887611
9/13/2019 2:00,0.866636926,0.284849782
9/13/2019 3:00,0.877136097,0.288300693
9/13/2019 4:00,0.890323378,0.292635143
9/13/2019 5:00,0.903019282,0.296808085
9/13/2019 6:00,0.909168316,0.298829175
9/13/2019 7:00,0.90831293,0.298548023
9/13/2019 8:00,0.905280133,0.297551191
9/13/2019 9:00,0.896341398,0.29461317
9/13/2019 10:00,0.905042025,0.297472928
9/13/2019 11:00,0.896143839,0.294548236
9/13/2019 12:00,0.899832107,0.295760511
9/13/2019 13:00,0.896638215,0.294710729
9/13/2019 14:00,0.89318577,0.293575966
9/13/2019 15:00,0.876570265,0.288114713
9/13/2019 16:00,0.879585948,0.28910592
9/13/2019 17:00,0.851600572,0.279907572
9/13/2019 18:00,0.799482911,0.262777325
9/13/2019 19:00,0.80957285,0.266093728
9/13/2019 20:00,0.728927843,0.239586996
9/13/2019 21:00,0.745623728,0.245074668
9/13/2019 22:00,0.750865515,0.24679756
9/13/2019 23:00,0.744801208,0.244804319
9/14/2019 0:00,0.731998033,0.240596119
9/14/2019 1:00,0.732286575,0.240690958
9/14/2019 2:00,0.63293869,0.208036887
9/14/2019 3:00,0.626753267,0.206003837
9/14/2019 4:00,0.607631449,0.199718799
9/14/2019 5:00,0.608303206,0.199939595
9/14/2019 6:00,0.707538775,0.232556749
9/14/2019 7:00,0.814400839,0.267680611
9/14/2019 8:00,0.879701506,0.289143902
9/14/2019 9:00,0.909770068,0.299026961
9/14/2019 10:00,0.903964363,0.297118718
9/14/2019 11:00,0.908546562,0.298624814
9/14/2019 12:00,0.91,0.299102536
9/14/2019 13:00,0.91,0.299102536
9/14/2019 14:00,0.91,0.299102536
9/14/2019 15:00,0.91,0.299102536
9/14/2019 16:00,0.91,0.299102536
9/14/2019 17:00,0.91,0.299102536
9/14/2019 18:00,0.91,0.299102536
9/14/2019 19:00,0.91,0.299102536
9/14/2019 20:00,0.91,0.299102536
9/14/2019 21:00,0.91,0.299102536
9/14/2019 22:00,0.91,0.299102536
9/14/2019 23:00,0.91,0.299102536
9/15/2019 0:00,0.91,0.299102536
9/15/2019 1:00,0.91,0.299102536
9/15/2019 2:00,0.91,0.299102536
9/15/2019 3:00,0.91,0.299102536
9/15/2019 4:00,0.91,0.299102536
9/15/2019 5:00,0,0
9/15/2019 6:00,0.91,0.299102536
9/15/2019 7:00,0.91,0.299102536
9/15/2019 8:00,0.91,0.299102536
9/15/2019 9:00,0.91,0.299102536
9/15/2019 10:00,0.91,0.299102536
9/15/2019 11:00,0.91,0.299102536
9/15/2019 12:00,0.91,0.299102536
9/15/2019 13:00,0.91,0.299102536
9/15/2019 14:00,0.906566431,0.297973976
9/15/2019 15:00,0.896312487,0.294603668
9/15/2019 16:00,0.893395596,0.293644932
9/15/2019 17:00,0.88469912,0.290786538
9/15/2019 18:00,0.854435711,0.280839437
9/15/2019 19:00,0.839235974,0.275843525
9/15/2019 20:00,0.783241742,0.257439111
9/15/2019 21:00,0.769090307,0.252787759
9/15/2019 22:00,0.738609781,0.242769295
9/15/2019 23:00,0.689257028,0.22654783
9/16/2019 0:00,0.705334452,0.231832223
9/16/2019 1:00,0.771501076,0.253580141
9/16/2019 2:00,0.836577988,0.274969887
9/16/2019 3:00,0.855025795,0.281033388
9/16/2019 4:00,0.85858416,0.282202966
9/16/2019 5:00,0.855830889,0.28129801
9/16/2019 6:00,0.860815825,0.282936479
9/16/2019 7:00,0.852890882,0.280331676
9/16/2019 8:00,0.879846135,0.28919144
9/16/2019 9:00,0.877783529,0.288513494
9/16/2019 10:00,0.864692965,0.284210833
9/16/2019 11:00,0.86563342,0.284519946
9/16/2019 12:00,0.888661089,0.292088775
9/16/2019 13:00,0.89063415,0.292737289
9/16/2019 14:00,0.883202942,0.290294769
9/16/2019 15:00,0.879017733,0.288919157
9/16/2019 16:00,0.893588884,0.293708463
9/16/2019 17:00,0.892304853,0.293286422
9/16/2019 18:00,0.895995547,0.294499494
9/16/2019 19:00,0.901145291,0.296192134
9/16/2019 20:00,0.906792863,0.298048401
9/16/2019 21:00,0.91,0.299102536
9/16/2019 22:00,0.91,0.299102536
9/16/2019 23:00,0.91,0.299102536
9/17/2019 0:00,0.91,0.299102536
9/17/2019 1:00,0.91,0.299102536
9/17/2019 2:00,0.91,0.299102536
9/17/2019 3:00,0.91,0.299102536
9/17/2019 4:00,0.91,0.299102536
9/17/2019 5:00,0.905792253,0.297719516
9/17/2019 6:00,0.885328959,0.290993557
9/17/2019 7:00,0.866714857,0.284875397
9/17/2019 8:00,0.84774171,0.278639225
9/17/2019 9:00,0.810055653,0.266252417
9/17/2019 10:00,0.780380787,0.256498761
9/17/2019 11:00,0.673552225,0.22138591
9/17/2019 12:00,0.549274177,0.180537691
9/17/2019 13:00,0.514501124,0.169108341
9/17/2019 14:00,0.501999835,0.164999367
9/17/2019 15:00,0.433607154,0.142519779
9/17/2019 16:00,0.367266019,0.120714503
9/17/2019 17:00,0.314454101,0.103356065
9/17/2019 18:00,0.230406214,0.07573086
9/17/2019 19:00,0.15948905,0.052421516
9/17/2019 20:00,0.107767677,0.035421522
9/17/2019 21:00,0.065468497,0.021518454
9/17/2019 22:00,0.03547148,0.011658912
9/17/2019 23:00,0.005368218,0.001764448
9/18/2019 0:00,0,0
9/18/2019 1:00,0,0
9/18/2019 2:00,0,0
9/18/2019 3:00,0,0
9/18/2019 4:00,0,0
9/18/2019 5:00,0,0
9/18/2019 6:00,0,0
9/18/2019 7:00,0,0
9/18/2019 8:00,0.009315116,0.00306173
9/18/2019 9:00,0.017881229,0.005877276
9/18/2019 10:00,0.040436309,0.013290772
9/18/2019 11:00,0.0425713,0.01399251
9/18/2019 12:00,0.038402994,0.012622454
9/18/2019 13:00,0.040195341,0.01321157
9/18/2019 14:00,0.035097793,0.011536087
9/18/2019 15:00,0.030404133,0.009993355
9/18/2019 16:00,0.035385635,0.011630696
9/18/2019 17:00,0.047413592,0.015584094
9/18/2019 18:00,0.04159215,0.013670679
9/18/2019 19:00,0.069237124,0.022757142
9/18/2019 20:00,0.090493483,0.02974377
9/18/2019 21:00,0.131223445,0.043131061
9/18/2019 22:00,0.175927994,0.057824735
9/18/2019 23:00,0.222587422,0.073160948
9/19/2019 0:00,0.291103897,0.095681224
9/19/2019 1:00,0.298267614,0.098035824
9/19/2019 2:00,0.24212446,0.079582461
9/19/2019 3:00,0.21235819,0.069798762
9/19/2019 4:00,0.233250766,0.076665819
9/19/2019 5:00,0.285450132,0.093822921
9/19/2019 6:00,0.28325304,0.093100772
9/19/2019 7:00,0.367951072,0.120939669
9/19/2019 8:00,0.440369139,0.144742336
9/19/2019 9:00,0.512007209,0.168288631
9/19/2019 10:00,0.602994441,0.198194688
9/19/2019 11:00,0.534827645,0.175789346
9/19/2019 12:00,0.571313355,0.187781619
9/19/2019 13:00,0.609454584,0.200318035
9/19/2019 14:00,0.598232381,0.196629475
9/19/2019 15:00,0.582423586,0.191433375
9/19/2019 16:00,0.606885514,0.199473622
9/19/2019 17:00,0.639432404,0.210171267
9/19/2019 18:00,0.685599268,0.225345582
9/19/2019 19:00,0.627579123,0.206275283
9/19/2019 20:00,0.495899474,0.162994275
9/19/2019 21:00,0.426748165,0.140265339
9/19/2019 22:00,0.376187158,0.123646739
9/19/2019 23:00,0.363380965,0.119437547
9/20/2019 0:00,0.329466289,0.108290332
9/20/2019 1:00,0.270412862,0.08888041
9/20/2019 2:00,0.205309702,0.067482036
9/20/2019 3:00,0.14910463,0.049008322
9/20/2019 4:00,0.111090489,0.036513678
9/20/2019 5:00,0.078131339,0.025680529
9/20/2019 6:00,0.053524783,0.017592746
9/20/2019 7:00,0.049689041,0.016331998
9/20/2019 8:00,0.066982793,0.022016179
9/20/2019 9:00,0.092956507,0.030553326
9/20/2019 10:00,0.121975405,0.040091377
9/20/2019 11:00,0.154526625,0.050790446
9/20/2019 12:00,0.155981314,0.051268579
9/20/2019 13:00,0.139602176,0.045885016
9/20/2019 14:00,0.13624298,0.044780902
9/20/2019 15:00,0.130896968,0.043023753
9/20/2019 16:00,0.121552644,0.039952422
9/20/2019 17:00,0.124407067,0.040890625
9/20/2019 18:00,0.141375557,0.046467898
9/20/2019 19:00,0.16798961,0.055215515
9/20/2019 20:00,0.203781335,0.066979686
9/20/2019 21:00,0.228783059,0.075197355
9/20/2019 22:00,0.255492562,0.083976344
9/20/2019 23:00,0.410192743,0.134823835
9/21/2019 0:00,0.583161145,0.191675799
9/21/2019 1:00,0.680551984,0.22368662
9/21/2019 2:00,0.734562746,0.241439099
9/21/2019 3:00,0.769455093,0.252907659
9/21/2019 4:00,0.801287428,0.263370441
9/21/2019 5:00,0.810106064,0.266268987
9/21/2019 6:00,0.809677714,0.266128195
9/21/2019 7:00,0.812739959,0.267134706
9/21/2019 8:00,0.829399041,0.272610282
9/21/2019 9:00,0.854689859,0.280922971
9/21/2019 10:00,0.880869958,0.289527954
9/21/2019 11:00,0.896596095,0.294696885
9/21/2019 12:00,0.899823943,0.295757827
9/21/2019 13:00,0.900496204,0.295978789
9/21/2019 14:00,0.901779048,0.29640044
9/21/2019 15:00,0.903417167,0.296938863
9/21/2019 16:00,0.903513867,0.296970647
9/21/2019 17:00,0.905633457,0.297667322
9/21/2019 18:00,0.907226141,0.298190812
9/21/2019 19:00,0.906323983,0.297894287
9/21/2019 20:00,0.902924879,0.296777056
9/21/2019 21:00,0.895131143,0.294215379
9/21/2019 22:00,0.898802324,0.295422037
9/21/2019 23:00,0.899537735,0.295663756
9/22/2019 0:00,0.888277154,0.291962582
9/22/2019 1:00,0.86931744,0.285730825
9/22/2019 2:00,0.85287125,0.280325224
9/22/2019 3:00,0.835564501,0.27463677
9/22/2019 4:00,0.832738781,0.273708001
9/22/2019 5:00,0.833885196,0.274084809
9/22/2019 6:00,0.82648471,0.271652387
9/22/2019 7:00,0.816541103,0.268384082
9/22/2019 8:00,0.813521296,0.267391519
9/22/2019 9:00,0.807276562,0.265338974
9/22/2019 10:00,0.785307201,0.258117995
9/22/2019 11:00,0.78695703,0.258660267
9/22/2019 12:00,0.777008539,0.255390356
9/22/2019 13:00,0.78343027,0.257501077
9/22/2019 14:00,0.790871647,0.25994694
9/22/2019 15:00,0.793973081,0.260966332
9/22/2019 16:00,0.782429667,0.257172195
9/22/2019 17:00,0.762414247,0.250593445
9/22/2019 18:00,0.748346389,0.245969563
9/22/2019 19:00,0.731954912,0.240581945
9/22/2019 20:00,0.717436555,0.235809992
9/22/2019 21:00,0.711874693,0.233981897
9/22/2019 22:00,0.663611705,0.21811862
9/22/2019 23:00,0.701818067,0.230676443
9/23/2019 0:00,0.689621884,0.226667752
9/23/2019 1:00,0.699360006,0.229868518
9/23/2019 2:00,0.7325524,0.24077833
9/23/2019 3:00,0.753896705,0.247793864
9/23/2019 4:00,0.77138723,0.253542721
9/23/2019 5:00,0.748596741,0.24605185
9/23/2019 6:00,0.732846996,0.240875159
9/23/2019 7:00,0.742509896,0.244051201
9/23/2019 8:00,0.759648759,0.249684473
9/23/2019 9:00,0.753558384,0.247682663
9/23/2019 10:00,0.776902139,0.255355384
9/23/2019 11:00,0.788568323,0.259189874
9/23/2019 12:00,0.766195192,0.251836181
9/23/2019 13:00,0.748239601,0.245934464
9/23/2019 14:00,0.727184378,0.239013946
9/23/2019 15:00,0.727164025,0.239007257
9/23/2019 16:00,0.763410111,0.250920769
9/23/2019 17:00,0.795561694,0.261488484
9/23/2019 18:00,0.807766352,0.26549996
9/23/2019 19:00,0.808025729,0.265585214
9/23/2019 20:00,0.797760438,0.262211176
9/23/2019 21:00,0.766605666,0.251971097
9/23/2019 22:00,0.715184146,0.235069661
9/23/2019 23:00,0.674835069,0.221807561
9/24/2019 0:00,0.670684036,0.220443182
9/24/2019 1:00,0.660329185,0.217039707
9/24/2019 2:00,0.695717604,0.228671318
9/24/2019 3:00,0.758244495,0.249222913
9/24/2019 4:00,0.798863172,0.262573627
9/24/2019 5:00,0.829850598,0.272758701
9/24/2019 6:00,0.848050147,0.278740604
9/24/2019 7:00,0.857967603,0.282000314
9/24/2019 8:00,0.861993712,0.283323632
9/24/2019 9:00,0.864739919,0.284226266
9/24/2019 10:00,0.859544716,0.282518686
9/24/2019 11:00,0.836298597,0.274878056
9/24/2019 12:00,0.809870443,0.266191542
9/24/2019 13:00,0.761791843,0.25038887
9/24/2019 14:00,0.705594498,0.231917696
9/24/2019 15:00,0.715060687,0.235029082
9/24/2019 16:00,0.658935068,0.216581483
9/24/2019 17:00,0.601220628,0.197611664
9/24/2019 18:00,0.555579696,0.182610215
9/24/2019 19:00,0.597888019,0.196516289
9/24/2019 20:00,0.651228616,0.214048495
9/24/2019 21:00,0.688552449,0.226316245
9/24/2019 22:00,0.737441023,0.242385143
9/24/2019 23:00,0.788084765,0.259030936
9/25/2019 0:00,0.788181013,0.259062571
9/25/2019 1:00,0.775956107,0.255044439
9/25/2019 2:00,0.802779679,0.26386092
9/25/2019 3:00,0.809373267,0.266028128
9/25/2019 4:00,0.80788681,0.265539553
9/25/2019 5:00,0.8381373,0.275482408
9/25/2019 6:00,0.858139247,0.28205673
9/25/2019 7:00,0.868636112,0.285506883
9/25/2019 8:00,0.875159123,0.287650893
9/25/2019 9:00,0.882142912,0.289946354
9/25/2019 10:00,0.869390036,0.285754686
9/25/2019 11:00,0.852906648,0.280336858
9/25/2019 12:00,0.818838155,0.269139086
9/25/2019 13:00,0.808050945,0.265593502
9/25/2019 14:00,0.835674267,0.274672849
9/25/2019 15:00,0.850544674,0.279560515
9/25/2019 16:00,0.852151897,0.280088784
9/25/2019 17:00,0.863520552,0.28382548
9/25/2019 18:00,0.867409846,0.285103829
9/25/2019 19:00,0.875463993,0.287751099
9/25/2019 20:00,0.888057854,0.291890501
9/25/2019 21:00,0.898488894,0.295319018
9/25/2019 22:00,0.894739355,0.294086604
9/25/2019 23:00,0.899071333,0.295510457
9/26/2019 0:00,0.902128055,0.296515153
9/26/2019 1:00,0.905727387,0.297698196
9/26/2019 2:00,0.906171433,0.297844147
9/26/2019 3:00,0.905698749,0.297688783
9/26/2019 4:00,0.905738554,0.297701866
9/26/2019 5:00,0.907012166,0.298120482
9/26/2019 6:00,0.909449934,0.298921738
9/26/2019 7:00,0.91,0.299102536
9/26/2019 8:00,0.906079002,0.297813766
9/26/2019 9:00,0.874437592,0.287413738
9/26/2019 10:00,0.832279853,0.273557159
9/26/2019 11:00,0.860247556,0.282749698
9/26/2019 12:00,0.878186632,0.288645987
9/26/2019 13:00,0.84630446,0.278166824
9/26/2019 14:00,0.67776948,0.222772055
9/26/2019 15:00,0.355223211,0.116756223
9/26/2019 16:00,0.148839917,0.048921315
9/26/2019 17:00,0.072245538,0.02374596
9/26/2019 18:00,0.009193834,0.003021867
9/26/2019 19:00,0,0
9/26/2019 20:00,0,0
9/26/2019 21:00,0,0
9/26/2019 22:00,0.013747836,0.004518695
9/26/2019 23:00,0.017356232,0.005704718
9/27/2019 0:00,0.009216078,0.003029178
9/27/2019 1:00,0.007777148,0.002556225
9/27/2019 2:00,0.010606652,0.003486238
9/27/2019 3:00,0.018309669,0.006018097
9/27/2019 4:00,0.034810819,0.011441763
9/27/2019 5:00,0.040162741,0.013200854
9/27/2019 6:00,0.043720852,0.014370349
9/27/2019 7:00,0.050755028,0.016682371
9/27/2019 8:00,0.055891653,0.018370698
9/27/2019 9:00,0.050122266,0.016474392
9/27/2019 10:00,0.049960942,0.016421368
9/27/2019 11:00,0.062520456,0.02054948
9/27/2019 12:00,0.075577887,0.02484125
9/27/2019 13:00,0.059650831,0.01960628
9/27/2019 14:00,0.037238858,0.012239821
9/27/2019 15:00,0.032578475,0.010708027
9/27/2019 16:00,0.025990819,0.008542769
9/27/2019 17:00,0.020747582,0.0068194
9/27/2019 18:00,0.037162936,0.012214866
9/27/2019 19:00,0.037054115,0.012179099
9/27/2019 20:00,0.023654684,0.007774919
9/27/2019 21:00,0.016832988,0.005532736
9/27/2019 22:00,0.016356049,0.005375973
9/27/2019 23:00,0.032605707,0.010716978
9/28/2019 0:00,0.01628549,0.005352782
9/28/2019 1:00,0.007315851,0.002404604
9/28/2019 2:00,0.015853553,0.005210811
9/28/2019 3:00,0.040964808,0.013464481
9/28/2019 4:00,0.05602179,0.018413472
9/28/2019 5:00,0.072506272,0.023831659
9/28/2019 6:00,0.065041301,0.021378042
9/28/2019 7:00,0.052512477,0.017260017
9/28/2019 8:00,0.055035397,0.01808926
9/28/2019 9:00,0.076502237,0.025145069
9/28/2019 10:00,0.163115474,0.053613464
9/28/2019 11:00,0.132093431,0.043417011
9/28/2019 12:00,0.084561499,0.027794021
9/28/2019 13:00,0.043878579,0.014422191
9/28/2019 14:00,0.027932922,0.009181107
9/28/2019 15:00,0.01990229,0.006541566
9/28/2019 16:00,0.00841636,0.002766324
9/28/2019 17:00,0,0
9/28/2019 18:00,0.005527083,0.001816664
9/28/2019 19:00,0.030297252,0.009958225
9/28/2019 20:00,0.059808918,0.019658241
9/28/2019 21:00,0.048666419,0.015995879
9/28/2019 22:00,0.038114569,0.012527653
9/28/2019 23:00,0.017794531,0.005848779
9/29/2019 0:00,0.014762569,0.004852222
9/29/2019 1:00,0.014319101,0.004706461
9/29/2019 2:00,0.025964319,0.008534059
9/29/2019 3:00,0.05156666,0.016949142
9/29/2019 4:00,0.081590709,0.026817569
9/29/2019 5:00,0.128446195,0.042218223
9/29/2019 6:00,0.181982748,0.059814837
9/29/2019 7:00,0.258280042,0.084892544
9/29/2019 8:00,0.308948423,0.101546436
9/29/2019 9:00,0.260989909,0.085783235
9/29/2019 10:00,0.161364087,0.053037811
9/29/2019 11:00,0.11215015,0.036861972
9/29/2019 12:00,0.103333061,0.033963935
9/29/2019 13:00,0.133750445,0.043961645
9/29/2019 14:00,0.16452042,0.054075247
9/29/2019 15:00,0.203173468,0.06677989
9/29/2019 16:00,0.22496015,0.073940825
9/29/2019 17:00,0.246008661,0.080859137
9/29/2019 18:00,0.250760617,0.082421029
9/29/2019 19:00,0.243840111,0.080146369
9/29/2019 20:00,0.277656985,0.091261438
9/29/2019 21:00,0.357982302,0.117663092
9/29/2019 22:00,0.580647722,0.190849677
9/29/2019 23:00,0.652672014,0.214522917
9/30/2019 0:00,0.670201809,0.220284682
9/30/2019 1:00,0.645509851,0.212168828
9/30/2019 2:00,0.655203075,0.215354836
9/30/2019 3:00,0.650417334,0.213781839
9/30/2019 4:00,0.621861233,0.204395903
9/30/2019 5:00,0.598540401,0.196730716
9/30/2019 6:00,0.552100139,0.18146654
9/30/2019 7:00,0.508495786,0.167134483
9/30/2019 8:00,0.489810526,0.160992934
9/30/2019 9:00,0.463293512,0.152277213
9/30/2019 10:00,0.500149931,0.164391333
9/30/2019 11:00,0.406534342,0.133621376
9/30/2019 12:00,0.325408262,0.106956524
9/30/2019 13:00,0.292964113,0.096292647
9/30/2019 14:00,0.305608845,0.10044877
9/30/2019 15:00,0.347210276,0.114122499
9/30/2019 16:00,0.32240872,0.105970622
9/30/2019 17:00,0.278377957,0.09149841
9/30/2019 18:00,0.24570714,0.080760032
9/30/2019 19:00,0.19491441,0.064065268
9/30/2019 20:00,0.136453066,0.044849954
9/30/2019 21:00,0.125434804,0.041228426
9/30/2019 22:00,0.207879886,0.068326814
9/30/2019 23:00,0.257658401,0.084688221
10/01/2019 00:00,0.24471334,0.080433385
10/01/2019 01:00,0.236536497,0.077745787
10/01/2019 02:00,0.293911279,0.096603966
10/01/2019 03:00,0.363334707,0.119422343
10/01/2019 04:00,0.452342936,0.148677933
10/01/2019 05:00,0.497743962,0.163600529
10/01/2019 06:00,0.513210559,0.168684153
10/01/2019 07:00,0.522844446,0.171850659
10/01/2019 08:00,0.523856187,0.172183202
10/01/2019 09:00,0.535700721,0.176076312
10/01/2019 10:00,0.592611188,0.194781878
10/01/2019 11:00,0.591648594,0.194465489
10/01/2019 12:00,0.594958553,0.19555342
10/01/2019 13:00,0.587079304,0.192963636
10/01/2019 14:00,0.636574521,0.209231927
10/01/2019 15:00,0.689469342,0.226617614
10/01/2019 16:00,0.723048755,0.237654633
10/01/2019 17:00,0.732266071,0.240684218
10/01/2019 18:00,0.732384532,0.240723154
10/01/2019 19:00,0.760362029,0.249918913
10/01/2019 20:00,0.815543893,0.268056315
10/01/2019 21:00,0.837807456,0.275373994
10/01/2019 22:00,0.872535565,0.286788571
10/01/2019 23:00,0.900217491,0.29588718
10/02/2019 00:00,0.901184317,0.296204961
10/02/2019 01:00,0.907016801,0.298122005
10/02/2019 02:00,0.908248964,0.298526998
10/02/2019 03:00,0.909609957,0.298974335
10/02/2019 04:00,0.907221607,0.298189322
10/02/2019 05:00,0.892778906,0.293442236
10/02/2019 06:00,0.871913957,0.286584259
10/02/2019 07:00,0.842022159,0.2767593
10/02/2019 08:00,0.805152664,0.264640883
10/02/2019 09:00,0.774432572,0.254543677
10/02/2019 10:00,0.770760915,0.253336862
10/02/2019 11:00,0.730712295,0.240173517
10/02/2019 12:00,0.678236853,0.222925673
10/02/2019 13:00,0.698601636,0.229619254
10/02/2019 14:00,0.711368775,0.233815609
10/02/2019 15:00,0.662698539,0.217818476
10/02/2019 16:00,0.603254333,0.198280111
10/02/2019 17:00,0.549990997,0.180773299
10/02/2019 18:00,0.511189358,0.168019817
10/02/2019 19:00,0.472034776,0.155150328
10/02/2019 20:00,0.431487275,0.141823009
10/02/2019 21:00,0.404518219,0.132958709
10/02/2019 22:00,0.323630929,0.106372342
10/02/2019 23:00,0.23144048,0.076070807
10/03/2019 00:00,0.209019136,0.068701268
10/03/2019 01:00,0.175856675,0.057801294
10/03/2019 02:00,0.136429411,0.044842179
10/03/2019 03:00,0.12567327,0.041306806
10/03/2019 04:00,0.113520421,0.037312358
10/03/2019 05:00,0.094792904,0.031156921
10/03/2019 06:00,0.087585673,0.028788018
10/03/2019 07:00,0.095566164,0.031411079
10/03/2019 08:00,0.122602357,0.040297446
10/03/2019 09:00,0.142963832,0.046989939
10/03/2019 10:00,0.14223946,0.04675185
10/03/2019 11:00,0.184222869,0.060551129
10/03/2019 12:00,0.185226016,0.060880847
10/03/2019 13:00,0.182834138,0.060094675
10/03/2019 14:00,0.235032995,0.07725161
10/03/2019 15:00,0.340096296,0.111784247
10/03/2019 16:00,0.418104552,0.137424321
10/03/2019 17:00,0.502733083,0.165240374
10/03/2019 18:00,0.576645601,0.189534243
10/03/2019 19:00,0.575331324,0.189102261
10/03/2019 20:00,0.599149779,0.196931009
10/03/2019 21:00,0.602568143,0.198054571
10/03/2019 22:00,0.657665082,0.216164059
10/03/2019 23:00,0.683304486,0.224591324
10/04/2019 00:00,0.661070955,0.217283515
10/04/2019 01:00,0.639210694,0.210098395
10/04/2019 02:00,0.621059057,0.20413224
10/04/2019 03:00,0.587520319,0.19310859
10/04/2019 04:00,0.522332918,0.171682528
10/04/2019 05:00,0.438377401,0.144087684
10/04/2019 06:00,0.349749973,0.114957257
10/04/2019 07:00,0.357790056,0.117599905
10/04/2019 08:00,0.365985084,0.12029348
10/04/2019 09:00,0.350326318,0.115146692
10/04/2019 10:00,0.35191535,0.115668982
10/04/2019 11:00,0.225071304,0.07397736
10/04/2019 12:00,0.164450577,0.054052291
10/04/2019 13:00,0.163539332,0.053752779
10/04/2019 14:00,0.174183203,0.05725125
10/04/2019 15:00,0.129707822,0.042632899
10/04/2019 16:00,0.159343647,0.052373724
10/04/2019 17:00,0.197775365,0.065005619
10/04/2019 18:00,0.240431761,0.079026098
10/04/2019 19:00,0.272601408,0.08959975
10/04/2019 20:00,0.233185813,0.07664447
10/04/2019 21:00,0.195189131,0.064155565
10/04/2019 22:00,0.227798243,0.074873662
10/04/2019 23:00,0.217053855,0.071342152
10/05/2019 00:00,0.204169207,0.067107173
10/05/2019 01:00,0.260494769,0.08562049
10/05/2019 02:00,0.310953246,0.10220539
10/05/2019 03:00,0.371497766,0.122105411
10/05/2019 04:00,0.503537225,0.165504682
10/05/2019 05:00,0.615743926,0.202385241
10/05/2019 06:00,0.725932571,0.238602498
10/05/2019 07:00,0.79290151,0.260614123
10/05/2019 08:00,0.832042366,0.2734791
10/05/2019 09:00,0.856220459,0.281426056
10/05/2019 10:00,0.871748077,0.286529737
10/05/2019 11:00,0.888915597,0.292172427
10/05/2019 12:00,0.889235696,0.292277639
10/05/2019 13:00,0.902714509,0.296707911
10/05/2019 14:00,0.905571157,0.297646845
10/05/2019 15:00,0.907152782,0.2981667
10/05/2019 16:00,0.907593137,0.298311438
10/05/2019 17:00,0.908417774,0.298582483
10/05/2019 18:00,0.908701478,0.298675732
10/05/2019 19:00,0.909374876,0.298897067
10/05/2019 20:00,0.91,0.299102536
10/05/2019 21:00,0.91,0.299102536
10/05/2019 22:00,0.91,0.299102536
10/05/2019 23:00,0.908197669,0.298510138
10/06/2019 00:00,0.909385024,0.298900403
10/06/2019 01:00,0.906103115,0.297821692
10/06/2019 02:00,0.905708024,0.297691831
10/06/2019 03:00,0.905731094,0.297699414
10/06/2019 04:00,0.909341372,0.298886055
10/06/2019 05:00,0.906640928,0.297998462
10/06/2019 06:00,0.894718011,0.294079589
10/06/2019 07:00,0.888092981,0.291902047
10/06/2019 08:00,0.872656755,0.286828404
10/06/2019 09:00,0.871154929,0.286334778
10/06/2019 10:00,0.899802437,0.295750759
10/06/2019 11:00,0.90150577,0.296310617
10/06/2019 12:00,0.896005665,0.29450282
10/06/2019 13:00,0.906212216,0.297857551
10/06/2019 14:00,0.9053288,0.297567187
10/06/2019 15:00,0.892616838,0.293388967
10/06/2019 16:00,0.872567709,0.286799137
10/06/2019 17:00,0.844895725,0.277703795
10/06/2019 18:00,0.824931201,0.271141774
10/06/2019 19:00,0.829175961,0.272536959
10/06/2019 20:00,0.859078075,0.282365308
10/06/2019 21:00,0.876403168,0.288059791
10/06/2019 22:00,0.906562574,0.297972708
10/06/2019 23:00,0.909062305,0.29879433
10/07/2019 00:00,0.907722451,0.298353942
10/07/2019 01:00,0.909282325,0.298866647
10/07/2019 02:00,0.91,0.299102536
10/07/2019 03:00,0.91,0.299102536
10/07/2019 04:00,0.91,0.299102536
10/07/2019 05:00,0.91,0.299102536
10/07/2019 06:00,0.91,0.299102536
10/07/2019 07:00,0.91,0.299102536
10/07/2019 08:00,0.91,0.299102536
10/07/2019 09:00,0.91,0.299102536
10/07/2019 10:00,0.91,0.299102536
10/07/2019 11:00,0.91,0.299102536
10/07/2019 12:00,0.91,0.299102536
10/07/2019 13:00,0.91,0.299102536
10/07/2019 14:00,0.91,0.299102536
10/07/2019 15:00,0.877057857,0.288274977
10/07/2019 16:00,0.705881046,0.23201188
10/07/2019 17:00,0.509433308,0.167442631
10/07/2019 18:00,0.456231868,0.149956163
10/07/2019 19:00,0.535307531,0.175947077
10/07/2019 20:00,0.711227546,0.23376919
10/07/2019 21:00,0.789022205,0.259339057
10/07/2019 22:00,0.779286893,0.256139215
10/07/2019 23:00,0.74659915,0.245395273
10/08/2019 00:00,0.722590412,0.237503983
10/08/2019 01:00,0.68740351,0.225938608
10/08/2019 02:00,0.651383876,0.214099527
10/08/2019 03:00,0.637004908,0.209373388
10/08/2019 04:00,0.655535726,0.215464174
10/08/2019 05:00,0.674451032,0.221681334
10/08/2019 06:00,0.708171433,0.232764694
10/08/2019 07:00,0.723196676,0.237703252
10/08/2019 08:00,0.712161718,0.234076237
10/08/2019 09:00,0.719261108,0.236409694
10/08/2019 10:00,0.721095966,0.237012782
10/08/2019 11:00,0.762853467,0.250737809
10/08/2019 12:00,0.808429177,0.265717821
10/08/2019 13:00,0.835516239,0.274620907
10/08/2019 14:00,0.796083917,0.26166013
10/08/2019 15:00,0.652597987,0.214498585
10/08/2019 16:00,0.566494322,0.186197679
10/08/2019 17:00,0.493665801,0.162260102
10/08/2019 18:00,0.461389434,0.151651373
10/08/2019 19:00,0.455722922,0.149788881
10/08/2019 20:00,0.505178474,0.166044135
10/08/2019 21:00,0.492184243,0.161773138
10/08/2019 22:00,0.535850882,0.176125668
10/08/2019 23:00,0.583001371,0.191623284
10/09/2019 00:00,0.615486073,0.202300489
10/09/2019 01:00,0.620858109,0.204066192
10/09/2019 02:00,0.666976216,0.219224481
10/09/2019 03:00,0.6682738,0.219650976
10/09/2019 04:00,0.665013455,0.218579352
10/09/2019 05:00,0.647470042,0.212813111
10/09/2019 06:00,0.712035708,0.234034819
10/09/2019 07:00,0.736231465,0.24198758
10/09/2019 08:00,0.752046329,0.247185675
10/09/2019 09:00,0.7769212,0.25536165
10/09/2019 10:00,0.767382466,0.252226419
10/09/2019 11:00,0.745084121,0.244897308
10/09/2019 12:00,0.803816352,0.264201658
10/09/2019 13:00,0.800885012,0.263238173
10/09/2019 14:00,0.796811146,0.261899159
10/09/2019 15:00,0.79520566,0.261371461
10/09/2019 16:00,0.793098082,0.260678734
10/09/2019 17:00,0.79849609,0.262452973
10/09/2019 18:00,0.831909458,0.273435416
10/09/2019 19:00,0.845877956,0.278026639
10/09/2019 20:00,0.851294498,0.27980697
10/09/2019 21:00,0.850030988,0.279391675
10/09/2019 22:00,0.802122651,0.263644966
10/09/2019 23:00,0.820892312,0.269814255
10/10/2019 00:00,0.827789509,0.272081254
10/10/2019 01:00,0.851573256,0.279898594
10/10/2019 02:00,0.849426362,0.279192944
10/10/2019 03:00,0.836207104,0.274847984
10/10/2019 04:00,0.850881524,0.279671232
10/10/2019 05:00,0.884581521,0.290747886
10/10/2019 06:00,0.905699754,0.297689113
10/10/2019 07:00,0.904262126,0.297216588
10/10/2019 08:00,0.895780877,0.294428936
10/10/2019 09:00,0.862052653,0.283343005
10/10/2019 10:00,0.832851223,0.273744959
10/10/2019 11:00,0.816994908,0.26853324
10/10/2019 12:00,0.818471221,0.269018481
10/10/2019 13:00,0.777850355,0.255667048
10/10/2019 14:00,0.660516443,0.217101256
10/10/2019 15:00,0.483579823,0.158945002
10/10/2019 16:00,0.260888184,0.085749799
10/10/2019 17:00,0.107720508,0.035406019
10/10/2019 18:00,0.021653779,0.007117253
10/10/2019 19:00,0,0
10/10/2019 20:00,0,0
10/10/2019 21:00,0.026878595,0.008834567
10/10/2019 22:00,0.098398647,0.032342071
10/10/2019 23:00,0.13410271,0.044077429
10/11/2019 00:00,0.134587345,0.044236721
10/11/2019 01:00,0.076592343,0.025174686
10/11/2019 02:00,0.034947603,0.011486722
10/11/2019 03:00,0.02500115,0.008217481
10/11/2019 04:00,0.034178787,0.011234024
10/11/2019 05:00,0.079172929,0.026022883
10/11/2019 06:00,0.120531799,0.039616887
10/11/2019 07:00,0.13143807,0.043201604
10/11/2019 08:00,0.14102386,0.046352301
10/11/2019 09:00,0.192799346,0.063370081
10/11/2019 10:00,0.169012367,0.055551679
10/11/2019 11:00,0.139656589,0.045902901
10/11/2019 12:00,0.103191393,0.033917371
10/11/2019 13:00,0.0662138,0.021763424
10/11/2019 14:00,0.028640307,0.009413614
10/11/2019 15:00,0.004532394,0.001489726
10/11/2019 16:00,0,0
10/11/2019 17:00,0,0
10/11/2019 18:00,0.00786213,0.002584157
10/11/2019 19:00,0.036071468,0.011856118
10/11/2019 20:00,0.092760749,0.030488984
10/11/2019 21:00,0.191294803,0.062875561
10/11/2019 22:00,0.294787807,0.096892066
10/11/2019 23:00,0.30665155,0.10079149
10/12/2019 00:00,0.257013638,0.084476297
10/12/2019 01:00,0.179617137,0.059037298
10/12/2019 02:00,0.116072924,0.038151325
10/12/2019 03:00,0.057986553,0.019059258
10/12/2019 04:00,0.04112664,0.013517673
10/12/2019 05:00,0.042497074,0.013968113
10/12/2019 06:00,0.035599806,0.01170109
10/12/2019 07:00,0.026229532,0.00862123
10/12/2019 08:00,0.012764013,0.004195328
10/12/2019 09:00,0,0
10/12/2019 10:00,0.018795737,0.00617786
10/12/2019 11:00,0.036566967,0.012018981
10/12/2019 12:00,0.052960936,0.017407418
10/12/2019 13:00,0.040905731,0.013445064
10/12/2019 14:00,0.020470084,0.006728191
10/12/2019 15:00,0.003004289,0.000987462
10/12/2019 16:00,0,0
10/12/2019 17:00,0,0
10/12/2019 18:00,0,0
10/12/2019 19:00,0,0
10/12/2019 20:00,0,0
10/12/2019 21:00,0,0
10/12/2019 22:00,0,0
10/12/2019 23:00,0,0
10/13/2019 0:00,0,0
10/13/2019 1:00,0,0
10/13/2019 2:00,0.006528675,0.002145872
10/13/2019 3:00,0.017996365,0.005915119
10/13/2019 4:00,0.019087309,0.006273695
10/13/2019 5:00,0.016465583,0.005411975
10/13/2019 6:00,0.010053786,0.00330452
10/13/2019 7:00,0.000643901,0.00021164
10/13/2019 8:00,0,0
10/13/2019 9:00,0.000945198,0.000310672
10/13/2019 10:00,0,0
10/13/2019 11:00,0,0
10/13/2019 12:00,0.00510342,0.001677413
10/13/2019 13:00,0.002888575,0.000949429
10/13/2019 14:00,0.004581531,0.001505877
10/13/2019 15:00,0.009578536,0.003148312
10/13/2019 16:00,0.012343721,0.004057185
10/13/2019 17:00,0.014217976,0.004673223
10/13/2019 18:00,0.016851206,0.005538724
10/13/2019 19:00,0.010322099,0.00339271
10/13/2019 20:00,8.01E-05,2.63E-05
10/13/2019 21:00,0,0
10/13/2019 22:00,0,0
10/13/2019 23:00,0,0
10/14/2019 0:00,0,0
10/14/2019 1:00,0,0
10/14/2019 2:00,0,0
10/14/2019 3:00,0,0
10/14/2019 4:00,0,0
10/14/2019 5:00,0,0
10/14/2019 6:00,0,0
10/14/2019 7:00,0,0
10/14/2019 8:00,0,0
10/14/2019 9:00,0.008018944,0.002635699
10/14/2019 10:00,0.016455615,0.005408699
10/14/2019 11:00,0.030138928,0.009906187
10/14/2019 12:00,0.045242083,0.014870354
10/14/2019 13:00,0.056115897,0.018444403
10/14/2019 14:00,0.041031688,0.013486464
10/14/2019 15:00,0.026457818,0.008696264
10/14/2019 16:00,0.022058222,0.007250187
10/14/2019 17:00,0.008370002,0.002751087
10/14/2019 18:00,0.002053072,0.000674812
10/14/2019 19:00,0.006066413,0.001993933
10/14/2019 20:00,0.013633666,0.004481169
10/14/2019 21:00,0.011385657,0.003742285
10/14/2019 22:00,0.048303062,0.015876449
10/14/2019 23:00,0.055166401,0.018132319
10/15/2019 0:00,0.066263102,0.021779628
10/15/2019 1:00,0.070841918,0.023284613
10/15/2019 2:00,0.101485994,0.033356833
10/15/2019 3:00,0.113049707,0.037157642
10/15/2019 4:00,0.151220419,0.049703748
10/15/2019 5:00,0.266105752,0.087464731
10/15/2019 6:00,0.267326559,0.087865991
10/15/2019 7:00,0.294511323,0.096801191
10/15/2019 8:00,0.287384655,0.094458768
10/15/2019 9:00,0.275247994,0.090469641
10/15/2019 10:00,0.290334184,0.095428232
10/15/2019 11:00,0.393653603,0.129387682
10/15/2019 12:00,0.387215456,0.127271566
10/15/2019 13:00,0.296406771,0.097424194
10/15/2019 14:00,0.24196282,0.079529333
10/15/2019 15:00,0.236235653,0.077646904
10/15/2019 16:00,0.282541596,0.092866932
10/15/2019 17:00,0.298067007,0.097969888
10/15/2019 18:00,0.242084949,0.079569475
10/15/2019 19:00,0.250920673,0.082473637
10/15/2019 20:00,0.293816655,0.096572864
10/15/2019 21:00,0.276562693,0.090901761
10/15/2019 22:00,0.210507457,0.069190455
10/15/2019 23:00,0.180583892,0.059355055
10/16/2019 0:00,0.205753244,0.067627821
10/16/2019 1:00,0.166359024,0.054679567
10/16/2019 2:00,0.065254857,0.021448234
10/16/2019 3:00,0.009058961,0.002977536
10/16/2019 4:00,0.00530474,0.001743584
10/16/2019 5:00,0.012832345,0.004217788
10/16/2019 6:00,0.042543052,0.013983225
10/16/2019 7:00,0.051091403,0.016792932
10/16/2019 8:00,0.099695529,0.032768336
10/16/2019 9:00,0.301682229,0.099158153
10/16/2019 10:00,0.502846997,0.165277815
10/16/2019 11:00,0.636973919,0.209363203
10/16/2019 12:00,0.664357639,0.218363796
10/16/2019 13:00,0.522964119,0.171889994
10/16/2019 14:00,0.339744205,0.11166852
10/16/2019 15:00,0.154568766,0.050804297
10/16/2019 16:00,0.047082943,0.015475415
10/16/2019 17:00,0.082071372,0.026975556
10/16/2019 18:00,0.148898574,0.048940595
10/16/2019 19:00,0.138768655,0.045611051
10/16/2019 20:00,0.11191536,0.0367848
10/16/2019 21:00,0.095229323,0.031300365
10/16/2019 22:00,0.051891189,0.017055809
10/16/2019 23:00,0.057139385,0.018780808
10/17/2019 0:00,0.066605849,0.021892284
10/17/2019 1:00,0.058360842,0.019182281
10/17/2019 2:00,0.056106405,0.018441283
10/17/2019 3:00,0.04720193,0.015514524
10/17/2019 4:00,0.029991869,0.009857851
10/17/2019 5:00,0.011185738,0.003676574
10/17/2019 6:00,0.001802688,0.000592515
10/17/2019 7:00,0,0
10/17/2019 8:00,0,0
10/17/2019 9:00,0,0
10/17/2019 10:00,0.006329345,0.002080355
10/17/2019 11:00,0.019133537,0.006288889
10/17/2019 12:00,0.023313516,0.007662782
10/17/2019 13:00,0.020956113,0.006887941
10/17/2019 14:00,0.031813657,0.010456643
10/17/2019 15:00,0.048646358,0.015989285
10/17/2019 16:00,0.077866782,0.025593574
10/17/2019 17:00,0.093813404,0.030834975
10/17/2019 18:00,0.097928311,0.032187479
10/17/2019 19:00,0.110870837,0.036441482
10/17/2019 20:00,0.123860505,0.040710979
10/17/2019 21:00,0.102559494,0.033709676
10/17/2019 22:00,0.109411256,0.035961741
10/17/2019 23:00,0.115713996,0.038033351
10/18/2019 0:00,0.144026303,0.047339157
10/18/2019 1:00,0.190056984,0.06246871
10/18/2019 2:00,0.201817535,0.066334216
10/18/2019 3:00,0.194499702,0.06392896
10/18/2019 4:00,0.208541664,0.06854433
10/18/2019 5:00,0.227455398,0.074760974
10/18/2019 6:00,0.230972342,0.075916937
10/18/2019 7:00,0.225746861,0.074199405
10/18/2019 8:00,0.229569785,0.075455939
10/18/2019 9:00,0.215645789,0.070879343
10/18/2019 10:00,0.189401069,0.062253121
10/18/2019 11:00,0.177770986,0.058430497
10/18/2019 12:00,0.197176498,0.064808781
10/18/2019 13:00,0.277044247,0.09106004
10/18/2019 14:00,0.196212337,0.064491876
10/18/2019 15:00,0.234223393,0.076985506
10/18/2019 16:00,0.3904118,0.128322153
10/18/2019 17:00,0.514988239,0.169268448
10/18/2019 18:00,0.519479573,0.170744678
10/18/2019 19:00,0.499186034,0.164074515
10/18/2019 20:00,0.544316593,0.178908212
10/18/2019 21:00,0.595941617,0.195876537
10/18/2019 22:00,0.643868752,0.211629425
10/18/2019 23:00,0.626763822,0.206007306
10/19/2019 0:00,0.572708181,0.188240076
10/19/2019 1:00,0.544350262,0.178919279
10/19/2019 2:00,0.548350872,0.180234216
10/19/2019 3:00,0.52686974,0.173173709
10/19/2019 4:00,0.48656153,0.159925041
10/19/2019 5:00,0.448749081,0.14749669
10/19/2019 6:00,0.446950617,0.146905564
10/19/2019 7:00,0.414396063,0.136205399
10/19/2019 8:00,0.354641724,0.116565098
10/19/2019 9:00,0.359212585,0.118067467
10/19/2019 10:00,0.431653686,0.141877706
10/19/2019 11:00,0.49645818,0.163177913
10/19/2019 12:00,0.631551707,0.207581008
10/19/2019 13:00,0.702999162,0.231064651
10/19/2019 14:00,0.770731767,0.253327281
10/19/2019 15:00,0.844851332,0.277689204
10/19/2019 16:00,0.897957369,0.295144314
10/19/2019 17:00,0.907829853,0.298389243
10/19/2019 18:00,0.908529498,0.298619205
10/19/2019 19:00,0.905924795,0.29776308
10/19/2019 20:00,0.888315216,0.291975092
10/19/2019 21:00,0.870989844,0.286280518
10/19/2019 22:00,0.875764344,0.28784982
10/19/2019 23:00,0.87712734,0.288297815
10/20/2019 0:00,0.876741118,0.28817087
10/20/2019 1:00,0.870490366,0.286116347
10/20/2019 2:00,0.869151608,0.285676318
10/20/2019 3:00,0.87616232,0.287980628
10/20/2019 4:00,0.874301408,0.287368976
10/20/2019 5:00,0.865797654,0.284573927
10/20/2019 6:00,0.876913487,0.288227525
10/20/2019 7:00,0.865317033,0.284415955
10/20/2019 8:00,0.828953799,0.272463938
10/20/2019 9:00,0.778779567,0.255972465
10/20/2019 10:00,0.669122729,0.219930005
10/20/2019 11:00,0.602308174,0.197969123
10/20/2019 12:00,0.55039788,0.180907035
10/20/2019 13:00,0.507051334,0.166659714
10/20/2019 14:00,0.466489539,0.153327697
10/20/2019 15:00,0.415342653,0.136516528
10/20/2019 16:00,0.382031672,0.125567738
10/20/2019 17:00,0.280684945,0.09225668
10/20/2019 18:00,0.213462628,0.070161773
10/20/2019 19:00,0.187422669,0.061602852
10/20/2019 20:00,0.122742512,0.040343513
10/20/2019 21:00,0.068062532,0.022371072
10/20/2019 22:00,0.046778668,0.015375405
10/20/2019 23:00,0.032371869,0.010640119
10/21/2019 0:00,0.00709827,0.002333088
10/21/2019 1:00,0.009482449,0.00311673
10/21/2019 2:00,0.026960684,0.008861548
10/21/2019 3:00,0.015813575,0.005197671
10/21/2019 4:00,0.011459926,0.003766695
10/21/2019 5:00,0.025589738,0.00841094
10/21/2019 6:00,0.050437403,0.016577973
10/21/2019 7:00,0.096956365,0.031868016
10/21/2019 8:00,0.161574527,0.053106979
10/21/2019 9:00,0.251563005,0.082684761
10/21/2019 10:00,0.324113402,0.106530923
10/21/2019 11:00,0.438614432,0.144165592
10/21/2019 12:00,0.52964269,0.174085134
10/21/2019 13:00,0.596949331,0.196207757
10/21/2019 14:00,0.648594568,0.213182725
10/21/2019 15:00,0.782639988,0.257241324
10/21/2019 16:00,0.822877107,0.270466626
10/21/2019 17:00,0.843050885,0.277097426
10/21/2019 18:00,0.820131046,0.269564039
10/21/2019 19:00,0.836934877,0.275087191
10/21/2019 20:00,0.866673351,0.284861755
10/21/2019 21:00,0.894284778,0.293937192
10/21/2019 22:00,0.90283303,0.296746867
10/21/2019 23:00,0.90517269,0.297515876
10/22/2019 0:00,0.905995416,0.297786292
10/22/2019 1:00,0.908844406,0.29872271
10/22/2019 2:00,0.897092315,0.294859985
10/22/2019 3:00,0.904054146,0.297148228
10/22/2019 4:00,0.906137832,0.297833102
10/22/2019 5:00,0.908940565,0.298754316
10/22/2019 6:00,0.906625464,0.29799338
10/22/2019 7:00,0.90842559,0.298585052
10/22/2019 8:00,0.907393701,0.298245887
10/22/2019 9:00,0.904464494,0.297283103
10/22/2019 10:00,0.893028994,0.293524436
10/22/2019 11:00,0.886409763,0.2913488
10/22/2019 12:00,0.87479116,0.28752995
10/22/2019 13:00,0.867797074,0.285231105
10/22/2019 14:00,0.865216724,0.284382985
10/22/2019 15:00,0.854597004,0.280892452
10/22/2019 16:00,0.791324673,0.260095842
10/22/2019 17:00,0.714715721,0.234915697
10/22/2019 18:00,0.736659795,0.242128365
10/22/2019 19:00,0.773491686,0.254234423
10/22/2019 20:00,0.785372941,0.258139602
10/22/2019 21:00,0.8037276,0.264172487
10/22/2019 22:00,0.749081083,0.246211045
10/22/2019 23:00,0.796713391,0.261867028
10/23/2019 0:00,0.800994979,0.263274318
10/23/2019 1:00,0.836332429,0.274889176
10/23/2019 2:00,0.837474597,0.275264588
10/23/2019 3:00,0.809679405,0.266128751
10/23/2019 4:00,0.761621878,0.250333005
10/23/2019 5:00,0.675066873,0.221883751
10/23/2019 6:00,0.519326979,0.170694523
10/23/2019 7:00,0.539079721,0.177186936
10/23/2019 8:00,0.608561973,0.200024648
10/23/2019 9:00,0.661496982,0.217423544
10/23/2019 10:00,0.632540107,0.207905879
10/23/2019 11:00,0.69491123,0.228406276
10/23/2019 12:00,0.74879931,0.246118431
10/23/2019 13:00,0.815447791,0.268024728
10/23/2019 14:00,0.82674558,0.271738131
10/23/2019 15:00,0.811962104,0.266879038
10/23/2019 16:00,0.800534389,0.263122929
10/23/2019 17:00,0.818596614,0.269059696
10/23/2019 18:00,0.85055312,0.279563291
10/23/2019 19:00,0.86991867,0.28592844
10/23/2019 20:00,0.88659094,0.29140835
10/23/2019 21:00,0.886584125,0.29140611
10/23/2019 22:00,0.881973541,0.289890684
10/23/2019 23:00,0.895154276,0.294222982
10/24/2019 0:00,0.855813803,0.281292394
10/24/2019 1:00,0.81141637,0.266699664
10/24/2019 2:00,0.772991784,0.254070113
10/24/2019 3:00,0.688945372,0.226445393
10/24/2019 4:00,0.576971167,0.189641252
10/24/2019 5:00,0.613131544,0.201526593
10/24/2019 6:00,0.770593689,0.253281897
10/24/2019 7:00,0.757009061,0.248816846
10/24/2019 8:00,0.755613245,0.248358063
10/24/2019 9:00,0.701874306,0.230694928
10/24/2019 10:00,0.78142046,0.256840485
10/24/2019 11:00,0.776825106,0.255330065
10/24/2019 12:00,0.809445509,0.266051873
10/24/2019 13:00,0.880814993,0.289509888
10/24/2019 14:00,0.896560466,0.294685174
10/24/2019 15:00,0.887243556,0.291622854
10/24/2019 16:00,0.849102054,0.279086349
10/24/2019 17:00,0.830630551,0.27301506
10/24/2019 18:00,0.85141462,0.279846452
10/24/2019 19:00,0.86628309,0.284733482
10/24/2019 20:00,0.875502399,0.287763723
10/24/2019 21:00,0.872474411,0.286768471
10/24/2019 22:00,0.892235457,0.293263613
10/24/2019 23:00,0.90136834,0.296265446
10/25/2019 0:00,0.902970423,0.296792026
10/25/2019 1:00,0.907122427,0.298156723
10/25/2019 2:00,0.908690638,0.298672169
10/25/2019 3:00,0.91,0.299102536
10/25/2019 4:00,0.91,0.299102536
10/25/2019 5:00,0.91,0.299102536
10/25/2019 6:00,0.91,0.299102536
10/25/2019 7:00,0.91,0.299102536
10/25/2019 8:00,0.91,0.299102536
10/25/2019 9:00,0.91,0.299102536
10/25/2019 10:00,0.91,0.299102536
10/25/2019 11:00,0.91,0.299102536
10/25/2019 12:00,0.91,0.299102536
10/25/2019 13:00,0.91,0.299102536
10/25/2019 14:00,0.91,0.299102536
10/25/2019 15:00,0.91,0.299102536
10/25/2019 16:00,0.91,0.299102536
10/25/2019 17:00,0.91,0.299102536
10/25/2019 18:00,0.91,0.299102536
10/25/2019 19:00,0.91,0.299102536
10/25/2019 20:00,0.91,0.299102536
10/25/2019 21:00,0.91,0.299102536
10/25/2019 22:00,0.91,0.299102536
10/25/2019 23:00,0.91,0.299102536
10/26/2019 0:00,0.91,0.299102536
10/26/2019 1:00,0.91,0.299102536
10/26/2019 2:00,0.91,0.299102536
10/26/2019 3:00,0.91,0.299102536
10/26/2019 4:00,0.908831904,0.298718601
10/26/2019 5:00,0.900882478,0.296105751
10/26/2019 6:00,0.885109878,0.290921548
10/26/2019 7:00,0.865988502,0.284636656
10/26/2019 8:00,0.836895786,0.275074342
10/26/2019 9:00,0.81362743,0.267426404
10/26/2019 10:00,0.736243376,0.241991495
10/26/2019 11:00,0.736306504,0.242012244
10/26/2019 12:00,0.736648824,0.24212476
10/26/2019 13:00,0.731223398,0.240341508
10/26/2019 14:00,0.719273731,0.236413843
10/26/2019 15:00,0.716619513,0.235541443
10/26/2019 16:00,0.695633933,0.228643817
10/26/2019 17:00,0.672780299,0.22113219
10/26/2019 18:00,0.677136343,0.222563953
10/26/2019 19:00,0.665789081,0.218834288
10/26/2019 20:00,0.727218665,0.239025216
10/26/2019 21:00,0.724031636,0.23797769
10/26/2019 22:00,0.710264489,0.233452648
10/26/2019 23:00,0.775334978,0.254840283
10/27/2019 0:00,0.776176043,0.255116728
10/27/2019 1:00,0.802799791,0.263867531
10/27/2019 2:00,0.8025288,0.26377846
10/27/2019 3:00,0.828186641,0.272211785
10/27/2019 4:00,0.8524711,0.280193701
10/27/2019 5:00,0.851336712,0.279820845
10/27/2019 6:00,0.855305372,0.281125281
10/27/2019 7:00,0.861889003,0.283289216
10/27/2019 8:00,0.8646458,0.284195331
10/27/2019 9:00,0.865200932,0.284377794
10/27/2019 10:00,0.908284411,0.298538649
10/27/2019 11:00,0.909295724,0.298871052
10/27/2019 12:00,0.888410846,0.292006524
10/27/2019 13:00,0.840918676,0.276396603
10/27/2019 14:00,0.783392875,0.257488786
10/27/2019 15:00,0.762452109,0.250605889
10/27/2019 16:00,0.732126823,0.24063845
10/27/2019 17:00,0.720215114,0.23672326
10/27/2019 18:00,0.718233473,0.236071926
10/27/2019 19:00,0.701175262,0.230465164
10/27/2019 20:00,0.666159441,0.21895602
10/27/2019 21:00,0.598250146,0.196635314
10/27/2019 22:00,0.622488769,0.204602164
10/27/2019 23:00,0.661389297,0.217388149
10/28/2019 0:00,0.640625417,0.210563392
10/28/2019 1:00,0.660624698,0.217136838
10/28/2019 2:00,0.71723489,0.235743708
10/28/2019 3:00,0.72185714,0.237262968
10/28/2019 4:00,0.702015476,0.230741328
10/28/2019 5:00,0.681016819,0.223839404
10/28/2019 6:00,0.610356993,0.200614642
10/28/2019 7:00,0.548450109,0.180266833
10/28/2019 8:00,0.50883924,0.16724737
10/28/2019 9:00,0.486648083,0.15995349
10/28/2019 10:00,0.545952441,0.179445889
10/28/2019 11:00,0.459246351,0.150946976
10/28/2019 12:00,0.398279145,0.130908024
10/28/2019 13:00,0.38146035,0.125379954
10/28/2019 14:00,0.379430681,0.124712834
10/28/2019 15:00,0.375602306,0.123454508
10/28/2019 16:00,0.381168767,0.125284115
10/28/2019 17:00,0.393670343,0.129393184
10/28/2019 18:00,0.391571439,0.128703308
10/28/2019 19:00,0.42115283,0.138426241
10/28/2019 20:00,0.408260993,0.134188899
10/28/2019 21:00,0.353461148,0.116177061
10/28/2019 22:00,0.262484569,0.086274506
10/28/2019 23:00,0.198357823,0.065197064
10/29/2019 0:00,0.142312313,0.046775795
10/29/2019 1:00,0.131827989,0.043329764
10/29/2019 2:00,0.135510568,0.04454017
10/29/2019 3:00,0.13579696,0.044634302
10/29/2019 4:00,0.119050972,0.039130162
10/29/2019 5:00,0.096782638,0.031810915
10/29/2019 6:00,0.080737291,0.026537064
10/29/2019 7:00,0.063342504,0.020819674
10/29/2019 8:00,0.04942467,0.016245103
10/29/2019 9:00,0.041567087,0.013662441
10/29/2019 10:00,0.019307114,0.006345942
10/29/2019 11:00,0.00255925,0.000841185
10/29/2019 12:00,0,0
10/29/2019 13:00,0,0
10/29/2019 14:00,0,0
10/29/2019 15:00,0,0
10/29/2019 16:00,0,0
10/29/2019 17:00,0,0
10/29/2019 18:00,0,0
10/29/2019 19:00,0,0
10/29/2019 20:00,0,0
10/29/2019 21:00,0,0
10/29/2019 22:00,0,0
10/29/2019 23:00,0,0
10/30/2019 0:00,0,0
10/30/2019 1:00,0,0
10/30/2019 2:00,0,0
10/30/2019 3:00,0,0
10/30/2019 4:00,0,0
10/30/2019 5:00,0,0
10/30/2019 6:00,0,0
10/30/2019 7:00,0,0
10/30/2019 8:00,0,0
10/30/2019 9:00,0,0
10/30/2019 10:00,0,0
10/30/2019 11:00,0,0
10/30/2019 12:00,0,0
10/30/2019 13:00,0,0
10/30/2019 14:00,0,0
10/30/2019 15:00,0,0
10/30/2019 16:00,0.001840678,0.000605002
10/30/2019 17:00,0.004476231,0.001471266
10/30/2019 18:00,0.012172529,0.004000917
10/30/2019 19:00,0.025801211,0.008480448
10/30/2019 20:00,0.039396283,0.012948932
10/30/2019 21:00,0.046960324,0.015435112
10/30/2019 22:00,0.071499001,0.023500585
10/30/2019 23:00,0.077200166,0.025374468
10/31/2019 0:00,0.078455229,0.025786987
10/31/2019 1:00,0.075039731,0.024664367
10/31/2019 2:00,0.075398706,0.024782356
10/31/2019 3:00,0.070708873,0.023240883
10/31/2019 4:00,0.064279501,0.02112765
10/31/2019 5:00,0.055776609,0.018332885
10/31/2019 6:00,0.044432856,0.014604373
10/31/2019 7:00,0.043507847,0.014300338
10/31/2019 8:00,0.066270666,0.021782114
10/31/2019 9:00,0.098548451,0.032391309
10/31/2019 10:00,0.125989825,0.041410853
10/31/2019 11:00,0.156836001,0.051549501
10/31/2019 12:00,0.198345624,0.065193054
10/31/2019 13:00,0.270155892,0.088795948
10/31/2019 14:00,0.273058653,0.089750039
10/31/2019 15:00,0.292850538,0.096255317
10/31/2019 16:00,0.329630234,0.108344218
10/31/2019 17:00,0.374224892,0.123001774
10/31/2019 18:00,0.411155294,0.13514021
10/31/2019 19:00,0.444373266,0.146058429
10/31/2019 20:00,0.447342461,0.147034356
10/31/2019 21:00,0.421190723,0.138438696
10/31/2019 22:00,0.385917744,0.126845028
10/31/2019 23:00,0.3150859,0.103563727
11/01/2019 00:00,0.372372601,0.122392955
11/01/2019 01:00,0.357501605,0.117505095
11/01/2019 02:00,0.276573255,0.090905233
11/01/2019 03:00,0.199621884,0.06561254
11/01/2019 04:00,0.183384002,0.060275407
11/01/2019 05:00,0.196098205,0.064454363
11/01/2019 06:00,0.22840326,0.075072521
11/01/2019 07:00,0.262346223,0.086229033
11/01/2019 08:00,0.278748101,0.09162007
11/01/2019 09:00,0.303938938,0.099899898
11/01/2019 10:00,0.38498608,0.126538805
11/01/2019 11:00,0.493437571,0.162185087
11/01/2019 12:00,0.540502768,0.177654669
11/01/2019 13:00,0.588963689,0.193583003
11/01/2019 14:00,0.631833043,0.207673478
11/01/2019 15:00,0.658489199,0.216434933
11/01/2019 16:00,0.716236218,0.23541546
11/01/2019 17:00,0.731235257,0.240345406
11/01/2019 18:00,0.756151566,0.248535001
11/01/2019 19:00,0.795843951,0.261581257
11/01/2019 20:00,0.806489155,0.265080166
11/01/2019 21:00,0.838405288,0.275570492
11/01/2019 22:00,0.852952404,0.280351898
11/01/2019 23:00,0.881921888,0.289873707
11/02/2019 00:00,0.885648814,0.291098688
11/02/2019 01:00,0.884626326,0.290762612
11/02/2019 02:00,0.891171186,0.292913804
11/02/2019 03:00,0.905392934,0.297588266
11/02/2019 04:00,0.91,0.299102536
11/02/2019 05:00,0.91,0.299102536
11/02/2019 06:00,0.91,0.299102536
11/02/2019 07:00,0.91,0.299102536
11/02/2019 08:00,0.91,0.299102536
11/02/2019 09:00,0.91,0.299102536
11/02/2019 10:00,0.91,0.299102536
11/02/2019 11:00,0.91,0.299102536
11/02/2019 12:00,0.91,0.299102536
11/02/2019 13:00,0.91,0.299102536
11/02/2019 14:00,0.91,0.299102536
11/02/2019 15:00,0.91,0.299102536
11/02/2019 16:00,0.91,0.299102536
11/02/2019 17:00,0.91,0.299102536
11/02/2019 18:00,0.91,0.299102536
11/02/2019 19:00,0.91,0.299102536
11/02/2019 20:00,0.91,0.299102536
11/02/2019 21:00,0.91,0.299102536
11/02/2019 22:00,0.885331885,0.290994518
11/02/2019 23:00,0.883042773,0.290242124
11/03/2019 00:00,0.865506383,0.284478191
11/03/2019 01:00,0.872747666,0.286858286
11/03/2019 02:00,0.865411268,0.284446928
11/03/2019 03:00,0.855916861,0.281326268
11/03/2019 04:00,0.846535211,0.278242668
11/03/2019 05:00,0.82656337,0.271678241
11/03/2019 06:00,0.816661975,0.268423811
11/03/2019 07:00,0.801353432,0.263392136
11/03/2019 08:00,0.791639228,0.260199231
11/03/2019 09:00,0.800960514,0.26326299
11/03/2019 10:00,0.804068024,0.264284379
11/03/2019 11:00,0.835008192,0.27445392
11/03/2019 12:00,0.828509372,0.272317862
11/03/2019 13:00,0.798155651,0.262341076
11/03/2019 14:00,0.777522096,0.255559154
11/03/2019 15:00,0.784571736,0.257876259
11/03/2019 16:00,0.808768916,0.265829488
11/03/2019 17:00,0.829391417,0.272607776
11/03/2019 18:00,0.824944835,0.271146255
11/03/2019 19:00,0.828641364,0.272361245
11/03/2019 20:00,0.836648018,0.274992905
11/03/2019 21:00,0.860720589,0.282905177
11/03/2019 22:00,0.834892635,0.274415939
11/03/2019 23:00,0.853710881,0.280601197
11/04/2019 00:00,0.852884182,0.280329474
11/04/2019 01:00,0.852595585,0.280234617
11/04/2019 02:00,0.807603948,0.265446581
11/04/2019 03:00,0.74211471,0.243921309
11/04/2019 04:00,0.689265763,0.226550701
11/04/2019 05:00,0.697942423,0.229402581
11/04/2019 06:00,0.718061058,0.236015256
11/04/2019 07:00,0.720250672,0.236734948
11/04/2019 08:00,0.737455027,0.242389746
11/04/2019 09:00,0.78241062,0.257165935
11/04/2019 10:00,0.813097911,0.267252359
11/04/2019 11:00,0.795963363,0.261620506
11/04/2019 12:00,0.733982052,0.241248234
11/04/2019 13:00,0.710423712,0.233504982
11/04/2019 14:00,0.712003845,0.234024347
11/04/2019 15:00,0.69968025,0.229973777
11/04/2019 16:00,0.708170541,0.232764401
11/04/2019 17:00,0.724703315,0.238198461
11/04/2019 18:00,0.721462314,0.237133195
11/04/2019 19:00,0.676951234,0.222503111
11/04/2019 20:00,0.63599622,0.209041849
11/04/2019 21:00,0.618483585,0.203285724
11/04/2019 22:00,0.632879631,0.208017475
11/04/2019 23:00,0.628985297,0.20673747
11/05/2019 00:00,0.633143343,0.208104153
11/05/2019 01:00,0.611747206,0.201071583
11/05/2019 02:00,0.602922102,0.198170912
11/05/2019 03:00,0.590211499,0.193993138
11/05/2019 04:00,0.573494917,0.188498664
11/05/2019 05:00,0.56022383,0.184136668
11/05/2019 06:00,0.517238077,0.170007935
11/05/2019 07:00,0.498646607,0.163897214
11/05/2019 08:00,0.485175359,0.159469429
11/05/2019 09:00,0.407630486,0.133981662
11/05/2019 10:00,0.317625705,0.104398521
11/05/2019 11:00,0.26775097,0.088005488
11/05/2019 12:00,0.221607813,0.072838966
11/05/2019 13:00,0.20202087,0.066401049
11/05/2019 14:00,0.267207481,0.087826852
11/05/2019 15:00,0.373803066,0.122863126
11/05/2019 16:00,0.465960408,0.15315378
11/05/2019 17:00,0.47522539,0.156199032
11/05/2019 18:00,0.412156883,0.135469416
11/05/2019 19:00,0.342235782,0.112487462
11/05/2019 20:00,0.318947047,0.104832825
11/05/2019 21:00,0.300662197,0.098822885
11/05/2019 22:00,0.143536238,0.04717808
11/05/2019 23:00,0.1033148,0.033957933
11/06/2019 00:00,0.090976774,0.02990262
11/06/2019 01:00,0.075695202,0.02487981
11/06/2019 02:00,0.062692469,0.020606018
11/06/2019 03:00,0.058737493,0.01930608
11/06/2019 04:00,0.057313125,0.018837913
11/06/2019 05:00,0.054837122,0.01802409
11/06/2019 06:00,0.050367312,0.016554935
11/06/2019 07:00,0.046234635,0.01519659
11/06/2019 08:00,0.041643456,0.013687542
11/06/2019 09:00,0.032136855,0.010562873
11/06/2019 10:00,0.00841713,0.002766577
11/06/2019 11:00,0,0
11/06/2019 12:00,0,0
11/06/2019 13:00,0,0
11/06/2019 14:00,0,0
11/06/2019 15:00,0.011333093,0.003725008
11/06/2019 16:00,0.027311563,0.008976877
11/06/2019 17:00,0.045317214,0.014895048
11/06/2019 18:00,0.062639272,0.020588533
11/06/2019 19:00,0.074854636,0.024603529
11/06/2019 20:00,0.080750472,0.026541397
11/06/2019 21:00,0.075737478,0.024893705
11/06/2019 22:00,0.120076397,0.039467203
11/06/2019 23:00,0.124814763,0.041024629
11/07/2019 00:00,0.125774076,0.04133994
11/07/2019 01:00,0.133913935,0.044015382
11/07/2019 02:00,0.16460286,0.054102344
11/07/2019 03:00,0.196982782,0.064745109
11/07/2019 04:00,0.218825556,0.071924482
11/07/2019 05:00,0.251600276,0.082697012
11/07/2019 06:00,0.316658893,0.104080745
11/07/2019 07:00,0.389500099,0.128022492
11/07/2019 08:00,0.48306852,0.158776944
11/07/2019 09:00,0.570341275,0.187462112
11/07/2019 10:00,0.666627774,0.219109953
11/07/2019 11:00,0.641909014,0.21098529
11/07/2019 12:00,0.6751554,0.221912848
11/07/2019 13:00,0.742570056,0.244070974
11/07/2019 14:00,0.760992283,0.250126068
11/07/2019 15:00,0.712995835,0.234350398
11/07/2019 16:00,0.661621107,0.217464342
11/07/2019 17:00,0.644490943,0.211833929
11/07/2019 18:00,0.639817585,0.21029787
11/07/2019 19:00,0.62340421,0.204903055
11/07/2019 20:00,0.579998448,0.190636271
11/07/2019 21:00,0.524356866,0.172347767
11/07/2019 22:00,0.485567181,0.159598214
11/07/2019 23:00,0.489172207,0.160783129
11/08/2019 00:00,0.446497124,0.146756508
11/08/2019 01:00,0.3837167,0.12612158
11/08/2019 02:00,0.355534178,0.116858433
11/08/2019 03:00,0.328026517,0.107817102
11/08/2019 04:00,0.307274677,0.100996302
11/08/2019 05:00,0.265672573,0.087322352
11/08/2019 06:00,0.214661167,0.070555714
11/08/2019 07:00,0.168642795,0.055430206
11/08/2019 08:00,0.129726548,0.042639054
11/08/2019 09:00,0.100154025,0.032919036
11/08/2019 10:00,0.097344296,0.031995523
11/08/2019 11:00,0.067582946,0.02221344
11/08/2019 12:00,0.035003794,0.011505191
11/08/2019 13:00,0.02616678,0.008600605
11/08/2019 14:00,0.027554943,0.009056872
11/08/2019 15:00,0.027234029,0.008951393
11/08/2019 16:00,0.018628372,0.00612285
11/08/2019 17:00,0.01495114,0.004914202
11/08/2019 18:00,0.007403332,0.002433358
11/08/2019 19:00,0.003364079,0.001105719
11/08/2019 20:00,0.009903525,0.003255131
11/08/2019 21:00,0.027189704,0.008936824
11/08/2019 22:00,0.037790394,0.012421102
11/08/2019 23:00,0.058349445,0.019178535
11/09/2019 00:00,0.077806554,0.025573778
11/09/2019 01:00,0.082209179,0.02702085
11/09/2019 02:00,0.090339071,0.029693017
11/09/2019 03:00,0.126824501,0.041685198
11/09/2019 04:00,0.163186987,0.053636969
11/09/2019 05:00,0.167064674,0.054911503
11/09/2019 06:00,0.163004727,0.053577063
11/09/2019 07:00,0.156332201,0.051383909
11/09/2019 08:00,0.155318087,0.051050586
11/09/2019 09:00,0.156215414,0.051345524
11/09/2019 10:00,0.218519372,0.071823844
11/09/2019 11:00,0.225114825,0.073991665
11/09/2019 12:00,0.221046283,0.0726544
11/09/2019 13:00,0.220588261,0.072503855
11/09/2019 14:00,0.195642552,0.064304597
11/09/2019 15:00,0.167905448,0.055187852
11/09/2019 16:00,0.167949415,0.055202303
11/09/2019 17:00,0.178345517,0.058619337
11/09/2019 18:00,0.204212443,0.067121384
11/09/2019 19:00,0.228439326,0.075084375
11/09/2019 20:00,0.243753398,0.080117868
11/09/2019 21:00,0.274234808,0.090136622
11/09/2019 22:00,0.256956656,0.084457569
11/09/2019 23:00,0.229355214,0.075385413
11/10/2019 00:00,0.234831322,0.077185323
11/10/2019 01:00,0.256819508,0.08441249
11/10/2019 02:00,0.286873975,0.094290916
11/10/2019 03:00,0.296494857,0.097453147
11/10/2019 04:00,0.299332184,0.098385731
11/10/2019 05:00,0.287354566,0.094448878
11/10/2019 06:00,0.269665777,0.088634855
11/10/2019 07:00,0.220292695,0.072406707
11/10/2019 08:00,0.155412121,0.051081494
11/10/2019 09:00,0.116171201,0.038183627
11/10/2019 10:00,0.117283215,0.038549129
11/10/2019 11:00,0.102760861,0.033775862
11/10/2019 12:00,0.063772412,0.020960978
11/10/2019 13:00,0.046350651,0.015234722
11/10/2019 14:00,0.045240113,0.014869706
11/10/2019 15:00,0.09832159,0.032316744
11/10/2019 16:00,0.18423949,0.060556592
11/10/2019 17:00,0.200662484,0.065954569
11/10/2019 18:00,0.301657672,0.099150082
11/10/2019 19:00,0.408410268,0.134237964
11/10/2019 20:00,0.487598706,0.160265944
11/10/2019 21:00,0.571954337,0.1879923
11/10/2019 22:00,0.543117311,0.178514027
11/10/2019 23:00,0.688449063,0.226282264
11/11/2019 00:00,0.784811222,0.257954974
11/11/2019 01:00,0.829935387,0.27278657
11/11/2019 02:00,0.839842743,0.27604296
11/11/2019 03:00,0.839825881,0.276037418
11/11/2019 04:00,0.843430125,0.277222076
11/11/2019 05:00,0.875123866,0.287639305
11/11/2019 06:00,0.904988804,0.297455435
11/11/2019 07:00,0.91,0.299102536
11/11/2019 08:00,0.91,0.299102536
11/11/2019 09:00,0.91,0.299102536
11/11/2019 10:00,0.91,0.299102536
11/11/2019 11:00,0.91,0.299102536
11/11/2019 12:00,0.91,0.299102536
11/11/2019 13:00,0.91,0.299102536
11/11/2019 14:00,0.908719126,0.298681533
11/11/2019 15:00,0.902639653,0.296683307
11/11/2019 16:00,0.891047065,0.292873007
11/11/2019 17:00,0.872189338,0.286674772
11/11/2019 18:00,0.856638745,0.281563539
11/11/2019 19:00,0.811577204,0.266752527
11/11/2019 20:00,0.749624586,0.246389686
11/11/2019 21:00,0.638003423,0.209701584
11/11/2019 22:00,0.707339507,0.232491253
11/11/2019 23:00,0.7562149,0.248555818
11/12/2019 00:00,0.835307614,0.274552336
11/12/2019 01:00,0.880506045,0.289408341
11/12/2019 02:00,0.900336338,0.295926243
11/12/2019 03:00,0.896636256,0.294710086
11/12/2019 04:00,0.888330923,0.291980255
11/12/2019 05:00,0.870624673,0.286160492
11/12/2019 06:00,0.851070217,0.279733253
11/12/2019 07:00,0.818478639,0.269020919
11/12/2019 08:00,0.76438434,0.251240983
11/12/2019 09:00,0.717997286,0.235994296
11/12/2019 10:00,0.708790629,0.232968214
11/12/2019 11:00,0.712771427,0.234276639
11/12/2019 12:00,0.588202637,0.193332858
11/12/2019 13:00,0.439341226,0.144404478
11/12/2019 14:00,0.411435095,0.135232176
11/12/2019 15:00,0.407779132,0.134030519
11/12/2019 16:00,0.349357619,0.114828296
11/12/2019 17:00,0.291227367,0.095721807
11/12/2019 18:00,0.237285966,0.077992126
11/12/2019 19:00,0.200815023,0.066004706
11/12/2019 20:00,0.161913835,0.053218504
11/12/2019 21:00,0.134729988,0.044283606
11/12/2019 22:00,0.135119527,0.044411641
11/12/2019 23:00,0.114483218,0.037628814
11/13/2019 0:00,0.099698126,0.032769189
11/13/2019 1:00,0.076370643,0.025101817
11/13/2019 2:00,0.060702785,0.019952041
11/13/2019 3:00,0.04289409,0.014098606
11/13/2019 4:00,0.029038478,0.009544486
11/13/2019 5:00,0.023297129,0.007657396
11/13/2019 6:00,0.019316295,0.006348959
11/13/2019 7:00,0.018589451,0.006110057
11/13/2019 8:00,0.016060061,0.005278687
11/13/2019 9:00,0.016872907,0.005545856
11/13/2019 10:00,0.034847411,0.01145379
11/13/2019 11:00,0.050334422,0.016544124
11/13/2019 12:00,0.048046784,0.015792214
11/13/2019 13:00,0.049798276,0.016367902
11/13/2019 14:00,0.049982692,0.016428517
11/13/2019 15:00,0.05572272,0.018315172
11/13/2019 16:00,0.064794081,0.021296784
11/13/2019 17:00,0.076302919,0.025079557
11/13/2019 18:00,0.112805046,0.037077226
11/13/2019 19:00,0.149412916,0.049109651
11/13/2019 20:00,0.186337436,0.061246153
11/13/2019 21:00,0.221042678,0.072653215
11/13/2019 22:00,0.214412869,0.070474102
11/13/2019 23:00,0.212993803,0.070007678
11/14/2019 0:00,0.222016923,0.072973434
11/14/2019 1:00,0.240738607,0.079126954
11/14/2019 2:00,0.312328949,0.102657561
11/14/2019 3:00,0.371130618,0.121984735
11/14/2019 4:00,0.404658521,0.133004824
11/14/2019 5:00,0.432984281,0.142315051
11/14/2019 6:00,0.476474913,0.15660973
11/14/2019 7:00,0.487549862,0.16024989
11/14/2019 8:00,0.495258531,0.162783607
11/14/2019 9:00,0.508454503,0.167120913
11/14/2019 10:00,0.683492318,0.224653061
11/14/2019 11:00,0.647272642,0.212748229
11/14/2019 12:00,0.687594217,0.22600129
11/14/2019 13:00,0.683908431,0.224789831
11/14/2019 14:00,0.700429004,0.23021988
11/14/2019 15:00,0.731888498,0.240560116
11/14/2019 16:00,0.767199792,0.252166377
11/14/2019 17:00,0.795567538,0.261490404
11/14/2019 18:00,0.758383194,0.249268502
11/14/2019 19:00,0.701850614,0.230687141
11/14/2019 20:00,0.64237711,0.211139146
11/14/2019 21:00,0.58872673,0.193505118
11/14/2019 22:00,0.574133047,0.188708407
11/14/2019 23:00,0.443841619,0.145883685
11/15/2019 0:00,0.36273914,0.11922659
11/15/2019 1:00,0.375906066,0.123554349
11/15/2019 2:00,0.409253622,0.13451516
11/15/2019 3:00,0.381300689,0.125327476
11/15/2019 4:00,0.299785578,0.098534755
11/15/2019 5:00,0.237546199,0.07807766
11/15/2019 6:00,0.197828873,0.065023206
11/15/2019 7:00,0.166716795,0.054797161
11/15/2019 8:00,0.131758167,0.043306815
11/15/2019 9:00,0.102456928,0.033675964
11/15/2019 10:00,0.120320028,0.039547281
11/15/2019 11:00,0.10129434,0.033293839
11/15/2019 12:00,0.079594287,0.026161377
11/15/2019 13:00,0.060121014,0.019760822
11/15/2019 14:00,0.047115061,0.015485972
11/15/2019 15:00,0.039699799,0.013048693
11/15/2019 16:00,0.033160348,0.010899279
11/15/2019 17:00,0.045521731,0.014962269
11/15/2019 18:00,0.0583665,0.019184141
11/15/2019 19:00,0.079415236,0.026102526
11/15/2019 20:00,0.066426886,0.021833461
11/15/2019 21:00,0.044348116,0.014576521
11/15/2019 22:00,0.029946402,0.009842906
11/15/2019 23:00,0.020247401,0.006654999
11/16/2019 0:00,0.009666865,0.003177345
11/16/2019 1:00,0,0
11/16/2019 2:00,0,0
11/16/2019 3:00,0,0
11/16/2019 4:00,0,0
11/16/2019 5:00,0,0
11/16/2019 6:00,0,0
11/16/2019 7:00,0,0
11/16/2019 8:00,0,0
11/16/2019 9:00,0,0
11/16/2019 10:00,0.00164345,0.000540176
11/16/2019 11:00,0.009682073,0.003182344
11/16/2019 12:00,0.014849433,0.004880772
11/16/2019 13:00,0.009189111,0.003020315
11/16/2019 14:00,0.001958856,0.000643845
11/16/2019 15:00,0,0
11/16/2019 16:00,0,0
11/16/2019 17:00,0,0
11/16/2019 18:00,0,0
11/16/2019 19:00,0,0
11/16/2019 20:00,0,0
11/16/2019 21:00,0,0
11/16/2019 22:00,0,0
11/16/2019 23:00,0,0
11/17/2019 0:00,0,0
11/17/2019 1:00,0.003942817,0.001295941
11/17/2019 2:00,0.019627806,0.006451348
11/17/2019 3:00,0.040866487,0.013432165
11/17/2019 4:00,0.031337221,0.010300046
11/17/2019 5:00,0.01456509,0.004787314
11/17/2019 6:00,0.013427491,0.004413403
11/17/2019 7:00,0.045029041,0.01480033
11/17/2019 8:00,0.111897681,0.036778989
11/17/2019 9:00,0.17158628,0.056397683
11/17/2019 10:00,0.15688619,0.051565997
11/17/2019 11:00,0.122826445,0.0403711
11/17/2019 12:00,0.094911442,0.031195882
11/17/2019 13:00,0.103500852,0.034019085
11/17/2019 14:00,0.093429338,0.030708739
11/17/2019 15:00,0.097461339,0.032033993
11/17/2019 16:00,0.133558858,0.043898674
11/17/2019 17:00,0.108662382,0.035715598
11/17/2019 18:00,0.106359749,0.034958759
11/17/2019 19:00,0.122785277,0.040357569
11/17/2019 20:00,0.148131626,0.048688511
11/17/2019 21:00,0.197103668,0.064784843
11/17/2019 22:00,0.226875405,0.07457034
11/17/2019 23:00,0.263236693,0.086521717
11/18/2019 0:00,0.211525077,0.069524931
11/18/2019 1:00,0.156777922,0.051530411
11/18/2019 2:00,0.152767891,0.050212378
11/18/2019 3:00,0.193160925,0.063488926
11/18/2019 4:00,0.264852178,0.087052701
11/18/2019 5:00,0.272385953,0.089528933
11/18/2019 6:00,0.203981363,0.067045432
11/18/2019 7:00,0.162472126,0.053402005
11/18/2019 8:00,0.145002467,0.047660006
11/18/2019 9:00,0.120072403,0.03946589
11/18/2019 10:00,0.10626352,0.03492713
11/18/2019 11:00,0.068244813,0.022430985
11/18/2019 12:00,0.059061049,0.019412428
11/18/2019 13:00,0.059634385,0.019600874
11/18/2019 14:00,0.058934697,0.019370898
11/18/2019 15:00,0.063958406,0.021022111
11/18/2019 16:00,0.053611265,0.017621171
11/18/2019 17:00,0.046216836,0.015190739
11/18/2019 18:00,0.035087916,0.01153284
11/18/2019 19:00,0.017678902,0.005810774
11/18/2019 20:00,0.00238351,0.000783422
11/18/2019 21:00,0,0
11/18/2019 22:00,0,0
11/18/2019 23:00,0,0
11/19/2019 0:00,0,0
11/19/2019 1:00,0,0
11/19/2019 2:00,0,0
11/19/2019 3:00,0,0
11/19/2019 4:00,0,0
11/19/2019 5:00,0,0
11/19/2019 6:00,0,0
11/19/2019 7:00,0,0
11/19/2019 8:00,0,0
11/19/2019 9:00,0.00453993,0.001492203
11/19/2019 10:00,0.025739257,0.008460085
11/19/2019 11:00,0.044878332,0.014750794
11/19/2019 12:00,0.088035923,0.028936009
11/19/2019 13:00,0.128037795,0.042083988
11/19/2019 14:00,0.178804389,0.058770161
11/19/2019 15:00,0.27668899,0.090943273
11/19/2019 16:00,0.403759808,0.132709431
11/19/2019 17:00,0.519588221,0.170780389
11/19/2019 18:00,0.607710949,0.19974493
11/19/2019 19:00,0.66201305,0.217593167
11/19/2019 20:00,0.713512546,0.234520233
11/19/2019 21:00,0.741307631,0.243656035
11/19/2019 22:00,0.807873817,0.265535283
11/19/2019 23:00,0.82041374,0.269656956
11/20/2019 0:00,0.810950027,0.266546384
11/20/2019 1:00,0.792570692,0.260505389
11/20/2019 2:00,0.765569206,0.251630429
11/20/2019 3:00,0.726817301,0.238893294
11/20/2019 4:00,0.711958434,0.234009421
11/20/2019 5:00,0.703722106,0.231302271
11/20/2019 6:00,0.769798113,0.253020404
11/20/2019 7:00,0.823029099,0.270516583
11/20/2019 8:00,0.851150714,0.279759711
11/20/2019 9:00,0.859723871,0.282577571
11/20/2019 10:00,0.860314764,0.282771788
11/20/2019 11:00,0.877577306,0.288445711
11/20/2019 12:00,0.879642032,0.289124354
11/20/2019 13:00,0.873420941,0.28707958
11/20/2019 14:00,0.897458943,0.29498049
11/20/2019 15:00,0.886417312,0.291351281
11/20/2019 16:00,0.873840278,0.28721741
11/20/2019 17:00,0.872510078,0.286780194
11/20/2019 18:00,0.872860596,0.286895404
11/20/2019 19:00,0.875852659,0.287878847
11/20/2019 20:00,0.858879381,0.282300001
11/20/2019 21:00,0.84676536,0.278318315
11/20/2019 22:00,0.801088968,0.263305211
11/20/2019 23:00,0.809588461,0.266098859
11/21/2019 0:00,0.817225496,0.268609031
11/21/2019 1:00,0.85377521,0.280622341
11/21/2019 2:00,0.830192644,0.272871126
11/21/2019 3:00,0.832160205,0.273517832
11/21/2019 4:00,0.858372906,0.28213353
11/21/2019 5:00,0.879287432,0.289007803
11/21/2019 6:00,0.888920415,0.292174011
11/21/2019 7:00,0.867120109,0.285008597
11/21/2019 8:00,0.868528805,0.285471613
11/21/2019 9:00,0.858044403,0.282025557
11/21/2019 10:00,0.827176964,0.27187992
11/21/2019 11:00,0.850851629,0.279661406
11/21/2019 12:00,0.837277092,0.275199672
11/21/2019 13:00,0.802293817,0.263701225
11/21/2019 14:00,0.771867454,0.253700563
11/21/2019 15:00,0.734075538,0.241278961
11/21/2019 16:00,0.64005914,0.210377266
11/21/2019 17:00,0.530860848,0.174485523
11/21/2019 18:00,0.499591756,0.164207869
11/21/2019 19:00,0.564242632,0.185457585
11/21/2019 20:00,0.643113393,0.21138115
11/21/2019 21:00,0.663499238,0.218081653
11/21/2019 22:00,0.710423776,0.233505003
11/21/2019 23:00,0.670577441,0.220408146
11/22/2019 0:00,0.645126538,0.212042839
11/22/2019 1:00,0.607494359,0.19967374
11/22/2019 2:00,0.548288927,0.180213855
11/22/2019 3:00,0.539544144,0.177339584
11/22/2019 4:00,0.596644396,0.196107529
11/22/2019 5:00,0.601084391,0.197566885
11/22/2019 6:00,0.612355808,0.201271621
11/22/2019 7:00,0.607985812,0.199835273
11/22/2019 8:00,0.619477282,0.203612336
11/22/2019 9:00,0.45777284,0.150462656
11/22/2019 10:00,0.410501295,0.134925251
11/22/2019 11:00,0.460136739,0.151239632
11/22/2019 12:00,0.548615349,0.180321145
11/22/2019 13:00,0.592376761,0.194704826
11/22/2019 14:00,0.549493485,0.180609775
11/22/2019 15:00,0.473058588,0.155486839
11/22/2019 16:00,0.423688323,0.139259617
11/22/2019 17:00,0.403166272,0.132514345
11/22/2019 18:00,0.381526591,0.125401726
11/22/2019 19:00,0.375840492,0.123532796
11/22/2019 20:00,0.392339096,0.128955625
11/22/2019 21:00,0.412102045,0.135451392
11/22/2019 22:00,0.467763754,0.153746511
11/22/2019 23:00,0.430537969,0.141510987
11/23/2019 0:00,0.380366716,0.125020494
11/23/2019 1:00,0.318240933,0.104600736
11/23/2019 2:00,0.235350268,0.077355892
11/23/2019 3:00,0.19085229,0.062730114
11/23/2019 4:00,0.237795667,0.078159656
11/23/2019 5:00,0.272298129,0.089500067
11/23/2019 6:00,0.26312435,0.086484792
11/23/2019 7:00,0.271617969,0.089276509
11/23/2019 8:00,0.28437127,0.093468316
11/23/2019 9:00,0.278067274,0.091396293
11/23/2019 10:00,0.284660056,0.093563236
11/23/2019 11:00,0.296158806,0.097342692
11/23/2019 12:00,0.279224441,0.091776636
11/23/2019 13:00,0.294927838,0.096938092
11/23/2019 14:00,0.300102583,0.098638949
11/23/2019 15:00,0.357777694,0.117595841
11/23/2019 16:00,0.371416968,0.122078854
11/23/2019 17:00,0.355214777,0.116753451
11/23/2019 18:00,0.460353922,0.151311017
11/23/2019 19:00,0.514823209,0.169214206
11/23/2019 20:00,0.677710603,0.222752703
11/23/2019 21:00,0.766233038,0.251848621
11/23/2019 22:00,0.649376073,0.213439593
11/23/2019 23:00,0.647415129,0.212795062
11/24/2019 0:00,0.686549097,0.225657775
11/24/2019 1:00,0.774418287,0.254538982
11/24/2019 2:00,0.808927402,0.265881579
11/24/2019 3:00,0.781181065,0.256761799
11/24/2019 4:00,0.852574142,0.280227569
11/24/2019 5:00,0.870221382,0.286027936
11/24/2019 6:00,0.875487837,0.287758936
11/24/2019 7:00,0.866627357,0.284846637
11/24/2019 8:00,0.885135645,0.290930018
11/24/2019 9:00,0.883509669,0.290395585
11/24/2019 10:00,0.835520191,0.274622206
11/24/2019 11:00,0.824603233,0.271033976
11/24/2019 12:00,0.799554794,0.262800952
11/24/2019 13:00,0.749383479,0.246310438
11/24/2019 14:00,0.690739716,0.227035166
11/24/2019 15:00,0.675049755,0.221878125
11/24/2019 16:00,0.738095251,0.242600177
11/24/2019 17:00,0.725349329,0.238410795
11/24/2019 18:00,0.663286063,0.218011586
11/24/2019 19:00,0.588811394,0.193532946
11/24/2019 20:00,0.552224783,0.181507509
11/24/2019 21:00,0.49072446,0.16129333
11/24/2019 22:00,0.40985069,0.134711407
11/24/2019 23:00,0.416175509,0.136790275
11/25/2019 0:00,0.41462418,0.136280378
11/25/2019 1:00,0.403281243,0.132552135
11/25/2019 2:00,0.313209995,0.102947147
11/25/2019 3:00,0.231032818,0.075936815
11/25/2019 4:00,0.186329736,0.061243622
11/25/2019 5:00,0.180276778,0.059254111
11/25/2019 6:00,0.155248823,0.05102782
11/25/2019 7:00,0.145483161,0.047818003
11/25/2019 8:00,0.154397249,0.050747922
11/25/2019 9:00,0.196741115,0.064665677
11/25/2019 10:00,0.21257249,0.069869199
11/25/2019 11:00,0.277537793,0.091222261
11/25/2019 12:00,0.341949447,0.112393348
11/25/2019 13:00,0.413803698,0.136010698
11/25/2019 14:00,0.43254746,0.142171475
11/25/2019 15:00,0.409288552,0.134526642
11/25/2019 16:00,0.428919077,0.140978883
11/25/2019 17:00,0.432081967,0.142018475
11/25/2019 18:00,0.446007765,0.146595663
11/25/2019 19:00,0.453079212,0.148919935
11/25/2019 20:00,0.45291891,0.148867246
11/25/2019 21:00,0.450836757,0.148182876
11/25/2019 22:00,0.44747453,0.147077765
11/25/2019 23:00,0.458217972,0.150608964
11/26/2019 0:00,0.448663218,0.147468468
11/26/2019 1:00,0.485166109,0.159466388
11/26/2019 2:00,0.562408767,0.184854822
11/26/2019 3:00,0.573964152,0.188652894
11/26/2019 4:00,0.621609207,0.204313066
11/26/2019 5:00,0.655044945,0.215302862
11/26/2019 6:00,0.713187082,0.234413258
11/26/2019 7:00,0.723128066,0.237680701
11/26/2019 8:00,0.740057132,0.243245016
11/26/2019 9:00,0.755878569,0.248445271
11/26/2019 10:00,0.695532473,0.228610469
11/26/2019 11:00,0.678712955,0.22308216
11/26/2019 12:00,0.740859845,0.243508855
11/26/2019 13:00,0.790319702,0.259765524
11/26/2019 14:00,0.828294691,0.272247299
11/26/2019 15:00,0.873396523,0.287071555
11/26/2019 16:00,0.887023865,0.291550645
11/26/2019 17:00,0.901452316,0.296293048
11/26/2019 18:00,0.896174048,0.294558165
11/26/2019 19:00,0.883860815,0.290511001
11/26/2019 20:00,0.871356049,0.286400883
11/26/2019 21:00,0.862361197,0.283444419
11/26/2019 22:00,0.814459046,0.267699743
11/26/2019 23:00,0.831598605,0.273333243
11/27/2019 0:00,0.801024713,0.263284091
11/27/2019 1:00,0.756574686,0.248674074
11/27/2019 2:00,0.73469063,0.241481132
11/27/2019 3:00,0.711927866,0.233999373
11/27/2019 4:00,0.705996379,0.232049788
11/27/2019 5:00,0.724362396,0.238086406
11/27/2019 6:00,0.738526846,0.242742035
11/27/2019 7:00,0.753115716,0.247537165
11/27/2019 8:00,0.770097979,0.253118965
11/27/2019 9:00,0.789411013,0.259466852
11/27/2019 10:00,0.850514698,0.279550662
11/27/2019 11:00,0.818607092,0.26906314
11/27/2019 12:00,0.833665164,0.274012489
11/27/2019 13:00,0.868908145,0.285596296
11/27/2019 14:00,0.887902042,0.291839288
11/27/2019 15:00,0.889421159,0.292338598
11/27/2019 16:00,0.885636245,0.291094557
11/27/2019 17:00,0.887584334,0.291734863
11/27/2019 18:00,0.900626518,0.296021621
11/27/2019 19:00,0.90504211,0.297472956
11/27/2019 20:00,0.905300997,0.297558048
11/27/2019 21:00,0.905049362,0.29747534
11/27/2019 22:00,0.905601423,0.297656793
11/27/2019 23:00,0.905745595,0.297704181
11/28/2019 0:00,0.907453952,0.29826569
11/28/2019 1:00,0.906650046,0.298001459
11/28/2019 2:00,0.906133957,0.297831829
11/28/2019 3:00,0.908123631,0.298485803
11/28/2019 4:00,0.906168502,0.297843183
11/28/2019 5:00,0.897204531,0.294896868
11/28/2019 6:00,0.891843185,0.293134679
11/28/2019 7:00,0.886130497,0.29125701
11/28/2019 8:00,0.883378422,0.290352446
11/28/2019 9:00,0.871325358,0.286390796
11/28/2019 10:00,0.85214589,0.280086809
11/28/2019 11:00,0.833097634,0.27382595
11/28/2019 12:00,0.828711002,0.272384134
11/28/2019 13:00,0.847142643,0.278442322
11/28/2019 14:00,0.868178833,0.285356583
11/28/2019 15:00,0.87098504,0.286278939
11/28/2019 16:00,0.862021104,0.283332635
11/28/2019 17:00,0.833400187,0.273925395
11/28/2019 18:00,0.795288608,0.261398724
11/28/2019 19:00,0.775038472,0.254742827
11/28/2019 20:00,0.7607953,0.250061322
11/28/2019 21:00,0.752306584,0.247271216
11/28/2019 22:00,0.74096394,0.24354307
11/28/2019 23:00,0.721570379,0.237168714
11/29/2019 0:00,0.693908912,0.22807683
11/29/2019 1:00,0.694640669,0.228317347
11/29/2019 2:00,0.716679287,0.23556109
11/29/2019 3:00,0.72410503,0.238001814
11/29/2019 4:00,0.700048836,0.230094925
11/29/2019 5:00,0.699978231,0.230071718
11/29/2019 6:00,0.716856468,0.235619327
11/29/2019 7:00,0.691920632,0.227423314
11/29/2019 8:00,0.683070321,0.224514357
11/29/2019 9:00,0.653581854,0.214821967
11/29/2019 10:00,0.601486671,0.197699108
11/29/2019 11:00,0.538740922,0.177075578
11/29/2019 12:00,0.458003244,0.150538386
11/29/2019 13:00,0.393177991,0.129231356
11/29/2019 14:00,0.342694046,0.112638086
11/29/2019 15:00,0.336630021,0.110644937
11/29/2019 16:00,0.356004287,0.11701295
11/29/2019 17:00,0.380108678,0.124935681
11/29/2019 18:00,0.415754455,0.136651881
11/29/2019 19:00,0.398180501,0.130875602
11/29/2019 20:00,0.351338623,0.115479421
11/29/2019 21:00,0.278005614,0.091376026
11/29/2019 22:00,0.377738909,0.124156775
11/29/2019 23:00,0.273873305,0.090017802
11/30/2019 0:00,0.194680026,0.06398823
11/30/2019 1:00,0.155144077,0.050993392
11/30/2019 2:00,0.124528701,0.040930605
11/30/2019 3:00,0.106743882,0.035085017
11/30/2019 4:00,0.097924752,0.03218631
11/30/2019 5:00,0.085404888,0.028071229
11/30/2019 6:00,0.06276581,0.020630124
11/30/2019 7:00,0.037507529,0.012328129
11/30/2019 8:00,0.021394109,0.007031904
11/30/2019 9:00,0.01267624,0.004166479
11/30/2019 10:00,0.016114028,0.005296425
11/30/2019 11:00,0,0
11/30/2019 12:00,0,0
11/30/2019 13:00,0,0
11/30/2019 14:00,0.00176094,0.000578793
11/30/2019 15:00,0.017350664,0.005702888
11/30/2019 16:00,0.034363364,0.011294691
11/30/2019 17:00,0.061102085,0.020083284
11/30/2019 18:00,0.084182077,0.027669311
11/30/2019 19:00,0.105832219,0.034785368
11/30/2019 20:00,0.126891849,0.041707334
11/30/2019 21:00,0.1485124,0.048813665
11/30/2019 22:00,0.188503665,0.061958158
11/30/2019 23:00,0.221950114,0.072951475
12/01/2019 00:00,0.265991418,0.087427151
12/01/2019 01:00,0.373221136,0.122671855
12/01/2019 02:00,0.422084979,0.138732624
12/01/2019 03:00,0.498753045,0.163932198
12/01/2019 04:00,0.581360753,0.191084039
12/01/2019 05:00,0.595989758,0.19589236
12/01/2019 06:00,0.60051648,0.197380222
12/01/2019 07:00,0.658274441,0.216364346
12/01/2019 08:00,0.669388857,0.220017478
12/01/2019 09:00,0.644688961,0.211899014
12/01/2019 10:00,0.585905266,0.192577748
12/01/2019 11:00,0.575098039,0.189025584
12/01/2019 12:00,0.690791457,0.227052172
12/01/2019 13:00,0.755360737,0.248275068
12/01/2019 14:00,0.791404866,0.2601222
12/01/2019 15:00,0.801293132,0.263372316
12/01/2019 16:00,0.776997717,0.255386799
12/01/2019 17:00,0.739278444,0.242989074
12/01/2019 18:00,0.658972486,0.216593782
12/01/2019 19:00,0.585639212,0.1924903
12/01/2019 20:00,0.418040277,0.137403194
12/01/2019 21:00,0.371427437,0.122082295
12/01/2019 22:00,0.424129159,0.139404513
12/01/2019 23:00,0.421081622,0.138402836
12/02/2019 00:00,0.35436207,0.11647318
12/02/2019 01:00,0.368765378,0.121207318
12/02/2019 02:00,0.337801318,0.111029924
12/02/2019 03:00,0.49286282,0.161996175
12/02/2019 04:00,0.624213076,0.205168916
12/02/2019 05:00,0.702384106,0.230862491
12/02/2019 06:00,0.710608548,0.233565735
12/02/2019 07:00,0.653856077,0.2149121
12/02/2019 08:00,0.691313456,0.227223745
12/02/2019 09:00,0.712628651,0.23422971
12/02/2019 10:00,0.65113232,0.214016844
12/02/2019 11:00,0.603308828,0.198298022
12/02/2019 12:00,0.541667866,0.178037618
12/02/2019 13:00,0.625439176,0.205571916
12/02/2019 14:00,0.630419102,0.207208738
12/02/2019 15:00,0.658801761,0.216537667
12/02/2019 16:00,0.721532551,0.237156281
12/02/2019 17:00,0.748282584,0.245948591
12/02/2019 18:00,0.792404012,0.260450604
12/02/2019 19:00,0.81284679,0.26716982
12/02/2019 20:00,0.812974587,0.267211825
12/02/2019 21:00,0.847428876,0.278536402
12/02/2019 22:00,0.869932284,0.285932914
12/02/2019 23:00,0.906272967,0.297877519
12/03/2019 00:00,0.91,0.299102536
12/03/2019 01:00,0.91,0.299102536
12/03/2019 02:00,0.909425615,0.298913744
12/03/2019 03:00,0.90826207,0.298531306
12/03/2019 04:00,0.906994859,0.298114794
12/03/2019 05:00,0.906032778,0.297798573
12/03/2019 06:00,0.904460766,0.297281878
12/03/2019 07:00,0.896541662,0.294678994
12/03/2019 08:00,0.882270836,0.2899884
12/03/2019 09:00,0.860199331,0.282733847
12/03/2019 10:00,0.853485067,0.280526976
12/03/2019 11:00,0.849239114,0.279131398
12/03/2019 12:00,0.832726527,0.273703973
12/03/2019 13:00,0.777227419,0.255462299
12/03/2019 14:00,0.693079754,0.227804299
12/03/2019 15:00,0.560833283,0.184336986
12/03/2019 16:00,0.434668685,0.142868688
12/03/2019 17:00,0.416236358,0.136810275
12/03/2019 18:00,0.504432526,0.165798954
12/03/2019 19:00,0.55804601,0.183420854
12/03/2019 20:00,0.602334383,0.197977738
12/03/2019 21:00,0.62510844,0.205463208
12/03/2019 22:00,0.54140534,0.17795133
12/03/2019 23:00,0.703802705,0.231328762
12/04/2019 00:00,0.770791193,0.253346813
12/04/2019 01:00,0.763089955,0.250815539
12/04/2019 02:00,0.764078972,0.251140613
12/04/2019 03:00,0.771302679,0.253514931
12/04/2019 04:00,0.770036175,0.253098651
12/04/2019 05:00,0.793574361,0.260835279
12/04/2019 06:00,0.8102927,0.266330331
12/04/2019 07:00,0.809977881,0.266226855
12/04/2019 08:00,0.807620994,0.265452184
12/04/2019 09:00,0.810593698,0.266429264
12/04/2019 10:00,0.818489365,0.269024445
12/04/2019 11:00,0.877352064,0.288371678
12/04/2019 12:00,0.893894745,0.293808994
12/04/2019 13:00,0.854892411,0.280989547
12/04/2019 14:00,0.86767259,0.285190189
12/04/2019 15:00,0.906378054,0.29791206
12/04/2019 16:00,0.91,0.299102536
12/04/2019 17:00,0.91,0.299102536
12/04/2019 18:00,0.91,0.299102536
12/04/2019 19:00,0.91,0.299102536
12/04/2019 20:00,0.91,0.299102536
12/04/2019 21:00,0.91,0.299102536
12/04/2019 22:00,0.91,0.299102536
12/04/2019 23:00,0.91,0.299102536
12/05/2019 00:00,0.91,0.299102536
12/05/2019 01:00,0.91,0.299102536
12/05/2019 02:00,0.91,0.299102536
12/05/2019 03:00,0.91,0.299102536
12/05/2019 04:00,0.91,0.299102536
12/05/2019 05:00,0.91,0.299102536
12/05/2019 06:00,0.91,0.299102536
12/05/2019 07:00,0.91,0.299102536
12/05/2019 08:00,0.91,0.299102536
12/05/2019 09:00,0.91,0.299102536
12/05/2019 10:00,0.91,0.299102536
12/05/2019 11:00,0.905514883,0.297628349
12/05/2019 12:00,0.898254901,0.295242108
12/05/2019 13:00,0.874273093,0.287359669
12/05/2019 14:00,0.816412889,0.26834194
12/05/2019 15:00,0.708120666,0.232748007
12/05/2019 16:00,0.528493374,0.173707372
12/05/2019 17:00,0.228246674,0.075021054
12/05/2019 18:00,0.027314448,0.008977825
12/05/2019 19:00,0.203008918,0.066725805
12/05/2019 20:00,0.209556727,0.068877965
12/05/2019 21:00,0.091530258,0.030084541
12/05/2019 22:00,0.267811234,0.088025296
12/05/2019 23:00,0.356868111,0.117296876
12/06/2019 00:00,0.339139471,0.111469754
12/06/2019 01:00,0.239441418,0.078700588
12/06/2019 02:00,0.175466208,0.057672954
12/06/2019 03:00,0.073890351,0.024286584
12/06/2019 04:00,0,0
12/06/2019 05:00,0,0
12/06/2019 06:00,0,0
12/06/2019 07:00,0.004856886,0.001596381
12/06/2019 08:00,0.010375454,0.003410247
12/06/2019 09:00,0.007605238,0.002499721
12/06/2019 10:00,0.014513265,0.00477028
12/06/2019 11:00,0.003843857,0.001263415
12/06/2019 12:00,0.001884733,0.000619482
12/06/2019 13:00,0.01454263,0.004779931
12/06/2019 14:00,0.044023164,0.014469714
12/06/2019 15:00,0.107387806,0.035296665
12/06/2019 16:00,0.152539594,0.05013734
12/06/2019 17:00,0.175609288,0.057719982
12/06/2019 18:00,0.292373991,0.096098683
12/06/2019 19:00,0.336370614,0.110559674
12/06/2019 20:00,0.333199161,0.109517268
12/06/2019 21:00,0.397444566,0.130633711
12/06/2019 22:00,0.430267478,0.141422081
12/06/2019 23:00,0.456945974,0.150190879
12/07/2019 00:00,0.538692227,0.177059573
12/07/2019 01:00,0.580925291,0.190940909
12/07/2019 02:00,0.523575451,0.172090929
12/07/2019 03:00,0.444327805,0.146043487
12/07/2019 04:00,0.543518283,0.178645821
12/07/2019 05:00,0.349078608,0.11473659
12/07/2019 06:00,0.223217327,0.073367987
12/07/2019 07:00,0.145715249,0.047894286
12/07/2019 08:00,0.087086206,0.028623852
12/07/2019 09:00,0.042037919,0.013817196
12/07/2019 10:00,0.00725168,0.002383512
12/07/2019 11:00,0,0
12/07/2019 12:00,0,0
12/07/2019 13:00,0.050701727,0.016664852
12/07/2019 14:00,0.253629032,0.083363832
12/07/2019 15:00,0.607104534,0.199545611
12/07/2019 16:00,0.816444754,0.268352413
12/07/2019 17:00,0.873920348,0.287243728
12/07/2019 18:00,0.898806386,0.295423373
12/07/2019 19:00,0.885821193,0.291155346
12/07/2019 20:00,0.846184297,0.278127329
12/07/2019 21:00,0.811717842,0.266798753
12/07/2019 22:00,0.729554708,0.239793036
12/07/2019 23:00,0.768571276,0.252617162
12/08/2019 00:00,0.82758303,0.272013388
12/08/2019 01:00,0.895749165,0.294418513
12/08/2019 02:00,0.91,0.299102536
12/08/2019 03:00,0.91,0.299102536
12/08/2019 04:00,0.91,0.299102536
12/08/2019 05:00,0.91,0.299102536
12/08/2019 06:00,0.91,0.299102536
12/08/2019 07:00,0.91,0.299102536
12/08/2019 08:00,0.91,0.299102536
12/08/2019 09:00,0.91,0.299102536
12/08/2019 10:00,0.91,0.299102536
12/08/2019 11:00,0.909360582,0.298892369
12/08/2019 12:00,0.904973028,0.29745025
12/08/2019 13:00,0.884393141,0.290685968
12/08/2019 14:00,0.872809701,0.286878675
12/08/2019 15:00,0.838760162,0.275687133
12/08/2019 16:00,0.801617244,0.263478846
12/08/2019 17:00,0.748878465,0.246144448
12/08/2019 18:00,0.625966372,0.205745197
12/08/2019 19:00,0.547603366,0.179988522
12/08/2019 20:00,0.441146125,0.144997719
12/08/2019 21:00,0.816037313,0.268218494
12/08/2019 22:00,0.91,0.299102536
12/08/2019 23:00,0.91,0.299102536
12/09/2019 00:00,0.91,0.299102536
12/09/2019 01:00,0.91,0.299102536
12/09/2019 02:00,0.91,0.299102536
12/09/2019 03:00,0.91,0.299102536
12/09/2019 04:00,0.91,0.299102536
12/09/2019 05:00,0.91,0.299102536
12/09/2019 06:00,0.91,0.299102536
12/09/2019 07:00,0.91,0.299102536
12/09/2019 08:00,0.909285426,0.298867667
12/09/2019 09:00,0.908231103,0.298521128
12/09/2019 10:00,0.908375975,0.298568744
12/09/2019 11:00,0.878856311,0.2888661
12/09/2019 12:00,0.846647092,0.278279442
12/09/2019 13:00,0.73529008,0.241678162
12/09/2019 14:00,0.435244673,0.143058006
12/09/2019 15:00,0.318157687,0.104573375
12/09/2019 16:00,0.151795062,0.049892624
12/09/2019 17:00,0.075291322,0.024747061
12/09/2019 18:00,0.017047323,0.005603184
12/09/2019 19:00,0.026741442,0.008789487
12/09/2019 20:00,0.100939725,0.033177283
12/09/2019 21:00,0.497405717,0.163489353
12/09/2019 22:00,0.809478371,0.266062674
12/09/2019 23:00,0.89064066,0.292739428
12/10/2019 00:00,0.904714532,0.297365286
12/10/2019 01:00,0.89560153,0.294369988
12/10/2019 02:00,0.890067103,0.292550909
12/10/2019 03:00,0.900931693,0.296121927
12/10/2019 04:00,0.91,0.299102536
12/10/2019 05:00,0.91,0.299102536
12/10/2019 06:00,0.91,0.299102536
12/10/2019 07:00,0.91,0.299102536
12/10/2019 08:00,0.91,0.299102536
12/10/2019 09:00,0.91,0.299102536
12/10/2019 10:00,0.91,0.299102536
12/10/2019 11:00,0.91,0.299102536
12/10/2019 12:00,0.91,0.299102536
12/10/2019 13:00,0.91,0.299102536
12/10/2019 14:00,0.91,0.299102536
12/10/2019 15:00,0.91,0.299102536
12/10/2019 16:00,0.909061749,0.298794147
12/10/2019 17:00,0.91,0.299102536
12/10/2019 18:00,0.91,0.299102536
12/10/2019 19:00,0.91,0.299102536
12/10/2019 20:00,0.91,0.299102536
12/10/2019 21:00,0.91,0.299102536
12/10/2019 22:00,0.91,0.299102536
12/10/2019 23:00,0.91,0.299102536
12/11/2019 00:00,0.91,0.299102536
12/11/2019 01:00,0.91,0.299102536
12/11/2019 02:00,0.91,0.299102536
12/11/2019 03:00,0.91,0.299102536
12/11/2019 04:00,0.91,0.299102536
12/11/2019 05:00,0.91,0.299102536
12/11/2019 06:00,0.91,0.299102536
12/11/2019 07:00,0.91,0.299102536
12/11/2019 08:00,0.91,0.299102536
12/11/2019 09:00,0.91,0.299102536
12/11/2019 10:00,0.91,0.299102536
12/11/2019 11:00,0.91,0.299102536
12/11/2019 12:00,0.91,0.299102536
12/11/2019 13:00,0.91,0.299102536
12/11/2019 14:00,0.91,0.299102536
12/11/2019 15:00,0.91,0.299102536
12/11/2019 16:00,0.91,0.299102536
12/11/2019 17:00,0.91,0.299102536
12/11/2019 18:00,0.91,0.299102536
12/11/2019 19:00,0.91,0.299102536
12/11/2019 20:00,0.91,0.299102536
12/11/2019 21:00,0.91,0.299102536
12/11/2019 22:00,0.91,0.299102536
12/11/2019 23:00,0.91,0.299102536
12/12/2019 00:00,0.91,0.299102536
12/12/2019 01:00,0.91,0.299102536
12/12/2019 02:00,0.91,0.299102536
12/12/2019 03:00,0.91,0.299102536
12/12/2019 04:00,0.909897795,0.299068943
12/12/2019 05:00,0.905501516,0.297623955
12/12/2019 06:00,0.885749724,0.291131856
12/12/2019 07:00,0.859979228,0.282661503
12/12/2019 08:00,0.819892758,0.269485718
12/12/2019 09:00,0.745722115,0.245107006
12/12/2019 10:00,0.556603609,0.182946759
12/12/2019 11:00,0.407785809,0.134032714
12/12/2019 12:00,0.298730974,0.098188123
12/12/2019 13:00,0.211929266,0.069657781
12/12/2019 14:00,0.115671782,0.038019476
12/12/2019 15:00,0.03811208,0.012526835
12/12/2019 16:00,0.018605437,0.006115311
12/12/2019 17:00,0.03733141,0.012270241
12/12/2019 18:00,0.058609587,0.01926404
12/12/2019 19:00,0.062672492,0.020599452
12/12/2019 20:00,0.056003358,0.018407414
12/12/2019 21:00,0.042239468,0.013883442
12/12/2019 22:00,0.041858167,0.013758114
12/12/2019 23:00,0.091599764,0.030107387
12/13/2019 0:00,0.143093029,0.047032404
12/13/2019 1:00,0.172666716,0.056752805
12/13/2019 2:00,0.21192521,0.069656448
12/13/2019 3:00,0.229484382,0.075427869
12/13/2019 4:00,0.232140622,0.076300933
12/13/2019 5:00,0.311312233,0.102323383
12/13/2019 6:00,0.438682153,0.144187851
12/13/2019 7:00,0.552320171,0.181538861
12/13/2019 8:00,0.641509206,0.210853879
12/13/2019 9:00,0.682059719,0.224182188
12/13/2019 10:00,0.636869672,0.209328938
12/13/2019 11:00,0.661265185,0.217347356
12/13/2019 12:00,0.636974451,0.209363378
12/13/2019 13:00,0.59244679,0.194727843
12/13/2019 14:00,0.428720434,0.140913592
12/13/2019 15:00,0.276200845,0.090782828
12/13/2019 16:00,0.154864904,0.050901632
12/13/2019 17:00,0.129178838,0.042459031
12/13/2019 18:00,0.132393729,0.043515714
12/13/2019 19:00,0.089091371,0.029282917
12/13/2019 20:00,0.063155992,0.020758371
12/13/2019 21:00,0.045334442,0.014900711
12/13/2019 22:00,0.083304084,0.027380728
12/13/2019 23:00,0.047706265,0.015680291
12/14/2019 0:00,0.0747545,0.024570616
12/14/2019 1:00,0.08468829,0.027835695
12/14/2019 2:00,0.120951058,0.03975469
12/14/2019 3:00,0.148973467,0.048965211
12/14/2019 4:00,0.144300759,0.047429366
12/14/2019 5:00,0.111485221,0.03664342
12/14/2019 6:00,0.114788123,0.037729032
12/14/2019 7:00,0.256641153,0.084353868
12/14/2019 8:00,0.57366082,0.188553193
12/14/2019 9:00,0.723307719,0.237739751
12/14/2019 10:00,0.767244496,0.252181071
12/14/2019 11:00,0.775392686,0.254859251
12/14/2019 12:00,0.783288462,0.257454467
12/14/2019 13:00,0.748920365,0.24615822
12/14/2019 14:00,0.732572903,0.240785069
12/14/2019 15:00,0.726804271,0.238889011
12/14/2019 16:00,0.684343349,0.224932781
12/14/2019 17:00,0.630772682,0.207324954
12/14/2019 18:00,0.542470301,0.178301366
12/14/2019 19:00,0.423655728,0.139248904
12/14/2019 20:00,0.336629663,0.110644819
12/14/2019 21:00,0.294680432,0.096856774
12/14/2019 22:00,0.154830746,0.050890405
12/14/2019 23:00,0.12412965,0.040799443
12/15/2019 0:00,0.093840576,0.030843906
12/15/2019 1:00,0.105282388,0.034604648
12/15/2019 2:00,0.135247063,0.04445356
12/15/2019 3:00,0.186713776,0.06136985
12/15/2019 4:00,0.220289761,0.072405743
12/15/2019 5:00,0.244077168,0.080224286
12/15/2019 6:00,0.25197997,0.082821811
12/15/2019 7:00,0.266888885,0.087722134
12/15/2019 8:00,0.27608225,0.090743847
12/15/2019 9:00,0.29863404,0.098156262
12/15/2019 10:00,0.16999913,0.055876012
12/15/2019 11:00,0.234049332,0.076928295
12/15/2019 12:00,0.360119581,0.118365582
12/15/2019 13:00,0.416093844,0.136763433
12/15/2019 14:00,0.415250445,0.136486221
12/15/2019 15:00,0.326696609,0.107379982
12/15/2019 16:00,0.272847778,0.089680728
12/15/2019 17:00,0.229675518,0.075490692
12/15/2019 18:00,0.250241566,0.082250425
12/15/2019 19:00,0.304579282,0.100110369
12/15/2019 20:00,0.355163067,0.116736455
12/15/2019 21:00,0.329352363,0.108252887
12/15/2019 22:00,0.32555274,0.107004011
12/15/2019 23:00,0.287906502,0.094630291
12/16/2019 0:00,0.283420304,0.093155749
12/16/2019 1:00,0.286118156,0.09404249
12/16/2019 2:00,0.227131309,0.074654451
12/16/2019 3:00,0.178044554,0.058520415
12/16/2019 4:00,0.117908035,0.038754497
12/16/2019 5:00,0.048474206,0.015932701
12/16/2019 6:00,0.041211921,0.013545703
12/16/2019 7:00,0.061408027,0.020183842
12/16/2019 8:00,0.062679289,0.020601686
12/16/2019 9:00,0.056081361,0.018433052
12/16/2019 10:00,0.065766075,0.021616264
12/16/2019 11:00,0.058800473,0.019326781
12/16/2019 12:00,0.049247946,0.016187017
12/16/2019 13:00,0.064054252,0.021053614
12/16/2019 14:00,0.045021201,0.014797753
12/16/2019 15:00,0.033579698,0.011037113
12/16/2019 16:00,0.038398876,0.0126211
12/16/2019 17:00,0.04638773,0.015246909
12/16/2019 18:00,0.039633379,0.013026862
12/16/2019 19:00,0.032414297,0.010654064
12/16/2019 20:00,0.020177173,0.006631916
12/16/2019 21:00,0.009070691,0.002981392
12/16/2019 22:00,0.031795555,0.010450693
12/16/2019 23:00,0.044855858,0.014743407
12/17/2019 0:00,0.044139533,0.014507963
12/17/2019 1:00,0.049078625,0.016131364
12/17/2019 2:00,0.057178546,0.018793679
12/17/2019 3:00,0.036231548,0.011908734
12/17/2019 4:00,0.007415785,0.002437451
12/17/2019 5:00,0,0
12/17/2019 6:00,0,0
12/17/2019 7:00,0,0
12/17/2019 8:00,0,0
12/17/2019 9:00,0,0
12/17/2019 10:00,0,0
12/17/2019 11:00,0,0
12/17/2019 12:00,0,0
12/17/2019 13:00,0,0
12/17/2019 14:00,0,0
12/17/2019 15:00,0,0
12/17/2019 16:00,0,0
12/17/2019 17:00,0,0
12/17/2019 18:00,0,0
12/17/2019 19:00,0,0
12/17/2019 20:00,0,0
12/17/2019 21:00,0.013107341,0.004308175
12/17/2019 22:00,0.01026166,0.003372845
12/17/2019 23:00,0.031050249,0.010205723
12/18/2019 0:00,0.134326556,0.044151004
12/18/2019 1:00,0.205008939,0.06738318
12/18/2019 2:00,0.18750411,0.061629621
12/18/2019 3:00,0.183031745,0.060159625
12/18/2019 4:00,0.209363161,0.068814343
12/18/2019 5:00,0.211060184,0.069372128
12/18/2019 6:00,0.233395123,0.076713267
12/18/2019 7:00,0.266499475,0.087594141
12/18/2019 8:00,0.263327524,0.086551572
12/18/2019 9:00,0.216332524,0.071105062
12/18/2019 10:00,0.210942335,0.069333393
12/18/2019 11:00,0.213613233,0.070211274
12/18/2019 12:00,0.225473543,0.07410957
12/18/2019 13:00,0.126460242,0.041565472
12/18/2019 14:00,0.095658835,0.031441539
12/18/2019 15:00,0.122156517,0.040150906
12/18/2019 16:00,0.24250249,0.079706714
12/18/2019 17:00,0.500969709,0.164660781
12/18/2019 18:00,0.586437513,0.192752689
12/18/2019 19:00,0.688697802,0.226364021
12/18/2019 20:00,0.851541865,0.279888276
12/18/2019 21:00,0.885235895,0.290962968
12/18/2019 22:00,0.905402194,0.29759131
12/18/2019 23:00,0.91,0.299102536
12/19/2019 0:00,0.91,0.299102536
12/19/2019 1:00,0.91,0.299102536
12/19/2019 2:00,0.91,0.299102536
12/19/2019 3:00,0.91,0.299102536
12/19/2019 4:00,0.91,0.299102536
12/19/2019 5:00,0.91,0.299102536
12/19/2019 6:00,0.898195798,0.295222682
12/19/2019 7:00,0.859164226,0.282393625
12/19/2019 8:00,0.751229104,0.246917066
12/19/2019 9:00,0.597741436,0.196468109
12/19/2019 10:00,0.536777264,0.176430155
12/19/2019 11:00,0.589269724,0.193683592
12/19/2019 12:00,0.416435529,0.136875739
12/19/2019 13:00,0.366557566,0.120481646
12/19/2019 14:00,0.410099521,0.134793194
12/19/2019 15:00,0.332725243,0.109361499
12/19/2019 16:00,0.131959806,0.043373091
12/19/2019 17:00,0.154168272,0.050672661
12/19/2019 18:00,0.16399715,0.053903257
12/19/2019 19:00,0.136222648,0.044774219
12/19/2019 20:00,0.146961603,0.048303943
12/19/2019 21:00,0.377138714,0.123959501
12/19/2019 22:00,0.467495917,0.153658477
12/19/2019 23:00,0.550834844,0.181050658
12/20/2019 0:00,0.713143543,0.234398947
12/20/2019 1:00,0.857698073,0.281911724
12/20/2019 2:00,0.886592281,0.29140879
12/20/2019 3:00,0.905742245,0.297703079
12/20/2019 4:00,0.876406898,0.288061017
12/20/2019 5:00,0.85970696,0.282572013
12/20/2019 6:00,0.840113284,0.276131883
12/20/2019 7:00,0.846013294,0.278071122
12/20/2019 8:00,0.840261816,0.276180703
12/20/2019 9:00,0.810911931,0.266533862
12/20/2019 10:00,0.788442011,0.259148357
12/20/2019 11:00,0.787942607,0.258984211
12/20/2019 12:00,0.717359633,0.235784709
12/20/2019 13:00,0.618510317,0.20329451
12/20/2019 14:00,0.541441639,0.177963261
12/20/2019 15:00,0.452554991,0.148747632
12/20/2019 16:00,0.33997514,0.111744425
12/20/2019 17:00,0.155171156,0.051002293
12/20/2019 18:00,0.072082308,0.023692309
12/20/2019 19:00,0.01132918,0.003723722
12/20/2019 20:00,0,0
12/20/2019 21:00,0.003279862,0.001078039
12/20/2019 22:00,0,0
12/20/2019 23:00,0.023203817,0.007626726
12/21/2019 0:00,0.053234117,0.017497208
12/21/2019 1:00,0.092390096,0.030367156
12/21/2019 2:00,0.204592086,0.067246167
12/21/2019 3:00,0.463883466,0.152471122
12/21/2019 4:00,0.662469121,0.21774307
12/21/2019 5:00,0.757112425,0.24885082
12/21/2019 6:00,0.768771337,0.252682919
12/21/2019 7:00,0.756968302,0.248803449
12/21/2019 8:00,0.751789733,0.247101336
12/21/2019 9:00,0.77981144,0.256311625
12/21/2019 10:00,0.7557719,0.248410211
12/21/2019 11:00,0.745598375,0.245066335
12/21/2019 12:00,0.703065361,0.231086409
12/21/2019 13:00,0.626362195,0.205875298
12/21/2019 14:00,0.502682651,0.165223797
12/21/2019 15:00,0.444337856,0.146046791
12/21/2019 16:00,0.47661264,0.156654999
12/21/2019 17:00,0.417909691,0.137360273
12/21/2019 18:00,0.301068399,0.098956397
12/21/2019 19:00,0.234016776,0.076917595
12/21/2019 20:00,0.226825843,0.074554049
12/21/2019 21:00,0.229833169,0.07554251
12/21/2019 22:00,0.218260391,0.071738721
12/21/2019 23:00,0.183335549,0.060259481
12/22/2019 0:00,0.134536935,0.044220152
12/22/2019 1:00,0.094220582,0.030968808
12/22/2019 2:00,0.063707568,0.020939665
12/22/2019 3:00,0.04519099,0.01485356
12/22/2019 4:00,0.025693712,0.008445115
12/22/2019 5:00,0.013890795,0.004565683
12/22/2019 6:00,0.000784346,0.000257802
12/22/2019 7:00,0,0
12/22/2019 8:00,0,0
12/22/2019 9:00,0,0
12/22/2019 10:00,0,0
12/22/2019 11:00,0,0
12/22/2019 12:00,0.000993648,0.000326596
12/22/2019 13:00,0.009932627,0.003264697
12/22/2019 14:00,0.019002407,0.006245789
12/22/2019 15:00,0.026486487,0.008705687
12/22/2019 16:00,0.022144891,0.007278674
12/22/2019 17:00,0.015272004,0.005019665
12/22/2019 18:00,0.006644508,0.002183944
12/22/2019 19:00,0.004179952,0.001373884
12/22/2019 20:00,0.001831927,0.000602125
12/22/2019 21:00,0,0
12/22/2019 22:00,0,0
12/22/2019 23:00,0,0
12/23/2019 0:00,0,0
12/23/2019 1:00,0,0
12/23/2019 2:00,0,0
12/23/2019 3:00,0,0
12/23/2019 4:00,0.00452629,0.001487719
12/23/2019 5:00,0.015983476,0.005253514
12/23/2019 6:00,0.011131594,0.003658778
12/23/2019 7:00,0.000966678,0.000317732
12/23/2019 8:00,0,0
12/23/2019 9:00,0,0
12/23/2019 10:00,0,0
12/23/2019 11:00,0,0
12/23/2019 12:00,0,0
12/23/2019 13:00,0,0
12/23/2019 14:00,0,0
12/23/2019 15:00,0,0
12/23/2019 16:00,0,0
12/23/2019 17:00,0,0
12/23/2019 18:00,0,0
12/23/2019 19:00,0,0
12/23/2019 20:00,0,0
12/23/2019 21:00,0,0
12/23/2019 22:00,0,0
12/23/2019 23:00,0,0
12/24/2019 0:00,0,0
12/24/2019 1:00,0,0
12/24/2019 2:00,0,0
12/24/2019 3:00,0,0
12/24/2019 4:00,0,0
12/24/2019 5:00,0,0
12/24/2019 6:00,0,0
12/24/2019 7:00,0,0
12/24/2019 8:00,0,0
12/24/2019 9:00,0,0
12/24/2019 10:00,0,0
12/24/2019 11:00,0,0
12/24/2019 12:00,0,0
12/24/2019 13:00,0,0
12/24/2019 14:00,0,0
12/24/2019 15:00,0,0
12/24/2019 16:00,0,0
12/24/2019 17:00,0,0
12/24/2019 18:00,0,0
12/24/2019 19:00,0,0
12/24/2019 20:00,0.009670258,0.00317846
12/24/2019 21:00,0.025621952,0.008421529
12/24/2019 22:00,0.01336212,0.004391917
12/24/2019 23:00,0.018590671,0.006110458
12/25/2019 0:00,0.025496285,0.008380223
12/25/2019 1:00,0.043159957,0.014185992
12/25/2019 2:00,0.07181139,0.023603262
12/25/2019 3:00,0.077057441,0.025327556
12/25/2019 4:00,0.08522679,0.028012691
12/25/2019 5:00,0.114949226,0.037781983
12/25/2019 6:00,0.136430492,0.044842534
12/25/2019 7:00,0.134237915,0.044121869
12/25/2019 8:00,0.120045406,0.039457017
12/25/2019 9:00,0.110535688,0.036331324
12/25/2019 10:00,0.068118939,0.022389612
12/25/2019 11:00,0.054472741,0.017904324
12/25/2019 12:00,0.052855002,0.017372599
12/25/2019 13:00,0.06526666,0.021452114
12/25/2019 14:00,0.05949218,0.019554134
12/25/2019 15:00,0.04225183,0.013887505
12/25/2019 16:00,0.022490027,0.007392114
12/25/2019 17:00,0.0060086,0.001974931
12/25/2019 18:00,0,0
12/25/2019 19:00,0,0
12/25/2019 20:00,0,0
12/25/2019 21:00,0,0
12/25/2019 22:00,0,0
12/25/2019 23:00,0,0
12/26/2019 0:00,0,0
12/26/2019 1:00,0.001911788,0.000628374
12/26/2019 2:00,0.016280917,0.005351279
12/26/2019 3:00,0.030347723,0.009974814
12/26/2019 4:00,0.067523428,0.022193878
12/26/2019 5:00,0.13636664,0.044821547
12/26/2019 6:00,0.245895465,0.080821931
12/26/2019 7:00,0.358224447,0.117742682
12/26/2019 8:00,0.45259646,0.148761263
12/26/2019 9:00,0.543217719,0.17854703
12/26/2019 10:00,0.589575125,0.193783972
12/26/2019 11:00,0.612426406,0.201294825
12/26/2019 12:00,0.619888557,0.203747516
12/26/2019 13:00,0.634418578,0.208523303
12/26/2019 14:00,0.646207446,0.212398116
12/26/2019 15:00,0.724307825,0.238068469
12/26/2019 16:00,0.781386871,0.256829445
12/26/2019 17:00,0.770534241,0.253262357
12/26/2019 18:00,0.7858073,0.258282369
12/26/2019 19:00,0.809141943,0.265952095
12/26/2019 20:00,0.81902429,0.269200266
12/26/2019 21:00,0.822451649,0.270326784
12/26/2019 22:00,0.820865208,0.269805346
12/26/2019 23:00,0.866574683,0.284829324
12/27/2019 0:00,0.872388965,0.286740386
12/27/2019 1:00,0.856536554,0.281529951
12/27/2019 2:00,0.891742347,0.293101535
12/27/2019 3:00,0.906006629,0.297789978
12/27/2019 4:00,0.908486957,0.298605223
12/27/2019 5:00,0.91,0.299102536
12/27/2019 6:00,0.91,0.299102536
12/27/2019 7:00,0.91,0.299102536
12/27/2019 8:00,0.91,0.299102536
12/27/2019 9:00,0.91,0.299102536
12/27/2019 10:00,0.91,0.299102536
12/27/2019 11:00,0.91,0.299102536
12/27/2019 12:00,0.91,0.299102536
12/27/2019 13:00,0.91,0.299102536
12/27/2019 14:00,0.91,0.299102536
12/27/2019 15:00,0.91,0.299102536
12/27/2019 16:00,0.91,0.299102536
12/27/2019 17:00,0.906700888,0.29801817
12/27/2019 18:00,0.885136337,0.290930245
12/27/2019 19:00,0.852136293,0.280083655
12/27/2019 20:00,0.803679323,0.264156619
12/27/2019 21:00,0.7278788,0.239242192
12/27/2019 22:00,0.561896207,0.184686352
12/27/2019 23:00,0.431555607,0.141845469
12/28/2019 0:00,0.460475041,0.151350827
12/28/2019 1:00,0.549169845,0.180503399
12/28/2019 2:00,0.582829441,0.191566773
12/28/2019 3:00,0.642375695,0.211138681
12/28/2019 4:00,0.609495046,0.200331334
12/28/2019 5:00,0.629415056,0.206878724
12/28/2019 6:00,0.726471956,0.238779785
12/28/2019 7:00,0.851927304,0.280014964
12/28/2019 8:00,0.847173653,0.278452514
12/28/2019 9:00,0.799037107,0.262630797
12/28/2019 10:00,0.828082183,0.272177451
12/28/2019 11:00,0.775403687,0.254862867
12/28/2019 12:00,0.738671039,0.242789429
12/28/2019 13:00,0.699453045,0.229899098
12/28/2019 14:00,0.691300881,0.227219611
12/28/2019 15:00,0.676206362,0.222258283
12/28/2019 16:00,0.659211409,0.216672312
12/28/2019 17:00,0.649781602,0.213572884
12/28/2019 18:00,0.683630012,0.224698319
12/28/2019 19:00,0.733713847,0.241160079
12/28/2019 20:00,0.762273426,0.250547159
12/28/2019 21:00,0.787779934,0.258930743
12/28/2019 22:00,0.807908691,0.265546745
12/28/2019 23:00,0.863677978,0.283877223
12/29/2019 0:00,0.854349932,0.280811243
12/29/2019 1:00,0.87790537,0.288553541
12/29/2019 2:00,0.908083641,0.298472659
12/29/2019 3:00,0.91,0.299102536
12/29/2019 4:00,0.91,0.299102536
12/29/2019 5:00,0.909993119,0.299100274
12/29/2019 6:00,0.90878055,0.298701722
12/29/2019 7:00,0.908924643,0.298749083
12/29/2019 8:00,0.908031586,0.298455549
12/29/2019 9:00,0.905945493,0.297769884
12/29/2019 10:00,0.900183316,0.295875948
12/29/2019 11:00,0.887036526,0.291554807
12/29/2019 12:00,0.879816389,0.289181663
12/29/2019 13:00,0.866184749,0.284701159
12/29/2019 14:00,0.855474638,0.281180916
12/29/2019 15:00,0.824903876,0.271132792
12/29/2019 16:00,0.772702157,0.253974917
12/29/2019 17:00,0.734179864,0.241313252
12/29/2019 18:00,0.727948388,0.239265064
12/29/2019 19:00,0.777466092,0.255540747
12/29/2019 20:00,0.81482201,0.267819043
12/29/2019 21:00,0.857348214,0.281796731
12/29/2019 22:00,0.857676101,0.281904502
12/29/2019 23:00,0.857077872,0.281707874
12/30/2019 0:00,0.888756652,0.292120185
12/30/2019 1:00,0.898095493,0.295189713
12/30/2019 2:00,0.895531111,0.294346842
12/30/2019 3:00,0.896732224,0.294741629
12/30/2019 4:00,0.889789074,0.292459526
12/30/2019 5:00,0.893954529,0.293828644
12/30/2019 6:00,0.868677815,0.28552059
12/30/2019 7:00,0.864334109,0.284092883
12/30/2019 8:00,0.878020714,0.288591453
12/30/2019 9:00,0.878124374,0.288625524
12/30/2019 10:00,0.886079143,0.29124013
12/30/2019 11:00,0.893722376,0.293752339
12/30/2019 12:00,0.904888071,0.297422326
12/30/2019 13:00,0.91,0.299102536
12/30/2019 14:00,0.91,0.299102536
12/30/2019 15:00,0.91,0.299102536
12/30/2019 16:00,0.91,0.299102536
12/30/2019 17:00,0.91,0.299102536
12/30/2019 18:00,0.91,0.299102536
12/30/2019 19:00,0.909230147,0.298849497
12/30/2019 20:00,0.887835715,0.291817487
12/30/2019 21:00,0.867937716,0.285277332
12/30/2019 22:00,0.839183247,0.275826195
12/30/2019 23:00,0.725109515,0.238331972
12/31/2019 0:00,0.71181589,0.233962569
12/31/2019 1:00,0.659455997,0.216752704
12/31/2019 2:00,0.445802203,0.146528098
12/31/2019 3:00,0.451978174,0.148558042
12/31/2019 4:00,0.305904936,0.10054609
12/31/2019 5:00,0.252474383,0.082984317
12/31/2019 6:00,0.142036753,0.046685223
12/31/2019 7:00,0.17497702,0.057512165
12/31/2019 8:00,0.277065398,0.091066993
12/31/2019 9:00,0.388318037,0.127633966
12/31/2019 10:00,0.40018118,0.131533193
12/31/2019 11:00,0.4527776,0.1488208
12/31/2019 12:00,0.521484368,0.171403623
12/31/2019 13:00,0.507553822,0.166824874
12/31/2019 14:00,0.506068754,0.166336756
12/31/2019 15:00,0.540991847,0.177815421
12/31/2019 16:00,0.552390673,0.181562034
12/31/2019 17:00,0.522127995,0.171615173
12/31/2019 18:00,0.474488527,0.155956837
12/31/2019 19:00,0.495221059,0.162771291
12/31/2019 20:00,0.569221359,0.187094013
12/31/2019 21:00,0.599257411,0.196966386
12/31/2019 22:00,0.39068506,0.128411969
12/31/2019 23:00,0.447899946,0.147217593
