DateTime,ActivePower,ReactivePower
01/01/2019 00:00,1.201297964,0.394847546
01/01/2019 01:00,1.202615526,0.395280608
01/01/2019 02:00,1.199890382,0.394384897
01/01/2019 03:00,1.195240462,0.392856542
01/01/2019 04:00,1.199403612,0.394224903
01/01/2019 05:00,1.208080669,0.397076914
01/01/2019 06:00,1.214713643,0.399257067
01/01/2019 07:00,1.221275982,0.401414003
01/01/2019 08:00,1.250220725,0.41092768
01/01/2019 09:00,1.269045006,0.417114922
01/01/2019 10:00,1.281096988,0.421076217
01/01/2019 11:00,1.29,0.424002496
01/01/2019 12:00,1.29,0.424002496
01/01/2019 13:00,1.28864456,0.423556984
01/01/2019 14:00,1.281102235,0.421077942
01/01/2019 15:00,1.254103628,0.412203929
01/01/2019 16:00,1.170044123,0.384574906
01/01/2019 17:00,1.066287234,0.350471665
01/01/2019 18:00,0.971558578,0.319335862
01/01/2019 19:00,0.897865806,0.295114219
01/01/2019 20:00,0.81274533,0.267136472
01/01/2019 21:00,0.711612695,0.233895782
01/01/2019 22:00,0.622410177,0.204576332
01/01/2019 23:00,0.410249763,0.134842576
01/02/2019 00:00,0.282097699,0.09272103
01/02/2019 01:00,0.206858321,0.067991042
01/02/2019 02:00,0.171256036,0.056289137
01/02/2019 03:00,0.156728674,0.051514224
01/02/2019 04:00,0.137775209,0.045284521
01/02/2019 05:00,0.120255167,0.039525962
01/02/2019 06:00,0.101494847,0.033359743
01/02/2019 07:00,0.086242296,0.028346472
01/02/2019 08:00,0.074982296,0.024645489
01/02/2019 09:00,0.068184166,0.022411052
01/02/2019 10:00,0.063332442,0.020816367
01/02/2019 11:00,0.079381786,0.026091531
01/02/2019 12:00,0.097623122,0.032087168
01/02/2019 13:00,0.105150034,0.034561145
01/02/2019 14:00,0.103052425,0.033871694
01/02/2019 15:00,0.100696939,0.033097483
01/02/2019 16:00,0.101519081,0.033367708
01/02/2019 17:00,0.080883282,0.026585049
01/02/2019 18:00,0.086807235,0.028532158
01/02/2019 19:00,0.110294338,0.036251996
01/02/2019 20:00,0.134876152,0.044331647
01/02/2019 21:00,0.144673471,0.04755187
01/02/2019 22:00,0.078792932,0.025897984
01/02/2019 23:00,0.082815539,0.027220151
01/03/2019 00:00,0.09533557,0.031335286
01/03/2019 01:00,0.094364639,0.031016157
01/03/2019 02:00,0.074100008,0.024355495
01/03/2019 03:00,0.073348702,0.024108552
01/03/2019 04:00,0.081313281,0.026726383
01/03/2019 05:00,0.099256884,0.03262416
01/03/2019 06:00,0.135311912,0.044474875
01/03/2019 07:00,0.180740088,0.059406394
01/03/2019 08:00,0.200467261,0.065890402
01/03/2019 09:00,0.235611089,0.07744162
01/03/2019 10:00,0.278467105,0.091527711
01/03/2019 11:00,0.332869204,0.109408816
01/03/2019 12:00,0.418861574,0.137673142
01/03/2019 13:00,0.527037967,0.173229003
01/03/2019 14:00,0.53338324,0.175314593
01/03/2019 15:00,0.508143041,0.167018541
01/03/2019 16:00,0.498077288,0.163710088
01/03/2019 17:00,0.555617012,0.18262248
01/03/2019 18:00,0.702512292,0.230904624
01/03/2019 19:00,0.913056937,0.300107302
01/03/2019 20:00,0.988583449,0.324931666
01/03/2019 21:00,0.978246589,0.321534105
01/03/2019 22:00,1.005102966,0.330361369
01/03/2019 23:00,0.980951618,0.322423205
01/04/2019 00:00,1.01767004,0.334491966
01/04/2019 01:00,0.989106675,0.325103642
01/04/2019 02:00,1.021952979,0.335899701
01/04/2019 03:00,1.103113968,0.362576028
01/04/2019 04:00,1.167536735,0.383750767
01/04/2019 05:00,1.240711894,0.407802279
01/04/2019 06:00,1.26009992,0.414174815
01/04/2019 07:00,1.248580275,0.41038849
01/04/2019 08:00,1.24825928,0.410282984
01/04/2019 09:00,1.24866188,0.410415313
01/04/2019 10:00,1.253706767,0.412073487
01/04/2019 11:00,1.275045225,0.419087099
01/04/2019 12:00,1.27731034,0.419831606
01/04/2019 13:00,1.270295695,0.417526004
01/04/2019 14:00,1.217609316,0.400208828
01/04/2019 15:00,1.145969069,0.376661818
01/04/2019 16:00,1.176432175,0.386674557
01/04/2019 17:00,1.183121315,0.388873171
01/04/2019 18:00,1.144422868,0.376153606
01/04/2019 19:00,1.158660461,0.380833277
01/04/2019 20:00,1.116594889,0.367006992
01/04/2019 21:00,1.070788802,0.351951259
01/04/2019 22:00,1.069738129,0.35160592
01/04/2019 23:00,1.04092448,0.342135331
01/05/2019 00:00,1.033828159,0.339802883
01/05/2019 01:00,0.96551312,0.317348816
01/05/2019 02:00,0.967794501,0.31809867
01/05/2019 03:00,0.985953186,0.324067141
01/05/2019 04:00,0.977701562,0.321354963
01/05/2019 05:00,0.898996307,0.295485797
01/05/2019 06:00,0.885317304,0.290989726
01/05/2019 07:00,0.893714258,0.293749671
01/05/2019 08:00,0.868146903,0.285346088
01/05/2019 09:00,0.873330539,0.287049867
01/05/2019 10:00,0.898933827,0.295465261
01/05/2019 11:00,0.978160274,0.321505734
01/05/2019 12:00,0.951539997,0.312756073
01/05/2019 13:00,0.932231329,0.30640962
01/05/2019 14:00,0.920537519,0.302566051
01/05/2019 15:00,0.915290082,0.300841302
01/05/2019 16:00,0.88628369,0.291307361
01/05/2019 17:00,0.745813111,0.245136915
01/05/2019 18:00,0.679430312,0.223317944
01/05/2019 19:00,0.650479558,0.213802292
01/05/2019 20:00,0.54895024,0.180431219
01/05/2019 21:00,0.629061768,0.206762604
01/05/2019 22:00,0.659036367,0.216614778
01/05/2019 23:00,0.810040541,0.26624745
01/06/2019 00:00,0.970017269,0.318829258
01/06/2019 01:00,1.040981585,0.342154101
01/06/2019 02:00,0.952451968,0.313055823
01/06/2019 03:00,0.955307919,0.313994528
01/06/2019 04:00,0.890766959,0.292780941
01/06/2019 05:00,0.767143617,0.252147913
01/06/2019 06:00,0.737986179,0.242564327
01/06/2019 07:00,0.544768721,0.17905682
01/06/2019 08:00,0.35041392,0.115175486
01/06/2019 09:00,0.261890262,0.086079166
01/06/2019 10:00,0.23556206,0.077425505
01/06/2019 11:00,0.207844322,0.068315125
01/06/2019 12:00,0.191014215,0.062783336
01/06/2019 13:00,0.18895672,0.062107071
01/06/2019 14:00,0.114316185,0.037573913
01/06/2019 15:00,0.046444517,0.015265575
01/06/2019 16:00,0.023901088,0.007855908
01/06/2019 17:00,0,0
01/06/2019 18:00,0,0
01/06/2019 19:00,0,0
01/06/2019 20:00,0.010219208,0.003358891
01/06/2019 21:00,0.073263909,0.024080682
01/06/2019 22:00,0.32632547,0.107257995
01/06/2019 23:00,0.916519295,0.301245324
01/07/2019 00:00,1.107719492,0.36408979
01/07/2019 01:00,1.224763673,0.402560352
01/07/2019 02:00,1.255738937,0.412741429
01/07/2019 03:00,1.267256572,0.416527093
01/07/2019 04:00,1.276010184,0.419404266
01/07/2019 05:00,1.287737275,0.423258774
01/07/2019 06:00,1.274634829,0.418952208
01/07/2019 07:00,1.189185677,0.39086643
01/07/2019 08:00,1.162318729,0.382035691
01/07/2019 09:00,0,0
01/07/2019 10:00,0,0
01/07/2019 11:00,0,0
01/07/2019 12:00,0,0
01/07/2019 13:00,0,0
01/07/2019 14:00,0,0
01/07/2019 15:00,0,0
01/07/2019 16:00,0,0
01/07/2019 17:00,0,0
01/07/2019 18:00,0,0
01/07/2019 19:00,0,0
01/07/2019 20:00,0,0
01/07/2019 21:00,0,0
01/07/2019 22:00,0,0
01/07/2019 23:00,0,0
01/08/2019 00:00,0,0
01/08/2019 01:00,1.167791548,0.38383452
01/08/2019 02:00,1.199362355,0.394211342
01/08/2019 03:00,1.214902648,0.39931919
01/08/2019 04:00,1.22306279,0.402001299
01/08/2019 05:00,1.233633977,0.40547588
01/08/2019 06:00,1.272966526,0.418403863
01/08/2019 07:00,1.280626666,0.42092163
01/08/2019 08:00,1.28016224,0.42076898
01/08/2019 09:00,1.287729923,0.423256357
01/08/2019 10:00,1.288386264,0.423472086
01/08/2019 11:00,1.287914144,0.423316908
01/08/2019 12:00,1.287501676,0.423181336
01/08/2019 13:00,1.29,0.424002496
01/08/2019 14:00,1.289461326,0.423825442
01/08/2019 15:00,1.270784982,0.417686825
01/08/2019 16:00,1.192331078,0.391900273
01/08/2019 17:00,1.166926629,0.383550235
01/08/2019 18:00,1.122090971,0.368813467
01/08/2019 19:00,1.050536427,0.345294625
01/08/2019 20:00,0.968299487,0.31826465
01/08/2019 21:00,0.82542173,0.271303003
01/08/2019 22:00,0.767644242,0.252312461
01/08/2019 23:00,0.63447587,0.208542133
01/09/2019 00:00,0.569626568,0.187227199
01/09/2019 01:00,0.513429781,0.168756208
01/09/2019 02:00,0.441138587,0.144995242
01/09/2019 03:00,0.264257276,0.086857166
01/09/2019 04:00,0.194314696,0.063868152
01/09/2019 05:00,0.161227076,0.052992777
01/09/2019 06:00,0.146374607,0.048111007
01/09/2019 07:00,0.112606332,0.037011911
01/09/2019 08:00,0.07631133,0.025082321
01/09/2019 09:00,0.023299003,0.007658012
01/09/2019 10:00,0,0
01/09/2019 11:00,0.013016268,0.00427824
01/09/2019 12:00,0.06870574,0.022582485
01/09/2019 13:00,0.190616595,0.062652645
01/09/2019 14:00,0.435027876,0.142986748
01/09/2019 15:00,0.666253803,0.218987035
01/09/2019 16:00,0.701530341,0.230581872
01/09/2019 17:00,0.713261735,0.234437795
01/09/2019 18:00,0.905134766,0.297503411
01/09/2019 19:00,1.025596399,0.337097235
01/09/2019 20:00,1.014433281,0.333428095
01/09/2019 21:00,1.047940491,0.344441383
01/09/2019 22:00,0.990096739,0.325429061
01/09/2019 23:00,1.038951197,0.341486744
01/10/2019 00:00,1.141035502,0.375040233
01/10/2019 01:00,1.215796015,0.399612825
01/10/2019 02:00,1.229142068,0.403999461
01/10/2019 03:00,1.235610915,0.406125668
01/10/2019 04:00,1.226256752,0.403051103
01/10/2019 05:00,1.230697072,0.404510566
01/10/2019 06:00,1.245434222,0.409354433
01/10/2019 07:00,1.272727265,0.418325222
01/10/2019 08:00,1.269592305,0.417294811
01/10/2019 09:00,1.263560458,0.415312238
01/10/2019 10:00,1.263830112,0.41540087
01/10/2019 11:00,1.228912667,0.40392406
01/10/2019 12:00,1.245319936,0.409316869
01/10/2019 13:00,1.288788677,0.423604353
01/10/2019 14:00,1.29,0.424002496
01/10/2019 15:00,1.28853301,0.423520319
01/10/2019 16:00,1.286825543,0.422959102
01/10/2019 17:00,1.29,0.424002496
01/10/2019 18:00,1.29,0.424002496
01/10/2019 19:00,1.29,0.424002496
01/10/2019 20:00,1.29,0.424002496
01/10/2019 21:00,1.29,0.424002496
01/10/2019 22:00,1.28947589,0.423830229
01/10/2019 23:00,1.289807041,0.423939073
01/11/2019 00:00,1.29,0.424002496
01/11/2019 01:00,1.29,0.424002496
01/11/2019 02:00,1.29,0.424002496
01/11/2019 03:00,1.289400232,0.423805362
01/11/2019 04:00,1.281709334,0.421277486
01/11/2019 05:00,1.232611481,0.405139802
01/11/2019 06:00,1.100189456,0.361614787
01/11/2019 07:00,0.970275219,0.318914042
01/11/2019 08:00,0.871851066,0.286563587
01/11/2019 09:00,0.835197925,0.274516283
01/11/2019 10:00,0.922121966,0.303086833
01/11/2019 11:00,0.898164493,0.295212393
01/11/2019 12:00,0.882990761,0.290225028
01/11/2019 13:00,0.916793136,0.301335332
01/11/2019 14:00,0.954089996,0.313594217
01/11/2019 15:00,0.964157409,0.316903215
01/11/2019 16:00,0.992941339,0.326364036
01/11/2019 17:00,1.01029851,0.332069062
01/11/2019 18:00,1.017476415,0.334428325
01/11/2019 19:00,1.069296835,0.351460873
01/11/2019 20:00,0.927269515,0.304778751
01/11/2019 21:00,1.070812096,0.351958915
01/11/2019 22:00,1.227678712,0.403518479
01/11/2019 23:00,1.29,0.424002496
01/12/2019 00:00,1.221002799,0.401324212
01/12/2019 01:00,1.277774872,0.41998429
01/12/2019 02:00,1.277433149,0.419871972
01/12/2019 03:00,1.259584727,0.414005479
01/12/2019 04:00,1.253138768,0.411886795
01/12/2019 05:00,1.25110293,0.411217647
01/12/2019 06:00,1.239158516,0.407291708
01/12/2019 07:00,1.253711844,0.412075156
01/12/2019 08:00,1.260419285,0.414279785
01/12/2019 09:00,1.23476137,0.405846436
01/12/2019 10:00,1.242634552,0.408434226
01/12/2019 11:00,1.207931388,0.397027847
01/12/2019 12:00,1.181200558,0.388241849
01/12/2019 13:00,1.233799901,0.405530416
01/12/2019 14:00,1.273487313,0.418575038
01/12/2019 15:00,1.29,0.424002496
01/12/2019 16:00,1.277766807,0.41998164
01/12/2019 17:00,1.203092443,0.395437363
01/12/2019 18:00,1.151667934,0.378534944
01/12/2019 19:00,1.187105313,0.390182647
01/12/2019 20:00,1.29,0.424002496
01/12/2019 21:00,1.251394523,0.411313489
01/12/2019 22:00,1.25562287,0.412703279
01/12/2019 23:00,1.23468753,0.405822166
1/13/2019 0:00,1.225446426,0.402784762
1/13/2019 1:00,1.211700175,0.398266588
1/13/2019 2:00,1.210891266,0.398000712
1/13/2019 3:00,1.1873876,0.390275431
1/13/2019 4:00,1.169664714,0.3844502
1/13/2019 5:00,1.169027849,0.384240872
1/13/2019 6:00,1.166679218,0.383468915
1/13/2019 7:00,1.167350409,0.383689525
1/13/2019 8:00,1.19156173,0.391647401
1/13/2019 9:00,1.180062694,0.387867851
1/13/2019 10:00,1.199593857,0.394287434
1/13/2019 11:00,1.254089726,0.412199359
1/13/2019 12:00,1.286916101,0.422988867
1/13/2019 13:00,1.264817378,0.415725368
1/13/2019 14:00,0.802497986,0.263768332
1/13/2019 15:00,0.273243871,0.089810917
1/13/2019 16:00,0.739285831,0.242991502
1/13/2019 17:00,1.124352987,0.369556955
1/13/2019 18:00,1.199652745,0.394306789
1/13/2019 19:00,1.184999309,0.389490438
1/13/2019 20:00,0.996993596,0.327695948
1/13/2019 21:00,0.769694926,0.252986488
1/13/2019 22:00,1.116263675,0.366898127
1/13/2019 23:00,1.168657988,0.384119305
1/14/2019 0:00,1.167204738,0.383641645
1/14/2019 1:00,1.254970327,0.412488799
1/14/2019 2:00,1.276086511,0.419429353
1/14/2019 3:00,1.272192732,0.41814953
1/14/2019 4:00,1.163273017,0.382349351
1/14/2019 5:00,0.963204223,0.316589918
1/14/2019 6:00,0.718763205,0.236246041
1/14/2019 7:00,0.527538626,0.173393561
1/14/2019 8:00,0.514132311,0.168987119
1/14/2019 9:00,0.705910788,0.232021656
1/14/2019 10:00,0.716170148,0.235393744
1/14/2019 11:00,1.212544948,0.398544251
1/14/2019 12:00,1.276405276,0.419534126
1/14/2019 13:00,1.198397402,0.393894178
1/14/2019 14:00,1.288016918,0.423350688
1/14/2019 15:00,1.29,0.424002496
1/14/2019 16:00,1.273627334,0.418621061
1/14/2019 17:00,1.024446505,0.336719283
1/14/2019 18:00,0.531525232,0.174703895
1/14/2019 19:00,0.204899329,0.067347152
1/14/2019 20:00,0.225411798,0.074089275
1/14/2019 21:00,1.038255297,0.341258013
1/14/2019 22:00,1.281865137,0.421328695
1/14/2019 23:00,1.230712253,0.404515556
1/15/2019 0:00,1.209312056,0.397481651
1/15/2019 1:00,1.211627201,0.398242602
1/15/2019 2:00,1.22117088,0.401379458
1/15/2019 3:00,1.218310012,0.400439136
1/15/2019 4:00,1.240193176,0.407631784
1/15/2019 5:00,1.265770768,0.416038732
1/15/2019 6:00,1.277757129,0.419978459
1/15/2019 7:00,1.279701967,0.420617696
1/15/2019 8:00,1.289719516,0.423910305
1/15/2019 9:00,1.29,0.424002496
1/15/2019 10:00,1.285594728,0.422554553
1/15/2019 11:00,1.160835621,0.381548217
1/15/2019 12:00,0.923840128,0.303651566
1/15/2019 13:00,0.695517222,0.228605456
1/15/2019 14:00,0.287496303,0.094495465
1/15/2019 15:00,0.070983748,0.02333123
1/15/2019 16:00,0,0
1/15/2019 17:00,0.100341778,0.032980748
1/15/2019 18:00,0.320133789,0.105222888
1/15/2019 19:00,0.578520512,0.190150497
1/15/2019 20:00,1.151463633,0.378467794
1/15/2019 21:00,1.28983483,0.423948207
1/15/2019 22:00,1.227467479,0.40344905
1/15/2019 23:00,1.217244648,0.400088968
1/16/2019 0:00,1.209380816,0.397504251
1/16/2019 1:00,1.198184616,0.393824238
1/16/2019 2:00,1.218735511,0.400578991
1/16/2019 3:00,1.253140516,0.411887369
1/16/2019 4:00,1.29,0.424002496
1/16/2019 5:00,1.152094838,0.378675261
1/16/2019 6:00,0.831887466,0.273428187
1/16/2019 7:00,0.422192823,0.13876807
1/16/2019 8:00,0.182732605,0.060061303
1/16/2019 9:00,0.088221674,0.028997062
1/16/2019 10:00,0.10444478,0.034329339
1/16/2019 11:00,0.079335658,0.02607637
1/16/2019 12:00,0.069317684,0.022783621
1/16/2019 13:00,0.075886821,0.024942792
1/16/2019 14:00,0.17541462,0.057655997
1/16/2019 15:00,0.803876761,0.264221514
1/16/2019 16:00,1.279403222,0.420519503
1/16/2019 17:00,1.29,0.424002496
1/16/2019 18:00,1.29,0.424002496
1/16/2019 19:00,1.29,0.424002496
1/16/2019 20:00,1.280322273,0.420821581
1/16/2019 21:00,1.285209458,0.422427921
1/16/2019 22:00,1.252066053,0.41153421
1/16/2019 23:00,1.217646983,0.400221209
1/17/2019 0:00,1.167746352,0.383819665
1/17/2019 1:00,0,0
1/17/2019 2:00,1.17734378,0.386974187
1/17/2019 3:00,1.20550882,0.396231588
1/17/2019 4:00,1.235388129,0.406052442
1/17/2019 5:00,1.231594142,0.404805418
1/17/2019 6:00,1.245131932,0.409255075
1/17/2019 7:00,1.264566249,0.415642826
1/17/2019 8:00,1.274402556,0.418875864
1/17/2019 9:00,1.287930097,0.423322151
1/17/2019 10:00,1.288673501,0.423566497
1/17/2019 11:00,1.176145979,0.386580489
1/17/2019 12:00,1.069899109,0.351658831
1/17/2019 13:00,0.994295464,0.326809115
1/17/2019 14:00,0.833492493,0.273955734
1/17/2019 15:00,0.670052041,0.220235456
1/17/2019 16:00,0.438819232,0.144232907
1/17/2019 17:00,0.283035676,0.093029328
1/17/2019 18:00,0.211324838,0.069459115
1/17/2019 19:00,0.157827531,0.051875401
1/17/2019 20:00,0.109874742,0.036114081
1/17/2019 21:00,0.060371261,0.019843074
1/17/2019 22:00,0.009749924,0.003204645
1/17/2019 23:00,0,0
1/18/2019 0:00,0,0
1/18/2019 1:00,0,0
1/18/2019 2:00,0,0
1/18/2019 3:00,0,0
1/18/2019 4:00,0.008619547,0.002833108
1/18/2019 5:00,0.067091409,0.02205188
1/18/2019 6:00,0.118138877,0.038830371
1/18/2019 7:00,0.17123763,0.056283087
1/18/2019 8:00,0.232491421,0.076416235
1/18/2019 9:00,0.321935382,0.105815043
1/18/2019 10:00,0.470381845,0.154607036
1/18/2019 11:00,0.618680016,0.203350288
1/18/2019 12:00,0.698991835,0.229747506
1/18/2019 13:00,0.77321007,0.25414186
1/18/2019 14:00,0.874079669,0.287296094
1/18/2019 15:00,0.913480224,0.30024643
1/18/2019 16:00,0.908939679,0.298754025
1/18/2019 17:00,0.875271763,0.287687916
1/18/2019 18:00,0.767794486,0.252361844
1/18/2019 19:00,0.643642497,0.211555058
1/18/2019 20:00,0.566984419,0.186358766
1/18/2019 21:00,0.555482346,0.182578218
1/18/2019 22:00,0.708620656,0.232912346
1/18/2019 23:00,0.609419276,0.200306429
1/19/2019 0:00,0.614264476,0.20189897
1/19/2019 1:00,0.686162544,0.225530722
1/19/2019 2:00,0.676299005,0.222288733
1/19/2019 3:00,0.677576946,0.222708772
1/19/2019 4:00,0.579583431,0.190499861
1/19/2019 5:00,0.450497255,0.148071287
1/19/2019 6:00,0.370916624,0.121914399
1/19/2019 7:00,0.294540424,0.096810756
1/19/2019 8:00,0.241532005,0.079387731
1/19/2019 9:00,0.252530143,0.083002644
1/19/2019 10:00,0.436456744,0.143456394
1/19/2019 11:00,0.455299035,0.149649556
1/19/2019 12:00,0.356374319,0.117134574
1/19/2019 13:00,0.304126965,0.099961699
1/19/2019 14:00,0.243467877,0.080024021
1/19/2019 15:00,0.208073744,0.068390532
1/19/2019 16:00,0.1588951,0.052226294
1/19/2019 17:00,0.120765986,0.03969386
1/19/2019 18:00,0.100045031,0.032883211
1/19/2019 19:00,0.086237602,0.028344929
1/19/2019 20:00,0.094783111,0.031153702
1/19/2019 21:00,0.096141485,0.031600178
1/19/2019 22:00,0.0660066,0.02169532
1/19/2019 23:00,0.070028551,0.023017272
1/20/2019 0:00,0.078736072,0.025879295
1/20/2019 1:00,0.094342393,0.031008845
1/20/2019 2:00,0.095170383,0.031280992
1/20/2019 3:00,0.110453336,0.036304256
1/20/2019 4:00,0.157861222,0.051886475
1/20/2019 5:00,0.248852153,0.081793747
1/20/2019 6:00,0.435440555,0.143122389
1/20/2019 7:00,0.675645892,0.222074065
1/20/2019 8:00,0.749687096,0.246410232
1/20/2019 9:00,0.982313877,0.322870958
1/20/2019 10:00,1.287628414,0.423222993
1/20/2019 11:00,1.24378476,0.408812281
1/20/2019 12:00,1.15093102,0.378292732
1/20/2019 13:00,1.269371253,0.417222154
1/20/2019 14:00,1.274836728,0.419018569
1/20/2019 15:00,1.270981603,0.417751451
1/20/2019 16:00,1.287449199,0.423164088
1/20/2019 17:00,1.28285936,0.421655481
1/20/2019 18:00,1.232633448,0.405147022
1/20/2019 19:00,1.159024092,0.380952797
1/20/2019 20:00,1.094266274,0.359667931
1/20/2019 21:00,1.02179447,0.335847601
1/20/2019 22:00,0.806953806,0.26523289
1/20/2019 23:00,0.702718864,0.230972521
1/21/2019 0:00,0.703014097,0.231069559
1/21/2019 1:00,0.785851344,0.258296846
1/21/2019 2:00,0.910917805,0.299404204
1/21/2019 3:00,0.991736277,0.325967951
1/21/2019 4:00,0.953352094,0.31335168
1/21/2019 5:00,1.001565799,0.329198758
1/21/2019 6:00,1.031813958,0.339140847
1/21/2019 7:00,1.014731066,0.333525972
1/21/2019 8:00,0.983919512,0.323398704
1/21/2019 9:00,1.05428046,0.34652523
1/21/2019 10:00,1.12419213,0.369504084
1/21/2019 11:00,1.196229773,0.393181712
1/21/2019 12:00,1.252924183,0.411816264
1/21/2019 13:00,1.274484286,0.418902727
1/21/2019 14:00,1.269482303,0.417258655
1/21/2019 15:00,1.276047493,0.419416529
1/21/2019 16:00,1.287682033,0.423240617
1/21/2019 17:00,1.29,0.424002496
1/21/2019 18:00,1.287766674,0.423268437
1/21/2019 19:00,1.260172245,0.414198587
1/21/2019 20:00,1.252149024,0.411561482
1/21/2019 21:00,1.276194951,0.419464995
1/21/2019 22:00,0.918935635,0.302039537
1/21/2019 23:00,0.689076002,0.226488329
1/22/2019 0:00,0.521342081,0.171356855
1/22/2019 1:00,0.578470312,0.190133997
1/22/2019 2:00,0.541406686,0.177951772
1/22/2019 3:00,0.423509587,0.13920087
1/22/2019 4:00,0.448315341,0.147354127
1/22/2019 5:00,0.646826032,0.212601436
1/22/2019 6:00,0.734684837,0.241479228
1/22/2019 7:00,0.527613818,0.173418276
1/22/2019 8:00,0.339664966,0.111642475
1/22/2019 9:00,0.273595459,0.089926478
1/22/2019 10:00,0.300871336,0.098891626
1/22/2019 11:00,0.247546612,0.081364637
1/22/2019 12:00,0.264781006,0.087029308
1/22/2019 13:00,0.251695009,0.082728149
1/22/2019 14:00,0.280526375,0.092204561
1/22/2019 15:00,0.341504454,0.112247086
1/22/2019 16:00,0.366945818,0.120609258
1/22/2019 17:00,0.393342283,0.129285356
1/22/2019 18:00,0.486492973,0.159902507
1/22/2019 19:00,0.546339558,0.179573129
1/22/2019 20:00,0.573803522,0.188600097
1/22/2019 21:00,0.565754155,0.185954398
1/22/2019 22:00,0.419204075,0.137785716
1/22/2019 23:00,0.370830901,0.121886223
1/23/2019 0:00,0.307567054,0.101092402
1/23/2019 1:00,0.258166662,0.084855278
1/23/2019 2:00,0.257806149,0.084736783
1/23/2019 3:00,0.259024937,0.08513738
1/23/2019 4:00,0.260232604,0.085534321
1/23/2019 5:00,0.281165558,0.09241465
1/23/2019 6:00,0.251296805,0.082597266
1/23/2019 7:00,0.217771014,0.071577871
1/23/2019 8:00,0.196505126,0.064588111
1/23/2019 9:00,0.196589049,0.064615696
1/23/2019 10:00,0.093534625,0.030743345
1/23/2019 11:00,0.085546029,0.02811762
1/23/2019 12:00,0.103909077,0.034153262
1/23/2019 13:00,0.114932785,0.037776579
1/23/2019 14:00,0.111325988,0.036591083
1/23/2019 15:00,0.108019078,0.035504154
1/23/2019 16:00,0.12729915,0.041841207
1/23/2019 17:00,0.107536094,0.035345405
1/23/2019 18:00,0.099186782,0.032601119
1/23/2019 19:00,0.092320068,0.030344139
1/23/2019 20:00,0.083545118,0.027459952
1/23/2019 21:00,0.061850097,0.020329144
1/23/2019 22:00,0,0
1/23/2019 23:00,0,0
1/24/2019 0:00,0,0
1/24/2019 1:00,0,0
1/24/2019 2:00,0.008145218,0.002677204
1/24/2019 3:00,0.01142336,0.003754677
1/24/2019 4:00,0.009470155,0.00311269
1/24/2019 5:00,0.009292049,0.003054149
1/24/2019 6:00,0.008795902,0.002891073
1/24/2019 7:00,0.007709561,0.00253401
1/24/2019 8:00,0,0
1/24/2019 9:00,0,0
1/24/2019 10:00,0,0
1/24/2019 11:00,0,0
1/24/2019 12:00,0.012746071,0.004189431
1/24/2019 13:00,0.031086559,0.010217658
1/24/2019 14:00,0.06872146,0.022587652
1/24/2019 15:00,0.071596429,0.023532608
1/24/2019 16:00,0.064030391,0.021045772
1/24/2019 17:00,0.080340847,0.026406759
1/24/2019 18:00,0.127266966,0.041830629
1/24/2019 19:00,0.23554097,0.077418573
1/24/2019 20:00,0.330942593,0.10877557
1/24/2019 21:00,0.465268458,0.152926347
1/24/2019 22:00,0.677969678,0.222837857
1/24/2019 23:00,0.85104619,0.279725355
1/25/2019 0:00,0.996605449,0.32756837
1/25/2019 1:00,1.05604696,0.34710585
1/25/2019 2:00,0.956766677,0.314473999
1/25/2019 3:00,0.854510954,0.280864168
1/25/2019 4:00,1.160750649,0.381520288
1/25/2019 5:00,1.288962736,0.423661563
1/25/2019 6:00,1.29,0.424002496
1/25/2019 7:00,1.288283046,0.42343816
1/25/2019 8:00,1.29,0.424002496
1/25/2019 9:00,1.29,0.424002496
1/25/2019 10:00,1.28768561,0.423241792
1/25/2019 11:00,1.285041727,0.42237279
1/25/2019 12:00,1.224608194,0.402509249
1/25/2019 13:00,1.209307728,0.397480228
1/25/2019 14:00,1.198683157,0.393988101
1/25/2019 15:00,1.20385876,0.395689239
1/25/2019 16:00,1.202507985,0.395245261
1/25/2019 17:00,1.21380384,0.398958029
1/25/2019 18:00,1.254789735,0.412429441
1/25/2019 19:00,1.289902615,0.423970487
1/25/2019 20:00,1.288615922,0.423547571
1/25/2019 21:00,1.238322608,0.407016958
1/25/2019 22:00,0.968356017,0.318283231
1/25/2019 23:00,0.812437817,0.267035397
1/26/2019 0:00,0.671717859,0.220782983
1/26/2019 1:00,0.549439914,0.180592167
1/26/2019 2:00,0.368064183,0.120976847
1/26/2019 3:00,0.27629708,0.090814459
1/26/2019 4:00,0.160612167,0.052790666
1/26/2019 5:00,0.142714861,0.046908106
1/26/2019 6:00,0.153783835,0.050546302
1/26/2019 7:00,0.234692101,0.077139563
1/26/2019 8:00,0.271762773,0.089324104
1/26/2019 9:00,0.296435834,0.097433747
1/26/2019 10:00,0.235905357,0.077538341
1/26/2019 11:00,0.411009363,0.135092245
1/26/2019 12:00,0.669849052,0.220168736
1/26/2019 13:00,0.896611069,0.294701807
1/26/2019 14:00,1.128026444,0.370764362
1/26/2019 15:00,1.266898375,0.416409359
1/26/2019 16:00,1.29,0.424002496
1/26/2019 17:00,1.287620857,0.423220509
1/26/2019 18:00,1.285930887,0.422665043
1/26/2019 19:00,1.29,0.424002496
1/26/2019 20:00,1.29,0.424002496
1/26/2019 21:00,1.270686357,0.417654408
1/26/2019 22:00,1.255543287,0.412677122
1/26/2019 23:00,1.036115063,0.340554552
1/27/2019 0:00,1.049714353,0.345024423
1/27/2019 1:00,1.119501061,0.367962204
1/27/2019 2:00,1.253424707,0.411980778
1/27/2019 3:00,1.281953296,0.421357672
1/27/2019 4:00,1.255950814,0.412811069
1/27/2019 5:00,1.206154059,0.396443668
1/27/2019 6:00,1.227448382,0.403442773
1/27/2019 7:00,1.281406138,0.42117783
1/27/2019 8:00,1.29,0.424002496
1/27/2019 9:00,1.29,0.424002496
1/27/2019 10:00,1.265056644,0.415804011
1/27/2019 11:00,1.257966481,0.413473587
1/27/2019 12:00,1.259068294,0.413835736
1/27/2019 13:00,1.265305177,0.4158857
1/27/2019 14:00,1.279730092,0.42062694
1/27/2019 15:00,1.29,0.424002496
1/27/2019 16:00,1.29,0.424002496
1/27/2019 17:00,1.29,0.424002496
1/27/2019 18:00,1.276171673,0.419457344
1/27/2019 19:00,1.239018688,0.407245749
1/27/2019 20:00,1.224661431,0.402526747
1/27/2019 21:00,1.211455844,0.39818628
1/27/2019 22:00,1.245884273,0.409502357
1/27/2019 23:00,1.25924544,0.413893961
1/28/2019 0:00,1.221140715,0.401369543
1/28/2019 1:00,1.138596203,0.374238474
1/28/2019 2:00,1.090818984,0.358534862
1/28/2019 3:00,1.082203948,0.355703236
1/28/2019 4:00,1.020946745,0.335568967
1/28/2019 5:00,0.916255934,0.301158762
1/28/2019 6:00,0.805575894,0.264779992
1/28/2019 7:00,0.720081722,0.236679416
1/28/2019 8:00,0.673065319,0.221225872
1/28/2019 9:00,0.607377952,0.199635479
1/28/2019 10:00,0.749770621,0.246437686
1/28/2019 11:00,0.797505643,0.262127429
1/28/2019 12:00,0.712541276,0.234200992
1/28/2019 13:00,0.682225974,0.224236834
1/28/2019 14:00,0.727658338,0.23916973
1/28/2019 15:00,0.886654781,0.291429333
1/28/2019 16:00,0.858783847,0.2822686
1/28/2019 17:00,0.853513451,0.280536305
1/28/2019 18:00,0.949627145,0.312127349
1/28/2019 19:00,1.018077827,0.334626
1/28/2019 20:00,1.07773078,0.354232977
1/28/2019 21:00,1.063903309,0.349688107
1/28/2019 22:00,0.892739095,0.293429151
1/28/2019 23:00,0.719082153,0.236350874
1/29/2019 0:00,0.729243291,0.239690679
1/29/2019 1:00,0.872622873,0.286817268
1/29/2019 2:00,0.807384124,0.265374328
1/29/2019 3:00,0.572672594,0.188228379
1/29/2019 4:00,0.341511033,0.112249248
1/29/2019 5:00,0.350413837,0.115175459
1/29/2019 6:00,0.368092016,0.120985995
1/29/2019 7:00,0.351547978,0.115548232
1/29/2019 8:00,0.309923939,0.101867073
1/29/2019 9:00,0.296722285,0.097527899
1/29/2019 10:00,0.220172381,0.072367162
1/29/2019 11:00,0.183874122,0.060436501
1/29/2019 12:00,0.193929813,0.063741647
1/29/2019 13:00,0.235417017,0.077377832
1/29/2019 14:00,0.243990802,0.080195899
1/29/2019 15:00,0.200101218,0.06577009
1/29/2019 16:00,0.171759717,0.056454689
1/29/2019 17:00,0.188266607,0.061880241
1/29/2019 18:00,0.203288374,0.066817657
1/29/2019 19:00,0.213083423,0.070037134
1/29/2019 20:00,0.188867536,0.062077757
1/29/2019 21:00,0.186801447,0.061398666
1/29/2019 22:00,0.193863794,0.063719948
1/29/2019 23:00,0.223641715,0.073507477
1/30/2019 0:00,0.301444977,0.099080172
1/30/2019 1:00,0.319748408,0.105096219
1/30/2019 2:00,0.277154165,0.091096169
1/30/2019 3:00,0.283483064,0.093176377
1/30/2019 4:00,0.289177007,0.095047886
1/30/2019 5:00,0.274475676,0.090215792
1/30/2019 6:00,0.242245407,0.079622215
1/30/2019 7:00,0.196220202,0.064494462
1/30/2019 8:00,0.12120043,0.039836655
1/30/2019 9:00,0.049143709,0.016152756
1/30/2019 10:00,0.151038738,0.049644032
1/30/2019 11:00,0.162126574,0.053288428
1/30/2019 12:00,0.108480399,0.035655783
1/30/2019 13:00,0.010784294,0.003544626
1/30/2019 14:00,0.009241854,0.00303765
1/30/2019 15:00,0.048123521,0.015817436
1/30/2019 16:00,0.078579993,0.025827995
1/30/2019 17:00,0.037336811,0.012272016
1/30/2019 18:00,0.023179773,0.007618823
1/30/2019 19:00,0.096046,0.031568794
1/30/2019 20:00,0.182279873,0.059912497
1/30/2019 21:00,0.197288276,0.06484552
1/30/2019 22:00,0.360945832,0.118637158
1/30/2019 23:00,0.355296492,0.11678031
1/31/2019 0:00,0.303431018,0.099732953
1/31/2019 1:00,0.250304235,0.082271024
1/31/2019 2:00,0.220752888,0.072557966
1/31/2019 3:00,0.179619775,0.059038165
1/31/2019 4:00,0.146899816,0.048283635
1/31/2019 5:00,0.137660572,0.045246842
1/31/2019 6:00,0.127745639,0.041987961
1/31/2019 7:00,0.107770299,0.035422384
1/31/2019 8:00,0.104914232,0.03448364
1/31/2019 9:00,0.103195965,0.033918874
1/31/2019 10:00,0.157171683,0.051659834
1/31/2019 11:00,0.188223336,0.061866019
1/31/2019 12:00,0.186661234,0.061352581
1/31/2019 13:00,0.185040397,0.060819837
1/31/2019 14:00,0.166889098,0.054853794
1/31/2019 15:00,0.165306329,0.054333563
1/31/2019 16:00,0.156404715,0.051407744
1/31/2019 17:00,0.162752874,0.053494283
1/31/2019 18:00,0.138396863,0.045488849
1/31/2019 19:00,0.138587104,0.045551378
1/31/2019 20:00,0.121871781,0.040057317
1/31/2019 21:00,0.098593895,0.032406246
1/31/2019 22:00,0.264417504,0.086909831
1/31/2019 23:00,0.318629819,0.104728557
02/01/2019 00:00,0.246640824,0.081066918
02/01/2019 01:00,0.160857632,0.052871347
02/01/2019 02:00,0.116141847,0.038173979
02/01/2019 03:00,0.110623087,0.03636005
02/01/2019 04:00,0.10903219,0.035837148
02/01/2019 05:00,0.114061502,0.037490203
02/01/2019 06:00,0.138087076,0.045387027
02/01/2019 07:00,0.173750476,0.05710902
02/01/2019 08:00,0.222738075,0.073210465
02/01/2019 09:00,0.296615889,0.097492928
02/01/2019 10:00,0.367617832,0.120830138
02/01/2019 11:00,0.647116114,0.212696781
02/01/2019 12:00,0.744999295,0.244869427
02/01/2019 13:00,0.813666515,0.26743925
02/01/2019 14:00,0.836344969,0.274893298
02/01/2019 15:00,0.805901232,0.264886925
02/01/2019 16:00,0.885583449,0.291077203
02/01/2019 17:00,0.996363919,0.327488983
02/01/2019 18:00,1.059763815,0.348327521
02/01/2019 19:00,1.03373571,0.339772497
02/01/2019 20:00,0.990482234,0.325555767
02/01/2019 21:00,0.936919913,0.307950683
02/01/2019 22:00,1.040298019,0.341929424
02/01/2019 23:00,0.997080359,0.327724466
02/02/2019 00:00,0.978217965,0.321524696
02/02/2019 01:00,0.930511964,0.305844492
02/02/2019 02:00,0.856450817,0.281501771
02/02/2019 03:00,0.805701891,0.264821405
02/02/2019 04:00,0.780513471,0.256542372
02/02/2019 05:00,0.662375366,0.217712254
02/02/2019 06:00,0.457295165,0.150305652
02/02/2019 07:00,0.344833167,0.113341181
02/02/2019 08:00,0.316241098,0.103943422
02/02/2019 09:00,0.332116951,0.109161563
02/02/2019 10:00,0.372141147,0.12231688
02/02/2019 11:00,0.279587526,0.091895976
02/02/2019 12:00,0.293075027,0.096329103
02/02/2019 13:00,0.317826443,0.1044645
02/02/2019 14:00,0.30632411,0.100683866
02/02/2019 15:00,0.249739306,0.08208534
02/02/2019 16:00,0.215083376,0.070694487
02/02/2019 17:00,0.171231351,0.056281023
02/02/2019 18:00,0.113490049,0.037302375
02/02/2019 19:00,0.065311261,0.021466773
02/02/2019 20:00,0.009265424,0.003045397
02/02/2019 21:00,0,0
02/02/2019 22:00,0,0
02/02/2019 23:00,0.037772568,0.012415243
02/03/2019 00:00,0.086770212,0.028519989
02/03/2019 01:00,0.152474471,0.050115935
02/03/2019 02:00,0.241210084,0.079281921
02/03/2019 03:00,0.284543001,0.093524762
02/03/2019 04:00,0.228525907,0.075112833
02/03/2019 05:00,0.248881446,0.081803375
02/03/2019 06:00,0.283927433,0.093322434
02/03/2019 07:00,0.281533182,0.092535482
02/03/2019 08:00,0.254793847,0.083746688
02/03/2019 09:00,0.27308367,0.089758262
02/03/2019 10:00,0.473898373,0.155762863
02/03/2019 11:00,0.72243537,0.237453023
02/03/2019 12:00,1.031518655,0.339043786
02/03/2019 13:00,1.161403825,0.381734977
02/03/2019 14:00,1.130938324,0.371721451
02/03/2019 15:00,1.271683466,0.417982142
02/03/2019 16:00,1.287453844,0.423165615
02/03/2019 17:00,1.233794127,0.405528519
02/03/2019 18:00,1.233696906,0.405496564
02/03/2019 19:00,1.274637936,0.418953229
02/03/2019 20:00,1.276960909,0.419716754
02/03/2019 21:00,1.280724655,0.420953837
02/03/2019 22:00,1.274282875,0.418836527
02/03/2019 23:00,1.264672546,0.415677764
02/04/2019 00:00,1.177712606,0.387095414
02/04/2019 01:00,1.120441402,0.36827128
02/04/2019 02:00,0.939508016,0.308801351
02/04/2019 03:00,0.708084192,0.232736019
02/04/2019 04:00,0.386904032,0.127169205
02/04/2019 05:00,0.26646416,0.087582534
02/04/2019 06:00,0.239093182,0.078586129
02/04/2019 07:00,0.23330688,0.076684263
02/04/2019 08:00,0.246909209,0.081155132
02/04/2019 09:00,0.33521764,0.11018071
02/04/2019 10:00,0.651262006,0.21405947
02/04/2019 11:00,0.808926169,0.265881174
02/04/2019 12:00,0.873774797,0.287195887
02/04/2019 13:00,0.890807296,0.292794199
02/04/2019 14:00,0.894829353,0.294116185
02/04/2019 15:00,0.921885245,0.303009027
02/04/2019 16:00,0.933878283,0.306950948
02/04/2019 17:00,0.868512721,0.285466327
02/04/2019 18:00,0.865520807,0.284482932
02/04/2019 19:00,0.976738534,0.321038431
02/04/2019 20:00,1.023415319,0.336380349
02/04/2019 21:00,0.993395582,0.326513338
02/04/2019 22:00,0.730206558,0.240007289
02/04/2019 23:00,0.692458892,0.227600231
02/05/2019 00:00,0.567713495,0.186598402
02/05/2019 01:00,0.385598635,0.126740142
02/05/2019 02:00,0.273079846,0.089757005
02/05/2019 03:00,0.170440953,0.056021232
02/05/2019 04:00,0.078328138,0.025745214
02/05/2019 05:00,0.009998077,0.003286209
02/05/2019 06:00,0,0
02/05/2019 07:00,0,0
02/05/2019 08:00,0,0
02/05/2019 09:00,0.007685614,0.002526139
02/05/2019 10:00,0.068849819,0.022629841
02/05/2019 11:00,0.17884556,0.058783693
02/05/2019 12:00,0.391895901,0.128809954
02/05/2019 13:00,0.726462883,0.238776803
02/05/2019 14:00,0.939909103,0.308933182
02/05/2019 15:00,1.137278213,0.373805272
02/05/2019 16:00,1.285454423,0.422508437
02/05/2019 17:00,1.29,0.424002496
02/05/2019 18:00,1.272790411,0.418345977
02/05/2019 19:00,1.254738091,0.412412467
02/05/2019 20:00,1.240776606,0.407823548
02/05/2019 21:00,1.21891541,0.400638121
02/05/2019 22:00,1.274455853,0.418893382
02/05/2019 23:00,1.288155107,0.423396109
02/06/2019 00:00,1.11168641,0.365393653
02/06/2019 01:00,0.900889333,0.296108004
02/06/2019 02:00,0.976677802,0.321018469
02/06/2019 03:00,1.134858272,0.373009876
02/06/2019 04:00,1.133008227,0.372401795
02/06/2019 05:00,1.171888137,0.385181004
02/06/2019 06:00,1.171609249,0.385089338
02/06/2019 07:00,1.139989128,0.374696307
02/06/2019 08:00,1.083860912,0.356247854
02/06/2019 09:00,1.077682368,0.354217065
02/06/2019 10:00,1.016428428,0.334083868
02/06/2019 11:00,1.002083963,0.329369071
02/06/2019 12:00,0.995231422,0.327116749
02/06/2019 13:00,0.899956066,0.295801254
02/06/2019 14:00,0.716827289,0.235609736
02/06/2019 15:00,0.64079746,0.21061994
02/06/2019 16:00,0.444746099,0.146180974
02/06/2019 17:00,0.608772323,0.200093786
02/06/2019 18:00,0.764278387,0.251206158
02/06/2019 19:00,0.821741812,0.270093472
02/06/2019 20:00,0.903870445,0.297087849
02/06/2019 21:00,0.876613079,0.288128786
02/06/2019 22:00,0.759685151,0.249696434
02/06/2019 23:00,0.622883469,0.204731896
02/07/2019 00:00,0.38705325,0.127218251
02/07/2019 01:00,0.255308185,0.083915742
02/07/2019 02:00,0.186782437,0.061392418
02/07/2019 03:00,0.065172934,0.021421307
02/07/2019 04:00,0.008172908,0.002686305
02/07/2019 05:00,0,0
02/07/2019 06:00,0,0
02/07/2019 07:00,0,0
02/07/2019 08:00,0,0
02/07/2019 09:00,0,0
02/07/2019 10:00,0,0
02/07/2019 11:00,0,0
02/07/2019 12:00,0,0
02/07/2019 13:00,0.008032282,0.002640083
02/07/2019 14:00,0.083396703,0.027411171
02/07/2019 15:00,0.161523336,0.053090153
02/07/2019 16:00,0.173257164,0.056946876
02/07/2019 17:00,0.130820077,0.04299848
02/07/2019 18:00,0.08190199,0.026919882
02/07/2019 19:00,0.117025973,0.038464577
02/07/2019 20:00,0.207980165,0.068359774
02/07/2019 21:00,0.359401111,0.118129433
02/07/2019 22:00,0.587796786,0.193199461
02/07/2019 23:00,0.631252846,0.207482777
02/08/2019 00:00,0.68251947,0.224333301
02/08/2019 01:00,0.628232599,0.20649007
02/08/2019 02:00,0.583527246,0.191796131
02/08/2019 03:00,0.458269053,0.150625753
02/08/2019 04:00,0.411687831,0.135315246
02/08/2019 05:00,0.636056534,0.209061673
02/08/2019 06:00,0.944980086,0.310599934
02/08/2019 07:00,1.170813299,0.384827722
02/08/2019 08:00,1.279593344,0.420581993
02/08/2019 09:00,1.243880437,0.408843728
02/08/2019 10:00,1.251662295,0.411401502
02/08/2019 11:00,1.239841429,0.407516171
02/08/2019 12:00,1.274277102,0.418834629
02/08/2019 13:00,1.274751816,0.41899066
02/08/2019 14:00,1.272470522,0.418240835
02/08/2019 15:00,1.286460624,0.422839159
02/08/2019 16:00,1.29,0.424002496
02/08/2019 17:00,1.29,0.424002496
02/08/2019 18:00,1.288634512,0.423553682
02/08/2019 19:00,1.287011981,0.423020381
02/08/2019 20:00,1.287303926,0.423116339
02/08/2019 21:00,1.28949216,0.423835577
02/08/2019 22:00,1.29,0.424002496
02/08/2019 23:00,1.29,0.424002496
02/09/2019 00:00,1.29,0.424002496
02/09/2019 01:00,1.29,0.424002496
02/09/2019 02:00,1.29,0.424002496
02/09/2019 03:00,1.273164655,0.418468985
02/09/2019 04:00,1.15432778,0.379409194
02/09/2019 05:00,1.009044502,0.331656889
02/09/2019 06:00,0.947439579,0.31140833
02/09/2019 07:00,0.986949799,0.324394712
02/09/2019 08:00,1.084796721,0.35655544
02/09/2019 09:00,1.23800619,0.406912957
02/09/2019 10:00,1.286826721,0.422959489
02/09/2019 11:00,1.270730929,0.417669058
02/09/2019 12:00,1.229168023,0.404007992
02/09/2019 13:00,1.204017817,0.395741519
02/09/2019 14:00,1.195501473,0.392942332
02/09/2019 15:00,1.186542309,0.389997597
02/09/2019 16:00,1.184119817,0.389201362
02/09/2019 17:00,1.195714219,0.393012258
02/09/2019 18:00,1.227134314,0.403339544
02/09/2019 19:00,1.260065016,0.414163342
02/09/2019 20:00,1.285322528,0.422465085
02/09/2019 21:00,1.29,0.424002496
02/09/2019 22:00,1.285351192,0.422474506
02/09/2019 23:00,1.287311909,0.423118963
02/10/2019 00:00,1.29,0.424002496
02/10/2019 01:00,1.288683547,0.423569799
02/10/2019 02:00,1.272551394,0.418267416
02/10/2019 03:00,1.20760378,0.396920168
02/10/2019 04:00,1.147128724,0.377042978
02/10/2019 05:00,1.072467981,0.352503179
02/10/2019 06:00,0.991759751,0.325975666
02/10/2019 07:00,0.78431149,0.25779072
02/10/2019 08:00,0.388325894,0.127636549
02/10/2019 09:00,0.160038873,0.052602234
02/10/2019 10:00,0.008493847,0.002791792
02/10/2019 11:00,0.014958842,0.004916733
02/10/2019 12:00,0.113433779,0.03728388
02/10/2019 13:00,0.30828808,0.101329392
02/10/2019 14:00,0.803465906,0.264086472
02/10/2019 15:00,1.092273825,0.359013045
02/10/2019 16:00,1.261239206,0.41454928
02/10/2019 17:00,1.286028473,0.422697118
02/10/2019 18:00,1.279096602,0.420418722
02/10/2019 19:00,1.256543327,0.413005819
02/10/2019 20:00,1.183334052,0.388943094
02/10/2019 21:00,1.101689185,0.362107724
02/10/2019 22:00,1.065317088,0.350152794
02/10/2019 23:00,1.019018248,0.334935101
02/11/2019 00:00,0.970996102,0.319150985
02/11/2019 01:00,0.890837938,0.29280427
02/11/2019 02:00,0.73454779,0.241434183
02/11/2019 03:00,0.55637013,0.182870018
02/11/2019 04:00,0.532492102,0.17502169
02/11/2019 05:00,0.606298193,0.199280579
02/11/2019 06:00,0.621846346,0.20439101
02/11/2019 07:00,0.420407936,0.138181406
02/11/2019 08:00,0.326500974,0.107315681
02/11/2019 09:00,0.310894184,0.102185977
02/11/2019 10:00,0.152739838,0.050203157
02/11/2019 11:00,0.080268439,0.02638296
02/11/2019 12:00,0.057287188,0.018829388
02/11/2019 13:00,0.023379393,0.007684435
02/11/2019 14:00,0,0
02/11/2019 15:00,0.021041556,0.006916025
02/11/2019 16:00,0.079682567,0.026190393
02/11/2019 17:00,0.155866912,0.051230976
02/11/2019 18:00,0.260760422,0.085707806
02/11/2019 19:00,0.337467415,0.110920175
02/11/2019 20:00,0.592178483,0.194639655
02/11/2019 21:00,0.920757239,0.302638269
02/11/2019 22:00,1.161452253,0.381750895
02/11/2019 23:00,1.181023133,0.388183532
02/12/2019 00:00,1.110978766,0.365161062
02/12/2019 01:00,1.090559015,0.358449414
02/12/2019 02:00,1.068868511,0.35132009
02/12/2019 03:00,1.071957327,0.352335335
02/12/2019 04:00,1.16644365,0.383391487
02/12/2019 05:00,1.236421296,0.406392027
02/12/2019 06:00,1.287837688,0.423291778
02/12/2019 07:00,1.29,0.424002496
02/12/2019 08:00,1.29,0.424002496
02/12/2019 09:00,1.29,0.424002496
02/12/2019 10:00,1.279522995,0.420558871
02/12/2019 11:00,1.257311513,0.413258309
02/12/2019 12:00,1.235029016,0.405934407
02/12/2019 13:00,1.195378796,0.39290201
02/12/2019 14:00,1.21836583,0.400457482
02/12/2019 15:00,1.223160715,0.402033485
02/12/2019 16:00,1.188466107,0.390629919
02/12/2019 17:00,0,0
02/12/2019 18:00,0,0
02/12/2019 19:00,0,0
02/12/2019 20:00,1.160189775,0.381335938
02/12/2019 21:00,1.175547539,0.386383791
02/12/2019 22:00,1.188896387,0.390771345
02/12/2019 23:00,1.213608017,0.398893665
2/13/2019 0:00,1.272401533,0.418218159
2/13/2019 1:00,1.270829687,0.417701518
2/13/2019 2:00,1.057971949,0.347738563
2/13/2019 3:00,0.796160744,0.261685382
2/13/2019 4:00,0.690395623,0.226922067
2/13/2019 5:00,0.849909272,0.279351668
2/13/2019 6:00,0.970444493,0.31896968
2/13/2019 7:00,1.048403466,0.344593555
2/13/2019 8:00,1.089934181,0.358244041
2/13/2019 9:00,1.098755298,0.361143402
2/13/2019 10:00,1.161334135,0.381712071
2/13/2019 11:00,1.176415838,0.386669187
2/13/2019 12:00,1.222607779,0.401851744
2/13/2019 13:00,1.217811977,0.40027544
2/13/2019 14:00,1.205011082,0.396067989
2/13/2019 15:00,1.225009074,0.402641011
2/13/2019 16:00,1.211200963,0.398102505
2/13/2019 17:00,1.238269955,0.406999652
2/13/2019 18:00,1.288532704,0.423520219
2/13/2019 19:00,1.29,0.424002496
2/13/2019 20:00,1.29,0.424002496
2/13/2019 21:00,1.289348022,0.423788201
2/13/2019 22:00,1.276173094,0.419457811
2/13/2019 23:00,1.267146329,0.416490857
2/14/2019 0:00,1.274069747,0.418766475
2/14/2019 1:00,1.270410726,0.417563813
2/14/2019 2:00,1.26176601,0.414722432
2/14/2019 3:00,1.26549838,0.415949203
2/14/2019 4:00,1.288124626,0.42338609
2/14/2019 5:00,1.288786978,0.423603794
2/14/2019 6:00,1.234108914,0.405631984
2/14/2019 7:00,1.066840863,0.350653634
2/14/2019 8:00,0.913484398,0.300247802
2/14/2019 9:00,0.769560955,0.252942454
2/14/2019 10:00,0.691228229,0.227195732
2/14/2019 11:00,0.697342308,0.229205333
2/14/2019 12:00,0.821628176,0.270056122
2/14/2019 13:00,0.961010725,0.31586895
2/14/2019 14:00,1.096278107,0.360329189
2/14/2019 15:00,1.108308277,0.364283314
2/14/2019 16:00,0.94762572,0.311469512
2/14/2019 17:00,0.784914326,0.257988863
2/14/2019 18:00,0.70578738,0.231981094
2/14/2019 19:00,0.456662782,0.150097798
2/14/2019 20:00,0.410624621,0.134965786
2/14/2019 21:00,0.532574182,0.175048668
2/14/2019 22:00,0.565579036,0.185896839
2/14/2019 23:00,0.495555557,0.162881235
2/15/2019 0:00,0.360190009,0.118388731
2/15/2019 1:00,0.290106668,0.095353451
2/15/2019 2:00,0.23448682,0.077072091
2/15/2019 3:00,0.233769127,0.076836196
2/15/2019 4:00,0.23015502,0.075648297
2/15/2019 5:00,0.280354536,0.09214808
2/15/2019 6:00,0.406177119,0.133503963
2/15/2019 7:00,0.693473319,0.227933657
2/15/2019 8:00,0.859851651,0.282619571
2/15/2019 9:00,0.955137173,0.313938407
2/15/2019 10:00,0.931649918,0.30621852
2/15/2019 11:00,1.046177137,0.343861796
2/15/2019 12:00,1.115962965,0.366799288
2/15/2019 13:00,1.088629804,0.357815313
2/15/2019 14:00,1.074857987,0.353288736
2/15/2019 15:00,1.123343489,0.36922515
2/15/2019 16:00,1.242953642,0.408539106
2/15/2019 17:00,1.29,0.424002496
2/15/2019 18:00,1.29,0.424002496
2/15/2019 19:00,1.286729586,0.422927563
2/15/2019 20:00,1.185367844,0.389611569
2/15/2019 21:00,0.905081886,0.29748603
2/15/2019 22:00,0.290470136,0.095472917
2/15/2019 23:00,0.037905347,0.012458885
2/16/2019 0:00,0,0
2/16/2019 1:00,0,0
2/16/2019 2:00,0,0
2/16/2019 3:00,0.194009502,0.06376784
2/16/2019 4:00,0.24118205,0.079272706
2/16/2019 5:00,0.169263197,0.055634122
2/16/2019 6:00,0.064043279,0.021050008
2/16/2019 7:00,0.042911877,0.014104452
2/16/2019 8:00,0.05574036,0.01832097
2/16/2019 9:00,0.158308823,0.052033594
2/16/2019 10:00,0.406342845,0.133558434
2/16/2019 11:00,0.520232511,0.170992157
2/16/2019 12:00,0.510042143,0.167642745
2/16/2019 13:00,0.342885654,0.112701064
2/16/2019 14:00,0.225972445,0.074273551
2/16/2019 15:00,0.188128254,0.061834767
2/16/2019 16:00,0.131259135,0.043142791
2/16/2019 17:00,0.102435509,0.033668924
2/16/2019 18:00,0.184770091,0.060730992
2/16/2019 19:00,0.336634576,0.110646434
2/16/2019 20:00,0.562148634,0.184769321
2/16/2019 21:00,0.700788464,0.230338029
2/16/2019 22:00,0.839082533,0.275793091
2/16/2019 23:00,0.818176754,0.268921694
2/17/2019 0:00,0.805512425,0.264759131
2/17/2019 1:00,0.842125552,0.276793284
2/17/2019 2:00,0.953201912,0.313302317
2/17/2019 3:00,0.899208523,0.295555549
2/17/2019 4:00,1.00008553,0.328712217
2/17/2019 5:00,1.123194685,0.36917624
2/17/2019 6:00,1.215018135,0.399357148
2/17/2019 7:00,1.275383786,0.419198378
2/17/2019 8:00,1.279728855,0.420626534
2/17/2019 9:00,1.281602493,0.421242369
2/17/2019 10:00,1.214165773,0.399076991
2/17/2019 11:00,1.283599268,0.421898677
2/17/2019 12:00,1.29,0.424002496
2/17/2019 13:00,1.289098292,0.423706119
2/17/2019 14:00,1.270500712,0.41759339
2/17/2019 15:00,1.27884349,0.420335528
2/17/2019 16:00,1.288871295,0.423631508
2/17/2019 17:00,1.126435693,0.370241508
2/17/2019 18:00,1.003485007,0.329829572
2/17/2019 19:00,0.979116287,0.321819961
2/17/2019 20:00,0.993360096,0.326501674
2/17/2019 21:00,1.088731546,0.357848754
2/17/2019 22:00,1.244176672,0.408941096
2/17/2019 23:00,1.261273336,0.414560498
2/18/2019 0:00,1.267847404,0.41672129
2/18/2019 1:00,1.218734353,0.40057861
2/18/2019 2:00,1.129554232,0.371266522
2/18/2019 3:00,1.135594065,0.373251719
2/18/2019 4:00,1.19457537,0.392637937
2/18/2019 5:00,1.195401762,0.392909559
2/18/2019 6:00,1.138440993,0.374187459
2/18/2019 7:00,1.15153034,0.378489719
2/18/2019 8:00,1.240917221,0.407869766
2/18/2019 9:00,1.279573575,0.420575496
2/18/2019 10:00,1.288908878,0.423643861
2/18/2019 11:00,1.29,0.424002496
2/18/2019 12:00,1.29,0.424002496
2/18/2019 13:00,1.29,0.424002496
2/18/2019 14:00,1.29,0.424002496
2/18/2019 15:00,1.29,0.424002496
2/18/2019 16:00,1.29,0.424002496
2/18/2019 17:00,1.289035642,0.423685526
2/18/2019 18:00,1.283190467,0.42176431
2/18/2019 19:00,1.230367939,0.404402385
2/18/2019 20:00,1.134571923,0.372915757
2/18/2019 21:00,1.218326849,0.40044467
2/18/2019 22:00,1.247000401,0.409869211
2/18/2019 23:00,1.289036692,0.423685871
2/19/2019 0:00,1.29,0.424002496
2/19/2019 1:00,1.29,0.424002496
2/19/2019 2:00,1.29,0.424002496
2/19/2019 3:00,1.29,0.424002496
2/19/2019 4:00,1.225036176,0.402649919
2/19/2019 5:00,1.122860592,0.369066429
2/19/2019 6:00,1.046975278,0.344124132
2/19/2019 7:00,0.951822025,0.31284877
2/19/2019 8:00,0.797740758,0.262204707
2/19/2019 9:00,0.650909518,0.213943613
2/19/2019 10:00,0.603291708,0.198292395
2/19/2019 11:00,0.349300425,0.114809498
2/19/2019 12:00,0.182921189,0.060123287
2/19/2019 13:00,0.082941049,0.027261404
2/19/2019 14:00,0.014266331,0.004689116
2/19/2019 15:00,0,0
2/19/2019 16:00,0,0
2/19/2019 17:00,0,0
2/19/2019 18:00,0.020500246,0.006738105
2/19/2019 19:00,0.131496484,0.043220804
2/19/2019 20:00,0.270043434,0.088758984
2/19/2019 21:00,0.583658941,0.191839417
2/19/2019 22:00,0.881954378,0.289884386
2/19/2019 23:00,1.051049606,0.345463299
2/20/2019 0:00,1.162720221,0.382167655
2/20/2019 1:00,1.208700643,0.397280689
2/20/2019 2:00,1.206703944,0.396624406
2/20/2019 3:00,1.250839582,0.411131089
2/20/2019 4:00,1.248737597,0.4104402
2/20/2019 5:00,1.185806488,0.389755744
2/20/2019 6:00,1.105934967,0.363503245
2/20/2019 7:00,1.061228942,0.348809085
2/20/2019 8:00,1.07059585,0.351887839
2/20/2019 9:00,1.075748681,0.353581493
2/20/2019 10:00,1.133643052,0.372610452
2/20/2019 11:00,1.215823558,0.399621878
2/20/2019 12:00,1.189675784,0.391027521
2/20/2019 13:00,1.187820839,0.390417829
2/20/2019 14:00,1.209321879,0.39748488
2/20/2019 15:00,1.2427988,0.408488212
2/20/2019 16:00,1.255191652,0.412561545
2/20/2019 17:00,1.271381401,0.417882858
2/20/2019 18:00,1.27111648,0.417795783
2/20/2019 19:00,1.220982959,0.401317691
2/20/2019 20:00,1.155942272,0.379939851
2/20/2019 21:00,1.140703061,0.374930965
2/20/2019 22:00,0.980212254,0.322180188
2/20/2019 23:00,0.98930834,0.325169926
2/21/2019 0:00,0.873497918,0.287104881
2/21/2019 1:00,0.599699081,0.197111556
2/21/2019 2:00,0.308950752,0.101547201
2/21/2019 3:00,0.270632693,0.088952665
2/21/2019 4:00,0.256903697,0.084440162
2/21/2019 5:00,0.422414484,0.138840927
2/21/2019 6:00,0.725068377,0.238318451
2/21/2019 7:00,0.800391935,0.263076107
2/21/2019 8:00,0.771502646,0.253580657
2/21/2019 9:00,0.711983381,0.234017621
2/21/2019 10:00,0.644161283,0.211725575
2/21/2019 11:00,0.560903565,0.184360086
2/21/2019 12:00,0.523627196,0.172107936
2/21/2019 13:00,0.419774242,0.137973121
2/21/2019 14:00,0.284098826,0.093378768
2/21/2019 15:00,0.202486384,0.066554056
2/21/2019 16:00,0.191478931,0.062936081
2/21/2019 17:00,0.244574611,0.080387787
2/21/2019 18:00,0.460902638,0.151491371
2/21/2019 19:00,0.67627447,0.222280669
2/21/2019 20:00,0.665931567,0.218881121
2/21/2019 21:00,0.5652545,0.18579017
2/21/2019 22:00,0.380707108,0.125132375
2/21/2019 23:00,0.315906956,0.103833595
2/22/2019 0:00,0.254754585,0.083733783
2/22/2019 1:00,0.172597387,0.056730018
2/22/2019 2:00,0.251050065,0.082516166
2/22/2019 3:00,0.544592408,0.178998868
2/22/2019 4:00,0.696907803,0.229062518
2/22/2019 5:00,0.648356275,0.213104402
2/22/2019 6:00,0.848898614,0.279019481
2/22/2019 7:00,1.061445481,0.348880258
2/22/2019 8:00,1.082607096,0.355835745
2/22/2019 9:00,1.032042853,0.339216082
2/22/2019 10:00,0.975518891,0.320637554
2/22/2019 11:00,1.124722581,0.369678435
2/22/2019 12:00,1.173722589,0.385783959
2/22/2019 13:00,1.156399902,0.380090267
2/22/2019 14:00,1.129939815,0.371393257
2/22/2019 15:00,1.066509498,0.35054472
2/22/2019 16:00,1.068264148,0.351121446
2/22/2019 17:00,1.013797608,0.33321916
2/22/2019 18:00,1.048293346,0.34455736
2/22/2019 19:00,1.204989537,0.396060908
2/22/2019 20:00,1.281497288,0.421207789
2/22/2019 21:00,1.29,0.424002496
2/22/2019 22:00,1.289890305,0.423966441
2/22/2019 23:00,1.288125375,0.423386336
2/23/2019 0:00,1.29,0.424002496
2/23/2019 1:00,1.29,0.424002496
2/23/2019 2:00,1.29,0.424002496
2/23/2019 3:00,1.29,0.424002496
2/23/2019 4:00,1.287163218,0.423070091
2/23/2019 5:00,1.285328748,0.422467129
2/23/2019 6:00,1.29,0.424002496
2/23/2019 7:00,1.289002456,0.423674619
2/23/2019 8:00,1.288672019,0.42356601
2/23/2019 9:00,1.286053763,0.42270543
2/23/2019 10:00,1.29,0.424002496
2/23/2019 11:00,1.29,0.424002496
2/23/2019 12:00,1.287371155,0.423138436
2/23/2019 13:00,1.255299085,0.412596857
2/23/2019 14:00,1.184380803,0.389287144
2/23/2019 15:00,1.104055766,0.362885582
2/23/2019 16:00,1.050635042,0.345327039
2/23/2019 17:00,1.028051782,0.33790428
2/23/2019 18:00,1.058636408,0.347956961
2/23/2019 19:00,1.176287356,0.386626957
2/23/2019 20:00,1.226247936,0.403048205
2/23/2019 21:00,1.268702271,0.417002271
2/23/2019 22:00,1.182881814,0.388794451
2/23/2019 23:00,1.118724409,0.367706931
2/24/2019 0:00,1.048098157,0.344493205
2/24/2019 1:00,0.955350618,0.314008563
2/24/2019 2:00,0.892658058,0.293402515
2/24/2019 3:00,0.796572795,0.261820816
2/24/2019 4:00,0.772683503,0.253968786
2/24/2019 5:00,0.528696571,0.173774159
2/24/2019 6:00,0.318524843,0.104694053
2/24/2019 7:00,0.215113273,0.070704314
2/24/2019 8:00,0.100999316,0.03319687
2/24/2019 9:00,0.120871356,0.039728494
2/24/2019 10:00,0.300699103,0.098835015
2/24/2019 11:00,0.612872261,0.201441371
2/24/2019 12:00,0.892767617,0.293438525
2/24/2019 13:00,1.116359555,0.366929641
2/24/2019 14:00,1.210413045,0.397843528
2/24/2019 15:00,1.181605305,0.388374882
2/24/2019 16:00,1.155398018,0.379760964
2/24/2019 17:00,1.122163723,0.368837379
2/24/2019 18:00,1.095376237,0.360032758
2/24/2019 19:00,1.05578294,0.347019071
2/24/2019 20:00,1.000447514,0.328831196
2/24/2019 21:00,0.904653705,0.297345294
2/24/2019 22:00,0.301141349,0.098980375
2/24/2019 23:00,0.169361579,0.055666459
2/25/2019 0:00,0.185645188,0.061018623
2/25/2019 1:00,0.17390928,0.057161216
2/25/2019 2:00,0.211851124,0.069632097
2/25/2019 3:00,0.27736492,0.091165441
2/25/2019 4:00,0.343926827,0.113043281
2/25/2019 5:00,0.432746275,0.142236822
2/25/2019 6:00,0.500857386,0.164623862
2/25/2019 7:00,0.293502466,0.096469595
2/25/2019 8:00,0.157643903,0.051815045
2/25/2019 9:00,0.044741587,0.014705848
2/25/2019 10:00,0,0
2/25/2019 11:00,0,0
2/25/2019 12:00,0.008752791,0.002876903
2/25/2019 13:00,0.033640584,0.011057125
2/25/2019 14:00,0.117289059,0.038551049
2/25/2019 15:00,0.158616708,0.052134791
2/25/2019 16:00,0.316911464,0.104163761
2/25/2019 17:00,0.819123335,0.26923282
2/25/2019 18:00,1.140238112,0.374778144
2/25/2019 19:00,1.233932668,0.405574055
2/25/2019 20:00,1.272150455,0.418135634
2/25/2019 21:00,1.2307554,0.404529737
2/25/2019 22:00,1.128804396,0.371020063
2/25/2019 23:00,1.094929238,0.359885837
2/26/2019 0:00,1.003862649,0.329953697
2/26/2019 1:00,0.91907656,0.302085857
2/26/2019 2:00,0.85782151,0.281952295
2/26/2019 3:00,0.93169655,0.306233847
2/26/2019 4:00,1.069365809,0.351483544
2/26/2019 5:00,1.223076076,0.402005666
2/26/2019 6:00,1.243189002,0.408616465
2/26/2019 7:00,1.197665323,0.393653555
2/26/2019 8:00,1.147918416,0.377302537
2/26/2019 9:00,1.0408015,0.34209491
2/26/2019 10:00,0.917936654,0.301711188
2/26/2019 11:00,0.775138125,0.254775581
2/26/2019 12:00,0.680126445,0.223546752
2/26/2019 13:00,0.441242221,0.145029305
2/26/2019 14:00,0.318228064,0.104596506
2/26/2019 15:00,0.233598387,0.076780077
2/26/2019 16:00,0.14831819,0.048749832
2/26/2019 17:00,0.067519663,0.02219264
2/26/2019 18:00,0.01519868,0.004995564
2/26/2019 19:00,0,0
2/26/2019 20:00,0.007355244,0.002417552
2/26/2019 21:00,0.037987575,0.012485912
2/26/2019 22:00,0.09167716,0.030132825
2/26/2019 23:00,0.09229761,0.030336757
2/27/2019 0:00,0.03023969,0.009939306
2/27/2019 1:00,0,0
2/27/2019 2:00,0,0
2/27/2019 3:00,0,0
2/27/2019 4:00,0,0
2/27/2019 5:00,0,0
2/27/2019 6:00,0,0
2/27/2019 7:00,0,0
2/27/2019 8:00,0,0
2/27/2019 9:00,0,0
2/27/2019 10:00,0,0
2/27/2019 11:00,0,0
2/27/2019 12:00,0,0
2/27/2019 13:00,0.058263932,0.019150428
2/27/2019 14:00,0.095201512,0.031291224
2/27/2019 15:00,0.111886726,0.036775389
2/27/2019 16:00,0.090345725,0.029695204
2/27/2019 17:00,0.04717364,0.015505226
2/27/2019 18:00,0.048842279,0.016053681
2/27/2019 19:00,0.074338321,0.024433825
2/27/2019 20:00,0.075579581,0.024841807
2/27/2019 21:00,0.063195736,0.020771434
2/27/2019 22:00,0.067486217,0.022181647
2/27/2019 23:00,0.076947283,0.025291349
2/28/2019 0:00,0.098859869,0.032493668
2/28/2019 1:00,0.090134842,0.02962589
2/28/2019 2:00,0.084573371,0.027797923
2/28/2019 3:00,0.091277289,0.030001394
2/28/2019 4:00,0.113695333,0.037369849
2/28/2019 5:00,0.120978474,0.039763702
2/28/2019 6:00,0.124790035,0.041016501
2/28/2019 7:00,0.126887034,0.041705751
2/28/2019 8:00,0.121300335,0.039869492
2/28/2019 9:00,0.111728917,0.036723519
2/28/2019 10:00,0.145697446,0.047888435
2/28/2019 11:00,0.122513566,0.040268262
2/28/2019 12:00,0.0820011,0.026952458
2/28/2019 13:00,0.052373629,0.017214379
2/28/2019 14:00,0.059074346,0.019416798
2/28/2019 15:00,0.074480424,0.024480531
2/28/2019 16:00,0.08657791,0.028456783
2/28/2019 17:00,0.086999971,0.028595508
2/28/2019 18:00,0.072995955,0.02399261
2/28/2019 19:00,0.074692811,0.02455034
2/28/2019 20:00,0.060592762,0.019915878
2/28/2019 21:00,0.032734617,0.010759348
2/28/2019 22:00,0.092234522,0.030316021
2/28/2019 23:00,0.095581297,0.031416053
03/01/2019 00:00,0.106483681,0.034999494
03/01/2019 01:00,0.105218254,0.034583568
03/01/2019 02:00,0.081899228,0.026918974
03/01/2019 03:00,0.024928923,0.008193741
03/01/2019 04:00,0.009650019,0.003171808
03/01/2019 05:00,0.028638344,0.009412968
03/01/2019 06:00,0.127233848,0.041819744
03/01/2019 07:00,0.257242719,0.084551593
03/01/2019 08:00,0.532513138,0.175028604
03/01/2019 09:00,0.675852293,0.222141906
03/01/2019 10:00,0.672210689,0.220944969
03/01/2019 11:00,0.720839888,0.236928613
03/01/2019 12:00,0.775269928,0.254818903
03/01/2019 13:00,0.745913577,0.245169937
03/01/2019 14:00,0.769629085,0.252964847
03/01/2019 15:00,0.773412833,0.254208505
03/01/2019 16:00,0.741611068,0.24375577
03/01/2019 17:00,0.681981479,0.224156472
03/01/2019 18:00,0.641042929,0.210700622
03/01/2019 19:00,0.571357198,0.187796029
03/01/2019 20:00,0.608386365,0.199966928
03/01/2019 21:00,0.583789092,0.191882195
03/01/2019 22:00,0.369838325,0.121559979
03/01/2019 23:00,0.378698553,0.124472195
03/02/2019 00:00,0.329358802,0.108255003
03/02/2019 01:00,0.34651647,0.113894456
03/02/2019 02:00,0.245812466,0.08079465
03/02/2019 03:00,0.323184386,0.106225571
03/02/2019 04:00,0.340806107,0.11201755
03/02/2019 05:00,0.318056605,0.104540151
03/02/2019 06:00,0.278560229,0.09155832
03/02/2019 07:00,0.276117293,0.090755366
03/02/2019 08:00,0.310071178,0.101915468
03/02/2019 09:00,0.380933814,0.12520689
03/02/2019 10:00,0.219795069,0.072243146
03/02/2019 11:00,0.229211571,0.0753382
03/02/2019 12:00,0.299903394,0.098573479
03/02/2019 13:00,0.436326652,0.143413635
03/02/2019 14:00,0.999816903,0.328623924
03/02/2019 15:00,1.287553724,0.423198444
03/02/2019 16:00,1.29,0.424002496
03/02/2019 17:00,1.29,0.424002496
03/02/2019 18:00,1.29,0.424002496
03/02/2019 19:00,1.287370418,0.423138194
03/02/2019 20:00,1.239794806,0.407500846
03/02/2019 21:00,0.996974468,0.327689661
03/02/2019 22:00,0.919119986,0.30210013
03/02/2019 23:00,1.170242061,0.384639965
03/03/2019 00:00,1.277911012,0.420029037
03/03/2019 01:00,1.288688109,0.423571298
03/03/2019 02:00,1.286958406,0.423002772
03/03/2019 03:00,1.289770369,0.42392702
03/03/2019 04:00,1.29,0.424002496
03/03/2019 05:00,1.251252928,0.411266949
03/03/2019 06:00,1.193306939,0.392221023
03/03/2019 07:00,1.203798964,0.395669585
03/03/2019 08:00,1.213365077,0.398813815
03/03/2019 09:00,1.201104695,0.394784022
03/03/2019 10:00,1.228504052,0.403789755
03/03/2019 11:00,1.228140184,0.403670157
03/03/2019 12:00,1.236711345,0.406487362
03/03/2019 13:00,1.251141875,0.411230448
03/03/2019 14:00,1.27238544,0.41821287
03/03/2019 15:00,1.289855819,0.423955106
03/03/2019 16:00,1.133714407,0.372633905
03/03/2019 17:00,0.850412187,0.279516969
03/03/2019 18:00,0.668239873,0.219639825
03/03/2019 19:00,0.47866161,0.157328463
03/03/2019 20:00,0.386925696,0.127176326
03/03/2019 21:00,0.35727604,0.117430955
03/03/2019 22:00,0.29952918,0.09845048
03/03/2019 23:00,0.23761143,0.0780991
03/04/2019 00:00,0.20139688,0.066195953
03/04/2019 01:00,0.192211777,0.063176956
03/04/2019 02:00,0.204198236,0.067116714
03/04/2019 03:00,0.20974,0.068938204
03/04/2019 04:00,0.229284958,0.075362321
03/04/2019 05:00,0.295406286,0.097095351
03/04/2019 06:00,0.393100456,0.129205872
03/04/2019 07:00,0.53742915,0.176644419
03/04/2019 08:00,0.629114936,0.20678008
03/04/2019 09:00,0.702737588,0.230978675
03/04/2019 10:00,0.813111264,0.267256748
03/04/2019 11:00,0.826839296,0.271768934
03/04/2019 12:00,0.832912685,0.273765161
03/04/2019 13:00,0.806293672,0.265015914
03/04/2019 14:00,0.831306291,0.273237164
03/04/2019 15:00,0.963903513,0.316819764
03/04/2019 16:00,1.101691815,0.362108588
03/04/2019 17:00,1.233167721,0.405322629
03/04/2019 18:00,1.261459325,0.414621629
03/04/2019 19:00,1.226237671,0.403044831
03/04/2019 20:00,1.156684369,0.380183767
03/04/2019 21:00,1.079739006,0.354893049
03/04/2019 22:00,0.957211078,0.314620067
03/04/2019 23:00,0.783384605,0.257486068
03/05/2019 00:00,0.729509277,0.239778104
03/05/2019 01:00,0.747839385,0.245802919
03/05/2019 02:00,0.703077652,0.231090449
03/05/2019 03:00,0.555583533,0.182611477
03/05/2019 04:00,0.302317614,0.099366994
03/05/2019 05:00,0.19281664,0.063375765
03/05/2019 06:00,0.131649906,0.043271232
03/05/2019 07:00,0.06605761,0.021712086
03/05/2019 08:00,0.01043682,0.003430417
03/05/2019 09:00,0,0
03/05/2019 10:00,0,0
03/05/2019 11:00,0,0
03/05/2019 12:00,0,0
03/05/2019 13:00,0,0
03/05/2019 14:00,0.007069246,0.002323549
03/05/2019 15:00,0.036372132,0.011954941
03/05/2019 16:00,0.094419368,0.031034146
03/05/2019 17:00,0.122040669,0.040112828
03/05/2019 18:00,0.144955594,0.0476446
03/05/2019 19:00,0.162714799,0.053481768
03/05/2019 20:00,0.183447296,0.06029621
03/05/2019 21:00,0.195841564,0.064370009
03/05/2019 22:00,0.270663122,0.088962666
03/05/2019 23:00,0.27325522,0.089814647
03/06/2019 00:00,0.318901356,0.104817807
03/06/2019 01:00,0.311321919,0.102326566
03/06/2019 02:00,0.375025445,0.123264903
03/06/2019 03:00,0.447063565,0.146942688
03/06/2019 04:00,0.400197719,0.131538629
03/06/2019 05:00,0.357100901,0.11737339
03/06/2019 06:00,0.410400416,0.134892094
03/06/2019 07:00,0.579820956,0.190577932
03/06/2019 08:00,0.705563296,0.231907441
03/06/2019 09:00,0.792644693,0.260529712
03/06/2019 10:00,0.711801968,0.233957993
03/06/2019 11:00,0.88841706,0.292008566
03/06/2019 12:00,1.036519977,0.340687641
03/06/2019 13:00,1.095803849,0.360173307
03/06/2019 14:00,1.172884457,0.385508478
03/06/2019 15:00,1.238676617,0.407133316
03/06/2019 16:00,1.245081192,0.409238397
03/06/2019 17:00,1.259533403,0.41398861
03/06/2019 18:00,1.280470205,0.420870203
03/06/2019 19:00,1.28926047,0.423759424
03/06/2019 20:00,1.289931268,0.423979905
03/06/2019 21:00,1.287127468,0.42305834
03/06/2019 22:00,1.203756774,0.395655718
03/06/2019 23:00,1.287160463,0.423069185
03/07/2019 00:00,1.289267214,0.42376164
03/07/2019 01:00,1.286556125,0.422870549
03/07/2019 02:00,1.271923701,0.418061103
03/07/2019 03:00,1.278159461,0.420110699
03/07/2019 04:00,1.282204323,0.421440181
03/07/2019 05:00,1.289367335,0.423794549
03/07/2019 06:00,1.29,0.424002496
03/07/2019 07:00,1.270750967,0.417675644
03/07/2019 08:00,1.24928751,0.410620947
03/07/2019 09:00,1.244400946,0.409014811
03/07/2019 10:00,1.233809279,0.405533499
03/07/2019 11:00,1.248325405,0.410304719
03/07/2019 12:00,1.257871348,0.413442319
03/07/2019 13:00,1.265003357,0.415786496
03/07/2019 14:00,1.27504455,0.419086877
03/07/2019 15:00,1.275724028,0.419310211
03/07/2019 16:00,1.277936882,0.420037541
03/07/2019 17:00,1.289878766,0.423962648
03/07/2019 18:00,1.29,0.424002496
03/07/2019 19:00,1.288652315,0.423559533
03/07/2019 20:00,1.214015051,0.399027451
03/07/2019 21:00,1.049785864,0.345047927
03/07/2019 22:00,0.928256284,0.305103086
03/07/2019 23:00,0.824310776,0.27093785
03/08/2019 00:00,0.723302399,0.237738002
03/08/2019 01:00,0.500242171,0.16442165
03/08/2019 02:00,0.329763025,0.108387865
03/08/2019 03:00,0.215965204,0.07098433
03/08/2019 04:00,0.163564613,0.053761089
03/08/2019 05:00,0.102135254,0.033570234
03/08/2019 06:00,0.021084035,0.006929987
03/08/2019 07:00,0,0
03/08/2019 08:00,0.012018749,0.003950372
03/08/2019 09:00,0.093149383,0.030616722
03/08/2019 10:00,0.303328378,0.099699217
03/08/2019 11:00,0.70338082,0.231190095
03/08/2019 12:00,0.831792457,0.273396959
03/08/2019 13:00,0.864330359,0.284091651
03/08/2019 14:00,0.954446898,0.313711525
03/08/2019 15:00,0.953091967,0.31326618
03/08/2019 16:00,0.872388513,0.286740238
03/08/2019 17:00,0.690794129,0.22705305
03/08/2019 18:00,0.498054932,0.16370274
03/08/2019 19:00,0.496594908,0.163222853
03/08/2019 20:00,0.705945497,0.232033064
03/08/2019 21:00,0.686186661,0.225538649
03/08/2019 22:00,0.86871935,0.285534242
03/08/2019 23:00,0.932370571,0.306455387
03/09/2019 00:00,1.269221041,0.417172782
03/09/2019 01:00,1.193679997,0.392343642
03/09/2019 02:00,1.17821797,0.387261519
03/09/2019 03:00,1.173463589,0.38569883
03/09/2019 04:00,1.17773858,0.387103951
03/09/2019 05:00,1.168338915,0.384014431
03/09/2019 06:00,0,0
03/09/2019 07:00,0,0
03/09/2019 08:00,0,0
03/09/2019 09:00,0,0
03/09/2019 10:00,0,0
03/09/2019 11:00,1.172974385,0.385538036
03/09/2019 12:00,1.19022525,0.391208121
03/09/2019 13:00,1.20867119,0.397271008
03/09/2019 14:00,1.197649719,0.393648426
03/09/2019 15:00,1.194916909,0.392750195
03/09/2019 16:00,1.217427619,0.400149107
03/09/2019 17:00,1.259715579,0.414048488
03/09/2019 18:00,1.286731693,0.422928255
03/09/2019 19:00,1.288779803,0.423601436
03/09/2019 20:00,1.227269293,0.403383909
03/09/2019 21:00,1.191964578,0.391779811
03/09/2019 22:00,1.048704004,0.344692337
03/09/2019 23:00,1.046579246,0.343993963
03/10/2019 00:00,0.854180552,0.28075557
03/10/2019 01:00,0.964741768,0.317095285
03/10/2019 02:00,1.087670038,0.357499853
03/10/2019 03:00,0.878714637,0.288819534
03/10/2019 04:00,0.408775261,0.134357931
03/10/2019 05:00,0.249463505,0.081994689
03/10/2019 06:00,0.175056467,0.057538278
03/10/2019 07:00,0.127153513,0.041793339
03/10/2019 08:00,0.117968755,0.038774455
03/10/2019 09:00,0.092203093,0.030305691
03/10/2019 10:00,0.04816319,0.015830475
03/10/2019 11:00,0.023931773,0.007865993
03/10/2019 12:00,0.060390993,0.019849559
03/10/2019 13:00,0.135245463,0.044453034
03/10/2019 14:00,0.158972493,0.052251732
03/10/2019 15:00,0.098632669,0.03241899
03/10/2019 16:00,0.024283707,0.007981669
03/10/2019 17:00,0.015101509,0.004963626
03/10/2019 18:00,0.102033324,0.033536732
03/10/2019 19:00,0.18527907,0.060898285
03/10/2019 20:00,0.205676247,0.067602513
03/10/2019 21:00,0.244813922,0.080466445
03/10/2019 22:00,0.377180821,0.12397334
03/10/2019 23:00,0.58321864,0.191694697
03/11/2019 00:00,0.439473185,0.144447851
03/11/2019 01:00,0.420717355,0.138283107
03/11/2019 02:00,0.693827009,0.22804991
03/11/2019 03:00,0.888694595,0.292099788
03/11/2019 04:00,0.901041118,0.296157894
03/11/2019 05:00,0.969941152,0.318804239
03/11/2019 06:00,1.102476693,0.362366565
03/11/2019 07:00,1.23310832,0.405303105
03/11/2019 08:00,1.248645612,0.410409966
03/11/2019 09:00,1.275590098,0.41926619
03/11/2019 10:00,1.289983283,0.423997001
03/11/2019 11:00,1.29,0.424002496
03/11/2019 12:00,1.29,0.424002496
03/11/2019 13:00,1.288860492,0.423627957
03/11/2019 14:00,1.239365225,0.40735965
03/11/2019 15:00,1.126153626,0.370148797
03/11/2019 16:00,1.038513149,0.341342765
03/11/2019 17:00,0.845411094,0.277873189
03/11/2019 18:00,0.820027978,0.269530162
03/11/2019 19:00,1.007604178,0.331183477
03/11/2019 20:00,1.280494319,0.420878129
03/11/2019 21:00,1.277323454,0.419835917
03/11/2019 22:00,1.213427766,0.398834419
03/11/2019 23:00,1.167119204,0.383613531
03/12/2019 00:00,0,0
03/12/2019 01:00,0,0
03/12/2019 02:00,1.172111911,0.385254555
03/12/2019 03:00,1.257521914,0.413327465
03/12/2019 04:00,1.29,0.424002496
03/12/2019 05:00,1.273845618,0.418692807
03/12/2019 06:00,1.250507329,0.411021882
03/12/2019 07:00,1.26722934,0.416518142
03/12/2019 08:00,1.288105131,0.423379682
03/12/2019 09:00,1.29,0.424002496
03/12/2019 10:00,1.29,0.424002496
03/12/2019 11:00,1.284357905,0.422148029
03/12/2019 12:00,1.287047283,0.423031984
03/12/2019 13:00,1.288598974,0.423542001
03/12/2019 14:00,1.289484432,0.423833037
03/12/2019 15:00,1.29,0.424002496
03/12/2019 16:00,1.272655963,0.418301786
03/12/2019 17:00,1.248954618,0.410511531
03/12/2019 18:00,1.252833015,0.411786298
03/12/2019 19:00,1.28619252,0.422751037
03/12/2019 20:00,1.190919832,0.391436419
03/12/2019 21:00,0.769731855,0.252998626
03/12/2019 22:00,0.224293399,0.073721675
03/12/2019 23:00,0.054970913,0.018068065
3/13/2019 0:00,0.122627771,0.040305799
3/13/2019 1:00,0.416877969,0.137021162
3/13/2019 2:00,0.850959963,0.279697014
3/13/2019 3:00,1.096180398,0.360297073
3/13/2019 4:00,1.248216347,0.410268873
3/13/2019 5:00,1.283871079,0.421988017
3/13/2019 6:00,1.29,0.424002496
3/13/2019 7:00,1.29,0.424002496
3/13/2019 8:00,1.214854494,0.399303362
3/13/2019 9:00,1.11973012,0.368037493
3/13/2019 10:00,1.090618892,0.358469095
3/13/2019 11:00,1.053193549,0.346167979
3/13/2019 12:00,1.079150838,0.354699727
3/13/2019 13:00,1.152755053,0.378892263
3/13/2019 14:00,1.191489134,0.39162354
3/13/2019 15:00,1.228086786,0.403652606
3/13/2019 16:00,1.19435544,0.392565649
3/13/2019 17:00,1.113253476,0.365908723
3/13/2019 18:00,1.010177665,0.332029342
3/13/2019 19:00,0.881656192,0.289786377
3/13/2019 20:00,0.795279312,0.261395669
3/13/2019 21:00,0.702116259,0.230774454
3/13/2019 22:00,0.272497417,0.08956557
3/13/2019 23:00,0.210089279,0.069053007
3/14/2019 0:00,0.398135324,0.130860753
3/14/2019 1:00,0.316565251,0.104049966
3/14/2019 2:00,0.175354771,0.057636326
3/14/2019 3:00,0.66207082,0.217612155
3/14/2019 4:00,0.689268854,0.226551716
3/14/2019 5:00,0.624399677,0.205230249
3/14/2019 6:00,0.465101875,0.152871594
3/14/2019 7:00,0.402876937,0.132419245
3/14/2019 8:00,0.278626903,0.091580234
3/14/2019 9:00,0.270671306,0.088965356
3/14/2019 10:00,0.733025938,0.240933975
3/14/2019 11:00,0.990225956,0.325471532
3/14/2019 12:00,1.093272094,0.35934116
3/14/2019 13:00,1.122812824,0.369050728
3/14/2019 14:00,1.093116722,0.359290092
3/14/2019 15:00,1.070486867,0.351852018
3/14/2019 16:00,1.016947214,0.334254385
3/14/2019 17:00,1.015154842,0.333665261
3/14/2019 18:00,1.013568654,0.333143906
3/14/2019 19:00,1.084613646,0.356495266
3/14/2019 20:00,1.10976283,0.364761403
3/14/2019 21:00,1.230485937,0.404441169
3/14/2019 22:00,1.280104498,0.420750001
3/14/2019 23:00,1.289156444,0.423725232
3/15/2019 0:00,1.29,0.424002496
3/15/2019 1:00,1.29,0.424002496
3/15/2019 2:00,1.238926644,0.407215495
3/15/2019 3:00,1.089797728,0.358199191
3/15/2019 4:00,0.967056927,0.317856241
3/15/2019 5:00,1.001907568,0.329311093
3/15/2019 6:00,1.001128925,0.329055165
3/15/2019 7:00,1.032863218,0.339485722
3/15/2019 8:00,1.141128949,0.375070947
3/15/2019 9:00,1.252201013,0.411578569
3/15/2019 10:00,1.28969453,0.423902092
3/15/2019 11:00,1.277244356,0.419809918
3/15/2019 12:00,1.2853554,0.42247589
3/15/2019 13:00,1.280984051,0.421039097
3/15/2019 14:00,1.280152367,0.420765735
3/15/2019 15:00,1.261198615,0.414535938
3/15/2019 16:00,1.256533614,0.413002627
3/15/2019 17:00,1.24964085,0.410737084
3/15/2019 18:00,1.250794784,0.411116364
3/15/2019 19:00,1.257910742,0.413455267
3/15/2019 20:00,1.260657702,0.414358149
3/15/2019 21:00,1.267436502,0.416586233
3/15/2019 22:00,1.281896504,0.421339005
3/15/2019 23:00,1.29,0.424002496
3/16/2019 0:00,1.29,0.424002496
3/16/2019 1:00,1.29,0.424002496
3/16/2019 2:00,1.285815279,0.422627044
3/16/2019 3:00,1.247261405,0.409954999
3/16/2019 4:00,1.138980117,0.374364661
3/16/2019 5:00,0.980954643,0.322424199
3/16/2019 6:00,0.752550097,0.247351255
3/16/2019 7:00,0.426309959,0.140121307
3/16/2019 8:00,0.252702989,0.083059456
3/16/2019 9:00,0.196375779,0.064545597
3/16/2019 10:00,0.172707197,0.05676611
3/16/2019 11:00,0.097906236,0.032180224
3/16/2019 12:00,0.049186549,0.016166837
3/16/2019 13:00,0.01089538,0.003581138
3/16/2019 14:00,0,0
3/16/2019 15:00,0,0
3/16/2019 16:00,0.009562199,0.003142943
3/16/2019 17:00,0.05061076,0.016634952
3/16/2019 18:00,0.09630718,0.031654639
3/16/2019 19:00,0.154553027,0.050799123
3/16/2019 20:00,0.204098299,0.067083867
3/16/2019 21:00,0.244482667,0.080357567
3/16/2019 22:00,0.228048808,0.074956018
3/16/2019 23:00,0.310317323,0.101996372
3/17/2019 0:00,0.457141254,0.150255064
3/17/2019 1:00,0.633275748,0.208147672
3/17/2019 2:00,0.696811399,0.229030831
3/17/2019 3:00,0.79757555,0.262150406
3/17/2019 4:00,0.977651845,0.321338622
3/17/2019 5:00,0.958519668,0.315050179
3/17/2019 6:00,0.945399268,0.310737712
3/17/2019 7:00,1.062120945,0.349102272
3/17/2019 8:00,1.264178279,0.415515306
3/17/2019 9:00,1.29,0.424002496
3/17/2019 10:00,1.252016364,0.411517878
3/17/2019 11:00,1.250670787,0.411075608
3/17/2019 12:00,1.230358055,0.404399136
3/17/2019 13:00,1.21934766,0.400780194
3/17/2019 14:00,1.229772563,0.404206695
3/17/2019 15:00,1.256115094,0.412865066
3/17/2019 16:00,1.275755974,0.419320711
3/17/2019 17:00,1.28884862,0.423624055
3/17/2019 18:00,1.29,0.424002496
3/17/2019 19:00,1.29,0.424002496
3/17/2019 20:00,1.286735348,0.422929456
3/17/2019 21:00,1.231876379,0.404898185
3/17/2019 22:00,1.209661195,0.397596407
3/17/2019 23:00,1.072629907,0.352556401
3/18/2019 0:00,0.925454964,0.304182337
3/18/2019 1:00,0.76253166,0.250632036
3/18/2019 2:00,0.583864415,0.191906953
3/18/2019 3:00,0.344339323,0.113178862
3/18/2019 4:00,0.205556121,0.06756303
3/18/2019 5:00,0.13152404,0.043229861
3/18/2019 6:00,0.047328645,0.015556173
3/18/2019 7:00,0.007694097,0.002528927
3/18/2019 8:00,0,0
3/18/2019 9:00,0,0
3/18/2019 10:00,0,0
3/18/2019 11:00,0,0
3/18/2019 12:00,0,0
3/18/2019 13:00,0.009118559,0.002997126
3/18/2019 14:00,0.020427108,0.006714066
3/18/2019 15:00,0.041650897,0.013689988
3/18/2019 16:00,0.048373004,0.015899438
3/18/2019 17:00,0.094026814,0.030905119
3/18/2019 18:00,0.175958415,0.057834734
3/18/2019 19:00,0.272628748,0.089608736
3/18/2019 20:00,0.462709682,0.152085318
3/18/2019 21:00,0.635781486,0.208971269
3/18/2019 22:00,0.793223094,0.260719823
3/18/2019 23:00,0.758569461,0.249329725
3/19/2019 0:00,0.705545512,0.231901595
3/19/2019 1:00,0.675559701,0.222045736
3/19/2019 2:00,0.663965482,0.2182349
3/19/2019 3:00,0.667689293,0.219458858
3/19/2019 4:00,0.736653078,0.242126158
3/19/2019 5:00,0.827552551,0.27200337
3/19/2019 6:00,0.903818264,0.297070697
3/19/2019 7:00,0.918029545,0.30174172
3/19/2019 8:00,0.922147236,0.303095139
3/19/2019 9:00,0.976147933,0.32084431
3/19/2019 10:00,0.98868508,0.324965071
3/19/2019 11:00,1.014215451,0.333356498
3/19/2019 12:00,1.106707265,0.363757087
3/19/2019 13:00,1.245432345,0.409353816
3/19/2019 14:00,1.29,0.424002496
3/19/2019 15:00,1.29,0.424002496
3/19/2019 16:00,1.278627532,0.420264546
3/19/2019 17:00,1.285218143,0.422430775
3/19/2019 18:00,1.29,0.424002496
3/19/2019 19:00,1.29,0.424002496
3/19/2019 20:00,1.289732401,0.42391454
3/19/2019 21:00,1.289548697,0.42385416
3/19/2019 22:00,1.287010335,0.42301984
3/19/2019 23:00,1.289386365,0.423800804
3/20/2019 0:00,1.289429447,0.423814964
3/20/2019 1:00,1.29,0.424002496
3/20/2019 2:00,1.29,0.424002496
3/20/2019 3:00,1.282346148,0.421486796
3/20/2019 4:00,1.270398167,0.417559685
3/20/2019 5:00,1.260670796,0.414362452
3/20/2019 6:00,1.182789588,0.388764137
3/20/2019 7:00,1.066693145,0.350605082
3/20/2019 8:00,1.014658691,0.333502184
3/20/2019 9:00,1.014397932,0.333416477
3/20/2019 10:00,1.054382424,0.346558744
3/20/2019 11:00,0.986545742,0.324261904
3/20/2019 12:00,0.967786648,0.318096088
3/20/2019 13:00,0.847043019,0.278409577
3/20/2019 14:00,0.868059504,0.285317361
3/20/2019 15:00,1.073693455,0.352905973
3/20/2019 16:00,1.289428706,0.42381472
3/20/2019 17:00,1.254785605,0.412428084
3/20/2019 18:00,1.219517391,0.400835982
3/20/2019 19:00,1.210362943,0.397827061
3/20/2019 20:00,1.218770553,0.400590509
3/20/2019 21:00,1.227934182,0.403602448
3/20/2019 22:00,1.252828743,0.411784894
3/20/2019 23:00,1.274501236,0.418908298
3/21/2019 0:00,1.285934491,0.422666227
3/21/2019 1:00,1.28105675,0.421062991
3/21/2019 2:00,0.951752166,0.312825809
3/21/2019 3:00,0.602355302,0.197984613
3/21/2019 4:00,0.381718755,0.125464887
3/21/2019 5:00,0.543440637,0.1786203
3/21/2019 6:00,0.7295073,0.239777454
3/21/2019 7:00,0.796260778,0.261718261
3/21/2019 8:00,0.747438464,0.245671143
3/21/2019 9:00,0.48650579,0.15990672
3/21/2019 10:00,0.243274372,0.079960419
3/21/2019 11:00,0.215027688,0.070676183
3/21/2019 12:00,0.301268684,0.099022228
3/21/2019 13:00,0.268469411,0.088241628
3/21/2019 14:00,0.244383874,0.080325095
3/21/2019 15:00,0.175401416,0.057651657
3/21/2019 16:00,0.071942395,0.023646322
3/21/2019 17:00,0.01216796,0.003999415
3/21/2019 18:00,0.123585679,0.040620648
3/21/2019 19:00,0.261146514,0.085834708
3/21/2019 20:00,0.939796804,0.308896272
3/21/2019 21:00,1.289925337,0.423977955
3/21/2019 22:00,1.288419976,0.423483167
3/21/2019 23:00,1.29,0.424002496
3/22/2019 0:00,1.28663119,0.422895221
3/22/2019 1:00,1.28415723,0.42208207
3/22/2019 2:00,1.276241974,0.419480451
3/22/2019 3:00,1.270218765,0.417500718
3/22/2019 4:00,1.285179837,0.422418185
3/22/2019 5:00,1.29,0.424002496
3/22/2019 6:00,1.288950406,0.423657511
3/22/2019 7:00,1.274661562,0.418960995
3/22/2019 8:00,1.250651775,0.411069359
3/22/2019 9:00,1.224687914,0.402535451
3/22/2019 10:00,1.255910711,0.412797888
3/22/2019 11:00,1.274147047,0.418791882
3/22/2019 12:00,1.281475036,0.421200476
3/22/2019 13:00,1.279267071,0.420474753
3/22/2019 14:00,1.272827478,0.418358161
3/22/2019 15:00,1.249209951,0.410595455
3/22/2019 16:00,1.203141207,0.395453391
3/22/2019 17:00,1.176764755,0.386783871
3/22/2019 18:00,0,0
3/22/2019 19:00,0,0
3/22/2019 20:00,0,0
3/22/2019 21:00,0,0
3/22/2019 22:00,0,0
3/22/2019 23:00,0,0
3/23/2019 0:00,0,0
3/23/2019 1:00,0,0
3/23/2019 2:00,0,0
3/23/2019 3:00,0,0
3/23/2019 4:00,0,0
3/23/2019 5:00,0,0
3/23/2019 6:00,0,0
3/23/2019 7:00,0,0
3/23/2019 8:00,0,0
3/23/2019 9:00,1.16282073,0.382200691
3/23/2019 10:00,0,0
3/23/2019 11:00,1.15933025,0.381053426
3/23/2019 12:00,1.184530094,0.389336214
3/23/2019 13:00,1.206687982,0.39661916
3/23/2019 14:00,1.223464451,0.402133318
3/23/2019 15:00,1.24374968,0.408800751
3/23/2019 16:00,1.268354403,0.416887932
3/23/2019 17:00,1.28129166,0.421140203
3/23/2019 18:00,1.287666652,0.423235561
3/23/2019 19:00,1.29,0.424002496
3/23/2019 20:00,1.273417822,0.418552197
3/23/2019 21:00,1.29,0.424002496
3/23/2019 22:00,1.29,0.424002496
3/23/2019 23:00,1.29,0.424002496
3/24/2019 0:00,1.289093418,0.423704516
3/24/2019 1:00,1.287694197,0.423244615
3/24/2019 2:00,1.29,0.424002496
3/24/2019 3:00,1.29,0.424002496
3/24/2019 4:00,1.276648434,0.419614048
3/24/2019 5:00,1.248475969,0.410354207
3/24/2019 6:00,1.224445491,0.402455771
3/24/2019 7:00,1.220927086,0.401299327
3/24/2019 8:00,1.205626893,0.396270397
3/24/2019 9:00,1.209935142,0.39768645
3/24/2019 10:00,1.253662946,0.412059084
3/24/2019 11:00,1.248692638,0.410425422
3/24/2019 12:00,1.253629352,0.412048042
3/24/2019 13:00,1.25570605,0.41273062
3/24/2019 14:00,1.254247334,0.412251163
3/24/2019 15:00,1.243853654,0.408834925
3/24/2019 16:00,1.205845432,0.396342227
3/24/2019 17:00,1.187720442,0.390384831
3/24/2019 18:00,1.171992246,0.385215223
3/24/2019 19:00,1.173363156,0.385665819
3/24/2019 20:00,1.186989891,0.39014471
3/24/2019 21:00,1.225322332,0.402743974
3/24/2019 22:00,1.265845625,0.416063337
3/24/2019 23:00,1.274083297,0.418770928
3/25/2019 0:00,1.276273578,0.419490839
3/25/2019 1:00,1.29,0.424002496
3/25/2019 2:00,1.29,0.424002496
3/25/2019 3:00,1.287569084,0.423203492
3/25/2019 4:00,1.269667301,0.417319461
3/25/2019 5:00,1.258283319,0.413577727
3/25/2019 6:00,1.211304474,0.398136527
3/25/2019 7:00,1.080914061,0.355279271
3/25/2019 8:00,0.945570394,0.310793959
3/25/2019 9:00,0.8136943,0.267448383
3/25/2019 10:00,0.755038919,0.248169291
3/25/2019 11:00,0.735313332,0.241685804
3/25/2019 12:00,0.870836116,0.28622999
3/25/2019 13:00,0.90093165,0.296121913
3/25/2019 14:00,0.898777411,0.295413849
3/25/2019 15:00,0.949026687,0.311929987
3/25/2019 16:00,0.768698605,0.252659013
3/25/2019 17:00,0.705877415,0.232010686
3/25/2019 18:00,0.837627682,0.275314905
3/25/2019 19:00,0.853583298,0.280559263
3/25/2019 20:00,0.909102336,0.298807488
3/25/2019 21:00,1.017138556,0.334317276
3/25/2019 22:00,0.982880144,0.32305708
3/25/2019 23:00,1.002316945,0.329445648
3/26/2019 0:00,1.083338751,0.356076228
3/26/2019 1:00,1.17275387,0.385465556
3/26/2019 2:00,1.258005037,0.41348626
3/26/2019 3:00,1.289152227,0.423723846
3/26/2019 4:00,1.29,0.424002496
3/26/2019 5:00,1.29,0.424002496
3/26/2019 6:00,1.2895565,0.423856724
3/26/2019 7:00,1.287181731,0.423076175
3/26/2019 8:00,1.287812388,0.423283462
3/26/2019 9:00,1.286020639,0.422694543
3/26/2019 10:00,1.269843208,0.417377279
3/26/2019 11:00,1.252620245,0.411716364
3/26/2019 12:00,1.244638786,0.409092986
3/26/2019 13:00,1.228418893,0.403761765
3/26/2019 14:00,1.223552561,0.402162279
3/26/2019 15:00,1.23054436,0.404460372
3/26/2019 16:00,1.246159008,0.409592658
3/26/2019 17:00,1.26001331,0.414146347
3/26/2019 18:00,1.279803271,0.420650993
3/26/2019 19:00,1.29,0.424002496
3/26/2019 20:00,1.29,0.424002496
3/26/2019 21:00,1.29,0.424002496
3/26/2019 22:00,1.289805335,0.423938512
3/26/2019 23:00,1.289315656,0.423777563
3/27/2019 0:00,1.29,0.424002496
3/27/2019 1:00,1.29,0.424002496
3/27/2019 2:00,1.29,0.424002496
3/27/2019 3:00,1.29,0.424002496
3/27/2019 4:00,1.29,0.424002496
3/27/2019 5:00,1.29,0.424002496
3/27/2019 6:00,1.28984423,0.423951296
3/27/2019 7:00,1.28950235,0.423838926
3/27/2019 8:00,1.29,0.424002496
3/27/2019 9:00,1.29,0.424002496
3/27/2019 10:00,1.29,0.424002496
3/27/2019 11:00,1.2897212,0.423910859
3/27/2019 12:00,1.29,0.424002496
3/27/2019 13:00,1.288637969,0.423554818
3/27/2019 14:00,1.2804416,0.420860801
3/27/2019 15:00,1.285541978,0.422537215
3/27/2019 16:00,1.286437874,0.422831681
3/27/2019 17:00,1.286421368,0.422826256
3/27/2019 18:00,1.29,0.424002496
3/27/2019 19:00,1.29,0.424002496
3/27/2019 20:00,1.29,0.424002496
3/27/2019 21:00,1.29,0.424002496
3/27/2019 22:00,1.288124818,0.423386153
3/27/2019 23:00,1.289980004,0.423995923
3/28/2019 0:00,1.288181617,0.423404822
3/28/2019 1:00,1.288372791,0.423467658
3/28/2019 2:00,1.287932338,0.423322888
3/28/2019 3:00,1.288386811,0.423472266
3/28/2019 4:00,1.28876837,0.423597678
3/28/2019 5:00,1.286190516,0.422750379
3/28/2019 6:00,1.27923332,0.420463659
3/28/2019 7:00,1.278221895,0.42013122
3/28/2019 8:00,1.273169505,0.41847058
3/28/2019 9:00,1.272372371,0.418208574
3/28/2019 10:00,1.251372951,0.411306399
3/28/2019 11:00,1.250145074,0.410902815
3/28/2019 12:00,1.253527651,0.412014614
3/28/2019 13:00,1.256844242,0.413104725
3/28/2019 14:00,1.264660788,0.415673899
3/28/2019 15:00,1.270808732,0.417694631
3/28/2019 16:00,1.269766989,0.417352227
3/28/2019 17:00,1.265694229,0.416013575
3/28/2019 18:00,1.256945658,0.413138059
3/28/2019 19:00,1.252619695,0.411716183
3/28/2019 20:00,1.243132185,0.40859779
3/28/2019 21:00,1.234900045,0.405892016
3/28/2019 22:00,1.249428763,0.410667375
3/28/2019 23:00,1.240323459,0.407674606
3/29/2019 0:00,1.227555933,0.403478123
3/29/2019 1:00,1.213544688,0.39887285
3/29/2019 2:00,1.21182074,0.398306215
3/29/2019 3:00,1.213200289,0.398759651
3/29/2019 4:00,1.216472952,0.399835324
3/29/2019 5:00,1.212682027,0.398589307
3/29/2019 6:00,1.206732707,0.39663386
3/29/2019 7:00,1.205821838,0.396334472
3/29/2019 8:00,1.218229673,0.40041273
3/29/2019 9:00,1.258504777,0.413650517
3/29/2019 10:00,1.29,0.424002496
3/29/2019 11:00,1.232295194,0.405035843
3/29/2019 12:00,1.051512775,0.345615536
3/29/2019 13:00,0.881045659,0.289585704
3/29/2019 14:00,0.749034899,0.246195866
3/29/2019 15:00,0.605609682,0.199054277
3/29/2019 16:00,0.574009833,0.188667908
3/29/2019 17:00,0.52048995,0.171076774
3/29/2019 18:00,0.401599428,0.131999349
3/29/2019 19:00,0.368433222,0.121098144
3/29/2019 20:00,0.464016867,0.152514969
3/29/2019 21:00,0.609588837,0.200362161
3/29/2019 22:00,0.686821898,0.225747441
3/29/2019 23:00,0.771589023,0.253609047
3/30/2019 0:00,0.810303534,0.266333892
3/30/2019 1:00,0.841809083,0.276689265
3/30/2019 2:00,0.941475345,0.309447981
3/30/2019 3:00,0.977304241,0.32122437
3/30/2019 4:00,1.032629449,0.339408886
3/30/2019 5:00,1.073126317,0.352719563
3/30/2019 6:00,1.118613493,0.367670475
3/30/2019 7:00,1.160364614,0.381393405
3/30/2019 8:00,1.231538782,0.404787223
3/30/2019 9:00,1.281692618,0.421271991
3/30/2019 10:00,1.29,0.424002496
3/30/2019 11:00,1.279138774,0.420432583
3/30/2019 12:00,1.265792055,0.416045729
3/30/2019 13:00,1.250631127,0.411062573
3/30/2019 14:00,1.247197785,0.409934088
3/30/2019 15:00,1.272455481,0.418235891
3/30/2019 16:00,1.29,0.424002496
3/30/2019 17:00,1.18776813,0.390400505
3/30/2019 18:00,0.951844113,0.312856031
3/30/2019 19:00,0.761629041,0.25033536
3/30/2019 20:00,0.650265577,0.213731959
3/30/2019 21:00,0.524873245,0.172517493
3/30/2019 22:00,0.37670724,0.123817682
3/30/2019 23:00,0.27425584,0.090143535
3/31/2019 0:00,0.203254931,0.066806665
3/31/2019 1:00,0.180866529,0.059447953
3/31/2019 2:00,0.17850036,0.058670231
3/31/2019 3:00,0.123460256,0.040579424
3/31/2019 4:00,0.074386219,0.024449568
3/31/2019 5:00,0.03546639,0.011657239
3/31/2019 6:00,0.017648598,0.005800814
3/31/2019 7:00,0.013633754,0.004481198
3/31/2019 8:00,0.024517909,0.008058647
3/31/2019 9:00,0.085221298,0.028010886
3/31/2019 10:00,0.221678714,0.07286227
3/31/2019 11:00,0.326381876,0.107276535
3/31/2019 12:00,0.449539688,0.14775655
3/31/2019 13:00,0.491054868,0.16140193
3/31/2019 14:00,0.482231069,0.158501687
3/31/2019 15:00,0.457859652,0.15049119
3/31/2019 16:00,0.421743776,0.138620476
3/31/2019 17:00,0.364998902,0.119969338
3/31/2019 18:00,0.334642393,0.109991636
3/31/2019 19:00,0.337824912,0.111037679
3/31/2019 20:00,0.44705771,0.146940763
3/31/2019 21:00,0.539623725,0.177365741
3/31/2019 22:00,0.639231365,0.210105189
3/31/2019 23:00,0.567093508,0.186394622
04/01/2019 00:00,0.409218946,0.134503763
04/01/2019 01:00,0.329668306,0.108356732
04/01/2019 02:00,0.330180007,0.10852492
04/01/2019 03:00,0.371653253,0.122156517
04/01/2019 04:00,0.453725728,0.149132435
04/01/2019 05:00,0.62112603,0.204154253
04/01/2019 06:00,0.783837044,0.257634777
04/01/2019 07:00,0.925120436,0.304072383
04/01/2019 08:00,0.997353679,0.327814301
04/01/2019 09:00,1.036124562,0.340557674
04/01/2019 10:00,1.02960993,0.338416419
04/01/2019 11:00,1.035339742,0.340299717
04/01/2019 12:00,1.095206632,0.359977012
04/01/2019 13:00,1.184862933,0.389445613
04/01/2019 14:00,1.200117082,0.394459409
04/01/2019 15:00,1.161226003,0.38167653
04/01/2019 16:00,1.137986694,0.374038138
04/01/2019 17:00,1.128968364,0.371073957
04/01/2019 18:00,1.146586329,0.376864701
04/01/2019 19:00,1.191965779,0.391780205
04/01/2019 20:00,1.251805432,0.411448548
04/01/2019 21:00,1.265707498,0.416017936
04/01/2019 22:00,1.049715172,0.345024692
04/01/2019 23:00,0.848327937,0.278831909
04/02/2019 00:00,0.456853204,0.150160386
04/02/2019 01:00,0.226724401,0.074520707
04/02/2019 02:00,0.173983722,0.057185684
04/02/2019 03:00,0.178009239,0.058508807
04/02/2019 04:00,0.207367351,0.068158352
04/02/2019 05:00,0.164714025,0.054138882
04/02/2019 06:00,0.089830421,0.029525831
04/02/2019 07:00,0.020954654,0.006887462
04/02/2019 08:00,0.007203129,0.002367554
04/02/2019 09:00,0,0
04/02/2019 10:00,0,0
04/02/2019 11:00,0.017678694,0.005810706
04/02/2019 12:00,0.085395129,0.028068021
04/02/2019 13:00,0.177618039,0.058380226
04/02/2019 14:00,0.350695221,0.115267945
04/02/2019 15:00,0.789841048,0.259608198
04/02/2019 16:00,1.079088115,0.354679111
04/02/2019 17:00,1.238776018,0.407165987
04/02/2019 18:00,1.29,0.424002496
04/02/2019 19:00,1.277908325,0.420028154
04/02/2019 20:00,1.252687331,0.411738414
04/02/2019 21:00,1.227577365,0.403485168
04/02/2019 22:00,1.196447527,0.393253285
04/02/2019 23:00,1.188978309,0.390798271
04/03/2019 00:00,1.185326172,0.389597872
04/03/2019 01:00,1.179285238,0.387612313
04/03/2019 02:00,1.162973473,0.382250895
04/03/2019 03:00,1.16491255,0.382888239
04/03/2019 04:00,0,0
04/03/2019 05:00,0,0
04/03/2019 06:00,0,0
04/03/2019 07:00,0,0
04/03/2019 08:00,1.169513905,0.384400631
04/03/2019 09:00,1.197728045,0.393674171
04/03/2019 10:00,1.216973266,0.399999769
04/03/2019 11:00,1.240934124,0.407875322
04/03/2019 12:00,1.253789206,0.412100583
04/03/2019 13:00,1.224439541,0.402453815
04/03/2019 14:00,1.222215534,0.401722819
04/03/2019 15:00,1.274183393,0.418803828
04/03/2019 16:00,1.253215966,0.411912168
04/03/2019 17:00,1.045993604,0.343801472
04/03/2019 18:00,0.686894197,0.225771204
04/03/2019 19:00,0.304661421,0.100137367
04/03/2019 20:00,0.175182543,0.057579717
04/03/2019 21:00,0.189349425,0.062236146
04/03/2019 22:00,0.274993508,0.090385995
04/03/2019 23:00,0.510961258,0.167944844
04/04/2019 00:00,0.877170677,0.288312059
04/04/2019 01:00,1.030618087,0.338747784
04/04/2019 02:00,1.185247988,0.389572175
04/04/2019 03:00,1.208300061,0.397149024
04/04/2019 04:00,1.248528723,0.410371546
04/04/2019 05:00,1.270375864,0.417552354
04/04/2019 06:00,1.287483712,0.423175432
04/04/2019 07:00,1.29,0.424002496
04/04/2019 08:00,1.29,0.424002496
04/04/2019 09:00,1.29,0.424002496
04/04/2019 10:00,1.29,0.424002496
04/04/2019 11:00,1.250124356,0.410896005
04/04/2019 12:00,1.24533483,0.409321764
04/04/2019 13:00,1.247029727,0.40987885
04/04/2019 14:00,1.157110685,0.38032389
04/04/2019 15:00,1.040994067,0.342158204
04/04/2019 16:00,0.909919504,0.299076078
04/04/2019 17:00,0.738559135,0.242752649
04/04/2019 18:00,0.508303575,0.167071306
04/04/2019 19:00,0.422089248,0.138734027
04/04/2019 20:00,0.317051442,0.10420977
04/04/2019 21:00,0.203871063,0.067009178
04/04/2019 22:00,0.183969941,0.060467996
04/04/2019 23:00,0.252530994,0.083002924
04/05/2019 00:00,0.247577598,0.081374821
04/05/2019 01:00,0.27486404,0.090343441
04/05/2019 02:00,0.267450233,0.087906641
04/05/2019 03:00,0.30379918,0.099853962
04/05/2019 04:00,0.33985354,0.111704457
04/05/2019 05:00,0.36445291,0.119789879
04/05/2019 06:00,0.324629481,0.10670055
04/05/2019 07:00,0.268598322,0.088283999
04/05/2019 08:00,0.2022035,0.066461077
04/05/2019 09:00,0.166277064,0.054652628
04/05/2019 10:00,0.169274081,0.0556377
04/05/2019 11:00,0.10672111,0.035077532
04/05/2019 12:00,0.068949586,0.022662633
04/05/2019 13:00,0.033033634,0.01085763
04/05/2019 14:00,0.023308724,0.007661207
04/05/2019 15:00,0.012417022,0.004081278
04/05/2019 16:00,0.009532266,0.003133104
04/05/2019 17:00,0.007621054,0.002504919
04/05/2019 18:00,0,0
04/05/2019 19:00,0,0
04/05/2019 20:00,0,0
04/05/2019 21:00,0,0
04/05/2019 22:00,0,0
04/05/2019 23:00,0,0
04/06/2019 00:00,0.013468633,0.004426925
04/06/2019 01:00,0.024390701,0.008016836
04/06/2019 02:00,0.067588749,0.022215347
04/06/2019 03:00,0.113076743,0.037166528
04/06/2019 04:00,0.12647899,0.041571634
04/06/2019 05:00,0.151767205,0.049883468
04/06/2019 06:00,0.189931685,0.062427526
04/06/2019 07:00,0.256086441,0.084171543
04/06/2019 08:00,0.433565588,0.142506117
04/06/2019 09:00,0.657733933,0.216186689
04/06/2019 10:00,0.766306336,0.251872712
04/06/2019 11:00,0.859650657,0.282553507
04/06/2019 12:00,0.986751683,0.324329594
04/06/2019 13:00,0.981375406,0.322562497
04/06/2019 14:00,0.95863138,0.315086897
04/06/2019 15:00,0.97656911,0.320982744
04/06/2019 16:00,1.032932847,0.339508608
04/06/2019 17:00,1.047080062,0.344158573
04/06/2019 18:00,1.061123137,0.348774309
04/06/2019 19:00,1.066811634,0.350644027
04/06/2019 20:00,1.061825903,0.349005297
04/06/2019 21:00,1.029167827,0.338271106
04/06/2019 22:00,1.11048505,0.364998785
04/06/2019 23:00,1.072615981,0.352551824
04/07/2019 00:00,1.034578503,0.340049509
04/07/2019 01:00,1.05909491,0.348107663
04/07/2019 02:00,1.062441804,0.349207734
04/07/2019 03:00,1.058045951,0.347762887
04/07/2019 04:00,1.038770649,0.341427401
04/07/2019 05:00,1.049410094,0.344924418
04/07/2019 06:00,1.071546026,0.352200147
04/07/2019 07:00,1.061618418,0.3489371
04/07/2019 08:00,1.039882463,0.341792837
04/07/2019 09:00,1.026282362,0.3373227
04/07/2019 10:00,1.020147261,0.33530619
04/07/2019 11:00,0.994623296,0.326916868
04/07/2019 12:00,0.990189195,0.325459449
04/07/2019 13:00,1.052411143,0.345910815
04/07/2019 14:00,1.062837848,0.349337907
04/07/2019 15:00,1.074733882,0.353247944
04/07/2019 16:00,1.065424201,0.350188
04/07/2019 17:00,1.04413305,0.343189937
04/07/2019 18:00,1.057793449,0.347679893
04/07/2019 19:00,1.061925286,0.349037962
04/07/2019 20:00,1.068582393,0.351226048
04/07/2019 21:00,1.076168691,0.353719543
04/07/2019 22:00,1.126529805,0.370272441
04/07/2019 23:00,1.033435103,0.339673692
04/08/2019 00:00,0.987772779,0.324665212
04/08/2019 01:00,1.010361143,0.332089648
04/08/2019 02:00,1.008171125,0.331369824
04/08/2019 03:00,0.98066525,0.32232908
04/08/2019 04:00,0.951073795,0.312602839
04/08/2019 05:00,0.938080765,0.308332237
04/08/2019 06:00,0.927545869,0.304869584
04/08/2019 07:00,0.864952288,0.284296069
04/08/2019 08:00,0.833156989,0.27384546
04/08/2019 09:00,0.82351495,0.270676275
04/08/2019 10:00,0.724576063,0.238156635
04/08/2019 11:00,0.739762625,0.243148216
04/08/2019 12:00,0.689924233,0.226767129
04/08/2019 13:00,0.578153236,0.190029779
04/08/2019 14:00,0.51212072,0.168325941
04/08/2019 15:00,0.516977162,0.169922176
04/08/2019 16:00,0.500612834,0.164543481
04/08/2019 17:00,0.499367436,0.164134139
04/08/2019 18:00,0.576445307,0.18946841
04/08/2019 19:00,0.622823537,0.204712197
04/08/2019 20:00,0.714889818,0.23497292
04/08/2019 21:00,0.741767425,0.243807162
04/08/2019 22:00,0.719109923,0.236360001
04/08/2019 23:00,0.854446497,0.280842982
04/09/2019 00:00,0.952396116,0.313037465
04/09/2019 01:00,0.970748928,0.319069743
04/09/2019 02:00,0.980213731,0.322180673
04/09/2019 03:00,0.943346437,0.310062979
04/09/2019 04:00,0.8654009,0.284443521
04/09/2019 05:00,0.77027432,0.253176925
04/09/2019 06:00,0.718668951,0.236215061
04/09/2019 07:00,0.631539582,0.207577022
04/09/2019 08:00,0.487194199,0.160132989
04/09/2019 09:00,0.392587879,0.129037396
04/09/2019 10:00,0.616167345,0.202524412
04/09/2019 11:00,0.529232621,0.17395035
04/09/2019 12:00,0.457743939,0.150453157
04/09/2019 13:00,0.366516408,0.120468118
04/09/2019 14:00,0.294549263,0.096813661
04/09/2019 15:00,0.253444676,0.083303237
04/09/2019 16:00,0.230595465,0.075793064
04/09/2019 17:00,0.211569542,0.069539546
04/09/2019 18:00,0.202978691,0.06671587
04/09/2019 19:00,0.221549735,0.072819876
04/09/2019 20:00,0.228262771,0.075026345
04/09/2019 21:00,0.230798318,0.075859739
04/09/2019 22:00,0.328622012,0.108012832
04/09/2019 23:00,0.259500084,0.085293553
04/10/2019 00:00,0.211299453,0.069450772
04/10/2019 01:00,0.162429224,0.053387904
04/10/2019 02:00,0.115541482,0.037976649
04/10/2019 03:00,0.090351101,0.029696971
04/10/2019 04:00,0.071680845,0.023560354
04/10/2019 05:00,0.082180104,0.027011294
04/10/2019 06:00,0.093384087,0.030693865
04/10/2019 07:00,0.088133682,0.028968141
04/10/2019 08:00,0.065664836,0.021582988
04/10/2019 09:00,0.053731637,0.017660735
04/10/2019 10:00,0.115180961,0.037858151
04/10/2019 11:00,0.121295729,0.039867978
04/10/2019 12:00,0.12141403,0.039906862
04/10/2019 13:00,0.106135452,0.034885036
04/10/2019 14:00,0.069995601,0.023006441
04/10/2019 15:00,0.024511481,0.008056534
04/10/2019 16:00,0.009999638,0.003286722
04/10/2019 17:00,0.014346126,0.004715344
04/10/2019 18:00,0.028749105,0.009449374
04/10/2019 19:00,0.060124216,0.019761874
04/10/2019 20:00,0.068726461,0.022589295
04/10/2019 21:00,0.054725033,0.017987248
04/10/2019 22:00,0.055676846,0.018300094
04/10/2019 23:00,0.039258532,0.012903656
04/11/2019 00:00,0.026115804,0.00858385
04/11/2019 01:00,0.023515803,0.007729271
04/11/2019 02:00,0.0199604,0.006560666
04/11/2019 03:00,0.014961797,0.004917705
04/11/2019 04:00,0.012306695,0.004045015
04/11/2019 05:00,0.009806759,0.003223326
04/11/2019 06:00,0.007806256,0.002565792
04/11/2019 07:00,0,0
04/11/2019 08:00,0,0
04/11/2019 09:00,0,0
04/11/2019 10:00,0.019943335,0.006555057
04/11/2019 11:00,0.018836167,0.006191149
04/11/2019 12:00,0.009493512,0.003120366
04/11/2019 13:00,0.007732377,0.002541509
04/11/2019 14:00,0,0
04/11/2019 15:00,0,0
04/11/2019 16:00,0,0
04/11/2019 17:00,0,0
04/11/2019 18:00,0.008094435,0.002660512
04/11/2019 19:00,0.009420269,0.003096293
04/11/2019 20:00,0.009978086,0.003279638
04/11/2019 21:00,0.012584119,0.0041362
04/11/2019 22:00,0.016497491,0.005422463
04/11/2019 23:00,0.00705195,0.002317864
04/12/2019 00:00,0,0
04/12/2019 01:00,0,0
04/12/2019 02:00,0,0
04/12/2019 03:00,0,0
04/12/2019 04:00,0.00767674,0.002523223
04/12/2019 05:00,0.037607465,0.012360976
04/12/2019 06:00,0.154118097,0.050656169
04/12/2019 07:00,0.399424766,0.131284572
04/12/2019 08:00,0.826509669,0.271660591
04/12/2019 09:00,1.011730563,0.332539755
04/12/2019 10:00,0.995504842,0.327206618
04/12/2019 11:00,1.026820251,0.337499495
04/12/2019 12:00,1.12473704,0.369683188
04/12/2019 13:00,1.157491812,0.38044916
04/12/2019 14:00,1.181199649,0.38824155
04/12/2019 15:00,1.18143101,0.388317594
04/12/2019 16:00,1.202868384,0.395363718
04/12/2019 17:00,1.240940085,0.407877282
04/12/2019 18:00,1.258894512,0.413778616
04/12/2019 19:00,1.270597792,0.417625298
04/12/2019 20:00,1.271099371,0.417790159
04/12/2019 21:00,1.270822794,0.417699253
04/12/2019 22:00,1.230061988,0.404301824
04/12/2019 23:00,1.200896738,0.39471567
4/13/2019 0:00,1.192622964,0.391996212
4/13/2019 1:00,1.232997747,0.405266761
4/13/2019 2:00,1.258871732,0.413771129
4/13/2019 3:00,1.248407238,0.410331616
4/13/2019 4:00,1.203987694,0.395731618
4/13/2019 5:00,1.149975529,0.377978678
4/13/2019 6:00,1.134475996,0.372884228
4/13/2019 7:00,1.157970285,0.380606427
4/13/2019 8:00,1.158723521,0.380854004
4/13/2019 9:00,1.157019674,0.380293976
4/13/2019 10:00,1.224412282,0.402444855
4/13/2019 11:00,1.252082651,0.411539666
4/13/2019 12:00,1.274555833,0.418926244
4/13/2019 13:00,1.287483163,0.423175251
4/13/2019 14:00,1.28822068,0.423417662
4/13/2019 15:00,1.29,0.424002496
4/13/2019 16:00,1.29,0.424002496
4/13/2019 17:00,1.29,0.424002496
4/13/2019 18:00,1.288820655,0.423614864
4/13/2019 19:00,1.281593527,0.421239422
4/13/2019 20:00,1.264776387,0.415711895
4/13/2019 21:00,1.245630177,0.40941884
4/13/2019 22:00,1.115784968,0.366740784
4/13/2019 23:00,1.133330746,0.372507802
4/14/2019 0:00,1.150174278,0.378044003
4/14/2019 1:00,1.15594533,0.379940856
4/14/2019 2:00,1.176621635,0.386736829
4/14/2019 3:00,1.147663649,0.3772188
4/14/2019 4:00,1.168645224,0.38411511
4/14/2019 5:00,1.258411896,0.413619988
4/14/2019 6:00,1.282948642,0.421684826
4/14/2019 7:00,1.280379964,0.420840543
4/14/2019 8:00,1.278877406,0.420346676
4/14/2019 9:00,1.285814192,0.422626687
4/14/2019 10:00,1.284643494,0.422241897
4/14/2019 11:00,1.261463333,0.414622947
4/14/2019 12:00,1.212903348,0.398662052
4/14/2019 13:00,1.200446251,0.394567602
4/14/2019 14:00,1.194480628,0.392606796
4/14/2019 15:00,1.219821695,0.400936002
4/14/2019 16:00,1.247747552,0.410114788
4/14/2019 17:00,1.243268494,0.408642592
4/14/2019 18:00,1.251404361,0.411316723
4/14/2019 19:00,1.250146434,0.410903262
4/14/2019 20:00,1.25727152,0.413245164
4/14/2019 21:00,1.269144533,0.417147635
4/14/2019 22:00,1.203088062,0.395435923
4/14/2019 23:00,1.199799629,0.394355067
4/15/2019 0:00,1.214722072,0.399259837
4/15/2019 1:00,1.197227805,0.39350975
4/15/2019 2:00,1.17959768,0.387715008
4/15/2019 3:00,1.15701642,0.380292907
4/15/2019 4:00,1.212148523,0.398413953
4/15/2019 5:00,1.227405972,0.403428833
4/15/2019 6:00,1.275933419,0.419379034
4/15/2019 7:00,1.264277218,0.415547826
4/15/2019 8:00,1.279978478,0.420708581
4/15/2019 9:00,1.288054123,0.423362917
4/15/2019 10:00,1.281733037,0.421285276
4/15/2019 11:00,1.29,0.424002496
4/15/2019 12:00,1.29,0.424002496
4/15/2019 13:00,1.28808873,0.423374292
4/15/2019 14:00,1.274227086,0.41881819
4/15/2019 15:00,1.258890538,0.41377731
4/15/2019 16:00,1.240997232,0.407896065
4/15/2019 17:00,1.230880852,0.404570971
4/15/2019 18:00,1.218623547,0.40054219
4/15/2019 19:00,1.24922855,0.410601568
4/15/2019 20:00,1.257191467,0.413218853
4/15/2019 21:00,1.254489202,0.412330661
4/15/2019 22:00,1.237595919,0.406778107
4/15/2019 23:00,1.235709262,0.406157993
4/16/2019 0:00,1.236817789,0.406522348
4/16/2019 1:00,1.244000141,0.408883073
4/16/2019 2:00,1.259803811,0.414077488
4/16/2019 3:00,1.277754026,0.419977439
4/16/2019 4:00,1.287120988,0.42305621
4/16/2019 5:00,1.29,0.424002496
4/16/2019 6:00,1.29,0.424002496
4/16/2019 7:00,1.289910668,0.423973134
4/16/2019 8:00,1.29,0.424002496
4/16/2019 9:00,1.29,0.424002496
4/16/2019 10:00,1.29,0.424002496
4/16/2019 11:00,1.289162784,0.423727316
4/16/2019 12:00,1.287265333,0.423103654
4/16/2019 13:00,1.28756821,0.423203205
4/16/2019 14:00,1.288952029,0.423658044
4/16/2019 15:00,1.289119867,0.42371321
4/16/2019 16:00,1.289750264,0.423920411
4/16/2019 17:00,1.29,0.424002496
4/16/2019 18:00,1.29,0.424002496
4/16/2019 19:00,1.28968962,0.423900479
4/16/2019 20:00,1.288619951,0.423548896
4/16/2019 21:00,1.287079767,0.423042661
4/16/2019 22:00,1.245106228,0.409246626
4/16/2019 23:00,1.230258232,0.404366326
4/17/2019 0:00,1.198863046,0.394047228
4/17/2019 1:00,1.181165461,0.388230313
4/17/2019 2:00,1.162072611,0.381954796
4/17/2019 3:00,1.153885013,0.379263663
4/17/2019 4:00,1.154870382,0.379587538
4/17/2019 5:00,1.151413577,0.378451341
4/17/2019 6:00,1.162600553,0.382128322
4/17/2019 7:00,1.167875003,0.38386195
4/17/2019 8:00,1.153146634,0.379020969
4/17/2019 9:00,1.124245035,0.369521473
4/17/2019 10:00,1.110244742,0.3649198
4/17/2019 11:00,1.120074367,0.368150641
4/17/2019 12:00,1.104905048,0.363164727
4/17/2019 13:00,1.034822511,0.340129711
4/17/2019 14:00,0.971653178,0.319366955
4/17/2019 15:00,0.95380362,0.313500089
4/17/2019 16:00,0.969110472,0.318531208
4/17/2019 17:00,0.967427537,0.317978054
4/17/2019 18:00,1.000122053,0.328724222
4/17/2019 19:00,1.03411522,0.339897236
4/17/2019 20:00,1.004899243,0.330294409
4/17/2019 21:00,1.033416519,0.339667584
4/17/2019 22:00,0.932233668,0.306410389
4/17/2019 23:00,0.90049751,0.295979218
4/18/2019 0:00,0.890279123,0.292620597
4/18/2019 1:00,0.913962825,0.300405053
4/18/2019 2:00,0.938169897,0.308361533
4/18/2019 3:00,0.93763648,0.308186207
4/18/2019 4:00,0.910486755,0.299262524
4/18/2019 5:00,0.916185469,0.301135601
4/18/2019 6:00,0.965888393,0.317472162
4/18/2019 7:00,1.016718693,0.334179274
4/18/2019 8:00,1.077201755,0.354059095
4/18/2019 9:00,1.136875423,0.373672881
4/18/2019 10:00,1.102203213,0.362276677
4/18/2019 11:00,1.077450646,0.354140901
4/18/2019 12:00,1.094139421,0.359626237
4/18/2019 13:00,1.121789699,0.368714443
4/18/2019 14:00,1.134855081,0.373008827
4/18/2019 15:00,1.154086763,0.379329975
4/18/2019 16:00,1.170215848,0.384631349
4/18/2019 17:00,1.175123577,0.386244441
4/18/2019 18:00,1.183878375,0.389122004
4/18/2019 19:00,1.218323774,0.400443659
4/18/2019 20:00,1.253343079,0.411953948
4/18/2019 21:00,1.272249,0.418168024
4/18/2019 22:00,1.253241534,0.411920572
4/18/2019 23:00,1.240705866,0.407800297
4/19/2019 0:00,1.227187084,0.403356889
4/19/2019 1:00,1.218642633,0.400548463
4/19/2019 2:00,1.205602649,0.396262428
4/19/2019 3:00,1.197810114,0.393701145
4/19/2019 4:00,1.173615898,0.385748891
4/19/2019 5:00,1.186058564,0.389838598
4/19/2019 6:00,1.223695629,0.402209303
4/19/2019 7:00,1.243459305,0.408705309
4/19/2019 8:00,1.239487426,0.407399816
4/19/2019 9:00,1.239691201,0.407466793
4/19/2019 10:00,1.246621506,0.409744674
4/19/2019 11:00,1.206530799,0.396567496
4/19/2019 12:00,1.149683727,0.377882767
4/19/2019 13:00,1.086158839,0.357003146
4/19/2019 14:00,1.041564174,0.342345588
4/19/2019 15:00,1.015488075,0.333774789
4/19/2019 16:00,1.017141422,0.334318218
4/19/2019 17:00,0.99910759,0.328390784
4/19/2019 18:00,0.941366192,0.309412105
4/19/2019 19:00,0.802313754,0.263707778
4/19/2019 20:00,0.671577537,0.220736862
4/19/2019 21:00,0.564702768,0.185608824
4/19/2019 22:00,0.278178366,0.091432807
4/19/2019 23:00,0.306691386,0.100804584
4/20/2019 0:00,0.390013411,0.128191209
4/20/2019 1:00,0.466341252,0.153278957
4/20/2019 2:00,0.494965397,0.162687259
4/20/2019 3:00,0.58417809,0.192010053
4/20/2019 4:00,0.72217336,0.237366905
4/20/2019 5:00,0.768089535,0.252458821
4/20/2019 6:00,0.839208125,0.275834372
4/20/2019 7:00,0.870367887,0.28607609
4/20/2019 8:00,0.82338939,0.270635005
4/20/2019 9:00,0.736648319,0.242124594
4/20/2019 10:00,0.755898161,0.248451711
4/20/2019 11:00,0.770334952,0.253196854
4/20/2019 12:00,0.780116258,0.256411814
4/20/2019 13:00,0.769270388,0.252846949
4/20/2019 14:00,0.729494232,0.239773159
4/20/2019 15:00,0.55084447,0.181053822
4/20/2019 16:00,0.281133403,0.092404081
4/20/2019 17:00,0.157349627,0.051718321
4/20/2019 18:00,0.092335328,0.030349155
4/20/2019 19:00,0.038812837,0.012757163
4/20/2019 20:00,0.007966957,0.002618612
4/20/2019 21:00,0,0
4/20/2019 22:00,0,0
4/20/2019 23:00,0.048642559,0.015988036
4/21/2019 0:00,0.098956226,0.032525338
4/21/2019 1:00,0.109059494,0.035846122
4/21/2019 2:00,0.075177305,0.024709585
4/21/2019 3:00,0.100603178,0.033066666
4/21/2019 4:00,0.135924132,0.044676102
4/21/2019 5:00,0.036884726,0.012123423
4/21/2019 6:00,0,0
4/21/2019 7:00,0,0
4/21/2019 8:00,0,0
4/21/2019 9:00,0,0
4/21/2019 10:00,0.082821221,0.027222019
4/21/2019 11:00,0.198719299,0.065315875
4/21/2019 12:00,0.286643473,0.094215154
4/21/2019 13:00,0.580883498,0.190927173
4/21/2019 14:00,0.679425948,0.22331651
4/21/2019 15:00,0.655267233,0.215375924
4/21/2019 16:00,0.57522628,0.189067735
4/21/2019 17:00,0.405522665,0.133288854
4/21/2019 18:00,0.425981921,0.140013486
4/21/2019 19:00,0.496418122,0.163164746
4/21/2019 20:00,0.582795999,0.191555782
4/21/2019 21:00,0.673536654,0.221380793
4/21/2019 22:00,0.531307525,0.174632338
4/21/2019 23:00,0.643663547,0.211561977
4/22/2019 0:00,0.892510475,0.293354007
4/22/2019 1:00,1.062187316,0.349124088
4/22/2019 2:00,1.101426341,0.362021331
4/22/2019 3:00,1.101973888,0.362201301
4/22/2019 4:00,1.084830838,0.356566653
4/22/2019 5:00,1.079942908,0.354960068
4/22/2019 6:00,1.083945189,0.356275555
4/22/2019 7:00,1.098557227,0.361078299
4/22/2019 8:00,1.114268544,0.366242359
4/22/2019 9:00,1.135948832,0.373368325
4/22/2019 10:00,1.128963616,0.371072396
4/22/2019 11:00,1.140617279,0.37490277
4/22/2019 12:00,1.117736943,0.367382367
4/22/2019 13:00,1.11596297,0.36679929
4/22/2019 14:00,1.171115347,0.384927
4/22/2019 15:00,1.231494848,0.404772782
4/22/2019 16:00,1.273348699,0.418529478
4/22/2019 17:00,1.288663718,0.423563281
4/22/2019 18:00,1.29,0.424002496
4/22/2019 19:00,1.29,0.424002496
4/22/2019 20:00,1.29,0.424002496
4/22/2019 21:00,1.288711239,0.423578901
4/22/2019 22:00,1.287015655,0.423021589
4/22/2019 23:00,1.281843313,0.421321522
4/23/2019 0:00,1.27763433,0.419938097
4/23/2019 1:00,1.274707516,0.418976099
4/23/2019 2:00,1.27255856,0.418269772
4/23/2019 3:00,1.274036432,0.418755525
4/23/2019 4:00,1.265573633,0.415973937
4/23/2019 5:00,1.254076952,0.412195161
4/23/2019 6:00,1.277205897,0.419797277
4/23/2019 7:00,1.288667428,0.4235645
4/23/2019 8:00,1.288676166,0.423567373
4/23/2019 9:00,1.29,0.424002496
4/23/2019 10:00,1.29,0.424002496
4/23/2019 11:00,1.279199875,0.420452666
4/23/2019 12:00,1.273043785,0.418429257
4/23/2019 13:00,1.277969876,0.420048385
4/23/2019 14:00,1.279180876,0.420446421
4/23/2019 15:00,1.27444327,0.418889246
4/23/2019 16:00,1.274420192,0.418881661
4/23/2019 17:00,1.266011992,0.416118019
4/23/2019 18:00,1.265765699,0.416037066
4/23/2019 19:00,1.261905535,0.414768292
4/23/2019 20:00,1.258101517,0.413517971
4/23/2019 21:00,1.257810282,0.413422247
4/23/2019 22:00,1.272697666,0.418315494
4/23/2019 23:00,1.274303924,0.418843445
4/24/2019 0:00,1.286541944,0.422865888
4/24/2019 1:00,1.287313489,0.423119482
4/24/2019 2:00,1.286243171,0.422767686
4/24/2019 3:00,1.286323833,0.422794198
4/24/2019 4:00,1.287913677,0.423316755
4/24/2019 5:00,1.28936031,0.42379224
4/24/2019 6:00,1.288508624,0.423512304
4/24/2019 7:00,1.288238794,0.423423615
4/24/2019 8:00,1.281191244,0.421107198
4/24/2019 9:00,1.279572578,0.420575168
4/24/2019 10:00,1.288790774,0.423605042
4/24/2019 11:00,1.287104934,0.423050933
4/24/2019 12:00,1.29,0.424002496
4/24/2019 13:00,1.29,0.424002496
4/24/2019 14:00,1.289525497,0.423846534
4/24/2019 15:00,1.288886828,0.423636614
4/24/2019 16:00,1.281715209,0.421279416
4/24/2019 17:00,1.269203707,0.417167085
4/24/2019 18:00,1.275858108,0.419354281
4/24/2019 19:00,1.282809173,0.421638985
4/24/2019 20:00,1.285829737,0.422631797
4/24/2019 21:00,1.283356276,0.421818809
4/24/2019 22:00,1.219224607,0.400739749
4/24/2019 23:00,1.154486686,0.379461423
4/25/2019 0:00,1.11503034,0.366492749
4/25/2019 1:00,1.042938782,0.3427974
4/25/2019 2:00,0.986041578,0.324096194
4/25/2019 3:00,1.035937367,0.340496146
4/25/2019 4:00,1.100258632,0.361637524
4/25/2019 5:00,1.160596971,0.381469777
4/25/2019 6:00,1.143245961,0.375766776
4/25/2019 7:00,1.046983555,0.344126853
4/25/2019 8:00,1.061765678,0.348985502
4/25/2019 9:00,1.157082402,0.380314594
4/25/2019 10:00,0.962901952,0.316490567
4/25/2019 11:00,1.06196837,0.349052124
4/25/2019 12:00,1.08636343,0.357070392
4/25/2019 13:00,1.087355466,0.357396458
4/25/2019 14:00,1.146882105,0.376961918
4/25/2019 15:00,1.198036463,0.393775543
4/25/2019 16:00,1.208605199,0.397249318
4/25/2019 17:00,1.264164357,0.415510731
4/25/2019 18:00,1.233157434,0.405319248
4/25/2019 19:00,1.08774216,0.357523559
4/25/2019 20:00,1.135224524,0.373130257
4/25/2019 21:00,1.194209375,0.39251764
4/25/2019 22:00,1.252861963,0.411795813
4/25/2019 23:00,1.21166505,0.398255043
4/26/2019 0:00,1.157646642,0.380500051
4/26/2019 1:00,1.138805124,0.374307143
4/26/2019 2:00,1.13895327,0.374355836
4/26/2019 3:00,1.18348183,0.388991666
4/26/2019 4:00,1.151591148,0.378509706
4/26/2019 5:00,1.175318314,0.386308448
4/26/2019 6:00,1.144933122,0.376321319
4/26/2019 7:00,1.159922188,0.381247987
4/26/2019 8:00,1.187622084,0.390352502
4/26/2019 9:00,1.167094122,0.383605287
4/26/2019 10:00,1.165076809,0.382942228
4/26/2019 11:00,1.255562894,0.412683566
4/26/2019 12:00,1.273430461,0.418556351
4/26/2019 13:00,1.267810056,0.416709014
4/26/2019 14:00,1.288629043,0.423551884
4/26/2019 15:00,1.29,0.424002496
4/26/2019 16:00,1.29,0.424002496
4/26/2019 17:00,1.29,0.424002496
4/26/2019 18:00,1.29,0.424002496
4/26/2019 19:00,1.29,0.424002496
4/26/2019 20:00,1.29,0.424002496
4/26/2019 21:00,1.29,0.424002496
4/26/2019 22:00,1.29,0.424002496
4/26/2019 23:00,1.284089188,0.422059706
4/27/2019 0:00,1.262557523,0.41498259
4/27/2019 1:00,1.223647769,0.402193572
4/27/2019 2:00,1.099699598,0.361453778
4/27/2019 3:00,0.930633522,0.305884446
4/27/2019 4:00,0.91540451,0.300878912
4/27/2019 5:00,0.985738868,0.323996698
4/27/2019 6:00,0.958245892,0.314960194
4/27/2019 7:00,0.847330864,0.278504187
4/27/2019 8:00,0.753505696,0.247665345
4/27/2019 9:00,0.727371455,0.239075436
4/27/2019 10:00,0.587738752,0.193180386
4/27/2019 11:00,0.372992023,0.122596549
4/27/2019 12:00,0.228228633,0.075015124
4/27/2019 13:00,0.266684413,0.087654928
4/27/2019 14:00,0.204121457,0.067091479
4/27/2019 15:00,0.154773695,0.050871654
4/27/2019 16:00,0.220787606,0.072569377
4/27/2019 17:00,0.187935467,0.061771401
4/27/2019 18:00,0.119628137,0.039319867
4/27/2019 19:00,0.092821805,0.030509052
4/27/2019 20:00,0.081303003,0.026723005
4/27/2019 21:00,0.053816802,0.017688727
4/27/2019 22:00,0.044358643,0.014579981
4/27/2019 23:00,0.019698293,0.006474516
4/28/2019 0:00,0.007546055,0.002480268
4/28/2019 1:00,0,0
4/28/2019 2:00,0,0
4/28/2019 3:00,0,0
4/28/2019 4:00,0,0
4/28/2019 5:00,0,0
4/28/2019 6:00,0.00712162,0.002340763
4/28/2019 7:00,0.007125918,0.002342176
4/28/2019 8:00,0,0
4/28/2019 9:00,0.007014841,0.002305667
4/28/2019 10:00,0.011998695,0.00394378
4/28/2019 11:00,0.012488948,0.004104919
4/28/2019 12:00,0.009840047,0.003234267
4/28/2019 13:00,0.026320167,0.008651021
4/28/2019 14:00,0.076342624,0.025092607
4/28/2019 15:00,0.130903639,0.043025945
4/28/2019 16:00,0.211629604,0.069559287
4/28/2019 17:00,0.277338733,0.091156833
4/28/2019 18:00,0.403144154,0.132507076
4/28/2019 19:00,0.360142457,0.118373101
4/28/2019 20:00,0.315045406,0.103550417
4/28/2019 21:00,0.318337256,0.104632396
4/28/2019 22:00,0.280109349,0.092067491
4/28/2019 23:00,0.292598411,0.096172447
4/29/2019 0:00,0.275895801,0.090682565
4/29/2019 1:00,0.263046561,0.086459223
4/29/2019 2:00,0.263591228,0.086638247
4/29/2019 3:00,0.216642083,0.071206809
4/29/2019 4:00,0.20261182,0.066595285
4/29/2019 5:00,0.328411842,0.107943752
4/29/2019 6:00,0.548344852,0.180232237
4/29/2019 7:00,0.56314046,0.185095318
4/29/2019 8:00,0.554830502,0.182363967
4/29/2019 9:00,0.480620573,0.157972343
4/29/2019 10:00,0.508064721,0.166992798
4/29/2019 11:00,0.437877454,0.143923359
4/29/2019 12:00,0.440985225,0.144944834
4/29/2019 13:00,0.537536487,0.176679699
4/29/2019 14:00,0.58339241,0.191751812
4/29/2019 15:00,0.451589884,0.148430417
4/29/2019 16:00,0.344246701,0.113148419
4/29/2019 17:00,0.382298409,0.12565541
4/29/2019 18:00,0.503259406,0.165413367
4/29/2019 19:00,0.554785135,0.182349056
4/29/2019 20:00,0.547162296,0.17984355
4/29/2019 21:00,0.540076456,0.177514547
4/29/2019 22:00,0.604332462,0.198634474
4/29/2019 23:00,0.521090297,0.171274098
4/30/2019 0:00,0.443499721,0.145771309
4/30/2019 1:00,0.414381787,0.136200707
4/30/2019 2:00,0.396827925,0.130431031
4/30/2019 3:00,0.374316545,0.123031899
4/30/2019 4:00,0.348636287,0.114591206
4/30/2019 5:00,0.305806558,0.100513755
4/30/2019 6:00,0.237559236,0.078081945
4/30/2019 7:00,0.218740611,0.071896562
4/30/2019 8:00,0.189816725,0.062389741
4/30/2019 9:00,0.149704753,0.049205573
4/30/2019 10:00,0.128587814,0.042264771
4/30/2019 11:00,0.099536016,0.032715906
4/30/2019 12:00,0.071625366,0.023542119
4/30/2019 13:00,0.018992509,0.006242536
4/30/2019 14:00,0.008537168,0.002806032
4/30/2019 15:00,0.012354845,0.004060841
4/30/2019 16:00,0.033877765,0.011135083
4/30/2019 17:00,0.058216626,0.01913488
4/30/2019 18:00,0.044110891,0.014498549
4/30/2019 19:00,0.017093606,0.005618397
4/30/2019 20:00,0.007708033,0.002533508
4/30/2019 21:00,0,0
4/30/2019 22:00,0.007997182,0.002628547
4/30/2019 23:00,0.015387008,0.005057465
05/01/2019 00:00,0.020940133,0.006882689
05/01/2019 01:00,0.010575079,0.00347586
05/01/2019 02:00,0.009296094,0.003055478
05/01/2019 03:00,0.012372013,0.004066484
05/01/2019 04:00,0.020464994,0.006726518
05/01/2019 05:00,0.039550727,0.012999695
05/01/2019 06:00,0.032154564,0.010568694
05/01/2019 07:00,0.013118633,0.004311886
05/01/2019 08:00,0,0
05/01/2019 09:00,0,0
05/01/2019 10:00,0,0
05/01/2019 11:00,0,0
05/01/2019 12:00,0,0
05/01/2019 13:00,0.007967844,0.002618904
05/01/2019 14:00,0.032405896,0.010651303
05/01/2019 15:00,0.059842579,0.019669305
05/01/2019 16:00,0.07681102,0.025246561
05/01/2019 17:00,0.092225236,0.030312969
05/01/2019 18:00,0.097684657,0.032107394
05/01/2019 19:00,0.091178043,0.029968773
05/01/2019 20:00,0.121713945,0.040005439
05/01/2019 21:00,0.169575267,0.055736695
05/01/2019 22:00,0.222365666,0.07308806
05/01/2019 23:00,0.381022317,0.125235979
05/02/2019 00:00,0.599480695,0.197039776
05/02/2019 01:00,0.666773911,0.219157986
05/02/2019 02:00,0.720804368,0.236916939
05/02/2019 03:00,0.807012247,0.265252098
05/02/2019 04:00,0.789930706,0.259637667
05/02/2019 05:00,0.81836929,0.268984978
05/02/2019 06:00,0.931281239,0.306097341
05/02/2019 07:00,0.95943414,0.315350752
05/02/2019 08:00,0.974487184,0.320298448
05/02/2019 09:00,1.018807129,0.334865709
05/02/2019 10:00,1.063905666,0.349688882
05/02/2019 11:00,1.001115181,0.329050647
05/02/2019 12:00,0.96692147,0.317811718
05/02/2019 13:00,0.964337076,0.316962269
05/02/2019 14:00,0.972324757,0.319587693
05/02/2019 15:00,0.957126559,0.314592286
05/02/2019 16:00,0.934510157,0.307158635
05/02/2019 17:00,0.916113014,0.301111786
05/02/2019 18:00,0.913942205,0.300398276
05/02/2019 19:00,0.901946706,0.296455546
05/02/2019 20:00,0.894337871,0.293954643
05/02/2019 21:00,0.945243842,0.310686626
05/02/2019 22:00,1.046129805,0.343846239
05/02/2019 23:00,1.098240664,0.36097425
05/03/2019 00:00,1.117861335,0.367423253
05/03/2019 01:00,1.203119303,0.395446192
05/03/2019 02:00,1.260409931,0.41427671
05/03/2019 03:00,1.275183167,0.419132438
05/03/2019 04:00,1.287782509,0.423273642
05/03/2019 05:00,1.29,0.424002496
05/03/2019 06:00,1.29,0.424002496
05/03/2019 07:00,1.29,0.424002496
05/03/2019 08:00,1.29,0.424002496
05/03/2019 09:00,1.29,0.424002496
05/03/2019 10:00,1.29,0.424002496
05/03/2019 11:00,1.29,0.424002496
05/03/2019 12:00,1.29,0.424002496
05/03/2019 13:00,1.287604979,0.42321529
05/03/2019 14:00,1.275372293,0.419194601
05/03/2019 15:00,1.25409546,0.412201244
05/03/2019 16:00,1.222473833,0.401807718
05/03/2019 17:00,1.234780291,0.405852655
05/03/2019 18:00,1.25922902,0.413888564
05/03/2019 19:00,1.278751076,0.420305153
05/03/2019 20:00,1.28782466,0.423287496
05/03/2019 21:00,1.288659188,0.423561792
05/03/2019 22:00,1.29,0.424002496
05/03/2019 23:00,1.29,0.424002496
05/04/2019 00:00,1.287915371,0.423317311
05/04/2019 01:00,1.280918888,0.421017678
05/04/2019 02:00,1.288201842,0.42341147
05/04/2019 03:00,1.289781763,0.423930765
05/04/2019 04:00,1.289970215,0.423992706
05/04/2019 05:00,1.289453329,0.423822814
05/04/2019 06:00,1.29,0.424002496
05/04/2019 07:00,1.29,0.424002496
05/04/2019 08:00,1.288621575,0.423549429
05/04/2019 09:00,1.281747554,0.421290048
05/04/2019 10:00,1.285749433,0.422605402
05/04/2019 11:00,1.266098701,0.416146519
05/04/2019 12:00,1.20293551,0.395385782
05/04/2019 13:00,1.133266546,0.372486701
05/04/2019 14:00,1.090645357,0.358477793
05/04/2019 15:00,1.077556521,0.354175701
05/04/2019 16:00,1.071452478,0.352169399
05/04/2019 17:00,1.088920002,0.357910697
05/04/2019 18:00,1.07849693,0.354484798
05/04/2019 19:00,1.083636638,0.356174139
05/04/2019 20:00,1.051232955,0.345523563
05/04/2019 21:00,1.00230141,0.329440542
05/04/2019 22:00,1.099140278,0.361269939
05/04/2019 23:00,1.056801821,0.347353961
05/05/2019 00:00,1.135615859,0.373258882
05/05/2019 01:00,1.234124509,0.40563711
05/05/2019 02:00,1.275927652,0.419377138
05/05/2019 03:00,1.272008968,0.41808913
05/05/2019 04:00,1.284699473,0.422260297
05/05/2019 05:00,1.287085046,0.423044396
05/05/2019 06:00,1.28866793,0.423564665
05/05/2019 07:00,1.289470853,0.423828573
05/05/2019 08:00,1.288092714,0.423375601
05/05/2019 09:00,1.289898474,0.423969126
05/05/2019 10:00,1.29,0.424002496
05/05/2019 11:00,1.29,0.424002496
05/05/2019 12:00,1.29,0.424002496
05/05/2019 13:00,1.28599245,0.422685278
05/05/2019 14:00,1.278519012,0.420228877
05/05/2019 15:00,1.263002262,0.415128768
05/05/2019 16:00,1.232426669,0.405079057
05/05/2019 17:00,1.206531103,0.396567596
05/05/2019 18:00,1.201513659,0.394918442
05/05/2019 19:00,1.231175786,0.404667912
05/05/2019 20:00,1.218154001,0.400387858
05/05/2019 21:00,1.169487834,0.384392062
05/05/2019 22:00,1.144813347,0.37628195
05/05/2019 23:00,1.08941364,0.358072947
05/06/2019 00:00,1.077060653,0.354012717
05/06/2019 01:00,1.037058156,0.340864532
05/06/2019 02:00,1.037007941,0.340848027
05/06/2019 03:00,1.038454729,0.341323563
05/06/2019 04:00,1.01424609,0.333366569
05/06/2019 05:00,0.977873048,0.321411328
05/06/2019 06:00,0.916476918,0.301231396
05/06/2019 07:00,0.709749678,0.233283438
05/06/2019 08:00,0.54886635,0.180403645
05/06/2019 09:00,0.3463304,0.113833298
05/06/2019 10:00,0.227395502,0.074741287
05/06/2019 11:00,0.196164178,0.064476047
05/06/2019 12:00,0.205455221,0.067529865
05/06/2019 13:00,0.218182154,0.071713006
05/06/2019 14:00,0.254113909,0.083523203
05/06/2019 15:00,0.315843463,0.103812726
05/06/2019 16:00,0.365704911,0.120201392
05/06/2019 17:00,0.390097712,0.128218917
05/06/2019 18:00,0.358513048,0.11783754
05/06/2019 19:00,0.302657198,0.09947861
05/06/2019 20:00,0.251598937,0.082696571
05/06/2019 21:00,0.206323463,0.067815243
05/06/2019 22:00,0.215119506,0.070706362
05/06/2019 23:00,0.190193678,0.062513639
05/07/2019 00:00,0.170027388,0.0558853
05/07/2019 01:00,0.163934574,0.053882689
05/07/2019 02:00,0.173049791,0.056878716
05/07/2019 03:00,0.162915661,0.053547788
05/07/2019 04:00,0.143180215,0.047061061
05/07/2019 05:00,0.127751631,0.041989931
05/07/2019 06:00,0.111121374,0.036523829
05/07/2019 07:00,0.103161439,0.033907525
05/07/2019 08:00,0.09877264,0.032464997
05/07/2019 09:00,0.093851318,0.030847437
05/07/2019 10:00,0.126948248,0.041725871
05/07/2019 11:00,0.111903359,0.036780855
05/07/2019 12:00,0.097372802,0.032004892
05/07/2019 13:00,0.082739185,0.027195055
05/07/2019 14:00,0.073532748,0.024169045
05/07/2019 15:00,0.060600902,0.019918553
05/07/2019 16:00,0.038793346,0.012750756
05/07/2019 17:00,0.021589536,0.007096137
05/07/2019 18:00,0.018518506,0.006086739
05/07/2019 19:00,0.015585074,0.005122566
05/07/2019 20:00,0.014328746,0.004709631
05/07/2019 21:00,0.00887632,0.002917505
05/07/2019 22:00,0,0
05/07/2019 23:00,0,0
05/08/2019 00:00,0,0
05/08/2019 01:00,0,0
05/08/2019 02:00,0,0
05/08/2019 03:00,0,0
05/08/2019 04:00,0.008237694,0.002707599
05/08/2019 05:00,0.017484186,0.005746774
05/08/2019 06:00,0.031605384,0.010388187
05/08/2019 07:00,0.051128262,0.016805047
05/08/2019 08:00,0.066001748,0.021693726
05/08/2019 09:00,0.086432003,0.028408825
05/08/2019 10:00,0.022981882,0.007553779
05/08/2019 11:00,0.068322198,0.022456421
05/08/2019 12:00,0.115933835,0.038105609
05/08/2019 13:00,0.140920579,0.046318354
05/08/2019 14:00,0.140277614,0.046107022
05/08/2019 15:00,0.124413378,0.0408927
05/08/2019 16:00,0.105088351,0.034540871
05/08/2019 17:00,0.08947139,0.029407824
05/08/2019 18:00,0.073559383,0.0241778
05/08/2019 19:00,0.058598686,0.019260457
05/08/2019 20:00,0.051558535,0.016946471
05/08/2019 21:00,0.040316915,0.013251529
05/08/2019 22:00,0.020968327,0.006891956
05/08/2019 23:00,0.007251171,0.002383345
05/09/2019 00:00,0.008814591,0.002897216
05/09/2019 01:00,0.044729263,0.014701798
05/09/2019 02:00,0.084313381,0.027712468
05/09/2019 03:00,0.105137861,0.034557144
05/09/2019 04:00,0.100590093,0.033062365
05/09/2019 05:00,0.092896903,0.030533735
05/09/2019 06:00,0.090472491,0.02973687
05/09/2019 07:00,0.106758671,0.035089878
05/09/2019 08:00,0.120021066,0.039449017
05/09/2019 09:00,0.13305979,0.043734638
05/09/2019 10:00,0.171590597,0.056399102
05/09/2019 11:00,0.218598599,0.071849885
05/09/2019 12:00,0.243875297,0.080157934
05/09/2019 13:00,0.260400063,0.085589362
05/09/2019 14:00,0.243271327,0.079959418
05/09/2019 15:00,0.230892114,0.075890568
05/09/2019 16:00,0.230875246,0.075885023
05/09/2019 17:00,0.231835653,0.076200694
05/09/2019 18:00,0.231647089,0.076138716
05/09/2019 19:00,0.226105123,0.07431716
05/09/2019 20:00,0.22134694,0.072753221
05/09/2019 21:00,0.190339529,0.062561578
05/09/2019 22:00,0.143164463,0.047055884
05/09/2019 23:00,0.11613567,0.038171949
05/10/2019 00:00,0.145441429,0.047804286
05/10/2019 01:00,0.160004521,0.052590943
05/10/2019 02:00,0.146418399,0.0481254
05/10/2019 03:00,0.111385924,0.036610783
05/10/2019 04:00,0.087616545,0.028798166
05/10/2019 05:00,0.052693737,0.017319594
05/10/2019 06:00,0.023794427,0.00782085
05/10/2019 07:00,0.009996837,0.003285801
05/10/2019 08:00,0.007731173,0.002541114
05/10/2019 09:00,0,0
05/10/2019 10:00,0,0
05/10/2019 11:00,0,0
05/10/2019 12:00,0,0
05/10/2019 13:00,0,0
05/10/2019 14:00,0,0
05/10/2019 15:00,0.009993252,0.003284623
05/10/2019 16:00,0.017125393,0.005628844
05/10/2019 17:00,0.012270048,0.00403297
05/10/2019 18:00,0,0
05/10/2019 19:00,0,0
05/10/2019 20:00,0,0
05/10/2019 21:00,0,0
05/10/2019 22:00,0,0
05/10/2019 23:00,0.00722391,0.002374384
05/11/2019 00:00,0.023803111,0.007823704
05/11/2019 01:00,0.044161534,0.014515194
05/11/2019 02:00,0.065607176,0.021564036
05/11/2019 03:00,0.094610544,0.031096982
05/11/2019 04:00,0.123247824,0.040509601
05/11/2019 05:00,0.123357617,0.040545688
05/11/2019 06:00,0.127146627,0.041791075
05/11/2019 07:00,0.125349302,0.041200323
05/11/2019 08:00,0.120097613,0.039474177
05/11/2019 09:00,0.108829237,0.03577044
05/11/2019 10:00,0.109412753,0.035962233
05/11/2019 11:00,0.121057989,0.039789837
05/11/2019 12:00,0.134272849,0.044133351
05/11/2019 13:00,0.147583486,0.048508346
05/11/2019 14:00,0.150928915,0.049607935
05/11/2019 15:00,0.156570397,0.051462201
05/11/2019 16:00,0.155978848,0.051267768
05/11/2019 17:00,0.15864231,0.052143206
05/11/2019 18:00,0.157431081,0.051745094
05/11/2019 19:00,0.13766119,0.045247045
05/11/2019 20:00,0.098126438,0.0322526
05/11/2019 21:00,0.037535495,0.012337321
05/11/2019 22:00,0,0
05/11/2019 23:00,0,0
05/12/2019 00:00,0,0
05/12/2019 01:00,0,0
05/12/2019 02:00,0.012108604,0.003979906
05/12/2019 03:00,0.010752646,0.003534224
05/12/2019 04:00,0.01598532,0.005254121
05/12/2019 05:00,0.048643336,0.015988291
05/12/2019 06:00,0.055613936,0.018279417
05/12/2019 07:00,0.054452153,0.017897557
05/12/2019 08:00,0.086561393,0.028451354
05/12/2019 09:00,0.082215759,0.027023013
05/12/2019 10:00,0.068168858,0.02240602
05/12/2019 11:00,0.088244104,0.029004434
05/12/2019 12:00,0.093303196,0.030667278
05/12/2019 13:00,0.073719389,0.024230391
05/12/2019 14:00,0.053934554,0.017727431
05/12/2019 15:00,0.008438568,0.002773623
05/12/2019 16:00,0,0
05/12/2019 17:00,0,0
05/12/2019 18:00,0,0
05/12/2019 19:00,0,0
05/12/2019 20:00,0.011765069,0.003866991
05/12/2019 21:00,0.11370819,0.037374075
05/12/2019 22:00,0.129537008,0.042576756
05/12/2019 23:00,0.098665634,0.032429826
5/13/2019 0:00,0.112088224,0.036841618
5/13/2019 1:00,0.129596317,0.04259625
5/13/2019 2:00,0.107728629,0.035408688
5/13/2019 3:00,0.10392319,0.034157901
5/13/2019 4:00,0.103402289,0.033986689
5/13/2019 5:00,0.097697114,0.032111489
5/13/2019 6:00,0.109916783,0.0361279
5/13/2019 7:00,0.1290893,0.042429601
5/13/2019 8:00,0.159195217,0.052324937
5/13/2019 9:00,0.179739177,0.059077411
5/13/2019 10:00,0.310742139,0.102136002
5/13/2019 11:00,0.269187168,0.088477544
5/13/2019 12:00,0.288232005,0.094737279
5/13/2019 13:00,0.448320807,0.147355923
5/13/2019 14:00,0.728666305,0.239501032
5/13/2019 15:00,0.828582344,0.272341846
5/13/2019 16:00,0.724427321,0.238107746
5/13/2019 17:00,0.397705087,0.130719341
5/13/2019 18:00,0.184311192,0.060580159
5/13/2019 19:00,0.121583752,0.039962647
5/13/2019 20:00,0.104577156,0.034372849
5/13/2019 21:00,0.093219414,0.03063974
5/13/2019 22:00,0.122806083,0.040364407
5/13/2019 23:00,0.108272685,0.035587511
5/14/2019 0:00,0.106040207,0.034853731
5/14/2019 1:00,0.122241947,0.040178985
5/14/2019 2:00,0.151280856,0.049723613
5/14/2019 3:00,0.182999285,0.060148956
5/14/2019 4:00,0.199578713,0.065598351
5/14/2019 5:00,0.194564467,0.063950248
5/14/2019 6:00,0.167425805,0.055030201
5/14/2019 7:00,0.126570488,0.041601707
5/14/2019 8:00,0.10767135,0.035389861
5/14/2019 9:00,0.102019494,0.033532186
5/14/2019 10:00,0.03903929,0.012831594
5/14/2019 11:00,0.013780966,0.004529585
5/14/2019 12:00,0,0
5/14/2019 13:00,0,0
5/14/2019 14:00,0,0
5/14/2019 15:00,0,0
5/14/2019 16:00,0,0
5/14/2019 17:00,0,0
5/14/2019 18:00,0.00828561,0.002723348
5/14/2019 19:00,0.021449325,0.007050052
5/14/2019 20:00,0.055106176,0.018112524
5/14/2019 21:00,0.108693729,0.035725901
5/14/2019 22:00,0.11353867,0.037318356
5/14/2019 23:00,0.119211898,0.039183056
5/15/2019 0:00,0.138161946,0.045411636
5/15/2019 1:00,0.181049217,0.059508
5/15/2019 2:00,0.238389377,0.078354799
5/15/2019 3:00,0.311164506,0.102274827
5/15/2019 4:00,0.374953787,0.12324135
5/15/2019 5:00,0.414820891,0.136345033
5/15/2019 6:00,0.450873532,0.148194963
5/15/2019 7:00,0.457080592,0.150235125
5/15/2019 8:00,0.489869825,0.161012425
5/15/2019 9:00,0.458101362,0.150570636
5/15/2019 10:00,0.529552499,0.174055489
5/15/2019 11:00,0.623840473,0.205046448
5/15/2019 12:00,0.7451138,0.244907063
5/15/2019 13:00,0.875907569,0.287896895
5/15/2019 14:00,0.910748855,0.299348673
5/15/2019 15:00,0.873376377,0.287064933
5/15/2019 16:00,0.840038147,0.276107187
5/15/2019 17:00,0.887828173,0.291815009
5/15/2019 18:00,0.927422374,0.304828993
5/15/2019 19:00,0.936297978,0.307746263
5/15/2019 20:00,0.954191794,0.313627676
5/15/2019 21:00,0.964415603,0.31698808
5/15/2019 22:00,0.927187441,0.304751774
5/15/2019 23:00,0.962537089,0.316370642
5/16/2019 0:00,1.004735997,0.330240752
5/16/2019 1:00,1.030272036,0.338634042
5/16/2019 2:00,0.999149168,0.32840445
5/16/2019 3:00,0.978953825,0.321766562
5/16/2019 4:00,0.963152064,0.316572774
5/16/2019 5:00,0.970614563,0.319025579
5/16/2019 6:00,1.026560891,0.337414248
5/16/2019 7:00,1.076700525,0.353894349
5/16/2019 8:00,1.104366557,0.362987734
5/16/2019 9:00,1.133569471,0.372586267
5/16/2019 10:00,1.155208147,0.379698556
5/16/2019 11:00,1.158112239,0.380653085
5/16/2019 12:00,1.17701424,0.386865872
5/16/2019 13:00,1.171238058,0.384967333
5/16/2019 14:00,1.163086994,0.382288208
5/16/2019 15:00,1.168521973,0.384074599
5/16/2019 16:00,1.223725349,0.402219071
5/16/2019 17:00,1.231062858,0.404630794
5/16/2019 18:00,1.228463254,0.403776345
5/16/2019 19:00,1.237277046,0.406673299
5/16/2019 20:00,1.269554017,0.417282226
5/16/2019 21:00,1.269785091,0.417358176
5/16/2019 22:00,1.156289634,0.380054024
5/16/2019 23:00,1.075804643,0.353599886
5/17/2019 0:00,1.031453587,0.339022399
5/17/2019 1:00,1.040522477,0.342003199
5/17/2019 2:00,1.025947458,0.337212622
5/17/2019 3:00,0.941942124,0.309601404
5/17/2019 4:00,0.850312528,0.279484212
5/17/2019 5:00,0.623197636,0.204835157
5/17/2019 6:00,0.34680446,0.113989114
5/17/2019 7:00,0.249482651,0.082000982
5/17/2019 8:00,0.195187782,0.064155121
5/17/2019 9:00,0.169466695,0.055701009
5/17/2019 10:00,0.125097997,0.041117723
5/17/2019 11:00,0.192468275,0.063261263
5/17/2019 12:00,0.310794389,0.102153176
5/17/2019 13:00,0.392214656,0.128914723
5/17/2019 14:00,0.39491187,0.129801255
5/17/2019 15:00,0.36101485,0.118659843
5/17/2019 16:00,0.383344645,0.125999292
5/17/2019 17:00,0.401228033,0.131877277
5/17/2019 18:00,0.334661094,0.109997782
5/17/2019 19:00,0.367774579,0.120881658
5/17/2019 20:00,0.32902535,0.108145403
5/17/2019 21:00,0.168675539,0.055440968
5/17/2019 22:00,0.070441145,0.023152885
5/17/2019 23:00,0.059777721,0.019647987
5/18/2019 0:00,0.081514624,0.026792561
5/18/2019 1:00,0.09062937,0.029788433
5/18/2019 2:00,0.137901297,0.045325965
5/18/2019 3:00,0.244967638,0.080516969
5/18/2019 4:00,0.423509178,0.139200735
5/18/2019 5:00,0.434620633,0.142852894
5/18/2019 6:00,0.317028645,0.104202276
5/18/2019 7:00,0.181627924,0.059698212
5/18/2019 8:00,0.067189034,0.022083968
5/18/2019 9:00,0.013482981,0.004431641
5/18/2019 10:00,0,0
5/18/2019 11:00,0,0
5/18/2019 12:00,0,0
5/18/2019 13:00,0.008052495,0.002646727
5/18/2019 14:00,0.060259095,0.019806207
5/18/2019 15:00,0.098412168,0.032346515
5/18/2019 16:00,0.12154998,0.039951546
5/18/2019 17:00,0.185038716,0.060819285
5/18/2019 18:00,0.205180149,0.067439454
5/18/2019 19:00,0.171624042,0.056410095
5/18/2019 20:00,0.125917925,0.04138722
5/18/2019 21:00,0.112454346,0.036961956
5/18/2019 22:00,0.159013983,0.052265369
5/18/2019 23:00,0.129265896,0.042487645
5/19/2019 0:00,0.131872553,0.043344412
5/19/2019 1:00,0.138553901,0.045540465
5/19/2019 2:00,0.142444224,0.046819152
5/19/2019 3:00,0.147925876,0.048620884
5/19/2019 4:00,0.14940516,0.049107101
5/19/2019 5:00,0.153519499,0.050459419
5/19/2019 6:00,0.141618438,0.04654773
5/19/2019 7:00,0.120119387,0.039481333
5/19/2019 8:00,0.087007256,0.028597902
5/19/2019 9:00,0.042852907,0.014085069
5/19/2019 10:00,0,0
5/19/2019 11:00,0,0
5/19/2019 12:00,0,0
5/19/2019 13:00,0,0
5/19/2019 14:00,0,0
5/19/2019 15:00,0,0
5/19/2019 16:00,0.007827524,0.002572783
5/19/2019 17:00,0.012191368,0.004007109
5/19/2019 18:00,0.023562406,0.007744588
5/19/2019 19:00,0.029575312,0.009720935
5/19/2019 20:00,0.017515471,0.005757057
5/19/2019 21:00,0.008673377,0.002850801
5/19/2019 22:00,0.012629983,0.004151275
5/19/2019 23:00,0.00771938,0.002537237
5/20/2019 0:00,0,0
5/20/2019 1:00,0,0
5/20/2019 2:00,0.00713969,0.002346703
5/20/2019 3:00,0.008413932,0.002765526
5/20/2019 4:00,0.00730813,0.002402066
5/20/2019 5:00,0,0
5/20/2019 6:00,0,0
5/20/2019 7:00,0.007278092,0.002392193
5/20/2019 8:00,0.021822009,0.007172547
5/20/2019 9:00,0.05474555,0.017993992
5/20/2019 10:00,0.070814304,0.023275536
5/20/2019 11:00,0.025713499,0.008451619
5/20/2019 12:00,0.011117001,0.003653982
5/20/2019 13:00,0,0
5/20/2019 14:00,0,0
5/20/2019 15:00,0,0
5/20/2019 16:00,0,0
5/20/2019 17:00,0,0
5/20/2019 18:00,0,0
5/20/2019 19:00,0,0
5/20/2019 20:00,0,0
5/20/2019 21:00,0,0
5/20/2019 22:00,0,0
5/20/2019 23:00,0,0
5/21/2019 0:00,0,0
5/21/2019 1:00,0.007241782,0.002380259
5/21/2019 2:00,0.050018965,0.016440439
5/21/2019 3:00,0.083116037,0.02731892
5/21/2019 4:00,0.077343094,0.025421446
5/21/2019 5:00,0.058039537,0.019076673
5/21/2019 6:00,0.033671553,0.011067304
5/21/2019 7:00,0.009727259,0.003197195
5/21/2019 8:00,0,0
5/21/2019 9:00,0,0
5/21/2019 10:00,0,0
5/21/2019 11:00,0.019707761,0.006477628
5/21/2019 12:00,0.121028928,0.039780285
5/21/2019 13:00,0.185490775,0.060967869
5/21/2019 14:00,0.197616267,0.064953326
5/21/2019 15:00,0.180162666,0.059216605
5/21/2019 16:00,0.158703162,0.052163207
5/21/2019 17:00,0.128005301,0.042073308
5/21/2019 18:00,0.111099899,0.036516771
5/21/2019 19:00,0.102328946,0.033633898
5/21/2019 20:00,0.075044469,0.024665924
5/21/2019 21:00,0.048709016,0.016009879
5/21/2019 22:00,0.032313892,0.010621063
5/21/2019 23:00,0.025965121,0.008534323
5/22/2019 0:00,0.039630504,0.013025917
5/22/2019 1:00,0.057532326,0.018909961
5/22/2019 2:00,0.128343271,0.042184393
5/22/2019 3:00,0.19771709,0.064986465
5/22/2019 4:00,0.270648426,0.088957836
5/22/2019 5:00,0.388092188,0.127559734
5/22/2019 6:00,0.461340999,0.151635454
5/22/2019 7:00,0.621848091,0.204391583
5/22/2019 8:00,0.688916359,0.226435857
5/22/2019 9:00,0.743389793,0.244340409
5/22/2019 10:00,0.876105589,0.287961982
5/22/2019 11:00,0.946001343,0.310935605
5/22/2019 12:00,0.941658623,0.309508222
5/22/2019 13:00,0.896165589,0.294555385
5/22/2019 14:00,0.930966419,0.305993864
5/22/2019 15:00,0.979507689,0.321948608
5/22/2019 16:00,0.989839414,0.325344482
5/22/2019 17:00,0.998256378,0.328111004
5/22/2019 18:00,1.011741712,0.332543419
5/22/2019 19:00,1.029957717,0.338530731
5/22/2019 20:00,1.056939406,0.347399183
5/22/2019 21:00,1.057192312,0.347482309
5/22/2019 22:00,1.035052424,0.34020528
5/22/2019 23:00,1.084479368,0.356451131
5/23/2019 0:00,1.149365847,0.377778285
5/23/2019 1:00,1.187617298,0.390350929
5/23/2019 2:00,1.274793234,0.419004273
5/23/2019 3:00,1.259005352,0.413815047
5/23/2019 4:00,1.198326114,0.393870747
5/23/2019 5:00,1.157846603,0.380565775
5/23/2019 6:00,1.152470165,0.378798625
5/23/2019 7:00,1.209885329,0.397670077
5/23/2019 8:00,1.263409038,0.415262469
5/23/2019 9:00,1.267961973,0.416758946
5/23/2019 10:00,1.279654822,0.4206022
5/23/2019 11:00,1.28280323,0.421637032
5/23/2019 12:00,1.278022699,0.420065747
5/23/2019 13:00,1.289114474,0.423711437
5/23/2019 14:00,1.288773943,0.42359951
5/23/2019 15:00,1.29,0.424002496
5/23/2019 16:00,1.29,0.424002496
5/23/2019 17:00,1.29,0.424002496
5/23/2019 18:00,1.289029534,0.423683519
5/23/2019 19:00,1.284440097,0.422175044
5/23/2019 20:00,1.260349671,0.414256904
5/23/2019 21:00,1.21129877,0.398134652
5/23/2019 22:00,1.251241688,0.411263255
5/23/2019 23:00,1.190243568,0.391214142
5/24/2019 0:00,1.066872933,0.350664175
5/24/2019 1:00,1.010553731,0.332152949
5/24/2019 2:00,1.00803163,0.331323974
5/24/2019 3:00,0.95747176,0.314705749
5/24/2019 4:00,0.89606539,0.294522451
5/24/2019 5:00,0.834728446,0.274361972
5/24/2019 6:00,0.773706382,0.25430499
5/24/2019 7:00,0.726021012,0.238631567
5/24/2019 8:00,0.748056298,0.245874215
5/24/2019 9:00,0.695374328,0.228558489
5/24/2019 10:00,0.728318422,0.239386689
5/24/2019 11:00,0.654433032,0.215101735
5/24/2019 12:00,0.594697707,0.195467684
5/24/2019 13:00,0.660692986,0.217159283
5/24/2019 14:00,0.697720761,0.229329724
5/24/2019 15:00,0.763839474,0.251061894
5/24/2019 16:00,0.867696677,0.285198106
5/24/2019 17:00,0.898977758,0.2954797
5/24/2019 18:00,0.849571502,0.279240649
5/24/2019 19:00,0.711117981,0.233733177
5/24/2019 20:00,0.58394767,0.191934317
5/24/2019 21:00,0.624669881,0.205319061
5/24/2019 22:00,0.623201808,0.204836529
5/24/2019 23:00,0.616127661,0.202511369
5/25/2019 0:00,0.378156274,0.124293957
5/25/2019 1:00,0.290140168,0.095364461
5/25/2019 2:00,0.237284573,0.077991668
5/25/2019 3:00,0.203377284,0.06684688
5/25/2019 4:00,0.204030316,0.067061522
5/25/2019 5:00,0.229810521,0.075535065
5/25/2019 6:00,0.185173167,0.060863477
5/25/2019 7:00,0.171421101,0.056343391
5/25/2019 8:00,0.179665624,0.059053235
5/25/2019 9:00,0.175942668,0.057829559
5/25/2019 10:00,0.215910941,0.070966495
5/25/2019 11:00,0.195638109,0.064303137
5/25/2019 12:00,0.179808748,0.059100278
5/25/2019 13:00,0.15460677,0.050816788
5/25/2019 14:00,0.112487131,0.036972732
5/25/2019 15:00,0.105114932,0.034549607
5/25/2019 16:00,0.081000529,0.026623586
5/25/2019 17:00,0.081614079,0.02682525
5/25/2019 18:00,0.10289224,0.033819044
5/25/2019 19:00,0.120356887,0.039559396
5/25/2019 20:00,0.131973172,0.043377484
5/25/2019 21:00,0.121178628,0.039829489
5/25/2019 22:00,0.087018967,0.028601751
5/25/2019 23:00,0.069351956,0.022794886
5/26/2019 0:00,0.024407841,0.008022469
5/26/2019 1:00,0.03135702,0.010306554
5/26/2019 2:00,0.015686742,0.005155983
5/26/2019 3:00,0.029408113,0.009665979
5/26/2019 4:00,0.108272131,0.035587329
5/26/2019 5:00,0.123158663,0.040480295
5/26/2019 6:00,0.150186455,0.049363901
5/26/2019 7:00,0.187262517,0.061550213
5/26/2019 8:00,0.252358374,0.082946186
5/26/2019 9:00,0.336303178,0.110537509
5/26/2019 10:00,0.261682517,0.086010884
5/26/2019 11:00,0.247314328,0.081288289
5/26/2019 12:00,0.253261533,0.08324304
5/26/2019 13:00,0.278661405,0.091591575
5/26/2019 14:00,0.306291568,0.10067317
5/26/2019 15:00,0.394584999,0.129693817
5/26/2019 16:00,0.45265383,0.148780119
5/26/2019 17:00,0.523548121,0.172081946
5/26/2019 18:00,0.529277682,0.173965161
5/26/2019 19:00,0.454902038,0.149519069
5/26/2019 20:00,0.367024127,0.120634997
5/26/2019 21:00,0.33484919,0.110059606
5/26/2019 22:00,0.382052763,0.12557467
5/26/2019 23:00,0.491552106,0.161565364
5/27/2019 0:00,0.56468366,0.185602544
5/27/2019 1:00,0.592383907,0.194707175
5/27/2019 2:00,0.661314296,0.217363498
5/27/2019 3:00,0.668013853,0.219565536
5/27/2019 4:00,0.602803584,0.198131957
5/27/2019 5:00,0.463818711,0.152449838
5/27/2019 6:00,0.351294985,0.115465078
5/27/2019 7:00,0.293084239,0.096332131
5/27/2019 8:00,0.236426237,0.077709546
5/27/2019 9:00,0.182722113,0.060057854
5/27/2019 10:00,0.097689885,0.032109112
5/27/2019 11:00,0.114836678,0.037744991
5/27/2019 12:00,0.152782858,0.050217297
5/27/2019 13:00,0.171814487,0.056472691
5/27/2019 14:00,0.17279239,0.056794112
5/27/2019 15:00,0.170805046,0.056140904
5/27/2019 16:00,0.192771348,0.063360878
5/27/2019 17:00,0.217369377,0.071445859
5/27/2019 18:00,0.229871305,0.075555044
5/27/2019 19:00,0.228493628,0.075102224
5/27/2019 20:00,0.238265863,0.078314202
5/27/2019 21:00,0.267016876,0.087764203
5/27/2019 22:00,0.354735074,0.11659578
5/27/2019 23:00,0.393833647,0.12944686
5/28/2019 0:00,0.36760326,0.120825349
5/28/2019 1:00,0.413684649,0.135971569
5/28/2019 2:00,0.593335632,0.195019991
5/28/2019 3:00,0.70433155,0.231502585
5/28/2019 4:00,0.710836954,0.233640808
5/28/2019 5:00,0.72422447,0.238041072
5/28/2019 6:00,0.716329639,0.235446167
5/28/2019 7:00,0.708514927,0.232877595
5/28/2019 8:00,0.682624417,0.224367796
5/28/2019 9:00,0.653776887,0.214886071
5/28/2019 10:00,0.650077138,0.213670022
5/28/2019 11:00,0.741092022,0.243585168
5/28/2019 12:00,0.737530019,0.242414394
5/28/2019 13:00,0.754471172,0.247982682
5/28/2019 14:00,0.813134433,0.267264363
5/28/2019 15:00,0.898616473,0.295360951
5/28/2019 16:00,0.938630651,0.308512976
5/28/2019 17:00,0.946848596,0.311214083
5/28/2019 18:00,0.952466797,0.313060697
5/28/2019 19:00,0.887526764,0.29171594
5/28/2019 20:00,0.839089625,0.275795423
5/28/2019 21:00,0.729412862,0.239746414
5/28/2019 22:00,0.316342974,0.103976907
5/28/2019 23:00,0.209052047,0.068712085
5/29/2019 0:00,0.178954344,0.058819448
5/29/2019 1:00,0.082683978,0.027176909
5/29/2019 2:00,0.202263549,0.066480814
5/29/2019 3:00,0.715426994,0.235149481
5/29/2019 4:00,0.977304932,0.321224597
5/29/2019 5:00,1.073370191,0.352799721
5/29/2019 6:00,1.047887561,0.344423985
5/29/2019 7:00,0.975258692,0.320552031
5/29/2019 8:00,0.900402837,0.295948101
5/29/2019 9:00,0.701377071,0.230531495
5/29/2019 10:00,0.299199595,0.098342151
5/29/2019 11:00,0.146612329,0.048189142
5/29/2019 12:00,0.154466731,0.050770759
5/29/2019 13:00,0.063455934,0.020856957
5/29/2019 14:00,0.011297801,0.003713408
5/29/2019 15:00,0,0
5/29/2019 16:00,0,0
5/29/2019 17:00,0,0
5/29/2019 18:00,0,0
5/29/2019 19:00,0,0
5/29/2019 20:00,0,0
5/29/2019 21:00,0.008269689,0.002718115
5/29/2019 22:00,0.067110108,0.022058026
5/29/2019 23:00,0.081495365,0.026786231
5/30/2019 0:00,0.133315685,0.043818747
5/30/2019 1:00,0.166304863,0.054661765
5/30/2019 2:00,0.172309771,0.056635483
5/30/2019 3:00,0.194959802,0.064080188
5/30/2019 4:00,0.205644427,0.067592054
5/30/2019 5:00,0.177370575,0.058298889
5/30/2019 6:00,0.136461156,0.044852613
5/30/2019 7:00,0.103856409,0.034135951
5/30/2019 8:00,0.101785586,0.033455304
5/30/2019 9:00,0.119825962,0.039384889
5/30/2019 10:00,0.126566379,0.041600357
5/30/2019 11:00,0.165225779,0.054307087
5/30/2019 12:00,0.199834031,0.06568227
5/30/2019 13:00,0.165460469,0.054384226
5/30/2019 14:00,0.110016802,0.036160774
5/30/2019 15:00,0.086194505,0.028330764
5/30/2019 16:00,0.046639782,0.015329755
5/30/2019 17:00,0.014516791,0.004771439
5/30/2019 18:00,0,0
5/30/2019 19:00,0,0
5/30/2019 20:00,0,0
5/30/2019 21:00,0,0
5/30/2019 22:00,0,0
5/30/2019 23:00,0,0
5/31/2019 0:00,0,0
5/31/2019 1:00,0,0
5/31/2019 2:00,0.014354218,0.004718003
5/31/2019 3:00,0.049381588,0.016230943
5/31/2019 4:00,0.071994423,0.023663423
5/31/2019 5:00,0.1698256,0.055818975
5/31/2019 6:00,0.27400735,0.090061861
5/31/2019 7:00,0.471253,0.154893371
5/31/2019 8:00,0.834192414,0.274185787
5/31/2019 9:00,0.961875428,0.316153164
5/31/2019 10:00,1.079429213,0.354791225
5/31/2019 11:00,1.126388054,0.37022585
5/31/2019 12:00,1.220540268,0.401172186
5/31/2019 13:00,1.248360493,0.410316252
5/31/2019 14:00,1.190380736,0.391259227
5/31/2019 15:00,1.058501191,0.347912517
5/31/2019 16:00,0.761843587,0.250405878
5/31/2019 17:00,0.329612187,0.108338287
5/31/2019 18:00,0.147147188,0.048364942
5/31/2019 19:00,0.224818044,0.073894118
5/31/2019 20:00,0.885570462,0.291072935
5/31/2019 21:00,1.265186374,0.415846651
5/31/2019 22:00,1.104005293,0.362868992
5/31/2019 23:00,1.066525566,0.350550001
06/01/2019 00:00,1.132858658,0.372352634
06/01/2019 01:00,1.111907354,0.365466274
06/01/2019 02:00,1.024097194,0.33660447
06/01/2019 03:00,0.957812814,0.314817848
06/01/2019 04:00,1.022449478,0.336062892
06/01/2019 05:00,1.138987,0.374366923
06/01/2019 06:00,1.165351129,0.383032393
06/01/2019 07:00,1.178585039,0.387382169
06/01/2019 08:00,1.136858675,0.373667376
06/01/2019 09:00,1.032237094,0.339279926
06/01/2019 10:00,0.95849744,0.315042874
06/01/2019 11:00,0.87495379,0.287583403
06/01/2019 12:00,0.779069336,0.256067708
06/01/2019 13:00,0.609570154,0.200356021
06/01/2019 14:00,0.413675609,0.135968598
06/01/2019 15:00,0.358167773,0.117724054
06/01/2019 16:00,0.384441775,0.126359901
06/01/2019 17:00,0.444247065,0.146016949
06/01/2019 18:00,0.373039795,0.122612251
06/01/2019 19:00,0.295598736,0.097158606
06/01/2019 20:00,0.202264458,0.066481112
06/01/2019 21:00,0.152136714,0.05000492
06/01/2019 22:00,0.104814896,0.03445099
06/01/2019 23:00,0.122547782,0.040279508
06/02/2019 00:00,0.195364691,0.064213269
06/02/2019 01:00,0.255115957,0.08385256
06/02/2019 02:00,0.269514808,0.088585233
06/02/2019 03:00,0.410311137,0.134862749
06/02/2019 04:00,0.587040277,0.192950808
06/02/2019 05:00,0.761773759,0.250382926
06/02/2019 06:00,0.915909009,0.301044733
06/02/2019 07:00,0.988885997,0.325031109
06/02/2019 08:00,1.13280907,0.372336336
06/02/2019 09:00,1.158886442,0.380907553
06/02/2019 10:00,1.153414099,0.379108881
06/02/2019 11:00,1.129467201,0.371237916
06/02/2019 12:00,1.072806037,0.352614292
06/02/2019 13:00,1.114383462,0.366280131
06/02/2019 14:00,1.066511487,0.350545374
06/02/2019 15:00,0.966659265,0.317725536
06/02/2019 16:00,0.636639018,0.209253126
06/02/2019 17:00,0.20849194,0.068527987
06/02/2019 18:00,0.172785937,0.056791991
06/02/2019 19:00,0.192134713,0.063151626
06/02/2019 20:00,0.096798288,0.031816059
06/02/2019 21:00,0.008988108,0.002954248
06/02/2019 22:00,0,0
06/02/2019 23:00,0,0
06/03/2019 00:00,0.124551623,0.040938139
06/03/2019 01:00,0.318965759,0.104838975
06/03/2019 02:00,0.256931222,0.084449209
06/03/2019 03:00,0.286615138,0.09420584
06/03/2019 04:00,0.669324483,0.219996319
06/03/2019 05:00,0.746115728,0.24523638
06/03/2019 06:00,0.668352171,0.219676735
06/03/2019 07:00,0.542706849,0.178379115
06/03/2019 08:00,0.366314327,0.120401697
06/03/2019 09:00,0.259208267,0.085197637
06/03/2019 10:00,0.298424406,0.098087359
06/03/2019 11:00,0.775150758,0.254779733
06/03/2019 12:00,1.133379696,0.372523891
06/03/2019 13:00,1.28472422,0.422268431
06/03/2019 14:00,1.29,0.424002496
06/03/2019 15:00,1.285314162,0.422462335
06/03/2019 16:00,1.260414732,0.414278288
06/03/2019 17:00,1.266614457,0.416316039
06/03/2019 18:00,1.29,0.424002496
06/03/2019 19:00,1.28910174,0.423707252
06/03/2019 20:00,1.287303347,0.423116149
06/03/2019 21:00,1.279998885,0.420715288
06/03/2019 22:00,1.29,0.424002496
06/03/2019 23:00,1.287742824,0.423260598
06/04/2019 00:00,1.270270344,0.417517671
06/04/2019 01:00,1.221948352,0.401635001
06/04/2019 02:00,1.150551262,0.378167912
06/04/2019 03:00,1.075854598,0.353616306
06/04/2019 04:00,1.015632992,0.333822421
06/04/2019 05:00,0.948721089,0.311829542
06/04/2019 06:00,0.894341212,0.293955741
06/04/2019 07:00,0.85433948,0.280807807
06/04/2019 08:00,0.763490113,0.250947065
06/04/2019 09:00,0.657811994,0.216212347
06/04/2019 10:00,0.683965496,0.224808587
06/04/2019 11:00,0.541226167,0.177892439
06/04/2019 12:00,0.354679223,0.116577423
06/04/2019 13:00,0.248692627,0.081741314
06/04/2019 14:00,0.190630729,0.062657291
06/04/2019 15:00,0.125058999,0.041104905
06/04/2019 16:00,0.07229234,0.023761343
06/04/2019 17:00,0.033962168,0.011162825
06/04/2019 18:00,0.016719257,0.005495354
06/04/2019 19:00,0,0
06/04/2019 20:00,0.007876456,0.002588866
06/04/2019 21:00,0,0
06/04/2019 22:00,0.007183329,0.002361046
06/04/2019 23:00,0.02801896,0.009209387
06/05/2019 00:00,0.079359092,0.026084072
06/05/2019 01:00,0.10045291,0.033017275
06/05/2019 02:00,0.162766545,0.053498776
06/05/2019 03:00,0.210049552,0.069039949
06/05/2019 04:00,0.239464018,0.078708016
06/05/2019 05:00,0.287670082,0.094552584
06/05/2019 06:00,0.333710329,0.109685281
06/05/2019 07:00,0.370321636,0.121718835
06/05/2019 08:00,0.350560841,0.115223776
06/05/2019 09:00,0.323131723,0.106208261
06/05/2019 10:00,0.311131232,0.102263891
06/05/2019 11:00,0.18480827,0.060743541
06/05/2019 12:00,0.16578518,0.054490954
06/05/2019 13:00,0.215357508,0.07078459
06/05/2019 14:00,0.184789074,0.060737231
06/05/2019 15:00,0.102508649,0.033692964
06/05/2019 16:00,0.051241806,0.016842367
06/05/2019 17:00,0.044069401,0.014484912
06/05/2019 18:00,0.014453287,0.004750566
06/05/2019 19:00,0,0
06/05/2019 20:00,0,0
06/05/2019 21:00,0,0
06/05/2019 22:00,0,0
06/05/2019 23:00,0,0
06/06/2019 00:00,0,0
06/06/2019 01:00,0.009234267,0.003035157
06/06/2019 02:00,0.033669578,0.011066655
06/06/2019 03:00,0.084933096,0.027916159
06/06/2019 04:00,0.218428194,0.071793875
06/06/2019 05:00,0.307292597,0.101002192
06/06/2019 06:00,0.474803896,0.156060494
06/06/2019 07:00,0.61451943,0.201982769
06/06/2019 08:00,0.697897812,0.229387918
06/06/2019 09:00,0.792206373,0.260385643
06/06/2019 10:00,0.894409298,0.29397812
06/06/2019 11:00,0.871492149,0.286445617
06/06/2019 12:00,0.566407755,0.186169226
06/06/2019 13:00,0.21389371,0.070303463
06/06/2019 14:00,0.175034121,0.057530933
06/06/2019 15:00,0.153440103,0.050433323
06/06/2019 16:00,0.081503037,0.026788753
06/06/2019 17:00,0.021072921,0.006926334
06/06/2019 18:00,0.010419,0.00342456
06/06/2019 19:00,0.008862408,0.002912933
06/06/2019 20:00,0,0
06/06/2019 21:00,0,0
06/06/2019 22:00,0,0
06/06/2019 23:00,0,0
06/07/2019 00:00,0.00816293,0.002683025
06/07/2019 01:00,0.035480148,0.011661761
06/07/2019 02:00,0.087280756,0.028687797
06/07/2019 03:00,0.130913798,0.043029285
06/07/2019 04:00,0.13483487,0.044318079
06/07/2019 05:00,0.099597,0.032735951
06/07/2019 06:00,0.081782109,0.026880479
06/07/2019 07:00,0.116042342,0.038141273
06/07/2019 08:00,0.142305477,0.046773548
06/07/2019 09:00,0.146935974,0.048295519
06/07/2019 10:00,0.045563349,0.014975948
06/07/2019 11:00,0.028554685,0.009385471
06/07/2019 12:00,0.03901293,0.01282293
06/07/2019 13:00,0.107558463,0.035352757
06/07/2019 14:00,0.13616648,0.044755758
06/07/2019 15:00,0.101986784,0.033521435
06/07/2019 16:00,0.103576374,0.034043908
06/07/2019 17:00,0.158279809,0.052024057
06/07/2019 18:00,0.135016791,0.044377873
06/07/2019 19:00,0.118666534,0.039003803
06/07/2019 20:00,0.159793018,0.052521425
06/07/2019 21:00,0.242322774,0.079647644
06/07/2019 22:00,0.25860551,0.084999521
06/07/2019 23:00,0.242361572,0.079660396
06/08/2019 00:00,0.24234588,0.079655239
06/08/2019 01:00,0.216206615,0.071063678
06/08/2019 02:00,0.188684819,0.062017701
06/08/2019 03:00,0.159977599,0.052582094
06/08/2019 04:00,0.168077395,0.055244368
06/08/2019 05:00,0.234260353,0.076997654
06/08/2019 06:00,0.332274897,0.109213477
06/08/2019 07:00,0.423094115,0.139064311
06/08/2019 08:00,0.413007423,0.135748975
06/08/2019 09:00,0.375074628,0.123281068
06/08/2019 10:00,0.316549435,0.104044768
06/08/2019 11:00,0.364888628,0.119933092
06/08/2019 12:00,0.483661442,0.158971828
06/08/2019 13:00,0.610959429,0.200812653
06/08/2019 14:00,0.709643519,0.233248545
06/08/2019 15:00,0.748078255,0.245881432
06/08/2019 16:00,0.810846546,0.266512371
06/08/2019 17:00,0.827557556,0.272005015
06/08/2019 18:00,0.745799107,0.245132312
06/08/2019 19:00,0.640422733,0.210496773
06/08/2019 20:00,0.576863848,0.189605978
06/08/2019 21:00,0.590126835,0.193965311
06/08/2019 22:00,0.547150104,0.179839542
06/08/2019 23:00,0.483111041,0.15879092
06/09/2019 00:00,0.415900847,0.136699998
06/09/2019 01:00,0.362492711,0.119145592
06/09/2019 02:00,0.387811718,0.127467548
06/09/2019 03:00,0.432097341,0.142023528
06/09/2019 04:00,0.398506652,0.130982802
06/09/2019 05:00,0.394601478,0.129699234
06/09/2019 06:00,0.317619364,0.104396437
06/09/2019 07:00,0.234386926,0.077039257
06/09/2019 08:00,0.198390481,0.065207798
06/09/2019 09:00,0.164148095,0.05395287
06/09/2019 10:00,0.111226042,0.036558232
06/09/2019 11:00,0.092885752,0.03053007
06/09/2019 12:00,0.084626831,0.027815494
06/09/2019 13:00,0.034594154,0.011370549
06/09/2019 14:00,0.009679197,0.003181398
06/09/2019 15:00,0.007816587,0.002569188
06/09/2019 16:00,0.007355505,0.002417638
06/09/2019 17:00,0,0
06/09/2019 18:00,0,0
06/09/2019 19:00,0.007225471,0.002374898
06/09/2019 20:00,0,0
06/09/2019 21:00,0,0
06/09/2019 22:00,0,0
06/09/2019 23:00,0,0
06/10/2019 00:00,0,0
06/10/2019 01:00,0.007494662,0.002463376
06/10/2019 02:00,0.015586159,0.005122923
06/10/2019 03:00,0.058298079,0.019161652
06/10/2019 04:00,0.099560513,0.032723958
06/10/2019 05:00,0.116780902,0.038384026
06/10/2019 06:00,0.121978951,0.040092542
06/10/2019 07:00,0.100409192,0.033002905
06/10/2019 08:00,0.099622444,0.032744314
06/10/2019 09:00,0.109477321,0.035983455
06/10/2019 10:00,0.157096359,0.051635076
06/10/2019 11:00,0.149642841,0.049185223
06/10/2019 12:00,0.119357439,0.039230893
06/10/2019 13:00,0.132916307,0.043687478
06/10/2019 14:00,0.188844276,0.062070112
06/10/2019 15:00,0.209445959,0.068841558
06/10/2019 16:00,0.177414061,0.058313182
06/10/2019 17:00,0.155557978,0.051129435
06/10/2019 18:00,0.159193782,0.052324466
06/10/2019 19:00,0.173901254,0.057158578
06/10/2019 20:00,0.202491792,0.066555833
06/10/2019 21:00,0.222576372,0.073157316
06/10/2019 22:00,0.258760071,0.085050322
06/10/2019 23:00,0.292279651,0.096067675
06/11/2019 00:00,0.385611876,0.126744494
06/11/2019 01:00,0.619274421,0.203545659
06/11/2019 02:00,0.850718192,0.279617548
06/11/2019 03:00,0.948380869,0.311717717
06/11/2019 04:00,1.008296118,0.331410907
06/11/2019 05:00,0.954659572,0.313781427
06/11/2019 06:00,0.97666172,0.321013184
06/11/2019 07:00,0.994429538,0.326853183
06/11/2019 08:00,1.104590212,0.363061246
06/11/2019 09:00,1.147034087,0.377011872
06/11/2019 10:00,1.06315471,0.349442055
06/11/2019 11:00,1.013952982,0.333270228
06/11/2019 12:00,0.93055558,0.305858828
06/11/2019 13:00,0.977092699,0.321154839
06/11/2019 14:00,0.97431659,0.320242377
06/11/2019 15:00,0.980222734,0.322183632
06/11/2019 16:00,1.009628347,0.33184879
06/11/2019 17:00,1.070200978,0.351758051
06/11/2019 18:00,1.040215781,0.341902393
06/11/2019 19:00,1.141816985,0.375297094
06/11/2019 20:00,1.256849705,0.413106521
06/11/2019 21:00,1.287016322,0.423021808
06/11/2019 22:00,1.288034158,0.423356355
06/11/2019 23:00,1.29,0.424002496
06/12/2019 00:00,1.289796412,0.423935579
06/12/2019 01:00,1.29,0.424002496
06/12/2019 02:00,1.29,0.424002496
06/12/2019 03:00,1.279686328,0.420612556
06/12/2019 04:00,1.278911816,0.420357986
06/12/2019 05:00,1.288180231,0.423404366
06/12/2019 06:00,1.287812146,0.423283383
06/12/2019 07:00,1.287594878,0.42321197
06/12/2019 08:00,1.29,0.424002496
06/12/2019 09:00,1.29,0.424002496
06/12/2019 10:00,1.29,0.424002496
06/12/2019 11:00,1.289192078,0.423736945
06/12/2019 12:00,1.288486681,0.423505092
06/12/2019 13:00,1.274809882,0.419009745
06/12/2019 14:00,1.261310079,0.414572575
06/12/2019 15:00,1.27555592,0.419254956
06/12/2019 16:00,1.29,0.424002496
06/12/2019 17:00,1.29,0.424002496
06/12/2019 18:00,1.287309713,0.423118241
06/12/2019 19:00,1.261715947,0.414705977
06/12/2019 20:00,1.245931624,0.409517921
06/12/2019 21:00,1.262554605,0.414981631
06/12/2019 22:00,1.247607728,0.41006883
06/12/2019 23:00,1.201017142,0.394755245
6/13/2019 0:00,1.137429847,0.373855111
6/13/2019 1:00,1.138915516,0.374343427
6/13/2019 2:00,1.179526735,0.38769169
6/13/2019 3:00,1.215469163,0.399505394
6/13/2019 4:00,1.227471562,0.403450392
6/13/2019 5:00,1.20534848,0.396178887
6/13/2019 6:00,1.147889686,0.377293094
6/13/2019 7:00,1.072023137,0.352356966
6/13/2019 8:00,1.11759072,0.367334306
6/13/2019 9:00,1.196741411,0.39334988
6/13/2019 10:00,1.234939626,0.405905026
6/13/2019 11:00,1.233935361,0.40557494
6/13/2019 12:00,1.208547468,0.397230343
6/13/2019 13:00,1.205678091,0.396287224
6/13/2019 14:00,1.265638425,0.415995233
6/13/2019 15:00,1.258080886,0.41351119
6/13/2019 16:00,1.261394932,0.414600464
6/13/2019 17:00,1.261972323,0.414790244
6/13/2019 18:00,1.288949314,0.423657152
6/13/2019 19:00,1.289275383,0.423764325
6/13/2019 20:00,1.060492235,0.348566941
6/13/2019 21:00,0.183629209,0.060356002
6/13/2019 22:00,0.113745539,0.037386351
6/13/2019 23:00,0.243911896,0.080169963
6/14/2019 0:00,0.346454366,0.113874043
6/14/2019 1:00,0.378065304,0.124264056
6/14/2019 2:00,0.672532691,0.221050806
6/14/2019 3:00,0.922594004,0.303241985
6/14/2019 4:00,1.019517184,0.335099093
6/14/2019 5:00,1.010982951,0.332294027
6/14/2019 6:00,1.024685567,0.336797859
6/14/2019 7:00,1.123658083,0.369328552
6/14/2019 8:00,1.17092076,0.384863042
6/14/2019 9:00,1.17636937,0.386653914
6/14/2019 10:00,1.182602136,0.388702525
6/14/2019 11:00,1.26757993,0.416633375
6/14/2019 12:00,1.252301002,0.411611434
6/14/2019 13:00,1.257473521,0.413311559
6/14/2019 14:00,1.26653173,0.416288848
6/14/2019 15:00,1.275584189,0.419264248
6/14/2019 16:00,1.281637511,0.421253879
6/14/2019 17:00,1.269862055,0.417383473
6/14/2019 18:00,1.238797531,0.407173058
6/14/2019 19:00,1.161315674,0.381706003
6/14/2019 20:00,1.059203846,0.348143468
6/14/2019 21:00,0.959114968,0.315245845
6/14/2019 22:00,0.864589274,0.284176752
6/14/2019 23:00,0.776260002,0.255144324
6/15/2019 0:00,0.660199319,0.216997022
6/15/2019 1:00,0.607136314,0.199556056
6/15/2019 2:00,0.568626568,0.186898515
6/15/2019 3:00,0.701945443,0.23071831
6/15/2019 4:00,0.825992349,0.271490556
6/15/2019 5:00,0.792113894,0.260355246
6/15/2019 6:00,0.685284348,0.225242073
6/15/2019 7:00,0.747852525,0.245807238
6/15/2019 8:00,0.760055854,0.249818278
6/15/2019 9:00,0.868410688,0.28543279
6/15/2019 10:00,0.916702834,0.301305651
6/15/2019 11:00,0.969600662,0.318692326
6/15/2019 12:00,1.007640396,0.331195382
6/15/2019 13:00,0.964717448,0.317087291
6/15/2019 14:00,0.863086652,0.283682864
6/15/2019 15:00,0.910719006,0.299338861
6/15/2019 16:00,0.923088859,0.303404636
6/15/2019 17:00,0.823800829,0.270770238
6/15/2019 18:00,0.748248662,0.245937442
6/15/2019 19:00,0.840090406,0.276124364
6/15/2019 20:00,0.887314847,0.291646286
6/15/2019 21:00,0.876233182,0.288003919
6/15/2019 22:00,0.72094495,0.236963146
6/15/2019 23:00,0.676882581,0.222480545
6/16/2019 0:00,0.645269866,0.212089949
6/16/2019 1:00,0.64338359,0.211469959
6/16/2019 2:00,0.649775631,0.213570922
6/16/2019 3:00,0.564350722,0.185493112
6/16/2019 4:00,0.437643809,0.143846564
6/16/2019 5:00,0.383983563,0.126209294
6/16/2019 6:00,0.312995879,0.102876771
6/16/2019 7:00,0.263256846,0.086528341
6/16/2019 8:00,0.219462009,0.072133674
6/16/2019 9:00,0.232720154,0.076491416
6/16/2019 10:00,0.208473474,0.068521917
6/16/2019 11:00,0.15954935,0.052441335
6/16/2019 12:00,0.122024088,0.040107378
6/16/2019 13:00,0.147976621,0.048637563
6/16/2019 14:00,0.166721499,0.054798707
6/16/2019 15:00,0.117010713,0.038459562
6/16/2019 16:00,0.083768114,0.027533248
6/16/2019 17:00,0.070129902,0.023050584
6/16/2019 18:00,0.088281044,0.029016576
6/16/2019 19:00,0.092592079,0.030433544
6/16/2019 20:00,0.055841071,0.018354073
6/16/2019 21:00,0.01959991,0.006442179
6/16/2019 22:00,0.055839781,0.018353648
6/16/2019 23:00,0.127945253,0.042053571
6/17/2019 0:00,0.14249049,0.046834359
6/17/2019 1:00,0.156701575,0.051505317
6/17/2019 2:00,0.203408527,0.06685715
6/17/2019 3:00,0.347888885,0.114345547
6/17/2019 4:00,0.567151519,0.18641369
6/17/2019 5:00,0.289029054,0.094999256
6/17/2019 6:00,0.043592968,0.014328316
6/17/2019 7:00,0,0
6/17/2019 8:00,0,0
6/17/2019 9:00,0.060196012,0.019785472
6/17/2019 10:00,0.367450667,0.120775194
6/17/2019 11:00,0.634170497,0.208441762
6/17/2019 12:00,0.477709163,0.157015409
6/17/2019 13:00,0.247321255,0.081290565
6/17/2019 14:00,0.109194654,0.035890547
6/17/2019 15:00,0,0
6/17/2019 16:00,0,0
6/17/2019 17:00,0,0
6/17/2019 18:00,0.008637751,0.002839092
6/17/2019 19:00,0.018989866,0.006241667
6/17/2019 20:00,0.036408982,0.011967054
6/17/2019 21:00,0.136257495,0.044785673
6/17/2019 22:00,0.193873841,0.06372325
6/17/2019 23:00,0.239831522,0.078828809
6/18/2019 0:00,0.286875852,0.094291533
6/18/2019 1:00,0.361183246,0.118715192
6/18/2019 2:00,0.418716077,0.137625319
6/18/2019 3:00,0.571983349,0.188001835
6/18/2019 4:00,0.718344319,0.23610836
6/18/2019 5:00,0.803858855,0.264215629
6/18/2019 6:00,0.933627344,0.306868468
6/18/2019 7:00,1.043098809,0.342849999
6/18/2019 8:00,1.068717133,0.351270334
6/18/2019 9:00,1.083297388,0.356062633
6/18/2019 10:00,1.023375548,0.336367276
6/18/2019 11:00,1.026184356,0.337290487
6/18/2019 12:00,1.06912105,0.351403096
6/18/2019 13:00,1.077937109,0.354300794
6/18/2019 14:00,1.073254933,0.352761837
6/18/2019 15:00,1.032661592,0.339419451
6/18/2019 16:00,0.95972205,0.315445383
6/18/2019 17:00,0.872730693,0.286852707
6/18/2019 18:00,0.7597946,0.249732408
6/18/2019 19:00,0.592204821,0.194648312
6/18/2019 20:00,0.389515725,0.128027628
6/18/2019 21:00,0.328392927,0.107937536
6/18/2019 22:00,0.428245042,0.140757338
6/18/2019 23:00,0.429716968,0.141241137
6/19/2019 0:00,0.32253314,0.106011516
6/19/2019 1:00,0.277069013,0.091068181
6/19/2019 2:00,0.316424173,0.104003596
6/19/2019 3:00,0.400938074,0.131781972
6/19/2019 4:00,0.491836662,0.161658893
6/19/2019 5:00,0.536628794,0.176381355
6/19/2019 6:00,0.598310841,0.196655263
6/19/2019 7:00,0.615577433,0.202330518
6/19/2019 8:00,0.504644315,0.165868565
6/19/2019 9:00,0.353737258,0.116267814
6/19/2019 10:00,0.244521485,0.080370326
6/19/2019 11:00,0.177192671,0.058240415
6/19/2019 12:00,0.121744253,0.040015401
6/19/2019 13:00,0.068539853,0.02252796
6/19/2019 14:00,0.071845565,0.023614495
6/19/2019 15:00,0.044281375,0.014554584
6/19/2019 16:00,0.016399274,0.005390181
6/19/2019 17:00,0.011336853,0.003726243
6/19/2019 18:00,0.009606466,0.003157493
6/19/2019 19:00,0,0
6/19/2019 20:00,0,0
6/19/2019 21:00,0,0
6/19/2019 22:00,0,0
6/19/2019 23:00,0,0
6/20/2019 0:00,0.033450153,0.010994533
6/20/2019 1:00,0.061102657,0.020083472
6/20/2019 2:00,0.058340403,0.019175563
6/20/2019 3:00,0.056629869,0.018613338
6/20/2019 4:00,0.062351696,0.020494011
6/20/2019 5:00,0.073879115,0.024282891
6/20/2019 6:00,0.078648612,0.025850549
6/20/2019 7:00,0.076010289,0.024983374
6/20/2019 8:00,0.058499666,0.01922791
6/20/2019 9:00,0.045137788,0.014836073
6/20/2019 10:00,0.026268037,0.008633886
6/20/2019 11:00,0.066090173,0.021722789
6/20/2019 12:00,0.07186745,0.023621688
6/20/2019 13:00,0.166477229,0.054718419
6/20/2019 14:00,0.456564062,0.15006535
6/20/2019 15:00,0.802031987,0.263615166
6/20/2019 16:00,1.013760178,0.333206857
6/20/2019 17:00,1.099385382,0.361350501
6/20/2019 18:00,1.090113983,0.358303139
6/20/2019 19:00,1.06811434,0.351072206
6/20/2019 20:00,1.093915346,0.359552587
6/20/2019 21:00,1.113902079,0.366121908
6/20/2019 22:00,1.181898304,0.388471186
6/20/2019 23:00,1.205274927,0.396154711
6/21/2019 0:00,1.200376806,0.394544776
6/21/2019 1:00,1.163996551,0.382587165
6/21/2019 2:00,1.109842986,0.364787749
6/21/2019 3:00,1.117148332,0.3671889
6/21/2019 4:00,1.09097706,0.358586819
6/21/2019 5:00,1.009121153,0.331682083
6/21/2019 6:00,0.919422246,0.302199478
6/21/2019 7:00,0.897915351,0.295130504
6/21/2019 8:00,0.911900061,0.299727056
6/21/2019 9:00,0.938648856,0.308518959
6/21/2019 10:00,1.141035853,0.375040348
6/21/2019 11:00,1.190564258,0.391319548
6/21/2019 12:00,1.170176808,0.384618517
6/21/2019 13:00,1.144260839,0.37610035
6/21/2019 14:00,1.161859595,0.381884781
6/21/2019 15:00,1.136248834,0.373466931
6/21/2019 16:00,1.112046778,0.3655121
6/21/2019 17:00,1.084441623,0.356438724
6/21/2019 18:00,1.032947601,0.339513458
6/21/2019 19:00,0.980465813,0.322263528
6/21/2019 20:00,0.918520154,0.301902975
6/21/2019 21:00,0.894712216,0.294077684
6/21/2019 22:00,0.799403119,0.262751099
6/21/2019 23:00,0.779292069,0.256140916
6/22/2019 0:00,0.79390039,0.260942439
6/22/2019 1:00,0.791778564,0.260245029
6/22/2019 2:00,0.731872384,0.24055482
6/22/2019 3:00,0.642605985,0.211214373
6/22/2019 4:00,0.616038632,0.202482106
6/22/2019 5:00,0.626220749,0.205828806
6/22/2019 6:00,0.526601791,0.173085639
6/22/2019 7:00,0.384696567,0.126443647
6/22/2019 8:00,0.306385768,0.100704132
6/22/2019 9:00,0.28648908,0.094164407
6/22/2019 10:00,0.29147299,0.095802539
6/22/2019 11:00,0.271183217,0.089133613
6/22/2019 12:00,0.235549106,0.077421247
6/22/2019 13:00,0.211720114,0.069589036
6/22/2019 14:00,0.187800642,0.061727086
6/22/2019 15:00,0.149749664,0.049220334
6/22/2019 16:00,0.101043185,0.033211289
6/22/2019 17:00,0.055462318,0.018229582
6/22/2019 18:00,0.010941216,0.003596204
6/22/2019 19:00,0,0
6/22/2019 20:00,0,0
6/22/2019 21:00,0,0
6/22/2019 22:00,0,0
6/22/2019 23:00,0.007906613,0.002598778
6/23/2019 0:00,0.007734846,0.002542321
6/23/2019 1:00,0,0
6/23/2019 2:00,0,0
6/23/2019 3:00,0.007606777,0.002500227
6/23/2019 4:00,0.008638434,0.002839316
6/23/2019 5:00,0.009988507,0.003283064
6/23/2019 6:00,0.023056747,0.007578386
6/23/2019 7:00,0.039786307,0.013077127
6/23/2019 8:00,0.070666544,0.02322697
6/23/2019 9:00,0.103873326,0.034141511
6/23/2019 10:00,0.168116288,0.055257152
6/23/2019 11:00,0.228160411,0.0749927
6/23/2019 12:00,0.31667132,0.104084829
6/23/2019 13:00,0.432956965,0.142306073
6/23/2019 14:00,0.566479159,0.186192695
6/23/2019 15:00,0.678564462,0.223033353
6/23/2019 16:00,0.743799531,0.244475083
6/23/2019 17:00,0.743924244,0.244516075
6/23/2019 18:00,0.736841525,0.242188097
6/23/2019 19:00,0.736702538,0.242142415
6/23/2019 20:00,0.731200432,0.24033396
6/23/2019 21:00,0.730047193,0.239954908
6/23/2019 22:00,0.835704297,0.274682719
6/23/2019 23:00,0.724013665,0.237971783
6/24/2019 0:00,0.656666886,0.215835968
6/24/2019 1:00,0.652183969,0.214362504
6/24/2019 2:00,0.57517835,0.189051981
6/24/2019 3:00,0.403034391,0.132470998
6/24/2019 4:00,0.296714256,0.09752526
6/24/2019 5:00,0.295338089,0.097072936
6/24/2019 6:00,0.379983522,0.124894544
6/24/2019 7:00,0.457181275,0.150268218
6/24/2019 8:00,0.540204951,0.177556781
6/24/2019 9:00,0.618712659,0.203361017
6/24/2019 10:00,0.784414146,0.257824462
6/24/2019 11:00,0.661735955,0.21750209
6/24/2019 12:00,0.565191856,0.185769579
6/24/2019 13:00,0.656286236,0.215710854
6/24/2019 14:00,0.784646471,0.257900823
6/24/2019 15:00,0.911288541,0.299526059
6/24/2019 16:00,0.992366799,0.326175193
6/24/2019 17:00,1.03114786,0.338921912
6/24/2019 18:00,1.021953259,0.335899793
6/24/2019 19:00,1.039809097,0.341768723
6/24/2019 20:00,1.06499701,0.350047589
6/24/2019 21:00,1.101457826,0.36203168
6/24/2019 22:00,1.168056114,0.383921479
6/24/2019 23:00,1.158941743,0.38092573
6/25/2019 0:00,1.143626828,0.375891961
6/25/2019 1:00,1.139434865,0.374514129
6/25/2019 2:00,1.100456486,0.361702555
6/25/2019 3:00,1.074563848,0.353192057
6/25/2019 4:00,1.017176483,0.334329742
6/25/2019 5:00,0.959224095,0.315281713
6/25/2019 6:00,0.912068577,0.299782444
6/25/2019 7:00,0.859390206,0.282467901
6/25/2019 8:00,0.872340161,0.286724345
6/25/2019 9:00,0.871619292,0.286487407
6/25/2019 10:00,0.846931387,0.278372885
6/25/2019 11:00,0.814324751,0.267655602
6/25/2019 12:00,0.754891772,0.248120927
6/25/2019 13:00,0.63918317,0.210089348
6/25/2019 14:00,0.689423901,0.226602678
6/25/2019 15:00,0.596517144,0.196065704
6/25/2019 16:00,0.399456997,0.131295166
6/25/2019 17:00,0.381512005,0.125396932
6/25/2019 18:00,0.422464654,0.138857417
6/25/2019 19:00,0.414774244,0.136329701
6/25/2019 20:00,0.305111147,0.100285184
6/25/2019 21:00,0.236024795,0.077577599
6/25/2019 22:00,0.296288747,0.097385402
6/25/2019 23:00,0.243371435,0.079992322
6/26/2019 0:00,0.214296586,0.070435881
6/26/2019 1:00,0.208816485,0.068634659
6/26/2019 2:00,0.198038572,0.065092131
6/26/2019 3:00,0.177705082,0.058408836
6/26/2019 4:00,0.301954693,0.099247708
6/26/2019 5:00,0.489270222,0.160815345
6/26/2019 6:00,0.608136896,0.199884932
6/26/2019 7:00,0.716614791,0.235539891
6/26/2019 8:00,0.719250459,0.236406193
6/26/2019 9:00,0.75944862,0.24961869
6/26/2019 10:00,0.922389144,0.30317465
6/26/2019 11:00,0.947188356,0.311325757
6/26/2019 12:00,1.001338814,0.329124152
6/26/2019 13:00,1.055998526,0.347089931
6/26/2019 14:00,1.134185255,0.372788666
6/26/2019 15:00,1.185579021,0.38968098
6/26/2019 16:00,1.200238126,0.394499195
6/26/2019 17:00,1.198852593,0.394043792
6/26/2019 18:00,1.215312399,0.399453868
6/26/2019 19:00,1.194953242,0.392762137
6/26/2019 20:00,1.140731899,0.374940444
6/26/2019 21:00,1.081267212,0.355395346
6/26/2019 22:00,1.018004816,0.334602002
6/26/2019 23:00,1.040182501,0.341891454
6/27/2019 0:00,1.025830071,0.337174039
6/27/2019 1:00,0.981999493,0.322767625
6/27/2019 2:00,0.916797479,0.301336759
6/27/2019 3:00,0.864878029,0.284271661
6/27/2019 4:00,0.786295924,0.258442972
6/27/2019 5:00,0.685707326,0.225381099
6/27/2019 6:00,0.414177227,0.136133471
6/27/2019 7:00,0.243480446,0.080028153
6/27/2019 8:00,0.178111564,0.05854244
6/27/2019 9:00,0.152014104,0.04996462
6/27/2019 10:00,0.145258924,0.0477443
6/27/2019 11:00,0.19500318,0.064094446
6/27/2019 12:00,0.254493599,0.083648001
6/27/2019 13:00,0.251744416,0.082744388
6/27/2019 14:00,0.229469639,0.075423023
6/27/2019 15:00,0.196302709,0.06452158
6/27/2019 16:00,0.160761037,0.052839598
6/27/2019 17:00,0.123754661,0.04067619
6/27/2019 18:00,0.107692838,0.035396924
6/27/2019 19:00,0.089889939,0.029545394
6/27/2019 20:00,0.074973016,0.024642439
6/27/2019 21:00,0.054115762,0.017786991
6/27/2019 22:00,0.00937809,0.003082429
6/27/2019 23:00,0,0
6/28/2019 0:00,0,0
6/28/2019 1:00,0,0
6/28/2019 2:00,0,0
6/28/2019 3:00,0,0
6/28/2019 4:00,0,0
6/28/2019 5:00,0,0
6/28/2019 6:00,0.020177817,0.006632128
6/28/2019 7:00,0.083999199,0.027609202
6/28/2019 8:00,0.145204551,0.047726428
6/28/2019 9:00,0.226089718,0.074312097
6/28/2019 10:00,0.256756943,0.084391926
6/28/2019 11:00,0.401393471,0.131931654
6/28/2019 12:00,0.550405222,0.180909448
6/28/2019 13:00,0.487101715,0.160102591
6/28/2019 14:00,0.459948074,0.151177621
6/28/2019 15:00,0.475329096,0.156233119
6/28/2019 16:00,0.465628778,0.153044778
6/28/2019 17:00,0.502091516,0.165029501
6/28/2019 18:00,0.47834521,0.157224467
6/28/2019 19:00,0.526633551,0.173096078
6/28/2019 20:00,0.655595221,0.215483729
6/28/2019 21:00,0.783154993,0.257410598
6/28/2019 22:00,0.851604355,0.279908815
6/28/2019 23:00,0.796722087,0.261869886
6/29/2019 0:00,0.758532306,0.249317512
6/29/2019 1:00,0.566466306,0.186188471
6/29/2019 2:00,0.199699123,0.065637928
6/29/2019 3:00,0.217456474,0.071474487
6/29/2019 4:00,0.217704013,0.071555849
6/29/2019 5:00,0.300860251,0.098887982
6/29/2019 6:00,0.170541735,0.056054358
6/29/2019 7:00,0.081178692,0.026682146
6/29/2019 8:00,0.094849569,0.031175546
6/29/2019 9:00,0.167695778,0.055118937
6/29/2019 10:00,0.309613187,0.101764933
6/29/2019 11:00,0.598848946,0.19683213
6/29/2019 12:00,0.30749934,0.101070146
6/29/2019 13:00,0.264187744,0.086834312
6/29/2019 14:00,0.255347815,0.083928768
6/29/2019 15:00,0.149204187,0.049041045
6/29/2019 16:00,0.04055062,0.013328344
6/29/2019 17:00,0.007826945,0.002572592
6/29/2019 18:00,0,0
6/29/2019 19:00,0,0
6/29/2019 20:00,0,0
6/29/2019 21:00,0.012697429,0.004173443
6/29/2019 22:00,0.100019583,0.032874847
6/29/2019 23:00,0.13242733,0.043526759
6/30/2019 0:00,0.099340306,0.03265158
6/30/2019 1:00,0.040335388,0.013257601
6/30/2019 2:00,0,0
6/30/2019 3:00,0,0
6/30/2019 4:00,0,0
6/30/2019 5:00,0,0
6/30/2019 6:00,0.096842518,0.031830596
6/30/2019 7:00,0.38768801,0.127426887
6/30/2019 8:00,0.659905675,0.216900506
6/30/2019 9:00,0.762940696,0.25076648
6/30/2019 10:00,0.939822824,0.308904824
6/30/2019 11:00,1.057883481,0.347709485
6/30/2019 12:00,1.026291924,0.337325843
6/30/2019 13:00,1.136859393,0.373667612
6/30/2019 14:00,1.244337243,0.408993873
6/30/2019 15:00,1.287327756,0.423124172
6/30/2019 16:00,1.288024382,0.423353141
6/30/2019 17:00,1.275009709,0.419075425
6/30/2019 18:00,1.25876169,0.41373496
6/30/2019 19:00,1.269050512,0.417116732
6/30/2019 20:00,1.287883535,0.423306847
6/30/2019 21:00,1.29,0.424002496
6/30/2019 22:00,1.29,0.424002496
6/30/2019 23:00,1.289087532,0.423702582
07/01/2019 00:00,1.241290403,0.407992425
07/01/2019 01:00,1.22913606,0.403997486
07/01/2019 02:00,1.208641389,0.397261214
07/01/2019 03:00,1.141482829,0.375187262
07/01/2019 04:00,1.147014171,0.377005326
07/01/2019 05:00,1.161831728,0.381875622
07/01/2019 06:00,1.213938617,0.399002328
07/01/2019 07:00,1.262394097,0.414928874
07/01/2019 08:00,1.249935898,0.410834062
07/01/2019 09:00,1.252151652,0.411562345
07/01/2019 10:00,1.238840327,0.407187124
07/01/2019 11:00,1.149538095,0.3778349
07/01/2019 12:00,1.117476376,0.367296723
07/01/2019 13:00,1.13542763,0.373197015
07/01/2019 14:00,1.098317253,0.360999424
07/01/2019 15:00,1.100582159,0.361743862
07/01/2019 16:00,1.100717305,0.361788282
07/01/2019 17:00,1.09525778,0.359993823
07/01/2019 18:00,1.083242373,0.35604455
07/01/2019 19:00,1.062081285,0.349089237
07/01/2019 20:00,0.973588698,0.32000313
07/01/2019 21:00,0.875995316,0.287925737
07/01/2019 22:00,0.804069056,0.264284718
07/01/2019 23:00,0.723312617,0.23774136
07/02/2019 00:00,0.492263874,0.161799311
07/02/2019 01:00,0.26159846,0.085983256
07/02/2019 02:00,0.159309063,0.052362357
07/02/2019 03:00,0.087930953,0.028901507
07/02/2019 04:00,0.0511031,0.016796777
07/02/2019 05:00,0.056665166,0.018624939
07/02/2019 06:00,0.097147666,0.031930894
07/02/2019 07:00,0.114376682,0.037593797
07/02/2019 08:00,0.158511636,0.052100255
07/02/2019 09:00,0.217263674,0.071411116
07/02/2019 10:00,0.513888525,0.16890699
07/02/2019 11:00,0.733754636,0.241173486
07/02/2019 12:00,0.972050834,0.319497659
07/02/2019 13:00,1.078425489,0.354461317
07/02/2019 14:00,1.058630633,0.347955062
07/02/2019 15:00,1.061316193,0.348837763
07/02/2019 16:00,1.041648432,0.342373283
07/02/2019 17:00,0.981921681,0.322742049
07/02/2019 18:00,0.969175693,0.318552645
07/02/2019 19:00,0.974495693,0.320301245
07/02/2019 20:00,0.958245562,0.314960085
07/02/2019 21:00,0.918623369,0.3019369
07/02/2019 22:00,0.81985829,0.269474389
07/02/2019 23:00,0.824596798,0.271031861
07/03/2019 00:00,0.990374137,0.325520237
07/03/2019 01:00,1.037226587,0.340919893
07/03/2019 02:00,1.005890216,0.330620126
07/03/2019 03:00,0.971180688,0.319211656
07/03/2019 04:00,0.944467927,0.310431595
07/03/2019 05:00,0.918338513,0.301843272
07/03/2019 06:00,0.899171052,0.295543233
07/03/2019 07:00,0.894134495,0.293887796
07/03/2019 08:00,0.843765969,0.277332463
07/03/2019 09:00,0.779911959,0.256344664
07/03/2019 10:00,0.679560303,0.22336067
07/03/2019 11:00,0.779383536,0.25617098
07/03/2019 12:00,0.895614746,0.294374331
07/03/2019 13:00,0.935110112,0.30735583
07/03/2019 14:00,1.027622637,0.337763227
07/03/2019 15:00,1.174502392,0.386040268
07/03/2019 16:00,1.253014567,0.411845972
07/03/2019 17:00,1.280544711,0.420894693
07/03/2019 18:00,1.272174011,0.418143376
07/03/2019 19:00,1.270919034,0.417730886
07/03/2019 20:00,1.277546477,0.419909221
07/03/2019 21:00,1.287508426,0.423183555
07/03/2019 22:00,1.29,0.424002496
07/03/2019 23:00,1.29,0.424002496
07/04/2019 00:00,1.29,0.424002496
07/04/2019 01:00,1.287710803,0.423250073
07/04/2019 02:00,1.285845739,0.422637056
07/04/2019 03:00,1.272860814,0.418369118
07/04/2019 04:00,1.265903635,0.416082404
07/04/2019 05:00,1.264516986,0.415626634
07/04/2019 06:00,1.263762304,0.415378582
07/04/2019 07:00,1.263448121,0.415275315
07/04/2019 08:00,1.265449888,0.415933264
07/04/2019 09:00,1.26153381,0.414646112
07/04/2019 10:00,1.263013509,0.415132465
07/04/2019 11:00,1.263298134,0.415226017
07/04/2019 12:00,1.2754312,0.419213963
07/04/2019 13:00,1.29,0.424002496
07/04/2019 14:00,1.282343277,0.421485853
07/04/2019 15:00,1.173706499,0.385778671
07/04/2019 16:00,1.04514323,0.343521967
07/04/2019 17:00,0.904325857,0.297237535
07/04/2019 18:00,0.746850228,0.245477799
07/04/2019 19:00,0.611115527,0.20086396
07/04/2019 20:00,0.41097436,0.13508074
07/04/2019 21:00,0.319907269,0.105148434
07/04/2019 22:00,0.244388539,0.080326628
07/04/2019 23:00,0.276495941,0.090879821
07/05/2019 00:00,0.320379669,0.105303705
07/05/2019 01:00,0.407094601,0.133805525
07/05/2019 02:00,0.548042744,0.180132939
07/05/2019 03:00,0.591493305,0.194414448
07/05/2019 04:00,0.402804592,0.132395467
07/05/2019 05:00,0.363072515,0.119336165
07/05/2019 06:00,0.330497813,0.108629378
07/05/2019 07:00,0.266390645,0.087558371
07/05/2019 08:00,0.228810552,0.075206392
07/05/2019 09:00,0.288427775,0.094801625
07/05/2019 10:00,0.378109605,0.124278617
07/05/2019 11:00,0.422012903,0.138708933
07/05/2019 12:00,0.399476333,0.131301521
07/05/2019 13:00,0.48424812,0.15916466
07/05/2019 14:00,0.673989483,0.22152963
07/05/2019 15:00,0.978317945,0.321557558
07/05/2019 16:00,1.195940879,0.393086758
07/05/2019 17:00,1.270184727,0.41748953
07/05/2019 18:00,1.267724381,0.416680854
07/05/2019 19:00,1.242713375,0.408460134
07/05/2019 20:00,1.198594877,0.393959085
07/05/2019 21:00,1.243343049,0.408667097
07/05/2019 22:00,1.252133013,0.411556219
07/05/2019 23:00,1.225954725,0.402951832
07/06/2019 00:00,1.238946523,0.407222029
07/06/2019 01:00,1.247745076,0.410113974
07/06/2019 02:00,1.24001268,0.407572458
07/06/2019 03:00,1.222850409,0.401931492
07/06/2019 04:00,1.200776534,0.39467616
07/06/2019 05:00,1.167338011,0.38368545
07/06/2019 06:00,1.134733501,0.372968866
07/06/2019 07:00,1.062261237,0.349148384
07/06/2019 08:00,0.947085734,0.311292027
07/06/2019 09:00,0.767189759,0.252163079
07/06/2019 10:00,0.82750054,0.271986275
07/06/2019 11:00,0.659711616,0.216836722
07/06/2019 12:00,0.653382513,0.214756447
07/06/2019 13:00,0.733809824,0.241191625
07/06/2019 14:00,0.842555746,0.276934682
07/06/2019 15:00,0.84649439,0.278229251
07/06/2019 16:00,0.762519892,0.250628168
07/06/2019 17:00,0.665957418,0.218889618
07/06/2019 18:00,0.577092548,0.189681148
07/06/2019 19:00,0.568572855,0.18688086
07/06/2019 20:00,0.587374465,0.19306065
07/06/2019 21:00,0.577975291,0.189971291
07/06/2019 22:00,0.870737628,0.286197618
07/06/2019 23:00,0.893380847,0.293640084
07/07/2019 00:00,0.859402359,0.282471895
07/07/2019 01:00,0.910702949,0.299333584
07/07/2019 02:00,0.983406703,0.323230152
07/07/2019 03:00,1.02470637,0.336804696
07/07/2019 04:00,1.065883952,0.350339113
07/07/2019 05:00,1.086488955,0.35711165
07/07/2019 06:00,1.132447545,0.372217508
07/07/2019 07:00,1.207301163,0.396820702
07/07/2019 08:00,1.257443264,0.413301614
07/07/2019 09:00,1.249838633,0.410802093
07/07/2019 10:00,1.269109697,0.417136185
07/07/2019 11:00,1.12043428,0.368268939
07/07/2019 12:00,1.031252976,0.338956462
07/07/2019 13:00,0.990694696,0.3256256
07/07/2019 14:00,0.93021253,0.305746073
07/07/2019 15:00,0.847385442,0.278522126
07/07/2019 16:00,0.752524864,0.247342962
07/07/2019 17:00,0.630690571,0.207297966
07/07/2019 18:00,0.392201399,0.128910366
07/07/2019 19:00,0.27129571,0.089170588
07/07/2019 20:00,0.284765027,0.093597738
07/07/2019 21:00,0.284123385,0.093386841
07/07/2019 22:00,0.560738214,0.184305738
07/07/2019 23:00,0.463298132,0.152278732
07/08/2019 00:00,0.425062896,0.139711417
07/08/2019 01:00,0.385506935,0.126710002
07/08/2019 02:00,0.400058061,0.131492726
07/08/2019 03:00,0.382211725,0.125626919
07/08/2019 04:00,0.345419466,0.113533888
07/08/2019 05:00,0.24941286,0.081978043
07/08/2019 06:00,0.193909709,0.063735039
07/08/2019 07:00,0.165852742,0.05451316
07/08/2019 08:00,0.122206737,0.040167412
07/08/2019 09:00,0.068557797,0.022533858
07/08/2019 10:00,0.020452129,0.00672229
07/08/2019 11:00,0.009614011,0.003159973
07/08/2019 12:00,0,0
07/08/2019 13:00,0,0
07/08/2019 14:00,0,0
07/08/2019 15:00,0.007521185,0.002472094
07/08/2019 16:00,0.010080687,0.003313362
07/08/2019 17:00,0.017532484,0.005762649
07/08/2019 18:00,0.015366311,0.005050662
07/08/2019 19:00,0.016640582,0.005469495
07/08/2019 20:00,0.021813441,0.007169731
07/08/2019 21:00,0.039351139,0.012934094
07/08/2019 22:00,0.030580477,0.010051317
07/08/2019 23:00,0.0753715,0.024773414
07/09/2019 00:00,0.11418848,0.037531938
07/09/2019 01:00,0.128980405,0.042393809
07/09/2019 02:00,0.111608635,0.036683984
07/09/2019 03:00,0.116172347,0.038184004
07/09/2019 04:00,0.162780645,0.053503411
07/09/2019 05:00,0.224569373,0.073812384
07/09/2019 06:00,0.381173711,0.12528574
07/09/2019 07:00,0.561748185,0.184637699
07/09/2019 08:00,0.685004221,0.225149999
07/09/2019 09:00,0.853004187,0.280368918
07/09/2019 10:00,0.838110177,0.275473493
07/09/2019 11:00,0.862127909,0.28336774
07/09/2019 12:00,0.79743793,0.262105173
07/09/2019 13:00,0.729486116,0.239770491
07/09/2019 14:00,0.753488991,0.247659855
07/09/2019 15:00,0.752935817,0.247478035
07/09/2019 16:00,0.667712839,0.219466597
07/09/2019 17:00,0.48521701,0.159483119
07/09/2019 18:00,0.537241027,0.176582586
07/09/2019 19:00,0.611204883,0.20089333
07/09/2019 20:00,0.590232612,0.194000078
07/09/2019 21:00,0.569265033,0.187108368
07/09/2019 22:00,0.385034785,0.126554814
07/09/2019 23:00,0.253720459,0.083393882
07/10/2019 00:00,0.183799223,0.060411883
07/10/2019 01:00,0.120676708,0.039664516
07/10/2019 02:00,0.045834141,0.015064954
07/10/2019 03:00,0.009464369,0.003110788
07/10/2019 04:00,0,0
07/10/2019 05:00,0,0
07/10/2019 06:00,0,0
07/10/2019 07:00,0,0
07/10/2019 08:00,0,0
07/10/2019 09:00,0,0
07/10/2019 10:00,0,0
07/10/2019 11:00,0,0
07/10/2019 12:00,0,0
07/10/2019 13:00,0,0
07/10/2019 14:00,0.00895483,0.00294331
07/10/2019 15:00,0.047181962,0.015507961
07/10/2019 16:00,0.117036793,0.038468134
07/10/2019 17:00,0.185743328,0.06105088
07/10/2019 18:00,0.25400226,0.083486506
07/10/2019 19:00,0.38140287,0.125361061
07/10/2019 20:00,0.463562988,0.152365786
07/10/2019 21:00,0.472711232,0.155372668
07/10/2019 22:00,0.484562675,0.159268049
07/10/2019 23:00,0.433779504,0.142576428
07/11/2019 00:00,0.423437071,0.139177035
07/11/2019 01:00,0.377944006,0.124224188
07/11/2019 02:00,0.306842856,0.10085437
07/11/2019 03:00,0.287790162,0.094592052
07/11/2019 04:00,0.329377164,0.108261039
07/11/2019 05:00,0.303657814,0.099807497
07/11/2019 06:00,0.337591697,0.110961025
07/11/2019 07:00,0.369973069,0.121604267
07/11/2019 08:00,0.357882612,0.117630326
07/11/2019 09:00,0.376124737,0.123626223
07/11/2019 10:00,0.571491195,0.187840072
07/11/2019 11:00,0.710682775,0.233590132
07/11/2019 12:00,0.690030061,0.226801913
07/11/2019 13:00,0.546672199,0.179682463
07/11/2019 14:00,0.444574426,0.146124547
07/11/2019 15:00,0.364641282,0.119851793
07/11/2019 16:00,0.421911786,0.138675698
07/11/2019 17:00,0.564338181,0.18548899
07/11/2019 18:00,0.501931896,0.164977036
07/11/2019 19:00,0.487135011,0.160113535
07/11/2019 20:00,0.488440328,0.160542572
07/11/2019 21:00,0.459143706,0.150913238
07/11/2019 22:00,0.614486799,0.201972044
07/11/2019 23:00,0.504217667,0.165728333
07/12/2019 00:00,0.368305157,0.121056051
07/12/2019 01:00,0.304697578,0.100149251
07/12/2019 02:00,0.273236486,0.08980849
07/12/2019 03:00,0.24547206,0.080682764
07/12/2019 04:00,0.209633921,0.068903338
07/12/2019 05:00,0.189084132,0.062148949
07/12/2019 06:00,0.189179573,0.062180319
07/12/2019 07:00,0.18194467,0.059802321
07/12/2019 08:00,0.157157247,0.051655089
07/12/2019 09:00,0.105396707,0.034642222
07/12/2019 10:00,0.100830857,0.0331415
07/12/2019 11:00,0.023194586,0.007623692
07/12/2019 12:00,0.007630648,0.002508073
07/12/2019 13:00,0.007687848,0.002526873
07/12/2019 14:00,0.007865131,0.002585143
07/12/2019 15:00,0.007369075,0.002422098
07/12/2019 16:00,0.00906235,0.00297865
07/12/2019 17:00,0.018033831,0.005927434
07/12/2019 18:00,0.014837183,0.004876746
07/12/2019 19:00,0.013518408,0.004443286
07/12/2019 20:00,0.011032127,0.003626085
07/12/2019 21:00,0.008854633,0.002910377
07/12/2019 22:00,0.00873184,0.002870017
07/12/2019 23:00,0.007104581,0.002335163
7/13/2019 0:00,0,0
7/13/2019 1:00,0.008510513,0.00279727
7/13/2019 2:00,0.01697569,0.00557964
7/13/2019 3:00,0.053153495,0.017470709
7/13/2019 4:00,0.053055491,0.017438497
7/13/2019 5:00,0.08386389,0.027564728
7/13/2019 6:00,0.155983235,0.05126921
7/13/2019 7:00,0.232201142,0.076320824
7/13/2019 8:00,0.333393517,0.10958115
7/13/2019 9:00,0.40060373,0.131672079
7/13/2019 10:00,0.653953023,0.214943964
7/13/2019 11:00,0.661059114,0.217279623
7/13/2019 12:00,0.695093735,0.228466262
7/13/2019 13:00,0.693430513,0.227919588
7/13/2019 14:00,0.66647205,0.219058769
7/13/2019 15:00,0.585750299,0.192526813
7/13/2019 16:00,0.589895791,0.19388937
7/13/2019 17:00,0.534512599,0.175685795
7/13/2019 18:00,0.396384881,0.13028541
7/13/2019 19:00,0.321385652,0.105634355
7/13/2019 20:00,0.240894616,0.079178231
7/13/2019 21:00,0.18604422,0.061149778
7/13/2019 22:00,0.148276289,0.048736059
7/13/2019 23:00,0.150899709,0.049598336
7/14/2019 0:00,0.188952059,0.062105538
7/14/2019 1:00,0.205916013,0.06768132
7/14/2019 2:00,0.224628934,0.07383196
7/14/2019 3:00,0.245601801,0.080725408
7/14/2019 4:00,0.214146495,0.070386549
7/14/2019 5:00,0.190683114,0.062674509
7/14/2019 6:00,0.16740813,0.055024391
7/14/2019 7:00,0.159021532,0.05226785
7/14/2019 8:00,0.141191364,0.046407357
7/14/2019 9:00,0.166624857,0.054766942
7/14/2019 10:00,0.167714112,0.055124963
7/14/2019 11:00,0.150795586,0.049564112
7/14/2019 12:00,0.142334349,0.046783038
7/14/2019 13:00,0.131423171,0.043196707
7/14/2019 14:00,0.128523692,0.042243695
7/14/2019 15:00,0.110589138,0.036348892
7/14/2019 16:00,0.079096431,0.02599774
7/14/2019 17:00,0.048893926,0.016070656
7/14/2019 18:00,0.053588607,0.017613723
7/14/2019 19:00,0.043282019,0.014226112
7/14/2019 20:00,0.01707781,0.005613205
7/14/2019 21:00,0.00740467,0.002433797
7/14/2019 22:00,0,0
7/14/2019 23:00,0,0
7/15/2019 0:00,0,0
7/15/2019 1:00,0.009762606,0.003208813
7/15/2019 2:00,0.040613571,0.013349035
7/15/2019 3:00,0.08602988,0.028276654
7/15/2019 4:00,0.104433808,0.034325733
7/15/2019 5:00,0.112615638,0.03701497
7/15/2019 6:00,0.105133975,0.034555867
7/15/2019 7:00,0.100348836,0.032983067
7/15/2019 8:00,0.089085087,0.029280852
7/15/2019 9:00,0.081566328,0.026809555
7/15/2019 10:00,0.009104715,0.002992575
7/15/2019 11:00,0.007100936,0.002333965
7/15/2019 12:00,0,0
7/15/2019 13:00,0,0
7/15/2019 14:00,0,0
7/15/2019 15:00,0,0
7/15/2019 16:00,0,0
7/15/2019 17:00,0,0
7/15/2019 18:00,0,0
7/15/2019 19:00,0,0
7/15/2019 20:00,0,0
7/15/2019 21:00,0,0
7/15/2019 22:00,0.013739603,0.004515989
7/15/2019 23:00,0.025031863,0.008227575
7/16/2019 0:00,0.038364556,0.01260982
7/16/2019 1:00,0.039934095,0.013125702
7/16/2019 2:00,0.030347017,0.009974582
7/16/2019 3:00,0.030137622,0.009905757
7/16/2019 4:00,0.032612774,0.0107193
7/16/2019 5:00,0.048248742,0.015858595
7/16/2019 6:00,0.086421532,0.028405384
7/16/2019 7:00,0.12101479,0.039775638
7/16/2019 8:00,0.128951009,0.042384147
7/16/2019 9:00,0.104368091,0.034304133
7/16/2019 10:00,0.044601356,0.014659757
7/16/2019 11:00,0.009550884,0.003139224
7/16/2019 12:00,0,0
7/16/2019 13:00,0,0
7/16/2019 14:00,0,0
7/16/2019 15:00,0,0
7/16/2019 16:00,0,0
7/16/2019 17:00,0,0
7/16/2019 18:00,0,0
7/16/2019 19:00,0,0
7/16/2019 20:00,0.009359104,0.003076189
7/16/2019 21:00,0.035643041,0.011715301
7/16/2019 22:00,0.067791688,0.02228205
7/16/2019 23:00,0.142264027,0.046759925
7/17/2019 0:00,0.1859484,0.061118283
7/17/2019 1:00,0.185286635,0.060900772
7/17/2019 2:00,0.204247663,0.06713296
7/17/2019 3:00,0.243910381,0.080169465
7/17/2019 4:00,0.268044449,0.08810195
7/17/2019 5:00,0.29249583,0.09613873
7/17/2019 6:00,0.362385717,0.119110425
7/17/2019 7:00,0.529637693,0.174083491
7/17/2019 8:00,0.700931247,0.23038496
7/17/2019 9:00,0.845059037,0.277757474
7/17/2019 10:00,0.876489816,0.288088271
7/17/2019 11:00,0.936700447,0.307878548
7/17/2019 12:00,0.930076444,0.305701344
7/17/2019 13:00,0.984780057,0.323681552
7/17/2019 14:00,1.076712503,0.353898286
7/17/2019 15:00,1.092101673,0.358956461
7/17/2019 16:00,1.03337951,0.339655419
7/17/2019 17:00,1.022233265,0.335991826
7/17/2019 18:00,1.01271378,0.332862923
7/17/2019 19:00,0.931217127,0.306076268
7/17/2019 20:00,0.742839581,0.244159563
7/17/2019 21:00,0.41449847,0.136239059
7/17/2019 22:00,0.302500319,0.099427047
7/17/2019 23:00,0.308201426,0.10130091
7/18/2019 0:00,0.237215027,0.077968809
7/18/2019 1:00,0.170047201,0.055891812
7/18/2019 2:00,0.134870662,0.044329843
7/18/2019 3:00,0.088025393,0.028932548
7/18/2019 4:00,0.048142996,0.015823838
7/18/2019 5:00,0.018497983,0.006079993
7/18/2019 6:00,0.011021533,0.003622603
7/18/2019 7:00,0.020644548,0.006785535
7/18/2019 8:00,0.057649459,0.018948461
7/18/2019 9:00,0.088497387,0.029087685
7/18/2019 10:00,0.093462908,0.030719772
7/18/2019 11:00,0.115891553,0.038091711
7/18/2019 12:00,0.132872677,0.043673137
7/18/2019 13:00,0.121362573,0.039889949
7/18/2019 14:00,0.088428017,0.029064884
7/18/2019 15:00,0.094656207,0.031111991
7/18/2019 16:00,0.103913761,0.034154802
7/18/2019 17:00,0.11361033,0.03734191
7/18/2019 18:00,0.12892484,0.042375546
7/18/2019 19:00,0.169929406,0.055853095
7/18/2019 20:00,0.181821552,0.059761854
7/18/2019 21:00,0.191077601,0.06280417
7/18/2019 22:00,0.234269777,0.077000752
7/18/2019 23:00,0.275019774,0.090394628
7/19/2019 0:00,0.303471782,0.099746351
7/19/2019 1:00,0.32420501,0.106561033
7/19/2019 2:00,0.37975748,0.124820247
7/19/2019 3:00,0.397356833,0.130604875
7/19/2019 4:00,0.436101308,0.143339568
7/19/2019 5:00,0.494449639,0.162517737
7/19/2019 6:00,0.584738,0.192194086
7/19/2019 7:00,0.567042544,0.186377871
7/19/2019 8:00,0.453821166,0.149163804
7/19/2019 9:00,0.321128968,0.105549987
7/19/2019 10:00,0.171262154,0.056291148
7/19/2019 11:00,0.127568887,0.041929865
7/19/2019 12:00,0.093891666,0.030860698
7/19/2019 13:00,0.077594561,0.025504099
7/19/2019 14:00,0.066790981,0.021953134
7/19/2019 15:00,0.059687027,0.019618177
7/19/2019 16:00,0.039949483,0.01313076
7/19/2019 17:00,0.01150615,0.003781889
7/19/2019 18:00,0,0
7/19/2019 19:00,0,0
7/19/2019 20:00,0,0
7/19/2019 21:00,0.010374136,0.003409814
7/19/2019 22:00,0.122030477,0.040109478
7/19/2019 23:00,0.216150499,0.071045233
7/20/2019 0:00,0.368583198,0.121147439
7/20/2019 1:00,0.471879355,0.155099244
7/20/2019 2:00,0.407706763,0.134006733
7/20/2019 3:00,0.462293296,0.151948458
7/20/2019 4:00,0.396680692,0.130382638
7/20/2019 5:00,0.269448352,0.08856339
7/20/2019 6:00,0.260482485,0.085616452
7/20/2019 7:00,0.423769235,0.139286212
7/20/2019 8:00,0.390069322,0.128209586
7/20/2019 9:00,0.335434109,0.11025186
7/20/2019 10:00,0.189472926,0.062276739
7/20/2019 11:00,0.183290054,0.060244527
7/20/2019 12:00,0.118049264,0.038800917
7/20/2019 13:00,0.173061165,0.056882454
7/20/2019 14:00,0.334558008,0.1099639
7/20/2019 15:00,0.574713743,0.188899273
7/20/2019 16:00,0.722595374,0.237505614
7/20/2019 17:00,0.768114671,0.252467083
7/20/2019 18:00,0.724509188,0.238134654
7/20/2019 19:00,0.711268267,0.233782574
7/20/2019 20:00,0.737482909,0.24239891
7/20/2019 21:00,0.67970978,0.223409801
7/20/2019 22:00,0.502927807,0.165304376
7/20/2019 23:00,0.423769769,0.139286387
7/21/2019 0:00,0.378729111,0.124482239
7/21/2019 1:00,0.36155071,0.118835972
7/21/2019 2:00,0.3289736,0.108128393
7/21/2019 3:00,0.307267237,0.100993857
7/21/2019 4:00,0.384500066,0.12637906
7/21/2019 5:00,0.516849527,0.169880224
7/21/2019 6:00,0.558397671,0.183536439
7/21/2019 7:00,0.487762653,0.160319831
7/21/2019 8:00,0.409876109,0.134719762
7/21/2019 9:00,0.350497315,0.115202896
7/21/2019 10:00,0.279380578,0.091827955
7/21/2019 11:00,0.199248909,0.065489949
7/21/2019 12:00,0.157072685,0.051627295
7/21/2019 13:00,0.098735894,0.032452919
7/21/2019 14:00,0.081934267,0.026930491
7/21/2019 15:00,0.11569546,0.038027259
7/21/2019 16:00,0.279898691,0.091998251
7/21/2019 17:00,0.818664846,0.269082122
7/21/2019 18:00,1.01906449,0.3349503
7/21/2019 19:00,1.046781607,0.344060476
7/21/2019 20:00,1.141636021,0.375237614
7/21/2019 21:00,1.257040197,0.413169132
7/21/2019 22:00,1.287656914,0.423232361
7/21/2019 23:00,1.099491363,0.361385335
7/22/2019 0:00,0.92570562,0.304264723
7/22/2019 1:00,0.923397072,0.30350594
7/22/2019 2:00,0.978186916,0.321514491
7/22/2019 3:00,1.049099619,0.344822369
7/22/2019 4:00,1.006575104,0.330845237
7/22/2019 5:00,0.916932647,0.301381187
7/22/2019 6:00,0.803292183,0.264029372
7/22/2019 7:00,0.622633343,0.204649683
7/22/2019 8:00,0.52291972,0.1718754
7/22/2019 9:00,0.647520849,0.212829811
7/22/2019 10:00,0.19169181,0.063006051
7/22/2019 11:00,0.109893571,0.03612027
7/22/2019 12:00,0.109189603,0.035888887
7/22/2019 13:00,0.038419784,0.012627972
7/22/2019 14:00,0.009369263,0.003079528
7/22/2019 15:00,0,0
7/22/2019 16:00,0,0
7/22/2019 17:00,0,0
7/22/2019 18:00,0.011267316,0.003703388
7/22/2019 19:00,0.029626153,0.009737646
7/22/2019 20:00,0.072213505,0.023735431
7/22/2019 21:00,0.14192725,0.046649231
7/22/2019 22:00,0.254710789,0.083719388
7/22/2019 23:00,0.459743505,0.151110383
7/23/2019 0:00,0.676871942,0.222477048
7/23/2019 1:00,0.771293777,0.253512005
7/23/2019 2:00,0.835143569,0.274498417
7/23/2019 3:00,0.878591468,0.28877905
7/23/2019 4:00,0.791022577,0.259996548
7/23/2019 5:00,0.519083429,0.170614472
7/23/2019 6:00,0.354040138,0.116367366
7/23/2019 7:00,0.521495818,0.171407386
7/23/2019 8:00,0.773595147,0.254268429
7/23/2019 9:00,0.822266961,0.27026608
7/23/2019 10:00,0.856768796,0.281606285
7/23/2019 11:00,0.678194347,0.222911702
7/23/2019 12:00,0.306621767,0.100781701
7/23/2019 13:00,0.135016243,0.044377693
7/23/2019 14:00,0.059847859,0.01967104
7/23/2019 15:00,0.01844531,0.00606268
7/23/2019 16:00,0.041798709,0.013738571
7/23/2019 17:00,0.067388532,0.022149539
7/23/2019 18:00,0.034378803,0.011299766
7/23/2019 19:00,0.008208987,0.002698164
7/23/2019 20:00,0,0
7/23/2019 21:00,0,0
7/23/2019 22:00,0,0
7/23/2019 23:00,0,0
7/24/2019 0:00,0,0
7/24/2019 1:00,0.057547262,0.01891487
7/24/2019 2:00,0.224123747,0.073665913
7/24/2019 3:00,0.535158821,0.175898198
7/24/2019 4:00,0.77112007,0.25345491
7/24/2019 5:00,1.042759309,0.342738411
7/24/2019 6:00,1.233467827,0.405421269
7/24/2019 7:00,1.29,0.424002496
7/24/2019 8:00,1.28887443,0.423632539
7/24/2019 9:00,1.221354791,0.401439907
7/24/2019 10:00,1.150131974,0.378030099
7/24/2019 11:00,1.11428554,0.366247946
7/24/2019 12:00,0.927276175,0.30478094
7/24/2019 13:00,0.350350288,0.115154571
7/24/2019 14:00,0.133715744,0.04395024
7/24/2019 15:00,0.062732219,0.020619083
7/24/2019 16:00,0.016611355,0.005459888
7/24/2019 17:00,0.019746052,0.006490214
7/24/2019 18:00,0.017254023,0.005671123
7/24/2019 19:00,0.027867865,0.009159724
7/24/2019 20:00,0.019294378,0.006341755
7/24/2019 21:00,0.009618351,0.003161399
7/24/2019 22:00,0.021548645,0.007082697
7/24/2019 23:00,0.020957837,0.006888508
7/25/2019 0:00,0,0
7/25/2019 1:00,0,0
7/25/2019 2:00,0.037927896,0.012466296
7/25/2019 3:00,0.134347828,0.044157996
7/25/2019 4:00,0.214910289,0.070637596
7/25/2019 5:00,0.371972345,0.122261397
7/25/2019 6:00,0.643785937,0.211602205
7/25/2019 7:00,0.645641649,0.212212148
7/25/2019 8:00,0.630784923,0.207328978
7/25/2019 9:00,0.674203462,0.221599962
7/25/2019 10:00,0.805449582,0.264738475
7/25/2019 11:00,0.953053285,0.313253466
7/25/2019 12:00,0.997514558,0.32786718
7/25/2019 13:00,1.043211184,0.342886935
7/25/2019 14:00,1.125263696,0.369856291
7/25/2019 15:00,1.245700243,0.40944187
7/25/2019 16:00,1.288020707,0.423351933
7/25/2019 17:00,1.29,0.424002496
7/25/2019 18:00,1.29,0.424002496
7/25/2019 19:00,1.287658664,0.423232936
7/25/2019 20:00,1.288212878,0.423415097
7/25/2019 21:00,1.285151472,0.422408861
7/25/2019 22:00,1.285091516,0.422389155
7/25/2019 23:00,1.276904294,0.419698145
7/26/2019 0:00,1.285355242,0.422475838
7/26/2019 1:00,1.28100149,0.421044828
7/26/2019 2:00,1.287186378,0.423077703
7/26/2019 3:00,1.29,0.424002496
7/26/2019 4:00,1.288089204,0.423374447
7/26/2019 5:00,1.119378536,0.367921933
7/26/2019 6:00,1.061302489,0.348833259
7/26/2019 7:00,1.103195972,0.362602981
7/26/2019 8:00,0.995470028,0.327195175
7/26/2019 9:00,0.807283068,0.265341113
7/26/2019 10:00,0.659421425,0.216741341
7/26/2019 11:00,0.562823703,0.184991205
7/26/2019 12:00,0.72742586,0.239093318
7/26/2019 13:00,0.97050036,0.318988042
7/26/2019 14:00,1.093832146,0.35952524
7/26/2019 15:00,1.177651835,0.38707544
7/26/2019 16:00,1.17918701,0.387580027
7/26/2019 17:00,1.085099253,0.356654877
7/26/2019 18:00,1.062688006,0.349288656
7/26/2019 19:00,0.990647321,0.325610028
7/26/2019 20:00,0.79273387,0.260559023
7/26/2019 21:00,0.747055459,0.245545255
7/26/2019 22:00,0.365901423,0.120265982
7/26/2019 23:00,0.229699413,0.075498546
7/27/2019 0:00,0.096217948,0.03162531
7/27/2019 1:00,0.159115097,0.052298603
7/27/2019 2:00,0.292466146,0.096128973
7/27/2019 3:00,0.157829312,0.051875986
7/27/2019 4:00,0.073574276,0.024182695
7/27/2019 5:00,0.169577133,0.055737308
7/27/2019 6:00,0.342018321,0.112415986
7/27/2019 7:00,0.520689287,0.171142292
7/27/2019 8:00,0.405547022,0.13329686
7/27/2019 9:00,0.326008717,0.107153884
7/27/2019 10:00,0.295027879,0.096970975
7/27/2019 11:00,0.292647006,0.096188419
7/27/2019 12:00,0.505566631,0.166171716
7/27/2019 13:00,0.614233629,0.201888831
7/27/2019 14:00,0.679849831,0.223455833
7/27/2019 15:00,0.730572512,0.240127572
7/27/2019 16:00,0.825765891,0.271416123
7/27/2019 17:00,0.91133838,0.29954244
7/27/2019 18:00,0.891044341,0.292872112
7/27/2019 19:00,0.881844866,0.289848391
7/27/2019 20:00,0.876448588,0.28807472
7/27/2019 21:00,0.871900588,0.286579865
7/27/2019 22:00,0.852743825,0.280283341
7/27/2019 23:00,0.797364162,0.262080926
7/28/2019 0:00,0.826162259,0.271546403
7/28/2019 1:00,0.892382234,0.293311856
7/28/2019 2:00,0.929908965,0.305646296
7/28/2019 3:00,0.922752036,0.303293927
7/28/2019 4:00,0.845605004,0.277936924
7/28/2019 5:00,0.771180884,0.253474899
7/28/2019 6:00,0.794822611,0.261245559
7/28/2019 7:00,0.88040602,0.289375465
7/28/2019 8:00,0.964942027,0.317161107
7/28/2019 9:00,1.039764611,0.341754101
7/28/2019 10:00,1.040549609,0.342012117
7/28/2019 11:00,1.017608714,0.33447181
7/28/2019 12:00,0.968263246,0.318252739
7/28/2019 13:00,0.933263651,0.306748928
7/28/2019 14:00,0.834196755,0.274187214
7/28/2019 15:00,0.681365595,0.223954041
7/28/2019 16:00,0.537799056,0.176766002
7/28/2019 17:00,0.401391981,0.131931164
7/28/2019 18:00,0.310509834,0.102059647
7/28/2019 19:00,0.230816326,0.075865658
7/28/2019 20:00,0.184869518,0.060763672
7/28/2019 21:00,0.131621363,0.04326185
7/28/2019 22:00,0.146167004,0.048042771
7/28/2019 23:00,0.24539432,0.080657213
7/29/2019 0:00,0.227954031,0.074924867
7/29/2019 1:00,0.145644062,0.047870888
7/29/2019 2:00,0.065767329,0.021616676
7/29/2019 3:00,0,0
7/29/2019 4:00,0,0
7/29/2019 5:00,0,0
7/29/2019 6:00,0.018608774,0.006116408
7/29/2019 7:00,0.022832277,0.007504606
7/29/2019 8:00,0.011782547,0.003872736
7/29/2019 9:00,0.016976316,0.005579845
7/29/2019 10:00,0.009159763,0.003010669
7/29/2019 11:00,0.026486946,0.008705838
7/29/2019 12:00,0.078703422,0.025868564
7/29/2019 13:00,0.078729701,0.025877201
7/29/2019 14:00,0.196242611,0.064501827
7/29/2019 15:00,0.372266614,0.122358119
7/29/2019 16:00,0.373976257,0.122920051
7/29/2019 17:00,0.370419358,0.121750955
7/29/2019 18:00,0.399249959,0.131227116
7/29/2019 19:00,0.337459549,0.11091759
7/29/2019 20:00,0.233461861,0.076735203
7/29/2019 21:00,0.185766334,0.061058441
7/29/2019 22:00,0.220622151,0.072514994
7/29/2019 23:00,0.234926377,0.077216566
7/30/2019 0:00,0.187057369,0.061482784
7/30/2019 1:00,0.132473426,0.043541909
7/30/2019 2:00,0.082242746,0.027031883
7/30/2019 3:00,0.037607336,0.012360934
7/30/2019 4:00,0.021819544,0.007171737
7/30/2019 5:00,0.055382186,0.018203244
7/30/2019 6:00,0.118336324,0.038895269
7/30/2019 7:00,0.158862902,0.052215711
7/30/2019 8:00,0.17535588,0.05763669
7/30/2019 9:00,0.179474959,0.058990566
7/30/2019 10:00,0.185534225,0.060982151
7/30/2019 11:00,0.182031392,0.059830825
7/30/2019 12:00,0.191187799,0.062840391
7/30/2019 13:00,0.187398173,0.061594801
7/30/2019 14:00,0.142407344,0.04680703
7/30/2019 15:00,0.078227888,0.025712263
7/30/2019 16:00,0.018618709,0.006119674
7/30/2019 17:00,0.008215002,0.002700141
7/30/2019 18:00,0.008858645,0.002911696
7/30/2019 19:00,0.013584326,0.004464952
7/30/2019 20:00,0.016337539,0.005369889
7/30/2019 21:00,0.008802531,0.002893252
7/30/2019 22:00,0,0
7/30/2019 23:00,0,0
7/31/2019 0:00,0,0
7/31/2019 1:00,0,0
7/31/2019 2:00,0,0
7/31/2019 3:00,0.007721709,0.002538003
7/31/2019 4:00,0.009018316,0.002964177
7/31/2019 5:00,0.007533228,0.002476052
7/31/2019 6:00,0,0
7/31/2019 7:00,0,0
7/31/2019 8:00,0,0
7/31/2019 9:00,0,0
7/31/2019 10:00,0,0
7/31/2019 11:00,0,0
7/31/2019 12:00,0,0
7/31/2019 13:00,0.009591436,0.003152552
7/31/2019 14:00,0.026082287,0.008572833
7/31/2019 15:00,0.048242064,0.0158564
7/31/2019 16:00,0.060436679,0.019864576
7/31/2019 17:00,0.029894743,0.009825927
7/31/2019 18:00,0.012858649,0.004226434
7/31/2019 19:00,0.007558582,0.002484386
7/31/2019 20:00,0,0
7/31/2019 21:00,0.008368649,0.002750642
7/31/2019 22:00,0.016180979,0.005318431
7/31/2019 23:00,0.0820093,0.026955153
08/01/2019 00:00,0.144704219,0.047561977
08/01/2019 01:00,0.165899504,0.05452853
08/01/2019 02:00,0.166655951,0.054777162
08/01/2019 03:00,0.15061449,0.049504589
08/01/2019 04:00,0.128968515,0.042389901
08/01/2019 05:00,0.132282445,0.043479137
08/01/2019 06:00,0.117928939,0.038761368
08/01/2019 07:00,0.069555584,0.022861815
08/01/2019 08:00,0.028897353,0.009498101
08/01/2019 09:00,0.013885982,0.004564102
08/01/2019 10:00,0.009694459,0.003186415
08/01/2019 11:00,0.008647025,0.00284214
08/01/2019 12:00,0.027238617,0.008952901
08/01/2019 13:00,0.086408761,0.028401186
08/01/2019 14:00,0.12596221,0.041401776
08/01/2019 15:00,0.139158692,0.04573925
08/01/2019 16:00,0.113545128,0.037320479
08/01/2019 17:00,0.092999349,0.030567408
08/01/2019 18:00,0.075277473,0.024742509
08/01/2019 19:00,0.040327657,0.01325506
08/01/2019 20:00,0.017920724,0.005890257
08/01/2019 21:00,0.009838051,0.003233611
08/01/2019 22:00,0,0
08/01/2019 23:00,0,0
08/02/2019 00:00,0,0
08/02/2019 01:00,0.00875549,0.00287779
08/02/2019 02:00,0.022337459,0.007341968
08/02/2019 03:00,0.051271396,0.016852093
08/02/2019 04:00,0.067008796,0.022024726
08/02/2019 05:00,0.062055494,0.020396654
08/02/2019 06:00,0.033020369,0.01085327
08/02/2019 07:00,0.01212514,0.003985341
08/02/2019 08:00,0.008151902,0.002679401
08/02/2019 09:00,0.008112489,0.002666446
08/02/2019 10:00,0.043682872,0.014357866
08/02/2019 11:00,0.060574269,0.019909799
08/02/2019 12:00,0.080378894,0.026419265
08/02/2019 13:00,0.092377156,0.030362903
08/02/2019 14:00,0.10161908,0.033400577
08/02/2019 15:00,0.095620556,0.031428957
08/02/2019 16:00,0.083858316,0.027562896
08/02/2019 17:00,0.072196015,0.023729683
08/02/2019 18:00,0.04125798,0.013560842
08/02/2019 19:00,0.022464148,0.007383608
08/02/2019 20:00,0.017209021,0.005656332
08/02/2019 21:00,0.013736009,0.004514808
08/02/2019 22:00,0.017835146,0.005862129
08/02/2019 23:00,0.020879008,0.006862598
08/03/2019 00:00,0.029663251,0.009749839
08/03/2019 01:00,0.030921069,0.010163264
08/03/2019 02:00,0.020444619,0.006719821
08/03/2019 03:00,0.013594765,0.004468383
08/03/2019 04:00,0.00984747,0.003236707
08/03/2019 05:00,0.008543741,0.002808192
08/03/2019 06:00,0,0
08/03/2019 07:00,0,0
08/03/2019 08:00,0,0
08/03/2019 09:00,0,0
08/03/2019 10:00,0,0
08/03/2019 11:00,0,0
08/03/2019 12:00,0,0
08/03/2019 13:00,0,0
08/03/2019 14:00,0,0
08/03/2019 15:00,0,0
08/03/2019 16:00,0.007866264,0.002585516
08/03/2019 17:00,0.00948924,0.003118962
08/03/2019 18:00,0.029416887,0.009668863
08/03/2019 19:00,0.056673102,0.018627548
08/03/2019 20:00,0.062984411,0.020701975
08/03/2019 21:00,0.074310213,0.024424586
08/03/2019 22:00,0.152966778,0.050277748
08/03/2019 23:00,0.129674033,0.042621793
08/04/2019 00:00,0.09503181,0.031235446
08/04/2019 01:00,0.079300353,0.026064766
08/04/2019 02:00,0.081056551,0.026642
08/04/2019 03:00,0.088771742,0.029177861
08/04/2019 04:00,0.096004764,0.03155524
08/04/2019 05:00,0.107230445,0.035244943
08/04/2019 06:00,0.129345697,0.042513875
08/04/2019 07:00,0.144127046,0.047372269
08/04/2019 08:00,0.139670851,0.045907589
08/04/2019 09:00,0.135403672,0.044505035
08/04/2019 10:00,0.156661747,0.051492226
08/04/2019 11:00,0.146009585,0.04799103
08/04/2019 12:00,0.148575526,0.048834414
08/04/2019 13:00,0.167265687,0.054977573
08/04/2019 14:00,0.19603806,0.064434594
08/04/2019 15:00,0.196377268,0.064546086
08/04/2019 16:00,0.183758966,0.060398651
08/04/2019 17:00,0.178972858,0.058825534
08/04/2019 18:00,0.217669983,0.071544663
08/04/2019 19:00,0.268375814,0.088210864
08/04/2019 20:00,0.330356632,0.108582974
08/04/2019 21:00,0.425535911,0.13986689
08/04/2019 22:00,0.5802106,0.190706002
08/04/2019 23:00,0.686502118,0.225642334
08/05/2019 00:00,0.632390209,0.20785661
08/05/2019 01:00,0.756377314,0.248609201
08/05/2019 02:00,0.92058622,0.302582058
08/05/2019 03:00,0.96037531,0.315660099
08/05/2019 04:00,1.005241388,0.330406866
08/05/2019 05:00,1.041875498,0.342447916
08/05/2019 06:00,1.045467534,0.343628561
08/05/2019 07:00,1.048932548,0.344767456
08/05/2019 08:00,1.067449674,0.350853741
08/05/2019 09:00,1.060856309,0.348686607
08/05/2019 10:00,0.985314969,0.323857369
08/05/2019 11:00,0.931075363,0.306029673
08/05/2019 12:00,0.836804469,0.275044328
08/05/2019 13:00,0.789957338,0.259646421
08/05/2019 14:00,0.738368665,0.242690044
08/05/2019 15:00,0.699213071,0.229820222
08/05/2019 16:00,0.67341146,0.221339643
08/05/2019 17:00,0.59598693,0.195891431
08/05/2019 18:00,0.460802935,0.151458601
08/05/2019 19:00,0.331661932,0.109012005
08/05/2019 20:00,0.279039004,0.091715685
08/05/2019 21:00,0.251051123,0.082516514
08/05/2019 22:00,0.148043203,0.048659448
08/05/2019 23:00,0.121024076,0.03977869
08/06/2019 00:00,0.114596707,0.037666116
08/06/2019 01:00,0.102506854,0.033692374
08/06/2019 02:00,0.096886029,0.031844898
08/06/2019 03:00,0.098017325,0.032216737
08/06/2019 04:00,0.098443712,0.032356883
08/06/2019 05:00,0.089648219,0.029465945
08/06/2019 06:00,0.102341334,0.03363797
08/06/2019 07:00,0.091742505,0.030154303
08/06/2019 08:00,0.070326678,0.023115261
08/06/2019 09:00,0.083477476,0.02743772
08/06/2019 10:00,0.143303856,0.0471017
08/06/2019 11:00,0.185220313,0.060878973
08/06/2019 12:00,0.193365269,0.063556091
08/06/2019 13:00,0.104626215,0.034388974
08/06/2019 14:00,0.089735374,0.029494591
08/06/2019 15:00,0.140195126,0.04607991
08/06/2019 16:00,0.185769273,0.061059407
08/06/2019 17:00,0.194274104,0.06385481
08/06/2019 18:00,0.18769781,0.061693287
08/06/2019 19:00,0.168110404,0.055255218
08/06/2019 20:00,0.176524566,0.058020819
08/06/2019 21:00,0.191560553,0.062962909
08/06/2019 22:00,0.193439648,0.063580538
08/06/2019 23:00,0.13986044,0.045969904
08/07/2019 00:00,0.102839609,0.033801745
08/07/2019 01:00,0.082744765,0.027196889
08/07/2019 02:00,0.093963183,0.030884205
08/07/2019 03:00,0.096302208,0.031653005
08/07/2019 04:00,0.119474227,0.039269279
08/07/2019 05:00,0.162974611,0.053567164
08/07/2019 06:00,0.207353212,0.068153705
08/07/2019 07:00,0.272955894,0.089716264
08/07/2019 08:00,0.319718398,0.105086356
08/07/2019 09:00,0.400997612,0.131801541
08/07/2019 10:00,0.353335015,0.116135603
08/07/2019 11:00,0.526501073,0.173052534
08/07/2019 12:00,0.620849476,0.204063355
08/07/2019 13:00,0.728341822,0.23939438
08/07/2019 14:00,0.853732242,0.280608218
08/07/2019 15:00,0.924850194,0.303983558
08/07/2019 16:00,0.976518295,0.320966042
08/07/2019 17:00,1.030967207,0.338862534
08/07/2019 18:00,1.064107237,0.349755135
08/07/2019 19:00,1.067010737,0.350709469
08/07/2019 20:00,1.040098383,0.341863806
08/07/2019 21:00,0.995467973,0.3271945
08/07/2019 22:00,0.848601966,0.278921978
08/07/2019 23:00,0.847190029,0.278457897
08/08/2019 00:00,0.822239729,0.270257129
08/08/2019 01:00,0.802227328,0.263679371
08/08/2019 02:00,0.818780594,0.269120167
08/08/2019 03:00,0.821159466,0.269902064
08/08/2019 04:00,0.767719958,0.252337348
08/08/2019 05:00,0.675917474,0.22216333
08/08/2019 06:00,0.574872401,0.188951421
08/08/2019 07:00,0.493273078,0.16213102
08/08/2019 08:00,0.446566921,0.146779449
08/08/2019 09:00,0.370388605,0.121740847
08/08/2019 10:00,0.297222011,0.097692151
08/08/2019 11:00,0.29238173,0.096101227
08/08/2019 12:00,0.331765297,0.10904598
08/08/2019 13:00,0.379757976,0.124820411
08/08/2019 14:00,0.36165252,0.118869435
08/08/2019 15:00,0.280799791,0.092294428
08/08/2019 16:00,0.237511059,0.07806611
08/08/2019 17:00,0.185691522,0.061033852
08/08/2019 18:00,0.186934361,0.061442353
08/08/2019 19:00,0.214201749,0.07040471
08/08/2019 20:00,0.23835551,0.078343668
08/08/2019 21:00,0.185054369,0.06082443
08/08/2019 22:00,0.126809608,0.041680303
08/08/2019 23:00,0.117840955,0.038732449
08/09/2019 00:00,0.08916537,0.02930724
08/09/2019 01:00,0.076368608,0.025101148
08/09/2019 02:00,0.096101817,0.03158714
08/09/2019 03:00,0.11222338,0.036886041
08/09/2019 04:00,0.16628782,0.054656163
08/09/2019 05:00,0.255262979,0.083900884
08/09/2019 06:00,0.448322203,0.147356382
08/09/2019 07:00,0.757171204,0.24887014
08/09/2019 08:00,1.027000443,0.337558722
08/09/2019 09:00,1.14981952,0.3779274
08/09/2019 10:00,1.201652188,0.394963974
08/09/2019 11:00,1.208756309,0.397298986
08/09/2019 12:00,1.232122026,0.404978926
08/09/2019 13:00,1.189418337,0.390942902
08/09/2019 14:00,1.203880103,0.395696254
08/09/2019 15:00,1.210712537,0.397941967
08/09/2019 16:00,1.211713264,0.39827089
08/09/2019 17:00,1.246794546,0.40980155
08/09/2019 18:00,1.28621415,0.422758147
08/09/2019 19:00,1.29,0.424002496
08/09/2019 20:00,1.288040532,0.42335845
08/09/2019 21:00,1.29,0.424002496
08/09/2019 22:00,1.29,0.424002496
08/09/2019 23:00,1.289671368,0.42389448
08/10/2019 00:00,1.29,0.424002496
08/10/2019 01:00,1.29,0.424002496
08/10/2019 02:00,1.29,0.424002496
08/10/2019 03:00,1.28343498,0.421844678
08/10/2019 04:00,1.246722327,0.409777812
08/10/2019 05:00,1.119859878,0.368080142
08/10/2019 06:00,0.936861938,0.307931628
08/10/2019 07:00,0.542389074,0.178274667
08/10/2019 08:00,0.398125531,0.130857534
08/10/2019 09:00,0.461250922,0.151605847
08/10/2019 10:00,0.26663168,0.087637595
08/10/2019 11:00,0.187939317,0.061772666
08/10/2019 12:00,0.133389669,0.043843064
08/10/2019 13:00,0.125238721,0.041163977
08/10/2019 14:00,0.156077876,0.051300317
08/10/2019 15:00,0.22587133,0.074240316
08/10/2019 16:00,0.344144445,0.113114809
08/10/2019 17:00,0.495966558,0.163016324
08/10/2019 18:00,0.684023818,0.224827757
08/10/2019 19:00,0.910088096,0.299131492
08/10/2019 20:00,1.036825415,0.340788034
08/10/2019 21:00,1.157396445,0.380417815
08/10/2019 22:00,1.201625218,0.39495511
08/10/2019 23:00,1.289966654,0.423991535
08/11/2019 00:00,1.29,0.424002496
08/11/2019 01:00,1.29,0.424002496
08/11/2019 02:00,1.29,0.424002496
08/11/2019 03:00,1.29,0.424002496
08/11/2019 04:00,1.29,0.424002496
08/11/2019 05:00,1.29,0.424002496
08/11/2019 06:00,1.29,0.424002496
08/11/2019 07:00,1.287873149,0.423303434
08/11/2019 08:00,1.271075296,0.417782246
08/11/2019 09:00,1.2155511,0.399532326
08/11/2019 10:00,1.173577803,0.38573637
08/11/2019 11:00,1.06723994,0.350784805
08/11/2019 12:00,0.960859993,0.315819407
08/11/2019 13:00,0.873899374,0.287236834
08/11/2019 14:00,0.819006046,0.269194269
08/11/2019 15:00,0.791237844,0.260067303
08/11/2019 16:00,0.726088713,0.238653819
08/11/2019 17:00,0.634444126,0.2085317
08/11/2019 18:00,0.544950427,0.179116544
08/11/2019 19:00,0.460122736,0.15123503
08/11/2019 20:00,0.375824435,0.123527518
08/11/2019 21:00,0.275457046,0.090538353
08/11/2019 22:00,0.265832969,0.087375071
08/11/2019 23:00,0.218072745,0.071677045
08/12/2019 00:00,0.215868675,0.070952602
08/12/2019 01:00,0.186630962,0.061342631
08/12/2019 02:00,0.152553228,0.050141821
08/12/2019 03:00,0.136323234,0.04480728
08/12/2019 04:00,0.121672477,0.039991809
08/12/2019 05:00,0.101271973,0.033286488
08/12/2019 06:00,0.09026671,0.029669233
08/12/2019 07:00,0.080829181,0.026567267
08/12/2019 08:00,0.06417441,0.021093109
08/12/2019 09:00,0.036931958,0.012138947
08/12/2019 10:00,0.010121779,0.003326868
08/12/2019 11:00,0.010889548,0.003579221
08/12/2019 12:00,0.010249138,0.003368729
08/12/2019 13:00,0.008089897,0.00265902
08/12/2019 14:00,0,0
08/12/2019 15:00,0,0
08/12/2019 16:00,0,0
08/12/2019 17:00,0,0
08/12/2019 18:00,0.008221058,0.002702131
08/12/2019 19:00,0.010466894,0.003440302
08/12/2019 20:00,0.023003625,0.007560926
08/12/2019 21:00,0.082102914,0.026985923
08/12/2019 22:00,0.081362818,0.026742665
08/12/2019 23:00,0.101507661,0.033363955
8/13/2019 0:00,0.108371523,0.035619997
8/13/2019 1:00,0.112563764,0.03699792
8/13/2019 2:00,0.138326724,0.045465795
8/13/2019 3:00,0.171240447,0.056284013
8/13/2019 4:00,0.180582352,0.059354549
8/13/2019 5:00,0.181889559,0.059784207
8/13/2019 6:00,0.18084248,0.059440049
8/13/2019 7:00,0.182760074,0.060070331
8/13/2019 8:00,0.207422771,0.068176568
8/13/2019 9:00,0.228376743,0.075063805
8/13/2019 10:00,0.302141184,0.099309005
8/13/2019 11:00,0.304142315,0.099966745
8/13/2019 12:00,0.260675914,0.08568003
8/13/2019 13:00,0.24370642,0.080102427
8/13/2019 14:00,0.306011155,0.100581003
8/13/2019 15:00,0.388584925,0.127721688
8/13/2019 16:00,0.476338694,0.156564957
8/13/2019 17:00,0.603953517,0.198509921
8/13/2019 18:00,0.608935202,0.200147322
8/13/2019 19:00,0.556509762,0.182915913
8/13/2019 20:00,0.480778657,0.158024303
8/13/2019 21:00,0.402117528,0.13216964
8/13/2019 22:00,0.458191402,0.150600231
8/13/2019 23:00,0.632802379,0.207992084
8/14/2019 0:00,0.65142202,0.214112064
8/14/2019 1:00,0.613479322,0.201640902
8/14/2019 2:00,0.612915254,0.201455502
8/14/2019 3:00,0.618756588,0.203375455
8/14/2019 4:00,0.617270333,0.202886947
8/14/2019 5:00,0.532835191,0.175134458
8/14/2019 6:00,0.429728665,0.141244982
8/14/2019 7:00,0.318636191,0.104730651
8/14/2019 8:00,0.20699991,0.06803758
8/14/2019 9:00,0.144868967,0.047616127
8/14/2019 10:00,0.116202007,0.038193753
8/14/2019 11:00,0.084473917,0.027765234
8/14/2019 12:00,0.07625305,0.025063165
8/14/2019 13:00,0.108038163,0.035510427
8/14/2019 14:00,0.178819436,0.058775106
8/14/2019 15:00,0.229270004,0.075357406
8/14/2019 16:00,0.273156835,0.08978231
8/14/2019 17:00,0.363164885,0.119366525
8/14/2019 18:00,0.512673602,0.168507664
8/14/2019 19:00,0.63709095,0.209401669
8/14/2019 20:00,0.836267618,0.274867874
8/14/2019 21:00,0.982873478,0.323054889
8/14/2019 22:00,0.865913691,0.284612067
8/14/2019 23:00,0.729192407,0.239673954
8/15/2019 0:00,0.679208665,0.223245092
8/15/2019 1:00,0.689698285,0.226692864
8/15/2019 2:00,0.399602677,0.131343048
8/15/2019 3:00,0.198350367,0.065194613
8/15/2019 4:00,0.082523972,0.027124318
8/15/2019 5:00,0.065353025,0.021480501
8/15/2019 6:00,0.168420143,0.055357024
8/15/2019 7:00,0.532218171,0.174931653
8/15/2019 8:00,0.90478217,0.297387518
8/15/2019 9:00,1.161197874,0.381667284
8/15/2019 10:00,1.109952213,0.36482365
8/15/2019 11:00,1.153259004,0.379057904
8/15/2019 12:00,1.121838511,0.368730487
8/15/2019 13:00,1.131419047,0.371879457
8/15/2019 14:00,1.141066037,0.375050269
8/15/2019 15:00,1.182305356,0.388604978
8/15/2019 16:00,1.035492275,0.340349852
8/15/2019 17:00,0.988808945,0.325005783
8/15/2019 18:00,0.896360801,0.294619548
8/15/2019 19:00,0.682314446,0.224265913
8/15/2019 20:00,0.27850522,0.091540239
8/15/2019 21:00,0.102529541,0.03369983
8/15/2019 22:00,0.025613077,0.008418611
8/15/2019 23:00,0.044602646,0.014660181
8/16/2019 0:00,0.184406417,0.060611458
8/16/2019 1:00,0.611547213,0.201005848
8/16/2019 2:00,0.879913689,0.289213643
8/16/2019 3:00,0.942684398,0.309845378
8/16/2019 4:00,0.931987728,0.306329552
8/16/2019 5:00,0.983116338,0.323134714
8/16/2019 6:00,1.056345468,0.347203965
8/16/2019 7:00,1.145305664,0.376443767
8/16/2019 8:00,1.240201293,0.407634452
8/16/2019 9:00,1.283242779,0.421781504
8/16/2019 10:00,1.287202396,0.423082968
8/16/2019 11:00,1.288359009,0.423463128
8/16/2019 12:00,1.29,0.424002496
8/16/2019 13:00,1.29,0.424002496
8/16/2019 14:00,1.29,0.424002496
8/16/2019 15:00,1.287690349,0.42324335
8/16/2019 16:00,1.160119504,0.381312841
8/16/2019 17:00,0.90049611,0.295978758
8/16/2019 18:00,0.547133511,0.179834088
8/16/2019 19:00,0.243711751,0.080104179
8/16/2019 20:00,0.164593264,0.05409919
8/16/2019 21:00,0.162588054,0.053440109
8/16/2019 22:00,0.145625262,0.047864709
8/16/2019 23:00,0.194681759,0.0639888
8/17/2019 0:00,0.203998821,0.06705117
8/17/2019 1:00,0.17658135,0.058039483
8/17/2019 2:00,0.111613088,0.036685448
8/17/2019 3:00,0.09191734,0.030211769
8/17/2019 4:00,0.087973513,0.028915495
8/17/2019 5:00,0.058366678,0.019184199
8/17/2019 6:00,0.055414671,0.018213921
8/17/2019 7:00,0.1347735,0.044297907
8/17/2019 8:00,0.315002741,0.103536394
8/17/2019 9:00,0.832508528,0.273632321
8/17/2019 10:00,1.123139133,0.369157981
8/17/2019 11:00,0.877241768,0.288335426
8/17/2019 12:00,0.730198324,0.240004583
8/17/2019 13:00,0.763365315,0.250906045
8/17/2019 14:00,0.568919184,0.186994693
8/17/2019 15:00,0.271765289,0.089324931
8/17/2019 16:00,0.188394595,0.061922309
8/17/2019 17:00,0.208711764,0.068600239
8/17/2019 18:00,0.437660884,0.143852176
8/17/2019 19:00,0.785729756,0.258256882
8/17/2019 20:00,0.995906078,0.327338498
8/17/2019 21:00,1.131338164,0.371852872
8/17/2019 22:00,1.27482553,0.419014888
8/17/2019 23:00,1.260706725,0.414374262
8/18/2019 0:00,1.198985546,0.394087491
8/18/2019 1:00,1.193114301,0.392157706
8/18/2019 2:00,1.197418711,0.393572497
8/18/2019 3:00,1.131180494,0.371801049
8/18/2019 4:00,1.041116381,0.342198406
8/18/2019 5:00,0.977796941,0.321386312
8/18/2019 6:00,0.927849701,0.304969449
8/18/2019 7:00,0.855708925,0.281257922
8/18/2019 8:00,0.752593979,0.247365679
8/18/2019 9:00,0.557538208,0.183253947
8/18/2019 10:00,0.196774098,0.064676518
8/18/2019 11:00,0.134574827,0.044232606
8/18/2019 12:00,0.129783338,0.04265772
8/18/2019 13:00,0.116251451,0.038210004
8/18/2019 14:00,0.02156449,0.007087905
8/18/2019 15:00,0,0
8/18/2019 16:00,0.028631473,0.00941071
8/18/2019 17:00,0.182226865,0.059895074
8/18/2019 18:00,0.325678679,0.107045405
8/18/2019 19:00,0.434200896,0.142714933
8/18/2019 20:00,0.579671056,0.190528662
8/18/2019 21:00,0.740801796,0.243489775
8/18/2019 22:00,0.844794016,0.277670365
8/18/2019 23:00,0.92988365,0.305637975
8/19/2019 0:00,0.966170261,0.317564808
8/19/2019 1:00,0.952606074,0.313106475
8/19/2019 2:00,0.98418411,0.323485674
8/19/2019 3:00,1.078288604,0.354416325
8/19/2019 4:00,1.158992927,0.380942553
8/19/2019 5:00,1.135072277,0.373080216
8/19/2019 6:00,1.031429035,0.339014329
8/19/2019 7:00,0.962434766,0.31633701
8/19/2019 8:00,0.937762989,0.308227789
8/19/2019 9:00,0.934610492,0.307191613
8/19/2019 10:00,0.942969741,0.309939165
8/19/2019 11:00,0.92998002,0.305669651
8/19/2019 12:00,0.963807174,0.316788098
8/19/2019 13:00,0.957699571,0.314780627
8/19/2019 14:00,0.880511256,0.289410054
8/19/2019 15:00,0.848269305,0.278812638
8/19/2019 16:00,0.816237639,0.268284338
8/19/2019 17:00,0.82267642,0.270400663
8/19/2019 18:00,0.803950355,0.264245703
8/19/2019 19:00,0.914369793,0.300538817
8/19/2019 20:00,0.987543457,0.324589838
8/19/2019 21:00,0.983537353,0.323273095
8/19/2019 22:00,0.876733544,0.28816838
8/19/2019 23:00,0.920450082,0.302537312
8/20/2019 0:00,0.930172836,0.305733026
8/20/2019 1:00,0.853239538,0.280446274
8/20/2019 2:00,0.86174757,0.283242729
8/20/2019 3:00,0.937475684,0.308133356
8/20/2019 4:00,0.990000712,0.325397498
8/20/2019 5:00,0.971808977,0.319418164
8/20/2019 6:00,0.926207518,0.304429689
8/20/2019 7:00,0.866654853,0.284855675
8/20/2019 8:00,0.76877632,0.252684557
8/20/2019 9:00,0.693940971,0.228087367
8/20/2019 10:00,0.482939791,0.158734633
8/20/2019 11:00,0.345852106,0.11367609
8/20/2019 12:00,0.332593772,0.109318286
8/20/2019 13:00,0.3202432,0.10525885
8/20/2019 14:00,0.239434501,0.078698315
8/20/2019 15:00,0.184662311,0.060695566
8/20/2019 16:00,0.162088668,0.053275969
8/20/2019 17:00,0.109827231,0.036098465
8/20/2019 18:00,0.029743125,0.009776092
8/20/2019 19:00,0,0
8/20/2019 20:00,0,0
8/20/2019 21:00,0,0
8/20/2019 22:00,0.12010905,0.039477936
8/20/2019 23:00,0.318179925,0.104580684
8/21/2019 0:00,0.468912267,0.154124009
8/21/2019 1:00,0.531587666,0.174724416
8/21/2019 2:00,0.585272238,0.192369682
8/21/2019 3:00,0.610767421,0.200749543
8/21/2019 4:00,0.602973302,0.19818774
8/21/2019 5:00,0.653315491,0.214734417
8/21/2019 6:00,0.704528377,0.231567279
8/21/2019 7:00,0.710351351,0.233481198
8/21/2019 8:00,0.75190768,0.247140103
8/21/2019 9:00,0.707222204,0.232452697
8/21/2019 10:00,0.536312008,0.176277232
8/21/2019 11:00,0.536871125,0.176461005
8/21/2019 12:00,0.636199016,0.209108504
8/21/2019 13:00,0.773909727,0.254371826
8/21/2019 14:00,0.938378056,0.308429952
8/21/2019 15:00,1.066799013,0.350639879
8/21/2019 16:00,1.163468711,0.382413672
8/21/2019 17:00,1.129711437,0.371318193
8/21/2019 18:00,1.154560959,0.379485836
8/21/2019 19:00,1.265972664,0.416105092
8/21/2019 20:00,1.236202874,0.406320236
8/21/2019 21:00,1.097726201,0.360805154
8/21/2019 22:00,0.844228469,0.277484479
8/21/2019 23:00,0.645742499,0.212245296
8/22/2019 0:00,0.472493762,0.155301189
8/22/2019 1:00,0.443128116,0.145649168
8/22/2019 2:00,0.46975574,0.154401245
8/22/2019 3:00,0.592472851,0.194736409
8/22/2019 4:00,0.713831637,0.234625113
8/22/2019 5:00,0.751344017,0.246954836
8/22/2019 6:00,0.776159197,0.255111191
8/22/2019 7:00,0.838508268,0.27560434
8/22/2019 8:00,0.885067107,0.29090749
8/22/2019 9:00,0.910454057,0.299251777
8/22/2019 10:00,0.874857059,0.28755161
8/22/2019 11:00,0.927661801,0.304907689
8/22/2019 12:00,0.958742419,0.315123394
8/22/2019 13:00,1.028315115,0.337990834
8/22/2019 14:00,1.125680329,0.369993232
8/22/2019 15:00,1.197766851,0.393686926
8/22/2019 16:00,1.288242114,0.423424707
8/22/2019 17:00,1.274158715,0.418795717
8/22/2019 18:00,1.224003367,0.402310451
8/22/2019 19:00,1.209138548,0.397424622
8/22/2019 20:00,1.217369663,0.400130058
8/22/2019 21:00,1.215882898,0.399641382
8/22/2019 22:00,1.262767311,0.415051544
8/22/2019 23:00,1.288260599,0.423430782
8/23/2019 0:00,1.29,0.424002496
8/23/2019 1:00,1.280440057,0.420860295
8/23/2019 2:00,1.195805512,0.393042265
8/23/2019 3:00,1.096677526,0.360460471
8/23/2019 4:00,0.883116823,0.290266463
8/23/2019 5:00,0.59315955,0.194962116
8/23/2019 6:00,0.192945907,0.063418253
8/23/2019 7:00,0.116053873,0.038145063
8/23/2019 8:00,0.078362735,0.025756585
8/23/2019 9:00,0.119426477,0.039253585
8/23/2019 10:00,0.852888213,0.280330799
8/23/2019 11:00,1.269864879,0.417384401
8/23/2019 12:00,1.29,0.424002496
8/23/2019 13:00,1.287798663,0.423278951
8/23/2019 14:00,1.123878862,0.369401118
8/23/2019 15:00,0.926005213,0.304363195
8/23/2019 16:00,0.77991263,0.256344885
8/23/2019 17:00,0.690427143,0.226932428
8/23/2019 18:00,0.465313183,0.152941047
8/23/2019 19:00,0.293346137,0.096418213
8/23/2019 20:00,0.234928864,0.077217384
8/23/2019 21:00,0.280206439,0.092099403
8/23/2019 22:00,0.366083483,0.120325822
8/23/2019 23:00,0.648738111,0.213229906
8/24/2019 0:00,0.873225148,0.287015226
8/24/2019 1:00,0.947016326,0.311269214
8/24/2019 2:00,0.940707695,0.309195667
8/24/2019 3:00,0.877920514,0.288558518
8/24/2019 4:00,0.812539669,0.267068874
8/24/2019 5:00,0.844730414,0.27764946
8/24/2019 6:00,0.890233477,0.292605594
8/24/2019 7:00,0.877306122,0.288356578
8/24/2019 8:00,0.811622498,0.266767415
8/24/2019 9:00,0.709061874,0.233057367
8/24/2019 10:00,0.560362219,0.184182154
8/24/2019 11:00,0.479326227,0.157546912
8/24/2019 12:00,0.318202558,0.104588123
8/24/2019 13:00,0.272364352,0.089521833
8/24/2019 14:00,0.186707327,0.061367731
8/24/2019 15:00,0.152432601,0.050102173
8/24/2019 16:00,0.154997058,0.050945069
8/24/2019 17:00,0.183314747,0.060252644
8/24/2019 18:00,0.253075727,0.083181969
8/24/2019 19:00,0.229241561,0.075348057
8/24/2019 20:00,0.220077977,0.072336133
8/24/2019 21:00,0.214219839,0.070410656
8/24/2019 22:00,0.130109583,0.042764952
8/24/2019 23:00,0.10564145,0.034722666
8/25/2019 0:00,0.098503228,0.032376445
8/25/2019 1:00,0.102780864,0.033782436
8/25/2019 2:00,0.020441109,0.006718668
8/25/2019 3:00,0.008425238,0.002769242
8/25/2019 4:00,0.009767185,0.003210318
8/25/2019 5:00,0,0
8/25/2019 6:00,0,0
8/25/2019 7:00,0,0
8/25/2019 8:00,0,0
8/25/2019 9:00,0,0
8/25/2019 10:00,0.022611224,0.00743195
8/25/2019 11:00,0.079338283,0.026077232
8/25/2019 12:00,0.101599023,0.033393984
8/25/2019 13:00,0.128752659,0.042318953
8/25/2019 14:00,0.31029808,0.101990047
8/25/2019 15:00,0.691728767,0.227360251
8/25/2019 16:00,0.830723108,0.273045481
8/25/2019 17:00,0.893172294,0.293571536
8/25/2019 18:00,0.947254901,0.311347629
8/25/2019 19:00,0.969972518,0.318814549
8/25/2019 20:00,0.936998777,0.307976605
8/25/2019 21:00,0.708897915,0.233003477
8/25/2019 22:00,0.309057442,0.101582269
8/25/2019 23:00,0.277963713,0.091362254
8/26/2019 0:00,0.327048596,0.107495675
8/26/2019 1:00,0.220716281,0.072545933
8/26/2019 2:00,0.124271204,0.04084597
8/26/2019 3:00,0.11377045,0.037394538
8/26/2019 4:00,0.112336717,0.036923293
8/26/2019 5:00,0.115646601,0.0380112
8/26/2019 6:00,0.146273445,0.048077756
8/26/2019 7:00,0.190622549,0.062654602
8/26/2019 8:00,0.235974305,0.077561003
8/26/2019 9:00,0.207795682,0.068299138
8/26/2019 10:00,0.104309175,0.034284768
8/26/2019 11:00,0.066790569,0.021952998
8/26/2019 12:00,0.039516823,0.012988551
8/26/2019 13:00,0.022257792,0.007315782
8/26/2019 14:00,0.014754174,0.004849462
8/26/2019 15:00,0,0
8/26/2019 16:00,0,0
8/26/2019 17:00,0,0
8/26/2019 18:00,0,0
8/26/2019 19:00,0,0
8/26/2019 20:00,0,0
8/26/2019 21:00,0,0
8/26/2019 22:00,0,0
8/26/2019 23:00,0.008130282,0.002672294
8/27/2019 0:00,0.010295488,0.003383963
8/27/2019 1:00,0.018429096,0.006057351
8/27/2019 2:00,0.042669578,0.014024812
8/27/2019 3:00,0.075102425,0.024684973
8/27/2019 4:00,0.055868171,0.01836298
8/27/2019 5:00,0.020828606,0.006846032
8/27/2019 6:00,0.009466124,0.003111364
8/27/2019 7:00,0,0
8/27/2019 8:00,0,0
8/27/2019 9:00,0,0
8/27/2019 10:00,0,0
8/27/2019 11:00,0,0
8/27/2019 12:00,0,0
8/27/2019 13:00,0.008113559,0.002666798
8/27/2019 14:00,0.013014248,0.004277577
8/27/2019 15:00,0.026983802,0.008869147
8/27/2019 16:00,0.085715826,0.02817343
8/27/2019 17:00,0.186436295,0.061278647
8/27/2019 18:00,0.268879846,0.088376532
8/27/2019 19:00,0.286739115,0.094246589
8/27/2019 20:00,0.385140603,0.126589594
8/27/2019 21:00,0.573878935,0.188624884
8/27/2019 22:00,0.505533014,0.166160666
8/27/2019 23:00,0.245223437,0.080601046
8/28/2019 0:00,0.431154743,0.141713711
8/28/2019 1:00,0.470712647,0.154715765
8/28/2019 2:00,0.567531353,0.186538535
8/28/2019 3:00,0.617741581,0.203041839
8/28/2019 4:00,0.528577908,0.173735157
8/28/2019 5:00,0.414834481,0.1363495
8/28/2019 6:00,0.41320962,0.135815434
8/28/2019 7:00,0.573778356,0.188591825
8/28/2019 8:00,0.7244477,0.238114444
8/28/2019 9:00,0.77118193,0.253475243
8/28/2019 10:00,0.665266829,0.218662632
8/28/2019 11:00,0.663125944,0.217958957
8/28/2019 12:00,0.35689084,0.117304346
8/28/2019 13:00,0.151266687,0.049718956
8/28/2019 14:00,0.281165477,0.092414623
8/28/2019 15:00,0.708188819,0.232770408
8/28/2019 16:00,0.803857947,0.26421533
8/28/2019 17:00,0.785132988,0.258060733
8/28/2019 18:00,0.816352853,0.268322207
8/28/2019 19:00,0.774549982,0.254582268
8/28/2019 20:00,0.671431757,0.220688946
8/28/2019 21:00,0.461601953,0.151721225
8/28/2019 22:00,0.173015239,0.056867359
8/28/2019 23:00,0.166888375,0.054853556
8/29/2019 0:00,0.166291085,0.054657236
8/29/2019 1:00,0.160761835,0.05283986
8/29/2019 2:00,0.20128097,0.066157855
8/29/2019 3:00,0.251607403,0.082699354
8/29/2019 4:00,0.324811119,0.106760252
8/29/2019 5:00,0.318407165,0.104655374
8/29/2019 6:00,0.33885998,0.111377889
8/29/2019 7:00,0.398143561,0.13086346
8/29/2019 8:00,0.472376971,0.155262802
8/29/2019 9:00,0.570790426,0.18760974
8/29/2019 10:00,0.577379663,0.189775518
8/29/2019 11:00,0.78710736,0.258709678
8/29/2019 12:00,1.163296571,0.382357092
8/29/2019 13:00,1.278967824,0.420376395
8/29/2019 14:00,1.283009153,0.421704715
8/29/2019 15:00,1.26389854,0.415423361
8/29/2019 16:00,1.162394486,0.382060591
8/29/2019 17:00,1.05714891,0.347468044
8/29/2019 18:00,1.056317881,0.347194898
8/29/2019 19:00,1.065367263,0.350169285
8/29/2019 20:00,1.133726809,0.372637982
8/29/2019 21:00,1.233980649,0.405589825
8/29/2019 22:00,1.127526652,0.370600089
8/29/2019 23:00,1.169267428,0.384319618
8/30/2019 0:00,1.230790844,0.404541387
8/30/2019 1:00,1.241026309,0.407905622
8/30/2019 2:00,1.169898205,0.384526945
8/30/2019 3:00,1.18455594,0.389344709
8/30/2019 4:00,1.234827992,0.405868334
8/30/2019 5:00,1.155774561,0.379884727
8/30/2019 6:00,1.030721669,0.338781829
8/30/2019 7:00,0.856345669,0.28146721
8/30/2019 8:00,0.531319395,0.17463624
8/30/2019 9:00,0.208911446,0.068665872
8/30/2019 10:00,0.027826638,0.009146174
8/30/2019 11:00,0.014053549,0.004619178
8/30/2019 12:00,0.009390329,0.003086452
8/30/2019 13:00,0.064910908,0.021335184
8/30/2019 14:00,0.208083772,0.068393828
8/30/2019 15:00,0.323089221,0.106194291
8/30/2019 16:00,0.409216199,0.13450286
8/30/2019 17:00,0.528365241,0.173665257
8/30/2019 18:00,0.450129606,0.147950447
8/30/2019 19:00,0.32202899,0.10584581
8/30/2019 20:00,0.230562154,0.075782115
8/30/2019 21:00,0.148807094,0.048910526
8/30/2019 22:00,0.040450178,0.013295331
8/30/2019 23:00,0.017802952,0.005851547
8/31/2019 0:00,0,0
8/31/2019 1:00,0,0
8/31/2019 2:00,0,0
8/31/2019 3:00,0.016478209,0.005416125
8/31/2019 4:00,0.098623347,0.032415926
8/31/2019 5:00,0.294564478,0.096818662
8/31/2019 6:00,0.608486016,0.199999682
8/31/2019 7:00,0.844885873,0.277700557
8/31/2019 8:00,0.909280798,0.298866145
8/31/2019 9:00,0.983340899,0.323208524
8/31/2019 10:00,0.994576996,0.32690165
8/31/2019 11:00,1.181944273,0.388486296
8/31/2019 12:00,1.209915495,0.397679992
8/31/2019 13:00,1.065811946,0.350315446
8/31/2019 14:00,1.086622903,0.357155676
8/31/2019 15:00,1.204114594,0.395773328
8/31/2019 16:00,1.214683291,0.399247091
8/31/2019 17:00,1.111945116,0.365478685
8/31/2019 18:00,0.953996898,0.313563617
8/31/2019 19:00,0.831708046,0.273369215
8/31/2019 20:00,0.794545598,0.261154509
8/31/2019 21:00,0.727645958,0.239165661
8/31/2019 22:00,0.783195941,0.257424057
8/31/2019 23:00,0.772103086,0.253778012
09/01/2019 00:00,0.820106588,0.269556
09/01/2019 01:00,0.836089805,0.274809429
09/01/2019 02:00,0.875756381,0.287847202
09/01/2019 03:00,0.88950012,0.292364551
09/01/2019 04:00,0.956379103,0.31434661
09/01/2019 05:00,0.995263706,0.327127361
09/01/2019 06:00,1.017230441,0.334347477
09/01/2019 07:00,0.962368535,0.316315241
09/01/2019 08:00,0.89307283,0.293538844
09/01/2019 09:00,0.795620669,0.261507868
09/01/2019 10:00,0.739420536,0.243035777
09/01/2019 11:00,0.738471697,0.242723909
09/01/2019 12:00,0.696330827,0.228872875
09/01/2019 13:00,0.553111053,0.181798811
09/01/2019 14:00,0.397104897,0.130522068
09/01/2019 15:00,0.272613934,0.089603867
09/01/2019 16:00,0.154116365,0.0506556
09/01/2019 17:00,0.086496748,0.028430106
09/01/2019 18:00,0.065522356,0.021536157
09/01/2019 19:00,0.078616316,0.025839934
09/01/2019 20:00,0.118455386,0.038934402
09/01/2019 21:00,0.158007812,0.051934656
09/01/2019 22:00,0.126997833,0.041742169
09/01/2019 23:00,0.161509461,0.053085593
09/02/2019 00:00,0.22573604,0.074195848
09/02/2019 01:00,0.293424647,0.096444017
09/02/2019 02:00,0.364306538,0.119741768
09/02/2019 03:00,0.343554584,0.112920931
09/02/2019 04:00,0.311619069,0.102424235
09/02/2019 05:00,0.489294334,0.16082327
09/02/2019 06:00,0.593522229,0.195081323
09/02/2019 07:00,0.613830981,0.201756487
09/02/2019 08:00,0.573391191,0.188464571
09/02/2019 09:00,0.430666626,0.141553275
09/02/2019 10:00,0.275239146,0.090466733
09/02/2019 11:00,0.545727368,0.179371912
09/02/2019 12:00,0.640942596,0.210667644
09/02/2019 13:00,0.630201087,0.20713708
09/02/2019 14:00,0.358023032,0.11767648
09/02/2019 15:00,0.046250128,0.015201682
09/02/2019 16:00,0.01112818,0.003657656
09/02/2019 17:00,0.035482199,0.011662435
09/02/2019 18:00,0.126496808,0.04157749
09/02/2019 19:00,0.236420601,0.077707694
09/02/2019 20:00,0.270120139,0.088784196
09/02/2019 21:00,0.193724031,0.06367401
09/02/2019 22:00,0.217105406,0.071359096
09/02/2019 23:00,0.242709597,0.079774787
09/03/2019 00:00,0.196859563,0.064704609
09/03/2019 01:00,0.134581882,0.044234925
09/03/2019 02:00,0.086169512,0.028322549
09/03/2019 03:00,0.036249267,0.011914558
09/03/2019 04:00,0.016351085,0.005374342
09/03/2019 05:00,0.00995826,0.003273122
09/03/2019 06:00,0.011265425,0.003702766
09/03/2019 07:00,0.009043156,0.002972342
09/03/2019 08:00,0,0
09/03/2019 09:00,0,0
09/03/2019 10:00,0,0
09/03/2019 11:00,0,0
09/03/2019 12:00,0.071409851,0.023471283
09/03/2019 13:00,0.198063867,0.065100445
09/03/2019 14:00,0.344887404,0.113359008
09/03/2019 15:00,0.546903151,0.179758373
09/03/2019 16:00,0.733692056,0.241152917
09/03/2019 17:00,0.840257271,0.276179209
09/03/2019 18:00,0.904151004,0.297180064
09/03/2019 19:00,0.897457754,0.294980099
09/03/2019 20:00,0.747887785,0.245818827
09/03/2019 21:00,0.846698187,0.278296236
09/03/2019 22:00,1.241312165,0.407999578
09/03/2019 23:00,1.19428708,0.39254318
09/04/2019 00:00,1.045933443,0.343781698
09/04/2019 01:00,0.930901034,0.305972373
09/04/2019 02:00,0.819468376,0.26934623
09/04/2019 03:00,0.711034148,0.233705623
09/04/2019 04:00,0.640139903,0.210403811
09/04/2019 05:00,0.416636031,0.136941641
09/04/2019 06:00,0.253264519,0.083244022
09/04/2019 07:00,0.179636848,0.059043777
09/04/2019 08:00,0.171628414,0.056411532
09/04/2019 09:00,0.159496535,0.052423976
09/04/2019 10:00,0.143530975,0.04717635
09/04/2019 11:00,0.220797789,0.072572724
09/04/2019 12:00,0.243193049,0.07993369
09/04/2019 13:00,0.929382585,0.305473283
09/04/2019 14:00,1.201238968,0.394828155
09/04/2019 15:00,1.217753901,0.400256351
09/04/2019 16:00,1.29,0.424002496
09/04/2019 17:00,1.286411064,0.42282287
09/04/2019 18:00,1.274237087,0.418821477
09/04/2019 19:00,1.257987717,0.413480567
09/04/2019 20:00,1.254591687,0.412364346
09/04/2019 21:00,1.255406168,0.412632053
09/04/2019 22:00,1.237529471,0.406756267
09/04/2019 23:00,1.257744498,0.413400625
09/05/2019 00:00,1.27790108,0.420025773
09/05/2019 01:00,1.29,0.424002496
09/05/2019 02:00,1.250099778,0.410887927
09/05/2019 03:00,1.088469002,0.35776246
09/05/2019 04:00,0.955947451,0.314204733
09/05/2019 05:00,0.746713722,0.245432932
09/05/2019 06:00,0.718890264,0.236287803
09/05/2019 07:00,0.480736354,0.158010398
09/05/2019 08:00,0.300622599,0.09880987
09/05/2019 09:00,0.206670684,0.067929369
09/05/2019 10:00,0.316608537,0.104064194
09/05/2019 11:00,0.425969912,0.140009539
09/05/2019 12:00,0.772877844,0.254032662
09/05/2019 13:00,1.010091354,0.332000973
09/05/2019 14:00,1.066120646,0.35041691
09/05/2019 15:00,1.164472301,0.382743536
09/05/2019 16:00,1.287403778,0.423149159
09/05/2019 17:00,1.287758985,0.42326591
09/05/2019 18:00,1.264804813,0.415721238
09/05/2019 19:00,1.222458156,0.401802565
09/05/2019 20:00,1.277431131,0.419871308
09/05/2019 21:00,1.257382258,0.413281562
09/05/2019 22:00,1.20489738,0.396030617
09/05/2019 23:00,1.273844483,0.418692434
09/06/2019 00:00,1.277751033,0.419976455
09/06/2019 01:00,1.256822017,0.41309742
09/06/2019 02:00,1.255523926,0.412670758
09/06/2019 03:00,1.148865924,0.377613968
09/06/2019 04:00,1.073617613,0.352881045
09/06/2019 05:00,1.121160554,0.368507653
09/06/2019 06:00,1.159931634,0.381251091
09/06/2019 07:00,1.157847848,0.380566184
09/06/2019 08:00,1.142982455,0.375680165
09/06/2019 09:00,1.11782942,0.367412763
09/06/2019 10:00,1.127084451,0.370454744
09/06/2019 11:00,1.061589954,0.348927744
09/06/2019 12:00,0.971315649,0.319256015
09/06/2019 13:00,1.000318253,0.32878871
09/06/2019 14:00,1.121654412,0.368669977
09/06/2019 15:00,1.223225349,0.402054729
09/06/2019 16:00,1.269116214,0.417138327
09/06/2019 17:00,1.230631326,0.404488956
09/06/2019 18:00,1.157401373,0.380419435
09/06/2019 19:00,1.099639104,0.361433895
09/06/2019 20:00,1.036984131,0.340840201
09/06/2019 21:00,0.957359224,0.31466876
09/06/2019 22:00,0.97964467,0.321993632
09/06/2019 23:00,1.005557275,0.330510693
09/07/2019 00:00,0.965789549,0.317439674
09/07/2019 01:00,0.916593663,0.301269768
09/07/2019 02:00,0.944942189,0.310587478
09/07/2019 03:00,0.945548722,0.310786836
09/07/2019 04:00,0.906022098,0.297795063
09/07/2019 05:00,0.842994888,0.27707902
09/07/2019 06:00,0.728200498,0.239347929
09/07/2019 07:00,0.594801138,0.19550168
09/07/2019 08:00,0.408945241,0.134413801
09/07/2019 09:00,0.209673899,0.068916478
09/07/2019 10:00,0.124787784,0.041015761
09/07/2019 11:00,0.08789367,0.028889252
09/07/2019 12:00,0.113663602,0.037359419
09/07/2019 13:00,0.126464086,0.041566735
09/07/2019 14:00,0.10347182,0.034009543
09/07/2019 15:00,0.07667175,0.025200786
09/07/2019 16:00,0.05000277,0.016435116
09/07/2019 17:00,0.013826165,0.004544441
09/07/2019 18:00,0.00845526,0.00277911
09/07/2019 19:00,0.007590181,0.002494772
09/07/2019 20:00,0,0
09/07/2019 21:00,0,0
09/07/2019 22:00,0,0
09/07/2019 23:00,0.007718042,0.002536798
09/08/2019 00:00,0.04443967,0.014606613
09/08/2019 01:00,0.088504844,0.029090135
09/08/2019 02:00,0.163846489,0.053853737
09/08/2019 03:00,0.234629962,0.077119139
09/08/2019 04:00,0.250918442,0.082472903
09/08/2019 05:00,0.203268073,0.066810985
09/08/2019 06:00,0.224925176,0.07392933
09/08/2019 07:00,0.288217893,0.09473264
09/08/2019 08:00,0.348436944,0.114525685
09/08/2019 09:00,0.3680338,0.12096686
09/08/2019 10:00,0.474383424,0.155922291
09/08/2019 11:00,0.477757636,0.157031341
09/08/2019 12:00,0.607359491,0.199629411
09/08/2019 13:00,0.665673958,0.218796449
09/08/2019 14:00,0.605604761,0.199052659
09/08/2019 15:00,0.648458199,0.213137903
09/08/2019 16:00,0.700430739,0.230220451
09/08/2019 17:00,0.826155234,0.271544094
09/08/2019 18:00,0.844613405,0.277611001
09/08/2019 19:00,0.860214332,0.282738778
09/08/2019 20:00,0.974550452,0.320319243
09/08/2019 21:00,1.061727051,0.348972806
09/08/2019 22:00,0.96224496,0.316274624
09/08/2019 23:00,0.869319815,0.285731606
09/09/2019 00:00,0.75637645,0.248608917
09/09/2019 01:00,0.807284569,0.265341606
09/09/2019 02:00,0.941456191,0.309441686
09/09/2019 03:00,0.963148024,0.316571446
09/09/2019 04:00,0.911960128,0.299746799
09/09/2019 05:00,0.892891733,0.29347932
09/09/2019 06:00,0.961749171,0.316111666
09/09/2019 07:00,1.05154287,0.345625427
09/09/2019 08:00,1.072031253,0.352359633
09/09/2019 09:00,1.11218586,0.365557814
09/09/2019 10:00,0.945678889,0.31082962
09/09/2019 11:00,0.955989772,0.314218643
09/09/2019 12:00,0.905951745,0.297771939
09/09/2019 13:00,0.855351825,0.281140549
09/09/2019 14:00,0.768992196,0.252755512
09/09/2019 15:00,0.610876534,0.200785407
09/09/2019 16:00,0.43638658,0.143433333
09/09/2019 17:00,0.30142026,0.099072048
09/09/2019 18:00,0.232702406,0.076485582
09/09/2019 19:00,0.158477622,0.052089075
09/09/2019 20:00,0.072803723,0.023929426
09/09/2019 21:00,0.009358469,0.00307598
09/09/2019 22:00,0.01035764,0.003404392
09/09/2019 23:00,0.109352177,0.035942322
09/10/2019 00:00,0.304859782,0.100202565
09/10/2019 01:00,0.562117791,0.184759183
09/10/2019 02:00,0.666789865,0.21916323
09/10/2019 03:00,0.595158617,0.195619177
09/10/2019 04:00,0.338365188,0.111215259
09/10/2019 05:00,0.176341328,0.057960592
09/10/2019 06:00,0.092793262,0.03049967
09/10/2019 07:00,0.081372442,0.026745828
09/10/2019 08:00,0.142545789,0.046852535
09/10/2019 09:00,0.131188517,0.04311958
09/10/2019 10:00,0.080981643,0.026617379
09/10/2019 11:00,0.111823504,0.036754608
09/10/2019 12:00,0.176295259,0.057945449
09/10/2019 13:00,0.231194717,0.075990029
09/10/2019 14:00,0.552777936,0.181689321
09/10/2019 15:00,0.766140945,0.251818351
09/10/2019 16:00,0.948462255,0.311744467
09/10/2019 17:00,1.159755264,0.381193121
09/10/2019 18:00,1.289970554,0.423992817
09/10/2019 19:00,1.28514935,0.422408164
09/10/2019 20:00,1.269945236,0.417410813
09/10/2019 21:00,1.272536039,0.418262369
09/10/2019 22:00,1.29,0.424002496
09/10/2019 23:00,1.286707205,0.422920206
09/11/2019 00:00,1.276152352,0.419450994
09/11/2019 01:00,1.28503591,0.422370878
09/11/2019 02:00,1.289374798,0.423797002
09/11/2019 03:00,1.283608143,0.421901594
09/11/2019 04:00,1.287169387,0.423072118
09/11/2019 05:00,1.280529945,0.420889839
09/11/2019 06:00,1.271537241,0.41793408
09/11/2019 07:00,1.288567102,0.423531525
09/11/2019 08:00,1.277302045,0.41982888
09/11/2019 09:00,1.285572922,0.422547386
09/11/2019 10:00,1.289348678,0.423788417
09/11/2019 11:00,1.288122235,0.423385304
09/11/2019 12:00,1.286399858,0.422819186
09/11/2019 13:00,1.27076434,0.41768004
09/11/2019 14:00,1.26238629,0.414926308
09/11/2019 15:00,1.278561884,0.420242969
09/11/2019 16:00,1.288663392,0.423563174
09/11/2019 17:00,1.29,0.424002496
09/11/2019 18:00,1.289562596,0.423858728
09/11/2019 19:00,1.285564414,0.422544589
09/11/2019 20:00,1.29,0.424002496
09/11/2019 21:00,1.29,0.424002496
09/11/2019 22:00,1.29,0.424002496
09/11/2019 23:00,1.289730759,0.423914
09/12/2019 00:00,1.278034657,0.420069678
09/12/2019 01:00,1.29,0.424002496
09/12/2019 02:00,1.288595478,0.423540852
09/12/2019 03:00,1.280458801,0.420866455
09/12/2019 04:00,1.255823793,0.41276932
09/12/2019 05:00,1.167154826,0.38362524
09/12/2019 06:00,1.146976531,0.376992955
09/12/2019 07:00,1.110962687,0.365155777
09/12/2019 08:00,1.119007236,0.367799892
09/12/2019 09:00,1.134293771,0.372824333
09/12/2019 10:00,1.245024262,0.409219685
09/12/2019 11:00,1.264699719,0.415686696
09/12/2019 12:00,1.275885135,0.419363164
09/12/2019 13:00,1.289265978,0.423761234
09/12/2019 14:00,1.29,0.424002496
09/12/2019 15:00,1.28791935,0.423318619
09/12/2019 16:00,1.27430168,0.418842707
09/12/2019 17:00,1.241765518,0.408148588
09/12/2019 18:00,1.216937459,0.399988
09/12/2019 19:00,1.214191809,0.399085548
09/12/2019 20:00,1.209661875,0.397596631
09/12/2019 21:00,1.283077849,0.421727295
09/12/2019 22:00,1.289938401,0.423982249
09/12/2019 23:00,1.29,0.424002496
9/13/2019 0:00,1.289630953,0.423881196
9/13/2019 1:00,1.289222995,0.423747106
9/13/2019 2:00,1.29,0.424002496
9/13/2019 3:00,1.29,0.424002496
9/13/2019 4:00,1.287192279,0.423079642
9/13/2019 5:00,1.272099034,0.418118733
9/13/2019 6:00,1.249295862,0.410623693
9/13/2019 7:00,1.256288115,0.412921935
9/13/2019 8:00,1.270953507,0.417742216
9/13/2019 9:00,1.276345434,0.419514457
9/13/2019 10:00,1.270592524,0.417623567
9/13/2019 11:00,1.277991842,0.420055605
9/13/2019 12:00,1.275003772,0.419073474
9/13/2019 13:00,1.277659426,0.419946345
9/13/2019 14:00,1.285160625,0.42241187
9/13/2019 15:00,1.29,0.424002496
9/13/2019 16:00,1.29,0.424002496
9/13/2019 17:00,1.287306481,0.423117179
9/13/2019 18:00,1.275436393,0.41921567
9/13/2019 19:00,1.262392058,0.414928204
9/13/2019 20:00,1.177363853,0.386980785
9/13/2019 21:00,1.222043406,0.401666243
9/13/2019 22:00,1.211781594,0.398293349
9/13/2019 23:00,1.197960567,0.393750597
9/14/2019 0:00,1.172683863,0.385442546
9/14/2019 1:00,1.165226956,0.382991579
9/14/2019 2:00,1.090495826,0.358428645
9/14/2019 3:00,1.083018654,0.355971017
9/14/2019 4:00,1.05249664,0.345938916
9/14/2019 5:00,1.058381482,0.34787317
9/14/2019 6:00,1.169173435,0.384288724
9/14/2019 7:00,1.272593353,0.418281207
9/14/2019 8:00,1.29,0.424002496
9/14/2019 9:00,1.267100378,0.416475754
9/14/2019 10:00,1.273421824,0.418553513
9/14/2019 11:00,1.23737395,0.406705149
9/14/2019 12:00,1.197815718,0.393702987
9/14/2019 13:00,1.183602449,0.389031312
9/14/2019 14:00,1.169657681,0.384447888
9/14/2019 15:00,1.167617022,0.383777156
9/14/2019 16:00,1.159024759,0.380953016
9/14/2019 17:00,0,0
9/14/2019 18:00,1.159435889,0.381088148
9/14/2019 19:00,1.16149357,0.381764475
9/14/2019 20:00,0,0
9/14/2019 21:00,0,0
9/14/2019 22:00,0,0
9/14/2019 23:00,0,0
9/15/2019 0:00,0,0
9/15/2019 1:00,0,0
9/15/2019 2:00,0,0
9/15/2019 3:00,0,0
9/15/2019 4:00,0,0
9/15/2019 5:00,0,0
9/15/2019 6:00,0,0
9/15/2019 7:00,0,0
9/15/2019 8:00,0,0
9/15/2019 9:00,0,0
9/15/2019 10:00,0,0
9/15/2019 11:00,1.176307689,0.38663364
9/15/2019 12:00,1.225360955,0.402756669
9/15/2019 13:00,1.257939287,0.413464649
9/15/2019 14:00,1.277722887,0.419967204
9/15/2019 15:00,1.288879906,0.423634339
9/15/2019 16:00,1.289603799,0.423872271
9/15/2019 17:00,1.29,0.424002496
9/15/2019 18:00,1.288280998,0.423437487
9/15/2019 19:00,1.284995279,0.422357524
9/15/2019 20:00,1.247416816,0.41000608
9/15/2019 21:00,1.22711317,0.403332594
9/15/2019 22:00,1.192089847,0.391820985
9/15/2019 23:00,1.125683137,0.369994155
9/16/2019 0:00,1.174539966,0.386052618
9/16/2019 1:00,1.262448712,0.414946825
9/16/2019 2:00,1.289376589,0.42379759
9/16/2019 3:00,1.29,0.424002496
9/16/2019 4:00,1.29,0.424002496
9/16/2019 5:00,1.29,0.424002496
9/16/2019 6:00,1.29,0.424002496
9/16/2019 7:00,1.29,0.424002496
9/16/2019 8:00,1.289991732,0.423999778
9/16/2019 9:00,1.29,0.424002496
9/16/2019 10:00,1.29,0.424002496
9/16/2019 11:00,1.29,0.424002496
9/16/2019 12:00,1.286533148,0.422862997
9/16/2019 13:00,1.288017218,0.423350787
9/16/2019 14:00,1.29,0.424002496
9/16/2019 15:00,1.29,0.424002496
9/16/2019 16:00,1.286987336,0.423012281
9/16/2019 17:00,1.287587787,0.423209639
9/16/2019 18:00,1.285700707,0.422589386
9/16/2019 19:00,1.278536166,0.420234516
9/16/2019 20:00,1.268041648,0.416785134
9/16/2019 21:00,1.247908018,0.41016753
9/16/2019 22:00,1.245091365,0.409241741
9/16/2019 23:00,1.233397986,0.405398313
9/17/2019 0:00,1.236797502,0.40651568
9/17/2019 1:00,1.244461602,0.409034748
9/17/2019 2:00,1.239382062,0.407365184
9/17/2019 3:00,1.237251461,0.406664889
9/17/2019 4:00,1.254316811,0.412273998
9/17/2019 5:00,1.278771372,0.420311824
9/17/2019 6:00,1.29,0.424002496
9/17/2019 7:00,1.29,0.424002496
9/17/2019 8:00,1.283983165,0.422024858
9/17/2019 9:00,1.243726962,0.408793284
9/17/2019 10:00,1.207225981,0.396795991
9/17/2019 11:00,1.065546276,0.350228124
9/17/2019 12:00,0.921684947,0.302943192
9/17/2019 13:00,0.888604438,0.292070155
9/17/2019 14:00,0.849067827,0.279075099
9/17/2019 15:00,0.754655603,0.248043302
9/17/2019 16:00,0.67491769,0.221834717
9/17/2019 17:00,0.537635379,0.176712203
9/17/2019 18:00,0.324406156,0.106627147
9/17/2019 19:00,0.218505311,0.071819223
9/17/2019 20:00,0.145446524,0.047805961
9/17/2019 21:00,0.08861987,0.029127943
9/17/2019 22:00,0.029969276,0.009850425
9/17/2019 23:00,0,0
9/18/2019 0:00,0,0
9/18/2019 1:00,0,0
9/18/2019 2:00,0,0
9/18/2019 3:00,0,0
9/18/2019 4:00,0,0
9/18/2019 5:00,0,0
9/18/2019 6:00,0,0
9/18/2019 7:00,0.008952848,0.002942659
9/18/2019 8:00,0.024600827,0.008085901
9/18/2019 9:00,0.056181081,0.018465828
9/18/2019 10:00,0.110272853,0.036244934
9/18/2019 11:00,0.115434168,0.037941376
9/18/2019 12:00,0.106176097,0.034898395
9/18/2019 13:00,0.113393291,0.037270572
9/18/2019 14:00,0.096459483,0.031704699
9/18/2019 15:00,0.089947275,0.02956424
9/18/2019 16:00,0.0989127,0.032511032
9/18/2019 17:00,0.1384842,0.045517555
9/18/2019 18:00,0.118323795,0.038891151
9/18/2019 19:00,0.168835355,0.055493497
9/18/2019 20:00,0.205305052,0.067480507
9/18/2019 21:00,0.275343194,0.090500931
9/18/2019 22:00,0.404828016,0.133060534
9/18/2019 23:00,0.519420751,0.170725345
9/19/2019 0:00,0.649159096,0.213368277
9/19/2019 1:00,0.604972536,0.198844857
9/19/2019 2:00,0.3744225,0.123066724
9/19/2019 3:00,0.370032162,0.12162369
9/19/2019 4:00,0.616255766,0.202553475
9/19/2019 5:00,0.648171893,0.213043799
9/19/2019 6:00,0.637799388,0.209634521
9/19/2019 7:00,0.789381161,0.25945704
9/19/2019 8:00,0.878180049,0.288643824
9/19/2019 9:00,0.952224787,0.312981152
9/19/2019 10:00,1.048126418,0.344502494
9/19/2019 11:00,0.986343451,0.324195415
9/19/2019 12:00,1.026055306,0.33724807
9/19/2019 13:00,1.049727168,0.345028635
9/19/2019 14:00,1.035059537,0.340207618
9/19/2019 15:00,1.023292365,0.336339935
9/19/2019 16:00,1.03357901,0.339720992
9/19/2019 17:00,1.077521598,0.354164222
9/19/2019 18:00,1.104706281,0.363099395
9/19/2019 19:00,1.016855885,0.334224367
9/19/2019 20:00,0.896319648,0.294606022
9/19/2019 21:00,0.854673724,0.280917668
9/19/2019 22:00,0.802632088,0.263812409
9/19/2019 23:00,0.77114942,0.253464557
9/20/2019 0:00,0.721044335,0.236995812
9/20/2019 1:00,0.617999848,0.203126727
9/20/2019 2:00,0.433315972,0.142424073
9/20/2019 3:00,0.289676338,0.095212008
9/20/2019 4:00,0.205617493,0.067583202
9/20/2019 5:00,0.156137436,0.051319893
9/20/2019 6:00,0.11613463,0.038171607
9/20/2019 7:00,0.104452143,0.034331759
9/20/2019 8:00,0.119465843,0.039266524
9/20/2019 9:00,0.153376088,0.050412282
9/20/2019 10:00,0.184410937,0.060612944
9/20/2019 11:00,0.216984392,0.071319321
9/20/2019 12:00,0.209276218,0.068785766
9/20/2019 13:00,0.181995924,0.059819167
9/20/2019 14:00,0.176186334,0.057909647
9/20/2019 15:00,0.167029978,0.054900099
9/20/2019 16:00,0.159298009,0.052358723
9/20/2019 17:00,0.174992216,0.05751716
9/20/2019 18:00,0.20947629,0.068851527
9/20/2019 19:00,0.26890671,0.088385361
9/20/2019 20:00,0.340308761,0.111854081
9/20/2019 21:00,0.393912541,0.129472791
9/20/2019 22:00,0.465954034,0.153151685
9/20/2019 23:00,0.741121342,0.243594805
9/21/2019 0:00,0.936807872,0.307913857
9/21/2019 1:00,1.038876557,0.341462212
9/21/2019 2:00,1.103952879,0.362851764
9/21/2019 3:00,1.158711912,0.380850188
9/21/2019 4:00,1.213089398,0.398723203
9/21/2019 5:00,1.221004272,0.401324696
9/21/2019 6:00,1.211945769,0.398347311
9/21/2019 7:00,1.223882967,0.402270878
9/21/2019 8:00,1.256435604,0.412970412
9/21/2019 9:00,1.286116816,0.422726155
9/21/2019 10:00,1.29,0.424002496
9/21/2019 11:00,1.29,0.424002496
9/21/2019 12:00,1.288964788,0.423662238
9/21/2019 13:00,1.286225679,0.422761936
9/21/2019 14:00,1.281472213,0.421199548
9/21/2019 15:00,1.281702311,0.421275177
9/21/2019 16:00,1.285641367,0.422569882
9/21/2019 17:00,1.27877689,0.420313638
9/21/2019 18:00,1.274009955,0.418746822
9/21/2019 19:00,1.277043365,0.419743856
9/21/2019 20:00,1.285328908,0.422467182
9/21/2019 21:00,1.288486808,0.423505134
9/21/2019 22:00,1.280975986,0.421036446
9/21/2019 23:00,1.27974939,0.420633283
9/22/2019 0:00,1.287802796,0.42328031
9/22/2019 1:00,1.29,0.424002496
9/22/2019 2:00,1.29,0.424002496
9/22/2019 3:00,1.288832378,0.423618717
9/22/2019 4:00,1.288374626,0.423468261
9/22/2019 5:00,1.287901593,0.423312783
9/22/2019 6:00,1.284453253,0.422179368
9/22/2019 7:00,1.276919847,0.419703257
9/22/2019 8:00,1.27462986,0.418950575
9/22/2019 9:00,1.275324578,0.419178918
9/22/2019 10:00,1.263494785,0.415290653
9/22/2019 11:00,1.267194233,0.416506603
9/22/2019 12:00,1.255610375,0.412699172
9/22/2019 13:00,1.263905867,0.415425769
9/22/2019 14:00,1.271476015,0.417913956
9/22/2019 15:00,1.274297233,0.418841246
9/22/2019 16:00,1.268084404,0.416799188
9/22/2019 17:00,1.247701642,0.410099698
9/22/2019 18:00,1.234935554,0.405903687
9/22/2019 19:00,1.215531316,0.399525823
9/22/2019 20:00,1.19153667,0.391639164
9/22/2019 21:00,1.183880052,0.389122555
9/22/2019 22:00,1.143128179,0.375728063
9/22/2019 23:00,1.181321708,0.388281668
9/23/2019 0:00,1.157921606,0.380590427
9/23/2019 1:00,1.152607248,0.378843682
9/23/2019 2:00,1.1979345,0.393742029
9/23/2019 3:00,1.218907795,0.400635618
9/23/2019 4:00,1.229863401,0.404236551
9/23/2019 5:00,1.175018987,0.386210064
9/23/2019 6:00,1.144317036,0.376118821
9/23/2019 7:00,1.154490361,0.379462631
9/23/2019 8:00,1.161132514,0.381645801
9/23/2019 9:00,1.143092979,0.375716493
9/23/2019 10:00,1.181042973,0.388190053
9/23/2019 11:00,1.183690517,0.389060258
9/23/2019 12:00,1.14382273,0.37595635
9/23/2019 13:00,1.111059445,0.365187579
9/23/2019 14:00,1.080693194,0.355206675
9/23/2019 15:00,1.075377334,0.353459437
9/23/2019 16:00,1.130757711,0.371662086
9/23/2019 17:00,1.205507801,0.396231253
9/23/2019 18:00,1.239591522,0.40743403
9/23/2019 19:00,1.249420667,0.410664714
9/23/2019 20:00,1.237854276,0.406863025
9/23/2019 21:00,1.190093147,0.391164701
9/23/2019 22:00,1.138028617,0.374051918
9/23/2019 23:00,1.092678884,0.359146181
9/24/2019 0:00,1.084858859,0.356575863
9/24/2019 1:00,1.074390715,0.353135151
9/24/2019 2:00,1.12582523,0.370040858
9/24/2019 3:00,1.205222688,0.396137541
9/24/2019 4:00,1.255855417,0.412779714
9/24/2019 5:00,1.283448365,0.421849077
9/24/2019 6:00,1.288778434,0.423600986
9/24/2019 7:00,1.29,0.424002496
9/24/2019 8:00,1.29,0.424002496
9/24/2019 9:00,1.29,0.424002496
9/24/2019 10:00,1.288343747,0.423458112
9/24/2019 11:00,1.277708628,0.419962517
9/24/2019 12:00,1.25731861,0.413260642
9/24/2019 13:00,1.191003727,0.391463994
9/24/2019 14:00,1.102449875,0.362357751
9/24/2019 15:00,1.12179549,0.368716347
9/24/2019 16:00,1.078635114,0.354530217
9/24/2019 17:00,1.011088362,0.332328673
9/24/2019 18:00,0.948739433,0.311835571
9/24/2019 19:00,0.957518327,0.314721055
9/24/2019 20:00,1.022482526,0.336073754
9/24/2019 21:00,1.075694506,0.353563686
9/24/2019 22:00,1.138286921,0.374136818
9/24/2019 23:00,1.226594896,0.403162246
9/25/2019 0:00,1.231986663,0.404934434
9/25/2019 1:00,1.184983123,0.389485117
9/25/2019 2:00,1.222036482,0.401663968
9/25/2019 3:00,1.234498571,0.405760058
9/25/2019 4:00,1.230934869,0.404588726
9/25/2019 5:00,1.270898048,0.417723988
9/25/2019 6:00,1.2876124,0.42321773
9/25/2019 7:00,1.289920488,0.423976361
9/25/2019 8:00,1.29,0.424002496
9/25/2019 9:00,1.29,0.424002496
9/25/2019 10:00,1.29,0.424002496
9/25/2019 11:00,1.287979958,0.42333854
9/25/2019 12:00,1.276227635,0.419475738
9/25/2019 13:00,1.270047881,0.417444551
9/25/2019 14:00,1.287342315,0.423128957
9/25/2019 15:00,1.289786288,0.423932252
9/25/2019 16:00,1.29,0.424002496
9/25/2019 17:00,1.29,0.424002496
9/25/2019 18:00,1.29,0.424002496
9/25/2019 19:00,1.29,0.424002496
9/25/2019 20:00,1.288982518,0.423668065
9/25/2019 21:00,1.28542198,0.422497773
9/25/2019 22:00,1.286839048,0.422963541
9/25/2019 23:00,1.281806612,0.421309459
9/26/2019 0:00,1.279306287,0.420487642
9/26/2019 1:00,1.274258492,0.418828512
9/26/2019 2:00,1.274760884,0.418993641
9/26/2019 3:00,1.272368635,0.418207346
9/26/2019 4:00,1.273464016,0.418567381
9/26/2019 5:00,1.273236348,0.41849255
9/26/2019 6:00,1.265881946,0.416075275
9/26/2019 7:00,1.261212135,0.414540382
9/26/2019 8:00,1.278597841,0.420254787
9/26/2019 9:00,1.29,0.424002496
9/26/2019 10:00,1.250540185,0.411032682
9/26/2019 11:00,1.287895224,0.423310689
9/26/2019 12:00,1.29,0.424002496
9/26/2019 13:00,1.262911108,0.415098808
9/26/2019 14:00,0.924721624,0.3039413
9/26/2019 15:00,0.315933936,0.103842463
9/26/2019 16:00,0.128896917,0.042366368
9/26/2019 17:00,0.052602427,0.017289582
9/26/2019 18:00,0,0
9/26/2019 19:00,0,0
9/26/2019 20:00,0,0
9/26/2019 21:00,0,0
9/26/2019 22:00,0.021983013,0.007225467
9/26/2019 23:00,0.021792994,0.007163011
9/27/2019 0:00,0.008716611,0.002865011
9/27/2019 1:00,0.007716343,0.002536239
9/27/2019 2:00,0.008104623,0.002663861
9/27/2019 3:00,0.009761701,0.003208516
9/27/2019 4:00,0.025324042,0.00832361
9/27/2019 5:00,0.038878571,0.012778768
9/27/2019 6:00,0.042148216,0.013853449
9/27/2019 7:00,0.051624334,0.016968098
9/27/2019 8:00,0.056152951,0.018456583
9/27/2019 9:00,0.044447767,0.014609275
9/27/2019 10:00,0.045348826,0.014905438
9/27/2019 11:00,0.055049725,0.01809397
9/27/2019 12:00,0.070683887,0.02323267
9/27/2019 13:00,0.043537128,0.014309962
9/27/2019 14:00,0.009877204,0.00324648
9/27/2019 15:00,0.008020225,0.002636121
9/27/2019 16:00,0,0
9/27/2019 17:00,0,0
9/27/2019 18:00,0.010641878,0.003497816
9/27/2019 19:00,0.016087064,0.005287562
9/27/2019 20:00,0.008202372,0.002695989
9/27/2019 21:00,0,0
9/27/2019 22:00,0,0
9/27/2019 23:00,0.007589483,0.002494542
9/28/2019 0:00,0,0
9/28/2019 1:00,0,0
9/28/2019 2:00,0,0
9/28/2019 3:00,0.009991899,0.003284178
9/28/2019 4:00,0.036511823,0.012000856
9/28/2019 5:00,0.072733982,0.023906504
9/28/2019 6:00,0.080395687,0.026424784
9/28/2019 7:00,0.074732788,0.024563479
9/28/2019 8:00,0.06557922,0.021554847
9/28/2019 9:00,0.084645205,0.027821534
9/28/2019 10:00,0.183117759,0.060187897
9/28/2019 11:00,0.171600966,0.05640251
9/28/2019 12:00,0.124796538,0.041018639
9/28/2019 13:00,0.066636106,0.021902229
9/28/2019 14:00,0.021458378,0.007053028
9/28/2019 15:00,0.01444168,0.004746751
9/28/2019 16:00,0.008072731,0.002653378
9/28/2019 17:00,0,0
9/28/2019 18:00,0.007379925,0.002425664
9/28/2019 19:00,0.035376371,0.011627651
9/28/2019 20:00,0.082940189,0.027261122
9/28/2019 21:00,0.065266849,0.021452176
9/28/2019 22:00,0.039241646,0.012898105
9/28/2019 23:00,0.009517016,0.003128092
9/29/2019 0:00,0.007759381,0.002550385
9/29/2019 1:00,0.008177289,0.002687745
9/29/2019 2:00,0.02152487,0.007074883
9/29/2019 3:00,0.091969089,0.030228778
9/29/2019 4:00,0.141064636,0.046365704
9/29/2019 5:00,0.199205777,0.065475772
9/29/2019 6:00,0.286856013,0.094285012
9/29/2019 7:00,0.496719025,0.163263648
9/29/2019 8:00,0.62894368,0.206723791
9/29/2019 9:00,0.50435031,0.16577193
9/29/2019 10:00,0.249879571,0.082131443
9/29/2019 11:00,0.171203203,0.056271772
9/29/2019 12:00,0.155709391,0.051179202
9/29/2019 13:00,0.192866864,0.063392273
9/29/2019 14:00,0.243971294,0.080189486
9/29/2019 15:00,0.322796936,0.106098222
9/29/2019 16:00,0.371411574,0.122077081
9/29/2019 17:00,0.414251637,0.136157929
9/29/2019 18:00,0.428347849,0.14079113
9/29/2019 19:00,0.414607644,0.136274943
9/29/2019 20:00,0.515453703,0.169421439
9/29/2019 21:00,0.700732888,0.230319762
9/29/2019 22:00,1.003099366,0.329702817
9/29/2019 23:00,1.074363268,0.353126129
9/30/2019 0:00,1.079963043,0.354966686
9/30/2019 1:00,1.048681874,0.344685064
9/30/2019 2:00,1.058437603,0.347891616
9/30/2019 3:00,1.063031952,0.349401706
9/30/2019 4:00,1.029100298,0.338248911
9/30/2019 5:00,0.98710023,0.324444156
9/30/2019 6:00,0.935625573,0.307525254
9/30/2019 7:00,0.883828342,0.290500328
9/30/2019 8:00,0.872685389,0.286837816
9/30/2019 9:00,0.838040116,0.275450466
9/30/2019 10:00,0.901841629,0.296421009
9/30/2019 11:00,0.776386716,0.255185973
9/30/2019 12:00,0.632560238,0.207912496
9/30/2019 13:00,0.540549549,0.177670045
9/30/2019 14:00,0.566636682,0.186244471
9/30/2019 15:00,0.649878052,0.213604586
9/30/2019 16:00,0.595908001,0.195865488
9/30/2019 17:00,0.504836045,0.165931584
9/30/2019 18:00,0.427276071,0.140438853
9/30/2019 19:00,0.313537213,0.103054698
9/30/2019 20:00,0.214535134,0.070514289
9/30/2019 21:00,0.199808808,0.065673979
9/30/2019 22:00,0.362539095,0.119160838
9/30/2019 23:00,0.50851737,0.167141577
10/01/2019 00:00,0.47940868,0.157574013
10/01/2019 01:00,0.442891809,0.145571498
10/01/2019 02:00,0.579150142,0.190357446
10/01/2019 03:00,0.707325891,0.232486778
10/01/2019 04:00,0.817554066,0.268717027
10/01/2019 05:00,0.88593972,0.291194304
10/01/2019 06:00,0.90546553,0.297612128
10/01/2019 07:00,0.921556994,0.302901136
10/01/2019 08:00,0.932707157,0.306566017
10/01/2019 09:00,0.95731398,0.314653889
10/01/2019 10:00,1.00521993,0.330399813
10/01/2019 11:00,0.992172959,0.326111481
10/01/2019 12:00,1.001114188,0.329050321
10/01/2019 13:00,0.985349499,0.323868718
10/01/2019 14:00,1.037615173,0.341047614
10/01/2019 15:00,1.093749532,0.359498086
10/01/2019 16:00,1.145082619,0.376370456
10/01/2019 17:00,1.15777547,0.380542394
10/01/2019 18:00,1.156752343,0.380206109
10/01/2019 19:00,1.188090732,0.390506539
10/01/2019 20:00,1.265619921,0.415989151
10/01/2019 21:00,1.287150182,0.423065806
10/01/2019 22:00,1.29,0.424002496
10/01/2019 23:00,1.286053461,0.422705331
10/02/2019 00:00,1.285850742,0.422638701
10/02/2019 01:00,1.273902174,0.418711396
10/02/2019 02:00,1.271388111,0.417885064
10/02/2019 03:00,1.263410293,0.415262882
10/02/2019 04:00,1.275931828,0.419378511
10/02/2019 05:00,1.29,0.424002496
10/02/2019 06:00,1.29,0.424002496
10/02/2019 07:00,1.284806923,0.422295614
10/02/2019 08:00,1.255698412,0.412728109
10/02/2019 09:00,1.201846846,0.395027955
10/02/2019 10:00,1.204390161,0.395863902
10/02/2019 11:00,1.140735735,0.374941704
10/02/2019 12:00,1.084805642,0.356558372
10/02/2019 13:00,1.094554307,0.359762603
10/02/2019 14:00,1.108602203,0.364379923
10/02/2019 15:00,1.051225968,0.345521267
10/02/2019 16:00,0.977302993,0.32122396
10/02/2019 17:00,0.918102251,0.301765617
10/02/2019 18:00,0.868326168,0.28540501
10/02/2019 19:00,0.821700695,0.270079958
10/02/2019 20:00,0.744867842,0.24482622
10/02/2019 21:00,0.682678144,0.224385455
10/02/2019 22:00,0.514042418,0.168957572
10/02/2019 23:00,0.347617885,0.114256473
10/03/2019 00:00,0.317938216,0.104501238
10/03/2019 01:00,0.257573483,0.08466031
10/03/2019 02:00,0.193232371,0.063512409
10/03/2019 03:00,0.182551289,0.060001707
10/03/2019 04:00,0.166961391,0.054877555
10/03/2019 05:00,0.138411005,0.045493497
10/03/2019 06:00,0.133824819,0.043986091
10/03/2019 07:00,0.160706939,0.052821816
10/03/2019 08:00,0.22375562,0.073544916
10/03/2019 09:00,0.288324088,0.094767545
10/03/2019 10:00,0.339258843,0.111508989
10/03/2019 11:00,0.453237576,0.148971987
10/03/2019 12:00,0.46487286,0.15279632
10/03/2019 13:00,0.49801989,0.163691222
10/03/2019 14:00,0.669383034,0.220015564
10/03/2019 15:00,0.839744578,0.276010695
10/03/2019 16:00,0.92891245,0.305318758
10/03/2019 17:00,1.020729441,0.335497543
10/03/2019 18:00,1.088644372,0.357820101
10/03/2019 19:00,1.084143525,0.356340745
10/03/2019 20:00,1.109819789,0.364780124
10/03/2019 21:00,1.111993103,0.365494458
10/03/2019 22:00,1.164623487,0.382793229
10/03/2019 23:00,1.190628215,0.391340569
10/04/2019 00:00,1.165051136,0.38293379
10/04/2019 01:00,1.151677964,0.378538241
10/04/2019 02:00,1.128092597,0.370786106
10/04/2019 03:00,1.079720526,0.354886975
10/04/2019 04:00,0.99070538,0.325629111
10/04/2019 05:00,0.904414058,0.297266525
10/04/2019 06:00,0.798434836,0.26243284
10/04/2019 07:00,0.801220397,0.263348409
10/04/2019 08:00,0.812062348,0.266911986
10/04/2019 09:00,0.772326024,0.253851288
10/04/2019 10:00,0.779608235,0.256244835
10/04/2019 11:00,0.491537885,0.16156069
10/04/2019 12:00,0.328924875,0.108112378
10/04/2019 13:00,0.320964325,0.105495872
10/04/2019 14:00,0.294140705,0.096679375
10/04/2019 15:00,0.226953507,0.07459601
10/04/2019 16:00,0.298978025,0.098269325
10/04/2019 17:00,0.371016726,0.121947301
10/04/2019 18:00,0.513518426,0.168785344
10/04/2019 19:00,0.586660325,0.192825924
10/04/2019 20:00,0.455130726,0.149594235
10/04/2019 21:00,0.355549573,0.116863493
10/04/2019 22:00,0.516876672,0.169889146
10/04/2019 23:00,0.414385712,0.136201997
10/05/2019 00:00,0.350498862,0.115203405
10/05/2019 01:00,0.462171563,0.151908446
10/05/2019 02:00,0.579895998,0.190602597
10/05/2019 03:00,0.69272699,0.227688351
10/05/2019 04:00,0.848108598,0.278759816
10/05/2019 05:00,0.970786862,0.319082211
10/05/2019 06:00,1.120120085,0.368165668
10/05/2019 07:00,1.216856925,0.39996153
10/05/2019 08:00,1.261628307,0.414677171
10/05/2019 09:00,1.285980372,0.422681308
10/05/2019 10:00,1.29,0.424002496
10/05/2019 11:00,1.29,0.424002496
10/05/2019 12:00,1.288154651,0.423395959
10/05/2019 13:00,1.277972592,0.420049278
10/05/2019 14:00,1.274748472,0.418989561
10/05/2019 15:00,1.273063191,0.418435636
10/05/2019 16:00,1.264592428,0.41565143
10/05/2019 17:00,1.258562705,0.413669557
10/05/2019 18:00,1.255926338,0.412803025
10/05/2019 19:00,1.256681411,0.413051205
10/05/2019 20:00,1.246866259,0.409825121
10/05/2019 21:00,1.247910886,0.410168473
10/05/2019 22:00,1.254973499,0.412489841
10/05/2019 23:00,1.262868364,0.415084758
10/06/2019 00:00,1.268900496,0.417067424
10/06/2019 01:00,1.285489581,0.422519993
10/06/2019 02:00,1.281454892,0.421193854
10/06/2019 03:00,1.277944789,0.420040139
10/06/2019 04:00,1.269976032,0.417420936
10/06/2019 05:00,1.27329259,0.418511036
10/06/2019 06:00,1.289098023,0.42370603
10/06/2019 07:00,1.29,0.424002496
10/06/2019 08:00,1.29,0.424002496
10/06/2019 09:00,1.29,0.424002496
10/06/2019 10:00,1.27465181,0.418957789
10/06/2019 11:00,1.273227353,0.418489593
10/06/2019 12:00,1.281781174,0.421301098
10/06/2019 13:00,1.267204773,0.416510067
10/06/2019 14:00,1.274908584,0.419042187
10/06/2019 15:00,1.288013519,0.423349571
10/06/2019 16:00,1.29,0.424002496
10/06/2019 17:00,1.287517628,0.423186579
10/06/2019 18:00,1.282082687,0.421400201
10/06/2019 19:00,1.284864803,0.422314638
10/06/2019 20:00,1.289473887,0.423829571
10/06/2019 21:00,1.29,0.424002496
10/06/2019 22:00,1.272048521,0.41810213
10/06/2019 23:00,1.269452502,0.41724886
10/07/2019 00:00,1.275064843,0.419093547
10/07/2019 01:00,1.262367078,0.414919993
10/07/2019 02:00,1.227770822,0.403548754
10/07/2019 03:00,1.189658068,0.391021698
10/07/2019 04:00,1.173075125,0.385571148
10/07/2019 05:00,0,0
10/07/2019 06:00,0,0
10/07/2019 07:00,0,0
10/07/2019 08:00,0,0
10/07/2019 09:00,0,0
10/07/2019 10:00,1.175022981,0.386211377
10/07/2019 11:00,1.233473988,0.405423294
10/07/2019 12:00,1.24271375,0.408460257
10/07/2019 13:00,1.238760631,0.40716093
10/07/2019 14:00,1.274992891,0.419069898
10/07/2019 15:00,1.276302877,0.419500469
10/07/2019 16:00,1.049623515,0.344994566
10/07/2019 17:00,0.905116191,0.297497305
10/07/2019 18:00,0.855609183,0.281225139
10/07/2019 19:00,0.946336142,0.311045648
10/07/2019 20:00,1.131443871,0.371887616
10/07/2019 21:00,1.219637544,0.400875475
10/07/2019 22:00,1.185600555,0.389688057
10/07/2019 23:00,1.129527836,0.371257846
10/08/2019 00:00,1.108307159,0.364282947
10/08/2019 01:00,1.076620665,0.3538681
10/08/2019 02:00,1.054004543,0.34643454
10/08/2019 03:00,1.05243758,0.345919504
10/08/2019 04:00,1.081824703,0.355578585
10/08/2019 05:00,1.103975147,0.362859083
10/08/2019 06:00,1.141944076,0.375338867
10/08/2019 07:00,1.157155566,0.380338642
10/08/2019 08:00,1.131988302,0.372066562
10/08/2019 09:00,1.155949984,0.379942386
10/08/2019 10:00,1.14806941,0.377352167
10/08/2019 11:00,1.210228956,0.397783022
10/08/2019 12:00,1.241577283,0.408086718
10/08/2019 13:00,1.237340452,0.406694139
10/08/2019 14:00,1.118284225,0.36756225
10/08/2019 15:00,0.979848231,0.322060539
10/08/2019 16:00,0.96497982,0.317173529
10/08/2019 17:00,0.969529493,0.318668934
10/08/2019 18:00,0.94888564,0.311883628
10/08/2019 19:00,0.929340802,0.30545955
10/08/2019 20:00,0.956085458,0.314250093
10/08/2019 21:00,0.953105987,0.313270788
10/08/2019 22:00,0.956393474,0.314351333
10/08/2019 23:00,1.024412566,0.336708128
10/09/2019 00:00,1.096877351,0.36052615
10/09/2019 01:00,1.127931699,0.370733221
10/09/2019 02:00,1.192329401,0.391899722
10/09/2019 03:00,1.203442138,0.395552302
10/09/2019 04:00,1.176696094,0.386761303
10/09/2019 05:00,1.148934593,0.377636539
10/09/2019 06:00,1.202255233,0.395162185
10/09/2019 07:00,1.208382535,0.397176132
10/09/2019 08:00,1.240782624,0.407825526
10/09/2019 09:00,1.270872044,0.417715441
10/09/2019 10:00,1.252275453,0.411603037
10/09/2019 11:00,1.269784617,0.41735802
10/09/2019 12:00,1.288026714,0.423353908
10/09/2019 13:00,1.287979621,0.423338429
10/09/2019 14:00,1.288849163,0.423624234
10/09/2019 15:00,1.287947588,0.4233279
10/09/2019 16:00,1.286232445,0.42276416
10/09/2019 17:00,1.287607853,0.423216235
10/09/2019 18:00,1.29,0.424002496
10/09/2019 19:00,1.29,0.424002496
10/09/2019 20:00,1.29,0.424002496
10/09/2019 21:00,1.289270958,0.423762871
10/09/2019 22:00,1.269045217,0.417114992
10/09/2019 23:00,1.283716851,0.421937324
10/10/2019 00:00,1.288016116,0.423350424
10/10/2019 01:00,1.29,0.424002496
10/10/2019 02:00,1.29,0.424002496
10/10/2019 03:00,1.289119143,0.423712972
10/10/2019 04:00,1.29,0.424002496
10/10/2019 05:00,1.285791169,0.42261912
10/10/2019 06:00,1.273118266,0.418453738
10/10/2019 07:00,1.280928566,0.42102086
10/10/2019 08:00,1.288647531,0.423557961
10/10/2019 09:00,1.289195838,0.423738181
10/10/2019 10:00,1.279111671,0.420423675
10/10/2019 11:00,1.271087647,0.417786306
10/10/2019 12:00,1.272151062,0.418135833
10/10/2019 13:00,1.209973458,0.397699043
10/10/2019 14:00,1.052405566,0.345908982
10/10/2019 15:00,0.847763818,0.278646492
10/10/2019 16:00,0.492577835,0.161902505
10/10/2019 17:00,0.168922255,0.05552206
10/10/2019 18:00,0.017625394,0.005793187
10/10/2019 19:00,0,0
10/10/2019 20:00,0,0
10/10/2019 21:00,0.025024388,0.008225119
10/10/2019 22:00,0.140221426,0.046088554
10/10/2019 23:00,0.181615725,0.059694202
10/11/2019 00:00,0.183314093,0.060252429
10/11/2019 01:00,0.112894166,0.037106518
10/11/2019 02:00,0.053844722,0.017697904
10/11/2019 03:00,0.040939599,0.013456196
10/11/2019 04:00,0.048678182,0.015999745
10/11/2019 05:00,0.113626241,0.037347139
10/11/2019 06:00,0.180215051,0.059233823
10/11/2019 07:00,0.196138775,0.064467698
10/11/2019 08:00,0.203394431,0.066852517
10/11/2019 09:00,0.277473918,0.091201266
10/11/2019 10:00,0.235459693,0.077391859
10/11/2019 11:00,0.193657223,0.063652051
10/11/2019 12:00,0.16199147,0.053244021
10/11/2019 13:00,0.098057848,0.032230056
10/11/2019 14:00,0.039209226,0.012887449
10/11/2019 15:00,0.008693359,0.002857369
10/11/2019 16:00,0.01088533,0.003577835
10/11/2019 17:00,0.018300181,0.006014979
10/11/2019 18:00,0.047536439,0.015624472
10/11/2019 19:00,0.116876358,0.038415401
10/11/2019 20:00,0.210830774,0.069296724
10/11/2019 21:00,0.353105479,0.116060158
10/11/2019 22:00,0.469135323,0.154197324
10/11/2019 23:00,0.436496189,0.143469359
10/12/2019 00:00,0.309087974,0.101592304
10/12/2019 01:00,0.200185772,0.065797881
10/12/2019 02:00,0.137877976,0.045318299
10/12/2019 03:00,0.08144772,0.026770571
10/12/2019 04:00,0.083005762,0.027282675
10/12/2019 05:00,0.090344487,0.029694797
10/12/2019 06:00,0.077636531,0.025517894
10/12/2019 07:00,0.055526661,0.018250731
10/12/2019 08:00,0.015813687,0.005197708
10/12/2019 09:00,0,0
10/12/2019 10:00,0.019262194,0.006331177
10/12/2019 11:00,0.040875598,0.013435159
10/12/2019 12:00,0.08106877,0.026646016
10/12/2019 13:00,0.061013612,0.020054204
10/12/2019 14:00,0.018347527,0.00603054
10/12/2019 15:00,0,0
10/12/2019 16:00,0,0
10/12/2019 17:00,0,0
10/12/2019 18:00,0,0
10/12/2019 19:00,0,0
10/12/2019 20:00,0,0
10/12/2019 21:00,0,0
10/12/2019 22:00,0,0
10/12/2019 23:00,0,0
10/13/2019 0:00,0,0
10/13/2019 1:00,0,0
10/13/2019 2:00,0.009343641,0.003071106
10/13/2019 3:00,0.02476434,0.008139645
10/13/2019 4:00,0.028462646,0.009355219
10/13/2019 5:00,0.022982874,0.007554105
10/13/2019 6:00,0.012615239,0.004146429
10/13/2019 7:00,0.007617966,0.002503904
10/13/2019 8:00,0,0
10/13/2019 9:00,0.008235959,0.002707029
10/13/2019 10:00,0,0
10/13/2019 11:00,0,0
10/13/2019 12:00,0.00948216,0.003116635
10/13/2019 13:00,0.009723637,0.003196005
10/13/2019 14:00,0.009792866,0.003218759
10/13/2019 15:00,0.017347547,0.005701863
10/13/2019 16:00,0.022378418,0.00735543
10/13/2019 17:00,0.023549085,0.00774021
10/13/2019 18:00,0.029285804,0.009625778
10/13/2019 19:00,0.017126592,0.005629239
10/13/2019 20:00,0.007978846,0.00262252
10/13/2019 21:00,0,0
10/13/2019 22:00,0,0
10/13/2019 23:00,0,0
10/14/2019 0:00,0,0
10/14/2019 1:00,0,0
10/14/2019 2:00,0,0
10/14/2019 3:00,0,0
10/14/2019 4:00,0,0
10/14/2019 5:00,0,0
10/14/2019 6:00,0,0
10/14/2019 7:00,0,0
10/14/2019 8:00,0.008658713,0.002845981
10/14/2019 9:00,0.013885587,0.004563972
10/14/2019 10:00,0.023096684,0.007591513
10/14/2019 11:00,0.044070434,0.014485251
10/14/2019 12:00,0.070442007,0.023153168
10/14/2019 13:00,0.086311378,0.028369178
10/14/2019 14:00,0.063590472,0.020901177
10/14/2019 15:00,0.034917389,0.011476791
10/14/2019 16:00,0.032958686,0.010832996
10/14/2019 17:00,0.013806081,0.004537839
10/14/2019 18:00,0.008280629,0.002721711
10/14/2019 19:00,0.009098893,0.002990661
10/14/2019 20:00,0.017424336,0.005727102
10/14/2019 21:00,0.01413811,0.004646972
10/14/2019 22:00,0.101346508,0.033310986
10/14/2019 23:00,0.103927499,0.034159317
10/15/2019 0:00,0.114498468,0.037633826
10/15/2019 1:00,0.132101478,0.043419656
10/15/2019 2:00,0.186102668,0.061168989
10/15/2019 3:00,0.209631099,0.06890241
10/15/2019 4:00,0.27428836,0.090154224
10/15/2019 5:00,0.551560769,0.181289258
10/15/2019 6:00,0.576478312,0.189479258
10/15/2019 7:00,0.611290233,0.200921383
10/15/2019 8:00,0.643702733,0.211574857
10/15/2019 9:00,0.691421689,0.227259319
10/15/2019 10:00,0.729232476,0.239687124
10/15/2019 11:00,0.823572586,0.270695218
10/15/2019 12:00,0.792069315,0.260340594
10/15/2019 13:00,0.658098272,0.216306442
10/15/2019 14:00,0.57498789,0.18898938
10/15/2019 15:00,0.54255464,0.178329086
10/15/2019 16:00,0.598409184,0.196687587
10/15/2019 17:00,0.62929274,0.206838521
10/15/2019 18:00,0.542694714,0.178375126
10/15/2019 19:00,0.530291292,0.174298319
10/15/2019 20:00,0.637425374,0.209511589
10/15/2019 21:00,0.631488712,0.207560302
10/15/2019 22:00,0.44486175,0.146218986
10/15/2019 23:00,0.349060787,0.114730732
10/16/2019 0:00,0.365240282,0.120048675
10/16/2019 1:00,0.298994461,0.098274727
10/16/2019 2:00,0.146475555,0.048144187
10/16/2019 3:00,0.033586511,0.011039352
10/16/2019 4:00,0.009893402,0.003251804
10/16/2019 5:00,0.019424724,0.006384598
10/16/2019 6:00,0.091825199,0.030181483
10/16/2019 7:00,0.10316039,0.033907181
10/16/2019 8:00,0.180554689,0.059345456
10/16/2019 9:00,0.624977194,0.20542007
10/16/2019 10:00,0.864669019,0.284202963
10/16/2019 11:00,0.944187208,0.310339328
10/16/2019 12:00,0.939146061,0.308682383
10/16/2019 13:00,0.725373998,0.238418903
10/16/2019 14:00,0.367581064,0.120818053
10/16/2019 15:00,0.1724802,0.0566915
10/16/2019 16:00,0.129357143,0.042517637
10/16/2019 17:00,0.1701168,0.055914688
10/16/2019 18:00,0.180515544,0.05933259
10/16/2019 19:00,0.145279468,0.047751052
10/16/2019 20:00,0.112520471,0.03698369
10/16/2019 21:00,0.101781993,0.033454123
10/16/2019 22:00,0.039912633,0.013118648
10/16/2019 23:00,0.069104839,0.022713662
10/17/2019 0:00,0.086252479,0.028349819
10/17/2019 1:00,0.07812536,0.025678564
10/17/2019 2:00,0.075686416,0.024876922
10/17/2019 3:00,0.064477798,0.021192827
10/17/2019 4:00,0.029102573,0.009565553
10/17/2019 5:00,0.00929218,0.003054192
10/17/2019 6:00,0,0
10/17/2019 7:00,0,0
10/17/2019 8:00,0,0
10/17/2019 9:00,0,0
10/17/2019 10:00,0.015903472,0.005227218
10/17/2019 11:00,0.05501266,0.018081787
10/17/2019 12:00,0.057942198,0.019044679
10/17/2019 13:00,0.03854798,0.012670108
10/17/2019 14:00,0.057578413,0.018925109
10/17/2019 15:00,0.097235873,0.031959886
10/17/2019 16:00,0.144533671,0.04750592
10/17/2019 17:00,0.167362383,0.055009355
10/17/2019 18:00,0.167568476,0.055077095
10/17/2019 19:00,0.175168957,0.057575252
10/17/2019 20:00,0.184250053,0.060560064
10/17/2019 21:00,0.154967218,0.050935261
10/17/2019 22:00,0.17103952,0.056217972
10/17/2019 23:00,0.178375495,0.05862919
10/18/2019 0:00,0.226994845,0.074609598
10/18/2019 1:00,0.310326219,0.101999296
10/18/2019 2:00,0.340218607,0.111824448
10/18/2019 3:00,0.327181458,0.107539345
10/18/2019 4:00,0.35454805,0.116534309
10/18/2019 5:00,0.411381738,0.135214639
10/18/2019 6:00,0.392876597,0.129132293
10/18/2019 7:00,0.382518567,0.125727773
10/18/2019 8:00,0.370919605,0.121915379
10/18/2019 9:00,0.36049202,0.118487997
10/18/2019 10:00,0.299941827,0.098586111
10/18/2019 11:00,0.293931805,0.096610712
10/18/2019 12:00,0.327041848,0.107493457
10/18/2019 13:00,0.560461286,0.184214716
10/18/2019 14:00,0.407277994,0.133865803
10/18/2019 15:00,0.386103409,0.126906054
10/18/2019 16:00,0.740251444,0.243308884
10/18/2019 17:00,0.929658873,0.305564095
10/18/2019 18:00,0.940542996,0.309141533
10/18/2019 19:00,0.920588403,0.302582776
10/18/2019 20:00,0.949396876,0.312051663
10/18/2019 21:00,0.990385268,0.325523895
10/18/2019 22:00,1.051709408,0.345680166
10/18/2019 23:00,1.027439081,0.337702895
10/19/2019 0:00,0.96304761,0.316538442
10/19/2019 1:00,0.935019415,0.30732602
10/19/2019 2:00,0.937670269,0.308197313
10/19/2019 3:00,0.933073492,0.306686426
10/19/2019 4:00,0.902091067,0.296502995
10/19/2019 5:00,0.883693492,0.290456005
10/19/2019 6:00,0.914517208,0.30058727
10/19/2019 7:00,0.904923782,0.297434064
10/19/2019 8:00,0.853642778,0.280578813
10/19/2019 9:00,0.820363489,0.269640439
10/19/2019 10:00,0.893413477,0.293650809
10/19/2019 11:00,0.93164378,0.306216502
10/19/2019 12:00,1.05051094,0.345286248
10/19/2019 13:00,1.120993772,0.368452835
10/19/2019 14:00,1.20979326,0.397639815
10/19/2019 15:00,1.27992025,0.420689442
10/19/2019 16:00,1.29,0.424002496
10/19/2019 17:00,1.272718237,0.418322255
10/19/2019 18:00,1.264292426,0.415552825
10/19/2019 19:00,1.274569846,0.418930849
10/19/2019 20:00,1.29,0.424002496
10/19/2019 21:00,1.29,0.424002496
10/19/2019 22:00,1.29,0.424002496
10/19/2019 23:00,1.29,0.424002496
10/20/2019 0:00,1.29,0.424002496
10/20/2019 1:00,1.29,0.424002496
10/20/2019 2:00,1.29,0.424002496
10/20/2019 3:00,1.29,0.424002496
10/20/2019 4:00,1.29,0.424002496
10/20/2019 5:00,1.29,0.424002496
10/20/2019 6:00,1.29,0.424002496
10/20/2019 7:00,1.29,0.424002496
10/20/2019 8:00,1.279238296,0.420465295
10/20/2019 9:00,1.221628322,0.401529812
10/20/2019 10:00,1.076064028,0.353685142
10/20/2019 11:00,1.00008144,0.328710873
10/20/2019 12:00,0.94086958,0.309248876
10/20/2019 13:00,0.88880664,0.292136615
10/20/2019 14:00,0.824321811,0.270941477
10/20/2019 15:00,0.774378808,0.254526006
10/20/2019 16:00,0.712042799,0.23403715
10/20/2019 17:00,0.470868541,0.154767005
10/20/2019 18:00,0.339874712,0.111711416
10/20/2019 19:00,0.28751505,0.094501627
10/20/2019 20:00,0.1704761,0.056032784
10/20/2019 21:00,0.092930756,0.030544862
10/20/2019 22:00,0.062844983,0.020656147
10/20/2019 23:00,0.028740465,0.009446534
10/21/2019 0:00,0.007512826,0.002469346
10/21/2019 1:00,0.009624865,0.00316354
10/21/2019 2:00,0.032872071,0.010804527
10/21/2019 3:00,0.018491142,0.006077744
10/21/2019 4:00,0.020111699,0.006610396
10/21/2019 5:00,0.06647678,0.021849861
10/21/2019 6:00,0.129048039,0.042416039
10/21/2019 7:00,0.219043277,0.071996044
10/21/2019 8:00,0.388489252,0.127690242
10/21/2019 9:00,0.612396708,0.201285064
10/21/2019 10:00,0.763942422,0.251095731
10/21/2019 11:00,0.937384005,0.308103223
10/21/2019 12:00,1.013070517,0.332980176
10/21/2019 13:00,1.109185346,0.364571593
10/21/2019 14:00,1.172877786,0.385506285
10/21/2019 15:00,1.288046147,0.423360295
10/21/2019 16:00,1.29,0.424002496
10/21/2019 17:00,1.29,0.424002496
10/21/2019 18:00,1.29,0.424002496
10/21/2019 19:00,1.29,0.424002496
10/21/2019 20:00,1.276981983,0.41972368
10/21/2019 21:00,1.250908026,0.411153585
10/21/2019 22:00,1.252119996,0.41155194
10/21/2019 23:00,1.256704804,0.413058894
10/22/2019 0:00,1.25323482,0.411918365
10/22/2019 1:00,1.238622876,0.407115652
10/22/2019 2:00,1.261800866,0.414733889
10/22/2019 3:00,1.25794721,0.413467253
10/22/2019 4:00,1.250329906,0.410963566
10/22/2019 5:00,1.242737593,0.408468094
10/22/2019 6:00,1.249797401,0.41078854
10/22/2019 7:00,1.242554239,0.408407828
10/22/2019 8:00,1.249905417,0.410824044
10/22/2019 9:00,1.25824508,0.413565158
10/22/2019 10:00,1.272361383,0.418204963
10/22/2019 11:00,1.276192724,0.419464263
10/22/2019 12:00,1.285624768,0.422564426
10/22/2019 13:00,1.286558671,0.422871385
10/22/2019 14:00,1.287704638,0.423248047
10/22/2019 15:00,1.29,0.424002496
10/22/2019 16:00,1.280241482,0.420795026
10/22/2019 17:00,1.236279587,0.40634545
10/22/2019 18:00,1.26973841,0.417342833
10/22/2019 19:00,1.287382031,0.423142011
10/22/2019 20:00,1.28869932,0.423574983
10/22/2019 21:00,1.29,0.424002496
10/22/2019 22:00,1.273630319,0.418622042
10/22/2019 23:00,1.286778196,0.42294354
10/23/2019 0:00,1.287970096,0.423335298
10/23/2019 1:00,1.29,0.424002496
10/23/2019 2:00,1.29,0.424002496
10/23/2019 3:00,1.286415024,0.422824171
10/23/2019 4:00,1.256907287,0.413125447
10/23/2019 5:00,1.175597024,0.386400056
10/23/2019 6:00,1.026592285,0.337424567
10/23/2019 7:00,0.975811042,0.320733579
10/23/2019 8:00,1.004012075,0.33000281
10/23/2019 9:00,1.05545926,0.346912682
10/23/2019 10:00,1.02161207,0.335787649
10/23/2019 11:00,1.113004808,0.365826989
10/23/2019 12:00,1.192535481,0.391967457
10/23/2019 13:00,1.267141604,0.416489304
10/23/2019 14:00,1.270811899,0.417695672
10/23/2019 15:00,1.224014733,0.402314187
10/23/2019 16:00,1.173458317,0.385697097
10/23/2019 17:00,1.203900268,0.395702882
10/23/2019 18:00,1.273797717,0.418677063
10/23/2019 19:00,1.29,0.424002496
10/23/2019 20:00,1.29,0.424002496
10/23/2019 21:00,1.29,0.424002496
10/23/2019 22:00,1.29,0.424002496
10/23/2019 23:00,1.29,0.424002496
10/24/2019 0:00,1.274912092,0.41904334
10/24/2019 1:00,1.225852633,0.402918276
10/24/2019 2:00,1.134817359,0.372996428
10/24/2019 3:00,1.029771858,0.338469642
10/24/2019 4:00,0.926068705,0.304384064
10/24/2019 5:00,0.964264103,0.316938284
10/24/2019 6:00,1.167369478,0.383695792
10/24/2019 7:00,1.175316892,0.386307981
10/24/2019 8:00,1.181918435,0.388477803
10/24/2019 9:00,1.120662751,0.368344034
10/24/2019 10:00,1.192972407,0.392111068
10/24/2019 11:00,1.216712576,0.399914084
10/24/2019 12:00,1.289859863,0.423956435
10/24/2019 13:00,1.285203166,0.422425853
10/24/2019 14:00,1.275774676,0.419326858
10/24/2019 15:00,1.288381332,0.423470465
10/24/2019 16:00,1.288128862,0.423387482
10/24/2019 17:00,1.279042307,0.420400876
10/24/2019 18:00,1.289017772,0.423679653
10/24/2019 19:00,1.29,0.424002496
10/24/2019 20:00,1.29,0.424002496
10/24/2019 21:00,1.29,0.424002496
10/24/2019 22:00,1.279871322,0.42067336
10/24/2019 23:00,1.273895453,0.418709187
10/25/2019 0:00,1.272838291,0.418361715
10/25/2019 1:00,1.258893254,0.413778203
10/25/2019 2:00,1.250091486,0.410885201
10/25/2019 3:00,1.231845321,0.404887977
10/25/2019 4:00,1.215763576,0.399602163
10/25/2019 5:00,1.21073409,0.397949051
10/25/2019 6:00,1.194704555,0.392680398
10/25/2019 7:00,1.180310791,0.387949396
10/25/2019 8:00,1.162046221,0.381946122
10/25/2019 9:00,0,0
10/25/2019 10:00,0,0
10/25/2019 11:00,0,0
10/25/2019 12:00,0,0
10/25/2019 13:00,1.159497599,0.381108431
10/25/2019 14:00,1.174942482,0.386184918
10/25/2019 15:00,1.172504525,0.385383601
10/25/2019 16:00,1.173370718,0.385668305
10/25/2019 17:00,1.183681164,0.389057184
10/25/2019 18:00,1.193456814,0.392270285
10/25/2019 19:00,1.199579928,0.394282855
10/25/2019 20:00,1.198497407,0.393927048
10/25/2019 21:00,1.203106784,0.395442077
10/25/2019 22:00,1.209216996,0.397450406
10/25/2019 23:00,1.198050022,0.393779999
10/26/2019 0:00,1.183638515,0.389043166
10/26/2019 1:00,1.18645919,0.389970277
10/26/2019 2:00,1.197810998,0.393701436
10/26/2019 3:00,1.226754659,0.403214757
10/26/2019 4:00,1.258820713,0.41375436
10/26/2019 5:00,1.285363875,0.422478675
10/26/2019 6:00,1.29,0.424002496
10/26/2019 7:00,1.29,0.424002496
10/26/2019 8:00,1.28032746,0.420823286
10/26/2019 9:00,1.267835736,0.416717454
10/26/2019 10:00,1.15975519,0.381193097
10/26/2019 11:00,1.166917674,0.383547292
10/26/2019 12:00,1.17576636,0.386455714
10/26/2019 13:00,1.172799054,0.385480408
10/26/2019 14:00,1.151544465,0.378494362
10/26/2019 15:00,1.128011764,0.370759537
10/26/2019 16:00,1.100613965,0.361754316
10/26/2019 17:00,1.056929354,0.347395879
10/26/2019 18:00,1.05807197,0.347771439
10/26/2019 19:00,1.087534912,0.35745544
10/26/2019 20:00,1.165933824,0.383223915
10/26/2019 21:00,1.185085947,0.389518914
10/26/2019 22:00,1.222533864,0.401827449
10/26/2019 23:00,1.274866672,0.419028411
10/27/2019 0:00,1.277585752,0.41992213
10/27/2019 1:00,1.289118495,0.423712759
10/27/2019 2:00,1.289584935,0.42386607
10/27/2019 3:00,1.29,0.424002496
10/27/2019 4:00,1.29,0.424002496
10/27/2019 5:00,1.29,0.424002496
10/27/2019 6:00,1.29,0.424002496
10/27/2019 7:00,1.29,0.424002496
10/27/2019 8:00,1.29,0.424002496
10/27/2019 9:00,1.288145563,0.423392972
10/27/2019 10:00,1.248630575,0.410405023
10/27/2019 11:00,1.266476349,0.416270645
10/27/2019 12:00,1.29,0.424002496
10/27/2019 13:00,1.274219929,0.418815837
10/27/2019 14:00,1.201261077,0.394835422
10/27/2019 15:00,1.173855456,0.38582763
10/27/2019 16:00,1.129191398,0.371147264
10/27/2019 17:00,1.12119524,0.368519054
10/27/2019 18:00,1.131816282,0.372010022
10/27/2019 19:00,1.114903458,0.366451046
10/27/2019 20:00,1.071778353,0.352276509
10/27/2019 21:00,0.9925679,0.326241292
10/27/2019 22:00,1.048853559,0.344741493
10/27/2019 23:00,1.102141035,0.36225624
10/28/2019 0:00,1.065578843,0.350238829
10/28/2019 1:00,1.102865816,0.362494464
10/28/2019 2:00,1.141808352,0.375294256
10/28/2019 3:00,1.136914016,0.373685566
10/28/2019 4:00,1.117925304,0.367444278
10/28/2019 5:00,1.095702635,0.36014004
10/28/2019 6:00,1.016911863,0.334242766
10/28/2019 7:00,0.95868,0.315102878
10/28/2019 8:00,0.919153612,0.302111182
10/28/2019 9:00,0.889229679,0.292275661
10/28/2019 10:00,0.897376144,0.294953275
10/28/2019 11:00,0.796961589,0.261948607
10/28/2019 12:00,0.726985122,0.238948454
10/28/2019 13:00,0.70513254,0.231765858
10/28/2019 14:00,0.707609849,0.23258011
10/28/2019 15:00,0.714811466,0.234947167
10/28/2019 16:00,0.723073378,0.237662726
10/28/2019 17:00,0.728732187,0.239522687
10/28/2019 18:00,0.714709414,0.234913624
10/28/2019 19:00,0.738543997,0.242747673
10/28/2019 20:00,0.737597625,0.242436615
10/28/2019 21:00,0.670631609,0.22042595
10/28/2019 22:00,0.44136629,0.145070084
10/28/2019 23:00,0.303715256,0.099826377
10/29/2019 0:00,0.221786249,0.072897615
10/29/2019 1:00,0.200000541,0.065736999
10/29/2019 2:00,0.205710063,0.067613628
10/29/2019 3:00,0.204460586,0.067202945
10/29/2019 4:00,0.181918945,0.059793866
10/29/2019 5:00,0.154231503,0.050693444
10/29/2019 6:00,0.125594504,0.041280917
10/29/2019 7:00,0.09966608,0.032758656
10/29/2019 8:00,0.08047243,0.026450009
10/29/2019 9:00,0.063785073,0.02096514
10/29/2019 10:00,0.018338821,0.006027679
10/29/2019 11:00,0,0
10/29/2019 12:00,0,0
10/29/2019 13:00,0,0
10/29/2019 14:00,0,0
10/29/2019 15:00,0,0
10/29/2019 16:00,0,0
10/29/2019 17:00,0,0
10/29/2019 18:00,0,0
10/29/2019 19:00,0,0
10/29/2019 20:00,0,0
10/29/2019 21:00,0,0
10/29/2019 22:00,0,0
10/29/2019 23:00,0,0
10/30/2019 0:00,0,0
10/30/2019 1:00,0,0
10/30/2019 2:00,0,0
10/30/2019 3:00,0,0
10/30/2019 4:00,0,0
10/30/2019 5:00,0,0
10/30/2019 6:00,0,0
10/30/2019 7:00,0,0
10/30/2019 8:00,0,0
10/30/2019 9:00,0,0
10/30/2019 10:00,0,0
10/30/2019 11:00,0,0
10/30/2019 12:00,0,0
10/30/2019 13:00,0,0
10/30/2019 14:00,0,0
10/30/2019 15:00,0.007600303,0.002498099
10/30/2019 16:00,0.008936749,0.002937368
10/30/2019 17:00,0.009956755,0.003272627
10/30/2019 18:00,0.021969102,0.007220895
10/30/2019 19:00,0.059809229,0.019658343
10/30/2019 20:00,0.085361879,0.028057093
10/30/2019 21:00,0.092742054,0.030482839
10/30/2019 22:00,0.116155976,0.038178623
10/30/2019 23:00,0.114408482,0.03760425
10/31/2019 0:00,0.113332515,0.037250596
10/31/2019 1:00,0.106468967,0.034994657
10/31/2019 2:00,0.108143707,0.035545117
10/31/2019 3:00,0.102736066,0.033767712
10/31/2019 4:00,0.096070901,0.031576978
10/31/2019 5:00,0.085444993,0.028084411
10/31/2019 6:00,0.06894917,0.022662496
10/31/2019 7:00,0.069151676,0.022729057
10/31/2019 8:00,0.103197174,0.033919271
10/31/2019 9:00,0.151758276,0.049880533
10/31/2019 10:00,0.171750908,0.056451793
10/31/2019 11:00,0.217718741,0.07156069
10/31/2019 12:00,0.271179096,0.089132259
10/31/2019 13:00,0.354744177,0.116598772
10/31/2019 14:00,0.365880308,0.120259042
10/31/2019 15:00,0.403960598,0.132775428
10/31/2019 16:00,0.494801929,0.162633529
10/31/2019 17:00,0.583258809,0.1917079
10/31/2019 18:00,0.646177892,0.212388402
10/31/2019 19:00,0.695545744,0.22861483
10/31/2019 20:00,0.674770935,0.221786481
10/31/2019 21:00,0.61809532,0.203158107
10/31/2019 22:00,0.466906671,0.153464801
10/31/2019 23:00,0.355641715,0.116893779
11/01/2019 00:00,0.412628943,0.135624575
11/01/2019 01:00,0.347920865,0.114356058
11/01/2019 02:00,0.225763058,0.074204729
11/01/2019 03:00,0.154323388,0.050723645
11/01/2019 04:00,0.1432313,0.047077852
11/01/2019 05:00,0.178646027,0.05871811
11/01/2019 06:00,0.240403008,0.079016648
11/01/2019 07:00,0.303611811,0.099792377
11/01/2019 08:00,0.344685599,0.113292678
11/01/2019 09:00,0.40890607,0.134400926
11/01/2019 10:00,0.636096234,0.209074721
11/01/2019 11:00,0.809013522,0.265909885
11/01/2019 12:00,0.876060565,0.287947183
11/01/2019 13:00,0.938765516,0.308557304
11/01/2019 14:00,1.005230552,0.330403304
11/01/2019 15:00,1.035941394,0.34049747
11/01/2019 16:00,1.142822382,0.375627552
11/01/2019 17:00,1.184484292,0.38932116
11/01/2019 18:00,1.22230062,0.401750786
11/01/2019 19:00,1.258417656,0.413621881
11/01/2019 20:00,1.278279085,0.420150017
11/01/2019 21:00,1.288564712,0.423530739
11/01/2019 22:00,1.289123835,0.423714514
11/01/2019 23:00,1.29,0.424002496
11/02/2019 00:00,1.287997555,0.423344324
11/02/2019 01:00,1.29,0.424002496
11/02/2019 02:00,1.286684257,0.422912664
11/02/2019 03:00,1.274893934,0.419037372
11/02/2019 04:00,1.246261771,0.409626435
11/02/2019 05:00,1.234323526,0.405702524
11/02/2019 06:00,1.177682524,0.387085527
11/02/2019 07:00,1.164126185,0.382629773
11/02/2019 08:00,1.182707347,0.388737106
11/02/2019 09:00,1.167710013,0.383807721
11/02/2019 10:00,1.166648769,0.383458907
11/02/2019 11:00,1.169481074,0.38438984
11/02/2019 12:00,1.175513426,0.386372579
11/02/2019 13:00,1.161279306,0.38169405
11/02/2019 14:00,1.159181569,0.381004557
11/02/2019 15:00,1.15991505,0.38124564
11/02/2019 16:00,1.178065848,0.387211519
11/02/2019 17:00,1.19640741,0.393240099
11/02/2019 18:00,1.213236124,0.39877143
11/02/2019 19:00,1.225288364,0.40273281
11/02/2019 20:00,1.23622015,0.406325914
11/02/2019 21:00,1.24463209,0.409090785
11/02/2019 22:00,1.288220766,0.42341769
11/02/2019 23:00,1.288377526,0.423469214
11/03/2019 00:00,1.29,0.424002496
11/03/2019 01:00,1.29,0.424002496
11/03/2019 02:00,1.29,0.424002496
11/03/2019 03:00,1.29,0.424002496
11/03/2019 04:00,1.289181778,0.423733559
11/03/2019 05:00,1.287730772,0.423256636
11/03/2019 06:00,1.278526655,0.420231389
11/03/2019 07:00,1.270185003,0.417489621
11/03/2019 08:00,1.256417855,0.412964578
11/03/2019 09:00,1.264396727,0.415587107
11/03/2019 10:00,1.267488312,0.416603262
11/03/2019 11:00,1.284610189,0.42223095
11/03/2019 12:00,1.284426262,0.422170497
11/03/2019 13:00,1.267769325,0.416695626
11/03/2019 14:00,1.246161447,0.40959346
11/03/2019 15:00,1.255887903,0.412790391
11/03/2019 16:00,1.278759273,0.420307847
11/03/2019 17:00,1.287771965,0.423270176
11/03/2019 18:00,1.287701472,0.423247006
11/03/2019 19:00,1.287729829,0.423256327
11/03/2019 20:00,1.288073901,0.423369418
11/03/2019 21:00,1.29,0.424002496
11/03/2019 22:00,1.288731804,0.42358566
11/03/2019 23:00,1.29,0.424002496
11/04/2019 00:00,1.29,0.424002496
11/04/2019 01:00,1.29,0.424002496
11/04/2019 02:00,1.283193621,0.421765347
11/04/2019 03:00,1.210639627,0.397918003
11/04/2019 04:00,1.146326447,0.376779282
11/04/2019 05:00,1.151933003,0.378622068
11/04/2019 06:00,1.192866722,0.392076331
11/04/2019 07:00,1.210507461,0.397874562
11/04/2019 08:00,1.230829652,0.404554143
11/04/2019 09:00,1.25356326,0.412026318
11/04/2019 10:00,1.27936824,0.420508005
11/04/2019 11:00,1.275100081,0.419105129
11/04/2019 12:00,1.217909413,0.400307466
11/04/2019 13:00,1.175387944,0.386331335
11/04/2019 14:00,1.178602623,0.387387949
11/04/2019 15:00,1.166667071,0.383464922
11/04/2019 16:00,1.167927214,0.383879111
11/04/2019 17:00,1.18713522,0.390192477
11/04/2019 18:00,1.179344119,0.387631666
11/04/2019 19:00,1.126870829,0.37038453
11/04/2019 20:00,1.080106621,0.355013878
11/04/2019 21:00,1.053287792,0.346198955
11/04/2019 22:00,1.060226486,0.348479594
11/04/2019 23:00,1.050268557,0.345206581
11/05/2019 00:00,1.055074442,0.346786199
11/05/2019 01:00,1.035633557,0.340396289
11/05/2019 02:00,1.022442136,0.336060479
11/05/2019 03:00,1.004051447,0.330015751
11/05/2019 04:00,0.986917059,0.32438395
11/05/2019 05:00,0.96598146,0.317502752
11/05/2019 06:00,0.925195006,0.304096893
11/05/2019 07:00,0.893000815,0.293515174
11/05/2019 08:00,0.859887694,0.282631417
11/05/2019 09:00,0.760345456,0.249913466
11/05/2019 10:00,0.609501415,0.200333427
11/05/2019 11:00,0.48353629,0.158930693
11/05/2019 12:00,0.371333966,0.122051572
11/05/2019 13:00,0.333931156,0.109757863
11/05/2019 14:00,0.495172736,0.162755408
11/05/2019 15:00,0.726082058,0.238651632
11/05/2019 16:00,0.850687657,0.279607511
11/05/2019 17:00,0.855769996,0.281277995
11/05/2019 18:00,0.76680079,0.252035232
11/05/2019 19:00,0.670491149,0.220379783
11/05/2019 20:00,0.622373433,0.204564255
11/05/2019 21:00,0.579347665,0.190422369
11/05/2019 22:00,0.221046711,0.07265454
11/05/2019 23:00,0.158120425,0.05197167
11/06/2019 00:00,0.135321379,0.044477986
11/06/2019 01:00,0.112658776,0.037029149
11/06/2019 02:00,0.092749326,0.030485229
11/06/2019 03:00,0.092140715,0.030285189
11/06/2019 04:00,0.090561743,0.029766206
11/06/2019 05:00,0.091983144,0.030233397
11/06/2019 06:00,0.08886001,0.029206873
11/06/2019 07:00,0.083619887,0.027484528
11/06/2019 08:00,0.077429421,0.02544982
11/06/2019 09:00,0.061166603,0.02010449
11/06/2019 10:00,0.015305233,0.005030587
11/06/2019 11:00,0.007059244,0.002320261
11/06/2019 12:00,0,0
11/06/2019 13:00,0,0
11/06/2019 14:00,0.0094684,0.003112113
11/06/2019 15:00,0.029222565,0.009604993
11/06/2019 16:00,0.07160363,0.023534975
11/06/2019 17:00,0.109650145,0.03604026
11/06/2019 18:00,0.140908164,0.046314274
11/06/2019 19:00,0.162166358,0.053301504
11/06/2019 20:00,0.172401783,0.056665726
11/06/2019 21:00,0.162995967,0.053574184
11/06/2019 22:00,0.23647196,0.077724574
11/06/2019 23:00,0.242991164,0.079867333
11/07/2019 00:00,0.246420473,0.080994493
11/07/2019 01:00,0.272375518,0.089525503
11/07/2019 02:00,0.341021607,0.112088382
11/07/2019 03:00,0.40985944,0.134714283
11/07/2019 04:00,0.478005486,0.157112805
11/07/2019 05:00,0.560103741,0.184097197
11/07/2019 06:00,0.687812769,0.226073124
11/07/2019 07:00,0.796813832,0.261900041
11/07/2019 08:00,0.921609421,0.302918368
11/07/2019 09:00,1.015121044,0.333654152
11/07/2019 10:00,1.124106254,0.369475858
11/07/2019 11:00,1.094390265,0.359708685
11/07/2019 12:00,1.120085111,0.368154173
11/07/2019 13:00,1.201199666,0.394815237
11/07/2019 14:00,1.236633259,0.406461696
11/07/2019 15:00,1.169736598,0.384473827
11/07/2019 16:00,1.106991201,0.363850412
11/07/2019 17:00,1.07374592,0.352923217
11/07/2019 18:00,1.059792166,0.34833684
11/07/2019 19:00,1.047938365,0.344440684
11/07/2019 20:00,1.000286263,0.328778195
11/07/2019 21:00,0.944976584,0.310598783
11/07/2019 22:00,0.891883198,0.293147831
11/07/2019 23:00,0.912182047,0.29981974
11/08/2019 00:00,0.875975507,0.287919226
11/08/2019 01:00,0.819154869,0.269243185
11/08/2019 02:00,0.779178786,0.256103682
11/08/2019 03:00,0.758955923,0.249456748
11/08/2019 04:00,0.715289331,0.235104234
11/08/2019 05:00,0.631525632,0.207572437
11/08/2019 06:00,0.473658892,0.155684149
11/08/2019 07:00,0.356410421,0.11714644
11/08/2019 08:00,0.263250766,0.086526343
11/08/2019 09:00,0.20279284,0.066654783
11/08/2019 10:00,0.184257139,0.060562393
11/08/2019 11:00,0.124049355,0.040773051
11/08/2019 12:00,0.067023303,0.022029494
11/08/2019 13:00,0.043548231,0.014313611
11/08/2019 14:00,0.039914144,0.013119145
11/08/2019 15:00,0.042879247,0.014093727
11/08/2019 16:00,0.025386151,0.008344024
11/08/2019 17:00,0.018591111,0.006110603
11/08/2019 18:00,0.009652335,0.003172569
11/08/2019 19:00,0.009412469,0.003093729
11/08/2019 20:00,0.022133628,0.007274972
11/08/2019 21:00,0.067073914,0.02204613
11/08/2019 22:00,0.096569344,0.031740808
11/08/2019 23:00,0.136364939,0.044820988
11/09/2019 00:00,0.165862214,0.054516273
11/09/2019 01:00,0.178867274,0.05879083
11/09/2019 02:00,0.199275559,0.065498709
11/09/2019 03:00,0.27149916,0.089237459
11/09/2019 04:00,0.335990482,0.110434731
11/09/2019 05:00,0.332109178,0.109159008
11/09/2019 06:00,0.334797097,0.110042484
11/09/2019 07:00,0.338510302,0.111262956
11/09/2019 08:00,0.345664581,0.113614453
11/09/2019 09:00,0.34447508,0.113223483
11/09/2019 10:00,0.552024556,0.181441697
11/09/2019 11:00,0.567137733,0.186409158
11/09/2019 12:00,0.524664401,0.172448849
11/09/2019 13:00,0.475486266,0.156284778
11/09/2019 14:00,0.367672834,0.120848217
11/09/2019 15:00,0.289263832,0.095076424
11/09/2019 16:00,0.293706401,0.096536626
11/09/2019 17:00,0.308360513,0.101353199
11/09/2019 18:00,0.328425324,0.107948184
11/09/2019 19:00,0.361793257,0.118915693
11/09/2019 20:00,0.385387099,0.126670614
11/09/2019 21:00,0.458074726,0.150561882
11/09/2019 22:00,0.437099381,0.143667619
11/09/2019 23:00,0.364392255,0.119769942
11/10/2019 00:00,0.369968356,0.121602718
11/10/2019 01:00,0.412507427,0.135584635
11/10/2019 02:00,0.495162629,0.162752086
11/10/2019 03:00,0.516194799,0.169665026
11/10/2019 04:00,0.518245141,0.17033894
11/10/2019 05:00,0.493192385,0.162104498
11/10/2019 06:00,0.457365737,0.150328848
11/10/2019 07:00,0.331769712,0.109047431
11/10/2019 08:00,0.220447903,0.072457722
11/10/2019 09:00,0.177496623,0.058340319
11/10/2019 10:00,0.19665765,0.064638244
11/10/2019 11:00,0.187924757,0.061767881
11/10/2019 12:00,0.13710833,0.045065329
11/10/2019 13:00,0.112308183,0.036913915
11/10/2019 14:00,0.123015016,0.04043308
11/10/2019 15:00,0.238630573,0.078434076
11/10/2019 16:00,0.401376694,0.13192614
11/10/2019 17:00,0.495212923,0.162768617
11/10/2019 18:00,0.743809317,0.2444783
11/10/2019 19:00,0.88828623,0.291965565
11/10/2019 20:00,0.975428348,0.320607794
11/10/2019 21:00,1.061574779,0.348922756
11/10/2019 22:00,1.017694885,0.334500132
11/10/2019 23:00,1.170949097,0.384872356
11/11/2019 00:00,1.272346806,0.418200171
11/11/2019 01:00,1.288381025,0.423470364
11/11/2019 02:00,1.28885149,0.423624999
11/11/2019 03:00,1.287546779,0.423196161
11/11/2019 04:00,1.287076476,0.42304158
11/11/2019 05:00,1.29,0.424002496
11/11/2019 06:00,1.287714202,0.42325119
11/11/2019 07:00,1.25524601,0.412579412
11/11/2019 08:00,1.236383153,0.40637949
11/11/2019 09:00,1.224156238,0.402360698
11/11/2019 10:00,1.248439056,0.410342074
11/11/2019 11:00,1.234168094,0.405651436
11/11/2019 12:00,1.232624226,0.405143991
11/11/2019 13:00,1.250750579,0.411101835
11/11/2019 14:00,1.25774098,0.413399469
11/11/2019 15:00,1.272387273,0.418213472
11/11/2019 16:00,1.277223629,0.419803106
11/11/2019 17:00,1.287171369,0.42307277
11/11/2019 18:00,1.29,0.424002496
11/11/2019 19:00,1.284505218,0.422196448
11/11/2019 20:00,1.22199749,0.401651151
11/11/2019 21:00,1.072832774,0.35262308
11/11/2019 22:00,1.148283296,0.377422468
11/11/2019 23:00,1.234810335,0.40586253
11/12/2019 00:00,1.287940843,0.423325683
11/12/2019 01:00,1.29,0.424002496
11/12/2019 02:00,1.280126238,0.420757147
11/12/2019 03:00,1.287234288,0.42309345
11/12/2019 04:00,1.29,0.424002496
11/12/2019 05:00,1.29,0.424002496
11/12/2019 06:00,1.287138076,0.423061827
11/12/2019 07:00,1.262463425,0.414951661
11/12/2019 08:00,1.195103769,0.392811613
11/12/2019 09:00,1.119062441,0.367818037
11/12/2019 10:00,1.089797889,0.358199244
11/12/2019 11:00,1.078477019,0.354478254
11/12/2019 12:00,0.934829009,0.307263436
11/12/2019 13:00,0.756145689,0.248533069
11/12/2019 14:00,0.718391907,0.236124001
11/12/2019 15:00,0.732443988,0.240742697
11/12/2019 16:00,0.653223712,0.214704251
11/12/2019 17:00,0.509703382,0.1675314
11/12/2019 18:00,0.376661274,0.123802574
11/12/2019 19:00,0.306423116,0.100716408
11/12/2019 20:00,0.250492141,0.082332785
11/12/2019 21:00,0.206689812,0.067935656
11/12/2019 22:00,0.19198655,0.063102927
11/12/2019 23:00,0.164512493,0.054072641
11/13/2019 0:00,0.14694793,0.048299449
11/13/2019 1:00,0.111251128,0.036566477
11/13/2019 2:00,0.09214314,0.030285985
11/13/2019 3:00,0.067493375,0.022184
11/13/2019 4:00,0.039520941,0.012989905
11/13/2019 5:00,0.025629576,0.008424034
11/13/2019 6:00,0.020202176,0.006640134
11/13/2019 7:00,0.01874345,0.006160674
11/13/2019 8:00,0.015068285,0.004952706
11/13/2019 9:00,0.016929394,0.005564423
11/13/2019 10:00,0.067249727,0.022103916
11/13/2019 11:00,0.102964636,0.033842839
11/13/2019 12:00,0.100567325,0.033054881
11/13/2019 13:00,0.100804039,0.033132685
11/13/2019 14:00,0.102364039,0.033645433
11/13/2019 15:00,0.112136323,0.036857427
11/13/2019 16:00,0.12577348,0.041339744
11/13/2019 17:00,0.143078704,0.047027696
11/13/2019 18:00,0.19099724,0.062777757
11/13/2019 19:00,0.258826082,0.085072019
11/13/2019 20:00,0.318486535,0.104681462
11/13/2019 21:00,0.382636311,0.125766473
11/13/2019 22:00,0.331515644,0.108963923
11/13/2019 23:00,0.328115396,0.107846315
11/14/2019 0:00,0.355381304,0.116808186
11/14/2019 1:00,0.393660836,0.12939006
11/14/2019 2:00,0.586770927,0.192862277
11/14/2019 3:00,0.713744225,0.234596382
11/14/2019 4:00,0.783094749,0.257390797
11/14/2019 5:00,0.834709242,0.27435566
11/14/2019 6:00,0.889280919,0.292292503
11/14/2019 7:00,0.892227572,0.293261021
11/14/2019 8:00,0.902825234,0.296744304
11/14/2019 9:00,0.926418746,0.304499117
11/14/2019 10:00,1.088365566,0.357728462
11/14/2019 11:00,1.055991528,0.347087631
11/14/2019 12:00,1.097951842,0.360879319
11/14/2019 13:00,1.111076516,0.36519319
11/14/2019 14:00,1.151863732,0.3785993
11/14/2019 15:00,1.200287312,0.394515361
11/14/2019 16:00,1.248026321,0.410206415
11/14/2019 17:00,1.272449447,0.418233908
11/14/2019 18:00,1.24923843,0.410604816
11/14/2019 19:00,1.195860038,0.393060187
11/14/2019 20:00,1.141973261,0.375348459
11/14/2019 21:00,1.107988347,0.364178159
11/14/2019 22:00,1.124707841,0.36967359
11/14/2019 23:00,1.063532506,0.34956623
11/15/2019 0:00,0.933216954,0.306733579
11/15/2019 1:00,0.93324868,0.306744007
11/15/2019 2:00,0.961365198,0.31598546
11/15/2019 3:00,0.931649005,0.30621822
11/15/2019 4:00,0.792250519,0.260400153
11/15/2019 5:00,0.683248601,0.224572955
11/15/2019 6:00,0.527099203,0.17324913
11/15/2019 7:00,0.363264887,0.119399394
11/15/2019 8:00,0.260410079,0.085592654
11/15/2019 9:00,0.196425939,0.064562084
11/15/2019 10:00,0.192226477,0.063181788
11/15/2019 11:00,0.160903215,0.052886329
11/15/2019 12:00,0.125328644,0.041193533
11/15/2019 13:00,0.093463875,0.03072009
11/15/2019 14:00,0.07770743,0.025541197
11/15/2019 15:00,0.064062864,0.021056445
11/15/2019 16:00,0.057102878,0.018768808
11/15/2019 17:00,0.079860683,0.026248937
11/15/2019 18:00,0.108358344,0.035615665
11/15/2019 19:00,0.122952837,0.040412643
11/15/2019 20:00,0.097461885,0.032034173
11/15/2019 21:00,0.073371046,0.024115897
11/15/2019 22:00,0.048480833,0.015934879
11/15/2019 23:00,0.021343145,0.007015152
11/16/2019 0:00,0.009495669,0.003121076
11/16/2019 1:00,0,0
11/16/2019 2:00,0,0
11/16/2019 3:00,0,0
11/16/2019 4:00,0,0
11/16/2019 5:00,0,0
11/16/2019 6:00,0,0
11/16/2019 7:00,0,0
11/16/2019 8:00,0,0
11/16/2019 9:00,0.007262653,0.002387119
11/16/2019 10:00,0.008458681,0.002780234
11/16/2019 11:00,0.012512792,0.004112756
11/16/2019 12:00,0.020094457,0.006604729
11/16/2019 13:00,0.013786261,0.004531325
11/16/2019 14:00,0.008764015,0.002880593
11/16/2019 15:00,0.007696075,0.002529578
11/16/2019 16:00,0.007962478,0.00261714
11/16/2019 17:00,0,0
11/16/2019 18:00,0,0
11/16/2019 19:00,0,0
11/16/2019 20:00,0,0
11/16/2019 21:00,0,0
11/16/2019 22:00,0,0
11/16/2019 23:00,0,0
11/17/2019 0:00,0.008762347,0.002880044
11/17/2019 1:00,0.028704843,0.009434826
11/17/2019 2:00,0.072323957,0.023771735
11/17/2019 3:00,0.065645206,0.021576536
11/17/2019 4:00,0.016771397,0.005512492
11/17/2019 5:00,0.012991119,0.004269974
11/17/2019 6:00,0.057496693,0.018898249
11/17/2019 7:00,0.159556579,0.052443712
11/17/2019 8:00,0.256729092,0.084382772
11/17/2019 9:00,0.290159248,0.095370733
11/17/2019 10:00,0.226405591,0.074415919
11/17/2019 11:00,0.174185504,0.057252007
11/17/2019 12:00,0.162080749,0.053273366
11/17/2019 13:00,0.165220685,0.054305413
11/17/2019 14:00,0.144251215,0.047413082
11/17/2019 15:00,0.177183824,0.058237507
11/17/2019 16:00,0.215428661,0.070807977
11/17/2019 17:00,0.175585529,0.057712172
11/17/2019 18:00,0.19692438,0.064725913
11/17/2019 19:00,0.231315998,0.076029892
11/17/2019 20:00,0.299601038,0.098474099
11/17/2019 21:00,0.4065907,0.1336399
11/17/2019 22:00,0.537525539,0.176676101
11/17/2019 23:00,0.642332558,0.211124502
11/18/2019 0:00,0.438993641,0.144290232
11/18/2019 1:00,0.294267156,0.096720937
11/18/2019 2:00,0.305702532,0.100479563
11/18/2019 3:00,0.385598323,0.12674004
11/18/2019 4:00,0.509812262,0.167567187
11/18/2019 5:00,0.437056128,0.143653402
11/18/2019 6:00,0.288155438,0.094712112
11/18/2019 7:00,0.22453787,0.073802029
11/18/2019 8:00,0.195842842,0.064370429
11/18/2019 9:00,0.160073964,0.052613768
11/18/2019 10:00,0.126845492,0.041692097
11/18/2019 11:00,0.080344424,0.026407935
11/18/2019 12:00,0.06885068,0.022630124
11/18/2019 13:00,0.067299218,0.022120183
11/18/2019 14:00,0.068593995,0.022545756
11/18/2019 15:00,0.076534314,0.025155613
11/18/2019 16:00,0.062334822,0.020488465
11/18/2019 17:00,0.048646449,0.015989315
11/18/2019 18:00,0.023234119,0.007636686
11/18/2019 19:00,0.009273473,0.003048043
11/18/2019 20:00,0,0
11/18/2019 21:00,0,0
11/18/2019 22:00,0,0
11/18/2019 23:00,0,0
11/19/2019 0:00,0,0
11/19/2019 1:00,0,0
11/19/2019 2:00,0,0
11/19/2019 3:00,0,0
11/19/2019 4:00,0,0
11/19/2019 5:00,0,0
11/19/2019 6:00,0,0
11/19/2019 7:00,0.007287781,0.002395378
11/19/2019 8:00,0.014749774,0.004848016
11/19/2019 9:00,0.042582337,0.013996137
11/19/2019 10:00,0.100363808,0.032987988
11/19/2019 11:00,0.141601288,0.046542093
11/19/2019 12:00,0.218070973,0.071676463
11/19/2019 13:00,0.304683153,0.100144509
11/19/2019 14:00,0.443057871,0.14562608
11/19/2019 15:00,0.696290248,0.228859537
11/19/2019 16:00,0.864415193,0.284119534
11/19/2019 17:00,0.958348129,0.314993797
11/19/2019 18:00,1.026745544,0.337474941
11/19/2019 19:00,1.069200821,0.351429315
11/19/2019 20:00,1.110410588,0.364974311
11/19/2019 21:00,1.140914128,0.375000339
11/19/2019 22:00,1.221875868,0.401611176
11/19/2019 23:00,1.237165869,0.406636757
11/20/2019 0:00,1.217934756,0.400315796
11/20/2019 1:00,1.177498142,0.387024923
11/20/2019 2:00,1.13029169,0.371508913
11/20/2019 3:00,1.068514355,0.351203685
11/20/2019 4:00,0.998227347,0.328101462
11/20/2019 5:00,0.980119059,0.322149556
11/20/2019 6:00,1.080504796,0.355144752
11/20/2019 7:00,1.183137788,0.388878585
11/20/2019 8:00,1.247168327,0.409924406
11/20/2019 9:00,1.267244579,0.41652315
11/20/2019 10:00,1.279334516,0.420496921
11/20/2019 11:00,1.288159582,0.423397579
11/20/2019 12:00,1.288956624,0.423659555
11/20/2019 13:00,1.28903811,0.423686338
11/20/2019 14:00,1.29,0.424002496
11/20/2019 15:00,1.29,0.424002496
11/20/2019 16:00,1.289517323,0.423843847
11/20/2019 17:00,1.289074028,0.423698143
11/20/2019 18:00,1.288986739,0.423669453
11/20/2019 19:00,1.29,0.424002496
11/20/2019 20:00,1.288282868,0.423438102
11/20/2019 21:00,1.281298502,0.421142452
11/20/2019 22:00,1.240078374,0.407594051
11/20/2019 23:00,1.252967172,0.411830394
11/21/2019 0:00,1.266569416,0.416301235
11/21/2019 1:00,1.28413386,0.422074389
11/21/2019 2:00,1.275823691,0.419342968
11/21/2019 3:00,1.281810411,0.421310708
11/21/2019 4:00,1.29,0.424002496
11/21/2019 5:00,1.29,0.424002496
11/21/2019 6:00,1.29,0.424002496
11/21/2019 7:00,1.29,0.424002496
11/21/2019 8:00,1.29,0.424002496
11/21/2019 9:00,1.29,0.424002496
11/21/2019 10:00,1.280494438,0.420878169
11/21/2019 11:00,1.288200151,0.423410914
11/21/2019 12:00,1.289496577,0.423837029
11/21/2019 13:00,1.284129983,0.422073115
11/21/2019 14:00,1.259055251,0.413831449
11/21/2019 15:00,1.217937503,0.400316698
11/21/2019 16:00,1.097955976,0.360880678
11/21/2019 17:00,0.984557468,0.32360839
11/21/2019 18:00,0.902525713,0.296645856
11/21/2019 19:00,0.942058449,0.309639638
11/21/2019 20:00,0.997604957,0.327896893
11/21/2019 21:00,1.032201176,0.33926812
11/21/2019 22:00,1.110601548,0.365037076
11/21/2019 23:00,1.07744864,0.354140242
11/22/2019 0:00,1.065978152,0.350370075
11/22/2019 1:00,1.029281447,0.338308451
11/22/2019 2:00,0.97111481,0.319190002
11/22/2019 3:00,0.962080244,0.316220484
11/22/2019 4:00,0.999765789,0.328607124
11/22/2019 5:00,1.016099558,0.333975774
11/22/2019 6:00,1.009041031,0.331655748
11/22/2019 7:00,0.987297021,0.324508838
11/22/2019 8:00,1.005266857,0.330415237
11/22/2019 9:00,0.885829711,0.291158146
11/22/2019 10:00,0.770494804,0.253249395
11/22/2019 11:00,0.819382337,0.26931795
11/22/2019 12:00,0.897952069,0.295142572
11/22/2019 13:00,0.932415125,0.306470031
11/22/2019 14:00,0.931000631,0.306005109
11/22/2019 15:00,0.84766989,0.278615619
11/22/2019 16:00,0.780383061,0.256499508
11/22/2019 17:00,0.76141829,0.250266089
11/22/2019 18:00,0.742989754,0.244208923
11/22/2019 19:00,0.719950286,0.236636215
11/22/2019 20:00,0.745457201,0.245019933
11/22/2019 21:00,0.773079607,0.254098979
11/22/2019 22:00,0.844854618,0.277690284
11/22/2019 23:00,0.823543588,0.270685687
11/23/2019 0:00,0.755284902,0.248250142
11/23/2019 1:00,0.636765908,0.209294833
11/23/2019 2:00,0.412787919,0.135676828
11/23/2019 3:00,0.32250626,0.106002681
11/23/2019 4:00,0.441599045,0.145146587
11/23/2019 5:00,0.560067259,0.184085206
11/23/2019 6:00,0.534839436,0.175793222
11/23/2019 7:00,0.54563204,0.179340579
11/23/2019 8:00,0.576518336,0.189492413
11/23/2019 9:00,0.541896129,0.178112644
11/23/2019 10:00,0.580118392,0.190675694
11/23/2019 11:00,0.604250851,0.19860765
11/23/2019 12:00,0.59523206,0.195643317
11/23/2019 13:00,0.6009034,0.197507396
11/23/2019 14:00,0.598839046,0.196828876
11/23/2019 15:00,0.683791585,0.224751425
11/23/2019 16:00,0.73307948,0.240951573
11/23/2019 17:00,0.725732377,0.238536697
11/23/2019 18:00,0.837984716,0.275432256
11/23/2019 19:00,0.923335066,0.30348556
11/23/2019 20:00,1.061813588,0.349001249
11/23/2019 21:00,1.152208879,0.378712744
11/23/2019 22:00,1.046524029,0.343975814
11/23/2019 23:00,1.037608677,0.341045479
11/24/2019 0:00,1.077795211,0.354254154
11/24/2019 1:00,1.179483709,0.387677548
11/24/2019 2:00,1.232579488,0.405129286
11/24/2019 3:00,1.200878366,0.394709631
11/24/2019 4:00,1.280222874,0.42078891
11/24/2019 5:00,1.289504601,0.423839666
11/24/2019 6:00,1.29,0.424002496
11/24/2019 7:00,1.288134775,0.423389426
11/24/2019 8:00,1.29,0.424002496
11/24/2019 9:00,1.29,0.424002496
11/24/2019 10:00,1.287793953,0.423277403
11/24/2019 11:00,1.2664841,0.416273193
11/24/2019 12:00,1.238215253,0.406981672
11/24/2019 13:00,1.171449685,0.385036891
11/24/2019 14:00,1.086749859,0.357197405
11/24/2019 15:00,1.077738327,0.354235457
11/24/2019 16:00,1.151381797,0.378440896
11/24/2019 17:00,1.11341416,0.365961537
11/24/2019 18:00,1.03514674,0.34023628
11/24/2019 19:00,0.939233849,0.308711237
11/24/2019 20:00,0.88892699,0.292176172
11/24/2019 21:00,0.80644066,0.265064227
11/24/2019 22:00,0.717138346,0.235711976
11/24/2019 23:00,0.690302081,0.226891322
11/25/2019 0:00,0.695998399,0.228763611
11/25/2019 1:00,0.70053068,0.2302533
11/25/2019 2:00,0.548022438,0.180126265
11/25/2019 3:00,0.388553514,0.127711364
11/25/2019 4:00,0.303910404,0.099890519
11/25/2019 5:00,0.283364801,0.093137506
11/25/2019 6:00,0.271548113,0.089253548
11/25/2019 7:00,0.245426827,0.080667897
11/25/2019 8:00,0.245208535,0.080596148
11/25/2019 9:00,0.280437124,0.092175225
11/25/2019 10:00,0.329114841,0.108174817
11/25/2019 11:00,0.412008189,0.135420543
11/25/2019 12:00,0.609380221,0.200293592
11/25/2019 13:00,0.74925844,0.24626934
11/25/2019 14:00,0.796297751,0.261730414
11/25/2019 15:00,0.798598781,0.262486726
11/25/2019 16:00,0.816660171,0.268423217
11/25/2019 17:00,0.84941285,0.279188503
11/25/2019 18:00,0.870121045,0.285994957
11/25/2019 19:00,0.881917183,0.28987216
11/25/2019 20:00,0.863310068,0.283756297
11/25/2019 21:00,0.83143981,0.27328105
11/25/2019 22:00,0.828253607,0.272233796
11/25/2019 23:00,0.8559204,0.281327431
11/26/2019 0:00,0.854406087,0.2808297
11/26/2019 1:00,0.887569538,0.291729999
11/26/2019 2:00,0.964854348,0.317132288
11/26/2019 3:00,0.983385006,0.323223021
11/26/2019 4:00,1.027756671,0.337807282
11/26/2019 5:00,1.083047467,0.355980487
11/26/2019 6:00,1.157228555,0.380362632
11/26/2019 7:00,1.169038036,0.384244221
11/26/2019 8:00,1.204153215,0.395786022
11/26/2019 9:00,1.215960388,0.399666852
11/26/2019 10:00,1.153194014,0.379036542
11/26/2019 11:00,1.112623267,0.365701583
11/26/2019 12:00,1.183712329,0.389067428
11/26/2019 13:00,1.255380278,0.412623543
11/26/2019 14:00,1.281427226,0.421184761
11/26/2019 15:00,1.29,0.424002496
11/26/2019 16:00,1.287261088,0.423102259
11/26/2019 17:00,1.276703857,0.419632265
11/26/2019 18:00,1.280316481,0.420819677
11/26/2019 19:00,1.288712944,0.423579461
11/26/2019 20:00,1.29,0.424002496
11/26/2019 21:00,1.29,0.424002496
11/26/2019 22:00,1.283845181,0.421979505
11/26/2019 23:00,1.288392977,0.423474293
11/27/2019 0:00,1.27699686,0.41972857
11/27/2019 1:00,1.238144906,0.406958551
11/27/2019 2:00,1.20277972,0.395334576
11/27/2019 3:00,1.171139159,0.384934827
11/27/2019 4:00,1.150682691,0.378211111
11/27/2019 5:00,1.16323902,0.382338176
11/27/2019 6:00,1.183794019,0.389094278
11/27/2019 7:00,1.204859756,0.396018251
11/27/2019 8:00,1.225228406,0.402713102
11/27/2019 9:00,1.245699269,0.40944155
11/27/2019 10:00,1.287995978,0.423343806
11/27/2019 11:00,1.278323555,0.420164634
11/27/2019 12:00,1.287223641,0.42308995
11/27/2019 13:00,1.29,0.424002496
11/27/2019 14:00,1.288168121,0.423400386
11/27/2019 15:00,1.285056357,0.422377599
11/27/2019 16:00,1.285140076,0.422405116
11/27/2019 17:00,1.280924493,0.421019521
11/27/2019 18:00,1.273184247,0.418475425
11/27/2019 19:00,1.271971419,0.418076788
11/27/2019 20:00,1.271725762,0.417996044
11/27/2019 21:00,1.27281646,0.418354539
11/27/2019 22:00,1.255226221,0.412572907
11/27/2019 23:00,1.267569996,0.41663011
11/28/2019 0:00,1.267787773,0.41670169
11/28/2019 1:00,1.274224471,0.41881733
11/28/2019 2:00,1.272423104,0.418225249
11/28/2019 3:00,1.265851515,0.416065273
11/28/2019 4:00,1.27642597,0.419540928
11/28/2019 5:00,1.287731232,0.423256788
11/28/2019 6:00,1.29,0.424002496
11/28/2019 7:00,1.29,0.424002496
11/28/2019 8:00,1.29,0.424002496
11/28/2019 9:00,1.29,0.424002496
11/28/2019 10:00,1.286167075,0.422742674
11/28/2019 11:00,1.277578187,0.419919643
11/28/2019 12:00,1.273043472,0.418429154
11/28/2019 13:00,1.283704063,0.421933121
11/28/2019 14:00,1.29,0.424002496
11/28/2019 15:00,1.289354475,0.423790322
11/28/2019 16:00,1.287157768,0.423068299
11/28/2019 17:00,1.272463028,0.418238372
11/28/2019 18:00,1.238488688,0.407071546
11/28/2019 19:00,1.211613628,0.398238141
11/28/2019 20:00,1.176824318,0.386803448
11/28/2019 21:00,1.163164442,0.382313664
11/28/2019 22:00,1.137208652,0.373782408
11/28/2019 23:00,1.110635422,0.36504821
11/29/2019 0:00,1.067930909,0.351011915
11/29/2019 1:00,1.064816915,0.349988395
11/29/2019 2:00,1.099163075,0.361277432
11/29/2019 3:00,1.115181571,0.366542457
11/29/2019 4:00,1.085895386,0.356916553
11/29/2019 5:00,1.090436017,0.358408986
11/29/2019 6:00,1.115571641,0.366670666
11/29/2019 7:00,1.08146093,0.355459018
11/29/2019 8:00,1.065541087,0.350226419
11/29/2019 9:00,1.020226759,0.335332319
11/29/2019 10:00,0.958126893,0.31492108
11/29/2019 11:00,0.879032013,0.28892385
11/29/2019 12:00,0.765535369,0.251619308
11/29/2019 13:00,0.671859746,0.220829619
11/29/2019 14:00,0.600897036,0.197505305
11/29/2019 15:00,0.600229934,0.197286039
11/29/2019 16:00,0.644822688,0.211942968
11/29/2019 17:00,0.689154019,0.226513972
11/29/2019 18:00,0.748582257,0.246047089
11/29/2019 19:00,0.750538516,0.246690081
11/29/2019 20:00,0.694103753,0.228140871
11/29/2019 21:00,0.583428282,0.191763603
11/29/2019 22:00,0.761993859,0.25045527
11/29/2019 23:00,0.59414415,0.195285738
11/30/2019 0:00,0.36019552,0.118390542
11/30/2019 1:00,0.271923166,0.089376822
11/30/2019 2:00,0.207329225,0.068145821
11/30/2019 3:00,0.185968742,0.06112497
11/30/2019 4:00,0.16821495,0.05528958
11/30/2019 5:00,0.134750319,0.044290288
11/30/2019 6:00,0.087581796,0.028786744
11/30/2019 7:00,0.034570951,0.011362922
11/30/2019 8:00,0.009707384,0.003190663
11/30/2019 9:00,0,0
11/30/2019 10:00,0.007377283,0.002424795
11/30/2019 11:00,0,0
11/30/2019 12:00,0,0
11/30/2019 13:00,0,0
11/30/2019 14:00,0.009102651,0.002991897
11/30/2019 15:00,0.037102464,0.01219499
11/30/2019 16:00,0.071452592,0.023485331
11/30/2019 17:00,0.100837492,0.033143681
11/30/2019 18:00,0.122224623,0.040173291
11/30/2019 19:00,0.159633147,0.052468878
11/30/2019 20:00,0.215132986,0.070710793
11/30/2019 21:00,0.260684274,0.085682777
11/30/2019 22:00,0.354782732,0.116611445
11/30/2019 23:00,0.428267962,0.140764872
12/01/2019 00:00,0.562619222,0.184923996
12/01/2019 01:00,0.758238213,0.249220849
12/01/2019 02:00,0.804760242,0.2645119
12/01/2019 03:00,0.902994784,0.296800033
12/01/2019 04:00,0.986643448,0.324294019
12/01/2019 05:00,0.991920546,0.326028517
12/01/2019 06:00,0.992445599,0.326201094
12/01/2019 07:00,1.071984087,0.35234413
12/01/2019 08:00,1.070901071,0.35198816
12/01/2019 09:00,1.040731257,0.342071822
12/01/2019 10:00,0.970028183,0.318832845
12/01/2019 11:00,0.98242283,0.322906769
12/01/2019 12:00,1.123627002,0.369318336
12/01/2019 13:00,1.212792742,0.398625697
12/01/2019 14:00,1.255756379,0.412747162
12/01/2019 15:00,1.262242907,0.41487918
12/01/2019 16:00,1.230805362,0.404546159
12/01/2019 17:00,1.169456888,0.384381891
12/01/2019 18:00,1.069160291,0.351415994
12/01/2019 19:00,0.993916229,0.326684466
12/01/2019 20:00,0.822637459,0.270387857
12/01/2019 21:00,0.779333109,0.256154406
12/01/2019 22:00,0.871629477,0.286490755
12/01/2019 23:00,0.839563295,0.27595111
12/02/2019 00:00,0.721343225,0.237094053
12/02/2019 01:00,0.756226663,0.248559684
12/02/2019 02:00,0.777034819,0.255398994
12/02/2019 03:00,0.972256102,0.319565127
12/02/2019 04:00,1.095130717,0.35995206
12/02/2019 05:00,1.153153565,0.379023248
12/02/2019 06:00,1.136839536,0.373661086
12/02/2019 07:00,1.102700246,0.362440044
12/02/2019 08:00,1.139844533,0.37464878
12/02/2019 09:00,1.170204175,0.384627512
12/02/2019 10:00,1.095773296,0.360163265
12/02/2019 11:00,1.049849083,0.345068707
12/02/2019 12:00,1.019924438,0.335232951
12/02/2019 13:00,1.11463689,0.366363429
12/02/2019 14:00,1.164160266,0.382640975
12/02/2019 15:00,1.229918445,0.404254644
12/02/2019 16:00,1.249135156,0.410570871
12/02/2019 17:00,1.261906471,0.414768599
12/02/2019 18:00,1.280087696,0.420744479
12/02/2019 19:00,1.284104929,0.422064879
12/02/2019 20:00,1.284642876,0.422241694
12/02/2019 21:00,1.29,0.424002496
12/02/2019 22:00,1.29,0.424002496
12/02/2019 23:00,1.265464157,0.415937954
12/03/2019 00:00,1.248765307,0.410449308
12/03/2019 01:00,1.253516715,0.41201102
12/03/2019 02:00,1.262307318,0.414900351
12/03/2019 03:00,1.271418009,0.41789489
12/03/2019 04:00,1.271014865,0.417762384
12/03/2019 05:00,1.27287199,0.418372791
12/03/2019 06:00,1.275965702,0.419389645
12/03/2019 07:00,1.280658714,0.420932163
12/03/2019 08:00,1.28810109,0.423378354
12/03/2019 09:00,1.29,0.424002496
12/03/2019 10:00,1.29,0.424002496
12/03/2019 11:00,1.29,0.424002496
12/03/2019 12:00,1.29,0.424002496
12/03/2019 13:00,1.287236608,0.423094213
12/03/2019 14:00,1.227782051,0.403552445
12/03/2019 15:00,1.094072141,0.359604123
12/03/2019 16:00,0.925848592,0.304311716
12/03/2019 17:00,0.802590719,0.263798812
12/03/2019 18:00,0.832392746,0.273594265
12/03/2019 19:00,0.90254581,0.296652462
12/03/2019 20:00,0.970697106,0.31905271
12/03/2019 21:00,1.026196312,0.337294417
12/03/2019 22:00,0.957963327,0.314867319
12/03/2019 23:00,1.126593749,0.370293458
12/04/2019 00:00,1.217365738,0.400128768
12/04/2019 01:00,1.219454506,0.400815313
12/04/2019 02:00,1.232009058,0.404941795
12/04/2019 03:00,1.23180989,0.404876331
12/04/2019 04:00,1.211289434,0.398131584
12/04/2019 05:00,1.243160344,0.408607045
12/04/2019 06:00,1.261276261,0.414561459
12/04/2019 07:00,1.263822883,0.415398493
12/04/2019 08:00,1.262118407,0.414838259
12/04/2019 09:00,1.268290102,0.416866797
12/04/2019 10:00,1.282573327,0.421561466
12/04/2019 11:00,1.29,0.424002496
12/04/2019 12:00,1.288741067,0.423588705
12/04/2019 13:00,1.29,0.424002496
12/04/2019 14:00,1.287077575,0.423041941
12/04/2019 15:00,1.243717274,0.408790099
12/04/2019 16:00,1.209987548,0.397703675
12/04/2019 17:00,1.213934754,0.399001058
12/04/2019 18:00,1.21874234,0.400581235
12/04/2019 19:00,1.206708491,0.3966259
12/04/2019 20:00,1.201050751,0.394766291
12/04/2019 21:00,1.195716683,0.393013068
12/04/2019 22:00,1.177259887,0.386946613
12/04/2019 23:00,1.170894818,0.384854515
12/05/2019 00:00,1.162346342,0.382044767
12/05/2019 01:00,0,0
12/05/2019 02:00,1.166621271,0.383449868
12/05/2019 03:00,1.171067079,0.384911135
12/05/2019 04:00,1.15998375,0.381268221
12/05/2019 05:00,0,0
12/05/2019 06:00,0,0
12/05/2019 07:00,0,0
12/05/2019 08:00,1.164248256,0.382669896
12/05/2019 09:00,1.171168395,0.384944436
12/05/2019 10:00,1.190106458,0.391169076
12/05/2019 11:00,1.25976024,0.414063167
12/05/2019 12:00,1.27618811,0.419462747
12/05/2019 13:00,1.29,0.424002496
12/05/2019 14:00,1.230876134,0.404569421
12/05/2019 15:00,0.976264068,0.320882482
12/05/2019 16:00,0.608924863,0.200143924
12/05/2019 17:00,0.143196461,0.047066401
12/05/2019 18:00,0.053738293,0.017662923
12/05/2019 19:00,0.598040091,0.196566272
12/05/2019 20:00,0.248045899,0.081528744
12/05/2019 21:00,0.149714359,0.04920873
12/05/2019 22:00,0.546310026,0.179563422
12/05/2019 23:00,0.730877579,0.240227843
12/06/2019 00:00,0.741174775,0.243612368
12/06/2019 01:00,0.509736085,0.167542149
12/06/2019 02:00,0.334164459,0.109834546
12/06/2019 03:00,0.140273561,0.04610569
12/06/2019 04:00,0.012456752,0.004094336
12/06/2019 05:00,0,0
12/06/2019 06:00,0.008779578,0.002885708
12/06/2019 07:00,0.018397623,0.006047006
12/06/2019 08:00,0.028266026,0.009290594
12/06/2019 09:00,0.020860553,0.006856532
12/06/2019 10:00,0.032642518,0.010729077
12/06/2019 11:00,0.009431791,0.00310008
12/06/2019 12:00,0.007565428,0.002486636
12/06/2019 13:00,0.015857839,0.00521222
12/06/2019 14:00,0.084002673,0.027610344
12/06/2019 15:00,0.190774355,0.062704498
12/06/2019 16:00,0.263910617,0.086743225
12/06/2019 17:00,0.340399073,0.111883765
12/06/2019 18:00,0.644712819,0.211906856
12/06/2019 19:00,0.672330075,0.220984209
12/06/2019 20:00,0.681006347,0.223835962
12/06/2019 21:00,0.791773358,0.260243318
12/06/2019 22:00,0.835537926,0.274628036
12/06/2019 23:00,0.876982819,0.288250313
12/07/2019 00:00,0.968928988,0.318471558
12/07/2019 01:00,1.010632858,0.332178957
12/07/2019 02:00,0.941004103,0.309293091
12/07/2019 03:00,0.870719961,0.286191811
12/07/2019 04:00,0.973113063,0.319846796
12/07/2019 05:00,0.699222597,0.229823354
12/07/2019 06:00,0.399992116,0.131471051
12/07/2019 07:00,0.240139656,0.078930088
12/07/2019 08:00,0.143383287,0.047127807
12/07/2019 09:00,0.079606447,0.026165374
12/07/2019 10:00,0.008650748,0.002843363
12/07/2019 11:00,0,0
12/07/2019 12:00,0,0
12/07/2019 13:00,0.149893184,0.049267507
12/07/2019 14:00,0.697903017,0.229389629
12/07/2019 15:00,1.100679942,0.361776002
12/07/2019 16:00,1.288548157,0.423525298
12/07/2019 17:00,1.29,0.424002496
12/07/2019 18:00,1.287787118,0.423275157
12/07/2019 19:00,1.29,0.424002496
12/07/2019 20:00,1.27768815,0.419955786
12/07/2019 21:00,1.257881968,0.413445809
12/07/2019 22:00,1.130902146,0.37170956
12/07/2019 23:00,1.184024117,0.389169908
12/08/2019 00:00,1.273213223,0.418484949
12/08/2019 01:00,1.27953828,0.420563895
12/08/2019 02:00,1.193328342,0.392228058
12/08/2019 03:00,0,0
12/08/2019 04:00,0,0
12/08/2019 05:00,1.171590223,0.385083084
12/08/2019 06:00,1.182285038,0.3885983
12/08/2019 07:00,1.194861465,0.392731971
12/08/2019 08:00,1.216567696,0.399866465
12/08/2019 09:00,1.23537346,0.40604762
12/08/2019 10:00,1.221591271,0.401517634
12/08/2019 11:00,1.250049517,0.410871407
12/08/2019 12:00,1.272927911,0.418391171
12/08/2019 13:00,1.289615287,0.423876046
12/08/2019 14:00,1.29,0.424002496
12/08/2019 15:00,1.280264766,0.420802679
12/08/2019 16:00,1.234395774,0.40572627
12/08/2019 17:00,1.134258225,0.37281265
12/08/2019 18:00,0.977262005,0.321210488
12/08/2019 19:00,0.901694887,0.296372777
12/08/2019 20:00,0.905107231,0.29749436
12/08/2019 21:00,1.278908452,0.42035688
12/08/2019 22:00,0,0
12/08/2019 23:00,1.163547937,0.382439712
12/09/2019 00:00,1.17420679,0.385943108
12/09/2019 01:00,1.176469417,0.386686798
12/09/2019 02:00,1.185512411,0.389659086
12/09/2019 03:00,1.194129998,0.39249155
12/09/2019 04:00,1.196877165,0.3933945
12/09/2019 05:00,1.221322183,0.401429189
12/09/2019 06:00,1.246857735,0.409822319
12/09/2019 07:00,1.261796943,0.414732599
12/09/2019 08:00,1.27029701,0.417526436
12/09/2019 09:00,1.275860195,0.419354967
12/09/2019 10:00,1.28039758,0.420846333
12/09/2019 11:00,1.289410683,0.423808797
12/09/2019 12:00,1.253041864,0.411854944
12/09/2019 13:00,1.057254574,0.347502774
12/09/2019 14:00,0.641244299,0.210766809
12/09/2019 15:00,0.408978995,0.134424895
12/09/2019 16:00,0.174206315,0.057258847
12/09/2019 17:00,0.102376574,0.033649553
12/09/2019 18:00,0.024772265,0.00814225
12/09/2019 19:00,0.084423786,0.027748756
12/09/2019 20:00,0.308025971,0.101243241
12/09/2019 21:00,1.021340021,0.335698231
12/09/2019 22:00,1.275407653,0.419206223
12/09/2019 23:00,1.29,0.424002496
12/10/2019 00:00,1.288174154,0.423402369
12/10/2019 01:00,1.28973396,0.423915052
12/10/2019 02:00,1.29,0.424002496
12/10/2019 03:00,1.287278622,0.423108022
12/10/2019 04:00,1.262640173,0.415009755
12/10/2019 05:00,1.209466952,0.397532563
12/10/2019 06:00,1.180606962,0.388046743
12/10/2019 07:00,1.172629311,0.385424616
12/10/2019 08:00,1.173504283,0.385712205
12/10/2019 09:00,1.167416379,0.383711208
12/10/2019 10:00,0,0
12/10/2019 11:00,1.171518298,0.385059443
12/10/2019 12:00,1.175022191,0.386211117
12/10/2019 13:00,1.190302059,0.391233367
12/10/2019 14:00,1.228247794,0.403705527
12/10/2019 15:00,1.217577945,0.400198517
12/10/2019 16:00,1.23629968,0.406352054
12/10/2019 17:00,1.225423187,0.402777124
12/10/2019 18:00,1.201823325,0.395020224
12/10/2019 19:00,1.182797779,0.38876683
12/10/2019 20:00,1.168701137,0.384133487
12/10/2019 21:00,1.16792683,0.383878985
12/10/2019 22:00,1.168294611,0.383999869
12/10/2019 23:00,1.179766444,0.387770478
12/11/2019 00:00,1.178009267,0.387192922
12/11/2019 01:00,1.171267878,0.384977134
12/11/2019 02:00,1.172607998,0.38541761
12/11/2019 03:00,0,0
12/11/2019 04:00,0,0
12/11/2019 05:00,1.161281485,0.381694766
12/11/2019 06:00,1.178611215,0.387390772
12/11/2019 07:00,1.177440062,0.387005833
12/11/2019 08:00,1.174589383,0.38606886
12/11/2019 09:00,1.174080702,0.385901665
12/11/2019 10:00,1.208879013,0.397339317
12/11/2019 11:00,1.173071819,0.385570061
12/11/2019 12:00,0,0
12/11/2019 13:00,0,0
12/11/2019 14:00,0,0
12/11/2019 15:00,0,0
12/11/2019 16:00,0,0
12/11/2019 17:00,0,0
12/11/2019 18:00,0,0
12/11/2019 19:00,0,0
12/11/2019 20:00,1.160381423,0.38139893
12/11/2019 21:00,1.188896878,0.390771507
12/11/2019 22:00,1.205074915,0.39608897
12/11/2019 23:00,1.227937771,0.403603627
12/12/2019 00:00,1.218396404,0.400467532
12/12/2019 01:00,1.218190104,0.400399724
12/12/2019 02:00,1.210740056,0.397951012
12/12/2019 03:00,1.225127563,0.402679957
12/12/2019 04:00,1.251472661,0.411339172
12/12/2019 05:00,1.272140695,0.418132426
12/12/2019 06:00,1.29,0.424002496
12/12/2019 07:00,1.29,0.424002496
12/12/2019 08:00,1.2761841,0.419461429
12/12/2019 09:00,1.18347184,0.388988383
12/12/2019 10:00,0.953950087,0.313548231
12/12/2019 11:00,0.769068889,0.25278072
12/12/2019 12:00,0.603201333,0.198262691
12/12/2019 13:00,0.384059233,0.126234165
12/12/2019 14:00,0.179886172,0.059125725
12/12/2019 15:00,0.041259563,0.013561363
12/12/2019 16:00,0.011859873,0.003898152
12/12/2019 17:00,0.057876057,0.01902294
12/12/2019 18:00,0.105094696,0.034542956
12/12/2019 19:00,0.10838307,0.035623792
12/12/2019 20:00,0.102406861,0.033659507
12/12/2019 21:00,0.087320578,0.028700886
12/12/2019 22:00,0.10266661,0.033744883
12/12/2019 23:00,0.175736654,0.057761845
12/13/2019 0:00,0.288986442,0.09498525
12/13/2019 1:00,0.374352252,0.123043635
12/13/2019 2:00,0.46121895,0.151595338
12/13/2019 3:00,0.456663731,0.15009811
12/13/2019 4:00,0.468994287,0.154150967
12/13/2019 5:00,0.618812467,0.203393822
12/13/2019 6:00,0.806608605,0.265119428
12/13/2019 7:00,0.926692608,0.304589131
12/13/2019 8:00,1.025531344,0.337075852
12/13/2019 9:00,1.100085609,0.361580654
12/13/2019 10:00,1.07721451,0.354063287
12/13/2019 11:00,1.111082518,0.365195163
12/13/2019 12:00,1.100447187,0.361699499
12/13/2019 13:00,1.068863824,0.351318549
12/13/2019 14:00,0.952128956,0.312949654
12/13/2019 15:00,0.811546538,0.266742448
12/13/2019 16:00,0.609260771,0.200254331
12/13/2019 17:00,0.506610549,0.166514835
12/13/2019 18:00,0.508285191,0.167065263
12/13/2019 19:00,0.359061643,0.118017855
12/13/2019 20:00,0.24922635,0.08191674
12/13/2019 21:00,0.197340404,0.064862654
12/13/2019 22:00,0.250185086,0.082231861
12/13/2019 23:00,0.180509904,0.059330736
12/14/2019 0:00,0.213692994,0.070237491
12/14/2019 1:00,0.226825187,0.074553834
12/14/2019 2:00,0.28444731,0.093493309
12/14/2019 3:00,0.395510338,0.129997961
12/14/2019 4:00,0.483205733,0.158822044
12/14/2019 5:00,0.41311947,0.135785803
12/14/2019 6:00,0.444061929,0.145956098
12/14/2019 7:00,0.824830535,0.271108686
12/14/2019 8:00,1.131382461,0.371867432
12/14/2019 9:00,1.233109754,0.405303576
12/14/2019 10:00,1.247833595,0.410143069
12/14/2019 11:00,1.262394927,0.414929147
12/14/2019 12:00,1.268783616,0.417029007
12/14/2019 13:00,1.203882614,0.39569708
12/14/2019 14:00,1.168060404,0.383922889
12/14/2019 15:00,1.162870417,0.382217022
12/14/2019 16:00,1.13198296,0.372064806
12/14/2019 17:00,1.09424124,0.359659703
12/14/2019 18:00,1.012283232,0.332721408
12/14/2019 19:00,0.899026736,0.295495798
12/14/2019 20:00,0.796191782,0.261695583
12/14/2019 21:00,0.747040293,0.24554027
12/14/2019 22:00,0.403316551,0.13256374
12/14/2019 23:00,0.352989562,0.116022058
12/15/2019 0:00,0.311974852,0.102541175
12/15/2019 1:00,0.353783392,0.116282978
12/15/2019 2:00,0.42331544,0.139137057
12/15/2019 3:00,0.559517931,0.183904651
12/15/2019 4:00,0.623392659,0.204899258
12/15/2019 5:00,0.657476395,0.216102041
12/15/2019 6:00,0.656229697,0.215692271
12/15/2019 7:00,0.67525523,0.221945661
12/15/2019 8:00,0.690871896,0.227078611
12/15/2019 9:00,0.719678565,0.236546905
12/15/2019 10:00,0.363639243,0.119522439
12/15/2019 11:00,0.592750928,0.194827808
12/15/2019 12:00,0.820148036,0.269569623
12/15/2019 13:00,0.882087553,0.289928158
12/15/2019 14:00,0.845930906,0.278044043
12/15/2019 15:00,0.721400177,0.237112772
12/15/2019 16:00,0.620452327,0.203932818
12/15/2019 17:00,0.556468214,0.182902257
12/15/2019 18:00,0.561772744,0.184645772
12/15/2019 19:00,0.643905262,0.211641425
12/15/2019 20:00,0.724812705,0.238234415
12/15/2019 21:00,0.687645986,0.226018306
12/15/2019 22:00,0.624623671,0.205303873
12/15/2019 23:00,0.54011483,0.17752716
12/16/2019 0:00,0.538047157,0.176847548
12/16/2019 1:00,0.554241306,0.182170308
12/16/2019 2:00,0.403415847,0.132596377
12/16/2019 3:00,0.299169206,0.098332163
12/16/2019 4:00,0.183281607,0.060241751
12/16/2019 5:00,0.079664514,0.02618446
12/16/2019 6:00,0.068068268,0.022372958
12/16/2019 7:00,0.106158075,0.034892472
12/16/2019 8:00,0.114304906,0.037570206
12/16/2019 9:00,0.100537322,0.03304502
12/16/2019 10:00,0.105294587,0.034608657
12/16/2019 11:00,0.108639267,0.035708
12/16/2019 12:00,0.105462134,0.034663727
12/16/2019 13:00,0.116288567,0.038222204
12/16/2019 14:00,0.095611155,0.031425867
12/16/2019 15:00,0.076187467,0.025041609
12/16/2019 16:00,0.089442273,0.029398253
12/16/2019 17:00,0.114869397,0.037755745
12/16/2019 18:00,0.09774313,0.032126613
12/16/2019 19:00,0.077169846,0.025364502
12/16/2019 20:00,0.057460402,0.018886321
12/16/2019 21:00,0.023795926,0.007821343
12/16/2019 22:00,0.081279659,0.026715332
12/16/2019 23:00,0.102028818,0.033535251
12/17/2019 0:00,0.09796028,0.032197987
12/17/2019 1:00,0.103016542,0.0338599
12/17/2019 2:00,0.115531996,0.037973531
12/17/2019 3:00,0.083504984,0.027446761
12/17/2019 4:00,0.018472392,0.006071582
12/17/2019 5:00,0,0
12/17/2019 6:00,0,0
12/17/2019 7:00,0,0
12/17/2019 8:00,0,0
12/17/2019 9:00,0.007759222,0.002550333
12/17/2019 10:00,0,0
12/17/2019 11:00,0,0
12/17/2019 12:00,0,0
12/17/2019 13:00,0,0
12/17/2019 14:00,0,0
12/17/2019 15:00,0,0
12/17/2019 16:00,0,0
12/17/2019 17:00,0,0
12/17/2019 18:00,0,0
12/17/2019 19:00,0,0
12/17/2019 20:00,0,0
12/17/2019 21:00,0.010340172,0.00339865
12/17/2019 22:00,0.009881565,0.003247913
12/17/2019 23:00,0.084076527,0.027634618
12/18/2019 0:00,0.241104604,0.079247251
12/18/2019 1:00,0.357332569,0.117449536
12/18/2019 2:00,0.325647167,0.107035048
12/18/2019 3:00,0.344247518,0.113148688
12/18/2019 4:00,0.427215925,0.140419084
12/18/2019 5:00,0.449851682,0.147859098
12/18/2019 6:00,0.572377262,0.188131308
12/18/2019 7:00,0.661409569,0.217394812
12/18/2019 8:00,0.614231474,0.201888122
12/18/2019 9:00,0.434924996,0.142952933
12/18/2019 10:00,0.377232358,0.12399028
12/18/2019 11:00,0.379310067,0.12467319
12/18/2019 12:00,0.397677234,0.130710186
12/18/2019 13:00,0.214260549,0.070424037
12/18/2019 14:00,0.170923075,0.056179698
12/18/2019 15:00,0.201264042,0.066152292
12/18/2019 16:00,0.451304072,0.148336475
12/18/2019 17:00,0.894166127,0.293898193
12/18/2019 18:00,0.990830215,0.325670143
12/18/2019 19:00,1.121731258,0.368695235
12/18/2019 20:00,1.288055445,0.423363351
12/18/2019 21:00,1.28742017,0.423154547
12/18/2019 22:00,1.274214613,0.41881409
12/18/2019 23:00,1.215394962,0.399481006
12/19/2019 0:00,1.165808074,0.383182584
12/19/2019 1:00,1.173979341,0.385868349
12/19/2019 2:00,0,0
12/19/2019 3:00,0,0
12/19/2019 4:00,0,0
12/19/2019 5:00,1.219265521,0.400753197
12/19/2019 6:00,1.29,0.424002496
12/19/2019 7:00,1.288608507,0.423545134
12/19/2019 8:00,1.176884363,0.386823184
12/19/2019 9:00,1.005137853,0.330372836
12/19/2019 10:00,0.893976659,0.293835918
12/19/2019 11:00,0.93339835,0.306793201
12/19/2019 12:00,0.751080146,0.246868106
12/19/2019 13:00,0.683498895,0.224655223
12/19/2019 14:00,0.774849586,0.254680743
12/19/2019 15:00,0.679418939,0.223314206
12/19/2019 16:00,0.21483014,0.070611252
12/19/2019 17:00,0.22930385,0.075368531
12/19/2019 18:00,0.232696965,0.076483794
12/19/2019 19:00,0.218441882,0.071798374
12/19/2019 20:00,0.248940307,0.081822722
12/19/2019 21:00,0.738082014,0.242595826
12/19/2019 22:00,0.873311994,0.287043771
12/19/2019 23:00,0.940164841,0.30901724
12/20/2019 0:00,1.109320247,0.364615933
12/20/2019 1:00,1.27989617,0.420681527
12/20/2019 2:00,1.29,0.424002496
12/20/2019 3:00,1.28659968,0.422884865
12/20/2019 4:00,1.29,0.424002496
12/20/2019 5:00,1.287532389,0.423191431
12/20/2019 6:00,1.270947783,0.417740335
12/20/2019 7:00,1.278414485,0.420194521
12/20/2019 8:00,1.280344141,0.420828768
12/20/2019 9:00,1.250374505,0.410978225
12/20/2019 10:00,1.244610364,0.409083644
12/20/2019 11:00,1.237671523,0.406802957
12/20/2019 12:00,1.132534728,0.372246164
12/20/2019 13:00,1.00045698,0.328834307
12/20/2019 14:00,0.906521742,0.297959288
12/20/2019 15:00,0.841686843,0.276649087
12/20/2019 16:00,0.761252991,0.250211758
12/20/2019 17:00,0.351821065,0.115637992
12/20/2019 18:00,0.171036168,0.05621687
12/20/2019 19:00,0.041931192,0.013782116
12/20/2019 20:00,0,0
12/20/2019 21:00,0.007716564,0.002536312
12/20/2019 22:00,0,0
12/20/2019 23:00,0.016015269,0.005263964
12/21/2019 0:00,0.065627214,0.021570622
12/21/2019 1:00,0.14691815,0.048289661
12/21/2019 2:00,0.456255111,0.149963803
12/21/2019 3:00,0.922432406,0.30318887
12/21/2019 4:00,1.116667215,0.367030764
12/21/2019 5:00,1.239062809,0.407260251
12/21/2019 6:00,1.258866038,0.413769257
12/21/2019 7:00,1.247755051,0.410117252
12/21/2019 8:00,1.225200205,0.402703833
12/21/2019 9:00,1.233310203,0.40536946
12/21/2019 10:00,1.20981441,0.397646767
12/21/2019 11:00,1.196616884,0.39330895
12/21/2019 12:00,1.129869548,0.371370161
12/21/2019 13:00,1.022085078,0.335943119
12/21/2019 14:00,0.870684776,0.286180247
12/21/2019 15:00,0.790960537,0.259976156
12/21/2019 16:00,0.876440573,0.288072085
12/21/2019 17:00,0.82798402,0.272145187
12/21/2019 18:00,0.632204489,0.207795567
12/21/2019 19:00,0.398212899,0.13088625
12/21/2019 20:00,0.343060995,0.112758696
12/21/2019 21:00,0.352920075,0.115999219
12/21/2019 22:00,0.338714581,0.111330099
12/21/2019 23:00,0.265452331,0.087249962
12/22/2019 0:00,0.195593137,0.064288355
12/22/2019 1:00,0.152262676,0.050046321
12/22/2019 2:00,0.112536455,0.036988944
12/22/2019 3:00,0.087408558,0.028729804
12/22/2019 4:00,0.056875872,0.018694195
12/22/2019 5:00,0.028113861,0.009240579
12/22/2019 6:00,0.009809282,0.003224155
12/22/2019 7:00,0,0
12/22/2019 8:00,0,0
12/22/2019 9:00,0,0
12/22/2019 10:00,0,0
12/22/2019 11:00,0,0
12/22/2019 12:00,0.00836313,0.002748828
12/22/2019 13:00,0.010427477,0.003427346
12/22/2019 14:00,0.019427164,0.0063854
12/22/2019 15:00,0.025894937,0.008511254
12/22/2019 16:00,0.021334293,0.007012243
12/22/2019 17:00,0.013001687,0.004273448
12/22/2019 18:00,0.008465074,0.002782335
12/22/2019 19:00,0.007929522,0.002606308
12/22/2019 20:00,0,0
12/22/2019 21:00,0,0
12/22/2019 22:00,0,0
12/22/2019 23:00,0,0
12/23/2019 0:00,0,0
12/23/2019 1:00,0,0
12/23/2019 2:00,0,0
12/23/2019 3:00,0,0
12/23/2019 4:00,0.008696176,0.002858295
12/23/2019 5:00,0.014676811,0.004824035
12/23/2019 6:00,0.008956412,0.00294383
12/23/2019 7:00,0,0
12/23/2019 8:00,0,0
12/23/2019 9:00,0,0
12/23/2019 10:00,0,0
12/23/2019 11:00,0,0
12/23/2019 12:00,0,0
12/23/2019 13:00,0,0
12/23/2019 14:00,0,0
12/23/2019 15:00,0,0
12/23/2019 16:00,0,0
12/23/2019 17:00,0,0
12/23/2019 18:00,0,0
12/23/2019 19:00,0,0
12/23/2019 20:00,0,0
12/23/2019 21:00,0,0
12/23/2019 22:00,0,0
12/23/2019 23:00,0,0
12/24/2019 0:00,0,0
12/24/2019 1:00,0,0
12/24/2019 2:00,0,0
12/24/2019 3:00,0,0
12/24/2019 4:00,0,0
12/24/2019 5:00,0,0
12/24/2019 6:00,0,0
12/24/2019 7:00,0,0
12/24/2019 8:00,0,0
12/24/2019 9:00,0,0
12/24/2019 10:00,0,0
12/24/2019 11:00,0,0
12/24/2019 12:00,0,0
12/24/2019 13:00,0,0
12/24/2019 14:00,0,0
12/24/2019 15:00,0,0
12/24/2019 16:00,0,0
12/24/2019 17:00,0,0
12/24/2019 18:00,0,0
12/24/2019 19:00,0,0
12/24/2019 20:00,0.009091833,0.002988341
12/24/2019 21:00,0.02682454,0.0088168
12/24/2019 22:00,0.009095628,0.002989588
12/24/2019 23:00,0.012158086,0.00399617
12/25/2019 0:00,0.020958981,0.006888884
12/25/2019 1:00,0.066278998,0.021784853
12/25/2019 2:00,0.110946395,0.036466316
12/25/2019 3:00,0.11372202,0.03737862
12/25/2019 4:00,0.128580381,0.042262328
12/25/2019 5:00,0.178613915,0.058707555
12/25/2019 6:00,0.214996456,0.070665918
12/25/2019 7:00,0.208117821,0.06840502
12/25/2019 8:00,0.189917077,0.062422724
12/25/2019 9:00,0.17186488,0.056489254
12/25/2019 10:00,0.119483375,0.039272286
12/25/2019 11:00,0.097169627,0.031938112
12/25/2019 12:00,0.094826565,0.031167985
12/25/2019 13:00,0.101763585,0.033448073
12/25/2019 14:00,0.089161698,0.029306033
12/25/2019 15:00,0.048452993,0.015925729
12/25/2019 16:00,0.015196598,0.00499488
12/25/2019 17:00,0,0
12/25/2019 18:00,0,0
12/25/2019 19:00,0,0
12/25/2019 20:00,0,0
12/25/2019 21:00,0,0
12/25/2019 22:00,0,0
12/25/2019 23:00,0,0
12/26/2019 0:00,0.007915007,0.002601537
12/26/2019 1:00,0.015748108,0.005176153
12/26/2019 2:00,0.048807098,0.016042117
12/26/2019 3:00,0.083343281,0.027393612
12/26/2019 4:00,0.166076523,0.054586713
12/26/2019 5:00,0.338447851,0.111242429
12/26/2019 6:00,0.674072992,0.221557078
12/26/2019 7:00,0.860886967,0.282959862
12/26/2019 8:00,0.9501518,0.312299794
12/26/2019 9:00,1.035782049,0.340445096
12/26/2019 10:00,1.053761379,0.346354616
12/26/2019 11:00,1.087337869,0.357390674
12/26/2019 12:00,1.094459302,0.359731376
12/26/2019 13:00,1.101701161,0.36211166
12/26/2019 14:00,1.123363267,0.36923165
12/26/2019 15:00,1.202545759,0.395257677
12/26/2019 16:00,1.255610397,0.41269918
12/26/2019 17:00,1.245175691,0.409269458
12/26/2019 18:00,1.264273915,0.41554674
12/26/2019 19:00,1.283808337,0.421967395
12/26/2019 20:00,1.287915722,0.423317426
12/26/2019 21:00,1.287711977,0.423250459
12/26/2019 22:00,1.287807605,0.42328189
12/26/2019 23:00,1.29,0.424002496
12/27/2019 0:00,1.29,0.424002496
12/27/2019 1:00,1.29,0.424002496
12/27/2019 2:00,1.289157532,0.42372559
12/27/2019 3:00,1.275819819,0.419341696
12/27/2019 4:00,1.268040455,0.416784742
12/27/2019 5:00,1.247045461,0.409884022
12/27/2019 6:00,1.235189307,0.405987092
12/27/2019 7:00,1.210450814,0.397855943
12/27/2019 8:00,1.208537956,0.397227217
12/27/2019 9:00,1.205298594,0.39616249
12/27/2019 10:00,1.199584188,0.394284255
12/27/2019 11:00,1.216751117,0.399926752
12/27/2019 12:00,1.246458494,0.409691095
12/27/2019 13:00,1.249883758,0.410816924
12/27/2019 14:00,1.248809803,0.410463933
12/27/2019 15:00,1.254595371,0.412365557
12/27/2019 16:00,1.267427378,0.416583233
12/27/2019 17:00,1.287338222,0.423127612
12/27/2019 18:00,1.29,0.424002496
12/27/2019 19:00,1.280917838,0.421017333
12/27/2019 20:00,1.220478653,0.401151934
12/27/2019 21:00,1.117137987,0.3671855
12/27/2019 22:00,0.939108951,0.308670185
12/27/2019 23:00,0.783082878,0.257386895
12/28/2019 0:00,0.716456049,0.235487715
12/28/2019 1:00,0.755283333,0.248249627
12/28/2019 2:00,0.819847704,0.269470909
12/28/2019 3:00,0.955899093,0.314188838
12/28/2019 4:00,0.982265836,0.322855167
12/28/2019 5:00,1.081677896,0.355530331
12/28/2019 6:00,1.197884724,0.393725669
12/28/2019 7:00,1.287983309,0.423339641
12/28/2019 8:00,1.276481959,0.419559331
12/28/2019 9:00,1.230331612,0.404390445
12/28/2019 10:00,1.254409644,0.412304511
12/28/2019 11:00,1.162277792,0.382022236
12/28/2019 12:00,1.096847028,0.360516184
12/28/2019 13:00,1.028524551,0.338059672
12/28/2019 14:00,1.038517068,0.341344053
12/28/2019 15:00,1.089183411,0.357997275
12/28/2019 16:00,1.114657326,0.366370146
12/28/2019 17:00,1.116109475,0.366847444
12/28/2019 18:00,1.15008405,0.378014347
12/28/2019 19:00,1.207007569,0.396724203
12/28/2019 20:00,1.247840695,0.410145402
12/28/2019 21:00,1.270030876,0.417438962
12/28/2019 22:00,1.287725723,0.423254977
12/28/2019 23:00,1.29,0.424002496
12/29/2019 0:00,1.29,0.424002496
12/29/2019 1:00,1.29,0.424002496
12/29/2019 2:00,1.28007514,0.420740352
12/29/2019 3:00,1.274821158,0.419013452
12/29/2019 4:00,1.268159263,0.416823793
12/29/2019 5:00,1.259364031,0.41393294
12/29/2019 6:00,1.240950287,0.407880635
12/29/2019 7:00,1.230360442,0.404399921
12/29/2019 8:00,1.239088067,0.407268553
12/29/2019 9:00,1.248875196,0.410485426
12/29/2019 10:00,1.260156736,0.414193489
12/29/2019 11:00,1.276484472,0.419560157
12/29/2019 12:00,1.285193081,0.422422538
12/29/2019 13:00,1.29,0.424002496
12/29/2019 14:00,1.29,0.424002496
12/29/2019 15:00,1.289688326,0.423900054
12/29/2019 16:00,1.274173237,0.41880049
12/29/2019 17:00,1.240494541,0.407730838
12/29/2019 18:00,1.24380902,0.408820255
12/29/2019 19:00,1.2837003,0.421931884
12/29/2019 20:00,1.29,0.424002496
12/29/2019 21:00,1.29,0.424002496
12/29/2019 22:00,1.29,0.424002496
12/29/2019 23:00,1.29,0.424002496
12/30/2019 0:00,1.27678067,0.419657512
12/30/2019 1:00,1.273109651,0.418450906
12/30/2019 2:00,1.272405529,0.418219473
12/30/2019 3:00,1.275513075,0.419240874
12/30/2019 4:00,1.281909308,0.421343214
12/30/2019 5:00,1.277295015,0.419826569
12/30/2019 6:00,1.287425424,0.423156273
12/30/2019 7:00,1.289068881,0.423696452
12/30/2019 8:00,1.286971665,0.42300713
12/30/2019 9:00,1.288445967,0.42349171
12/30/2019 10:00,1.285979581,0.422681048
12/30/2019 11:00,1.278551675,0.420239613
12/30/2019 12:00,1.261742532,0.414714715
12/30/2019 13:00,1.232890815,0.405231614
12/30/2019 14:00,1.217109892,0.400044676
12/30/2019 15:00,1.2073076,0.396822818
12/30/2019 16:00,1.210558362,0.397891292
12/30/2019 17:00,1.225383741,0.402764159
12/30/2019 18:00,1.215778843,0.399607181
12/30/2019 19:00,1.258174054,0.413541813
12/30/2019 20:00,1.28951368,0.42384265
12/30/2019 21:00,1.29,0.424002496
12/30/2019 22:00,1.284213598,0.422100597
12/30/2019 23:00,1.161430476,0.381743737
12/31/2019 0:00,1.143148161,0.37573463
12/31/2019 1:00,1.067199069,0.350771371
12/31/2019 2:00,0.84222851,0.276827124
12/31/2019 3:00,0.861314987,0.283100546
12/31/2019 4:00,0.586254868,0.192692657
12/31/2019 5:00,0.393932455,0.129479336
12/31/2019 6:00,0.253970226,0.083475977
12/31/2019 7:00,0.419284085,0.137812014
12/31/2019 8:00,0.689368309,0.226584406
12/31/2019 9:00,0.815597674,0.268073992
12/31/2019 10:00,0.810744621,0.26647887
12/31/2019 11:00,0.888788381,0.292130614
12/31/2019 12:00,0.947850134,0.311543273
12/31/2019 13:00,0.939122607,0.308674674
12/31/2019 14:00,0.94358782,0.310142318
12/31/2019 15:00,1.004983827,0.33032221
12/31/2019 16:00,1.023252142,0.336326715
12/31/2019 17:00,1.010706411,0.332203132
12/31/2019 18:00,0.983226248,0.32317084
12/31/2019 19:00,1.060294908,0.348502083
12/31/2019 20:00,1.122188853,0.368845639
12/31/2019 21:00,1.136828924,0.373657598
12/31/2019 22:00,0.903745141,0.297046663
12/31/2019 23:00,0.987247994,0.324492724
