DateTime,ActivePower,ReactivePower
01/01/2019 00:00,2.01,0.660655051
01/01/2019 01:00,2.01,0.660655051
01/01/2019 02:00,2.01,0.660655051
01/01/2019 03:00,2.01,0.660655051
01/01/2019 04:00,2.01,0.660655051
01/01/2019 05:00,2.01,0.660655051
01/01/2019 06:00,2.01,0.660655051
01/01/2019 07:00,2.01,0.660655051
01/01/2019 08:00,2.01,0.660655051
01/01/2019 09:00,2.01,0.660655051
01/01/2019 10:00,2.01,0.660655051
01/01/2019 11:00,2.01,0.660655051
01/01/2019 12:00,2.01,0.660655051
01/01/2019 13:00,2.041742585,0.671088335
01/01/2019 14:00,1.994977584,0.655717422
01/01/2019 15:00,1.927755426,0.633622567
01/01/2019 16:00,1.835423148,0.603274415
01/01/2019 17:00,1.619915119,0.532440351
01/01/2019 18:00,1.365682945,0.448878277
01/01/2019 19:00,1.174435722,0.386018354
01/01/2019 20:00,1.027643458,0.33777007
01/01/2019 21:00,0.859341364,0.282451847
01/01/2019 22:00,0.736014337,0.241916214
01/01/2019 23:00,0.559921646,0.184037345
01/02/2019 00:00,0.403160892,0.132512577
01/02/2019 01:00,0.309637232,0.101772836
01/02/2019 02:00,0.238715848,0.078462105
01/02/2019 03:00,0.215691543,0.070894382
01/02/2019 04:00,0.183983317,0.060472392
01/02/2019 05:00,0.147342829,0.048429246
01/02/2019 06:00,0.108928055,0.03580292
01/02/2019 07:00,0.088942112,0.029233858
01/02/2019 08:00,0.073226603,0.024068421
01/02/2019 09:00,0.058047412,0.019079262
01/02/2019 10:00,0.069300048,0.022777824
01/02/2019 11:00,0.086234696,0.028343974
01/02/2019 12:00,0.106625726,0.035046181
01/02/2019 13:00,0.113982874,0.037464359
01/02/2019 14:00,0.104594771,0.034378639
01/02/2019 15:00,0.095665997,0.031443893
01/02/2019 16:00,0.097386747,0.032009476
01/02/2019 17:00,0.085050342,0.027954696
01/02/2019 18:00,0.102366713,0.033646312
01/02/2019 19:00,0.138902989,0.045655204
01/02/2019 20:00,0.149065281,0.048995388
01/02/2019 21:00,0.133821449,0.043984983
01/02/2019 22:00,0.079742004,0.026209929
01/02/2019 23:00,0.076855007,0.025261019
01/03/2019 00:00,0.07395572,0.02430807
01/03/2019 01:00,0.072048318,0.023681137
01/03/2019 02:00,0.05550563,0.018243818
01/03/2019 03:00,0.064272307,0.021125286
01/03/2019 04:00,0.085052431,0.027955382
01/03/2019 05:00,0.120219686,0.0395143
01/03/2019 06:00,0.185774963,0.061061277
01/03/2019 07:00,0.23977992,0.078811848
01/03/2019 08:00,0.253675588,0.083379134
01/03/2019 09:00,0.286432155,0.094145696
01/03/2019 10:00,0.3045053,0.100086052
01/03/2019 11:00,0.307467173,0.101059573
01/03/2019 12:00,0.347679456,0.114276711
01/03/2019 13:00,0.375634741,0.123465169
01/03/2019 14:00,0.363485774,0.119471996
01/03/2019 15:00,0.350587739,0.115232617
01/03/2019 16:00,0.345009858,0.113399256
01/03/2019 17:00,0.368167059,0.12101066
01/03/2019 18:00,0.483456806,0.158904568
01/03/2019 19:00,0.70285813,0.231018296
01/03/2019 20:00,0.866245342,0.284721075
01/03/2019 21:00,0.955750933,0.31414014
01/03/2019 22:00,0.997611251,0.327898961
01/03/2019 23:00,0.926745723,0.304606589
01/04/2019 00:00,1.019302056,0.335028384
01/04/2019 01:00,0.953877364,0.313524328
01/04/2019 02:00,0.983426998,0.323236823
01/04/2019 03:00,1.137421665,0.373852422
01/04/2019 04:00,1.321924722,0.434495644
01/04/2019 05:00,1.506249155,0.495080156
01/04/2019 06:00,1.676759538,0.551124208
01/04/2019 07:00,1.772124091,0.582469021
01/04/2019 08:00,1.779028959,0.584738542
01/04/2019 09:00,1.805335546,0.593385098
01/04/2019 10:00,1.834091791,0.602836819
01/04/2019 11:00,1.889146326,0.62093237
01/04/2019 12:00,1.897732073,0.623754368
01/04/2019 13:00,1.884653315,0.619455588
01/04/2019 14:00,1.773314535,0.582860301
01/04/2019 15:00,1.649990959,0.542325802
01/04/2019 16:00,1.692205207,0.556200954
01/04/2019 17:00,1.696966268,0.557765839
01/04/2019 18:00,1.681988281,0.552842813
01/04/2019 19:00,1.756951389,0.577481995
01/04/2019 20:00,1.708970057,0.561711294
01/04/2019 21:00,1.618674893,0.532032709
01/04/2019 22:00,1.661752055,0.546191487
01/04/2019 23:00,1.535312709,0.504632884
01/05/2019 00:00,1.523605314,0.500784849
01/05/2019 01:00,1.3260643,0.435856258
01/05/2019 02:00,1.274549579,0.418924188
01/05/2019 03:00,1.287001326,0.423016879
01/05/2019 04:00,1.243996462,0.408881864
01/05/2019 05:00,1.07228582,0.352443305
01/05/2019 06:00,1.022536307,0.336091431
01/05/2019 07:00,0.973943208,0.320119652
01/05/2019 08:00,0.877324225,0.288362528
01/05/2019 09:00,0.852989903,0.280364223
01/05/2019 10:00,0.835933192,0.274757953
01/05/2019 11:00,0.89879671,0.295420192
01/05/2019 12:00,0.891112954,0.292894664
01/05/2019 13:00,0.858527679,0.282184402
01/05/2019 14:00,0.840430274,0.276236073
01/05/2019 15:00,0.803494528,0.26409588
01/05/2019 16:00,0.742125331,0.2439248
01/05/2019 17:00,0.579067804,0.190330383
01/05/2019 18:00,0.551830369,0.181377871
01/05/2019 19:00,0.538482643,0.176990686
01/05/2019 20:00,0.48253546,0.158601736
01/05/2019 21:00,0.552554986,0.181616041
01/05/2019 22:00,0.606183361,0.199242835
01/05/2019 23:00,0.744493158,0.244703067
01/06/2019 00:00,0.998491879,0.32818841
01/06/2019 01:00,1.287232481,0.423092856
01/06/2019 02:00,1.264218779,0.415528618
01/06/2019 03:00,1.238605463,0.407109928
01/06/2019 04:00,1.265933982,0.416092378
01/06/2019 05:00,1.026132806,0.337273543
01/06/2019 06:00,0.949458065,0.312071774
01/06/2019 07:00,0.690118032,0.226830828
01/06/2019 08:00,0.473872743,0.155754439
01/06/2019 09:00,0.34972252,0.114948233
01/06/2019 10:00,0.333898192,0.109747029
01/06/2019 11:00,0.238951882,0.078539686
01/06/2019 12:00,0.194983674,0.064088035
01/06/2019 13:00,0.191511975,0.062946942
01/06/2019 14:00,0.1096931,0.036054379
01/06/2019 15:00,0.044314332,0.014565417
01/06/2019 16:00,0.027856612,0.009156025
01/06/2019 17:00,0,0
01/06/2019 18:00,0,0
01/06/2019 19:00,0,0
01/06/2019 20:00,0.054793488,0.018009749
01/06/2019 21:00,0.176582501,0.058039861
01/06/2019 22:00,0.588300474,0.193365015
01/06/2019 23:00,1.408420286,0.462925361
01/07/2019 00:00,1.730015411,0.568628567
01/07/2019 01:00,1.844055692,0.606111795
01/07/2019 02:00,1.862726289,0.612248524
01/07/2019 03:00,1.897639252,0.62372386
01/07/2019 04:00,1.897929063,0.623819116
01/07/2019 05:00,1.959829236,0.644164719
01/07/2019 06:00,2.01,0.660655051
01/07/2019 07:00,2.01,0.660655051
01/07/2019 08:00,2.01,0.660655051
01/07/2019 09:00,2.01,0.660655051
01/07/2019 10:00,2.01,0.660655051
01/07/2019 11:00,2.01,0.660655051
01/07/2019 12:00,0,0
01/07/2019 13:00,0,0
01/07/2019 14:00,0,0
01/07/2019 15:00,0,0
01/07/2019 16:00,0,0
01/07/2019 17:00,0,0
01/07/2019 18:00,0,0
01/07/2019 19:00,0,0
01/07/2019 20:00,2.01,0.660655051
01/07/2019 21:00,2.01,0.660655051
01/07/2019 22:00,2.01,0.660655051
01/07/2019 23:00,2.01,0.660655051
01/08/2019 00:00,2.01,0.660655051
01/08/2019 01:00,2.01,0.660655051
01/08/2019 02:00,2.01,0.660655051
01/08/2019 03:00,2.01,0.660655051
01/08/2019 04:00,2.01,0.660655051
01/08/2019 05:00,2.01,0.660655051
01/08/2019 06:00,2.01,0.660655051
01/08/2019 07:00,2.01,0.660655051
01/08/2019 08:00,2.01,0.660655051
01/08/2019 09:00,2.01,0.660655051
01/08/2019 10:00,2.01,0.660655051
01/08/2019 11:00,2.01,0.660655051
01/08/2019 12:00,2.01,0.660655051
01/08/2019 13:00,2.01,0.660655051
01/08/2019 14:00,2.01,0.660655051
01/08/2019 15:00,2.001525005,0.657869455
01/08/2019 16:00,1.88599758,0.619897427
01/08/2019 17:00,1.861553201,0.611862948
01/08/2019 18:00,1.793539368,0.589507882
01/08/2019 19:00,1.655312273,0.544074833
01/08/2019 20:00,1.507025808,0.495335429
01/08/2019 21:00,1.176488745,0.38669315
01/08/2019 22:00,1.017529587,0.334445802
01/08/2019 23:00,0.82923787,0.272557307
01/09/2019 00:00,0.723741738,0.237882406
01/09/2019 01:00,0.667593636,0.219427417
01/09/2019 02:00,0.634468124,0.208539588
01/09/2019 03:00,0.444239347,0.146014412
01/09/2019 04:00,0.319923203,0.105153672
01/09/2019 05:00,0.277401514,0.091177468
01/09/2019 06:00,0.236807606,0.077834896
01/09/2019 07:00,0.184477319,0.060634762
01/09/2019 08:00,0.116824879,0.038398481
01/09/2019 09:00,0.0584094,0.019198241
01/09/2019 10:00,0.012313116,0.004047125
01/09/2019 11:00,0.0238146,0.00782748
01/09/2019 12:00,0.05198725,0.017087383
01/09/2019 13:00,0.172973484,0.056853635
01/09/2019 14:00,0.379181343,0.12463088
01/09/2019 15:00,0.54316843,0.178530829
01/09/2019 16:00,0.565752269,0.185953778
01/09/2019 17:00,0.549446855,0.180594448
01/09/2019 18:00,0.777116363,0.255425797
01/09/2019 19:00,1.243084097,0.408581984
01/09/2019 20:00,1.451289272,0.477015716
01/09/2019 21:00,1.630952444,0.536068145
01/09/2019 22:00,1.534579505,0.504391891
01/09/2019 23:00,1.571821303,0.516632679
01/10/2019 00:00,1.722510706,0.56616189
01/10/2019 01:00,1.86152776,0.611854586
01/10/2019 02:00,1.902699615,0.62538712
01/10/2019 03:00,1.940765049,0.637898624
01/10/2019 04:00,1.933049843,0.635362758
01/10/2019 05:00,1.922088941,0.631760084
01/10/2019 06:00,1.937685007,0.636886263
01/10/2019 07:00,1.988255236,0.653507893
01/10/2019 08:00,1.977046819,0.649823865
01/10/2019 09:00,1.952194835,0.641655413
01/10/2019 10:00,1.912978656,0.628765678
01/10/2019 11:00,1.869933436,0.614617398
01/10/2019 12:00,1.887555334,0.620409436
01/10/2019 13:00,2.011590406,0.661177793
01/10/2019 14:00,2.01,0.660655051
01/10/2019 15:00,2.01,0.660655051
01/10/2019 16:00,2.01,0.660655051
01/10/2019 17:00,2.01,0.660655051
01/10/2019 18:00,2.01,0.660655051
01/10/2019 19:00,2.01,0.660655051
01/10/2019 20:00,2.01,0.660655051
01/10/2019 21:00,2.01,0.660655051
01/10/2019 22:00,2.01,0.660655051
01/10/2019 23:00,2.01,0.660655051
01/11/2019 00:00,2.01,0.660655051
01/11/2019 01:00,2.01,0.660655051
01/11/2019 02:00,2.01,0.660655051
01/11/2019 03:00,2.01,0.660655051
01/11/2019 04:00,2.026162015,0.665967249
01/11/2019 05:00,1.938243961,0.637069982
01/11/2019 06:00,1.767274205,0.580874941
01/11/2019 07:00,1.541638765,0.506712158
01/11/2019 08:00,1.376059726,0.45228896
01/11/2019 09:00,1.373508057,0.451450267
01/11/2019 10:00,1.643109719,0.540064048
01/11/2019 11:00,1.632884957,0.536703331
01/11/2019 12:00,1.617510069,0.53164985
01/11/2019 13:00,1.532032828,0.503554839
01/11/2019 14:00,1.429860857,0.469972536
01/11/2019 15:00,1.402048172,0.460830949
01/11/2019 16:00,1.505242105,0.494749154
01/11/2019 17:00,1.400832027,0.460431221
01/11/2019 18:00,1.312139205,0.431279301
01/11/2019 19:00,1.348814691,0.44333395
01/11/2019 20:00,1.073007754,0.352680593
01/11/2019 21:00,1.319254951,0.433618133
01/11/2019 22:00,1.837678471,0.604015704
01/11/2019 23:00,2.01,0.660655051
01/12/2019 00:00,2.01,0.660655051
01/12/2019 01:00,2.01,0.660655051
01/12/2019 02:00,2.01,0.660655051
01/12/2019 03:00,2.01,0.660655051
01/12/2019 04:00,2.01,0.660655051
01/12/2019 05:00,2.01,0.660655051
01/12/2019 06:00,2.01,0.660655051
01/12/2019 07:00,2.01,0.660655051
01/12/2019 08:00,2.01,0.660655051
01/12/2019 09:00,2.01,0.660655051
01/12/2019 10:00,2.01,0.660655051
01/12/2019 11:00,2.01,0.660655051
01/12/2019 12:00,2.01,0.660655051
01/12/2019 13:00,2.01,0.660655051
01/12/2019 14:00,2.01,0.660655051
01/12/2019 15:00,2.01,0.660655051
01/12/2019 16:00,2.031307851,0.667658603
01/12/2019 17:00,1.960500419,0.644385326
01/12/2019 18:00,1.952182933,0.6416515
01/12/2019 19:00,2.045079444,0.672185107
01/12/2019 20:00,2.01,0.660655051
01/12/2019 21:00,2.01,0.660655051
01/12/2019 22:00,2.01,0.660655051
01/12/2019 23:00,2.01,0.660655051
1/13/2019 0:00,2.01,0.660655051
1/13/2019 1:00,2.01,0.660655051
1/13/2019 2:00,2.01,0.660655051
1/13/2019 3:00,2.01,0.660655051
1/13/2019 4:00,2.01,0.660655051
1/13/2019 5:00,2.01,0.660655051
1/13/2019 6:00,2.01,0.660655051
1/13/2019 7:00,2.01,0.660655051
1/13/2019 8:00,2.01,0.660655051
1/13/2019 9:00,2.01,0.660655051
1/13/2019 10:00,2.01,0.660655051
1/13/2019 11:00,2.01,0.660655051
1/13/2019 12:00,2.01,0.660655051
1/13/2019 13:00,2.01,0.660655051
1/13/2019 14:00,2.01,0.660655051
1/13/2019 15:00,1.984856485,0.652390778
1/13/2019 16:00,0.690514021,0.226960983
1/13/2019 17:00,1.09794594,0.360877379
1/13/2019 18:00,1.827460091,0.600657085
1/13/2019 19:00,1.863742767,0.612582624
1/13/2019 20:00,1.68706737,0.554512229
1/13/2019 21:00,1.059594426,0.348271846
1/13/2019 22:00,1.474815441,0.484748394
1/13/2019 23:00,1.636883604,0.538017623
1/14/2019 0:00,1.649753346,0.542247702
1/14/2019 1:00,1.832827532,0.602421277
1/14/2019 2:00,1.908778145,0.627385037
1/14/2019 3:00,1.909287873,0.627552576
1/14/2019 4:00,1.830731369,0.601732302
1/14/2019 5:00,1.34136858,0.440886532
1/14/2019 6:00,0.835307642,0.274552345
1/14/2019 7:00,0.586537206,0.192785457
1/14/2019 8:00,0.580339076,0.19074823
1/14/2019 9:00,0.736232712,0.24198799
1/14/2019 10:00,0.797298904,0.262059477
1/14/2019 11:00,1.660440927,0.54576054
1/14/2019 12:00,1.923759457,0.632309156
1/14/2019 13:00,1.868639505,0.614192104
1/14/2019 14:00,1.994867716,0.65568131
1/14/2019 15:00,2.01,0.660655051
1/14/2019 16:00,1.903081713,0.62551271
1/14/2019 17:00,1.653895985,0.543609322
1/14/2019 18:00,1.154821991,0.379571633
1/14/2019 19:00,0.854700453,0.280926454
1/14/2019 20:00,0.995386928,0.327167862
1/14/2019 21:00,1.823721869,0.599428391
1/14/2019 22:00,2.01,0.660655051
1/14/2019 23:00,2.01,0.660655051
1/15/2019 0:00,2.01,0.660655051
1/15/2019 1:00,2.01,0.660655051
1/15/2019 2:00,2.01,0.660655051
1/15/2019 3:00,2.01,0.660655051
1/15/2019 4:00,2.01,0.660655051
1/15/2019 5:00,2.01,0.660655051
1/15/2019 6:00,2.01,0.660655051
1/15/2019 7:00,2.01,0.660655051
1/15/2019 8:00,2.01,0.660655051
1/15/2019 9:00,2.031410778,0.667692434
1/15/2019 10:00,1.903065679,0.62550744
1/15/2019 11:00,1.452869212,0.477535017
1/15/2019 12:00,0.841273148,0.276513112
1/15/2019 13:00,0.529190883,0.173936632
1/15/2019 14:00,0.212055264,0.069699195
1/15/2019 15:00,0.032542288,0.010696133
1/15/2019 16:00,0.022579851,0.007421638
1/15/2019 17:00,0.289855364,0.095270851
1/15/2019 18:00,0.466931279,0.15347289
1/15/2019 19:00,1.603795965,0.527142242
1/15/2019 20:00,1.940726305,0.637885889
1/15/2019 21:00,2.040346993,0.670629626
1/15/2019 22:00,2.01,0.660655051
1/15/2019 23:00,2.01,0.660655051
1/16/2019 0:00,2.01,0.660655051
1/16/2019 1:00,2.01,0.660655051
1/16/2019 2:00,2.01,0.660655051
1/16/2019 3:00,2.01,0.660655051
1/16/2019 4:00,2.01,0.660655051
1/16/2019 5:00,1.92758793,0.633567514
1/16/2019 6:00,1.283891971,0.421994884
1/16/2019 7:00,0.58934517,0.19370839
1/16/2019 8:00,0.194238115,0.063842981
1/16/2019 9:00,0.061596557,0.020245809
1/16/2019 10:00,0.108461692,0.035649634
1/16/2019 11:00,0.07217364,0.023722328
1/16/2019 12:00,0.0524943,0.017254042
1/16/2019 13:00,0.065005735,0.021366352
1/16/2019 14:00,0.12308048,0.040454597
1/16/2019 15:00,0.385354315,0.126659838
1/16/2019 16:00,1.601670006,0.526443473
1/16/2019 17:00,2.01,0.660655051
1/16/2019 18:00,2.01,0.660655051
1/16/2019 19:00,2.01,0.660655051
1/16/2019 20:00,2.01,0.660655051
1/16/2019 21:00,2.01,0.660655051
1/16/2019 22:00,2.01,0.660655051
1/16/2019 23:00,2.01,0.660655051
1/17/2019 0:00,2.01,0.660655051
1/17/2019 1:00,2.01,0.660655051
1/17/2019 2:00,2.01,0.660655051
1/17/2019 3:00,2.01,0.660655051
1/17/2019 4:00,2.01,0.660655051
1/17/2019 5:00,2.01,0.660655051
1/17/2019 6:00,2.01,0.660655051
1/17/2019 7:00,2.01,0.660655051
1/17/2019 8:00,2.01,0.660655051
1/17/2019 9:00,2.01,0.660655051
1/17/2019 10:00,2.049287103,0.673568098
1/17/2019 11:00,1.874593249,0.616149005
1/17/2019 12:00,1.629898332,0.535721675
1/17/2019 13:00,1.398955707,0.459814505
1/17/2019 14:00,1.021060204,0.33560626
1/17/2019 15:00,0.750896407,0.246807714
1/17/2019 16:00,0.541666711,0.178037238
1/17/2019 17:00,0.366314693,0.120401817
1/17/2019 18:00,0.267117911,0.087797412
1/17/2019 19:00,0.184173735,0.060534979
1/17/2019 20:00,0.112793806,0.037073531
1/17/2019 21:00,0.054735476,0.017990681
1/17/2019 22:00,0.020065619,0.00659525
1/17/2019 23:00,0,0
1/18/2019 0:00,0,0
1/18/2019 1:00,0,0
1/18/2019 2:00,0,0
1/18/2019 3:00,0,0
1/18/2019 4:00,0.055733696,0.01831878
1/18/2019 5:00,0.152327591,0.050067658
1/18/2019 6:00,0.237040408,0.077911415
1/18/2019 7:00,0.350246258,0.115120378
1/18/2019 8:00,0.476741444,0.156697335
1/18/2019 9:00,0.608100503,0.19987297
1/18/2019 10:00,0.788771054,0.259256508
1/18/2019 11:00,0.887276178,0.291633577
1/18/2019 12:00,0.979450279,0.321929739
1/18/2019 13:00,1.159119192,0.380984054
1/18/2019 14:00,1.338287826,0.439873936
1/18/2019 15:00,1.391048065,0.457215389
1/18/2019 16:00,1.394520244,0.458356639
1/18/2019 17:00,1.332535627,0.43798328
1/18/2019 18:00,1.134503041,0.372893117
1/18/2019 19:00,0.942194476,0.309684348
1/18/2019 20:00,0.85379739,0.280629631
1/18/2019 21:00,0.818590525,0.269057694
1/18/2019 22:00,0.975348564,0.32058157
1/18/2019 23:00,0.837203397,0.275175449
1/19/2019 0:00,0.887624702,0.291748131
1/19/2019 1:00,1.020356572,0.335374987
1/19/2019 2:00,0.877484433,0.288415186
1/19/2019 3:00,0.81284671,0.267169793
1/19/2019 4:00,0.718171616,0.236051595
1/19/2019 5:00,0.62178619,0.204371237
1/19/2019 6:00,0.495239387,0.162777315
1/19/2019 7:00,0.357077155,0.117365585
1/19/2019 8:00,0.259507228,0.085295901
1/19/2019 9:00,0.258451078,0.084948761
1/19/2019 10:00,0.402851018,0.132410727
1/19/2019 11:00,0.396823078,0.130429438
1/19/2019 12:00,0.358024518,0.117676968
1/19/2019 13:00,0.337902722,0.111063254
1/19/2019 14:00,0.292876504,0.096263852
1/19/2019 15:00,0.232560658,0.076438992
1/19/2019 16:00,0.154071009,0.050640692
1/19/2019 17:00,0.096432675,0.031695887
1/19/2019 18:00,0.069420154,0.022817301
1/19/2019 19:00,0.056961512,0.018722344
1/19/2019 20:00,0.063193898,0.02077083
1/19/2019 21:00,0.075187704,0.024713003
1/19/2019 22:00,0.057327604,0.018842672
1/19/2019 23:00,0.071654017,0.023551536
1/20/2019 0:00,0.080938337,0.026603145
1/20/2019 1:00,0.094310493,0.03099836
1/20/2019 2:00,0.095485976,0.031384722
1/20/2019 3:00,0.110462604,0.036307302
1/20/2019 4:00,0.175852263,0.057799844
1/20/2019 5:00,0.299154889,0.098327457
1/20/2019 6:00,0.426437886,0.140163355
1/20/2019 7:00,0.611388587,0.200953711
1/20/2019 8:00,0.800131947,0.262990653
1/20/2019 9:00,1.104085412,0.362895326
1/20/2019 10:00,1.851503047,0.608559622
1/20/2019 11:00,1.901309366,0.624930168
1/20/2019 12:00,1.833039722,0.602491021
1/20/2019 13:00,1.97277264,0.64841901
1/20/2019 14:00,1.977739403,0.650051506
1/20/2019 15:00,1.973980105,0.648815885
1/20/2019 16:00,2.014400642,0.662101473
1/20/2019 17:00,1.977797934,0.650070744
1/20/2019 18:00,1.890187506,0.621274589
1/20/2019 19:00,1.814775984,0.59648802
1/20/2019 20:00,1.645324599,0.540792044
1/20/2019 21:00,1.310621511,0.430780459
1/20/2019 22:00,0.953266192,0.313323445
1/20/2019 23:00,0.830736021,0.273049726
1/21/2019 0:00,0.834202605,0.274189137
1/21/2019 1:00,1.024544723,0.336751565
1/21/2019 2:00,1.133054252,0.372416923
1/21/2019 3:00,1.187028303,0.390157336
1/21/2019 4:00,1.123642391,0.369323394
1/21/2019 5:00,1.236390148,0.40638179
1/21/2019 6:00,1.250022941,0.410862672
1/21/2019 7:00,1.210776463,0.397962978
1/21/2019 8:00,1.272425193,0.418225936
1/21/2019 9:00,1.524594227,0.501109889
1/21/2019 10:00,1.705455411,0.560556086
1/21/2019 11:00,1.840538217,0.604955657
1/21/2019 12:00,1.900720271,0.624736542
1/21/2019 13:00,1.933958498,0.635661419
1/21/2019 14:00,1.917911097,0.630386893
1/21/2019 15:00,1.949481899,0.640763714
1/21/2019 16:00,2.006204613,0.659407568
1/21/2019 17:00,2.01,0.660655051
1/21/2019 18:00,2.01,0.660655051
1/21/2019 19:00,2.01,0.660655051
1/21/2019 20:00,2.01,0.660655051
1/21/2019 21:00,1.902572396,0.625345305
1/21/2019 22:00,1.163691069,0.382486758
1/21/2019 23:00,0.807195282,0.265312259
1/22/2019 0:00,0.668929576,0.219866519
1/22/2019 1:00,0.770508741,0.253253976
1/22/2019 2:00,0.776206543,0.255126753
1/22/2019 3:00,0.692405084,0.227582545
1/22/2019 4:00,0.711422962,0.23383342
1/22/2019 5:00,0.992210689,0.326123882
1/22/2019 6:00,1.140069021,0.374722566
1/22/2019 7:00,0.768474141,0.252585235
1/22/2019 8:00,0.601532894,0.197714301
1/22/2019 9:00,0.536801783,0.176438214
1/22/2019 10:00,0.565729002,0.185946131
1/22/2019 11:00,0.593800791,0.195172882
1/22/2019 12:00,0.642254817,0.21109895
1/22/2019 13:00,0.547622221,0.17999472
1/22/2019 14:00,0.562707124,0.184952887
1/22/2019 15:00,0.627853596,0.206365498
1/22/2019 16:00,0.588700693,0.193496561
1/22/2019 17:00,0.560884631,0.184353863
1/22/2019 18:00,0.613066521,0.201505221
1/22/2019 19:00,0.618589831,0.203320645
1/22/2019 20:00,0.640876922,0.210646058
1/22/2019 21:00,0.637659447,0.209588525
1/22/2019 22:00,0.508303194,0.16707118
1/22/2019 23:00,0.501655944,0.164886335
1/23/2019 0:00,0.460785723,0.151452943
1/23/2019 1:00,0.415989344,0.136729085
1/23/2019 2:00,0.419269464,0.137807209
1/23/2019 3:00,0.42404529,0.139376947
1/23/2019 4:00,0.393168281,0.129228165
1/23/2019 5:00,0.459691955,0.151093439
1/23/2019 6:00,0.411808226,0.135354818
1/23/2019 7:00,0.364268323,0.119729208
1/23/2019 8:00,0.345628497,0.113602593
1/23/2019 9:00,0.336197194,0.110502674
1/23/2019 10:00,0.166778545,0.054817457
1/23/2019 11:00,0.200203388,0.065803672
1/23/2019 12:00,0.219140543,0.072028013
1/23/2019 13:00,0.240837419,0.079159432
1/23/2019 14:00,0.242585824,0.079734105
1/23/2019 15:00,0.205853177,0.067660667
1/23/2019 16:00,0.216227177,0.071070436
1/23/2019 17:00,0.184662067,0.060695486
1/23/2019 18:00,0.1593764,0.05238449
1/23/2019 19:00,0.122927153,0.040404201
1/23/2019 20:00,0.10822243,0.035570992
1/23/2019 21:00,0.099526644,0.032712826
1/23/2019 22:00,0.039073576,0.012842863
1/23/2019 23:00,0.027540419,0.009052098
1/24/2019 0:00,0.021785327,0.007160491
1/24/2019 1:00,0.025938339,0.00852552
1/24/2019 2:00,0.036783852,0.012090268
1/24/2019 3:00,0.053791365,0.017680367
1/24/2019 4:00,0.046456557,0.015269532
1/24/2019 5:00,0.044235082,0.014539368
1/24/2019 6:00,0.040646169,0.01335975
1/24/2019 7:00,0.031492049,0.010350936
1/24/2019 8:00,0.025038363,0.008229712
1/24/2019 9:00,0.012228596,0.004019345
1/24/2019 10:00,0,0
1/24/2019 11:00,0,0
1/24/2019 12:00,0.018712771,0.00615059
1/24/2019 13:00,0.035649142,0.011717306
1/24/2019 14:00,0.053834306,0.017694481
1/24/2019 15:00,0.059736728,0.019634513
1/24/2019 16:00,0.057655793,0.018950543
1/24/2019 17:00,0.084555416,0.027792021
1/24/2019 18:00,0.144293654,0.04742703
1/24/2019 19:00,0.307744764,0.101150812
1/24/2019 20:00,0.443902888,0.145903823
1/24/2019 21:00,0.537282284,0.176596147
1/24/2019 22:00,0.666717091,0.21913931
1/24/2019 23:00,0.98286505,0.32305212
1/25/2019 0:00,1.271395063,0.417887349
1/25/2019 1:00,1.381574572,0.454101602
1/25/2019 2:00,1.089311538,0.358039388
1/25/2019 3:00,1.199073747,0.394116482
1/25/2019 4:00,1.830734014,0.601733171
1/25/2019 5:00,2.00215998,0.658078161
1/25/2019 6:00,2.01,0.660655051
1/25/2019 7:00,2.01,0.660655051
1/25/2019 8:00,2.01,0.660655051
1/25/2019 9:00,2.01,0.660655051
1/25/2019 10:00,2.01,0.660655051
1/25/2019 11:00,2.01,0.660655051
1/25/2019 12:00,2.01,0.660655051
1/25/2019 13:00,2.01,0.660655051
1/25/2019 14:00,2.01,0.660655051
1/25/2019 15:00,2.01,0.660655051
1/25/2019 16:00,2.01,0.660655051
1/25/2019 17:00,2.01,0.660655051
1/25/2019 18:00,2.01,0.660655051
1/25/2019 19:00,2.01,0.660655051
1/25/2019 20:00,2.01,0.660655051
1/25/2019 21:00,1.994194366,0.655459991
1/25/2019 22:00,1.595565577,0.524437044
1/25/2019 23:00,1.181591754,0.388370428
1/26/2019 0:00,0.8616316,0.283204612
1/26/2019 1:00,0.651856277,0.214254797
1/26/2019 2:00,0.463993177,0.152507182
1/26/2019 3:00,0.226191082,0.074345413
1/26/2019 4:00,0.079160206,0.026018701
1/26/2019 5:00,0.041858758,0.013758309
1/26/2019 6:00,0.064461322,0.021187412
1/26/2019 7:00,0.204647416,0.067264353
1/26/2019 8:00,0.338320464,0.111200559
1/26/2019 9:00,0.382541822,0.125735417
1/26/2019 10:00,0.340543699,0.111931301
1/26/2019 11:00,0.537564885,0.176689033
1/26/2019 12:00,0.745700356,0.245099854
1/26/2019 13:00,1.093478717,0.359409074
1/26/2019 14:00,1.657121021,0.54466934
1/26/2019 15:00,1.911363502,0.628234802
1/26/2019 16:00,2.01,0.660655051
1/26/2019 17:00,2.01,0.660655051
1/26/2019 18:00,2.01,0.660655051
1/26/2019 19:00,2.01,0.660655051
1/26/2019 20:00,2.01,0.660655051
1/26/2019 21:00,2.01,0.660655051
1/26/2019 22:00,2.01,0.660655051
1/26/2019 23:00,1.945026271,0.63929922
1/27/2019 0:00,1.922017818,0.631736707
1/27/2019 1:00,1.951410449,0.641397597
1/27/2019 2:00,2.011558269,0.66116723
1/27/2019 3:00,2.01,0.660655051
1/27/2019 4:00,2.01,0.660655051
1/27/2019 5:00,1.980753256,0.651042112
1/27/2019 6:00,1.958158972,0.64361573
1/27/2019 7:00,2.03869695,0.670087283
1/27/2019 8:00,2.01,0.660655051
1/27/2019 9:00,2.01,0.660655051
1/27/2019 10:00,2.01,0.660655051
1/27/2019 11:00,2.01,0.660655051
1/27/2019 12:00,2.01,0.660655051
1/27/2019 13:00,2.01,0.660655051
1/27/2019 14:00,2.01,0.660655051
1/27/2019 15:00,2.01,0.660655051
1/27/2019 16:00,2.01,0.660655051
1/27/2019 17:00,2.01,0.660655051
1/27/2019 18:00,2.002596556,0.658221657
1/27/2019 19:00,1.915579999,0.629620698
1/27/2019 20:00,1.896378161,0.623309359
1/27/2019 21:00,1.870410592,0.614774232
1/27/2019 22:00,1.90715984,0.626853125
1/27/2019 23:00,1.926688046,0.633271736
1/28/2019 0:00,1.889314121,0.620987521
1/28/2019 1:00,1.798902335,0.591270604
1/28/2019 2:00,1.679877812,0.552149136
1/28/2019 3:00,1.619661679,0.53235705
1/28/2019 4:00,1.482427707,0.487250424
1/28/2019 5:00,1.246203819,0.409607387
1/28/2019 6:00,1.060672265,0.348626114
1/28/2019 7:00,0.927049859,0.304706553
1/28/2019 8:00,0.88226336,0.289985943
1/28/2019 9:00,0.842912631,0.277051984
1/28/2019 10:00,1.144897907,0.376309744
1/28/2019 11:00,1.15238722,0.378771362
1/28/2019 12:00,1.032930495,0.339507835
1/28/2019 13:00,1.054920948,0.346735748
1/28/2019 14:00,1.190564713,0.391319697
1/28/2019 15:00,1.451356167,0.477037703
1/28/2019 16:00,1.248775273,0.410452583
1/28/2019 17:00,1.287293305,0.423112848
1/28/2019 18:00,1.478158779,0.485847296
1/28/2019 19:00,1.631226978,0.53615838
1/28/2019 20:00,1.748122898,0.57458021
1/28/2019 21:00,1.698830299,0.558378517
1/28/2019 22:00,1.22912442,0.40399366
1/28/2019 23:00,0.983578239,0.323286533
1/29/2019 0:00,1.113227301,0.365900119
1/29/2019 1:00,1.296400207,0.426106142
1/29/2019 2:00,1.084544269,0.356472463
1/29/2019 3:00,0.676570925,0.222378109
1/29/2019 4:00,0.481689728,0.158323757
1/29/2019 5:00,0.577313289,0.189753702
1/29/2019 6:00,0.624549382,0.205279455
1/29/2019 7:00,0.59477719,0.195493809
1/29/2019 8:00,0.55869471,0.183634071
1/29/2019 9:00,0.550325306,0.180883181
1/29/2019 10:00,0.452178612,0.148623923
1/29/2019 11:00,0.35442723,0.116494597
1/29/2019 12:00,0.31534398,0.103648554
1/29/2019 13:00,0.283655851,0.093233169
1/29/2019 14:00,0.264627023,0.086978696
1/29/2019 15:00,0.220092974,0.072341062
1/29/2019 16:00,0.193871846,0.063722594
1/29/2019 17:00,0.2206244,0.072515733
1/29/2019 18:00,0.258018277,0.084806506
1/29/2019 19:00,0.29212028,0.096015293
1/29/2019 20:00,0.259262627,0.085215505
1/29/2019 21:00,0.25000741,0.082173462
1/29/2019 22:00,0.228143877,0.074987266
1/29/2019 23:00,0.323666627,0.106384076
1/30/2019 0:00,0.481781205,0.158353824
1/30/2019 1:00,0.51134216,0.16807004
1/30/2019 2:00,0.496880411,0.163316693
1/30/2019 3:00,0.515021494,0.169279379
1/30/2019 4:00,0.516968591,0.169919359
1/30/2019 5:00,0.36673438,0.120539761
1/30/2019 6:00,0.216534475,0.07117144
1/30/2019 7:00,0.124281799,0.040849452
1/30/2019 8:00,0.099849572,0.032818967
1/30/2019 9:00,0.065295889,0.021461721
1/30/2019 10:00,0.137694313,0.045257932
1/30/2019 11:00,0.123503269,0.040593562
1/30/2019 12:00,0.064053666,0.021053422
1/30/2019 13:00,0.013709524,0.004506102
1/30/2019 14:00,0,0
1/30/2019 15:00,0,0
1/30/2019 16:00,0.013179944,0.004332038
1/30/2019 17:00,0.017226349,0.005662027
1/30/2019 18:00,0.055903106,0.018374462
1/30/2019 19:00,0.178875552,0.058793551
1/30/2019 20:00,0.317935,0.104500181
1/30/2019 21:00,0.333536001,0.109627982
1/30/2019 22:00,0.421439149,0.13852035
1/30/2019 23:00,0.339623752,0.111628929
1/31/2019 0:00,0.245044476,0.080542224
1/31/2019 1:00,0.188557039,0.061975702
1/31/2019 2:00,0.156274782,0.051365037
1/31/2019 3:00,0.137777349,0.045285225
1/31/2019 4:00,0.141388468,0.046472142
1/31/2019 5:00,0.153037075,0.050300854
1/31/2019 6:00,0.140259784,0.046101161
1/31/2019 7:00,0.122688434,0.040325738
1/31/2019 8:00,0.122243358,0.040179449
1/31/2019 9:00,0.097340116,0.031994149
1/31/2019 10:00,0.129895572,0.04269461
1/31/2019 11:00,0.15487682,0.050905549
1/31/2019 12:00,0.125513173,0.041254185
1/31/2019 13:00,0.130076391,0.042754042
1/31/2019 14:00,0.126290033,0.041509526
1/31/2019 15:00,0.124875377,0.041044552
1/31/2019 16:00,0.127437448,0.041886664
1/31/2019 17:00,0.144390565,0.047458884
1/31/2019 18:00,0.123529003,0.04060202
1/31/2019 19:00,0.108456158,0.035647815
1/31/2019 20:00,0.083253584,0.02736413
1/31/2019 21:00,0.063405561,0.0208404
1/31/2019 22:00,0.404663117,0.133006335
1/31/2019 23:00,0.612833251,0.201428549
02/01/2019 00:00,0.577382796,0.189776548
02/01/2019 01:00,0.444664507,0.146154156
02/01/2019 02:00,0.351323736,0.115474528
02/01/2019 03:00,0.284242495,0.09342599
02/01/2019 04:00,0.195936176,0.064401107
02/01/2019 05:00,0.120586246,0.039634782
02/01/2019 06:00,0.102791327,0.033785875
02/01/2019 07:00,0.127586586,0.041935683
02/01/2019 08:00,0.218124474,0.071694048
02/01/2019 09:00,0.327191482,0.10754264
02/01/2019 10:00,0.338899145,0.111390762
02/01/2019 11:00,0.568065444,0.186714082
02/01/2019 12:00,0.764348155,0.251229089
02/01/2019 13:00,0.851852045,0.279990227
02/01/2019 14:00,0.896393058,0.29463015
02/01/2019 15:00,0.834502267,0.274287631
02/01/2019 16:00,0.962149167,0.316243138
02/01/2019 17:00,1.294805419,0.425581961
02/01/2019 18:00,1.568559554,0.515560593
02/01/2019 19:00,1.622717595,0.533361481
02/01/2019 20:00,1.51957978,0.49946172
02/01/2019 21:00,1.390323564,0.456977257
02/01/2019 22:00,1.619031647,0.532149968
02/01/2019 23:00,1.500132456,0.493069694
02/02/2019 00:00,1.51498813,0.497952518
02/02/2019 01:00,1.493980618,0.491047682
02/02/2019 02:00,1.300174306,0.427346628
02/02/2019 03:00,1.143285852,0.375779887
02/02/2019 04:00,1.110006211,0.364841398
02/02/2019 05:00,0.941558419,0.309475286
02/02/2019 06:00,0.754759303,0.248077386
02/02/2019 07:00,0.638740938,0.209943994
02/02/2019 08:00,0.599975384,0.197202372
02/02/2019 09:00,0.637481899,0.209530168
02/02/2019 10:00,0.735299614,0.241681296
02/02/2019 11:00,0.609897345,0.200463563
02/02/2019 12:00,0.632410018,0.207863121
02/02/2019 13:00,0.696784331,0.229021934
02/02/2019 14:00,0.646955235,0.212643902
02/02/2019 15:00,0.540444836,0.177635627
02/02/2019 16:00,0.475300211,0.156223624
02/02/2019 17:00,0.398735383,0.131057983
02/02/2019 18:00,0.278755948,0.091622649
02/02/2019 19:00,0.152932532,0.050266492
02/02/2019 20:00,0.054977878,0.018070355
02/02/2019 21:00,0.048405591,0.015910148
02/02/2019 22:00,0.053583561,0.017612065
02/02/2019 23:00,0.116952131,0.038440306
02/03/2019 00:00,0.206522429,0.06788064
02/03/2019 01:00,0.271858416,0.08935554
02/03/2019 02:00,0.377128505,0.123956145
02/03/2019 03:00,0.443814064,0.145874629
02/03/2019 04:00,0.38255542,0.125739886
02/03/2019 05:00,0.462717632,0.152087931
02/03/2019 06:00,0.452959719,0.14888066
02/03/2019 07:00,0.42451669,0.139531888
02/03/2019 08:00,0.391967676,0.128833545
02/03/2019 09:00,0.487043393,0.160083422
02/03/2019 10:00,0.755961078,0.24847239
02/03/2019 11:00,1.038930719,0.341480014
02/03/2019 12:00,1.72684807,0.567587513
02/03/2019 13:00,1.698380652,0.558230725
02/03/2019 14:00,1.621449811,0.53294478
02/03/2019 15:00,1.840488676,0.604939374
02/03/2019 16:00,1.859400191,0.611155288
02/03/2019 17:00,1.662541159,0.546450853
02/03/2019 18:00,1.609042256,0.528866614
02/03/2019 19:00,1.701800835,0.559354885
02/03/2019 20:00,1.723260416,0.566408308
02/03/2019 21:00,1.694533751,0.55696631
02/03/2019 22:00,1.753279798,0.576275202
02/03/2019 23:00,1.651111751,0.542694189
02/04/2019 00:00,1.478232183,0.485871422
02/04/2019 01:00,1.198751331,0.394010509
02/04/2019 02:00,0.871508363,0.286450946
02/04/2019 03:00,0.475567604,0.156311512
02/04/2019 04:00,0.289028625,0.094999115
02/04/2019 05:00,0.257147517,0.084520302
02/04/2019 06:00,0.22229306,0.073064196
02/04/2019 07:00,0.261320448,0.085891878
02/04/2019 08:00,0.451145071,0.148284214
02/04/2019 09:00,0.629583138,0.20693397
02/04/2019 10:00,0.987404902,0.324544297
02/04/2019 11:00,1.433437772,0.471148211
02/04/2019 12:00,1.479209099,0.486192519
02/04/2019 13:00,1.582664461,0.520196652
02/04/2019 14:00,1.53253695,0.503720536
02/04/2019 15:00,1.583766644,0.520558922
02/04/2019 16:00,1.594590377,0.524116511
02/04/2019 17:00,1.306085495,0.429289542
02/04/2019 18:00,1.273052466,0.418432111
02/04/2019 19:00,1.541445558,0.506648654
02/04/2019 20:00,1.618935425,0.532118342
02/04/2019 21:00,1.571302164,0.516462046
02/04/2019 22:00,1.022554338,0.336097358
02/04/2019 23:00,0.947958304,0.311578827
02/05/2019 00:00,0.811800297,0.266825854
02/05/2019 01:00,0.612675868,0.201376819
02/05/2019 02:00,0.401242866,0.131882152
02/05/2019 03:00,0.228398772,0.075071046
02/05/2019 04:00,0.089968517,0.029571222
02/05/2019 05:00,0.029029345,0.009541484
02/05/2019 06:00,0,0
02/05/2019 07:00,0,0
02/05/2019 08:00,0,0
02/05/2019 09:00,0.018432939,0.006058614
02/05/2019 10:00,0.134451594,0.044192102
02/05/2019 11:00,0.338854286,0.111376018
02/05/2019 12:00,0.700380039,0.230203786
02/05/2019 13:00,1.158131778,0.380659507
02/05/2019 14:00,1.679883936,0.552151148
02/05/2019 15:00,1.926287109,0.633139955
02/05/2019 16:00,2.048208293,0.67321351
02/05/2019 17:00,2.01,0.660655051
02/05/2019 18:00,2.01,0.660655051
02/05/2019 19:00,2.01,0.660655051
02/05/2019 20:00,2.01,0.660655051
02/05/2019 21:00,2.01,0.660655051
02/05/2019 22:00,2.01,0.660655051
02/05/2019 23:00,1.994787316,0.655654884
02/06/2019 00:00,1.233164171,0.405321462
02/06/2019 01:00,1.054609656,0.346633431
02/06/2019 02:00,1.312921514,0.431536433
02/06/2019 03:00,1.626862103,0.534723715
02/06/2019 04:00,1.671294859,0.549328055
02/06/2019 05:00,1.737912728,0.57122429
02/06/2019 06:00,1.649835601,0.542274738
02/06/2019 07:00,1.430888742,0.470310386
02/06/2019 08:00,1.320440072,0.434007664
02/06/2019 09:00,1.21476036,0.399272422
02/06/2019 10:00,1.077380776,0.354117936
02/06/2019 11:00,1.060253286,0.348488402
02/06/2019 12:00,0.964472124,0.317006657
02/06/2019 13:00,0.733110629,0.240961811
02/06/2019 14:00,0.554891085,0.18238388
02/06/2019 15:00,0.513156502,0.168666386
02/06/2019 16:00,0.520907138,0.171213896
02/06/2019 17:00,0.824562939,0.271020732
02/06/2019 18:00,1.006660515,0.330873311
02/06/2019 19:00,1.127315066,0.370530544
02/06/2019 20:00,1.283925851,0.42200602
02/06/2019 21:00,1.087556938,0.357462679
02/06/2019 22:00,0.863412992,0.283790127
02/06/2019 23:00,0.603971862,0.198515951
02/07/2019 00:00,0.363985457,0.119636234
02/07/2019 01:00,0.310286314,0.10198618
02/07/2019 02:00,0.158092844,0.051962605
02/07/2019 03:00,0.041468229,0.013629948
02/07/2019 04:00,0.012495045,0.004106923
02/07/2019 05:00,0,0
02/07/2019 06:00,0.014277565,0.004692809
02/07/2019 07:00,0.017952064,0.005900558
02/07/2019 08:00,0.010192338,0.00335006
02/07/2019 09:00,0,0
02/07/2019 10:00,0,0
02/07/2019 11:00,0,0
02/07/2019 12:00,0,0
02/07/2019 13:00,0.052863408,0.017375362
02/07/2019 14:00,0.181849582,0.059771067
02/07/2019 15:00,0.330117467,0.108504364
02/07/2019 16:00,0.338007963,0.111097845
02/07/2019 17:00,0.188223925,0.061866213
02/07/2019 18:00,0.078103349,0.025671329
02/07/2019 19:00,0.147051608,0.048333526
02/07/2019 20:00,0.307538963,0.101083169
02/07/2019 21:00,0.519340448,0.17069895
02/07/2019 22:00,0.621929991,0.204418502
02/07/2019 23:00,0.750354557,0.246629616
02/08/2019 00:00,0.735471297,0.241737725
02/08/2019 01:00,0.740028287,0.243235535
02/08/2019 02:00,0.718625494,0.236200778
02/08/2019 03:00,0.631967784,0.207717766
02/08/2019 04:00,0.669853931,0.22017034
02/08/2019 05:00,1.009591893,0.331836808
02/08/2019 06:00,1.618192153,0.53187404
02/08/2019 07:00,2.003040579,0.6583676
02/08/2019 08:00,2.01,0.660655051
02/08/2019 09:00,2.01,0.660655051
02/08/2019 10:00,2.01,0.660655051
02/08/2019 11:00,2.01,0.660655051
02/08/2019 12:00,2.01,0.660655051
02/08/2019 13:00,2.01,0.660655051
02/08/2019 14:00,2.01,0.660655051
02/08/2019 15:00,2.01,0.660655051
02/08/2019 16:00,2.01,0.660655051
02/08/2019 17:00,2.01,0.660655051
02/08/2019 18:00,2.01,0.660655051
02/08/2019 19:00,2.01,0.660655051
02/08/2019 20:00,2.01,0.660655051
02/08/2019 21:00,2.01,0.660655051
02/08/2019 22:00,2.01,0.660655051
02/08/2019 23:00,2.01,0.660655051
02/09/2019 00:00,2.01,0.660655051
02/09/2019 01:00,2.01,0.660655051
02/09/2019 02:00,2.01,0.660655051
02/09/2019 03:00,1.944769837,0.639214934
02/09/2019 04:00,1.776171718,0.583799412
02/09/2019 05:00,1.529600083,0.502755235
02/09/2019 06:00,1.46412849,0.481235763
02/09/2019 07:00,1.614788346,0.530755263
02/09/2019 08:00,1.882949215,0.618895478
02/09/2019 09:00,2.01,0.660655051
02/09/2019 10:00,2.01,0.660655051
02/09/2019 11:00,2.01,0.660655051
02/09/2019 12:00,2.01,0.660655051
02/09/2019 13:00,2.01,0.660655051
02/09/2019 14:00,2.01,0.660655051
02/09/2019 15:00,2.01,0.660655051
02/09/2019 16:00,2.01,0.660655051
02/09/2019 17:00,2.01,0.660655051
02/09/2019 18:00,2.01,0.660655051
02/09/2019 19:00,2.01,0.660655051
02/09/2019 20:00,2.01,0.660655051
02/09/2019 21:00,2.01,0.660655051
02/09/2019 22:00,2.01,0.660655051
02/09/2019 23:00,2.01,0.660655051
02/10/2019 00:00,2.01,0.660655051
02/10/2019 01:00,2.01,0.660655051
02/10/2019 02:00,2.01,0.660655051
02/10/2019 03:00,2.01,0.660655051
02/10/2019 04:00,2.01,0.660655051
02/10/2019 05:00,1.987751952,0.653342472
02/10/2019 06:00,1.93840832,0.637124004
02/10/2019 07:00,1.78757439,0.587547289
02/10/2019 08:00,1.497239008,0.492118664
02/10/2019 09:00,1.232133823,0.404982803
02/10/2019 10:00,0.652052888,0.21431942
02/10/2019 11:00,0.36137753,0.11877905
02/10/2019 12:00,0.172432723,0.056675895
02/10/2019 13:00,0.051304056,0.016862828
02/10/2019 14:00,0.095598801,0.031421806
02/10/2019 15:00,0.613213885,0.201553657
02/10/2019 16:00,1.610051439,0.529198317
02/10/2019 17:00,1.915280732,0.629522333
02/10/2019 18:00,1.960210105,0.644289904
02/10/2019 19:00,1.923764797,0.632310911
02/10/2019 20:00,1.872328829,0.615404726
02/10/2019 21:00,1.733253546,0.569692891
02/10/2019 22:00,1.63786466,0.53834008
02/10/2019 23:00,1.495354073,0.491499115
02/11/2019 00:00,1.412313284,0.464204928
02/11/2019 01:00,1.234434895,0.405739129
02/11/2019 02:00,0.900035309,0.2958273
02/11/2019 03:00,0.621781881,0.204369821
02/11/2019 04:00,0.565556169,0.185889323
02/11/2019 05:00,0.619471968,0.203610589
02/11/2019 06:00,0.672774867,0.221130405
02/11/2019 07:00,0.510298887,0.167727133
02/11/2019 08:00,0.420661545,0.138264764
02/11/2019 09:00,0.431018877,0.141669054
02/11/2019 10:00,0.232037895,0.076267168
02/11/2019 11:00,0.13180734,0.043322978
02/11/2019 12:00,0.10733557,0.035279496
02/11/2019 13:00,0.071563175,0.023521678
02/11/2019 14:00,0.030289176,0.009955571
02/11/2019 15:00,0.069615289,0.022881439
02/11/2019 16:00,0.08851315,0.029092865
02/11/2019 17:00,0.157280856,0.051695717
02/11/2019 18:00,0.254732725,0.083726598
02/11/2019 19:00,0.351906607,0.115666108
02/11/2019 20:00,0.71527582,0.235099793
02/11/2019 21:00,1.268173437,0.416828451
02/11/2019 22:00,1.700604679,0.558961727
02/11/2019 23:00,1.657645018,0.544841569
02/12/2019 00:00,1.506780618,0.495254839
02/12/2019 01:00,1.454840104,0.478182818
02/12/2019 02:00,1.361099483,0.447371766
02/12/2019 03:00,1.291616052,0.424533666
02/12/2019 04:00,1.634435238,0.537212884
02/12/2019 05:00,1.756826996,0.577441109
02/12/2019 06:00,1.890639065,0.621423009
02/12/2019 07:00,1.92576572,0.632968582
02/12/2019 08:00,1.92730859,0.633475699
02/12/2019 09:00,1.952950822,0.641903893
02/12/2019 10:00,2.046406672,0.672621346
02/12/2019 11:00,2.01,0.660655051
02/12/2019 12:00,2.01,0.660655051
02/12/2019 13:00,2.01,0.660655051
02/12/2019 14:00,2.01,0.660655051
02/12/2019 15:00,2.01,0.660655051
02/12/2019 16:00,2.01,0.660655051
02/12/2019 17:00,2.01,0.660655051
02/12/2019 18:00,2.01,0.660655051
02/12/2019 19:00,2.01,0.660655051
02/12/2019 20:00,2.01,0.660655051
02/12/2019 21:00,2.01,0.660655051
02/12/2019 22:00,2.01,0.660655051
02/12/2019 23:00,2.01,0.660655051
2/13/2019 0:00,2.01,0.660655051
2/13/2019 1:00,1.614372521,0.530618588
2/13/2019 2:00,1.003230879,0.329746044
2/13/2019 3:00,0.738657918,0.242785117
2/13/2019 4:00,0.847888359,0.278687427
2/13/2019 5:00,1.172573198,0.385406172
2/13/2019 6:00,1.349734312,0.443636215
2/13/2019 7:00,1.330561803,0.437334516
2/13/2019 8:00,1.477004221,0.485467811
2/13/2019 9:00,1.503367614,0.494133039
2/13/2019 10:00,1.628187449,0.535159335
2/13/2019 11:00,1.637486259,0.538215706
2/13/2019 12:00,1.812415165,0.595712057
2/13/2019 13:00,1.808696685,0.594489851
2/13/2019 14:00,1.832494937,0.602311959
2/13/2019 15:00,1.872431871,0.615438594
2/13/2019 16:00,1.816275962,0.596981039
2/13/2019 17:00,1.849814098,0.608004492
2/13/2019 18:00,2.005010974,0.659015238
2/13/2019 19:00,2.01,0.660655051
2/13/2019 20:00,2.01,0.660655051
2/13/2019 21:00,2.01,0.660655051
2/13/2019 22:00,2.01,0.660655051
2/13/2019 23:00,2.01,0.660655051
2/14/2019 0:00,2.01,0.660655051
2/14/2019 1:00,2.01,0.660655051
2/14/2019 2:00,2.01,0.660655051
2/14/2019 3:00,2.01,0.660655051
2/14/2019 4:00,2.01,0.660655051
2/14/2019 5:00,2.023553094,0.665109738
2/14/2019 6:00,1.88571007,0.619802927
2/14/2019 7:00,1.593334294,0.523703657
2/14/2019 8:00,1.187198346,0.390213226
2/14/2019 9:00,0.935555652,0.307502272
2/14/2019 10:00,1.067537541,0.350882621
2/14/2019 11:00,1.203818534,0.395676017
2/14/2019 12:00,1.454078537,0.477932503
2/14/2019 13:00,1.587034976,0.521633171
2/14/2019 14:00,1.611137598,0.52955532
2/14/2019 15:00,1.301474702,0.427774048
2/14/2019 16:00,0.842060242,0.276771817
2/14/2019 17:00,0.733689257,0.241151997
2/14/2019 18:00,0.722512089,0.23747824
2/14/2019 19:00,0.543187572,0.178537121
2/14/2019 20:00,0.621947314,0.204424196
2/14/2019 21:00,0.76005604,0.249818339
2/14/2019 22:00,0.78475457,0.257936354
2/14/2019 23:00,0.74344515,0.244358604
2/15/2019 0:00,0.621222737,0.204186039
2/15/2019 1:00,0.526952332,0.173200856
2/15/2019 2:00,0.445586466,0.146457189
2/15/2019 3:00,0.417247957,0.137142771
2/15/2019 4:00,0.382937368,0.125865426
2/15/2019 5:00,0.51474416,0.169188224
2/15/2019 6:00,0.74446211,0.244692862
2/15/2019 7:00,1.033995821,0.339857991
2/15/2019 8:00,1.30472096,0.428841041
2/15/2019 9:00,1.481956916,0.487095683
2/15/2019 10:00,1.358381064,0.446478265
2/15/2019 11:00,1.593771214,0.523847265
2/15/2019 12:00,1.698935687,0.558413156
2/15/2019 13:00,1.678180847,0.55159137
2/15/2019 14:00,1.671380102,0.549356073
2/15/2019 15:00,1.719287336,0.565102419
2/15/2019 16:00,1.806202175,0.593669946
2/15/2019 17:00,1.900405589,0.62463311
2/15/2019 18:00,1.880487104,0.618086221
2/15/2019 19:00,1.788023439,0.587694884
2/15/2019 20:00,1.509579565,0.496174809
2/15/2019 21:00,1.119436875,0.367941107
2/15/2019 22:00,0.625058152,0.205446679
2/15/2019 23:00,0.352126879,0.115738508
2/16/2019 0:00,0.128923037,0.042374953
2/16/2019 1:00,0.119885207,0.039404362
2/16/2019 2:00,0.154801423,0.050880767
2/16/2019 3:00,0.173442494,0.057007791
2/16/2019 4:00,0.125866632,0.041370361
2/16/2019 5:00,0.059866269,0.019677091
2/16/2019 6:00,0.024586013,0.008081032
2/16/2019 7:00,0.033654557,0.011061718
2/16/2019 8:00,0.055389425,0.018205624
2/16/2019 9:00,0.17351597,0.057031941
2/16/2019 10:00,0.40495734,0.133103041
2/16/2019 11:00,0.422316084,0.138808584
2/16/2019 12:00,0.343701123,0.112969096
2/16/2019 13:00,0.277831424,0.091318773
2/16/2019 14:00,0.337220183,0.110838914
2/16/2019 15:00,0.284997841,0.09367426
2/16/2019 16:00,0.113514824,0.037310518
2/16/2019 17:00,0.171338519,0.056316248
2/16/2019 18:00,0.410554608,0.134942774
2/16/2019 19:00,0.653442492,0.214776161
2/16/2019 20:00,0.854261917,0.280782314
2/16/2019 21:00,0.966347723,0.317623137
2/16/2019 22:00,1.115026418,0.36649146
2/16/2019 23:00,1.147010945,0.377004266
2/17/2019 0:00,1.129333776,0.371194062
2/17/2019 1:00,1.342806099,0.441359021
2/17/2019 2:00,1.357565477,0.446210194
2/17/2019 3:00,1.220106401,0.401029581
2/17/2019 4:00,1.558216139,0.512160877
2/17/2019 5:00,1.821772025,0.598787508
2/17/2019 6:00,1.939081471,0.637345258
2/17/2019 7:00,2.003498405,0.65851808
2/17/2019 8:00,1.993830705,0.655340461
2/17/2019 9:00,2.012158845,0.66136463
2/17/2019 10:00,1.893294354,0.622295761
2/17/2019 11:00,2.025277322,0.665676464
2/17/2019 12:00,2.01,0.660655051
2/17/2019 13:00,2.01,0.660655051
2/17/2019 14:00,2.01,0.660655051
2/17/2019 15:00,2.01,0.660655051
2/17/2019 16:00,1.961332458,0.644658804
2/17/2019 17:00,1.523115751,0.500623938
2/17/2019 18:00,1.325456086,0.435656348
2/17/2019 19:00,1.305547278,0.429112639
2/17/2019 20:00,1.459704459,0.479781654
2/17/2019 21:00,1.669878457,0.548862506
2/17/2019 22:00,1.890368226,0.621333989
2/17/2019 23:00,1.92272442,0.631968956
2/18/2019 0:00,1.925202237,0.632783375
2/18/2019 1:00,1.858723878,0.610932995
2/18/2019 2:00,1.74286876,0.572853259
2/18/2019 3:00,1.837190301,0.60385525
2/18/2019 4:00,1.862701416,0.612240348
2/18/2019 5:00,1.778020696,0.584407141
2/18/2019 6:00,1.654772446,0.543897401
2/18/2019 7:00,1.786729275,0.587269513
2/18/2019 8:00,1.910516237,0.62795632
2/18/2019 9:00,1.992068344,0.654761201
2/18/2019 10:00,2.017294033,0.663052484
2/18/2019 11:00,2.034489874,0.668704484
2/18/2019 12:00,2.01233731,0.661423288
2/18/2019 13:00,2.018673747,0.663505974
2/18/2019 14:00,2.01,0.660655051
2/18/2019 15:00,2.033220015,0.668287101
2/18/2019 16:00,2.000843656,0.657645507
2/18/2019 17:00,2.001187843,0.657758635
2/18/2019 18:00,1.983265328,0.65186779
2/18/2019 19:00,1.929687765,0.634257696
2/18/2019 20:00,1.875314741,0.616386148
2/18/2019 21:00,1.884371655,0.619363011
2/18/2019 22:00,1.895955397,0.623170403
2/18/2019 23:00,2.011401139,0.661115584
2/19/2019 0:00,2.01,0.660655051
2/19/2019 1:00,2.01,0.660655051
2/19/2019 2:00,2.01,0.660655051
2/19/2019 3:00,2.01,0.660655051
2/19/2019 4:00,1.971947909,0.648147934
2/19/2019 5:00,1.822699623,0.599092395
2/19/2019 6:00,1.59597473,0.524571526
2/19/2019 7:00,1.218749476,0.400583581
2/19/2019 8:00,0.848933392,0.279030912
2/19/2019 9:00,0.607535768,0.19968735
2/19/2019 10:00,0.558209249,0.183474508
2/19/2019 11:00,0.36214143,0.119030132
2/19/2019 12:00,0.194895802,0.064059152
2/19/2019 13:00,0.075461399,0.024802963
2/19/2019 14:00,0.023409238,0.007694244
2/19/2019 15:00,0,0
2/19/2019 16:00,0,0
2/19/2019 17:00,0.027395457,0.009004451
2/19/2019 18:00,0.133939532,0.044023795
2/19/2019 19:00,0.327617918,0.107682802
2/19/2019 20:00,0.626074706,0.205780804
2/19/2019 21:00,1.047044259,0.344146805
2/19/2019 22:00,1.500614782,0.493228227
2/19/2019 23:00,1.686965156,0.554478633
2/20/2019 0:00,1.82756315,0.600690959
2/20/2019 1:00,1.86754639,0.613832814
2/20/2019 2:00,1.912680376,0.628667638
2/20/2019 3:00,1.960007956,0.644223461
2/20/2019 4:00,1.878602084,0.617466645
2/20/2019 5:00,1.773248037,0.582838444
2/20/2019 6:00,1.596033592,0.524590873
2/20/2019 7:00,1.526635837,0.501780934
2/20/2019 8:00,1.535802224,0.50479378
2/20/2019 9:00,1.5091942,0.496048145
2/20/2019 10:00,1.675295836,0.550643113
2/20/2019 11:00,1.758182474,0.577886633
2/20/2019 12:00,1.733953644,0.569923002
2/20/2019 13:00,1.824152553,0.59956995
2/20/2019 14:00,1.85194813,0.608705914
2/20/2019 15:00,1.862907688,0.612308147
2/20/2019 16:00,1.860475891,0.611508854
2/20/2019 17:00,1.88204378,0.618597876
2/20/2019 18:00,1.885044846,0.619584278
2/20/2019 19:00,1.788103397,0.587721165
2/20/2019 20:00,1.6166954,0.531382081
2/20/2019 21:00,1.524254432,0.500998204
2/20/2019 22:00,0.869430349,0.285767936
2/20/2019 23:00,0.770893014,0.25338028
2/21/2019 0:00,0.563177207,0.185107396
2/21/2019 1:00,0.311466317,0.102374028
2/21/2019 2:00,0.155066229,0.050967805
2/21/2019 3:00,0.194214839,0.063835331
2/21/2019 4:00,0.342782529,0.112667169
2/21/2019 5:00,0.62574998,0.205674072
2/21/2019 6:00,0.874517579,0.287440028
2/21/2019 7:00,0.924919531,0.304006348
2/21/2019 8:00,0.862773659,0.283579988
2/21/2019 9:00,0.745526546,0.245042726
2/21/2019 10:00,0.604981747,0.198847884
2/21/2019 11:00,0.563469151,0.185203354
2/21/2019 12:00,0.500973347,0.164661976
2/21/2019 13:00,0.37037957,0.121737878
2/21/2019 14:00,0.250891496,0.082464047
2/21/2019 15:00,0.218830532,0.071926118
2/21/2019 16:00,0.261233021,0.085863142
2/21/2019 17:00,0.402689268,0.132357562
2/21/2019 18:00,0.69095554,0.227106103
2/21/2019 19:00,0.862392405,0.283454676
2/21/2019 20:00,0.795513009,0.261472481
2/21/2019 21:00,0.703276368,0.231155764
2/21/2019 22:00,0.607515314,0.199680627
2/21/2019 23:00,0.587212494,0.193007413
2/22/2019 0:00,0.491408552,0.16151818
2/22/2019 1:00,0.415334172,0.136513741
2/22/2019 2:00,0.677359405,0.22263727
2/22/2019 3:00,0.964277941,0.316942832
2/22/2019 4:00,1.052691616,0.346003002
2/22/2019 5:00,0.927590682,0.304884313
2/22/2019 6:00,1.265798021,0.41604769
2/22/2019 7:00,1.664848142,0.547209122
2/22/2019 8:00,1.719285351,0.565101767
2/22/2019 9:00,1.678353041,0.551647967
2/22/2019 10:00,1.591217215,0.523007807
2/22/2019 11:00,1.794642462,0.589870452
2/22/2019 12:00,1.832179217,0.602208186
2/22/2019 13:00,1.755068232,0.576863031
2/22/2019 14:00,1.68388929,0.553467645
2/22/2019 15:00,1.502319351,0.493788492
2/22/2019 16:00,1.545442037,0.507962233
2/22/2019 17:00,1.399861905,0.460112358
2/22/2019 18:00,1.557977147,0.512082324
2/22/2019 19:00,1.907687613,0.627026596
2/22/2019 20:00,2.018800117,0.66354751
2/22/2019 21:00,2.01,0.660655051
2/22/2019 22:00,2.01,0.660655051
2/22/2019 23:00,2.01,0.660655051
2/23/2019 0:00,2.01,0.660655051
2/23/2019 1:00,2.01,0.660655051
2/23/2019 2:00,2.01,0.660655051
2/23/2019 3:00,2.01,0.660655051
2/23/2019 4:00,2.01,0.660655051
2/23/2019 5:00,2.01,0.660655051
2/23/2019 6:00,2.01,0.660655051
2/23/2019 7:00,2.01,0.660655051
2/23/2019 8:00,2.01,0.660655051
2/23/2019 9:00,2.01,0.660655051
2/23/2019 10:00,2.01,0.660655051
2/23/2019 11:00,2.01,0.660655051
2/23/2019 12:00,2.000823741,0.657638961
2/23/2019 13:00,1.894684988,0.62275284
2/23/2019 14:00,1.735635709,0.57047587
2/23/2019 15:00,1.506589802,0.495192121
2/23/2019 16:00,1.39806906,0.459523078
2/23/2019 17:00,1.360353227,0.447126483
2/23/2019 18:00,1.427707503,0.469264763
2/23/2019 19:00,1.607436122,0.528338703
2/23/2019 20:00,1.640680901,0.539265734
2/23/2019 21:00,1.720886042,0.565627889
2/23/2019 22:00,1.608351955,0.528639723
2/23/2019 23:00,1.531994963,0.503542393
2/24/2019 0:00,1.260528624,0.414315723
2/24/2019 1:00,0.971249658,0.319234325
2/24/2019 2:00,0.84231997,0.276857186
2/24/2019 3:00,0.66907896,0.219915619
2/24/2019 4:00,0.639798632,0.210291641
2/24/2019 5:00,0.381987014,0.12555306
2/24/2019 6:00,0.225755307,0.074202181
2/24/2019 7:00,0.135474346,0.044528264
2/24/2019 8:00,0.06544694,0.021511369
2/24/2019 9:00,0.14604218,0.048001743
2/24/2019 10:00,0.456808003,0.15014553
2/24/2019 11:00,0.7683459,0.252543085
2/24/2019 12:00,1.281393515,0.421173681
2/24/2019 13:00,1.813775483,0.596159172
2/24/2019 14:00,1.891134528,0.62158586
2/24/2019 15:00,1.837048551,0.603808659
2/24/2019 16:00,1.750368212,0.575318209
2/24/2019 17:00,1.693048599,0.556478164
2/24/2019 18:00,1.663544533,0.546780646
2/24/2019 19:00,1.59888523,0.525528161
2/24/2019 20:00,1.48507033,0.488119012
2/24/2019 21:00,1.181243483,0.388255957
2/24/2019 22:00,0.435936764,0.143285485
2/24/2019 23:00,0.23536044,0.077359236
2/25/2019 0:00,0.196723503,0.064659889
2/25/2019 1:00,0.158753266,0.052179675
2/25/2019 2:00,0.217945919,0.071635359
2/25/2019 3:00,0.260770137,0.085710999
2/25/2019 4:00,0.243175293,0.079927853
2/25/2019 5:00,0.250242607,0.082250767
2/25/2019 6:00,0.256792621,0.084403653
2/25/2019 7:00,0.154243062,0.050697243
2/25/2019 8:00,0.07453027,0.024496915
2/25/2019 9:00,0.027005857,0.008876396
2/25/2019 10:00,0.01232731,0.004051791
2/25/2019 11:00,0.027748699,0.009120556
2/25/2019 12:00,0.020201692,0.006639975
2/25/2019 13:00,0.076236211,0.025057631
2/25/2019 14:00,0.15403919,0.050630233
2/25/2019 15:00,0.181140211,0.059537908
2/25/2019 16:00,0.386355781,0.126989004
2/25/2019 17:00,1.078365606,0.354441634
2/25/2019 18:00,1.715783594,0.563950795
2/25/2019 19:00,1.835425468,0.603275178
2/25/2019 20:00,1.866029599,0.613334269
2/25/2019 21:00,1.726791156,0.567568806
2/25/2019 22:00,1.435454551,0.471811095
2/25/2019 23:00,1.404222596,0.461545647
2/26/2019 0:00,1.306272009,0.429350847
2/26/2019 1:00,1.194075257,0.392473557
2/26/2019 2:00,1.100050309,0.361569052
2/26/2019 3:00,1.151682394,0.378539697
2/26/2019 4:00,1.254598186,0.412366482
2/26/2019 5:00,1.494843721,0.491331371
2/26/2019 6:00,1.529767206,0.502810165
2/26/2019 7:00,1.381989632,0.454238026
2/26/2019 8:00,1.309615422,0.430449773
2/26/2019 9:00,1.135990676,0.373382079
2/26/2019 10:00,0.778930636,0.256022119
2/26/2019 11:00,0.572478211,0.188164488
2/26/2019 12:00,0.560619063,0.184266575
2/26/2019 13:00,0.379472708,0.124726647
2/26/2019 14:00,0.232571384,0.076442517
2/26/2019 15:00,0.106946447,0.035151597
2/26/2019 16:00,0.02946912,0.009686031
2/26/2019 17:00,0,0
2/26/2019 18:00,0,0
2/26/2019 19:00,0,0
2/26/2019 20:00,0.049105997,0.016140361
2/26/2019 21:00,0.141300236,0.046443142
2/26/2019 22:00,0.21413655,0.07038328
2/26/2019 23:00,0.200037688,0.065749208
2/27/2019 0:00,0.108225905,0.035572135
2/27/2019 1:00,0,0
2/27/2019 2:00,0,0
2/27/2019 3:00,0,0
2/27/2019 4:00,0,0
2/27/2019 5:00,0,0
2/27/2019 6:00,0,0
2/27/2019 7:00,0,0
2/27/2019 8:00,0,0
2/27/2019 9:00,0,0
2/27/2019 10:00,0,0
2/27/2019 11:00,0,0
2/27/2019 12:00,0.013318102,0.004377448
2/27/2019 13:00,0.116193469,0.038190946
2/27/2019 14:00,0.220370303,0.072432216
2/27/2019 15:00,0.298511549,0.098116001
2/27/2019 16:00,0.329205941,0.10820476
2/27/2019 17:00,0.264660004,0.086989537
2/27/2019 18:00,0.158162771,0.051985589
2/27/2019 19:00,0.070779097,0.023263964
2/27/2019 20:00,0.039489375,0.01297953
2/27/2019 21:00,0.030783103,0.010117917
2/27/2019 22:00,0.037322517,0.012267318
2/27/2019 23:00,0.053850435,0.017699782
2/28/2019 0:00,0.107130316,0.035212032
2/28/2019 1:00,0.126101073,0.041447418
2/28/2019 2:00,0.160772618,0.052843404
2/28/2019 3:00,0.17891802,0.058807509
2/28/2019 4:00,0.20466281,0.067269413
2/28/2019 5:00,0.219946081,0.072292781
2/28/2019 6:00,0.236785029,0.077827475
2/28/2019 7:00,0.248729661,0.081753486
2/28/2019 8:00,0.263806625,0.086709044
2/28/2019 9:00,0.262345669,0.086228852
2/28/2019 10:00,0.365092125,0.119999978
2/28/2019 11:00,0.322254109,0.105919804
2/28/2019 12:00,0.219211417,0.072051309
2/28/2019 13:00,0.163391376,0.053704148
2/28/2019 14:00,0.151202272,0.049697783
2/28/2019 15:00,0.143499091,0.04716587
2/28/2019 16:00,0.148316596,0.048749308
2/28/2019 17:00,0.128655902,0.04228715
2/28/2019 18:00,0.107245141,0.035249773
2/28/2019 19:00,0.107762324,0.035419763
2/28/2019 20:00,0.100884051,0.033158984
2/28/2019 21:00,0.080843054,0.026571827
2/28/2019 22:00,0.146280347,0.048080025
2/28/2019 23:00,0.149569225,0.049161027
03/01/2019 00:00,0.151752634,0.049878679
03/01/2019 01:00,0.146458574,0.048138605
03/01/2019 02:00,0.125265765,0.041172866
03/01/2019 03:00,0.100723407,0.033106183
03/01/2019 04:00,0.061126781,0.020091401
03/01/2019 05:00,0.081982523,0.026946352
03/01/2019 06:00,0.187190827,0.061526649
03/01/2019 07:00,0.391650123,0.12872917
03/01/2019 08:00,0.718384035,0.236121414
03/01/2019 09:00,0.896403252,0.294633501
03/01/2019 10:00,0.888282204,0.291964241
03/01/2019 11:00,0.925426542,0.304172995
03/01/2019 12:00,0.973737681,0.320052098
03/01/2019 13:00,0.899098896,0.295519516
03/01/2019 14:00,0.949676386,0.312143533
03/01/2019 15:00,0.936726844,0.307887225
03/01/2019 16:00,0.787162133,0.258727681
03/01/2019 17:00,0.683918719,0.224793212
03/01/2019 18:00,0.638465835,0.209853572
03/01/2019 19:00,0.612658967,0.201371264
03/01/2019 20:00,0.648345157,0.213100748
03/01/2019 21:00,0.596693411,0.19612364
03/01/2019 22:00,0.476163925,0.156507514
03/01/2019 23:00,0.482187211,0.158487272
03/02/2019 00:00,0.436133627,0.143350191
03/02/2019 01:00,0.440697041,0.144850113
03/02/2019 02:00,0.365895736,0.120264113
03/02/2019 03:00,0.459758768,0.151115399
03/02/2019 04:00,0.38919703,0.127922878
03/02/2019 05:00,0.373561547,0.122783743
03/02/2019 06:00,0.347162541,0.114106809
03/02/2019 07:00,0.298486155,0.098107655
03/02/2019 08:00,0.3469399,0.114033631
03/02/2019 09:00,0.402328467,0.132238972
03/02/2019 10:00,0.228020979,0.074946871
03/02/2019 11:00,0.316333398,0.10397376
03/02/2019 12:00,0.430068913,0.141356816
03/02/2019 13:00,0.735543853,0.241761573
03/02/2019 14:00,1.743306752,0.57299722
03/02/2019 15:00,2.038782861,0.67011552
03/02/2019 16:00,2.01,0.660655051
03/02/2019 17:00,2.01,0.660655051
03/02/2019 18:00,2.01,0.660655051
03/02/2019 19:00,1.971239313,0.64791503
03/02/2019 20:00,1.656183108,0.544361063
03/02/2019 21:00,1.198415792,0.393900222
03/02/2019 22:00,1.473880476,0.484441085
03/02/2019 23:00,1.865222619,0.613069028
03/03/2019 00:00,1.972255711,0.648249104
03/03/2019 01:00,2.013912478,0.661941021
03/03/2019 02:00,2.01,0.660655051
03/03/2019 03:00,2.01,0.660655051
03/03/2019 04:00,2.01,0.660655051
03/03/2019 05:00,2.01,0.660655051
03/03/2019 06:00,2.01,0.660655051
03/03/2019 07:00,2.01,0.660655051
03/03/2019 08:00,2.01,0.660655051
03/03/2019 09:00,2.01,0.660655051
03/03/2019 10:00,2.01,0.660655051
03/03/2019 11:00,2.01,0.660655051
03/03/2019 12:00,2.01,0.660655051
03/03/2019 13:00,2.01,0.660655051
03/03/2019 14:00,2.01,0.660655051
03/03/2019 15:00,1.936122847,0.636372805
03/03/2019 16:00,1.519859386,0.499553622
03/03/2019 17:00,0.996418699,0.327506989
03/03/2019 18:00,0.828457172,0.272300704
03/03/2019 19:00,0.629630638,0.206949583
03/03/2019 20:00,0.538074951,0.176856684
03/03/2019 21:00,0.474121629,0.155836243
03/03/2019 22:00,0.371931197,0.122247873
03/03/2019 23:00,0.328083238,0.107835746
03/04/2019 00:00,0.326369145,0.10727235
03/04/2019 01:00,0.374744389,0.123172524
03/04/2019 02:00,0.455397521,0.149681927
03/04/2019 03:00,0.485195706,0.159476116
03/04/2019 04:00,0.53257646,0.175049417
03/04/2019 05:00,0.687620636,0.226009973
03/04/2019 06:00,0.866134429,0.28468462
03/04/2019 07:00,1.087497886,0.35744327
03/04/2019 08:00,1.347370008,0.442859105
03/04/2019 09:00,1.58773805,0.52186426
03/04/2019 10:00,1.726760869,0.567558851
03/04/2019 11:00,1.745940357,0.573862844
03/04/2019 12:00,1.77117888,0.582158345
03/04/2019 13:00,1.739762857,0.571832398
03/04/2019 14:00,1.800153971,0.591681997
03/04/2019 15:00,1.910652095,0.628000974
03/04/2019 16:00,1.970038348,0.647520292
03/04/2019 17:00,2.021747778,0.664516359
03/04/2019 18:00,1.950163044,0.640987595
03/04/2019 19:00,1.859518372,0.611194132
03/04/2019 20:00,1.693140669,0.556508426
03/04/2019 21:00,1.448382084,0.476060169
03/04/2019 22:00,1.268062841,0.4167921
03/04/2019 23:00,1.043578222,0.343007574
03/05/2019 00:00,1.051665031,0.34566558
03/05/2019 01:00,0.908418678,0.29858278
03/05/2019 02:00,0.697206899,0.229160826
03/05/2019 03:00,0.458153441,0.150587754
03/05/2019 04:00,0.286944409,0.094314066
03/05/2019 05:00,0.237640158,0.078108543
03/05/2019 06:00,0.19883289,0.06535321
03/05/2019 07:00,0.119190716,0.039176094
03/05/2019 08:00,0.070135444,0.023052405
03/05/2019 09:00,0.049627876,0.016311894
03/05/2019 10:00,0.017717784,0.005823554
03/05/2019 11:00,0.01076361,0.003537828
03/05/2019 12:00,0,0
03/05/2019 13:00,0,0
03/05/2019 14:00,0,0
03/05/2019 15:00,0.010690398,0.003513764
03/05/2019 16:00,0.032050009,0.010534329
03/05/2019 17:00,0.048446324,0.015923537
03/05/2019 18:00,0.063107334,0.020742378
03/05/2019 19:00,0.080393564,0.026424087
03/05/2019 20:00,0.104523205,0.034355116
03/05/2019 21:00,0.137650227,0.045243442
03/05/2019 22:00,0.225797626,0.074216091
03/05/2019 23:00,0.279598971,0.091899738
03/06/2019 00:00,0.426010362,0.140022835
03/06/2019 01:00,0.534661937,0.17573488
03/06/2019 02:00,0.710329692,0.233474079
03/06/2019 03:00,0.792029186,0.260327404
03/06/2019 04:00,0.742452745,0.244032416
03/06/2019 05:00,0.759866324,0.249755983
03/06/2019 06:00,0.858342215,0.282123443
03/06/2019 07:00,1.010975106,0.332291448
03/06/2019 08:00,1.222806044,0.40191691
03/06/2019 09:00,1.377494835,0.452760657
03/06/2019 10:00,1.110716966,0.365075012
03/06/2019 11:00,1.536292569,0.504954948
03/06/2019 12:00,1.840972569,0.605098421
03/06/2019 13:00,1.87983188,0.617870859
03/06/2019 14:00,1.950237886,0.641012194
03/06/2019 15:00,1.99127232,0.654499561
03/06/2019 16:00,1.96338043,0.64533194
03/06/2019 17:00,1.968730429,0.647090399
03/06/2019 18:00,1.975941393,0.649460529
03/06/2019 19:00,2.016050504,0.662643756
03/06/2019 20:00,2.020536238,0.664118145
03/06/2019 21:00,1.940700427,0.637877383
03/06/2019 22:00,1.852077218,0.608748343
03/06/2019 23:00,1.940308905,0.637748696
03/07/2019 00:00,1.982959369,0.651767226
03/07/2019 01:00,1.997965176,0.656699396
03/07/2019 02:00,2.010406519,0.660788668
03/07/2019 03:00,2.03173008,0.667797383
03/07/2019 04:00,2.01,0.660655051
03/07/2019 05:00,2.01,0.660655051
03/07/2019 06:00,2.01,0.660655051
03/07/2019 07:00,2.01,0.660655051
03/07/2019 08:00,2.01,0.660655051
03/07/2019 09:00,2.01,0.660655051
03/07/2019 10:00,2.01,0.660655051
03/07/2019 11:00,2.01,0.660655051
03/07/2019 12:00,2.01,0.660655051
03/07/2019 13:00,2.01,0.660655051
03/07/2019 14:00,2.01,0.660655051
03/07/2019 15:00,2.01,0.660655051
03/07/2019 16:00,2.01,0.660655051
03/07/2019 17:00,2.01,0.660655051
03/07/2019 18:00,2.01,0.660655051
03/07/2019 19:00,2.01,0.660655051
03/07/2019 20:00,1.939585051,0.637510777
03/07/2019 21:00,1.66886245,0.548528561
03/07/2019 22:00,1.313430006,0.431703566
03/07/2019 23:00,1.077145968,0.354040759
03/08/2019 00:00,0.89215226,0.293236267
03/08/2019 01:00,0.629222612,0.206815471
03/08/2019 02:00,0.46801187,0.153828063
03/08/2019 03:00,0.32266252,0.106054042
03/08/2019 04:00,0.214557038,0.070521488
03/08/2019 05:00,0.130570877,0.042916572
03/08/2019 06:00,0.059651818,0.019606605
03/08/2019 07:00,0.029872896,0.009818746
03/08/2019 08:00,0.05493422,0.018056005
03/08/2019 09:00,0.16142142,0.053056655
03/08/2019 10:00,0.586614231,0.192810774
03/08/2019 11:00,0.966628425,0.317715399
03/08/2019 12:00,1.051739081,0.345689919
03/08/2019 13:00,1.095695214,0.360137601
03/08/2019 14:00,1.475172788,0.484865848
03/08/2019 15:00,1.38957731,0.456731975
03/08/2019 16:00,1.109136646,0.364555586
03/08/2019 17:00,0.793365789,0.260766724
03/08/2019 18:00,0.689902135,0.226759866
03/08/2019 19:00,0.776799979,0.255321806
03/08/2019 20:00,1.029835163,0.338490449
03/08/2019 21:00,0.944518083,0.310448081
03/08/2019 22:00,0.820924469,0.269824825
03/08/2019 23:00,2.014404298,0.662102674
03/09/2019 00:00,2.01,0.660655051
03/09/2019 01:00,2.01,0.660655051
03/09/2019 02:00,2.01,0.660655051
03/09/2019 03:00,2.01,0.660655051
03/09/2019 04:00,2.01,0.660655051
03/09/2019 05:00,2.01,0.660655051
03/09/2019 06:00,2.01,0.660655051
03/09/2019 07:00,2.01,0.660655051
03/09/2019 08:00,2.01,0.660655051
03/09/2019 09:00,2.01,0.660655051
03/09/2019 10:00,2.01,0.660655051
03/09/2019 11:00,2.01,0.660655051
03/09/2019 12:00,2.01,0.660655051
03/09/2019 13:00,2.01,0.660655051
03/09/2019 14:00,2.01,0.660655051
03/09/2019 15:00,2.01,0.660655051
03/09/2019 16:00,2.01,0.660655051
03/09/2019 17:00,2.01,0.660655051
03/09/2019 18:00,2.01,0.660655051
03/09/2019 19:00,2.045705383,0.672390843
03/09/2019 20:00,1.936635863,0.636541426
03/09/2019 21:00,1.980546881,0.650974279
03/09/2019 22:00,1.882849306,0.618862639
03/09/2019 23:00,1.797689507,0.590871967
03/10/2019 00:00,1.423425328,0.46785728
03/10/2019 01:00,1.55281653,0.510386112
03/10/2019 02:00,1.532108608,0.503579747
03/10/2019 03:00,0.823522843,0.270678869
03/10/2019 04:00,0.32352125,0.106336292
03/10/2019 05:00,0.256164941,0.084197344
03/10/2019 06:00,0.232512677,0.076423221
03/10/2019 07:00,0.212557935,0.069864415
03/10/2019 08:00,0.164469281,0.054058438
03/10/2019 09:00,0.080552268,0.02647625
03/10/2019 10:00,0.086138725,0.02831243
03/10/2019 11:00,0.124074056,0.04078117
03/10/2019 12:00,0.294357736,0.096750709
03/10/2019 13:00,0.554886553,0.18238239
03/10/2019 14:00,0.526455363,0.17303751
03/10/2019 15:00,0.280642784,0.092242822
03/10/2019 16:00,0.090997509,0.029909435
03/10/2019 17:00,0.048277967,0.0158682
03/10/2019 18:00,0.233501625,0.076748273
03/10/2019 19:00,0.572764928,0.188258728
03/10/2019 20:00,0.763421734,0.25092459
03/10/2019 21:00,0.892675192,0.293408147
03/10/2019 22:00,1.060880751,0.34869464
03/10/2019 23:00,1.18928299,0.390898416
03/11/2019 00:00,0.969222124,0.318567907
03/11/2019 01:00,0.893532054,0.293689784
03/11/2019 02:00,1.326765744,0.436086811
03/11/2019 03:00,1.667789005,0.548175737
03/11/2019 04:00,1.577122241,0.518375013
03/11/2019 05:00,1.615167071,0.530879744
03/11/2019 06:00,1.861250534,0.611763466
03/11/2019 07:00,1.973447076,0.648640686
03/11/2019 08:00,1.989390239,0.65388095
03/11/2019 09:00,2.037715106,0.669764566
03/11/2019 10:00,2.01,0.660655051
03/11/2019 11:00,2.01,0.660655051
03/11/2019 12:00,2.01,0.660655051
03/11/2019 13:00,2.020046091,0.663957042
03/11/2019 14:00,1.73958907,0.571775277
03/11/2019 15:00,1.355016055,0.445372239
03/11/2019 16:00,1.100377615,0.361676632
03/11/2019 17:00,0.745465277,0.245022588
03/11/2019 18:00,0.911309405,0.299532916
03/11/2019 19:00,1.57685491,0.518287145
03/11/2019 20:00,1.969175976,0.647236844
03/11/2019 21:00,2.01,0.660655051
03/11/2019 22:00,2.01,0.660655051
03/11/2019 23:00,2.01,0.660655051
03/12/2019 00:00,2.01,0.660655051
03/12/2019 01:00,2.01,0.660655051
03/12/2019 02:00,2.01,0.660655051
03/12/2019 03:00,2.01,0.660655051
03/12/2019 04:00,1.887982485,0.620549834
03/12/2019 05:00,1.63713488,0.538100213
03/12/2019 06:00,1.651854739,0.542938397
03/12/2019 07:00,1.760160686,0.57853684
03/12/2019 08:00,1.902355414,0.625273987
03/12/2019 09:00,1.972605076,0.648363934
03/12/2019 10:00,1.92084595,0.631351532
03/12/2019 11:00,1.883180811,0.6189716
03/12/2019 12:00,1.989240973,0.653831889
03/12/2019 13:00,2.003887569,0.658645992
03/12/2019 14:00,2.01,0.660655051
03/12/2019 15:00,2.01,0.660655051
03/12/2019 16:00,2.01,0.660655051
03/12/2019 17:00,2.01,0.660655051
03/12/2019 18:00,2.01,0.660655051
03/12/2019 19:00,2.01,0.660655051
03/12/2019 20:00,1.766652457,0.580670582
03/12/2019 21:00,0.930373147,0.305798865
03/12/2019 22:00,0.321315114,0.105611171
03/12/2019 23:00,0.108941042,0.035807189
3/13/2019 0:00,0.145851874,0.047939193
3/13/2019 1:00,0.575504968,0.189159335
3/13/2019 2:00,1.365007404,0.448656237
3/13/2019 3:00,1.884180509,0.619300185
3/13/2019 4:00,2.040136286,0.67056037
3/13/2019 5:00,2.01,0.660655051
3/13/2019 6:00,2.01,0.660655051
3/13/2019 7:00,2.01,0.660655051
3/13/2019 8:00,2.022992443,0.664925461
3/13/2019 9:00,1.921343526,0.631515078
3/13/2019 10:00,1.839202089,0.604516493
3/13/2019 11:00,1.786587666,0.587222968
3/13/2019 12:00,1.83787461,0.604080172
3/13/2019 13:00,1.901331547,0.624937458
3/13/2019 14:00,1.955702579,0.642808352
3/13/2019 15:00,2.011831399,0.661257003
3/13/2019 16:00,2.007009956,0.659672271
3/13/2019 17:00,1.930303436,0.634460058
3/13/2019 18:00,1.834675707,0.603028743
3/13/2019 19:00,1.708989647,0.561717733
3/13/2019 20:00,1.464364604,0.481313369
3/13/2019 21:00,0.869070208,0.285649564
3/13/2019 22:00,0.345115612,0.113434016
3/13/2019 23:00,0.510538509,0.167805893
3/14/2019 0:00,0.797608376,0.262161195
3/14/2019 1:00,0.696373258,0.228886821
3/14/2019 2:00,1.497099857,0.492072927
3/14/2019 3:00,2.004071212,0.658706353
3/14/2019 4:00,1.923368826,0.632180762
3/14/2019 5:00,1.873390965,0.615753833
3/14/2019 6:00,1.784248164,0.586454011
3/14/2019 7:00,1.761562616,0.578997632
3/14/2019 8:00,1.53175612,0.50346389
3/14/2019 9:00,1.521941497,0.500237979
3/14/2019 10:00,1.948407608,0.640410611
3/14/2019 11:00,1.959769914,0.64414522
3/14/2019 12:00,1.932151405,0.635067456
3/14/2019 13:00,1.883262465,0.618998438
3/14/2019 14:00,1.854736935,0.60962255
3/14/2019 15:00,1.837547801,0.603972755
3/14/2019 16:00,1.770631901,0.581978562
3/14/2019 17:00,1.765299865,0.580226007
3/14/2019 18:00,1.803717087,0.592853137
3/14/2019 19:00,1.874977162,0.616275191
3/14/2019 20:00,1.860517931,0.611522671
3/14/2019 21:00,1.960930675,0.644526744
3/14/2019 22:00,2.017541736,0.6631339
3/14/2019 23:00,2.023497421,0.665091439
3/15/2019 0:00,2.04592771,0.672463918
3/15/2019 1:00,1.935012601,0.636007885
3/15/2019 2:00,1.696687277,0.557674139
3/15/2019 3:00,1.341738998,0.441008282
3/15/2019 4:00,1.011449429,0.332447351
3/15/2019 5:00,1.020599965,0.335454986
3/15/2019 6:00,1.197866664,0.393719733
3/15/2019 7:00,1.518710955,0.499176151
3/15/2019 8:00,1.859767283,0.611275945
3/15/2019 9:00,2.011909399,0.661282641
3/15/2019 10:00,2.01,0.660655051
3/15/2019 11:00,2.01,0.660655051
3/15/2019 12:00,2.01,0.660655051
3/15/2019 13:00,2.01,0.660655051
3/15/2019 14:00,2.01,0.660655051
3/15/2019 15:00,2.01,0.660655051
3/15/2019 16:00,2.01,0.660655051
3/15/2019 17:00,2.01,0.660655051
3/15/2019 18:00,2.01,0.660655051
3/15/2019 19:00,2.01,0.660655051
3/15/2019 20:00,2.01,0.660655051
3/15/2019 21:00,2.01,0.660655051
3/15/2019 22:00,2.01,0.660655051
3/15/2019 23:00,2.01,0.660655051
3/16/2019 0:00,2.01,0.660655051
3/16/2019 1:00,2.04484794,0.672109016
3/16/2019 2:00,1.983515953,0.651950166
3/16/2019 3:00,1.865438505,0.613139986
3/16/2019 4:00,1.658888225,0.545250192
3/16/2019 5:00,1.233212731,0.405337423
3/16/2019 6:00,0.798446048,0.262436525
3/16/2019 7:00,0.479806183,0.157704666
3/16/2019 8:00,0.335696219,0.110338011
3/16/2019 9:00,0.230480282,0.075755205
3/16/2019 10:00,0.173243831,0.056942494
3/16/2019 11:00,0.075346278,0.024765124
3/16/2019 12:00,0.035849417,0.011783134
3/16/2019 13:00,0.01026297,0.003373275
3/16/2019 14:00,0,0
3/16/2019 15:00,0.012845724,0.004222185
3/16/2019 16:00,0.052302439,0.01719098
3/16/2019 17:00,0.119319452,0.039218407
3/16/2019 18:00,0.184630709,0.06068518
3/16/2019 19:00,0.295498285,0.097125589
3/16/2019 20:00,0.489890238,0.161019135
3/16/2019 21:00,0.680739158,0.223748141
3/16/2019 22:00,0.554983809,0.182414357
3/16/2019 23:00,0.717216194,0.235737563
3/17/2019 0:00,0.909192013,0.298836963
3/17/2019 1:00,1.117721986,0.367377451
3/17/2019 2:00,1.209391752,0.397507846
3/17/2019 3:00,1.236593616,0.406448666
3/17/2019 4:00,1.595066018,0.524272847
3/17/2019 5:00,1.603957434,0.527195314
3/17/2019 6:00,1.406626871,0.462335894
3/17/2019 7:00,1.375275354,0.452031149
3/17/2019 8:00,1.733812743,0.56987669
3/17/2019 9:00,2.019097118,0.66364513
3/17/2019 10:00,2.01,0.660655051
3/17/2019 11:00,2.01,0.660655051
3/17/2019 12:00,2.01,0.660655051
3/17/2019 13:00,2.01,0.660655051
3/17/2019 14:00,2.01,0.660655051
3/17/2019 15:00,2.01,0.660655051
3/17/2019 16:00,2.01,0.660655051
3/17/2019 17:00,2.01,0.660655051
3/17/2019 18:00,2.01,0.660655051
3/17/2019 19:00,2.01,0.660655051
3/17/2019 20:00,2.018944823,0.663595072
3/17/2019 21:00,1.919284891,0.630838437
3/17/2019 22:00,1.897126226,0.623555236
3/17/2019 23:00,1.710353159,0.562165898
3/18/2019 0:00,1.422021068,0.467395722
3/18/2019 1:00,1.104419806,0.363005236
3/18/2019 2:00,0.806693266,0.265147254
3/18/2019 3:00,0.546424618,0.179601087
3/18/2019 4:00,0.312612737,0.102750838
3/18/2019 5:00,0.189173566,0.062178344
3/18/2019 6:00,0.069174964,0.022736711
3/18/2019 7:00,0.017257007,0.005672104
3/18/2019 8:00,0,0
3/18/2019 9:00,0,0
3/18/2019 10:00,0,0
3/18/2019 11:00,0,0
3/18/2019 12:00,0.014924917,0.004905583
3/18/2019 13:00,0.026795246,0.008807172
3/18/2019 14:00,0.042606441,0.01400406
3/18/2019 15:00,0.052740763,0.017335051
3/18/2019 16:00,0.072126467,0.023706823
3/18/2019 17:00,0.129575684,0.042589468
3/18/2019 18:00,0.257495373,0.084634636
3/18/2019 19:00,0.397884218,0.130778218
3/18/2019 20:00,0.597283627,0.196317635
3/18/2019 21:00,0.688235782,0.226212162
3/18/2019 22:00,0.85354329,0.280546112
3/18/2019 23:00,0.742199355,0.243949131
3/19/2019 0:00,0.647184279,0.212719185
3/19/2019 1:00,0.615489091,0.202301481
3/19/2019 2:00,0.620689759,0.204010858
3/19/2019 3:00,0.612829218,0.201427223
3/19/2019 4:00,0.758955746,0.24945669
3/19/2019 5:00,0.880415108,0.289378452
3/19/2019 6:00,0.9675224,0.318009234
3/19/2019 7:00,0.975434464,0.320609804
3/19/2019 8:00,1.005373833,0.330450399
3/19/2019 9:00,1.091975594,0.358915021
3/19/2019 10:00,1.247039186,0.409881959
3/19/2019 11:00,1.29337332,0.425111252
3/19/2019 12:00,1.512526972,0.497143574
3/19/2019 13:00,1.829886901,0.601454738
3/19/2019 14:00,1.950023082,0.640941592
3/19/2019 15:00,1.941880683,0.638265315
3/19/2019 16:00,2.01,0.660655051
3/19/2019 17:00,2.01,0.660655051
3/19/2019 18:00,2.041295923,0.670941524
3/19/2019 19:00,2.017174108,0.663013067
3/19/2019 20:00,1.959291846,0.643988087
3/19/2019 21:00,1.94698314,0.639942411
3/19/2019 22:00,1.869026406,0.614319272
3/19/2019 23:00,1.900716968,0.624735456
3/20/2019 0:00,1.916906325,0.63005664
3/20/2019 1:00,1.953484442,0.642079286
3/20/2019 2:00,1.920099232,0.631106098
3/20/2019 3:00,1.857838234,0.610641898
3/20/2019 4:00,1.83862232,0.604325932
3/20/2019 5:00,1.836689334,0.60369059
3/20/2019 6:00,1.684803743,0.553768211
3/20/2019 7:00,1.375413337,0.452076502
3/20/2019 8:00,1.229582463,0.404144212
3/20/2019 9:00,1.164492454,0.38275016
3/20/2019 10:00,1.253415513,0.411977756
3/20/2019 11:00,1.035588183,0.340381375
3/20/2019 12:00,1.048623869,0.344665998
3/20/2019 13:00,0.885957539,0.291200161
3/20/2019 14:00,1.078674677,0.354543221
3/20/2019 15:00,1.647232789,0.541419235
3/20/2019 16:00,2.042009074,0.671175925
3/20/2019 17:00,2.01,0.660655051
3/20/2019 18:00,2.01,0.660655051
3/20/2019 19:00,2.01,0.660655051
3/20/2019 20:00,2.01,0.660655051
3/20/2019 21:00,2.01,0.660655051
3/20/2019 22:00,2.01,0.660655051
3/20/2019 23:00,2.01,0.660655051
3/21/2019 0:00,2.01,0.660655051
3/21/2019 1:00,2.027055772,0.666261013
3/21/2019 2:00,1.614912767,0.530796158
3/21/2019 3:00,0.832174294,0.273522463
3/21/2019 4:00,0.542062581,0.178167354
3/21/2019 5:00,0.571021196,0.187685591
3/21/2019 6:00,0.843761177,0.277330887
3/21/2019 7:00,0.945416216,0.310743283
3/21/2019 8:00,0.779578839,0.256235173
3/21/2019 9:00,0.48541523,0.15954827
3/21/2019 10:00,0.254793984,0.083746733
3/21/2019 11:00,0.255250159,0.08389667
3/21/2019 12:00,0.31717901,0.104251699
3/21/2019 13:00,0.209347642,0.068809242
3/21/2019 14:00,0.160061679,0.05260973
3/21/2019 15:00,0.095030024,0.031234858
3/21/2019 16:00,0.011272718,0.003705163
3/21/2019 17:00,0.021696708,0.007131363
3/21/2019 18:00,0.358415675,0.117805535
3/21/2019 19:00,0.889093253,0.29223082
3/21/2019 20:00,1.858722466,0.61093253
3/21/2019 21:00,2.01,0.660655051
3/21/2019 22:00,2.01,0.660655051
3/21/2019 23:00,1.988586139,0.653616656
3/22/2019 0:00,1.948359556,0.640394817
3/22/2019 1:00,1.973308196,0.648595039
3/22/2019 2:00,1.963322086,0.645312763
3/22/2019 3:00,1.961983814,0.644872894
3/22/2019 4:00,2.015502539,0.662463648
3/22/2019 5:00,2.01,0.660655051
3/22/2019 6:00,2.01,0.660655051
3/22/2019 7:00,2.01,0.660655051
3/22/2019 8:00,2.01,0.660655051
3/22/2019 9:00,2.01,0.660655051
3/22/2019 10:00,2.01,0.660655051
3/22/2019 11:00,2.01,0.660655051
3/22/2019 12:00,2.01,0.660655051
3/22/2019 13:00,2.01,0.660655051
3/22/2019 14:00,2.01,0.660655051
3/22/2019 15:00,2.01,0.660655051
3/22/2019 16:00,2.01,0.660655051
3/22/2019 17:00,2.01,0.660655051
3/22/2019 18:00,2.01,0.660655051
3/22/2019 19:00,2.01,0.660655051
3/22/2019 20:00,2.01,0.660655051
3/22/2019 21:00,2.01,0.660655051
3/22/2019 22:00,2.01,0.660655051
3/22/2019 23:00,2.01,0.660655051
3/23/2019 0:00,2.01,0.660655051
3/23/2019 1:00,2.01,0.660655051
3/23/2019 2:00,2.01,0.660655051
3/23/2019 3:00,2.01,0.660655051
3/23/2019 4:00,2.01,0.660655051
3/23/2019 5:00,2.01,0.660655051
3/23/2019 6:00,2.01,0.660655051
3/23/2019 7:00,2.01,0.660655051
3/23/2019 8:00,2.01,0.660655051
3/23/2019 9:00,2.01,0.660655051
3/23/2019 10:00,2.01,0.660655051
3/23/2019 11:00,2.01,0.660655051
3/23/2019 12:00,2.01,0.660655051
3/23/2019 13:00,2.01,0.660655051
3/23/2019 14:00,2.01,0.660655051
3/23/2019 15:00,2.01,0.660655051
3/23/2019 16:00,2.01,0.660655051
3/23/2019 17:00,2.01,0.660655051
3/23/2019 18:00,2.021267166,0.66435839
3/23/2019 19:00,1.99338577,0.655194218
3/23/2019 20:00,2.020301597,0.664041023
3/23/2019 21:00,1.97063883,0.64771766
3/23/2019 22:00,1.884698098,0.619470308
3/23/2019 23:00,1.942713411,0.638539019
3/24/2019 0:00,1.961325112,0.644656389
3/24/2019 1:00,1.994439531,0.655540572
3/24/2019 2:00,1.967847737,0.646800273
3/24/2019 3:00,1.988309348,0.653525679
3/24/2019 4:00,2.01,0.660655051
3/24/2019 5:00,2.01,0.660655051
3/24/2019 6:00,2.01,0.660655051
3/24/2019 7:00,2.01,0.660655051
3/24/2019 8:00,2.01,0.660655051
3/24/2019 9:00,2.01,0.660655051
3/24/2019 10:00,2.01,0.660655051
3/24/2019 11:00,2.01,0.660655051
3/24/2019 12:00,2.01,0.660655051
3/24/2019 13:00,2.01,0.660655051
3/24/2019 14:00,2.01,0.660655051
3/24/2019 15:00,2.01,0.660655051
3/24/2019 16:00,2.01,0.660655051
3/24/2019 17:00,2.01,0.660655051
3/24/2019 18:00,2.01,0.660655051
3/24/2019 19:00,2.01,0.660655051
3/24/2019 20:00,2.01,0.660655051
3/24/2019 21:00,2.01,0.660655051
3/24/2019 22:00,2.01,0.660655051
3/24/2019 23:00,2.01,0.660655051
3/25/2019 0:00,2.01,0.660655051
3/25/2019 1:00,2.01,0.660655051
3/25/2019 2:00,2.01,0.660655051
3/25/2019 3:00,2.01,0.660655051
3/25/2019 4:00,2.022946361,0.664910315
3/25/2019 5:00,2.011696045,0.661212514
3/25/2019 6:00,1.942192896,0.638367934
3/25/2019 7:00,1.749720381,0.575105278
3/25/2019 8:00,1.444063374,0.474640678
3/25/2019 9:00,1.239556212,0.407422424
3/25/2019 10:00,1.122003986,0.368784876
3/25/2019 11:00,1.048472703,0.344616312
3/25/2019 12:00,1.341581779,0.440956607
3/25/2019 13:00,1.46142561,0.480347369
3/25/2019 14:00,1.426906454,0.469001471
3/25/2019 15:00,1.565471929,0.51454574
3/25/2019 16:00,1.18048149,0.388005502
3/25/2019 17:00,1.050680698,0.345342045
3/25/2019 18:00,1.263333371,0.415237598
3/25/2019 19:00,1.249766052,0.410778237
3/25/2019 20:00,1.225748041,0.402883898
3/25/2019 21:00,1.415510263,0.465255724
3/25/2019 22:00,1.256442882,0.412972804
3/25/2019 23:00,1.341476363,0.440921958
3/26/2019 0:00,1.505899225,0.494965139
3/26/2019 1:00,1.685482419,0.553991281
3/26/2019 2:00,1.834522586,0.602978414
3/26/2019 3:00,1.941338461,0.638087095
3/26/2019 4:00,2.015668553,0.662518215
3/26/2019 5:00,2.040962193,0.670831832
3/26/2019 6:00,2.01,0.660655051
3/26/2019 7:00,2.01,0.660655051
3/26/2019 8:00,2.01,0.660655051
3/26/2019 9:00,2.01,0.660655051
3/26/2019 10:00,2.01,0.660655051
3/26/2019 11:00,2.01,0.660655051
3/26/2019 12:00,2.01,0.660655051
3/26/2019 13:00,2.01,0.660655051
3/26/2019 14:00,2.01,0.660655051
3/26/2019 15:00,2.01,0.660655051
3/26/2019 16:00,2.01,0.660655051
3/26/2019 17:00,2.01,0.660655051
3/26/2019 18:00,2.01,0.660655051
3/26/2019 19:00,2.01,0.660655051
3/26/2019 20:00,2.01,0.660655051
3/26/2019 21:00,2.01,0.660655051
3/26/2019 22:00,2.01,0.660655051
3/26/2019 23:00,2.01,0.660655051
3/27/2019 0:00,2.01,0.660655051
3/27/2019 1:00,2.04666599,0.672706579
3/27/2019 2:00,2.027851314,0.666522495
3/27/2019 3:00,2.025103907,0.665619466
3/27/2019 4:00,2.025951802,0.665898155
3/27/2019 5:00,2.043220535,0.671574113
3/27/2019 6:00,2.01,0.660655051
3/27/2019 7:00,2.01,0.660655051
3/27/2019 8:00,2.01,0.660655051
3/27/2019 9:00,2.021446457,0.66441732
3/27/2019 10:00,1.953800274,0.642183095
3/27/2019 11:00,1.969059713,0.64719863
3/27/2019 12:00,2.01,0.660655051
3/27/2019 13:00,2.01,0.660655051
3/27/2019 14:00,2.01,0.660655051
3/27/2019 15:00,2.01,0.660655051
3/27/2019 16:00,2.01,0.660655051
3/27/2019 17:00,2.01,0.660655051
3/27/2019 18:00,2.047261678,0.672902373
3/27/2019 19:00,2.012284591,0.66140596
3/27/2019 20:00,2.009197606,0.660391317
3/27/2019 21:00,2.006958103,0.659655228
3/27/2019 22:00,2.013460948,0.66179261
3/27/2019 23:00,2.003179135,0.658413141
3/28/2019 0:00,2.024555553,0.66543923
3/28/2019 1:00,2.013542963,0.661819567
3/28/2019 2:00,1.999544826,0.657218602
3/28/2019 3:00,1.985475192,0.652594137
3/28/2019 4:00,1.99019425,0.654145216
3/28/2019 5:00,2.017554707,0.663138163
3/28/2019 6:00,2.034676268,0.668765748
3/28/2019 7:00,2.033573317,0.668403226
3/28/2019 8:00,2.043027155,0.671510552
3/28/2019 9:00,2.032336806,0.667996804
3/28/2019 10:00,2.01,0.660655051
3/28/2019 11:00,2.01,0.660655051
3/28/2019 12:00,2.01,0.660655051
3/28/2019 13:00,2.01,0.660655051
3/28/2019 14:00,2.023124188,0.664968763
3/28/2019 15:00,2.009313969,0.660429564
3/28/2019 16:00,2.008399421,0.660128967
3/28/2019 17:00,2.035512933,0.669040747
3/28/2019 18:00,2.01,0.660655051
3/28/2019 19:00,2.01,0.660655051
3/28/2019 20:00,2.01,0.660655051
3/28/2019 21:00,2.01,0.660655051
3/28/2019 22:00,2.01,0.660655051
3/28/2019 23:00,2.01,0.660655051
3/29/2019 0:00,2.01,0.660655051
3/29/2019 1:00,2.01,0.660655051
3/29/2019 2:00,2.01,0.660655051
3/29/2019 3:00,2.01,0.660655051
3/29/2019 4:00,2.01,0.660655051
3/29/2019 5:00,2.01,0.660655051
3/29/2019 6:00,2.01,0.660655051
3/29/2019 7:00,2.01,0.660655051
3/29/2019 8:00,2.01,0.660655051
3/29/2019 9:00,2.01,0.660655051
3/29/2019 10:00,2.01,0.660655051
3/29/2019 11:00,2.01,0.660655051
3/29/2019 12:00,2.007553482,0.65985092
3/29/2019 13:00,1.725200814,0.567046086
3/29/2019 14:00,1.232810019,0.405205058
3/29/2019 15:00,0.738456961,0.242719066
3/29/2019 16:00,0.559253542,0.18381775
3/29/2019 17:00,0.460950969,0.151507257
3/29/2019 18:00,0.391689448,0.128742096
3/29/2019 19:00,0.347503632,0.11421892
3/29/2019 20:00,0.381313574,0.125331711
3/29/2019 21:00,0.490388438,0.161182885
3/29/2019 22:00,0.550995199,0.181103364
3/29/2019 23:00,0.72497736,0.238288535
3/30/2019 0:00,0.862348689,0.283440307
3/30/2019 1:00,0.889393603,0.292329541
3/30/2019 2:00,1.080879286,0.355267841
3/30/2019 3:00,1.203587645,0.395600128
3/30/2019 4:00,1.368883182,0.449930144
3/30/2019 5:00,1.480498249,0.486616242
3/30/2019 6:00,1.600475855,0.526050974
3/30/2019 7:00,1.737635027,0.571133014
3/30/2019 8:00,1.83330574,0.602578457
3/30/2019 9:00,1.965117724,0.645902961
3/30/2019 10:00,2.01,0.660655051
3/30/2019 11:00,2.01,0.660655051
3/30/2019 12:00,2.01,0.660655051
3/30/2019 13:00,2.01,0.660655051
3/30/2019 14:00,2.01,0.660655051
3/30/2019 15:00,2.01,0.660655051
3/30/2019 16:00,2.01,0.660655051
3/30/2019 17:00,2.019236895,0.663691072
3/30/2019 18:00,1.704419763,0.560215685
3/30/2019 19:00,1.136041789,0.373398879
3/30/2019 20:00,0.77246489,0.253896931
3/30/2019 21:00,0.551638849,0.181314921
3/30/2019 22:00,0.397883277,0.130777909
3/30/2019 23:00,0.282317012,0.092793115
3/31/2019 0:00,0.183379847,0.060274041
3/31/2019 1:00,0.137781134,0.045286469
3/31/2019 2:00,0.14373837,0.047244517
3/31/2019 3:00,0.112426548,0.036952819
3/31/2019 4:00,0.071452197,0.023485201
3/31/2019 5:00,0.04865564,0.015992336
3/31/2019 6:00,0.035971771,0.011823349
3/31/2019 7:00,0.022131254,0.007274192
3/31/2019 8:00,0.024962778,0.008204868
3/31/2019 9:00,0.054602847,0.017947088
3/31/2019 10:00,0.197650979,0.064964735
3/31/2019 11:00,0.246685951,0.081081751
3/31/2019 12:00,0.29793562,0.097926703
3/31/2019 13:00,0.290673346,0.095539709
3/31/2019 14:00,0.255632145,0.084022223
3/31/2019 15:00,0.239663466,0.078773572
3/31/2019 16:00,0.211472587,0.069507678
3/31/2019 17:00,0.185474999,0.060962684
3/31/2019 18:00,0.205135718,0.06742485
3/31/2019 19:00,0.283771733,0.093271258
3/31/2019 20:00,0.428247878,0.140758271
3/31/2019 21:00,0.530386514,0.174329617
3/31/2019 22:00,0.596350759,0.196011016
3/31/2019 23:00,0.498456995,0.163834891
04/01/2019 00:00,0.372925443,0.122574666
04/01/2019 01:00,0.334385828,0.109907307
04/01/2019 02:00,0.375997412,0.123584373
04/01/2019 03:00,0.447549033,0.147102253
04/01/2019 04:00,0.555979585,0.182741652
04/01/2019 05:00,0.733318522,0.241030142
04/01/2019 06:00,0.980336951,0.322221173
04/01/2019 07:00,1.204687427,0.395961609
04/01/2019 08:00,1.35658223,0.445887016
04/01/2019 09:00,1.444935006,0.47492717
04/01/2019 10:00,1.471046216,0.483509509
04/01/2019 11:00,1.531581589,0.503406524
04/01/2019 12:00,1.737572707,0.57111253
04/01/2019 13:00,1.84886158,0.607691414
04/01/2019 14:00,1.801036763,0.591972157
04/01/2019 15:00,1.756883352,0.577459633
04/01/2019 16:00,1.733190879,0.569672293
04/01/2019 17:00,1.789978484,0.588337476
04/01/2019 18:00,1.834296871,0.602904226
04/01/2019 19:00,1.847394651,0.607209258
04/01/2019 20:00,1.870685333,0.614864535
04/01/2019 21:00,1.855639578,0.609919234
04/01/2019 22:00,1.476284194,0.485231149
04/01/2019 23:00,1.190731938,0.391374661
04/02/2019 00:00,0.725702776,0.238526967
04/02/2019 01:00,0.397452345,0.130636268
04/02/2019 02:00,0.259694659,0.085357507
04/02/2019 03:00,0.238550939,0.078407902
04/02/2019 04:00,0.271554492,0.089255645
04/02/2019 05:00,0.192536226,0.063283597
04/02/2019 06:00,0.101834313,0.03347132
04/02/2019 07:00,0.048931142,0.016082889
04/02/2019 08:00,0.023098116,0.007591984
04/02/2019 09:00,0.014748944,0.004847744
04/02/2019 10:00,0.026576714,0.008735343
04/02/2019 11:00,0.070291862,0.023103818
04/02/2019 12:00,0.158793179,0.052192794
04/02/2019 13:00,0.313928422,0.103183283
04/02/2019 14:00,0.582907928,0.191592571
04/02/2019 15:00,1.004607848,0.330198632
04/02/2019 16:00,1.626734058,0.534681628
04/02/2019 17:00,1.884996585,0.619568416
04/02/2019 18:00,2.01,0.660655051
04/02/2019 19:00,2.01,0.660655051
04/02/2019 20:00,2.01,0.660655051
04/02/2019 21:00,2.01,0.660655051
04/02/2019 22:00,2.01,0.660655051
04/02/2019 23:00,2.01,0.660655051
04/03/2019 00:00,2.01,0.660655051
04/03/2019 01:00,2.01,0.660655051
04/03/2019 02:00,2.01,0.660655051
04/03/2019 03:00,2.01,0.660655051
04/03/2019 04:00,2.01,0.660655051
04/03/2019 05:00,2.01,0.660655051
04/03/2019 06:00,2.01,0.660655051
04/03/2019 07:00,2.01,0.660655051
04/03/2019 08:00,2.01,0.660655051
04/03/2019 09:00,2.01,0.660655051
04/03/2019 10:00,2.01,0.660655051
04/03/2019 11:00,2.01,0.660655051
04/03/2019 12:00,2.01,0.660655051
04/03/2019 13:00,2.01,0.660655051
04/03/2019 14:00,2.01,0.660655051
04/03/2019 15:00,2.0170056,0.662957681
04/03/2019 16:00,1.326283208,0.43592821
04/03/2019 17:00,0.850245648,0.27946223
04/03/2019 18:00,0.504581161,0.165847807
04/03/2019 19:00,0.279439065,0.091847179
04/03/2019 20:00,0.169028124,0.055556858
04/03/2019 21:00,0.169443334,0.055693331
04/03/2019 22:00,0.209803593,0.068959106
04/03/2019 23:00,0.353431801,0.116167415
04/04/2019 00:00,0.830810732,0.273074282
04/04/2019 01:00,1.452925255,0.477553437
04/04/2019 02:00,1.85592111,0.610011769
04/04/2019 03:00,1.924346893,0.632502237
04/04/2019 04:00,1.911765357,0.628366886
04/04/2019 05:00,1.896243769,0.623265186
04/04/2019 06:00,1.959862922,0.644175791
04/04/2019 07:00,2.01,0.660655051
04/04/2019 08:00,2.01,0.660655051
04/04/2019 09:00,2.01,0.660655051
04/04/2019 10:00,2.01,0.660655051
04/04/2019 11:00,2.000967702,0.657686279
04/04/2019 12:00,1.972902966,0.648461846
04/04/2019 13:00,1.972780912,0.648421729
04/04/2019 14:00,1.751130265,0.575568684
04/04/2019 15:00,1.496991021,0.492037154
04/04/2019 16:00,1.252876044,0.411800441
04/04/2019 17:00,0.867704111,0.285200549
04/04/2019 18:00,0.574205146,0.188732105
04/04/2019 19:00,0.633266948,0.20814478
04/04/2019 20:00,0.580709291,0.190869914
04/04/2019 21:00,0.427497996,0.140511796
04/04/2019 22:00,0.345633636,0.113604282
04/04/2019 23:00,0.456777454,0.150135489
04/05/2019 00:00,0.495182259,0.162758538
04/05/2019 01:00,0.590305661,0.194024088
04/05/2019 02:00,0.651024987,0.213981565
04/05/2019 03:00,0.727509483,0.239120803
04/05/2019 04:00,0.837403348,0.27524117
04/05/2019 05:00,0.84078882,0.276353921
04/05/2019 06:00,0.759079317,0.249497306
04/05/2019 07:00,0.671525328,0.220719702
04/05/2019 08:00,0.559575521,0.183923579
04/05/2019 09:00,0.470810487,0.154747924
04/05/2019 10:00,0.446484902,0.146752491
04/05/2019 11:00,0.297565727,0.097805125
04/05/2019 12:00,0.177728501,0.058416533
04/05/2019 13:00,0.125108201,0.041121077
04/05/2019 14:00,0.140202288,0.046082264
04/05/2019 15:00,0.122915271,0.040400296
04/05/2019 16:00,0.116887343,0.038419012
04/05/2019 17:00,0.082664216,0.027170414
04/05/2019 18:00,0.048274934,0.015867203
04/05/2019 19:00,0.013873982,0.004560157
04/05/2019 20:00,0,0
04/05/2019 21:00,0,0
04/05/2019 22:00,0,0
04/05/2019 23:00,0,0
04/06/2019 00:00,0.017494311,0.005750102
04/06/2019 01:00,0.018618606,0.00611964
04/06/2019 02:00,0.047677833,0.015670946
04/06/2019 03:00,0.119885221,0.039404366
04/06/2019 04:00,0.157202202,0.051669865
04/06/2019 05:00,0.191368794,0.062899881
04/06/2019 06:00,0.247329517,0.081293281
04/06/2019 07:00,0.335208186,0.110177603
04/06/2019 08:00,0.494331011,0.162478746
04/06/2019 09:00,0.695545559,0.22861477
04/06/2019 10:00,0.740441731,0.243371428
04/06/2019 11:00,0.76305472,0.250803958
04/06/2019 12:00,0.969319387,0.318599875
04/06/2019 13:00,1.103707715,0.362771183
04/06/2019 14:00,1.212116635,0.398403472
04/06/2019 15:00,1.467724112,0.482417586
04/06/2019 16:00,1.643717336,0.540263762
04/06/2019 17:00,1.61334488,0.530280818
04/06/2019 18:00,1.495371027,0.491504688
04/06/2019 19:00,1.527800398,0.502163707
04/06/2019 20:00,1.501476692,0.493511523
04/06/2019 21:00,1.453718261,0.477814086
04/06/2019 22:00,1.640946214,0.539352938
04/06/2019 23:00,1.51913002,0.499313891
04/07/2019 00:00,1.47989374,0.48641755
04/07/2019 01:00,1.549526136,0.509304612
04/07/2019 02:00,1.554107398,0.5108104
04/07/2019 03:00,1.574005162,0.517350478
04/07/2019 04:00,1.538101791,0.505549611
04/07/2019 05:00,1.525938364,0.501551686
04/07/2019 06:00,1.550014806,0.50946523
04/07/2019 07:00,1.494862884,0.491337669
04/07/2019 08:00,1.465796427,0.481783987
04/07/2019 09:00,1.387942388,0.456194602
04/07/2019 10:00,1.408032514,0.462797907
04/07/2019 11:00,1.332749414,0.438053548
04/07/2019 12:00,1.297732179,0.42654394
04/07/2019 13:00,1.427393249,0.469161473
04/07/2019 14:00,1.467292933,0.482275865
04/07/2019 15:00,1.56980049,0.515968469
04/07/2019 16:00,1.504893517,0.494634579
04/07/2019 17:00,1.415557623,0.465271291
04/07/2019 18:00,1.464956285,0.481507846
04/07/2019 19:00,1.473343407,0.484264559
04/07/2019 20:00,1.513190836,0.497361776
04/07/2019 21:00,1.512635246,0.497179162
04/07/2019 22:00,1.575588309,0.517870833
04/07/2019 23:00,1.31023533,0.430653527
04/08/2019 00:00,1.153734379,0.379214152
04/08/2019 01:00,1.169540015,0.384409213
04/08/2019 02:00,1.098196713,0.360959804
04/08/2019 03:00,1.032142378,0.339248794
04/08/2019 04:00,0.980747337,0.322356061
04/08/2019 05:00,0.945855649,0.310887718
04/08/2019 06:00,0.904414008,0.297266509
04/08/2019 07:00,0.757589779,0.249007719
04/08/2019 08:00,0.673901496,0.22150071
04/08/2019 09:00,0.638126008,0.209741876
04/08/2019 10:00,0.486198905,0.159805852
04/08/2019 11:00,0.557537481,0.183253708
04/08/2019 12:00,0.518503435,0.170423837
04/08/2019 13:00,0.419248795,0.137800415
04/08/2019 14:00,0.377958526,0.12422896
04/08/2019 15:00,0.36731256,0.1207298
04/08/2019 16:00,0.355398817,0.116813942
04/08/2019 17:00,0.358797143,0.117930918
04/08/2019 18:00,0.447824986,0.147192955
04/08/2019 19:00,0.552663651,0.181651757
04/08/2019 20:00,0.655279679,0.215380015
04/08/2019 21:00,0.735851054,0.241862545
04/08/2019 22:00,0.788374912,0.259126303
04/08/2019 23:00,1.082228792,0.355711402
04/09/2019 00:00,1.39246585,0.457681392
04/09/2019 01:00,1.513010738,0.497302581
04/09/2019 02:00,1.545956891,0.508131457
04/09/2019 03:00,1.452323371,0.477355608
04/09/2019 04:00,1.277340966,0.419841672
04/09/2019 05:00,1.086435779,0.357094172
04/09/2019 06:00,0.958755361,0.315127648
04/09/2019 07:00,0.795669178,0.261523812
04/09/2019 08:00,0.622813001,0.204708734
04/09/2019 09:00,0.541697845,0.178047471
04/09/2019 10:00,0.733471413,0.241080395
04/09/2019 11:00,0.634153751,0.208436258
04/09/2019 12:00,0.570865362,0.187634371
04/09/2019 13:00,0.483983698,0.159077749
04/09/2019 14:00,0.392899931,0.129139962
04/09/2019 15:00,0.360416635,0.118463219
04/09/2019 16:00,0.328870602,0.10809454
04/09/2019 17:00,0.275537169,0.090564688
04/09/2019 18:00,0.231739633,0.076169134
04/09/2019 19:00,0.228827312,0.0752119
04/09/2019 20:00,0.220089368,0.072339877
04/09/2019 21:00,0.220010547,0.07231397
04/09/2019 22:00,0.310407119,0.102025886
04/09/2019 23:00,0.255628454,0.08402101
04/10/2019 00:00,0.225092537,0.073984339
04/10/2019 01:00,0.174904992,0.057488491
04/10/2019 02:00,0.118478451,0.038941984
04/10/2019 03:00,0.087497074,0.028758897
04/10/2019 04:00,0.064657855,0.021252009
04/10/2019 05:00,0.078585444,0.025829786
04/10/2019 06:00,0.093933057,0.030874303
04/10/2019 07:00,0.082513527,0.027120885
04/10/2019 08:00,0.052414549,0.017227829
04/10/2019 09:00,0.042344574,0.013917988
04/10/2019 10:00,0.075935169,0.024958683
04/10/2019 11:00,0.074783287,0.024580078
04/10/2019 12:00,0.073303497,0.024093694
04/10/2019 13:00,0.063585135,0.020899423
04/10/2019 14:00,0.048866721,0.016061714
04/10/2019 15:00,0.033663222,0.011064566
04/10/2019 16:00,0.021089048,0.006931635
04/10/2019 17:00,0.02870339,0.009434348
04/10/2019 18:00,0.043718053,0.014369429
04/10/2019 19:00,0.062544403,0.020557351
04/10/2019 20:00,0.070457269,0.023158184
04/10/2019 21:00,0.05692311,0.018709722
04/10/2019 22:00,0.06306171,0.020727382
04/10/2019 23:00,0.052249098,0.017173448
04/11/2019 00:00,0.044693571,0.014690066
04/11/2019 01:00,0.038845009,0.012767737
04/11/2019 02:00,0.035198231,0.011569099
04/11/2019 03:00,0.029131531,0.009575071
04/11/2019 04:00,0.026402077,0.008677943
04/11/2019 05:00,0.021135659,0.006946955
04/11/2019 06:00,0.014037522,0.00461391
04/11/2019 07:00,0,0
04/11/2019 08:00,0,0
04/11/2019 09:00,0,0
04/11/2019 10:00,0.022604671,0.007429796
04/11/2019 11:00,0.017895298,0.0058819
04/11/2019 12:00,0.010976501,0.003607801
04/11/2019 13:00,0,0
04/11/2019 14:00,0,0
04/11/2019 15:00,0,0
04/11/2019 16:00,0,0
04/11/2019 17:00,0.017373422,0.005710368
04/11/2019 18:00,0.023099837,0.007592549
04/11/2019 19:00,0.029221423,0.009604617
04/11/2019 20:00,0.027710705,0.009108068
04/11/2019 21:00,0.027894839,0.00916859
04/11/2019 22:00,0.029165085,0.0095861
04/11/2019 23:00,0.012514353,0.004113269
04/12/2019 00:00,0,0
04/12/2019 01:00,0,0
04/12/2019 02:00,0.012190417,0.004006796
04/12/2019 03:00,0.018246377,0.005997294
04/12/2019 04:00,0.043392154,0.014262311
04/12/2019 05:00,0.11233966,0.036924261
04/12/2019 06:00,0.303947648,0.099902761
04/12/2019 07:00,0.661734033,0.217501459
04/12/2019 08:00,1.189842076,0.391082178
04/12/2019 09:00,1.503036938,0.494024351
04/12/2019 10:00,1.528288874,0.502324261
04/12/2019 11:00,1.591204935,0.52300377
04/12/2019 12:00,1.76267582,0.579363525
04/12/2019 13:00,1.818002807,0.597548626
04/12/2019 14:00,1.841741551,0.605351174
04/12/2019 15:00,1.841571226,0.605295191
04/12/2019 16:00,1.871963249,0.615284565
04/12/2019 17:00,1.911507159,0.62828202
04/12/2019 18:00,1.931389836,0.63481714
04/12/2019 19:00,1.955619965,0.642781198
04/12/2019 20:00,1.956394762,0.643035862
04/12/2019 21:00,1.955968347,0.642895706
04/12/2019 22:00,1.896860485,0.623467891
04/12/2019 23:00,1.861726734,0.611919986
4/13/2019 0:00,1.861749597,0.6119275
4/13/2019 1:00,1.903660725,0.625703022
4/13/2019 2:00,1.932765443,0.63526928
4/13/2019 3:00,1.910356016,0.627903658
4/13/2019 4:00,1.853766505,0.609303585
4/13/2019 5:00,1.787978037,0.587679961
4/13/2019 6:00,1.783172747,0.586100539
4/13/2019 7:00,1.840617654,0.604981767
4/13/2019 8:00,1.86977922,0.61456671
4/13/2019 9:00,1.878467317,0.617422349
4/13/2019 10:00,1.944273945,0.639051942
4/13/2019 11:00,2.002005802,0.658027486
4/13/2019 12:00,2.042128341,0.671215126
4/13/2019 13:00,2.01,0.660655051
4/13/2019 14:00,2.01,0.660655051
4/13/2019 15:00,2.01,0.660655051
4/13/2019 16:00,2.01,0.660655051
4/13/2019 17:00,2.01,0.660655051
4/13/2019 18:00,2.01,0.660655051
4/13/2019 19:00,2.021070391,0.664293713
4/13/2019 20:00,1.975083487,0.649178549
4/13/2019 21:00,1.952258567,0.64167636
4/13/2019 22:00,1.755118126,0.576879431
4/13/2019 23:00,1.817160405,0.597271742
4/14/2019 0:00,1.841620914,0.605311522
4/14/2019 1:00,1.851313434,0.6084973
4/14/2019 2:00,1.869421703,0.6144492
4/14/2019 3:00,1.834260374,0.60289223
4/14/2019 4:00,1.873750095,0.615871873
4/14/2019 5:00,1.968066768,0.646872264
4/14/2019 6:00,2.010264281,0.660741916
4/14/2019 7:00,2.004758089,0.658932118
4/14/2019 8:00,2.01349437,0.661803595
4/14/2019 9:00,2.031669676,0.667777529
4/14/2019 10:00,2.013618716,0.661844466
4/14/2019 11:00,1.947530617,0.640122358
4/14/2019 12:00,1.89868708,0.624068264
4/14/2019 13:00,1.886766471,0.620150149
4/14/2019 14:00,1.887719016,0.620463236
4/14/2019 15:00,1.926568351,0.633232395
4/14/2019 16:00,1.973855104,0.648774799
4/14/2019 17:00,1.955964699,0.642894507
4/14/2019 18:00,1.957047868,0.643250527
4/14/2019 19:00,1.953702884,0.642151084
4/14/2019 20:00,1.957925384,0.643538953
4/14/2019 21:00,1.967471243,0.646676525
4/14/2019 22:00,1.862858437,0.612291959
4/14/2019 23:00,1.865318631,0.613100585
4/15/2019 0:00,1.897724564,0.6237519
4/15/2019 1:00,1.880998603,0.618254343
4/15/2019 2:00,1.861272466,0.611770675
4/15/2019 3:00,1.869084445,0.614338348
4/15/2019 4:00,1.909570938,0.627645615
4/15/2019 5:00,1.9059099,0.62644229
4/15/2019 6:00,1.979242524,0.650545558
4/15/2019 7:00,1.973463002,0.648645921
4/15/2019 8:00,2.024909513,0.665555571
4/15/2019 9:00,2.01,0.660655051
4/15/2019 10:00,2.01,0.660655051
4/15/2019 11:00,2.01,0.660655051
4/15/2019 12:00,2.01,0.660655051
4/15/2019 13:00,2.01,0.660655051
4/15/2019 14:00,2.01,0.660655051
4/15/2019 15:00,2.01,0.660655051
4/15/2019 16:00,2.01,0.660655051
4/15/2019 17:00,2.01,0.660655051
4/15/2019 18:00,2.01,0.660655051
4/15/2019 19:00,2.01,0.660655051
4/15/2019 20:00,2.01,0.660655051
4/15/2019 21:00,2.01,0.660655051
4/15/2019 22:00,2.01,0.660655051
4/15/2019 23:00,2.01,0.660655051
4/16/2019 0:00,2.01,0.660655051
4/16/2019 1:00,2.01,0.660655051
4/16/2019 2:00,2.01,0.660655051
4/16/2019 3:00,2.01,0.660655051
4/16/2019 4:00,2.01,0.660655051
4/16/2019 5:00,2.01,0.660655051
4/16/2019 6:00,2.0448635,0.67211413
4/16/2019 7:00,2.045815058,0.672426892
4/16/2019 8:00,2.01,0.660655051
4/16/2019 9:00,2.01,0.660655051
4/16/2019 10:00,2.01,0.660655051
4/16/2019 11:00,2.024792965,0.665517264
4/16/2019 12:00,1.995723774,0.655962683
4/16/2019 13:00,2.016455559,0.662776891
4/16/2019 14:00,2.035657732,0.66908834
4/16/2019 15:00,2.041891577,0.671137306
4/16/2019 16:00,2.01,0.660655051
4/16/2019 17:00,2.01,0.660655051
4/16/2019 18:00,2.01,0.660655051
4/16/2019 19:00,2.01,0.660655051
4/16/2019 20:00,2.038743082,0.670102446
4/16/2019 21:00,2.020306938,0.664042778
4/16/2019 22:00,1.943700018,0.638863301
4/16/2019 23:00,1.926904349,0.633342832
4/17/2019 0:00,1.899534092,0.624346663
4/17/2019 1:00,1.870753034,0.614886787
4/17/2019 2:00,1.834875254,0.603094331
4/17/2019 3:00,1.81164971,0.595460464
4/17/2019 4:00,1.774986889,0.583409977
4/17/2019 5:00,1.747531866,0.574385948
4/17/2019 6:00,1.745928487,0.573858943
4/17/2019 7:00,1.737268961,0.571012694
4/17/2019 8:00,1.717240767,0.564429745
4/17/2019 9:00,1.661732214,0.546184966
4/17/2019 10:00,1.648389046,0.541799279
4/17/2019 11:00,1.68281246,0.553113708
4/17/2019 12:00,1.658023863,0.54496609
4/17/2019 13:00,1.473491635,0.48431328
4/17/2019 14:00,1.358185681,0.446414045
4/17/2019 15:00,1.409060789,0.463135885
4/17/2019 16:00,1.448211033,0.476003947
4/17/2019 17:00,1.474509877,0.48464796
4/17/2019 18:00,1.542532954,0.507006064
4/17/2019 19:00,1.610266328,0.529268947
4/17/2019 20:00,1.516675752,0.498507212
4/17/2019 21:00,1.59269726,0.523494274
4/17/2019 22:00,1.333753446,0.438383558
4/17/2019 23:00,1.211496882,0.398199769
4/18/2019 0:00,1.168645218,0.384115108
4/18/2019 1:00,1.215465879,0.399504315
4/18/2019 2:00,1.222195842,0.401716347
4/18/2019 3:00,1.151876546,0.378603512
4/18/2019 4:00,1.078222292,0.354394529
4/18/2019 5:00,1.143658917,0.375902508
4/18/2019 6:00,1.280610835,0.420916426
4/18/2019 7:00,1.425384638,0.468501274
4/18/2019 8:00,1.507959543,0.495642333
4/18/2019 9:00,1.610133097,0.529225156
4/18/2019 10:00,1.447228601,0.475681038
4/18/2019 11:00,1.417151041,0.465795022
4/18/2019 12:00,1.47402452,0.48448843
4/18/2019 13:00,1.529349889,0.502673
4/18/2019 14:00,1.594025191,0.523930744
4/18/2019 15:00,1.669008613,0.548576602
4/18/2019 16:00,1.726291106,0.567404447
4/18/2019 17:00,1.752248797,0.575936328
4/18/2019 18:00,1.811317969,0.595351426
4/18/2019 19:00,1.867535254,0.613829154
4/18/2019 20:00,1.906629203,0.626678714
4/18/2019 21:00,1.921031199,0.631412421
4/18/2019 22:00,1.878281239,0.617361188
4/18/2019 23:00,1.848244442,0.607488571
4/19/2019 0:00,1.814219408,0.596305083
4/19/2019 1:00,1.805074499,0.593299297
4/19/2019 2:00,1.796722781,0.59055422
4/19/2019 3:00,1.797920969,0.590948045
4/19/2019 4:00,1.764439863,0.579943338
4/19/2019 5:00,1.815284733,0.596655238
4/19/2019 6:00,1.85663971,0.610247962
4/19/2019 7:00,1.873725058,0.615863644
4/19/2019 8:00,1.839281342,0.604542542
4/19/2019 9:00,1.827164768,0.600560017
4/19/2019 10:00,1.825109734,0.59988456
4/19/2019 11:00,1.714356261,0.563481653
4/19/2019 12:00,1.610917449,0.52948296
4/19/2019 13:00,1.475702425,0.485039931
4/19/2019 14:00,1.408702178,0.463018015
4/19/2019 15:00,1.390606167,0.457070144
4/19/2019 16:00,1.430499293,0.47018238
4/19/2019 17:00,1.433201083,0.471070415
4/19/2019 18:00,1.271466958,0.417910979
4/19/2019 19:00,1.025990217,0.337226676
4/19/2019 20:00,0.853885273,0.280658517
4/19/2019 21:00,0.77656736,0.255245348
4/19/2019 22:00,0.542035724,0.178158527
4/19/2019 23:00,0.609443039,0.20031424
4/20/2019 0:00,0.641530356,0.210860831
4/20/2019 1:00,0.608613035,0.200041431
4/20/2019 2:00,0.54585287,0.179413162
4/20/2019 3:00,0.491275234,0.161474361
4/20/2019 4:00,0.518735018,0.170499955
4/20/2019 5:00,0.539615137,0.177362919
4/20/2019 6:00,0.569988993,0.187346322
4/20/2019 7:00,0.566725807,0.186273765
4/20/2019 8:00,0.501684848,0.164895835
4/20/2019 9:00,0.448935844,0.147558076
4/20/2019 10:00,0.32055919,0.105362711
4/20/2019 11:00,0.310103511,0.101926095
4/20/2019 12:00,0.387784818,0.127458706
4/20/2019 13:00,0.432022343,0.141998877
4/20/2019 14:00,0.402333808,0.132240728
4/20/2019 15:00,0.284593673,0.093541417
4/20/2019 16:00,0.129688697,0.042626613
4/20/2019 17:00,0.046643602,0.015331011
4/20/2019 18:00,0.013553617,0.004454859
4/20/2019 19:00,0,0
4/20/2019 20:00,0,0
4/20/2019 21:00,0.013175254,0.004330496
4/20/2019 22:00,0.094571984,0.031084308
4/20/2019 23:00,0.190459053,0.062600863
4/21/2019 0:00,0.241836695,0.079487878
4/21/2019 1:00,0.186397552,0.061265913
4/21/2019 2:00,0.086900169,0.028562704
4/21/2019 3:00,0.093422935,0.030706634
4/21/2019 4:00,0.095129866,0.031267675
4/21/2019 5:00,0.013595344,0.004468573
4/21/2019 6:00,0,0
4/21/2019 7:00,0,0
4/21/2019 8:00,0,0
4/21/2019 9:00,0,0
4/21/2019 10:00,0.080438005,0.026438694
4/21/2019 11:00,0.245544274,0.0807065
4/21/2019 12:00,0.415705823,0.136635896
4/21/2019 13:00,0.632197696,0.207793334
4/21/2019 14:00,0.611022984,0.200833543
4/21/2019 15:00,0.598918406,0.19685496
4/21/2019 16:00,0.513030785,0.168625064
4/21/2019 17:00,0.441323944,0.145056166
4/21/2019 18:00,0.533127007,0.175230373
4/21/2019 19:00,0.617440085,0.202942742
4/21/2019 20:00,0.784752317,0.257935613
4/21/2019 21:00,0.987668909,0.324631072
4/21/2019 22:00,0.924482545,0.303862718
4/21/2019 23:00,1.11099532,0.365166503
4/22/2019 0:00,1.465188388,0.481584134
4/22/2019 1:00,1.635064246,0.537419629
4/22/2019 2:00,1.650771803,0.542582453
4/22/2019 3:00,1.679629062,0.552067375
4/22/2019 4:00,1.663175035,0.546659198
4/22/2019 5:00,1.666346949,0.547701756
4/22/2019 6:00,1.673155245,0.549939535
4/22/2019 7:00,1.676794722,0.551135773
4/22/2019 8:00,1.66264712,0.546485681
4/22/2019 9:00,1.663492934,0.546763687
4/22/2019 10:00,1.620640042,0.532678622
4/22/2019 11:00,1.624189102,0.533845142
4/22/2019 12:00,1.608782726,0.528781311
4/22/2019 13:00,1.658538125,0.54513512
4/22/2019 14:00,1.81069986,0.595148263
4/22/2019 15:00,1.901867626,0.625113659
4/22/2019 16:00,1.984605263,0.652308205
4/22/2019 17:00,2.048660664,0.673362197
4/22/2019 18:00,2.01,0.660655051
4/22/2019 19:00,2.01,0.660655051
4/22/2019 20:00,2.01,0.660655051
4/22/2019 21:00,2.011170255,0.661039696
4/22/2019 22:00,1.991797253,0.654672098
4/22/2019 23:00,1.979320987,0.650571347
4/23/2019 0:00,1.959060781,0.64391214
4/23/2019 1:00,1.938244826,0.637070266
4/23/2019 2:00,1.925036957,0.63272905
4/23/2019 3:00,1.908636403,0.627338448
4/23/2019 4:00,1.875082986,0.616309973
4/23/2019 5:00,1.857517226,0.610536387
4/23/2019 6:00,1.922674457,0.631952533
4/23/2019 7:00,1.978985194,0.650460978
4/23/2019 8:00,1.973939643,0.648802585
4/23/2019 9:00,2.039118637,0.670225884
4/23/2019 10:00,2.01,0.660655051
4/23/2019 11:00,2.01,0.660655051
4/23/2019 12:00,2.01,0.660655051
4/23/2019 13:00,2.01,0.660655051
4/23/2019 14:00,2.01,0.660655051
4/23/2019 15:00,2.01,0.660655051
4/23/2019 16:00,2.01,0.660655051
4/23/2019 17:00,2.01,0.660655051
4/23/2019 18:00,2.01,0.660655051
4/23/2019 19:00,2.01,0.660655051
4/23/2019 20:00,2.01,0.660655051
4/23/2019 21:00,2.01,0.660655051
4/23/2019 22:00,2.01,0.660655051
4/23/2019 23:00,2.01,0.660655051
4/24/2019 0:00,2.01,0.660655051
4/24/2019 1:00,2.01,0.660655051
4/24/2019 2:00,2.01,0.660655051
4/24/2019 3:00,2.01,0.660655051
4/24/2019 4:00,2.01,0.660655051
4/24/2019 5:00,2.01,0.660655051
4/24/2019 6:00,2.01,0.660655051
4/24/2019 7:00,2.01,0.660655051
4/24/2019 8:00,2.01,0.660655051
4/24/2019 9:00,2.01,0.660655051
4/24/2019 10:00,2.01,0.660655051
4/24/2019 11:00,2.01,0.660655051
4/24/2019 12:00,2.01,0.660655051
4/24/2019 13:00,2.01,0.660655051
4/24/2019 14:00,2.04676404,0.672738807
4/24/2019 15:00,2.042002467,0.671173754
4/24/2019 16:00,1.99716775,0.656437295
4/24/2019 17:00,1.926981782,0.633368283
4/24/2019 18:00,1.90521848,0.626215031
4/24/2019 19:00,1.935821221,0.636273666
4/24/2019 20:00,1.944091387,0.638991938
4/24/2019 21:00,1.918792998,0.63067676
4/24/2019 22:00,1.763273244,0.579559888
4/24/2019 23:00,1.554566476,0.510961291
4/25/2019 0:00,1.466680775,0.482074658
4/25/2019 1:00,1.337007707,0.439453182
4/25/2019 2:00,1.255202456,0.412565096
4/25/2019 3:00,1.431817126,0.470615531
4/25/2019 4:00,1.632880892,0.536701995
4/25/2019 5:00,1.79909599,0.591334255
4/25/2019 6:00,1.659219759,0.545359162
4/25/2019 7:00,1.414702729,0.464990301
4/25/2019 8:00,1.48097673,0.486773511
4/25/2019 9:00,1.672879921,0.54984904
4/25/2019 10:00,1.388616701,0.456416238
4/25/2019 11:00,1.482504541,0.487275678
4/25/2019 12:00,1.451612523,0.477121963
4/25/2019 13:00,1.53937867,0.505969301
4/25/2019 14:00,1.801871228,0.592246432
4/25/2019 15:00,1.874241917,0.616033527
4/25/2019 16:00,1.90061192,0.624700928
4/25/2019 17:00,1.944207115,0.639029976
4/25/2019 18:00,1.853429829,0.609192925
4/25/2019 19:00,1.651820752,0.542927226
4/25/2019 20:00,1.794654215,0.589874315
4/25/2019 21:00,1.86608994,0.613354102
4/25/2019 22:00,1.88057439,0.618114911
4/25/2019 23:00,1.853551331,0.609232861
4/26/2019 0:00,1.831582154,0.602011941
4/26/2019 1:00,1.851726376,0.608633027
4/26/2019 2:00,1.856976552,0.610358676
4/26/2019 3:00,1.859551659,0.611205073
4/26/2019 4:00,1.700915207,0.559063793
4/26/2019 5:00,1.759575328,0.578344442
4/26/2019 6:00,1.715802624,0.56395705
4/26/2019 7:00,1.836363506,0.603583496
4/26/2019 8:00,1.807708247,0.594164968
4/26/2019 9:00,1.830175914,0.601549733
4/26/2019 10:00,1.848933861,0.607715172
4/26/2019 11:00,1.972486684,0.648325021
4/26/2019 12:00,1.999138594,0.65708508
4/26/2019 13:00,1.968617646,0.647053329
4/26/2019 14:00,2.036589679,0.669394656
4/26/2019 15:00,2.01,0.660655051
4/26/2019 16:00,2.01,0.660655051
4/26/2019 17:00,2.01,0.660655051
4/26/2019 18:00,2.01,0.660655051
4/26/2019 19:00,2.01,0.660655051
4/26/2019 20:00,2.01,0.660655051
4/26/2019 21:00,2.01,0.660655051
4/26/2019 22:00,2.01,0.660655051
4/26/2019 23:00,1.99167442,0.654631725
4/27/2019 0:00,1.902308143,0.62525845
4/27/2019 1:00,1.827679688,0.600729263
4/27/2019 2:00,1.488983188,0.489405107
4/27/2019 3:00,0.986517089,0.324252487
4/27/2019 4:00,1.000096416,0.328715795
4/27/2019 5:00,1.18022199,0.387920209
4/27/2019 6:00,1.193849773,0.392399444
4/27/2019 7:00,0.984145488,0.323472979
4/27/2019 8:00,0.857435468,0.28182541
4/27/2019 9:00,0.811841275,0.266839323
4/27/2019 10:00,0.64167322,0.210907788
4/27/2019 11:00,0.460319305,0.151299639
4/27/2019 12:00,0.286442598,0.094149129
4/27/2019 13:00,0.346194823,0.113788736
4/27/2019 14:00,0.285074572,0.093699481
4/27/2019 15:00,0.199990403,0.065733667
4/27/2019 16:00,0.305661783,0.10046617
4/27/2019 17:00,0.245890639,0.080820344
4/27/2019 18:00,0.12440837,0.040891054
4/27/2019 19:00,0.085704514,0.028169711
4/27/2019 20:00,0.069278088,0.022770606
4/27/2019 21:00,0.043992924,0.014459775
4/27/2019 22:00,0.048298422,0.015874923
4/27/2019 23:00,0.034171917,0.011231766
4/28/2019 0:00,0.013028947,0.004282408
4/28/2019 1:00,0,0
4/28/2019 2:00,0,0
4/28/2019 3:00,0,0
4/28/2019 4:00,0,0
4/28/2019 5:00,0,0
4/28/2019 6:00,0.017470508,0.005742278
4/28/2019 7:00,0.015215019,0.005000935
4/28/2019 8:00,0.01083389,0.003560927
4/28/2019 9:00,0,0
4/28/2019 10:00,0.034862281,0.011458678
4/28/2019 11:00,0.041604603,0.013674772
4/28/2019 12:00,0.035159225,0.011556278
4/28/2019 13:00,0.06135717,0.020167126
4/28/2019 14:00,0.12150212,0.039935816
4/28/2019 15:00,0.191448257,0.062925999
4/28/2019 16:00,0.295046773,0.096977185
4/28/2019 17:00,0.408975302,0.134423681
4/28/2019 18:00,0.614143276,0.201859133
4/28/2019 19:00,0.569605686,0.187220335
4/28/2019 20:00,0.506504578,0.166480004
4/28/2019 21:00,0.486391177,0.159869049
4/28/2019 22:00,0.393825214,0.129444088
4/28/2019 23:00,0.395653683,0.130045077
4/29/2019 0:00,0.400008422,0.13147641
4/29/2019 1:00,0.416656291,0.1369483
4/29/2019 2:00,0.431307153,0.141763806
4/29/2019 3:00,0.372678155,0.122493386
4/29/2019 4:00,0.358188013,0.117730707
4/29/2019 5:00,0.500603463,0.164540401
4/29/2019 6:00,0.66441787,0.218383593
4/29/2019 7:00,0.656844016,0.215894188
4/29/2019 8:00,0.65405292,0.214976799
4/29/2019 9:00,0.596114185,0.195933257
4/29/2019 10:00,0.648771901,0.213241012
4/29/2019 11:00,0.592230568,0.194656774
4/29/2019 12:00,0.595303863,0.195666917
4/29/2019 13:00,0.711641051,0.233905102
4/29/2019 14:00,0.775284927,0.254823833
4/29/2019 15:00,0.645838811,0.212276952
4/29/2019 16:00,0.542540856,0.178324556
4/29/2019 17:00,0.596647616,0.196108588
4/29/2019 18:00,0.689427979,0.226604018
4/29/2019 19:00,0.729156599,0.239662184
4/29/2019 20:00,0.774811057,0.254668079
4/29/2019 21:00,0.791916441,0.260290347
4/29/2019 22:00,0.87043651,0.286098645
4/29/2019 23:00,0.763577271,0.250975712
4/30/2019 0:00,0.751086921,0.246870333
4/30/2019 1:00,0.739596372,0.243093572
4/30/2019 2:00,0.716024782,0.235345965
4/30/2019 3:00,0.664233968,0.218323147
4/30/2019 4:00,0.609682657,0.200392999
4/30/2019 5:00,0.529969589,0.17419258
4/30/2019 6:00,0.395988265,0.130155049
4/30/2019 7:00,0.35025424,0.115123001
4/30/2019 8:00,0.24395876,0.080185367
4/30/2019 9:00,0.139121577,0.045727051
4/30/2019 10:00,0.115297146,0.037896339
4/30/2019 11:00,0.098879289,0.032500051
4/30/2019 12:00,0.066950535,0.022005577
4/30/2019 13:00,0.021629948,0.00710942
4/30/2019 14:00,0.01011704,0.00332531
4/30/2019 15:00,0.025552312,0.008398639
4/30/2019 16:00,0.056333238,0.01851584
4/30/2019 17:00,0.084946139,0.027920446
4/30/2019 18:00,0.075259811,0.024736704
4/30/2019 19:00,0.049971563,0.016424859
4/30/2019 20:00,0.030355067,0.009977228
4/30/2019 21:00,0.013161627,0.004326018
4/30/2019 22:00,0.013216274,0.004343979
4/30/2019 23:00,0.017024366,0.005595639
05/01/2019 00:00,0.05426069,0.017834626
05/01/2019 01:00,0.053746233,0.017665533
05/01/2019 02:00,0.047260728,0.01553385
05/01/2019 03:00,0.051778277,0.017018697
05/01/2019 04:00,0.055133379,0.018121465
05/01/2019 05:00,0.073471132,0.024148793
05/01/2019 06:00,0.054338415,0.017860173
05/01/2019 07:00,0.026735714,0.008787604
05/01/2019 08:00,0.01105936,0.003635036
05/01/2019 09:00,0,0
05/01/2019 10:00,0,0
05/01/2019 11:00,0,0
05/01/2019 12:00,0,0
05/01/2019 13:00,0.010289712,0.003382065
05/01/2019 14:00,0.036400177,0.01196416
05/01/2019 15:00,0.063281243,0.020799539
05/01/2019 16:00,0.096084899,0.031581579
05/01/2019 17:00,0.104245966,0.034263992
05/01/2019 18:00,0.107551254,0.035350388
05/01/2019 19:00,0.094927544,0.031201175
05/01/2019 20:00,0.110396385,0.036285537
05/01/2019 21:00,0.176237824,0.057926571
05/01/2019 22:00,0.229127192,0.075310466
05/01/2019 23:00,0.330443737,0.108611604
05/02/2019 00:00,0.511798399,0.168219999
05/02/2019 01:00,0.644465591,0.211825596
05/02/2019 02:00,0.762300134,0.250555937
05/02/2019 03:00,0.950320055,0.312355097
05/02/2019 04:00,1.000079566,0.328710257
05/02/2019 05:00,0.856778276,0.281609401
05/02/2019 06:00,1.019240787,0.335008246
05/02/2019 07:00,1.248625832,0.410403464
05/02/2019 08:00,1.408804035,0.463051493
05/02/2019 09:00,1.526386822,0.501699087
05/02/2019 10:00,1.62160815,0.532996824
05/02/2019 11:00,1.55618122,0.511492032
05/02/2019 12:00,1.402280861,0.46090743
05/02/2019 13:00,1.384278494,0.454990338
05/02/2019 14:00,1.447850685,0.475885507
05/02/2019 15:00,1.413303135,0.464530276
05/02/2019 16:00,1.306272185,0.429350904
05/02/2019 17:00,1.232926911,0.405243478
05/02/2019 18:00,1.212108693,0.398400861
05/02/2019 19:00,1.120973374,0.36844613
05/02/2019 20:00,1.078677833,0.354544258
05/02/2019 21:00,1.077797541,0.35425492
05/02/2019 22:00,1.404747784,0.461718268
05/02/2019 23:00,1.63675824,0.537976417
05/03/2019 00:00,1.603242001,0.526960162
05/03/2019 01:00,1.733589214,0.56980322
05/03/2019 02:00,1.890676431,0.621435291
05/03/2019 03:00,1.924355541,0.632505079
05/03/2019 04:00,1.968318021,0.646954847
05/03/2019 05:00,2.015170693,0.662354576
05/03/2019 06:00,2.034642101,0.668754518
05/03/2019 07:00,2.01,0.660655051
05/03/2019 08:00,2.01,0.660655051
05/03/2019 09:00,2.01,0.660655051
05/03/2019 10:00,2.01,0.660655051
05/03/2019 11:00,2.01,0.660655051
05/03/2019 12:00,2.01,0.660655051
05/03/2019 13:00,2.002359867,0.658143861
05/03/2019 14:00,1.909193358,0.62752151
05/03/2019 15:00,1.844772029,0.606347244
05/03/2019 16:00,1.782464423,0.585867724
05/03/2019 17:00,1.831938931,0.602129208
05/03/2019 18:00,1.880918676,0.618228072
05/03/2019 19:00,1.91507502,0.629454719
05/03/2019 20:00,1.97324594,0.648574576
05/03/2019 21:00,2.009895109,0.660620575
05/03/2019 22:00,2.01,0.660655051
05/03/2019 23:00,2.01,0.660655051
05/04/2019 00:00,2.03616717,0.669255784
05/04/2019 01:00,1.988487221,0.653584143
05/04/2019 02:00,2.020102894,0.663975712
05/04/2019 03:00,2.041207726,0.670912535
05/04/2019 04:00,2.01,0.660655051
05/04/2019 05:00,2.045545957,0.672338442
05/04/2019 06:00,2.01,0.660655051
05/04/2019 07:00,2.048632915,0.673353076
05/04/2019 08:00,2.034781015,0.668800177
05/04/2019 09:00,2.018312837,0.663387349
05/04/2019 10:00,2.039074163,0.670211267
05/04/2019 11:00,2.007923755,0.659972623
05/04/2019 12:00,1.947061776,0.639968258
05/04/2019 13:00,1.847037112,0.60709174
05/04/2019 14:00,1.770956827,0.58208536
05/04/2019 15:00,1.742232843,0.572644243
05/04/2019 16:00,1.698596561,0.558301691
05/04/2019 17:00,1.730019913,0.568630047
05/04/2019 18:00,1.690022641,0.55548358
05/04/2019 19:00,1.642373912,0.5398222
05/04/2019 20:00,1.558975762,0.512410553
05/04/2019 21:00,1.35168411,0.444277082
05/04/2019 22:00,1.657353461,0.544745739
05/04/2019 23:00,1.592625829,0.523470795
05/05/2019 00:00,1.738779628,0.571509226
05/05/2019 01:00,1.883868693,0.619197696
05/05/2019 02:00,1.954412894,0.642384453
05/05/2019 03:00,1.938749125,0.637236021
05/05/2019 04:00,1.995524784,0.655897278
05/05/2019 05:00,2.015547888,0.662478554
05/05/2019 06:00,2.039143384,0.670234018
05/05/2019 07:00,2.045991186,0.672484782
05/05/2019 08:00,2.01,0.660655051
05/05/2019 09:00,2.01,0.660655051
05/05/2019 10:00,2.01,0.660655051
05/05/2019 11:00,2.01,0.660655051
05/05/2019 12:00,2.01,0.660655051
05/05/2019 13:00,2.01,0.660655051
05/05/2019 14:00,2.033825536,0.668486126
05/05/2019 15:00,2.012606167,0.661511657
05/05/2019 16:00,1.938990214,0.637315264
05/05/2019 17:00,1.887488535,0.62038748
05/05/2019 18:00,1.851547079,0.608574095
05/05/2019 19:00,1.86137611,0.611804741
05/05/2019 20:00,1.857500748,0.610530971
05/05/2019 21:00,1.832168183,0.60220456
05/05/2019 22:00,1.77472165,0.583322798
05/05/2019 23:00,1.670029891,0.54891228
05/06/2019 00:00,1.650418524,0.542466336
05/06/2019 01:00,1.554869919,0.511061028
05/06/2019 02:00,1.542662213,0.507048549
05/06/2019 03:00,1.567067978,0.515070336
05/06/2019 04:00,1.557895968,0.512055642
05/06/2019 05:00,1.455073405,0.4782595
05/06/2019 06:00,1.397563347,0.459356858
05/06/2019 07:00,1.031434286,0.339016055
05/06/2019 08:00,0.726130091,0.238667419
05/06/2019 09:00,0.503458798,0.165478904
05/06/2019 10:00,0.34053426,0.111928199
05/06/2019 11:00,0.287948343,0.094644043
05/06/2019 12:00,0.29331735,0.096408751
05/06/2019 13:00,0.288185055,0.094721847
05/06/2019 14:00,0.344834781,0.113341711
05/06/2019 15:00,0.417413169,0.137197074
05/06/2019 16:00,0.476601013,0.156651178
05/06/2019 17:00,0.466756028,0.153415287
05/06/2019 18:00,0.435904708,0.143274949
05/06/2019 19:00,0.359816802,0.118266064
05/06/2019 20:00,0.299225063,0.098350522
05/06/2019 21:00,0.235679443,0.077464087
05/06/2019 22:00,0.216444659,0.071141919
05/06/2019 23:00,0.187921368,0.061766767
05/07/2019 00:00,0.167526145,0.055063181
05/07/2019 01:00,0.163811546,0.053842251
05/07/2019 02:00,0.181370233,0.059613513
05/07/2019 03:00,0.169432688,0.055689831
05/07/2019 04:00,0.140381727,0.046141242
05/07/2019 05:00,0.124531669,0.04093158
05/07/2019 06:00,0.105287415,0.0346063
05/07/2019 07:00,0.099600419,0.032737074
05/07/2019 08:00,0.097662558,0.032100131
05/07/2019 09:00,0.094985846,0.031220338
05/07/2019 10:00,0.119248201,0.039194988
05/07/2019 11:00,0.104747156,0.034428725
05/07/2019 12:00,0.091851599,0.030190161
05/07/2019 13:00,0.087806612,0.028860638
05/07/2019 14:00,0.08780701,0.028860768
05/07/2019 15:00,0.076791434,0.025240124
05/07/2019 16:00,0.055664178,0.018295931
05/07/2019 17:00,0.042997037,0.014132443
05/07/2019 18:00,0.037511261,0.012329355
05/07/2019 19:00,0.030125199,0.009901674
05/07/2019 20:00,0.022079658,0.007257233
05/07/2019 21:00,0.013912153,0.004572704
05/07/2019 22:00,0,0
05/07/2019 23:00,0,0
05/08/2019 00:00,0,0
05/08/2019 01:00,0,0
05/08/2019 02:00,0,0
05/08/2019 03:00,0.021843324,0.007179554
05/08/2019 04:00,0.045477487,0.014947727
05/08/2019 05:00,0.085807653,0.028203612
05/08/2019 06:00,0.121569041,0.039957811
05/08/2019 07:00,0.158763478,0.052183032
05/08/2019 08:00,0.209630452,0.068902198
05/08/2019 09:00,0.253543861,0.083335837
05/08/2019 10:00,0.123088883,0.040457359
05/08/2019 11:00,0.255705941,0.084046478
05/08/2019 12:00,0.351724352,0.115606204
05/08/2019 13:00,0.38070528,0.125131774
05/08/2019 14:00,0.363138773,0.119357943
05/08/2019 15:00,0.362284877,0.119077281
05/08/2019 16:00,0.313031042,0.102888328
05/08/2019 17:00,0.303065289,0.099612743
05/08/2019 18:00,0.257933798,0.08477874
05/08/2019 19:00,0.20157638,0.066254952
05/08/2019 20:00,0.16763011,0.055097353
05/08/2019 21:00,0.156360139,0.051393092
05/08/2019 22:00,0.164080785,0.053930746
05/08/2019 23:00,0.088177483,0.028982537
05/09/2019 00:00,0.053310902,0.017522446
05/09/2019 01:00,0.062018939,0.020384639
05/09/2019 02:00,0.100227527,0.032943195
05/09/2019 03:00,0.116850966,0.038407055
05/09/2019 04:00,0.1003589,0.032986375
05/09/2019 05:00,0.077222313,0.025381747
05/09/2019 06:00,0.067101609,0.022055232
05/09/2019 07:00,0.079421411,0.026104555
05/09/2019 08:00,0.11356079,0.037325627
05/09/2019 09:00,0.160954833,0.052903295
05/09/2019 10:00,0.236547206,0.077749307
05/09/2019 11:00,0.329326433,0.108244364
05/09/2019 12:00,0.351581256,0.115559171
05/09/2019 13:00,0.346357548,0.113842221
05/09/2019 14:00,0.322979348,0.106158178
05/09/2019 15:00,0.330956403,0.108780109
05/09/2019 16:00,0.335836798,0.110384217
05/09/2019 17:00,0.348076507,0.114407215
05/09/2019 18:00,0.354948173,0.116665823
05/09/2019 19:00,0.314067752,0.103229078
05/09/2019 20:00,0.257980013,0.08479393
05/09/2019 21:00,0.208182182,0.068426174
05/09/2019 22:00,0.173578213,0.0570524
05/09/2019 23:00,0.164948526,0.054215959
05/10/2019 00:00,0.235101941,0.077274271
05/10/2019 01:00,0.259572022,0.085317198
05/10/2019 02:00,0.232395622,0.076384747
05/10/2019 03:00,0.187455808,0.061613744
05/10/2019 04:00,0.140995517,0.046342985
05/10/2019 05:00,0.093762588,0.030818272
05/10/2019 06:00,0.061315645,0.020153478
05/10/2019 07:00,0.049591754,0.016300021
05/10/2019 08:00,0.046122859,0.015159851
05/10/2019 09:00,0.028788699,0.009462388
05/10/2019 10:00,0.014395375,0.004731531
05/10/2019 11:00,0.013516423,0.004442634
05/10/2019 12:00,0.01324327,0.004352852
05/10/2019 13:00,0.013983358,0.004596108
05/10/2019 14:00,0.022791432,0.007491182
05/10/2019 15:00,0.040127369,0.013189228
05/10/2019 16:00,0.051563165,0.016947993
05/10/2019 17:00,0.046618377,0.015322719
05/10/2019 18:00,0.01851615,0.006085964
05/10/2019 19:00,0,0
05/10/2019 20:00,0,0
05/10/2019 21:00,0,0
05/10/2019 22:00,0,0
05/10/2019 23:00,0.019900076,0.006540839
05/11/2019 00:00,0.06031795,0.019825551
05/11/2019 01:00,0.093148834,0.030616541
05/11/2019 02:00,0.128677795,0.042294346
05/11/2019 03:00,0.187324099,0.061570454
05/11/2019 04:00,0.255356313,0.083931561
05/11/2019 05:00,0.280510619,0.092199382
05/11/2019 06:00,0.287655014,0.094547631
05/11/2019 07:00,0.305244546,0.100329031
05/11/2019 08:00,0.315811906,0.103802354
05/11/2019 09:00,0.313629255,0.103084951
05/11/2019 10:00,0.320797342,0.105440987
05/11/2019 11:00,0.361214091,0.11872533
05/11/2019 12:00,0.410606367,0.134959786
05/11/2019 13:00,0.449584142,0.147771161
05/11/2019 14:00,0.467857574,0.153777348
05/11/2019 15:00,0.457261038,0.150294435
05/11/2019 16:00,0.407704952,0.134006137
05/11/2019 17:00,0.374812542,0.123194925
05/11/2019 18:00,0.31884556,0.104799468
05/11/2019 19:00,0.237673886,0.078119629
05/11/2019 20:00,0.152512263,0.050128357
05/11/2019 21:00,0.080536778,0.026471159
05/11/2019 22:00,0.01723423,0.005664617
05/11/2019 23:00,0.013472734,0.004428274
05/12/2019 00:00,0.016672037,0.005479834
05/12/2019 01:00,0.025334385,0.00832701
05/12/2019 02:00,0.049734444,0.016346921
05/12/2019 03:00,0.03840419,0.012622847
05/12/2019 04:00,0.036301763,0.011931812
05/12/2019 05:00,0.053406974,0.017554023
05/12/2019 06:00,0.047992264,0.015774294
05/12/2019 07:00,0.048228236,0.015851855
05/12/2019 08:00,0.06121303,0.02011975
05/12/2019 09:00,0.050974861,0.016754626
05/12/2019 10:00,0.040080964,0.013173976
05/12/2019 11:00,0.042447736,0.013951896
05/12/2019 12:00,0.031063123,0.010209955
05/12/2019 13:00,0.013110101,0.004309082
05/12/2019 14:00,0,0
05/12/2019 15:00,0,0
05/12/2019 16:00,0,0
05/12/2019 17:00,0,0
05/12/2019 18:00,0,0
05/12/2019 19:00,0.037893749,0.012455073
05/12/2019 20:00,0.135561517,0.044556916
05/12/2019 21:00,0.255976779,0.084135498
05/12/2019 22:00,0.15482598,0.050888839
05/12/2019 23:00,0.116278457,0.038218881
5/13/2019 0:00,0.116187153,0.03818887
5/13/2019 1:00,0.156639408,0.051484884
5/13/2019 2:00,0.109436107,0.035969909
5/13/2019 3:00,0.073607557,0.024193634
5/13/2019 4:00,0.053112432,0.017457212
5/13/2019 5:00,0.048195169,0.015840986
5/13/2019 6:00,0.060346041,0.019834785
5/13/2019 7:00,0.089817937,0.029521728
5/13/2019 8:00,0.120620329,0.039645985
5/13/2019 9:00,0.130758331,0.042978185
5/13/2019 10:00,0.247257393,0.081269575
5/13/2019 11:00,0.232339092,0.076366166
5/13/2019 12:00,0.268294596,0.088184169
5/13/2019 13:00,0.480320988,0.157873874
5/13/2019 14:00,0.817309665,0.268636696
5/13/2019 15:00,0.923535023,0.303551283
5/13/2019 16:00,0.706177307,0.232109256
5/13/2019 17:00,0.351762128,0.11561862
5/13/2019 18:00,0.12382938,0.040700749
5/13/2019 19:00,0.051190276,0.01682543
5/13/2019 20:00,0.033564206,0.011032021
5/13/2019 21:00,0.021738515,0.007145104
5/13/2019 22:00,0.027633642,0.009082739
5/13/2019 23:00,0.015838532,0.005205874
5/14/2019 0:00,0.0122008,0.004010209
5/14/2019 1:00,0.016577117,0.005448635
5/14/2019 2:00,0.034308137,0.011276539
5/14/2019 3:00,0.067681767,0.022245921
5/14/2019 4:00,0.108191463,0.035560814
5/14/2019 5:00,0.123289807,0.0405234
5/14/2019 6:00,0.107570313,0.035356652
5/14/2019 7:00,0.074335073,0.024432757
5/14/2019 8:00,0.049513653,0.016274351
5/14/2019 9:00,0.038891795,0.012783115
5/14/2019 10:00,0.012946105,0.004255179
5/14/2019 11:00,0,0
5/14/2019 12:00,0,0
5/14/2019 13:00,0,0
5/14/2019 14:00,0,0
5/14/2019 15:00,0.011712952,0.003849861
5/14/2019 16:00,0.028070687,0.009226389
5/14/2019 17:00,0.047973256,0.015768047
5/14/2019 18:00,0.083718986,0.0275171
5/14/2019 19:00,0.118872173,0.039071394
5/14/2019 20:00,0.14379204,0.047262158
5/14/2019 21:00,0.206207739,0.067777206
5/14/2019 22:00,0.172962785,0.056850118
5/14/2019 23:00,0.163449453,0.053723237
5/15/2019 0:00,0.19333006,0.063544518
5/15/2019 1:00,0.280114224,0.092069093
5/15/2019 2:00,0.383389634,0.126014079
5/15/2019 3:00,0.479361705,0.157558573
5/15/2019 4:00,0.52704484,0.173231261
5/15/2019 5:00,0.543742056,0.178719371
5/15/2019 6:00,0.546788322,0.17972063
5/15/2019 7:00,0.52433936,0.172342013
5/15/2019 8:00,0.521000916,0.17124472
5/15/2019 9:00,0.466070487,0.153189961
5/15/2019 10:00,0.507918813,0.16694484
5/15/2019 11:00,0.564061878,0.185398174
5/15/2019 12:00,0.718634582,0.236203764
5/15/2019 13:00,1.006673325,0.330877521
5/15/2019 14:00,1.15471523,0.379536542
5/15/2019 15:00,1.086447206,0.357097928
5/15/2019 16:00,0.996397007,0.327499859
5/15/2019 17:00,1.111966665,0.365485768
5/15/2019 18:00,1.236445353,0.406399935
5/15/2019 19:00,1.302283121,0.428039762
5/15/2019 20:00,1.415553143,0.465269818
5/15/2019 21:00,1.464702287,0.481424361
5/15/2019 22:00,1.375172781,0.451997435
5/15/2019 23:00,1.496505646,0.491877619
5/16/2019 0:00,1.630621748,0.53595945
5/16/2019 1:00,1.684052334,0.553521234
5/16/2019 2:00,1.633489198,0.536901935
5/16/2019 3:00,1.616034469,0.531164843
5/16/2019 4:00,1.595818588,0.524520205
5/16/2019 5:00,1.622887849,0.533417441
5/16/2019 6:00,1.698916995,0.558407012
5/16/2019 7:00,1.770371909,0.581893107
5/16/2019 8:00,1.823554871,0.599373501
5/16/2019 9:00,1.85179383,0.608655198
5/16/2019 10:00,1.889852633,0.621164522
5/16/2019 11:00,1.901012903,0.624832725
5/16/2019 12:00,1.913421936,0.628911377
5/16/2019 13:00,1.90768111,0.627024459
5/16/2019 14:00,1.892204104,0.621937413
5/16/2019 15:00,1.895834759,0.623130751
5/16/2019 16:00,1.946841609,0.639895892
5/16/2019 17:00,1.953122243,0.641960237
5/16/2019 18:00,1.950795957,0.641195623
5/16/2019 19:00,1.945588649,0.639484064
5/16/2019 20:00,1.972233767,0.648241891
5/16/2019 21:00,1.961963505,0.644866219
5/16/2019 22:00,1.847857836,0.607361499
5/16/2019 23:00,1.744781454,0.573481931
5/17/2019 0:00,1.63276586,0.536664186
5/17/2019 1:00,1.598114032,0.525274681
5/17/2019 2:00,1.467637359,0.482389072
5/17/2019 3:00,1.240842214,0.407845113
5/17/2019 4:00,1.035912658,0.340488025
5/17/2019 5:00,0.64280762,0.211280647
5/17/2019 6:00,0.388529616,0.127703509
5/17/2019 7:00,0.273418618,0.089868354
5/17/2019 8:00,0.195736101,0.064335345
5/17/2019 9:00,0.167897178,0.055185134
5/17/2019 10:00,0.146103902,0.04802203
5/17/2019 11:00,0.272439261,0.089546455
5/17/2019 12:00,0.449051948,0.147596238
5/17/2019 13:00,0.53485994,0.175799961
5/17/2019 14:00,0.532539902,0.175037401
5/17/2019 15:00,0.502458204,0.165150025
5/17/2019 16:00,0.572944411,0.188317721
5/17/2019 17:00,0.593073751,0.194933915
5/17/2019 18:00,0.43159634,0.141858857
5/17/2019 19:00,0.473111373,0.155504188
5/17/2019 20:00,0.514971878,0.169263071
5/17/2019 21:00,0.299472583,0.098431878
5/17/2019 22:00,0.107663611,0.035387318
5/17/2019 23:00,0.057881663,0.019024783
5/18/2019 0:00,0.069494167,0.022841628
5/18/2019 1:00,0.100461747,0.033020179
5/18/2019 2:00,0.146732569,0.048228663
5/18/2019 3:00,0.246105685,0.080891027
5/18/2019 4:00,0.419131076,0.137761723
5/18/2019 5:00,0.440141416,0.144667487
5/18/2019 6:00,0.318364255,0.10464127
5/18/2019 7:00,0.146995012,0.048314924
5/18/2019 8:00,0.04542378,0.014930074
5/18/2019 9:00,0.012524887,0.004116731
5/18/2019 10:00,0,0
5/18/2019 11:00,0,0
5/18/2019 12:00,0,0
5/18/2019 13:00,0.0320841,0.010545534
5/18/2019 14:00,0.111875556,0.036771717
5/18/2019 15:00,0.230998575,0.07592556
5/18/2019 16:00,0.305867298,0.100533719
5/18/2019 17:00,0.359023046,0.118005169
5/18/2019 18:00,0.344688532,0.113293642
5/18/2019 19:00,0.269552946,0.088597769
5/18/2019 20:00,0.221164611,0.072693292
5/18/2019 21:00,0.215163229,0.070720733
5/18/2019 22:00,0.259899046,0.085424685
5/18/2019 23:00,0.182200855,0.059886525
5/19/2019 0:00,0.145122729,0.047699534
5/19/2019 1:00,0.160583183,0.05278114
5/19/2019 2:00,0.180463566,0.059315506
5/19/2019 3:00,0.177760396,0.058427017
5/19/2019 4:00,0.172396376,0.056663949
5/19/2019 5:00,0.159586251,0.052453464
5/19/2019 6:00,0.124289997,0.040852147
5/19/2019 7:00,0.108847914,0.035776579
5/19/2019 8:00,0.080125027,0.026335823
5/19/2019 9:00,0.04990257,0.016402181
5/19/2019 10:00,0.018689594,0.006142973
5/19/2019 11:00,0.017026172,0.005596232
5/19/2019 12:00,0.013412182,0.004408371
5/19/2019 13:00,0.013259899,0.004358318
5/19/2019 14:00,0.012642291,0.00415532
5/19/2019 15:00,0.025874493,0.008504535
5/19/2019 16:00,0.054386852,0.017876094
5/19/2019 17:00,0.086473764,0.028422552
5/19/2019 18:00,0.099044734,0.03255443
5/19/2019 19:00,0.071231122,0.023412538
5/19/2019 20:00,0.04928637,0.016199646
5/19/2019 21:00,0.038499705,0.012654241
5/19/2019 22:00,0.042529157,0.013978658
5/19/2019 23:00,0.021319995,0.007007544
5/20/2019 0:00,0.015888185,0.005222194
5/20/2019 1:00,0.024439294,0.008032807
5/20/2019 2:00,0.03486725,0.011460311
5/20/2019 3:00,0.034850238,0.011454719
5/20/2019 4:00,0.019384663,0.006371431
5/20/2019 5:00,0,0
5/20/2019 6:00,0,0
5/20/2019 7:00,0.014718332,0.004837682
5/20/2019 8:00,0.044686797,0.01468784
5/20/2019 9:00,0.075878042,0.024939906
5/20/2019 10:00,0.076341585,0.025092266
5/20/2019 11:00,0.040792661,0.013407899
5/20/2019 12:00,0.017434693,0.005730506
5/20/2019 13:00,0,0
5/20/2019 14:00,0,0
5/20/2019 15:00,0,0
5/20/2019 16:00,0,0
5/20/2019 17:00,0,0
5/20/2019 18:00,0,0
5/20/2019 19:00,0,0
5/20/2019 20:00,0,0
5/20/2019 21:00,0,0
5/20/2019 22:00,0,0
5/20/2019 23:00,0,0
5/21/2019 0:00,0,0
5/21/2019 1:00,0.049952789,0.016418688
5/21/2019 2:00,0.163148729,0.053624394
5/21/2019 3:00,0.220605755,0.072509605
5/21/2019 4:00,0.224472592,0.073780573
5/21/2019 5:00,0.218554173,0.071835283
5/21/2019 6:00,0.210308093,0.069124927
5/21/2019 7:00,0.164200972,0.053970249
5/21/2019 8:00,0.142595203,0.046868777
5/21/2019 9:00,0.132978978,0.043708076
5/21/2019 10:00,0.220880853,0.072600026
5/21/2019 11:00,0.38071181,0.125133921
5/21/2019 12:00,0.574896538,0.188959354
5/21/2019 13:00,0.635910703,0.20901374
5/21/2019 14:00,0.658589417,0.216467873
5/21/2019 15:00,0.653049296,0.214646923
5/21/2019 16:00,0.643876158,0.211631859
5/21/2019 17:00,0.622489721,0.204602477
5/21/2019 18:00,0.663985353,0.218241432
5/21/2019 19:00,0.676205603,0.222258033
5/21/2019 20:00,0.572524939,0.188179847
5/21/2019 21:00,0.371979993,0.122263911
5/21/2019 22:00,0.217643112,0.071535831
5/21/2019 23:00,0.103376788,0.033978307
5/22/2019 0:00,0.071046173,0.023351748
5/22/2019 1:00,0.071764939,0.023587995
5/22/2019 2:00,0.108996202,0.035825319
5/22/2019 3:00,0.198966801,0.065397225
5/22/2019 4:00,0.291129234,0.095689552
5/22/2019 5:00,0.440684257,0.144845911
5/22/2019 6:00,0.534696085,0.175746104
5/22/2019 7:00,0.666421613,0.219042192
5/22/2019 8:00,0.80662143,0.265123643
5/22/2019 9:00,0.977941238,0.321433741
5/22/2019 10:00,1.174236642,0.38595292
5/22/2019 11:00,1.557106626,0.511796198
5/22/2019 12:00,1.600174645,0.525951971
5/22/2019 13:00,1.331460511,0.437629907
5/22/2019 14:00,1.488062394,0.489102456
5/22/2019 15:00,1.621276954,0.532887965
5/22/2019 16:00,1.684620952,0.55370813
5/22/2019 17:00,1.721251678,0.565748067
5/22/2019 18:00,1.782925287,0.586019202
5/22/2019 19:00,1.783579249,0.586234149
5/22/2019 20:00,1.848954127,0.607721833
5/22/2019 21:00,1.8696009,0.614508099
5/22/2019 22:00,1.796047051,0.590332118
5/22/2019 23:00,1.841416443,0.605244316
5/23/2019 0:00,1.927103417,0.633408262
5/23/2019 1:00,1.943975501,0.638953848
5/23/2019 2:00,2.021421187,0.664409014
5/23/2019 3:00,1.991727764,0.654649258
5/23/2019 4:00,1.903770831,0.625739212
5/23/2019 5:00,1.848307964,0.607509449
5/23/2019 6:00,1.841893122,0.605400993
5/23/2019 7:00,1.921788057,0.631661188
5/23/2019 8:00,2.021685853,0.664496006
5/23/2019 9:00,2.048079894,0.673171307
5/23/2019 10:00,2.01,0.660655051
5/23/2019 11:00,2.01,0.660655051
5/23/2019 12:00,2.01,0.660655051
5/23/2019 13:00,2.01,0.660655051
5/23/2019 14:00,2.01,0.660655051
5/23/2019 15:00,2.01,0.660655051
5/23/2019 16:00,2.01,0.660655051
5/23/2019 17:00,2.01,0.660655051
5/23/2019 18:00,2.01,0.660655051
5/23/2019 19:00,2.01,0.660655051
5/23/2019 20:00,2.01,0.660655051
5/23/2019 21:00,2.024155146,0.665307623
5/23/2019 22:00,2.021673033,0.664491792
5/23/2019 23:00,1.958542989,0.64374195
5/24/2019 0:00,1.857511439,0.610534485
5/24/2019 1:00,1.795797493,0.590250092
5/24/2019 2:00,1.822829138,0.599134964
5/24/2019 3:00,1.752103418,0.575888544
5/24/2019 4:00,1.654468298,0.543797432
5/24/2019 5:00,1.554321862,0.51088089
5/24/2019 6:00,1.413203713,0.464497598
5/24/2019 7:00,1.247653031,0.41008372
5/24/2019 8:00,1.370116621,0.450335555
5/24/2019 9:00,1.346992191,0.442734923
5/24/2019 10:00,1.368298101,0.449737837
5/24/2019 11:00,1.280316068,0.420819541
5/24/2019 12:00,1.229886843,0.404244256
5/24/2019 13:00,1.395806747,0.458779492
5/24/2019 14:00,1.481452471,0.48692988
5/24/2019 15:00,1.485379176,0.488220525
5/24/2019 16:00,1.631292816,0.53618002
5/24/2019 17:00,1.629872966,0.535713337
5/24/2019 18:00,1.40146886,0.460640538
5/24/2019 19:00,1.050382677,0.34524409
5/24/2019 20:00,0.75658704,0.248678134
5/24/2019 21:00,0.755400016,0.248287978
5/24/2019 22:00,0.747909562,0.245825985
5/24/2019 23:00,0.677971863,0.222838575
5/25/2019 0:00,0.430494169,0.141496591
5/25/2019 1:00,0.339623719,0.111628918
5/25/2019 2:00,0.275834636,0.09066246
5/25/2019 3:00,0.228012733,0.074944161
5/25/2019 4:00,0.256091634,0.08417325
5/25/2019 5:00,0.317493591,0.104355097
5/25/2019 6:00,0.267599599,0.087955735
5/25/2019 7:00,0.279716261,0.091938289
5/25/2019 8:00,0.335416207,0.110245976
5/25/2019 9:00,0.306190357,0.100639904
5/25/2019 10:00,0.378639525,0.124452794
5/25/2019 11:00,0.310069366,0.101914872
5/25/2019 12:00,0.269147152,0.088464391
5/25/2019 13:00,0.213567533,0.070196253
5/25/2019 14:00,0.139982579,0.046010049
5/25/2019 15:00,0.12617347,0.041471214
5/25/2019 16:00,0.09041155,0.029716839
5/25/2019 17:00,0.073894179,0.024287842
5/25/2019 18:00,0.090410212,0.0297164
5/25/2019 19:00,0.103774573,0.034109053
5/25/2019 20:00,0.108975066,0.035818372
5/25/2019 21:00,0.096809758,0.031819829
5/25/2019 22:00,0.069011203,0.022682885
5/25/2019 23:00,0.067451356,0.022170189
5/26/2019 0:00,0.045815281,0.015058754
5/26/2019 1:00,0.081469908,0.026777864
5/26/2019 2:00,0.04258961,0.013998528
5/26/2019 3:00,0.074406066,0.024456091
5/26/2019 4:00,0.176014133,0.057853048
5/26/2019 5:00,0.1960322,0.064432668
5/26/2019 6:00,0.249827519,0.082114334
5/26/2019 7:00,0.31517802,0.103594006
5/26/2019 8:00,0.456166326,0.149934621
5/26/2019 9:00,0.575320371,0.189098661
5/26/2019 10:00,0.43701686,0.143640496
5/26/2019 11:00,0.37212734,0.122312342
5/26/2019 12:00,0.408704571,0.134334696
5/26/2019 13:00,0.47905112,0.157456489
5/26/2019 14:00,0.504813094,0.16592404
5/26/2019 15:00,0.656056896,0.215635474
5/26/2019 16:00,0.757359381,0.24893199
5/26/2019 17:00,0.85912347,0.282380229
5/26/2019 18:00,0.917646559,0.301615838
5/26/2019 19:00,0.845094788,0.277769224
5/26/2019 20:00,0.778609803,0.255916666
5/26/2019 21:00,0.715801346,0.235272525
5/26/2019 22:00,0.600102999,0.197244317
5/26/2019 23:00,0.651647489,0.214186172
5/27/2019 0:00,0.643202371,0.211410396
5/27/2019 1:00,0.601495895,0.19770214
5/27/2019 2:00,0.636215934,0.209114065
5/27/2019 3:00,0.667564913,0.219417976
5/27/2019 4:00,0.670044434,0.220232955
5/27/2019 5:00,0.604354994,0.19864188
5/27/2019 6:00,0.494522505,0.162541687
5/27/2019 7:00,0.405778752,0.133373026
5/27/2019 8:00,0.347870851,0.114339619
5/27/2019 9:00,0.298723662,0.09818572
5/27/2019 10:00,0.155421552,0.051084594
5/27/2019 11:00,0.152769823,0.050213013
5/27/2019 12:00,0.197223829,0.064824338
5/27/2019 13:00,0.220188014,0.0723723
5/27/2019 14:00,0.229270342,0.075357517
5/27/2019 15:00,0.229112206,0.07530554
5/27/2019 16:00,0.256151412,0.084192898
5/27/2019 17:00,0.287734655,0.094573808
5/27/2019 18:00,0.310575094,0.102081097
5/27/2019 19:00,0.315843395,0.103812704
5/27/2019 20:00,0.314391846,0.103335603
5/27/2019 21:00,0.328619777,0.108012097
5/27/2019 22:00,0.425087685,0.139719565
5/27/2019 23:00,0.514044257,0.168958177
5/28/2019 0:00,0.501351403,0.164786237
5/28/2019 1:00,0.525035664,0.172570877
5/28/2019 2:00,0.661996169,0.217587618
5/28/2019 3:00,0.882034087,0.289910585
5/28/2019 4:00,0.925214672,0.304103357
5/28/2019 5:00,0.890499803,0.292693131
5/28/2019 6:00,0.831622359,0.273341051
5/28/2019 7:00,0.808724786,0.265814983
5/28/2019 8:00,0.753460935,0.247650633
5/28/2019 9:00,0.726862403,0.238908119
5/28/2019 10:00,0.763802155,0.251049628
5/28/2019 11:00,0.909811405,0.299040547
5/28/2019 12:00,0.990712673,0.325631508
5/28/2019 13:00,1.037847056,0.341123831
5/28/2019 14:00,1.185573977,0.389679322
5/28/2019 15:00,1.394488432,0.458346183
5/28/2019 16:00,1.494484721,0.491213373
5/28/2019 17:00,1.503580707,0.494203079
5/28/2019 18:00,1.563487156,0.513893377
5/28/2019 19:00,1.358421958,0.446491706
5/28/2019 20:00,1.188727679,0.390715893
5/28/2019 21:00,0.944947733,0.3105893
5/28/2019 22:00,0.477216918,0.156853616
5/28/2019 23:00,0.277427594,0.09118604
5/29/2019 0:00,0.187882999,0.061754155
5/29/2019 1:00,0.08808549,0.028952301
5/29/2019 2:00,0.198863293,0.065363203
5/29/2019 3:00,0.579206595,0.190376002
5/29/2019 4:00,0.92098136,0.302711934
5/29/2019 5:00,1.141439626,0.375173062
5/29/2019 6:00,1.092316399,0.359027038
5/29/2019 7:00,0.979241958,0.321861267
5/29/2019 8:00,1.03333906,0.339642124
5/29/2019 9:00,0.808772747,0.265830747
5/29/2019 10:00,0.428205319,0.140744282
5/29/2019 11:00,0.216776845,0.071251103
5/29/2019 12:00,0.177569257,0.058364192
5/29/2019 13:00,0.05413909,0.017794658
5/29/2019 14:00,0.012281823,0.00403684
5/29/2019 15:00,0,0
5/29/2019 16:00,0,0
5/29/2019 17:00,0,0
5/29/2019 18:00,0,0
5/29/2019 19:00,0,0
5/29/2019 20:00,0,0
5/29/2019 21:00,0.012815443,0.004212232
5/29/2019 22:00,0.074863979,0.0246066
5/29/2019 23:00,0.125775997,0.041340571
5/30/2019 0:00,0.222353454,0.073084046
5/30/2019 1:00,0.341780117,0.112337692
5/30/2019 2:00,0.403104523,0.132494049
5/30/2019 3:00,0.436098949,0.143338793
5/30/2019 4:00,0.421485573,0.138535608
5/30/2019 5:00,0.355758368,0.116932121
5/30/2019 6:00,0.250187814,0.082232758
5/30/2019 7:00,0.165898312,0.054528138
5/30/2019 8:00,0.12759897,0.041939753
5/30/2019 9:00,0.119674328,0.039335049
5/30/2019 10:00,0.111831094,0.036757103
5/30/2019 11:00,0.165039656,0.054245912
5/30/2019 12:00,0.215185566,0.070728075
5/30/2019 13:00,0.159374258,0.052383785
5/30/2019 14:00,0.101401518,0.033329067
5/30/2019 15:00,0.083052976,0.027298193
5/30/2019 16:00,0.042728053,0.014044032
5/30/2019 17:00,0.013002177,0.004273609
5/30/2019 18:00,0,0
5/30/2019 19:00,0,0
5/30/2019 20:00,0,0
5/30/2019 21:00,0,0
5/30/2019 22:00,0,0
5/30/2019 23:00,0,0
5/31/2019 0:00,0,0
5/31/2019 1:00,0.019939569,0.006553819
5/31/2019 2:00,0.097550821,0.032063404
5/31/2019 3:00,0.181227206,0.059566502
5/31/2019 4:00,0.239909273,0.078854365
5/31/2019 5:00,0.469616128,0.154355357
5/31/2019 6:00,0.705998582,0.232050512
5/31/2019 7:00,0.823620844,0.27071108
5/31/2019 8:00,1.271186923,0.417818936
5/31/2019 9:00,1.606156946,0.527918259
5/31/2019 10:00,1.713344097,0.563148971
5/31/2019 11:00,1.740018208,0.571916328
5/31/2019 12:00,1.802097128,0.592320682
5/31/2019 13:00,1.765755076,0.580375627
5/31/2019 14:00,1.428082554,0.469388036
5/31/2019 15:00,0.977190182,0.321186881
5/31/2019 16:00,0.555584111,0.182611666
5/31/2019 17:00,0.321126409,0.105549146
5/31/2019 18:00,0.338185266,0.111156122
5/31/2019 19:00,0.672460553,0.221027095
5/31/2019 20:00,1.456184763,0.478624786
5/31/2019 21:00,1.95425804,0.642333555
5/31/2019 22:00,1.77459593,0.583281475
5/31/2019 23:00,1.675871696,0.550832389
06/01/2019 00:00,1.782164358,0.585769097
06/01/2019 01:00,1.708521412,0.561563831
06/01/2019 02:00,1.512800055,0.497233333
06/01/2019 03:00,1.383352434,0.454685957
06/01/2019 04:00,1.564307971,0.514163166
06/01/2019 05:00,1.716146678,0.564070135
06/01/2019 06:00,1.692847163,0.556411955
06/01/2019 07:00,1.729730032,0.568534768
06/01/2019 08:00,1.617010019,0.531485491
06/01/2019 09:00,1.29546421,0.425798494
06/01/2019 10:00,0.950332988,0.312359348
06/01/2019 11:00,0.618433907,0.203269395
06/01/2019 12:00,0.465764674,0.153089445
06/01/2019 13:00,0.345101786,0.113429472
06/01/2019 14:00,0.299479971,0.098434306
06/01/2019 15:00,0.285417344,0.093812144
06/01/2019 16:00,0.244531866,0.080373737
06/01/2019 17:00,0.2295407,0.07544638
06/01/2019 18:00,0.164756976,0.054152999
06/01/2019 19:00,0.107641267,0.035379973
06/01/2019 20:00,0.057862828,0.019018592
06/01/2019 21:00,0.051506338,0.016929315
06/01/2019 22:00,0.076952092,0.02529293
06/01/2019 23:00,0.209698899,0.068924695
06/02/2019 00:00,0.385642386,0.126754522
06/02/2019 01:00,0.419950089,0.138030919
06/02/2019 02:00,0.464949837,0.152821621
06/02/2019 03:00,0.646365631,0.212450109
06/02/2019 04:00,0.79780753,0.262226654
06/02/2019 05:00,1.021381787,0.335711959
06/02/2019 06:00,1.286811777,0.422954578
06/02/2019 07:00,1.592467026,0.523418599
06/02/2019 08:00,1.784908948,0.5866712
06/02/2019 09:00,1.793917143,0.589632051
06/02/2019 10:00,1.695407022,0.55725334
06/02/2019 11:00,1.640894528,0.539335949
06/02/2019 12:00,1.728473682,0.568121826
06/02/2019 13:00,1.822830294,0.599135344
06/02/2019 14:00,1.731660713,0.569169352
06/02/2019 15:00,1.184426978,0.389302321
06/02/2019 16:00,0.522171088,0.171629337
06/02/2019 17:00,0.138694291,0.045586609
06/02/2019 18:00,0.069439907,0.022823794
06/02/2019 19:00,0.082574793,0.027141022
06/02/2019 20:00,0.0555996,0.018274705
06/02/2019 21:00,0.032617972,0.010721009
06/02/2019 22:00,0.02992487,0.009835829
06/02/2019 23:00,0.08887961,0.029213315
06/03/2019 00:00,0.342392558,0.112538991
06/03/2019 01:00,0.373119175,0.122638342
06/03/2019 02:00,0.338764205,0.11134641
06/03/2019 03:00,0.809489804,0.266066432
06/03/2019 04:00,1.076985581,0.353988042
06/03/2019 05:00,0.890537723,0.292705595
06/03/2019 06:00,0.633068522,0.208079561
06/03/2019 07:00,0.519850825,0.170866703
06/03/2019 08:00,0.507121331,0.166682721
06/03/2019 09:00,0.545432229,0.179274904
06/03/2019 10:00,1.070165402,0.351746357
06/03/2019 11:00,1.755278647,0.576932191
06/03/2019 12:00,1.941678443,0.638198842
06/03/2019 13:00,2.01,0.660655051
06/03/2019 14:00,2.01,0.660655051
06/03/2019 15:00,2.01,0.660655051
06/03/2019 16:00,2.01,0.660655051
06/03/2019 17:00,2.01,0.660655051
06/03/2019 18:00,2.01,0.660655051
06/03/2019 19:00,1.954613133,0.642450269
06/03/2019 20:00,1.87556228,0.61646751
06/03/2019 21:00,1.816622893,0.59709507
06/03/2019 22:00,1.946278445,0.639710789
06/03/2019 23:00,1.854929792,0.609685939
06/04/2019 00:00,1.757062985,0.577518675
06/04/2019 01:00,1.595834177,0.524525328
06/04/2019 02:00,1.368038736,0.449652588
06/04/2019 03:00,1.131824562,0.372012743
06/04/2019 04:00,1.004038411,0.330011467
06/04/2019 05:00,0.856719248,0.281589999
06/04/2019 06:00,0.821878447,0.270138382
06/04/2019 07:00,0.844504533,0.277575217
06/04/2019 08:00,0.704875293,0.231681305
06/04/2019 09:00,0.535090695,0.175875806
06/04/2019 10:00,0.532698414,0.175089501
06/04/2019 11:00,0.407265987,0.133861856
06/04/2019 12:00,0.302278274,0.099354064
06/04/2019 13:00,0.225751703,0.074200997
06/04/2019 14:00,0.176565135,0.058034153
06/04/2019 15:00,0.109056257,0.035845058
06/04/2019 16:00,0.068325818,0.02245761
06/04/2019 17:00,0.063508376,0.020874194
06/04/2019 18:00,0.045171253,0.014847073
06/04/2019 19:00,0.025830033,0.008489921
06/04/2019 20:00,0.053008651,0.017423101
06/04/2019 21:00,0.050962064,0.01675042
06/04/2019 22:00,0.099916686,0.032841027
06/04/2019 23:00,0.198519325,0.065250147
06/05/2019 00:00,0.25734354,0.084584731
06/05/2019 01:00,0.337588337,0.11095992
06/05/2019 02:00,0.506175342,0.166371789
06/05/2019 03:00,0.580433428,0.190779242
06/05/2019 04:00,0.640975619,0.210678498
06/05/2019 05:00,0.723244074,0.237718831
06/05/2019 06:00,0.751092108,0.246872038
06/05/2019 07:00,0.759592229,0.249665892
06/05/2019 08:00,0.70160673,0.23060698
06/05/2019 09:00,0.63936655,0.210149622
06/05/2019 10:00,0.642576739,0.211204761
06/05/2019 11:00,0.390632912,0.128394829
06/05/2019 12:00,0.346725952,0.113963309
06/05/2019 13:00,0.395660549,0.130047333
06/05/2019 14:00,0.293917843,0.096606123
06/05/2019 15:00,0.19608636,0.06445047
06/05/2019 16:00,0.139123068,0.045727541
06/05/2019 17:00,0.143540451,0.047179465
06/05/2019 18:00,0.089383666,0.02937899
06/05/2019 19:00,0.054562068,0.017933685
06/05/2019 20:00,0.046623411,0.015324374
06/05/2019 21:00,0.041763834,0.013727108
06/05/2019 22:00,0.030897321,0.010155458
06/05/2019 23:00,0.042013337,0.013809116
06/06/2019 00:00,0.048935007,0.016084159
06/06/2019 01:00,0.078806344,0.025902393
06/06/2019 02:00,0.118334072,0.038894529
06/06/2019 03:00,0.207892436,0.068330939
06/06/2019 04:00,0.41316759,0.135801619
06/06/2019 05:00,0.548841527,0.180395486
06/06/2019 06:00,0.80443869,0.264406211
06/06/2019 07:00,1.013549955,0.33313776
06/06/2019 08:00,1.02568279,0.33712563
06/06/2019 09:00,1.080380195,0.355103798
06/06/2019 10:00,1.185923517,0.38979421
06/06/2019 11:00,1.07273419,0.352590677
06/06/2019 12:00,0.584503657,0.192117061
06/06/2019 13:00,0.244383885,0.080325099
06/06/2019 14:00,0.134379202,0.044168308
06/06/2019 15:00,0.115318336,0.037903304
06/06/2019 16:00,0.070648738,0.023221117
06/06/2019 17:00,0.060790956,0.019981021
06/06/2019 18:00,0.071758488,0.023585874
06/06/2019 19:00,0.054978566,0.018070581
06/06/2019 20:00,0.024946602,0.008199551
06/06/2019 21:00,0.021693584,0.007130336
06/06/2019 22:00,0.036300747,0.011931479
06/06/2019 23:00,0.032576358,0.010707331
06/07/2019 00:00,0.047934193,0.015755207
06/07/2019 01:00,0.0730121,0.023997917
06/07/2019 02:00,0.139445826,0.045833626
06/07/2019 03:00,0.219476958,0.072138588
06/07/2019 04:00,0.206369537,0.067830386
06/07/2019 05:00,0.13877459,0.045613002
06/07/2019 06:00,0.119225925,0.039187666
06/07/2019 07:00,0.152064864,0.049981304
06/07/2019 08:00,0.160769708,0.052842447
06/07/2019 09:00,0.16143795,0.053062088
06/07/2019 10:00,0.053009292,0.017423312
06/07/2019 11:00,0.054215758,0.017819858
06/07/2019 12:00,0.099711061,0.032773441
06/07/2019 13:00,0.232192251,0.076317902
06/07/2019 14:00,0.266311458,0.087532343
06/07/2019 15:00,0.186453439,0.061284282
06/07/2019 16:00,0.23996317,0.07887208
06/07/2019 17:00,0.367871327,0.120913458
06/07/2019 18:00,0.31655176,0.104045532
06/07/2019 19:00,0.27418632,0.090120685
06/07/2019 20:00,0.345776396,0.113651205
06/07/2019 21:00,0.434080265,0.142675284
06/07/2019 22:00,0.423107626,0.139068751
06/07/2019 23:00,0.381097178,0.125260585
06/08/2019 00:00,0.365521147,0.120140991
06/08/2019 01:00,0.305811554,0.100515397
06/08/2019 02:00,0.234267362,0.076999958
06/08/2019 03:00,0.183103479,0.060183203
06/08/2019 04:00,0.177670092,0.058397335
06/08/2019 05:00,0.254839612,0.08376173
06/08/2019 06:00,0.365740896,0.120213219
06/08/2019 07:00,0.48261167,0.158626785
06/08/2019 08:00,0.465226493,0.152912553
06/08/2019 09:00,0.434446478,0.142795652
06/08/2019 10:00,0.369340122,0.121396228
06/08/2019 11:00,0.383567102,0.12607241
06/08/2019 12:00,0.463632133,0.152388513
06/08/2019 13:00,0.55473129,0.182331358
06/08/2019 14:00,0.652931686,0.214608267
06/08/2019 15:00,0.751556992,0.247024838
06/08/2019 16:00,0.834658604,0.274339016
06/08/2019 17:00,0.857850806,0.281961925
06/08/2019 18:00,0.764345921,0.251228355
06/08/2019 19:00,0.665991753,0.218900903
06/08/2019 20:00,0.580771535,0.190890372
06/08/2019 21:00,0.59547633,0.195723605
06/08/2019 22:00,0.588933066,0.193572938
06/08/2019 23:00,0.510874817,0.167916432
06/09/2019 00:00,0.389901139,0.128154307
06/09/2019 01:00,0.348073113,0.1144061
06/09/2019 02:00,0.399806979,0.131410199
06/09/2019 03:00,0.513430181,0.16875634
06/09/2019 04:00,0.514458947,0.169094479
06/09/2019 05:00,0.47206911,0.155161613
06/09/2019 06:00,0.374852706,0.123208126
06/09/2019 07:00,0.269205217,0.088483476
06/09/2019 08:00,0.202914239,0.066694685
06/09/2019 09:00,0.136616398,0.044903639
06/09/2019 10:00,0.102349849,0.033640768
06/09/2019 11:00,0.082346901,0.027066117
06/09/2019 12:00,0.062723882,0.020616343
06/09/2019 13:00,0.032911543,0.010817501
06/09/2019 14:00,0.016887903,0.005550785
06/09/2019 15:00,0.015745118,0.00517517
06/09/2019 16:00,0.011798119,0.003877854
06/09/2019 17:00,0.010106088,0.00332171
06/09/2019 18:00,0,0
06/09/2019 19:00,0,0
06/09/2019 20:00,0,0
06/09/2019 21:00,0,0
06/09/2019 22:00,0,0
06/09/2019 23:00,0,0
06/10/2019 00:00,0,0
06/10/2019 01:00,0.015804541,0.005194702
06/10/2019 02:00,0.032978874,0.010839632
06/10/2019 03:00,0.051643357,0.016974351
06/10/2019 04:00,0.084300424,0.027708209
06/10/2019 05:00,0.104834669,0.034457489
06/10/2019 06:00,0.116809,0.038393262
06/10/2019 07:00,0.107059535,0.035188767
06/10/2019 08:00,0.113611744,0.037342374
06/10/2019 09:00,0.139366249,0.045807471
06/10/2019 10:00,0.205317433,0.067484577
06/10/2019 11:00,0.204792959,0.067312191
06/10/2019 12:00,0.167944542,0.055200702
06/10/2019 13:00,0.182865814,0.060105087
06/10/2019 14:00,0.267163478,0.087812389
06/10/2019 15:00,0.341686113,0.112306794
06/10/2019 16:00,0.35455803,0.116537589
06/10/2019 17:00,0.340931848,0.112058879
06/10/2019 18:00,0.310257982,0.101976867
06/10/2019 19:00,0.266653169,0.087644658
06/10/2019 20:00,0.254421114,0.083624176
06/10/2019 21:00,0.228122885,0.074980366
06/10/2019 22:00,0.238626217,0.078432645
06/10/2019 23:00,0.280509402,0.092198982
06/11/2019 00:00,0.386969921,0.127190862
06/11/2019 01:00,0.63695216,0.209356051
06/11/2019 02:00,0.970278477,0.318915113
06/11/2019 03:00,1.120268377,0.368214409
06/11/2019 04:00,1.131414838,0.371878074
06/11/2019 05:00,1.035419556,0.34032595
06/11/2019 06:00,1.145226782,0.37641784
06/11/2019 07:00,1.180042494,0.387861211
06/11/2019 08:00,1.267657659,0.416658923
06/11/2019 09:00,1.621273092,0.532886696
06/11/2019 10:00,1.481182724,0.486841218
06/11/2019 11:00,1.377646239,0.452810421
06/11/2019 12:00,1.187145316,0.390195796
06/11/2019 13:00,1.19000146,0.391134565
06/11/2019 14:00,1.238790649,0.407170796
06/11/2019 15:00,1.427453582,0.469181303
06/11/2019 16:00,1.511493186,0.496803785
06/11/2019 17:00,1.491779769,0.490324298
06/11/2019 18:00,1.447499813,0.475770181
06/11/2019 19:00,1.62518973,0.534174032
06/11/2019 20:00,1.819339005,0.597987813
06/11/2019 21:00,1.921419566,0.631540071
06/11/2019 22:00,2.01,0.660655051
06/11/2019 23:00,2.01,0.660655051
06/12/2019 00:00,2.041285386,0.670938061
06/12/2019 01:00,2.032955535,0.668200171
06/12/2019 02:00,2.01,0.660655051
06/12/2019 03:00,2.01,0.660655051
06/12/2019 04:00,2.01,0.660655051
06/12/2019 05:00,2.01,0.660655051
06/12/2019 06:00,2.01,0.660655051
06/12/2019 07:00,2.01,0.660655051
06/12/2019 08:00,2.01,0.660655051
06/12/2019 09:00,2.01,0.660655051
06/12/2019 10:00,2.045011393,0.67216274
06/12/2019 11:00,1.996381201,0.656178769
06/12/2019 12:00,1.993397859,0.655198191
06/12/2019 13:00,1.941527994,0.638149391
06/12/2019 14:00,1.921929312,0.631707616
06/12/2019 15:00,1.939894328,0.637612431
06/12/2019 16:00,2.017065755,0.662977453
06/12/2019 17:00,2.04297917,0.67149478
06/12/2019 18:00,2.001175581,0.657754605
06/12/2019 19:00,1.94399065,0.638958827
06/12/2019 20:00,1.938490459,0.637151002
06/12/2019 21:00,1.929633902,0.634239992
06/12/2019 22:00,1.887102633,0.62026064
06/12/2019 23:00,1.851759464,0.608643902
6/13/2019 0:00,1.755441499,0.576985718
6/13/2019 1:00,1.824751655,0.599766865
6/13/2019 2:00,1.864551768,0.61284853
6/13/2019 3:00,1.885753023,0.619817045
6/13/2019 4:00,1.891788865,0.62180093
6/13/2019 5:00,1.874981106,0.616276487
6/13/2019 6:00,1.755423755,0.576979886
6/13/2019 7:00,1.461673746,0.480428927
6/13/2019 8:00,1.687924342,0.554793902
6/13/2019 9:00,1.844536877,0.606269953
6/13/2019 10:00,1.853105388,0.609086286
6/13/2019 11:00,1.89038712,0.621340199
6/13/2019 12:00,1.842522,0.605607695
6/13/2019 13:00,1.753380653,0.576308351
6/13/2019 14:00,1.83920908,0.604518791
6/13/2019 15:00,1.87061796,0.61484239
6/13/2019 16:00,1.861425803,0.611821074
6/13/2019 17:00,1.785378205,0.586825438
6/13/2019 18:00,1.824721068,0.599756812
6/13/2019 19:00,1.894719019,0.622764025
6/13/2019 20:00,1.642012027,0.539703254
6/13/2019 21:00,0.329283732,0.108230329
6/13/2019 22:00,0.045476439,0.014947383
6/13/2019 23:00,0,0
6/14/2019 0:00,0.069305224,0.022779525
6/14/2019 1:00,0.327428676,0.107620601
6/14/2019 2:00,0.748789515,0.246115212
6/14/2019 3:00,1.240279563,0.407660178
6/14/2019 4:00,1.409103125,0.4631498
6/14/2019 5:00,1.344059208,0.441770898
6/14/2019 6:00,1.426121615,0.468743507
6/14/2019 7:00,1.620949671,0.532780392
6/14/2019 8:00,1.711845162,0.562656295
6/14/2019 9:00,1.806937488,0.593911632
6/14/2019 10:00,1.829565527,0.601349108
6/14/2019 11:00,1.919451003,0.630893035
6/14/2019 12:00,1.878928968,0.617574087
6/14/2019 13:00,1.896541649,0.623363095
6/14/2019 14:00,1.926442355,0.633190982
6/14/2019 15:00,1.974220202,0.6488948
6/14/2019 16:00,1.992882186,0.655028698
6/14/2019 17:00,1.94277809,0.638560278
6/14/2019 18:00,1.894002363,0.622528472
6/14/2019 19:00,1.780392598,0.585186748
6/14/2019 20:00,1.568174519,0.515434038
6/14/2019 21:00,1.304004209,0.428605457
6/14/2019 22:00,1.165837587,0.383192284
6/14/2019 23:00,0.943738785,0.310191938
6/15/2019 0:00,0.81700945,0.26853802
6/15/2019 1:00,0.76037214,0.249922236
6/15/2019 2:00,0.740163155,0.243279864
6/15/2019 3:00,0.943517977,0.310119362
6/15/2019 4:00,1.164868198,0.382873661
6/15/2019 5:00,1.027213463,0.337628738
6/15/2019 6:00,0.87039735,0.286085774
6/15/2019 7:00,1.031870357,0.339159385
6/15/2019 8:00,1.026963632,0.337546623
6/15/2019 9:00,1.217127078,0.400050324
6/15/2019 10:00,1.367901592,0.449607511
6/15/2019 11:00,1.456457414,0.478714402
6/15/2019 12:00,1.659975369,0.545607519
6/15/2019 13:00,1.471205623,0.483561904
6/15/2019 14:00,1.202618343,0.395281534
6/15/2019 15:00,1.277535496,0.419905611
6/15/2019 16:00,1.304771752,0.428857736
6/15/2019 17:00,1.098684116,0.361120006
6/15/2019 18:00,0.919850649,0.302340288
6/15/2019 19:00,1.027456399,0.337708587
6/15/2019 20:00,1.130125895,0.371454419
6/15/2019 21:00,1.245351826,0.409327351
6/15/2019 22:00,1.001907669,0.329311126
6/15/2019 23:00,0.885482036,0.291043871
6/16/2019 0:00,0.865279171,0.28440351
6/16/2019 1:00,0.960310056,0.315638652
6/16/2019 2:00,0.943050634,0.309965754
6/16/2019 3:00,0.795815808,0.261572007
6/16/2019 4:00,0.707661042,0.232596936
6/16/2019 5:00,0.616790445,0.202729216
6/16/2019 6:00,0.413700152,0.135976664
6/16/2019 7:00,0.310695651,0.102120722
6/16/2019 8:00,0.235146516,0.077288922
6/16/2019 9:00,0.245284564,0.080621137
6/16/2019 10:00,0.205075569,0.06740508
6/16/2019 11:00,0.183287525,0.060243696
6/16/2019 12:00,0.183685195,0.060374404
6/16/2019 13:00,0.183846748,0.060427504
6/16/2019 14:00,0.133973172,0.044034852
6/16/2019 15:00,0.063266387,0.020794656
6/16/2019 16:00,0.046527237,0.015292763
6/16/2019 17:00,0.06056769,0.019907637
6/16/2019 18:00,0.054759324,0.01799852
6/16/2019 19:00,0.052567787,0.017278196
6/16/2019 20:00,0.027247277,0.008955747
6/16/2019 21:00,0.038184148,0.012550523
6/16/2019 22:00,0.107994745,0.035496156
6/16/2019 23:00,0.188250362,0.061874902
6/17/2019 0:00,0.210859778,0.069306258
6/17/2019 1:00,0.240945531,0.079194966
6/17/2019 2:00,0.376762621,0.123835885
6/17/2019 3:00,0.561040312,0.184405033
6/17/2019 4:00,0.503169374,0.165383776
6/17/2019 5:00,0.213586336,0.070202434
6/17/2019 6:00,0.02733871,0.008985799
6/17/2019 7:00,0.016001812,0.005259541
6/17/2019 8:00,0.107749559,0.035415567
6/17/2019 9:00,0.376262722,0.123671576
6/17/2019 10:00,0.807812403,0.265515097
6/17/2019 11:00,0.790292039,0.259756432
6/17/2019 12:00,0.396594157,0.130354195
6/17/2019 13:00,0.099231122,0.032615693
6/17/2019 14:00,0,0
6/17/2019 15:00,0,0
6/17/2019 16:00,0,0
6/17/2019 17:00,0.012639356,0.004154355
6/17/2019 18:00,0.049741828,0.016349348
6/17/2019 19:00,0.090330324,0.029690142
6/17/2019 20:00,0.169335072,0.055657746
6/17/2019 21:00,0.367264361,0.120713958
6/17/2019 22:00,0.407431512,0.133916262
6/17/2019 23:00,0.359827695,0.118269644
6/18/2019 0:00,0.396157051,0.130210526
6/18/2019 1:00,0.545265143,0.179219986
6/18/2019 2:00,0.662722711,0.217826421
6/18/2019 3:00,0.831873504,0.273423598
6/18/2019 4:00,0.991591713,0.325920435
6/18/2019 5:00,1.121439387,0.368599302
6/18/2019 6:00,1.33176144,0.437728817
6/18/2019 7:00,1.547119538,0.508513601
6/18/2019 8:00,1.548611438,0.509003965
6/18/2019 9:00,1.633781172,0.536997903
6/18/2019 10:00,1.370184214,0.450357772
6/18/2019 11:00,1.504608472,0.494540889
6/18/2019 12:00,1.42135238,0.467175935
6/18/2019 13:00,1.383362681,0.454689325
6/18/2019 14:00,1.361780759,0.44759569
6/18/2019 15:00,1.224009848,0.402312582
6/18/2019 16:00,1.019710124,0.33516251
6/18/2019 17:00,0.823287449,0.270601498
6/18/2019 18:00,0.614479557,0.201969663
6/18/2019 19:00,0.396233419,0.130235627
6/18/2019 20:00,0.312802042,0.102813059
6/18/2019 21:00,0.304184263,0.099980532
6/18/2019 22:00,0.387527149,0.127374014
6/18/2019 23:00,0.356545852,0.117190954
6/19/2019 0:00,0.310813504,0.102159459
6/19/2019 1:00,0.345380899,0.113521212
6/19/2019 2:00,0.428470453,0.140831428
6/19/2019 3:00,0.507039842,0.166655937
6/19/2019 4:00,0.549934279,0.180754656
6/19/2019 5:00,0.589119582,0.193634243
6/19/2019 6:00,0.657124775,0.215986469
6/19/2019 7:00,0.637633476,0.209579988
6/19/2019 8:00,0.528463954,0.173697702
6/19/2019 9:00,0.399445836,0.131291497
6/19/2019 10:00,0.313395833,0.103008229
6/19/2019 11:00,0.221650443,0.072852978
6/19/2019 12:00,0.13726354,0.045116344
6/19/2019 13:00,0.103326036,0.033961626
6/19/2019 14:00,0.142615634,0.046875492
6/19/2019 15:00,0.121450207,0.039918752
6/19/2019 16:00,0.076369911,0.025101576
6/19/2019 17:00,0.068341422,0.022462739
6/19/2019 18:00,0.032696802,0.010746919
6/19/2019 19:00,0,0
6/19/2019 20:00,0,0
6/19/2019 21:00,0,0
6/19/2019 22:00,0,0
6/19/2019 23:00,0.030714125,0.010095245
6/20/2019 0:00,0.080235817,0.026372238
6/20/2019 1:00,0.071729837,0.023576457
6/20/2019 2:00,0.07555372,0.024833307
6/20/2019 3:00,0.111801975,0.036747532
6/20/2019 4:00,0.133108761,0.043750734
6/20/2019 5:00,0.134854933,0.044324673
6/20/2019 6:00,0.120417654,0.039579369
6/20/2019 7:00,0.098384132,0.0323373
6/20/2019 8:00,0.083823145,0.027551335
6/20/2019 9:00,0.070247874,0.02308936
6/20/2019 10:00,0.081004264,0.026624814
6/20/2019 11:00,0.130741431,0.04297263
6/20/2019 12:00,0.126459927,0.041565368
6/20/2019 13:00,0.405939092,0.133425727
6/20/2019 14:00,0.887363785,0.291662372
6/20/2019 15:00,1.242317136,0.408329896
6/20/2019 16:00,1.553068299,0.510468864
6/20/2019 17:00,1.70254548,0.559599638
6/20/2019 18:00,1.657001359,0.544630009
6/20/2019 19:00,1.537719275,0.505423884
6/20/2019 20:00,1.628043854,0.535112137
6/20/2019 21:00,1.683311461,0.553277721
6/20/2019 22:00,1.782208049,0.585783458
6/20/2019 23:00,1.835505328,0.603301426
6/21/2019 0:00,1.793753101,0.589578133
6/21/2019 1:00,1.736324869,0.570702386
6/21/2019 2:00,1.703203981,0.559816076
6/21/2019 3:00,1.757164858,0.577552159
6/21/2019 4:00,1.673301687,0.549987668
6/21/2019 5:00,1.501578546,0.493545001
6/21/2019 6:00,1.334951825,0.438777446
6/21/2019 7:00,1.404536259,0.461648743
6/21/2019 8:00,1.462168433,0.480591523
6/21/2019 9:00,1.567791557,0.515308165
6/21/2019 10:00,1.869720786,0.614547503
6/21/2019 11:00,1.884373495,0.619363616
6/21/2019 12:00,1.861169514,0.611736836
6/21/2019 13:00,1.834073157,0.602830695
6/21/2019 14:00,1.841008998,0.605110395
6/21/2019 15:00,1.824225304,0.599593862
6/21/2019 16:00,1.766348566,0.580570698
6/21/2019 17:00,1.687671689,0.554710859
6/21/2019 18:00,1.497788441,0.492299254
6/21/2019 19:00,1.200106317,0.394455871
6/21/2019 20:00,0.929731823,0.305588072
6/21/2019 21:00,0.80305121,0.263950168
6/21/2019 22:00,0.707386214,0.232506605
6/21/2019 23:00,0.680781704,0.223762125
6/22/2019 0:00,0.652728133,0.214541362
6/22/2019 1:00,0.603503699,0.198362073
6/22/2019 2:00,0.529502758,0.17403914
6/22/2019 3:00,0.456538286,0.150056878
6/22/2019 4:00,0.48352147,0.158925822
6/22/2019 5:00,0.498675674,0.163906768
6/22/2019 6:00,0.373401563,0.122731159
6/22/2019 7:00,0.275773362,0.090642321
6/22/2019 8:00,0.226397069,0.074413118
6/22/2019 9:00,0.234616499,0.077114714
6/22/2019 10:00,0.199558896,0.065591837
6/22/2019 11:00,0.19031052,0.062552043
6/22/2019 12:00,0.118584996,0.038977003
6/22/2019 13:00,0.097311667,0.031984798
6/22/2019 14:00,0.066497511,0.021856675
6/22/2019 15:00,0.044382826,0.01458793
6/22/2019 16:00,0.016255334,0.00534287
6/22/2019 17:00,0,0
6/22/2019 18:00,0,0
6/22/2019 19:00,0,0
6/22/2019 20:00,0,0
6/22/2019 21:00,0,0
6/22/2019 22:00,0,0
6/22/2019 23:00,0,0
6/23/2019 0:00,0,0
6/23/2019 1:00,0,0
6/23/2019 2:00,0,0
6/23/2019 3:00,0,0
6/23/2019 4:00,0.023149749,0.007608955
6/23/2019 5:00,0.051640385,0.016973374
6/23/2019 6:00,0.075830699,0.024924345
6/23/2019 7:00,0.090515748,0.029751087
6/23/2019 8:00,0.116057918,0.038146393
6/23/2019 9:00,0.154392755,0.050746444
6/23/2019 10:00,0.244477238,0.080355782
6/23/2019 11:00,0.36364347,0.119523828
6/23/2019 12:00,0.477978321,0.157103877
6/23/2019 13:00,0.593251619,0.194992377
6/23/2019 14:00,0.691446295,0.227267407
6/23/2019 15:00,0.81425436,0.267632466
6/23/2019 16:00,0.895295771,0.294269489
6/23/2019 17:00,0.885906328,0.291183329
6/23/2019 18:00,0.889751441,0.292447156
6/23/2019 19:00,0.944955625,0.310591894
6/23/2019 20:00,1.026986972,0.337554294
6/23/2019 21:00,1.063278718,0.349482814
6/23/2019 22:00,1.329158619,0.436873311
6/23/2019 23:00,1.049788698,0.345048859
6/24/2019 0:00,0.88710632,0.291577747
6/24/2019 1:00,0.847155696,0.278446612
6/24/2019 2:00,0.711590795,0.233888584
6/24/2019 3:00,0.556662164,0.182966005
6/24/2019 4:00,0.434245455,0.142729579
6/24/2019 5:00,0.474839724,0.15607227
6/24/2019 6:00,0.556974119,0.18306854
6/24/2019 7:00,0.595800958,0.195830305
6/24/2019 8:00,0.712405004,0.234156201
6/24/2019 9:00,0.749008263,0.246187111
6/24/2019 10:00,1.022384269,0.336041458
6/24/2019 11:00,0.72316989,0.237694448
6/24/2019 12:00,0.647049991,0.212675047
6/24/2019 13:00,0.879391279,0.289041936
6/24/2019 14:00,1.155807343,0.379895502
6/24/2019 15:00,1.376840235,0.452545501
6/24/2019 16:00,1.543113976,0.507197036
6/24/2019 17:00,1.628877436,0.535386122
6/24/2019 18:00,1.613794655,0.530428652
6/24/2019 19:00,1.60278648,0.52681044
6/24/2019 20:00,1.627755222,0.535017269
6/24/2019 21:00,1.71570305,0.563924322
6/24/2019 22:00,1.794726159,0.589897961
6/24/2019 23:00,1.792420736,0.589140206
6/25/2019 0:00,1.776005905,0.583744912
6/25/2019 1:00,1.658850784,0.545237885
6/25/2019 2:00,1.607126046,0.528236786
6/25/2019 3:00,1.546656728,0.508361483
6/25/2019 4:00,1.528935629,0.502536839
6/25/2019 5:00,1.444085819,0.474648055
6/25/2019 6:00,1.282245254,0.421453634
6/25/2019 7:00,1.078314696,0.354424901
6/25/2019 8:00,1.089080884,0.357963576
6/25/2019 9:00,1.10589647,0.363490592
6/25/2019 10:00,1.119277446,0.367888706
6/25/2019 11:00,1.09391016,0.359550882
6/25/2019 12:00,0.97643198,0.320937671
6/25/2019 13:00,0.822697067,0.270407449
6/25/2019 14:00,0.826126135,0.271534529
6/25/2019 15:00,0.700642123,0.230289929
6/25/2019 16:00,0.576711767,0.189555991
6/25/2019 17:00,0.594138868,0.195284002
6/25/2019 18:00,0.650306014,0.21374525
6/25/2019 19:00,0.639966868,0.210346937
6/25/2019 20:00,0.529260215,0.17395942
6/25/2019 21:00,0.395024976,0.129838431
6/25/2019 22:00,0.443128076,0.145649155
6/25/2019 23:00,0.427027373,0.14035711
6/26/2019 0:00,0.357723461,0.117578016
6/26/2019 1:00,0.319010985,0.10485384
6/26/2019 2:00,0.321255904,0.105591709
6/26/2019 3:00,0.298778858,0.098203861
6/26/2019 4:00,0.341290614,0.1121768
6/26/2019 5:00,0.506415578,0.166450751
6/26/2019 6:00,0.641293437,0.210782959
6/26/2019 7:00,0.934933035,0.307297628
6/26/2019 8:00,0.95462378,0.313769663
6/26/2019 9:00,1.036050702,0.340533398
6/26/2019 10:00,1.390386881,0.456998068
6/26/2019 11:00,1.386310079,0.455658088
6/26/2019 12:00,1.600727736,0.526133764
6/26/2019 13:00,1.71585018,0.563972681
6/26/2019 14:00,1.862276755,0.612100769
6/26/2019 15:00,1.929134586,0.634075875
6/26/2019 16:00,1.953042165,0.641933916
6/26/2019 17:00,1.946921123,0.639922027
6/26/2019 18:00,1.970231048,0.647583629
6/26/2019 19:00,1.961613563,0.644751199
6/26/2019 20:00,1.936908484,0.636631032
6/26/2019 21:00,1.847732267,0.607320227
6/26/2019 22:00,1.757237407,0.577576005
6/26/2019 23:00,1.787772911,0.587612539
6/27/2019 0:00,1.754525802,0.576684743
6/27/2019 1:00,1.66998812,0.548898551
6/27/2019 2:00,1.518983157,0.49926562
6/27/2019 3:00,1.400088563,0.460186857
6/27/2019 4:00,1.267434719,0.416585647
6/27/2019 5:00,1.121641343,0.368665681
6/27/2019 6:00,0.815941868,0.268187123
6/27/2019 7:00,0.560456791,0.184213239
6/27/2019 8:00,0.409249495,0.134513804
6/27/2019 9:00,0.340960155,0.112068183
6/27/2019 10:00,0.305017895,0.100254534
6/27/2019 11:00,0.348348591,0.114496645
6/27/2019 12:00,0.39553113,0.130004795
6/27/2019 13:00,0.368407284,0.121089619
6/27/2019 14:00,0.309398252,0.101694288
6/27/2019 15:00,0.246262214,0.080942475
6/27/2019 16:00,0.191558392,0.062962199
6/27/2019 17:00,0.136820314,0.044970662
6/27/2019 18:00,0.107868191,0.03545456
6/27/2019 19:00,0.077737738,0.025551159
6/27/2019 20:00,0.053528314,0.017593906
6/27/2019 21:00,0.041146666,0.013524255
6/27/2019 22:00,0.011582808,0.003807085
6/27/2019 23:00,0,0
6/28/2019 0:00,0,0
6/28/2019 1:00,0,0
6/28/2019 2:00,0,0
6/28/2019 3:00,0,0
6/28/2019 4:00,0.028702216,0.009433962
6/28/2019 5:00,0.06115122,0.020099434
6/28/2019 6:00,0.129081782,0.04242713
6/28/2019 7:00,0.219092789,0.072012317
6/28/2019 8:00,0.319261757,0.104936265
6/28/2019 9:00,0.401769498,0.132055248
6/28/2019 10:00,0.369609926,0.121484908
6/28/2019 11:00,0.468386002,0.153951034
6/28/2019 12:00,0.553808358,0.182028004
6/28/2019 13:00,0.492124421,0.161753475
6/28/2019 14:00,0.506451326,0.166462501
6/28/2019 15:00,0.55520367,0.182486621
6/28/2019 16:00,0.603032387,0.19820716
6/28/2019 17:00,0.667787197,0.219491037
6/28/2019 18:00,0.676122832,0.222230828
6/28/2019 19:00,0.753091675,0.247529263
6/28/2019 20:00,0.9147013,0.300647778
6/28/2019 21:00,1.125881134,0.370059233
6/28/2019 22:00,1.027482393,0.337717131
6/28/2019 23:00,0.898296738,0.29525586
6/29/2019 0:00,1.038495422,0.341336938
6/29/2019 1:00,0.657688487,0.216171752
6/29/2019 2:00,0.225887266,0.074245554
6/29/2019 3:00,0.304022326,0.099927306
6/29/2019 4:00,0.321334692,0.105617606
6/29/2019 5:00,0.307365847,0.101026268
6/29/2019 6:00,0.165447718,0.054380035
6/29/2019 7:00,0.021221849,0.006975285
6/29/2019 8:00,0,0
6/29/2019 9:00,0,0
6/29/2019 10:00,0.041179006,0.013534885
6/29/2019 11:00,0.137842196,0.045306539
6/29/2019 12:00,0.078020824,0.025644205
6/29/2019 13:00,0.148965966,0.048962745
6/29/2019 14:00,0.139941493,0.045996544
6/29/2019 15:00,0.045179574,0.014849808
6/29/2019 16:00,0.010346117,0.003400604
6/29/2019 17:00,0,0
6/29/2019 18:00,0,0
6/29/2019 19:00,0.01276758,0.004196501
6/29/2019 20:00,0.052780646,0.017348159
6/29/2019 21:00,0.131345388,0.043171141
6/29/2019 22:00,0.217449878,0.071472319
6/29/2019 23:00,0.281143673,0.092407456
6/30/2019 0:00,0.17910101,0.058867655
6/30/2019 1:00,0.030368976,0.0099818
6/30/2019 2:00,0,0
6/30/2019 3:00,0,0
6/30/2019 4:00,0,0
6/30/2019 5:00,0,0
6/30/2019 6:00,0.069341039,0.022791298
6/30/2019 7:00,0.222057929,0.072986912
6/30/2019 8:00,0.377824289,0.124184838
6/30/2019 9:00,0.599998794,0.197210067
6/30/2019 10:00,1.014639321,0.333495817
6/30/2019 11:00,1.102300122,0.362308529
6/30/2019 12:00,0.923213018,0.303445445
6/30/2019 13:00,1.617196477,0.531546777
6/30/2019 14:00,1.869703036,0.614541669
6/30/2019 15:00,1.964574906,0.645724545
6/30/2019 16:00,1.963668359,0.645426578
6/30/2019 17:00,1.919576451,0.630934268
6/30/2019 18:00,1.884387089,0.619368084
6/30/2019 19:00,1.865867236,0.613280903
6/30/2019 20:00,1.966210315,0.646262078
6/30/2019 21:00,2.047067853,0.672838665
6/30/2019 22:00,2.01,0.660655051
6/30/2019 23:00,2.01,0.660655051
07/01/2019 00:00,2.034826054,0.668814981
07/01/2019 01:00,2.004350989,0.658798311
07/01/2019 02:00,1.980341993,0.650906936
07/01/2019 03:00,1.904547319,0.625994431
07/01/2019 04:00,1.913491782,0.628934334
07/01/2019 05:00,1.955365026,0.642697404
07/01/2019 06:00,1.972495251,0.648327836
07/01/2019 07:00,2.030833088,0.667502556
07/01/2019 08:00,2.008138743,0.660043286
07/01/2019 09:00,2.013627032,0.661847199
07/01/2019 10:00,2.022926721,0.664903859
07/01/2019 11:00,1.966327184,0.646300491
07/01/2019 12:00,1.950773006,0.64118808
07/01/2019 13:00,1.964627809,0.645741933
07/01/2019 14:00,1.934116753,0.635713434
07/01/2019 15:00,1.945946873,0.639601807
07/01/2019 16:00,1.920781586,0.631330377
07/01/2019 17:00,1.884146272,0.619288932
07/01/2019 18:00,1.841143195,0.605154504
07/01/2019 19:00,1.705272157,0.560495853
07/01/2019 20:00,1.4088054,0.463051942
07/01/2019 21:00,1.10134222,0.361993682
07/01/2019 22:00,1.018250758,0.334682839
07/01/2019 23:00,0.824756038,0.2710842
07/02/2019 00:00,0.575472403,0.189148632
07/02/2019 01:00,0.342327752,0.112517691
07/02/2019 02:00,0.174065631,0.057212606
07/02/2019 03:00,0.106903927,0.035137622
07/02/2019 04:00,0.192298326,0.063205403
07/02/2019 05:00,0.357047272,0.117355763
07/02/2019 06:00,0.612968959,0.201473154
07/02/2019 07:00,0.779918638,0.25634686
07/02/2019 08:00,0.849658543,0.279269258
07/02/2019 09:00,0.902453255,0.296622041
07/02/2019 10:00,1.215144383,0.399398644
07/02/2019 11:00,1.356519745,0.445866479
07/02/2019 12:00,1.712873878,0.562994418
07/02/2019 13:00,1.876524506,0.616783778
07/02/2019 14:00,1.904070427,0.625837685
07/02/2019 15:00,1.937962712,0.63697754
07/02/2019 16:00,1.910368713,0.627907831
07/02/2019 17:00,1.835918248,0.603437147
07/02/2019 18:00,1.718101457,0.56471264
07/02/2019 19:00,1.630148154,0.535803787
07/02/2019 20:00,1.486271322,0.488513759
07/02/2019 21:00,1.297148933,0.426352236
07/02/2019 22:00,1.088477369,0.35776521
07/02/2019 23:00,1.055902034,0.347058215
07/03/2019 00:00,1.300134572,0.427333568
07/03/2019 01:00,1.387496461,0.456048033
07/03/2019 02:00,1.371643393,0.450837381
07/03/2019 03:00,1.261707138,0.414703082
07/03/2019 04:00,1.229522483,0.404124497
07/03/2019 05:00,1.274227439,0.418818306
07/03/2019 06:00,1.26354314,0.415306546
07/03/2019 07:00,1.300003442,0.427290468
07/03/2019 08:00,1.200099298,0.394453564
07/03/2019 09:00,1.095378294,0.360033434
07/03/2019 10:00,0.962187966,0.316255891
07/03/2019 11:00,1.239255696,0.40732365
07/03/2019 12:00,1.368724961,0.449878139
07/03/2019 13:00,1.626247549,0.53452172
07/03/2019 14:00,1.771294841,0.58219646
07/03/2019 15:00,1.928025232,0.633711248
07/03/2019 16:00,1.991276118,0.654500809
07/03/2019 17:00,2.040333463,0.670625179
07/03/2019 18:00,2.034573669,0.668732026
07/03/2019 19:00,2.021964076,0.664587453
07/03/2019 20:00,2.024799918,0.665519549
07/03/2019 21:00,2.040696559,0.670744523
07/03/2019 22:00,2.01,0.660655051
07/03/2019 23:00,2.01,0.660655051
07/04/2019 00:00,2.01,0.660655051
07/04/2019 01:00,2.01,0.660655051
07/04/2019 02:00,2.01,0.660655051
07/04/2019 03:00,2.01,0.660655051
07/04/2019 04:00,2.01,0.660655051
07/04/2019 05:00,2.01,0.660655051
07/04/2019 06:00,2.01,0.660655051
07/04/2019 07:00,2.01,0.660655051
07/04/2019 08:00,2.01,0.660655051
07/04/2019 09:00,2.01,0.660655051
07/04/2019 10:00,2.01,0.660655051
07/04/2019 11:00,2.01,0.660655051
07/04/2019 12:00,2.01,0.660655051
07/04/2019 13:00,2.01,0.660655051
07/04/2019 14:00,2.01,0.660655051
07/04/2019 15:00,2.0338861,0.668506033
07/04/2019 16:00,1.926441887,0.633190828
07/04/2019 17:00,1.828307171,0.600935507
07/04/2019 18:00,1.419150076,0.466452073
07/04/2019 19:00,1.12029246,0.368222325
07/04/2019 20:00,0.824834313,0.271109928
07/04/2019 21:00,0.635312078,0.208816982
07/04/2019 22:00,0.442244717,0.145358809
07/04/2019 23:00,0.455814977,0.149819138
07/05/2019 00:00,0.472598721,0.155335688
07/05/2019 01:00,0.573522858,0.188507848
07/05/2019 02:00,0.701350517,0.230522767
07/05/2019 03:00,0.792496046,0.260480854
07/05/2019 04:00,0.671233088,0.220623647
07/05/2019 05:00,0.603067788,0.198218796
07/05/2019 06:00,0.556794702,0.183009568
07/05/2019 07:00,0.490485146,0.161214671
07/05/2019 08:00,0.413754203,0.13599443
07/05/2019 09:00,0.461667124,0.151742646
07/05/2019 10:00,0.455081525,0.149578064
07/05/2019 11:00,0.36970765,0.121517028
07/05/2019 12:00,0.382402181,0.125689519
07/05/2019 13:00,0.554308089,0.182192258
07/05/2019 14:00,0.871433624,0.286426381
07/05/2019 15:00,1.620033479,0.532479254
07/05/2019 16:00,1.912224294,0.628517731
07/05/2019 17:00,1.95466555,0.642467497
07/05/2019 18:00,1.947735176,0.640189593
07/05/2019 19:00,1.944642629,0.639173122
07/05/2019 20:00,1.91663675,0.629968035
07/05/2019 21:00,1.957655414,0.643450218
07/05/2019 22:00,2.044605162,0.672029218
07/05/2019 23:00,2.034561517,0.668728032
07/06/2019 00:00,2.031433322,0.667699844
07/06/2019 01:00,2.041721164,0.671081294
07/06/2019 02:00,2.010567274,0.660841505
07/06/2019 03:00,1.96406512,0.645556987
07/06/2019 04:00,1.912165268,0.62849833
07/06/2019 05:00,1.870249334,0.614721229
07/06/2019 06:00,1.806821769,0.593873596
07/06/2019 07:00,1.690309542,0.555577879
07/06/2019 08:00,1.490007127,0.489741659
07/06/2019 09:00,1.165718057,0.383152997
07/06/2019 10:00,1.339480258,0.44026587
07/06/2019 11:00,0.971358417,0.319270072
07/06/2019 12:00,0.870520173,0.286126144
07/06/2019 13:00,0.893842473,0.293791813
07/06/2019 14:00,1.056775393,0.347345274
07/06/2019 15:00,1.141953583,0.375341992
07/06/2019 16:00,1.078423824,0.354460769
07/06/2019 17:00,0.925675804,0.304254923
07/06/2019 18:00,0.783796069,0.257621309
07/06/2019 19:00,0.721907999,0.237279685
07/06/2019 20:00,0.697982642,0.2294158
07/06/2019 21:00,0.697565376,0.229278651
07/06/2019 22:00,1.141467342,0.375182172
07/06/2019 23:00,1.112389063,0.365624604
07/07/2019 00:00,1.080736842,0.355221022
07/07/2019 01:00,1.170682492,0.384784727
07/07/2019 02:00,1.401017346,0.460492133
07/07/2019 03:00,1.520602491,0.499797869
07/07/2019 04:00,1.605331608,0.527646983
07/07/2019 05:00,1.690808436,0.555741858
07/07/2019 06:00,1.765263088,0.580213918
07/07/2019 07:00,1.871533387,0.615143277
07/07/2019 08:00,1.941311581,0.63807826
07/07/2019 09:00,1.943157618,0.638685023
07/07/2019 10:00,2.022281122,0.664691661
07/07/2019 11:00,1.870867912,0.614924546
07/07/2019 12:00,1.689245996,0.555228308
07/07/2019 13:00,1.664918367,0.547232204
07/07/2019 14:00,1.570317107,0.516138273
07/07/2019 15:00,1.402201247,0.460881262
07/07/2019 16:00,1.200158213,0.394472928
07/07/2019 17:00,0.985938228,0.324062224
07/07/2019 18:00,0.734281384,0.24134662
07/07/2019 19:00,0.569816653,0.187289677
07/07/2019 20:00,0.55380764,0.182027769
07/07/2019 21:00,0.549214211,0.180517982
07/07/2019 22:00,0.789991141,0.259657531
07/07/2019 23:00,0.667253684,0.21931568
07/08/2019 00:00,0.570537804,0.187526708
07/08/2019 01:00,0.489647271,0.160939275
07/08/2019 02:00,0.475853214,0.156405388
07/08/2019 03:00,0.434311374,0.142751245
07/08/2019 04:00,0.378392046,0.124371451
07/08/2019 05:00,0.269145708,0.088463916
07/08/2019 06:00,0.19830634,0.065180142
07/08/2019 07:00,0.158311451,0.052034458
07/08/2019 08:00,0.098174091,0.032268263
07/08/2019 09:00,0.042200223,0.013870543
07/08/2019 10:00,0.013778042,0.004528623
07/08/2019 11:00,0,0
07/08/2019 12:00,0,0
07/08/2019 13:00,0,0
07/08/2019 14:00,0.041109767,0.013512127
07/08/2019 15:00,0.089487611,0.029413155
07/08/2019 16:00,0.131116142,0.043095792
07/08/2019 17:00,0.139586666,0.045879919
07/08/2019 18:00,0.114723348,0.037707741
07/08/2019 19:00,0.107050654,0.035185848
07/08/2019 20:00,0.111155593,0.036535077
07/08/2019 21:00,0.126014348,0.041418913
07/08/2019 22:00,0.120488974,0.039602811
07/08/2019 23:00,0.220536709,0.072486911
07/09/2019 00:00,0.334671442,0.110001183
07/09/2019 01:00,0.334988609,0.110105431
07/09/2019 02:00,0.292328291,0.096083663
07/09/2019 03:00,0.304425997,0.100059986
07/09/2019 04:00,0.352617156,0.115899654
07/09/2019 05:00,0.400209218,0.131542409
07/09/2019 06:00,0.575479603,0.189150999
07/09/2019 07:00,0.660471489,0.21708648
07/09/2019 08:00,0.730058202,0.239958527
07/09/2019 09:00,1.005116463,0.330365805
07/09/2019 10:00,1.056688728,0.347316789
07/09/2019 11:00,0.995632793,0.327248674
07/09/2019 12:00,0.831939043,0.27344514
07/09/2019 13:00,0.756626507,0.248691107
07/09/2019 14:00,0.725787989,0.238554976
07/09/2019 15:00,0.6886575,0.226350774
07/09/2019 16:00,0.525635568,0.172768056
07/09/2019 17:00,0.298910476,0.098247122
07/09/2019 18:00,0.294239845,0.09671196
07/09/2019 19:00,0.343613436,0.112940275
07/09/2019 20:00,0.346187262,0.113786251
07/09/2019 21:00,0.335013828,0.11011372
07/09/2019 22:00,0.285646276,0.093887391
07/09/2019 23:00,0.117381652,0.038581483
07/10/2019 00:00,0.042317041,0.013908939
07/10/2019 01:00,0.016475129,0.005415113
07/10/2019 02:00,0.017887608,0.005879372
07/10/2019 03:00,0.03193091,0.010495183
07/10/2019 04:00,0.022683051,0.007455558
07/10/2019 05:00,0,0
07/10/2019 06:00,0,0
07/10/2019 07:00,0,0
07/10/2019 08:00,0,0
07/10/2019 09:00,0,0
07/10/2019 10:00,0,0
07/10/2019 11:00,0,0
07/10/2019 12:00,0.013281034,0.004365265
07/10/2019 13:00,0.029433619,0.009674363
07/10/2019 14:00,0.070329074,0.023116049
07/10/2019 15:00,0.117319886,0.038561182
07/10/2019 16:00,0.180605459,0.059362144
07/10/2019 17:00,0.277988661,0.091370454
07/10/2019 18:00,0.399450979,0.131293188
07/10/2019 19:00,0.532333105,0.17496943
07/10/2019 20:00,0.589890991,0.193887793
07/10/2019 21:00,0.522353882,0.171689418
07/10/2019 22:00,0.554920979,0.182393705
07/10/2019 23:00,0.542171009,0.178202993
07/11/2019 00:00,0.543455691,0.178625248
07/11/2019 01:00,0.381000673,0.125228865
07/11/2019 02:00,0.257325401,0.084578769
07/11/2019 03:00,0.23059183,0.075791869
07/11/2019 04:00,0.268703202,0.088318471
07/11/2019 05:00,0.232274037,0.076344784
07/11/2019 06:00,0.239180989,0.078614989
07/11/2019 07:00,0.248020577,0.081520421
07/11/2019 08:00,0.21090394,0.069320773
07/11/2019 09:00,0.211403879,0.069485095
07/11/2019 10:00,0.339755222,0.111672141
07/11/2019 11:00,0.452765456,0.148816809
07/11/2019 12:00,0.507262531,0.166729131
07/11/2019 13:00,0.425696778,0.139919765
07/11/2019 14:00,0.368167364,0.121010761
07/11/2019 15:00,0.253698711,0.083386734
07/11/2019 16:00,0.307413614,0.101041969
07/11/2019 17:00,0.348821258,0.114652003
07/11/2019 18:00,0.353165746,0.116079967
07/11/2019 19:00,0.345377179,0.113519989
07/11/2019 20:00,0.352620341,0.115900701
07/11/2019 21:00,0.38514825,0.126592108
07/11/2019 22:00,0.546953785,0.179775015
07/11/2019 23:00,0.50644729,0.166461174
07/12/2019 00:00,0.408574763,0.13429203
07/12/2019 01:00,0.394112592,0.129538544
07/12/2019 02:00,0.417129671,0.137103893
07/12/2019 03:00,0.359317828,0.118102059
07/12/2019 04:00,0.280887626,0.092323298
07/12/2019 05:00,0.239883486,0.078845889
07/12/2019 06:00,0.253477607,0.08331406
07/12/2019 07:00,0.274894651,0.090353503
07/12/2019 08:00,0.25321087,0.083226388
07/12/2019 09:00,0.181979222,0.059813678
07/12/2019 10:00,0.169806433,0.055812675
07/12/2019 11:00,0.081949028,0.026935343
07/12/2019 12:00,0.039633902,0.013027034
07/12/2019 13:00,0.036535719,0.01200871
07/12/2019 14:00,0.036905255,0.012130171
07/12/2019 15:00,0.034071419,0.011198734
07/12/2019 16:00,0.039756635,0.013067374
07/12/2019 17:00,0.047732095,0.015688781
07/12/2019 18:00,0.04066481,0.013365877
07/12/2019 19:00,0.036329762,0.011941015
07/12/2019 20:00,0.029466932,0.009685312
07/12/2019 21:00,0.024366382,0.008008843
07/12/2019 22:00,0.033627969,0.011052979
07/12/2019 23:00,0.026300547,0.008644572
7/13/2019 0:00,0.023786007,0.007818083
7/13/2019 1:00,0.031745271,0.010434166
7/13/2019 2:00,0.04458976,0.014655945
7/13/2019 3:00,0.075351036,0.024766688
7/13/2019 4:00,0.081368615,0.026744571
7/13/2019 5:00,0.120229589,0.039517555
7/13/2019 6:00,0.243972965,0.080190036
7/13/2019 7:00,0.44296233,0.145594677
7/13/2019 8:00,0.628142725,0.206460529
7/13/2019 9:00,0.698732725,0.22966234
7/13/2019 10:00,0.901235036,0.296221631
7/13/2019 11:00,0.855872528,0.281311696
7/13/2019 12:00,0.938446556,0.308452466
7/13/2019 13:00,0.97385683,0.320091261
7/13/2019 14:00,0.945605799,0.310805596
7/13/2019 15:00,0.924349066,0.303818846
7/13/2019 16:00,1.044651514,0.343360348
7/13/2019 17:00,1.065065014,0.350069941
7/13/2019 18:00,0.928081364,0.305045593
7/13/2019 19:00,0.834980692,0.274444882
7/13/2019 20:00,0.652937941,0.214610323
7/13/2019 21:00,0.522600017,0.171770319
7/13/2019 22:00,0.397624919,0.130692991
7/13/2019 23:00,0.400139269,0.131519417
7/14/2019 0:00,0.459442688,0.151011509
7/14/2019 1:00,0.398907646,0.131114603
7/14/2019 2:00,0.400365885,0.131593903
7/14/2019 3:00,0.450202244,0.147974322
7/14/2019 4:00,0.351769278,0.11562097
7/14/2019 5:00,0.310849942,0.102171435
7/14/2019 6:00,0.268306376,0.088188041
7/14/2019 7:00,0.263313315,0.086546901
7/14/2019 8:00,0.227080987,0.074637911
7/14/2019 9:00,0.258119136,0.084839657
7/14/2019 10:00,0.246663084,0.081074235
7/14/2019 11:00,0.194919217,0.064066848
7/14/2019 12:00,0.175543825,0.057698465
7/14/2019 13:00,0.158777603,0.052187674
7/14/2019 14:00,0.160636099,0.052798532
7/14/2019 15:00,0.149714526,0.049208785
7/14/2019 16:00,0.11216664,0.036867392
7/14/2019 17:00,0.086046998,0.028282281
7/14/2019 18:00,0.085906328,0.028236045
7/14/2019 19:00,0.079976069,0.026286863
7/14/2019 20:00,0.050017118,0.016439832
7/14/2019 21:00,0.019635251,0.006453795
7/14/2019 22:00,0.013835256,0.004547429
7/14/2019 23:00,0,0
7/15/2019 0:00,0,0
7/15/2019 1:00,0,0
7/15/2019 2:00,0.019522721,0.006416808
7/15/2019 3:00,0.040235177,0.013224663
7/15/2019 4:00,0.051733533,0.01700399
7/15/2019 5:00,0.066252635,0.021776188
7/15/2019 6:00,0.065101801,0.021397927
7/15/2019 7:00,0.060208646,0.019789625
7/15/2019 8:00,0.047698496,0.015677737
7/15/2019 9:00,0.030162454,0.009913919
7/15/2019 10:00,0,0
7/15/2019 11:00,0,0
7/15/2019 12:00,0,0
7/15/2019 13:00,0,0
7/15/2019 14:00,0,0
7/15/2019 15:00,0,0
7/15/2019 16:00,0,0
7/15/2019 17:00,0.011230156,0.003691174
7/15/2019 18:00,0.015810248,0.005196577
7/15/2019 19:00,0.013419035,0.004410623
7/15/2019 20:00,0.020320323,0.006678967
7/15/2019 21:00,0.038890244,0.012782605
7/15/2019 22:00,0.069122458,0.022719453
7/15/2019 23:00,0.077182953,0.02536881
7/16/2019 0:00,0.065561622,0.021549063
7/16/2019 1:00,0.052762501,0.017342195
7/16/2019 2:00,0.046579893,0.015310071
7/16/2019 3:00,0.050426648,0.016574438
7/16/2019 4:00,0.054471656,0.017903967
7/16/2019 5:00,0.05552524,0.018250264
7/16/2019 6:00,0.078113493,0.025674664
7/16/2019 7:00,0.103856164,0.03413587
7/16/2019 8:00,0.10601294,0.034844768
7/16/2019 9:00,0.081900679,0.026919451
7/16/2019 10:00,0.031539413,0.010366504
7/16/2019 11:00,0,0
7/16/2019 12:00,0,0
7/16/2019 13:00,0,0
7/16/2019 14:00,0,0
7/16/2019 15:00,0,0
7/16/2019 16:00,0,0
7/16/2019 17:00,0,0
7/16/2019 18:00,0,0
7/16/2019 19:00,0,0
7/16/2019 20:00,0.034562466,0.011360133
7/16/2019 21:00,0.073075301,0.02401869
7/16/2019 22:00,0.078613853,0.025839124
7/16/2019 23:00,0.121736978,0.04001301
7/17/2019 0:00,0.13447616,0.044200176
7/17/2019 1:00,0.169654531,0.055762748
7/17/2019 2:00,0.203411678,0.066858185
7/17/2019 3:00,0.22094042,0.072619604
7/17/2019 4:00,0.228528081,0.075113548
7/17/2019 5:00,0.265310399,0.087203311
7/17/2019 6:00,0.355175094,0.116740408
7/17/2019 7:00,0.514098771,0.168976095
7/17/2019 8:00,0.77735874,0.255505462
7/17/2019 9:00,0.992663854,0.326272831
7/17/2019 10:00,1.003139491,0.329716006
7/17/2019 11:00,1.146625266,0.376877499
7/17/2019 12:00,1.274618437,0.41894682
7/17/2019 13:00,1.440710044,0.473538492
7/17/2019 14:00,1.606508601,0.528033842
7/17/2019 15:00,1.577736878,0.518577034
7/17/2019 16:00,1.433764928,0.471255742
7/17/2019 17:00,1.418548994,0.466254507
7/17/2019 18:00,1.353015964,0.444714841
7/17/2019 19:00,1.087263832,0.35736634
7/17/2019 20:00,0.745095338,0.244900994
7/17/2019 21:00,0.448878481,0.147539222
7/17/2019 22:00,0.385704984,0.126775098
7/17/2019 23:00,0.357281625,0.117432791
7/18/2019 0:00,0.275617631,0.090591134
7/18/2019 1:00,0.192294347,0.063204095
7/18/2019 2:00,0.126910065,0.041713321
7/18/2019 3:00,0.06797324,0.022341724
7/18/2019 4:00,0.03012123,0.00990037
7/18/2019 5:00,0.010741423,0.003530535
7/18/2019 6:00,0.010708645,0.003519761
7/18/2019 7:00,0.024432,0.00803041
7/18/2019 8:00,0.059992254,0.0197185
7/18/2019 9:00,0.092061823,0.030259258
7/18/2019 10:00,0.080658112,0.026511039
7/18/2019 11:00,0.095768181,0.031477479
7/18/2019 12:00,0.098510277,0.032378762
7/18/2019 13:00,0.086351842,0.028382478
7/18/2019 14:00,0.054246616,0.017830001
7/18/2019 15:00,0.06450986,0.021203366
7/18/2019 16:00,0.103036733,0.033866536
7/18/2019 17:00,0.098188867,0.03227312
7/18/2019 18:00,0.157589558,0.051797183
7/18/2019 19:00,0.254426033,0.083625793
7/18/2019 20:00,0.235660504,0.077457862
7/18/2019 21:00,0.210008751,0.069026538
7/18/2019 22:00,0.278195078,0.0914383
7/18/2019 23:00,0.313732174,0.103118779
7/19/2019 0:00,0.340103928,0.111786755
7/19/2019 1:00,0.368262883,0.121042156
7/19/2019 2:00,0.408072422,0.134126919
7/19/2019 3:00,0.395950171,0.130142528
7/19/2019 4:00,0.467495585,0.153658368
7/19/2019 5:00,0.51662504,0.169806439
7/19/2019 6:00,0.576314382,0.189425377
7/19/2019 7:00,0.551492668,0.181266874
7/19/2019 8:00,0.44466077,0.146152927
7/19/2019 9:00,0.303426853,0.099731584
7/19/2019 10:00,0.166066515,0.054583424
7/19/2019 11:00,0.115537626,0.037975381
7/19/2019 12:00,0.083509504,0.027448247
7/19/2019 13:00,0.066420268,0.021831286
7/19/2019 14:00,0.059271997,0.019481763
7/19/2019 15:00,0.055579377,0.018268058
7/19/2019 16:00,0.05340895,0.017554673
7/19/2019 17:00,0.037033744,0.012172403
7/19/2019 18:00,0.022034473,0.007242381
7/19/2019 19:00,0,0
7/19/2019 20:00,0.0124947,0.004106809
7/19/2019 21:00,0.059371436,0.019514447
7/19/2019 22:00,0.229840814,0.075545022
7/19/2019 23:00,0.437430847,0.143776566
7/20/2019 0:00,0.647476086,0.212815098
7/20/2019 1:00,0.734109151,0.241290009
7/20/2019 2:00,0.742789447,0.244143085
7/20/2019 3:00,0.649750393,0.213562627
7/20/2019 4:00,0.476961079,0.156769526
7/20/2019 5:00,0.35098796,0.115364164
7/20/2019 6:00,0.41172327,0.135326894
7/20/2019 7:00,0.524222896,0.172303733
7/20/2019 8:00,0.335829663,0.110381872
7/20/2019 9:00,0.151127367,0.049673163
7/20/2019 10:00,0.166840036,0.054837668
7/20/2019 11:00,0.285190331,0.093737529
7/20/2019 12:00,0.382153765,0.125607868
7/20/2019 13:00,0.585626188,0.19248602
7/20/2019 14:00,0.82983208,0.272752615
7/20/2019 15:00,0.99789282,0.327991509
7/20/2019 16:00,1.147272741,0.377090314
7/20/2019 17:00,1.241847252,0.408175453
7/20/2019 18:00,1.12669567,0.370326958
7/20/2019 19:00,1.065315179,0.350152166
7/20/2019 20:00,1.055651095,0.346975736
7/20/2019 21:00,0.872571903,0.286800515
7/20/2019 22:00,0.570092542,0.187380357
7/20/2019 23:00,0.446399829,0.146724528
7/21/2019 0:00,0.388464221,0.127682015
7/21/2019 1:00,0.394719323,0.129737968
7/21/2019 2:00,0.351017153,0.115373759
7/21/2019 3:00,0.30123448,0.099010985
7/21/2019 4:00,0.370632922,0.12182115
7/21/2019 5:00,0.481855405,0.158378213
7/21/2019 6:00,0.50266338,0.165217463
7/21/2019 7:00,0.443613756,0.14580879
7/21/2019 8:00,0.417942871,0.137371179
7/21/2019 9:00,0.336126033,0.110479284
7/21/2019 10:00,0.233539908,0.076760856
7/21/2019 11:00,0.133892557,0.044008355
7/21/2019 12:00,0.108654519,0.035713013
7/21/2019 13:00,0.061957002,0.020364282
7/21/2019 14:00,0.078560581,0.025821614
7/21/2019 15:00,0.174235736,0.057268517
7/21/2019 16:00,0.520253529,0.170999066
7/21/2019 17:00,1.233854963,0.405548515
7/21/2019 18:00,1.499646681,0.492910028
7/21/2019 19:00,1.45120125,0.476986784
7/21/2019 20:00,1.844660333,0.606310531
7/21/2019 21:00,2.014505025,0.662135782
7/21/2019 22:00,1.984206949,0.652177286
7/21/2019 23:00,1.487287119,0.488847636
7/22/2019 0:00,1.317314866,0.432980458
7/22/2019 1:00,1.420839495,0.467007358
7/22/2019 2:00,1.458023688,0.479229211
7/22/2019 3:00,1.409270187,0.463204711
7/22/2019 4:00,1.076048715,0.353680109
7/22/2019 5:00,0.877369426,0.288377385
7/22/2019 6:00,0.678235966,0.222925382
7/22/2019 7:00,0.517739782,0.170172837
7/22/2019 8:00,0.427478183,0.140505284
7/22/2019 9:00,0.511559596,0.168141508
7/22/2019 10:00,0.064283198,0.021128866
7/22/2019 11:00,0.016562175,0.005443724
7/22/2019 12:00,0.01346803,0.004426727
7/22/2019 13:00,0,0
7/22/2019 14:00,0,0
7/22/2019 15:00,0,0
7/22/2019 16:00,0,0
7/22/2019 17:00,0.014074006,0.004625902
7/22/2019 18:00,0.031896044,0.010483723
7/22/2019 19:00,0.050455489,0.016583917
7/22/2019 20:00,0.119607818,0.039313189
7/22/2019 21:00,0.292340111,0.096087548
7/22/2019 22:00,0.492626111,0.161918372
7/22/2019 23:00,0.744740181,0.24478426
7/23/2019 0:00,0.881462139,0.289722594
7/23/2019 1:00,0.91864096,0.301942682
7/23/2019 2:00,0.948185862,0.311653622
7/23/2019 3:00,0.873366851,0.287061802
7/23/2019 4:00,0.675822112,0.222131986
7/23/2019 5:00,0.413723697,0.135984403
7/23/2019 6:00,0.402367134,0.132251681
7/23/2019 7:00,0.644325074,0.21177941
7/23/2019 8:00,0.920534653,0.302565109
7/23/2019 9:00,0.922037262,0.303058992
7/23/2019 10:00,0.848371538,0.27884624
7/23/2019 11:00,0.608219135,0.199911962
7/23/2019 12:00,0.320953743,0.105492394
7/23/2019 13:00,0.14226552,0.046760415
7/23/2019 14:00,0.105712151,0.034745904
7/23/2019 15:00,0.107139693,0.035215114
7/23/2019 16:00,0.197107926,0.064786242
7/23/2019 17:00,0.237453285,0.07804712
7/23/2019 18:00,0.21180072,0.06961553
7/23/2019 19:00,0.108078226,0.035523595
7/23/2019 20:00,0.022968078,0.007549242
7/23/2019 21:00,0,0
7/23/2019 22:00,0,0
7/23/2019 23:00,0,0
7/24/2019 0:00,0.060350826,0.019836357
7/24/2019 1:00,0.240091059,0.078914115
7/24/2019 2:00,0.539900931,0.177456854
7/24/2019 3:00,0.754732467,0.248068566
7/24/2019 4:00,1.124472009,0.369596076
7/24/2019 5:00,1.657211067,0.544698937
7/24/2019 6:00,1.988213064,0.653494032
7/24/2019 7:00,2.01,0.660655051
7/24/2019 8:00,1.967241911,0.646601147
7/24/2019 9:00,1.822805565,0.599127216
7/24/2019 10:00,1.675024606,0.550553964
7/24/2019 11:00,1.492172116,0.490453257
7/24/2019 12:00,0.855672782,0.281246043
7/24/2019 13:00,0.25518655,0.083875763
7/24/2019 14:00,0.070542946,0.023186345
7/24/2019 15:00,0.017941426,0.005897062
7/24/2019 16:00,0.015027619,0.00493934
7/24/2019 17:00,0.036386095,0.011959531
7/24/2019 18:00,0.046644697,0.01533137
7/24/2019 19:00,0.060274138,0.019811151
7/24/2019 20:00,0.023153096,0.007610055
7/24/2019 21:00,0,0
7/24/2019 22:00,0,0
7/24/2019 23:00,0,0
7/25/2019 0:00,0,0
7/25/2019 1:00,0.039982003,0.013141449
7/25/2019 2:00,0.173878897,0.05715123
7/25/2019 3:00,0.299403392,0.098409136
7/25/2019 4:00,0.344934684,0.113374548
7/25/2019 5:00,0.471985764,0.155134219
7/25/2019 6:00,0.642183739,0.211075588
7/25/2019 7:00,0.615953844,0.202454238
7/25/2019 8:00,0.627990047,0.206410347
7/25/2019 9:00,0.783680507,0.257583326
7/25/2019 10:00,1.099082532,0.361250958
7/25/2019 11:00,1.321877744,0.434480203
7/25/2019 12:00,1.360229161,0.447085705
7/25/2019 13:00,1.479979796,0.486445835
7/25/2019 14:00,1.729457738,0.568445269
7/25/2019 15:00,1.958032811,0.643574262
7/25/2019 16:00,2.036223183,0.669274195
7/25/2019 17:00,2.01,0.660655051
7/25/2019 18:00,2.01,0.660655051
7/25/2019 19:00,2.01,0.660655051
7/25/2019 20:00,2.01,0.660655051
7/25/2019 21:00,2.01,0.660655051
7/25/2019 22:00,2.01,0.660655051
7/25/2019 23:00,2.01,0.660655051
7/26/2019 0:00,2.01,0.660655051
7/26/2019 1:00,2.01,0.660655051
7/26/2019 2:00,2.01,0.660655051
7/26/2019 3:00,2.043558185,0.671685093
7/26/2019 4:00,1.882548922,0.618763908
7/26/2019 5:00,1.332515824,0.437976771
7/26/2019 6:00,1.320904538,0.434160326
7/26/2019 7:00,1.404878915,0.461761369
7/26/2019 8:00,1.041672822,0.342381299
7/26/2019 9:00,0.73477708,0.241509547
7/26/2019 10:00,0.532362414,0.174979064
7/26/2019 11:00,0.630386596,0.207198054
7/26/2019 12:00,0.864812802,0.284250222
7/26/2019 13:00,1.182731746,0.388745126
7/26/2019 14:00,1.575798652,0.51793997
7/26/2019 15:00,1.762831386,0.579414657
7/26/2019 16:00,1.697651037,0.557990912
7/26/2019 17:00,1.450462373,0.476743927
7/26/2019 18:00,1.380839252,0.453859914
7/26/2019 19:00,1.071255159,0.352104543
7/26/2019 20:00,0.683352136,0.224606985
7/26/2019 21:00,0.663026495,0.21792627
7/26/2019 22:00,0.224538752,0.073802319
7/26/2019 23:00,0.163756103,0.053824028
7/27/2019 0:00,0.077745346,0.025553659
7/27/2019 1:00,0.177882051,0.058467003
7/27/2019 2:00,0.28691844,0.094305531
7/27/2019 3:00,0.103971032,0.034173625
7/27/2019 4:00,0.044551291,0.014643301
7/27/2019 5:00,0.174256945,0.057275488
7/27/2019 6:00,0.379063743,0.124592227
7/27/2019 7:00,0.48538291,0.159537647
7/27/2019 8:00,0.3195437,0.105028935
7/27/2019 9:00,0.232929185,0.076560121
7/27/2019 10:00,0.25415948,0.083538181
7/27/2019 11:00,0.338268828,0.111183587
7/27/2019 12:00,0.571420842,0.187816948
7/27/2019 13:00,0.697570383,0.229280297
7/27/2019 14:00,0.841370782,0.276545203
7/27/2019 15:00,0.942718489,0.309856583
7/27/2019 16:00,1.143607128,0.375885485
7/27/2019 17:00,1.303272687,0.428365017
7/27/2019 18:00,1.227134567,0.403339627
7/27/2019 19:00,1.186450271,0.389967346
7/27/2019 20:00,1.169625871,0.384437433
7/27/2019 21:00,1.12399803,0.369440287
7/27/2019 22:00,1.071866039,0.35230533
7/27/2019 23:00,1.003130214,0.329712957
7/28/2019 0:00,1.041372207,0.342282492
7/28/2019 1:00,1.065295252,0.350145617
7/28/2019 2:00,1.136315214,0.373488749
7/28/2019 3:00,1.180960573,0.388162969
7/28/2019 4:00,1.053053666,0.346122002
7/28/2019 5:00,0.961861509,0.316148589
7/28/2019 6:00,1.041621712,0.3423645
7/28/2019 7:00,1.165885055,0.383207886
7/28/2019 8:00,1.205756549,0.396313012
7/28/2019 9:00,1.429840577,0.469965871
7/28/2019 10:00,1.428838207,0.469636407
7/28/2019 11:00,1.383685566,0.454795452
7/28/2019 12:00,1.272689513,0.418312814
7/28/2019 13:00,1.189500091,0.390969773
7/28/2019 14:00,0.953275602,0.313326538
7/28/2019 15:00,0.71431473,0.234783898
7/28/2019 16:00,0.593459463,0.195060693
7/28/2019 17:00,0.540527126,0.177662675
7/28/2019 18:00,0.468839006,0.154099929
7/28/2019 19:00,0.386654959,0.127087339
7/28/2019 20:00,0.339420444,0.111562105
7/28/2019 21:00,0.255017177,0.083820093
7/28/2019 22:00,0.28316574,0.093072078
7/28/2019 23:00,0.428863509,0.140960619
7/29/2019 0:00,0.332157767,0.109174978
7/29/2019 1:00,0.192822024,0.063377535
7/29/2019 2:00,0.102805804,0.033790634
7/29/2019 3:00,0.025065138,0.008238512
7/29/2019 4:00,0,0
7/29/2019 5:00,0,0
7/29/2019 6:00,0.01255328,0.004126064
7/29/2019 7:00,0.022849691,0.00751033
7/29/2019 8:00,0.024360438,0.008006889
7/29/2019 9:00,0.04227796,0.013896094
7/29/2019 10:00,0.046010275,0.015122846
7/29/2019 11:00,0.075170579,0.024707374
7/29/2019 12:00,0.092171973,0.030295462
7/29/2019 13:00,0.124366132,0.040877171
7/29/2019 14:00,0.321993284,0.105834074
7/29/2019 15:00,0.482592856,0.158620601
7/29/2019 16:00,0.492416272,0.161849402
7/29/2019 17:00,0.54162242,0.178022681
7/29/2019 18:00,0.532967963,0.175178098
7/29/2019 19:00,0.448566357,0.147436632
7/29/2019 20:00,0.343341995,0.112851056
7/29/2019 21:00,0.302033841,0.099273723
7/29/2019 22:00,0.328979353,0.108130284
7/29/2019 23:00,0.272740035,0.089645314
7/30/2019 0:00,0.153539758,0.050466078
7/30/2019 1:00,0.096398904,0.031684788
7/30/2019 2:00,0.047023717,0.015455948
7/30/2019 3:00,0.019928421,0.006550155
7/30/2019 4:00,0.013266055,0.004360341
7/30/2019 5:00,0.018095604,0.005947737
7/30/2019 6:00,0.041584959,0.013668315
7/30/2019 7:00,0.053444006,0.017566195
7/30/2019 8:00,0.06163423,0.020258192
7/30/2019 9:00,0.063432059,0.02084911
7/30/2019 10:00,0.089611637,0.029453921
7/30/2019 11:00,0.091165202,0.029964553
7/30/2019 12:00,0.114339343,0.037581525
7/30/2019 13:00,0.12192564,0.04007502
7/30/2019 14:00,0.081958082,0.026938319
7/30/2019 15:00,0.038546857,0.012669739
7/30/2019 16:00,0.011687358,0.003841449
7/30/2019 17:00,0,0
7/30/2019 18:00,0.012703531,0.004175449
7/30/2019 19:00,0.027061289,0.008894615
7/30/2019 20:00,0.030518745,0.010031026
7/30/2019 21:00,0.018874022,0.006203591
7/30/2019 22:00,0,0
7/30/2019 23:00,0,0
7/31/2019 0:00,0,0
7/31/2019 1:00,0.012207975,0.004012567
7/31/2019 2:00,0.037935495,0.012468794
7/31/2019 3:00,0.049743344,0.016349847
7/31/2019 4:00,0.058022825,0.01907118
7/31/2019 5:00,0.041921917,0.013779068
7/31/2019 6:00,0.013155017,0.004323845
7/31/2019 7:00,0,0
7/31/2019 8:00,0.010149065,0.003335836
7/31/2019 9:00,0.012229544,0.004019657
7/31/2019 10:00,0.017489793,0.005748617
7/31/2019 11:00,0.019662827,0.006462859
7/31/2019 12:00,0.040351186,0.013262794
7/31/2019 13:00,0.060614404,0.019922991
7/31/2019 14:00,0.090063866,0.029602561
7/31/2019 15:00,0.118864224,0.039068781
7/31/2019 16:00,0.123654994,0.040643431
7/31/2019 17:00,0.090868086,0.029866896
7/31/2019 18:00,0.071794279,0.023597638
7/31/2019 19:00,0.052983286,0.017414764
7/31/2019 20:00,0.052353375,0.017207722
7/31/2019 21:00,0.066391537,0.021821843
7/31/2019 22:00,0.089705008,0.02948461
7/31/2019 23:00,0.162576642,0.053436358
08/01/2019 00:00,0.245276518,0.080618493
08/01/2019 01:00,0.267783362,0.088016135
08/01/2019 02:00,0.299295051,0.098373526
08/01/2019 03:00,0.279284971,0.091796531
08/01/2019 04:00,0.233156864,0.076634955
08/01/2019 05:00,0.229640782,0.075479275
08/01/2019 06:00,0.194553602,0.063946677
08/01/2019 07:00,0.112523925,0.036984826
08/01/2019 08:00,0.079626147,0.026171849
08/01/2019 09:00,0.052192515,0.01715485
08/01/2019 10:00,0.044100152,0.014495019
08/01/2019 11:00,0.035008064,0.011506594
08/01/2019 12:00,0.073869987,0.024279891
08/01/2019 13:00,0.144005047,0.04733217
08/01/2019 14:00,0.211576885,0.069541959
08/01/2019 15:00,0.240034464,0.078895513
08/01/2019 16:00,0.218898973,0.071948613
08/01/2019 17:00,0.197165063,0.064805022
08/01/2019 18:00,0.154424814,0.050756982
08/01/2019 19:00,0.106946541,0.035151628
08/01/2019 20:00,0.061687129,0.020275579
08/01/2019 21:00,0.038972862,0.01280976
08/01/2019 22:00,0,0
08/01/2019 23:00,0,0
08/02/2019 00:00,0,0
08/02/2019 01:00,0.019112196,0.006281875
08/02/2019 02:00,0.039144094,0.012866041
08/02/2019 03:00,0.051988027,0.017087638
08/02/2019 04:00,0.06867794,0.022573347
08/02/2019 05:00,0.068184904,0.022411294
08/02/2019 06:00,0.05069059,0.016661191
08/02/2019 07:00,0.029905509,0.009829465
08/02/2019 08:00,0.014280351,0.004693724
08/02/2019 09:00,0.010971134,0.003606037
08/02/2019 10:00,0.05015775,0.016486055
08/02/2019 11:00,0.065299667,0.021462963
08/02/2019 12:00,0.073652528,0.024208415
08/02/2019 13:00,0.089110436,0.029289184
08/02/2019 14:00,0.116156908,0.038178929
08/02/2019 15:00,0.129545964,0.042579699
08/02/2019 16:00,0.138770649,0.045611707
08/02/2019 17:00,0.143916285,0.047302995
08/02/2019 18:00,0.108291749,0.035593777
08/02/2019 19:00,0.086088948,0.028296069
08/02/2019 20:00,0.064869011,0.021321413
08/02/2019 21:00,0.045943264,0.015100821
08/02/2019 22:00,0.042177111,0.013862946
08/02/2019 23:00,0.03835882,0.012607935
08/03/2019 00:00,0.04122384,0.013549621
08/03/2019 01:00,0.039786014,0.01307703
08/03/2019 02:00,0.025560375,0.008401289
08/03/2019 03:00,0.022655084,0.007446366
08/03/2019 04:00,0.025536337,0.008393388
08/03/2019 05:00,0.020249565,0.00665571
08/03/2019 06:00,0.013404198,0.004405747
08/03/2019 07:00,0,0
08/03/2019 08:00,0,0
08/03/2019 09:00,0,0
08/03/2019 10:00,0,0
08/03/2019 11:00,0,0
08/03/2019 12:00,0,0
08/03/2019 13:00,0,0
08/03/2019 14:00,0.013112974,0.004310026
08/03/2019 15:00,0.019745396,0.006489998
08/03/2019 16:00,0.025768431,0.008469674
08/03/2019 17:00,0.036363418,0.011952077
08/03/2019 18:00,0.068097199,0.022382467
08/03/2019 19:00,0.091207508,0.029978458
08/03/2019 20:00,0.09595331,0.031538328
08/03/2019 21:00,0.112090612,0.036842402
08/03/2019 22:00,0.215148773,0.070715982
08/03/2019 23:00,0.185460437,0.060957898
08/04/2019 00:00,0.137447875,0.045176932
08/04/2019 01:00,0.126527107,0.041587449
08/04/2019 02:00,0.134926163,0.044348085
08/04/2019 03:00,0.149004128,0.048975289
08/04/2019 04:00,0.154641436,0.050828182
08/04/2019 05:00,0.174565521,0.057376912
08/04/2019 06:00,0.231891666,0.076219105
08/04/2019 07:00,0.257056707,0.084490454
08/04/2019 08:00,0.25868101,0.085024336
08/04/2019 09:00,0.253999108,0.08348547
08/04/2019 10:00,0.342646397,0.112622424
08/04/2019 11:00,0.321275558,0.105598169
08/04/2019 12:00,0.316627923,0.104070566
08/04/2019 13:00,0.342697686,0.112639282
08/04/2019 14:00,0.406162303,0.133499093
08/04/2019 15:00,0.417047091,0.13707675
08/04/2019 16:00,0.392437307,0.128987905
08/04/2019 17:00,0.394450774,0.1296497
08/04/2019 18:00,0.48804469,0.160412532
08/04/2019 19:00,0.569078232,0.18704697
08/04/2019 20:00,0.665725602,0.218813424
08/04/2019 21:00,0.786710444,0.258579218
08/04/2019 22:00,1.014758696,0.333535054
08/04/2019 23:00,1.140457055,0.374850107
08/05/2019 00:00,1.046061455,0.343823773
08/05/2019 01:00,1.282056128,0.421391471
08/05/2019 02:00,1.623364245,0.533574024
08/05/2019 03:00,1.66589641,0.547553671
08/05/2019 04:00,1.713532163,0.563210786
08/05/2019 05:00,1.68266655,0.553065749
08/05/2019 06:00,1.616428864,0.531294475
08/05/2019 07:00,1.594946893,0.524233692
08/05/2019 08:00,1.503046027,0.494027339
08/05/2019 09:00,1.353296833,0.444807159
08/05/2019 10:00,0.998822157,0.328296967
08/05/2019 11:00,0.871915533,0.286584777
08/05/2019 12:00,0.747925106,0.245831094
08/05/2019 13:00,0.676716535,0.222425969
08/05/2019 14:00,0.664188655,0.218308254
08/05/2019 15:00,0.719349238,0.236438661
08/05/2019 16:00,0.727951432,0.239266065
08/05/2019 17:00,0.695594784,0.228630949
08/05/2019 18:00,0.580104997,0.190671292
08/05/2019 19:00,0.39158288,0.128707068
08/05/2019 20:00,0.296673054,0.097511717
08/05/2019 21:00,0.213115088,0.070047542
08/05/2019 22:00,0.119925916,0.039417742
08/05/2019 23:00,0.06338839,0.020834756
08/06/2019 00:00,0.05414514,0.017796647
08/06/2019 01:00,0.051865351,0.017047317
08/06/2019 02:00,0.049776517,0.01636075
08/06/2019 03:00,0.050270524,0.016523122
08/06/2019 04:00,0.0555737,0.018266192
08/06/2019 05:00,0.06362304,0.020911882
08/06/2019 06:00,0.054457878,0.017899439
08/06/2019 07:00,0.0221466,0.007279235
08/06/2019 08:00,0,0
08/06/2019 09:00,0,0
08/06/2019 10:00,0.010573882,0.003475467
08/06/2019 11:00,0.011147906,0.00366414
08/06/2019 12:00,0.02751883,0.009045002
08/06/2019 13:00,0.015762251,0.005180801
08/06/2019 14:00,0.01147898,0.003772958
08/06/2019 15:00,0.036323317,0.011938897
08/06/2019 16:00,0.0626502,0.020592125
08/06/2019 17:00,0.080383207,0.026420683
08/06/2019 18:00,0.070659159,0.023224542
08/06/2019 19:00,0.055865177,0.018361996
08/06/2019 20:00,0.074306996,0.024423529
08/06/2019 21:00,0.094213274,0.030966406
08/06/2019 22:00,0.20646485,0.067861715
08/06/2019 23:00,0.157368287,0.051724455
08/07/2019 00:00,0.117095109,0.038487301
08/07/2019 01:00,0.085770811,0.028191502
08/07/2019 02:00,0.089300633,0.029351699
08/07/2019 03:00,0.106319492,0.034945527
08/07/2019 04:00,0.140649198,0.046229156
08/07/2019 05:00,0.178271908,0.058595143
08/07/2019 06:00,0.209730455,0.068935067
08/07/2019 07:00,0.256963308,0.084459755
08/07/2019 08:00,0.29592725,0.097266583
08/07/2019 09:00,0.369722755,0.121521993
08/07/2019 10:00,0.408636733,0.134312399
08/07/2019 11:00,0.493134689,0.162085534
08/07/2019 12:00,0.576003427,0.189323171
08/07/2019 13:00,0.736676238,0.24213377
08/07/2019 14:00,0.971447734,0.319299429
08/07/2019 15:00,1.060819773,0.348674598
08/07/2019 16:00,1.223584221,0.402172685
08/07/2019 17:00,1.295200096,0.425711684
08/07/2019 18:00,1.473441156,0.484296688
08/07/2019 19:00,1.52579523,0.50150464
08/07/2019 20:00,1.450569608,0.476779174
08/07/2019 21:00,1.363158159,0.44804842
08/07/2019 22:00,1.055415976,0.346898456
08/07/2019 23:00,1.085984526,0.356945852
08/08/2019 00:00,1.05806253,0.347768336
08/08/2019 01:00,1.025531296,0.337075836
08/08/2019 02:00,1.045537937,0.343651701
08/08/2019 03:00,1.067156092,0.350757245
08/08/2019 04:00,1.03740281,0.340977814
08/08/2019 05:00,0.869157376,0.285678215
08/08/2019 06:00,0.724175788,0.238025071
08/08/2019 07:00,0.619436319,0.203598872
08/08/2019 08:00,0.566256914,0.186119647
08/08/2019 09:00,0.491227045,0.161458522
08/08/2019 10:00,0.433012404,0.142324294
08/08/2019 11:00,0.395498282,0.129993999
08/08/2019 12:00,0.410804718,0.135024981
08/08/2019 13:00,0.459220675,0.150938537
08/08/2019 14:00,0.461969472,0.151842023
08/08/2019 15:00,0.388716277,0.127764862
08/08/2019 16:00,0.367770506,0.12088032
08/08/2019 17:00,0.316240205,0.103943129
08/08/2019 18:00,0.341914722,0.112381934
08/08/2019 19:00,0.414305162,0.136175521
08/08/2019 20:00,0.436623845,0.143511318
08/08/2019 21:00,0.333613985,0.109653614
08/08/2019 22:00,0.234272976,0.077001803
08/08/2019 23:00,0.218282451,0.071745972
08/09/2019 00:00,0.148613049,0.048846747
08/09/2019 01:00,0.131398724,0.043188672
08/09/2019 02:00,0.169222785,0.05562084
08/09/2019 03:00,0.202450957,0.066542412
08/09/2019 04:00,0.32191112,0.105807068
08/09/2019 05:00,0.479564682,0.157625288
08/09/2019 06:00,0.715407658,0.235143126
08/09/2019 07:00,1.185445064,0.38963695
08/09/2019 08:00,1.833566308,0.602664101
08/09/2019 09:00,1.95005075,0.640950686
08/09/2019 10:00,1.976007653,0.649482307
08/09/2019 11:00,1.980729803,0.651034403
08/09/2019 12:00,1.98554227,0.652616184
08/09/2019 13:00,1.937267315,0.636748974
08/09/2019 14:00,1.957344521,0.643348033
08/09/2019 15:00,1.961081353,0.64457627
08/09/2019 16:00,1.945503525,0.639456085
08/09/2019 17:00,1.967217267,0.646593047
08/09/2019 18:00,2.01,0.660655051
08/09/2019 19:00,2.01,0.660655051
08/09/2019 20:00,2.01,0.660655051
08/09/2019 21:00,2.01,0.660655051
08/09/2019 22:00,2.01,0.660655051
08/09/2019 23:00,2.01,0.660655051
08/10/2019 00:00,2.01,0.660655051
08/10/2019 01:00,1.988110554,0.653460338
08/10/2019 02:00,1.652008881,0.542989061
08/10/2019 03:00,0.959039902,0.315221172
08/10/2019 04:00,0.723079518,0.237664744
08/10/2019 05:00,0.552161789,0.181486804
08/10/2019 06:00,0.401375864,0.131925867
08/10/2019 07:00,0.180040783,0.059176544
08/10/2019 08:00,0.087006173,0.028597546
08/10/2019 09:00,0.123389711,0.040556237
08/10/2019 10:00,0.112138577,0.036858168
08/10/2019 11:00,0.064235216,0.021113094
08/10/2019 12:00,0.040028793,0.013156828
08/10/2019 13:00,0.081032027,0.026633939
08/10/2019 14:00,0.16618816,0.054623407
08/10/2019 15:00,0.228889672,0.075232397
08/10/2019 16:00,0.344513217,0.113236019
08/10/2019 17:00,0.519288658,0.170681928
08/10/2019 18:00,0.642964197,0.211332112
08/10/2019 19:00,0.886451211,0.291362423
08/10/2019 20:00,1.227124851,0.403336433
08/10/2019 21:00,1.64846705,0.541824917
08/10/2019 22:00,1.652954863,0.54329999
08/10/2019 23:00,1.940763207,0.637898018
08/11/2019 00:00,2.040754503,0.670763568
08/11/2019 01:00,2.01,0.660655051
08/11/2019 02:00,2.026774962,0.666168715
08/11/2019 03:00,2.028052099,0.66658849
08/11/2019 04:00,2.01,0.660655051
08/11/2019 05:00,2.01,0.660655051
08/11/2019 06:00,2.01,0.660655051
08/11/2019 07:00,2.018515318,0.663453901
08/11/2019 08:00,1.937278609,0.636752686
08/11/2019 09:00,1.846672906,0.606972032
08/11/2019 10:00,1.790121099,0.588384352
08/11/2019 11:00,1.619911725,0.532439236
08/11/2019 12:00,1.357468662,0.446178372
08/11/2019 13:00,1.201810121,0.395015884
08/11/2019 14:00,1.172886095,0.385509017
08/11/2019 15:00,1.142445303,0.375503612
08/11/2019 16:00,1.013341255,0.333069164
08/11/2019 17:00,0.868123204,0.285338298
08/11/2019 18:00,0.789821155,0.25960166
08/11/2019 19:00,0.668089896,0.21959053
08/11/2019 20:00,0.572736451,0.188249368
08/11/2019 21:00,0.439822062,0.144562521
08/11/2019 22:00,0.372858436,0.122552641
08/11/2019 23:00,0.361511621,0.118823124
08/12/2019 00:00,0.406205768,0.133513379
08/12/2019 01:00,0.321708248,0.105740388
08/12/2019 02:00,0.225572333,0.07414204
08/12/2019 03:00,0.181044432,0.059506427
08/12/2019 04:00,0.145552774,0.047840883
08/12/2019 05:00,0.112412912,0.036948337
08/12/2019 06:00,0.100680445,0.033092062
08/12/2019 07:00,0.09738609,0.03200926
08/12/2019 08:00,0.097435242,0.032025415
08/12/2019 09:00,0.083111614,0.027317466
08/12/2019 10:00,0.044333846,0.014571831
08/12/2019 11:00,0.038950896,0.01280254
08/12/2019 12:00,0.027201897,0.008940831
08/12/2019 13:00,0.010942423,0.003596601
08/12/2019 14:00,0,0
08/12/2019 15:00,0,0
08/12/2019 16:00,0,0
08/12/2019 17:00,0,0
08/12/2019 18:00,0.011815234,0.00388348
08/12/2019 19:00,0.017416308,0.005724464
08/12/2019 20:00,0.040269028,0.013235789
08/12/2019 21:00,0.098615771,0.032413436
08/12/2019 22:00,0.066661517,0.021910581
08/12/2019 23:00,0.079061344,0.025986207
8/13/2019 0:00,0.10505537,0.03453003
8/13/2019 1:00,0.124970462,0.041075805
8/13/2019 2:00,0.189851215,0.062401077
8/13/2019 3:00,0.246853835,0.081136932
8/13/2019 4:00,0.266476599,0.087586623
8/13/2019 5:00,0.286760219,0.094253526
8/13/2019 6:00,0.283279578,0.093109494
8/13/2019 7:00,0.282313559,0.092791979
8/13/2019 8:00,0.327397008,0.107610193
8/13/2019 9:00,0.330944736,0.108776275
8/13/2019 10:00,0.364670145,0.11986128
8/13/2019 11:00,0.335528236,0.110282798
8/13/2019 12:00,0.295214679,0.097032373
8/13/2019 13:00,0.293190844,0.09636717
8/13/2019 14:00,0.334550954,0.109961581
8/13/2019 15:00,0.384140845,0.12626099
8/13/2019 16:00,0.481101906,0.15813055
8/13/2019 17:00,0.590204406,0.193990807
8/13/2019 18:00,0.63489031,0.208678354
8/13/2019 19:00,0.552996247,0.181761077
8/13/2019 20:00,0.530081795,0.17422946
8/13/2019 21:00,0.485692746,0.159639486
8/13/2019 22:00,0.534312707,0.175620094
8/13/2019 23:00,0.624665745,0.205317702
8/14/2019 0:00,0.661540889,0.217437975
8/14/2019 1:00,0.611207241,0.200894105
8/14/2019 2:00,0.610989002,0.200822373
8/14/2019 3:00,0.612277536,0.201245894
8/14/2019 4:00,0.567621744,0.186568245
8/14/2019 5:00,0.471348279,0.154924687
8/14/2019 6:00,0.382486945,0.125717379
8/14/2019 7:00,0.245829921,0.080800388
8/14/2019 8:00,0.132755112,0.043634495
8/14/2019 9:00,0.081659717,0.026840251
8/14/2019 10:00,0.065561017,0.021548864
8/14/2019 11:00,0.079156109,0.026017355
8/14/2019 12:00,0.149126622,0.04901555
8/14/2019 13:00,0.256574471,0.08433195
8/14/2019 14:00,0.389909917,0.128157192
8/14/2019 15:00,0.457650516,0.15042245
8/14/2019 16:00,0.459710227,0.151099445
8/14/2019 17:00,0.548203718,0.180185849
8/14/2019 18:00,0.750167347,0.246568083
8/14/2019 19:00,0.997744941,0.327942903
8/14/2019 20:00,1.388710953,0.456447217
8/14/2019 21:00,1.633012771,0.536745342
8/14/2019 22:00,1.096521246,0.360409105
8/14/2019 23:00,0.849453849,0.279201978
8/15/2019 0:00,0.830593355,0.273002834
8/15/2019 1:00,0.70309656,0.231096664
8/15/2019 2:00,0.421120914,0.138415751
8/15/2019 3:00,0.240099175,0.078916783
8/15/2019 4:00,0.117999143,0.038784443
8/15/2019 5:00,0.089121418,0.029292794
8/15/2019 6:00,0.182567388,0.060006999
8/15/2019 7:00,0.593075848,0.194934604
8/15/2019 8:00,1.219329022,0.400774068
8/15/2019 9:00,1.754171714,0.57656836
8/15/2019 10:00,1.894809623,0.622793805
8/15/2019 11:00,1.91257106,0.628631707
8/15/2019 12:00,1.875970969,0.616601839
8/15/2019 13:00,1.874051681,0.615971
8/15/2019 14:00,1.877077983,0.616965697
8/15/2019 15:00,1.899610498,0.624371777
8/15/2019 16:00,1.548183342,0.508863256
8/15/2019 17:00,1.280522744,0.420887472
8/15/2019 18:00,0.907954389,0.298430176
8/15/2019 19:00,0.57804017,0.189992616
8/15/2019 20:00,0.219058726,0.072001121
8/15/2019 21:00,0.048051854,0.015793881
8/15/2019 22:00,0.02031081,0.00667584
8/15/2019 23:00,0.113068035,0.037163666
8/16/2019 0:00,0.444520075,0.146106683
8/16/2019 1:00,0.869007968,0.285629106
8/16/2019 2:00,1.13610991,0.373421269
8/16/2019 3:00,1.21075963,0.397957445
8/16/2019 4:00,1.273337714,0.418525867
8/16/2019 5:00,1.516898468,0.498580416
8/16/2019 6:00,1.661964547,0.54626133
8/16/2019 7:00,1.851195999,0.6084587
8/16/2019 8:00,1.94944824,0.64075265
8/16/2019 9:00,2.028636922,0.666780711
8/16/2019 10:00,2.020497036,0.66410526
8/16/2019 11:00,2.049582522,0.673665197
8/16/2019 12:00,2.01,0.660655051
8/16/2019 13:00,2.01,0.660655051
8/16/2019 14:00,2.025143267,0.665632402
8/16/2019 15:00,1.930480575,0.63451828
8/16/2019 16:00,1.636924134,0.538030944
8/16/2019 17:00,0.978048818,0.3214691
8/16/2019 18:00,0.533148335,0.175237383
8/16/2019 19:00,0.335441206,0.110254193
8/16/2019 20:00,0.310264092,0.101978875
8/16/2019 21:00,0.35487244,0.11664093
8/16/2019 22:00,0.344431026,0.113209004
8/16/2019 23:00,0.401173039,0.131859201
8/17/2019 0:00,0.36615619,0.12034972
8/17/2019 1:00,0.282199528,0.092754499
8/17/2019 2:00,0.190330787,0.062558704
8/17/2019 3:00,0.179008754,0.058837332
8/17/2019 4:00,0.13774918,0.045275966
8/17/2019 5:00,0.092347353,0.030353107
8/17/2019 6:00,0.118501597,0.038949591
8/17/2019 7:00,0.318488585,0.104682135
8/17/2019 8:00,0.755485145,0.248315959
8/17/2019 9:00,1.345292671,0.442176318
8/17/2019 10:00,1.333311409,0.438238267
8/17/2019 11:00,0.818525318,0.269036262
8/17/2019 12:00,0.695558792,0.228619119
8/17/2019 13:00,0.660651817,0.217145751
8/17/2019 14:00,0.473125238,0.155508746
8/17/2019 15:00,0.318620093,0.10472536
8/17/2019 16:00,0.334796286,0.110042218
8/17/2019 17:00,0.434118403,0.142687819
8/17/2019 18:00,0.802844718,0.263882298
8/17/2019 19:00,1.031170113,0.338929226
8/17/2019 20:00,1.47339012,0.484279913
8/17/2019 21:00,1.673018934,0.549894731
8/17/2019 22:00,1.937194622,0.636725081
8/17/2019 23:00,1.897866723,0.623798626
8/18/2019 0:00,1.856415919,0.610174405
8/18/2019 1:00,1.86884348,0.614259147
8/18/2019 2:00,1.864061886,0.612687513
8/18/2019 3:00,1.714008429,0.563367327
8/18/2019 4:00,1.547731197,0.508714644
8/18/2019 5:00,1.465360201,0.481640606
8/18/2019 6:00,1.381614533,0.454114736
8/18/2019 7:00,1.295420126,0.425784005
8/18/2019 8:00,1.084971522,0.356612894
8/18/2019 9:00,0.755178372,0.248215127
8/18/2019 10:00,0.318277197,0.104612656
8/18/2019 11:00,0.237812138,0.07816507
8/18/2019 12:00,0.234793694,0.077172955
8/18/2019 13:00,0.179868158,0.059119805
8/18/2019 14:00,0.04855804,0.015960256
8/18/2019 15:00,0.037578933,0.012351598
8/18/2019 16:00,0.170421467,0.056014827
8/18/2019 17:00,0.510223715,0.167702425
8/18/2019 18:00,0.729154071,0.239661353
8/18/2019 19:00,0.947986144,0.311587977
8/18/2019 20:00,1.149701925,0.377888748
8/18/2019 21:00,1.339990518,0.440433584
8/18/2019 22:00,1.511833815,0.496915745
8/18/2019 23:00,1.596925345,0.524883978
8/19/2019 0:00,1.637988537,0.538380797
8/19/2019 1:00,1.615630927,0.531032206
8/19/2019 2:00,1.612387437,0.529966122
8/19/2019 3:00,1.714173094,0.563421449
8/19/2019 4:00,1.830933162,0.601798628
8/19/2019 5:00,1.77789774,0.584366728
8/19/2019 6:00,1.617941929,0.531791795
8/19/2019 7:00,1.533702465,0.504103622
8/19/2019 8:00,1.55509401,0.511134683
8/19/2019 9:00,1.439964581,0.47329347
8/19/2019 10:00,1.381560363,0.454096932
8/19/2019 11:00,1.291986507,0.424655429
8/19/2019 12:00,1.257065098,0.413177317
8/19/2019 13:00,1.142082233,0.375384277
8/19/2019 14:00,1.095191177,0.359971932
8/19/2019 15:00,1.174119778,0.385914509
8/19/2019 16:00,1.309879136,0.430536452
8/19/2019 17:00,1.499048966,0.492713568
8/19/2019 18:00,1.393818199,0.458125887
8/19/2019 19:00,1.450739595,0.476835046
8/19/2019 20:00,1.522069232,0.500279964
8/19/2019 21:00,1.486388401,0.488552242
8/19/2019 22:00,1.261508004,0.41463763
8/19/2019 23:00,1.246502236,0.409705472
8/20/2019 0:00,1.199388986,0.394220096
8/20/2019 1:00,1.027271687,0.337647875
8/20/2019 2:00,0.993792438,0.326643778
8/20/2019 3:00,1.143439584,0.375830417
8/20/2019 4:00,1.237185576,0.406643234
8/20/2019 5:00,1.199187303,0.394153806
8/20/2019 6:00,1.080469044,0.355133001
8/20/2019 7:00,1.009545622,0.331821599
8/20/2019 8:00,0.904023284,0.297138084
8/20/2019 9:00,0.849211338,0.279122269
8/20/2019 10:00,0.709436184,0.233180397
8/20/2019 11:00,0.547444386,0.179936268
8/20/2019 12:00,0.49147279,0.161539294
8/20/2019 13:00,0.449530279,0.147753458
8/20/2019 14:00,0.318888624,0.104813622
8/20/2019 15:00,0.224813118,0.073892499
8/20/2019 16:00,0.153949,0.050600589
8/20/2019 17:00,0.078631667,0.025844979
8/20/2019 18:00,0.012528312,0.004117857
8/20/2019 19:00,0,0
8/20/2019 20:00,0,0
8/20/2019 21:00,0.110237869,0.036233435
8/20/2019 22:00,0.37509156,0.123286634
8/20/2019 23:00,0.582429302,0.191435254
8/21/2019 0:00,0.627493529,0.206247149
8/21/2019 1:00,0.613927444,0.201788193
8/21/2019 2:00,0.604755282,0.198773449
8/21/2019 3:00,0.581689092,0.191191959
8/21/2019 4:00,0.593699224,0.195139498
8/21/2019 5:00,0.678408439,0.222982071
8/21/2019 6:00,0.684624428,0.225025167
8/21/2019 7:00,0.692108265,0.227484986
8/21/2019 8:00,0.745307923,0.244970868
8/21/2019 9:00,0.685270295,0.225237454
8/21/2019 10:00,0.557652369,0.18329147
8/21/2019 11:00,0.684018263,0.224825931
8/21/2019 12:00,0.850101127,0.279414728
8/21/2019 13:00,1.095088959,0.359938335
8/21/2019 14:00,1.300068646,0.4273119
8/21/2019 15:00,1.604035299,0.527220907
8/21/2019 16:00,1.765089813,0.580156966
8/21/2019 17:00,1.67010681,0.548937563
8/21/2019 18:00,1.834186943,0.602868094
8/21/2019 19:00,1.941754133,0.63822372
8/21/2019 20:00,1.844773756,0.606347811
8/21/2019 21:00,1.492332402,0.49050594
8/21/2019 22:00,0.918334574,0.301841978
8/21/2019 23:00,0.720273005,0.236742288
8/22/2019 0:00,0.566445606,0.186181667
8/22/2019 1:00,0.560981656,0.184385754
8/22/2019 2:00,0.587518495,0.193107991
8/22/2019 3:00,0.765623466,0.251648264
8/22/2019 4:00,0.951646646,0.312791126
8/22/2019 5:00,0.996818333,0.327638342
8/22/2019 6:00,1.06590533,0.35034614
8/22/2019 7:00,1.148483872,0.377488394
8/22/2019 8:00,1.208424265,0.397189848
8/22/2019 9:00,1.313603467,0.43176058
8/22/2019 10:00,1.287772229,0.423270263
8/22/2019 11:00,1.344095233,0.441782739
8/22/2019 12:00,1.480023024,0.486460043
8/22/2019 13:00,1.667894404,0.54821038
8/22/2019 14:00,1.862074055,0.612034145
8/22/2019 15:00,1.913902817,0.629069435
8/22/2019 16:00,2.010416162,0.660791837
8/22/2019 17:00,2.01,0.660655051
8/22/2019 18:00,2.01,0.660655051
8/22/2019 19:00,2.01,0.660655051
8/22/2019 20:00,2.01,0.660655051
8/22/2019 21:00,2.01,0.660655051
8/22/2019 22:00,2.01,0.660655051
8/22/2019 23:00,2.014809675,0.662235915
8/23/2019 0:00,1.976300572,0.649578585
8/23/2019 1:00,1.83163991,0.602030925
8/23/2019 2:00,1.559154417,0.512469274
8/23/2019 3:00,1.169164848,0.384285902
8/23/2019 4:00,0.644826435,0.2119442
8/23/2019 5:00,0.324365947,0.106613931
8/23/2019 6:00,0.102675223,0.033747714
8/23/2019 7:00,0.105129064,0.034554252
8/23/2019 8:00,0.162544223,0.053425703
8/23/2019 9:00,0.281828942,0.092632694
8/23/2019 10:00,1.285566288,0.422545205
8/23/2019 11:00,1.853656022,0.609267271
8/23/2019 12:00,1.883342833,0.619024854
8/23/2019 13:00,1.538791065,0.505776164
8/23/2019 14:00,0.809895641,0.266199824
8/23/2019 15:00,0.566774167,0.18628966
8/23/2019 16:00,0.515774236,0.169526793
8/23/2019 17:00,0.462629527,0.152058972
8/23/2019 18:00,0.361215726,0.118725868
8/23/2019 19:00,0.284501638,0.093511166
8/23/2019 20:00,0.30521416,0.100319043
8/23/2019 21:00,0.413796906,0.136008466
8/23/2019 22:00,0.535675221,0.176067931
8/23/2019 23:00,0.728842222,0.239558854
8/24/2019 0:00,1.048286002,0.344554946
8/24/2019 1:00,1.071898584,0.352316027
8/24/2019 2:00,1.013021386,0.332964028
8/24/2019 3:00,0.919639954,0.302271035
8/24/2019 4:00,0.931438227,0.30614894
8/24/2019 5:00,1.032096212,0.33923362
8/24/2019 6:00,1.10571222,0.363430032
8/24/2019 7:00,1.03965105,0.341716775
8/24/2019 8:00,0.916344512,0.301187876
8/24/2019 9:00,0.732070985,0.240620096
8/24/2019 10:00,0.571016515,0.187684052
8/24/2019 11:00,0.43565301,0.14319222
8/24/2019 12:00,0.357494378,0.11750272
8/24/2019 13:00,0.316558506,0.104047749
8/24/2019 14:00,0.229115731,0.075306699
8/24/2019 15:00,0.228594114,0.075135252
8/24/2019 16:00,0.217802597,0.071588252
8/24/2019 17:00,0.298619113,0.098151356
8/24/2019 18:00,0.307380351,0.101031036
8/24/2019 19:00,0.237394571,0.078027822
8/24/2019 20:00,0.222273619,0.073057805
8/24/2019 21:00,0.246754291,0.081104213
8/24/2019 22:00,0.128957417,0.042386253
8/24/2019 23:00,0.093553728,0.030749623
8/25/2019 0:00,0.051298096,0.016860869
8/25/2019 1:00,0.102753912,0.033773578
8/25/2019 2:00,0.0560697,0.018429219
8/25/2019 3:00,0.016838706,0.005534615
8/25/2019 4:00,0.016949085,0.005570895
8/25/2019 5:00,0.013028012,0.004282101
8/25/2019 6:00,0.014405705,0.004734926
8/25/2019 7:00,0.024589443,0.008082159
8/25/2019 8:00,0.031612231,0.010390438
8/25/2019 9:00,0.042079302,0.013830798
8/25/2019 10:00,0.082649803,0.027165677
8/25/2019 11:00,0.108087824,0.03552675
8/25/2019 12:00,0.124186615,0.040818166
8/25/2019 13:00,0.160793661,0.052850321
8/25/2019 14:00,0.369984976,0.121608181
8/25/2019 15:00,0.720461813,0.236804346
8/25/2019 16:00,0.915606844,0.300945416
8/25/2019 17:00,1.078836132,0.354596289
8/25/2019 18:00,1.304462712,0.428756159
8/25/2019 19:00,1.480522072,0.486624073
8/25/2019 20:00,1.453832719,0.477851706
8/25/2019 21:00,1.001694346,0.32924101
8/25/2019 22:00,0.418411176,0.137525103
8/25/2019 23:00,0.28785349,0.094612867
8/26/2019 0:00,0.245041643,0.080541293
8/26/2019 1:00,0.12808205,0.042098534
8/26/2019 2:00,0.035492795,0.011665918
8/26/2019 3:00,0.02037672,0.006697504
8/26/2019 4:00,0.033681804,0.011070674
8/26/2019 5:00,0.050423922,0.016573542
8/26/2019 6:00,0.084669375,0.027829478
8/26/2019 7:00,0.125631983,0.041293236
8/26/2019 8:00,0.183621482,0.060353463
8/26/2019 9:00,0.181584648,0.059683987
8/26/2019 10:00,0.084579323,0.027799879
8/26/2019 11:00,0.067467081,0.022175357
8/26/2019 12:00,0.054935468,0.018056415
8/26/2019 13:00,0.044376779,0.014585942
8/26/2019 14:00,0.030243716,0.009940629
8/26/2019 15:00,0.012107173,0.003979435
8/26/2019 16:00,0,0
8/26/2019 17:00,0,0
8/26/2019 18:00,0,0
8/26/2019 19:00,0,0
8/26/2019 20:00,0,0
8/26/2019 21:00,0,0
8/26/2019 22:00,0.029973683,0.009851873
8/26/2019 23:00,0.016358725,0.005376853
8/27/2019 0:00,0.011093494,0.003646255
8/27/2019 1:00,0.03325782,0.010931317
8/27/2019 2:00,0.084154795,0.027660343
8/27/2019 3:00,0.111719338,0.036720371
8/27/2019 4:00,0.068542793,0.022528927
8/27/2019 5:00,0.030218006,0.009932178
8/27/2019 6:00,0.012573624,0.00413275
8/27/2019 7:00,0,0
8/27/2019 8:00,0,0
8/27/2019 9:00,0,0
8/27/2019 10:00,0,0
8/27/2019 11:00,0,0
8/27/2019 12:00,0.03274464,0.010762643
8/27/2019 13:00,0.04501865,0.014796915
8/27/2019 14:00,0.09948006,0.032697514
8/27/2019 15:00,0.138366346,0.045478819
8/27/2019 16:00,0.257265327,0.084559024
8/27/2019 17:00,0.453480609,0.149051868
8/27/2019 18:00,0.577256083,0.189734899
8/27/2019 19:00,0.545811886,0.179399691
8/27/2019 20:00,0.666799567,0.219166419
8/27/2019 21:00,0.553184194,0.181822852
8/27/2019 22:00,0.463090952,0.152210635
8/27/2019 23:00,0.356826988,0.117283359
8/28/2019 0:00,0.618778845,0.203382771
8/28/2019 1:00,0.568018459,0.186698639
8/28/2019 2:00,0.700134032,0.230122928
8/28/2019 3:00,0.729309341,0.239712388
8/28/2019 4:00,0.523811918,0.172168651
8/28/2019 5:00,0.493549393,0.162221841
8/28/2019 6:00,0.498640799,0.163895305
8/28/2019 7:00,0.675951684,0.222174574
8/28/2019 8:00,0.867205776,0.285036754
8/28/2019 9:00,0.846811439,0.27833346
8/28/2019 10:00,0.820855919,0.269802293
8/28/2019 11:00,0.832357244,0.273582596
8/28/2019 12:00,0.431686641,0.141888537
8/28/2019 13:00,0.166293716,0.054658101
8/28/2019 14:00,0.511009533,0.167960711
8/28/2019 15:00,1.177249776,0.386943289
8/28/2019 16:00,1.245226064,0.409286015
8/28/2019 17:00,1.080932719,0.355285404
8/28/2019 18:00,1.012117276,0.332666861
8/28/2019 19:00,0.870621009,0.286159287
8/28/2019 20:00,0.672289312,0.220970811
8/28/2019 21:00,0.445331399,0.146373352
8/28/2019 22:00,0.164557438,0.054087414
8/28/2019 23:00,0.179308446,0.058935836
8/29/2019 0:00,0.177743518,0.058421469
8/29/2019 1:00,0.209389732,0.068823077
8/29/2019 2:00,0.32588049,0.107111737
8/29/2019 3:00,0.399879307,0.131433972
8/29/2019 4:00,0.496458547,0.163178033
8/29/2019 5:00,0.480093742,0.157799182
8/29/2019 6:00,0.542938237,0.178455169
8/29/2019 7:00,0.558236798,0.183483562
8/29/2019 8:00,0.610703189,0.200728431
8/29/2019 9:00,0.676573886,0.222379082
8/29/2019 10:00,0.820172266,0.269577587
8/29/2019 11:00,1.29582172,0.425916003
8/29/2019 12:00,1.881067954,0.618277137
8/29/2019 13:00,2.006843707,0.659617628
8/29/2019 14:00,1.938574089,0.63717849
8/29/2019 15:00,1.929301324,0.634130679
8/29/2019 16:00,1.754011426,0.576515676
8/29/2019 17:00,1.427668049,0.469251795
8/29/2019 18:00,1.502886607,0.49397494
8/29/2019 19:00,1.611300347,0.529608813
8/29/2019 20:00,1.753759117,0.576432746
8/29/2019 21:00,1.836718782,0.603700269
8/29/2019 22:00,1.629733653,0.535667548
8/29/2019 23:00,1.70296626,0.559737941
8/30/2019 0:00,1.779158479,0.584781113
8/30/2019 1:00,1.758350871,0.577941983
8/30/2019 2:00,1.553621349,0.510650643
8/30/2019 3:00,1.788788338,0.587946294
8/30/2019 4:00,1.816494701,0.597052935
8/30/2019 5:00,1.571007407,0.516365164
8/30/2019 6:00,1.265619126,0.41598889
8/30/2019 7:00,0.916864978,0.301358945
8/30/2019 8:00,0.585875535,0.192567976
8/30/2019 9:00,0.280783891,0.092289202
8/30/2019 10:00,0.107902239,0.035465751
8/30/2019 11:00,0.065916774,0.021665796
8/30/2019 12:00,0.012957246,0.004258841
8/30/2019 13:00,0.062054861,0.020396446
8/30/2019 14:00,0.340551999,0.111934029
8/30/2019 15:00,0.491268696,0.161472212
8/30/2019 16:00,0.408045698,0.134118135
8/30/2019 17:00,0.399682856,0.131369402
8/30/2019 18:00,0.315105188,0.103570067
8/30/2019 19:00,0.207246966,0.068118783
8/30/2019 20:00,0.110894497,0.036449259
8/30/2019 21:00,0.043447412,0.014280474
8/30/2019 22:00,0.016389345,0.005386917
8/30/2019 23:00,0.01438808,0.004729133
8/31/2019 0:00,0.014307737,0.004702726
8/31/2019 1:00,0.039849687,0.013097959
8/31/2019 2:00,0.070807837,0.023273411
8/31/2019 3:00,0.126545953,0.041593643
8/31/2019 4:00,0.306257988,0.100662133
8/31/2019 5:00,0.761381716,0.250254068
8/31/2019 6:00,1.099259852,0.361309241
8/31/2019 7:00,1.324900864,0.435473855
8/31/2019 8:00,1.198324,0.393870052
8/31/2019 9:00,1.328910546,0.436791774
8/31/2019 10:00,1.305072777,0.428956678
8/31/2019 11:00,1.848698016,0.607637653
8/31/2019 12:00,1.908408974,0.627263696
8/31/2019 13:00,1.864300927,0.612766082
8/31/2019 14:00,1.932592657,0.635212488
8/31/2019 15:00,2.004865893,0.658967552
8/31/2019 16:00,1.931586969,0.634881934
8/31/2019 17:00,1.679388966,0.55198846
8/31/2019 18:00,1.26190633,0.414768553
8/31/2019 19:00,1.203329168,0.395515171
8/31/2019 20:00,1.281622943,0.42124909
8/31/2019 21:00,1.248491473,0.410359303
8/31/2019 22:00,1.523388343,0.500713534
8/31/2019 23:00,1.390583312,0.457062631
09/01/2019 00:00,1.437771097,0.472572506
09/01/2019 01:00,1.447680775,0.47582966
09/01/2019 02:00,1.42066492,0.466949978
09/01/2019 03:00,1.262003851,0.414800606
09/01/2019 04:00,1.360257556,0.447095038
09/01/2019 05:00,1.416817445,0.465685374
09/01/2019 06:00,1.486585137,0.488616905
09/01/2019 07:00,1.372021556,0.450961677
09/01/2019 08:00,1.227628877,0.403502099
09/01/2019 09:00,1.076976006,0.353984895
09/01/2019 10:00,1.120832516,0.368399833
09/01/2019 11:00,1.138035877,0.374054304
09/01/2019 12:00,1.089011497,0.357940769
09/01/2019 13:00,0.92621654,0.304432655
09/01/2019 14:00,0.752605081,0.247369327
09/01/2019 15:00,0.529945542,0.174184676
09/01/2019 16:00,0.305587923,0.100441893
09/01/2019 17:00,0.164923399,0.0542077
09/01/2019 18:00,0.110696318,0.03638412
09/01/2019 19:00,0.110765331,0.036406804
09/01/2019 20:00,0.1608206,0.052859175
09/01/2019 21:00,0.19800715,0.065081803
09/01/2019 22:00,0.138153614,0.045408897
09/01/2019 23:00,0.169920409,0.055850138
09/02/2019 00:00,0.235504958,0.077406736
09/02/2019 01:00,0.28089348,0.092325222
09/02/2019 02:00,0.334702275,0.110011318
09/02/2019 03:00,0.33461871,0.109983851
09/02/2019 04:00,0.346169485,0.113780407
09/02/2019 05:00,0.497709267,0.163589125
09/02/2019 06:00,0.558596654,0.183601841
09/02/2019 07:00,0.611216798,0.200897246
09/02/2019 08:00,0.588698319,0.19349578
09/02/2019 09:00,0.55110237,0.181138589
09/02/2019 10:00,0.472749622,0.155385286
09/02/2019 11:00,0.750573978,0.246701736
09/02/2019 12:00,1.010330995,0.332079739
09/02/2019 13:00,1.259487271,0.413973447
09/02/2019 14:00,0.864701287,0.284213569
09/02/2019 15:00,0.690061135,0.226812127
09/02/2019 16:00,0.807610034,0.265448581
09/02/2019 17:00,0.53934375,0.177273718
09/02/2019 18:00,0.23734398,0.078011194
09/02/2019 19:00,0.254046815,0.08350115
09/02/2019 20:00,0.365019011,0.119975947
09/02/2019 21:00,0.312830221,0.102822321
09/02/2019 22:00,0.338727644,0.111334393
09/02/2019 23:00,0.326490947,0.107312385
09/03/2019 00:00,0.279698464,0.091932439
09/03/2019 01:00,0.205203773,0.067447219
09/03/2019 02:00,0.13645558,0.04485078
09/03/2019 03:00,0.079266992,0.0260538
09/03/2019 04:00,0.047458205,0.015598757
09/03/2019 05:00,0.032605523,0.010716917
09/03/2019 06:00,0.027956118,0.009188732
09/03/2019 07:00,0.013319949,0.004378055
09/03/2019 08:00,0,0
09/03/2019 09:00,0,0
09/03/2019 10:00,0,0
09/03/2019 11:00,0.05563821,0.018287395
09/03/2019 12:00,0.193843576,0.063713302
09/03/2019 13:00,0.410844144,0.13503794
09/03/2019 14:00,0.602396973,0.19799831
09/03/2019 15:00,0.816294384,0.268302989
09/03/2019 16:00,0.895106796,0.294207376
09/03/2019 17:00,1.041865175,0.342444523
09/03/2019 18:00,1.071810177,0.352286969
09/03/2019 19:00,0.933671537,0.306882994
09/03/2019 20:00,0.817115106,0.268572747
09/03/2019 21:00,1.001319681,0.329117863
09/03/2019 22:00,1.695314323,0.557222871
09/03/2019 23:00,1.579385059,0.519118765
09/04/2019 00:00,1.148244214,0.377409622
09/04/2019 01:00,0.894770822,0.294096947
09/04/2019 02:00,0.732232472,0.240673175
09/04/2019 03:00,0.618686533,0.20335243
09/04/2019 04:00,0.599926707,0.197186373
09/04/2019 05:00,0.481709798,0.158330354
09/04/2019 06:00,0.348179764,0.114441154
09/04/2019 07:00,0.230022956,0.075604889
09/04/2019 08:00,0.189199148,0.062186753
09/04/2019 09:00,0.11305941,0.037160831
09/04/2019 10:00,0.074519338,0.024493322
09/04/2019 11:00,0.289449343,0.095137398
09/04/2019 12:00,0.439187704,0.144354017
09/04/2019 13:00,0.834086435,0.274150953
09/04/2019 14:00,2.01,0.660655051
09/04/2019 15:00,2.01,0.660655051
09/04/2019 16:00,2.01,0.660655051
09/04/2019 17:00,2.01,0.660655051
09/04/2019 18:00,2.01,0.660655051
09/04/2019 19:00,2.01,0.660655051
09/04/2019 20:00,2.01,0.660655051
09/04/2019 21:00,2.01,0.660655051
09/04/2019 22:00,2.01,0.660655051
09/04/2019 23:00,2.01,0.660655051
09/05/2019 00:00,2.01,0.660655051
09/05/2019 01:00,2.01,0.660655051
09/05/2019 02:00,1.984431114,0.652250965
09/05/2019 03:00,1.775502806,0.583579551
09/05/2019 04:00,1.542672262,0.507051852
09/05/2019 05:00,1.217437732,0.400152432
09/05/2019 06:00,1.043401502,0.342949489
09/05/2019 07:00,0.942002416,0.309621221
09/05/2019 08:00,0.706875644,0.232338789
09/05/2019 09:00,0.402345822,0.132244677
09/05/2019 10:00,0.538292595,0.17692822
09/05/2019 11:00,0.708889088,0.233000576
09/05/2019 12:00,1.302654498,0.428161828
09/05/2019 13:00,1.681677485,0.552740659
09/05/2019 14:00,1.72804813,0.567981953
09/05/2019 15:00,1.884258862,0.619325938
09/05/2019 16:00,2.01,0.660655051
09/05/2019 17:00,1.984970034,0.652428099
09/05/2019 18:00,1.867756242,0.613901789
09/05/2019 19:00,1.752787862,0.57611351
09/05/2019 20:00,1.839592254,0.604644734
09/05/2019 21:00,1.728078132,0.567991815
09/05/2019 22:00,1.769199939,0.581507899
09/05/2019 23:00,1.959233483,0.643968904
09/06/2019 00:00,1.921931932,0.631708477
09/06/2019 01:00,1.878367043,0.617389391
09/06/2019 02:00,1.891218598,0.621613492
09/06/2019 03:00,1.85095709,0.608380175
09/06/2019 04:00,1.841488548,0.605268015
09/06/2019 05:00,1.841161737,0.605160598
09/06/2019 06:00,1.865722059,0.613233185
09/06/2019 07:00,1.857279313,0.610458189
09/06/2019 08:00,1.793404988,0.589463714
09/06/2019 09:00,1.758107698,0.577862055
09/06/2019 10:00,1.881132457,0.618298338
09/06/2019 11:00,1.871564404,0.615153471
09/06/2019 12:00,1.828198047,0.600899639
09/06/2019 13:00,1.723296879,0.566420293
09/06/2019 14:00,1.806451742,0.593751975
09/06/2019 15:00,1.904725034,0.626052843
09/06/2019 16:00,1.986433704,0.652909185
09/06/2019 17:00,1.929701411,0.634262181
09/06/2019 18:00,1.879048306,0.617613311
09/06/2019 19:00,1.815738005,0.596804222
09/06/2019 20:00,1.687019608,0.55449653
09/06/2019 21:00,1.49163532,0.49027682
09/06/2019 22:00,1.433094511,0.471035387
09/06/2019 23:00,1.397143576,0.459218886
09/07/2019 00:00,1.332789143,0.438066607
09/07/2019 01:00,1.203957096,0.395721561
09/07/2019 02:00,1.241095461,0.407928351
09/07/2019 03:00,1.24563636,0.409420872
09/07/2019 04:00,1.165248074,0.38299852
09/07/2019 05:00,1.115480257,0.36664063
09/07/2019 06:00,0.965342999,0.3172929
09/07/2019 07:00,0.7943041,0.261075132
09/07/2019 08:00,0.662929849,0.217894504
09/07/2019 09:00,0.374800205,0.12319087
09/07/2019 10:00,0.210069623,0.069046546
09/07/2019 11:00,0.13722914,0.045105037
09/07/2019 12:00,0.17367882,0.057085468
09/07/2019 13:00,0.206275679,0.067799537
09/07/2019 14:00,0.179896047,0.059128971
09/07/2019 15:00,0.124136483,0.040801689
09/07/2019 16:00,0.094955286,0.031210293
09/07/2019 17:00,0.052969185,0.017410129
09/07/2019 18:00,0.02986455,0.009816003
09/07/2019 19:00,0.015633919,0.005138621
09/07/2019 20:00,0,0
09/07/2019 21:00,0,0
09/07/2019 22:00,0,0
09/07/2019 23:00,0.011471559,0.003770519
09/08/2019 00:00,0.052075883,0.017116515
09/08/2019 01:00,0.110320284,0.036260524
09/08/2019 02:00,0.200799997,0.065999767
09/08/2019 03:00,0.269492274,0.088577827
09/08/2019 04:00,0.259793715,0.085390065
09/08/2019 05:00,0.213818702,0.070278809
09/08/2019 06:00,0.260917343,0.085759383
09/08/2019 07:00,0.337872202,0.111053222
09/08/2019 08:00,0.369176932,0.12134259
09/08/2019 09:00,0.376292008,0.123681202
09/08/2019 10:00,0.457891779,0.15050175
09/08/2019 11:00,0.460041505,0.15120833
09/08/2019 12:00,0.579771222,0.190561585
09/08/2019 13:00,0.65319334,0.214694269
09/08/2019 14:00,0.593371336,0.195031727
09/08/2019 15:00,0.621276352,0.204203662
09/08/2019 16:00,0.69895718,0.229736115
09/08/2019 17:00,0.965042201,0.317194032
09/08/2019 18:00,1.015396869,0.333744811
09/08/2019 19:00,1.056405508,0.347223699
09/08/2019 20:00,1.344575657,0.441940647
09/08/2019 21:00,1.547195632,0.508538612
09/08/2019 22:00,1.145597947,0.376539836
09/08/2019 23:00,0.894434418,0.293986376
09/09/2019 00:00,0.764810868,0.251381176
09/09/2019 01:00,0.905425766,0.297599058
09/09/2019 02:00,1.19529245,0.392873629
09/09/2019 03:00,1.279938812,0.420695543
09/09/2019 04:00,1.172656277,0.385433479
09/09/2019 05:00,1.136127494,0.373427049
09/09/2019 06:00,1.360766063,0.447262176
09/09/2019 07:00,1.509865069,0.496268649
09/09/2019 08:00,1.532899636,0.503839745
09/09/2019 09:00,1.671599342,0.549428134
09/09/2019 10:00,1.244481827,0.409041396
09/09/2019 11:00,1.257670869,0.413376424
09/09/2019 12:00,1.171005244,0.384890811
09/09/2019 13:00,1.123303526,0.369212014
09/09/2019 14:00,0.906036897,0.297799927
09/09/2019 15:00,0.626640057,0.205966626
09/09/2019 16:00,0.441131764,0.144992999
09/09/2019 17:00,0.33683124,0.110711075
09/09/2019 18:00,0.270776789,0.089000027
09/09/2019 19:00,0.138373729,0.045481245
09/09/2019 20:00,0.043813688,0.014400863
09/09/2019 21:00,0.022700221,0.007461202
09/09/2019 22:00,0.129976035,0.042721057
09/09/2019 23:00,0.436395037,0.143436112
09/10/2019 00:00,0.75904275,0.249485287
09/10/2019 01:00,0.886123238,0.291254624
09/10/2019 02:00,0.953409041,0.313370398
09/10/2019 03:00,0.81902707,0.26920118
09/10/2019 04:00,0.543089113,0.178504759
09/10/2019 05:00,0.296223002,0.097363792
09/10/2019 06:00,0.156547025,0.051454519
09/10/2019 07:00,0.122396467,0.040229773
09/10/2019 08:00,0.184982901,0.060800939
09/10/2019 09:00,0.127384193,0.041869159
09/10/2019 10:00,0.063306869,0.020807962
09/10/2019 11:00,0.103606461,0.034053797
09/10/2019 12:00,0.233549863,0.076764128
09/10/2019 13:00,0.335223484,0.110182631
09/10/2019 14:00,0.722419035,0.237447654
09/10/2019 15:00,1.039676175,0.341725033
09/10/2019 16:00,1.237850206,0.406861687
09/10/2019 17:00,1.730358124,0.568741212
09/10/2019 18:00,2.020568688,0.664128811
09/10/2019 19:00,2.01,0.660655051
09/10/2019 20:00,2.01,0.660655051
09/10/2019 21:00,2.01,0.660655051
09/10/2019 22:00,2.01,0.660655051
09/10/2019 23:00,2.01,0.660655051
09/11/2019 00:00,2.01,0.660655051
09/11/2019 01:00,2.01,0.660655051
09/11/2019 02:00,2.035201842,0.668938496
09/11/2019 03:00,1.871765287,0.615219498
09/11/2019 04:00,1.83360149,0.602675665
09/11/2019 05:00,2.037312692,0.669632299
09/11/2019 06:00,2.01,0.660655051
09/11/2019 07:00,2.01,0.660655051
09/11/2019 08:00,2.01,0.660655051
09/11/2019 09:00,2.01,0.660655051
09/11/2019 10:00,2.01,0.660655051
09/11/2019 11:00,2.01,0.660655051
09/11/2019 12:00,2.01,0.660655051
09/11/2019 13:00,2.01,0.660655051
09/11/2019 14:00,2.01,0.660655051
09/11/2019 15:00,2.01,0.660655051
09/11/2019 16:00,2.01,0.660655051
09/11/2019 17:00,2.01,0.660655051
09/11/2019 18:00,2.01,0.660655051
09/11/2019 19:00,2.01,0.660655051
09/11/2019 20:00,2.022989364,0.664924449
09/11/2019 21:00,2.011453594,0.661132825
09/11/2019 22:00,2.013685478,0.66186641
09/11/2019 23:00,1.935437118,0.636147417
09/12/2019 00:00,1.860916004,0.611653512
09/12/2019 01:00,1.905704544,0.626374793
09/12/2019 02:00,1.861573011,0.611869459
09/12/2019 03:00,1.83974909,0.604696283
09/12/2019 04:00,1.784603066,0.586570662
09/12/2019 05:00,1.496176723,0.491769507
09/12/2019 06:00,1.58540974,0.521098982
09/12/2019 07:00,1.381108942,0.453948557
09/12/2019 08:00,1.45012841,0.476634159
09/12/2019 09:00,1.48910597,0.489445463
09/12/2019 10:00,1.791609566,0.588873587
09/12/2019 11:00,1.853720481,0.609288457
09/12/2019 12:00,1.949605285,0.640804268
09/12/2019 13:00,2.034349544,0.66865836
09/12/2019 14:00,2.01,0.660655051
09/12/2019 15:00,2.01,0.660655051
09/12/2019 16:00,2.013579842,0.661831688
09/12/2019 17:00,1.946781698,0.639876201
09/12/2019 18:00,1.904430259,0.625955955
09/12/2019 19:00,1.876869871,0.616897294
09/12/2019 20:00,1.852128632,0.608765242
09/12/2019 21:00,1.962362671,0.644997419
09/12/2019 22:00,2.016548468,0.662807429
09/12/2019 23:00,2.035122803,0.668912517
9/13/2019 0:00,2.028988644,0.666896317
9/13/2019 1:00,2.026901517,0.666210311
9/13/2019 2:00,2.01,0.660655051
9/13/2019 3:00,2.01,0.660655051
9/13/2019 4:00,2.01,0.660655051
9/13/2019 5:00,2.01,0.660655051
9/13/2019 6:00,2.01,0.660655051
9/13/2019 7:00,2.01,0.660655051
9/13/2019 8:00,2.01,0.660655051
9/13/2019 9:00,2.01,0.660655051
9/13/2019 10:00,2.01,0.660655051
9/13/2019 11:00,2.01,0.660655051
9/13/2019 12:00,2.01,0.660655051
9/13/2019 13:00,2.01,0.660655051
9/13/2019 14:00,2.01,0.660655051
9/13/2019 15:00,2.01,0.660655051
9/13/2019 16:00,2.04115703,0.670895872
9/13/2019 17:00,1.970848541,0.647786589
9/13/2019 18:00,1.869546612,0.614490255
9/13/2019 19:00,1.802859558,0.592571281
9/13/2019 20:00,1.623569664,0.533641542
9/13/2019 21:00,1.738484578,0.571412248
9/13/2019 22:00,1.823049409,0.599207364
9/13/2019 23:00,1.778576759,0.584589911
9/14/2019 0:00,1.644749102,0.540602887
9/14/2019 1:00,1.584029728,0.520645394
9/14/2019 2:00,1.442260953,0.474048251
9/14/2019 3:00,1.448878823,0.476223439
9/14/2019 4:00,1.429107949,0.469725067
9/14/2019 5:00,1.3979442,0.459482038
9/14/2019 6:00,1.683741699,0.553419134
9/14/2019 7:00,1.956168884,0.642961619
9/14/2019 8:00,2.01,0.660655051
9/14/2019 9:00,2.01,0.660655051
9/14/2019 10:00,2.01,0.660655051
9/14/2019 11:00,2.01,0.660655051
9/14/2019 12:00,2.01,0.660655051
9/14/2019 13:00,2.01,0.660655051
9/14/2019 14:00,2.01,0.660655051
9/14/2019 15:00,2.01,0.660655051
9/14/2019 16:00,2.01,0.660655051
9/14/2019 17:00,2.01,0.660655051
9/14/2019 18:00,2.01,0.660655051
9/14/2019 19:00,2.01,0.660655051
9/14/2019 20:00,2.01,0.660655051
9/14/2019 21:00,2.01,0.660655051
9/14/2019 22:00,2.01,0.660655051
9/14/2019 23:00,2.01,0.660655051
9/15/2019 0:00,2.01,0.660655051
9/15/2019 1:00,2.01,0.660655051
9/15/2019 2:00,2.01,0.660655051
9/15/2019 3:00,2.01,0.660655051
9/15/2019 4:00,2.01,0.660655051
9/15/2019 5:00,2.01,0.660655051
9/15/2019 6:00,2.01,0.660655051
9/15/2019 7:00,2.01,0.660655051
9/15/2019 8:00,2.01,0.660655051
9/15/2019 9:00,2.01,0.660655051
9/15/2019 10:00,2.01,0.660655051
9/15/2019 11:00,2.01,0.660655051
9/15/2019 12:00,2.01,0.660655051
9/15/2019 13:00,2.01,0.660655051
9/15/2019 14:00,2.01,0.660655051
9/15/2019 15:00,2.01,0.660655051
9/15/2019 16:00,2.01,0.660655051
9/15/2019 17:00,2.01,0.660655051
9/15/2019 18:00,2.014284656,0.66206335
9/15/2019 19:00,1.950155809,0.640985217
9/15/2019 20:00,1.890473653,0.621368641
9/15/2019 21:00,1.841677155,0.605330008
9/15/2019 22:00,1.808887557,0.594552588
9/15/2019 23:00,1.660913079,0.545915729
9/16/2019 0:00,1.714674736,0.563586331
9/16/2019 1:00,1.831962488,0.602136951
9/16/2019 2:00,1.944843848,0.63923926
9/16/2019 3:00,1.98936193,0.653871646
9/16/2019 4:00,2.030546959,0.66740851
9/16/2019 5:00,2.037808511,0.669795267
9/16/2019 6:00,2.043014305,0.671506329
9/16/2019 7:00,2.049274447,0.673563938
9/16/2019 8:00,2.01,0.660655051
9/16/2019 9:00,2.01,0.660655051
9/16/2019 10:00,2.01,0.660655051
9/16/2019 11:00,2.01,0.660655051
9/16/2019 12:00,2.01,0.660655051
9/16/2019 13:00,2.01,0.660655051
9/16/2019 14:00,2.01,0.660655051
9/16/2019 15:00,2.01,0.660655051
9/16/2019 16:00,2.01,0.660655051
9/16/2019 17:00,2.01,0.660655051
9/16/2019 18:00,2.01,0.660655051
9/16/2019 19:00,2.01,0.660655051
9/16/2019 20:00,2.01,0.660655051
9/16/2019 21:00,2.01,0.660655051
9/16/2019 22:00,2.01,0.660655051
9/16/2019 23:00,2.01,0.660655051
9/17/2019 0:00,2.01,0.660655051
9/17/2019 1:00,2.01,0.660655051
9/17/2019 2:00,2.01,0.660655051
9/17/2019 3:00,2.01,0.660655051
9/17/2019 4:00,2.01,0.660655051
9/17/2019 5:00,2.01,0.660655051
9/17/2019 6:00,2.01,0.660655051
9/17/2019 7:00,2.01,0.660655051
9/17/2019 8:00,2.01,0.660655051
9/17/2019 9:00,1.991957636,0.654724813
9/17/2019 10:00,1.953901443,0.642216347
9/17/2019 11:00,1.799515514,0.591472146
9/17/2019 12:00,1.541213909,0.506572514
9/17/2019 13:00,1.451191243,0.476983495
9/17/2019 14:00,1.325646965,0.435719086
9/17/2019 15:00,1.121460195,0.368606141
9/17/2019 16:00,0.951734278,0.31281993
9/17/2019 17:00,0.735110651,0.241619186
9/17/2019 18:00,0.499685952,0.16423883
9/17/2019 19:00,0.357517851,0.117510435
9/17/2019 20:00,0.23135087,0.076041354
9/17/2019 21:00,0.146542746,0.048166271
9/17/2019 22:00,0.078569796,0.025824643
9/17/2019 23:00,0.017597734,0.005784095
9/18/2019 0:00,0,0
9/18/2019 1:00,0,0
9/18/2019 2:00,0,0
9/18/2019 3:00,0,0
9/18/2019 4:00,0,0
9/18/2019 5:00,0,0
9/18/2019 6:00,0,0
9/18/2019 7:00,0.031467313,0.010342805
9/18/2019 8:00,0.0671433,0.022068935
9/18/2019 9:00,0.103678949,0.034077622
9/18/2019 10:00,0.191123489,0.062819253
9/18/2019 11:00,0.20038164,0.06586226
9/18/2019 12:00,0.186624118,0.061340381
9/18/2019 13:00,0.207546242,0.068217151
9/18/2019 14:00,0.196413273,0.064557921
9/18/2019 15:00,0.177922787,0.058480392
9/18/2019 16:00,0.183640571,0.060359737
9/18/2019 17:00,0.224624546,0.073830518
9/18/2019 18:00,0.203808817,0.066988719
9/18/2019 19:00,0.235110874,0.077277207
9/18/2019 20:00,0.301434464,0.099076717
9/18/2019 21:00,0.354821315,0.116624126
9/18/2019 22:00,0.500209194,0.164410811
9/18/2019 23:00,0.565285198,0.185800259
9/19/2019 0:00,0.608790973,0.200099916
9/19/2019 1:00,0.523219188,0.171973831
9/19/2019 2:00,0.331499105,0.108958487
9/19/2019 3:00,0.40221906,0.132203012
9/19/2019 4:00,0.657509958,0.216113072
9/19/2019 5:00,0.674219173,0.221605126
9/19/2019 6:00,0.616679823,0.202692856
9/19/2019 7:00,0.729922952,0.239914072
9/19/2019 8:00,0.849086795,0.279081333
9/19/2019 9:00,1.080263712,0.355065512
9/19/2019 10:00,1.166224167,0.383319347
9/19/2019 11:00,1.135048236,0.373072314
9/19/2019 12:00,1.208431461,0.397192213
9/19/2019 13:00,1.227526672,0.403468506
9/19/2019 14:00,1.166705914,0.383477689
9/19/2019 15:00,1.125237192,0.36984758
9/19/2019 16:00,1.111793743,0.365428932
9/19/2019 17:00,1.166533258,0.38342094
9/19/2019 18:00,1.199726676,0.394331089
9/19/2019 19:00,0.990443149,0.32554292
9/19/2019 20:00,0.808766651,0.265828743
9/19/2019 21:00,0.753455507,0.247648849
9/19/2019 22:00,0.607968349,0.199829533
9/19/2019 23:00,0.549323154,0.180553789
9/20/2019 0:00,0.456746933,0.150125457
9/20/2019 1:00,0.344045545,0.113082302
9/20/2019 2:00,0.237957143,0.078212731
9/20/2019 3:00,0.161712727,0.053152403
9/20/2019 4:00,0.107415175,0.035305661
9/20/2019 5:00,0.067381476,0.02214722
9/20/2019 6:00,0.040704819,0.013379027
9/20/2019 7:00,0.03785448,0.012442166
9/20/2019 8:00,0.063872228,0.020993786
9/20/2019 9:00,0.119703305,0.039344574
9/20/2019 10:00,0.19437486,0.063887927
9/20/2019 11:00,0.233102221,0.076616995
9/20/2019 12:00,0.218713125,0.071887528
9/20/2019 13:00,0.184937821,0.060786122
9/20/2019 14:00,0.171984546,0.056528587
9/20/2019 15:00,0.155024802,0.050954188
9/20/2019 16:00,0.162525554,0.053419566
9/20/2019 17:00,0.214336726,0.070449075
9/20/2019 18:00,0.278443709,0.091520021
9/20/2019 19:00,0.346741003,0.113968256
9/20/2019 20:00,0.399939777,0.131453848
9/20/2019 21:00,0.46068915,0.151421201
9/20/2019 22:00,0.55710906,0.183112893
9/20/2019 23:00,0.935919978,0.307622021
9/21/2019 0:00,1.397077094,0.459197035
9/21/2019 1:00,1.665875442,0.547546779
9/21/2019 2:00,1.798820276,0.591243633
9/21/2019 3:00,1.856692043,0.610265163
9/21/2019 4:00,1.890071702,0.621236526
9/21/2019 5:00,1.885266112,0.619657005
9/21/2019 6:00,1.875463054,0.616434896
9/21/2019 7:00,1.890448054,0.621360227
9/21/2019 8:00,1.943264983,0.638720312
9/21/2019 9:00,1.998411027,0.65684594
9/21/2019 10:00,2.040723906,0.670753511
9/21/2019 11:00,2.01,0.660655051
9/21/2019 12:00,2.01,0.660655051
9/21/2019 13:00,2.01,0.660655051
9/21/2019 14:00,2.01,0.660655051
9/21/2019 15:00,2.01,0.660655051
9/21/2019 16:00,2.01,0.660655051
9/21/2019 17:00,2.01,0.660655051
9/21/2019 18:00,2.01,0.660655051
9/21/2019 19:00,2.01,0.660655051
9/21/2019 20:00,2.01,0.660655051
9/21/2019 21:00,2.01,0.660655051
9/21/2019 22:00,2.01,0.660655051
9/21/2019 23:00,2.01,0.660655051
9/22/2019 0:00,2.01,0.660655051
9/22/2019 1:00,2.01,0.660655051
9/22/2019 2:00,2.031827122,0.667829279
9/22/2019 3:00,2.017577305,0.663145591
9/22/2019 4:00,2.017879309,0.663244855
9/22/2019 5:00,2.010840182,0.660931206
9/22/2019 6:00,1.982701497,0.651682468
9/22/2019 7:00,1.958275547,0.643654046
9/22/2019 8:00,1.950627869,0.641140376
9/22/2019 9:00,1.958032014,0.643574001
9/22/2019 10:00,1.927252628,0.633457305
9/22/2019 11:00,1.904392555,0.625943563
9/22/2019 12:00,1.877847202,0.617218527
9/22/2019 13:00,1.884098594,0.61927326
9/22/2019 14:00,1.897190868,0.623576483
9/22/2019 15:00,1.892587493,0.622063427
9/22/2019 16:00,1.870344645,0.614752556
9/22/2019 17:00,1.869760787,0.614560651
9/22/2019 18:00,1.865328486,0.613103824
9/22/2019 19:00,1.845516237,0.606591853
9/22/2019 20:00,1.833522686,0.602649763
9/22/2019 21:00,1.82449948,0.599683979
9/22/2019 22:00,1.777950067,0.584383927
9/22/2019 23:00,1.802186695,0.592350121
9/23/2019 0:00,1.711812597,0.562645592
9/23/2019 1:00,1.754957857,0.576826753
9/23/2019 2:00,1.835177201,0.603193576
9/23/2019 3:00,1.853058592,0.609070905
9/23/2019 4:00,1.846576785,0.606940438
9/23/2019 5:00,1.701074654,0.5591162
9/23/2019 6:00,1.655674973,0.544194047
9/23/2019 7:00,1.7169576,0.564336672
9/23/2019 8:00,1.715913172,0.563993385
9/23/2019 9:00,1.625039347,0.534124604
9/23/2019 10:00,1.701488582,0.559252252
9/23/2019 11:00,1.632201618,0.536478728
9/23/2019 12:00,1.495274325,0.491472904
9/23/2019 13:00,1.430310937,0.47012047
9/23/2019 14:00,1.394769019,0.458438407
9/23/2019 15:00,1.54357777,0.507349478
9/23/2019 16:00,1.755440145,0.576985273
9/23/2019 17:00,1.89324356,0.622279065
9/23/2019 18:00,1.912579984,0.628634641
9/23/2019 19:00,1.911246752,0.628196428
9/23/2019 20:00,1.879983568,0.617920717
9/23/2019 21:00,1.812955605,0.595889691
9/23/2019 22:00,1.67367668,0.550110922
9/23/2019 23:00,1.614552186,0.53067764
9/24/2019 0:00,1.658518821,0.545128775
9/24/2019 1:00,1.641367462,0.539491395
9/24/2019 2:00,1.825621705,0.600052837
9/24/2019 3:00,1.896588851,0.623378609
9/24/2019 4:00,1.96797004,0.646840472
9/24/2019 5:00,2.035754153,0.669120032
9/24/2019 6:00,2.01,0.660655051
9/24/2019 7:00,2.01,0.660655051
9/24/2019 8:00,2.01,0.660655051
9/24/2019 9:00,2.047976551,0.67313734
9/24/2019 10:00,2.010525931,0.660827916
9/24/2019 11:00,1.939157572,0.637370271
9/24/2019 12:00,1.893741685,0.622442791
9/24/2019 13:00,1.734069112,0.569960954
9/24/2019 14:00,1.512917596,0.497271966
9/24/2019 15:00,1.627825798,0.535040466
9/24/2019 16:00,1.547977039,0.508795448
9/24/2019 17:00,1.37960578,0.453454491
9/24/2019 18:00,1.213240628,0.39877291
9/24/2019 19:00,1.228624876,0.403829468
9/24/2019 20:00,1.481596949,0.486977367
9/24/2019 21:00,1.634095918,0.537101355
9/24/2019 22:00,1.801272291,0.592049571
9/24/2019 23:00,1.893587315,0.622392052
9/25/2019 0:00,1.87658992,0.616805279
9/25/2019 1:00,1.847355942,0.607196535
9/25/2019 2:00,1.907660787,0.627017779
9/25/2019 3:00,1.90568562,0.626368573
9/25/2019 4:00,1.875602973,0.616480885
9/25/2019 5:00,1.924435488,0.632531356
9/25/2019 6:00,1.981895478,0.651417542
9/25/2019 7:00,2.020975092,0.66426239
9/25/2019 8:00,2.043104931,0.671536116
9/25/2019 9:00,2.01,0.660655051
9/25/2019 10:00,2.01794356,0.663265973
9/25/2019 11:00,1.979098917,0.650498357
9/25/2019 12:00,1.975510441,0.649318882
9/25/2019 13:00,1.970957577,0.647822427
9/25/2019 14:00,2.028354108,0.666687755
9/25/2019 15:00,2.01,0.660655051
9/25/2019 16:00,2.01,0.660655051
9/25/2019 17:00,2.01,0.660655051
9/25/2019 18:00,2.01,0.660655051
9/25/2019 19:00,2.01,0.660655051
9/25/2019 20:00,2.01,0.660655051
9/25/2019 21:00,2.01,0.660655051
9/25/2019 22:00,2.01,0.660655051
9/25/2019 23:00,2.01,0.660655051
9/26/2019 0:00,2.01,0.660655051
9/26/2019 1:00,2.01,0.660655051
9/26/2019 2:00,2.01,0.660655051
9/26/2019 3:00,2.01,0.660655051
9/26/2019 4:00,2.01,0.660655051
9/26/2019 5:00,2.01,0.660655051
9/26/2019 6:00,2.01,0.660655051
9/26/2019 7:00,2.01,0.660655051
9/26/2019 8:00,2.01,0.660655051
9/26/2019 9:00,1.987543018,0.653273798
9/26/2019 10:00,1.907676898,0.627023074
9/26/2019 11:00,2.015328795,0.662406542
9/26/2019 12:00,1.99239729,0.65486932
9/26/2019 13:00,1.592841081,0.523541546
9/26/2019 14:00,0.689356614,0.226580562
9/26/2019 15:00,0.244238446,0.080277295
9/26/2019 16:00,0.121726135,0.040009446
9/26/2019 17:00,0.039966798,0.013136451
9/26/2019 18:00,0,0
9/26/2019 19:00,0,0
9/26/2019 20:00,0.013928415,0.004578049
9/26/2019 21:00,0.020200388,0.006639546
9/26/2019 22:00,0.073335786,0.024104307
9/26/2019 23:00,0.054820762,0.018018713
9/27/2019 0:00,0.037389536,0.012289346
9/27/2019 1:00,0.035138819,0.011549571
9/27/2019 2:00,0.033003394,0.010847691
9/27/2019 3:00,0.039123375,0.012859231
9/27/2019 4:00,0.043994411,0.014460264
9/27/2019 5:00,0.041008656,0.013478894
9/27/2019 6:00,0.042383894,0.013930912
9/27/2019 7:00,0.043224813,0.014207309
9/27/2019 8:00,0.036944019,0.012142912
9/27/2019 9:00,0.020734821,0.006815206
9/27/2019 10:00,0.015744166,0.005174857
9/27/2019 11:00,0.023675589,0.00778179
9/27/2019 12:00,0.035296632,0.011601442
9/27/2019 13:00,0.018511603,0.00608447
9/27/2019 14:00,0,0
9/27/2019 15:00,0,0
9/27/2019 16:00,0,0
9/27/2019 17:00,0,0
9/27/2019 18:00,0.017611915,0.005788757
9/27/2019 19:00,0.01427976,0.00469353
9/27/2019 20:00,0,0
9/27/2019 21:00,0,0
9/27/2019 22:00,0,0
9/27/2019 23:00,0,0
9/28/2019 0:00,0,0
9/28/2019 1:00,0,0
9/28/2019 2:00,0,0
9/28/2019 3:00,0.010709066,0.0035199
9/28/2019 4:00,0.03019079,0.009923233
9/28/2019 5:00,0.051422073,0.016901618
9/28/2019 6:00,0.06108662,0.020078201
9/28/2019 7:00,0.07349047,0.024155149
9/28/2019 8:00,0.062644883,0.020590377
9/28/2019 9:00,0.084277199,0.027700576
9/28/2019 10:00,0.271332061,0.089182536
9/28/2019 11:00,0.240050279,0.078900711
9/28/2019 12:00,0.143825979,0.047273313
9/28/2019 13:00,0.072127306,0.023707099
9/28/2019 14:00,0.043853236,0.014413862
9/28/2019 15:00,0.036381444,0.011958002
9/28/2019 16:00,0.02092712,0.006878412
9/28/2019 17:00,0.015323942,0.005036736
9/28/2019 18:00,0.017095142,0.005618901
9/28/2019 19:00,0.050124306,0.016475063
9/28/2019 20:00,0.069274501,0.022769427
9/28/2019 21:00,0.043788114,0.014392457
9/28/2019 22:00,0.044864279,0.014746175
9/28/2019 23:00,0.024901254,0.008184646
9/29/2019 0:00,0.013638026,0.004482602
9/29/2019 1:00,0.015196042,0.004994698
9/29/2019 2:00,0.048864724,0.016061058
9/29/2019 3:00,0.124165633,0.04081127
9/29/2019 4:00,0.202581989,0.06658548
9/29/2019 5:00,0.245531512,0.080702305
9/29/2019 6:00,0.333531245,0.109626419
9/29/2019 7:00,0.557142931,0.183124026
9/29/2019 8:00,0.788950147,0.259315373
9/29/2019 9:00,0.754286101,0.247921852
9/29/2019 10:00,0.535813609,0.176113417
9/29/2019 11:00,0.339767279,0.111676104
9/29/2019 12:00,0.233608285,0.07678333
9/29/2019 13:00,0.264593471,0.086967668
9/29/2019 14:00,0.35268683,0.115922555
9/29/2019 15:00,0.440912262,0.144920852
9/29/2019 16:00,0.501827828,0.164942831
9/29/2019 17:00,0.547082307,0.179817258
9/29/2019 18:00,0.560054789,0.184081107
9/29/2019 19:00,0.524968205,0.172548705
9/29/2019 20:00,0.548019364,0.180125254
9/29/2019 21:00,0.604171908,0.198581703
9/29/2019 22:00,1.148308743,0.377430832
9/29/2019 23:00,1.527738669,0.502143417
9/30/2019 0:00,1.649350583,0.542115321
9/30/2019 1:00,1.595053143,0.524268615
9/30/2019 2:00,1.555327333,0.511211373
9/30/2019 3:00,1.578839553,0.518939466
9/30/2019 4:00,1.381852346,0.454192902
9/30/2019 5:00,1.220142506,0.401041448
9/30/2019 6:00,1.127754787,0.370675073
9/30/2019 7:00,1.061863285,0.349017584
9/30/2019 8:00,1.018536278,0.334776685
9/30/2019 9:00,0.985807569,0.324019279
9/30/2019 10:00,1.191907808,0.391761151
9/30/2019 11:00,0.902159432,0.296525466
9/30/2019 12:00,0.708975407,0.233028947
9/30/2019 13:00,0.630159708,0.20712348
9/30/2019 14:00,0.610647623,0.200710168
9/30/2019 15:00,0.636745579,0.209288151
9/30/2019 16:00,0.508116961,0.167009969
9/30/2019 17:00,0.501328552,0.164778726
9/30/2019 18:00,0.441967159,0.14526758
9/30/2019 19:00,0.284885867,0.093637456
9/30/2019 20:00,0.193690343,0.063662937
9/30/2019 21:00,0.219996377,0.072309312
9/30/2019 22:00,0.381237694,0.12530677
9/30/2019 23:00,0.532380196,0.174984908
10/01/2019 00:00,0.519732762,0.170827898
10/01/2019 01:00,0.422388889,0.138832514
10/01/2019 02:00,0.428389585,0.140804847
10/01/2019 03:00,0.553112137,0.181799168
10/01/2019 04:00,0.724246607,0.238048348
10/01/2019 05:00,0.877819711,0.288525386
10/01/2019 06:00,0.949307723,0.31202236
10/01/2019 07:00,0.979581767,0.321972957
10/01/2019 08:00,1.093246402,0.359332715
10/01/2019 09:00,1.246313049,0.409643289
10/01/2019 10:00,1.461462304,0.48035943
10/01/2019 11:00,1.332358457,0.437925047
10/01/2019 12:00,1.385514574,0.455396618
10/01/2019 13:00,1.411194572,0.463837225
10/01/2019 14:00,1.584315491,0.520739319
10/01/2019 15:00,1.665147021,0.547307359
10/01/2019 16:00,1.766985138,0.580779929
10/01/2019 17:00,1.791171643,0.588729649
10/01/2019 18:00,1.78001279,0.585061911
10/01/2019 19:00,1.815006672,0.596563844
10/01/2019 20:00,1.885308913,0.619671073
10/01/2019 21:00,1.979291969,0.65056181
10/01/2019 22:00,2.01,0.660655051
10/01/2019 23:00,2.01,0.660655051
10/02/2019 00:00,2.01,0.660655051
10/02/2019 01:00,2.01,0.660655051
10/02/2019 02:00,2.01,0.660655051
10/02/2019 03:00,2.01,0.660655051
10/02/2019 04:00,2.01,0.660655051
10/02/2019 05:00,2.01,0.660655051
10/02/2019 06:00,2.01,0.660655051
10/02/2019 07:00,2.031153551,0.667607887
10/02/2019 08:00,1.965400288,0.645995835
10/02/2019 09:00,1.894931256,0.622833784
10/02/2019 10:00,1.90304759,0.625501494
10/02/2019 11:00,1.833460493,0.602629322
10/02/2019 12:00,1.746149717,0.573931657
10/02/2019 13:00,1.725183213,0.567040301
10/02/2019 14:00,1.722279057,0.566085751
10/02/2019 15:00,1.57106774,0.516384994
10/02/2019 16:00,1.384455071,0.455048376
10/02/2019 17:00,1.27005623,0.417447295
10/02/2019 18:00,1.194294097,0.392545487
10/02/2019 19:00,1.101168423,0.361936558
10/02/2019 20:00,0.9147762,0.300672397
10/02/2019 21:00,0.774625831,0.254607198
10/02/2019 22:00,0.567232249,0.186440224
10/02/2019 23:00,0.428652605,0.140891298
10/03/2019 00:00,0.429257915,0.141090254
10/03/2019 01:00,0.364482577,0.11979963
10/03/2019 02:00,0.255623756,0.084019465
10/03/2019 03:00,0.242500973,0.079706215
10/03/2019 04:00,0.214174783,0.070395847
10/03/2019 05:00,0.156452788,0.051423545
10/03/2019 06:00,0.151062081,0.049651705
10/03/2019 07:00,0.196556459,0.064604984
10/03/2019 08:00,0.315588392,0.103728888
10/03/2019 09:00,0.453601799,0.149091701
10/03/2019 10:00,0.618755293,0.20337503
10/03/2019 11:00,0.76839757,0.252560068
10/03/2019 12:00,0.773966868,0.254390608
10/03/2019 13:00,0.834039759,0.274135612
10/03/2019 14:00,1.104857135,0.363148979
10/03/2019 15:00,1.453682682,0.477802392
10/03/2019 16:00,1.618956496,0.532125267
10/03/2019 17:00,1.838369223,0.604242743
10/03/2019 18:00,1.892613111,0.622071847
10/03/2019 19:00,1.883620691,0.619116181
10/03/2019 20:00,1.911084045,0.628142949
10/03/2019 21:00,1.896454231,0.623334362
10/03/2019 22:00,1.970786,0.647766033
10/03/2019 23:00,2.006597871,0.659536826
10/04/2019 00:00,1.990474813,0.654237433
10/04/2019 01:00,2.003204829,0.658421587
10/04/2019 02:00,1.967659752,0.646738485
10/04/2019 03:00,1.874861451,0.616237159
10/04/2019 04:00,1.758356922,0.577943971
10/04/2019 05:00,1.666802077,0.547851349
10/04/2019 06:00,1.529462551,0.50271003
10/04/2019 07:00,1.378527806,0.453100178
10/04/2019 08:00,1.294126964,0.425358963
10/04/2019 09:00,1.136104316,0.37341943
10/04/2019 10:00,1.038945097,0.34148474
10/04/2019 11:00,0.669191718,0.219952681
10/04/2019 12:00,0.498036683,0.163696742
10/04/2019 13:00,0.506015162,0.166319141
10/04/2019 14:00,0.425613756,0.139892476
10/04/2019 15:00,0.312832178,0.102822964
10/04/2019 16:00,0.372527224,0.122443777
10/04/2019 17:00,0.418105652,0.137424682
10/04/2019 18:00,0.568596325,0.186888574
10/04/2019 19:00,0.608882625,0.200130041
10/04/2019 20:00,0.461999203,0.151851795
10/04/2019 21:00,0.362558395,0.119167182
10/04/2019 22:00,0.530594801,0.174398077
10/04/2019 23:00,0.424995367,0.139689222
10/05/2019 00:00,0.35504266,0.116696879
10/05/2019 01:00,0.42136008,0.138494361
10/05/2019 02:00,0.523356599,0.172018995
10/05/2019 03:00,0.765341021,0.251555429
10/05/2019 04:00,0.960648217,0.3157498
10/05/2019 05:00,1.256848238,0.413106039
10/05/2019 06:00,1.687577113,0.554679773
10/05/2019 07:00,1.86610433,0.613358832
10/05/2019 08:00,1.931423195,0.634828105
10/05/2019 09:00,2.007687789,0.659895064
10/05/2019 10:00,2.01,0.660655051
10/05/2019 11:00,2.01,0.660655051
10/05/2019 12:00,2.01,0.660655051
10/05/2019 13:00,2.01,0.660655051
10/05/2019 14:00,2.01,0.660655051
10/05/2019 15:00,2.01,0.660655051
10/05/2019 16:00,2.01,0.660655051
10/05/2019 17:00,2.01,0.660655051
10/05/2019 18:00,2.01,0.660655051
10/05/2019 19:00,2.01,0.660655051
10/05/2019 20:00,2.01,0.660655051
10/05/2019 21:00,2.01,0.660655051
10/05/2019 22:00,2.01,0.660655051
10/05/2019 23:00,2.01,0.660655051
10/06/2019 00:00,2.01,0.660655051
10/06/2019 01:00,2.01,0.660655051
10/06/2019 02:00,2.01,0.660655051
10/06/2019 03:00,2.01,0.660655051
10/06/2019 04:00,2.01,0.660655051
10/06/2019 05:00,2.01,0.660655051
10/06/2019 06:00,2.01,0.660655051
10/06/2019 07:00,2.01,0.660655051
10/06/2019 08:00,2.043950635,0.671814085
10/06/2019 09:00,2.038789664,0.670117756
10/06/2019 10:00,2.01,0.660655051
10/06/2019 11:00,2.01,0.660655051
10/06/2019 12:00,2.01,0.660655051
10/06/2019 13:00,2.01,0.660655051
10/06/2019 14:00,2.01,0.660655051
10/06/2019 15:00,2.01,0.660655051
10/06/2019 16:00,2.01,0.660655051
10/06/2019 17:00,1.966881636,0.64648273
10/06/2019 18:00,1.942806811,0.638569718
10/06/2019 19:00,1.978300614,0.650235967
10/06/2019 20:00,2.030794254,0.667489792
10/06/2019 21:00,2.01,0.660655051
10/06/2019 22:00,2.01,0.660655051
10/06/2019 23:00,2.01,0.660655051
10/07/2019 00:00,2.01,0.660655051
10/07/2019 01:00,2.01,0.660655051
10/07/2019 02:00,2.01,0.660655051
10/07/2019 03:00,2.01,0.660655051
10/07/2019 04:00,2.01,0.660655051
10/07/2019 05:00,2.01,0.660655051
10/07/2019 06:00,2.01,0.660655051
10/07/2019 07:00,2.01,0.660655051
10/07/2019 08:00,2.01,0.660655051
10/07/2019 09:00,2.01,0.660655051
10/07/2019 10:00,2.01,0.660655051
10/07/2019 11:00,2.01,0.660655051
10/07/2019 12:00,2.01,0.660655051
10/07/2019 13:00,2.01,0.660655051
10/07/2019 14:00,2.01,0.660655051
10/07/2019 15:00,1.850727671,0.608304768
10/07/2019 16:00,1.304632679,0.428812025
10/07/2019 17:00,0.925328308,0.304140707
10/07/2019 18:00,0.927246353,0.304771138
10/07/2019 19:00,1.282086603,0.421401488
10/07/2019 20:00,1.696786219,0.55770666
10/07/2019 21:00,1.801698987,0.592189819
10/07/2019 22:00,1.736944919,0.570906186
10/07/2019 23:00,1.649535523,0.542176107
10/08/2019 00:00,1.62985868,0.535708642
10/08/2019 01:00,1.59462661,0.52412842
10/08/2019 02:00,1.522093649,0.500287989
10/08/2019 03:00,1.590793426,0.522868514
10/08/2019 04:00,1.639330943,0.538822024
10/08/2019 05:00,1.686688811,0.554387803
10/08/2019 06:00,1.78468331,0.586597037
10/08/2019 07:00,1.791457025,0.588823449
10/08/2019 08:00,1.742313638,0.572670799
10/08/2019 09:00,1.811482015,0.595405345
10/08/2019 10:00,1.811019256,0.595253244
10/08/2019 11:00,1.878745594,0.617513815
10/08/2019 12:00,1.897873761,0.623800939
10/08/2019 13:00,1.842511297,0.605604177
10/08/2019 14:00,1.609234883,0.528929928
10/08/2019 15:00,1.41038787,0.463572075
10/08/2019 16:00,1.301797537,0.427880159
10/08/2019 17:00,1.227135147,0.403339818
10/08/2019 18:00,1.162328833,0.382039012
10/08/2019 19:00,1.140170105,0.374755791
10/08/2019 20:00,1.211488658,0.398197065
10/08/2019 21:00,1.201632918,0.394957641
10/08/2019 22:00,1.258847351,0.413763115
10/08/2019 23:00,1.482439327,0.487254244
10/09/2019 00:00,1.52988475,0.5028488
10/09/2019 01:00,1.580359766,0.519439136
10/09/2019 02:00,1.62882404,0.535368572
10/09/2019 03:00,1.666645819,0.54779999
10/09/2019 04:00,1.607122773,0.528235711
10/09/2019 05:00,1.603311905,0.526983139
10/09/2019 06:00,1.721747201,0.565910938
10/09/2019 07:00,1.735020913,0.570273796
10/09/2019 08:00,1.831612727,0.60202199
10/09/2019 09:00,1.88446702,0.619394356
10/09/2019 10:00,1.802363482,0.592408228
10/09/2019 11:00,1.891950876,0.621854181
10/09/2019 12:00,1.894433256,0.622670099
10/09/2019 13:00,1.944407609,0.639095875
10/09/2019 14:00,1.944235835,0.639039416
10/09/2019 15:00,1.928919208,0.634005084
10/09/2019 16:00,1.909616004,0.627660427
10/09/2019 17:00,1.952669447,0.64181141
10/09/2019 18:00,2.005849906,0.659290982
10/09/2019 19:00,2.035763997,0.669123268
10/09/2019 20:00,2.025056604,0.665603918
10/09/2019 21:00,2.022247938,0.664680754
10/09/2019 22:00,1.982831853,0.651725313
10/09/2019 23:00,2.015517675,0.662468623
10/10/2019 00:00,2.024997754,0.665584575
10/10/2019 01:00,2.01,0.660655051
10/10/2019 02:00,2.01,0.660655051
10/10/2019 03:00,2.01,0.660655051
10/10/2019 04:00,2.01,0.660655051
10/10/2019 05:00,2.01,0.660655051
10/10/2019 06:00,2.01,0.660655051
10/10/2019 07:00,2.01,0.660655051
10/10/2019 08:00,2.01,0.660655051
10/10/2019 09:00,1.995836443,0.655999715
10/10/2019 10:00,1.935814169,0.636271348
10/10/2019 11:00,1.922522347,0.631902537
10/10/2019 12:00,1.910803762,0.628050825
10/10/2019 13:00,1.789301275,0.588114889
10/10/2019 14:00,1.441453295,0.473782786
10/10/2019 15:00,0.716315281,0.235441447
10/10/2019 16:00,0.266888384,0.08772197
10/10/2019 17:00,0.083095837,0.027312281
10/10/2019 18:00,0.040994669,0.013474296
10/10/2019 19:00,0.053815349,0.01768825
10/10/2019 20:00,0.090777517,0.029837127
10/10/2019 21:00,0.214776852,0.070593737
10/10/2019 22:00,0.392626735,0.129050167
10/10/2019 23:00,0.3814381,0.12537264
10/11/2019 00:00,0.328441092,0.107953366
10/11/2019 01:00,0.145056031,0.047677612
10/11/2019 02:00,0.134691022,0.044270798
10/11/2019 03:00,0.234049973,0.076928506
10/11/2019 04:00,0.311830234,0.102493642
10/11/2019 05:00,0.470192408,0.154544771
10/11/2019 06:00,0.573729838,0.188575878
10/11/2019 07:00,0.667718835,0.219468568
10/11/2019 08:00,0.742364035,0.244003258
10/11/2019 09:00,0.742602507,0.24408164
10/11/2019 10:00,0.37032063,0.121718505
10/11/2019 11:00,0.312527368,0.102722778
10/11/2019 12:00,0.37084473,0.121890768
10/11/2019 13:00,0.262751978,0.086362399
10/11/2019 14:00,0.20532451,0.067486903
10/11/2019 15:00,0.061515794,0.020219264
10/11/2019 16:00,0.024994985,0.008215454
10/11/2019 17:00,0.014296769,0.004699121
10/11/2019 18:00,0.042128289,0.013846899
10/11/2019 19:00,0.109898673,0.036121947
10/11/2019 20:00,0.276873531,0.091003929
10/11/2019 21:00,0.542353255,0.178262894
10/11/2019 22:00,0.683894524,0.22478526
10/11/2019 23:00,0.658053465,0.216291714
10/12/2019 00:00,0.607429031,0.199652268
10/12/2019 01:00,0.489545448,0.160905807
10/12/2019 02:00,0.405615478,0.13331936
10/12/2019 03:00,0.379742507,0.124815326
10/12/2019 04:00,0.513063602,0.168635851
10/12/2019 05:00,0.527916178,0.173517657
10/12/2019 06:00,0.508214753,0.167042111
10/12/2019 07:00,0.51794518,0.170240348
10/12/2019 08:00,0.43549028,0.143138733
10/12/2019 09:00,0.346171929,0.113781211
10/12/2019 10:00,0.516260518,0.169686626
10/12/2019 11:00,0.54707602,0.179815192
10/12/2019 12:00,0.762171916,0.250513794
10/12/2019 13:00,0.707417313,0.232516827
10/12/2019 14:00,0.604901976,0.198821665
10/12/2019 15:00,0.439055951,0.144310712
10/12/2019 16:00,0.209985055,0.06901875
10/12/2019 17:00,0.079748881,0.026212189
10/12/2019 18:00,0.026760865,0.008795871
10/12/2019 19:00,0.012714174,0.004178947
10/12/2019 20:00,0.012925638,0.004248452
10/12/2019 21:00,0.027961039,0.009190349
10/12/2019 22:00,0.033982362,0.011169462
10/12/2019 23:00,0.040453498,0.013296422
10/13/2019 0:00,0.029218,0.009603492
10/13/2019 1:00,0.013336262,0.004383417
10/13/2019 2:00,0,0
10/13/2019 3:00,0,0
10/13/2019 4:00,0,0
10/13/2019 5:00,0,0
10/13/2019 6:00,0,0
10/13/2019 7:00,0,0
10/13/2019 8:00,0,0
10/13/2019 9:00,0,0
10/13/2019 10:00,0,0
10/13/2019 11:00,0,0
10/13/2019 12:00,0.013310355,0.004374902
10/13/2019 13:00,0.012231828,0.004020407
10/13/2019 14:00,0.011627039,0.003821623
10/13/2019 15:00,0.015503676,0.005095812
10/13/2019 16:00,0.022988444,0.007555936
10/13/2019 17:00,0.027589642,0.009068277
10/13/2019 18:00,0.028713147,0.009437555
10/13/2019 19:00,0.015131309,0.004973421
10/13/2019 20:00,0,0
10/13/2019 21:00,0,0
10/13/2019 22:00,0,0
10/13/2019 23:00,0,0
10/14/2019 0:00,0,0
10/14/2019 1:00,0,0
10/14/2019 2:00,0,0
10/14/2019 3:00,0,0
10/14/2019 4:00,0,0
10/14/2019 5:00,0,0
10/14/2019 6:00,0,0
10/14/2019 7:00,0.012969168,0.004262759
10/14/2019 8:00,0.028783118,0.009460554
10/14/2019 9:00,0.046202564,0.015186048
10/14/2019 10:00,0.050389703,0.016562294
10/14/2019 11:00,0.051640583,0.016973439
10/14/2019 12:00,0.064439413,0.021180211
10/14/2019 13:00,0.07769613,0.025537483
10/14/2019 14:00,0.051720097,0.016999574
10/14/2019 15:00,0.043474663,0.014289431
10/14/2019 16:00,0.047506163,0.015614521
10/14/2019 17:00,0.029092804,0.009562342
10/14/2019 18:00,0.020983555,0.006896961
10/14/2019 19:00,0.02966606,0.009750762
10/14/2019 20:00,0.041734867,0.013717587
10/14/2019 21:00,0.037899508,0.012456966
10/14/2019 22:00,0.150980874,0.049625013
10/14/2019 23:00,0.176665643,0.058067189
10/15/2019 0:00,0.185034023,0.060817742
10/15/2019 1:00,0.21579072,0.07092698
10/15/2019 2:00,0.330855009,0.108746783
10/15/2019 3:00,0.374052667,0.122945166
10/15/2019 4:00,0.530526139,0.174375509
10/15/2019 5:00,0.775627768,0.254936519
10/15/2019 6:00,0.722731199,0.237550257
10/15/2019 7:00,0.721638504,0.237191106
10/15/2019 8:00,0.686284998,0.225570971
10/15/2019 9:00,0.712767601,0.234275381
10/15/2019 10:00,0.797226375,0.262035638
10/15/2019 11:00,0.990843563,0.32567453
10/15/2019 12:00,0.873035369,0.286952849
10/15/2019 13:00,0.703775868,0.231319942
10/15/2019 14:00,0.669086039,0.219917946
10/15/2019 15:00,0.579198019,0.190373183
10/15/2019 16:00,0.55457449,0.18227982
10/15/2019 17:00,0.568059683,0.186712189
10/15/2019 18:00,0.486828566,0.160012811
10/15/2019 19:00,0.476711705,0.15668756
10/15/2019 20:00,0.585062779,0.192300836
10/15/2019 21:00,0.579432552,0.19045027
10/15/2019 22:00,0.395778935,0.130086245
10/15/2019 23:00,0.324590799,0.106687836
10/16/2019 0:00,0.279022503,0.091710262
10/16/2019 1:00,0.15297528,0.050280543
10/16/2019 2:00,0.045836808,0.01506583
10/16/2019 3:00,0.03408276,0.011202462
10/16/2019 4:00,0.060748803,0.019967166
10/16/2019 5:00,0.125398509,0.041216497
10/16/2019 6:00,0.202057579,0.066413115
10/16/2019 7:00,0.225904865,0.074251338
10/16/2019 8:00,0.546963767,0.179778296
10/16/2019 9:00,1.082565974,0.355822228
10/16/2019 10:00,1.189589238,0.390999074
10/16/2019 11:00,1.3044899,0.428765095
10/16/2019 12:00,1.163973845,0.382579702
10/16/2019 13:00,0.775981892,0.255052914
10/16/2019 14:00,0.375503068,0.12342189
10/16/2019 15:00,0.171580542,0.056395797
10/16/2019 16:00,0.215585018,0.070859369
10/16/2019 17:00,0.293544649,0.09648346
10/16/2019 18:00,0.245574432,0.080716413
10/16/2019 19:00,0.167509164,0.0550576
10/16/2019 20:00,0.123539816,0.040605574
10/16/2019 21:00,0.117941536,0.038765508
10/16/2019 22:00,0.078177345,0.025695651
10/16/2019 23:00,0.095142051,0.03127168
10/17/2019 0:00,0.084076004,0.027634446
10/17/2019 1:00,0.067157771,0.022073692
10/17/2019 2:00,0.070430054,0.023149239
10/17/2019 3:00,0.064874813,0.02132332
10/17/2019 4:00,0.047663189,0.015666133
10/17/2019 5:00,0.031355331,0.010305999
10/17/2019 6:00,0.015022878,0.004937781
10/17/2019 7:00,0,0
10/17/2019 8:00,0.010578953,0.003477134
10/17/2019 9:00,0.029316645,0.009635915
10/17/2019 10:00,0.082423336,0.02709124
10/17/2019 11:00,0.124098283,0.040789133
10/17/2019 12:00,0.108768569,0.0357505
10/17/2019 13:00,0.096953368,0.031867031
10/17/2019 14:00,0.115846287,0.038076833
10/17/2019 15:00,0.164008137,0.053906868
10/17/2019 16:00,0.233193677,0.076647055
10/17/2019 17:00,0.27629791,0.090814731
10/17/2019 18:00,0.313866193,0.103162829
10/17/2019 19:00,0.375027376,0.123265537
10/17/2019 20:00,0.402799365,0.132393749
10/17/2019 21:00,0.340702653,0.111983547
10/17/2019 22:00,0.349601482,0.11490845
10/17/2019 23:00,0.333570453,0.109639306
10/18/2019 0:00,0.425148931,0.139739696
10/18/2019 1:00,0.544417833,0.178941488
10/18/2019 2:00,0.59401163,0.195242181
10/18/2019 3:00,0.604114798,0.198562932
10/18/2019 4:00,0.623048885,0.204786265
10/18/2019 5:00,0.656588423,0.215810178
10/18/2019 6:00,0.628228273,0.206488648
10/18/2019 7:00,0.608151997,0.199889895
10/18/2019 8:00,0.592459299,0.194731955
10/18/2019 9:00,0.554214284,0.182161426
10/18/2019 10:00,0.463163648,0.152234529
10/18/2019 11:00,0.559057688,0.183753376
10/18/2019 12:00,0.637385669,0.209498538
10/18/2019 13:00,0.840635344,0.276303476
10/18/2019 14:00,0.69794951,0.22940491
10/18/2019 15:00,0.659929877,0.216908461
10/18/2019 16:00,1.107108335,0.363888913
10/18/2019 17:00,1.436259442,0.472075649
10/18/2019 18:00,1.392947494,0.457839701
10/18/2019 19:00,1.395593442,0.458709382
10/18/2019 20:00,1.443876793,0.474579352
10/18/2019 21:00,1.624789356,0.534042436
10/18/2019 22:00,1.812243448,0.595655616
10/18/2019 23:00,1.760511641,0.578652193
10/19/2019 0:00,1.658290134,0.545053609
10/19/2019 1:00,1.538711618,0.505750051
10/19/2019 2:00,1.573316958,0.517124277
10/19/2019 3:00,1.532474997,0.503700173
10/19/2019 4:00,1.307562508,0.429775013
10/19/2019 5:00,1.142399948,0.375488705
10/19/2019 6:00,1.115359058,0.366600794
10/19/2019 7:00,1.036920906,0.34081942
10/19/2019 8:00,1.010719269,0.332207359
10/19/2019 9:00,0.958028585,0.314888768
10/19/2019 10:00,1.002859139,0.329623859
10/19/2019 11:00,1.084846641,0.356571847
10/19/2019 12:00,1.505579245,0.494859967
10/19/2019 13:00,1.679378873,0.551985142
10/19/2019 14:00,1.838866161,0.604406079
10/19/2019 15:00,1.901065499,0.624850012
10/19/2019 16:00,2.039581391,0.670377984
10/19/2019 17:00,2.01,0.660655051
10/19/2019 18:00,2.01,0.660655051
10/19/2019 19:00,2.01,0.660655051
10/19/2019 20:00,2.01,0.660655051
10/19/2019 21:00,2.01,0.660655051
10/19/2019 22:00,2.024125867,0.665297999
10/19/2019 23:00,2.01,0.660655051
10/20/2019 0:00,2.01,0.660655051
10/20/2019 1:00,2.01,0.660655051
10/20/2019 2:00,2.01,0.660655051
10/20/2019 3:00,2.01,0.660655051
10/20/2019 4:00,2.01,0.660655051
10/20/2019 5:00,2.01,0.660655051
10/20/2019 6:00,2.01,0.660655051
10/20/2019 7:00,2.01,0.660655051
10/20/2019 8:00,2.013118338,0.66168
10/20/2019 9:00,1.920134043,0.63111754
10/20/2019 10:00,1.659941898,0.545596517
10/20/2019 11:00,1.514157095,0.49767937
10/20/2019 12:00,1.44720336,0.475672741
10/20/2019 13:00,1.363301178,0.448095428
10/20/2019 14:00,1.220653109,0.401209275
10/20/2019 15:00,1.039153094,0.341553105
10/20/2019 16:00,0.957047259,0.314566222
10/20/2019 17:00,0.692213311,0.227519513
10/20/2019 18:00,0.517994902,0.170256691
10/20/2019 19:00,0.439796526,0.144554128
10/20/2019 20:00,0.28493811,0.093654628
10/20/2019 21:00,0.165706445,0.054465075
10/20/2019 22:00,0.111110057,0.03652011
10/20/2019 23:00,0.084856851,0.027891098
10/21/2019 0:00,0.034030244,0.0111852
10/21/2019 1:00,0.033688846,0.011072988
10/21/2019 2:00,0.06654789,0.021873234
10/21/2019 3:00,0.038889848,0.012782475
10/21/2019 4:00,0.027642009,0.009085489
10/21/2019 5:00,0.054780209,0.018005384
10/21/2019 6:00,0.120072985,0.039466082
10/21/2019 7:00,0.235725695,0.077479289
10/21/2019 8:00,0.391436233,0.128658868
10/21/2019 9:00,0.501198568,0.164736003
10/21/2019 10:00,0.568543181,0.186871107
10/21/2019 11:00,0.755039716,0.248169554
10/21/2019 12:00,0.903298329,0.296899803
10/21/2019 13:00,1.129442791,0.371229893
10/21/2019 14:00,1.411377593,0.463897381
10/21/2019 15:00,1.7482593,0.574625044
10/21/2019 16:00,1.86104788,0.611696857
10/21/2019 17:00,1.845777893,0.606677855
10/21/2019 18:00,1.843913705,0.606065126
10/21/2019 19:00,1.904611072,0.626015386
10/21/2019 20:00,1.997726931,0.656621089
10/21/2019 21:00,2.01,0.660655051
10/21/2019 22:00,2.01,0.660655051
10/21/2019 23:00,2.01,0.660655051
10/22/2019 0:00,2.01,0.660655051
10/22/2019 1:00,2.01,0.660655051
10/22/2019 2:00,2.01,0.660655051
10/22/2019 3:00,2.01,0.660655051
10/22/2019 4:00,2.01,0.660655051
10/22/2019 5:00,2.01,0.660655051
10/22/2019 6:00,2.01,0.660655051
10/22/2019 7:00,2.01,0.660655051
10/22/2019 8:00,2.01,0.660655051
10/22/2019 9:00,2.01,0.660655051
10/22/2019 10:00,2.032325372,0.667993046
10/22/2019 11:00,2.0293829,0.667025903
10/22/2019 12:00,2.015338014,0.662409572
10/22/2019 13:00,2.007822922,0.659939481
10/22/2019 14:00,1.972485524,0.648324639
10/22/2019 15:00,1.888017622,0.620561383
10/22/2019 16:00,1.640005114,0.539043613
10/22/2019 17:00,1.561749982,0.513322395
10/22/2019 18:00,1.735830129,0.570539773
10/22/2019 19:00,1.834368547,0.602927784
10/22/2019 20:00,1.852972981,0.609042766
10/22/2019 21:00,1.888515109,0.620724899
10/22/2019 22:00,1.750172989,0.575254043
10/22/2019 23:00,1.834384014,0.602932868
10/23/2019 0:00,1.860679588,0.611575805
10/23/2019 1:00,1.917757835,0.630336518
10/23/2019 2:00,1.896461007,0.623336589
10/23/2019 3:00,1.846018424,0.606756914
10/23/2019 4:00,1.72778006,0.567893843
10/23/2019 5:00,1.402553246,0.460996959
10/23/2019 6:00,1.141585377,0.375220968
10/23/2019 7:00,1.231943133,0.404920126
10/23/2019 8:00,1.305386445,0.429059776
10/23/2019 9:00,1.475271336,0.484898239
10/23/2019 10:00,1.397595094,0.459367293
10/23/2019 11:00,1.66389493,0.546895816
10/23/2019 12:00,1.769887888,0.581734017
10/23/2019 13:00,1.881425772,0.618394746
10/23/2019 14:00,1.875243884,0.616362858
10/23/2019 15:00,1.788729052,0.587926808
10/23/2019 16:00,1.751360463,0.575644347
10/23/2019 17:00,1.873422084,0.615764061
10/23/2019 18:00,1.98207541,0.651476682
10/23/2019 19:00,2.01,0.660655051
10/23/2019 20:00,2.01,0.660655051
10/23/2019 21:00,2.01,0.660655051
10/23/2019 22:00,2.01,0.660655051
10/23/2019 23:00,2.04237304,0.671295555
10/24/2019 0:00,1.873531505,0.615800026
10/24/2019 1:00,1.750912443,0.57549709
10/24/2019 2:00,1.526143761,0.501619196
10/24/2019 3:00,1.297991379,0.426629135
10/24/2019 4:00,1.145935698,0.37665085
10/24/2019 5:00,1.405166276,0.46185582
10/24/2019 6:00,1.761055381,0.578830912
10/24/2019 7:00,1.754499038,0.576675946
10/24/2019 8:00,1.746270362,0.573971311
10/24/2019 9:00,1.615186683,0.53088619
10/24/2019 10:00,1.726730923,0.567549008
10/24/2019 11:00,1.650152803,0.542378998
10/24/2019 12:00,1.955567606,0.642763989
10/24/2019 13:00,2.01,0.660655051
10/24/2019 14:00,2.01,0.660655051
10/24/2019 15:00,2.01,0.660655051
10/24/2019 16:00,1.943245608,0.638713944
10/24/2019 17:00,1.898273015,0.623932167
10/24/2019 18:00,1.930336009,0.634470764
10/24/2019 19:00,1.971920423,0.6481389
10/24/2019 20:00,1.99530582,0.655825308
10/24/2019 21:00,1.992243138,0.654818653
10/24/2019 22:00,2.048747321,0.67339068
10/24/2019 23:00,2.01,0.660655051
10/25/2019 0:00,2.01,0.660655051
10/25/2019 1:00,2.01,0.660655051
10/25/2019 2:00,2.01,0.660655051
10/25/2019 3:00,2.01,0.660655051
10/25/2019 4:00,2.01,0.660655051
10/25/2019 5:00,2.01,0.660655051
10/25/2019 6:00,2.01,0.660655051
10/25/2019 7:00,2.01,0.660655051
10/25/2019 8:00,2.01,0.660655051
10/25/2019 9:00,2.01,0.660655051
10/25/2019 10:00,2.01,0.660655051
10/25/2019 11:00,2.01,0.660655051
10/25/2019 12:00,2.01,0.660655051
10/25/2019 13:00,2.01,0.660655051
10/25/2019 14:00,2.01,0.660655051
10/25/2019 15:00,2.01,0.660655051
10/25/2019 16:00,2.01,0.660655051
10/25/2019 17:00,2.01,0.660655051
10/25/2019 18:00,2.01,0.660655051
10/25/2019 19:00,2.01,0.660655051
10/25/2019 20:00,2.01,0.660655051
10/25/2019 21:00,2.01,0.660655051
10/25/2019 22:00,2.01,0.660655051
10/25/2019 23:00,2.01,0.660655051
10/26/2019 0:00,2.01,0.660655051
10/26/2019 1:00,2.01,0.660655051
10/26/2019 2:00,2.01,0.660655051
10/26/2019 3:00,2.01,0.660655051
10/26/2019 4:00,2.01,0.660655051
10/26/2019 5:00,2.01,0.660655051
10/26/2019 6:00,2.01,0.660655051
10/26/2019 7:00,2.035984043,0.669195593
10/26/2019 8:00,1.974122583,0.648862715
10/26/2019 9:00,1.949954464,0.640919038
10/26/2019 10:00,1.856245623,0.610118432
10/26/2019 11:00,1.876988865,0.616936406
10/26/2019 12:00,1.865562403,0.613180709
10/26/2019 13:00,1.836707355,0.603696514
10/26/2019 14:00,1.798544288,0.59115292
10/26/2019 15:00,1.806882437,0.593893537
10/26/2019 16:00,1.844726643,0.606332326
10/26/2019 17:00,1.799654956,0.591517979
10/26/2019 18:00,1.837565819,0.603978677
10/26/2019 19:00,1.875562874,0.616467705
10/26/2019 20:00,1.982343082,0.651564662
10/26/2019 21:00,2.013126784,0.661682776
10/26/2019 22:00,2.036064239,0.669221953
10/26/2019 23:00,2.01,0.660655051
10/27/2019 0:00,2.01,0.660655051
10/27/2019 1:00,2.01,0.660655051
10/27/2019 2:00,2.01,0.660655051
10/27/2019 3:00,2.01,0.660655051
10/27/2019 4:00,2.01,0.660655051
10/27/2019 5:00,2.01,0.660655051
10/27/2019 6:00,2.01,0.660655051
10/27/2019 7:00,2.01,0.660655051
10/27/2019 8:00,2.01,0.660655051
10/27/2019 9:00,2.01,0.660655051
10/27/2019 10:00,2.01,0.660655051
10/27/2019 11:00,2.01,0.660655051
10/27/2019 12:00,2.01,0.660655051
10/27/2019 13:00,2.009414467,0.660462596
10/27/2019 14:00,1.895415736,0.622993025
10/27/2019 15:00,1.846843177,0.607027997
10/27/2019 16:00,1.780757431,0.585306663
10/27/2019 17:00,1.74199385,0.57256569
10/27/2019 18:00,1.745236688,0.573631559
10/27/2019 19:00,1.710745785,0.562294948
10/27/2019 20:00,1.650981383,0.542651339
10/27/2019 21:00,1.505930472,0.49497541
10/27/2019 22:00,1.582956171,0.520292533
10/27/2019 23:00,1.678103174,0.55156584
10/28/2019 0:00,1.650185078,0.542389606
10/28/2019 1:00,1.696078575,0.557474069
10/28/2019 2:00,1.757777746,0.577753606
10/28/2019 3:00,1.758652345,0.578041072
10/28/2019 4:00,1.72083722,0.565611842
10/28/2019 5:00,1.695517445,0.557289634
10/28/2019 6:00,1.587015145,0.521626653
10/28/2019 7:00,1.410778479,0.463700462
10/28/2019 8:00,1.249581332,0.410717522
10/28/2019 9:00,1.16565322,0.383131686
10/28/2019 10:00,1.173963431,0.38586312
10/28/2019 11:00,1.017888316,0.33456371
10/28/2019 12:00,0.890365269,0.292648912
10/28/2019 13:00,0.833143662,0.273841079
10/28/2019 14:00,0.839960197,0.276081566
10/28/2019 15:00,0.891804207,0.293121868
10/28/2019 16:00,0.922447542,0.303193845
10/28/2019 17:00,0.906437458,0.297931585
10/28/2019 18:00,0.825481114,0.271322521
10/28/2019 19:00,0.803881401,0.264223039
10/28/2019 20:00,0.828865308,0.272434852
10/28/2019 21:00,0.780196841,0.256438301
10/28/2019 22:00,0.56157917,0.184582147
10/28/2019 23:00,0.426077121,0.140044777
10/29/2019 0:00,0.327059874,0.107499382
10/29/2019 1:00,0.272218671,0.08947395
10/29/2019 2:00,0.272190227,0.089464601
10/29/2019 3:00,0.268864681,0.088371547
10/29/2019 4:00,0.255092812,0.083844952
10/29/2019 5:00,0.227908067,0.074909759
10/29/2019 6:00,0.19660688,0.064621556
10/29/2019 7:00,0.158367275,0.052052806
10/29/2019 8:00,0.120179691,0.039501154
10/29/2019 9:00,0.093924239,0.030871405
10/29/2019 10:00,0.045371998,0.014913054
10/29/2019 11:00,0.022436639,0.007374567
10/29/2019 12:00,0,0
10/29/2019 13:00,0,0
10/29/2019 14:00,0,0
10/29/2019 15:00,0,0
10/29/2019 16:00,0,0
10/29/2019 17:00,0,0
10/29/2019 18:00,0,0
10/29/2019 19:00,0,0
10/29/2019 20:00,0,0
10/29/2019 21:00,0,0
10/29/2019 22:00,0,0
10/29/2019 23:00,0,0
10/30/2019 0:00,0,0
10/30/2019 1:00,0,0
10/30/2019 2:00,0,0
10/30/2019 3:00,0,0
10/30/2019 4:00,0,0
10/30/2019 5:00,0,0
10/30/2019 6:00,0,0
10/30/2019 7:00,0,0
10/30/2019 8:00,0,0
10/30/2019 9:00,0,0
10/30/2019 10:00,0,0
10/30/2019 11:00,0,0
10/30/2019 12:00,0.013217312,0.00434432
10/30/2019 13:00,0.016439805,0.005403503
10/30/2019 14:00,0.018300193,0.006014983
10/30/2019 15:00,0.03683916,0.012108446
10/30/2019 16:00,0.048722519,0.016014318
10/30/2019 17:00,0.061486188,0.020209533
10/30/2019 18:00,0.074983148,0.024645769
10/30/2019 19:00,0.081992664,0.026949685
10/30/2019 20:00,0.105768719,0.034764497
10/30/2019 21:00,0.124809505,0.0410229
10/30/2019 22:00,0.144028921,0.047340017
10/30/2019 23:00,0.151426615,0.049771521
10/31/2019 0:00,0.158882246,0.052222069
10/31/2019 1:00,0.142872944,0.046960066
10/31/2019 2:00,0.136785893,0.044959349
10/31/2019 3:00,0.161992374,0.053244318
10/31/2019 4:00,0.172319645,0.056638728
10/31/2019 5:00,0.142714539,0.046908
10/31/2019 6:00,0.113054511,0.037159221
10/31/2019 7:00,0.101184382,0.033257698
10/31/2019 8:00,0.119630782,0.039320737
10/31/2019 9:00,0.157391709,0.051732153
10/31/2019 10:00,0.159245449,0.052341448
10/31/2019 11:00,0.22555882,0.074137599
10/31/2019 12:00,0.328383456,0.107934423
10/31/2019 13:00,0.454645946,0.149434896
10/31/2019 14:00,0.513509296,0.168782344
10/31/2019 15:00,0.582640585,0.191504699
10/31/2019 16:00,0.686787975,0.225736291
10/31/2019 17:00,0.75518985,0.2482189
10/31/2019 18:00,0.826448562,0.271640506
10/31/2019 19:00,0.941986392,0.309615954
10/31/2019 20:00,0.925633213,0.304240924
10/31/2019 21:00,0.872763368,0.286863447
10/31/2019 22:00,0.677784429,0.222776968
10/31/2019 23:00,0.623897209,0.205065096
11/01/2019 00:00,0.677815702,0.222787247
11/01/2019 01:00,0.523541484,0.172079764
11/01/2019 02:00,0.324243018,0.106573526
11/01/2019 03:00,0.210894425,0.069317646
11/01/2019 04:00,0.225473722,0.074109628
11/01/2019 05:00,0.290143077,0.095365418
11/01/2019 06:00,0.409574485,0.134620623
11/01/2019 07:00,0.524307462,0.172331529
11/01/2019 08:00,0.574974906,0.188985113
11/01/2019 09:00,0.641115104,0.210724344
11/01/2019 10:00,0.804663803,0.264480202
11/01/2019 11:00,1.106197447,0.363589518
11/01/2019 12:00,1.166789477,0.383505155
11/01/2019 13:00,1.286109001,0.422723586
11/01/2019 14:00,1.390065144,0.456892318
11/01/2019 15:00,1.544866139,0.507772945
11/01/2019 16:00,1.811847212,0.59552538
11/01/2019 17:00,1.906527355,0.626645238
11/01/2019 18:00,1.928905224,0.634000487
11/01/2019 19:00,1.942230238,0.638380208
11/01/2019 20:00,2.014798993,0.662232404
11/01/2019 21:00,2.000878461,0.657656946
11/01/2019 22:00,2.01,0.660655051
11/01/2019 23:00,2.01,0.660655051
11/02/2019 00:00,2.01,0.660655051
11/02/2019 01:00,2.01,0.660655051
11/02/2019 02:00,2.01,0.660655051
11/02/2019 03:00,2.01,0.660655051
11/02/2019 04:00,2.01,0.660655051
11/02/2019 05:00,2.01,0.660655051
11/02/2019 06:00,2.01,0.660655051
11/02/2019 07:00,2.01,0.660655051
11/02/2019 08:00,2.01,0.660655051
11/02/2019 09:00,2.01,0.660655051
11/02/2019 10:00,2.01,0.660655051
11/02/2019 11:00,2.01,0.660655051
11/02/2019 12:00,2.01,0.660655051
11/02/2019 13:00,2.01,0.660655051
11/02/2019 14:00,2.01,0.660655051
11/02/2019 15:00,2.01,0.660655051
11/02/2019 16:00,2.01,0.660655051
11/02/2019 17:00,2.01,0.660655051
11/02/2019 18:00,2.01,0.660655051
11/02/2019 19:00,2.01,0.660655051
11/02/2019 20:00,2.01,0.660655051
11/02/2019 21:00,2.01,0.660655051
11/02/2019 22:00,2.01,0.660655051
11/02/2019 23:00,2.01,0.660655051
11/03/2019 00:00,2.01,0.660655051
11/03/2019 01:00,2.01,0.660655051
11/03/2019 02:00,2.01,0.660655051
11/03/2019 03:00,2.01,0.660655051
11/03/2019 04:00,2.048964142,0.673461946
11/03/2019 05:00,2.035570652,0.669059718
11/03/2019 06:00,2.01135499,0.661100415
11/03/2019 07:00,2.017915882,0.663256876
11/03/2019 08:00,2.006964815,0.659657434
11/03/2019 09:00,2.027498456,0.666406516
11/03/2019 10:00,2.029156188,0.666951386
11/03/2019 11:00,2.01,0.660655051
11/03/2019 12:00,2.01,0.660655051
11/03/2019 13:00,2.032268959,0.667974504
11/03/2019 14:00,2.003714325,0.65858905
11/03/2019 15:00,2.010857228,0.660936809
11/03/2019 16:00,2.01,0.660655051
11/03/2019 17:00,2.01,0.660655051
11/03/2019 18:00,2.01,0.660655051
11/03/2019 19:00,2.01,0.660655051
11/03/2019 20:00,2.01,0.660655051
11/03/2019 21:00,2.01,0.660655051
11/03/2019 22:00,2.01,0.660655051
11/03/2019 23:00,2.01,0.660655051
11/04/2019 00:00,2.01,0.660655051
11/04/2019 01:00,2.01,0.660655051
11/04/2019 02:00,2.01,0.660655051
11/04/2019 03:00,2.031753258,0.667805001
11/04/2019 04:00,1.941795675,0.638237374
11/04/2019 05:00,1.881480424,0.61841271
11/04/2019 06:00,1.910147218,0.627835029
11/04/2019 07:00,1.920331377,0.6311824
11/04/2019 08:00,1.927442865,0.633519833
11/04/2019 09:00,1.963532298,0.645381856
11/04/2019 10:00,1.980194914,0.650858593
11/04/2019 11:00,2.035286423,0.668966297
11/04/2019 12:00,1.96139137,0.644678167
11/04/2019 13:00,1.887697763,0.62045625
11/04/2019 14:00,1.860889231,0.611644712
11/04/2019 15:00,1.831095253,0.601851905
11/04/2019 16:00,1.82654426,0.600356066
11/04/2019 17:00,1.849591703,0.607931394
11/04/2019 18:00,1.851610724,0.608595014
11/04/2019 19:00,1.777169571,0.58412739
11/04/2019 20:00,1.674360098,0.55033555
11/04/2019 21:00,1.60074291,0.526138751
11/04/2019 22:00,1.510248563,0.496394698
11/04/2019 23:00,1.509808135,0.496249936
11/05/2019 00:00,1.544733074,0.507729208
11/05/2019 01:00,1.512665893,0.497189235
11/05/2019 02:00,1.490212822,0.489809268
11/05/2019 03:00,1.345914987,0.442380863
11/05/2019 04:00,1.251868205,0.411469181
11/05/2019 05:00,1.232735598,0.405180597
11/05/2019 06:00,1.198559577,0.393947482
11/05/2019 07:00,1.18069701,0.38807634
11/05/2019 08:00,1.165587815,0.383110188
11/05/2019 09:00,1.013986022,0.333281088
11/05/2019 10:00,0.67826702,0.222935589
11/05/2019 11:00,0.528994129,0.173871962
11/05/2019 12:00,0.374104969,0.122962357
11/05/2019 13:00,0.309898726,0.101858786
11/05/2019 14:00,0.339338013,0.111535011
11/05/2019 15:00,0.484124074,0.159123888
11/05/2019 16:00,0.7291882,0.239672571
11/05/2019 17:00,0.859274757,0.282429955
11/05/2019 18:00,0.836941236,0.275089281
11/05/2019 19:00,0.740720031,0.2434629
11/05/2019 20:00,0.659471393,0.216757765
11/05/2019 21:00,0.614152902,0.201862297
11/05/2019 22:00,0.237936113,0.078205818
11/05/2019 23:00,0.145322864,0.047765316
11/06/2019 00:00,0.120310772,0.039544238
11/06/2019 01:00,0.101149363,0.033246188
11/06/2019 02:00,0.080496745,0.026458001
11/06/2019 03:00,0.082321459,0.027057755
11/06/2019 04:00,0.074873456,0.024609715
11/06/2019 05:00,0.07814331,0.025684464
11/06/2019 06:00,0.081528428,0.026797098
11/06/2019 07:00,0.092349078,0.030353674
11/06/2019 08:00,0.093534334,0.030743249
11/06/2019 09:00,0.080507776,0.026461626
11/06/2019 10:00,0.041986219,0.013800203
11/06/2019 11:00,0.016898311,0.005554206
11/06/2019 12:00,0.01020252,0.003353406
11/06/2019 13:00,0.01336668,0.004393415
11/06/2019 14:00,0.028865634,0.009487675
11/06/2019 15:00,0.067571741,0.022209757
11/06/2019 16:00,0.113297171,0.037238979
11/06/2019 17:00,0.17904946,0.058850712
11/06/2019 18:00,0.250785879,0.082429332
11/06/2019 19:00,0.329983495,0.10846033
11/06/2019 20:00,0.360013506,0.118330717
11/06/2019 21:00,0.355594219,0.116878168
11/06/2019 22:00,0.448165572,0.1473049
11/06/2019 23:00,0.468703639,0.154055436
11/07/2019 00:00,0.50881006,0.167237779
11/07/2019 01:00,0.573812077,0.188602909
11/07/2019 02:00,0.634952867,0.208698915
11/07/2019 03:00,0.674746452,0.221778434
11/07/2019 04:00,0.732348204,0.240711214
11/07/2019 05:00,0.792008375,0.260320564
11/07/2019 06:00,0.857702538,0.281913191
11/07/2019 07:00,0.983181565,0.323156153
11/07/2019 08:00,1.144172463,0.376071302
11/07/2019 09:00,1.285257539,0.422443724
11/07/2019 10:00,1.658527904,0.54513176
11/07/2019 11:00,1.679392123,0.551989497
11/07/2019 12:00,1.733085497,0.569637656
11/07/2019 13:00,1.848945678,0.607719056
11/07/2019 14:00,1.925342872,0.632829599
11/07/2019 15:00,1.909885048,0.627748858
11/07/2019 16:00,1.824333001,0.59962926
11/07/2019 17:00,1.721673825,0.56588682
11/07/2019 18:00,1.669349394,0.548688612
11/07/2019 19:00,1.651738135,0.542900071
11/07/2019 20:00,1.562989476,0.513729797
11/07/2019 21:00,1.397022227,0.459179001
11/07/2019 22:00,1.143973046,0.376005757
11/07/2019 23:00,1.150424497,0.378126246
11/08/2019 00:00,1.120665567,0.368344959
11/08/2019 01:00,1.012715422,0.332863462
11/08/2019 02:00,0.878356124,0.288701697
11/08/2019 03:00,0.850430033,0.279522835
11/08/2019 04:00,0.738026194,0.242577479
11/08/2019 05:00,0.620910925,0.204083552
11/08/2019 06:00,0.459430763,0.151007589
11/08/2019 07:00,0.366001597,0.120298907
11/08/2019 08:00,0.283117604,0.093056256
11/08/2019 09:00,0.212462002,0.069832883
11/08/2019 10:00,0.213613989,0.070211523
11/08/2019 11:00,0.122837696,0.040374798
11/08/2019 12:00,0.055726341,0.018316363
11/08/2019 13:00,0.041083234,0.013503406
11/08/2019 14:00,0.037555535,0.012343907
11/08/2019 15:00,0.044009304,0.014465159
11/08/2019 16:00,0.037666897,0.01238051
11/08/2019 17:00,0.027885471,0.009165511
11/08/2019 18:00,0.015947248,0.005241607
11/08/2019 19:00,0.014897912,0.004896707
11/08/2019 20:00,0.034427434,0.01131575
11/08/2019 21:00,0.075878945,0.024940203
11/08/2019 22:00,0.107198933,0.035234585
11/08/2019 23:00,0.160613215,0.052791011
11/09/2019 00:00,0.201007374,0.066067929
11/09/2019 01:00,0.219549231,0.072162342
11/09/2019 02:00,0.274030855,0.090069586
11/09/2019 03:00,0.384877587,0.126503145
11/09/2019 04:00,0.469093998,0.154183741
11/09/2019 05:00,0.438833297,0.14423753
11/09/2019 06:00,0.436546987,0.143486056
11/09/2019 07:00,0.459135347,0.150910491
11/09/2019 08:00,0.497300177,0.163454664
11/09/2019 09:00,0.516616094,0.169803499
11/09/2019 10:00,0.780070609,0.25639681
11/09/2019 11:00,0.81787535,0.268822628
11/09/2019 12:00,0.748724428,0.246093818
11/09/2019 13:00,0.649583243,0.213507687
11/09/2019 14:00,0.484885849,0.159374271
11/09/2019 15:00,0.384060695,0.126234646
11/09/2019 16:00,0.405270377,0.133205931
11/09/2019 17:00,0.434017223,0.142654562
11/09/2019 18:00,0.435295928,0.143074853
11/09/2019 19:00,0.463142538,0.152227591
11/09/2019 20:00,0.494103296,0.1624039
11/09/2019 21:00,0.56216318,0.184774102
11/09/2019 22:00,0.545315654,0.179236588
11/09/2019 23:00,0.493490243,0.162202399
11/10/2019 00:00,0.513726756,0.168853819
11/10/2019 01:00,0.590853907,0.194204288
11/10/2019 02:00,0.685894976,0.225442776
11/10/2019 03:00,0.731383176,0.240394025
11/10/2019 04:00,0.732952939,0.240909981
11/10/2019 05:00,0.694511219,0.228274799
11/10/2019 06:00,0.638841335,0.209976993
11/10/2019 07:00,0.469477893,0.154309921
11/10/2019 08:00,0.301226752,0.099008446
11/10/2019 09:00,0.242375113,0.079664847
11/10/2019 10:00,0.296968798,0.097608924
11/10/2019 11:00,0.290391079,0.095446932
11/10/2019 12:00,0.220919,0.072612564
11/10/2019 13:00,0.186698135,0.061364709
11/10/2019 14:00,0.220413066,0.072446271
11/10/2019 15:00,0.468958398,0.154139172
11/10/2019 16:00,0.657213618,0.21601567
11/10/2019 17:00,0.73387909,0.241214392
11/10/2019 18:00,1.104557257,0.363050414
11/10/2019 19:00,1.343449183,0.441570392
11/10/2019 20:00,1.518519256,0.499113143
11/10/2019 21:00,1.682891897,0.553139817
11/10/2019 22:00,1.578273717,0.518753484
11/10/2019 23:00,1.871256172,0.615052161
11/11/2019 00:00,1.996803864,0.656317691
11/11/2019 01:00,2.045096021,0.672190556
11/11/2019 02:00,2.035333969,0.668981924
11/11/2019 03:00,1.986388136,0.652894207
11/11/2019 04:00,1.969656331,0.647394729
11/11/2019 05:00,2.01,0.660655051
11/11/2019 06:00,2.01,0.660655051
11/11/2019 07:00,2.01,0.660655051
11/11/2019 08:00,2.01,0.660655051
11/11/2019 09:00,2.01,0.660655051
11/11/2019 10:00,2.01,0.660655051
11/11/2019 11:00,2.01,0.660655051
11/11/2019 12:00,2.01,0.660655051
11/11/2019 13:00,2.01,0.660655051
11/11/2019 14:00,2.014745508,0.662214824
11/11/2019 15:00,1.786390394,0.587158128
11/11/2019 16:00,1.708555238,0.561574949
11/11/2019 17:00,1.638054048,0.538402329
11/11/2019 18:00,1.656118307,0.544339764
11/11/2019 19:00,1.587403218,0.521754206
11/11/2019 20:00,1.497367515,0.492160902
11/11/2019 21:00,1.167326747,0.383681747
11/11/2019 22:00,1.322306973,0.434621284
11/11/2019 23:00,1.678547239,0.551711797
11/12/2019 00:00,1.892359268,0.621988413
11/12/2019 01:00,2.01,0.660655051
11/12/2019 02:00,2.01,0.660655051
11/12/2019 03:00,2.01,0.660655051
11/12/2019 04:00,2.01,0.660655051
11/12/2019 05:00,2.01,0.660655051
11/12/2019 06:00,2.01,0.660655051
11/12/2019 07:00,2.01,0.660655051
11/12/2019 08:00,1.993937933,0.655375705
11/12/2019 09:00,1.894131571,0.622570941
11/12/2019 10:00,1.820553906,0.598387131
11/12/2019 11:00,1.815969374,0.596880269
11/12/2019 12:00,1.632543036,0.536590947
11/12/2019 13:00,1.151319034,0.378420266
11/12/2019 14:00,0.950449729,0.312397719
11/12/2019 15:00,0.94024833,0.309044681
11/12/2019 16:00,0.817623176,0.268739742
11/12/2019 17:00,0.666631939,0.219111322
11/12/2019 18:00,0.537280679,0.176595619
11/12/2019 19:00,0.434161123,0.14270186
11/12/2019 20:00,0.367737538,0.120869483
11/12/2019 21:00,0.298583675,0.098139708
11/12/2019 22:00,0.218982627,0.071976109
11/12/2019 23:00,0.177333058,0.058286558
11/13/2019 0:00,0.152457372,0.050110315
11/13/2019 1:00,0.110299465,0.036253681
11/13/2019 2:00,0.089074662,0.029277426
11/13/2019 3:00,0.070232842,0.023084419
11/13/2019 4:00,0.052048941,0.01710766
11/13/2019 5:00,0.041440886,0.01362096
11/13/2019 6:00,0.035645194,0.011716009
11/13/2019 7:00,0.032909315,0.010816769
11/13/2019 8:00,0.031202001,0.010255602
11/13/2019 9:00,0.033717046,0.011082257
11/13/2019 10:00,0.061492168,0.020211498
11/13/2019 11:00,0.089535047,0.029428747
11/13/2019 12:00,0.082026309,0.026960744
11/13/2019 13:00,0.083429585,0.027421978
11/13/2019 14:00,0.092164391,0.03029297
11/13/2019 15:00,0.110386251,0.036282206
11/13/2019 16:00,0.13909232,0.045717435
11/13/2019 17:00,0.143187399,0.047063422
11/13/2019 18:00,0.166248146,0.054643123
11/13/2019 19:00,0.219871723,0.072268341
11/13/2019 20:00,0.247803364,0.081449027
11/13/2019 21:00,0.309405231,0.101696581
11/13/2019 22:00,0.276237703,0.090794942
11/13/2019 23:00,0.387441809,0.127345964
11/14/2019 0:00,0.53218148,0.174919593
11/14/2019 1:00,0.606721598,0.199419745
11/14/2019 2:00,0.792854721,0.260598744
11/14/2019 3:00,0.94580558,0.310871261
11/14/2019 4:00,1.057570958,0.347606764
11/14/2019 5:00,1.133083131,0.372426415
11/14/2019 6:00,1.187497581,0.39031158
11/14/2019 7:00,1.188491505,0.390638267
11/14/2019 8:00,1.118711348,0.367702638
11/14/2019 9:00,1.156467388,0.380112449
11/14/2019 10:00,1.649234965,0.542077319
11/14/2019 11:00,1.550948517,0.509772125
11/14/2019 12:00,1.607410597,0.528330314
11/14/2019 13:00,1.673979645,0.550210502
11/14/2019 14:00,1.769174546,0.581499552
11/14/2019 15:00,1.846437526,0.606894666
11/14/2019 16:00,1.915898488,0.62972538
11/14/2019 17:00,1.984067184,0.652131347
11/14/2019 18:00,1.945754539,0.63953859
11/14/2019 19:00,1.859323621,0.611130121
11/14/2019 20:00,1.790857058,0.58862625
11/14/2019 21:00,1.711549258,0.562559036
11/14/2019 22:00,1.71078113,0.562306565
11/14/2019 23:00,1.585567224,0.521150744
11/15/2019 0:00,1.14395897,0.376001131
11/15/2019 1:00,1.07084375,0.35196932
11/15/2019 2:00,1.096590394,0.360431832
11/15/2019 3:00,0.985748849,0.323999978
11/15/2019 4:00,0.774221624,0.254474342
11/15/2019 5:00,0.629672138,0.206963223
11/15/2019 6:00,0.538450999,0.176980285
11/15/2019 7:00,0.456508849,0.150047203
11/15/2019 8:00,0.372175058,0.122328026
11/15/2019 9:00,0.294924046,0.096936846
11/15/2019 10:00,0.360181836,0.118386044
11/15/2019 11:00,0.288748339,0.094906989
11/15/2019 12:00,0.202820066,0.066663732
11/15/2019 13:00,0.150795045,0.049563934
11/15/2019 14:00,0.126981406,0.04173677
11/15/2019 15:00,0.106275551,0.034931084
11/15/2019 16:00,0.093722443,0.030805077
11/15/2019 17:00,0.117034865,0.0384675
11/15/2019 18:00,0.163415693,0.053712141
11/15/2019 19:00,0.185565699,0.060992496
11/15/2019 20:00,0.141566281,0.046530586
11/15/2019 21:00,0.106886462,0.035131881
11/15/2019 22:00,0.079140218,0.026012132
11/15/2019 23:00,0.052468764,0.017245649
11/16/2019 0:00,0.032694511,0.010746166
11/16/2019 1:00,0.012103583,0.003978255
11/16/2019 2:00,0,0
11/16/2019 3:00,0,0
11/16/2019 4:00,0,0
11/16/2019 5:00,0,0
11/16/2019 6:00,0,0
11/16/2019 7:00,0,0
11/16/2019 8:00,0,0
11/16/2019 9:00,0.016049683,0.005275276
11/16/2019 10:00,0.02459821,0.008085041
11/16/2019 11:00,0.031418858,0.010326879
11/16/2019 12:00,0.028358632,0.009321032
11/16/2019 13:00,0.015345483,0.005043816
11/16/2019 14:00,0.010736734,0.003528994
11/16/2019 15:00,0,0
11/16/2019 16:00,0.011890897,0.003908349
11/16/2019 17:00,0.010919622,0.003589106
11/16/2019 18:00,0.014197603,0.004666526
11/16/2019 19:00,0.016345529,0.005372516
11/16/2019 20:00,0.016416392,0.005395807
11/16/2019 21:00,0.013594939,0.00446844
11/16/2019 22:00,0.015222281,0.005003322
11/16/2019 23:00,0.016377499,0.005383023
11/17/2019 0:00,0.028100274,0.009236113
11/17/2019 1:00,0.045407716,0.014924795
11/17/2019 2:00,0.093683535,0.030792289
11/17/2019 3:00,0.120373221,0.039564764
11/17/2019 4:00,0.086797346,0.028528908
11/17/2019 5:00,0.049548121,0.01628568
11/17/2019 6:00,0.045934603,0.015097974
11/17/2019 7:00,0.123619171,0.040631657
11/17/2019 8:00,0.279412849,0.091838562
11/17/2019 9:00,0.412963234,0.135734451
11/17/2019 10:00,0.378651752,0.124456812
11/17/2019 11:00,0.303777446,0.099846818
11/17/2019 12:00,0.291215193,0.095717805
11/17/2019 13:00,0.306925987,0.100881693
11/17/2019 14:00,0.246833189,0.081130146
11/17/2019 15:00,0.278397458,0.091504819
11/17/2019 16:00,0.402489889,0.132292029
11/17/2019 17:00,0.342256548,0.112494287
11/17/2019 18:00,0.365501879,0.120134658
11/17/2019 19:00,0.418555623,0.137572581
11/17/2019 20:00,0.554106629,0.182126042
11/17/2019 21:00,0.719481994,0.236482295
11/17/2019 22:00,0.831907921,0.273434911
11/17/2019 23:00,0.877803579,0.288520084
11/18/2019 0:00,0.67105099,0.220563794
11/18/2019 1:00,0.474865619,0.156080781
11/18/2019 2:00,0.481007508,0.158099522
11/18/2019 3:00,0.593638316,0.195119479
11/18/2019 4:00,0.706946469,0.232362068
11/18/2019 5:00,0.684118153,0.224858763
11/18/2019 6:00,0.504325872,0.165763898
11/18/2019 7:00,0.368363945,0.121075373
11/18/2019 8:00,0.323500833,0.106329582
11/18/2019 9:00,0.249839702,0.082118339
11/18/2019 10:00,0.186952478,0.061448308
11/18/2019 11:00,0.118174377,0.038842039
11/18/2019 12:00,0.099440285,0.032684441
11/18/2019 13:00,0.093516875,0.03073751
11/18/2019 14:00,0.09455759,0.031079577
11/18/2019 15:00,0.101688004,0.033423231
11/18/2019 16:00,0.082289629,0.027047293
11/18/2019 17:00,0.063409114,0.020841568
11/18/2019 18:00,0.044266848,0.014549809
11/18/2019 19:00,0.024424991,0.008028106
11/18/2019 20:00,0.01062699,0.003492923
11/18/2019 21:00,0,0
11/18/2019 22:00,0,0
11/18/2019 23:00,0,0
11/19/2019 0:00,0,0
11/19/2019 1:00,0,0
11/19/2019 2:00,0,0
11/19/2019 3:00,0,0
11/19/2019 4:00,0.015116046,0.004968404
11/19/2019 5:00,0.016254815,0.005342699
11/19/2019 6:00,0.016255599,0.005342957
11/19/2019 7:00,0.033982151,0.011169393
11/19/2019 8:00,0.062007165,0.02038077
11/19/2019 9:00,0.099739019,0.03278263
11/19/2019 10:00,0.1639733,0.053895417
11/19/2019 11:00,0.263473718,0.086599623
11/19/2019 12:00,0.438316936,0.14406781
11/19/2019 13:00,0.577085255,0.189678751
11/19/2019 14:00,0.803824786,0.264204431
11/19/2019 15:00,1.164518925,0.382758861
11/19/2019 16:00,1.434336693,0.471443673
11/19/2019 17:00,1.56248987,0.513565585
11/19/2019 18:00,1.658136224,0.545003021
11/19/2019 19:00,1.708258167,0.561477307
11/19/2019 20:00,1.771328814,0.582207626
11/19/2019 21:00,1.82233992,0.598974166
11/19/2019 22:00,1.894113699,0.622565066
11/19/2019 23:00,1.897912472,0.623813663
11/20/2019 0:00,1.849489194,0.607897701
11/20/2019 1:00,1.757709438,0.577731154
11/20/2019 2:00,1.719787505,0.565266817
11/20/2019 3:00,1.532190194,0.503606563
11/20/2019 4:00,1.391787163,0.457458318
11/20/2019 5:00,1.455359116,0.478353409
11/20/2019 6:00,1.674640076,0.550427575
11/20/2019 7:00,1.837805442,0.604057437
11/20/2019 8:00,1.915627981,0.629636469
11/20/2019 9:00,1.951908145,0.641561182
11/20/2019 10:00,2.015207221,0.662366582
11/20/2019 11:00,2.037311071,0.669631766
11/20/2019 12:00,2.034676556,0.668765843
11/20/2019 13:00,2.046864661,0.67277188
11/20/2019 14:00,2.01,0.660655051
11/20/2019 15:00,2.01,0.660655051
11/20/2019 16:00,2.015165777,0.66235296
11/20/2019 17:00,2.007817665,0.659937753
11/20/2019 18:00,2.019021622,0.663620315
11/20/2019 19:00,2.030137871,0.667274049
11/20/2019 20:00,2.018205166,0.663351959
11/20/2019 21:00,1.98440973,0.652243936
11/20/2019 22:00,1.89054261,0.621391306
11/20/2019 23:00,1.888943198,0.620865605
11/21/2019 0:00,1.912656186,0.628659687
11/21/2019 1:00,1.996173451,0.656110485
11/21/2019 2:00,1.958315164,0.643667067
11/21/2019 3:00,2.02664197,0.666125002
11/21/2019 4:00,2.01,0.660655051
11/21/2019 5:00,2.01,0.660655051
11/21/2019 6:00,2.01,0.660655051
11/21/2019 7:00,2.01,0.660655051
11/21/2019 8:00,2.01,0.660655051
11/21/2019 9:00,2.01,0.660655051
11/21/2019 10:00,2.017180629,0.66301521
11/21/2019 11:00,2.034365401,0.668663571
11/21/2019 12:00,2.01,0.660655051
11/21/2019 13:00,2.020534932,0.664117716
11/21/2019 14:00,1.992198831,0.65480409
11/21/2019 15:00,1.909664974,0.627676523
11/21/2019 16:00,1.720545738,0.565516036
11/21/2019 17:00,1.372676697,0.451177012
11/21/2019 18:00,1.142953204,0.375670551
11/21/2019 19:00,1.11351146,0.365993518
11/21/2019 20:00,1.143718927,0.375922232
11/21/2019 21:00,1.211938842,0.398345034
11/21/2019 22:00,1.561097077,0.513107796
11/21/2019 23:00,1.539660108,0.506061805
11/22/2019 0:00,1.502953953,0.493997075
11/22/2019 1:00,1.397026172,0.459180297
11/22/2019 2:00,1.239724657,0.40747779
11/22/2019 3:00,1.195551093,0.392958641
11/22/2019 4:00,1.296849144,0.426253701
11/22/2019 5:00,1.37223662,0.451032366
11/22/2019 6:00,1.327056584,0.436182406
11/22/2019 7:00,1.317870439,0.433163066
11/22/2019 8:00,1.431355654,0.470463852
11/22/2019 9:00,1.056243791,0.347170545
11/22/2019 10:00,1.038914418,0.341474656
11/22/2019 11:00,1.076416608,0.35380103
11/22/2019 12:00,1.081291998,0.355403493
11/22/2019 13:00,1.045018724,0.343481044
11/22/2019 14:00,0.87612454,0.28796821
11/22/2019 15:00,0.778544637,0.255895247
11/22/2019 16:00,0.740010613,0.243229726
11/22/2019 17:00,0.790858025,0.259942462
11/22/2019 18:00,0.818605892,0.269062745
11/22/2019 19:00,0.917415106,0.301539763
11/22/2019 20:00,1.047194026,0.344196031
11/22/2019 21:00,1.098012901,0.360899388
11/22/2019 22:00,1.177617111,0.387064026
11/22/2019 23:00,1.05681157,0.347357165
11/23/2019 0:00,0.855619746,0.281228611
11/23/2019 1:00,0.685274303,0.225238771
11/23/2019 2:00,0.514355713,0.169060547
11/23/2019 3:00,0.553640801,0.181972931
11/23/2019 4:00,0.714576592,0.234869968
11/23/2019 5:00,0.753251327,0.247581738
11/23/2019 6:00,0.72216864,0.237365353
11/23/2019 7:00,0.758395443,0.249272528
11/23/2019 8:00,0.792859285,0.260600245
11/23/2019 9:00,0.734232207,0.241330456
11/23/2019 10:00,0.791373225,0.2601118
11/23/2019 11:00,0.828794311,0.272411516
11/23/2019 12:00,0.870067981,0.285977516
11/23/2019 13:00,0.848759138,0.278973638
11/23/2019 14:00,0.797292809,0.262057473
11/23/2019 15:00,0.844581124,0.277600391
11/23/2019 16:00,0.917665444,0.301622045
11/23/2019 17:00,0.965024198,0.317188115
11/23/2019 18:00,1.207644925,0.396933691
11/23/2019 19:00,1.434408135,0.471467154
11/23/2019 20:00,1.732932877,0.569587492
11/23/2019 21:00,1.833655378,0.602693377
11/23/2019 22:00,1.62139547,0.532926919
11/23/2019 23:00,1.654329547,0.543751827
11/24/2019 0:00,1.751639312,0.575736
11/24/2019 1:00,1.901040668,0.624841851
11/24/2019 2:00,1.955613432,0.642779051
11/24/2019 3:00,1.908478649,0.627286597
11/24/2019 4:00,1.973471978,0.648648871
11/24/2019 5:00,2.037792404,0.669789973
11/24/2019 6:00,2.01,0.660655051
11/24/2019 7:00,2.047435076,0.672959366
11/24/2019 8:00,2.01,0.660655051
11/24/2019 9:00,2.01,0.660655051
11/24/2019 10:00,2.013065204,0.661662535
11/24/2019 11:00,1.905889151,0.62643547
11/24/2019 12:00,1.858701993,0.610925801
11/24/2019 13:00,1.751911442,0.575825445
11/24/2019 14:00,1.627809321,0.53503505
11/24/2019 15:00,1.658602853,0.545156395
11/24/2019 16:00,1.744280465,0.573317264
11/24/2019 17:00,1.652111801,0.543022889
11/24/2019 18:00,1.410882175,0.463734545
11/24/2019 19:00,1.16169058,0.381829229
11/24/2019 20:00,1.013565839,0.333142981
11/24/2019 21:00,0.863163303,0.283708058
11/24/2019 22:00,0.713224049,0.234425408
11/24/2019 23:00,0.690731138,0.227032346
11/25/2019 0:00,0.685870493,0.225434729
11/25/2019 1:00,0.68528658,0.225242806
11/25/2019 2:00,0.561703069,0.184622871
11/25/2019 3:00,0.475385066,0.156251515
11/25/2019 4:00,0.381167356,0.125283651
11/25/2019 5:00,0.385146203,0.126591435
11/25/2019 6:00,0.374010775,0.122931397
11/25/2019 7:00,0.320229762,0.105254433
11/25/2019 8:00,0.321386071,0.105634493
11/25/2019 9:00,0.384042362,0.12622862
11/25/2019 10:00,0.437577028,0.143824614
11/25/2019 11:00,0.599454712,0.197031236
11/25/2019 12:00,0.765448972,0.25159091
11/25/2019 13:00,0.954942348,0.313874371
11/25/2019 14:00,0.963975251,0.316843343
11/25/2019 15:00,0.970857725,0.319105503
11/25/2019 16:00,1.053916296,0.346405535
11/25/2019 17:00,1.109779393,0.364766847
11/25/2019 18:00,1.243158011,0.408606278
11/25/2019 19:00,1.250585778,0.411047667
11/25/2019 20:00,1.140626309,0.374905738
11/25/2019 21:00,1.063646413,0.34960367
11/25/2019 22:00,1.114121268,0.366193952
11/25/2019 23:00,1.16253555,0.382106957
11/26/2019 0:00,1.093511387,0.359419812
11/26/2019 1:00,1.149576595,0.377847554
11/26/2019 2:00,1.290988455,0.424327385
11/26/2019 3:00,1.280218922,0.420787611
11/26/2019 4:00,1.405717366,0.462036955
11/26/2019 5:00,1.583070401,0.520330078
11/26/2019 6:00,1.771596419,0.582295584
11/26/2019 7:00,1.818122741,0.597588046
11/26/2019 8:00,1.89120794,0.62160999
11/26/2019 9:00,1.892710803,0.622103957
11/26/2019 10:00,1.736936968,0.570903573
11/26/2019 11:00,1.551133784,0.50983302
11/26/2019 12:00,1.653970346,0.543633763
11/26/2019 13:00,1.795715078,0.590223004
11/26/2019 14:00,1.895162977,0.622909947
11/26/2019 15:00,2.019929541,0.663918734
11/26/2019 16:00,2.01,0.660655051
11/26/2019 17:00,2.01,0.660655051
11/26/2019 18:00,2.01,0.660655051
11/26/2019 19:00,2.01,0.660655051
11/26/2019 20:00,2.01,0.660655051
11/26/2019 21:00,2.01,0.660655051
11/26/2019 22:00,2.01,0.660655051
11/26/2019 23:00,2.01,0.660655051
11/27/2019 0:00,2.01,0.660655051
11/27/2019 1:00,2.01,0.660655051
11/27/2019 2:00,1.999495893,0.657202518
11/27/2019 3:00,1.974913769,0.649122765
11/27/2019 4:00,1.918933732,0.630723016
11/27/2019 5:00,1.92468459,0.632613232
11/27/2019 6:00,1.971793403,0.64809715
11/27/2019 7:00,2.012531657,0.661487167
11/27/2019 8:00,2.01738148,0.663081226
11/27/2019 9:00,2.030715583,0.667463934
11/27/2019 10:00,2.01,0.660655051
11/27/2019 11:00,2.01,0.660655051
11/27/2019 12:00,2.01,0.660655051
11/27/2019 13:00,2.01,0.660655051
11/27/2019 14:00,2.01,0.660655051
11/27/2019 15:00,2.01,0.660655051
11/27/2019 16:00,2.01,0.660655051
11/27/2019 17:00,2.01,0.660655051
11/27/2019 18:00,2.01,0.660655051
11/27/2019 19:00,2.01,0.660655051
11/27/2019 20:00,2.01,0.660655051
11/27/2019 21:00,2.01,0.660655051
11/27/2019 22:00,2.01,0.660655051
11/27/2019 23:00,2.01,0.660655051
11/28/2019 0:00,2.01,0.660655051
11/28/2019 1:00,2.01,0.660655051
11/28/2019 2:00,2.01,0.660655051
11/28/2019 3:00,2.01,0.660655051
11/28/2019 4:00,2.01,0.660655051
11/28/2019 5:00,2.01,0.660655051
11/28/2019 6:00,2.01,0.660655051
11/28/2019 7:00,2.01,0.660655051
11/28/2019 8:00,2.01,0.660655051
11/28/2019 9:00,2.01,0.660655051
11/28/2019 10:00,2.00425793,0.658767724
11/28/2019 11:00,1.964801041,0.645798872
11/28/2019 12:00,1.9206372,0.63128292
11/28/2019 13:00,1.930416197,0.63449712
11/28/2019 14:00,2.025958677,0.665900415
11/28/2019 15:00,2.039543327,0.670365473
11/28/2019 16:00,2.010806267,0.660920058
11/28/2019 17:00,1.988098847,0.65345649
11/28/2019 18:00,1.899009401,0.624174206
11/28/2019 19:00,1.859976562,0.611344732
11/28/2019 20:00,1.821124109,0.598574548
11/28/2019 21:00,1.785680968,0.586924951
11/28/2019 22:00,1.744773347,0.573479266
11/28/2019 23:00,1.707032718,0.561074522
11/29/2019 0:00,1.63446545,0.537222814
11/29/2019 1:00,1.596218857,0.524651767
11/29/2019 2:00,1.631192303,0.536146982
11/29/2019 3:00,1.66512564,0.547300331
11/29/2019 4:00,1.619456563,0.532289631
11/29/2019 5:00,1.56606036,0.514739148
11/29/2019 6:00,1.615941067,0.531134144
11/29/2019 7:00,1.557986365,0.512085354
11/29/2019 8:00,1.508323345,0.495761909
11/29/2019 9:00,1.440587897,0.473498344
11/29/2019 10:00,1.243744912,0.408799183
11/29/2019 11:00,1.12587456,0.370057072
11/29/2019 12:00,0.934657311,0.307207002
11/29/2019 13:00,0.774072048,0.254425178
11/29/2019 14:00,0.632813245,0.207995655
11/29/2019 15:00,0.570612825,0.187551366
11/29/2019 16:00,0.540287191,0.177583812
11/29/2019 17:00,0.55222074,0.18150618
11/29/2019 18:00,0.625712266,0.205661676
11/29/2019 19:00,0.707082164,0.232406668
11/29/2019 20:00,0.756723331,0.248722931
11/29/2019 21:00,0.77564235,0.254941312
11/29/2019 22:00,1.210081879,0.39773468
11/29/2019 23:00,1.035521708,0.340359526
11/30/2019 0:00,0.76371699,0.251021635
11/30/2019 1:00,0.565706986,0.185938895
11/30/2019 2:00,0.39445355,0.129650612
11/30/2019 3:00,0.289722121,0.095227056
11/30/2019 4:00,0.212650121,0.069894715
11/30/2019 5:00,0.149180501,0.049033259
11/30/2019 6:00,0.093915758,0.030868617
11/30/2019 7:00,0.044048032,0.014477888
11/30/2019 8:00,0.017189161,0.005649804
11/30/2019 9:00,0,0
11/30/2019 10:00,0.010663107,0.003504794
11/30/2019 11:00,0,0
11/30/2019 12:00,0,0
11/30/2019 13:00,0,0
11/30/2019 14:00,0.011177667,0.003673922
11/30/2019 15:00,0.022081518,0.007257844
11/30/2019 16:00,0.033545934,0.011026015
11/30/2019 17:00,0.050897136,0.016729079
11/30/2019 18:00,0.087377875,0.028719719
11/30/2019 19:00,0.118462137,0.038936622
11/30/2019 20:00,0.151558378,0.04981483
11/30/2019 21:00,0.190949557,0.062762084
11/30/2019 22:00,0.285924997,0.093979002
11/30/2019 23:00,0.384862777,0.126498277
12/01/2019 00:00,0.49078649,0.161313718
12/01/2019 01:00,0.729864788,0.239894955
12/01/2019 02:00,0.834629267,0.274329374
12/01/2019 03:00,1.085007153,0.356624605
12/01/2019 04:00,1.315401339,0.432351512
12/01/2019 05:00,1.428586854,0.469553792
12/01/2019 06:00,1.480584429,0.486644568
12/01/2019 07:00,1.594602947,0.524120643
12/01/2019 08:00,1.646101092,0.541047264
12/01/2019 09:00,1.610891894,0.529474561
12/01/2019 10:00,1.55028811,0.50955506
12/01/2019 11:00,1.456272538,0.478653636
12/01/2019 12:00,1.684493506,0.553666241
12/01/2019 13:00,1.826171954,0.600233694
12/01/2019 14:00,1.920165562,0.631127899
12/01/2019 15:00,1.956440491,0.643050892
12/01/2019 16:00,1.931977049,0.635010148
12/01/2019 17:00,1.899950091,0.624483395
12/01/2019 18:00,1.78447459,0.586528434
12/01/2019 19:00,1.666367714,0.547708581
12/01/2019 20:00,1.345046286,0.442095335
12/01/2019 21:00,1.186462256,0.389971285
12/01/2019 22:00,1.38711435,0.455922439
12/01/2019 23:00,1.26077226,0.414395802
12/02/2019 00:00,1.032495764,0.339364946
12/02/2019 01:00,0.987028002,0.324420416
12/02/2019 02:00,1.244930564,0.409188889
12/02/2019 03:00,1.739184856,0.571642418
12/02/2019 04:00,1.895688142,0.623082561
12/02/2019 05:00,1.917241714,0.630166877
12/02/2019 06:00,1.858358602,0.610812934
12/02/2019 07:00,1.824770414,0.599773031
12/02/2019 08:00,1.838099914,0.604154226
12/02/2019 09:00,1.848624722,0.607613562
12/02/2019 10:00,1.526786931,0.501830596
12/02/2019 11:00,1.101983545,0.362204475
12/02/2019 12:00,1.12677357,0.370352562
12/02/2019 13:00,1.311126999,0.430946605
12/02/2019 14:00,1.544875484,0.507776016
12/02/2019 15:00,1.690928341,0.555781269
12/02/2019 16:00,1.837196061,0.603857143
12/02/2019 17:00,1.894605101,0.622726582
12/02/2019 18:00,1.942697437,0.638533769
12/02/2019 19:00,1.979470275,0.650620416
12/02/2019 20:00,2.000173544,0.657425252
12/02/2019 21:00,2.01,0.660655051
12/02/2019 22:00,2.01,0.660655051
12/02/2019 23:00,2.01,0.660655051
12/03/2019 00:00,2.01,0.660655051
12/03/2019 01:00,2.01,0.660655051
12/03/2019 02:00,2.01,0.660655051
12/03/2019 03:00,2.01,0.660655051
12/03/2019 04:00,2.01,0.660655051
12/03/2019 05:00,2.01,0.660655051
12/03/2019 06:00,2.03127362,0.667647352
12/03/2019 07:00,2.011327794,0.661091476
12/03/2019 08:00,1.933486175,0.635506173
12/03/2019 09:00,1.80663631,0.593812639
12/03/2019 10:00,1.818345702,0.59766133
12/03/2019 11:00,1.783576771,0.586233335
12/03/2019 12:00,1.69634913,0.557562996
12/03/2019 13:00,1.467208324,0.482248055
12/03/2019 14:00,1.081370756,0.355429379
12/03/2019 15:00,0.827517019,0.271991691
12/03/2019 16:00,0.663702714,0.218148533
12/03/2019 17:00,0.781797172,0.256964304
12/03/2019 18:00,0.974797028,0.320400289
12/03/2019 19:00,1.09790403,0.360863604
12/03/2019 20:00,1.177821968,0.38713136
12/03/2019 21:00,1.310918158,0.430877962
12/03/2019 22:00,1.125403611,0.369902279
12/03/2019 23:00,1.634485632,0.537229447
12/04/2019 00:00,1.806272011,0.5936929
12/04/2019 01:00,1.809255537,0.594673537
12/04/2019 02:00,1.850185332,0.60812651
12/04/2019 03:00,1.84076854,0.60503136
12/04/2019 04:00,1.803225316,0.592691499
12/04/2019 05:00,1.847997693,0.607407468
12/04/2019 06:00,1.875389696,0.616410784
12/04/2019 07:00,1.888040417,0.620568875
12/04/2019 08:00,1.900991543,0.624825704
12/04/2019 09:00,1.907545219,0.626979793
12/04/2019 10:00,1.924655382,0.632603632
12/04/2019 11:00,2.047900618,0.673112382
12/04/2019 12:00,2.01,0.660655051
12/04/2019 13:00,1.972872483,0.648451827
12/04/2019 14:00,2.021179616,0.664329613
12/04/2019 15:00,2.01,0.660655051
12/04/2019 16:00,2.01,0.660655051
12/04/2019 17:00,2.01,0.660655051
12/04/2019 18:00,2.01,0.660655051
12/04/2019 19:00,2.01,0.660655051
12/04/2019 20:00,2.01,0.660655051
12/04/2019 21:00,2.01,0.660655051
12/04/2019 22:00,2.01,0.660655051
12/04/2019 23:00,2.01,0.660655051
12/05/2019 00:00,2.01,0.660655051
12/05/2019 01:00,2.01,0.660655051
12/05/2019 02:00,2.01,0.660655051
12/05/2019 03:00,2.01,0.660655051
12/05/2019 04:00,2.01,0.660655051
12/05/2019 05:00,2.01,0.660655051
12/05/2019 06:00,2.01,0.660655051
12/05/2019 07:00,2.01,0.660655051
12/05/2019 08:00,2.01,0.660655051
12/05/2019 09:00,2.01,0.660655051
12/05/2019 10:00,2.01,0.660655051
12/05/2019 11:00,2.01,0.660655051
12/05/2019 12:00,2.01,0.660655051
12/05/2019 13:00,1.926032125,0.633056146
12/05/2019 14:00,1.810222462,0.59499135
12/05/2019 15:00,1.682949297,0.553158684
12/05/2019 16:00,1.415673776,0.465309468
12/05/2019 17:00,0.791443307,0.260134835
12/05/2019 18:00,0.173595354,0.057058034
12/05/2019 19:00,0.633164814,0.20811121
12/05/2019 20:00,0.764875929,0.25140256
12/05/2019 21:00,0.257517946,0.084642056
12/05/2019 22:00,0.604223516,0.198598666
12/05/2019 23:00,0.79889686,0.2625847
12/06/2019 00:00,0.792085964,0.260346066
12/06/2019 01:00,0.364347112,0.119755104
12/06/2019 02:00,0.213180432,0.07006902
12/06/2019 03:00,0.098198991,0.032276447
12/06/2019 04:00,0.064750213,0.021282366
12/06/2019 05:00,0.034127624,0.011217208
12/06/2019 06:00,0,0
12/06/2019 07:00,0,0
12/06/2019 08:00,0.012862755,0.004227783
12/06/2019 09:00,0.013303319,0.00437259
12/06/2019 10:00,0.05620954,0.018475182
12/06/2019 11:00,0.026207087,0.008613853
12/06/2019 12:00,0.011842782,0.003892534
12/06/2019 13:00,0.030663852,0.010078721
12/06/2019 14:00,0.107380007,0.035294101
12/06/2019 15:00,0.297570409,0.097806664
12/06/2019 16:00,0.46539689,0.15296856
12/06/2019 17:00,0.547964647,0.18010727
12/06/2019 18:00,0.847039637,0.278408465
12/06/2019 19:00,0.897360114,0.294948006
12/06/2019 20:00,0.870971086,0.286274352
12/06/2019 21:00,1.043812753,0.343084661
12/06/2019 22:00,1.103040346,0.362551829
12/06/2019 23:00,1.216173253,0.399736817
12/07/2019 00:00,1.4574218,0.47903138
12/07/2019 01:00,1.555359966,0.511222099
12/07/2019 02:00,1.394816589,0.458454042
12/07/2019 03:00,1.29117163,0.424387592
12/07/2019 04:00,1.603125716,0.526921942
12/07/2019 05:00,1.052232992,0.345852259
12/07/2019 06:00,0.707964227,0.232696588
12/07/2019 07:00,0.492981308,0.16203512
12/07/2019 08:00,0.254851037,0.083765485
12/07/2019 09:00,0.162622947,0.053451578
12/07/2019 10:00,0.028248913,0.009284969
12/07/2019 11:00,0,0
12/07/2019 12:00,0,0
12/07/2019 13:00,0.22465379,0.07384013
12/07/2019 14:00,0.882350806,0.290014685
12/07/2019 15:00,1.76356902,0.579657105
12/07/2019 16:00,2.012919755,0.661614729
12/07/2019 17:00,2.01,0.660655051
12/07/2019 18:00,2.01,0.660655051
12/07/2019 19:00,2.029142505,0.666946889
12/07/2019 20:00,1.966607426,0.646392602
12/07/2019 21:00,1.980615249,0.650996751
12/07/2019 22:00,1.833754672,0.602726014
12/07/2019 23:00,1.886318614,0.620002946
12/08/2019 00:00,2.027834635,0.666517013
12/08/2019 01:00,2.01,0.660655051
12/08/2019 02:00,2.01,0.660655051
12/08/2019 03:00,2.01,0.660655051
12/08/2019 04:00,2.01,0.660655051
12/08/2019 05:00,2.01,0.660655051
12/08/2019 06:00,2.01,0.660655051
12/08/2019 07:00,2.01,0.660655051
12/08/2019 08:00,2.01,0.660655051
12/08/2019 09:00,2.01,0.660655051
12/08/2019 10:00,2.01,0.660655051
12/08/2019 11:00,2.01,0.660655051
12/08/2019 12:00,2.01,0.660655051
12/08/2019 13:00,2.01,0.660655051
12/08/2019 14:00,2.013004672,0.661642639
12/08/2019 15:00,1.916920485,0.630061294
12/08/2019 16:00,1.905018792,0.626149397
12/08/2019 17:00,1.893680223,0.622422589
12/08/2019 18:00,1.810833219,0.595192096
12/08/2019 19:00,1.720303992,0.565436578
12/08/2019 20:00,1.618855109,0.532091943
12/08/2019 21:00,1.85039691,0.608196053
12/08/2019 22:00,2.01,0.660655051
12/08/2019 23:00,2.01,0.660655051
12/09/2019 00:00,2.01,0.660655051
12/09/2019 01:00,2.01,0.660655051
12/09/2019 02:00,2.01,0.660655051
12/09/2019 03:00,2.01,0.660655051
12/09/2019 04:00,2.01,0.660655051
12/09/2019 05:00,2.01,0.660655051
12/09/2019 06:00,2.01,0.660655051
12/09/2019 07:00,2.01,0.660655051
12/09/2019 08:00,2.01,0.660655051
12/09/2019 09:00,2.01,0.660655051
12/09/2019 10:00,2.01,0.660655051
12/09/2019 11:00,2.049187164,0.673535249
12/09/2019 12:00,1.939720228,0.637555207
12/09/2019 13:00,1.673421951,0.550027197
12/09/2019 14:00,0.850423276,0.279520614
12/09/2019 15:00,0.62654498,0.205935376
12/09/2019 16:00,0.291076096,0.095672086
12/09/2019 17:00,0.150090855,0.049332478
12/09/2019 18:00,0.046287149,0.01521385
12/09/2019 19:00,0.125228186,0.041160514
12/09/2019 20:00,0.556727259,0.182987401
12/09/2019 21:00,1.497293661,0.492136627
12/09/2019 22:00,1.923674372,0.632281189
12/09/2019 23:00,2.01,0.660655051
12/10/2019 00:00,2.01,0.660655051
12/10/2019 01:00,2.01,0.660655051
12/10/2019 02:00,2.01,0.660655051
12/10/2019 03:00,2.01,0.660655051
12/10/2019 04:00,2.01,0.660655051
12/10/2019 05:00,2.01,0.660655051
12/10/2019 06:00,2.01,0.660655051
12/10/2019 07:00,2.01,0.660655051
12/10/2019 08:00,2.01,0.660655051
12/10/2019 09:00,2.01,0.660655051
12/10/2019 10:00,2.01,0.660655051
12/10/2019 11:00,2.01,0.660655051
12/10/2019 12:00,2.01,0.660655051
12/10/2019 13:00,2.01,0.660655051
12/10/2019 14:00,2.01,0.660655051
12/10/2019 15:00,2.01,0.660655051
12/10/2019 16:00,2.01,0.660655051
12/10/2019 17:00,2.01,0.660655051
12/10/2019 18:00,2.01,0.660655051
12/10/2019 19:00,2.01,0.660655051
12/10/2019 20:00,2.01,0.660655051
12/10/2019 21:00,2.01,0.660655051
12/10/2019 22:00,2.01,0.660655051
12/10/2019 23:00,2.01,0.660655051
12/11/2019 00:00,2.01,0.660655051
12/11/2019 01:00,2.01,0.660655051
12/11/2019 02:00,2.01,0.660655051
12/11/2019 03:00,2.01,0.660655051
12/11/2019 04:00,2.01,0.660655051
12/11/2019 05:00,2.01,0.660655051
12/11/2019 06:00,2.01,0.660655051
12/11/2019 07:00,2.01,0.660655051
12/11/2019 08:00,2.01,0.660655051
12/11/2019 09:00,2.01,0.660655051
12/11/2019 10:00,2.01,0.660655051
12/11/2019 11:00,2.01,0.660655051
12/11/2019 12:00,2.01,0.660655051
12/11/2019 13:00,2.01,0.660655051
12/11/2019 14:00,2.01,0.660655051
12/11/2019 15:00,2.01,0.660655051
12/11/2019 16:00,2.01,0.660655051
12/11/2019 17:00,2.01,0.660655051
12/11/2019 18:00,2.01,0.660655051
12/11/2019 19:00,2.01,0.660655051
12/11/2019 20:00,2.01,0.660655051
12/11/2019 21:00,2.01,0.660655051
12/11/2019 22:00,2.01,0.660655051
12/11/2019 23:00,2.01,0.660655051
12/12/2019 00:00,2.01,0.660655051
12/12/2019 01:00,2.01,0.660655051
12/12/2019 02:00,2.01,0.660655051
12/12/2019 03:00,2.01,0.660655051
12/12/2019 04:00,2.01,0.660655051
12/12/2019 05:00,2.01,0.660655051
12/12/2019 06:00,2.013254703,0.661724821
12/12/2019 07:00,1.917546483,0.63026705
12/12/2019 08:00,1.828850052,0.601113943
12/12/2019 09:00,1.589841446,0.522555613
12/12/2019 10:00,1.053119267,0.346143564
12/12/2019 11:00,0.722973595,0.237629929
12/12/2019 12:00,0.4979411,0.163665325
12/12/2019 13:00,0.301476467,0.099090523
12/12/2019 14:00,0.118687939,0.039010839
12/12/2019 15:00,0.051003816,0.016764144
12/12/2019 16:00,0.092939497,0.030547736
12/12/2019 17:00,0.18897345,0.062112569
12/12/2019 18:00,0.240211411,0.078953673
12/12/2019 19:00,0.217532414,0.071499447
12/12/2019 20:00,0.182807798,0.060086017
12/12/2019 21:00,0.169384043,0.055673843
12/12/2019 22:00,0.228269382,0.075028518
12/12/2019 23:00,0.351166369,0.115422804
12/13/2019 0:00,0.526729285,0.173127544
12/13/2019 1:00,0.611155017,0.20087694
12/13/2019 2:00,0.744823281,0.244811574
12/13/2019 3:00,0.749081654,0.246211233
12/13/2019 4:00,0.76843035,0.252570842
12/13/2019 5:00,1.018330447,0.334709032
12/13/2019 6:00,1.382134772,0.454285731
12/13/2019 7:00,1.595170828,0.524307296
12/13/2019 8:00,1.700725816,0.559001543
12/13/2019 9:00,1.757664482,0.577716378
12/13/2019 10:00,1.710199859,0.56211551
12/13/2019 11:00,1.74682688,0.57415423
12/13/2019 12:00,1.682363191,0.55296604
12/13/2019 13:00,1.66289051,0.546565679
12/13/2019 14:00,1.342768719,0.441346735
12/13/2019 15:00,1.05446416,0.346585609
12/13/2019 16:00,0.796669196,0.261852502
12/13/2019 17:00,0.682512255,0.22433093
12/13/2019 18:00,0.651869348,0.214259093
12/13/2019 19:00,0.501447057,0.164817677
12/13/2019 20:00,0.371745294,0.122186769
12/13/2019 21:00,0.301620487,0.09913786
12/13/2019 22:00,0.404191807,0.132851422
12/13/2019 23:00,0.307525091,0.101078609
12/14/2019 0:00,0.454708821,0.149455562
12/14/2019 1:00,0.542247563,0.178228155
12/14/2019 2:00,0.659395751,0.216732902
12/14/2019 3:00,0.819595664,0.269388067
12/14/2019 4:00,0.87596826,0.287916844
12/14/2019 5:00,0.883797476,0.290490183
12/14/2019 6:00,1.07085363,0.351972567
12/14/2019 7:00,1.677773307,0.551457418
12/14/2019 8:00,1.946193366,0.639682825
12/14/2019 9:00,1.995735865,0.655966657
12/14/2019 10:00,2.014562442,0.662154654
12/14/2019 11:00,1.957594144,0.643430079
12/14/2019 12:00,1.88242995,0.618724804
12/14/2019 13:00,1.736949891,0.570907821
12/14/2019 14:00,1.63662793,0.537933587
12/14/2019 15:00,1.496032151,0.491721989
12/14/2019 16:00,1.346664358,0.442627169
12/14/2019 17:00,1.202887641,0.395370048
12/14/2019 18:00,0.950839305,0.312525766
12/14/2019 19:00,0.678238999,0.222926379
12/14/2019 20:00,0.531004502,0.174532739
12/14/2019 21:00,0.470495344,0.154644341
12/14/2019 22:00,0.274793848,0.09032037
12/14/2019 23:00,0.248918815,0.081815658
12/15/2019 0:00,0.284355105,0.093463003
12/15/2019 1:00,0.39919508,0.131209078
12/15/2019 2:00,0.526531887,0.173062662
12/15/2019 3:00,0.661350534,0.217375409
12/15/2019 4:00,0.761685266,0.25035384
12/15/2019 5:00,0.779406005,0.256178365
12/15/2019 6:00,0.75807921,0.249168587
12/15/2019 7:00,0.805282813,0.264683661
12/15/2019 8:00,0.875274793,0.287688912
12/15/2019 9:00,0.941876946,0.309579981
12/15/2019 10:00,0.565015182,0.185711509
12/15/2019 11:00,0.792282354,0.260410617
12/15/2019 12:00,1.043196863,0.342882227
12/15/2019 13:00,1.063254777,0.349474945
12/15/2019 14:00,0.845183985,0.277798542
12/15/2019 15:00,0.72638979,0.238752778
12/15/2019 16:00,0.625728648,0.205667061
12/15/2019 17:00,0.552775301,0.181688455
12/15/2019 18:00,0.582996947,0.19162183
12/15/2019 19:00,0.810365251,0.266354177
12/15/2019 20:00,0.883357186,0.290345466
12/15/2019 21:00,0.816349438,0.268321084
12/15/2019 22:00,0.731421149,0.240406506
12/15/2019 23:00,0.673829777,0.221477137
12/16/2019 0:00,0.727620004,0.23915713
12/16/2019 1:00,0.686487077,0.225637391
12/16/2019 2:00,0.566404575,0.186168181
12/16/2019 3:00,0.475146322,0.156173044
12/16/2019 4:00,0.266086993,0.087458565
12/16/2019 5:00,0.152080862,0.049986562
12/16/2019 6:00,0.201531488,0.066240197
12/16/2019 7:00,0.235008744,0.077243639
12/16/2019 8:00,0.1879958,0.061791231
12/16/2019 9:00,0.156908369,0.051573287
12/16/2019 10:00,0.109294528,0.035923374
12/16/2019 11:00,0.105132976,0.034555538
12/16/2019 12:00,0.102565447,0.033711632
12/16/2019 13:00,0.093308194,0.03066892
12/16/2019 14:00,0.065833007,0.021638263
12/16/2019 15:00,0.057212019,0.018804681
12/16/2019 16:00,0.06672769,0.021932331
12/16/2019 17:00,0.078287068,0.025731715
12/16/2019 18:00,0.047897751,0.015743229
12/16/2019 19:00,0.016119999,0.005298387
12/16/2019 20:00,0,0
12/16/2019 21:00,0,0
12/16/2019 22:00,0.020557117,0.006756798
12/16/2019 23:00,0.034213127,0.011245311
12/17/2019 0:00,0.025699941,0.008447162
12/17/2019 1:00,0.02655644,0.00872868
12/17/2019 2:00,0.025787648,0.00847599
12/17/2019 3:00,0.013913531,0.004573156
12/17/2019 4:00,0,0
12/17/2019 5:00,0,0
12/17/2019 6:00,0,0
12/17/2019 7:00,0,0
12/17/2019 8:00,0,0
12/17/2019 9:00,0,0
12/17/2019 10:00,0.011395891,0.003745648
12/17/2019 11:00,0,0
12/17/2019 12:00,0,0
12/17/2019 13:00,0,0
12/17/2019 14:00,0,0
12/17/2019 15:00,0,0
12/17/2019 16:00,0,0
12/17/2019 17:00,0.013056234,0.004291377
12/17/2019 18:00,0.01681054,0.005525357
12/17/2019 19:00,0.033133181,0.01089035
12/17/2019 20:00,0.073104496,0.024028286
12/17/2019 21:00,0.113757789,0.037390377
12/17/2019 22:00,0.158001331,0.051932526
12/17/2019 23:00,0.402014174,0.132135669
12/18/2019 0:00,0.591846805,0.194530637
12/18/2019 1:00,0.622890827,0.204734314
12/18/2019 2:00,0.549362383,0.180566683
12/18/2019 3:00,0.550813754,0.181043726
12/18/2019 4:00,0.542238605,0.178225211
12/18/2019 5:00,0.510619752,0.167832596
12/18/2019 6:00,0.573682171,0.188560211
12/18/2019 7:00,0.632285882,0.207822319
12/18/2019 8:00,0.545768802,0.17938553
12/18/2019 9:00,0.443844638,0.145884678
12/18/2019 10:00,0.476947926,0.156765202
12/18/2019 11:00,0.539508602,0.177327902
12/18/2019 12:00,0.448236206,0.147328116
12/18/2019 13:00,0.227747436,0.074856962
12/18/2019 14:00,0.224527032,0.073798467
12/18/2019 15:00,0.336759876,0.110687618
12/18/2019 16:00,0.844684141,0.277634251
12/18/2019 17:00,1.432051045,0.470692416
12/18/2019 18:00,1.628388137,0.535225298
12/18/2019 19:00,1.93384832,0.635625205
12/18/2019 20:00,2.01,0.660655051
12/18/2019 21:00,2.01,0.660655051
12/18/2019 22:00,2.01,0.660655051
12/18/2019 23:00,2.01,0.660655051
12/19/2019 0:00,2.01,0.660655051
12/19/2019 1:00,2.01,0.660655051
12/19/2019 2:00,2.01,0.660655051
12/19/2019 3:00,2.01,0.660655051
12/19/2019 4:00,2.01,0.660655051
12/19/2019 5:00,2.01,0.660655051
12/19/2019 6:00,2.01,0.660655051
12/19/2019 7:00,2.013934493,0.661948257
12/19/2019 8:00,1.807588801,0.594125708
12/19/2019 9:00,1.377605492,0.452797029
12/19/2019 10:00,1.126474606,0.370254298
12/19/2019 11:00,1.092637458,0.359132565
12/19/2019 12:00,0.713654553,0.234566908
12/19/2019 13:00,0.807050723,0.265264745
12/19/2019 14:00,0.897714383,0.295064449
12/19/2019 15:00,0.699727501,0.229989308
12/19/2019 16:00,0.295035611,0.096973516
12/19/2019 17:00,0.469554459,0.154335087
12/19/2019 18:00,0.432584765,0.142183736
12/19/2019 19:00,0.357674841,0.117562035
12/19/2019 20:00,0.489463405,0.160878841
12/19/2019 21:00,1.056401023,0.347222225
12/19/2019 22:00,1.125909833,0.370068666
12/19/2019 23:00,1.40146325,0.460638694
12/20/2019 0:00,1.899366307,0.624291515
12/20/2019 1:00,2.03225352,0.66796943
12/20/2019 2:00,2.01,0.660655051
12/20/2019 3:00,2.01,0.660655051
12/20/2019 4:00,2.01,0.660655051
12/20/2019 5:00,1.990142532,0.654128217
12/20/2019 6:00,1.923843141,0.632336661
12/20/2019 7:00,1.999707399,0.657272037
12/20/2019 8:00,1.982195067,0.651516012
12/20/2019 9:00,1.916940204,0.630067776
12/20/2019 10:00,1.918193611,0.63047975
12/20/2019 11:00,1.920165232,0.631127791
12/20/2019 12:00,1.66473396,0.547171592
12/20/2019 13:00,1.318363064,0.433324984
12/20/2019 14:00,1.003678125,0.329893046
12/20/2019 15:00,0.861434601,0.283139861
12/20/2019 16:00,0.726024475,0.238632705
12/20/2019 17:00,0.33528085,0.110201486
12/20/2019 18:00,0.157376965,0.051727307
12/20/2019 19:00,0.033207405,0.010914746
12/20/2019 20:00,0.011855092,0.00389658
12/20/2019 21:00,0.061800541,0.020312856
12/20/2019 22:00,0.013385545,0.004399616
12/20/2019 23:00,0.08720942,0.02866435
12/21/2019 0:00,0.156509542,0.051442199
12/21/2019 1:00,0.442802123,0.14554202
12/21/2019 2:00,1.095713237,0.360143525
12/21/2019 3:00,1.597841431,0.525185081
12/21/2019 4:00,1.748601871,0.574737641
12/21/2019 5:00,1.830605992,0.601691092
12/21/2019 6:00,1.781595777,0.585582214
12/21/2019 7:00,1.748614135,0.574741672
12/21/2019 8:00,1.752637759,0.576064174
12/21/2019 9:00,1.796035782,0.590328414
12/21/2019 10:00,1.793133075,0.58937434
12/21/2019 11:00,1.687755956,0.554738556
12/21/2019 12:00,1.485932819,0.488402499
12/21/2019 13:00,1.169200192,0.384297519
12/21/2019 14:00,0.876952046,0.288240198
12/21/2019 15:00,0.853855513,0.280648735
12/21/2019 16:00,0.989808883,0.325334447
12/21/2019 17:00,0.846730804,0.278306957
12/21/2019 18:00,0.595530778,0.195741501
12/21/2019 19:00,0.440998334,0.144949143
12/21/2019 20:00,0.418785282,0.137648066
12/21/2019 21:00,0.411408095,0.135223302
12/21/2019 22:00,0.324076286,0.106518724
12/21/2019 23:00,0.23912468,0.078596481
12/22/2019 0:00,0.185776075,0.061061643
12/22/2019 1:00,0.122606686,0.040298869
12/22/2019 2:00,0.085651954,0.028152436
12/22/2019 3:00,0.069029106,0.02268877
12/22/2019 4:00,0.055585752,0.018270153
12/22/2019 5:00,0.044942703,0.014771952
12/22/2019 6:00,0.027953926,0.009188011
12/22/2019 7:00,0.014598528,0.004798304
12/22/2019 8:00,0,0
12/22/2019 9:00,0,0
12/22/2019 10:00,0,0
12/22/2019 11:00,0.016789685,0.005518503
12/22/2019 12:00,0.035098494,0.011536317
12/22/2019 13:00,0.047281919,0.015540815
12/22/2019 14:00,0.056977902,0.018727731
12/22/2019 15:00,0.064084402,0.021063524
12/22/2019 16:00,0.052405228,0.017224766
12/22/2019 17:00,0.037945429,0.012472059
12/22/2019 18:00,0.026081118,0.008572449
12/22/2019 19:00,0.025883942,0.00850764
12/22/2019 20:00,0.01703764,0.005600002
12/22/2019 21:00,0.015021096,0.004937196
12/22/2019 22:00,0,0
12/22/2019 23:00,0,0
12/23/2019 0:00,0,0
12/23/2019 1:00,0,0
12/23/2019 2:00,0.013211423,0.004342385
12/23/2019 3:00,0.025862952,0.008500741
12/23/2019 4:00,0.058582052,0.019254989
12/23/2019 5:00,0.075842928,0.024928365
12/23/2019 6:00,0.062241543,0.020457806
12/23/2019 7:00,0.036301411,0.011931697
12/23/2019 8:00,0.020094768,0.006604831
12/23/2019 9:00,0.016313736,0.005362066
12/23/2019 10:00,0.015582847,0.005121834
12/23/2019 11:00,0,0
12/23/2019 12:00,0,0
12/23/2019 13:00,0,0
12/23/2019 14:00,0,0
12/23/2019 15:00,0,0
12/23/2019 16:00,0,0
12/23/2019 17:00,0,0
12/23/2019 18:00,0,0
12/23/2019 19:00,0,0
12/23/2019 20:00,0,0
12/23/2019 21:00,0,0
12/23/2019 22:00,0.018710942,0.006149989
12/23/2019 23:00,0.020872812,0.006860562
12/24/2019 0:00,0.016292988,0.005355246
12/24/2019 1:00,0,0
12/24/2019 2:00,0,0
12/24/2019 3:00,0,0
12/24/2019 4:00,0,0
12/24/2019 5:00,0,0
12/24/2019 6:00,0,0
12/24/2019 7:00,0,0
12/24/2019 8:00,0,0
12/24/2019 9:00,0,0
12/24/2019 10:00,0,0
12/24/2019 11:00,0,0
12/24/2019 12:00,0,0
12/24/2019 13:00,0.013808257,0.004538555
12/24/2019 14:00,0.020873764,0.006860875
12/24/2019 15:00,0.020693627,0.006801666
12/24/2019 16:00,0.0137115,0.004506752
12/24/2019 17:00,0.010621737,0.003491196
12/24/2019 18:00,0.013601977,0.004470754
12/24/2019 19:00,0.04032806,0.013255192
12/24/2019 20:00,0.074777241,0.024578091
12/24/2019 21:00,0.120193409,0.039505663
12/24/2019 22:00,0.071664971,0.023555137
12/24/2019 23:00,0.063990001,0.021032496
12/25/2019 0:00,0.073450499,0.024142011
12/25/2019 1:00,0.121487165,0.0399309
12/25/2019 2:00,0.192655324,0.063322743
12/25/2019 3:00,0.161625459,0.053123719
12/25/2019 4:00,0.164210321,0.053973322
12/25/2019 5:00,0.22889109,0.075232863
12/25/2019 6:00,0.294556987,0.0968162
12/25/2019 7:00,0.270083939,0.088772298
12/25/2019 8:00,0.238921134,0.078529579
12/25/2019 9:00,0.221972967,0.072958986
12/25/2019 10:00,0.189549384,0.06230187
12/25/2019 11:00,0.150753864,0.049550399
12/25/2019 12:00,0.156912162,0.051574534
12/25/2019 13:00,0.158897026,0.052226927
12/25/2019 14:00,0.124564119,0.040942246
12/25/2019 15:00,0.063348835,0.020821755
12/25/2019 16:00,0.03344357,0.01099237
12/25/2019 17:00,0.011017063,0.003621133
12/25/2019 18:00,0,0
12/25/2019 19:00,0,0
12/25/2019 20:00,0,0
12/25/2019 21:00,0,0
12/25/2019 22:00,0,0
12/25/2019 23:00,0.015925953,0.005234608
12/26/2019 0:00,0.034166797,0.011230083
12/26/2019 1:00,0.055888744,0.018369742
12/26/2019 2:00,0.092231419,0.030315002
12/26/2019 3:00,0.128449979,0.042219466
12/26/2019 4:00,0.309045366,0.1015783
12/26/2019 5:00,0.677557466,0.22270237
12/26/2019 6:00,1.094987975,0.359905143
12/26/2019 7:00,1.418138776,0.466119675
12/26/2019 8:00,1.550425409,0.509600188
12/26/2019 9:00,1.737028519,0.570933665
12/26/2019 10:00,1.712108519,0.562742857
12/26/2019 11:00,1.744677466,0.573447752
12/26/2019 12:00,1.781719878,0.585623004
12/26/2019 13:00,1.821713486,0.598768267
12/26/2019 14:00,1.871839968,0.615244045
12/26/2019 15:00,1.96362759,0.645413177
12/26/2019 16:00,1.988623375,0.653628894
12/26/2019 17:00,1.951574248,0.641451435
12/26/2019 18:00,1.964512781,0.645704126
12/26/2019 19:00,2.016522551,0.66279891
12/26/2019 20:00,2.026890654,0.666206741
12/26/2019 21:00,2.011481819,0.661142102
12/26/2019 22:00,2.018165647,0.66333897
12/26/2019 23:00,2.01,0.660655051
12/27/2019 0:00,2.01,0.660655051
12/27/2019 1:00,2.036240439,0.669279867
12/27/2019 2:00,2.01,0.660655051
12/27/2019 3:00,2.01,0.660655051
12/27/2019 4:00,2.01,0.660655051
12/27/2019 5:00,2.01,0.660655051
12/27/2019 6:00,2.01,0.660655051
12/27/2019 7:00,2.01,0.660655051
12/27/2019 8:00,2.01,0.660655051
12/27/2019 9:00,2.01,0.660655051
12/27/2019 10:00,2.01,0.660655051
12/27/2019 11:00,2.01,0.660655051
12/27/2019 12:00,2.01,0.660655051
12/27/2019 13:00,2.01,0.660655051
12/27/2019 14:00,2.01,0.660655051
12/27/2019 15:00,2.01,0.660655051
12/27/2019 16:00,2.01,0.660655051
12/27/2019 17:00,2.01,0.660655051
12/27/2019 18:00,2.017042312,0.662969747
12/27/2019 19:00,1.89186269,0.621825195
12/27/2019 20:00,1.751052023,0.575542967
12/27/2019 21:00,1.505080146,0.494695921
12/27/2019 22:00,1.007305213,0.331085213
12/27/2019 23:00,0.88402816,0.290566005
12/28/2019 0:00,0.937866089,0.308261676
12/28/2019 1:00,1.044092981,0.343176767
12/28/2019 2:00,1.143912599,0.375985889
12/28/2019 3:00,1.239442272,0.407384974
12/28/2019 4:00,1.158046054,0.380631331
12/28/2019 5:00,1.668042002,0.548258893
12/28/2019 6:00,1.893697952,0.622428417
12/28/2019 7:00,1.99219584,0.654803107
12/28/2019 8:00,1.911325494,0.62822231
12/28/2019 9:00,1.866159276,0.613376892
12/28/2019 10:00,1.907520248,0.626971586
12/28/2019 11:00,1.812661226,0.595792933
12/28/2019 12:00,1.679033869,0.551871745
12/28/2019 13:00,1.556764873,0.511683869
12/28/2019 14:00,1.522371502,0.500379315
12/28/2019 15:00,1.559874689,0.512706016
12/28/2019 16:00,1.507059929,0.495346644
12/28/2019 17:00,1.458544751,0.479400476
12/28/2019 18:00,1.606102814,0.527900466
12/28/2019 19:00,1.725848886,0.567259097
12/28/2019 20:00,1.842676676,0.605658534
12/28/2019 21:00,1.913961408,0.629088693
12/28/2019 22:00,1.961322928,0.644655671
12/28/2019 23:00,1.989266405,0.653840248
12/29/2019 0:00,2.000964751,0.657685309
12/29/2019 1:00,2.01,0.660655051
12/29/2019 2:00,2.01,0.660655051
12/29/2019 3:00,2.01,0.660655051
12/29/2019 4:00,2.01,0.660655051
12/29/2019 5:00,2.01,0.660655051
12/29/2019 6:00,2.01,0.660655051
12/29/2019 7:00,2.01,0.660655051
12/29/2019 8:00,2.01,0.660655051
12/29/2019 9:00,2.01,0.660655051
12/29/2019 10:00,2.047942329,0.673126092
12/29/2019 11:00,2.014308984,0.662071346
12/29/2019 12:00,1.987314648,0.653198737
12/29/2019 13:00,1.932031888,0.635028172
12/29/2019 14:00,1.892415957,0.622007045
12/29/2019 15:00,1.789520487,0.58818694
12/29/2019 16:00,1.658065354,0.544979727
12/29/2019 17:00,1.610915857,0.529482437
12/29/2019 18:00,1.647544113,0.541521563
12/29/2019 19:00,1.830422476,0.601630774
12/29/2019 20:00,1.871584342,0.615160025
12/29/2019 21:00,1.944492456,0.639123763
12/29/2019 22:00,1.920668496,0.631293206
12/29/2019 23:00,1.932675915,0.635239854
12/30/2019 0:00,2.037060232,0.669549319
12/30/2019 1:00,2.01,0.660655051
12/30/2019 2:00,2.01,0.660655051
12/30/2019 3:00,2.01,0.660655051
12/30/2019 4:00,2.01,0.660655051
12/30/2019 5:00,2.01,0.660655051
12/30/2019 6:00,2.038861007,0.670141206
12/30/2019 7:00,2.031302796,0.667656942
12/30/2019 8:00,2.01,0.660655051
12/30/2019 9:00,2.01,0.660655051
12/30/2019 10:00,2.01,0.660655051
12/30/2019 11:00,2.01,0.660655051
12/30/2019 12:00,2.01,0.660655051
12/30/2019 13:00,2.01,0.660655051
12/30/2019 14:00,2.01,0.660655051
12/30/2019 15:00,2.01,0.660655051
12/30/2019 16:00,2.01,0.660655051
12/30/2019 17:00,2.01,0.660655051
12/30/2019 18:00,2.01,0.660655051
12/30/2019 19:00,2.01,0.660655051
12/30/2019 20:00,2.01,0.660655051
12/30/2019 21:00,2.01,0.660655051
12/30/2019 22:00,2.01,0.660655051
12/30/2019 23:00,1.92341381,0.632195547
12/31/2019 0:00,1.860037965,0.611364914
12/31/2019 1:00,1.675223778,0.550619428
12/31/2019 2:00,1.158879944,0.380905417
12/31/2019 3:00,1.059843549,0.348353729
12/31/2019 4:00,0.595955615,0.195881138
12/31/2019 5:00,0.410184573,0.134821149
12/31/2019 6:00,0.311089284,0.102250103
12/31/2019 7:00,0.456619117,0.150083446
12/31/2019 8:00,0.741779881,0.243811256
12/31/2019 9:00,0.855528984,0.281198779
12/31/2019 10:00,0.828189756,0.272212809
12/31/2019 11:00,0.816176043,0.268264093
12/31/2019 12:00,0.818362186,0.268982643
12/31/2019 13:00,0.786778092,0.258601453
12/31/2019 14:00,0.798547703,0.262469937
12/31/2019 15:00,0.878009244,0.288587683
12/31/2019 16:00,0.852799498,0.28030164
12/31/2019 17:00,0.759775153,0.249726016
12/31/2019 18:00,0.6439175,0.211645447
12/31/2019 19:00,0.717404365,0.235799412
12/31/2019 20:00,0.754090095,0.247857428
12/31/2019 21:00,0.780337767,0.256484621
12/31/2019 22:00,0.550527847,0.180949753
12/31/2019 23:00,0.738201357,0.242635053
