DateTime,ActivePower,ReactivePower
01/01/2019 00:00,2.31,0.759260283
01/01/2019 01:00,2.31,0.759260283
01/01/2019 02:00,2.31,0.759260283
01/01/2019 03:00,2.31,0.759260283
01/01/2019 04:00,2.31,0.759260283
01/01/2019 05:00,2.31,0.759260283
01/01/2019 06:00,2.31,0.759260283
01/01/2019 07:00,2.31,0.759260283
01/01/2019 08:00,2.31,0.759260283
01/01/2019 09:00,2.31,0.759260283
01/01/2019 10:00,2.31,0.759260283
01/01/2019 11:00,2.31,0.759260283
01/01/2019 12:00,2.293432016,0.75381465
01/01/2019 13:00,2.267327649,0.74523456
01/01/2019 14:00,2.236116676,0.734976009
01/01/2019 15:00,2.162286142,0.710709086
01/01/2019 16:00,2.028547551,0.666751337
01/01/2019 17:00,1.835374702,0.603258491
01/01/2019 18:00,1.605993553,0.527864554
01/01/2019 19:00,1.414497963,0.464922997
01/01/2019 20:00,1.221955458,0.401637336
01/01/2019 21:00,1.024020339,0.336579209
01/01/2019 22:00,0.87318467,0.287001922
01/01/2019 23:00,0.653971525,0.214950045
01/02/2019 00:00,0.47345759,0.155617984
01/02/2019 01:00,0.347350401,0.114168556
01/02/2019 02:00,0.276725588,0.090955302
01/02/2019 03:00,0.246449351,0.081003984
01/02/2019 04:00,0.21645098,0.071143997
01/02/2019 05:00,0.189766676,0.06237329
01/02/2019 06:00,0.154734352,0.050858722
01/02/2019 07:00,0.127036356,0.041754831
01/02/2019 08:00,0.114163855,0.037523845
01/02/2019 09:00,0.106400032,0.034971999
01/02/2019 10:00,0.100859106,0.033150785
01/02/2019 11:00,0.119188307,0.039175302
01/02/2019 12:00,0.148110507,0.048681569
01/02/2019 13:00,0.161924937,0.053222153
01/02/2019 14:00,0.158075114,0.051956777
01/02/2019 15:00,0.153752,0.050535839
01/02/2019 16:00,0.15526091,0.051031793
01/02/2019 17:00,0.121193378,0.039834337
01/02/2019 18:00,0.128500169,0.042235963
01/02/2019 19:00,0.171366474,0.056325436
01/02/2019 20:00,0.212146142,0.069729065
01/02/2019 21:00,0.226694276,0.074510805
01/02/2019 22:00,0.11880413,0.039049029
01/02/2019 23:00,0.123401928,0.040560252
01/03/2019 00:00,0.143912075,0.047301612
01/03/2019 01:00,0.142130088,0.046715901
01/03/2019 02:00,0.113440166,0.037285979
01/03/2019 03:00,0.112581431,0.037003727
01/03/2019 04:00,0.121684862,0.03999588
01/03/2019 05:00,0.151109012,0.04966713
01/03/2019 06:00,0.212793208,0.069941745
01/03/2019 07:00,0.296491147,0.097451927
01/03/2019 08:00,0.337888342,0.111058527
01/03/2019 09:00,0.392847759,0.129122814
01/03/2019 10:00,0.468349337,0.153938983
01/03/2019 11:00,0.551641774,0.181315883
01/03/2019 12:00,0.666137926,0.218948948
01/03/2019 13:00,0.767624167,0.252305862
01/03/2019 14:00,0.773545696,0.254252175
01/03/2019 15:00,0.749436577,0.246327891
01/03/2019 16:00,0.740045337,0.24324114
01/03/2019 17:00,0.793729283,0.260886199
01/03/2019 18:00,1.006643715,0.330867789
01/03/2019 19:00,1.451629212,0.477127449
01/03/2019 20:00,1.647455186,0.541492334
01/03/2019 21:00,1.623115244,0.533492181
01/03/2019 22:00,1.68802461,0.554826858
01/03/2019 23:00,1.630598672,0.535951865
01/04/2019 00:00,1.718074037,0.564703627
01/04/2019 01:00,1.649273858,0.542090102
01/04/2019 02:00,1.72776948,0.567890365
01/04/2019 03:00,1.920756277,0.631322058
01/04/2019 04:00,2.025505761,0.665751548
01/04/2019 05:00,2.136660526,0.702286353
01/04/2019 06:00,2.174894791,0.714853348
01/04/2019 07:00,2.152068925,0.707350849
01/04/2019 08:00,2.15144033,0.70714424
01/04/2019 09:00,2.15222873,0.707403374
01/04/2019 10:00,2.163071305,0.710967156
01/04/2019 11:00,2.21910854,0.729385705
01/04/2019 12:00,2.229102217,0.732670468
01/04/2019 13:00,2.199314339,0.722879665
01/04/2019 14:00,2.100968279,0.690554879
01/04/2019 15:00,1.990777501,0.654336921
01/04/2019 16:00,2.040192418,0.670578819
01/04/2019 17:00,2.050304085,0.673902364
01/04/2019 18:00,1.987972565,0.653414984
01/04/2019 19:00,2.01127618,0.661074511
01/04/2019 20:00,1.94242466,0.638444111
01/04/2019 21:00,1.849283039,0.607829941
01/04/2019 22:00,1.845289025,0.606517172
01/04/2019 23:00,1.772518122,0.582598533
01/05/2019 00:00,1.755555418,0.577023162
01/05/2019 01:00,1.592490903,0.523426447
01/05/2019 02:00,1.597861806,0.525191778
01/05/2019 03:00,1.640611571,0.539242946
01/05/2019 04:00,1.621831881,0.533070361
01/05/2019 05:00,1.418898283,0.466369312
01/05/2019 06:00,1.386946735,0.455867346
01/05/2019 07:00,1.406600332,0.462327172
01/05/2019 08:00,1.346758333,0.442658058
01/05/2019 09:00,1.358890959,0.446645859
01/05/2019 10:00,1.418752839,0.466321508
01/05/2019 11:00,1.622911999,0.533425378
01/05/2019 12:00,1.55485208,0.511055165
01/05/2019 13:00,1.500433695,0.493168706
01/05/2019 14:00,1.469042826,0.482851027
01/05/2019 15:00,1.456827622,0.478836083
01/05/2019 16:00,1.389208622,0.456610793
01/05/2019 17:00,1.094249385,0.35966238
01/05/2019 18:00,0.960246184,0.315617658
01/05/2019 19:00,0.912085145,0.29978789
01/05/2019 20:00,0.787509257,0.258841775
01/05/2019 21:00,0.881988959,0.289895752
01/05/2019 22:00,0.925101516,0.304066164
01/05/2019 23:00,1.216796907,0.399941803
01/06/2019 00:00,1.602365725,0.526672144
01/06/2019 01:00,1.771214782,0.582170146
01/06/2019 02:00,1.555786946,0.51136244
01/06/2019 03:00,1.565327035,0.514498116
01/06/2019 04:00,1.401672321,0.460707413
01/06/2019 05:00,1.137607003,0.37391334
01/06/2019 06:00,1.079872438,0.354936906
01/06/2019 07:00,0.784170843,0.257744492
01/06/2019 08:00,0.574041761,0.188678403
01/06/2019 09:00,0.441661536,0.145167127
01/06/2019 10:00,0.392771086,0.129097613
01/06/2019 11:00,0.349424905,0.114850412
01/06/2019 12:00,0.317903287,0.104489757
01/06/2019 13:00,0.313615295,0.103080363
01/06/2019 14:00,0.178747922,0.058751601
01/06/2019 15:00,0.083029005,0.027290314
01/06/2019 16:00,0.059993244,0.019718826
01/06/2019 17:00,0.011018363,0.003621561
01/06/2019 18:00,0,0
01/06/2019 19:00,0,0
01/06/2019 20:00,0.039318035,0.012923213
01/06/2019 21:00,0.112201367,0.036878806
01/06/2019 22:00,0.542655277,0.178362164
01/06/2019 23:00,1.459689035,0.479776584
01/07/2019 00:00,1.930440247,0.634505025
01/07/2019 01:00,2.112346501,0.69429472
01/07/2019 02:00,2.169848627,0.713194754
01/07/2019 03:00,2.19160813,0.720346757
01/07/2019 04:00,2.223924595,0.730968666
01/07/2019 05:00,2.257867753,0.742125242
01/07/2019 06:00,2.31,0.759260283
01/07/2019 07:00,2.31,0.759260283
01/07/2019 08:00,2.31,0.759260283
01/07/2019 09:00,2.31,0.759260283
01/07/2019 10:00,2.31,0.759260283
01/07/2019 11:00,0,0
01/07/2019 12:00,0,0
01/07/2019 13:00,0,0
01/07/2019 14:00,0,0
01/07/2019 15:00,0,0
01/07/2019 16:00,0,0
01/07/2019 17:00,0,0
01/07/2019 18:00,0,0
01/07/2019 19:00,0,0
01/07/2019 20:00,2.31,0.759260283
01/07/2019 21:00,2.31,0.759260283
01/07/2019 22:00,2.31,0.759260283
01/07/2019 23:00,2.31,0.759260283
01/08/2019 00:00,2.31,0.759260283
01/08/2019 01:00,2.31,0.759260283
01/08/2019 02:00,2.31,0.759260283
01/08/2019 03:00,2.31,0.759260283
01/08/2019 04:00,2.31,0.759260283
01/08/2019 05:00,2.31,0.759260283
01/08/2019 06:00,2.31,0.759260283
01/08/2019 07:00,2.31,0.759260283
01/08/2019 08:00,2.31,0.759260283
01/08/2019 09:00,2.31,0.759260283
01/08/2019 10:00,2.31,0.759260283
01/08/2019 11:00,2.31,0.759260283
01/08/2019 12:00,2.31,0.759260283
01/08/2019 13:00,2.31,0.759260283
01/08/2019 14:00,2.277433772,0.748556281
01/08/2019 15:00,2.199629744,0.722983334
01/08/2019 16:00,2.063623096,0.678280111
01/08/2019 17:00,2.023447973,0.665075186
01/08/2019 18:00,1.950106086,0.640968874
01/08/2019 19:00,1.794814882,0.589927123
01/08/2019 20:00,1.598322527,0.52534321
01/08/2019 21:00,1.248795438,0.410459211
01/08/2019 22:00,1.135939049,0.37336511
01/08/2019 23:00,0.887885655,0.291833902
01/09/2019 00:00,0.80887249,0.26586353
01/09/2019 01:00,0.753706606,0.247731381
01/09/2019 02:00,0.685478063,0.225305744
01/09/2019 03:00,0.445385993,0.146391296
01/09/2019 04:00,0.324781765,0.106750604
01/09/2019 05:00,0.255824397,0.084085413
01/09/2019 06:00,0.229220309,0.075341072
01/09/2019 07:00,0.175609764,0.057720138
01/09/2019 08:00,0.115681683,0.038022731
01/09/2019 09:00,0.058465214,0.019216587
01/09/2019 10:00,0.016111675,0.005295652
01/09/2019 11:00,0.043171585,0.014189814
01/09/2019 12:00,0.106995697,0.035167785
01/09/2019 13:00,0.317074612,0.104217385
01/09/2019 14:00,0.680579944,0.22369581
01/09/2019 15:00,0.937473232,0.30813255
01/09/2019 16:00,1.007201724,0.331051197
01/09/2019 17:00,1.030273747,0.338634605
01/09/2019 18:00,1.433914614,0.471304942
01/09/2019 19:00,1.736480007,0.570753377
01/09/2019 20:00,1.709791715,0.56198136
01/09/2019 21:00,1.789288857,0.588110807
01/09/2019 22:00,1.651021945,0.542664671
01/09/2019 23:00,1.767801281,0.581048182
01/10/2019 00:00,1.981474458,0.651279159
01/10/2019 01:00,2.097297442,0.689348333
01/10/2019 02:00,2.115074482,0.695191364
01/10/2019 03:00,2.127175762,0.699168862
01/10/2019 04:00,2.1110973,0.693884127
01/10/2019 05:00,2.11704882,0.695840297
01/10/2019 06:00,2.14590811,0.705325887
01/10/2019 07:00,2.207870682,0.725691999
01/10/2019 08:00,2.194839239,0.721408771
01/10/2019 09:00,2.181672339,0.71708102
01/10/2019 10:00,2.182200463,0.717254607
01/10/2019 11:00,2.113996667,0.694837103
01/10/2019 12:00,2.145400279,0.705158971
01/10/2019 13:00,2.269316393,0.745888228
01/10/2019 14:00,2.309857027,0.75921329
01/10/2019 15:00,2.31,0.759260283
01/10/2019 16:00,2.31,0.759260283
01/10/2019 17:00,2.31,0.759260283
01/10/2019 18:00,2.305243207,0.757696801
01/10/2019 19:00,2.304393287,0.757417446
01/10/2019 20:00,2.305443236,0.757762547
01/10/2019 21:00,2.304832878,0.757561932
01/10/2019 22:00,2.31,0.759260283
01/10/2019 23:00,2.31,0.759260283
01/11/2019 00:00,2.31,0.759260283
01/11/2019 01:00,2.31,0.759260283
01/11/2019 02:00,2.305437658,0.757760714
01/11/2019 03:00,2.276448523,0.748232446
01/11/2019 04:00,2.237318579,0.735371055
01/11/2019 05:00,2.120211159,0.696879708
01/11/2019 06:00,1.915102936,0.629463895
01/11/2019 07:00,1.60297287,0.526871703
01/11/2019 08:00,1.353677759,0.444932363
01/11/2019 09:00,1.269587523,0.417293239
01/11/2019 10:00,1.470936554,0.483473465
01/11/2019 11:00,1.416141412,0.465463173
01/11/2019 12:00,1.380683857,0.453808838
01/11/2019 13:00,1.459496721,0.479713374
01/11/2019 14:00,1.56119015,0.513138387
01/11/2019 15:00,1.589172657,0.522335793
01/11/2019 16:00,1.65782154,0.544899589
01/11/2019 17:00,1.699906488,0.558732243
01/11/2019 18:00,1.717067108,0.564372666
01/11/2019 19:00,1.844728719,0.606333008
01/11/2019 20:00,1.487379279,0.488877927
01/11/2019 21:00,1.848160762,0.607461066
01/11/2019 22:00,2.113618883,0.694712931
01/11/2019 23:00,2.305054097,0.757634643
01/12/2019 00:00,2.31,0.759260283
01/12/2019 01:00,2.31,0.759260283
01/12/2019 02:00,2.31,0.759260283
01/12/2019 03:00,2.31,0.759260283
01/12/2019 04:00,2.31,0.759260283
01/12/2019 05:00,2.31,0.759260283
01/12/2019 06:00,2.31,0.759260283
01/12/2019 07:00,2.31,0.759260283
01/12/2019 08:00,2.31,0.759260283
01/12/2019 09:00,2.31,0.759260283
01/12/2019 10:00,2.31,0.759260283
01/12/2019 11:00,2.31,0.759260283
01/12/2019 12:00,2.31,0.759260283
01/12/2019 13:00,2.31,0.759260283
01/12/2019 14:00,2.31,0.759260283
01/12/2019 15:00,2.302817947,0.756899656
01/12/2019 16:00,2.228634486,0.732516732
01/12/2019 17:00,2.079498904,0.683498237
01/12/2019 18:00,1.997582754,0.6565737
01/12/2019 19:00,2.054681665,0.675341205
01/12/2019 20:00,2.31,0.759260283
01/12/2019 21:00,2.31,0.759260283
01/12/2019 22:00,2.31,0.759260283
01/12/2019 23:00,2.31,0.759260283
1/13/2019 0:00,2.31,0.759260283
1/13/2019 1:00,2.31,0.759260283
1/13/2019 2:00,2.31,0.759260283
1/13/2019 3:00,2.31,0.759260283
1/13/2019 4:00,2.31,0.759260283
1/13/2019 5:00,2.31,0.759260283
1/13/2019 6:00,2.31,0.759260283
1/13/2019 7:00,2.31,0.759260283
1/13/2019 8:00,2.31,0.759260283
1/13/2019 9:00,2.31,0.759260283
1/13/2019 10:00,2.31,0.759260283
1/13/2019 11:00,2.31,0.759260283
1/13/2019 12:00,2.31,0.759260283
1/13/2019 13:00,2.183865524,0.717801886
1/13/2019 14:00,1.203918178,0.395708769
1/13/2019 15:00,0.460609908,0.151395156
1/13/2019 16:00,1.079500008,0.354814494
1/13/2019 17:00,1.952919042,0.641893448
1/13/2019 18:00,2.074159372,0.681743217
1/13/2019 19:00,2.051412461,0.674266669
1/13/2019 20:00,1.666110157,0.547623926
1/13/2019 21:00,1.138905667,0.37434019
1/13/2019 22:00,1.940160454,0.637699903
1/13/2019 23:00,2.026280121,0.666006068
1/14/2019 0:00,2.023902903,0.665224715
1/14/2019 1:00,2.164295667,0.711369585
1/14/2019 2:00,2.222123674,0.730376732
1/14/2019 3:00,2.205874072,0.725035746
1/14/2019 4:00,2.018206897,0.663352528
1/14/2019 5:00,1.586523264,0.521464979
1/14/2019 6:00,1.039309989,0.341604674
1/14/2019 7:00,0.766035192,0.251783592
1/14/2019 8:00,0.753535496,0.24767514
1/14/2019 9:00,1.012562192,0.332813098
1/14/2019 10:00,1.033178673,0.339589408
1/14/2019 11:00,2.092178826,0.687665925
1/14/2019 12:00,2.22318118,0.730724317
1/14/2019 13:00,2.073043372,0.681376406
1/14/2019 14:00,2.260014529,0.742830853
1/14/2019 15:00,2.303458818,0.7571103
1/14/2019 16:00,2.211961759,0.727036672
1/14/2019 17:00,1.733129967,0.569652272
1/14/2019 18:00,0.770584511,0.25327888
1/14/2019 19:00,0.344288372,0.113162115
1/14/2019 20:00,0.376350649,0.123700476
1/14/2019 21:00,1.763817983,0.579738935
1/14/2019 22:00,2.31,0.759260283
1/14/2019 23:00,2.31,0.759260283
1/15/2019 0:00,2.31,0.759260283
1/15/2019 1:00,2.31,0.759260283
1/15/2019 2:00,2.31,0.759260283
1/15/2019 3:00,2.31,0.759260283
1/15/2019 4:00,2.31,0.759260283
1/15/2019 5:00,2.31,0.759260283
1/15/2019 6:00,2.31,0.759260283
1/15/2019 7:00,2.31,0.759260283
1/15/2019 8:00,2.31,0.759260283
1/15/2019 9:00,2.303029316,0.75696913
1/15/2019 10:00,2.245010679,0.737899326
1/15/2019 11:00,2.013484341,0.661800299
1/15/2019 12:00,1.475313617,0.484912136
1/15/2019 13:00,0.99167602,0.325948145
1/15/2019 14:00,0.481122385,0.158137281
1/15/2019 15:00,0.109597303,0.036022891
1/15/2019 16:00,0.010844637,0.00356446
1/15/2019 17:00,0.152619814,0.050163707
1/15/2019 18:00,0.532451296,0.175008278
1/15/2019 19:00,0.818858675,0.269145831
1/15/2019 20:00,1.997248693,0.656463899
1/15/2019 21:00,2.31,0.759260283
1/15/2019 22:00,2.31,0.759260283
1/15/2019 23:00,2.31,0.759260283
1/16/2019 0:00,2.31,0.759260283
1/16/2019 1:00,2.31,0.759260283
1/16/2019 2:00,2.31,0.759260283
1/16/2019 3:00,2.31,0.759260283
1/16/2019 4:00,2.31,0.759260283
1/16/2019 5:00,1.999915797,0.657340534
1/16/2019 6:00,1.263462863,0.41528016
1/16/2019 7:00,0.668608493,0.219760984
1/16/2019 8:00,0.300643718,0.098816811
1/16/2019 9:00,0.13101502,0.043062555
1/16/2019 10:00,0.160144037,0.0526368
1/16/2019 11:00,0.119135625,0.039157986
1/16/2019 12:00,0.107694569,0.035397493
1/16/2019 13:00,0.115196872,0.037863381
1/16/2019 14:00,0.285392425,0.093803954
1/16/2019 15:00,1.205041398,0.396077954
1/16/2019 16:00,2.23260195,0.733820774
1/16/2019 17:00,2.31,0.759260283
1/16/2019 18:00,2.301574749,0.756491037
1/16/2019 19:00,2.31,0.759260283
1/16/2019 20:00,2.31,0.759260283
1/16/2019 21:00,2.31,0.759260283
1/16/2019 22:00,2.31,0.759260283
1/16/2019 23:00,2.31,0.759260283
1/17/2019 0:00,2.31,0.759260283
1/17/2019 1:00,2.31,0.759260283
1/17/2019 2:00,2.31,0.759260283
1/17/2019 3:00,2.31,0.759260283
1/17/2019 4:00,2.31,0.759260283
1/17/2019 5:00,2.31,0.759260283
1/17/2019 6:00,2.31,0.759260283
1/17/2019 7:00,2.31,0.759260283
1/17/2019 8:00,2.31,0.759260283
1/17/2019 9:00,2.31,0.759260283
1/17/2019 10:00,2.267671423,0.745347553
1/17/2019 11:00,2.038100907,0.669891373
1/17/2019 12:00,1.844250353,0.606175777
1/17/2019 13:00,1.659663255,0.545504932
1/17/2019 14:00,1.265960398,0.41610106
1/17/2019 15:00,0.940966364,0.309280687
1/17/2019 16:00,0.683315557,0.224594963
1/17/2019 17:00,0.474933481,0.156103086
1/17/2019 18:00,0.354331846,0.116463246
1/17/2019 19:00,0.248739461,0.081756707
1/17/2019 20:00,0.170101686,0.055909721
1/17/2019 21:00,0.097477282,0.032039233
1/17/2019 22:00,0.037408207,0.012295483
1/17/2019 23:00,0.01519796,0.004995328
1/18/2019 0:00,0.00214661,0.000705557
1/18/2019 1:00,0,0
1/18/2019 2:00,0,0
1/18/2019 3:00,0,0
1/18/2019 4:00,0.030140632,0.009906747
1/18/2019 5:00,0.105152045,0.034561806
1/18/2019 6:00,0.18581321,0.061073849
1/18/2019 7:00,0.276687228,0.090942694
1/18/2019 8:00,0.387416544,0.12733766
1/18/2019 9:00,0.536770981,0.17642809
1/18/2019 10:00,0.714751594,0.234927488
1/18/2019 11:00,0.871272305,0.286373358
1/18/2019 12:00,1.002094856,0.329372651
1/18/2019 13:00,1.149682476,0.377882356
1/18/2019 14:00,1.363133008,0.448040153
1/18/2019 15:00,1.455658216,0.478451718
1/18/2019 16:00,1.444572922,0.474808158
1/18/2019 17:00,1.365386314,0.448780779
1/18/2019 18:00,1.138305557,0.374142943
1/18/2019 19:00,0.902423073,0.29661212
1/18/2019 20:00,0.806330963,0.265028171
1/18/2019 21:00,0.792929679,0.260623382
1/18/2019 22:00,1.020353067,0.335373835
1/18/2019 23:00,0.858630517,0.282218203
1/19/2019 0:00,0.864537154,0.284159621
1/19/2019 1:00,0.975188848,0.320529074
1/19/2019 2:00,0.955352852,0.314009297
1/19/2019 3:00,0.957272472,0.314640246
1/19/2019 4:00,0.821686258,0.270075212
1/19/2019 5:00,0.695008472,0.228438238
1/19/2019 6:00,0.60021832,0.197282221
1/19/2019 7:00,0.493036004,0.162053098
1/19/2019 8:00,0.402976335,0.132451916
1/19/2019 9:00,0.42693355,0.140326272
1/19/2019 10:00,0.681912672,0.224133856
1/19/2019 11:00,0.700133687,0.230122814
1/19/2019 12:00,0.582169562,0.191349882
1/19/2019 13:00,0.508739476,0.16721458
1/19/2019 14:00,0.407252536,0.133857435
1/19/2019 15:00,0.349783685,0.114968337
1/19/2019 16:00,0.250964365,0.082487998
1/19/2019 17:00,0.190720945,0.062686943
1/19/2019 18:00,0.152555529,0.050142578
1/19/2019 19:00,0.127487372,0.041903073
1/19/2019 20:00,0.142898126,0.046968343
1/19/2019 21:00,0.145391202,0.047787777
1/19/2019 22:00,0.104189485,0.034245428
1/19/2019 23:00,0.108506417,0.035664335
1/20/2019 0:00,0.118450866,0.038932917
1/20/2019 1:00,0.14208926,0.046702481
1/20/2019 2:00,0.143608901,0.047201963
1/20/2019 3:00,0.17165829,0.056421351
1/20/2019 4:00,0.248809676,0.081779786
1/20/2019 5:00,0.419146012,0.137766632
1/20/2019 6:00,0.681605938,0.224033038
1/20/2019 7:00,0.954039412,0.313577591
1/20/2019 8:00,1.103266121,0.362626038
1/20/2019 9:00,1.633807385,0.537006518
1/20/2019 10:00,2.256420281,0.741649481
1/20/2019 11:00,2.145828031,0.705299566
1/20/2019 12:00,2.000966482,0.657685878
1/20/2019 13:00,2.194819505,0.721402285
1/20/2019 14:00,2.218022399,0.729028708
1/20/2019 15:00,2.201445509,0.723580147
1/20/2019 16:00,2.253847552,0.740803866
1/20/2019 17:00,2.240203994,0.736319445
1/20/2019 18:00,2.121101046,0.697172199
1/20/2019 19:00,2.011254289,0.661067316
1/20/2019 20:00,1.90668155,0.626695919
1/20/2019 21:00,1.726124403,0.567349655
1/20/2019 22:00,1.210909912,0.398006841
1/20/2019 23:00,1.00705895,0.33100427
1/21/2019 0:00,1.006741207,0.330899833
1/21/2019 1:00,1.170663479,0.384778478
1/21/2019 2:00,1.44582279,0.47521897
1/21/2019 3:00,1.654288245,0.543738252
1/21/2019 4:00,1.560565578,0.512933101
1/21/2019 5:00,1.680517594,0.552359422
1/21/2019 6:00,1.754090799,0.576541765
1/21/2019 7:00,1.713917432,0.563337418
1/21/2019 8:00,1.640067543,0.539064133
1/21/2019 9:00,1.808561812,0.594445521
1/21/2019 10:00,1.956819509,0.643175469
1/21/2019 11:00,2.073413721,0.681498134
1/21/2019 12:00,2.163991687,0.711269671
1/21/2019 13:00,2.219393112,0.729479239
1/21/2019 14:00,2.1983327,0.722557016
1/21/2019 15:00,2.226345354,0.73176433
1/21/2019 16:00,2.258328545,0.742276697
1/21/2019 17:00,2.307172923,0.758331068
1/21/2019 18:00,2.31,0.759260283
1/21/2019 19:00,2.31,0.759260283
1/21/2019 20:00,2.31,0.759260283
1/21/2019 21:00,2.225598688,0.731518913
1/21/2019 22:00,1.467307011,0.482280492
1/21/2019 23:00,0.97963517,0.321990509
1/22/2019 0:00,0.761086529,0.250157045
1/22/2019 1:00,0.819647814,0.269405208
1/22/2019 2:00,0.779801095,0.256308225
1/22/2019 3:00,0.669836659,0.220164663
1/22/2019 4:00,0.692973368,0.227769331
1/22/2019 5:00,0.906527506,0.297961182
1/22/2019 6:00,1.071234159,0.352097641
1/22/2019 7:00,0.766936275,0.252079763
1/22/2019 8:00,0.559680067,0.183957942
1/22/2019 9:00,0.460079461,0.151220806
1/22/2019 10:00,0.502997584,0.165327311
1/22/2019 11:00,0.415465111,0.136556778
1/22/2019 12:00,0.446210072,0.146662158
1/22/2019 13:00,0.425425675,0.139830657
1/22/2019 14:00,0.470985139,0.154805329
1/22/2019 15:00,0.56202775,0.184729588
1/22/2019 16:00,0.594497782,0.195401972
1/22/2019 17:00,0.628573823,0.206602224
1/22/2019 18:00,0.728582231,0.239473399
1/22/2019 19:00,0.78440206,0.257820489
1/22/2019 20:00,0.813961741,0.267536286
1/22/2019 21:00,0.804154296,0.264312735
1/22/2019 22:00,0.665820843,0.218844728
1/22/2019 23:00,0.599456195,0.197031723
1/23/2019 0:00,0.513533181,0.168790194
1/23/2019 1:00,0.435802515,0.14324136
1/23/2019 2:00,0.435235255,0.14305491
1/23/2019 3:00,0.436345524,0.143419838
1/23/2019 4:00,0.438244819,0.144044106
1/23/2019 5:00,0.471990882,0.155135901
1/23/2019 6:00,0.424546073,0.139541546
1/23/2019 7:00,0.364407624,0.119774994
1/23/2019 8:00,0.329346804,0.10825106
1/23/2019 9:00,0.329521706,0.108308547
1/23/2019 10:00,0.140136625,0.046060681
1/23/2019 11:00,0.126228197,0.041489202
1/23/2019 12:00,0.15964736,0.05247355
1/23/2019 13:00,0.179879592,0.059123563
1/23/2019 14:00,0.173259901,0.056947775
1/23/2019 15:00,0.167190603,0.054952894
1/23/2019 16:00,0.200894979,0.066030987
1/23/2019 17:00,0.166304163,0.054661535
1/23/2019 18:00,0.150980352,0.049624842
1/23/2019 19:00,0.13790933,0.045328605
1/23/2019 20:00,0.123943051,0.040738111
1/23/2019 21:00,0.09916619,0.03259435
1/23/2019 22:00,0.016073238,0.005283018
1/23/2019 23:00,0.007156657,0.002352279
1/24/2019 0:00,0.007551988,0.002482219
1/24/2019 1:00,0.01349221,0.004434675
1/24/2019 2:00,0.027091012,0.008904385
1/24/2019 3:00,0.040977013,0.013468493
1/24/2019 4:00,0.03560948,0.01170427
1/24/2019 5:00,0.034464372,0.011327891
1/24/2019 6:00,0.031274478,0.010279424
1/24/2019 7:00,0.024290028,0.007983746
1/24/2019 8:00,0.019027721,0.006254109
1/24/2019 9:00,0.010383101,0.00341276
1/24/2019 10:00,2.04E-05,6.72E-06
1/24/2019 11:00,0.015509681,0.005097786
1/24/2019 12:00,0.042799331,0.01406746
1/24/2019 13:00,0.067438249,0.022165881
1/24/2019 14:00,0.10701365,0.035173686
1/24/2019 15:00,0.110297017,0.036252876
1/24/2019 16:00,0.101656201,0.033412777
1/24/2019 17:00,0.120283604,0.039535309
1/24/2019 18:00,0.200847189,0.066015278
1/24/2019 19:00,0.392183181,0.128904378
1/24/2019 20:00,0.54854797,0.180298999
1/24/2019 21:00,0.709435051,0.233180025
1/24/2019 22:00,0.960273249,0.315626554
1/24/2019 23:00,1.311717462,0.43114068
1/25/2019 0:00,1.671459921,0.549382309
1/25/2019 1:00,1.814861997,0.596516292
1/25/2019 2:00,1.57430153,0.51744789
1/25/2019 3:00,1.316769513,0.432801209
1/25/2019 4:00,2.013345344,0.661754613
1/25/2019 5:00,2.271250994,0.746524101
1/25/2019 6:00,2.29869128,0.755543286
1/25/2019 7:00,2.264038927,0.744153609
1/25/2019 8:00,2.298023961,0.755323949
1/25/2019 9:00,2.309129598,0.758974196
1/25/2019 10:00,2.31,0.759260283
1/25/2019 11:00,2.31,0.759260283
1/25/2019 12:00,2.31,0.759260283
1/25/2019 13:00,2.31,0.759260283
1/25/2019 14:00,2.31,0.759260283
1/25/2019 15:00,2.31,0.759260283
1/25/2019 16:00,2.31,0.759260283
1/25/2019 17:00,2.31,0.759260283
1/25/2019 18:00,2.31,0.759260283
1/25/2019 19:00,2.31,0.759260283
1/25/2019 20:00,2.266987465,0.745122746
1/25/2019 21:00,2.131053353,0.700443364
1/25/2019 22:00,1.598455584,0.525386943
1/25/2019 23:00,1.220400609,0.401126282
1/26/2019 0:00,0.943850508,0.31022866
1/26/2019 1:00,0.786455379,0.258495382
1/26/2019 2:00,0.595925118,0.195871114
1/26/2019 3:00,0.463509389,0.152348169
1/26/2019 4:00,0.254542875,0.083664197
1/26/2019 5:00,0.223785917,0.073554874
1/26/2019 6:00,0.240312059,0.078986754
1/26/2019 7:00,0.390856344,0.128468268
1/26/2019 8:00,0.457195762,0.15027298
1/26/2019 9:00,0.496018398,0.163033363
1/26/2019 10:00,0.393307948,0.129274071
1/26/2019 11:00,0.655902875,0.21558485
1/26/2019 12:00,0.941549462,0.309472343
1/26/2019 13:00,1.413345824,0.464544308
1/26/2019 14:00,1.960190724,0.644283534
1/26/2019 15:00,2.188209728,0.719229757
1/26/2019 16:00,2.296180786,0.754718127
1/26/2019 17:00,2.31,0.759260283
1/26/2019 18:00,2.31,0.759260283
1/26/2019 19:00,2.31,0.759260283
1/26/2019 20:00,2.286906678,0.751669875
1/26/2019 21:00,2.199211287,0.722845794
1/26/2019 22:00,2.165704368,0.711832602
1/26/2019 23:00,1.761021924,0.578819915
1/27/2019 0:00,1.792850206,0.589281366
1/27/2019 1:00,1.945455154,0.639440186
1/27/2019 2:00,2.160957024,0.710272226
1/27/2019 3:00,2.237940772,0.73557556
1/27/2019 4:00,2.166502414,0.712094907
1/27/2019 5:00,2.084540976,0.685155485
1/27/2019 6:00,2.111796722,0.694114016
1/27/2019 7:00,2.236566608,0.735123894
1/27/2019 8:00,2.290086474,0.752715024
1/27/2019 9:00,2.3090673,0.758953719
1/27/2019 10:00,2.31,0.759260283
1/27/2019 11:00,2.31,0.759260283
1/27/2019 12:00,2.31,0.759260283
1/27/2019 13:00,2.31,0.759260283
1/27/2019 14:00,2.31,0.759260283
1/27/2019 15:00,2.31,0.759260283
1/27/2019 16:00,2.309196267,0.758996109
1/27/2019 17:00,2.298175657,0.755373809
1/27/2019 18:00,2.22219016,0.730398584
1/27/2019 19:00,2.132754492,0.701002502
1/27/2019 20:00,2.107855715,0.692818669
1/27/2019 21:00,2.090769691,0.687202765
1/27/2019 22:00,2.146195185,0.705420244
1/27/2019 23:00,2.172352221,0.714017646
1/28/2019 0:00,2.103634178,0.691431117
1/28/2019 1:00,1.977105241,0.649843067
1/28/2019 2:00,1.900556908,0.624682847
1/28/2019 3:00,1.877927247,0.617244837
1/28/2019 4:00,1.724098422,0.566683747
1/28/2019 5:00,1.458246465,0.479302434
1/28/2019 6:00,1.208281971,0.397143078
1/28/2019 7:00,1.041960364,0.34247581
1/28/2019 8:00,0.946558267,0.311118657
1/28/2019 9:00,0.854869227,0.280981927
1/28/2019 10:00,1.101375708,0.362004689
1/28/2019 11:00,1.193695765,0.392348824
1/28/2019 12:00,1.027572253,0.337746667
1/28/2019 13:00,0.965865798,0.317464736
1/28/2019 14:00,1.057966834,0.347736882
1/28/2019 15:00,1.390799996,0.457133852
1/28/2019 16:00,1.327308839,0.436265318
1/28/2019 17:00,1.314965104,0.432208129
1/28/2019 18:00,1.551383217,0.509915005
1/28/2019 19:00,1.719049107,0.565024117
1/28/2019 20:00,1.867851556,0.613933117
1/28/2019 21:00,1.830304248,0.601591914
1/28/2019 22:00,1.40569656,0.462030116
1/28/2019 23:00,1.040723433,0.34206925
1/29/2019 0:00,1.061134565,0.348778065
1/29/2019 1:00,1.357234622,0.446101447
1/29/2019 2:00,1.213241259,0.398773118
1/29/2019 3:00,0.813263538,0.267306798
1/29/2019 4:00,0.562675117,0.184942367
1/29/2019 5:00,0.574041656,0.188678368
1/29/2019 6:00,0.596612039,0.196096894
1/29/2019 7:00,0.575489655,0.189154302
1/29/2019 8:00,0.517241699,0.170009125
1/29/2019 9:00,0.496469124,0.16318151
1/29/2019 10:00,0.368161112,0.121008706
1/29/2019 11:00,0.303022736,0.099598757
1/29/2019 12:00,0.323979636,0.106486957
1/29/2019 13:00,0.391989435,0.128840697
1/29/2019 14:00,0.408407641,0.1342371
1/29/2019 15:00,0.337315908,0.110870377
1/29/2019 16:00,0.277775303,0.091300327
1/29/2019 17:00,0.312177042,0.102607632
1/29/2019 18:00,0.342300119,0.112508608
1/29/2019 19:00,0.357618034,0.117543364
1/29/2019 20:00,0.313945058,0.10318875
1/29/2019 21:00,0.309637006,0.101772762
1/29/2019 22:00,0.323842047,0.106441733
1/29/2019 23:00,0.374129541,0.122970433
1/30/2019 0:00,0.503900198,0.165623986
1/30/2019 1:00,0.533328554,0.175296619
1/30/2019 2:00,0.465679024,0.153061293
1/30/2019 3:00,0.475637438,0.156334466
1/30/2019 4:00,0.484596759,0.159279252
1/30/2019 5:00,0.461464468,0.151676036
1/30/2019 6:00,0.404552189,0.132969874
1/30/2019 7:00,0.329276275,0.108227878
1/30/2019 8:00,0.191532534,0.0629537
1/30/2019 9:00,0.086023196,0.028274457
1/30/2019 10:00,0.236146122,0.077617477
1/30/2019 11:00,0.258186849,0.084861913
1/30/2019 12:00,0.168337169,0.055329752
1/30/2019 13:00,0.040276155,0.013238132
1/30/2019 14:00,0.034248399,0.011256904
1/30/2019 15:00,0.084986694,0.027933775
1/30/2019 16:00,0.118560743,0.038969032
1/30/2019 17:00,0.073783243,0.024251379
1/30/2019 18:00,0.058162621,0.019117129
1/30/2019 19:00,0.145215955,0.047730176
1/30/2019 20:00,0.299700186,0.098506687
1/30/2019 21:00,0.330978954,0.108787521
1/30/2019 22:00,0.586840184,0.192885041
1/30/2019 23:00,0.580275521,0.19072734
1/31/2019 0:00,0.507025199,0.166651124
1/31/2019 1:00,0.422353558,0.138820901
1/31/2019 2:00,0.369611871,0.121485547
1/31/2019 3:00,0.294156321,0.096684507
1/31/2019 4:00,0.230000197,0.075597409
1/31/2019 5:00,0.216280755,0.071088047
1/31/2019 6:00,0.201557975,0.066248903
1/31/2019 7:00,0.166734009,0.054802819
1/31/2019 8:00,0.161492159,0.053079906
1/31/2019 9:00,0.158338559,0.052043368
1/31/2019 10:00,0.247372618,0.081307448
1/31/2019 11:00,0.312086861,0.102577991
1/31/2019 12:00,0.308831311,0.101507943
1/31/2019 13:00,0.305453351,0.100397661
1/31/2019 14:00,0.267624524,0.087963927
1/31/2019 15:00,0.264325902,0.086879723
1/31/2019 16:00,0.245774193,0.080782071
1/31/2019 17:00,0.259492761,0.085291146
1/31/2019 18:00,0.21737408,0.071447405
1/31/2019 19:00,0.217986705,0.071648765
1/31/2019 20:00,0.193104418,0.063470353
1/31/2019 21:00,0.150183038,0.049362778
1/31/2019 22:00,0.446234434,0.146670166
1/31/2019 23:00,0.531567828,0.174717896
02/01/2019 00:00,0.414846176,0.136353344
02/01/2019 01:00,0.255540949,0.083992248
02/01/2019 02:00,0.182405534,0.0599538
02/01/2019 03:00,0.171969839,0.056523753
02/01/2019 04:00,0.169050006,0.05556405
02/01/2019 05:00,0.178280494,0.058597964
02/01/2019 06:00,0.216914075,0.071296209
02/01/2019 07:00,0.28192421,0.092664007
02/01/2019 08:00,0.372716392,0.122505954
02/01/2019 09:00,0.496301711,0.163126484
02/01/2019 10:00,0.596006631,0.195897906
02/01/2019 11:00,0.90696877,0.298106219
02/01/2019 12:00,1.092622973,0.359127804
02/01/2019 13:00,1.224700866,0.402539708
02/01/2019 14:00,1.272945449,0.418396936
02/01/2019 15:00,1.209711705,0.397613009
02/01/2019 16:00,1.386750913,0.455802983
02/01/2019 17:00,1.665347859,0.547373371
02/01/2019 18:00,1.817934665,0.597526228
02/01/2019 19:00,1.754662803,0.576729773
02/01/2019 20:00,1.651291204,0.542753172
02/01/2019 21:00,1.512624588,0.497175659
02/01/2019 22:00,1.770346084,0.581884618
02/01/2019 23:00,1.667060082,0.547936151
02/02/2019 00:00,1.621667958,0.533016482
02/02/2019 01:00,1.4948174,0.49132272
02/02/2019 02:00,1.318578682,0.433395854
02/02/2019 03:00,1.209331429,0.397488019
02/02/2019 04:00,1.160483133,0.38143236
02/02/2019 05:00,0.930180706,0.305735613
02/02/2019 06:00,0.701348987,0.230522264
02/02/2019 07:00,0.566276084,0.186125948
02/02/2019 08:00,0.52718164,0.173276226
02/02/2019 09:00,0.550046768,0.18079163
02/02/2019 10:00,0.601128421,0.197581357
02/02/2019 11:00,0.469507876,0.154319776
02/02/2019 12:00,0.490730227,0.161295225
02/02/2019 13:00,0.529676152,0.174096132
02/02/2019 14:00,0.51157743,0.16814737
02/02/2019 15:00,0.421105669,0.13841074
02/02/2019 16:00,0.360745646,0.11857136
02/02/2019 17:00,0.276674142,0.090938393
02/02/2019 18:00,0.177231684,0.058253237
02/02/2019 19:00,0.103119023,0.033893584
02/02/2019 20:00,0.034293192,0.011271627
02/02/2019 21:00,0.01535877,0.005048184
02/02/2019 22:00,0.014648318,0.004814669
02/02/2019 23:00,0.074225606,0.024396777
02/03/2019 00:00,0.127974211,0.042063089
02/03/2019 01:00,0.238278055,0.078318209
02/03/2019 02:00,0.401475161,0.131958504
02/03/2019 03:00,0.477305231,0.156882643
02/03/2019 04:00,0.381767649,0.125480958
02/03/2019 05:00,0.419210718,0.1377879
02/03/2019 06:00,0.476336644,0.156564284
02/03/2019 07:00,0.472569332,0.155326028
02/03/2019 08:00,0.43049545,0.141497012
02/03/2019 09:00,0.45927417,0.15095612
02/03/2019 10:00,0.716835054,0.235612288
02/03/2019 11:00,1.048135044,0.344505329
02/03/2019 12:00,1.752593211,0.576049531
02/03/2019 13:00,2.018599655,0.663481621
02/03/2019 14:00,1.967505724,0.646687858
02/03/2019 15:00,2.205025744,0.724756914
02/03/2019 16:00,2.25442187,0.740992635
02/03/2019 17:00,2.124058534,0.698144279
02/03/2019 18:00,2.1229233,0.697771145
02/03/2019 19:00,2.216250218,0.72844622
02/03/2019 20:00,2.22636304,0.731770144
02/03/2019 21:00,2.23575695,0.734857773
02/03/2019 22:00,2.214997501,0.728034471
02/03/2019 23:00,2.184100598,0.717879151
02/04/2019 00:00,2.041276206,0.670935043
02/04/2019 01:00,1.947407732,0.640081968
02/04/2019 02:00,1.519816721,0.499539599
02/04/2019 03:00,1.017843899,0.334549111
02/04/2019 04:00,0.619969839,0.203774232
02/04/2019 05:00,0.448858486,0.14753265
02/04/2019 06:00,0.398293205,0.130912646
02/04/2019 07:00,0.389244339,0.127938427
02/04/2019 08:00,0.414854189,0.136355978
02/04/2019 09:00,0.554004082,0.182092336
02/04/2019 10:00,0.913275381,0.300179101
02/04/2019 11:00,1.217359396,0.400126684
02/04/2019 12:00,1.363383682,0.448122545
02/04/2019 13:00,1.403285379,0.461237599
02/04/2019 14:00,1.412207945,0.464170305
02/04/2019 15:00,1.474176747,0.484538465
02/04/2019 16:00,1.507024824,0.495335106
02/04/2019 17:00,1.348972966,0.443385972
02/04/2019 18:00,1.34132531,0.440872309
02/04/2019 19:00,1.620145982,0.532516233
02/04/2019 20:00,1.731811711,0.569218982
02/04/2019 21:00,1.660030805,0.54562574
02/04/2019 22:00,1.063059655,0.349410812
02/04/2019 23:00,0.987194325,0.324475083
02/05/2019 00:00,0.807219538,0.265320232
02/05/2019 01:00,0.618963386,0.203443427
02/05/2019 02:00,0.459268154,0.150954142
02/05/2019 03:00,0.275026888,0.090396966
02/05/2019 04:00,0.117984985,0.038779789
02/05/2019 05:00,0.039003665,0.012819885
02/05/2019 06:00,0.009252634,0.003041194
02/05/2019 07:00,0,0
02/05/2019 08:00,0.007076185,0.00232583
02/05/2019 09:00,0.024136066,0.007933141
02/05/2019 10:00,0.107160242,0.035221868
02/05/2019 11:00,0.292542791,0.096154165
02/05/2019 12:00,0.626401129,0.205888095
02/05/2019 13:00,1.055563234,0.346946857
02/05/2019 14:00,1.525805758,0.5015081
02/05/2019 15:00,1.978596858,0.650333338
02/05/2019 16:00,2.246657526,0.738440619
02/05/2019 17:00,2.31,0.759260283
02/05/2019 18:00,2.31,0.759260283
02/05/2019 19:00,2.31,0.759260283
02/05/2019 20:00,2.31,0.759260283
02/05/2019 21:00,2.31,0.759260283
02/05/2019 22:00,2.31,0.759260283
02/05/2019 23:00,2.31,0.759260283
02/06/2019 00:00,1.93541977,0.636141715
02/06/2019 01:00,1.423304947,0.467817713
02/06/2019 02:00,1.61877516,0.532065665
02/06/2019 03:00,1.972317554,0.64826943
02/06/2019 04:00,1.970700676,0.647737988
02/06/2019 05:00,2.03469731,0.668772665
02/06/2019 06:00,2.034071768,0.668567059
02/06/2019 07:00,1.981484744,0.65128254
02/06/2019 08:00,1.88570632,0.619801694
02/06/2019 09:00,1.86872397,0.614219866
02/06/2019 10:00,1.71510519,0.563727815
02/06/2019 11:00,1.6808058,0.55245415
02/06/2019 12:00,1.664911583,0.547229974
02/06/2019 13:00,1.422509615,0.4675563
02/06/2019 14:00,1.036189772,0.340579108
02/06/2019 15:00,0.897357014,0.294946987
02/06/2019 16:00,0.68964428,0.226675113
02/06/2019 17:00,0.857260797,0.281767998
02/06/2019 18:00,1.130309421,0.371514741
02/06/2019 19:00,1.24266759,0.408445085
02/06/2019 20:00,1.430970922,0.470337397
02/06/2019 21:00,1.367292347,0.449407262
02/06/2019 22:00,1.122228401,0.368858638
02/06/2019 23:00,0.874459035,0.287420786
02/07/2019 00:00,0.620820547,0.204053846
02/07/2019 01:00,0.431304752,0.141763016
02/07/2019 02:00,0.309083906,0.101590967
02/07/2019 03:00,0.102961046,0.033841659
02/07/2019 04:00,0.027269045,0.008962902
02/07/2019 05:00,0.012726254,0.004182917
02/07/2019 06:00,0.012017306,0.003949898
02/07/2019 07:00,0.013515833,0.00444244
02/07/2019 08:00,0.008655078,0.002844787
02/07/2019 09:00,0.003220451,0.001058511
02/07/2019 10:00,0,0
02/07/2019 11:00,0,0
02/07/2019 12:00,0,0
02/07/2019 13:00,0.026364913,0.008665728
02/07/2019 14:00,0.123773554,0.0406824
02/07/2019 15:00,0.256441828,0.084288353
02/07/2019 16:00,0.280896106,0.092326085
02/07/2019 17:00,0.206123237,0.067749432
02/07/2019 18:00,0.122357751,0.040217048
02/07/2019 19:00,0.183734182,0.060390505
02/07/2019 20:00,0.349103913,0.114744907
02/07/2019 21:00,0.584868705,0.192237047
02/07/2019 22:00,0.831696446,0.273365402
02/07/2019 23:00,0.885755669,0.29113381
02/08/2019 00:00,0.968956402,0.318480568
02/08/2019 01:00,0.88292421,0.290203154
02/08/2019 02:00,0.827562432,0.272006618
02/08/2019 03:00,0.702904681,0.231033596
02/08/2019 04:00,0.656922414,0.215919956
02/08/2019 05:00,0.890513968,0.292697787
02/08/2019 06:00,1.537287163,0.505281856
02/08/2019 07:00,2.033010611,0.668218273
02/08/2019 08:00,2.31,0.759260283
02/08/2019 09:00,2.31,0.759260283
02/08/2019 10:00,2.31,0.759260283
02/08/2019 11:00,2.31,0.759260283
02/08/2019 12:00,2.31,0.759260283
02/08/2019 13:00,2.31,0.759260283
02/08/2019 14:00,2.31,0.759260283
02/08/2019 15:00,2.31,0.759260283
02/08/2019 16:00,2.31,0.759260283
02/08/2019 17:00,2.306531604,0.758120276
02/08/2019 18:00,2.268035314,0.745467158
02/08/2019 19:00,2.248441538,0.739026995
02/08/2019 20:00,2.251911161,0.740167405
02/08/2019 21:00,2.278132221,0.748785851
02/08/2019 22:00,2.308784715,0.758860838
02/08/2019 23:00,2.301973546,0.756622115
02/09/2019 00:00,2.31,0.759260283
02/09/2019 01:00,2.31,0.759260283
02/09/2019 02:00,2.295770853,0.754583389
02/09/2019 03:00,2.211497451,0.726884061
02/09/2019 04:00,2.004460427,0.658834282
02/09/2019 05:00,1.696908459,0.557746839
02/09/2019 06:00,1.541857909,0.506784187
02/09/2019 07:00,1.642220349,0.539771726
02/09/2019 08:00,1.886181694,0.619957942
02/09/2019 09:00,2.131623691,0.700630826
02/09/2019 10:00,2.31,0.759260283
02/09/2019 11:00,2.31,0.759260283
02/09/2019 12:00,2.31,0.759260283
02/09/2019 13:00,2.31,0.759260283
02/09/2019 14:00,2.31,0.759260283
02/09/2019 15:00,2.31,0.759260283
02/09/2019 16:00,2.31,0.759260283
02/09/2019 17:00,2.31,0.759260283
02/09/2019 18:00,2.31,0.759260283
02/09/2019 19:00,2.31,0.759260283
02/09/2019 20:00,2.31,0.759260283
02/09/2019 21:00,2.308985101,0.758926702
02/09/2019 22:00,2.31,0.759260283
02/09/2019 23:00,2.31,0.759260283
02/10/2019 00:00,2.307645691,0.758486459
02/10/2019 01:00,2.268067273,0.745477662
02/10/2019 02:00,2.206831792,0.725350533
02/10/2019 03:00,2.086116479,0.685673328
02/10/2019 04:00,1.991062686,0.654430657
02/10/2019 05:00,1.851898623,0.608689642
02/10/2019 06:00,1.654344346,0.543756691
02/10/2019 07:00,1.168525792,0.384075854
02/10/2019 08:00,0.622445379,0.204587902
02/10/2019 09:00,0.253833735,0.083431114
02/10/2019 10:00,0.029435268,0.009674905
02/10/2019 11:00,0.045964246,0.015107717
02/10/2019 12:00,0.17712841,0.058219293
02/10/2019 13:00,0.514667703,0.169163093
02/10/2019 14:00,1.20425782,0.395820404
02/10/2019 15:00,1.902815295,0.625425143
02/10/2019 16:00,2.176570084,0.71540399
02/10/2019 17:00,2.24613995,0.738270499
02/10/2019 18:00,2.232412867,0.733758626
02/10/2019 19:00,2.167662714,0.712476279
02/10/2019 20:00,2.04965179,0.673687965
02/10/2019 21:00,1.917431005,0.630229094
02/10/2019 22:00,1.832781064,0.602406004
02/10/2019 23:00,1.719489502,0.565168868
02/11/2019 00:00,1.604669636,0.527429403
02/11/2019 01:00,1.399046754,0.459844431
02/11/2019 02:00,1.070960338,0.35200764
02/11/2019 03:00,0.793757729,0.260895549
02/11/2019 04:00,0.771486325,0.253575292
02/11/2019 05:00,0.853553637,0.280549513
02/11/2019 06:00,0.872497692,0.286776123
02/11/2019 07:00,0.666943702,0.219213794
02/11/2019 08:00,0.542879268,0.178435786
02/11/2019 09:00,0.518768363,0.170510915
02/11/2019 10:00,0.238672102,0.078447726
02/11/2019 11:00,0.12020091,0.039508129
02/11/2019 12:00,0.094122775,0.03093666
02/11/2019 13:00,0.058669235,0.019283645
02/11/2019 14:00,0.019671056,0.006465563
02/11/2019 15:00,0.054228141,0.017823928
02/11/2019 16:00,0.119531814,0.039288207
02/11/2019 17:00,0.244653366,0.080413673
02/11/2019 18:00,0.439883753,0.144582798
02/11/2019 19:00,0.557512479,0.18324549
02/11/2019 20:00,0.837612785,0.275310009
02/11/2019 21:00,1.472611216,0.4840239
02/11/2019 22:00,2.018368286,0.663405574
02/11/2019 23:00,2.050753817,0.674050183
02/12/2019 00:00,1.935998441,0.636331915
02/12/2019 01:00,1.902353792,0.625273454
02/12/2019 02:00,1.842963707,0.605752877
02/12/2019 03:00,1.850533413,0.608240919
02/12/2019 04:00,2.023043976,0.664942399
02/12/2019 05:00,2.128258385,0.699524703
02/12/2019 06:00,2.258254658,0.742252412
02/12/2019 07:00,2.296618686,0.754862058
02/12/2019 08:00,2.295993892,0.754656698
02/12/2019 09:00,2.301075644,0.756326989
02/12/2019 10:00,2.31,0.759260283
02/12/2019 11:00,2.31,0.759260283
02/12/2019 12:00,2.31,0.759260283
02/12/2019 13:00,2.31,0.759260283
02/12/2019 14:00,2.31,0.759260283
02/12/2019 15:00,2.31,0.759260283
02/12/2019 16:00,2.31,0.759260283
02/12/2019 17:00,2.31,0.759260283
02/12/2019 18:00,2.31,0.759260283
02/12/2019 19:00,2.31,0.759260283
02/12/2019 20:00,2.31,0.759260283
02/12/2019 21:00,2.31,0.759260283
02/12/2019 22:00,2.31,0.759260283
02/12/2019 23:00,2.31,0.759260283
2/13/2019 0:00,2.31,0.759260283
2/13/2019 1:00,2.199209551,0.722845223
2/13/2019 2:00,1.812370472,0.595697367
2/13/2019 3:00,1.18936623,0.390925775
2/13/2019 4:00,0.980256955,0.32219488
2/13/2019 5:00,1.299865073,0.427244989
2/13/2019 6:00,1.601523581,0.526395345
2/13/2019 7:00,1.788059984,0.587706896
2/13/2019 8:00,1.898593643,0.624037553
2/13/2019 9:00,1.913986742,0.62909702
2/13/2019 10:00,2.01592959,0.662604014
2/13/2019 11:00,2.040429064,0.670656601
2/13/2019 12:00,2.10705171,0.692554406
2/13/2019 13:00,2.100840849,0.690512994
2/13/2019 14:00,2.084052853,0.684995047
2/13/2019 15:00,2.109482034,0.693353215
2/13/2019 16:00,2.091073012,0.687302462
2/13/2019 17:00,2.131596472,0.700621879
2/13/2019 18:00,2.266514594,0.744967321
2/13/2019 19:00,2.302823798,0.75690158
2/13/2019 20:00,2.307687012,0.758500041
2/13/2019 21:00,2.31,0.759260283
2/13/2019 22:00,2.31,0.759260283
2/13/2019 23:00,2.31,0.759260283
2/14/2019 0:00,2.31,0.759260283
2/14/2019 1:00,2.31,0.759260283
2/14/2019 2:00,2.31,0.759260283
2/14/2019 3:00,2.31,0.759260283
2/14/2019 4:00,2.31,0.759260283
2/14/2019 5:00,2.269536509,0.745960577
2/14/2019 6:00,2.123449186,0.697943995
2/14/2019 7:00,1.836076025,0.603489005
2/14/2019 8:00,1.450838891,0.476867683
2/14/2019 9:00,1.138650234,0.374256233
2/14/2019 10:00,0.981929489,0.322744616
2/14/2019 11:00,0.992670317,0.326274955
2/14/2019 12:00,1.238287812,0.407005521
2/14/2019 13:00,1.577403711,0.518467527
2/14/2019 14:00,1.90803538,0.627140901
2/14/2019 15:00,1.928117034,0.633741422
2/14/2019 16:00,1.543970251,0.50747848
2/14/2019 17:00,1.168876405,0.384191095
2/14/2019 18:00,1.012314201,0.332731587
2/14/2019 19:00,0.699952415,0.230063233
2/14/2019 20:00,0.653459154,0.214781637
2/14/2019 21:00,0.769596799,0.252954235
2/14/2019 22:00,0.801946846,0.263587182
2/14/2019 23:00,0.735098817,0.241615297
2/15/2019 0:00,0.584993909,0.1922782
2/15/2019 1:00,0.485227701,0.159486633
2/15/2019 2:00,0.390535478,0.128362804
2/15/2019 3:00,0.389413679,0.127994086
2/15/2019 4:00,0.383764603,0.126137325
2/15/2019 5:00,0.469890542,0.154445552
2/15/2019 6:00,0.646781636,0.212586843
2/15/2019 7:00,0.98643941,0.324226955
2/15/2019 8:00,1.324494742,0.435340369
2/15/2019 9:00,1.562264226,0.513491419
2/15/2019 10:00,1.495856377,0.491664215
2/15/2019 11:00,1.783629001,0.586250502
2/15/2019 12:00,1.939668646,0.637538253
2/15/2019 13:00,1.895804474,0.623120797
2/15/2019 14:00,1.858979285,0.611016943
2/15/2019 15:00,1.952154949,0.641642303
2/15/2019 16:00,2.140117953,0.703422754
2/15/2019 17:00,2.285894519,0.751337195
2/15/2019 18:00,2.297715815,0.755222667
2/15/2019 19:00,2.247257411,0.738637791
2/15/2019 20:00,2.052418938,0.674597482
2/15/2019 21:00,1.431288147,0.470441664
2/15/2019 22:00,0.485799327,0.159674517
2/15/2019 23:00,0.074360397,0.024441081
2/16/2019 0:00,0,0
2/16/2019 1:00,0,0
2/16/2019 2:00,0.016489428,0.005419813
2/16/2019 3:00,0.324145715,0.106541544
2/16/2019 4:00,0.401413266,0.13193816
2/16/2019 5:00,0.272572344,0.089590197
2/16/2019 6:00,0.101670921,0.033417616
2/16/2019 7:00,0.079442817,0.026111591
2/16/2019 8:00,0.092507634,0.030405789
2/16/2019 9:00,0.249742514,0.082086395
2/16/2019 10:00,0.648102718,0.213021062
2/16/2019 11:00,0.759223162,0.249544586
2/16/2019 12:00,0.750546904,0.246692837
2/16/2019 13:00,0.564430146,0.185519217
2/16/2019 14:00,0.377774436,0.124168453
2/16/2019 15:00,0.311888703,0.102512859
2/16/2019 16:00,0.206241848,0.067788417
2/16/2019 17:00,0.156459369,0.051425708
2/16/2019 18:00,0.304050048,0.099936418
2/16/2019 19:00,0.554945824,0.182401872
2/16/2019 20:00,0.797770818,0.262214587
2/16/2019 21:00,1.001134022,0.32905684
2/16/2019 22:00,1.276752827,0.41964836
2/16/2019 23:00,1.232303315,0.405038512
2/17/2019 0:00,1.208160923,0.397103292
2/17/2019 1:00,1.285242664,0.422438835
2/17/2019 2:00,1.558721708,0.51232705
2/17/2019 3:00,1.418571232,0.466261816
2/17/2019 4:00,1.673498003,0.550052194
2/17/2019 5:00,1.951911536,0.641562297
2/17/2019 6:00,2.096290516,0.689017372
2/17/2019 7:00,2.220132448,0.729722247
2/17/2019 8:00,2.2342876,0.734374821
2/17/2019 9:00,2.238000287,0.735595122
2/17/2019 10:00,2.095444106,0.688739171
2/17/2019 11:00,2.241450198,0.736729053
2/17/2019 12:00,2.300013225,0.755977789
2/17/2019 13:00,2.31,0.759260283
2/17/2019 14:00,2.31,0.759260283
2/17/2019 15:00,2.31,0.759260283
2/17/2019 16:00,2.271428954,0.746582593
2/17/2019 17:00,1.95929332,0.643988572
2/17/2019 18:00,1.683617065,0.553378169
2/17/2019 19:00,1.624515922,0.533952562
2/17/2019 20:00,1.658169014,0.545013799
2/17/2019 21:00,1.896076527,0.623210217
2/17/2019 22:00,2.144183471,0.704759026
2/17/2019 23:00,2.178668369,0.716093663
2/18/2019 0:00,2.191891389,0.72043986
2/18/2019 1:00,2.10294448,0.691204425
2/18/2019 2:00,1.964399392,0.645666856
2/18/2019 3:00,1.973793974,0.648754706
2/18/2019 4:00,2.069134274,0.680091547
2/18/2019 5:00,2.070418679,0.680513711
2/18/2019 6:00,1.978454297,0.65028648
2/18/2019 7:00,1.999605837,0.657238655
2/18/2019 8:00,2.138014073,0.702731243
2/18/2019 9:00,2.234227586,0.734355095
2/18/2019 10:00,2.271726804,0.746680492
2/18/2019 11:00,2.30577736,0.757872368
2/18/2019 12:00,2.303173663,0.757016574
2/18/2019 13:00,2.304960896,0.75760401
2/18/2019 14:00,2.31,0.759260283
2/18/2019 15:00,2.306643332,0.758157
2/18/2019 16:00,2.289497373,0.752521395
2/18/2019 17:00,2.272375296,0.746893641
2/18/2019 18:00,2.240640557,0.736462937
2/18/2019 19:00,2.116663992,0.69571381
2/18/2019 20:00,1.971848868,0.648115381
2/18/2019 21:00,2.10150764,0.690732158
2/18/2019 22:00,2.15013749,0.706716017
2/18/2019 23:00,2.272999979,0.747098964
2/19/2019 0:00,2.31,0.759260283
2/19/2019 1:00,2.31,0.759260283
2/19/2019 2:00,2.31,0.759260283
2/19/2019 3:00,2.293637656,0.753882241
2/19/2019 4:00,2.109517121,0.693364747
2/19/2019 5:00,1.951739027,0.641505596
2/19/2019 6:00,1.786304084,0.587129759
2/19/2019 7:00,1.554036382,0.510787058
2/19/2019 8:00,1.193338866,0.392231517
2/19/2019 9:00,0.911855857,0.299712526
2/19/2019 10:00,0.849890498,0.279345498
2/19/2019 11:00,0.571977508,0.187999916
2/19/2019 12:00,0.301036744,0.098945993
2/19/2019 13:00,0.123253172,0.040511359
2/19/2019 14:00,0.044893815,0.014755884
2/19/2019 15:00,0.00970419,0.003189613
2/19/2019 16:00,0,0
2/19/2019 17:00,0.001195406,0.000392911
2/19/2019 18:00,0.053482372,0.017578805
2/19/2019 19:00,0.207127641,0.068079563
2/19/2019 20:00,0.453674291,0.149115528
2/19/2019 21:00,0.825969701,0.271483112
2/19/2019 22:00,1.380445242,0.453730409
2/19/2019 23:00,1.801162507,0.592013487
2/20/2019 0:00,2.020282657,0.664034797
2/20/2019 1:00,2.091177459,0.687336792
2/20/2019 2:00,2.088087451,0.686321155
2/20/2019 3:00,2.158859406,0.709582772
2/20/2019 4:00,2.154587703,0.708178731
2/20/2019 5:00,2.055728195,0.675685182
2/20/2019 6:00,1.925997574,0.633044789
2/20/2019 7:00,1.82371217,0.599425203
2/20/2019 8:00,1.848202813,0.607474888
2/20/2019 9:00,1.861983569,0.612004403
2/20/2019 10:00,1.96937989,0.647303867
2/20/2019 11:00,2.097333094,0.689360051
2/20/2019 12:00,2.060183382,0.677149531
2/20/2019 13:00,2.057302025,0.676202475
2/20/2019 14:00,2.088640978,0.686503091
2/20/2019 15:00,2.140463915,0.703536467
2/20/2019 16:00,2.16472902,0.711512021
2/20/2019 17:00,2.201549739,0.723614406
2/20/2019 18:00,2.200744435,0.723349716
2/20/2019 19:00,2.103733517,0.691463768
2/20/2019 20:00,2.005862982,0.659295279
2/20/2019 21:00,1.980551627,0.650975839
2/20/2019 22:00,1.626361978,0.534559332
2/20/2019 23:00,1.647771719,0.541596373
2/21/2019 0:00,1.35753055,0.446198714
2/21/2019 1:00,0.844653445,0.277624162
2/21/2019 2:00,0.514863755,0.169227533
2/21/2019 3:00,0.454601019,0.149420129
2/21/2019 4:00,0.433009453,0.142323325
2/21/2019 5:00,0.666938009,0.219211923
2/21/2019 6:00,1.049907344,0.345087856
2/21/2019 7:00,1.196234323,0.393183208
2/21/2019 8:00,1.142352323,0.375473051
2/21/2019 9:00,1.024765245,0.336824047
2/21/2019 10:00,0.90159365,0.296339502
2/21/2019 11:00,0.797401837,0.262093309
2/21/2019 12:00,0.762388277,0.250584909
2/21/2019 13:00,0.664477543,0.218403207
2/21/2019 14:00,0.47577918,0.156381054
2/21/2019 15:00,0.340516788,0.111922456
2/21/2019 16:00,0.318871794,0.10480809
2/21/2019 17:00,0.40890345,0.134400065
2/21/2019 18:00,0.702805458,0.231000983
2/21/2019 19:00,0.950370494,0.312371675
2/21/2019 20:00,0.932079434,0.306359695
2/21/2019 21:00,0.801551769,0.263457326
2/21/2019 22:00,0.611166195,0.200880614
2/21/2019 23:00,0.525803764,0.17282334
2/22/2019 0:00,0.429629549,0.141212404
2/22/2019 1:00,0.278701904,0.091604886
2/22/2019 2:00,0.423200127,0.139099155
2/22/2019 3:00,0.78079669,0.256635461
2/22/2019 4:00,0.993338577,0.326494601
2/22/2019 5:00,0.906872902,0.298074708
2/22/2019 6:00,1.298877766,0.426920476
2/22/2019 7:00,1.822430515,0.599003943
2/22/2019 8:00,1.882351275,0.618698944
2/22/2019 9:00,1.752944671,0.576165051
2/22/2019 10:00,1.615315065,0.530928387
2/22/2019 11:00,1.953994879,0.642247058
2/22/2019 12:00,2.034726339,0.668782206
2/22/2019 13:00,2.006611697,0.65954137
2/22/2019 14:00,1.962945176,0.645188879
2/22/2019 15:00,1.835190328,0.603197891
2/22/2019 16:00,1.839880298,0.604739409
2/22/2019 17:00,1.705393323,0.560535678
2/22/2019 18:00,1.788685457,0.587912479
2/22/2019 19:00,2.082733473,0.684561388
2/22/2019 20:00,2.23770116,0.735496803
2/22/2019 21:00,2.28762303,0.751905329
2/22/2019 22:00,2.31,0.759260283
2/22/2019 23:00,2.31,0.759260283
2/23/2019 0:00,2.31,0.759260283
2/23/2019 1:00,2.31,0.759260283
2/23/2019 2:00,2.31,0.759260283
2/23/2019 3:00,2.31,0.759260283
2/23/2019 4:00,2.31,0.759260283
2/23/2019 5:00,2.31,0.759260283
2/23/2019 6:00,2.31,0.759260283
2/23/2019 7:00,2.31,0.759260283
2/23/2019 8:00,2.31,0.759260283
2/23/2019 9:00,2.31,0.759260283
2/23/2019 10:00,2.31,0.759260283
2/23/2019 11:00,2.300787388,0.756232244
2/23/2019 12:00,2.252919833,0.740498939
2/23/2019 13:00,2.165740214,0.711844384
2/23/2019 14:00,2.05163271,0.674339062
2/23/2019 15:00,1.92151451,0.631571277
2/23/2019 16:00,1.795050562,0.590004588
2/23/2019 17:00,1.74032039,0.57201565
2/23/2019 18:00,1.814146494,0.596281117
2/23/2019 19:00,2.037888669,0.669821614
2/23/2019 20:00,2.110243264,0.693603419
2/23/2019 21:00,2.191182705,0.720206927
2/23/2019 22:00,2.049304603,0.67357385
2/23/2019 23:00,1.944599087,0.639158811
2/24/2019 0:00,1.788987656,0.588011807
2/24/2019 1:00,1.563842066,0.51401003
2/24/2019 2:00,1.403305952,0.461244361
2/24/2019 3:00,1.191111338,0.391499364
2/24/2019 4:00,1.145549885,0.376524039
2/24/2019 5:00,0.76711483,0.252138451
2/24/2019 6:00,0.52992091,0.17417658
2/24/2019 7:00,0.360253408,0.118409569
2/24/2019 8:00,0.153825629,0.050560039
2/24/2019 9:00,0.190397432,0.062580609
2/24/2019 10:00,0.501886403,0.164962083
2/24/2019 11:00,0.859519647,0.282510446
2/24/2019 12:00,1.401478646,0.460643755
2/24/2019 13:00,1.940730674,0.637887325
2/24/2019 14:00,2.092162902,0.687660691
2/24/2019 15:00,2.050507079,0.673969084
2/24/2019 16:00,2.007162638,0.659722455
2/24/2019 17:00,1.951539542,0.641440028
2/24/2019 18:00,1.908038518,0.627141933
2/24/2019 19:00,1.806581046,0.593794474
2/24/2019 20:00,1.673502547,0.550053687
2/24/2019 21:00,1.42915677,0.469741114
2/24/2019 22:00,0.502581923,0.16519069
2/24/2019 23:00,0.272777382,0.08965759
2/25/2019 0:00,0.306713786,0.100811946
2/25/2019 1:00,0.282255171,0.092772788
2/25/2019 2:00,0.355154464,0.116733627
2/25/2019 3:00,0.465188779,0.152900158
2/25/2019 4:00,0.564248059,0.185459368
2/25/2019 5:00,0.676566295,0.222376587
2/25/2019 6:00,0.740039638,0.243239266
2/25/2019 7:00,0.490568266,0.161241992
2/25/2019 8:00,0.247563133,0.081370067
2/25/2019 9:00,0.081300262,0.026722104
2/25/2019 10:00,0.013694489,0.004501161
2/25/2019 11:00,0.015478352,0.005087488
2/25/2019 12:00,0.030997307,0.010188322
2/25/2019 13:00,0.070030989,0.023018073
2/25/2019 14:00,0.183710784,0.060382815
2/25/2019 15:00,0.24958888,0.082035898
2/25/2019 16:00,0.527383553,0.173342591
2/25/2019 17:00,1.232964011,0.405255673
2/25/2019 18:00,1.980169872,0.650850362
2/25/2019 19:00,2.125082422,0.698480814
2/25/2019 20:00,2.207995409,0.725732995
2/25/2019 21:00,2.118855181,0.696434019
2/25/2019 22:00,1.962118253,0.644917082
2/25/2019 23:00,1.907711054,0.627034301
2/26/2019 0:00,1.682523028,0.553018576
2/26/2019 1:00,1.462705634,0.480768092
2/26/2019 2:00,1.31836345,0.433325111
2/26/2019 3:00,1.495985894,0.491706785
2/26/2019 4:00,1.842824908,0.605707256
2/26/2019 5:00,2.106442567,0.69235419
2/26/2019 6:00,2.142019436,0.704047741
2/26/2019 7:00,2.0728988,0.681328887
2/26/2019 8:00,1.993081826,0.655094317
2/26/2019 9:00,1.771549354,0.582280114
2/26/2019 10:00,1.462158083,0.480588121
2/26/2019 11:00,1.149283841,0.377751331
2/26/2019 12:00,0.959628302,0.31541457
2/26/2019 13:00,0.684483742,0.224978926
2/26/2019 14:00,0.529454166,0.174023169
2/26/2019 15:00,0.389146801,0.127906368
2/26/2019 16:00,0.231552242,0.076107541
2/26/2019 17:00,0.105641135,0.034722562
2/26/2019 18:00,0.046178326,0.015178082
2/26/2019 19:00,0.017153472,0.005638074
2/26/2019 20:00,0.022012009,0.007234997
2/26/2019 21:00,0.074443872,0.024468518
2/26/2019 22:00,0.136730343,0.04494109
2/26/2019 23:00,0.137868146,0.045315068
2/27/2019 0:00,0.066578544,0.021883309
2/27/2019 1:00,0.000160111,5.26E-05
2/27/2019 2:00,0,0
2/27/2019 3:00,0,0
2/27/2019 4:00,0,0
2/27/2019 5:00,0,0
2/27/2019 6:00,0,0
2/27/2019 7:00,0,0
2/27/2019 8:00,0,0
2/27/2019 9:00,0,0
2/27/2019 10:00,0,0
2/27/2019 11:00,0,0
2/27/2019 12:00,0.015264474,0.00501719
2/27/2019 13:00,0.095142654,0.031271878
2/27/2019 14:00,0.14319342,0.047065401
2/27/2019 15:00,0.173791333,0.057122449
2/27/2019 16:00,0.134326207,0.044150889
2/27/2019 17:00,0.08376918,0.027533598
2/27/2019 18:00,0.085463113,0.028090367
2/27/2019 19:00,0.113428402,0.037282113
2/27/2019 20:00,0.114845987,0.03774805
2/27/2019 21:00,0.100702981,0.033099469
2/27/2019 22:00,0.105602937,0.034710007
2/27/2019 23:00,0.116407974,0.038261451
2/28/2019 0:00,0.149902239,0.049270483
2/28/2019 1:00,0.133951567,0.044027751
2/28/2019 2:00,0.125117371,0.041124091
2/28/2019 3:00,0.135997045,0.044700067
2/28/2019 4:00,0.177108017,0.05821259
2/28/2019 5:00,0.190597376,0.062646328
2/28/2019 6:00,0.197169171,0.064806372
2/28/2019 7:00,0.200283024,0.065829847
2/28/2019 8:00,0.191719168,0.063015043
2/28/2019 9:00,0.173999412,0.057190841
2/28/2019 10:00,0.228214787,0.075010573
2/28/2019 11:00,0.193788819,0.063695305
2/28/2019 12:00,0.122179702,0.040158526
2/28/2019 13:00,0.089047991,0.029268659
2/28/2019 14:00,0.095996135,0.031552404
2/28/2019 15:00,0.113590691,0.037335455
2/28/2019 16:00,0.127632582,0.041950801
2/28/2019 17:00,0.128382385,0.042197249
2/28/2019 18:00,0.111895349,0.036778223
2/28/2019 19:00,0.113833248,0.037415179
2/28/2019 20:00,0.097730247,0.032122379
2/28/2019 21:00,0.069111289,0.022715782
2/28/2019 22:00,0.137752453,0.045277042
2/28/2019 23:00,0.143889882,0.047294317
03/01/2019 00:00,0.16437263,0.054026671
03/01/2019 01:00,0.162050143,0.053263306
03/01/2019 02:00,0.122063358,0.040120285
03/01/2019 03:00,0.061187276,0.020111285
03/01/2019 04:00,0.036765885,0.012084362
03/01/2019 05:00,0.064952924,0.021348994
03/01/2019 06:00,0.200798013,0.065999115
03/01/2019 07:00,0.433542633,0.142498572
03/01/2019 08:00,0.771505946,0.253581741
03/01/2019 09:00,0.955543639,0.314072006
03/01/2019 10:00,0.949512962,0.312089818
03/01/2019 11:00,1.046047908,0.343819321
03/01/2019 12:00,1.153118088,0.379011587
03/01/2019 13:00,1.095125714,0.359950415
03/01/2019 14:00,1.141202098,0.375094991
03/01/2019 15:00,1.148421745,0.377467974
03/01/2019 16:00,1.085851593,0.356902159
03/01/2019 17:00,0.965374334,0.317303199
03/01/2019 18:00,0.897730416,0.295069718
03/01/2019 19:00,0.81098111,0.2665566
03/01/2019 20:00,0.85609789,0.281385769
03/01/2019 21:00,0.825275624,0.27125498
03/01/2019 22:00,0.597301618,0.196323548
03/01/2019 23:00,0.608604017,0.200038467
03/02/2019 00:00,0.545664608,0.179351283
03/02/2019 01:00,0.567551493,0.186545155
03/02/2019 02:00,0.411636419,0.135298348
03/02/2019 03:00,0.537248964,0.176585195
03/02/2019 04:00,0.560267166,0.184150912
03/02/2019 05:00,0.529184513,0.173934538
03/02/2019 06:00,0.467068639,0.153518038
03/02/2019 07:00,0.463226639,0.152255233
03/02/2019 08:00,0.516625847,0.169806704
03/02/2019 09:00,0.611455388,0.200975667
03/02/2019 10:00,0.367571349,0.12081486
03/02/2019 11:00,0.382289933,0.125652625
03/02/2019 12:00,0.500634993,0.164550765
03/02/2019 13:00,0.680991541,0.223831095
03/02/2019 14:00,1.672856147,0.549841226
03/02/2019 15:00,2.255279008,0.741274363
03/02/2019 16:00,2.29613093,0.75470174
03/02/2019 17:00,2.309578787,0.759121837
03/02/2019 18:00,2.31,0.759260283
03/02/2019 19:00,2.254131814,0.740897298
03/02/2019 20:00,2.137056179,0.702416398
03/02/2019 21:00,1.670734034,0.549143721
03/02/2019 22:00,1.465743034,0.481766438
03/02/2019 23:00,2.029610497,0.66710071
03/03/2019 00:00,2.231151382,0.733343996
03/03/2019 01:00,2.270024878,0.746121096
03/03/2019 02:00,2.249990325,0.739536057
03/03/2019 03:00,2.282908023,0.750355581
03/03/2019 04:00,2.301865324,0.756586544
03/03/2019 05:00,2.31,0.759260283
03/03/2019 06:00,2.31,0.759260283
03/03/2019 07:00,2.31,0.759260283
03/03/2019 08:00,2.31,0.759260283
03/03/2019 09:00,2.31,0.759260283
03/03/2019 10:00,2.31,0.759260283
03/03/2019 11:00,2.31,0.759260283
03/03/2019 12:00,2.31,0.759260283
03/03/2019 13:00,2.31,0.759260283
03/03/2019 14:00,2.31,0.759260283
03/03/2019 15:00,2.281995867,0.750055769
03/03/2019 16:00,1.96911963,0.647218324
03/03/2019 17:00,1.303521756,0.428446882
03/03/2019 18:00,0.938210556,0.308374897
03/03/2019 19:00,0.720463545,0.236804916
03/03/2019 20:00,0.61909883,0.203487945
03/03/2019 21:00,0.581276754,0.19105643
03/03/2019 22:00,0.500046467,0.164357326
03/03/2019 23:00,0.395419439,0.129968084
03/04/2019 00:00,0.338813825,0.111362719
03/04/2019 01:00,0.320399107,0.105310094
03/04/2019 02:00,0.34319252,0.112801926
03/04/2019 03:00,0.351854646,0.115649029
03/04/2019 04:00,0.38240464,0.125690327
03/04/2019 05:00,0.494398422,0.162500903
03/04/2019 06:00,0.628991016,0.206739349
03/04/2019 07:00,0.776760203,0.255308732
03/04/2019 08:00,0.882053759,0.28991705
03/04/2019 09:00,1.007860818,0.331267831
03/04/2019 10:00,1.223519663,0.402151466
03/04/2019 11:00,1.253513937,0.412010107
03/04/2019 12:00,1.266436799,0.416257646
03/04/2019 13:00,1.211160604,0.398089239
03/04/2019 14:00,1.263018737,0.415134183
03/04/2019 15:00,1.588466949,0.522103838
03/04/2019 16:00,1.918212526,0.630485968
03/04/2019 17:00,2.121887014,0.697430534
03/04/2019 18:00,2.177557219,0.715728446
03/04/2019 19:00,2.110813625,0.693790888
03/04/2019 20:00,2.007077105,0.659694342
03/04/2019 21:00,1.872030899,0.615306801
03/04/2019 22:00,1.569012137,0.51570935
03/04/2019 23:00,1.165958934,0.383232169
03/05/2019 00:00,1.060893339,0.348698778
03/05/2019 01:00,1.096585078,0.360430085
03/05/2019 02:00,1.006868922,0.330941811
03/05/2019 03:00,0.793024058,0.260654403
03/05/2019 04:00,0.505273277,0.166075295
03/05/2019 05:00,0.321659691,0.105724428
03/05/2019 06:00,0.207355459,0.068154444
03/05/2019 07:00,0.103971393,0.034173744
03/05/2019 08:00,0.039729081,0.013058317
03/05/2019 09:00,0.010256307,0.003371085
03/05/2019 10:00,0,0
03/05/2019 11:00,0,0
03/05/2019 12:00,0,0
03/05/2019 13:00,0,0
03/05/2019 14:00,0.020173228,0.00663062
03/05/2019 15:00,0.072803941,0.023929498
03/05/2019 16:00,0.142230536,0.046748916
03/05/2019 17:00,0.19308661,0.0634645
03/05/2019 18:00,0.227113203,0.0746485
03/05/2019 19:00,0.258924936,0.085104511
03/05/2019 20:00,0.302133193,0.099306378
03/05/2019 21:00,0.327963885,0.107796516
03/05/2019 22:00,0.45546548,0.149704264
03/05/2019 23:00,0.460145521,0.151242519
03/06/2019 00:00,0.531995243,0.17485838
03/06/2019 01:00,0.520064761,0.170937021
03/06/2019 02:00,0.605464204,0.19900646
03/06/2019 03:00,0.692450081,0.227597335
03/06/2019 04:00,0.64028508,0.210451529
03/06/2019 05:00,0.583097488,0.191654876
03/06/2019 06:00,0.655621258,0.215492286
03/06/2019 07:00,0.821975746,0.270170363
03/06/2019 08:00,1.014204586,0.333352927
03/06/2019 09:00,1.186282148,0.389912086
03/06/2019 10:00,1.027337542,0.337669521
03/06/2019 11:00,1.395576955,0.458703963
03/06/2019 12:00,1.764556698,0.579981739
03/06/2019 13:00,1.911166579,0.628170077
03/06/2019 14:00,2.036054284,0.66921868
03/06/2019 15:00,2.13454795,0.701591983
03/06/2019 16:00,2.147101554,0.705718153
03/06/2019 17:00,2.175079038,0.714913907
03/06/2019 18:00,2.235842978,0.734886048
03/06/2019 19:00,2.275660764,0.747973522
03/06/2019 20:00,2.283546191,0.750565336
03/06/2019 21:00,2.249921521,0.739513442
03/06/2019 22:00,2.081138196,0.684037046
03/06/2019 23:00,2.249970421,0.739529514
03/07/2019 00:00,2.275354086,0.747872722
03/07/2019 01:00,2.247628529,0.738759772
03/07/2019 02:00,2.204985198,0.724743587
03/07/2019 03:00,2.23055706,0.733148651
03/07/2019 04:00,2.238437813,0.735738929
03/07/2019 05:00,2.27619184,0.748148078
03/07/2019 06:00,2.31,0.759260283
03/07/2019 07:00,2.31,0.759260283
03/07/2019 08:00,2.31,0.759260283
03/07/2019 09:00,2.31,0.759260283
03/07/2019 10:00,2.31,0.759260283
03/07/2019 11:00,2.31,0.759260283
03/07/2019 12:00,2.31,0.759260283
03/07/2019 13:00,2.31,0.759260283
03/07/2019 14:00,2.31,0.759260283
03/07/2019 15:00,2.31,0.759260283
03/07/2019 16:00,2.31,0.759260283
03/07/2019 17:00,2.31,0.759260283
03/07/2019 18:00,2.304848816,0.757567171
03/07/2019 19:00,2.267820163,0.745396441
03/07/2019 20:00,2.09471519,0.688499588
03/07/2019 21:00,1.793021111,0.589337539
03/07/2019 22:00,1.488549043,0.48926241
03/07/2019 23:00,1.246432654,0.409682601
03/08/2019 00:00,1.048434308,0.344603692
03/08/2019 01:00,0.741406319,0.243688473
03/08/2019 02:00,0.547042523,0.179804182
03/08/2019 03:00,0.36158503,0.118847252
03/08/2019 04:00,0.26069602,0.085686638
03/08/2019 05:00,0.156391795,0.051403497
03/08/2019 06:00,0.054286665,0.017843164
03/08/2019 07:00,0.014259857,0.004686988
03/08/2019 08:00,0.041797289,0.013738104
03/08/2019 09:00,0.139430155,0.045828476
03/08/2019 10:00,0.506863698,0.166598041
03/08/2019 11:00,1.00838956,0.33144162
03/08/2019 12:00,1.266478891,0.416271481
03/08/2019 13:00,1.341691073,0.44099253
03/08/2019 14:00,1.565799039,0.514653256
03/08/2019 15:00,1.561542584,0.513254227
03/08/2019 16:00,1.358047739,0.446368706
03/08/2019 17:00,0.983847129,0.323374913
03/08/2019 18:00,0.739366248,0.243017934
03/08/2019 19:00,0.738004461,0.242570336
03/08/2019 20:00,1.01263194,0.332836023
03/08/2019 21:00,0.972925987,0.319785307
03/08/2019 22:00,1.350578668,0.443913741
03/08/2019 23:00,1.50390211,0.494308719
03/09/2019 00:00,2.31,0.759260283
03/09/2019 01:00,2.31,0.759260283
03/09/2019 02:00,2.31,0.759260283
03/09/2019 03:00,2.31,0.759260283
03/09/2019 04:00,2.31,0.759260283
03/09/2019 05:00,2.31,0.759260283
03/09/2019 06:00,2.31,0.759260283
03/09/2019 07:00,2.31,0.759260283
03/09/2019 08:00,2.31,0.759260283
03/09/2019 09:00,2.31,0.759260283
03/09/2019 10:00,2.31,0.759260283
03/09/2019 11:00,2.31,0.759260283
03/09/2019 12:00,2.31,0.759260283
03/09/2019 13:00,2.31,0.759260283
03/09/2019 14:00,2.31,0.759260283
03/09/2019 15:00,2.31,0.759260283
03/09/2019 16:00,2.31,0.759260283
03/09/2019 17:00,2.31,0.759260283
03/09/2019 18:00,2.31,0.759260283
03/09/2019 19:00,2.269077729,0.745809783
03/09/2019 20:00,2.111564969,0.694037842
03/09/2019 21:00,2.063053965,0.678093047
03/09/2019 22:00,1.79043557,0.588487713
03/09/2019 23:00,1.785357604,0.586818666
03/10/2019 00:00,1.312337801,0.431344576
03/10/2019 01:00,1.589939331,0.522587786
03/10/2019 02:00,1.892540569,0.622048004
03/10/2019 03:00,1.369735003,0.450210124
03/10/2019 04:00,0.65175659,0.214222032
03/10/2019 05:00,0.419697279,0.137947825
03/10/2019 06:00,0.284646004,0.093558617
03/10/2019 07:00,0.200678722,0.065959906
03/10/2019 08:00,0.185495404,0.060969391
03/10/2019 09:00,0.137694816,0.045258097
03/10/2019 10:00,0.084773731,0.027863778
03/10/2019 11:00,0.06007112,0.019744422
03/10/2019 12:00,0.097499816,0.03204664
03/10/2019 13:00,0.212694536,0.069909313
03/10/2019 14:00,0.251125658,0.082541012
03/10/2019 15:00,0.149963367,0.049290575
03/10/2019 16:00,0.060532279,0.019895998
03/10/2019 17:00,0.046044452,0.015134079
03/10/2019 18:00,0.156204718,0.051342008
03/10/2019 19:00,0.305950765,0.100561153
03/10/2019 20:00,0.345502745,0.11356126
03/10/2019 21:00,0.410225852,0.134834717
03/10/2019 22:00,0.607560403,0.199695447
03/10/2019 23:00,0.825433232,0.271306783
03/11/2019 00:00,0.684726153,0.225058603
03/11/2019 01:00,0.667232302,0.219308652
03/11/2019 02:00,0.989185261,0.325129472
03/11/2019 03:00,1.394851496,0.458465516
03/11/2019 04:00,1.424383456,0.468172202
03/11/2019 05:00,1.603558638,0.527064236
03/11/2019 06:00,1.919431348,0.630886575
03/11/2019 07:00,2.12177069,0.697392301
03/11/2019 08:00,2.152461254,0.707479801
03/11/2019 09:00,2.220290689,0.729774258
03/11/2019 10:00,2.283375256,0.750509153
03/11/2019 11:00,2.295403755,0.754462729
03/11/2019 12:00,2.298271096,0.755405178
03/11/2019 13:00,2.270036317,0.746124856
03/11/2019 14:00,2.133741002,0.701326752
03/11/2019 15:00,1.956751753,0.643153199
03/11/2019 16:00,1.766080419,0.580482562
03/11/2019 17:00,1.292745019,0.42490474
03/11/2019 18:00,1.237323966,0.406688721
03/11/2019 19:00,1.691463013,0.555957007
03/11/2019 20:00,2.235413007,0.734744724
03/11/2019 21:00,2.31,0.759260283
03/11/2019 22:00,2.31,0.759260283
03/11/2019 23:00,2.31,0.759260283
03/12/2019 00:00,0,0
03/12/2019 01:00,2.31,0.759260283
03/12/2019 02:00,2.31,0.759260283
03/12/2019 03:00,2.31,0.759260283
03/12/2019 04:00,2.295919248,0.754632164
03/12/2019 05:00,2.212615761,0.727251631
03/12/2019 06:00,2.155557153,0.708497374
03/12/2019 07:00,2.188588792,0.719354349
03/12/2019 08:00,2.261194696,0.743218755
03/12/2019 09:00,2.294986652,0.754325634
03/12/2019 10:00,2.302762069,0.75688129
03/12/2019 11:00,2.243172559,0.737295165
03/12/2019 12:00,2.24896845,0.739200183
03/12/2019 13:00,2.267795402,0.745388303
03/12/2019 14:00,2.278862447,0.749025864
03/12/2019 15:00,2.31,0.759260283
03/12/2019 16:00,2.31,0.759260283
03/12/2019 17:00,2.31,0.759260283
03/12/2019 18:00,2.31,0.759260283
03/12/2019 19:00,2.31,0.759260283
03/12/2019 20:00,2.065154794,0.678783556
03/12/2019 21:00,1.141398189,0.375159442
03/12/2019 22:00,0.374602521,0.123125894
03/12/2019 23:00,0.091704207,0.030141715
3/13/2019 0:00,0.193958404,0.063751045
3/13/2019 1:00,0.662858099,0.217870921
3/13/2019 2:00,1.304803272,0.428868096
3/13/2019 3:00,1.910577175,0.627976349
3/13/2019 4:00,2.153861333,0.707939985
3/13/2019 5:00,2.243570002,0.737425798
3/13/2019 6:00,2.305686428,0.75784248
3/13/2019 7:00,2.287302077,0.751799836
3/13/2019 8:00,2.099035359,0.689919559
3/13/2019 9:00,1.948076746,0.640301862
3/13/2019 10:00,1.901017603,0.62483427
3/13/2019 11:00,1.801845514,0.59223798
3/13/2019 12:00,1.869764908,0.614562006
3/13/2019 13:00,2.000266199,0.657455706
3/13/2019 14:00,2.062315657,0.677850376
3/13/2019 15:00,2.112927758,0.694485769
3/13/2019 16:00,2.06712451,0.67943097
3/13/2019 17:00,1.936166402,0.636387121
3/13/2019 18:00,1.699022419,0.558441664
3/13/2019 19:00,1.37756088,0.452782365
3/13/2019 20:00,1.189448681,0.390952875
3/13/2019 21:00,1.005847641,0.330606132
3/13/2019 22:00,0.458351712,0.150652922
3/13/2019 23:00,0.35240059,0.115828473
3/14/2019 0:00,0.635773727,0.208968719
3/14/2019 1:00,0.527691689,0.173443871
3/14/2019 2:00,0.285769274,0.093927818
3/14/2019 3:00,0.92971744,0.305583345
3/14/2019 4:00,0.980022826,0.322117926
3/14/2019 5:00,0.876306944,0.288028164
3/14/2019 6:00,0.709279631,0.233128941
3/14/2019 7:00,0.644312344,0.211775226
3/14/2019 8:00,0.468600869,0.154021657
3/14/2019 9:00,0.455478358,0.149708496
3/14/2019 10:00,1.067919663,0.351008219
3/14/2019 11:00,1.650678725,0.54255186
3/14/2019 12:00,1.904364935,0.625934485
3/14/2019 13:00,1.951286889,0.641356985
3/14/2019 14:00,1.904530356,0.625988856
3/14/2019 15:00,1.847291117,0.607175228
3/14/2019 16:00,1.714539931,0.563542023
3/14/2019 17:00,1.710256337,0.562134074
3/14/2019 18:00,1.706465503,0.560888087
3/14/2019 19:00,1.885065456,0.619591053
3/14/2019 20:00,1.930375399,0.634483711
3/14/2019 21:00,2.116355427,0.69561239
3/14/2019 22:00,2.234280102,0.734372356
3/14/2019 23:00,2.273686097,0.74732448
3/15/2019 0:00,2.31,0.759260283
3/15/2019 1:00,2.305039901,0.757629977
3/15/2019 2:00,2.133164527,0.701137274
3/15/2019 3:00,1.898927448,0.624147269
3/15/2019 4:00,1.595397876,0.524381923
3/15/2019 5:00,1.67785157,0.551483142
3/15/2019 6:00,1.675991086,0.55087163
3/15/2019 7:00,1.751816805,0.575794339
3/15/2019 8:00,1.981248291,0.651204822
3/15/2019 9:00,2.158873373,0.709587363
3/15/2019 10:00,2.31,0.759260283
3/15/2019 11:00,2.31,0.759260283
3/15/2019 12:00,2.31,0.759260283
3/15/2019 13:00,2.31,0.759260283
3/15/2019 14:00,2.31,0.759260283
3/15/2019 15:00,2.31,0.759260283
3/15/2019 16:00,2.31,0.759260283
3/15/2019 17:00,2.31,0.759260283
3/15/2019 18:00,2.31,0.759260283
3/15/2019 19:00,2.31,0.759260283
3/15/2019 20:00,2.31,0.759260283
3/15/2019 21:00,2.31,0.759260283
3/15/2019 22:00,2.31,0.759260283
3/15/2019 23:00,2.31,0.759260283
3/16/2019 0:00,2.306858519,0.758227728
3/16/2019 1:00,2.288732898,0.752270125
3/16/2019 2:00,2.245447313,0.738042841
3/16/2019 3:00,2.148891184,0.706306376
3/16/2019 4:00,1.977733246,0.650049482
3/16/2019 5:00,1.628109364,0.535133669
3/16/2019 6:00,1.106929128,0.36383001
3/16/2019 7:00,0.671652239,0.220761415
3/16/2019 8:00,0.426403008,0.140151891
3/16/2019 9:00,0.329077234,0.108162456
3/16/2019 10:00,0.279749929,0.091949355
3/16/2019 11:00,0.148153434,0.048695679
3/16/2019 12:00,0.085812601,0.028205238
3/16/2019 13:00,0.040249608,0.013229406
3/16/2019 14:00,0.014535829,0.004777696
3/16/2019 15:00,0.013797531,0.004535029
3/16/2019 16:00,0.03620126,0.011898779
3/16/2019 17:00,0.087258401,0.028680449
3/16/2019 18:00,0.14522103,0.047731844
3/16/2019 19:00,0.24191512,0.079513655
3/16/2019 20:00,0.343036312,0.112750583
3/16/2019 21:00,0.409494134,0.134594213
3/16/2019 22:00,0.381021542,0.125235725
3/16/2019 23:00,0.517860682,0.170212575
3/17/2019 0:00,0.701205432,0.23047508
3/17/2019 1:00,0.887713224,0.291777227
3/17/2019 2:00,0.997708343,0.327930874
3/17/2019 3:00,1.196658496,0.393322627
3/17/2019 4:00,1.624573531,0.533971497
3/17/2019 5:00,1.576640758,0.518216757
3/17/2019 6:00,1.539063913,0.505865845
3/17/2019 7:00,1.826098114,0.600209424
3/17/2019 8:00,2.182882356,0.717478734
3/17/2019 9:00,2.303347276,0.757073638
3/17/2019 10:00,2.31,0.759260283
3/17/2019 11:00,2.31,0.759260283
3/17/2019 12:00,2.31,0.759260283
3/17/2019 13:00,2.31,0.759260283
3/17/2019 14:00,2.31,0.759260283
3/17/2019 15:00,2.31,0.759260283
3/17/2019 16:00,2.31,0.759260283
3/17/2019 17:00,2.31,0.759260283
3/17/2019 18:00,2.306339749,0.758057217
3/17/2019 19:00,2.287511197,0.751868571
3/17/2019 20:00,2.247539763,0.738730596
3/17/2019 21:00,2.119077901,0.696507224
3/17/2019 22:00,2.088778911,0.686548427
3/17/2019 23:00,1.852331522,0.608831929
3/18/2019 0:00,1.480764397,0.486703721
3/18/2019 1:00,1.126188377,0.370160219
3/18/2019 2:00,0.826220053,0.271565399
3/18/2019 3:00,0.565645806,0.185918785
3/18/2019 4:00,0.34531498,0.113499545
3/18/2019 5:00,0.207168559,0.068093012
3/18/2019 6:00,0.083926535,0.027585318
3/18/2019 7:00,0.024190607,0.007951068
3/18/2019 8:00,0.003794621,0.001247231
3/18/2019 9:00,0,0
3/18/2019 10:00,0,0
3/18/2019 11:00,0,0
3/18/2019 12:00,0.01649249,0.005420819
3/18/2019 13:00,0.033348953,0.010961271
3/18/2019 14:00,0.053381608,0.017545686
3/18/2019 15:00,0.078162723,0.025690845
3/18/2019 16:00,0.084986725,0.027933786
3/18/2019 17:00,0.141039218,0.046357349
3/18/2019 18:00,0.286525739,0.094176456
3/18/2019 19:00,0.45774021,0.150451931
3/18/2019 20:00,0.705590385,0.231916344
3/18/2019 21:00,0.889476434,0.292356766
3/18/2019 22:00,1.18738617,0.390274961
3/18/2019 23:00,1.120700281,0.368356369
3/19/2019 0:00,1.012740849,0.33287182
3/19/2019 1:00,0.9515708,0.312766197
3/19/2019 2:00,0.931710384,0.306238394
3/19/2019 3:00,0.937373274,0.308099696
3/19/2019 4:00,1.074241286,0.353086036
3/19/2019 5:00,1.253327284,0.411948757
3/19/2019 6:00,1.430123037,0.470058711
3/19/2019 7:00,1.463937266,0.48117291
3/19/2019 8:00,1.473524403,0.48432405
3/19/2019 9:00,1.618755073,0.532059063
3/19/2019 10:00,1.64828097,0.541763756
3/19/2019 11:00,1.709813689,0.561988582
3/19/2019 12:00,1.926645213,0.633257658
3/19/2019 13:00,2.146413612,0.705492037
3/19/2019 14:00,2.302301574,0.756729933
3/19/2019 15:00,2.31,0.759260283
3/19/2019 16:00,2.31,0.759260283
3/19/2019 17:00,2.31,0.759260283
3/19/2019 18:00,2.31,0.759260283
3/19/2019 19:00,2.305961068,0.75793275
3/19/2019 20:00,2.280529448,0.749573781
3/19/2019 21:00,2.278212307,0.748812174
3/19/2019 22:00,2.247915528,0.738854104
3/19/2019 23:00,2.276283778,0.748178297
3/20/2019 0:00,2.276929844,0.748390648
3/20/2019 1:00,2.302128037,0.756672894
3/20/2019 2:00,2.285565921,0.75122919
3/20/2019 3:00,2.23871863,0.735831229
3/20/2019 4:00,2.197697121,0.722348112
3/20/2019 5:00,2.175142627,0.714934808
3/20/2019 6:00,2.048415892,0.673281745
3/20/2019 7:00,1.835681193,0.60335923
3/20/2019 8:00,1.708319022,0.561497309
3/20/2019 9:00,1.707695968,0.561292521
3/20/2019 10:00,1.803234662,0.592694571
3/20/2019 11:00,1.640417076,0.539179019
3/20/2019 12:00,1.596274083,0.524669919
3/20/2019 13:00,1.295639628,0.425856152
3/20/2019 14:00,1.344807445,0.442016832
3/20/2019 15:00,1.85439219,0.609509238
3/20/2019 16:00,2.276921037,0.748387754
3/20/2019 17:00,2.31,0.759260283
3/20/2019 18:00,2.31,0.759260283
3/20/2019 19:00,2.31,0.759260283
3/20/2019 20:00,2.31,0.759260283
3/20/2019 21:00,2.31,0.759260283
3/20/2019 22:00,2.31,0.759260283
3/20/2019 23:00,2.31,0.759260283
3/21/2019 0:00,2.31,0.759260283
3/21/2019 1:00,2.235875014,0.734896578
3/21/2019 2:00,1.551688792,0.510015442
3/21/2019 3:00,0.847888631,0.278687516
3/21/2019 4:00,0.612456685,0.201304777
3/21/2019 5:00,0.779723344,0.25628267
3/21/2019 6:00,1.058819256,0.34801706
3/21/2019 7:00,1.189556957,0.390988464
3/21/2019 8:00,1.095784269,0.360166872
3/21/2019 9:00,0.727777252,0.239208815
3/21/2019 10:00,0.40603275,0.133456511
3/21/2019 11:00,0.360119633,0.118365599
3/21/2019 12:00,0.502782183,0.165256512
3/21/2019 13:00,0.451198829,0.148301883
3/21/2019 14:00,0.408482335,0.134261651
3/21/2019 15:00,0.285364907,0.093794909
3/21/2019 16:00,0.110692129,0.036382743
3/21/2019 17:00,0.04200286,0.013805672
3/21/2019 18:00,0.194856797,0.064046332
3/21/2019 19:00,0.439682123,0.144516525
3/21/2019 20:00,1.518483714,0.499101461
3/21/2019 21:00,2.282541333,0.750235056
3/21/2019 22:00,2.31,0.759260283
3/21/2019 23:00,2.300677661,0.756196178
3/22/2019 0:00,2.248991736,0.739207836
3/22/2019 1:00,2.243669891,0.73745863
3/22/2019 2:00,2.225070956,0.731345456
3/22/2019 3:00,2.199160752,0.722829184
3/22/2019 4:00,2.245259376,0.737981069
3/22/2019 5:00,2.30325319,0.757042714
3/22/2019 6:00,2.31,0.759260283
3/22/2019 7:00,2.31,0.759260283
3/22/2019 8:00,2.31,0.759260283
3/22/2019 9:00,2.31,0.759260283
3/22/2019 10:00,2.31,0.759260283
3/22/2019 11:00,2.31,0.759260283
3/22/2019 12:00,2.31,0.759260283
3/22/2019 13:00,2.31,0.759260283
3/22/2019 14:00,2.31,0.759260283
3/22/2019 15:00,2.31,0.759260283
3/22/2019 16:00,2.31,0.759260283
3/22/2019 17:00,2.31,0.759260283
3/22/2019 18:00,2.31,0.759260283
3/22/2019 19:00,2.31,0.759260283
3/22/2019 20:00,2.31,0.759260283
3/22/2019 21:00,2.31,0.759260283
3/22/2019 22:00,2.31,0.759260283
3/22/2019 23:00,2.31,0.759260283
3/23/2019 0:00,2.31,0.759260283
3/23/2019 1:00,2.31,0.759260283
3/23/2019 2:00,2.31,0.759260283
3/23/2019 3:00,2.31,0.759260283
3/23/2019 4:00,2.31,0.759260283
3/23/2019 5:00,2.31,0.759260283
3/23/2019 6:00,2.31,0.759260283
3/23/2019 7:00,2.31,0.759260283
3/23/2019 8:00,2.31,0.759260283
3/23/2019 9:00,2.31,0.759260283
3/23/2019 10:00,2.31,0.759260283
3/23/2019 11:00,2.31,0.759260283
3/23/2019 12:00,2.31,0.759260283
3/23/2019 13:00,2.31,0.759260283
3/23/2019 14:00,2.31,0.759260283
3/23/2019 15:00,2.31,0.759260283
3/23/2019 16:00,2.31,0.759260283
3/23/2019 17:00,2.31,0.759260283
3/23/2019 18:00,2.31,0.759260283
3/23/2019 19:00,2.31,0.759260283
3/23/2019 20:00,2.31,0.759260283
3/23/2019 21:00,2.31,0.759260283
3/23/2019 22:00,2.300747648,0.756219182
3/23/2019 23:00,2.31,0.759260283
3/24/2019 0:00,2.31,0.759260283
3/24/2019 1:00,2.31,0.759260283
3/24/2019 2:00,2.31,0.759260283
3/24/2019 3:00,2.31,0.759260283
3/24/2019 4:00,2.31,0.759260283
3/24/2019 5:00,2.31,0.759260283
3/24/2019 6:00,2.31,0.759260283
3/24/2019 7:00,2.31,0.759260283
3/24/2019 8:00,2.31,0.759260283
3/24/2019 9:00,2.31,0.759260283
3/24/2019 10:00,2.31,0.759260283
3/24/2019 11:00,2.31,0.759260283
3/24/2019 12:00,2.31,0.759260283
3/24/2019 13:00,2.31,0.759260283
3/24/2019 14:00,2.31,0.759260283
3/24/2019 15:00,2.31,0.759260283
3/24/2019 16:00,2.31,0.759260283
3/24/2019 17:00,2.31,0.759260283
3/24/2019 18:00,2.31,0.759260283
3/24/2019 19:00,2.31,0.759260283
3/24/2019 20:00,2.31,0.759260283
3/24/2019 21:00,2.31,0.759260283
3/24/2019 22:00,2.31,0.759260283
3/24/2019 23:00,2.31,0.759260283
3/25/2019 0:00,2.31,0.759260283
3/25/2019 1:00,2.309428258,0.75907236
3/25/2019 2:00,2.288106214,0.752064144
3/25/2019 3:00,2.254552619,0.74103561
3/25/2019 4:00,2.194279101,0.721224663
3/25/2019 5:00,2.170468686,0.713398558
3/25/2019 6:00,2.090573842,0.687138393
3/25/2019 7:00,1.874478799,0.616111387
3/25/2019 8:00,1.536663591,0.505076897
3/25/2019 9:00,1.223853453,0.402261177
3/25/2019 10:00,1.110962062,0.365155571
3/25/2019 11:00,1.071565245,0.352206464
3/25/2019 12:00,1.351303297,0.444151915
3/25/2019 13:00,1.422581546,0.467579943
3/25/2019 14:00,1.417567885,0.465932032
3/25/2019 15:00,1.547116615,0.50851264
3/25/2019 16:00,1.138741699,0.374286296
3/25/2019 17:00,1.013408014,0.333091106
3/25/2019 18:00,1.274755147,0.418991755
3/25/2019 19:00,1.310940534,0.430885316
3/25/2019 20:00,1.440642825,0.473516398
3/25/2019 21:00,1.714244398,0.563444886
3/25/2019 22:00,1.633376915,0.53686503
3/25/2019 23:00,1.680232536,0.552265727
3/26/2019 0:00,1.882851849,0.618863475
3/26/2019 1:00,2.034197834,0.668608495
3/26/2019 2:00,2.171273043,0.713662937
3/26/2019 3:00,2.274091438,0.747457709
3/26/2019 4:00,2.305704592,0.757848451
3/26/2019 5:00,2.31,0.759260283
3/26/2019 6:00,2.31,0.759260283
3/26/2019 7:00,2.31,0.759260283
3/26/2019 8:00,2.31,0.759260283
3/26/2019 9:00,2.31,0.759260283
3/26/2019 10:00,2.31,0.759260283
3/26/2019 11:00,2.31,0.759260283
3/26/2019 12:00,2.31,0.759260283
3/26/2019 13:00,2.31,0.759260283
3/26/2019 14:00,2.31,0.759260283
3/26/2019 15:00,2.31,0.759260283
3/26/2019 16:00,2.31,0.759260283
3/26/2019 17:00,2.31,0.759260283
3/26/2019 18:00,2.31,0.759260283
3/26/2019 19:00,2.31,0.759260283
3/26/2019 20:00,2.306797406,0.758207641
3/26/2019 21:00,2.300924799,0.756277409
3/26/2019 22:00,2.31,0.759260283
3/26/2019 23:00,2.31,0.759260283
3/27/2019 0:00,2.31,0.759260283
3/27/2019 1:00,2.305182739,0.757676926
3/27/2019 2:00,2.300129462,0.756015994
3/27/2019 3:00,2.301249361,0.756384087
3/27/2019 4:00,2.307157912,0.758326134
3/27/2019 5:00,2.31,0.759260283
3/27/2019 6:00,2.31,0.759260283
3/27/2019 7:00,2.31,0.759260283
3/27/2019 8:00,2.31,0.759260283
3/27/2019 9:00,2.305420334,0.757755019
3/27/2019 10:00,2.300837026,0.756248559
3/27/2019 11:00,2.280396369,0.74953004
3/27/2019 12:00,2.306962101,0.758261774
3/27/2019 13:00,2.31,0.759260283
3/27/2019 14:00,2.31,0.759260283
3/27/2019 15:00,2.31,0.759260283
3/27/2019 16:00,2.31,0.759260283
3/27/2019 17:00,2.31,0.759260283
3/27/2019 18:00,2.31,0.759260283
3/27/2019 19:00,2.308512169,0.758771257
3/27/2019 20:00,2.31,0.759260283
3/27/2019 21:00,2.31,0.759260283
3/27/2019 22:00,2.31,0.759260283
3/27/2019 23:00,2.31,0.759260283
3/28/2019 0:00,2.31,0.759260283
3/28/2019 1:00,2.31,0.759260283
3/28/2019 2:00,2.31,0.759260283
3/28/2019 3:00,2.31,0.759260283
3/28/2019 4:00,2.31,0.759260283
3/28/2019 5:00,2.31,0.759260283
3/28/2019 6:00,2.31,0.759260283
3/28/2019 7:00,2.31,0.759260283
3/28/2019 8:00,2.31,0.759260283
3/28/2019 9:00,2.31,0.759260283
3/28/2019 10:00,2.31,0.759260283
3/28/2019 11:00,2.31,0.759260283
3/28/2019 12:00,2.31,0.759260283
3/28/2019 13:00,2.31,0.759260283
3/28/2019 14:00,2.31,0.759260283
3/28/2019 15:00,2.31,0.759260283
3/28/2019 16:00,2.31,0.759260283
3/28/2019 17:00,2.31,0.759260283
3/28/2019 18:00,2.31,0.759260283
3/28/2019 19:00,2.31,0.759260283
3/28/2019 20:00,2.31,0.759260283
3/28/2019 21:00,2.31,0.759260283
3/28/2019 22:00,2.31,0.759260283
3/28/2019 23:00,2.31,0.759260283
3/29/2019 0:00,2.31,0.759260283
3/29/2019 1:00,2.31,0.759260283
3/29/2019 2:00,2.31,0.759260283
3/29/2019 3:00,2.31,0.759260283
3/29/2019 4:00,2.31,0.759260283
3/29/2019 5:00,2.31,0.759260283
3/29/2019 6:00,2.31,0.759260283
3/29/2019 7:00,2.31,0.759260283
3/29/2019 8:00,2.31,0.759260283
3/29/2019 9:00,2.31,0.759260283
3/29/2019 10:00,2.305941085,0.757926182
3/29/2019 11:00,2.120178371,0.696868931
3/29/2019 12:00,1.797148259,0.590694068
3/29/2019 13:00,1.3751884,0.452002569
3/29/2019 14:00,1.098973026,0.361214966
3/29/2019 15:00,0.851852356,0.279990329
3/29/2019 16:00,0.813364822,0.267340089
3/29/2019 17:00,0.759463192,0.24962348
3/29/2019 18:00,0.640977357,0.210679069
3/29/2019 19:00,0.596396111,0.196025922
3/29/2019 20:00,0.706809171,0.23231694
3/29/2019 21:00,0.857562996,0.281867326
3/29/2019 22:00,0.975104153,0.320501236
3/29/2019 23:00,1.143462501,0.375837949
3/30/2019 0:00,1.218109804,0.400373331
3/30/2019 1:00,1.285366414,0.42247951
3/30/2019 2:00,1.52687199,0.501858554
3/30/2019 3:00,1.620896319,0.532762856
3/30/2019 4:00,1.753843834,0.576460591
3/30/2019 5:00,1.856053452,0.610055268
3/30/2019 6:00,1.945440305,0.639435306
3/30/2019 7:00,2.014065481,0.66199131
3/30/2019 8:00,2.119426024,0.696621646
3/30/2019 9:00,2.237892719,0.735559766
3/30/2019 10:00,2.31,0.759260283
3/30/2019 11:00,2.31,0.759260283
3/30/2019 12:00,2.31,0.759260283
3/30/2019 13:00,2.31,0.759260283
3/30/2019 14:00,2.31,0.759260283
3/30/2019 15:00,2.31,0.759260283
3/30/2019 16:00,2.302067312,0.756652935
3/30/2019 17:00,2.057220151,0.676175564
3/30/2019 18:00,1.554947688,0.51108659
3/30/2019 19:00,1.124466909,0.3695944
3/30/2019 20:00,0.9108766,0.29939066
3/30/2019 21:00,0.7643801,0.251239589
3/30/2019 22:00,0.606955986,0.199496785
3/30/2019 23:00,0.46111856,0.151562341
3/31/2019 0:00,0.341718075,0.1123173
3/31/2019 1:00,0.29675466,0.09753854
3/31/2019 2:00,0.291823365,0.095917702
3/31/2019 3:00,0.195194568,0.064157352
3/31/2019 4:00,0.113483105,0.037300093
3/31/2019 5:00,0.071884471,0.023627283
3/31/2019 6:00,0.049553614,0.016287485
3/31/2019 7:00,0.044022305,0.014469432
3/31/2019 8:00,0.060770031,0.019974143
3/31/2019 9:00,0.125857338,0.041367306
3/31/2019 10:00,0.370515604,0.12178259
3/31/2019 11:00,0.542727267,0.178385826
3/31/2019 12:00,0.694760277,0.22835666
3/31/2019 13:00,0.734520349,0.241425164
3/31/2019 14:00,0.726284057,0.238718025
3/31/2019 15:00,0.703065644,0.231086502
3/31/2019 16:00,0.66882699,0.219832801
3/31/2019 17:00,0.59318412,0.194970192
3/31/2019 18:00,0.55390567,0.18205999
3/31/2019 19:00,0.557968909,0.183395512
3/31/2019 20:00,0.692444619,0.22759554
3/31/2019 21:00,0.779369436,0.256166346
3/31/2019 22:00,0.895711334,0.294406078
3/31/2019 23:00,0.807032445,0.265258737
04/01/2019 00:00,0.653846558,0.214908971
04/01/2019 01:00,0.547556265,0.179973041
04/01/2019 02:00,0.548209573,0.180187773
04/01/2019 03:00,0.601160035,0.197591748
04/01/2019 04:00,0.69802124,0.229428487
04/01/2019 05:00,0.872318473,0.286717217
04/01/2019 06:00,1.168314602,0.38400644
04/01/2019 07:00,1.482674751,0.487331624
04/01/2019 08:00,1.671646771,0.549443723
04/01/2019 09:00,1.76544875,0.580274943
04/01/2019 10:00,1.748823015,0.574810328
04/01/2019 11:00,1.761738893,0.579055572
04/01/2019 12:00,1.909579342,0.627648377
04/01/2019 13:00,2.053807359,0.675053834
04/01/2019 14:00,2.077750831,0.682923673
04/01/2019 15:00,2.016015588,0.66263228
04/01/2019 16:00,1.977713996,0.650043155
04/01/2019 17:00,1.962680137,0.645101764
04/01/2019 18:00,1.991222576,0.654483211
04/01/2019 19:00,2.064047446,0.678419588
04/01/2019 20:00,2.159555441,0.709811548
04/01/2019 21:00,2.187535125,0.719008025
04/01/2019 22:00,1.794145826,0.589707215
04/01/2019 23:00,1.299572444,0.427148806
04/02/2019 00:00,0.700938287,0.230387274
04/02/2019 01:00,0.378400915,0.124374366
04/02/2019 02:00,0.282409022,0.092823357
04/02/2019 03:00,0.290798525,0.095580853
04/02/2019 04:00,0.348144669,0.114429619
04/02/2019 05:00,0.263090223,0.086473575
04/02/2019 06:00,0.133409341,0.04384953
04/02/2019 07:00,0.05410804,0.017784453
04/02/2019 08:00,0.021033716,0.006913448
04/02/2019 09:00,0.011504213,0.003781252
04/02/2019 10:00,0.015641924,0.005141252
04/02/2019 11:00,0.049594715,0.016300995
04/02/2019 12:00,0.126054966,0.041432264
04/02/2019 13:00,0.289983234,0.09531288
04/02/2019 14:00,0.573756077,0.188584503
04/02/2019 15:00,1.179770657,0.387771863
04/02/2019 16:00,1.87575943,0.61653231
04/02/2019 17:00,2.136243321,0.702149225
04/02/2019 18:00,2.301183113,0.756362312
04/02/2019 19:00,2.31,0.759260283
04/02/2019 20:00,2.31,0.759260283
04/02/2019 21:00,2.31,0.759260283
04/02/2019 22:00,2.31,0.759260283
04/02/2019 23:00,2.31,0.759260283
04/03/2019 00:00,2.31,0.759260283
04/03/2019 01:00,2.31,0.759260283
04/03/2019 02:00,2.31,0.759260283
04/03/2019 03:00,2.31,0.759260283
04/03/2019 04:00,2.31,0.759260283
04/03/2019 05:00,2.31,0.759260283
04/03/2019 06:00,2.31,0.759260283
04/03/2019 07:00,2.31,0.759260283
04/03/2019 08:00,2.31,0.759260283
04/03/2019 09:00,2.31,0.759260283
04/03/2019 10:00,2.31,0.759260283
04/03/2019 11:00,2.31,0.759260283
04/03/2019 12:00,2.31,0.759260283
04/03/2019 13:00,2.31,0.759260283
04/03/2019 14:00,2.31,0.759260283
04/03/2019 15:00,2.31,0.759260283
04/03/2019 16:00,2.162112895,0.710652142
04/03/2019 17:00,1.784639213,0.586582543
04/03/2019 18:00,0.974349923,0.320253333
04/03/2019 19:00,0.508959708,0.167286966
04/03/2019 20:00,0.284907463,0.093644555
04/03/2019 21:00,0.314432392,0.103348929
04/03/2019 22:00,0.461457146,0.151673629
04/03/2019 23:00,0.750576879,0.24670269
04/04/2019 00:00,1.366125101,0.449023606
04/04/2019 01:00,1.747215023,0.574281806
04/04/2019 02:00,2.053611068,0.674989316
04/04/2019 03:00,2.089093003,0.686651664
04/04/2019 04:00,2.153862952,0.707940517
04/04/2019 05:00,2.200312252,0.723207664
04/04/2019 06:00,2.255062858,0.741203318
04/04/2019 07:00,2.301521956,0.756473685
04/04/2019 08:00,2.302932087,0.756937172
04/04/2019 09:00,2.305119757,0.757656225
04/04/2019 10:00,2.307841268,0.758550742
04/04/2019 11:00,2.156990558,0.708968511
04/04/2019 12:00,2.146225641,0.705430254
04/04/2019 13:00,2.149299218,0.70644049
04/04/2019 14:00,2.008446262,0.660144363
04/04/2019 15:00,1.772688549,0.582654549
04/04/2019 16:00,1.443501281,0.474455927
04/04/2019 17:00,1.078976842,0.354642538
04/04/2019 18:00,0.748926872,0.246160359
04/04/2019 19:00,0.667715023,0.219467315
04/04/2019 20:00,0.528455176,0.173694817
04/04/2019 21:00,0.34267976,0.11263339
04/04/2019 22:00,0.303221113,0.09966396
04/04/2019 23:00,0.42613044,0.140062302
04/05/2019 00:00,0.415531466,0.136578588
04/05/2019 01:00,0.462074086,0.151876407
04/05/2019 02:00,0.450408599,0.148042147
04/05/2019 03:00,0.507602989,0.166841034
04/05/2019 04:00,0.559919184,0.184036536
04/05/2019 05:00,0.591967086,0.194570172
04/05/2019 06:00,0.541012843,0.177822322
04/05/2019 07:00,0.452215095,0.148635914
04/05/2019 08:00,0.340602601,0.111950661
04/05/2019 09:00,0.266347723,0.087544263
04/05/2019 10:00,0.272593751,0.089597233
04/05/2019 11:00,0.164807621,0.054169646
04/05/2019 12:00,0.107273333,0.035259039
04/05/2019 13:00,0.069414106,0.022815313
04/05/2019 14:00,0.05848918,0.019224464
04/05/2019 15:00,0.042345651,0.013918342
04/05/2019 16:00,0.036008481,0.011835415
04/05/2019 17:00,0.023720691,0.007796614
04/05/2019 18:00,0.01595054,0.005242689
04/05/2019 19:00,0.001094511,0.000359748
04/05/2019 20:00,0,0
04/05/2019 21:00,0,0
04/05/2019 22:00,0,0
04/05/2019 23:00,0.011977536,0.003936826
04/06/2019 00:00,0.043794466,0.014394545
04/06/2019 01:00,0.060640185,0.019931465
04/06/2019 02:00,0.105719189,0.034748217
04/06/2019 03:00,0.175972107,0.057839234
04/06/2019 04:00,0.199147977,0.065456774
04/06/2019 05:00,0.237226952,0.077972729
04/06/2019 06:00,0.315645869,0.10374778
04/06/2019 07:00,0.431722077,0.141900185
04/06/2019 08:00,0.678415251,0.22298431
04/06/2019 09:00,0.921125822,0.302759416
04/06/2019 10:00,1.133389232,0.372527026
04/06/2019 11:00,1.326875554,0.436122904
04/06/2019 12:00,1.643731243,0.540268333
04/06/2019 13:00,1.631069706,0.536106687
04/06/2019 14:00,1.574570937,0.51753644
04/06/2019 15:00,1.619750515,0.532386249
04/06/2019 16:00,1.754573778,0.576700512
04/06/2019 17:00,1.78938224,0.588141501
04/06/2019 18:00,1.824868505,0.599805272
04/06/2019 19:00,1.839643769,0.604661666
04/06/2019 20:00,1.826304214,0.600277166
04/06/2019 21:00,1.746540179,0.574059996
04/06/2019 22:00,1.933556186,0.635529185
04/06/2019 23:00,1.856809254,0.610303688
04/07/2019 00:00,1.759917958,0.578457059
04/07/2019 01:00,1.819441228,0.598021412
04/07/2019 02:00,1.827952085,0.600818795
04/07/2019 03:00,1.816190777,0.59695304
04/07/2019 04:00,1.769039119,0.58145504
04/07/2019 05:00,1.794482971,0.589818029
04/07/2019 06:00,1.851831179,0.608667474
04/07/2019 07:00,1.825272869,0.59993818
04/07/2019 08:00,1.771697984,0.582328966
04/07/2019 09:00,1.738123637,0.571293612
04/07/2019 10:00,1.723456094,0.566472624
04/07/2019 11:00,1.661845969,0.546222355
04/07/2019 12:00,1.651246895,0.542738608
04/07/2019 13:00,1.799979406,0.59162462
04/07/2019 14:00,1.827458527,0.600656571
04/07/2019 15:00,1.859273372,0.611113605
04/07/2019 16:00,1.834375489,0.602930066
04/07/2019 17:00,1.780191829,0.585120758
04/07/2019 18:00,1.813353649,0.596020521
04/07/2019 19:00,1.824401999,0.599651939
04/07/2019 20:00,1.84220281,0.605502782
04/07/2019 21:00,1.862488235,0.612170279
04/07/2019 22:00,1.958085955,0.64359173
04/07/2019 23:00,1.755224113,0.576914267
04/08/2019 00:00,1.645550266,0.540866217
04/08/2019 01:00,1.699465002,0.558587134
04/08/2019 02:00,1.694230082,0.556866498
04/08/2019 03:00,1.628165474,0.535152112
04/08/2019 04:00,1.552809972,0.510383956
04/08/2019 05:00,1.516695642,0.49851375
04/08/2019 06:00,1.487413734,0.488889252
04/08/2019 07:00,1.338474514,0.439935298
04/08/2019 08:00,1.266165369,0.416168431
04/08/2019 09:00,1.244742191,0.409126973
04/08/2019 10:00,1.050996317,0.345445784
04/08/2019 11:00,1.08215901,0.355688466
04/08/2019 12:00,0.981341968,0.322551507
04/08/2019 13:00,0.81926309,0.269278756
04/08/2019 14:00,0.752487184,0.247330577
04/08/2019 15:00,0.757016865,0.248819411
04/08/2019 16:00,0.741753594,0.243802616
04/08/2019 17:00,0.740591991,0.243420816
04/08/2019 18:00,0.817862928,0.268818545
04/08/2019 19:00,0.874387345,0.287397222
04/08/2019 20:00,1.032295785,0.339299217
04/08/2019 21:00,1.08616561,0.357005372
04/08/2019 22:00,1.040008716,0.341834334
04/08/2019 23:00,1.314694881,0.432119311
04/09/2019 00:00,1.557911586,0.512060776
04/09/2019 01:00,1.607502456,0.528360506
04/09/2019 02:00,1.630223106,0.535828423
04/09/2019 03:00,1.534923229,0.504504868
04/09/2019 04:00,1.342812058,0.44136098
04/09/2019 05:00,1.1430418,0.375699671
04/09/2019 06:00,1.040563282,0.342016611
04/09/2019 07:00,0.885597876,0.291081945
04/09/2019 08:00,0.729892802,0.239904163
04/09/2019 09:00,0.628222235,0.206486663
04/09/2019 10:00,0.866274974,0.284730815
04/09/2019 11:00,0.769114221,0.25279562
04/09/2019 12:00,0.70241601,0.230872978
04/09/2019 13:00,0.594601631,0.195436105
04/09/2019 14:00,0.493048416,0.162057178
04/09/2019 15:00,0.428371116,0.140798777
04/09/2019 16:00,0.385003126,0.126544408
04/09/2019 17:00,0.355249604,0.116764898
04/09/2019 18:00,0.341814877,0.112349117
04/09/2019 19:00,0.370857041,0.121894815
04/09/2019 20:00,0.381355163,0.125345381
04/09/2019 21:00,0.385320356,0.126648677
04/09/2019 22:00,0.546220423,0.179533971
04/09/2019 23:00,0.437899186,0.143930502
04/10/2019 00:00,0.354827228,0.11662607
04/10/2019 01:00,0.258328514,0.084908477
04/10/2019 02:00,0.180995966,0.059490497
04/10/2019 03:00,0.134800375,0.044306741
04/10/2019 04:00,0.110392568,0.036284282
04/10/2019 05:00,0.122383246,0.040225428
04/10/2019 06:00,0.140329705,0.046124143
04/10/2019 07:00,0.130857845,0.043010894
04/10/2019 08:00,0.103521985,0.034026031
04/10/2019 09:00,0.0904258,0.029721523
04/10/2019 10:00,0.180334289,0.059273014
04/10/2019 11:00,0.191709744,0.063011946
04/10/2019 12:00,0.191930743,0.063084585
04/10/2019 13:00,0.163732743,0.05381635
04/10/2019 14:00,0.108467934,0.035651686
04/10/2019 15:00,0.060762795,0.019971765
04/10/2019 16:00,0.039013365,0.012823073
04/10/2019 17:00,0.045003399,0.014791902
04/10/2019 18:00,0.065064643,0.021385714
04/10/2019 19:00,0.097194319,0.031946228
04/10/2019 20:00,0.107018514,0.035175284
04/10/2019 21:00,0.091446658,0.030057063
04/10/2019 22:00,0.092440503,0.030383724
04/10/2019 23:00,0.075733347,0.024892347
04/11/2019 00:00,0.062391433,0.020507072
04/11/2019 01:00,0.059014724,0.019397202
04/11/2019 02:00,0.052738247,0.017334223
04/11/2019 03:00,0.045851615,0.015070697
04/11/2019 04:00,0.042193652,0.013868383
04/11/2019 05:00,0.037773286,0.012415479
04/11/2019 06:00,0.024911411,0.008187985
04/11/2019 07:00,0.015950817,0.00524278
04/11/2019 08:00,0.013099193,0.004305497
04/11/2019 09:00,0.014851781,0.004881544
04/11/2019 10:00,0.052714736,0.017326496
04/11/2019 11:00,0.051189378,0.016825135
04/11/2019 12:00,0.035759319,0.01175352
04/11/2019 13:00,0.024436419,0.008031863
04/11/2019 14:00,0.017553724,0.00576963
04/11/2019 15:00,0.011986339,0.003939719
04/11/2019 16:00,0.011237231,0.003693499
04/11/2019 17:00,0.01796173,0.005903735
04/11/2019 18:00,0.026764206,0.008796969
04/11/2019 19:00,0.035288416,0.011598741
04/11/2019 20:00,0.038874797,0.012777528
04/11/2019 21:00,0.042575862,0.013994009
04/11/2019 22:00,0.047967359,0.015766108
04/11/2019 23:00,0.020061741,0.006593976
04/12/2019 00:00,0.008616221,0.002832015
04/12/2019 01:00,0.006962442,0.002288444
04/12/2019 02:00,0.011079137,0.003641536
04/12/2019 03:00,0.013341478,0.004385132
04/12/2019 04:00,0.024078715,0.007914291
04/12/2019 05:00,0.074057257,0.024341443
04/12/2019 06:00,0.241007451,0.079215318
04/12/2019 07:00,0.637708762,0.209604734
04/12/2019 08:00,1.253513806,0.412010064
04/12/2019 09:00,1.707671651,0.561284529
04/12/2019 10:00,1.669641754,0.548784706
04/12/2019 11:00,1.744353362,0.573341224
04/12/2019 12:00,1.958052749,0.643580816
04/12/2019 13:00,2.01188322,0.661274036
04/12/2019 14:00,2.04988069,0.6737632
04/12/2019 15:00,2.050240517,0.67388147
04/12/2019 16:00,2.082984448,0.68464388
04/12/2019 17:00,2.13973791,0.70329784
04/12/2019 18:00,2.174943569,0.714869381
04/12/2019 19:00,2.201403476,0.723566332
04/12/2019 20:00,2.203677886,0.724313894
04/12/2019 21:00,2.202502852,0.723927679
04/12/2019 22:00,2.117979411,0.696146168
04/12/2019 23:00,2.079804118,0.683598555
4/13/2019 0:00,2.066744788,0.679306161
4/13/2019 1:00,2.123580783,0.697987249
4/13/2019 2:00,2.17503619,0.714899824
4/13/2019 3:00,2.154774447,0.708240111
4/13/2019 4:00,2.08470172,0.685208319
4/13/2019 5:00,1.999062431,0.657060046
4/13/2019 6:00,1.973108432,0.648529379
4/13/2019 7:00,2.011786354,0.661242197
4/13/2019 8:00,2.013210923,0.661710431
4/13/2019 9:00,2.010419874,0.660793057
4/13/2019 10:00,2.110906528,0.693821423
4/13/2019 11:00,2.161723031,0.710524
4/13/2019 12:00,2.218897619,0.729316378
4/13/2019 13:00,2.255475848,0.741339061
4/13/2019 14:00,2.264412353,0.744276348
4/13/2019 15:00,2.28847939,0.752186801
4/13/2019 16:00,2.300585834,0.756165996
4/13/2019 17:00,2.299524154,0.755817039
4/13/2019 18:00,2.271221486,0.746514402
4/13/2019 19:00,2.238522287,0.735766695
4/13/2019 20:00,2.185875203,0.718462435
4/13/2019 21:00,2.147835466,0.705959378
4/13/2019 22:00,1.941621567,0.638180147
4/13/2019 23:00,1.970346726,0.647621651
4/14/2019 0:00,1.998393993,0.656840341
4/14/2019 1:00,2.008271023,0.660086764
4/14/2019 2:00,2.04186811,0.671129593
4/14/2019 3:00,1.994500496,0.655560611
4/14/2019 4:00,2.028861083,0.66685439
4/14/2019 5:00,2.173556914,0.714413609
4/14/2019 6:00,2.241462915,0.736733232
4/14/2019 7:00,2.236540035,0.73511516
4/14/2019 8:00,2.23350432,0.734117369
4/14/2019 9:00,2.247262477,0.738639456
4/14/2019 10:00,2.244883093,0.737857391
4/14/2019 11:00,2.180118232,0.71657021
4/14/2019 12:00,2.095551163,0.688774359
4/14/2019 13:00,2.078702643,0.683236518
4/14/2019 14:00,2.06963283,0.680255415
4/14/2019 15:00,2.104357102,0.691668731
4/14/2019 16:00,2.152801091,0.7075915
4/14/2019 17:00,2.144164037,0.704752638
4/14/2019 18:00,2.160116021,0.709995801
4/14/2019 19:00,2.157649606,0.70918513
4/14/2019 20:00,2.17176115,0.71382337
4/14/2019 21:00,2.195372804,0.721584146
4/14/2019 22:00,2.082512077,0.684488618
4/14/2019 23:00,2.077697451,0.682906128
4/15/2019 0:00,2.09741233,0.689386095
4/15/2019 1:00,2.073699481,0.681592058
4/15/2019 2:00,2.046292972,0.672583974
4/15/2019 3:00,2.009817111,0.660594939
4/15/2019 4:00,2.094078453,0.688290303
4/15/2019 5:00,2.114017211,0.694843855
4/15/2019 6:00,2.223920055,0.730967173
4/15/2019 7:00,2.185636164,0.718383867
4/15/2019 8:00,2.235450347,0.734756997
4/15/2019 9:00,2.262100147,0.743516363
4/15/2019 10:00,2.238991664,0.735920972
4/15/2019 11:00,2.301434564,0.75644496
4/15/2019 12:00,2.305360626,0.757735394
4/15/2019 13:00,2.31,0.759260283
4/15/2019 14:00,2.31,0.759260283
4/15/2019 15:00,2.31,0.759260283
4/15/2019 16:00,2.31,0.759260283
4/15/2019 17:00,2.31,0.759260283
4/15/2019 18:00,2.31,0.759260283
4/15/2019 19:00,2.31,0.759260283
4/15/2019 20:00,2.31,0.759260283
4/15/2019 21:00,2.31,0.759260283
4/15/2019 22:00,2.31,0.759260283
4/15/2019 23:00,2.31,0.759260283
4/16/2019 0:00,2.31,0.759260283
4/16/2019 1:00,2.31,0.759260283
4/16/2019 2:00,2.31,0.759260283
4/16/2019 3:00,2.31,0.759260283
4/16/2019 4:00,2.31,0.759260283
4/16/2019 5:00,2.309004962,0.75893323
4/16/2019 6:00,2.300155552,0.756024569
4/16/2019 7:00,2.283480244,0.750543661
4/16/2019 8:00,2.308924898,0.758906914
4/16/2019 9:00,2.31,0.759260283
4/16/2019 10:00,2.289106339,0.752392869
4/16/2019 11:00,2.274586939,0.747620573
4/16/2019 12:00,2.251851981,0.740147953
4/16/2019 13:00,2.255360774,0.741301238
4/16/2019 14:00,2.271905543,0.746739241
4/16/2019 15:00,2.274237945,0.747505864
4/16/2019 16:00,2.281812225,0.749995409
4/16/2019 17:00,2.289124494,0.752398836
4/16/2019 18:00,2.294981272,0.754323866
4/16/2019 19:00,2.281164855,0.749782629
4/16/2019 20:00,2.268368229,0.745576582
4/16/2019 21:00,2.249974693,0.739530919
4/16/2019 22:00,2.146985194,0.705679907
4/16/2019 23:00,2.117710034,0.696057627
4/17/2019 0:00,2.076027286,0.682357171
4/17/2019 1:00,2.048518431,0.673315448
4/17/2019 2:00,2.017877481,0.663244254
4/17/2019 3:00,2.004240398,0.658761962
4/17/2019 4:00,2.005853774,0.659292253
4/17/2019 5:00,1.999951125,0.657352146
4/17/2019 6:00,2.018006105,0.663286531
4/17/2019 7:00,2.026901033,0.666210152
4/17/2019 8:00,2.002788408,0.658284716
4/17/2019 9:00,1.955219336,0.642649518
4/17/2019 10:00,1.932429656,0.635158912
4/17/2019 11:00,1.94812272,0.640316973
4/17/2019 12:00,1.924400649,0.632519905
4/17/2019 13:00,1.760064917,0.578505362
4/17/2019 14:00,1.6087011,0.528754481
4/17/2019 15:00,1.561149579,0.513125052
4/17/2019 16:00,1.600962816,0.52621103
4/17/2019 17:00,1.597000792,0.524908776
4/17/2019 18:00,1.674332407,0.550326449
4/17/2019 19:00,1.755572837,0.577028887
4/17/2019 20:00,1.685001563,0.553833231
4/17/2019 21:00,1.753140595,0.576229448
4/17/2019 22:00,1.500443544,0.493171944
4/17/2019 23:00,1.422396127,0.467518998
4/18/2019 0:00,1.398563463,0.45968558
4/18/2019 1:00,1.452911494,0.477548914
4/18/2019 2:00,1.516100113,0.498318009
4/18/2019 3:00,1.513645399,0.497511184
4/18/2019 4:00,1.443866262,0.47457589
4/18/2019 5:00,1.457125886,0.478934118
4/18/2019 6:00,1.591809142,0.523202363
4/18/2019 7:00,1.713242896,0.563115708
4/18/2019 8:00,1.864557267,0.612850337
4/18/2019 9:00,1.974292943,0.648918709
4/18/2019 10:00,1.918640682,0.630626696
4/18/2019 11:00,1.865222665,0.613069042
4/18/2019 12:00,1.905713151,0.626377622
4/18/2019 13:00,1.949200069,0.64067108
4/18/2019 14:00,1.970988077,0.647832452
4/18/2019 15:00,2.002447177,0.658172558
4/18/2019 16:00,2.029217912,0.666971674
4/18/2019 17:00,2.036904269,0.669498057
4/18/2019 18:00,2.050499437,0.673966573
4/18/2019 19:00,2.099990895,0.690233628
4/18/2019 20:00,2.161112076,0.710323189
4/18/2019 21:00,2.205844448,0.725026009
4/18/2019 22:00,2.161465206,0.710439257
4/18/2019 23:00,2.136651623,0.702283427
4/19/2019 0:00,2.112045458,0.694195771
4/19/2019 1:00,2.100985091,0.690560405
4/19/2019 2:00,2.084105482,0.685012345
4/19/2019 3:00,2.072492955,0.681195492
4/19/2019 4:00,2.034916409,0.668844679
4/19/2019 5:00,2.053885012,0.675079357
4/19/2019 6:00,2.107246912,0.692618566
4/19/2019 7:00,2.142043602,0.704055685
4/19/2019 8:00,2.13452742,0.701585235
4/19/2019 9:00,2.134926518,0.701716412
4/19/2019 10:00,2.148745938,0.706258636
4/19/2019 11:00,2.085562361,0.685491198
4/19/2019 12:00,1.995973272,0.656044689
4/19/2019 13:00,1.88920145,0.620950488
4/19/2019 14:00,1.77260856,0.582628258
4/19/2019 15:00,1.709433528,0.56186363
4/19/2019 16:00,1.713383053,0.563161776
4/19/2019 17:00,1.670303715,0.549002282
4/19/2019 18:00,1.522845304,0.500535046
4/19/2019 19:00,1.199894256,0.39438617
4/19/2019 20:00,0.942452602,0.30976919
4/19/2019 21:00,0.80202708,0.263613553
4/19/2019 22:00,0.466465961,0.153319947
4/19/2019 23:00,0.511308274,0.168058902
4/20/2019 0:00,0.623035296,0.204781799
4/20/2019 1:00,0.707870903,0.232665914
4/20/2019 2:00,0.734545961,0.241433582
4/20/2019 3:00,0.824585562,0.271028168
4/20/2019 4:00,1.044089052,0.343175476
4/20/2019 5:00,1.134665238,0.372946428
4/20/2019 6:00,1.277022442,0.419736978
4/20/2019 7:00,1.349092761,0.443425347
4/20/2019 8:00,1.243388893,0.408682166
4/20/2019 9:00,1.074233959,0.353083628
4/20/2019 10:00,1.111429315,0.36530915
4/20/2019 11:00,1.13894485,0.374353069
4/20/2019 12:00,1.157587349,0.380480562
4/20/2019 13:00,1.136915864,0.373686174
4/20/2019 14:00,1.058790365,0.348007564
4/20/2019 15:00,0.786620093,0.258549521
4/20/2019 16:00,0.471113336,0.154847465
4/20/2019 17:00,0.246947928,0.081167859
4/20/2019 18:00,0.137935888,0.045337334
4/20/2019 19:00,0.075280896,0.024743634
4/20/2019 20:00,0.026044785,0.008560507
4/20/2019 21:00,0.008646294,0.002841899
4/20/2019 22:00,0.017653166,0.005802315
4/20/2019 23:00,0.085259594,0.028023473
4/21/2019 0:00,0.150077486,0.049328084
4/21/2019 1:00,0.168605157,0.055417835
4/21/2019 2:00,0.114385699,0.037596761
4/21/2019 3:00,0.153097716,0.050320786
4/21/2019 4:00,0.213161629,0.070062839
4/21/2019 5:00,0.073323564,0.02410029
4/21/2019 6:00,0.014606251,0.004800842
4/21/2019 7:00,0.007475519,0.002457084
4/21/2019 8:00,0.00649657,0.002135319
4/21/2019 9:00,0.01676101,0.005509077
4/21/2019 10:00,0.123115434,0.040466086
4/21/2019 11:00,0.333959968,0.109767333
4/21/2019 12:00,0.479779001,0.157695732
4/21/2019 13:00,0.820574868,0.269709916
4/21/2019 14:00,0.958218423,0.314951165
4/21/2019 15:00,0.917376027,0.301526919
4/21/2019 16:00,0.814844345,0.267826384
4/21/2019 17:00,0.645796266,0.212262968
4/21/2019 18:00,0.670259736,0.220303721
4/21/2019 19:00,0.735899766,0.241878556
4/21/2019 20:00,0.822903064,0.270475157
4/21/2019 21:00,0.944869615,0.310563624
4/21/2019 22:00,0.768413465,0.252565292
4/21/2019 23:00,0.898241331,0.295237648
4/22/2019 0:00,1.39946089,0.45998055
4/22/2019 1:00,1.821673568,0.598755147
4/22/2019 2:00,1.916024687,0.62976686
4/22/2019 3:00,1.917410208,0.630222258
4/22/2019 4:00,1.88495326,0.619554176
4/22/2019 5:00,1.871885608,0.615259046
4/22/2019 6:00,1.881795655,0.618516321
4/22/2019 7:00,1.912107563,0.628479363
4/22/2019 8:00,1.936491468,0.636493965
4/22/2019 9:00,1.972357159,0.648282448
4/22/2019 10:00,1.960932923,0.644527483
4/22/2019 11:00,1.979992346,0.650792013
4/22/2019 12:00,1.942571836,0.638492486
4/22/2019 13:00,1.939670525,0.637538871
4/22/2019 14:00,2.030292864,0.667324993
4/22/2019 15:00,2.118027183,0.696161869
4/22/2019 16:00,2.210510385,0.726559628
4/22/2019 17:00,2.267957196,0.745441482
4/22/2019 18:00,2.292638644,0.753553881
4/22/2019 19:00,2.297121155,0.755027211
4/22/2019 20:00,2.296925289,0.754962833
4/22/2019 21:00,2.269131939,0.745827601
4/22/2019 22:00,2.249054798,0.739228564
4/22/2019 23:00,2.23847918,0.735752526
4/23/2019 0:00,2.230138902,0.733011209
4/23/2019 1:00,2.21786992,0.72897859
4/23/2019 2:00,2.208554493,0.725916757
4/23/2019 3:00,2.2148292,0.727979154
4/23/2019 4:00,2.186731389,0.71874385
4/23/2019 5:00,2.164006254,0.711274459
4/23/2019 6:00,2.228083462,0.732335619
4/23/2019 7:00,2.268521848,0.745627074
4/23/2019 8:00,2.268800422,0.745718636
4/23/2019 9:00,2.302156546,0.756682264
4/23/2019 10:00,2.31,0.759260283
4/23/2019 11:00,2.31,0.759260283
4/23/2019 12:00,2.31,0.759260283
4/23/2019 13:00,2.31,0.759260283
4/23/2019 14:00,2.31,0.759260283
4/23/2019 15:00,2.31,0.759260283
4/23/2019 16:00,2.31,0.759260283
4/23/2019 17:00,2.31,0.759260283
4/23/2019 18:00,2.31,0.759260283
4/23/2019 19:00,2.31,0.759260283
4/23/2019 20:00,2.31,0.759260283
4/23/2019 21:00,2.31,0.759260283
4/23/2019 22:00,2.31,0.759260283
4/23/2019 23:00,2.31,0.759260283
4/24/2019 0:00,2.31,0.759260283
4/24/2019 1:00,2.31,0.759260283
4/24/2019 2:00,2.31,0.759260283
4/24/2019 3:00,2.31,0.759260283
4/24/2019 4:00,2.31,0.759260283
4/24/2019 5:00,2.31,0.759260283
4/24/2019 6:00,2.31,0.759260283
4/24/2019 7:00,2.31,0.759260283
4/24/2019 8:00,2.31,0.759260283
4/24/2019 9:00,2.31,0.759260283
4/24/2019 10:00,2.31,0.759260283
4/24/2019 11:00,2.31,0.759260283
4/24/2019 12:00,2.31,0.759260283
4/24/2019 13:00,2.294499463,0.754165503
4/24/2019 14:00,2.278425589,0.748882276
4/24/2019 15:00,2.270834489,0.746387202
4/24/2019 16:00,2.237832918,0.73554011
4/24/2019 17:00,2.193193006,0.720867681
4/24/2019 18:00,2.221157607,0.730059201
4/24/2019 19:00,2.239766147,0.736175532
4/24/2019 20:00,2.245747733,0.738141584
4/24/2019 21:00,2.240849568,0.736531635
4/24/2019 22:00,2.101460213,0.69071657
4/24/2019 23:00,2.003101368,0.658387581
4/25/2019 0:00,1.938558853,0.637173482
4/25/2019 1:00,1.775893041,0.583707815
4/25/2019 2:00,1.639232669,0.538789723
4/25/2019 3:00,1.758282935,0.577919653
4/25/2019 4:00,1.914748136,0.629347278
4/25/2019 5:00,2.013096546,0.661672837
4/25/2019 6:00,1.98471384,0.652343893
4/25/2019 7:00,1.785557602,0.586884403
4/25/2019 8:00,1.822512429,0.599030867
4/25/2019 9:00,2.006920855,0.659642985
4/25/2019 10:00,1.583838911,0.520582675
4/25/2019 11:00,1.823054202,0.599208939
4/25/2019 12:00,1.888259329,0.620640828
4/25/2019 13:00,1.890910923,0.621512365
4/25/2019 14:00,1.990661828,0.654298902
4/25/2019 15:00,2.072844503,0.681311041
4/25/2019 16:00,2.087715858,0.686199019
4/25/2019 17:00,2.182589703,0.717382543
4/25/2019 18:00,2.121869748,0.697424859
4/25/2019 19:00,1.893435181,0.622342048
4/25/2019 20:00,1.97159241,0.648031087
4/25/2019 21:00,2.066900572,0.679357365
4/25/2019 22:00,2.160721807,0.710194914
4/25/2019 23:00,2.092448627,0.687754605
4/26/2019 0:00,2.009323385,0.660432659
4/26/2019 1:00,1.978172355,0.65019381
4/26/2019 2:00,1.978070083,0.650160195
4/26/2019 3:00,2.049883649,0.673764173
4/26/2019 4:00,1.998746561,0.656956225
4/26/2019 5:00,2.03818489,0.669918977
4/26/2019 6:00,1.98958319,0.653944371
4/26/2019 7:00,2.014575757,0.66215903
4/26/2019 8:00,2.058970103,0.676750746
4/26/2019 9:00,2.026530576,0.666088389
4/26/2019 10:00,2.023618157,0.665131123
4/26/2019 11:00,2.168269651,0.71267577
4/26/2019 12:00,2.214359405,0.72782474
4/26/2019 13:00,2.193311806,0.720906728
4/26/2019 14:00,2.269324008,0.745890731
4/26/2019 15:00,2.306192604,0.758008852
4/26/2019 16:00,2.307224939,0.758348165
4/26/2019 17:00,2.303917278,0.757260989
4/26/2019 18:00,2.299854519,0.755925625
4/26/2019 19:00,2.304357341,0.757405631
4/26/2019 20:00,2.304600464,0.757485541
4/26/2019 21:00,2.303603683,0.757157915
4/26/2019 22:00,2.287217382,0.751771999
4/26/2019 23:00,2.243099752,0.737271235
4/27/2019 0:00,2.18062307,0.716736143
4/27/2019 1:00,2.107963579,0.692854123
4/27/2019 2:00,1.91604732,0.629774299
4/27/2019 3:00,1.495995915,0.491710079
4/27/2019 4:00,1.456266796,0.478651749
4/27/2019 5:00,1.64010996,0.539078074
4/27/2019 6:00,1.572744926,0.516936259
4/27/2019 7:00,1.297239227,0.426381914
4/27/2019 8:00,1.108840238,0.364458161
4/27/2019 9:00,1.055690205,0.346988591
4/27/2019 10:00,0.830942205,0.273117495
4/27/2019 11:00,0.602212776,0.197937767
4/27/2019 12:00,0.38075212,0.12514717
4/27/2019 13:00,0.448389466,0.14737849
4/27/2019 14:00,0.343071141,0.112762031
4/27/2019 15:00,0.242373772,0.079664406
4/27/2019 16:00,0.369121344,0.121324319
4/27/2019 17:00,0.311485589,0.102380362
4/27/2019 18:00,0.188594501,0.061988015
4/27/2019 19:00,0.138828004,0.045630558
4/27/2019 20:00,0.121381553,0.039896187
4/27/2019 21:00,0.090512256,0.02974994
4/27/2019 22:00,0.080910753,0.026594078
4/27/2019 23:00,0.052377138,0.017215533
4/28/2019 0:00,0.023238499,0.007638125
4/28/2019 1:00,0.007895792,0.002595221
4/28/2019 2:00,0,0
4/28/2019 3:00,0,0
4/28/2019 4:00,0,0
4/28/2019 5:00,0.008610402,0.002830102
4/28/2019 6:00,0.020509667,0.006741202
4/28/2019 7:00,0.020537302,0.006750285
4/28/2019 8:00,0.017420407,0.005725811
4/28/2019 9:00,0.019823157,0.006515556
4/28/2019 10:00,0.041769317,0.013728911
4/28/2019 11:00,0.042444743,0.013950912
4/28/2019 12:00,0.037987302,0.012485822
4/28/2019 13:00,0.062598893,0.020575261
4/28/2019 14:00,0.115716552,0.038034191
4/28/2019 15:00,0.20571278,0.067614521
4/28/2019 16:00,0.35480683,0.116619365
4/28/2019 17:00,0.465145472,0.152885923
4/28/2019 18:00,0.642225155,0.2110892
4/28/2019 19:00,0.585813285,0.192547515
4/28/2019 20:00,0.525298716,0.172657338
4/28/2019 21:00,0.53047838,0.174359812
4/28/2019 22:00,0.469502809,0.154318111
4/28/2019 23:00,0.489144307,0.160773959
4/29/2019 0:00,0.46287618,0.152140043
4/29/2019 1:00,0.44266823,0.145498011
4/29/2019 2:00,0.443524826,0.145779561
4/29/2019 3:00,0.362641639,0.119194543
4/29/2019 4:00,0.340711486,0.11198645
4/29/2019 5:00,0.544454411,0.178953511
4/29/2019 6:00,0.786274011,0.25843577
4/29/2019 7:00,0.801647373,0.263488749
4/29/2019 8:00,0.793561804,0.260831152
4/29/2019 9:00,0.723759676,0.237888301
4/29/2019 10:00,0.748704089,0.246087133
4/29/2019 11:00,0.683239301,0.224569898
4/29/2019 12:00,0.686137969,0.225522644
4/29/2019 13:00,0.776192876,0.255122261
4/29/2019 14:00,0.825646567,0.271376903
4/29/2019 15:00,0.696029104,0.228773703
4/29/2019 16:00,0.565526036,0.185879419
4/29/2019 17:00,0.614090221,0.201841695
4/29/2019 18:00,0.744222094,0.244613973
4/29/2019 19:00,0.792280967,0.260410161
4/29/2019 20:00,0.785171022,0.258073235
4/29/2019 21:00,0.779231409,0.256120978
4/29/2019 22:00,0.851850968,0.279989873
4/29/2019 23:00,0.761517517,0.250298704
4/30/2019 0:00,0.68848328,0.226293511
4/30/2019 1:00,0.660972139,0.217251036
4/30/2019 2:00,0.634593791,0.208580892
4/30/2019 3:00,0.604560361,0.198709381
4/30/2019 4:00,0.571773405,0.18793283
4/30/2019 5:00,0.51076156,0.167879206
4/30/2019 6:00,0.395893358,0.130123854
4/30/2019 7:00,0.366464016,0.120450897
4/30/2019 8:00,0.315406284,0.103669032
4/30/2019 9:00,0.234164401,0.076966117
4/30/2019 10:00,0.202807696,0.066659666
4/30/2019 11:00,0.151620561,0.049835268
4/30/2019 12:00,0.110329208,0.036263457
4/30/2019 13:00,0.051404772,0.016895932
4/30/2019 14:00,0.029610682,0.00973256
4/30/2019 15:00,0.042259989,0.013890187
4/30/2019 16:00,0.070271031,0.023096971
4/30/2019 17:00,0.095092441,0.031255374
4/30/2019 18:00,0.080659246,0.026511412
4/30/2019 19:00,0.048788632,0.016036048
4/30/2019 20:00,0.024279905,0.007980419
4/30/2019 21:00,0.012717547,0.004180055
4/30/2019 22:00,0.026138939,0.008591454
4/30/2019 23:00,0.046437433,0.015263246
05/01/2019 00:00,0.05408841,0.017778001
05/01/2019 01:00,0.039808323,0.013084363
05/01/2019 02:00,0.034490381,0.01133644
05/01/2019 03:00,0.042283986,0.013898074
05/01/2019 04:00,0.053433803,0.017562842
05/01/2019 05:00,0.076030718,0.024990089
05/01/2019 06:00,0.068522444,0.022522238
05/01/2019 07:00,0.043312615,0.014236168
05/01/2019 08:00,0.018832629,0.006189986
05/01/2019 09:00,0.003439672,0.001130566
05/01/2019 10:00,0,0
05/01/2019 11:00,0,0
05/01/2019 12:00,0,0
05/01/2019 13:00,0.025950615,0.008529555
05/01/2019 14:00,0.068777585,0.022606099
05/01/2019 15:00,0.096873499,0.031840779
05/01/2019 16:00,0.116252355,0.038210301
05/01/2019 17:00,0.137735424,0.045271444
05/01/2019 18:00,0.147747094,0.048562121
05/01/2019 19:00,0.13628234,0.044793839
05/01/2019 20:00,0.192492657,0.063269277
05/01/2019 21:00,0.273224003,0.089804387
05/01/2019 22:00,0.372134976,0.122314851
05/01/2019 23:00,0.613124355,0.20152423
05/02/2019 00:00,0.845941783,0.278047618
05/02/2019 01:00,0.937625946,0.308182745
05/02/2019 02:00,1.044193765,0.343209893
05/02/2019 03:00,1.212540082,0.398542652
05/02/2019 04:00,1.179947267,0.387829911
05/02/2019 05:00,1.234714186,0.405830927
05/02/2019 06:00,1.497802939,0.492304019
05/02/2019 07:00,1.576810246,0.518272465
05/02/2019 08:00,1.61427348,0.530586034
05/02/2019 09:00,1.72025944,0.565421935
05/02/2019 10:00,1.830321811,0.601597687
05/02/2019 11:00,1.677370501,0.551325022
05/02/2019 12:00,1.595815198,0.52451909
05/02/2019 13:00,1.588824493,0.522221357
05/02/2019 14:00,1.607805251,0.52846003
05/02/2019 15:00,1.568786985,0.515635346
05/02/2019 16:00,1.505937634,0.494977764
05/02/2019 17:00,1.457923292,0.479196213
05/02/2019 18:00,1.452871056,0.477535623
05/02/2019 19:00,1.424953303,0.468359501
05/02/2019 20:00,1.407244864,0.462539019
05/02/2019 21:00,1.53576577,0.504781798
05/02/2019 22:00,1.784971613,0.586691797
05/02/2019 23:00,1.912860006,0.628726679
05/03/2019 00:00,1.943904981,0.638930669
05/03/2019 01:00,2.080894295,0.683956879
05/03/2019 02:00,2.175757821,0.715137012
05/03/2019 03:00,2.219063667,0.729370956
05/03/2019 04:00,2.257813004,0.742107247
05/03/2019 05:00,2.285275397,0.751133699
05/03/2019 06:00,2.301801845,0.75656568
05/03/2019 07:00,2.306848734,0.758224512
05/03/2019 08:00,2.31,0.759260283
05/03/2019 09:00,2.31,0.759260283
05/03/2019 10:00,2.30277167,0.756884446
05/03/2019 11:00,2.301219464,0.75637426
05/03/2019 12:00,2.297388433,0.755115061
05/03/2019 13:00,2.254981829,0.741176685
05/03/2019 14:00,2.218484204,0.729180495
05/03/2019 15:00,2.162276421,0.710705891
05/03/2019 16:00,2.105031285,0.691890324
05/03/2019 17:00,2.12412581,0.698166391
05/03/2019 18:00,2.172326377,0.714009152
05/03/2019 19:00,2.231314091,0.733397475
05/03/2019 20:00,2.257591316,0.742034381
05/03/2019 21:00,2.267504272,0.745292613
05/03/2019 22:00,2.298493624,0.75547832
05/03/2019 23:00,2.289922409,0.752661098
05/04/2019 00:00,2.258811346,0.742435386
05/04/2019 01:00,2.235756475,0.734857616
05/04/2019 02:00,2.262214674,0.743554006
05/04/2019 03:00,2.280984451,0.749723333
05/04/2019 04:00,2.283358422,0.75050362
05/04/2019 05:00,2.277082584,0.748440852
05/04/2019 06:00,2.292396114,0.753474165
05/04/2019 07:00,2.286570583,0.751559406
05/04/2019 08:00,2.267201179,0.745192991
05/04/2019 09:00,2.237397029,0.735396841
05/04/2019 10:00,2.24546039,0.738047139
05/04/2019 11:00,2.185775131,0.718429543
05/04/2019 12:00,2.079701902,0.683564959
05/04/2019 13:00,1.96839378,0.646979748
05/04/2019 14:00,1.900699823,0.62472982
05/04/2019 15:00,1.866206216,0.61339232
05/04/2019 16:00,1.849884243,0.608027547
05/04/2019 17:00,1.897220484,0.623586217
05/04/2019 18:00,1.869344881,0.61442395
05/04/2019 19:00,1.883659087,0.619128802
05/04/2019 20:00,1.798337323,0.591084894
05/04/2019 21:00,1.680798172,0.552451643
05/04/2019 22:00,1.914590795,0.629295562
05/04/2019 23:00,1.811323194,0.595353143
05/05/2019 00:00,1.97327267,0.648583362
05/05/2019 01:00,2.124712917,0.698359364
05/05/2019 02:00,2.223582142,0.730856107
05/05/2019 03:00,2.207253353,0.725489093
05/05/2019 04:00,2.24446801,0.73772096
05/05/2019 05:00,2.249962282,0.739526839
05/05/2019 06:00,2.268619015,0.745659011
05/05/2019 07:00,2.27816603,0.748796963
05/05/2019 08:00,2.261597979,0.743351308
05/05/2019 09:00,2.28316004,0.750438415
05/05/2019 10:00,2.305199504,0.757682436
05/05/2019 11:00,2.306467612,0.758099243
05/05/2019 12:00,2.293567992,0.753859343
05/05/2019 13:00,2.246306966,0.738325395
05/05/2019 14:00,2.231272235,0.733383718
05/05/2019 15:00,2.180317558,0.716635726
05/05/2019 16:00,2.120160977,0.696863214
05/05/2019 17:00,2.085034485,0.685317694
05/05/2019 18:00,2.077889757,0.682969335
05/05/2019 19:00,2.117711752,0.696058192
05/05/2019 20:00,2.099775247,0.690162748
05/05/2019 21:00,2.028031533,0.66658173
05/05/2019 22:00,1.987282021,0.653188013
05/05/2019 23:00,1.897211482,0.623583258
05/06/2019 00:00,1.8641863,0.612728406
05/06/2019 01:00,1.762612263,0.579342634
05/06/2019 02:00,1.762492255,0.57930319
05/06/2019 03:00,1.765949945,0.580439678
05/06/2019 04:00,1.707341719,0.561176085
05/06/2019 05:00,1.620864468,0.532752387
05/06/2019 06:00,1.458770227,0.479474587
05/06/2019 07:00,1.021198815,0.335651819
05/06/2019 08:00,0.786763585,0.258596685
05/06/2019 09:00,0.568188518,0.186754535
05/06/2019 10:00,0.379452718,0.124720077
05/06/2019 11:00,0.328637589,0.108017952
05/06/2019 12:00,0.345158638,0.113448158
05/06/2019 13:00,0.365051658,0.119986678
05/06/2019 14:00,0.429427016,0.141145834
05/06/2019 15:00,0.526557492,0.173071078
05/06/2019 16:00,0.592915635,0.194881945
05/06/2019 17:00,0.624711271,0.205332665
05/06/2019 18:00,0.583736871,0.191865031
05/06/2019 19:00,0.505809112,0.166251415
05/06/2019 20:00,0.425214893,0.139761377
05/06/2019 21:00,0.346515757,0.113894221
05/06/2019 22:00,0.360264541,0.118413228
05/06/2019 23:00,0.316194552,0.103928124
05/07/2019 00:00,0.274166262,0.090114093
05/07/2019 01:00,0.261468313,0.085940478
05/07/2019 02:00,0.280465212,0.092184457
05/07/2019 03:00,0.259344809,0.085242517
05/07/2019 04:00,0.224477785,0.07378228
05/07/2019 05:00,0.201567704,0.0662521
05/07/2019 06:00,0.172885145,0.056824599
05/07/2019 07:00,0.158275952,0.05202279
05/07/2019 08:00,0.150221011,0.049375259
05/07/2019 09:00,0.141188711,0.046406485
05/07/2019 10:00,0.20037475,0.065859996
05/07/2019 11:00,0.174320353,0.057296329
05/07/2019 12:00,0.147651832,0.04853081
05/07/2019 13:00,0.123315114,0.040531718
05/07/2019 14:00,0.112508395,0.036979721
05/07/2019 15:00,0.097739544,0.032125435
05/07/2019 16:00,0.075261856,0.024737376
05/07/2019 17:00,0.054983102,0.018072072
05/07/2019 18:00,0.050752099,0.016681408
05/07/2019 19:00,0.046710667,0.015353054
05/07/2019 20:00,0.044979806,0.014784147
05/07/2019 21:00,0.031791512,0.010449365
05/07/2019 22:00,0.004025486,0.001323113
05/07/2019 23:00,0,0
05/08/2019 00:00,0,0
05/08/2019 01:00,0,0
05/08/2019 02:00,0.002154067,0.000708008
05/08/2019 03:00,0.013159803,0.004325418
05/08/2019 04:00,0.027685574,0.009099808
05/08/2019 05:00,0.049327101,0.016213034
05/08/2019 06:00,0.067964939,0.022338995
05/08/2019 07:00,0.087783747,0.028853122
05/08/2019 08:00,0.103907595,0.034152775
05/08/2019 09:00,0.127373374,0.041865603
05/08/2019 10:00,0.057660395,0.018952055
05/08/2019 11:00,0.106557672,0.035023813
05/08/2019 12:00,0.18171765,0.059727703
05/08/2019 13:00,0.221122427,0.072679427
05/08/2019 14:00,0.22016768,0.072365617
05/08/2019 15:00,0.196610694,0.06462281
05/08/2019 16:00,0.161812493,0.053185194
05/08/2019 17:00,0.133237724,0.043793122
05/08/2019 18:00,0.112822683,0.037083023
05/08/2019 19:00,0.095492191,0.031386765
05/08/2019 20:00,0.088220543,0.02899669
05/08/2019 21:00,0.07680852,0.02524574
05/08/2019 22:00,0.054127254,0.017790768
05/08/2019 23:00,0.021342887,0.007015068
05/09/2019 00:00,0.031394636,0.010318918
05/09/2019 01:00,0.081287752,0.026717992
05/09/2019 02:00,0.124820448,0.041026497
05/09/2019 03:00,0.161903361,0.053215061
05/09/2019 04:00,0.153556657,0.050471632
05/09/2019 05:00,0.139437034,0.045830737
05/09/2019 06:00,0.135017667,0.044378161
05/09/2019 07:00,0.164878098,0.05419281
05/09/2019 08:00,0.189330166,0.062229816
05/09/2019 09:00,0.209449851,0.068842837
05/09/2019 10:00,0.277424126,0.0911849
05/09/2019 11:00,0.365702588,0.120200628
05/09/2019 12:00,0.408153916,0.134153705
05/09/2019 13:00,0.439318179,0.144396903
05/09/2019 14:00,0.406819788,0.133715198
05/09/2019 15:00,0.385469011,0.126697537
05/09/2019 16:00,0.385442631,0.126688866
05/09/2019 17:00,0.386944559,0.127182526
05/09/2019 18:00,0.386649673,0.127085602
05/09/2019 19:00,0.377435771,0.124057139
05/09/2019 20:00,0.369998424,0.121612601
05/09/2019 21:00,0.316498519,0.104028033
05/09/2019 22:00,0.224454396,0.073774592
05/09/2019 23:00,0.182088085,0.059849459
05/10/2019 00:00,0.227835488,0.074885904
05/10/2019 01:00,0.253277742,0.083248368
05/10/2019 02:00,0.229286202,0.07536273
05/10/2019 03:00,0.173370684,0.056984188
05/10/2019 04:00,0.129477746,0.042557277
05/10/2019 05:00,0.089372951,0.029375468
05/10/2019 06:00,0.059722548,0.019629852
05/10/2019 07:00,0.038995692,0.012817264
05/10/2019 08:00,0.024428978,0.008029417
05/10/2019 09:00,0.01306017,0.00429267
05/10/2019 10:00,0.011063238,0.00363631
05/10/2019 11:00,0.002932277,0.000963793
05/10/2019 12:00,0,0
05/10/2019 13:00,0.006895518,0.002266447
05/10/2019 14:00,0.017227475,0.005662397
05/10/2019 15:00,0.038972644,0.012809688
05/10/2019 16:00,0.048832786,0.016050561
05/10/2019 17:00,0.042143507,0.013851901
05/10/2019 18:00,0.013549891,0.004453634
05/10/2019 19:00,0,0
05/10/2019 20:00,0,0
05/10/2019 21:00,0,0
05/10/2019 22:00,0,0
05/10/2019 23:00,0.021167618,0.006957459
05/11/2019 00:00,0.059744587,0.019637096
05/11/2019 01:00,0.080711416,0.02652856
05/11/2019 02:00,0.103456973,0.034004663
05/11/2019 03:00,0.142582149,0.046864486
05/11/2019 04:00,0.19487995,0.064053942
05/11/2019 05:00,0.195042981,0.064107528
05/11/2019 06:00,0.200669326,0.065956818
05/11/2019 07:00,0.198000458,0.065079603
05/11/2019 08:00,0.189473164,0.062276818
05/11/2019 09:00,0.168678293,0.055441874
05/11/2019 10:00,0.169749242,0.055793878
05/11/2019 11:00,0.191267257,0.062866507
05/11/2019 12:00,0.211251136,0.069434891
05/11/2019 13:00,0.231016254,0.075931371
05/11/2019 14:00,0.23598392,0.077564163
05/11/2019 15:00,0.246120732,0.080895973
05/11/2019 16:00,0.244887892,0.080490758
05/11/2019 17:00,0.250438777,0.082315245
05/11/2019 18:00,0.247914471,0.081485546
05/11/2019 19:00,0.216282522,0.071088627
05/11/2019 20:00,0.149035011,0.048985439
05/11/2019 21:00,0.073984939,0.024317674
05/11/2019 22:00,0.008154438,0.002680234
05/11/2019 23:00,0,0
05/12/2019 00:00,0.001909752,0.000627705
05/12/2019 01:00,0.012781103,0.004200945
05/12/2019 02:00,0.041921083,0.013778794
05/12/2019 03:00,0.040052961,0.013164772
05/12/2019 04:00,0.047262092,0.015534298
05/12/2019 05:00,0.085261155,0.028023986
05/12/2019 06:00,0.092375627,0.0303624
05/12/2019 07:00,0.091162537,0.029963677
05/12/2019 08:00,0.12760324,0.041941157
05/12/2019 09:00,0.122424853,0.040239103
05/12/2019 10:00,0.10638255,0.034966253
05/12/2019 11:00,0.131055626,0.043075901
05/12/2019 12:00,0.14018272,0.046075832
05/12/2019 13:00,0.113005568,0.037143134
05/12/2019 14:00,0.090632577,0.029789488
05/12/2019 15:00,0.028977062,0.0095243
05/12/2019 16:00,0.008728701,0.002868985
05/12/2019 17:00,0,0
05/12/2019 18:00,0,0
05/12/2019 19:00,0,0
05/12/2019 20:00,0.04144779,0.01362323
05/12/2019 21:00,0.177131595,0.05822034
05/12/2019 22:00,0.204218831,0.067123484
05/12/2019 23:00,0.149546044,0.049153408
5/13/2019 0:00,0.174659644,0.057407849
5/13/2019 1:00,0.2043069,0.06715243
5/13/2019 2:00,0.166658302,0.054777935
5/13/2019 3:00,0.159187528,0.05232241
5/13/2019 4:00,0.158717994,0.052168082
5/13/2019 5:00,0.147769939,0.04856963
5/13/2019 6:00,0.17067431,0.056097933
5/13/2019 7:00,0.203554024,0.066904972
5/13/2019 8:00,0.251591083,0.08269399
5/13/2019 9:00,0.29440647,0.096766727
5/13/2019 10:00,0.517683254,0.170154257
5/13/2019 11:00,0.452329748,0.148673598
5/13/2019 12:00,0.482281564,0.158518284
5/13/2019 13:00,0.691083161,0.22714805
5/13/2019 14:00,1.057137649,0.347464342
5/13/2019 15:00,1.253071539,0.411864698
5/13/2019 16:00,1.0486224,0.344665515
5/13/2019 17:00,0.634064404,0.208406891
5/13/2019 18:00,0.303934943,0.099898585
5/13/2019 19:00,0.192249442,0.063189336
5/13/2019 20:00,0.160386793,0.05271659
5/13/2019 21:00,0.139558581,0.045870687
5/13/2019 22:00,0.193700116,0.063666149
5/13/2019 23:00,0.167163781,0.054944078
5/14/2019 0:00,0.163069787,0.053598447
5/14/2019 1:00,0.192863112,0.063391039
5/14/2019 2:00,0.235947928,0.077552333
5/14/2019 3:00,0.300362564,0.098724401
5/14/2019 4:00,0.334887161,0.110072087
5/14/2019 5:00,0.324445617,0.106640117
5/14/2019 6:00,0.267932729,0.088065229
5/14/2019 7:00,0.199285336,0.065501922
5/14/2019 8:00,0.166061032,0.054581622
5/14/2019 9:00,0.155696467,0.051174954
5/14/2019 10:00,0.075511529,0.024819439
5/14/2019 11:00,0.04434032,0.014573958
5/14/2019 12:00,0.012114028,0.003981688
5/14/2019 13:00,0,0
5/14/2019 14:00,0,0
5/14/2019 15:00,0,0
5/14/2019 16:00,0,0
5/14/2019 17:00,0.009685883,0.003183596
5/14/2019 18:00,0.027993642,0.009201065
5/14/2019 19:00,0.054789931,0.018008579
5/14/2019 20:00,0.091845443,0.030188137
5/14/2019 21:00,0.167935905,0.055197863
5/14/2019 22:00,0.176820723,0.058118161
5/14/2019 23:00,0.187299918,0.061562506
5/15/2019 0:00,0.216483497,0.071154685
5/15/2019 1:00,0.296301789,0.097389689
5/15/2019 2:00,0.395720265,0.130066961
5/15/2019 3:00,0.51834751,0.170372587
5/15/2019 4:00,0.603829368,0.198469115
5/15/2019 5:00,0.659762253,0.216853366
5/15/2019 6:00,0.693462071,0.22792996
5/15/2019 7:00,0.699246492,0.229831208
5/15/2019 8:00,0.729803106,0.239874681
5/15/2019 9:00,0.700197758,0.230143874
5/15/2019 10:00,0.767914899,0.252401422
5/15/2019 11:00,0.874058953,0.287289285
5/15/2019 12:00,1.0911475,0.35864284
5/15/2019 13:00,1.364118005,0.448363906
5/15/2019 14:00,1.446266262,0.475364732
5/15/2019 15:00,1.35819484,0.446417056
5/15/2019 16:00,1.279890243,0.420679579
5/15/2019 17:00,1.391064765,0.457220877
5/15/2019 18:00,1.485274863,0.488186239
5/15/2019 19:00,1.51090586,0.49661074
5/15/2019 20:00,1.560631487,0.512954764
5/15/2019 21:00,1.589042716,0.522293083
5/15/2019 22:00,1.485588331,0.488289271
5/15/2019 23:00,1.583822459,0.520577268
5/16/2019 0:00,1.685365251,0.553952769
5/16/2019 1:00,1.746394054,0.574011967
5/16/2019 2:00,1.672671024,0.549780379
5/16/2019 3:00,1.624791,0.534042976
5/16/2019 4:00,1.587146238,0.521669741
5/16/2019 5:00,1.605734151,0.527779293
5/16/2019 6:00,1.739846092,0.571859756
5/16/2019 7:00,1.866979065,0.613646343
5/16/2019 8:00,1.924484173,0.632547358
5/16/2019 9:00,1.971823546,0.648107058
5/16/2019 10:00,2.007266662,0.659756647
5/16/2019 11:00,2.012213958,0.661382744
5/16/2019 12:00,2.043039389,0.671514573
5/16/2019 13:00,2.034057184,0.668562265
5/16/2019 14:00,2.020546459,0.664121505
5/16/2019 15:00,2.029074071,0.666924395
5/16/2019 16:00,2.109079305,0.693220844
5/16/2019 17:00,2.11929071,0.69657717
5/16/2019 18:00,2.11484329,0.695115374
5/16/2019 19:00,2.130889378,0.700389468
5/16/2019 20:00,2.19560237,0.7216596
5/16/2019 21:00,2.196972447,0.722109923
5/16/2019 22:00,2.008839256,0.660273533
5/16/2019 23:00,1.86416082,0.612720031
5/17/2019 0:00,1.749890183,0.575161089
5/17/2019 1:00,1.770126505,0.581812446
5/17/2019 2:00,1.735300963,0.570365844
5/17/2019 3:00,1.526590535,0.501766044
5/17/2019 4:00,1.303297159,0.428373061
5/17/2019 5:00,0.873275999,0.28703194
5/17/2019 6:00,0.567921115,0.186666644
5/17/2019 7:00,0.419741612,0.137962396
5/17/2019 8:00,0.326602696,0.107349115
5/17/2019 9:00,0.27299773,0.089730015
5/17/2019 10:00,0.197100613,0.064783839
5/17/2019 11:00,0.32093501,0.105486236
5/17/2019 12:00,0.517765428,0.170181266
5/17/2019 13:00,0.625847928,0.205706266
5/17/2019 14:00,0.630933493,0.207377811
5/17/2019 15:00,0.586929847,0.192914512
5/17/2019 16:00,0.615428706,0.202281634
5/17/2019 17:00,0.640421374,0.210496326
5/17/2019 18:00,0.552430618,0.181575163
5/17/2019 19:00,0.594671322,0.195459011
5/17/2019 20:00,0.545241468,0.179212204
5/17/2019 21:00,0.270535143,0.088920601
5/17/2019 22:00,0.108977621,0.035819212
5/17/2019 23:00,0.096799428,0.031816433
5/18/2019 0:00,0.12162412,0.039975915
5/18/2019 1:00,0.13483011,0.044316514
5/18/2019 2:00,0.21663906,0.071205816
5/18/2019 3:00,0.409773235,0.134685949
5/18/2019 4:00,0.669042801,0.219903734
5/18/2019 5:00,0.679402839,0.223308914
5/18/2019 6:00,0.528422357,0.173684029
5/18/2019 7:00,0.298342781,0.09806053
5/18/2019 8:00,0.105263539,0.034598452
5/18/2019 9:00,0.043814583,0.014401157
5/18/2019 10:00,0.010116718,0.003325204
5/18/2019 11:00,0,0
5/18/2019 12:00,0,0
5/18/2019 13:00,0.026494867,0.008708442
5/18/2019 14:00,0.097349182,0.031997129
5/18/2019 15:00,0.149081229,0.04900063
5/18/2019 16:00,0.191664138,0.062996956
5/18/2019 17:00,0.304609424,0.100120276
5/18/2019 18:00,0.343854699,0.113019574
5/18/2019 19:00,0.276675035,0.090938686
5/18/2019 20:00,0.198317133,0.065183689
5/18/2019 21:00,0.174832254,0.057464583
5/18/2019 22:00,0.250416155,0.08230781
5/18/2019 23:00,0.203284493,0.066816382
5/19/2019 0:00,0.207151971,0.06808756
5/19/2019 1:00,0.217065038,0.071345828
5/19/2019 2:00,0.222837082,0.073243007
5/19/2019 3:00,0.230970168,0.075916223
5/19/2019 4:00,0.233164971,0.07663762
5/19/2019 5:00,0.239269385,0.078644044
5/19/2019 6:00,0.221611869,0.072840299
5/19/2019 7:00,0.18899382,0.062119265
5/19/2019 8:00,0.128395327,0.042201503
5/19/2019 9:00,0.079382954,0.026091915
5/19/2019 10:00,0.0184685,0.006070302
5/19/2019 11:00,0.015729128,0.005169914
5/19/2019 12:00,0.012705696,0.00417616
5/19/2019 13:00,0.011018397,0.003621572
5/19/2019 14:00,0.010294314,0.003383577
5/19/2019 15:00,0.012654784,0.004159426
5/19/2019 16:00,0.025048456,0.008233029
5/19/2019 17:00,0.042035108,0.013816272
5/19/2019 18:00,0.059133703,0.019436308
5/19/2019 19:00,0.065904095,0.021661629
5/19/2019 20:00,0.049370203,0.016227201
5/19/2019 21:00,0.030486726,0.010020502
5/19/2019 22:00,0.042639395,0.014014891
5/19/2019 23:00,0.024353157,0.008004495
5/20/2019 0:00,0.012579737,0.00413476
5/20/2019 1:00,0.013332859,0.004382299
5/20/2019 2:00,0.020626139,0.006779484
5/20/2019 3:00,0.028818664,0.009472237
5/20/2019 4:00,0.021709096,0.007135435
5/20/2019 5:00,0.014112906,0.004638688
5/20/2019 6:00,0.011261722,0.003701549
5/20/2019 7:00,0.021515969,0.007071957
5/20/2019 8:00,0.055303383,0.018177343
5/20/2019 9:00,0.091468892,0.030064371
5/20/2019 10:00,0.109403789,0.035959286
5/20/2019 11:00,0.061983745,0.020373072
5/20/2019 12:00,0.040554938,0.013329763
5/20/2019 13:00,0.010079677,0.00331303
5/20/2019 14:00,0,0
5/20/2019 15:00,0,0
5/20/2019 16:00,0,0
5/20/2019 17:00,0,0
5/20/2019 18:00,0,0
5/20/2019 19:00,0,0
5/20/2019 20:00,0,0
5/20/2019 21:00,0,0
5/20/2019 22:00,0,0
5/20/2019 23:00,0,0
5/21/2019 0:00,0.002464941,0.000810187
5/21/2019 1:00,0.021282523,0.006995227
5/21/2019 2:00,0.086657635,0.028482987
5/21/2019 3:00,0.123453018,0.040577045
5/21/2019 4:00,0.116860012,0.038410028
5/21/2019 5:00,0.094908349,0.031194866
5/21/2019 6:00,0.070062427,0.023028406
5/21/2019 7:00,0.037262484,0.012247586
5/21/2019 8:00,0.015353572,0.005046475
5/21/2019 9:00,0.00808285,0.002656704
5/21/2019 10:00,0.012225139,0.004018209
5/21/2019 11:00,0.052390552,0.017219942
5/21/2019 12:00,0.191212966,0.062848663
5/21/2019 13:00,0.306393295,0.100706606
5/21/2019 14:00,0.331663869,0.109012642
5/21/2019 15:00,0.295289058,0.09705682
5/21/2019 16:00,0.250565598,0.082356929
5/21/2019 17:00,0.201944381,0.066375908
5/21/2019 18:00,0.17284573,0.056811644
5/21/2019 19:00,0.156748044,0.05152059
5/21/2019 20:00,0.114234861,0.037547183
5/21/2019 21:00,0.08532783,0.028045901
5/21/2019 22:00,0.068684187,0.022575401
5/21/2019 23:00,0.06223918,0.020457029
5/22/2019 0:00,0.076111705,0.025016708
5/22/2019 1:00,0.094378738,0.031020791
5/22/2019 2:00,0.201915601,0.066366449
5/22/2019 3:00,0.331873991,0.109081706
5/22/2019 4:00,0.454627868,0.149428954
5/22/2019 5:00,0.621487855,0.20427318
5/22/2019 6:00,0.70431623,0.23149755
5/22/2019 7:00,0.872504742,0.286778441
5/22/2019 8:00,0.979321264,0.321887333
5/22/2019 9:00,1.088633951,0.357816676
5/22/2019 10:00,1.363639857,0.448206746
5/22/2019 11:00,1.537870812,0.505473692
5/22/2019 12:00,1.526647091,0.501784633
5/22/2019 13:00,1.412318631,0.464206686
5/22/2019 14:00,1.496927891,0.492016404
5/22/2019 15:00,1.626095173,0.534471637
5/22/2019 16:00,1.65101022,0.542660817
5/22/2019 17:00,1.671127457,0.549273033
5/22/2019 18:00,1.703367701,0.559869889
5/22/2019 19:00,1.746917858,0.574184133
5/22/2019 20:00,1.811691153,0.595474086
5/22/2019 21:00,1.812367528,0.595696399
5/22/2019 22:00,1.759098097,0.578187584
5/22/2019 23:00,1.885913242,0.619869706
5/23/2019 0:00,1.99577532,0.655979625
5/23/2019 1:00,2.057843291,0.676380381
5/23/2019 2:00,2.217844788,0.728970329
5/23/2019 3:00,2.173863949,0.714514527
5/23/2019 4:00,2.074217311,0.681762261
5/23/2019 5:00,2.009654568,0.660541513
5/23/2019 6:00,2.00053633,0.657544493
5/23/2019 7:00,2.089908883,0.686919831
5/23/2019 8:00,2.18186666,0.717144891
5/23/2019 9:00,2.191415263,0.720283365
5/23/2019 10:00,2.234541624,0.734458314
5/23/2019 11:00,2.240989145,0.736577512
5/23/2019 12:00,2.231510507,0.733462034
5/23/2019 13:00,2.274325547,0.747534657
5/23/2019 14:00,2.270201716,0.74617922
5/23/2019 15:00,2.308165673,0.758657369
5/23/2019 16:00,2.307960295,0.758589864
5/23/2019 17:00,2.30580174,0.757880382
5/23/2019 18:00,2.273241739,0.747178427
5/23/2019 19:00,2.243797124,0.73750045
5/23/2019 20:00,2.176300888,0.71531551
5/23/2019 21:00,2.091977821,0.687599858
5/23/2019 22:00,2.157000739,0.708971858
5/23/2019 23:00,2.0603886,0.677216983
5/24/2019 0:00,1.836949865,0.603776223
5/24/2019 1:00,1.698519198,0.558276263
5/24/2019 2:00,1.692492891,0.556295511
5/24/2019 3:00,1.569746275,0.51595065
5/24/2019 4:00,1.411265411,0.463860509
5/24/2019 5:00,1.269515614,0.417269604
5/24/2019 6:00,1.147508046,0.377167655
5/24/2019 7:00,1.05390621,0.34640222
5/24/2019 8:00,1.097957695,0.360881242
5/24/2019 9:00,0.992302583,0.326154086
5/24/2019 10:00,1.058521131,0.347919071
5/24/2019 11:00,0.918105911,0.30176682
5/24/2019 12:00,0.839424322,0.275905432
5/24/2019 13:00,0.927628396,0.304896709
5/24/2019 14:00,0.997019203,0.327704365
5/24/2019 15:00,1.128689921,0.370982437
5/24/2019 16:00,1.344903944,0.442048549
5/24/2019 17:00,1.418864933,0.466358351
5/24/2019 18:00,1.303291031,0.428371046
5/24/2019 19:00,1.023949273,0.33655585
5/24/2019 20:00,0.82632632,0.271600327
5/24/2019 21:00,0.875942853,0.287908493
5/24/2019 22:00,0.874154131,0.287320568
5/24/2019 23:00,0.865534888,0.28448756
5/25/2019 0:00,0.608806941,0.200105165
5/25/2019 1:00,0.486113764,0.159777868
5/25/2019 2:00,0.395465819,0.129983329
5/25/2019 3:00,0.342440108,0.11255462
5/25/2019 4:00,0.342931419,0.112716107
5/25/2019 5:00,0.383777567,0.126141586
5/25/2019 6:00,0.305731374,0.100489043
5/25/2019 7:00,0.277070881,0.091068795
5/25/2019 8:00,0.294253179,0.096716343
5/25/2019 9:00,0.286494218,0.094166096
5/25/2019 10:00,0.362040793,0.118997054
5/25/2019 11:00,0.327541216,0.107657591
5/25/2019 12:00,0.294551462,0.096814384
5/25/2019 13:00,0.242028363,0.079550876
5/25/2019 14:00,0.175391773,0.057648488
5/25/2019 15:00,0.161861277,0.053201229
5/25/2019 16:00,0.121327846,0.039878535
5/25/2019 17:00,0.121737702,0.040013248
5/25/2019 18:00,0.157781881,0.051860397
5/25/2019 19:00,0.189957517,0.062436017
5/25/2019 20:00,0.207836318,0.068312494
5/25/2019 21:00,0.191492624,0.062940582
5/25/2019 22:00,0.128877348,0.042359936
5/25/2019 23:00,0.10773371,0.035410358
5/26/2019 0:00,0.060658294,0.019937417
5/26/2019 1:00,0.06771281,0.022256124
5/26/2019 2:00,0.046850736,0.015399092
5/26/2019 3:00,0.065734361,0.02160584
5/26/2019 4:00,0.167655814,0.055105801
5/26/2019 5:00,0.194747553,0.064010425
5/26/2019 6:00,0.234881433,0.077201793
5/26/2019 7:00,0.31008576,0.10192026
5/26/2019 8:00,0.42666471,0.140237908
5/26/2019 9:00,0.55539107,0.182548217
5/26/2019 10:00,0.441336101,0.145060161
5/26/2019 11:00,0.415750494,0.136650579
5/26/2019 12:00,0.428085816,0.140705003
5/26/2019 13:00,0.468052112,0.15384129
5/26/2019 14:00,0.511527736,0.168131036
5/26/2019 15:00,0.631226275,0.207474043
5/26/2019 16:00,0.697024504,0.229100875
5/26/2019 17:00,0.763148835,0.250834892
5/26/2019 18:00,0.768492895,0.252591399
5/26/2019 19:00,0.699121445,0.229790107
5/26/2019 20:00,0.595252312,0.195649974
5/26/2019 21:00,0.553535388,0.181938284
5/26/2019 22:00,0.613779915,0.201739702
5/26/2019 23:00,0.733305598,0.241025894
5/27/2019 0:00,0.803532112,0.264108233
5/27/2019 1:00,0.837292413,0.275204707
5/27/2019 2:00,0.928573517,0.305207356
5/27/2019 3:00,0.938764714,0.30855704
5/27/2019 4:00,0.849991629,0.279378738
5/27/2019 5:00,0.707438181,0.232523685
5/27/2019 6:00,0.575170293,0.189049333
5/27/2019 7:00,0.490746213,0.16130048
5/27/2019 8:00,0.394123516,0.129542135
5/27/2019 9:00,0.300623166,0.098810056
5/27/2019 10:00,0.148233788,0.04872209
5/27/2019 11:00,0.179703993,0.059065846
5/27/2019 12:00,0.238736861,0.078469012
5/27/2019 13:00,0.277890731,0.091338266
5/27/2019 14:00,0.279928765,0.092008136
5/27/2019 15:00,0.275786969,0.090646793
5/27/2019 16:00,0.322085917,0.105864521
5/27/2019 17:00,0.364321559,0.119746706
5/27/2019 18:00,0.383872624,0.12617283
5/27/2019 19:00,0.381718152,0.125464689
5/27/2019 20:00,0.397000404,0.130487723
5/27/2019 21:00,0.44972963,0.147818981
5/27/2019 22:00,0.579562391,0.190492946
5/27/2019 23:00,0.63009721,0.207102938
5/28/2019 0:00,0.595991714,0.195893003
5/28/2019 1:00,0.659927532,0.21690769
5/28/2019 2:00,0.838452349,0.27558596
5/28/2019 3:00,1.011073202,0.332323691
5/28/2019 4:00,1.024153092,0.336622843
5/28/2019 5:00,1.051070288,0.345470097
5/28/2019 6:00,1.035196791,0.340252731
5/28/2019 7:00,1.01948438,0.335088311
5/28/2019 8:00,0.966673681,0.317730274
5/28/2019 9:00,0.917107801,0.301438757
5/28/2019 10:00,0.911479836,0.299588934
5/28/2019 11:00,1.084821953,0.356563733
5/28/2019 12:00,1.077703266,0.354223934
5/28/2019 13:00,1.112239862,0.365575564
5/28/2019 14:00,1.225055784,0.402656364
5/28/2019 15:00,1.419993916,0.46672943
5/28/2019 16:00,1.521328455,0.500036482
5/28/2019 17:00,1.544188292,0.507550147
5/28/2019 18:00,1.559293916,0.512515125
5/28/2019 19:00,1.392852986,0.457808637
5/28/2019 20:00,1.279589523,0.420580737
5/28/2019 21:00,1.061481071,0.348891956
5/28/2019 22:00,0.527343465,0.173329415
5/28/2019 23:00,0.35078071,0.115296044
5/29/2019 0:00,0.292770809,0.096229111
5/29/2019 1:00,0.122959584,0.040414861
5/29/2019 2:00,0.340169848,0.111808422
5/29/2019 3:00,1.032610922,0.339402797
5/29/2019 4:00,1.622955384,0.533439638
5/29/2019 5:00,1.859850138,0.611303179
5/29/2019 6:00,1.793607931,0.589530418
5/29/2019 7:00,1.618134273,0.531855016
5/29/2019 8:00,1.422909061,0.467687592
5/29/2019 9:00,1.004368838,0.330120073
5/29/2019 10:00,0.500368629,0.164463215
5/29/2019 11:00,0.229574171,0.075457381
5/29/2019 12:00,0.24173651,0.079454949
5/29/2019 13:00,0.10100014,0.033197141
5/29/2019 14:00,0.040804028,0.013411636
5/29/2019 15:00,0.0130008,0.004273156
5/29/2019 16:00,0,0
5/29/2019 17:00,0,0
5/29/2019 18:00,0,0
5/29/2019 19:00,0.004498328,0.001478529
5/29/2019 20:00,0.013893519,0.004566579
5/29/2019 21:00,0.027891279,0.00916742
5/29/2019 22:00,0.105173401,0.034568825
5/29/2019 23:00,0.121602125,0.039968686
5/30/2019 0:00,0.209829831,0.06896773
5/30/2019 1:00,0.266408199,0.08756414
5/30/2019 2:00,0.278922946,0.091677539
5/30/2019 3:00,0.326127566,0.107192947
5/30/2019 4:00,0.345454379,0.113545363
5/30/2019 5:00,0.289470099,0.09514422
5/30/2019 6:00,0.214500577,0.07050293
5/30/2019 7:00,0.15955146,0.052442029
5/30/2019 8:00,0.155750794,0.05119281
5/30/2019 9:00,0.188965689,0.062110018
5/30/2019 10:00,0.19980771,0.065673618
5/30/2019 11:00,0.264159295,0.086824962
5/30/2019 12:00,0.336285881,0.110531824
5/30/2019 13:00,0.264648408,0.086985725
5/30/2019 14:00,0.170857879,0.056158269
5/30/2019 15:00,0.127411467,0.041878124
5/30/2019 16:00,0.08322723,0.027355468
5/30/2019 17:00,0.045238878,0.0148693
5/30/2019 18:00,0.010290029,0.003382169
5/30/2019 19:00,0,0
5/30/2019 20:00,0,0
5/30/2019 21:00,0,0
5/30/2019 22:00,0,0
5/30/2019 23:00,0,0
5/31/2019 0:00,0,0
5/31/2019 1:00,0.003646613,0.001198584
5/31/2019 2:00,0.045014898,0.014795682
5/31/2019 3:00,0.086010597,0.028270316
5/31/2019 4:00,0.110751547,0.036402273
5/31/2019 5:00,0.273745719,0.089975867
5/31/2019 6:00,0.46072903,0.151434309
5/31/2019 7:00,0.714372271,0.234802811
5/31/2019 8:00,1.271073934,0.417781799
5/31/2019 9:00,1.587778504,0.521877557
5/31/2019 10:00,1.874678721,0.616177098
5/31/2019 11:00,1.959662405,0.644109884
5/31/2019 12:00,2.105126293,0.691921552
5/31/2019 13:00,2.153537094,0.707833413
5/31/2019 14:00,2.062846698,0.678024921
5/31/2019 15:00,1.817415627,0.597355629
5/31/2019 16:00,1.125672422,0.369990633
5/31/2019 17:00,0.546851556,0.179741414
5/31/2019 18:00,0.23036839,0.075718428
5/31/2019 19:00,0.375423984,0.123395896
5/31/2019 20:00,1.38324239,0.454649787
5/31/2019 21:00,2.18364164,0.717728298
5/31/2019 22:00,1.923006502,0.632061672
5/31/2019 23:00,1.840142484,0.604825586
06/01/2019 00:00,1.969817759,0.647447787
06/01/2019 01:00,1.935770949,0.636257142
06/01/2019 02:00,1.733453292,0.569758544
06/01/2019 03:00,1.570695984,0.516262804
06/01/2019 04:00,1.72694461,0.567619244
06/01/2019 05:00,1.977330798,0.649917204
06/01/2019 06:00,2.020877698,0.664230378
06/01/2019 07:00,2.042284245,0.67126637
06/01/2019 08:00,1.974647769,0.649035335
06/01/2019 09:00,1.751091881,0.575556068
06/01/2019 10:00,1.572598511,0.516888134
06/01/2019 11:00,1.360947399,0.447321778
06/01/2019 12:00,1.156788152,0.380217879
06/01/2019 13:00,0.85668028,0.281577191
06/01/2019 14:00,0.658042714,0.216288181
06/01/2019 15:00,0.582416549,0.191431062
06/01/2019 16:00,0.615932573,0.202447247
06/01/2019 17:00,0.6872868,0.225900247
06/01/2019 18:00,0.601387814,0.197666615
06/01/2019 19:00,0.493867222,0.162326306
06/01/2019 20:00,0.340171268,0.111808889
06/01/2019 21:00,0.237219454,0.077970264
06/01/2019 22:00,0.160824248,0.052860374
06/01/2019 23:00,0.193318463,0.063540706
06/02/2019 00:00,0.326114588,0.107188682
06/02/2019 01:00,0.428880589,0.140966233
06/02/2019 02:00,0.451507131,0.148403217
06/02/2019 03:00,0.65299126,0.214627848
06/02/2019 04:00,0.828075865,0.272175375
06/02/2019 05:00,1.122636362,0.368992728
06/02/2019 06:00,1.455348383,0.478349881
06/02/2019 07:00,1.645933903,0.540992312
06/02/2019 08:00,1.96897127,0.64716956
06/02/2019 09:00,2.013840772,0.661917452
06/02/2019 10:00,2.003473886,0.658510021
06/02/2019 11:00,1.963501391,0.645371698
06/02/2019 12:00,1.853503606,0.609217174
06/02/2019 13:00,1.936675151,0.636554339
06/02/2019 14:00,1.834306053,0.602907244
06/02/2019 15:00,1.592628416,0.523471646
06/02/2019 16:00,0.889649288,0.29241358
06/02/2019 17:00,0.349905226,0.115008286
06/02/2019 18:00,0.279097023,0.091734755
06/02/2019 19:00,0.319388543,0.104977938
06/02/2019 20:00,0.146123084,0.048028335
06/02/2019 21:00,0.032510555,0.010685703
06/02/2019 22:00,0,0
06/02/2019 23:00,0.000565322,0.000185813
06/03/2019 00:00,0.196815975,0.064690283
06/03/2019 01:00,0.530616542,0.174405223
06/03/2019 02:00,0.433054821,0.142338236
06/03/2019 03:00,0.479738718,0.157682491
06/03/2019 04:00,0.938753506,0.308553356
06/03/2019 05:00,1.091986822,0.358918711
06/03/2019 06:00,0.937275427,0.308067535
06/03/2019 07:00,0.780181715,0.256433329
06/03/2019 08:00,0.593694997,0.195138109
06/03/2019 09:00,0.436635929,0.14351529
06/03/2019 10:00,0.498311155,0.163786956
06/03/2019 11:00,1.148132074,0.377372764
06/03/2019 12:00,1.968160101,0.646902942
06/03/2019 13:00,2.244189905,0.737629551
06/03/2019 14:00,2.309002023,0.758932264
06/03/2019 15:00,2.31,0.759260283
06/03/2019 16:00,2.31,0.759260283
06/03/2019 17:00,2.31,0.759260283
06/03/2019 18:00,2.31,0.759260283
06/03/2019 19:00,2.273494964,0.747261658
06/03/2019 20:00,2.251907824,0.740166308
06/03/2019 21:00,2.234323002,0.734386457
06/03/2019 22:00,2.301275693,0.756392742
06/03/2019 23:00,2.257239093,0.741918612
06/04/2019 00:00,2.197975639,0.722439656
06/04/2019 01:00,2.105268174,0.691968186
06/04/2019 02:00,1.997049874,0.656398551
06/04/2019 03:00,1.861655341,0.61189652
06/04/2019 04:00,1.711409574,0.562513124
06/04/2019 05:00,1.545430721,0.507958514
06/04/2019 06:00,1.407254506,0.462542188
06/04/2019 07:00,1.313648997,0.431775545
06/04/2019 08:00,1.128025442,0.370764033
06/04/2019 09:00,0.922360967,0.303165389
06/04/2019 10:00,0.969371159,0.318616892
06/04/2019 11:00,0.77963903,0.256254957
06/04/2019 12:00,0.578845443,0.190257297
06/04/2019 13:00,0.417997373,0.137389092
06/04/2019 14:00,0.317105405,0.104227506
06/04/2019 15:00,0.197569383,0.064937916
06/04/2019 16:00,0.11109264,0.036514385
06/04/2019 17:00,0.07035818,0.023125615
06/04/2019 18:00,0.048273607,0.015866767
06/04/2019 19:00,0.013961233,0.004588835
06/04/2019 20:00,0.025363356,0.008336532
06/04/2019 21:00,0.016960849,0.005574762
06/04/2019 22:00,0.020907,0.006871799
06/04/2019 23:00,0.064324869,0.021142562
06/05/2019 00:00,0.119163265,0.039167071
06/05/2019 01:00,0.152825071,0.050231172
06/05/2019 02:00,0.259034038,0.085140371
06/05/2019 03:00,0.352339875,0.115808517
06/05/2019 04:00,0.39831659,0.130920332
06/05/2019 05:00,0.482228606,0.158500878
06/05/2019 06:00,0.552083439,0.181461051
06/05/2019 07:00,0.598809411,0.196819135
06/05/2019 08:00,0.574234196,0.188741653
06/05/2019 09:00,0.538658848,0.177048602
06/05/2019 10:00,0.519144387,0.170634508
06/05/2019 11:00,0.304970897,0.100239086
06/05/2019 12:00,0.265325136,0.087208155
06/05/2019 13:00,0.360636554,0.118535503
06/05/2019 14:00,0.304930891,0.100225937
06/05/2019 15:00,0.157077861,0.051628996
06/05/2019 16:00,0.087899789,0.028891264
06/05/2019 17:00,0.080618646,0.026498067
06/05/2019 18:00,0.045151739,0.014840659
06/05/2019 19:00,0.016225286,0.005332994
06/05/2019 20:00,0.010931687,0.003593072
06/05/2019 21:00,0.009444048,0.003104109
06/05/2019 22:00,0.00689141,0.002265097
06/05/2019 23:00,0.011329358,0.00372378
06/06/2019 00:00,0.015713203,0.00516468
06/06/2019 01:00,0.034093199,0.011205893
06/06/2019 02:00,0.070061155,0.023027988
06/06/2019 03:00,0.125529088,0.041259416
06/06/2019 04:00,0.365436234,0.120113082
06/06/2019 05:00,0.51310435,0.168649244
06/06/2019 06:00,0.717685787,0.235891911
06/06/2019 07:00,0.864271924,0.284072444
06/06/2019 08:00,0.998138907,0.328072394
06/06/2019 09:00,1.18359605,0.389029209
06/06/2019 10:00,1.407412965,0.462594271
06/06/2019 11:00,1.352848908,0.444659933
06/06/2019 12:00,0.804109864,0.264298131
06/06/2019 13:00,0.358348542,0.11778347
06/06/2019 14:00,0.284600727,0.093543735
06/06/2019 15:00,0.239712812,0.078789791
06/06/2019 16:00,0.12161177,0.039971856
06/06/2019 17:00,0.054271728,0.017838254
06/06/2019 18:00,0.03959363,0.013013797
06/06/2019 19:00,0.031702388,0.010420071
06/06/2019 20:00,0.014282524,0.004694439
06/06/2019 21:00,0,0
06/06/2019 22:00,0.011459059,0.003766411
06/06/2019 23:00,0.014210792,0.004670862
06/07/2019 00:00,0.027205197,0.008941916
06/07/2019 01:00,0.071899174,0.023632116
06/07/2019 02:00,0.128882606,0.042361664
06/07/2019 03:00,0.205731091,0.06762054
06/07/2019 04:00,0.212085687,0.069709194
06/07/2019 05:00,0.151255468,0.049715268
06/07/2019 06:00,0.121930486,0.040076613
06/07/2019 07:00,0.181413571,0.059627757
06/07/2019 08:00,0.222632883,0.07317589
06/07/2019 09:00,0.229503134,0.075434032
06/07/2019 10:00,0.082135242,0.026996549
06/07/2019 11:00,0.064868717,0.021321316
06/07/2019 12:00,0.075485515,0.024810889
06/07/2019 13:00,0.165855507,0.054514069
06/07/2019 14:00,0.213524476,0.070182101
06/07/2019 15:00,0.155637948,0.05115572
06/07/2019 16:00,0.158552999,0.05211385
06/07/2019 17:00,0.248889742,0.081806102
06/07/2019 18:00,0.211818687,0.069621435
06/07/2019 19:00,0.186283521,0.061228432
06/07/2019 20:00,0.252040818,0.082841811
06/07/2019 21:00,0.403933826,0.132766628
06/07/2019 22:00,0.435687973,0.143203711
06/07/2019 23:00,0.404019486,0.132794783
06/08/2019 00:00,0.403984842,0.132783396
06/08/2019 01:00,0.361963762,0.118971735
06/08/2019 02:00,0.31220455,0.102616673
06/08/2019 03:00,0.252425187,0.082968147
06/08/2019 04:00,0.270102308,0.088778336
06/08/2019 05:00,0.390182924,0.128246925
06/08/2019 06:00,0.549386702,0.180574677
06/08/2019 07:00,0.668657741,0.219777171
06/08/2019 08:00,0.658117816,0.216312866
06/08/2019 09:00,0.60487552,0.198812969
06/08/2019 10:00,0.527669852,0.173436693
06/08/2019 11:00,0.591875418,0.194540042
06/08/2019 12:00,0.725947378,0.238607364
06/08/2019 13:00,0.85993309,0.282646338
06/08/2019 14:00,1.02175506,0.335834648
06/08/2019 15:00,1.098785529,0.361153338
06/08/2019 16:00,1.219155287,0.400716964
06/08/2019 17:00,1.25426252,0.412256154
06/08/2019 18:00,1.093449595,0.359399502
06/08/2019 19:00,0.8967955,0.294762426
06/08/2019 20:00,0.817696892,0.268763971
06/08/2019 21:00,0.833856718,0.274075449
06/08/2019 22:00,0.785164392,0.258071056
06/08/2019 23:00,0.725434009,0.238438628
06/09/2019 00:00,0.662745855,0.217834028
06/09/2019 01:00,0.589468097,0.193748794
06/09/2019 02:00,0.621793898,0.204373771
06/09/2019 03:00,0.677852616,0.222799381
06/09/2019 04:00,0.637120864,0.209411501
06/09/2019 05:00,0.631252511,0.207482667
06/09/2019 06:00,0.529353369,0.173990039
06/09/2019 07:00,0.390935341,0.128494233
06/09/2019 08:00,0.333277397,0.109542983
06/09/2019 09:00,0.261913308,0.086086741
06/09/2019 10:00,0.173077246,0.05688774
06/09/2019 11:00,0.139416567,0.04582401
06/09/2019 12:00,0.125179316,0.041144452
06/09/2019 13:00,0.070999748,0.023336488
06/09/2019 14:00,0.036953808,0.012146129
06/09/2019 15:00,0.024978437,0.008210015
06/09/2019 16:00,0.02201398,0.007235645
06/09/2019 17:00,0.016339321,0.005370475
06/09/2019 18:00,0.019180002,0.006304162
06/09/2019 19:00,0.021177947,0.006960855
06/09/2019 20:00,0.014818398,0.004870572
06/09/2019 21:00,0.009914283,0.003258667
06/09/2019 22:00,0.009234924,0.003035373
06/09/2019 23:00,0.012962413,0.004260539
06/10/2019 00:00,0.013173022,0.004329763
06/10/2019 01:00,0.02290867,0.007529716
06/10/2019 02:00,0.046712517,0.015353662
06/10/2019 03:00,0.095179126,0.031283866
06/10/2019 04:00,0.151188557,0.049693276
06/10/2019 05:00,0.183277168,0.060240292
06/10/2019 06:00,0.192987719,0.063431996
06/10/2019 07:00,0.153224642,0.050362504
06/10/2019 08:00,0.151780692,0.049887901
06/10/2019 09:00,0.169867748,0.055832829
06/10/2019 10:00,0.247216881,0.081256259
06/10/2019 11:00,0.234074214,0.076936473
06/10/2019 12:00,0.188090434,0.061822336
06/10/2019 13:00,0.209236791,0.068772807
06/10/2019 14:00,0.313382283,0.103003775
06/10/2019 15:00,0.35139642,0.115498418
06/10/2019 16:00,0.289560728,0.095174009
06/10/2019 17:00,0.244010763,0.080202459
06/10/2019 18:00,0.251588092,0.082693007
06/10/2019 19:00,0.282239733,0.092767714
06/10/2019 20:00,0.340526606,0.111925683
06/10/2019 21:00,0.371920106,0.122244227
06/10/2019 22:00,0.436739122,0.143549207
06/10/2019 23:00,0.489481696,0.160884853
06/11/2019 00:00,0.618985271,0.20345062
06/11/2019 01:00,0.869370584,0.285748292
06/11/2019 02:00,1.305174927,0.428990253
06/11/2019 03:00,1.5453334,0.507926526
06/11/2019 04:00,1.694535518,0.556966891
06/11/2019 05:00,1.562785188,0.513662651
06/11/2019 06:00,1.61801499,0.531815809
06/11/2019 07:00,1.659993746,0.545613559
06/11/2019 08:00,1.921476027,0.631558629
06/11/2019 09:00,1.990012326,0.654085421
06/11/2019 10:00,1.826233996,0.600254087
06/11/2019 11:00,1.706643076,0.560946452
06/11/2019 12:00,1.494950055,0.491366321
06/11/2019 13:00,1.619029401,0.53214923
06/11/2019 14:00,1.612495168,0.530001531
06/11/2019 15:00,1.626396683,0.534570738
06/11/2019 16:00,1.69630979,0.557550066
06/11/2019 17:00,1.845848807,0.606701163
06/11/2019 18:00,1.769395428,0.581572153
06/11/2019 19:00,1.981959215,0.651438491
06/11/2019 20:00,2.167668398,0.712478148
06/11/2019 21:00,2.24798977,0.738878506
06/11/2019 22:00,2.31,0.759260283
06/11/2019 23:00,2.302968703,0.756949207
06/12/2019 00:00,2.281946792,0.75003964
06/12/2019 01:00,2.296148283,0.754707444
06/12/2019 02:00,2.31,0.759260283
06/12/2019 03:00,2.31,0.759260283
06/12/2019 04:00,2.31,0.759260283
06/12/2019 05:00,2.31,0.759260283
06/12/2019 06:00,2.31,0.759260283
06/12/2019 07:00,2.31,0.759260283
06/12/2019 08:00,2.31,0.759260283
06/12/2019 09:00,2.31,0.759260283
06/12/2019 10:00,2.304578815,0.757478425
06/12/2019 11:00,2.274237853,0.747505834
06/12/2019 12:00,2.265731713,0.744710001
06/12/2019 13:00,2.216419551,0.728501877
06/12/2019 14:00,2.176715266,0.71545171
06/12/2019 15:00,2.219879671,0.729639163
06/12/2019 16:00,2.284787267,0.750973258
06/12/2019 17:00,2.294881148,0.754290957
06/12/2019 18:00,2.251747273,0.740113538
06/12/2019 19:00,2.177509953,0.715712911
06/12/2019 20:00,2.146604279,0.705554707
06/12/2019 21:00,2.179152045,0.71625264
06/12/2019 22:00,2.149886086,0.706633384
06/12/2019 23:00,2.077118723,0.682715909
6/13/2019 0:00,1.975204102,0.649218193
6/13/2019 1:00,1.977634358,0.650016979
6/13/2019 2:00,2.043746591,0.671747019
6/13/2019 3:00,2.096881169,0.689211511
6/13/2019 4:00,2.112417709,0.694318124
6/13/2019 5:00,2.083780424,0.684905504
6/13/2019 6:00,1.993041876,0.655081186
6/13/2019 7:00,1.851410163,0.608529093
6/13/2019 8:00,1.942751285,0.638551468
6/13/2019 9:00,2.070479005,0.680533539
6/13/2019 10:00,2.124775101,0.698379803
6/13/2019 11:00,2.122809055,0.697733595
6/13/2019 12:00,2.087343713,0.6860767
6/13/2019 13:00,2.08330008,0.684747623
6/13/2019 14:00,2.184140407,0.717892235
6/13/2019 15:00,2.169733601,0.713156947
6/13/2019 16:00,2.175835898,0.715162675
6/13/2019 17:00,2.177350567,0.715660523
6/13/2019 18:00,2.270793831,0.746373838
6/13/2019 19:00,2.274666445,0.747646705
6/13/2019 20:00,1.819117496,0.597915007
6/13/2019 21:00,0.303024323,0.099599279
6/13/2019 22:00,0.177701381,0.058407619
6/13/2019 23:00,0.408236178,0.134180743
6/14/2019 0:00,0.568348292,0.18680705
6/14/2019 1:00,0.608692435,0.200067528
6/14/2019 2:00,0.945496345,0.31076962
6/14/2019 3:00,1.47204599,0.483838119
6/14/2019 4:00,1.720692443,0.565564256
6/14/2019 5:00,1.702095417,0.559451709
6/14/2019 6:00,1.733712186,0.569843639
6/14/2019 7:00,1.952676269,0.641813652
6/14/2019 8:00,2.030728245,0.667468096
6/14/2019 9:00,2.039521998,0.670358463
6/14/2019 10:00,2.048522334,0.67331673
6/14/2019 11:00,2.189551761,0.719670861
6/14/2019 12:00,2.160324362,0.71006428
6/14/2019 13:00,2.170458379,0.71339517
6/14/2019 14:00,2.187983989,0.71915556
6/14/2019 15:00,2.220765798,0.729930419
6/14/2019 16:00,2.23768088,0.735490138
6/14/2019 17:00,2.196478292,0.721947502
6/14/2019 18:00,2.133180543,0.701142538
6/14/2019 19:00,2.01533256,0.662407779
6/14/2019 20:00,1.81713188,0.597262366
6/14/2019 21:00,1.574314576,0.517452178
6/14/2019 22:00,1.336699669,0.439351935
6/14/2019 23:00,1.151431774,0.378457322
6/15/2019 0:00,0.924881701,0.303993914
6/15/2019 1:00,0.853715942,0.28060286
6/15/2019 2:00,0.806812307,0.265186381
6/15/2019 3:00,1.00346368,0.329822562
6/15/2019 4:00,1.248930945,0.41050375
6/15/2019 5:00,1.181659386,0.388392658
6/15/2019 6:00,0.971121241,0.319192116
6/15/2019 7:00,1.096620097,0.360441595
6/15/2019 8:00,1.121475633,0.368611215
6/15/2019 9:00,1.346576625,0.442598333
6/15/2019 10:00,1.459297901,0.479648025
6/15/2019 11:00,1.602124109,0.526592729
6/15/2019 12:00,1.69230799,0.556234738
6/15/2019 13:00,1.589883472,0.522569426
6/15/2019 14:00,1.332071242,0.437830644
6/15/2019 15:00,1.443275932,0.474381858
6/15/2019 16:00,1.473237525,0.484229758
6/15/2019 17:00,1.244271361,0.408972219
6/15/2019 18:00,1.097411353,0.360701668
6/15/2019 19:00,1.278906079,0.4203561
6/15/2019 20:00,1.388736333,0.456455559
6/15/2019 21:00,1.362818449,0.447936762
6/15/2019 22:00,1.041629828,0.342367168
6/15/2019 23:00,0.953117487,0.313274568
6/16/2019 0:00,0.902186388,0.296534326
6/16/2019 1:00,0.899318926,0.295591837
6/16/2019 2:00,0.909035919,0.298785658
6/16/2019 3:00,0.801604464,0.263474646
6/16/2019 4:00,0.68113316,0.223877643
6/16/2019 5:00,0.615348062,0.202255127
6/16/2019 6:00,0.521227712,0.171319264
6/16/2019 7:00,0.443003129,0.145608087
6/16/2019 8:00,0.367052154,0.120644209
6/16/2019 9:00,0.387775494,0.127455641
6/16/2019 10:00,0.349876363,0.114998799
6/16/2019 11:00,0.252329127,0.082936573
6/16/2019 12:00,0.192541461,0.063285318
6/16/2019 13:00,0.231600024,0.076123247
6/16/2019 14:00,0.267276504,0.087849538
6/16/2019 15:00,0.18319279,0.060212558
6/16/2019 16:00,0.124198614,0.04082211
6/16/2019 17:00,0.108623015,0.035702659
6/16/2019 18:00,0.130659648,0.04294575
6/16/2019 19:00,0.138409574,0.045493027
6/16/2019 20:00,0.092613604,0.03044062
6/16/2019 21:00,0.052242334,0.017171225
6/16/2019 22:00,0.092612257,0.030440177
6/16/2019 23:00,0.201326672,0.066172877
6/17/2019 0:00,0.222907386,0.073266115
6/17/2019 1:00,0.245603256,0.080725887
6/17/2019 2:00,0.341090455,0.112111011
6/17/2019 3:00,0.569304444,0.187121322
6/17/2019 4:00,0.803864089,0.264217349
6/17/2019 5:00,0.483535083,0.158930296
6/17/2019 6:00,0.080134989,0.026339097
6/17/2019 7:00,0,0
6/17/2019 8:00,0,0
6/17/2019 9:00,0.09727796,0.031973719
6/17/2019 10:00,0.594258129,0.195323201
6/17/2019 11:00,0.886642709,0.291425365
6/17/2019 12:00,0.718470463,0.236149821
6/17/2019 13:00,0.414969617,0.136393917
6/17/2019 14:00,0.168856017,0.055500289
6/17/2019 15:00,0.013035911,0.004284697
6/17/2019 16:00,0.003823256,0.001256644
6/17/2019 17:00,0.00914241,0.003004965
6/17/2019 18:00,0.03025799,0.00994532
6/17/2019 19:00,0.051401866,0.016894976
6/17/2019 20:00,0.072842089,0.023942037
6/17/2019 21:00,0.213659514,0.070226486
6/17/2019 22:00,0.32301007,0.106168276
6/17/2019 23:00,0.398891023,0.131109139
6/18/2019 0:00,0.480148742,0.15781726
6/18/2019 1:00,0.58626319,0.192695392
6/18/2019 2:00,0.663494218,0.218080003
6/18/2019 3:00,0.810900758,0.26653019
6/18/2019 4:00,1.036405689,0.340650076
6/18/2019 5:00,1.20501658,0.396069796
6/18/2019 6:00,1.504325658,0.494447933
6/18/2019 7:00,1.778888645,0.584692423
6/18/2019 8:00,1.844270741,0.606182478
6/18/2019 9:00,1.882752812,0.618830923
6/18/2019 10:00,1.731181448,0.569011825
6/18/2019 11:00,1.736626383,0.570801489
6/18/2019 12:00,1.842961664,0.605752206
6/18/2019 13:00,1.866531032,0.613499082
6/18/2019 14:00,1.854013429,0.609384745
6/18/2019 15:00,1.751345442,0.57563941
6/18/2019 16:00,1.576001614,0.51800668
6/18/2019 17:00,1.355746476,0.445612317
6/18/2019 18:00,1.120038231,0.368138764
6/18/2019 19:00,0.835529863,0.274625385
6/18/2019 20:00,0.622405079,0.204574656
6/18/2019 21:00,0.544434728,0.178947042
6/18/2019 22:00,0.672374355,0.220998763
6/18/2019 23:00,0.673746057,0.22144962
6/19/2019 0:00,0.536226962,0.176249279
6/19/2019 1:00,0.464725526,0.152747894
6/19/2019 2:00,0.526619389,0.173091423
6/19/2019 3:00,0.638918445,0.210002337
6/19/2019 4:00,0.73163602,0.240477131
6/19/2019 5:00,0.774514685,0.254570666
6/19/2019 6:00,0.842966799,0.277069788
6/19/2019 7:00,0.863996953,0.283982065
6/19/2019 8:00,0.744693144,0.2447688
6/19/2019 9:00,0.576764831,0.189573432
6/19/2019 10:00,0.408788206,0.134362186
6/19/2019 11:00,0.288273523,0.094750925
6/19/2019 12:00,0.192028348,0.063116666
6/19/2019 13:00,0.106807091,0.035105793
6/19/2019 14:00,0.110582399,0.036346677
6/19/2019 15:00,0.080833833,0.026568796
6/19/2019 16:00,0.04783276,0.015721868
6/19/2019 17:00,0.040858172,0.013429432
6/19/2019 18:00,0.036486197,0.011992433
6/19/2019 19:00,0.010168631,0.003342267
6/19/2019 20:00,0.000448744,0.000147495
6/19/2019 21:00,0.002259442,0.000742643
6/19/2019 22:00,0.00198062,0.000650998
6/19/2019 23:00,0.019115327,0.006282904
6/20/2019 0:00,0.069838402,0.022954773
6/20/2019 1:00,0.098313398,0.032314051
6/20/2019 2:00,0.095223319,0.031298391
6/20/2019 3:00,0.093437239,0.030711335
6/20/2019 4:00,0.099739871,0.03278291
6/20/2019 5:00,0.112904825,0.037110022
6/20/2019 6:00,0.118351857,0.038900374
6/20/2019 7:00,0.115338745,0.037910012
6/20/2019 8:00,0.095389616,0.031353051
6/20/2019 9:00,0.081703229,0.026854553
6/20/2019 10:00,0.062547402,0.020558337
6/20/2019 11:00,0.10400942,0.034186243
6/20/2019 12:00,0.110607392,0.036354892
6/20/2019 13:00,0.266767425,0.087682212
6/20/2019 14:00,0.699864297,0.23003427
6/20/2019 15:00,1.201532383,0.394924596
6/20/2019 16:00,1.708193376,0.561456011
6/20/2019 17:00,1.915279398,0.629521895
6/20/2019 18:00,1.901423624,0.624967722
6/20/2019 19:00,1.842658147,0.605652444
6/20/2019 20:00,1.90647651,0.626628526
6/20/2019 21:00,1.937518385,0.636831496
6/20/2019 22:00,2.048110331,0.673181312
6/20/2019 23:00,2.083685212,0.684874209
6/21/2019 0:00,2.077404129,0.682809717
6/21/2019 1:00,2.020295886,0.664039145
6/21/2019 2:00,1.931810216,0.634955312
6/21/2019 3:00,1.943050132,0.638649694
6/21/2019 4:00,1.902218387,0.625228948
6/21/2019 5:00,1.697102563,0.557810637
6/21/2019 6:00,1.466458256,0.48200152
6/21/2019 7:00,1.416393447,0.465546013
6/21/2019 8:00,1.448947744,0.476246093
6/21/2019 9:00,1.51828306,0.499035509
6/21/2019 10:00,1.981826763,0.651394956
6/21/2019 11:00,2.06242261,0.67788553
6/21/2019 12:00,2.030673762,0.667450188
6/21/2019 13:00,1.987989085,0.653420413
6/21/2019 14:00,2.016520362,0.662798191
6/21/2019 15:00,1.974309217,0.648924058
6/21/2019 16:00,1.934636872,0.635884389
6/21/2019 17:00,1.885243447,0.619649555
6/21/2019 18:00,1.752789929,0.576114189
6/21/2019 19:00,1.626968826,0.534758793
6/21/2019 20:00,1.463527447,0.481038209
6/21/2019 21:00,1.4071712,0.462514807
6/21/2019 22:00,1.196518614,0.39327665
6/21/2019 23:00,1.158162881,0.38066973
6/22/2019 0:00,1.186023827,0.38982718
6/22/2019 1:00,1.181020034,0.388182513
6/22/2019 2:00,1.0647009,0.349950263
6/22/2019 3:00,0.899236749,0.295564826
6/22/2019 4:00,0.865428048,0.284452444
6/22/2019 5:00,0.877834096,0.288530114
6/22/2019 6:00,0.765998612,0.251771568
6/22/2019 7:00,0.617155728,0.202849278
6/22/2019 8:00,0.510831989,0.167902355
6/22/2019 9:00,0.479540466,0.157617329
6/22/2019 10:00,0.487378662,0.160193619
6/22/2019 11:00,0.455468934,0.149705399
6/22/2019 12:00,0.392197328,0.128909028
6/22/2019 13:00,0.354951071,0.116666775
6/22/2019 14:00,0.311207258,0.102288879
6/22/2019 15:00,0.233677797,0.076806177
6/22/2019 16:00,0.153907539,0.050586962
6/22/2019 17:00,0.092218123,0.030310631
6/22/2019 18:00,0.040313095,0.013250274
6/22/2019 19:00,0.015108838,0.004966035
6/22/2019 20:00,0.006996638,0.002299684
6/22/2019 21:00,0.002165426,0.000711741
6/22/2019 22:00,0.011282462,0.003708366
6/22/2019 23:00,0.025557247,0.008400261
6/23/2019 0:00,0.024452897,0.008037279
6/23/2019 1:00,0.014416619,0.004738513
6/23/2019 2:00,0.013309397,0.004374587
6/23/2019 3:00,0.023629496,0.00776664
6/23/2019 4:00,0.030262381,0.009946764
6/23/2019 5:00,0.038942474,0.012799772
6/23/2019 6:00,0.057851097,0.019014736
6/23/2019 7:00,0.076270617,0.02506894
6/23/2019 8:00,0.109235891,0.035904101
6/23/2019 9:00,0.15909756,0.052292839
6/23/2019 10:00,0.270183366,0.088804978
6/23/2019 11:00,0.38064832,0.125113052
6/23/2019 12:00,0.527008077,0.173219178
6/23/2019 13:00,0.676765443,0.222442044
6/23/2019 14:00,0.804196831,0.264326716
6/23/2019 15:00,0.956496043,0.314385046
6/23/2019 16:00,1.089454411,0.358086348
6/23/2019 17:00,1.089703591,0.35816825
6/23/2019 18:00,1.074626408,0.353212619
6/23/2019 19:00,1.074348791,0.353121371
6/23/2019 20:00,1.063358724,0.349509111
6/23/2019 21:00,1.06105521,0.348751982
6/23/2019 22:00,1.269580383,0.417290892
6/23/2019 23:00,1.048949144,0.344772911
6/24/2019 0:00,0.919511801,0.302228913
6/24/2019 1:00,0.912697004,0.299988998
6/24/2019 2:00,0.814792167,0.267809234
6/24/2019 3:00,0.642065876,0.211036848
6/24/2019 4:00,0.4956216,0.162902942
6/24/2019 5:00,0.493457304,0.162191572
6/24/2019 6:00,0.610245472,0.200577987
6/24/2019 7:00,0.700439772,0.23022342
6/24/2019 8:00,0.777849007,0.255666605
6/24/2019 9:00,0.867815557,0.28523718
6/24/2019 10:00,1.167931692,0.383880583
6/24/2019 11:00,0.928328248,0.305126739
6/24/2019 12:00,0.802628937,0.263811374
6/24/2019 13:00,0.920040703,0.302402755
6/24/2019 14:00,1.167421722,0.383712964
6/24/2019 15:00,1.445740663,0.475191976
6/24/2019 16:00,1.655805473,0.54423694
6/24/2019 17:00,1.748488711,0.574700447
6/24/2019 18:00,1.726514443,0.567477855
6/24/2019 19:00,1.769188286,0.581504069
6/24/2019 20:00,1.831936215,0.602128315
6/24/2019 21:00,1.917487505,0.630247665
6/24/2019 22:00,2.026662652,0.6661318
6/24/2019 23:00,2.012280185,0.661404512
6/25/2019 0:00,1.986951226,0.653079286
6/25/2019 1:00,1.979207023,0.650533889
6/25/2019 2:00,1.915523925,0.629602267
6/25/2019 3:00,1.857512759,0.610534919
6/25/2019 4:00,1.714345314,0.563478055
6/25/2019 5:00,1.574617833,0.517551854
6/25/2019 6:00,1.447555636,0.475788529
6/25/2019 7:00,1.324536476,0.435354086
6/25/2019 8:00,1.354832829,0.445312016
6/25/2019 9:00,1.353146359,0.4447577
6/25/2019 10:00,1.296313534,0.426077654
6/25/2019 11:00,1.226111879,0.403003486
6/25/2019 12:00,1.111616884,0.365370801
6/25/2019 13:00,0.894909907,0.294142662
6/25/2019 14:00,0.980343236,0.322223239
6/25/2019 15:00,0.84233122,0.276860883
6/25/2019 16:00,0.638548959,0.209880893
6/25/2019 17:00,0.6137508,0.201730133
6/25/2019 18:00,0.668868036,0.219846292
6/25/2019 19:00,0.661566373,0.217446351
6/25/2019 20:00,0.509671871,0.167521043
6/25/2019 21:00,0.393496716,0.129336116
6/25/2019 22:00,0.495789951,0.162958276
6/25/2019 23:00,0.407042336,0.133788346
6/26/2019 0:00,0.359517155,0.118167574
6/26/2019 1:00,0.35041251,0.115175022
6/26/2019 2:00,0.332543989,0.109301923
6/26/2019 3:00,0.29016724,0.09537336
6/26/2019 4:00,0.504705236,0.165888589
6/26/2019 5:00,0.730358717,0.240057301
6/26/2019 6:00,0.855800453,0.281288006
6/26/2019 7:00,1.034080851,0.339885939
6/26/2019 8:00,1.039377316,0.341626803
6/26/2019 9:00,1.120317519,0.368230561
6/26/2019 10:00,1.473364747,0.484271573
6/26/2019 11:00,1.542766428,0.507082803
6/26/2019 12:00,1.677905065,0.551500725
6/26/2019 13:00,1.80917527,0.594647155
6/26/2019 14:00,1.97122377,0.647909921
6/26/2019 15:00,2.054675986,0.675339338
6/26/2019 16:00,2.077706268,0.682909026
6/26/2019 17:00,2.075035905,0.68203132
6/26/2019 18:00,2.096935414,0.68922934
6/26/2019 19:00,2.068389133,0.679846631
6/26/2019 20:00,1.981329395,0.651231479
6/26/2019 21:00,1.876128459,0.616653604
6/26/2019 22:00,1.717078021,0.564376253
6/26/2019 23:00,1.770080686,0.581797386
6/27/2019 0:00,1.735779673,0.570523188
6/27/2019 1:00,1.630578708,0.535945303
6/27/2019 2:00,1.459518172,0.479720424
6/27/2019 3:00,1.338309952,0.439881209
6/27/2019 4:00,1.171520611,0.385060204
6/27/2019 5:00,0.97197123,0.319471494
6/27/2019 6:00,0.65987505,0.21689044
6/27/2019 7:00,0.406489769,0.133606726
6/27/2019 8:00,0.291014383,0.095651802
6/27/2019 9:00,0.237037537,0.077910471
6/27/2019 10:00,0.227014902,0.07461619
6/27/2019 11:00,0.326217971,0.107222662
6/27/2019 12:00,0.429221171,0.141078176
6/27/2019 13:00,0.4247352,0.139603709
6/27/2019 14:00,0.382694729,0.125785674
6/27/2019 15:00,0.328926301,0.108112847
6/27/2019 16:00,0.254056603,0.083504367
6/27/2019 17:00,0.195109105,0.064129262
6/27/2019 18:00,0.16610193,0.054595064
6/27/2019 19:00,0.133517901,0.043885212
6/27/2019 20:00,0.114154122,0.037520645
6/27/2019 21:00,0.090817316,0.029850208
6/27/2019 22:00,0.035017889,0.011509823
6/27/2019 23:00,0.013500312,0.004437338
6/28/2019 0:00,0,0
6/28/2019 1:00,0,0
6/28/2019 2:00,0.003922226,0.001289173
6/28/2019 3:00,0.007225866,0.002375027
6/28/2019 4:00,0.008785639,0.0028877
6/28/2019 5:00,0.016262896,0.005345355
6/28/2019 6:00,0.053038527,0.017432921
6/28/2019 7:00,0.124462526,0.040908854
6/28/2019 8:00,0.227483745,0.074770291
6/28/2019 9:00,0.377411693,0.124049225
6/28/2019 10:00,0.432780732,0.142248148
6/28/2019 11:00,0.639602182,0.210227071
6/28/2019 12:00,0.787359489,0.258792549
6/28/2019 13:00,0.728336854,0.239392747
6/28/2019 14:00,0.703019466,0.231071324
6/28/2019 15:00,0.717360354,0.235784946
6/28/2019 16:00,0.708316016,0.232812216
6/28/2019 17:00,0.742312976,0.243986476
6/28/2019 18:00,0.719063202,0.236344645
6/28/2019 19:00,0.764063589,0.251135557
6/28/2019 20:00,0.917882688,0.30169345
6/28/2019 21:00,1.16338764,0.382387025
6/28/2019 22:00,1.305216356,0.42900387
6/28/2019 23:00,1.191405358,0.391596004
6/29/2019 0:00,1.117631497,0.367347708
6/29/2019 1:00,0.804181177,0.264321571
6/29/2019 2:00,0.336004721,0.110439411
6/29/2019 3:00,0.363917373,0.119613856
6/29/2019 4:00,0.363416938,0.119449371
6/29/2019 5:00,0.500763769,0.164593091
6/29/2019 6:00,0.274423741,0.090198722
6/29/2019 7:00,0.12124135,0.039850105
6/29/2019 8:00,0.14302084,0.047008677
6/29/2019 9:00,0.269306985,0.088516925
6/29/2019 10:00,0.515907751,0.169570678
6/29/2019 11:00,0.842451265,0.27690034
6/29/2019 12:00,0.512583304,0.168477985
6/29/2019 13:00,0.444467153,0.146089289
6/29/2019 14:00,0.429244933,0.141085987
6/29/2019 15:00,0.232868474,0.076540166
6/29/2019 16:00,0.077046517,0.025323966
6/29/2019 17:00,0.025045031,0.008231904
6/29/2019 18:00,0.015834046,0.005204399
6/29/2019 19:00,0,0
6/29/2019 20:00,0.001349344,0.000443508
6/29/2019 21:00,0.042732662,0.014045547
6/29/2019 22:00,0.152030419,0.049969982
6/29/2019 23:00,0.207976713,0.06835864
6/30/2019 0:00,0.150784734,0.049560545
6/30/2019 1:00,0.076828022,0.02525215
6/30/2019 2:00,0.009844899,0.003235862
6/30/2019 3:00,0,0
6/30/2019 4:00,0.00040699,0.000133771
6/30/2019 5:00,0.010186521,0.003348147
6/30/2019 6:00,0.146204194,0.048054995
6/30/2019 7:00,0.620073583,0.203808331
6/30/2019 8:00,0.92292752,0.303351606
6/30/2019 9:00,1.124860471,0.369723757
6/30/2019 10:00,1.519728579,0.499510628
6/30/2019 11:00,1.812918492,0.595877492
6/30/2019 12:00,1.736883461,0.570885986
6/30/2019 13:00,1.974648944,0.649035721
6/30/2019 14:00,2.143766916,0.70462211
6/30/2019 15:00,2.252504221,0.740362334
6/30/2019 16:00,2.261133123,0.743198517
6/30/2019 17:00,2.218764247,0.729272541
6/30/2019 18:00,2.172529811,0.714076017
6/30/2019 19:00,2.192277689,0.720566831
6/30/2019 20:00,2.258688165,0.742394898
6/30/2019 21:00,2.300100351,0.756006426
6/30/2019 22:00,2.301908182,0.756600631
6/30/2019 23:00,2.273112069,0.747135806
07/01/2019 00:00,2.137799784,0.702660809
07/01/2019 01:00,2.113986811,0.694833863
07/01/2019 02:00,2.087465253,0.686116649
07/01/2019 03:00,1.981833964,0.651397323
07/01/2019 04:00,1.991262925,0.654496473
07/01/2019 05:00,2.015854903,0.662579465
07/01/2019 06:00,2.095395841,0.688723307
07/01/2019 07:00,2.180504503,0.716697172
07/01/2019 08:00,2.156277543,0.708734155
07/01/2019 09:00,2.160238099,0.710035927
07/01/2019 10:00,2.133263823,0.701169911
07/01/2019 11:00,1.995738505,0.655967525
07/01/2019 12:00,1.942936867,0.638612465
07/01/2019 13:00,1.972306472,0.648265788
07/01/2019 14:00,1.912611382,0.628644961
07/01/2019 15:00,1.916127925,0.629800792
07/01/2019 16:00,1.916705943,0.629990778
07/01/2019 17:00,1.908227929,0.627204189
07/01/2019 18:00,1.882036159,0.618595371
07/01/2019 19:00,1.825442663,0.599993988
07/01/2019 20:00,1.611511442,0.529678196
07/01/2019 21:00,1.364323342,0.448431397
07/01/2019 22:00,1.205415608,0.396200951
07/01/2019 23:00,1.048462001,0.344612795
07/02/2019 00:00,0.733969476,0.241244101
07/02/2019 01:00,0.441203839,0.145016689
07/02/2019 02:00,0.251828349,0.082771975
07/02/2019 03:00,0.130036299,0.042740865
07/02/2019 04:00,0.087758204,0.028844727
07/02/2019 05:00,0.093473283,0.030723182
07/02/2019 06:00,0.147238632,0.048394998
07/02/2019 07:00,0.178859744,0.058788355
07/02/2019 08:00,0.250166441,0.082225733
07/02/2019 09:00,0.364156256,0.119692373
07/02/2019 10:00,0.754139162,0.247873556
07/02/2019 11:00,1.069382765,0.351489117
07/02/2019 12:00,1.607890945,0.528488196
07/02/2019 13:00,1.86915382,0.614361151
07/02/2019 14:00,1.816214193,0.596960737
07/02/2019 15:00,1.822780215,0.599118884
07/02/2019 16:00,1.774259523,0.583170904
07/02/2019 17:00,1.631779358,0.536339938
07/02/2019 18:00,1.601122176,0.52626341
07/02/2019 19:00,1.613646726,0.53038003
07/02/2019 20:00,1.572750822,0.516938197
07/02/2019 21:00,1.463765773,0.481116543
07/02/2019 22:00,1.237881792,0.406872069
07/02/2019 23:00,1.247049393,0.409885314
07/03/2019 00:00,1.650302086,0.542428064
07/03/2019 01:00,1.763014798,0.579474941
07/03/2019 02:00,1.688784549,0.555076638
07/03/2019 03:00,1.605842414,0.527814877
07/03/2019 04:00,1.534455606,0.504351168
07/03/2019 05:00,1.463933834,0.481171782
07/03/2019 06:00,1.418493381,0.466236227
07/03/2019 07:00,1.406770289,0.462383034
07/03/2019 08:00,1.287981527,0.423339056
07/03/2019 09:00,1.159343296,0.381057714
07/03/2019 10:00,0.959616465,0.315410679
07/03/2019 11:00,1.15833549,0.380726464
07/03/2019 12:00,1.409269003,0.463204321
07/03/2019 13:00,1.507604865,0.495525756
07/03/2019 14:00,1.740062232,0.571930798
07/03/2019 15:00,2.036296838,0.669298404
07/03/2019 16:00,2.161272012,0.710375757
07/03/2019 17:00,2.235722448,0.734846432
07/03/2019 18:00,2.206514583,0.725246271
07/03/2019 19:00,2.200964623,0.723422088
07/03/2019 20:00,2.228855028,0.73258922
07/03/2019 21:00,2.254230418,0.740929708
07/03/2019 22:00,2.303241909,0.757039006
07/03/2019 23:00,2.31,0.759260283
07/04/2019 00:00,2.31,0.759260283
07/04/2019 01:00,2.31,0.759260283
07/04/2019 02:00,2.31,0.759260283
07/04/2019 03:00,2.31,0.759260283
07/04/2019 04:00,2.31,0.759260283
07/04/2019 05:00,2.31,0.759260283
07/04/2019 06:00,2.31,0.759260283
07/04/2019 07:00,2.31,0.759260283
07/04/2019 08:00,2.31,0.759260283
07/04/2019 09:00,2.31,0.759260283
07/04/2019 10:00,2.31,0.759260283
07/04/2019 11:00,2.31,0.759260283
07/04/2019 12:00,2.31,0.759260283
07/04/2019 13:00,2.31,0.759260283
07/04/2019 14:00,2.238576414,0.735784486
07/04/2019 15:00,2.033888188,0.668506719
07/04/2019 16:00,1.780280105,0.585149773
07/04/2019 17:00,1.428402179,0.469493092
07/04/2019 18:00,1.093450568,0.359399822
07/04/2019 19:00,0.858560391,0.282195154
07/04/2019 20:00,0.65398703,0.214955142
07/04/2019 21:00,0.532097254,0.17489191
07/04/2019 22:00,0.408494682,0.134265709
07/04/2019 23:00,0.463824255,0.15245166
07/05/2019 00:00,0.532840198,0.175136104
07/05/2019 01:00,0.649233892,0.213392861
07/05/2019 02:00,0.785995394,0.258344193
07/05/2019 03:00,0.835520031,0.274622154
07/05/2019 04:00,0.642789617,0.21127473
07/05/2019 05:00,0.589555985,0.193777681
07/05/2019 06:00,0.547981854,0.180112925
07/05/2019 07:00,0.447931655,0.147228015
07/05/2019 08:00,0.381664533,0.125447065
07/05/2019 09:00,0.482589451,0.158619482
07/05/2019 10:00,0.607855038,0.199792289
07/05/2019 11:00,0.666566562,0.219089834
07/05/2019 12:00,0.636723771,0.209280983
07/05/2019 13:00,0.724564183,0.23815273
07/05/2019 14:00,0.947303128,0.311363481
07/05/2019 15:00,1.621063648,0.532817855
07/05/2019 16:00,2.068841881,0.679995443
07/05/2019 17:00,2.19679747,0.722052411
07/05/2019 18:00,2.189834118,0.719763668
07/05/2019 19:00,2.141744716,0.703957446
07/05/2019 20:00,2.074901492,0.68198714
07/05/2019 21:00,2.14208254,0.704068483
07/05/2019 22:00,2.159297952,0.709726915
07/05/2019 23:00,2.110712673,0.693757706
07/06/2019 00:00,2.133715963,0.701318522
07/06/2019 01:00,2.151181071,0.707059025
07/06/2019 02:00,2.136033365,0.702080215
07/06/2019 03:00,2.106934646,0.692515929
07/06/2019 04:00,2.077739726,0.682920023
07/06/2019 05:00,2.025486669,0.665745273
07/06/2019 06:00,1.971828642,0.648108733
07/06/2019 07:00,1.82592393,0.600152173
07/06/2019 08:00,1.541731854,0.506742755
07/06/2019 09:00,1.13507957,0.373082613
07/06/2019 10:00,1.253225106,0.411915173
07/06/2019 11:00,0.925247691,0.304114209
07/06/2019 12:00,0.915622848,0.300950676
07/06/2019 13:00,1.069493032,0.35152536
07/06/2019 14:00,1.285244704,0.422439505
07/06/2019 15:00,1.295289109,0.425740942
07/06/2019 16:00,1.126962586,0.370414689
07/06/2019 17:00,0.935636517,0.307528851
07/06/2019 18:00,0.818655724,0.269079124
07/06/2019 19:00,0.807593424,0.265443122
07/06/2019 20:00,0.830501577,0.272972668
07/06/2019 21:00,0.819049487,0.269208548
07/06/2019 22:00,1.352019983,0.444387478
07/06/2019 23:00,1.405829814,0.462073915
07/07/2019 00:00,1.326300827,0.435934001
07/07/2019 01:00,1.446159399,0.475329608
07/07/2019 02:00,1.634625368,0.537275376
07/07/2019 03:00,1.733761913,0.569859983
07/07/2019 04:00,1.835612565,0.603336674
07/07/2019 05:00,1.891288533,0.621636479
07/07/2019 06:00,1.967772784,0.646775637
07/07/2019 07:00,2.086307514,0.685736118
07/07/2019 08:00,2.169698239,0.713145324
07/07/2019 09:00,2.15505109,0.708331039
07/07/2019 10:00,2.19350675,0.720970803
07/07/2019 11:00,1.94811516,0.640314488
07/07/2019 12:00,1.748738413,0.574782521
07/07/2019 13:00,1.651068029,0.542679818
07/07/2019 14:00,1.493994837,0.491052356
07/07/2019 15:00,1.296449262,0.426122265
07/07/2019 16:00,1.106885955,0.36381582
07/07/2019 17:00,0.883278549,0.290319619
07/07/2019 18:00,0.626861934,0.206039554
07/07/2019 19:00,0.455645851,0.149763549
07/07/2019 20:00,0.476829048,0.156726129
07/07/2019 21:00,0.475819937,0.15639445
07/07/2019 22:00,0.797202495,0.262027789
07/07/2019 23:00,0.706952628,0.232364092
07/08/2019 00:00,0.671289962,0.22064234
07/08/2019 01:00,0.618188373,0.203188692
07/08/2019 02:00,0.63866389,0.209918669
07/08/2019 03:00,0.613982794,0.201806385
07/08/2019 04:00,0.567025919,0.186372407
07/08/2019 05:00,0.420386004,0.138174197
07/08/2019 06:00,0.323939081,0.106473627
07/08/2019 07:00,0.26546594,0.087254435
07/08/2019 08:00,0.193334027,0.063545822
07/08/2019 09:00,0.106826739,0.035112251
07/08/2019 10:00,0.053416079,0.017557016
07/08/2019 11:00,0.036534377,0.012008269
07/08/2019 12:00,0.019218128,0.006316693
07/08/2019 13:00,0.012248239,0.004025802
07/08/2019 14:00,0.01521835,0.00500203
07/08/2019 15:00,0.023078895,0.007585666
07/08/2019 16:00,0.039127193,0.012860486
07/08/2019 17:00,0.049393642,0.016234905
07/08/2019 18:00,0.046409275,0.015253991
07/08/2019 19:00,0.048164856,0.015831022
07/08/2019 20:00,0.055291579,0.018173463
07/08/2019 21:00,0.075828105,0.024923493
07/08/2019 22:00,0.066924496,0.021997018
07/08/2019 23:00,0.114608347,0.037669942
07/09/2019 00:00,0.178514328,0.058674822
07/09/2019 01:00,0.203392325,0.066851824
07/09/2019 02:00,0.173779435,0.057118538
07/09/2019 03:00,0.182155399,0.059871584
07/09/2019 04:00,0.259063425,0.08515003
07/09/2019 05:00,0.375035295,0.12326814
07/09/2019 06:00,0.613317646,0.201587762
07/09/2019 07:00,0.800521712,0.263118763
07/09/2019 08:00,0.972867237,0.319765997
07/09/2019 09:00,1.312035301,0.431245149
07/09/2019 10:00,1.277505463,0.41989574
07/09/2019 11:00,1.331872637,0.437765366
07/09/2019 12:00,1.192768754,0.392044131
07/09/2019 13:00,1.059932333,0.34838291
07/09/2019 14:00,1.107876338,0.364141343
07/09/2019 15:00,1.106771414,0.363778172
07/09/2019 16:00,0.937415373,0.308113533
07/09/2019 17:00,0.726577615,0.238814513
07/09/2019 18:00,0.775083487,0.254757622
07/09/2019 19:00,0.858669224,0.282230926
07/09/2019 20:00,0.833125694,0.273835173
07/09/2019 21:00,0.807587878,0.265441299
07/09/2019 22:00,0.616689037,0.202695884
07/09/2019 23:00,0.428005252,0.140678523
07/10/2019 00:00,0.302867957,0.099547883
07/10/2019 01:00,0.19055498,0.062632393
07/10/2019 02:00,0.082409377,0.027086652
07/10/2019 03:00,0.03557228,0.011692043
07/10/2019 04:00,0.013621462,0.004477158
07/10/2019 05:00,0.000930276,0.000305767
07/10/2019 06:00,0,0
07/10/2019 07:00,3.87E-05,1.27E-05
07/10/2019 08:00,0.006649544,0.002185599
07/10/2019 09:00,0.013753159,0.004520445
07/10/2019 10:00,0.005491842,0.001805081
07/10/2019 11:00,0,0
07/10/2019 12:00,0,0
07/10/2019 13:00,0.006383889,0.002098283
07/10/2019 14:00,0.03229628,0.010615274
07/10/2019 15:00,0.083777629,0.027536375
07/10/2019 16:00,0.183239909,0.060228045
07/10/2019 17:00,0.306076692,0.100602544
07/10/2019 18:00,0.428448441,0.140824193
07/10/2019 19:00,0.612056041,0.201173092
07/10/2019 20:00,0.705287502,0.231816791
07/10/2019 21:00,0.713812842,0.234618935
07/10/2019 22:00,0.72485732,0.23824908
07/10/2019 23:00,0.677531975,0.222693991
07/11/2019 00:00,0.667893759,0.219526063
07/11/2019 01:00,0.607643795,0.199722857
07/11/2019 02:00,0.511550851,0.168138634
07/11/2019 03:00,0.481586678,0.158289886
07/11/2019 04:00,0.545690255,0.179359713
07/11/2019 05:00,0.506541736,0.166492217
07/11/2019 06:00,0.556168997,0.182803909
07/11/2019 07:00,0.597475793,0.196380796
07/11/2019 08:00,0.582052788,0.1913115
07/11/2019 09:00,0.605323072,0.198960072
07/11/2019 10:00,0.810299269,0.26633249
07/11/2019 11:00,1.021012426,0.335590556
07/11/2019 12:00,0.97952536,0.321954417
07/11/2019 13:00,0.783876872,0.257647868
07/11/2019 14:00,0.687591871,0.226000519
07/11/2019 15:00,0.590674381,0.19414528
07/11/2019 16:00,0.666472331,0.219058862
07/11/2019 17:00,0.801587136,0.263468951
07/11/2019 18:00,0.74216215,0.243936902
07/11/2019 19:00,0.728365911,0.239402298
07/11/2019 20:00,0.729582956,0.239802321
07/11/2019 21:00,0.702267529,0.230824174
07/11/2019 22:00,0.862666488,0.283544763
07/11/2019 23:00,0.744293346,0.244637392
07/12/2019 00:00,0.595348146,0.195681473
07/12/2019 01:00,0.508176973,0.167029694
07/12/2019 02:00,0.458698111,0.150766778
07/12/2019 03:00,0.410886911,0.135051997
07/12/2019 04:00,0.351690217,0.115594984
07/12/2019 05:00,0.313882164,0.103168078
07/12/2019 06:00,0.314081069,0.103233455
07/12/2019 07:00,0.299002908,0.098277503
07/12/2019 08:00,0.247343777,0.081297968
07/12/2019 09:00,0.162378431,0.053371209
07/12/2019 10:00,0.153998541,0.050616873
07/12/2019 11:00,0.058200216,0.019129486
07/12/2019 12:00,0.023782674,0.007816987
07/12/2019 13:00,0.02415043,0.007937862
07/12/2019 14:00,0.02529024,0.0083125
07/12/2019 15:00,0.022100932,0.007264225
07/12/2019 16:00,0.032987561,0.010842487
07/12/2019 17:00,0.050084355,0.016461931
07/12/2019 18:00,0.045680287,0.015014384
07/12/2019 19:00,0.043863391,0.014417199
07/12/2019 20:00,0.040438006,0.01329133
07/12/2019 21:00,0.031652082,0.010403536
07/12/2019 22:00,0.030862607,0.010144048
07/12/2019 23:00,0.020400408,0.00670529
7/13/2019 0:00,0.016528498,0.005432655
7/13/2019 1:00,0.029439617,0.009676334
7/13/2019 2:00,0.04862654,0.015982771
7/13/2019 3:00,0.089839678,0.029528874
7/13/2019 4:00,0.089740189,0.029496174
7/13/2019 5:00,0.124307106,0.04085777
7/13/2019 6:00,0.244105,0.080233433
7/13/2019 7:00,0.386964243,0.127188996
7/13/2019 8:00,0.550813653,0.181043693
7/13/2019 9:00,0.638416457,0.209837342
7/13/2019 10:00,0.915383583,0.300872034
7/13/2019 11:00,0.926186043,0.304422631
7/13/2019 12:00,0.990831411,0.325670536
7/13/2019 13:00,0.987489112,0.324571975
7/13/2019 14:00,0.935528471,0.307493338
7/13/2019 15:00,0.827666385,0.272040785
7/13/2019 16:00,0.832715457,0.273700335
7/13/2019 17:00,0.77253957,0.253921477
7/13/2019 18:00,0.633146189,0.208105089
7/13/2019 19:00,0.534422307,0.175656118
7/13/2019 20:00,0.400780698,0.131730245
7/13/2019 21:00,0.307546723,0.10108572
7/13/2019 22:00,0.232045004,0.076269505
7/13/2019 23:00,0.235940551,0.077549909
7/14/2019 0:00,0.313606911,0.103077607
7/14/2019 1:00,0.345878885,0.113684892
7/14/2019 2:00,0.375128392,0.12329874
7/14/2019 3:00,0.411173358,0.135146147
7/14/2019 4:00,0.358743661,0.117913339
7/14/2019 5:00,0.317214579,0.10426339
7/14/2019 6:00,0.268707502,0.088319885
7/14/2019 7:00,0.250431874,0.082312977
7/14/2019 8:00,0.220978222,0.072632029
7/14/2019 9:00,0.266264855,0.087517025
7/14/2019 10:00,0.269345196,0.088529485
7/14/2019 11:00,0.235785938,0.07749909
7/14/2019 12:00,0.22322175,0.073369441
7/14/2019 13:00,0.207019616,0.068044057
7/14/2019 14:00,0.202714146,0.066628918
7/14/2019 15:00,0.171908309,0.056503529
7/14/2019 16:00,0.118862415,0.039068187
7/14/2019 17:00,0.085515542,0.0281076
7/14/2019 18:00,0.090281386,0.029674057
7/14/2019 19:00,0.07981857,0.026235095
7/14/2019 20:00,0.048767231,0.016029014
7/14/2019 21:00,0.022329783,0.007339445
7/14/2019 22:00,0.015040031,0.004943419
7/14/2019 23:00,0.012619529,0.004147838
7/15/2019 0:00,0.018372021,0.006038591
7/15/2019 1:00,0.037489744,0.012322283
7/15/2019 2:00,0.077109673,0.025344724
7/15/2019 3:00,0.126780781,0.041670827
7/15/2019 4:00,0.160123917,0.052630186
7/15/2019 5:00,0.175128035,0.057561802
7/15/2019 6:00,0.161407908,0.053052214
7/15/2019 7:00,0.152632757,0.050167961
7/15/2019 8:00,0.13208665,0.043414782
7/15/2019 9:00,0.121683168,0.039995323
7/15/2019 10:00,0.033259941,0.010932014
7/15/2019 11:00,0.020376977,0.006697589
7/15/2019 12:00,0.017994412,0.005914477
7/15/2019 13:00,0.017314537,0.005691013
7/15/2019 14:00,0.015477828,0.005087316
7/15/2019 15:00,0.008695003,0.002857909
7/15/2019 16:00,0,0
7/15/2019 17:00,0,0
7/15/2019 18:00,0,0
7/15/2019 19:00,0,0
7/15/2019 20:00,0,0
7/15/2019 21:00,0.01235873,0.004062118
7/15/2019 22:00,0.044168134,0.014517364
7/15/2019 23:00,0.061291775,0.020145632
7/16/2019 0:00,0.074826568,0.024594303
7/16/2019 1:00,0.076419898,0.025118006
7/16/2019 2:00,0.066687497,0.02191912
7/16/2019 3:00,0.066474929,0.021849253
7/16/2019 4:00,0.068987599,0.022675127
7/16/2019 5:00,0.084860579,0.027892323
7/16/2019 6:00,0.127354773,0.04185949
7/16/2019 7:00,0.190665162,0.062668608
7/16/2019 8:00,0.202817298,0.066662822
7/16/2019 9:00,0.160003404,0.052590576
7/16/2019 10:00,0.081157905,0.026675313
7/16/2019 11:00,0.036128514,0.011874868
7/16/2019 12:00,0.011308835,0.003717034
7/16/2019 13:00,0,0
7/16/2019 14:00,0,0
7/16/2019 15:00,0,0
7/16/2019 16:00,0,0
7/16/2019 17:00,0,0
7/16/2019 18:00,0,0
7/16/2019 19:00,0.011523905,0.003787725
7/16/2019 20:00,0.034895496,0.011469595
7/16/2019 21:00,0.0720638,0.023686226
7/16/2019 22:00,0.105951801,0.034824673
7/16/2019 23:00,0.222569725,0.073155131
7/17/2019 0:00,0.306503729,0.100742904
7/17/2019 1:00,0.305125685,0.100289963
7/17/2019 2:00,0.342398359,0.112540898
7/17/2019 3:00,0.407438992,0.133918721
7/17/2019 4:00,0.450532593,0.148082902
7/17/2019 5:00,0.488987282,0.160722347
7/17/2019 6:00,0.588679445,0.193489577
7/17/2019 7:00,0.768828684,0.252701768
7/17/2019 8:00,1.003472677,0.329825519
7/17/2019 9:00,1.292729298,0.424899573
7/17/2019 10:00,1.365480505,0.448811738
7/17/2019 11:00,1.512024291,0.496978351
7/17/2019 12:00,1.492648517,0.490609842
7/17/2019 13:00,1.636270012,0.537815945
7/17/2019 14:00,1.862470685,0.612164511
7/17/2019 15:00,1.902553574,0.625339119
7/17/2019 16:00,1.753059103,0.576202662
7/17/2019 17:00,1.725552531,0.56716169
7/17/2019 18:00,1.702812283,0.559687332
7/17/2019 19:00,1.494662485,0.491271802
7/17/2019 20:00,1.085442536,0.356767709
7/17/2019 21:00,0.659278166,0.216694254
7/17/2019 22:00,0.504721343,0.165893883
7/17/2019 23:00,0.513687475,0.168840908
7/18/2019 0:00,0.394801271,0.129764902
7/18/2019 1:00,0.273391459,0.089859427
7/18/2019 2:00,0.211600243,0.069549637
7/18/2019 3:00,0.130204075,0.04279601
7/18/2019 4:00,0.08475323,0.02785704
7/18/2019 5:00,0.050723824,0.016672115
7/18/2019 6:00,0.04042341,0.013286532
7/18/2019 7:00,0.053681178,0.01764415
7/18/2019 8:00,0.094501044,0.031060991
7/18/2019 9:00,0.131042585,0.043071615
7/18/2019 10:00,0.140005109,0.046017454
7/18/2019 11:00,0.181135519,0.059536366
7/18/2019 12:00,0.208635848,0.068575287
7/18/2019 13:00,0.191314328,0.062881979
7/18/2019 14:00,0.130919347,0.043031109
7/18/2019 15:00,0.142193421,0.046736717
7/18/2019 16:00,0.159170237,0.052316727
7/18/2019 17:00,0.176952135,0.058161354
7/18/2019 18:00,0.202778472,0.06665006
7/18/2019 19:00,0.273146165,0.089778803
7/18/2019 20:00,0.297910081,0.097918308
7/18/2019 21:00,0.317184652,0.104253554
7/18/2019 22:00,0.390197655,0.128251767
7/18/2019 23:00,0.461502687,0.151688598
7/19/2019 0:00,0.506249163,0.166396053
7/19/2019 1:00,0.538856312,0.177113505
7/19/2019 2:00,0.609957124,0.200483211
7/19/2019 3:00,0.633541531,0.208235031
7/19/2019 4:00,0.680783382,0.223762677
7/19/2019 5:00,0.735185884,0.241643914
7/19/2019 6:00,0.826433438,0.271635535
7/19/2019 7:00,0.80488096,0.264551578
7/19/2019 8:00,0.697304928,0.229193046
7/19/2019 9:00,0.534018621,0.175523432
7/19/2019 10:00,0.276739621,0.090959915
7/19/2019 11:00,0.200766653,0.065988808
7/19/2019 12:00,0.14079138,0.046275889
7/19/2019 13:00,0.1171472,0.038504423
7/19/2019 14:00,0.104808941,0.034449033
7/19/2019 15:00,0.09669585,0.031782389
7/19/2019 16:00,0.076435519,0.02512314
7/19/2019 17:00,0.041091074,0.013505983
7/19/2019 18:00,0.01786651,0.005872438
7/19/2019 19:00,0.007093574,0.002331545
7/19/2019 20:00,0.00747197,0.002455918
7/19/2019 21:00,0.039531482,0.01299337
7/19/2019 22:00,0.192549355,0.063287912
7/19/2019 23:00,0.361876049,0.118942905
7/20/2019 0:00,0.595702825,0.19579805
7/20/2019 1:00,0.713037607,0.234364128
7/20/2019 2:00,0.649081025,0.213342616
7/20/2019 3:00,0.704104263,0.23142788
7/20/2019 4:00,0.632526367,0.207901363
7/20/2019 5:00,0.452740511,0.14880861
7/20/2019 6:00,0.438639892,0.14417396
7/20/2019 7:00,0.668203306,0.219627806
7/20/2019 8:00,0.623111266,0.204806769
7/20/2019 9:00,0.553416703,0.181899274
7/20/2019 10:00,0.314692442,0.103434404
7/20/2019 11:00,0.301806803,0.099199099
7/20/2019 12:00,0.185646613,0.061019091
7/20/2019 13:00,0.280488916,0.092192248
7/20/2019 14:00,0.552299119,0.181531942
7/20/2019 15:00,0.814224227,0.267622561
7/20/2019 16:00,1.044942393,0.343455955
7/20/2019 17:00,1.135899367,0.373352067
7/20/2019 18:00,1.050867257,0.345403364
7/20/2019 19:00,1.023334672,0.336353841
7/20/2019 20:00,1.075905349,0.353632987
7/20/2019 21:00,0.959916844,0.315509409
7/20/2019 22:00,0.743090712,0.244242106
7/20/2019 23:00,0.668203803,0.219627969
7/21/2019 0:00,0.608645301,0.200052036
7/21/2019 1:00,0.58673194,0.192849463
7/21/2019 2:00,0.545175454,0.179190506
7/21/2019 3:00,0.512218275,0.168358005
7/21/2019 4:00,0.616006931,0.202471687
7/21/2019 5:00,0.75494576,0.248138671
7/21/2019 6:00,0.794809404,0.261241218
7/21/2019 7:00,0.727839411,0.239229246
7/21/2019 8:00,0.652338104,0.214413166
7/21/2019 9:00,0.572631849,0.188214987
7/21/2019 10:00,0.468360923,0.153942791
7/21/2019 11:00,0.334200385,0.109846354
7/21/2019 12:00,0.246373644,0.080979101
7/21/2019 13:00,0.149674888,0.049195757
7/21/2019 14:00,0.122103374,0.040133438
7/21/2019 15:00,0.180775918,0.059418171
7/21/2019 16:00,0.467820394,0.153765127
7/21/2019 17:00,1.230154579,0.404332257
7/21/2019 18:00,1.716943508,0.56433204
7/21/2019 19:00,1.785082068,0.586728102
7/21/2019 20:00,1.983125014,0.651821671
7/21/2019 21:00,2.170379136,0.713369124
7/21/2019 22:00,2.256682132,0.741735547
7/21/2019 23:00,1.915727905,0.629669312
7/22/2019 0:00,1.480505302,0.48661856
7/22/2019 1:00,1.472942854,0.484132904
7/22/2019 2:00,1.61974446,0.532384259
7/22/2019 3:00,1.789731169,0.588256188
7/22/2019 4:00,1.688148146,0.554867463
7/22/2019 5:00,1.457726775,0.479131621
7/22/2019 6:00,1.201764925,0.395001029
7/22/2019 7:00,0.872588709,0.286806039
7/22/2019 8:00,0.760602633,0.249997996
7/22/2019 9:00,0.904109872,0.297166544
7/22/2019 10:00,0.318463665,0.104673945
7/22/2019 11:00,0.170136216,0.05592107
7/22/2019 12:00,0.168845256,0.055496752
7/22/2019 13:00,0.074882632,0.024612731
7/22/2019 14:00,0.034960811,0.011491063
7/22/2019 15:00,0.019612568,0.006446339
7/22/2019 16:00,0.013196832,0.004337589
7/22/2019 17:00,0.014790479,0.004861395
7/22/2019 18:00,0.040762029,0.013397831
7/22/2019 19:00,0.065955706,0.021678592
7/22/2019 20:00,0.111001751,0.036484511
7/22/2019 21:00,0.22207005,0.072990896
7/22/2019 22:00,0.428239894,0.140755646
7/22/2019 23:00,0.701728087,0.230646869
7/23/2019 0:00,0.951574014,0.312767253
7/23/2019 1:00,1.140778046,0.374955611
7/23/2019 2:00,1.267016808,0.416448286
7/23/2019 3:00,1.368331383,0.449748776
7/23/2019 4:00,1.178379855,0.387314728
7/23/2019 5:00,0.757027555,0.248822924
7/23/2019 6:00,0.577151195,0.189700424
7/23/2019 7:00,0.759275684,0.249561849
7/23/2019 8:00,1.145164307,0.376397306
7/23/2019 9:00,1.239648784,0.407452851
7/23/2019 10:00,1.317292385,0.432973069
7/23/2019 11:00,0.955749838,0.31413978
7/23/2019 12:00,0.511203144,0.168024348
7/23/2019 13:00,0.211816241,0.069620632
7/23/2019 14:00,0.096879528,0.031842761
7/23/2019 15:00,0.050651256,0.016648263
7/23/2019 16:00,0.078312776,0.025740165
7/23/2019 17:00,0.105491376,0.034673339
7/23/2019 18:00,0.070780398,0.023264392
7/23/2019 19:00,0.027745897,0.009119635
7/23/2019 20:00,0,0
7/23/2019 21:00,0,0
7/23/2019 22:00,0,0
7/23/2019 23:00,0,0
7/24/2019 0:00,0.017235151,0.00566492
7/24/2019 1:00,0.094394334,0.031025917
7/24/2019 2:00,0.374338752,0.123039198
7/24/2019 3:00,0.772008373,0.253746881
7/24/2019 4:00,1.140446973,0.374846793
7/24/2019 5:00,1.77352932,0.582930897
7/24/2019 6:00,2.121556838,0.697322011
7/24/2019 7:00,2.303548527,0.757139786
7/24/2019 8:00,2.271242126,0.746521186
7/24/2019 9:00,2.10522368,0.691953561
7/24/2019 10:00,1.995982225,0.656047632
7/24/2019 11:00,1.936990258,0.63665791
7/24/2019 12:00,1.484868688,0.488052736
7/24/2019 13:00,0.573318981,0.188440836
7/24/2019 14:00,0.210423884,0.069162986
7/24/2019 15:00,0.10044733,0.033015441
7/24/2019 16:00,0.048124589,0.015817788
7/24/2019 17:00,0.052443307,0.017237282
7/24/2019 18:00,0.049010002,0.016108809
7/24/2019 19:00,0.064170767,0.021091911
7/24/2019 20:00,0.05182103,0.017032749
7/24/2019 21:00,0.036562278,0.01201744
7/24/2019 22:00,0.054926765,0.018053555
7/24/2019 23:00,0.0541128,0.017786017
7/25/2019 0:00,0.014114077,0.004639073
7/25/2019 1:00,0.013584732,0.004465085
7/25/2019 2:00,0.074383288,0.024448604
7/25/2019 3:00,0.210824518,0.069294668
7/25/2019 4:00,0.359051055,0.118014375
7/25/2019 5:00,0.600026137,0.197219054
7/25/2019 6:00,0.898435003,0.295301305
7/25/2019 7:00,0.901254594,0.29622806
7/25/2019 8:00,0.881328843,0.289678782
7/25/2019 9:00,0.947732969,0.311504763
7/25/2019 10:00,1.207083431,0.396749137
7/25/2019 11:00,1.555310824,0.511205947
7/25/2019 12:00,1.666504215,0.547753447
7/25/2019 13:00,1.775664812,0.5836328
7/25/2019 14:00,1.954413553,0.64238467
7/25/2019 15:00,2.145500152,0.705191798
7/25/2019 16:00,2.260062752,0.742846703
7/25/2019 17:00,2.285287015,0.751137518
7/25/2019 18:00,2.31,0.759260283
7/25/2019 19:00,2.31,0.759260283
7/25/2019 20:00,2.31,0.759260283
7/25/2019 21:00,2.31,0.759260283
7/25/2019 22:00,2.31,0.759260283
7/25/2019 23:00,2.31,0.759260283
7/26/2019 0:00,2.31,0.759260283
7/26/2019 1:00,2.31,0.759260283
7/26/2019 2:00,2.31,0.759260283
7/26/2019 3:00,2.306457774,0.758096009
7/26/2019 4:00,2.260578557,0.74301624
7/26/2019 5:00,1.944790481,0.639221719
7/26/2019 6:00,1.820384339,0.598331398
7/26/2019 7:00,1.918774188,0.630670577
7/26/2019 8:00,1.660597358,0.545811957
7/26/2019 9:00,1.209371292,0.397501121
7/26/2019 10:00,0.922191745,0.303109769
7/26/2019 11:00,0.798595579,0.262485673
7/26/2019 12:00,1.053075862,0.346129297
7/26/2019 13:00,1.601662101,0.526440875
7/26/2019 14:00,1.904245118,0.625895103
7/26/2019 15:00,2.039522551,0.670358645
7/26/2019 16:00,2.041905141,0.671141764
7/26/2019 17:00,1.883974744,0.619232553
7/26/2019 18:00,1.824086758,0.599548324
7/26/2019 19:00,1.650099687,0.542361539
7/26/2019 20:00,1.182839203,0.388780445
7/26/2019 21:00,1.095025825,0.359917583
7/26/2019 22:00,0.593166437,0.194964379
7/26/2019 23:00,0.38305388,0.125903722
7/27/2019 0:00,0.145057394,0.04767806
7/27/2019 1:00,0.251424107,0.082639108
7/27/2019 2:00,0.488940597,0.160707003
7/27/2019 3:00,0.247949225,0.081496969
7/27/2019 4:00,0.112555822,0.03699531
7/27/2019 5:00,0.273227892,0.089805665
7/27/2019 6:00,0.561815751,0.184659907
7/27/2019 7:00,0.75852407,0.249314805
7/27/2019 8:00,0.645838368,0.212276806
7/27/2019 9:00,0.541393348,0.177947388
7/27/2019 10:00,0.492969436,0.162031218
7/27/2019 11:00,0.489225037,0.160800494
7/27/2019 12:00,0.744431116,0.244682675
7/27/2019 13:00,0.861179961,0.283056165
7/27/2019 14:00,0.959075366,0.315232828
7/27/2019 15:00,1.060948955,0.348717058
7/27/2019 16:00,1.248446895,0.41034465
7/27/2019 17:00,1.445854422,0.475229367
7/27/2019 18:00,1.398588968,0.459693964
7/27/2019 19:00,1.375940452,0.452249756
7/27/2019 20:00,1.363319603,0.448101484
7/27/2019 21:00,1.352682713,0.444605307
7/27/2019 22:00,1.306495458,0.429424291
7/27/2019 23:00,1.190466503,0.391287417
7/28/2019 0:00,1.247927874,0.410174057
7/28/2019 1:00,1.400585312,0.46035013
7/28/2019 2:00,1.491029162,0.490077586
7/28/2019 3:00,1.471263228,0.483580837
7/28/2019 4:00,1.289805275,0.423938493
7/28/2019 5:00,1.140562879,0.374884889
7/28/2019 6:00,1.185622473,0.389695262
7/28/2019 7:00,1.371168201,0.450681193
7/28/2019 8:00,1.588330939,0.522059133
7/28/2019 9:00,1.766377653,0.580580258
7/28/2019 10:00,1.769306813,0.581543027
7/28/2019 11:00,1.713466955,0.563189353
7/28/2019 12:00,1.596399369,0.524711098
7/28/2019 13:00,1.500346559,0.493140066
7/28/2019 14:00,1.265004443,0.415786853
7/28/2019 15:00,0.962120225,0.316233625
7/28/2019 16:00,0.774468835,0.254555596
7/28/2019 17:00,0.639599945,0.210226335
7/28/2019 18:00,0.517317908,0.170034174
7/28/2019 19:00,0.384799687,0.126477541
7/28/2019 20:00,0.304257091,0.10000447
7/28/2019 21:00,0.206779282,0.067965063
7/28/2019 22:00,0.228360543,0.075058481
7/28/2019 23:00,0.410715276,0.134995583
7/29/2019 0:00,0.380325734,0.125007023
7/29/2019 1:00,0.227584658,0.07480346
7/29/2019 2:00,0.103639876,0.03406478
7/29/2019 3:00,0.012159228,0.003996545
7/29/2019 4:00,0,0
7/29/2019 5:00,0.009225687,0.003032337
7/29/2019 6:00,0.050876462,0.016722284
7/29/2019 7:00,0.057280712,0.01882726
7/29/2019 8:00,0.04147187,0.013631144
7/29/2019 9:00,0.048627402,0.015983054
7/29/2019 10:00,0.033613866,0.011048343
7/29/2019 11:00,0.062768915,0.020631145
7/29/2019 12:00,0.118413578,0.038920661
7/29/2019 13:00,0.11844359,0.038930526
7/29/2019 14:00,0.32880105,0.108071679
7/29/2019 15:00,0.600401517,0.197342435
7/29/2019 16:00,0.602582397,0.198059256
7/29/2019 17:00,0.598045094,0.196567917
7/29/2019 18:00,0.636383891,0.20916927
7/29/2019 19:00,0.556000424,0.182748502
7/29/2019 20:00,0.388934829,0.127836696
7/29/2019 21:00,0.306124598,0.10061829
7/29/2019 22:00,0.367971735,0.120946461
7/29/2019 23:00,0.391223962,0.128589098
7/30/2019 0:00,0.308813018,0.101501931
7/30/2019 1:00,0.208043481,0.068380586
7/30/2019 2:00,0.122455673,0.040249233
7/30/2019 3:00,0.074057869,0.024341645
7/30/2019 4:00,0.055299988,0.018176227
7/30/2019 5:00,0.092133642,0.030282864
7/30/2019 6:00,0.185665589,0.061025328
7/30/2019 7:00,0.250101548,0.082204404
7/30/2019 8:00,0.284446123,0.093492919
7/30/2019 9:00,0.293855816,0.096585736
7/30/2019 10:00,0.30648385,0.10073637
7/30/2019 11:00,0.299183643,0.098336908
7/30/2019 12:00,0.318266385,0.104609102
7/30/2019 13:00,0.3095227,0.101735192
7/30/2019 14:00,0.222782363,0.073225022
7/30/2019 15:00,0.117870493,0.038742158
7/30/2019 16:00,0.050890151,0.016726784
7/30/2019 17:00,0.027539682,0.009051856
7/30/2019 18:00,0.031677878,0.010412015
7/30/2019 19:00,0.043954208,0.014447049
7/30/2019 20:00,0.047747349,0.015693795
7/30/2019 21:00,0.031317099,0.010293433
7/30/2019 22:00,0,0
7/30/2019 23:00,0,0
7/31/2019 0:00,0,0
7/31/2019 1:00,0,0
7/31/2019 2:00,0.016053754,0.005276614
7/31/2019 3:00,0.024368134,0.008009418
7/31/2019 4:00,0.032704453,0.010749434
7/31/2019 5:00,0.023156325,0.007611116
7/31/2019 6:00,0.007855948,0.002582125
7/31/2019 7:00,0.000686331,0.000225586
7/31/2019 8:00,0.004054468,0.001332639
7/31/2019 9:00,0.006959705,0.002287544
7/31/2019 10:00,0.007271856,0.002390143
7/31/2019 11:00,0.004370011,0.001436353
7/31/2019 12:00,0.013958215,0.004587843
7/31/2019 13:00,0.036389231,0.011960562
7/31/2019 14:00,0.062358122,0.020496123
7/31/2019 15:00,0.0848538,0.027890095
7/31/2019 16:00,0.097551992,0.032063789
7/31/2019 17:00,0.066228368,0.021768212
7/31/2019 18:00,0.042954432,0.014118439
7/31/2019 19:00,0.023319337,0.007664695
7/31/2019 20:00,0.017350537,0.005702846
7/31/2019 21:00,0.028527529,0.009376545
7/31/2019 22:00,0.047531654,0.015622899
7/31/2019 23:00,0.122189066,0.040161604
08/01/2019 00:00,0.226190219,0.07434513
08/01/2019 01:00,0.264754396,0.087020562
08/01/2019 02:00,0.266329602,0.087538307
08/01/2019 03:00,0.234959245,0.077227369
08/01/2019 04:00,0.202843271,0.066671359
08/01/2019 05:00,0.207760125,0.068287451
08/01/2019 06:00,0.184905171,0.060775391
08/01/2019 07:00,0.107966263,0.035486795
08/01/2019 08:00,0.065215859,0.021435416
08/01/2019 09:00,0.044369803,0.014583649
08/01/2019 10:00,0.037051606,0.012178274
08/01/2019 11:00,0.030317297,0.009964814
08/01/2019 12:00,0.06353198,0.020881952
08/01/2019 13:00,0.127332085,0.041852032
08/01/2019 14:00,0.198382839,0.065205286
08/01/2019 15:00,0.217962361,0.071640764
08/01/2019 16:00,0.176832565,0.058122053
08/01/2019 17:00,0.139155018,0.045738043
08/01/2019 18:00,0.114500963,0.037634647
08/01/2019 19:00,0.076819426,0.025249324
08/01/2019 20:00,0.049928526,0.016410713
08/01/2019 21:00,0.037974805,0.012481715
08/01/2019 22:00,0.008471721,0.00278452
08/01/2019 23:00,0,0
08/02/2019 00:00,0.011843981,0.003892928
08/02/2019 01:00,0.031014658,0.010194025
08/02/2019 02:00,0.056024917,0.0184145
08/02/2019 03:00,0.087929051,0.028900881
08/02/2019 04:00,0.105057697,0.034530795
08/02/2019 05:00,0.099400764,0.032671451
08/02/2019 06:00,0.069401372,0.022811128
08/02/2019 07:00,0.041943865,0.013786282
08/02/2019 08:00,0.027133989,0.008918511
08/02/2019 09:00,0.026880587,0.008835222
08/02/2019 10:00,0.080225499,0.026368846
08/02/2019 11:00,0.097709127,0.032115437
08/02/2019 12:00,0.120327056,0.039549591
08/02/2019 13:00,0.138014019,0.045363014
08/02/2019 14:00,0.154962174,0.050933604
08/02/2019 15:00,0.143961875,0.04731798
08/02/2019 16:00,0.12430074,0.040855677
08/02/2019 17:00,0.110981776,0.036477946
08/02/2019 18:00,0.077763851,0.025559742
08/02/2019 19:00,0.056346439,0.018520179
08/02/2019 20:00,0.048948003,0.01608843
08/02/2019 21:00,0.044163183,0.014515736
08/02/2019 22:00,0.049810625,0.016371961
08/02/2019 23:00,0.054004197,0.017750321
08/03/2019 00:00,0.065993367,0.021690971
08/03/2019 01:00,0.067270251,0.022110662
08/03/2019 02:00,0.053405733,0.017553615
08/03/2019 03:00,0.04396859,0.014451777
08/03/2019 04:00,0.038035365,0.01250162
08/03/2019 05:00,0.029653251,0.009746552
08/03/2019 06:00,0.017942531,0.005897425
08/03/2019 07:00,0.014812759,0.004868718
08/03/2019 08:00,0.015068749,0.004952858
08/03/2019 09:00,0.017501003,0.005752302
08/03/2019 10:00,0.017879411,0.005876678
08/03/2019 11:00,0.016764652,0.005510275
08/03/2019 12:00,0.010878811,0.003575692
08/03/2019 13:00,0.008296832,0.002727037
08/03/2019 14:00,0.013312566,0.004375629
08/03/2019 15:00,0.017711321,0.00582143
08/03/2019 16:00,0.025297529,0.008314896
08/03/2019 17:00,0.035732181,0.0117446
08/03/2019 18:00,0.065743269,0.021608768
08/03/2019 19:00,0.093481569,0.030725906
08/03/2019 20:00,0.100461637,0.033020143
08/03/2019 21:00,0.113396302,0.037271562
08/03/2019 22:00,0.239009965,0.078558777
08/03/2019 23:00,0.2044223,0.067190361
08/04/2019 00:00,0.143355316,0.047118614
08/04/2019 01:00,0.119095305,0.039144734
08/04/2019 02:00,0.121100976,0.039803966
08/04/2019 03:00,0.131529983,0.043231815
08/04/2019 04:00,0.145141016,0.047705545
08/04/2019 05:00,0.165743965,0.054477407
08/04/2019 06:00,0.203934751,0.067030111
08/04/2019 07:00,0.225883745,0.074244397
08/04/2019 08:00,0.219266691,0.072069476
08/04/2019 09:00,0.212930307,0.069986807
08/04/2019 10:00,0.246311113,0.080958548
08/04/2019 11:00,0.22867915,0.075163202
08/04/2019 12:00,0.232489345,0.076415552
08/04/2019 13:00,0.268410639,0.088222311
08/04/2019 14:00,0.32837475,0.107931561
08/04/2019 15:00,0.329081687,0.10816392
08/04/2019 16:00,0.302784057,0.099520307
08/04/2019 17:00,0.292809394,0.096241794
08/04/2019 18:00,0.364251101,0.119723547
08/04/2019 19:00,0.451053731,0.148254192
08/04/2019 20:00,0.547801669,0.180053701
08/04/2019 21:00,0.670932475,0.22052484
08/04/2019 22:00,0.820919216,0.269823098
08/04/2019 23:00,0.973566273,0.319995759
08/05/2019 00:00,0.885349412,0.291000279
08/05/2019 01:00,1.113520506,0.365996491
08/05/2019 02:00,1.467372101,0.482301886
08/05/2019 03:00,1.577815031,0.518602722
08/05/2019 04:00,1.685825887,0.554104173
08/05/2019 05:00,1.774125271,0.583126777
08/05/2019 06:00,1.781942222,0.585696085
08/05/2019 07:00,1.790221525,0.58841736
08/05/2019 08:00,1.838491757,0.604283018
08/05/2019 09:00,1.820864677,0.598489277
08/05/2019 10:00,1.638380792,0.538509725
08/05/2019 11:00,1.495423757,0.49152202
08/05/2019 12:00,1.271916979,0.418058894
08/05/2019 13:00,1.177545369,0.387040446
08/05/2019 14:00,1.077674582,0.354214506
08/05/2019 15:00,0.999109353,0.328391364
08/05/2019 16:00,0.946142,0.310981837
08/05/2019 17:00,0.840134262,0.276138778
08/05/2019 18:00,0.703814553,0.231332656
08/05/2019 19:00,0.548604784,0.180317672
08/05/2019 20:00,0.467823731,0.153766224
08/05/2019 21:00,0.423204529,0.139100602
08/05/2019 22:00,0.231144246,0.07597344
08/05/2019 23:00,0.190682495,0.062674305
08/06/2019 00:00,0.178760988,0.058755895
08/06/2019 01:00,0.156590204,0.051468711
08/06/2019 02:00,0.146282543,0.048080747
08/06/2019 03:00,0.148357153,0.048762638
08/06/2019 04:00,0.149139075,0.049019644
08/06/2019 05:00,0.133087068,0.043743604
08/06/2019 06:00,0.156286668,0.051368944
08/06/2019 07:00,0.136850175,0.044980477
08/06/2019 08:00,0.108846894,0.035776244
08/06/2019 09:00,0.124158975,0.040809082
08/06/2019 10:00,0.224661382,0.073842625
08/06/2019 11:00,0.30582963,0.100521338
08/06/2019 12:00,0.322804423,0.106100683
08/06/2019 13:00,0.160476759,0.05274616
08/06/2019 14:00,0.133241901,0.043794495
08/06/2019 15:00,0.220045193,0.072325357
08/06/2019 16:00,0.306973711,0.100897379
08/06/2019 17:00,0.324698512,0.10672324
08/06/2019 18:00,0.310992949,0.102218439
08/06/2019 19:00,0.270171103,0.088800947
08/06/2019 20:00,0.287706943,0.094564699
08/06/2019 21:00,0.319043239,0.104864441
08/06/2019 22:00,0.322959434,0.106151633
08/06/2019 23:00,0.219548214,0.072162008
08/07/2019 00:00,0.157200421,0.05166928
08/07/2019 01:00,0.123029006,0.040437679
08/07/2019 02:00,0.140922529,0.046318996
08/07/2019 03:00,0.145211913,0.047728848
08/07/2019 04:00,0.188308608,0.061894046
08/07/2019 05:00,0.259467667,0.085282898
08/07/2019 06:00,0.348125321,0.11442326
08/07/2019 07:00,0.458256823,0.150621734
08/07/2019 08:00,0.532654641,0.175075114
08/07/2019 09:00,0.640075244,0.210382559
08/07/2019 10:00,0.577128301,0.189692899
08/07/2019 11:00,0.765069827,0.251466291
08/07/2019 12:00,0.870416018,0.28609191
08/07/2019 13:00,1.057644547,0.347630952
08/07/2019 14:00,1.310190473,0.430638783
08/07/2019 15:00,1.478128721,0.485837416
08/07/2019 16:00,1.617675738,0.531704302
08/07/2019 17:00,1.747295148,0.574308142
08/07/2019 18:00,1.829555895,0.601345942
08/07/2019 19:00,1.837318276,0.603897314
08/07/2019 20:00,1.769878127,0.581730808
08/07/2019 21:00,1.662473295,0.546428547
08/07/2019 22:00,1.299295311,0.427057717
08/07/2019 23:00,1.295992094,0.425972002
08/08/2019 00:00,1.242036348,0.408237606
08/08/2019 01:00,1.201903072,0.395046436
08/08/2019 02:00,1.234679418,0.4058195
08/08/2019 03:00,1.239738832,0.407482449
08/08/2019 04:00,1.136090764,0.373414976
08/08/2019 05:00,0.952296078,0.313004584
08/08/2019 06:00,0.815268882,0.267965923
08/08/2019 07:00,0.734910778,0.241553491
08/08/2019 08:00,0.691347138,0.227234815
08/08/2019 09:00,0.598893294,0.196846707
08/08/2019 10:00,0.497256932,0.16344045
08/08/2019 11:00,0.489640826,0.160937157
08/08/2019 12:00,0.549599506,0.180644622
08/08/2019 13:00,0.610851147,0.200777063
08/08/2019 14:00,0.587743687,0.193182008
08/08/2019 15:00,0.471416828,0.154947218
08/08/2019 16:00,0.395263988,0.12991699
08/08/2019 17:00,0.30681167,0.100844119
08/08/2019 18:00,0.309401854,0.101695471
08/08/2019 19:00,0.358830028,0.117941727
08/08/2019 20:00,0.397140598,0.130533802
08/08/2019 21:00,0.305483789,0.100407666
08/08/2019 22:00,0.200168883,0.06579233
08/08/2019 23:00,0.185257468,0.060891185
08/09/2019 00:00,0.132229275,0.043461661
08/09/2019 01:00,0.115747097,0.038044231
08/09/2019 02:00,0.145319141,0.047764092
08/09/2019 03:00,0.1749077,0.057489381
08/09/2019 04:00,0.26637268,0.087552466
08/09/2019 05:00,0.430431174,0.141475885
08/09/2019 06:00,0.692177835,0.227507852
08/09/2019 07:00,1.115972224,0.366802332
08/09/2019 08:00,1.740897268,0.572205261
08/09/2019 09:00,1.998242448,0.656790531
08/09/2019 10:00,2.080819322,0.683932237
08/09/2019 11:00,2.090332717,0.687059139
08/09/2019 12:00,2.12170796,0.697371682
08/09/2019 13:00,2.060891451,0.677382262
08/09/2019 14:00,2.082372283,0.68444267
08/09/2019 15:00,2.090979805,0.687271826
08/09/2019 16:00,2.092275368,0.687697657
08/09/2019 17:00,2.148578407,0.706203571
08/09/2019 18:00,2.246380544,0.738349579
08/09/2019 19:00,2.302612968,0.756832283
08/09/2019 20:00,2.31,0.759260283
08/09/2019 21:00,2.31,0.759260283
08/09/2019 22:00,2.306635799,0.758154524
08/09/2019 23:00,2.279933091,0.749377768
08/10/2019 00:00,2.305844987,0.757894596
08/10/2019 01:00,2.31,0.759260283
08/10/2019 02:00,2.286934598,0.751679052
08/10/2019 03:00,2.240737718,0.736494872
08/10/2019 04:00,2.147500744,0.70584936
08/10/2019 05:00,1.94604762,0.639634921
08/10/2019 06:00,1.511500271,0.496806114
08/10/2019 07:00,0.780722117,0.256610951
08/10/2019 08:00,0.635760922,0.20896451
08/10/2019 09:00,0.704232244,0.231469945
08/10/2019 10:00,0.448310732,0.147352612
08/10/2019 11:00,0.311496269,0.102383873
08/10/2019 12:00,0.209939691,0.06900384
08/10/2019 13:00,0.197836254,0.065025632
08/10/2019 14:00,0.245094275,0.080558592
08/10/2019 15:00,0.377070338,0.123937027
08/10/2019 16:00,0.564527908,0.18555135
08/10/2019 17:00,0.736600221,0.242108784
08/10/2019 18:00,0.96746005,0.317988741
08/10/2019 19:00,1.441805697,0.473898615
08/10/2019 20:00,1.760410418,0.578618923
08/10/2019 21:00,2.006955163,0.659654262
08/10/2019 22:00,2.077227254,0.682751581
08/10/2019 23:00,2.28287611,0.750345091
08/11/2019 00:00,2.308170098,0.758658823
08/11/2019 01:00,2.307310082,0.75837615
08/11/2019 02:00,2.289574587,0.752546774
08/11/2019 03:00,2.297324884,0.755094174
08/11/2019 04:00,2.302223856,0.756704388
08/11/2019 05:00,2.306611305,0.758146473
08/11/2019 06:00,2.302128017,0.756672887
08/11/2019 07:00,2.25830974,0.742270516
08/11/2019 08:00,2.200575556,0.723294208
08/11/2019 09:00,2.096406235,0.689055407
08/11/2019 10:00,2.034120467,0.668583066
08/11/2019 11:00,1.837931043,0.60409872
08/11/2019 12:00,1.57916193,0.519045426
08/11/2019 13:00,1.35847843,0.446510267
08/11/2019 14:00,1.235158912,0.405977102
08/11/2019 15:00,1.180943976,0.388157514
08/11/2019 16:00,1.05311685,0.346142769
08/11/2019 17:00,0.887851934,0.291822818
08/11/2019 18:00,0.783111136,0.257396183
08/11/2019 19:00,0.703990881,0.231390613
08/11/2019 20:00,0.605830884,0.199126982
08/11/2019 21:00,0.463010105,0.152184062
08/11/2019 22:00,0.447866771,0.147206689
08/11/2019 23:00,0.364880644,0.119930468
08/12/2019 00:00,0.361435541,0.118798117
08/12/2019 01:00,0.308769544,0.101487641
08/12/2019 02:00,0.23839588,0.078356937
08/12/2019 03:00,0.214295776,0.070435615
08/12/2019 04:00,0.19241519,0.063243815
08/12/2019 05:00,0.154808139,0.050882975
08/12/2019 06:00,0.134185835,0.044104751
08/12/2019 07:00,0.120841308,0.039718617
08/12/2019 08:00,0.101820679,0.033466839
08/12/2019 09:00,0.073372253,0.024116293
08/12/2019 10:00,0.039183806,0.012879094
08/12/2019 11:00,0.040241572,0.013226765
08/12/2019 12:00,0.039359271,0.012936767
08/12/2019 13:00,0.026735335,0.00878748
08/12/2019 14:00,0.01768574,0.005813022
08/12/2019 15:00,0.006986109,0.002296223
08/12/2019 16:00,0.003415308,0.001122557
08/12/2019 17:00,0.013187476,0.004334514
08/12/2019 18:00,0.027578615,0.009064652
08/12/2019 19:00,0.039659276,0.013035374
08/12/2019 20:00,0.057715575,0.018970192
08/12/2019 21:00,0.122295978,0.040196744
08/12/2019 22:00,0.12145075,0.039918931
08/12/2019 23:00,0.155240706,0.051025153
8/13/2019 0:00,0.167838231,0.055165759
8/13/2019 1:00,0.17553242,0.057694717
8/13/2019 2:00,0.217270781,0.071413452
8/13/2019 3:00,0.276694382,0.090945045
8/13/2019 4:00,0.296163719,0.097344307
8/13/2019 5:00,0.298888051,0.098239752
8/13/2019 6:00,0.296705848,0.097522496
8/13/2019 7:00,0.300702279,0.09883606
8/13/2019 8:00,0.348234046,0.114458996
8/13/2019 9:00,0.381535362,0.125404609
8/13/2019 10:00,0.504997172,0.165984544
8/13/2019 11:00,0.50814592,0.167019487
8/13/2019 12:00,0.439752227,0.144539567
8/13/2019 13:00,0.407780879,0.134031093
8/13/2019 14:00,0.511086511,0.167986012
8/13/2019 15:00,0.622779837,0.204697833
8/13/2019 16:00,0.719115786,0.236361929
8/13/2019 17:00,0.851393136,0.279839391
8/13/2019 18:00,0.857464677,0.28183501
8/13/2019 19:00,0.794567434,0.261161686
8/13/2019 20:00,0.723257016,0.237723085
8/13/2019 21:00,0.64254549,0.211194489
8/13/2019 22:00,0.702189493,0.230798525
8/13/2019 23:00,0.885851605,0.291165342
8/14/2019 0:00,0.913525636,0.300261356
8/14/2019 1:00,0.863002925,0.283655344
8/14/2019 2:00,0.862315454,0.283429384
8/14/2019 3:00,0.869434712,0.28576937
8/14/2019 4:00,0.867623305,0.28517399
8/14/2019 5:00,0.771811045,0.253682023
8/14/2019 6:00,0.675641805,0.222072722
8/14/2019 7:00,0.530951805,0.174515419
8/14/2019 8:00,0.34810533,0.114416689
8/14/2019 9:00,0.226985433,0.074606504
8/14/2019 10:00,0.182209836,0.059889477
8/14/2019 11:00,0.125003789,0.041086759
8/14/2019 12:00,0.115615124,0.038000854
8/14/2019 13:00,0.166733706,0.054802719
8/14/2019 14:00,0.292489649,0.096136699
8/14/2019 15:00,0.382382686,0.125683111
8/14/2019 16:00,0.458572843,0.150725605
8/14/2019 17:00,0.588791038,0.193526255
8/14/2019 18:00,0.751054173,0.246859569
8/14/2019 19:00,0.890197594,0.2925938
8/14/2019 20:00,1.270775533,0.417683719
8/14/2019 21:00,1.634020535,0.537076578
8/14/2019 22:00,1.340731632,0.440677177
8/14/2019 23:00,1.05934567,0.348190084
8/15/2019 0:00,0.957787394,0.314809493
8/15/2019 1:00,0.97885889,0.321735358
8/15/2019 2:00,0.63797983,0.20969383
8/15/2019 3:00,0.333193797,0.109515505
8/15/2019 4:00,0.122776849,0.040354799
8/15/2019 5:00,0.103166719,0.033909261
8/15/2019 6:00,0.270003313,0.088745797
8/15/2019 7:00,0.769267952,0.252846149
8/15/2019 8:00,1.429463607,0.469841967
8/15/2019 9:00,2.014817712,0.662238557
8/15/2019 10:00,1.932732504,0.635258454
8/15/2019 11:00,2.003875664,0.658642079
8/15/2019 12:00,1.952414912,0.641727748
8/15/2019 13:00,1.967221178,0.646594333
8/15/2019 14:00,1.982758722,0.651701276
8/15/2019 15:00,2.049325291,0.673580649
8/15/2019 16:00,1.760699303,0.578713875
8/15/2019 17:00,1.647996673,0.541670312
8/15/2019 18:00,1.412773055,0.464356047
8/15/2019 19:00,0.965151005,0.317229795
8/15/2019 20:00,0.466984249,0.1534903
8/15/2019 21:00,0.156631808,0.051482386
8/15/2019 22:00,0.061881799,0.020339564
8/15/2019 23:00,0.081159215,0.026675744
8/16/2019 0:00,0.3041334,0.099963814
8/16/2019 1:00,0.85908617,0.282367969
8/16/2019 2:00,1.371423802,0.450765205
8/16/2019 3:00,1.529498252,0.502721764
8/16/2019 4:00,1.501778422,0.493610697
8/16/2019 5:00,1.634592394,0.537264538
8/16/2019 6:00,1.809488688,0.59475017
8/16/2019 7:00,1.988466909,0.653577467
8/16/2019 8:00,2.135929316,0.702046016
8/16/2019 9:00,2.24096706,0.736570253
8/16/2019 10:00,2.250917178,0.739840698
8/16/2019 11:00,2.264945853,0.744451701
8/16/2019 12:00,2.301721044,0.756539122
8/16/2019 13:00,2.309161662,0.758984735
8/16/2019 14:00,2.287180066,0.751759733
8/16/2019 15:00,2.256615388,0.741713609
8/16/2019 16:00,2.01270346,0.661543636
8/16/2019 17:00,1.420626857,0.466937467
8/16/2019 18:00,0.784306988,0.25778924
8/16/2019 19:00,0.40700045,0.133774579
8/16/2019 20:00,0.262034313,0.086126514
8/16/2019 21:00,0.257858714,0.084754061
8/16/2019 22:00,0.227556765,0.074794292
8/16/2019 23:00,0.324689863,0.106720397
8/17/2019 0:00,0.342009723,0.11241316
8/17/2019 1:00,0.286998011,0.094331685
8/17/2019 2:00,0.173289526,0.056957513
8/17/2019 3:00,0.137170793,0.045085859
8/17/2019 4:00,0.130111908,0.042765716
8/17/2019 5:00,0.095249937,0.03130714
8/17/2019 6:00,0.092167562,0.030294013
8/17/2019 7:00,0.211456085,0.069502254
8/17/2019 8:00,0.524383903,0.172356654
8/17/2019 9:00,1.262783005,0.415056702
8/17/2019 10:00,1.951410811,0.641397716
8/17/2019 11:00,1.368775712,0.44989482
8/17/2019 12:00,1.063050822,0.349407908
8/17/2019 13:00,1.127785606,0.370685203
8/17/2019 14:00,0.808015395,0.265581817
8/17/2019 15:00,0.456384359,0.150006285
8/17/2019 16:00,0.312445108,0.102695741
8/17/2019 17:00,0.350248825,0.115121221
8/17/2019 18:00,0.681149073,0.223882873
8/17/2019 19:00,1.169484912,0.384391102
8/17/2019 20:00,1.663520103,0.546772617
8/17/2019 21:00,1.966271976,0.646282345
8/17/2019 22:00,2.219217779,0.72942161
8/17/2019 23:00,2.177385899,0.715672136
8/18/2019 0:00,2.075508558,0.682186673
8/18/2019 1:00,2.065836094,0.679007488
8/18/2019 2:00,2.072807446,0.68129886
8/18/2019 3:00,1.96601394,0.646197533
8/18/2019 4:00,1.77298773,0.582752886
8/18/2019 5:00,1.62141865,0.532934538
8/18/2019 6:00,1.487428706,0.488894173
8/18/2019 7:00,1.315921994,0.432522643
8/18/2019 8:00,1.106088617,0.363553747
8/18/2019 9:00,0.794008063,0.26097783
8/18/2019 10:00,0.329908715,0.108435751
8/18/2019 11:00,0.211161315,0.069405368
8/18/2019 12:00,0.204052218,0.067068721
8/18/2019 13:00,0.181795513,0.059753296
8/18/2019 14:00,0.054948596,0.01806073
8/18/2019 15:00,0.01589529,0.005224529
8/18/2019 16:00,0.064945949,0.021346701
8/18/2019 17:00,0.299591025,0.098470808
8/18/2019 18:00,0.540972339,0.177809009
8/18/2019 19:00,0.679011486,0.223180283
8/18/2019 20:00,0.821115632,0.269887657
8/18/2019 21:00,1.083463094,0.356117097
8/18/2019 22:00,1.291310115,0.42443311
8/18/2019 23:00,1.493918313,0.491027204
8/19/2019 0:00,1.594689772,0.524149181
8/19/2019 1:00,1.557075752,0.51178605
8/19/2019 2:00,1.63645557,0.537876935
8/19/2019 3:00,1.868163777,0.61403574
8/19/2019 4:00,2.010860296,0.660937817
8/19/2019 5:00,1.972067703,0.648187308
8/19/2019 6:00,1.749831494,0.575141799
8/19/2019 7:00,1.5843948,0.520765387
8/19/2019 8:00,1.515819097,0.498225643
8/19/2019 9:00,1.507056666,0.495345572
8/19/2019 10:00,1.529446206,0.502704658
8/19/2019 11:00,1.493348708,0.490839984
8/19/2019 12:00,1.588209436,0.522019197
8/19/2019 13:00,1.57123323,0.516439388
8/19/2019 14:00,1.374890955,0.451904803
8/19/2019 15:00,1.299442535,0.427106107
8/19/2019 16:00,1.229271032,0.404041849
8/19/2019 17:00,1.24296511,0.408542875
8/19/2019 18:00,1.205189222,0.396126541
8/19/2019 19:00,1.453866204,0.477862712
8/19/2019 20:00,1.644364275,0.5404764
8/19/2019 21:00,1.635583751,0.537590382
8/19/2019 22:00,1.366050846,0.4489992
8/19/2019 23:00,1.468017178,0.482513912
8/20/2019 0:00,1.49388453,0.4910161
8/20/2019 1:00,1.311073228,0.430928931
8/20/2019 2:00,1.330982617,0.437472831
8/20/2019 3:00,1.515020526,0.497963166
8/20/2019 4:00,1.650149263,0.542377834
8/20/2019 5:00,1.607321555,0.528301047
8/20/2019 6:00,1.483700429,0.487668748
8/20/2019 7:00,1.342466004,0.441247237
8/20/2019 8:00,1.138105451,0.374077172
8/20/2019 9:00,0.989421357,0.325207073
8/20/2019 10:00,0.725272743,0.238385623
8/20/2019 11:00,0.567578085,0.186553895
8/20/2019 12:00,0.550656865,0.180992159
8/20/2019 13:00,0.533480409,0.175346531
8/20/2019 14:00,0.398270452,0.130905167
8/20/2019 15:00,0.304666706,0.100139104
8/20/2019 16:00,0.257621285,0.084676022
8/20/2019 17:00,0.170509951,0.056043911
8/20/2019 18:00,0.066074451,0.021717622
8/20/2019 19:00,0.013802816,0.004536766
8/20/2019 20:00,0,0
8/20/2019 21:00,0.014918388,0.004903437
8/20/2019 22:00,0.189494529,0.06228384
8/20/2019 23:00,0.52938066,0.173999009
8/21/2019 0:00,0.711375487,0.233817815
8/21/2019 1:00,0.770647457,0.25329957
8/21/2019 2:00,0.827940193,0.272130782
8/21/2019 3:00,0.859003894,0.282340926
8/21/2019 4:00,0.849507426,0.279219588
8/21/2019 5:00,0.914414426,0.300553487
8/21/2019 6:00,1.009790639,0.331902133
8/21/2019 7:00,1.021492098,0.335748216
8/21/2019 8:00,1.104717785,0.363103177
8/21/2019 9:00,1.015203974,0.33368141
8/21/2019 10:00,0.774217293,0.254472918
8/21/2019 11:00,0.7747386,0.254644263
8/21/2019 12:00,0.889111248,0.292236735
8/21/2019 13:00,1.145763877,0.376594375
8/21/2019 14:00,1.514551444,0.497808986
8/21/2019 15:00,1.83597304,0.603455156
8/21/2019 16:00,2.018533543,0.663459891
8/21/2019 17:00,1.963609743,0.645407311
8/21/2019 18:00,2.004277421,0.65877413
8/21/2019 19:00,2.186888784,0.718795583
8/21/2019 20:00,2.128569983,0.69962712
8/21/2019 21:00,1.912701493,0.628674579
8/21/2019 22:00,1.290785296,0.42426061
8/21/2019 23:00,0.904004466,0.297131899
8/22/2019 0:00,0.714714782,0.234915389
8/22/2019 1:00,0.687335,0.225916089
8/22/2019 2:00,0.71216192,0.234076303
8/22/2019 3:00,0.83585423,0.274732
8/22/2019 4:00,1.027337845,0.33766962
8/22/2019 5:00,1.103591909,0.362733119
8/22/2019 6:00,1.151237344,0.378393416
8/22/2019 7:00,1.275539576,0.419249584
8/22/2019 8:00,1.385551966,0.455408908
8/22/2019 9:00,1.445580017,0.475139174
8/22/2019 10:00,1.36071893,0.447246684
8/22/2019 11:00,1.486906543,0.488722547
8/22/2019 12:00,1.574131848,0.517392118
8/22/2019 13:00,1.741717193,0.572474757
8/22/2019 14:00,1.956358392,0.643023908
8/22/2019 15:00,2.07275896,0.681282924
8/22/2019 16:00,2.263276346,0.743902961
8/22/2019 17:00,2.31,0.759260283
8/22/2019 18:00,2.31,0.759260283
8/22/2019 19:00,2.31,0.759260283
8/22/2019 20:00,2.31,0.759260283
8/22/2019 21:00,2.31,0.759260283
8/22/2019 22:00,2.31,0.759260283
8/22/2019 23:00,2.31,0.759260283
8/23/2019 0:00,2.305979944,0.757938955
8/23/2019 1:00,2.234657007,0.734496239
8/23/2019 2:00,2.068631708,0.679926362
8/23/2019 3:00,1.909656808,0.627673839
8/23/2019 4:00,1.380042593,0.453598065
8/23/2019 5:00,0.836690606,0.275006903
8/23/2019 6:00,0.321930435,0.105813417
8/23/2019 7:00,0.181433187,0.059634205
8/23/2019 8:00,0.118024496,0.038792776
8/23/2019 9:00,0.187700447,0.061694154
8/23/2019 10:00,1.30683303,0.429535245
8/23/2019 11:00,2.194385354,0.721259586
8/23/2019 12:00,2.31,0.759260283
8/23/2019 13:00,2.2581948,0.742232737
8/23/2019 14:00,1.954623811,0.642453778
8/23/2019 15:00,1.483138117,0.487483925
8/23/2019 16:00,1.158393773,0.380745621
8/23/2019 17:00,0.980323015,0.322216593
8/23/2019 18:00,0.708019793,0.232714852
8/23/2019 19:00,0.49032456,0.161161889
8/23/2019 20:00,0.391227851,0.128590376
8/23/2019 21:00,0.469659755,0.154369696
8/23/2019 22:00,0.592514102,0.194749967
8/23/2019 23:00,0.905959394,0.297774453
8/24/2019 0:00,1.354379702,0.445163081
8/24/2019 1:00,1.538543612,0.50569483
8/24/2019 2:00,1.521021849,0.499935705
8/24/2019 3:00,1.366762152,0.449232995
8/24/2019 4:00,1.220601643,0.401192359
8/24/2019 5:00,1.289136942,0.423718822
8/24/2019 6:00,1.395559788,0.45869832
8/24/2019 7:00,1.365325209,0.448760694
8/24/2019 8:00,1.217641964,0.400219559
8/24/2019 9:00,1.017756368,0.334520341
8/24/2019 10:00,0.795599067,0.261500767
8/24/2019 11:00,0.719977421,0.236645134
8/24/2019 12:00,0.529416255,0.174010708
8/24/2019 13:00,0.457326505,0.150315953
8/24/2019 14:00,0.3080841,0.101262347
8/24/2019 15:00,0.237656762,0.078114
8/24/2019 16:00,0.242051408,0.07955845
8/24/2019 17:00,0.301019474,0.098940317
8/24/2019 18:00,0.426991283,0.140345248
8/24/2019 19:00,0.381433373,0.125371087
8/24/2019 20:00,0.367121855,0.120667118
8/24/2019 21:00,0.357972723,0.117659944
8/24/2019 22:00,0.204536266,0.06722782
8/24/2019 23:00,0.162338533,0.053358095
8/25/2019 0:00,0.149248219,0.049055517
8/25/2019 1:00,0.157092693,0.051633871
8/25/2019 2:00,0.053400897,0.017552026
8/25/2019 3:00,0.028891357,0.00949613
8/25/2019 4:00,0.037519184,0.012331959
8/25/2019 5:00,0.014967626,0.004919621
8/25/2019 6:00,0,0
8/25/2019 7:00,0,0
8/25/2019 8:00,0.002601464,0.00085506
8/25/2019 9:00,0.012716886,0.004179838
8/25/2019 10:00,0.056719703,0.018642865
8/25/2019 11:00,0.119138623,0.039158972
8/25/2019 12:00,0.154925391,0.050921514
8/25/2019 13:00,0.202523008,0.066566094
8/25/2019 14:00,0.516984883,0.169924714
8/25/2019 15:00,0.981403458,0.322571717
8/25/2019 16:00,1.257621532,0.413360208
8/25/2019 17:00,1.40101507,0.460491385
8/25/2019 18:00,1.539206235,0.505912624
8/25/2019 19:00,1.600420372,0.526032738
8/25/2019 20:00,1.510720599,0.496549848
8/25/2019 21:00,1.017427009,0.334412086
8/25/2019 22:00,0.515033731,0.169283401
8/25/2019 23:00,0.46613262,0.153210383
8/26/2019 0:00,0.542719852,0.178383389
8/26/2019 1:00,0.368118747,0.120994781
8/26/2019 2:00,0.195873906,0.06438064
8/26/2019 3:00,0.177245769,0.058257867
8/26/2019 4:00,0.175115713,0.057557752
8/26/2019 5:00,0.180686319,0.059388721
8/26/2019 6:00,0.229070958,0.075291983
8/26/2019 7:00,0.317088356,0.104221903
8/26/2019 8:00,0.392861942,0.129127476
8/26/2019 9:00,0.348816929,0.11465058
8/26/2019 10:00,0.159895361,0.052555064
8/26/2019 11:00,0.10480847,0.034448878
8/26/2019 12:00,0.0759963,0.024978776
8/26/2019 13:00,0.055903768,0.01837468
8/26/2019 14:00,0.045565924,0.014976795
8/26/2019 15:00,0.019013581,0.006249462
8/26/2019 16:00,0.007596058,0.002496704
8/26/2019 17:00,0.002776214,0.000912497
8/26/2019 18:00,0.005855815,0.001924713
8/26/2019 19:00,0.003823673,0.00125678
8/26/2019 20:00,0,0
8/26/2019 21:00,0,0
8/26/2019 22:00,0.009944613,0.003268636
8/26/2019 23:00,0.026994986,0.008872823
8/27/2019 0:00,0.039423128,0.012957755
8/27/2019 1:00,0.050628918,0.016640921
8/27/2019 2:00,0.079196846,0.026030744
8/27/2019 3:00,0.11430105,0.037568938
8/27/2019 4:00,0.092641089,0.030449654
8/27/2019 5:00,0.053934758,0.017727498
8/27/2019 6:00,0.03558356,0.011695751
8/27/2019 7:00,0.014520413,0.004772629
8/27/2019 8:00,0,0
8/27/2019 9:00,0,0
8/27/2019 10:00,0,0
8/27/2019 11:00,0,0
8/27/2019 12:00,0.016664266,0.005477279
8/27/2019 13:00,0.026887467,0.008837483
8/27/2019 14:00,0.043168803,0.014188899
8/27/2019 15:00,0.063273303,0.020796929
8/27/2019 16:00,0.126422115,0.04155294
8/27/2019 17:00,0.307519708,0.10107684
8/27/2019 18:00,0.451846423,0.148514737
8/27/2019 19:00,0.479933696,0.157746577
8/27/2019 20:00,0.616824022,0.202740252
8/27/2019 21:00,0.812053775,0.266909169
8/27/2019 22:00,0.744399788,0.244672378
8/27/2019 23:00,0.410337995,0.134871577
8/28/2019 0:00,0.675085935,0.221890016
8/28/2019 1:00,0.71195034,0.23400676
8/28/2019 2:00,0.805476313,0.264747261
8/28/2019 3:00,0.866630705,0.284847738
8/28/2019 4:00,0.767006215,0.252102752
8/28/2019 5:00,0.660860423,0.217214317
8/28/2019 6:00,0.658419624,0.216412065
8/28/2019 7:00,0.813084955,0.267248101
8/28/2019 8:00,1.048663337,0.344678971
8/28/2019 9:00,1.141747512,0.375274259
8/28/2019 10:00,0.932582481,0.306525038
8/28/2019 11:00,0.929327974,0.305455333
8/28/2019 12:00,0.580787649,0.190895669
8/28/2019 13:00,0.236485481,0.077729019
8/28/2019 14:00,0.471168035,0.154865444
8/28/2019 15:00,1.016002581,0.333943899
8/28/2019 16:00,1.205821777,0.396334452
8/28/2019 17:00,1.171404655,0.385022091
8/28/2019 18:00,1.232528013,0.405112367
8/28/2019 19:00,1.152249534,0.378726107
8/28/2019 20:00,0.946145302,0.310982922
8/28/2019 21:00,0.706019264,0.23205731
8/28/2019 22:00,0.280393202,0.092160789
8/28/2019 23:00,0.267624289,0.08796385
8/29/2019 0:00,0.266379485,0.087554703
8/29/2019 1:00,0.25485605,0.083767133
8/29/2019 2:00,0.338634013,0.111303617
8/29/2019 3:00,0.424432699,0.139504282
8/29/2019 4:00,0.540667956,0.177708963
8/29/2019 5:00,0.530591435,0.174396971
8/29/2019 6:00,0.55865424,0.183620769
8/29/2019 7:00,0.635788006,0.208973412
8/29/2019 8:00,0.715420618,0.235147386
8/29/2019 9:00,0.81097487,0.26655455
8/29/2019 10:00,0.818323766,0.268970015
8/29/2019 11:00,1.173066335,0.385568258
8/29/2019 12:00,2.018573754,0.663473108
8/29/2019 13:00,2.233250333,0.734033887
8/29/2019 14:00,2.241524308,0.736753411
8/29/2019 15:00,2.18399333,0.717843893
8/29/2019 16:00,2.017395245,0.663085751
8/29/2019 17:00,1.811637062,0.595456307
8/29/2019 18:00,1.808731384,0.594501257
8/29/2019 19:00,1.832924519,0.602453156
8/29/2019 20:00,1.969146677,0.647227214
8/29/2019 21:00,2.123203666,0.697863297
8/29/2019 22:00,1.959004469,0.643893631
8/29/2019 23:00,2.027670148,0.666462948
8/30/2019 0:00,2.116958037,0.695810458
8/30/2019 1:00,2.137545135,0.70257711
8/30/2019 2:00,2.029377711,0.667024197
8/30/2019 3:00,2.052237886,0.674537973
8/30/2019 4:00,2.125144613,0.698501255
8/30/2019 5:00,2.005594808,0.659207135
8/30/2019 6:00,1.747468636,0.574365165
8/30/2019 7:00,1.317411653,0.43301227
8/30/2019 8:00,0.769562308,0.252942899
8/30/2019 9:00,0.350560942,0.115223809
8/30/2019 10:00,0.064128914,0.021078155
8/30/2019 11:00,0.044600663,0.014659529
8/30/2019 12:00,0.03509625,0.011535579
8/30/2019 13:00,0.102661798,0.033743301
8/30/2019 14:00,0.349267233,0.114798588
8/30/2019 15:00,0.537101511,0.176536729
8/30/2019 16:00,0.65242087,0.21444037
8/30/2019 17:00,0.76680793,0.252037578
8/30/2019 18:00,0.693863012,0.228061743
8/30/2019 19:00,0.53629032,0.176270104
8/30/2019 20:00,0.3844024,0.126346959
8/30/2019 21:00,0.232833203,0.076528573
8/30/2019 22:00,0.076943803,0.025290205
8/30/2019 23:00,0.04976627,0.016357382
8/31/2019 0:00,0.013906821,0.004570951
8/31/2019 1:00,0.006895752,0.002266524
8/31/2019 2:00,0.008849364,0.002908645
8/31/2019 3:00,0.047941151,0.015757494
8/31/2019 4:00,0.149468496,0.049127919
8/31/2019 5:00,0.492240646,0.161791676
8/31/2019 6:00,0.856224197,0.281427284
8/31/2019 7:00,1.291525066,0.424503761
8/31/2019 8:00,1.444831537,0.474893161
8/31/2019 9:00,1.637176622,0.538113933
8/31/2019 10:00,1.662865538,0.546557471
8/31/2019 11:00,2.048764263,0.673396248
8/31/2019 12:00,2.091189443,0.687340731
8/31/2019 13:00,1.839292398,0.604546176
8/31/2019 14:00,1.894309147,0.622629307
8/31/2019 15:00,2.083306955,0.684749882
8/31/2019 16:00,2.096995511,0.689249093
8/31/2019 17:00,1.935593576,0.636198842
8/31/2019 18:00,1.563549636,0.513913913
8/31/2019 19:00,1.264583972,0.415648651
8/31/2019 20:00,1.188056928,0.390495428
8/31/2019 21:00,1.057949598,0.347731217
8/31/2019 22:00,1.166405576,0.383378973
8/31/2019 23:00,1.145244117,0.376423538
09/01/2019 00:00,1.238411796,0.407046273
09/01/2019 01:00,1.272413491,0.41822209
09/01/2019 02:00,1.364580163,0.44851581
09/01/2019 03:00,1.396748342,0.459088979
09/01/2019 04:00,1.567564662,0.515233588
09/01/2019 05:00,1.663383377,0.546727677
09/01/2019 06:00,1.715891758,0.563986347
09/01/2019 07:00,1.584212417,0.520705441
09/01/2019 08:00,1.404287792,0.461567076
09/01/2019 09:00,1.189304737,0.390905563
09/01/2019 10:00,1.080705111,0.355210592
09/01/2019 11:00,1.078809316,0.354587475
09/01/2019 12:00,0.993319523,0.326488339
09/01/2019 13:00,0.790724276,0.259898501
09/01/2019 14:00,0.634229672,0.208461212
09/01/2019 15:00,0.458537974,0.150714144
09/01/2019 16:00,0.241006317,0.079214946
09/01/2019 17:00,0.127489791,0.041903868
09/01/2019 18:00,0.103360941,0.033973098
09/01/2019 19:00,0.118314974,0.038888251
09/01/2019 20:00,0.186405295,0.061268458
09/01/2019 21:00,0.249116429,0.08188061
09/01/2019 22:00,0.200448381,0.065884197
09/01/2019 23:00,0.256414168,0.084279261
09/02/2019 00:00,0.37685887,0.123867521
09/02/2019 01:00,0.491283331,0.161477022
09/02/2019 02:00,0.591132513,0.194295861
09/02/2019 03:00,0.564647383,0.18559062
09/02/2019 04:00,0.519911992,0.170886808
09/02/2019 05:00,0.731201277,0.240334238
09/02/2019 06:00,0.838681098,0.275661146
09/02/2019 07:00,0.864015585,0.283988189
09/02/2019 08:00,0.814716509,0.267784367
09/02/2019 09:00,0.677158108,0.222571107
09/02/2019 10:00,0.462668708,0.15207185
09/02/2019 11:00,0.783837381,0.257634888
09/02/2019 12:00,0.897586302,0.295022351
09/02/2019 13:00,0.883971946,0.290547528
09/02/2019 14:00,0.583761477,0.191873119
09/02/2019 15:00,0.08308374,0.027308305
09/02/2019 16:00,0.040682536,0.013371703
09/02/2019 17:00,0.072143608,0.023712457
09/02/2019 18:00,0.199704403,0.065639663
09/02/2019 19:00,0.393559532,0.129356763
09/02/2019 20:00,0.454614024,0.149424404
09/02/2019 21:00,0.323552113,0.106346437
09/02/2019 22:00,0.363909717,0.11961134
09/02/2019 23:00,0.405580381,0.133307825
09/03/2019 00:00,0.330086833,0.108494295
09/03/2019 01:00,0.211710021,0.069585719
09/03/2019 02:00,0.126941144,0.041723536
09/03/2019 03:00,0.072679953,0.023888745
09/03/2019 04:00,0.04776637,0.015700046
09/03/2019 05:00,0.038748006,0.012735854
09/03/2019 06:00,0.040759765,0.013397087
09/03/2019 07:00,0.032864479,0.010802032
09/03/2019 08:00,0.016406875,0.005392679
09/03/2019 09:00,0.003072399,0.001009849
09/03/2019 10:00,0,0
09/03/2019 11:00,0.014899082,0.004897092
09/03/2019 12:00,0.110084789,0.03618312
09/03/2019 13:00,0.332596706,0.109319251
09/03/2019 14:00,0.566348423,0.186149724
09/03/2019 15:00,0.784094244,0.257719315
09/03/2019 16:00,1.070034597,0.351703364
09/03/2019 17:00,1.283986443,0.422025935
09/03/2019 18:00,1.432290188,0.470771019
09/03/2019 19:00,1.415328231,0.465195893
09/03/2019 20:00,1.097622808,0.36077117
09/03/2019 21:00,1.293741774,0.425232357
09/03/2019 22:00,2.136911078,0.702368705
09/03/2019 23:00,2.067942303,0.679699765
09/04/2019 00:00,1.787086988,0.587387087
09/04/2019 01:00,1.498757622,0.492617808
09/04/2019 02:00,1.237054104,0.406600021
09/04/2019 03:00,1.02378253,0.336501045
09/04/2019 04:00,0.895486507,0.294332181
09/04/2019 05:00,0.662636382,0.217798046
09/04/2019 06:00,0.42809195,0.14070702
09/04/2019 07:00,0.294193208,0.096696631
09/04/2019 08:00,0.27750294,0.091210806
09/04/2019 09:00,0.252219056,0.082900395
09/04/2019 10:00,0.224998634,0.073953475
09/04/2019 11:00,0.369140064,0.121330472
09/04/2019 12:00,0.406648294,0.133658831
09/04/2019 13:00,1.491690385,0.490294919
09/04/2019 14:00,2.31,0.759260283
09/04/2019 15:00,2.31,0.759260283
09/04/2019 16:00,2.31,0.759260283
09/04/2019 17:00,2.31,0.759260283
09/04/2019 18:00,2.31,0.759260283
09/04/2019 19:00,2.31,0.759260283
09/04/2019 20:00,2.31,0.759260283
09/04/2019 21:00,2.31,0.759260283
09/04/2019 22:00,2.31,0.759260283
09/04/2019 23:00,2.31,0.759260283
09/05/2019 00:00,2.31,0.759260283
09/05/2019 01:00,2.302403777,0.756763525
09/05/2019 02:00,2.154765517,0.708237176
09/05/2019 03:00,1.895385762,0.622983173
09/05/2019 04:00,1.565512271,0.514559
09/05/2019 05:00,1.095277012,0.360000145
09/05/2019 06:00,1.038653493,0.341388894
09/05/2019 07:00,0.723219096,0.237710621
09/05/2019 08:00,0.502609204,0.165199657
09/05/2019 09:00,0.347058485,0.114072607
09/05/2019 10:00,0.527762847,0.173467259
09/05/2019 11:00,0.671339063,0.220658479
09/05/2019 12:00,1.145929692,0.376648875
09/05/2019 13:00,1.698165559,0.558160027
09/05/2019 14:00,1.836245583,0.603544736
09/05/2019 15:00,2.020176458,0.663999891
09/05/2019 16:00,2.252987115,0.740521054
09/05/2019 17:00,2.257322882,0.741946152
09/05/2019 18:00,2.183848042,0.717796139
09/05/2019 19:00,2.105345129,0.69199348
09/05/2019 20:00,2.227836057,0.732254301
09/05/2019 21:00,2.169827821,0.713187916
09/05/2019 22:00,2.083912527,0.684948924
09/05/2019 23:00,2.214895567,0.728000968
09/06/2019 00:00,2.230906209,0.733263411
09/06/2019 01:00,2.169181951,0.712975629
09/06/2019 02:00,2.164728694,0.711511914
09/06/2019 03:00,1.993487692,0.655227718
09/06/2019 04:00,1.854983039,0.60970344
09/06/2019 05:00,1.948590815,0.640470828
09/06/2019 06:00,2.012396869,0.661442864
09/06/2019 07:00,2.008987638,0.660322304
09/06/2019 08:00,1.98428705,0.652203614
09/06/2019 09:00,1.943141751,0.638679808
09/06/2019 10:00,1.958281117,0.643655877
09/06/2019 11:00,1.82351224,0.599359489
09/06/2019 12:00,1.606161598,0.527919788
09/06/2019 13:00,1.675465558,0.550698898
09/06/2019 14:00,1.949772448,0.640859213
09/06/2019 15:00,2.107179693,0.692596472
09/06/2019 16:00,2.193312581,0.720906983
09/06/2019 17:00,2.117428911,0.695965227
09/06/2019 18:00,2.008606106,0.660196901
09/06/2019 19:00,1.915031622,0.629440455
09/06/2019 20:00,1.762436872,0.579284986
09/06/2019 21:00,1.569435487,0.515848499
09/06/2019 22:00,1.625770109,0.534364793
09/06/2019 23:00,1.68732952,0.554598393
09/07/2019 00:00,1.592424748,0.523404703
09/07/2019 01:00,1.459043821,0.479564513
09/07/2019 02:00,1.534929426,0.504506905
09/07/2019 03:00,1.537461386,0.50533912
09/07/2019 04:00,1.434440054,0.471477646
09/07/2019 05:00,1.287102932,0.423050275
09/07/2019 06:00,1.058287299,0.347842214
09/07/2019 07:00,0.839551961,0.275947385
09/07/2019 08:00,0.652807059,0.214567304
09/07/2019 09:00,0.352287987,0.115791462
09/07/2019 10:00,0.197166653,0.064805545
09/07/2019 11:00,0.129971467,0.042719555
09/07/2019 12:00,0.177550998,0.058358191
09/07/2019 13:00,0.199655813,0.065623692
09/07/2019 14:00,0.158845607,0.052210026
09/07/2019 15:00,0.116094171,0.038158309
09/07/2019 16:00,0.086641968,0.028477838
09/07/2019 17:00,0.044287742,0.014556677
09/07/2019 18:00,0.029084691,0.009559676
09/07/2019 19:00,0.023522795,0.007731569
09/07/2019 20:00,0.01415591,0.004652823
09/07/2019 21:00,0.004805465,0.00157948
09/07/2019 22:00,0,0
09/07/2019 23:00,0.024344855,0.008001767
09/08/2019 00:00,0.080994528,0.026621614
09/08/2019 01:00,0.131057236,0.04307643
09/08/2019 02:00,0.261284736,0.08588014
09/08/2019 03:00,0.390760647,0.128436814
09/08/2019 04:00,0.423713158,0.13926778
09/08/2019 05:00,0.342270265,0.112498796
09/08/2019 06:00,0.376138628,0.123630788
09/08/2019 07:00,0.483090579,0.158784195
09/08/2019 08:00,0.57152253,0.187850372
09/08/2019 09:00,0.59654263,0.196074081
09/08/2019 10:00,0.717945528,0.235977283
09/08/2019 11:00,0.72109364,0.237012018
09/08/2019 12:00,0.856126362,0.281395127
09/08/2019 13:00,0.935953783,0.307633132
09/08/2019 14:00,0.853406964,0.280501304
09/08/2019 15:00,0.909018854,0.298780048
09/08/2019 16:00,1.002468355,0.329495414
09/08/2019 17:00,1.251279307,0.411275619
09/08/2019 18:00,1.290889291,0.424294792
09/08/2019 19:00,1.327396569,0.436294154
09/08/2019 20:00,1.613045617,0.530182455
09/08/2019 21:00,1.823878831,0.599479982
09/08/2019 22:00,1.584624448,0.520840869
09/08/2019 23:00,1.349514932,0.443564108
09/09/2019 00:00,1.1152445,0.366563141
09/09/2019 01:00,1.212360222,0.398483535
09/09/2019 02:00,1.526086109,0.501600247
09/09/2019 03:00,1.587815631,0.52188976
09/09/2019 04:00,1.450475143,0.476748124
09/09/2019 05:00,1.40541243,0.461936727
09/09/2019 06:00,1.583246134,0.520387839
09/09/2019 07:00,1.799079502,0.591328836
09/09/2019 08:00,1.853136684,0.609096573
09/09/2019 09:00,1.93544998,0.636151645
09/09/2019 10:00,1.538570045,0.505703518
09/09/2019 11:00,1.56723475,0.515125151
09/09/2019 12:00,1.435100961,0.471694875
09/09/2019 13:00,1.316821877,0.43281842
09/09/2019 14:00,1.138518998,0.374213098
09/09/2019 15:00,0.85913847,0.282385159
09/09/2019 16:00,0.681051309,0.22385074
09/09/2019 17:00,0.503022733,0.165335577
09/09/2019 18:00,0.387747752,0.127446523
09/09/2019 19:00,0.250095552,0.082202433
09/09/2019 20:00,0.111958969,0.036799134
09/09/2019 21:00,0.034891739,0.01146836
09/09/2019 22:00,0.039620078,0.01302249
09/09/2019 23:00,0.169638064,0.055757335
09/10/2019 00:00,0.509276351,0.167391042
09/10/2019 01:00,0.800406209,0.263080799
09/10/2019 02:00,0.937651692,0.308191207
09/10/2019 03:00,0.8412526,0.276506358
09/10/2019 04:00,0.558663512,0.183623817
09/10/2019 05:00,0.28732506,0.09443918
09/10/2019 06:00,0.139246817,0.045768215
09/10/2019 07:00,0.121752939,0.040018256
09/10/2019 08:00,0.223535719,0.073472638
09/10/2019 09:00,0.206671176,0.067929531
09/10/2019 10:00,0.121016309,0.039776137
09/10/2019 11:00,0.174173791,0.057248157
09/10/2019 12:00,0.287229047,0.094407622
09/10/2019 13:00,0.38594322,0.126853402
09/10/2019 14:00,0.790413572,0.259796378
09/10/2019 15:00,1.1330811,0.372425748
09/10/2019 16:00,1.54698164,0.508468276
09/10/2019 17:00,2.014306945,0.662070676
09/10/2019 18:00,2.284649672,0.750928033
09/10/2019 19:00,2.31,0.759260283
09/10/2019 20:00,2.31,0.759260283
09/10/2019 21:00,2.31,0.759260283
09/10/2019 22:00,2.31,0.759260283
09/10/2019 23:00,2.31,0.759260283
09/11/2019 00:00,2.31,0.759260283
09/11/2019 01:00,2.31,0.759260283
09/11/2019 02:00,2.31,0.759260283
09/11/2019 03:00,2.24122085,0.73665367
09/11/2019 04:00,2.249807952,0.739476114
09/11/2019 05:00,2.31,0.759260283
09/11/2019 06:00,2.31,0.759260283
09/11/2019 07:00,2.31,0.759260283
09/11/2019 08:00,2.31,0.759260283
09/11/2019 09:00,2.31,0.759260283
09/11/2019 10:00,2.31,0.759260283
09/11/2019 11:00,2.31,0.759260283
09/11/2019 12:00,2.31,0.759260283
09/11/2019 13:00,2.31,0.759260283
09/11/2019 14:00,2.31,0.759260283
09/11/2019 15:00,2.31,0.759260283
09/11/2019 16:00,2.31,0.759260283
09/11/2019 17:00,2.31,0.759260283
09/11/2019 18:00,2.31,0.759260283
09/11/2019 19:00,2.31,0.759260283
09/11/2019 20:00,2.31,0.759260283
09/11/2019 21:00,2.30385764,0.757241387
09/11/2019 22:00,2.301921239,0.756604923
09/11/2019 23:00,2.280378802,0.749524266
09/12/2019 00:00,2.230046717,0.73298091
09/12/2019 01:00,2.288342971,0.752141962
09/12/2019 02:00,2.266747813,0.745043977
09/12/2019 03:00,2.234694445,0.734508544
09/12/2019 04:00,2.165659973,0.71181801
09/12/2019 05:00,2.023828183,0.665200155
09/12/2019 06:00,1.990820555,0.654351073
09/12/2019 07:00,1.932244966,0.635098208
09/12/2019 08:00,1.945441468,0.639435688
09/12/2019 09:00,1.970451392,0.647656053
09/12/2019 10:00,2.144827665,0.704970762
09/12/2019 11:00,2.18364224,0.717728496
09/12/2019 12:00,2.221549968,0.730188163
09/12/2019 13:00,2.27523282,0.747832863
09/12/2019 14:00,2.294786629,0.75425989
09/12/2019 15:00,2.259228747,0.742572579
09/12/2019 16:00,2.214830602,0.727979614
09/12/2019 17:00,2.13873077,0.702966809
09/12/2019 18:00,2.098200955,0.689645303
09/12/2019 19:00,2.094647889,0.688477467
09/12/2019 20:00,2.088785834,0.686550703
09/12/2019 21:00,2.240030995,0.736262583
09/12/2019 22:00,2.283106551,0.750420834
09/12/2019 23:00,2.294475657,0.754157678
9/13/2019 0:00,2.279681085,0.749294938
9/13/2019 1:00,2.274832157,0.747701172
9/13/2019 2:00,2.304844885,0.757565879
9/13/2019 3:00,2.31,0.759260283
9/13/2019 4:00,2.31,0.759260283
9/13/2019 5:00,2.31,0.759260283
9/13/2019 6:00,2.31,0.759260283
9/13/2019 7:00,2.31,0.759260283
9/13/2019 8:00,2.31,0.759260283
9/13/2019 9:00,2.31,0.759260283
9/13/2019 10:00,2.31,0.759260283
9/13/2019 11:00,2.31,0.759260283
9/13/2019 12:00,2.31,0.759260283
9/13/2019 13:00,2.31,0.759260283
9/13/2019 14:00,2.31,0.759260283
9/13/2019 15:00,2.31,0.759260283
9/13/2019 16:00,2.309884423,0.759222295
9/13/2019 17:00,2.251436434,0.74001137
9/13/2019 18:00,2.218756097,0.729269862
9/13/2019 19:00,2.178518648,0.716044452
9/13/2019 20:00,2.039998775,0.670515172
9/13/2019 21:00,2.104474376,0.691707277
9/13/2019 22:00,2.091197109,0.687343251
9/13/2019 23:00,2.071977695,0.681026135
9/14/2019 0:00,2.032732517,0.668126869
9/14/2019 1:00,2.020674575,0.664163615
9/14/2019 2:00,1.900467658,0.624653512
9/14/2019 3:00,1.880811746,0.618192926
9/14/2019 4:00,1.800190633,0.591694048
9/14/2019 5:00,1.814932912,0.5965396
9/14/2019 6:00,2.02786905,0.666528324
9/14/2019 7:00,2.20907937,0.726089276
9/14/2019 8:00,2.31,0.759260283
9/14/2019 9:00,2.31,0.759260283
9/14/2019 10:00,2.31,0.759260283
9/14/2019 11:00,2.31,0.759260283
9/14/2019 12:00,2.31,0.759260283
9/14/2019 13:00,2.31,0.759260283
9/14/2019 14:00,2.31,0.759260283
9/14/2019 15:00,2.31,0.759260283
9/14/2019 16:00,2.31,0.759260283
9/14/2019 17:00,2.31,0.759260283
9/14/2019 18:00,2.31,0.759260283
9/14/2019 19:00,2.31,0.759260283
9/14/2019 20:00,2.31,0.759260283
9/14/2019 21:00,2.31,0.759260283
9/14/2019 22:00,2.31,0.759260283
9/14/2019 23:00,2.31,0.759260283
9/15/2019 0:00,2.31,0.759260283
9/15/2019 1:00,2.31,0.759260283
9/15/2019 2:00,0,0
9/15/2019 3:00,0,0
9/15/2019 4:00,0,0
9/15/2019 5:00,0,0
9/15/2019 6:00,2.31,0.759260283
9/15/2019 7:00,2.31,0.759260283
9/15/2019 8:00,2.31,0.759260283
9/15/2019 9:00,2.31,0.759260283
9/15/2019 10:00,2.31,0.759260283
9/15/2019 11:00,2.31,0.759260283
9/15/2019 12:00,2.31,0.759260283
9/15/2019 13:00,2.31,0.759260283
9/15/2019 14:00,2.31,0.759260283
9/15/2019 15:00,2.31,0.759260283
9/15/2019 16:00,2.31,0.759260283
9/15/2019 17:00,2.31,0.759260283
9/15/2019 18:00,2.263012257,0.743816159
9/15/2019 19:00,2.243674174,0.737460038
9/15/2019 20:00,2.149201659,0.706408424
9/15/2019 21:00,2.1110339,0.693863289
9/15/2019 22:00,2.062862684,0.678030175
9/15/2019 23:00,1.95598885,0.642902445
9/16/2019 0:00,2.035614343,0.669074079
9/16/2019 1:00,2.178629559,0.716080907
9/16/2019 2:00,2.276171197,0.748141293
9/16/2019 3:00,2.300961426,0.756289447
9/16/2019 4:00,2.302423591,0.756770038
9/16/2019 5:00,2.301531426,0.756476797
9/16/2019 6:00,2.301647415,0.756514921
9/16/2019 7:00,2.302269325,0.756719333
9/16/2019 8:00,2.31,0.759260283
9/16/2019 9:00,2.31,0.759260283
9/16/2019 10:00,2.30323853,0.757037895
9/16/2019 11:00,2.307213375,0.758344363
9/16/2019 12:00,2.31,0.759260283
9/16/2019 13:00,2.31,0.759260283
9/16/2019 14:00,2.31,0.759260283
9/16/2019 15:00,2.31,0.759260283
9/16/2019 16:00,2.31,0.759260283
9/16/2019 17:00,2.31,0.759260283
9/16/2019 18:00,2.31,0.759260283
9/16/2019 19:00,2.31,0.759260283
9/16/2019 20:00,2.31,0.759260283
9/16/2019 21:00,2.31,0.759260283
9/16/2019 22:00,2.31,0.759260283
9/16/2019 23:00,2.31,0.759260283
9/17/2019 0:00,2.31,0.759260283
9/17/2019 1:00,2.31,0.759260283
9/17/2019 2:00,2.31,0.759260283
9/17/2019 3:00,2.31,0.759260283
9/17/2019 4:00,2.31,0.759260283
9/17/2019 5:00,2.31,0.759260283
9/17/2019 6:00,2.31,0.759260283
9/17/2019 7:00,2.290714994,0.752921608
9/17/2019 8:00,2.241963407,0.736897736
9/17/2019 9:00,2.141978043,0.704034136
9/17/2019 10:00,2.085633614,0.685514618
9/17/2019 11:00,1.833404655,0.602610969
9/17/2019 12:00,1.470893039,0.483459162
9/17/2019 13:00,1.393831437,0.458130239
9/17/2019 14:00,1.300387323,0.427416644
9/17/2019 15:00,1.111145014,0.365215705
9/17/2019 16:00,0.951183939,0.312639042
9/17/2019 17:00,0.776289837,0.25515413
9/17/2019 18:00,0.540032288,0.177500029
9/17/2019 19:00,0.365556774,0.120152701
9/17/2019 20:00,0.227843054,0.07488839
9/17/2019 21:00,0.131261584,0.043143596
9/17/2019 22:00,0.066304753,0.021793318
9/17/2019 23:00,0.015592653,0.005125057
9/18/2019 0:00,0.001422415,0.000467525
9/18/2019 1:00,0,0
9/18/2019 2:00,0,0
9/18/2019 3:00,0,0
9/18/2019 4:00,0,0
9/18/2019 5:00,0,0
9/18/2019 6:00,0.007477835,0.002457845
9/18/2019 7:00,0.032283855,0.01061119
9/18/2019 8:00,0.060854915,0.020002043
9/18/2019 9:00,0.092968631,0.030557311
9/18/2019 10:00,0.171327819,0.056312731
9/18/2019 11:00,0.18080059,0.05942628
9/18/2019 12:00,0.163808876,0.053841374
9/18/2019 13:00,0.177054885,0.058195127
9/18/2019 14:00,0.145975582,0.047979854
9/18/2019 15:00,0.13361976,0.043918691
9/18/2019 16:00,0.15047807,0.04945975
9/18/2019 17:00,0.217504619,0.071490311
9/18/2019 18:00,0.186159469,0.061187659
9/18/2019 19:00,0.271681962,0.089297543
9/18/2019 20:00,0.344923914,0.113371008
9/18/2019 21:00,0.462832426,0.152125662
9/18/2019 22:00,0.646620055,0.212533734
9/18/2019 23:00,0.760522224,0.249971567
9/19/2019 0:00,0.910825589,0.299373894
9/19/2019 1:00,0.853216489,0.280438698
9/19/2019 2:00,0.605224189,0.198927571
9/19/2019 3:00,0.598439964,0.196697704
9/19/2019 4:00,0.864823141,0.28425362
9/19/2019 5:00,0.907700987,0.298346887
9/19/2019 6:00,0.891941687,0.293167055
9/19/2019 7:00,1.176449057,0.386680105
9/19/2019 8:00,1.369437626,0.450112381
9/19/2019 9:00,1.556017653,0.51143827
9/19/2019 10:00,1.789744235,0.588260482
9/19/2019 11:00,1.642776946,0.539954671
9/19/2019 12:00,1.736986353,0.570919805
9/19/2019 13:00,1.793570601,0.589518148
9/19/2019 14:00,1.758509698,0.577994186
9/19/2019 15:00,1.730381932,0.568749037
9/19/2019 16:00,1.754970707,0.576830976
9/19/2019 17:00,1.866112834,0.613361627
9/19/2019 18:00,1.923236169,0.632137159
9/19/2019 19:00,1.715594477,0.563888636
9/19/2019 20:00,1.411859025,0.46405562
9/19/2019 21:00,1.31350229,0.431727325
9/19/2019 22:00,1.201713761,0.394984212
9/19/2019 23:00,1.14168775,0.375254616
9/20/2019 0:00,1.042982173,0.342811662
9/20/2019 1:00,0.866947376,0.284951823
9/20/2019 2:00,0.67818835,0.222909731
9/20/2019 3:00,0.484553067,0.159264891
9/20/2019 4:00,0.34541228,0.113531526
9/20/2019 5:00,0.245218404,0.080599392
9/20/2019 6:00,0.181582813,0.059683385
9/20/2019 7:00,0.160159017,0.052641723
9/20/2019 8:00,0.1877755,0.061718822
9/20/2019 9:00,0.239058309,0.078574666
9/20/2019 10:00,0.304142821,0.099966911
9/20/2019 11:00,0.363179479,0.119371322
9/20/2019 12:00,0.350254529,0.115123097
9/20/2019 13:00,0.298275723,0.098038489
9/20/2019 14:00,0.286177945,0.094062142
9/20/2019 15:00,0.267110925,0.087795115
9/20/2019 16:00,0.251010021,0.082503004
9/20/2019 17:00,0.283691336,0.093244833
9/20/2019 18:00,0.351443828,0.115514
9/20/2019 19:00,0.451888671,0.148528624
9/20/2019 20:00,0.559634977,0.183943122
9/20/2019 21:00,0.628370236,0.206535309
9/20/2019 22:00,0.707515741,0.232549178
9/20/2019 23:00,1.082014555,0.355640986
9/21/2019 0:00,1.511352305,0.49675748
9/21/2019 1:00,1.766959599,0.580771535
9/21/2019 2:00,1.921730418,0.631642243
9/21/2019 3:00,2.010401312,0.660786956
9/21/2019 4:00,2.093221292,0.688008567
9/21/2019 5:00,2.1034637,0.691375084
9/21/2019 6:00,2.092043138,0.687621327
9/21/2019 7:00,2.107188936,0.69259951
9/21/2019 8:00,2.167171052,0.712314678
9/21/2019 9:00,2.246318371,0.738329144
9/21/2019 10:00,2.296206778,0.75472667
9/21/2019 11:00,2.31,0.759260283
9/21/2019 12:00,2.31,0.759260283
9/21/2019 13:00,2.31,0.759260283
9/21/2019 14:00,2.31,0.759260283
9/21/2019 15:00,2.31,0.759260283
9/21/2019 16:00,2.31,0.759260283
9/21/2019 17:00,2.31,0.759260283
9/21/2019 18:00,2.31,0.759260283
9/21/2019 19:00,2.31,0.759260283
9/21/2019 20:00,2.31,0.759260283
9/21/2019 21:00,2.31,0.759260283
9/21/2019 22:00,2.31,0.759260283
9/21/2019 23:00,2.31,0.759260283
9/22/2019 0:00,2.31,0.759260283
9/22/2019 1:00,2.309020232,0.758938249
9/22/2019 2:00,2.292386878,0.75347113
9/22/2019 3:00,2.270189348,0.746175154
9/22/2019 4:00,2.264523904,0.744313013
9/22/2019 5:00,2.258779841,0.742425031
9/22/2019 6:00,2.242894197,0.737203672
9/22/2019 7:00,2.226196135,0.731715285
9/22/2019 8:00,2.216939517,0.728672781
9/22/2019 9:00,2.219663885,0.729568238
9/22/2019 10:00,2.182034637,0.717200102
9/22/2019 11:00,2.189281829,0.719582139
9/22/2019 12:00,2.16635711,0.712047148
9/22/2019 13:00,2.182355994,0.717305727
9/22/2019 14:00,2.202839941,0.724038475
9/22/2019 15:00,2.21481173,0.727973412
9/22/2019 16:00,2.190539788,0.71999561
9/22/2019 17:00,2.15006997,0.706693824
9/22/2019 18:00,2.124767129,0.698377182
9/22/2019 19:00,2.096048695,0.68893789
9/22/2019 20:00,2.061567484,0.677604464
9/22/2019 21:00,2.050115971,0.673840533
9/22/2019 22:00,1.984525426,0.652281964
9/22/2019 23:00,2.046143828,0.672534953
9/23/2019 0:00,2.009108311,0.660361967
9/23/2019 1:00,2.000413622,0.657504161
9/23/2019 2:00,2.072331735,0.681142502
9/23/2019 3:00,2.101053878,0.690583014
9/23/2019 4:00,2.115513832,0.695335771
9/23/2019 5:00,2.037099893,0.669562355
9/23/2019 6:00,1.986850209,0.653046083
9/23/2019 7:00,2.003111669,0.658390966
9/23/2019 8:00,2.013976894,0.661962193
9/23/2019 9:00,1.984467846,0.652263038
9/23/2019 10:00,2.045711059,0.672392709
9/23/2019 11:00,2.049821694,0.673743809
9/23/2019 12:00,1.985661571,0.652655397
9/23/2019 13:00,1.931983225,0.635012177
9/23/2019 14:00,1.873112415,0.615662278
9/23/2019 15:00,1.858903713,0.610992104
9/23/2019 16:00,1.963871868,0.645493468
9/23/2019 17:00,2.08307975,0.684675204
9/23/2019 18:00,2.133882105,0.70137313
9/23/2019 19:00,2.153435818,0.707800125
9/23/2019 20:00,2.131071483,0.700449323
9/23/2019 21:00,2.060511933,0.677257521
9/23/2019 22:00,1.976905941,0.64977756
9/23/2019 23:00,1.903857124,0.625767575
9/24/2019 0:00,1.885036043,0.619581385
9/24/2019 1:00,1.85626659,0.610125323
9/24/2019 2:00,1.955804838,0.642841963
9/24/2019 3:00,2.082710856,0.684553954
9/24/2019 4:00,2.16658894,0.712123347
9/24/2019 5:00,2.241267746,0.736669083
9/24/2019 6:00,2.269651816,0.745998476
9/24/2019 7:00,2.286152351,0.75142194
9/24/2019 8:00,2.285356771,0.751160445
9/24/2019 9:00,2.285539768,0.751220593
9/24/2019 10:00,2.264675649,0.744362889
9/24/2019 11:00,2.230103674,0.732999631
9/24/2019 12:00,2.169703149,0.713146938
9/24/2019 13:00,2.061926177,0.67772236
9/24/2019 14:00,1.918618324,0.630619347
9/24/2019 15:00,1.949214234,0.640675736
9/24/2019 16:00,1.867611395,0.61385418
9/24/2019 17:00,1.698931464,0.558411768
9/24/2019 18:00,1.544501102,0.507652963
9/24/2019 19:00,1.568891022,0.515669542
9/24/2019 20:00,1.727023576,0.567645199
9/24/2019 21:00,1.860535526,0.611528455
9/24/2019 22:00,1.976185825,0.649540869
9/24/2019 23:00,2.110698365,0.693753003
9/25/2019 0:00,2.119581085,0.696672612
9/25/2019 1:00,2.052902115,0.674756295
9/25/2019 2:00,2.105103244,0.691913976
9/25/2019 3:00,2.124218382,0.698196818
9/25/2019 4:00,2.117521384,0.695995621
9/25/2019 5:00,2.200387347,0.723232346
9/25/2019 6:00,2.25579112,0.741442686
9/25/2019 7:00,2.283599007,0.750582696
9/25/2019 8:00,2.299293725,0.7557413
9/25/2019 9:00,2.305586235,0.757809549
9/25/2019 10:00,2.290985331,0.753010464
9/25/2019 11:00,2.260160293,0.742878763
9/25/2019 12:00,2.223496893,0.730828087
9/25/2019 13:00,2.197031508,0.722129335
9/25/2019 14:00,2.252478716,0.740353951
9/25/2019 15:00,2.281916846,0.750029797
9/25/2019 16:00,2.292934378,0.753651084
9/25/2019 17:00,2.304718914,0.757524474
9/25/2019 18:00,2.306009896,0.757948799
9/25/2019 19:00,2.31,0.759260283
9/25/2019 20:00,2.31,0.759260283
9/25/2019 21:00,2.31,0.759260283
9/25/2019 22:00,2.31,0.759260283
9/25/2019 23:00,2.31,0.759260283
9/26/2019 0:00,2.31,0.759260283
9/26/2019 1:00,2.31,0.759260283
9/26/2019 2:00,2.31,0.759260283
9/26/2019 3:00,2.31,0.759260283
9/26/2019 4:00,2.31,0.759260283
9/26/2019 5:00,2.31,0.759260283
9/26/2019 6:00,2.31,0.759260283
9/26/2019 7:00,2.31,0.759260283
9/26/2019 8:00,2.31,0.759260283
9/26/2019 9:00,2.297599815,0.755184539
9/26/2019 10:00,2.156425776,0.708782877
9/26/2019 11:00,2.258704169,0.742400158
9/26/2019 12:00,2.290617147,0.752889447
9/26/2019 13:00,2.180891219,0.716824279
9/26/2019 14:00,1.47957202,0.486311805
9/26/2019 15:00,0.526701373,0.173118369
9/26/2019 16:00,0.202738653,0.066636973
9/26/2019 17:00,0.089281038,0.029345258
9/26/2019 18:00,0.011902284,0.003912092
9/26/2019 19:00,0,0
9/26/2019 20:00,0,0
9/26/2019 21:00,0.009354024,0.003074519
9/26/2019 22:00,0.055525577,0.018250375
9/26/2019 23:00,0.055263786,0.018164328
9/27/2019 0:00,0.030765005,0.010111968
9/27/2019 1:00,0.02433393,0.007998176
9/27/2019 2:00,0.026830322,0.0088187
9/27/2019 3:00,0.037484254,0.012320479
9/27/2019 4:00,0.061589094,0.020243356
9/27/2019 5:00,0.075349119,0.024766058
9/27/2019 6:00,0.078668333,0.025857031
9/27/2019 7:00,0.088288116,0.0290189
9/27/2019 8:00,0.092939258,0.030547657
9/27/2019 9:00,0.081002748,0.026624316
9/27/2019 10:00,0.081917467,0.026924969
9/27/2019 11:00,0.091787308,0.030169029
9/27/2019 12:00,0.109255697,0.035910611
9/27/2019 13:00,0.080078302,0.026320465
9/27/2019 14:00,0.038226866,0.012564563
9/27/2019 15:00,0.026287699,0.008640349
9/27/2019 16:00,0.018204966,0.005983683
9/27/2019 17:00,0.015833282,0.005204148
9/27/2019 18:00,0.039900692,0.013114723
9/27/2019 19:00,0.047402623,0.015580489
9/27/2019 20:00,0.027458785,0.009025266
9/27/2019 21:00,0.012683242,0.00416878
9/27/2019 22:00,0.011541073,0.003793367
9/27/2019 23:00,0.023518306,0.007730093
9/28/2019 0:00,0.01314744,0.004321355
9/28/2019 1:00,0.004997457,0.001642585
9/28/2019 2:00,0.014015588,0.004606701
9/28/2019 3:00,0.038964278,0.012806939
9/28/2019 4:00,0.07294649,0.023976352
9/28/2019 5:00,0.11159702,0.036680167
9/28/2019 6:00,0.120347114,0.039556183
9/28/2019 7:00,0.113879768,0.03743047
9/28/2019 8:00,0.103425883,0.033994444
9/28/2019 9:00,0.125200301,0.041151349
9/28/2019 10:00,0.301447726,0.099081076
9/28/2019 11:00,0.277445736,0.091192003
9/28/2019 12:00,0.197179653,0.064809818
9/28/2019 13:00,0.104632907,0.034391173
9/28/2019 14:00,0.054802779,0.018012802
9/28/2019 15:00,0.045135748,0.014835403
9/28/2019 16:00,0.026625276,0.008751305
9/28/2019 17:00,0.015082101,0.004957247
9/28/2019 18:00,0.022170982,0.00728725
9/28/2019 19:00,0.071793823,0.023597488
9/28/2019 20:00,0.123253078,0.040511328
9/28/2019 21:00,0.103069139,0.033877188
9/28/2019 22:00,0.075717698,0.024887204
9/28/2019 23:00,0.035911094,0.011803406
9/29/2019 0:00,0.024610638,0.008089125
9/29/2019 1:00,0.027297516,0.00897226
9/29/2019 2:00,0.054894386,0.018042912
9/29/2019 3:00,0.137267111,0.045117518
9/29/2019 4:00,0.221336339,0.072749736
9/29/2019 5:00,0.334976544,0.110101466
9/29/2019 6:00,0.480947681,0.158079858
9/29/2019 7:00,0.73812642,0.242610422
9/29/2019 8:00,0.882439075,0.290043698
9/29/2019 9:00,0.74590439,0.245166917
9/29/2019 10:00,0.421418364,0.138513518
9/29/2019 11:00,0.276616764,0.090919533
9/29/2019 12:00,0.24432632,0.080306178
9/29/2019 13:00,0.321765702,0.105759272
9/29/2019 14:00,0.408367384,0.134223868
9/29/2019 15:00,0.537500204,0.176667774
9/29/2019 16:00,0.600855171,0.197491544
9/29/2019 17:00,0.660781045,0.217188226
9/29/2019 18:00,0.674355398,0.221649901
9/29/2019 19:00,0.661316022,0.217364065
9/29/2019 20:00,0.755600591,0.248353904
9/29/2019 21:00,1.003075711,0.329695043
9/29/2019 22:00,1.682705896,0.553078682
9/29/2019 23:00,1.858855606,0.610976292
9/30/2019 0:00,1.874355829,0.616070968
9/30/2019 1:00,1.791682888,0.588897687
9/30/2019 2:00,1.815697952,0.596791056
9/30/2019 3:00,1.827985139,0.60082966
9/30/2019 4:00,1.744264977,0.573312173
9/30/2019 5:00,1.643322282,0.540133914
9/30/2019 6:00,1.509039208,0.495997202
9/30/2019 7:00,1.382655032,0.454456732
9/30/2019 8:00,1.356579729,0.445886194
9/30/2019 9:00,1.275642926,0.419283554
9/30/2019 10:00,1.423759776,0.467967208
9/30/2019 11:00,1.152621801,0.378848465
9/30/2019 12:00,0.885558227,0.291068913
9/30/2019 13:00,0.779007936,0.256047527
9/30/2019 14:00,0.805235956,0.26466826
9/30/2019 15:00,0.910295592,0.299199692
9/30/2019 16:00,0.840900579,0.276390654
9/30/2019 17:00,0.745697311,0.245098853
9/30/2019 18:00,0.673355732,0.221321326
9/30/2019 19:00,0.522930163,0.171878833
9/30/2019 20:00,0.359890208,0.118290191
9/30/2019 21:00,0.336233313,0.110514546
9/30/2019 22:00,0.588876775,0.193554436
9/30/2019 23:00,0.749130948,0.246227435
10/01/2019 00:00,0.721980751,0.237303597
10/01/2019 01:00,0.68792081,0.226108636
10/01/2019 02:00,0.820482547,0.269679572
10/01/2019 03:00,1.016328472,0.334051014
10/01/2019 04:00,1.23207292,0.404962785
10/01/2019 05:00,1.387595807,0.456080686
10/01/2019 06:00,1.433144724,0.471051891
10/01/2019 07:00,1.470595246,0.483361282
10/01/2019 08:00,1.500929134,0.493331549
10/01/2019 09:00,1.570163174,0.516087678
10/01/2019 10:00,1.686523295,0.5543334
10/01/2019 11:00,1.655342211,0.544084674
10/01/2019 12:00,1.676710942,0.551108236
10/01/2019 13:00,1.639200643,0.538779197
10/01/2019 14:00,1.764618584,0.58000208
10/01/2019 15:00,1.905885792,0.626434366
10/01/2019 16:00,1.988102761,0.653457777
10/01/2019 17:00,2.009218252,0.660398103
10/01/2019 18:00,2.007544081,0.65984783
10/01/2019 19:00,2.057729298,0.676342913
10/01/2019 20:00,2.185713021,0.718409129
10/01/2019 21:00,2.249973593,0.739530557
10/01/2019 22:00,2.308752946,0.758850396
10/01/2019 23:00,2.31,0.759260283
10/02/2019 00:00,2.31,0.759260283
10/02/2019 01:00,2.31,0.759260283
10/02/2019 02:00,2.31,0.759260283
10/02/2019 03:00,2.31,0.759260283
10/02/2019 04:00,2.31,0.759260283
10/02/2019 05:00,2.31,0.759260283
10/02/2019 06:00,2.300258795,0.756058504
10/02/2019 07:00,2.243594475,0.737433842
10/02/2019 08:00,2.165414515,0.711737332
10/02/2019 09:00,2.078011618,0.683009389
10/02/2019 10:00,2.081633689,0.684199906
10/02/2019 11:00,1.98061187,0.65099564
10/02/2019 12:00,1.884893768,0.619534622
10/02/2019 13:00,1.906361792,0.62659082
10/02/2019 14:00,1.928580026,0.6338936
10/02/2019 15:00,1.796473577,0.59047231
10/02/2019 16:00,1.620257239,0.532552801
10/02/2019 17:00,1.46255484,0.480718529
10/02/2019 18:00,1.346378843,0.442533325
10/02/2019 19:00,1.240892025,0.407861485
10/02/2019 20:00,1.091588913,0.358787925
10/02/2019 21:00,0.965883984,0.317470713
10/02/2019 22:00,0.75428426,0.247921247
10/02/2019 23:00,0.569833258,0.187295135
10/03/2019 00:00,0.529855078,0.174154942
10/03/2019 01:00,0.434872042,0.142935528
10/03/2019 02:00,0.32252745,0.106009646
10/03/2019 03:00,0.300267155,0.098693041
10/03/2019 04:00,0.26777646,0.088013866
10/03/2019 05:00,0.217395931,0.071454587
10/03/2019 06:00,0.21058585,0.069216222
10/03/2019 07:00,0.254741642,0.083729529
10/03/2019 08:00,0.373763347,0.122850071
10/03/2019 09:00,0.483257675,0.158839116
10/03/2019 10:00,0.559804478,0.183998834
10/03/2019 11:00,0.698758645,0.22967086
10/03/2019 12:00,0.710088176,0.233394697
10/03/2019 13:00,0.740550475,0.24340717
10/03/2019 14:00,0.942815572,0.309888493
10/03/2019 15:00,1.2839124,0.422001598
10/03/2019 16:00,1.496045482,0.491726371
10/03/2019 17:00,1.728921493,0.568269014
10/03/2019 18:00,1.900788383,0.624758929
10/03/2019 19:00,1.889591575,0.621078716
10/03/2019 20:00,1.933884067,0.635636954
10/03/2019 21:00,1.937263662,0.636747773
10/03/2019 22:00,2.023731864,0.665168497
10/03/2019 23:00,2.064382666,0.678529769
10/04/2019 00:00,2.023940684,0.665237133
10/04/2019 01:00,2.001484392,0.657856106
10/04/2019 02:00,1.962454308,0.645027538
10/04/2019 03:00,1.875458411,0.61643337
10/04/2019 04:00,1.654554061,0.543825621
10/04/2019 05:00,1.432902757,0.470972361
10/04/2019 06:00,1.196175152,0.39316376
10/04/2019 07:00,1.201490206,0.394910733
10/04/2019 08:00,1.222797501,0.401914103
10/04/2019 09:00,1.146963439,0.376988651
10/04/2019 10:00,1.160861041,0.381556573
10/04/2019 11:00,0.733950501,0.241237864
10/04/2019 12:00,0.546610682,0.179662243
10/04/2019 13:00,0.534616617,0.175719984
10/04/2019 14:00,0.492410039,0.161847353
10/04/2019 15:00,0.379310623,0.124673373
10/04/2019 16:00,0.500021492,0.164349117
10/04/2019 17:00,0.600351053,0.197325849
10/04/2019 18:00,0.754458169,0.247978408
10/04/2019 19:00,0.830317993,0.272912327
10/04/2019 20:00,0.699982916,0.230073258
10/04/2019 21:00,0.580603512,0.190835146
10/04/2019 22:00,0.757591385,0.249008246
10/04/2019 23:00,0.661617903,0.217463289
10/05/2019 00:00,0.574155065,0.188715644
10/05/2019 01:00,0.705903382,0.232019221
10/05/2019 02:00,0.822073812,0.270202595
10/05/2019 03:00,0.987742348,0.32465521
10/05/2019 04:00,1.2998686,0.427246148
10/05/2019 05:00,1.606666986,0.528085901
10/05/2019 06:00,1.948960457,0.640592324
10/05/2019 07:00,2.10067804,0.690459482
10/05/2019 08:00,2.180019264,0.716537681
10/05/2019 09:00,2.247353439,0.738669354
10/05/2019 10:00,2.304887962,0.757580037
10/05/2019 11:00,2.31,0.759260283
10/05/2019 12:00,2.31,0.759260283
10/05/2019 13:00,2.31,0.759260283
10/05/2019 14:00,2.31,0.759260283
10/05/2019 15:00,2.31,0.759260283
10/05/2019 16:00,2.31,0.759260283
10/05/2019 17:00,2.31,0.759260283
10/05/2019 18:00,2.31,0.759260283
10/05/2019 19:00,2.31,0.759260283
10/05/2019 20:00,2.31,0.759260283
10/05/2019 21:00,2.31,0.759260283
10/05/2019 22:00,2.31,0.759260283
10/05/2019 23:00,2.31,0.759260283
10/06/2019 00:00,2.31,0.759260283
10/06/2019 01:00,2.31,0.759260283
10/06/2019 02:00,2.31,0.759260283
10/06/2019 03:00,2.31,0.759260283
10/06/2019 04:00,2.31,0.759260283
10/06/2019 05:00,2.31,0.759260283
10/06/2019 06:00,2.31,0.759260283
10/06/2019 07:00,2.31,0.759260283
10/06/2019 08:00,2.302335597,0.756741115
10/06/2019 09:00,2.296863118,0.754942399
10/06/2019 10:00,2.31,0.759260283
10/06/2019 11:00,2.31,0.759260283
10/06/2019 12:00,2.31,0.759260283
10/06/2019 13:00,2.31,0.759260283
10/06/2019 14:00,2.31,0.759260283
10/06/2019 15:00,2.31,0.759260283
10/06/2019 16:00,2.304861461,0.757571327
10/06/2019 17:00,2.255025838,0.74119115
10/06/2019 18:00,2.238864806,0.735879275
10/06/2019 19:00,2.244718839,0.737803403
10/06/2019 20:00,2.278672059,0.748963287
10/06/2019 21:00,2.30676936,0.758198423
10/06/2019 22:00,2.31,0.759260283
10/06/2019 23:00,2.31,0.759260283
10/07/2019 00:00,2.31,0.759260283
10/07/2019 01:00,2.31,0.759260283
10/07/2019 02:00,2.31,0.759260283
10/07/2019 03:00,2.31,0.759260283
10/07/2019 04:00,2.31,0.759260283
10/07/2019 05:00,2.31,0.759260283
10/07/2019 06:00,2.31,0.759260283
10/07/2019 07:00,2.31,0.759260283
10/07/2019 08:00,2.31,0.759260283
10/07/2019 09:00,2.31,0.759260283
10/07/2019 10:00,2.31,0.759260283
10/07/2019 11:00,2.31,0.759260283
10/07/2019 12:00,2.31,0.759260283
10/07/2019 13:00,2.31,0.759260283
10/07/2019 14:00,2.31,0.759260283
10/07/2019 15:00,2.224254226,0.73107701
10/07/2019 16:00,1.79500067,0.589988189
10/07/2019 17:00,1.433155917,0.47105557
10/07/2019 18:00,1.316620192,0.43275213
10/07/2019 19:00,1.538803123,0.505780127
10/07/2019 20:00,1.966131143,0.646236055
10/07/2019 21:00,2.103412664,0.691358309
10/07/2019 22:00,2.055416908,0.675582867
10/07/2019 23:00,1.964590188,0.645729568
10/08/2019 00:00,1.930175958,0.634418158
10/08/2019 01:00,1.866765344,0.613576097
10/08/2019 02:00,1.80639365,0.59373288
10/08/2019 03:00,1.802204005,0.592355811
10/08/2019 04:00,1.87981988,0.617866915
10/08/2019 05:00,1.923208939,0.632128209
10/08/2019 06:00,1.984921788,0.652412242
10/08/2019 07:00,2.01025792,0.660739826
10/08/2019 08:00,1.969233667,0.647255806
10/08/2019 09:00,2.008671991,0.660218556
10/08/2019 10:00,1.995376533,0.65584855
10/08/2019 11:00,2.092089728,0.68763664
10/08/2019 12:00,2.140852308,0.703664125
10/08/2019 13:00,2.132545141,0.700933691
10/08/2019 14:00,1.945954542,0.639604327
10/08/2019 15:00,1.62748018,0.534926867
10/08/2019 16:00,1.590518858,0.522778267
10/08/2019 17:00,1.601227594,0.526298059
10/08/2019 18:00,1.545887997,0.508108813
10/08/2019 19:00,1.491574273,0.490256755
10/08/2019 20:00,1.565895782,0.514685054
10/08/2019 21:00,1.558466966,0.51224332
10/08/2019 22:00,1.567604607,0.515246718
10/08/2019 23:00,1.732391965,0.569409703
10/09/2019 00:00,1.910742936,0.628030832
10/09/2019 01:00,1.96069774,0.644450182
10/09/2019 02:00,2.064313407,0.678507005
10/09/2019 03:00,2.081312753,0.68409442
10/09/2019 04:00,2.040029513,0.670525275
10/09/2019 05:00,1.9950702,0.655747863
10/09/2019 06:00,2.080031317,0.683673232
10/09/2019 07:00,2.08842555,0.686432283
10/09/2019 08:00,2.137961598,0.702713995
10/09/2019 09:00,2.201398074,0.723564556
10/09/2019 10:00,2.160056048,0.709976089
10/09/2019 11:00,2.196149605,0.721839468
10/09/2019 12:00,2.260613364,0.743027681
10/09/2019 13:00,2.260053626,0.742843704
10/09/2019 14:00,2.270279163,0.746204675
10/09/2019 15:00,2.259672882,0.742718559
10/09/2019 16:00,2.246990836,0.738550172
10/09/2019 17:00,2.25573707,0.741424921
10/09/2019 18:00,2.298434749,0.755458969
10/09/2019 19:00,2.301454719,0.756451585
10/09/2019 20:00,2.289581801,0.752549145
10/09/2019 21:00,2.2751752,0.747813925
10/09/2019 22:00,2.191963943,0.720463707
10/09/2019 23:00,2.241296062,0.736678391
10/10/2019 00:00,2.260008498,0.742828871
10/10/2019 01:00,2.288784045,0.752286936
10/10/2019 02:00,2.285493197,0.751205286
10/10/2019 03:00,2.273371144,0.74722096
10/10/2019 04:00,2.303697489,0.757188748
10/10/2019 05:00,2.31,0.759260283
10/10/2019 06:00,2.31,0.759260283
10/10/2019 07:00,2.31,0.759260283
10/10/2019 08:00,2.31,0.759260283
10/10/2019 09:00,2.274509382,0.747595081
10/10/2019 10:00,2.232446135,0.73376956
10/10/2019 11:00,2.200921108,0.723407785
10/10/2019 12:00,2.205433101,0.724890805
10/10/2019 13:00,2.089490435,0.686782294
10/10/2019 14:00,1.799972934,0.591622493
10/10/2019 15:00,1.298261481,0.426717913
10/10/2019 16:00,0.734263858,0.241340859
10/10/2019 17:00,0.271863071,0.08935707
10/10/2019 18:00,0.049522007,0.016277097
10/10/2019 19:00,0.006641888,0.002183083
10/10/2019 20:00,0.013083499,0.004300338
10/10/2019 21:00,0.061284898,0.020143372
10/10/2019 22:00,0.220084246,0.072338194
10/10/2019 23:00,0.298317357,0.098052174
10/11/2019 00:00,0.301856903,0.099215566
10/11/2019 01:00,0.176138821,0.057894031
10/11/2019 02:00,0.090542166,0.029759771
10/11/2019 03:00,0.077441394,0.025453755
10/11/2019 04:00,0.085297299,0.028035866
10/11/2019 05:00,0.177482427,0.058335653
10/11/2019 06:00,0.295398231,0.097092703
10/11/2019 07:00,0.328584647,0.108000551
10/11/2019 08:00,0.34193749,0.112389418
10/11/2019 09:00,0.46536232,0.152957198
10/11/2019 10:00,0.392057571,0.128863092
10/11/2019 11:00,0.323412879,0.106300673
10/11/2019 12:00,0.257418716,0.08460944
10/11/2019 13:00,0.148909124,0.048944062
10/11/2019 14:00,0.075684787,0.024876386
10/11/2019 15:00,0.030615514,0.010062833
10/11/2019 16:00,0.040236101,0.013224967
10/11/2019 17:00,0.050451674,0.016582663
10/11/2019 18:00,0.084138246,0.027654904
10/11/2019 19:00,0.183455491,0.060298904
10/11/2019 20:00,0.353560976,0.116209873
10/11/2019 21:00,0.576836918,0.189597126
10/11/2019 22:00,0.712398606,0.234154098
10/11/2019 23:00,0.682597043,0.224358798
10/12/2019 00:00,0.516553095,0.169782792
10/12/2019 01:00,0.337450023,0.110914459
10/12/2019 02:00,0.216604429,0.071194433
10/12/2019 03:00,0.121838981,0.040046536
10/12/2019 04:00,0.12361981,0.040631867
10/12/2019 05:00,0.134790077,0.044303356
10/12/2019 06:00,0.117482826,0.038614738
10/12/2019 07:00,0.092551727,0.030420281
10/12/2019 08:00,0.047143129,0.015495197
10/12/2019 09:00,0.016299985,0.005357546
10/12/2019 10:00,0.05189809,0.017058077
10/12/2019 11:00,0.07762326,0.025513532
10/12/2019 12:00,0.121405845,0.039904172
10/12/2019 13:00,0.098482978,0.032369789
10/12/2019 14:00,0.050636905,0.016643546
10/12/2019 15:00,0.01749851,0.005751482
10/12/2019 16:00,0.002578099,0.00084738
10/12/2019 17:00,0,0
10/12/2019 18:00,0,0
10/12/2019 19:00,0,0
10/12/2019 20:00,0,0
10/12/2019 21:00,0,0
10/12/2019 22:00,0,0
10/12/2019 23:00,0,0
10/13/2019 0:00,0,0
10/13/2019 1:00,0.01150308,0.003780879
10/13/2019 2:00,0.034903531,0.011472236
10/13/2019 3:00,0.061254348,0.020133331
10/13/2019 4:00,0.065011798,0.021368345
10/13/2019 5:00,0.057663614,0.018953114
10/13/2019 6:00,0.042619428,0.014008328
10/13/2019 7:00,0.023701432,0.007790284
10/13/2019 8:00,0.018421666,0.006054909
10/13/2019 9:00,0.027674728,0.009096243
10/13/2019 10:00,0.016080738,0.005285483
10/13/2019 11:00,0.015662988,0.005148175
10/13/2019 12:00,0.03568699,0.011729747
10/13/2019 13:00,0.037239529,0.012240041
10/13/2019 14:00,0.037684625,0.012386337
10/13/2019 15:00,0.049139213,0.016151278
10/13/2019 16:00,0.056129563,0.018448895
10/13/2019 17:00,0.0591006,0.019425428
10/13/2019 18:00,0.065610919,0.021565266
10/13/2019 19:00,0.048834799,0.016051222
10/13/2019 20:00,0.026021658,0.008552905
10/13/2019 21:00,0.01147507,0.003771673
10/13/2019 22:00,0.004249388,0.001396706
10/13/2019 23:00,0.007247354,0.00238209
10/14/2019 0:00,0.00254217,0.000835571
10/14/2019 1:00,0,0
10/14/2019 2:00,0,0
10/14/2019 3:00,0,0
10/14/2019 4:00,0,0
10/14/2019 5:00,0.000139378,4.58E-05
10/14/2019 6:00,0.004282375,0.001407549
10/14/2019 7:00,0.014639149,0.004811655
10/14/2019 8:00,0.030392762,0.009989618
10/14/2019 9:00,0.044369608,0.014583585
10/14/2019 10:00,0.057952453,0.01904805
10/14/2019 11:00,0.080619694,0.026498412
10/14/2019 12:00,0.108979457,0.035819815
10/14/2019 13:00,0.127160476,0.041795627
10/14/2019 14:00,0.101154622,0.033247916
10/14/2019 15:00,0.071327883,0.023444341
10/14/2019 16:00,0.069339485,0.022790787
10/14/2019 17:00,0.044260072,0.014547582
10/14/2019 18:00,0.027961924,0.00919064
10/14/2019 19:00,0.033222829,0.010919816
10/14/2019 20:00,0.049245007,0.016186051
10/14/2019 21:00,0.044717514,0.014697936
10/14/2019 22:00,0.154463785,0.050769791
10/14/2019 23:00,0.159196905,0.052325492
10/15/2019 0:00,0.178582355,0.058697182
10/15/2019 1:00,0.208026842,0.068375116
10/15/2019 2:00,0.307668534,0.101125757
10/15/2019 3:00,0.351685805,0.115593534
10/15/2019 4:00,0.461172659,0.151580123
10/15/2019 5:00,0.789278299,0.259423231
10/15/2019 6:00,0.818479936,0.269021345
10/15/2019 7:00,0.861421695,0.283135619
10/15/2019 8:00,0.902523458,0.296645115
10/15/2019 9:00,0.985117883,0.32379259
10/15/2019 10:00,1.061790732,0.348993737
10/15/2019 11:00,1.247270163,0.409957877
10/15/2019 12:00,1.184029272,0.389171602
10/15/2019 13:00,0.923683098,0.303599952
10/15/2019 14:00,0.815411195,0.268012699
10/15/2019 15:00,0.78087812,0.256662226
10/15/2019 16:00,0.844637187,0.277618818
10/15/2019 17:00,0.88227724,0.289990505
10/15/2019 18:00,0.78167941,0.256925597
10/15/2019 19:00,0.770107117,0.253121969
10/15/2019 20:00,0.89223599,0.293263788
10/15/2019 21:00,0.884953632,0.290870193
10/15/2019 22:00,0.68975821,0.22671256
10/15/2019 23:00,0.571674793,0.187900418
10/16/2019 0:00,0.592976032,0.194901797
10/16/2019 1:00,0.500047353,0.164357617
10/16/2019 2:00,0.229371074,0.075390626
10/16/2019 3:00,0.069976828,0.023000271
10/16/2019 4:00,0.038331007,0.012598793
10/16/2019 5:00,0.052000977,0.017091895
10/16/2019 6:00,0.13700324,0.045030787
10/16/2019 7:00,0.157790152,0.051863115
10/16/2019 8:00,0.296106066,0.097325357
10/16/2019 9:00,0.87544556,0.287745041
10/16/2019 10:00,1.339342784,0.440220685
10/16/2019 11:00,1.537270256,0.505276298
10/16/2019 12:00,1.521686564,0.500154187
10/16/2019 13:00,1.053383079,0.346230275
10/16/2019 14:00,0.595311697,0.195669493
10/16/2019 15:00,0.279278135,0.091794284
10/16/2019 16:00,0.203951747,0.067035697
10/16/2019 17:00,0.274352605,0.090175341
10/16/2019 18:00,0.296024485,0.097298543
10/16/2019 19:00,0.22759499,0.074806856
10/16/2019 20:00,0.175452963,0.0576686
10/16/2019 21:00,0.155744199,0.051190643
10/16/2019 22:00,0.076398859,0.02511109
10/16/2019 23:00,0.107452337,0.035317875
10/17/2019 0:00,0.127055839,0.041761235
10/17/2019 1:00,0.117754274,0.038703958
10/17/2019 2:00,0.114968864,0.037788438
10/17/2019 3:00,0.102167998,0.033580997
10/17/2019 4:00,0.06542491,0.021504128
10/17/2019 5:00,0.034465541,0.011328275
10/17/2019 6:00,0.016553418,0.005440845
10/17/2019 7:00,0.00928748,0.003052647
10/17/2019 8:00,0.003044095,0.001000546
10/17/2019 9:00,0.009820708,0.00322791
10/17/2019 10:00,0.047149685,0.015497352
10/17/2019 11:00,0.091748605,0.030156308
10/17/2019 12:00,0.094807527,0.031161727
10/17/2019 13:00,0.075013516,0.024655751
10/17/2019 14:00,0.094427676,0.031036876
10/17/2019 15:00,0.146925543,0.048292091
10/17/2019 16:00,0.226487548,0.074442857
10/17/2019 17:00,0.268612162,0.088288548
10/17/2019 18:00,0.269041678,0.088429723
10/17/2019 19:00,0.284881737,0.093636099
10/17/2019 20:00,0.303807524,0.099856704
10/17/2019 21:00,0.242779568,0.079797785
10/17/2019 22:00,0.276275633,0.090807409
10/17/2019 23:00,0.291564439,0.095832597
10/18/2019 0:00,0.378826465,0.124514238
10/18/2019 1:00,0.517877711,0.170218172
10/18/2019 2:00,0.56038977,0.18419121
10/18/2019 3:00,0.543750826,0.178722254
10/18/2019 4:00,0.578678031,0.190202271
10/18/2019 5:00,0.655675778,0.215510206
10/18/2019 6:00,0.627878087,0.206373547
10/18/2019 7:00,0.614376008,0.201935629
10/18/2019 8:00,0.599572583,0.197069978
10/18/2019 9:00,0.586264151,0.192695708
10/18/2019 10:00,0.501538019,0.164847575
10/18/2019 11:00,0.492081336,0.161739314
10/18/2019 12:00,0.543572647,0.178663689
10/18/2019 13:00,0.797711758,0.262195176
10/18/2019 14:00,0.649511296,0.213484039
10/18/2019 15:00,0.61895124,0.203439435
10/18/2019 16:00,1.082365279,0.355756263
10/18/2019 17:00,1.494698571,0.491283662
10/18/2019 18:00,1.526649084,0.501785288
10/18/2019 19:00,1.471720545,0.483731151
10/18/2019 20:00,1.549580369,0.509322437
10/18/2019 21:00,1.652309495,0.543087868
10/18/2019 22:00,1.801316087,0.592063966
10/18/2019 23:00,1.743636177,0.573105497
10/19/2019 0:00,1.589740599,0.522522466
10/19/2019 1:00,1.509603635,0.49618272
10/19/2019 2:00,1.516305729,0.498385592
10/19/2019 3:00,1.502786217,0.493941943
10/19/2019 4:00,1.426113884,0.468740966
10/19/2019 5:00,1.382339473,0.454353013
10/19/2019 6:00,1.454211176,0.477976099
10/19/2019 7:00,1.431883886,0.470637474
10/19/2019 8:00,1.311090397,0.430934574
10/19/2019 9:00,1.238048039,0.406926712
10/19/2019 10:00,1.404133742,0.461516442
10/19/2019 11:00,1.497974087,0.492360272
10/19/2019 12:00,1.793994688,0.589657539
10/19/2019 13:00,1.947903031,0.640244765
10/19/2019 14:00,2.0886245,0.686497675
10/19/2019 15:00,2.233779728,0.734207891
10/19/2019 16:00,2.31,0.759260283
10/19/2019 17:00,2.31,0.759260283
10/19/2019 18:00,2.31,0.759260283
10/19/2019 19:00,2.31,0.759260283
10/19/2019 20:00,2.31,0.759260283
10/19/2019 21:00,2.301035755,0.756313878
10/19/2019 22:00,2.292595017,0.753539542
10/19/2019 23:00,2.302047709,0.756646491
10/20/2019 0:00,2.300859964,0.756256098
10/20/2019 1:00,2.301771063,0.756555562
10/20/2019 2:00,2.292748426,0.753589965
10/20/2019 3:00,2.303568941,0.757146496
10/20/2019 4:00,2.304659328,0.757504889
10/20/2019 5:00,2.296458782,0.7548095
10/20/2019 6:00,2.303086119,0.7569878
10/20/2019 7:00,2.287875668,0.751988367
10/20/2019 8:00,2.232568409,0.73380975
10/20/2019 9:00,2.104271265,0.691640518
10/20/2019 10:00,1.862215347,0.612080585
10/20/2019 11:00,1.673498405,0.550052326
10/20/2019 12:00,1.523611932,0.500787024
10/20/2019 13:00,1.394304603,0.458285761
10/20/2019 14:00,1.24646665,0.409693776
10/20/2019 15:00,1.148792326,0.377589778
10/20/2019 16:00,1.025810046,0.337167457
10/20/2019 17:00,0.71401521,0.23468545
10/20/2019 18:00,0.559950867,0.18404695
10/20/2019 19:00,0.481984666,0.158420699
10/20/2019 20:00,0.275101417,0.090421463
10/20/2019 21:00,0.139499165,0.045851158
10/20/2019 22:00,0.100303232,0.032968078
10/20/2019 23:00,0.065057313,0.021383305
10/21/2019 0:00,0.023025451,0.0075681
10/21/2019 1:00,0.036604489,0.012031314
10/21/2019 2:00,0.069251557,0.022761886
10/21/2019 3:00,0.050714764,0.016669137
10/21/2019 4:00,0.052947435,0.01740298
10/21/2019 5:00,0.104450947,0.034331366
10/21/2019 6:00,0.203492754,0.066884834
10/21/2019 7:00,0.366940247,0.120607427
10/21/2019 8:00,0.623189056,0.204832337
10/21/2019 9:00,0.863215301,0.283725149
10/21/2019 10:00,1.131506623,0.371908242
10/21/2019 11:00,1.517861722,0.498897022
10/21/2019 12:00,1.710281111,0.562142217
10/21/2019 13:00,1.933060683,0.635366321
10/21/2019 14:00,2.036777948,0.669456537
10/21/2019 15:00,2.261821592,0.743424806
10/21/2019 16:00,2.301786732,0.756560712
10/21/2019 17:00,2.31,0.759260283
10/21/2019 18:00,2.286971853,0.751691297
10/21/2019 19:00,2.31,0.759260283
10/21/2019 20:00,2.31,0.759260283
10/21/2019 21:00,2.31,0.759260283
10/21/2019 22:00,2.31,0.759260283
10/21/2019 23:00,2.31,0.759260283
10/22/2019 0:00,2.31,0.759260283
10/22/2019 1:00,2.31,0.759260283
10/22/2019 2:00,2.31,0.759260283
10/22/2019 3:00,2.31,0.759260283
10/22/2019 4:00,2.31,0.759260283
10/22/2019 5:00,2.31,0.759260283
10/22/2019 6:00,2.31,0.759260283
10/22/2019 7:00,2.31,0.759260283
10/22/2019 8:00,2.31,0.759260283
10/22/2019 9:00,2.31,0.759260283
10/22/2019 10:00,2.31,0.759260283
10/22/2019 11:00,2.31,0.759260283
10/22/2019 12:00,2.31,0.759260283
10/22/2019 13:00,2.31,0.759260283
10/22/2019 14:00,2.31,0.759260283
10/22/2019 15:00,2.307455232,0.758423858
10/22/2019 16:00,2.234683492,0.734504944
10/22/2019 17:00,2.127705607,0.699343014
10/22/2019 18:00,2.195196392,0.721526162
10/22/2019 19:00,2.252842952,0.74047367
10/22/2019 20:00,2.268711387,0.745689372
10/22/2019 21:00,2.285876197,0.751331172
10/22/2019 22:00,2.212908223,0.727347759
10/22/2019 23:00,2.247863339,0.73883695
10/23/2019 0:00,2.259593775,0.742692558
10/23/2019 1:00,2.298182681,0.755376118
10/23/2019 2:00,2.289944026,0.752668203
10/23/2019 3:00,2.246637781,0.738434129
10/23/2019 4:00,2.167781127,0.7125152
10/23/2019 5:00,2.036823881,0.669471635
10/23/2019 6:00,1.736843438,0.570872831
10/23/2019 7:00,1.615166465,0.530879544
10/23/2019 8:00,1.682027544,0.552855718
10/23/2019 9:00,1.805818207,0.593543742
10/23/2019 10:00,1.724070628,0.566674612
10/23/2019 11:00,1.935003071,0.636004753
10/23/2019 12:00,2.06463352,0.678612221
10/23/2019 13:00,2.18960945,0.719689823
10/23/2019 14:00,2.201142711,0.723480622
10/23/2019 15:00,2.108442686,0.693011598
10/23/2019 16:00,2.034675978,0.668765653
10/23/2019 17:00,2.080999839,0.68399157
10/23/2019 18:00,2.212125612,0.727090527
10/23/2019 19:00,2.293242852,0.753752475
10/23/2019 20:00,2.31,0.759260283
10/23/2019 21:00,2.31,0.759260283
10/23/2019 22:00,2.305977203,0.757938054
10/23/2019 23:00,2.307909343,0.758573117
10/24/2019 0:00,2.218925613,0.72932558
10/24/2019 1:00,2.110581034,0.693714438
10/24/2019 2:00,1.971308022,0.647937613
10/24/2019 3:00,1.74520019,0.573619563
10/24/2019 4:00,1.482481346,0.487268055
10/24/2019 5:00,1.588623658,0.522155346
10/24/2019 6:00,2.024565742,0.665442579
10/24/2019 7:00,2.038467643,0.670011913
10/24/2019 8:00,2.049236004,0.673551302
10/24/2019 9:00,1.949611419,0.640806285
10/24/2019 10:00,2.066651231,0.67927541
10/24/2019 11:00,2.09981421,0.690175555
10/24/2019 12:00,2.282791488,0.750317278
10/24/2019 13:00,2.31,0.759260283
10/24/2019 14:00,2.31,0.759260283
10/24/2019 15:00,2.31,0.759260283
10/24/2019 16:00,2.262453885,0.743632631
10/24/2019 17:00,2.232745924,0.733868096
10/24/2019 18:00,2.272496834,0.746933588
10/24/2019 19:00,2.307268342,0.75836243
10/24/2019 20:00,2.31,0.759260283
10/24/2019 21:00,2.31,0.759260283
10/24/2019 22:00,2.31,0.759260283
10/24/2019 23:00,2.31,0.759260283
10/25/2019 0:00,2.31,0.759260283
10/25/2019 1:00,2.31,0.759260283
10/25/2019 2:00,2.31,0.759260283
10/25/2019 3:00,2.31,0.759260283
10/25/2019 4:00,2.31,0.759260283
10/25/2019 5:00,2.31,0.759260283
10/25/2019 6:00,2.31,0.759260283
10/25/2019 7:00,2.31,0.759260283
10/25/2019 8:00,2.31,0.759260283
10/25/2019 9:00,2.31,0.759260283
10/25/2019 10:00,2.31,0.759260283
10/25/2019 11:00,2.31,0.759260283
10/25/2019 12:00,2.31,0.759260283
10/25/2019 13:00,2.31,0.759260283
10/25/2019 14:00,2.31,0.759260283
10/25/2019 15:00,2.31,0.759260283
10/25/2019 16:00,2.31,0.759260283
10/25/2019 17:00,2.31,0.759260283
10/25/2019 18:00,2.31,0.759260283
10/25/2019 19:00,2.31,0.759260283
10/25/2019 20:00,2.31,0.759260283
10/25/2019 21:00,2.31,0.759260283
10/25/2019 22:00,2.31,0.759260283
10/25/2019 23:00,2.31,0.759260283
10/26/2019 0:00,2.31,0.759260283
10/26/2019 1:00,2.31,0.759260283
10/26/2019 2:00,2.31,0.759260283
10/26/2019 3:00,2.31,0.759260283
10/26/2019 4:00,2.31,0.759260283
10/26/2019 5:00,2.31,0.759260283
10/26/2019 6:00,2.31,0.759260283
10/26/2019 7:00,2.288404573,0.752162209
10/26/2019 8:00,2.234853754,0.734560906
10/26/2019 9:00,2.190052763,0.719835533
10/26/2019 10:00,2.012108193,0.661347981
10/26/2019 11:00,2.024177888,0.665315098
10/26/2019 12:00,2.038585317,0.670050591
10/26/2019 13:00,2.033976072,0.668535605
10/26/2019 14:00,1.999636843,0.657248846
10/26/2019 15:00,1.960828771,0.64449325
10/26/2019 16:00,1.916880295,0.630048085
10/26/2019 17:00,1.811664272,0.59546525
10/26/2019 18:00,1.814720099,0.596469652
10/26/2019 19:00,1.894087447,0.622556438
10/26/2019 20:00,2.022567986,0.664785949
10/26/2019 21:00,2.053061835,0.674808792
10/26/2019 22:00,2.106026092,0.692217301
10/26/2019 23:00,2.217482457,0.728851237
10/27/2019 0:00,2.229022238,0.73264418
10/27/2019 1:00,2.273590093,0.747292925
10/27/2019 2:00,2.279238724,0.749149541
10/27/2019 3:00,2.299125638,0.755686053
10/27/2019 4:00,2.304240285,0.757367156
10/27/2019 5:00,2.300591114,0.756167732
10/27/2019 6:00,2.301380486,0.756427186
10/27/2019 7:00,2.309918778,0.759233587
10/27/2019 8:00,2.31,0.759260283
10/27/2019 9:00,2.31,0.759260283
10/27/2019 10:00,2.31,0.759260283
10/27/2019 11:00,2.31,0.759260283
10/27/2019 12:00,2.305883343,0.757907203
10/27/2019 13:00,2.214211159,0.727776013
10/27/2019 14:00,2.077497527,0.682840416
10/27/2019 15:00,2.034551558,0.668724758
10/27/2019 16:00,1.961727658,0.6447887
10/27/2019 17:00,1.948647555,0.640489478
10/27/2019 18:00,1.96602144,0.646199998
10/27/2019 19:00,1.938363496,0.637109271
10/27/2019 20:00,1.850755619,0.608313955
10/27/2019 21:00,1.656286085,0.54439491
10/27/2019 22:00,1.791482362,0.588831777
10/27/2019 23:00,1.918916833,0.630717462
10/28/2019 0:00,1.83479658,0.603068472
10/28/2019 1:00,1.920042334,0.631087397
10/28/2019 2:00,1.983090823,0.651810433
10/28/2019 3:00,1.97508209,0.649178089
10/28/2019 4:00,1.944010346,0.638965301
10/28/2019 5:00,1.908918738,0.627431247
10/28/2019 6:00,1.715130243,0.563736049
10/28/2019 7:00,1.573960055,0.517335652
10/28/2019 8:00,1.465001727,0.481522782
10/28/2019 9:00,1.395294544,0.458611139
10/28/2019 10:00,1.414317865,0.464863802
10/28/2019 11:00,1.191862135,0.391746139
10/28/2019 12:00,1.05584598,0.347039791
10/28/2019 13:00,1.011919561,0.332601876
10/28/2019 14:00,1.016899263,0.334238624
10/28/2019 15:00,1.031375412,0.338996705
10/28/2019 16:00,1.047982886,0.344455317
10/28/2019 17:00,1.059349621,0.348191382
10/28/2019 18:00,1.031170275,0.338929279
10/28/2019 19:00,1.078953772,0.354634955
10/28/2019 20:00,1.077062905,0.354013457
10/28/2019 21:00,0.942748505,0.309866449
10/28/2019 22:00,0.686497931,0.225640958
10/28/2019 23:00,0.507475455,0.166799116
10/29/2019 0:00,0.371229831,0.122017345
10/29/2019 1:00,0.336632619,0.110645791
10/29/2019 2:00,0.345556972,0.113579084
10/29/2019 3:00,0.343603959,0.11293716
10/29/2019 4:00,0.298949293,0.098259881
10/29/2019 5:00,0.241246275,0.079293816
10/29/2019 6:00,0.198364561,0.065199278
10/29/2019 7:00,0.151860778,0.049914224
10/29/2019 8:00,0.120434759,0.039584991
10/29/2019 9:00,0.101376868,0.033320965
10/29/2019 10:00,0.050504909,0.016600161
10/29/2019 11:00,0.018652356,0.006130733
10/29/2019 12:00,0,0
10/29/2019 13:00,0,0
10/29/2019 14:00,0,0
10/29/2019 15:00,0.007380564,0.002425874
10/29/2019 16:00,0.003416754,0.001123033
10/29/2019 17:00,0.009749855,0.003204622
10/29/2019 18:00,0.013280522,0.004365097
10/29/2019 19:00,0.004064872,0.001336059
10/29/2019 20:00,0,0
10/29/2019 21:00,0,0
10/29/2019 22:00,0,0
10/29/2019 23:00,0,0
10/30/2019 0:00,0,0
10/30/2019 1:00,0,0
10/30/2019 2:00,0.005403192,0.001775943
10/30/2019 3:00,0.00763627,0.002509921
10/30/2019 4:00,0.011578531,0.003805679
10/30/2019 5:00,0.013844339,0.004550414
10/30/2019 6:00,0.009469264,0.003112397
10/30/2019 7:00,0.001422597,0.000467585
10/30/2019 8:00,0,0
10/30/2019 9:00,0.001040464,0.000341984
10/30/2019 10:00,0,0
10/30/2019 11:00,0,0
10/30/2019 12:00,0.010201334,0.003353016
10/30/2019 13:00,0.013937284,0.004580964
10/30/2019 14:00,0.014403935,0.004734344
10/30/2019 15:00,0.023587869,0.007752958
10/30/2019 16:00,0.032180355,0.010577171
10/30/2019 17:00,0.038738326,0.012732672
10/30/2019 18:00,0.055506413,0.018244076
10/30/2019 19:00,0.096836232,0.03182853
10/30/2019 20:00,0.126018782,0.041420371
10/30/2019 21:00,0.138684605,0.045583425
10/30/2019 22:00,0.182125354,0.059861709
10/30/2019 23:00,0.178918107,0.058807538
10/31/2019 0:00,0.176943341,0.058158464
10/31/2019 1:00,0.164346392,0.054018047
10/31/2019 2:00,0.167420111,0.055028329
10/31/2019 3:00,0.157495248,0.051766185
10/31/2019 4:00,0.145262401,0.047745442
10/31/2019 5:00,0.126113703,0.04145157
10/31/2019 6:00,0.107274554,0.035259441
10/31/2019 7:00,0.107505827,0.035335456
10/31/2019 8:00,0.158341539,0.052044347
10/31/2019 9:00,0.237215447,0.077968947
10/31/2019 10:00,0.277758227,0.091294714
10/31/2019 11:00,0.364868878,0.119926601
10/31/2019 12:00,0.456882111,0.150169888
10/31/2019 13:00,0.57957523,0.190497166
10/31/2019 14:00,0.594314823,0.195341836
10/31/2019 15:00,0.645947355,0.212312628
10/31/2019 16:00,0.736995828,0.242238814
10/31/2019 17:00,0.826172317,0.271549709
10/31/2019 18:00,0.905550106,0.297639926
10/31/2019 19:00,0.993409791,0.326518008
10/31/2019 20:00,0.951639543,0.312788792
10/31/2019 21:00,0.868630123,0.285504915
10/31/2019 22:00,0.710969778,0.233684465
10/31/2019 23:00,0.580721154,0.190873813
11/01/2019 00:00,0.658342604,0.21638675
11/01/2019 01:00,0.570863632,0.187633802
11/01/2019 02:00,0.377448946,0.124061469
11/01/2019 03:00,0.241439007,0.079357164
11/01/2019 04:00,0.224554503,0.073807496
11/01/2019 05:00,0.292129552,0.096018341
11/01/2019 06:00,0.400485285,0.131633147
11/01/2019 07:00,0.507312687,0.166745617
11/01/2019 08:00,0.566090865,0.186065069
11/01/2019 09:00,0.652748197,0.214547957
11/01/2019 10:00,0.890567796,0.292715479
11/01/2019 11:00,1.215656891,0.399567097
11/01/2019 12:00,1.366007607,0.448984988
11/01/2019 13:00,1.520624575,0.499805128
11/01/2019 14:00,1.689291335,0.555243211
11/01/2019 15:00,1.762744883,0.579386225
11/01/2019 16:00,1.985631555,0.652645531
11/01/2019 17:00,2.053455758,0.674938268
11/01/2019 18:00,2.107404402,0.69267033
11/01/2019 19:00,2.173411805,0.714365914
11/01/2019 20:00,2.231883588,0.73358466
11/01/2019 21:00,2.268053782,0.745473228
11/01/2019 22:00,2.274285801,0.747521593
11/01/2019 23:00,2.31,0.759260283
11/02/2019 00:00,2.31,0.759260283
11/02/2019 01:00,2.31,0.759260283
11/02/2019 02:00,2.31,0.759260283
11/02/2019 03:00,2.31,0.759260283
11/02/2019 04:00,2.31,0.759260283
11/02/2019 05:00,2.31,0.759260283
11/02/2019 06:00,2.31,0.759260283
11/02/2019 07:00,2.31,0.759260283
11/02/2019 08:00,2.31,0.759260283
11/02/2019 09:00,2.31,0.759260283
11/02/2019 10:00,2.31,0.759260283
11/02/2019 11:00,2.31,0.759260283
11/02/2019 12:00,2.31,0.759260283
11/02/2019 13:00,2.31,0.759260283
11/02/2019 14:00,2.31,0.759260283
11/02/2019 15:00,2.31,0.759260283
11/02/2019 16:00,2.31,0.759260283
11/02/2019 17:00,2.31,0.759260283
11/02/2019 18:00,2.31,0.759260283
11/02/2019 19:00,2.31,0.759260283
11/02/2019 20:00,2.31,0.759260283
11/02/2019 21:00,2.31,0.759260283
11/02/2019 22:00,2.31,0.759260283
11/02/2019 23:00,2.31,0.759260283
11/03/2019 00:00,2.305886407,0.75790821
11/03/2019 01:00,2.31,0.759260283
11/03/2019 02:00,2.306742274,0.75818952
11/03/2019 03:00,2.297160076,0.755040004
11/03/2019 04:00,2.27434112,0.747539776
11/03/2019 05:00,2.256986629,0.741835631
11/03/2019 06:00,2.231405969,0.733427674
11/03/2019 07:00,2.197359331,0.722237086
11/03/2019 08:00,2.167421719,0.712397068
11/03/2019 09:00,2.183315155,0.717620988
11/03/2019 10:00,2.189370113,0.719611157
11/03/2019 11:00,2.243454598,0.737387867
11/03/2019 12:00,2.243203789,0.73730543
11/03/2019 13:00,2.190627662,0.720024493
11/03/2019 14:00,2.148498327,0.70617725
11/03/2019 15:00,2.167752984,0.71250595
11/03/2019 16:00,2.232183944,0.733683382
11/03/2019 17:00,2.257783849,0.742097664
11/03/2019 18:00,2.256945816,0.741822216
11/03/2019 19:00,2.257185732,0.741901073
11/03/2019 20:00,2.26127573,0.74324539
11/03/2019 21:00,2.301649612,0.756515643
11/03/2019 22:00,2.269544613,0.74596324
11/03/2019 23:00,2.302312666,0.756733579
11/04/2019 00:00,2.289682626,0.752582285
11/04/2019 01:00,2.294629814,0.754208347
11/04/2019 02:00,2.241064782,0.736602372
11/04/2019 03:00,2.091346472,0.687392344
11/04/2019 04:00,1.990799216,0.654344059
11/04/2019 05:00,1.999655941,0.657255124
11/04/2019 06:00,2.065145366,0.678780457
11/04/2019 07:00,2.090951283,0.687262452
11/04/2019 08:00,2.118042007,0.696166742
11/04/2019 09:00,2.162344735,0.710728344
11/04/2019 10:00,2.233185074,0.734012438
11/04/2019 11:00,2.218933252,0.72932809
11/04/2019 12:00,2.100535169,0.690412523
11/04/2019 13:00,2.037994852,0.669856514
11/04/2019 14:00,2.042663561,0.671391045
11/04/2019 15:00,2.023414988,0.665064345
11/04/2019 16:00,2.025476675,0.665741988
11/04/2019 17:00,2.055560107,0.675629934
11/04/2019 18:00,2.043815194,0.671769568
11/04/2019 19:00,1.95830538,0.643663852
11/04/2019 20:00,1.87364733,0.615838096
11/04/2019 21:00,1.802079027,0.592314733
11/04/2019 22:00,1.819863623,0.598160247
11/04/2019 23:00,1.794861977,0.589942603
11/05/2019 00:00,1.806349759,0.593718454
11/05/2019 01:00,1.7598791,0.578444287
11/05/2019 02:00,1.727679801,0.567860889
11/05/2019 03:00,1.68372775,0.553414549
11/05/2019 04:00,1.642888113,0.539991209
11/05/2019 05:00,1.593600741,0.523791234
11/05/2019 06:00,1.480051499,0.486469402
11/05/2019 07:00,1.404117398,0.46151107
11/05/2019 08:00,1.326630379,0.436042319
11/05/2019 09:00,1.122026143,0.368792159
11/05/2019 10:00,0.857463004,0.28183446
11/05/2019 11:00,0.725830647,0.238568997
11/05/2019 12:00,0.60010142,0.197243798
11/05/2019 13:00,0.552365275,0.181553686
11/05/2019 14:00,0.736684169,0.242136377
11/05/2019 15:00,1.054028921,0.346442553
11/05/2019 16:00,1.305101647,0.428966167
11/05/2019 17:00,1.316994676,0.432875217
11/05/2019 18:00,1.135129108,0.373098895
11/05/2019 19:00,0.942533114,0.309795653
11/05/2019 20:00,0.873146467,0.286989365
11/05/2019 21:00,0.820723212,0.269758674
11/05/2019 22:00,0.370073307,0.121637214
11/05/2019 23:00,0.249352369,0.08195816
11/06/2019 00:00,0.212808954,0.069946921
11/06/2019 01:00,0.175707583,0.05775229
11/06/2019 02:00,0.139166916,0.045741953
11/06/2019 03:00,0.138049906,0.04537481
11/06/2019 04:00,0.135177087,0.04443056
11/06/2019 05:00,0.137760708,0.045279755
11/06/2019 06:00,0.132151424,0.043436073
11/06/2019 07:00,0.124322209,0.040862734
11/06/2019 08:00,0.116960343,0.038443006
11/06/2019 09:00,0.098387252,0.032338326
11/06/2019 10:00,0.046325833,0.015226565
11/06/2019 11:00,0.020109505,0.006609675
11/06/2019 12:00,0.012952175,0.004257174
11/06/2019 13:00,0.016500028,0.005423297
11/06/2019 14:00,0.035598851,0.011700776
11/06/2019 15:00,0.065547442,0.021544402
11/06/2019 16:00,0.110306948,0.036256141
11/06/2019 17:00,0.170185713,0.055937339
11/06/2019 18:00,0.221104847,0.072673649
11/06/2019 19:00,0.257784455,0.084729653
11/06/2019 20:00,0.279115992,0.09174099
11/06/2019 21:00,0.259513434,0.085297941
11/06/2019 22:00,0.394605319,0.129700496
11/06/2019 23:00,0.407251587,0.133857124
11/07/2019 00:00,0.414831701,0.136348586
11/07/2019 01:00,0.459246401,0.150946992
11/07/2019 02:00,0.562566399,0.184906634
11/07/2019 03:00,0.654812996,0.215226624
11/07/2019 04:00,0.721323619,0.237087608
11/07/2019 05:00,0.798517015,0.262459851
11/07/2019 06:00,0.978514055,0.321622017
11/07/2019 07:00,1.194750235,0.392695412
11/07/2019 08:00,1.475081757,0.484835927
11/07/2019 09:00,1.714160077,0.563417171
11/07/2019 10:00,1.955923379,0.642880925
11/07/2019 11:00,1.90897498,0.627449733
11/07/2019 12:00,1.94866365,0.640494768
11/07/2019 13:00,2.078946904,0.683316803
11/07/2019 14:00,2.129411219,0.699903621
11/07/2019 15:00,2.02968931,0.667126615
11/07/2019 16:00,1.926782879,0.633302906
11/07/2019 17:00,1.8566362,0.610246808
11/07/2019 18:00,1.818702269,0.597778528
11/07/2019 19:00,1.789291985,0.588111835
11/07/2019 20:00,1.675386442,0.550672893
11/07/2019 21:00,1.535867743,0.504815315
11/07/2019 22:00,1.402322825,0.460921223
11/07/2019 23:00,1.449600865,0.476460763
11/08/2019 00:00,1.364276987,0.448416161
11/08/2019 01:00,1.236385377,0.406380221
11/08/2019 02:00,1.158742187,0.380860139
11/08/2019 03:00,1.119376033,0.36792111
11/08/2019 04:00,1.032334203,0.339311844
11/08/2019 05:00,0.884997272,0.290884536
11/08/2019 06:00,0.71661782,0.235540887
11/08/2019 07:00,0.581702591,0.191196396
11/08/2019 08:00,0.443805165,0.145871704
11/08/2019 09:00,0.341527074,0.112254521
11/08/2019 10:00,0.303823609,0.099861991
11/08/2019 11:00,0.196070974,0.064445413
11/08/2019 12:00,0.105075947,0.034536793
11/08/2019 13:00,0.080090329,0.026324418
11/08/2019 14:00,0.076401138,0.02511184
11/08/2019 15:00,0.079411202,0.0261012
11/08/2019 16:00,0.061652855,0.020264313
11/08/2019 17:00,0.050852859,0.016714526
11/08/2019 18:00,0.036781435,0.012089473
11/08/2019 19:00,0.035239248,0.011582581
11/08/2019 20:00,0.05573346,0.018318703
11/08/2019 21:00,0.105133748,0.034555792
11/08/2019 22:00,0.146177958,0.048046371
11/08/2019 23:00,0.21435855,0.070456248
11/09/2019 00:00,0.265486947,0.08726134
11/09/2019 01:00,0.293095082,0.096335695
11/09/2019 02:00,0.335648953,0.110322476
11/09/2019 03:00,0.457385912,0.150335479
11/09/2019 04:00,0.55656941,0.182935519
11/09/2019 05:00,0.551184205,0.181165487
11/09/2019 06:00,0.554107986,0.182126488
11/09/2019 07:00,0.558848785,0.183684713
11/09/2019 08:00,0.567982943,0.186686965
11/09/2019 09:00,0.566464258,0.186187798
11/09/2019 10:00,0.790382775,0.259786255
11/09/2019 11:00,0.806523069,0.265091313
11/09/2019 12:00,0.764855985,0.251396005
11/09/2019 13:00,0.718973209,0.236315066
11/09/2019 14:00,0.596081771,0.195922603
11/09/2019 15:00,0.485348634,0.159526382
11/09/2019 16:00,0.491726667,0.16162274
11/09/2019 17:00,0.514784701,0.169201549
11/09/2019 18:00,0.545972885,0.179452609
11/09/2019 19:00,0.588575076,0.193455272
11/09/2019 20:00,0.618698289,0.203356293
11/09/2019 21:00,0.702728392,0.230975653
11/09/2019 22:00,0.68369707,0.22472036
11/09/2019 23:00,0.5924134,0.194716868
11/10/2019 00:00,0.59953472,0.197057533
11/10/2019 01:00,0.658793325,0.216534895
11/10/2019 02:00,0.737331086,0.242349008
11/10/2019 03:00,0.75695392,0.248798722
11/10/2019 04:00,0.758866871,0.249427479
11/10/2019 05:00,0.735492866,0.241744814
11/10/2019 06:00,0.701420902,0.230545902
11/10/2019 07:00,0.5502428,0.180856062
11/10/2019 08:00,0.369136864,0.12132942
11/10/2019 09:00,0.28973409,0.09523099
11/10/2019 10:00,0.329667378,0.108356427
11/10/2019 11:00,0.311467252,0.102374335
11/10/2019 12:00,0.215462421,0.070819073
11/10/2019 13:00,0.175064125,0.057540795
11/10/2019 14:00,0.194535071,0.063940586
11/10/2019 15:00,0.39757175,0.130675515
11/10/2019 16:00,0.641433711,0.210829065
11/10/2019 17:00,0.73737801,0.242364431
11/10/2019 18:00,1.0929919,0.359249064
11/10/2019 19:00,1.399005587,0.459830899
11/10/2019 20:00,1.621574348,0.532985713
11/10/2019 21:00,1.830175302,0.601549532
11/10/2019 22:00,1.723272389,0.566412243
11/10/2019 23:00,2.034541771,0.668721542
11/11/2019 00:00,2.210415685,0.726528501
11/11/2019 01:00,2.266783651,0.745055756
11/11/2019 02:00,2.272428136,0.746911008
11/11/2019 03:00,2.256720845,0.741748272
11/11/2019 04:00,2.250939401,0.739848003
11/11/2019 05:00,2.300524275,0.756145763
11/11/2019 06:00,2.31,0.759260283
11/11/2019 07:00,2.31,0.759260283
11/11/2019 08:00,2.31,0.759260283
11/11/2019 09:00,2.31,0.759260283
11/11/2019 10:00,2.31,0.759260283
11/11/2019 11:00,2.31,0.759260283
11/11/2019 12:00,2.31,0.759260283
11/11/2019 13:00,2.31,0.759260283
11/11/2019 14:00,2.31,0.759260283
11/11/2019 15:00,2.31,0.759260283
11/11/2019 16:00,2.31,0.759260283
11/11/2019 17:00,2.31,0.759260283
11/11/2019 18:00,2.309620856,0.759135664
11/11/2019 19:00,2.244550317,0.737748013
11/11/2019 20:00,2.107336366,0.692647968
11/11/2019 21:00,1.857019456,0.610372778
11/11/2019 22:00,1.995921208,0.656027576
11/11/2019 23:00,2.127289418,0.699206219
11/12/2019 00:00,2.260567244,0.743012522
11/12/2019 01:00,2.31,0.759260283
11/12/2019 02:00,2.31,0.759260283
11/12/2019 03:00,2.31,0.759260283
11/12/2019 04:00,2.31,0.759260283
11/12/2019 05:00,2.302110024,0.756666973
11/12/2019 06:00,2.250591594,0.739733684
11/12/2019 07:00,2.180232336,0.716607715
11/12/2019 08:00,2.06892495,0.680022746
11/12/2019 09:00,1.945530277,0.639464878
11/12/2019 10:00,1.898936338,0.624150191
11/12/2019 11:00,1.868664797,0.614200417
11/12/2019 12:00,1.507662365,0.495544655
11/12/2019 13:00,1.114016366,0.366159472
11/12/2019 14:00,1.038570764,0.341361702
11/12/2019 15:00,1.066764071,0.350628394
11/12/2019 16:00,0.915383434,0.300871985
11/12/2019 17:00,0.750237163,0.24659103
11/12/2019 18:00,0.606900512,0.199478552
11/12/2019 19:00,0.511736235,0.168199566
11/12/2019 20:00,0.422771491,0.138958269
11/12/2019 21:00,0.347089755,0.114082885
11/12/2019 22:00,0.319932388,0.105156691
11/12/2019 23:00,0.262674008,0.086336771
11/13/2019 0:00,0.230073376,0.075621462
11/13/2019 1:00,0.173124066,0.056903129
11/13/2019 2:00,0.138054355,0.045376272
11/13/2019 3:00,0.105612796,0.034713247
11/13/2019 4:00,0.076001973,0.02498064
11/13/2019 5:00,0.061899971,0.020345537
11/13/2019 6:00,0.053072457,0.017444073
11/13/2019 7:00,0.05106274,0.016783511
11/13/2019 8:00,0.045999386,0.015119267
11/13/2019 9:00,0.048563475,0.015962042
11/13/2019 10:00,0.105334536,0.034621788
11/13/2019 11:00,0.157915512,0.051904319
11/13/2019 12:00,0.153515624,0.050458145
11/13/2019 13:00,0.153950075,0.050600943
11/13/2019 14:00,0.156813211,0.05154201
11/13/2019 15:00,0.174748703,0.057437121
11/13/2019 16:00,0.198631151,0.065286902
11/13/2019 17:00,0.22432791,0.073733019
11/13/2019 18:00,0.317870579,0.104479007
11/13/2019 19:00,0.436842989,0.143583347
11/13/2019 20:00,0.531347027,0.174645322
11/13/2019 21:00,0.615713153,0.202375127
11/13/2019 22:00,0.550426194,0.180916341
11/13/2019 23:00,0.546083686,0.179489028
11/14/2019 0:00,0.580905381,0.190934365
11/14/2019 1:00,0.630464018,0.207223502
11/14/2019 2:00,0.831026259,0.273145122
11/14/2019 3:00,1.030663427,0.338762686
11/14/2019 4:00,1.167512358,0.383742755
11/14/2019 5:00,1.270968266,0.417747067
11/14/2019 6:00,1.397608843,0.459371812
11/14/2019 7:00,1.404508148,0.461639504
11/14/2019 8:00,1.429200246,0.469755404
11/14/2019 9:00,1.486288957,0.488519556
11/14/2019 10:00,1.898193348,0.623905982
11/14/2019 11:00,1.810225381,0.59499231
11/14/2019 12:00,1.91359886,0.628969529
11/14/2019 13:00,1.933991111,0.635672138
11/14/2019 14:00,2.000431971,0.657510192
11/14/2019 15:00,2.077529186,0.682850822
11/14/2019 16:00,2.151947146,0.707310822
11/14/2019 17:00,2.207458478,0.725556515
11/14/2019 18:00,2.153873402,0.707943952
11/14/2019 19:00,2.070099848,0.680408916
11/14/2019 20:00,1.983358561,0.651898434
11/14/2019 21:00,1.927995538,0.633701488
11/14/2019 22:00,1.955106713,0.642612501
11/14/2019 23:00,1.829321328,0.601268844
11/15/2019 0:00,1.503181625,0.494071907
11/15/2019 1:00,1.502432078,0.493825543
11/15/2019 2:00,1.58056586,0.519506875
11/15/2019 3:00,1.497986697,0.492364417
11/15/2019 4:00,1.183678685,0.389056369
11/15/2019 5:00,0.967928369,0.31814267
11/15/2019 6:00,0.766462557,0.25192406
11/15/2019 7:00,0.590453965,0.194072833
11/15/2019 8:00,0.439335384,0.144402558
11/15/2019 9:00,0.329184472,0.108197704
11/15/2019 10:00,0.320432418,0.105321043
11/15/2019 11:00,0.255151952,0.083864391
11/15/2019 12:00,0.197970608,0.065069792
11/15/2019 13:00,0.140009732,0.046018973
11/15/2019 14:00,0.117277845,0.038547363
11/15/2019 15:00,0.101694951,0.033425514
11/15/2019 16:00,0.09393195,0.030873939
11/15/2019 17:00,0.119736986,0.039355644
11/15/2019 18:00,0.167814815,0.055158062
11/15/2019 19:00,0.19444274,0.063910238
11/15/2019 20:00,0.147341455,0.048428794
11/15/2019 21:00,0.11232544,0.036919587
11/15/2019 22:00,0.085097725,0.02797027
11/15/2019 23:00,0.054644394,0.017960744
11/16/2019 0:00,0.035774172,0.011758402
11/16/2019 1:00,0.014944371,0.004911977
11/16/2019 2:00,0.003304248,0.001086054
11/16/2019 3:00,0,0
11/16/2019 4:00,0,0
11/16/2019 5:00,0,0
11/16/2019 6:00,0,0
11/16/2019 7:00,0,0
11/16/2019 8:00,0.004942297,0.001624454
11/16/2019 9:00,0.021417296,0.007039525
11/16/2019 10:00,0.029106997,0.009567007
11/16/2019 11:00,0.042478628,0.01396205
11/16/2019 12:00,0.05292405,0.017395294
11/16/2019 13:00,0.044233113,0.014538721
11/16/2019 14:00,0.031070101,0.010212248
11/16/2019 15:00,0.024203924,0.007955445
11/16/2019 16:00,0.025916722,0.008518415
11/16/2019 17:00,0.016857063,0.005540649
11/16/2019 18:00,0.017938371,0.005896058
11/16/2019 19:00,0.017874406,0.005875033
11/16/2019 20:00,0.017485293,0.005747138
11/16/2019 21:00,0.014941527,0.004911042
11/16/2019 22:00,0.012810389,0.004210571
11/16/2019 23:00,0.01457765,0.004791442
11/17/2019 0:00,0.031059373,0.010208722
11/17/2019 1:00,0.065021869,0.021371655
11/17/2019 2:00,0.111129604,0.036526534
11/17/2019 3:00,0.103502079,0.034019488
11/17/2019 4:00,0.048345799,0.015890496
11/17/2019 5:00,0.04313763,0.014178653
11/17/2019 6:00,0.09434316,0.031009097
11/17/2019 7:00,0.252345444,0.082941936
11/17/2019 8:00,0.433543405,0.142498826
11/17/2019 9:00,0.486145273,0.159788224
11/17/2019 10:00,0.378453767,0.124391738
11/17/2019 11:00,0.282833426,0.092962851
11/17/2019 12:00,0.257606038,0.08467101
11/17/2019 13:00,0.264149945,0.086821888
11/17/2019 14:00,0.226068988,0.074305283
11/17/2019 15:00,0.28908219,0.095016721
11/17/2019 16:00,0.360749159,0.118572515
11/17/2019 17:00,0.285751201,0.093921878
11/17/2019 18:00,0.330223266,0.108539139
11/17/2019 19:00,0.386132885,0.126915742
11/17/2019 20:00,0.501001793,0.164671326
11/17/2019 21:00,0.649268861,0.213404355
11/17/2019 22:00,0.776855317,0.255339995
11/17/2019 23:00,0.899698976,0.295716753
11/18/2019 0:00,0.684925903,0.225124258
11/18/2019 1:00,0.493224186,0.16211495
11/18/2019 2:00,0.511224194,0.168031267
11/18/2019 3:00,0.618967968,0.203444933
11/18/2019 4:00,0.750999068,0.246841457
11/18/2019 5:00,0.68311822,0.224530101
11/18/2019 6:00,0.483603951,0.158952932
11/18/2019 7:00,0.37553294,0.123431709
11/18/2019 8:00,0.328491302,0.10796987
11/18/2019 9:00,0.253423719,0.083296348
11/18/2019 10:00,0.200222996,0.065810116
11/18/2019 11:00,0.120578379,0.039632197
11/18/2019 12:00,0.107162917,0.035222748
11/18/2019 13:00,0.105391057,0.034640365
11/18/2019 14:00,0.106869769,0.035126394
11/18/2019 15:00,0.115938078,0.038107003
11/18/2019 16:00,0.099721427,0.032776848
11/18/2019 17:00,0.085265853,0.028025531
11/18/2019 18:00,0.05830195,0.019162924
11/18/2019 19:00,0.034345592,0.01128885
11/18/2019 20:00,0.013117446,0.004311496
11/18/2019 21:00,0.003500918,0.001150696
11/18/2019 22:00,0,0
11/18/2019 23:00,0,0
11/19/2019 0:00,0,0
11/19/2019 1:00,0,0
11/19/2019 2:00,0,0
11/19/2019 3:00,4.33E-05,1.42E-05
11/19/2019 4:00,0.008412582,0.002765082
11/19/2019 5:00,0.010629089,0.003493613
11/19/2019 6:00,0.011287058,0.003709877
11/19/2019 7:00,0.021578849,0.007092625
11/19/2019 8:00,0.045560566,0.014975034
11/19/2019 9:00,0.079109789,0.02600213
11/19/2019 10:00,0.153142101,0.050335374
11/19/2019 11:00,0.222134075,0.07301194
11/19/2019 12:00,0.365419713,0.120107652
11/19/2019 13:00,0.509619626,0.167503871
11/19/2019 14:00,0.690135877,0.226836693
11/19/2019 15:00,0.997983361,0.328021268
11/19/2019 16:00,1.342307481,0.441195133
11/19/2019 17:00,1.579064688,0.519013464
11/19/2019 18:00,1.744176811,0.573283194
11/19/2019 19:00,1.850358747,0.608183509
11/19/2019 20:00,1.935834652,0.63627808
11/19/2019 21:00,1.985840559,0.652714227
11/19/2019 22:00,2.109220636,0.693267297
11/19/2019 23:00,2.133722385,0.701320633
11/20/2019 0:00,2.103604959,0.691421514
11/20/2019 1:00,2.04473422,0.672071637
11/20/2019 2:00,1.967155242,0.64657266
11/20/2019 3:00,1.846844047,0.607028283
11/20/2019 4:00,1.67336522,0.55000855
11/20/2019 5:00,1.630396793,0.535885511
11/20/2019 6:00,1.877928657,0.6172453
11/20/2019 7:00,2.052379921,0.674584658
11/20/2019 8:00,2.15221852,0.707400018
11/20/2019 9:00,2.192087554,0.720504336
11/20/2019 10:00,2.234675186,0.734502214
11/20/2019 11:00,2.263736097,0.744054074
11/20/2019 12:00,2.273224063,0.747172617
11/20/2019 13:00,2.274037357,0.747439934
11/20/2019 14:00,2.31,0.759260283
11/20/2019 15:00,2.302051982,0.756647896
11/20/2019 16:00,2.279847307,0.749349572
11/20/2019 17:00,2.274296273,0.747525035
11/20/2019 18:00,2.273137569,0.747144188
11/20/2019 19:00,2.288030413,0.752039229
11/20/2019 20:00,2.264762359,0.744391389
11/20/2019 21:00,2.23813063,0.735637963
11/20/2019 22:00,2.13791038,0.70269716
11/20/2019 23:00,2.162884325,0.710905699
11/21/2019 0:00,2.189550346,0.719670396
11/21/2019 1:00,2.243559527,0.737422356
11/21/2019 2:00,2.223890784,0.730957552
11/21/2019 3:00,2.239019236,0.735930034
11/21/2019 4:00,2.295328384,0.754437956
11/21/2019 5:00,2.309019147,0.758937892
11/21/2019 6:00,2.31,0.759260283
11/21/2019 7:00,2.302072908,0.756654774
11/21/2019 8:00,2.302925026,0.756934852
11/21/2019 9:00,2.291493014,0.753177331
11/21/2019 10:00,2.235976071,0.734929794
11/21/2019 11:00,2.263140698,0.743858375
11/21/2019 12:00,2.278639492,0.748952583
11/21/2019 13:00,2.24355184,0.737419829
11/21/2019 14:00,2.175118341,0.714926825
11/21/2019 15:00,2.102075572,0.690918828
11/21/2019 16:00,1.914086976,0.629129965
11/21/2019 17:00,1.639099607,0.538745988
11/21/2019 18:00,1.427122394,0.469072447
11/21/2019 19:00,1.527756729,0.502149353
11/21/2019 20:00,1.668977164,0.548566266
11/21/2019 21:00,1.752278991,0.575946252
11/21/2019 22:00,1.933253137,0.635429577
11/21/2019 23:00,1.868556255,0.614164741
11/22/2019 0:00,1.837862662,0.604076244
11/22/2019 1:00,1.746349125,0.573997199
11/22/2019 2:00,1.607436228,0.528338738
11/22/2019 3:00,1.584843898,0.520912999
11/22/2019 4:00,1.674733707,0.55045835
11/22/2019 5:00,1.714326575,0.563471896
11/22/2019 6:00,1.697448726,0.557924416
11/22/2019 7:00,1.645020305,0.540692027
11/22/2019 8:00,1.687885451,0.554781119
11/22/2019 9:00,1.388154229,0.456264231
11/22/2019 10:00,1.142176051,0.375415113
11/22/2019 11:00,1.235959213,0.406240148
11/22/2019 12:00,1.414707436,0.464991848
11/22/2019 13:00,1.499145941,0.492745442
11/22/2019 14:00,1.496184913,0.491772199
11/22/2019 15:00,1.298039861,0.42664507
11/22/2019 16:00,1.161039541,0.381615243
11/22/2019 17:00,1.124072248,0.369464681
11/22/2019 18:00,1.087834667,0.357553964
11/22/2019 19:00,1.041703299,0.342391317
11/22/2019 20:00,1.092764661,0.359174375
11/22/2019 21:00,1.146312662,0.376774752
11/22/2019 22:00,1.291451928,0.424479721
11/22/2019 23:00,1.245721659,0.409448909
11/23/2019 0:00,1.112374678,0.365619876
11/23/2019 1:00,0.89068248,0.292753174
11/23/2019 2:00,0.657788086,0.216204489
11/23/2019 3:00,0.537042829,0.176517442
11/23/2019 4:00,0.685911284,0.225448136
11/23/2019 5:00,0.79723167,0.262037378
11/23/2019 6:00,0.773682011,0.25429698
11/23/2019 7:00,0.783748467,0.257605663
11/23/2019 8:00,0.817275915,0.268625603
11/23/2019 9:00,0.780263915,0.256460347
11/23/2019 10:00,0.821662277,0.27006733
11/23/2019 11:00,0.851065635,0.279731747
11/23/2019 12:00,0.840077003,0.276119958
11/23/2019 13:00,0.846124453,0.278107659
11/23/2019 14:00,0.84447181,0.277564461
11/23/2019 15:00,0.968121481,0.318206143
11/23/2019 16:00,1.068808833,0.351300475
11/23/2019 17:00,1.054102116,0.346466611
11/23/2019 18:00,1.277236923,0.419807475
11/23/2019 19:00,1.475714729,0.485043975
11/23/2019 20:00,1.824107467,0.599555131
11/23/2019 21:00,1.999760311,0.657289428
11/23/2019 22:00,1.785233305,0.586777811
11/23/2019 23:00,1.763926435,0.579774582
11/24/2019 0:00,1.86684167,0.613601184
11/24/2019 1:00,2.044031996,0.671840828
11/24/2019 2:00,2.121000176,0.697139045
11/24/2019 3:00,2.077896045,0.682971402
11/24/2019 4:00,2.234765385,0.734531861
11/24/2019 5:00,2.278381729,0.74886786
11/24/2019 6:00,2.300938294,0.756281844
11/24/2019 7:00,2.262189778,0.743545823
11/24/2019 8:00,2.306082874,0.757972786
11/24/2019 9:00,2.31,0.759260283
11/24/2019 10:00,2.257622387,0.742044594
11/24/2019 11:00,2.186528217,0.71867707
11/24/2019 12:00,2.131186415,0.7004871
11/24/2019 13:00,2.030814569,0.667496469
11/24/2019 14:00,1.8900884,0.621242014
11/24/2019 15:00,1.865996464,0.613323378
11/24/2019 16:00,1.998024973,0.65671905
11/24/2019 17:00,1.936421195,0.636470868
11/24/2019 18:00,1.758715433,0.578061808
11/24/2019 19:00,1.519064432,0.499292333
11/24/2019 20:00,1.394584364,0.458377714
11/24/2019 21:00,1.209938722,0.397687626
11/24/2019 22:00,1.035132953,0.340231748
11/24/2019 23:00,0.981204549,0.322506339
11/25/2019 0:00,0.992651498,0.326268769
11/25/2019 1:00,1.001759272,0.32926235
11/25/2019 2:00,0.785978033,0.258338487
11/25/2019 3:00,0.62207824,0.20446723
11/25/2019 4:00,0.507782518,0.166900043
11/25/2019 5:00,0.474629043,0.156003022
11/25/2019 6:00,0.456044912,0.149894714
11/25/2019 7:00,0.410789094,0.135019846
11/25/2019 8:00,0.410307142,0.134861436
11/25/2019 9:00,0.470024678,0.154489641
11/25/2019 10:00,0.545357847,0.179250456
11/25/2019 11:00,0.655542005,0.215466237
11/25/2019 12:00,0.856448947,0.281501156
11/25/2019 13:00,1.099428314,0.361364612
11/25/2019 14:00,1.190594209,0.391329392
11/25/2019 15:00,1.194982723,0.392771827
11/25/2019 16:00,1.229088972,0.403982009
11/25/2019 17:00,1.300090848,0.427319197
11/25/2019 18:00,1.349639054,0.443604905
11/25/2019 19:00,1.377236044,0.452675597
11/25/2019 20:00,1.33370482,0.438367575
11/25/2019 21:00,1.261603193,0.414668917
11/25/2019 22:00,1.254826739,0.412441604
11/25/2019 23:00,1.317346633,0.432990899
11/26/2019 0:00,1.313803035,0.431826175
11/26/2019 1:00,1.39140783,0.457333638
11/26/2019 2:00,1.590947251,0.522919074
11/26/2019 3:00,1.634572821,0.537258105
11/26/2019 4:00,1.741050529,0.572255635
11/26/2019 5:00,1.881512362,0.618423207
11/26/2019 6:00,2.008641131,0.660208413
11/26/2019 7:00,2.028545784,0.666750756
11/26/2019 8:00,2.082947048,0.684631587
11/26/2019 9:00,2.098447745,0.689726419
11/26/2019 10:00,2.00286811,0.658310912
11/26/2019 11:00,1.935839843,0.636279787
11/26/2019 12:00,2.051227837,0.674205986
11/26/2019 13:00,2.166561705,0.712114395
11/26/2019 14:00,2.237824749,0.735537425
11/26/2019 15:00,2.307441983,0.758419503
11/26/2019 16:00,2.31,0.759260283
11/26/2019 17:00,2.31,0.759260283
11/26/2019 18:00,2.31,0.759260283
11/26/2019 19:00,2.31,0.759260283
11/26/2019 20:00,2.31,0.759260283
11/26/2019 21:00,2.305837023,0.757891979
11/26/2019 22:00,2.2421593,0.736962123
11/26/2019 23:00,2.26525961,0.744554828
11/27/2019 0:00,2.227592446,0.73217423
11/27/2019 1:00,2.132587466,0.700947603
11/27/2019 2:00,2.081168473,0.684046997
11/27/2019 3:00,2.031973676,0.66787745
11/27/2019 4:00,1.998223893,0.656784432
11/27/2019 5:00,2.01877572,0.663539491
11/27/2019 6:00,2.051052358,0.674148309
11/27/2019 7:00,2.083145536,0.684696826
11/27/2019 8:00,2.109511763,0.693362986
11/27/2019 9:00,2.146431807,0.705498018
11/27/2019 10:00,2.259900219,0.742793281
11/27/2019 11:00,2.230756056,0.733214058
11/27/2019 12:00,2.250723503,0.73977704
11/27/2019 13:00,2.301781946,0.756559139
11/27/2019 14:00,2.31,0.759260283
11/27/2019 15:00,2.31,0.759260283
11/27/2019 16:00,2.31,0.759260283
11/27/2019 17:00,2.31,0.759260283
11/27/2019 18:00,2.31,0.759260283
11/27/2019 19:00,2.31,0.759260283
11/27/2019 20:00,2.31,0.759260283
11/27/2019 21:00,2.31,0.759260283
11/27/2019 22:00,2.31,0.759260283
11/27/2019 23:00,2.31,0.759260283
11/28/2019 0:00,2.31,0.759260283
11/28/2019 1:00,2.31,0.759260283
11/28/2019 2:00,2.31,0.759260283
11/28/2019 3:00,2.31,0.759260283
11/28/2019 4:00,2.31,0.759260283
11/28/2019 5:00,2.31,0.759260283
11/28/2019 6:00,2.31,0.759260283
11/28/2019 7:00,2.309632948,0.759139639
11/28/2019 8:00,2.308168797,0.758658396
11/28/2019 9:00,2.298977924,0.755637502
11/28/2019 10:00,2.246416829,0.738361505
11/28/2019 11:00,2.228457583,0.732458587
11/28/2019 12:00,2.209217133,0.726134556
11/28/2019 13:00,2.24153935,0.736758355
11/28/2019 14:00,2.283876308,0.750673841
11/28/2019 15:00,2.276283597,0.748178237
11/28/2019 16:00,2.25006248,0.739559773
11/28/2019 17:00,2.206754352,0.725325079
11/28/2019 18:00,2.132029142,0.700764091
11/28/2019 19:00,2.091310197,0.687380421
11/28/2019 20:00,2.039548472,0.670367164
11/28/2019 21:00,2.017684427,0.6631808
11/28/2019 22:00,1.974840579,0.649098708
11/28/2019 23:00,1.931735187,0.634930651
11/29/2019 0:00,1.839776762,0.604705379
11/29/2019 1:00,1.831451638,0.601969043
11/29/2019 2:00,1.913922977,0.629076061
11/29/2019 3:00,1.938808737,0.637255615
11/29/2019 4:00,1.888501205,0.620720329
11/29/2019 5:00,1.90037316,0.624622452
11/29/2019 6:00,1.939446811,0.63746534
11/29/2019 7:00,1.876643652,0.616822939
11/29/2019 8:00,1.83338768,0.602605389
11/29/2019 9:00,1.722385255,0.566120656
11/29/2019 10:00,1.571566842,0.516549041
11/29/2019 11:00,1.371429423,0.450767053
11/29/2019 12:00,1.131924324,0.372045534
11/29/2019 13:00,0.945035361,0.310618102
11/29/2019 14:00,0.846979297,0.278388632
11/29/2019 15:00,0.846854935,0.278347756
11/29/2019 16:00,0.903486899,0.296961783
11/29/2019 17:00,0.980556969,0.32229349
11/29/2019 18:00,1.099791241,0.3614839
11/29/2019 19:00,1.103700838,0.362768922
11/29/2019 20:00,0.990508999,0.325564564
11/29/2019 21:00,0.826377542,0.271617163
11/29/2019 22:00,1.125959091,0.370084856
11/29/2019 23:00,0.839437749,0.275909845
11/30/2019 0:00,0.586535181,0.192784791
11/30/2019 1:00,0.457451061,0.150356893
11/30/2019 2:00,0.348621279,0.114586273
11/30/2019 3:00,0.307390742,0.101034451
11/30/2019 4:00,0.270390259,0.08887298
11/30/2019 5:00,0.211960979,0.069668205
11/30/2019 6:00,0.129878775,0.042689089
11/30/2019 7:00,0.070976926,0.023328987
11/30/2019 8:00,0.037135367,0.012205805
11/30/2019 9:00,0.017401181,0.005719492
11/30/2019 10:00,0.022154288,0.007281762
11/30/2019 11:00,0.001075579,0.000353526
11/30/2019 12:00,0,0
11/30/2019 13:00,0.004649675,0.001528274
11/30/2019 14:00,0.033247318,0.010927865
11/30/2019 15:00,0.073546824,0.024173672
11/30/2019 16:00,0.110134454,0.036199445
11/30/2019 17:00,0.154011474,0.050621123
11/30/2019 18:00,0.193361406,0.063554821
11/30/2019 19:00,0.252505017,0.082994385
11/30/2019 20:00,0.360825156,0.118597494
11/30/2019 21:00,0.440362592,0.144740185
11/30/2019 22:00,0.580140936,0.190683104
11/30/2019 23:00,0.675455401,0.222011454
12/01/2019 00:00,0.801580216,0.263466676
12/01/2019 01:00,1.120611017,0.368327029
12/01/2019 02:00,1.210379162,0.397832392
12/01/2019 03:00,1.431704696,0.470578577
12/01/2019 04:00,1.645766688,0.540937351
12/01/2019 05:00,1.658271446,0.545047466
12/01/2019 06:00,1.658706947,0.545190609
12/01/2019 07:00,1.853480936,0.609209723
12/01/2019 08:00,1.85103025,0.608404221
12/01/2019 09:00,1.773725765,0.582995466
12/01/2019 10:00,1.603767466,0.527132874
12/01/2019 11:00,1.632952862,0.53672565
12/01/2019 12:00,1.953334642,0.642030049
12/01/2019 13:00,2.093907258,0.688234033
12/01/2019 14:00,2.16708826,0.712287465
12/01/2019 15:00,2.180004884,0.716532955
12/01/2019 16:00,2.117991142,0.696150023
12/01/2019 17:00,2.028949257,0.666883371
12/01/2019 18:00,1.844929372,0.60639896
12/01/2019 19:00,1.66015583,0.545666833
12/01/2019 20:00,1.243788631,0.408813553
12/01/2019 21:00,1.158235638,0.380693644
12/01/2019 22:00,1.353163691,0.444763397
12/01/2019 23:00,1.278876073,0.420346238
12/02/2019 00:00,1.04449971,0.343310452
12/02/2019 01:00,1.114167171,0.36620904
12/02/2019 02:00,1.153852354,0.379252928
12/02/2019 03:00,1.608368368,0.528645118
12/02/2019 04:00,1.908025414,0.627137626
12/02/2019 05:00,2.001649634,0.657910419
12/02/2019 06:00,1.974954613,0.64913619
12/02/2019 07:00,1.920115085,0.631111308
12/02/2019 08:00,1.97987176,0.650752378
12/02/2019 09:00,2.029873153,0.667187041
12/02/2019 10:00,1.909356698,0.627575198
12/02/2019 11:00,1.794464737,0.589812036
12/02/2019 12:00,1.722324665,0.566100741
12/02/2019 13:00,1.938316187,0.637093722
12/02/2019 14:00,2.019660153,0.66383019
12/02/2019 15:00,2.115579921,0.695357493
12/02/2019 16:00,2.153157286,0.707708576
12/02/2019 17:00,2.178166966,0.71592886
12/02/2019 18:00,2.234376308,0.734403977
12/02/2019 19:00,2.242331583,0.73701875
12/02/2019 20:00,2.243267073,0.737326231
12/02/2019 21:00,2.293284728,0.753766239
12/02/2019 22:00,2.31,0.759260283
12/02/2019 23:00,2.31,0.759260283
12/03/2019 00:00,2.31,0.759260283
12/03/2019 01:00,2.31,0.759260283
12/03/2019 02:00,2.31,0.759260283
12/03/2019 03:00,2.31,0.759260283
12/03/2019 04:00,2.31,0.759260283
12/03/2019 05:00,2.31,0.759260283
12/03/2019 06:00,2.31,0.759260283
12/03/2019 07:00,2.31,0.759260283
12/03/2019 08:00,2.31,0.759260283
12/03/2019 09:00,2.30037669,0.756097254
12/03/2019 10:00,2.305118397,0.757655778
12/03/2019 11:00,2.305606793,0.757816306
12/03/2019 12:00,2.300551035,0.756154558
12/03/2019 13:00,2.250745188,0.739784168
12/03/2019 14:00,2.112229872,0.694256386
12/03/2019 15:00,1.905608711,0.626343294
12/03/2019 16:00,1.481862062,0.487064506
12/03/2019 17:00,1.202592402,0.395273007
12/03/2019 18:00,1.26362568,0.415333676
12/03/2019 19:00,1.426342007,0.468815946
12/03/2019 20:00,1.604698124,0.527438767
12/03/2019 21:00,1.73846364,0.571405366
12/03/2019 22:00,1.574006238,0.517350832
12/03/2019 23:00,1.959315648,0.64399591
12/04/2019 00:00,2.101331058,0.690674118
12/04/2019 01:00,2.104478603,0.691708667
12/04/2019 02:00,2.121640354,0.697349461
12/04/2019 03:00,2.12074902,0.697056494
12/04/2019 04:00,2.092395062,0.687736999
12/04/2019 05:00,2.142410136,0.704176158
12/04/2019 06:00,2.177902798,0.715842032
12/04/2019 07:00,2.182892135,0.717481948
12/04/2019 08:00,2.179552729,0.716384338
12/04/2019 09:00,2.192241675,0.720554993
12/04/2019 10:00,2.23953194,0.736098552
12/04/2019 11:00,2.31,0.759260283
12/04/2019 12:00,2.31,0.759260283
12/04/2019 13:00,2.29990914,0.755943578
12/04/2019 14:00,2.31,0.759260283
12/04/2019 15:00,2.31,0.759260283
12/04/2019 16:00,2.31,0.759260283
12/04/2019 17:00,2.31,0.759260283
12/04/2019 18:00,2.31,0.759260283
12/04/2019 19:00,2.31,0.759260283
12/04/2019 20:00,2.31,0.759260283
12/04/2019 21:00,2.31,0.759260283
12/04/2019 22:00,2.31,0.759260283
12/04/2019 23:00,2.31,0.759260283
12/05/2019 00:00,2.31,0.759260283
12/05/2019 01:00,2.31,0.759260283
12/05/2019 02:00,2.31,0.759260283
12/05/2019 03:00,2.31,0.759260283
12/05/2019 04:00,2.31,0.759260283
12/05/2019 05:00,2.31,0.759260283
12/05/2019 06:00,2.31,0.759260283
12/05/2019 07:00,2.31,0.759260283
12/05/2019 08:00,2.31,0.759260283
12/05/2019 09:00,2.31,0.759260283
12/05/2019 10:00,2.31,0.759260283
12/05/2019 11:00,2.31,0.759260283
12/05/2019 12:00,2.31,0.759260283
12/05/2019 13:00,2.305775627,0.757871799
12/05/2019 14:00,2.116106449,0.695530555
12/05/2019 15:00,1.616226647,0.531228009
12/05/2019 16:00,0.855892235,0.281318173
12/05/2019 17:00,0.224502769,0.073790492
12/05/2019 18:00,0.09069206,0.029809039
12/05/2019 19:00,0.842634944,0.276960712
12/05/2019 20:00,0.416571563,0.136920451
12/05/2019 21:00,0.234181284,0.076971666
12/05/2019 22:00,0.783539191,0.257536878
12/05/2019 23:00,1.061558081,0.348917268
12/06/2019 00:00,1.0832774,0.356056063
12/06/2019 01:00,0.749438578,0.246328548
12/06/2019 02:00,0.552661486,0.181651046
12/06/2019 03:00,0.220162516,0.072363919
12/06/2019 04:00,0.04240142,0.013936673
12/06/2019 05:00,0.016161462,0.005312016
12/06/2019 06:00,0.031170162,0.010245137
12/06/2019 07:00,0.050586286,0.016626908
12/06/2019 08:00,0.064576398,0.021225236
12/06/2019 09:00,0.053979517,0.017742209
12/06/2019 10:00,0.069019252,0.022685531
12/06/2019 11:00,0.035363477,0.011623413
12/06/2019 12:00,0.023363948,0.007679358
12/06/2019 13:00,0.047087172,0.015476805
12/06/2019 14:00,0.124467382,0.04091045
12/06/2019 15:00,0.317406068,0.104326329
12/06/2019 16:00,0.444033405,0.145946722
12/06/2019 17:00,0.56061854,0.184266403
12/06/2019 18:00,0.903316359,0.296905729
12/06/2019 19:00,0.946725994,0.311173786
12/06/2019 20:00,0.96482212,0.317121695
12/06/2019 21:00,1.184071169,0.389185373
12/06/2019 22:00,1.272727622,0.418325339
12/06/2019 23:00,1.368807465,0.449905257
12/07/2019 00:00,1.602282293,0.526644722
12/07/2019 01:00,1.701249474,0.559173661
12/07/2019 02:00,1.526234638,0.501649066
12/07/2019 03:00,1.353500879,0.444874225
12/07/2019 04:00,1.611031362,0.529520402
12/07/2019 05:00,1.000796535,0.328945914
12/07/2019 06:00,0.639350129,0.210144225
12/07/2019 07:00,0.399930725,0.131450872
12/07/2019 08:00,0.224780189,0.073881675
12/07/2019 09:00,0.119446633,0.03926021
12/07/2019 10:00,0.030341865,0.009972889
12/07/2019 11:00,0,0
12/07/2019 12:00,0,0
12/07/2019 13:00,0.234446822,0.077058944
12/07/2019 14:00,0.996474621,0.327525369
12/07/2019 15:00,1.918316354,0.630520094
12/07/2019 16:00,2.2679775,0.745448155
12/07/2019 17:00,2.31,0.759260283
12/07/2019 18:00,2.31,0.759260283
12/07/2019 19:00,2.303517005,0.757129426
12/07/2019 20:00,2.230244613,0.733045955
12/07/2019 21:00,2.171460074,0.713724411
12/07/2019 22:00,1.965239126,0.645942864
12/07/2019 23:00,2.051080185,0.674157455
12/08/2019 00:00,2.210206167,0.726459636
12/08/2019 01:00,2.31,0.759260283
12/08/2019 02:00,2.31,0.759260283
12/08/2019 03:00,2.31,0.759260283
12/08/2019 04:00,2.31,0.759260283
12/08/2019 05:00,2.31,0.759260283
12/08/2019 06:00,2.31,0.759260283
12/08/2019 07:00,2.31,0.759260283
12/08/2019 08:00,2.31,0.759260283
12/08/2019 09:00,2.31,0.759260283
12/08/2019 10:00,2.31,0.759260283
12/08/2019 11:00,2.31,0.759260283
12/08/2019 12:00,2.31,0.759260283
12/08/2019 13:00,2.31,0.759260283
12/08/2019 14:00,2.30418574,0.757349228
12/08/2019 15:00,2.234598292,0.73447694
12/08/2019 16:00,2.123705621,0.698028282
12/08/2019 17:00,1.970011742,0.647511546
12/08/2019 18:00,1.619421227,0.532278017
12/08/2019 19:00,1.424361612,0.468165022
12/08/2019 20:00,1.43312684,0.471046013
12/08/2019 21:00,2.31,0.759260283
12/08/2019 22:00,2.31,0.759260283
12/08/2019 23:00,2.31,0.759260283
12/09/2019 00:00,2.31,0.759260283
12/09/2019 01:00,2.31,0.759260283
12/09/2019 02:00,2.31,0.759260283
12/09/2019 03:00,2.31,0.759260283
12/09/2019 04:00,2.31,0.759260283
12/09/2019 05:00,2.31,0.759260283
12/09/2019 06:00,2.31,0.759260283
12/09/2019 07:00,2.31,0.759260283
12/09/2019 08:00,2.31,0.759260283
12/09/2019 09:00,2.31,0.759260283
12/09/2019 10:00,2.31,0.759260283
12/09/2019 11:00,2.276832743,0.748358733
12/09/2019 12:00,2.160521026,0.71012892
12/09/2019 13:00,1.811912723,0.595546912
12/09/2019 14:00,0.897161859,0.294882843
12/09/2019 15:00,0.652064553,0.214323254
12/09/2019 16:00,0.282876796,0.092977107
12/09/2019 17:00,0.156354223,0.051391148
12/09/2019 18:00,0.061029661,0.020059479
12/09/2019 19:00,0.124948317,0.041068526
12/09/2019 20:00,0.514256792,0.169028033
12/09/2019 21:00,1.725708413,0.567212925
12/09/2019 22:00,2.221684062,0.730232238
12/09/2019 23:00,2.31,0.759260283
12/10/2019 00:00,2.31,0.759260283
12/10/2019 01:00,2.31,0.759260283
12/10/2019 02:00,2.31,0.759260283
12/10/2019 03:00,2.31,0.759260283
12/10/2019 04:00,2.31,0.759260283
12/10/2019 05:00,2.31,0.759260283
12/10/2019 06:00,2.31,0.759260283
12/10/2019 07:00,2.31,0.759260283
12/10/2019 08:00,2.31,0.759260283
12/10/2019 09:00,2.31,0.759260283
12/10/2019 10:00,2.31,0.759260283
12/10/2019 11:00,2.31,0.759260283
12/10/2019 12:00,2.31,0.759260283
12/10/2019 13:00,2.31,0.759260283
12/10/2019 14:00,2.31,0.759260283
12/10/2019 15:00,2.31,0.759260283
12/10/2019 16:00,2.31,0.759260283
12/10/2019 17:00,2.31,0.759260283
12/10/2019 18:00,2.31,0.759260283
12/10/2019 19:00,2.31,0.759260283
12/10/2019 20:00,2.31,0.759260283
12/10/2019 21:00,2.31,0.759260283
12/10/2019 22:00,2.31,0.759260283
12/10/2019 23:00,2.31,0.759260283
12/11/2019 00:00,2.31,0.759260283
12/11/2019 01:00,2.31,0.759260283
12/11/2019 02:00,2.31,0.759260283
12/11/2019 03:00,2.31,0.759260283
12/11/2019 04:00,2.31,0.759260283
12/11/2019 05:00,2.31,0.759260283
12/11/2019 06:00,2.31,0.759260283
12/11/2019 07:00,2.31,0.759260283
12/11/2019 08:00,2.31,0.759260283
12/11/2019 09:00,2.31,0.759260283
12/11/2019 10:00,2.31,0.759260283
12/11/2019 11:00,2.31,0.759260283
12/11/2019 12:00,2.31,0.759260283
12/11/2019 13:00,2.31,0.759260283
12/11/2019 14:00,2.31,0.759260283
12/11/2019 15:00,2.31,0.759260283
12/11/2019 16:00,2.31,0.759260283
12/11/2019 17:00,2.31,0.759260283
12/11/2019 18:00,2.31,0.759260283
12/11/2019 19:00,2.31,0.759260283
12/11/2019 20:00,2.31,0.759260283
12/11/2019 21:00,2.31,0.759260283
12/11/2019 22:00,2.31,0.759260283
12/11/2019 23:00,2.31,0.759260283
12/12/2019 00:00,2.31,0.759260283
12/12/2019 01:00,2.31,0.759260283
12/12/2019 02:00,2.31,0.759260283
12/12/2019 03:00,2.31,0.759260283
12/12/2019 04:00,2.31,0.759260283
12/12/2019 05:00,2.31,0.759260283
12/12/2019 06:00,2.31,0.759260283
12/12/2019 07:00,2.288126664,0.752070865
12/12/2019 08:00,2.222244191,0.730416343
12/12/2019 09:00,2.049867343,0.673758813
12/12/2019 10:00,1.55995398,0.512732078
12/12/2019 11:00,1.138659783,0.374259372
12/12/2019 12:00,0.849783638,0.279310375
12/12/2019 13:00,0.616340713,0.202581396
12/12/2019 14:00,0.294714124,0.096867848
12/12/2019 15:00,0.077766958,0.025560763
12/12/2019 16:00,0.041579087,0.013666385
12/12/2019 17:00,0.09473928,0.031139295
12/12/2019 18:00,0.161338833,0.05302951
12/12/2019 19:00,0.167860197,0.055172979
12/12/2019 20:00,0.156409764,0.051409403
12/12/2019 21:00,0.128954746,0.042385375
12/12/2019 22:00,0.156886103,0.051565968
12/12/2019 23:00,0.286066159,0.094025399
12/13/2019 0:00,0.483470209,0.158908973
12/13/2019 1:00,0.60395198,0.198509416
12/13/2019 2:00,0.705011814,0.231726177
12/13/2019 3:00,0.70140944,0.230542134
12/13/2019 4:00,0.71291373,0.234323411
12/13/2019 5:00,0.870083777,0.285982708
12/13/2019 6:00,1.212383173,0.398491078
12/13/2019 7:00,1.487598217,0.488949889
12/13/2019 8:00,1.73906143,0.57160185
12/13/2019 9:00,1.918214381,0.630486577
12/13/2019 10:00,1.870441718,0.614784462
12/13/2019 11:00,1.935670946,0.636224273
12/13/2019 12:00,1.919302241,0.63084414
12/13/2019 13:00,1.847452526,0.60722828
12/13/2019 14:00,1.558345033,0.512203243
12/13/2019 15:00,1.221806864,0.401588496
12/13/2019 16:00,0.857858788,0.281964548
12/13/2019 17:00,0.747349314,0.245641841
12/13/2019 18:00,0.74891128,0.246155234
12/13/2019 19:00,0.584437027,0.192095161
12/13/2019 20:00,0.419974017,0.138038784
12/13/2019 21:00,0.331090298,0.108824118
12/13/2019 22:00,0.422091795,0.138734864
12/13/2019 23:00,0.296014037,0.097295109
12/14/2019 0:00,0.358036197,0.117680807
12/14/2019 1:00,0.378562691,0.124427539
12/14/2019 2:00,0.477156141,0.156833639
12/14/2019 3:00,0.631832486,0.207673295
12/14/2019 4:00,0.724702352,0.238198144
12/14/2019 5:00,0.658284203,0.216367554
12/14/2019 6:00,0.689009175,0.226466364
12/14/2019 7:00,1.248454033,0.410346997
12/14/2019 8:00,1.965682931,0.646088735
12/14/2019 9:00,2.122035509,0.697479342
12/14/2019 10:00,2.151349239,0.707114299
12/14/2019 11:00,2.180302751,0.716630859
12/14/2019 12:00,2.19261119,0.720676447
12/14/2019 13:00,2.082593416,0.684515353
12/14/2019 14:00,2.026663535,0.666132091
12/14/2019 15:00,2.018446149,0.663431166
12/14/2019 16:00,1.967884395,0.646812322
12/14/2019 17:00,1.908310126,0.627231206
12/14/2019 18:00,1.706985904,0.561059135
12/14/2019 19:00,1.421485459,0.467219676
12/14/2019 20:00,1.193054892,0.39213818
12/14/2019 21:00,1.097977971,0.360887907
12/14/2019 22:00,0.645503993,0.212166902
12/14/2019 23:00,0.577332611,0.189760053
12/15/2019 0:00,0.521094872,0.171275602
12/15/2019 1:00,0.578346125,0.190093178
12/15/2019 2:00,0.669658579,0.220106131
12/15/2019 3:00,0.79669691,0.261861611
12/15/2019 4:00,0.875082326,0.287625651
12/15/2019 5:00,0.922731967,0.303287331
12/15/2019 6:00,0.920835524,0.302664
12/15/2019 7:00,0.951857238,0.312860345
12/15/2019 8:00,0.983248635,0.323178198
12/15/2019 9:00,1.041925636,0.342464395
12/15/2019 10:00,0.590929472,0.194229125
12/15/2019 11:00,0.837050721,0.275125267
12/15/2019 12:00,1.238492797,0.407072897
12/15/2019 13:00,1.378574018,0.453115368
12/15/2019 14:00,1.294763589,0.425568212
12/15/2019 15:00,1.045387137,0.343602136
12/15/2019 16:00,0.871498734,0.286447781
12/15/2019 17:00,0.793852389,0.260926662
12/15/2019 18:00,0.799306479,0.262719335
12/15/2019 19:00,0.901208457,0.296212895
12/15/2019 20:00,1.051473785,0.34560272
12/15/2019 21:00,0.976764164,0.321046855
12/15/2019 22:00,0.876582648,0.288118783
12/15/2019 23:00,0.778599315,0.255913219
12/16/2019 0:00,0.776670762,0.255279334
12/16/2019 1:00,0.791775314,0.260243961
12/16/2019 2:00,0.644495006,0.211835264
12/16/2019 3:00,0.500320812,0.164447499
12/16/2019 4:00,0.301790513,0.099193745
12/16/2019 5:00,0.119801247,0.039376766
12/16/2019 6:00,0.106269358,0.034929049
12/16/2019 7:00,0.163776568,0.053830755
12/16/2019 8:00,0.178728796,0.058745315
12/16/2019 9:00,0.153460559,0.050440046
12/16/2019 10:00,0.161705401,0.053149995
12/16/2019 11:00,0.167839019,0.055166018
12/16/2019 12:00,0.162012655,0.053250985
12/16/2019 13:00,0.182369495,0.059941954
12/16/2019 14:00,0.143947506,0.047313257
12/16/2019 15:00,0.115541958,0.037976805
12/16/2019 16:00,0.132724013,0.043624273
12/16/2019 17:00,0.179764831,0.059085843
12/16/2019 18:00,0.148332259,0.048754456
12/16/2019 19:00,0.116663893,0.038345567
12/16/2019 20:00,0.094305266,0.030996642
12/16/2019 21:00,0.059727765,0.019631567
12/16/2019 22:00,0.12135754,0.039888294
12/16/2019 23:00,0.156197965,0.051339788
12/17/2019 0:00,0.148730802,0.048885451
12/17/2019 1:00,0.158010777,0.051935631
12/17/2019 2:00,0.180980927,0.059485554
12/17/2019 3:00,0.124190875,0.040819567
12/17/2019 4:00,0.050689297,0.016660766
12/17/2019 5:00,0.012719896,0.004180828
12/17/2019 6:00,0,0
12/17/2019 7:00,0,0
12/17/2019 8:00,0.012953968,0.004257763
12/17/2019 9:00,0.024609918,0.008088889
12/17/2019 10:00,0.016049034,0.005275062
12/17/2019 11:00,0.009600515,0.003155537
12/17/2019 12:00,0.000959567,0.000315394
12/17/2019 13:00,0,0
12/17/2019 14:00,0,0
12/17/2019 15:00,0,0
12/17/2019 16:00,0,0
12/17/2019 17:00,0,0
12/17/2019 18:00,0,0
12/17/2019 19:00,0.001474155,0.000484531
12/17/2019 20:00,0.01391357,0.004573169
12/17/2019 21:00,0.039485363,0.012978211
12/17/2019 22:00,0.038255242,0.01257389
12/17/2019 23:00,0.124844144,0.041034286
12/18/2019 0:00,0.402033649,0.13214207
12/18/2019 1:00,0.582877497,0.191582568
12/18/2019 2:00,0.542929513,0.178452301
12/18/2019 3:00,0.566171306,0.186091509
12/18/2019 4:00,0.673296626,0.221301899
12/18/2019 5:00,0.695053865,0.228453158
12/18/2019 6:00,0.812906231,0.267189357
12/18/2019 7:00,0.930103511,0.30571024
12/18/2019 8:00,0.865003019,0.284312743
12/18/2019 9:00,0.681127411,0.223875753
12/18/2019 10:00,0.608284328,0.19993339
12/18/2019 11:00,0.610937018,0.200805287
12/18/2019 12:00,0.635871532,0.209000866
12/18/2019 13:00,0.359459836,0.118148735
12/18/2019 14:00,0.276034232,0.090728065
12/18/2019 15:00,0.338608915,0.111295368
12/18/2019 16:00,0.694958054,0.228421666
12/18/2019 17:00,1.40838093,0.462912426
12/18/2019 18:00,1.657347372,0.544743738
12/18/2019 19:00,1.953283891,0.642013368
12/18/2019 20:00,2.26205436,0.743501313
12/18/2019 21:00,2.31,0.759260283
12/18/2019 22:00,2.31,0.759260283
12/18/2019 23:00,2.31,0.759260283
12/19/2019 0:00,2.31,0.759260283
12/19/2019 1:00,2.31,0.759260283
12/19/2019 2:00,2.31,0.759260283
12/19/2019 3:00,2.31,0.759260283
12/19/2019 4:00,2.31,0.759260283
12/19/2019 5:00,2.31,0.759260283
12/19/2019 6:00,2.31,0.759260283
12/19/2019 7:00,2.267043584,0.745141192
12/19/2019 8:00,2.039637773,0.670396516
12/19/2019 9:00,1.686319691,0.554266479
12/19/2019 10:00,1.405444718,0.461947339
12/19/2019 11:00,1.501873103,0.493641817
12/19/2019 12:00,1.103995772,0.362865862
12/19/2019 13:00,0.967529078,0.318011429
12/19/2019 14:00,1.148738165,0.377571976
12/19/2019 15:00,0.958209792,0.314948328
12/19/2019 16:00,0.359813632,0.118265022
12/19/2019 17:00,0.382437006,0.125700965
12/19/2019 18:00,0.387740671,0.127444196
12/19/2019 19:00,0.365459025,0.120120573
12/19/2019 20:00,0.418546265,0.137569505
12/19/2019 21:00,1.075943131,0.353645405
12/19/2019 22:00,1.358038625,0.44636571
12/19/2019 23:00,1.523901065,0.500882058
12/20/2019 0:00,1.930396741,0.634490726
12/20/2019 1:00,2.233997032,0.734279315
12/20/2019 2:00,2.300938975,0.756282068
12/20/2019 3:00,2.31,0.759260283
12/20/2019 4:00,2.306784894,0.758203529
12/20/2019 5:00,2.255640674,0.741393237
12/20/2019 6:00,2.202424836,0.723902037
12/20/2019 7:00,2.231683875,0.733519018
12/20/2019 8:00,2.235507567,0.734775804
12/20/2019 9:00,2.15713131,0.709014774
12/20/2019 10:00,2.144559748,0.704882702
12/20/2019 11:00,2.130708399,0.700329984
12/20/2019 12:00,1.967910558,0.646820921
12/20/2019 13:00,1.675132851,0.550589542
12/20/2019 14:00,1.434642771,0.471544275
12/20/2019 15:00,1.283392456,0.421830701
12/20/2019 16:00,1.123753352,0.369359865
12/20/2019 17:00,0.575196091,0.189057813
12/20/2019 18:00,0.276269927,0.090805534
12/20/2019 19:00,0.078448771,0.025784864
12/20/2019 20:00,0.00921581,0.00302909
12/20/2019 21:00,0.024335656,0.007998743
12/20/2019 22:00,0,0
12/20/2019 23:00,0.047304066,0.015548095
12/21/2019 0:00,0.103481532,0.034012735
12/21/2019 1:00,0.230029155,0.075606927
12/21/2019 2:00,0.699574277,0.229938945
12/21/2019 3:00,1.475453554,0.484958131
12/21/2019 4:00,1.943524414,0.638805583
12/21/2019 5:00,2.135622462,0.701945158
12/21/2019 6:00,2.174885362,0.714850249
12/21/2019 7:00,2.152813274,0.707595505
12/21/2019 8:00,2.111157716,0.693903985
12/21/2019 9:00,2.123506377,0.697962793
12/21/2019 10:00,2.090484814,0.68710913
12/21/2019 11:00,2.072071825,0.681057074
12/21/2019 12:00,1.964678635,0.645758639
12/21/2019 13:00,1.729134124,0.568338902
12/21/2019 14:00,1.353418511,0.444847152
12/21/2019 15:00,1.18190672,0.388473953
12/21/2019 16:00,1.36617344,0.449039495
12/21/2019 17:00,1.25595282,0.412811729
12/21/2019 18:00,0.88582193,0.291155588
12/21/2019 19:00,0.636676483,0.20926544
12/21/2019 20:00,0.564015873,0.185383052
12/21/2019 21:00,0.576598725,0.189518836
12/21/2019 22:00,0.558468672,0.183559776
12/21/2019 23:00,0.447267844,0.147009831
12/22/2019 0:00,0.327448837,0.107627228
12/22/2019 1:00,0.237965314,0.078215416
12/22/2019 2:00,0.175483082,0.0576785
12/22/2019 3:00,0.129111046,0.042436749
12/22/2019 4:00,0.093694919,0.030796031
12/22/2019 5:00,0.064421926,0.021174463
12/22/2019 6:00,0.037790503,0.012421138
12/22/2019 7:00,0.019469694,0.006399379
12/22/2019 8:00,0.010135994,0.00333154
12/22/2019 9:00,0.005028789,0.001652883
12/22/2019 10:00,0,0
12/22/2019 11:00,0.011034498,0.003626864
12/22/2019 12:00,0.028492661,0.009365085
12/22/2019 13:00,0.039605645,0.013017746
12/22/2019 14:00,0.052004706,0.01709312
12/22/2019 15:00,0.062169356,0.020434079
12/22/2019 16:00,0.054632199,0.017956735
12/22/2019 17:00,0.04315219,0.014183439
12/22/2019 18:00,0.029148098,0.009580517
12/22/2019 19:00,0.025704841,0.008448773
12/22/2019 20:00,0.019281484,0.006337517
12/22/2019 21:00,0.016212164,0.00532868
12/22/2019 22:00,0.000533604,0.000175387
12/22/2019 23:00,0,0
12/23/2019 0:00,0,0
12/23/2019 1:00,0,0
12/23/2019 2:00,0.007295427,0.002397891
12/23/2019 3:00,0.011732371,0.003856244
12/23/2019 4:00,0.03063394,0.010068889
12/23/2019 5:00,0.045460044,0.014941994
12/23/2019 6:00,0.032307094,0.010618828
12/23/2019 7:00,0.016167435,0.005313979
12/23/2019 8:00,0.009936032,0.003265816
12/23/2019 9:00,0.010796879,0.003548762
12/23/2019 10:00,0.013410321,0.004407759
12/23/2019 11:00,0.005210007,0.001712446
12/23/2019 12:00,0,0
12/23/2019 13:00,0,0
12/23/2019 14:00,0,0
12/23/2019 15:00,0,0
12/23/2019 16:00,0,0
12/23/2019 17:00,0,0
12/23/2019 18:00,0,0
12/23/2019 19:00,0,0
12/23/2019 20:00,0,0
12/23/2019 21:00,0,0
12/23/2019 22:00,0.00393335,0.00129283
12/23/2019 23:00,0.006747665,0.00221785
12/24/2019 0:00,0.006405032,0.002105232
12/24/2019 1:00,0.00208657,0.000685822
12/24/2019 2:00,0,0
12/24/2019 3:00,0,0
12/24/2019 4:00,0,0
12/24/2019 5:00,0,0
12/24/2019 6:00,0,0
12/24/2019 7:00,0,0
12/24/2019 8:00,0,0
12/24/2019 9:00,0,0
12/24/2019 10:00,0,0
12/24/2019 11:00,0,0
12/24/2019 12:00,0,0
12/24/2019 13:00,0.010482704,0.003445498
12/24/2019 14:00,0.014043723,0.004615949
12/24/2019 15:00,0.01348953,0.004433794
12/24/2019 16:00,0.007824812,0.002571891
12/24/2019 17:00,0.001472629,0.00048403
12/24/2019 18:00,0,0
12/24/2019 19:00,0.012860758,0.004227127
12/24/2019 20:00,0.033177763,0.010905003
12/24/2019 21:00,0.063113055,0.020744258
12/24/2019 22:00,0.033202163,0.010913023
12/24/2019 23:00,0.041989943,0.013801427
12/25/2019 0:00,0.054115123,0.017786781
12/25/2019 1:00,0.104225906,0.034257399
12/25/2019 2:00,0.172564776,0.056719299
12/25/2019 3:00,0.177659,0.05839369
12/25/2019 4:00,0.202799156,0.066656859
12/25/2019 5:00,0.292062627,0.095996343
12/25/2019 6:00,0.360610682,0.118526999
12/25/2019 7:00,0.349853568,0.114991307
12/25/2019 8:00,0.316134404,0.103908354
12/25/2019 9:00,0.277997038,0.091373208
12/25/2019 10:00,0.188326511,0.061899931
12/25/2019 11:00,0.147279684,0.048408491
12/25/2019 12:00,0.142508691,0.046840342
12/25/2019 13:00,0.155711171,0.051179787
12/25/2019 14:00,0.132225562,0.043460441
12/25/2019 15:00,0.085069463,0.02796098
12/25/2019 16:00,0.046176165,0.015177371
12/25/2019 17:00,0.016669206,0.005478903
12/25/2019 18:00,0.002671692,0.000878143
12/25/2019 19:00,0,0
12/25/2019 20:00,0,0
12/25/2019 21:00,0,0
12/25/2019 22:00,0.001675821,0.000550816
12/25/2019 23:00,0.011965495,0.003932868
12/26/2019 0:00,0.025611518,0.008418099
12/26/2019 1:00,0.046935992,0.015427115
12/26/2019 2:00,0.085428938,0.028079134
12/26/2019 3:00,0.123714317,0.040662929
12/26/2019 4:00,0.265933586,0.087408143
12/26/2019 5:00,0.558128253,0.183447885
12/26/2019 6:00,0.949480797,0.312079246
12/26/2019 7:00,1.333194475,0.438199833
12/26/2019 8:00,1.55657659,0.511621984
12/26/2019 9:00,1.765527558,0.580300845
12/26/2019 10:00,1.807973037,0.594252
12/26/2019 11:00,1.896570959,0.623372729
12/26/2019 12:00,1.90907838,0.627483719
12/26/2019 13:00,1.919903407,0.631041733
12/26/2019 14:00,1.954264229,0.642335589
12/26/2019 15:00,2.081807713,0.684257105
12/26/2019 16:00,2.168360342,0.712705579
12/26/2019 17:00,2.148176164,0.70607136
12/26/2019 18:00,2.1854893,0.718335595
12/26/2019 19:00,2.242912263,0.73720961
12/26/2019 20:00,2.260266443,0.742913653
12/26/2019 21:00,2.257967518,0.742158033
12/26/2019 22:00,2.259043687,0.742511753
12/26/2019 23:00,2.305696366,0.757845747
12/27/2019 0:00,2.304591287,0.757482525
12/27/2019 1:00,2.28802956,0.752038949
12/27/2019 2:00,2.31,0.759260283
12/27/2019 3:00,2.31,0.759260283
12/27/2019 4:00,2.31,0.759260283
12/27/2019 5:00,2.31,0.759260283
12/27/2019 6:00,2.31,0.759260283
12/27/2019 7:00,2.31,0.759260283
12/27/2019 8:00,2.31,0.759260283
12/27/2019 9:00,2.31,0.759260283
12/27/2019 10:00,2.31,0.759260283
12/27/2019 11:00,2.31,0.759260283
12/27/2019 12:00,2.31,0.759260283
12/27/2019 13:00,2.31,0.759260283
12/27/2019 14:00,2.31,0.759260283
12/27/2019 15:00,2.31,0.759260283
12/27/2019 16:00,2.31,0.759260283
12/27/2019 17:00,2.31,0.759260283
12/27/2019 18:00,2.302525098,0.756803401
12/27/2019 19:00,2.235891393,0.734901962
12/27/2019 20:00,2.102778779,0.691149961
12/27/2019 21:00,1.941592251,0.638170512
12/27/2019 22:00,1.517738524,0.498856529
12/27/2019 23:00,1.164436041,0.382731618
12/28/2019 0:00,1.03260975,0.339402412
12/28/2019 1:00,1.110263182,0.364925861
12/28/2019 2:00,1.235861169,0.406207922
12/28/2019 3:00,1.563212085,0.513802965
12/28/2019 4:00,1.630349734,0.535870044
12/28/2019 5:00,1.876524019,0.616783618
12/28/2019 6:00,2.07324153,0.681441537
12/28/2019 7:00,2.260475703,0.742982434
12/28/2019 8:00,2.225761632,0.73157247
12/28/2019 9:00,2.117477998,0.695981361
12/28/2019 10:00,2.164449739,0.711420226
12/28/2019 11:00,2.017198742,0.663021163
12/28/2019 12:00,1.910690641,0.628013644
12/28/2019 13:00,1.74221167,0.572637284
12/28/2019 14:00,1.766092833,0.580486643
12/28/2019 15:00,1.897289022,0.623608744
12/28/2019 16:00,1.937977181,0.636982296
12/28/2019 17:00,1.939910132,0.637617626
12/28/2019 18:00,1.995899556,0.656020459
12/28/2019 19:00,2.085016523,0.68531179
12/28/2019 20:00,2.150337171,0.706781649
12/28/2019 21:00,2.196701969,0.722021021
12/28/2019 22:00,2.256555954,0.741694075
12/28/2019 23:00,2.31,0.759260283
12/29/2019 0:00,2.306527895,0.758119057
12/29/2019 1:00,2.31,0.759260283
12/29/2019 2:00,2.31,0.759260283
12/29/2019 3:00,2.31,0.759260283
12/29/2019 4:00,2.31,0.759260283
12/29/2019 5:00,2.31,0.759260283
12/29/2019 6:00,2.31,0.759260283
12/29/2019 7:00,2.31,0.759260283
12/29/2019 8:00,2.31,0.759260283
12/29/2019 9:00,2.31,0.759260283
12/29/2019 10:00,2.31,0.759260283
12/29/2019 11:00,2.31,0.759260283
12/29/2019 12:00,2.31,0.759260283
12/29/2019 13:00,2.31,0.759260283
12/29/2019 14:00,2.30807518,0.758627625
12/29/2019 15:00,2.279726653,0.749309915
12/29/2019 16:00,2.213041844,0.727391678
12/29/2019 17:00,2.135306889,0.701841434
12/29/2019 18:00,2.141794524,0.703973817
12/29/2019 19:00,2.241108451,0.736616726
12/29/2019 20:00,2.286198965,0.751437261
12/29/2019 21:00,2.31,0.759260283
12/29/2019 22:00,2.31,0.759260283
12/29/2019 23:00,2.31,0.759260283
12/30/2019 0:00,2.31,0.759260283
12/30/2019 1:00,2.31,0.759260283
12/30/2019 2:00,2.31,0.759260283
12/30/2019 3:00,2.31,0.759260283
12/30/2019 4:00,2.31,0.759260283
12/30/2019 5:00,2.31,0.759260283
12/30/2019 6:00,2.31,0.759260283
12/30/2019 7:00,2.31,0.759260283
12/30/2019 8:00,2.31,0.759260283
12/30/2019 9:00,2.31,0.759260283
12/30/2019 10:00,2.31,0.759260283
12/30/2019 11:00,2.31,0.759260283
12/30/2019 12:00,2.31,0.759260283
12/30/2019 13:00,2.31,0.759260283
12/30/2019 14:00,2.31,0.759260283
12/30/2019 15:00,2.31,0.759260283
12/30/2019 16:00,2.31,0.759260283
12/30/2019 17:00,2.31,0.759260283
12/30/2019 18:00,2.31,0.759260283
12/30/2019 19:00,2.31,0.759260283
12/30/2019 20:00,2.31,0.759260283
12/30/2019 21:00,2.301728433,0.75654155
12/30/2019 22:00,2.242277012,0.737000813
12/30/2019 23:00,2.01445999,0.662120979
12/31/2019 0:00,1.98455386,0.65229131
12/31/2019 1:00,1.837815558,0.604060762
12/31/2019 2:00,1.284544479,0.422209353
12/31/2019 3:00,1.329033036,0.436832034
12/31/2019 4:00,0.829135833,0.272523769
12/31/2019 5:00,0.629462255,0.206894238
12/31/2019 6:00,0.428400132,0.140808314
12/31/2019 7:00,0.665103432,0.218608926
12/31/2019 8:00,0.979323853,0.321888184
12/31/2019 9:00,1.227905756,0.403593105
12/31/2019 10:00,1.218954452,0.400650953
12/31/2019 11:00,1.395799143,0.458776992
12/31/2019 12:00,1.545882107,0.508106877
12/31/2019 13:00,1.522170114,0.500313122
12/31/2019 14:00,1.535108207,0.504565667
12/31/2019 15:00,1.68912283,0.555187826
12/31/2019 16:00,1.732821854,0.569551001
12/31/2019 17:00,1.702811633,0.559687118
12/31/2019 18:00,1.635958583,0.537713583
12/31/2019 19:00,1.820656419,0.598420826
12/31/2019 20:00,1.950981365,0.641256564
12/31/2019 21:00,1.975252754,0.649234184
12/31/2019 22:00,1.429956107,0.470003844
12/31/2019 23:00,1.643662797,0.540245836
