DateTime,ActivePower,ReactivePower
01/01/2019 00:00,0.91,0.299102536
01/01/2019 01:00,0.908228146,0.298520155
01/01/2019 02:00,0.906771408,0.298041349
01/01/2019 03:00,0.908117646,0.298483836
01/01/2019 04:00,0.908380261,0.298570153
01/01/2019 05:00,0.905979357,0.297781014
01/01/2019 06:00,0.902415258,0.296609552
01/01/2019 07:00,0.895765755,0.294423965
01/01/2019 08:00,0.878430199,0.288726044
01/01/2019 09:00,0.853622761,0.280572233
01/01/2019 10:00,0.817830926,0.268808026
01/01/2019 11:00,0.78553723,0.258193602
01/01/2019 12:00,0.725625732,0.238501644
01/01/2019 13:00,0.687730706,0.226046152
01/01/2019 14:00,0.640894807,0.210651936
01/01/2019 15:00,0.579657472,0.190524198
01/01/2019 16:00,0.486545779,0.159919864
01/01/2019 17:00,0.377433009,0.124056231
01/01/2019 18:00,0.304771096,0.100173415
01/01/2019 19:00,0.253490475,0.08331829
01/01/2019 20:00,0.215962681,0.0709835
01/01/2019 21:00,0.175675323,0.057741686
01/01/2019 22:00,0.141064145,0.046365542
01/01/2019 23:00,0.111089432,0.03651333
01/02/2019 00:00,0.082666328,0.027171108
01/02/2019 01:00,0.060265689,0.019808374
01/02/2019 02:00,0.045480748,0.014948799
01/02/2019 03:00,0.04180436,0.013740429
01/02/2019 04:00,0.035036059,0.011515796
01/02/2019 05:00,0.028563667,0.009388423
01/02/2019 06:00,0.019410629,0.006379965
01/02/2019 07:00,0.015177119,0.004988478
01/02/2019 08:00,0.012163518,0.003997955
01/02/2019 09:00,0.009067772,0.002980433
01/02/2019 10:00,0.014495427,0.004764416
01/02/2019 11:00,0.018694738,0.006144663
01/02/2019 12:00,0.022414491,0.007367287
01/02/2019 13:00,0.023933524,0.007866569
01/02/2019 14:00,0.021030775,0.006912482
01/02/2019 15:00,0.019842033,0.006521761
01/02/2019 16:00,0.022000415,0.007231187
01/02/2019 17:00,0.020566365,0.006759837
01/02/2019 18:00,0.02974194,0.009775703
01/02/2019 19:00,0.04167231,0.013697026
01/02/2019 20:00,0.042271875,0.013894093
01/02/2019 21:00,0.038997279,0.012817786
01/02/2019 22:00,0.021190852,0.006965096
01/02/2019 23:00,0.016543008,0.005437424
01/03/2019 00:00,0.013963549,0.004589597
01/03/2019 01:00,0.016947247,0.005570291
01/03/2019 02:00,0.016686007,0.005484425
01/03/2019 03:00,0.021207552,0.006970585
01/03/2019 04:00,0.033174037,0.010903779
01/03/2019 05:00,0.046562971,0.015304509
01/03/2019 06:00,0.065159918,0.021417029
01/03/2019 07:00,0.080471948,0.02644985
01/03/2019 08:00,0.082301133,0.027051074
01/03/2019 09:00,0.091456752,0.030060381
01/03/2019 10:00,0.096574369,0.03174246
01/03/2019 11:00,0.097960875,0.032198183
01/03/2019 12:00,0.115634446,0.038007204
01/03/2019 13:00,0.128121209,0.042111405
01/03/2019 14:00,0.124321457,0.040862487
01/03/2019 15:00,0.124360847,0.040875434
01/03/2019 16:00,0.128523244,0.042243548
01/03/2019 17:00,0.145136564,0.047704082
01/03/2019 18:00,0.196770152,0.064675221
01/03/2019 19:00,0.267115886,0.087796746
01/03/2019 20:00,0.313468146,0.103031997
01/03/2019 21:00,0.332680657,0.109346844
01/03/2019 22:00,0.325524162,0.106994618
01/03/2019 23:00,0.300782983,0.098862585
01/04/2019 00:00,0.328237999,0.107886613
01/04/2019 01:00,0.303034932,0.099602766
01/04/2019 02:00,0.314817588,0.103475537
01/04/2019 03:00,0.367708592,0.12085997
01/04/2019 04:00,0.435298111,0.14307557
01/04/2019 05:00,0.493951799,0.162354105
01/04/2019 06:00,0.549713443,0.180682071
01/04/2019 07:00,0.605040812,0.198867298
01/04/2019 08:00,0.601858163,0.197821212
01/04/2019 09:00,0.614178619,0.20187075
01/04/2019 10:00,0.635792896,0.208975019
01/04/2019 11:00,0.654614874,0.215161504
01/04/2019 12:00,0.641409864,0.210821227
01/04/2019 13:00,0.632629483,0.207935255
01/04/2019 14:00,0.561996478,0.184719309
01/04/2019 15:00,0.509152526,0.167350342
01/04/2019 16:00,0.541687278,0.178043998
01/04/2019 17:00,0.532863684,0.175143823
01/04/2019 18:00,0.541018439,0.177824162
01/04/2019 19:00,0.566774951,0.186289918
01/04/2019 20:00,0.540359821,0.177607684
01/04/2019 21:00,0.501871564,0.164957206
01/04/2019 22:00,0.531890706,0.174824021
01/04/2019 23:00,0.466563592,0.153352037
01/05/2019 00:00,0.466012794,0.153170998
01/05/2019 01:00,0.398145996,0.13086426
01/05/2019 02:00,0.385363015,0.126662698
01/05/2019 03:00,0.391126114,0.128556937
01/05/2019 04:00,0.370757316,0.121862037
01/05/2019 05:00,0.327110111,0.107515894
01/05/2019 06:00,0.315195645,0.103599798
01/05/2019 07:00,0.291674614,0.09586881
01/05/2019 08:00,0.258716383,0.085035963
01/05/2019 09:00,0.249753103,0.082089875
01/05/2019 10:00,0.266511177,0.087597988
01/05/2019 11:00,0.286269329,0.094092178
01/05/2019 12:00,0.291626132,0.095852874
01/05/2019 13:00,0.296144988,0.09733815
01/05/2019 14:00,0.289255904,0.095073818
01/05/2019 15:00,0.264919126,0.087074706
01/05/2019 16:00,0.226191347,0.0743455
01/05/2019 17:00,0.180199013,0.059228551
01/05/2019 18:00,0.181777478,0.059747368
01/05/2019 19:00,0.176725252,0.058086781
01/05/2019 20:00,0.174848043,0.057469773
01/05/2019 21:00,0.204257315,0.067136133
01/05/2019 22:00,0.216174505,0.071053124
01/05/2019 23:00,0.289426913,0.095130026
01/06/2019 00:00,0.386117092,0.126910551
01/06/2019 01:00,0.456418553,0.150017524
01/06/2019 02:00,0.405236637,0.133194841
01/06/2019 03:00,0.388629966,0.127736493
01/06/2019 04:00,0.353785256,0.11628359
01/06/2019 05:00,0.286476639,0.094160318
01/06/2019 06:00,0.252558906,0.083012098
01/06/2019 07:00,0.170736002,0.05611821
01/06/2019 08:00,0.115949299,0.038110691
01/06/2019 09:00,0.086341226,0.028378989
01/06/2019 10:00,0.081040481,0.026636718
01/06/2019 11:00,0.057898559,0.019030336
01/06/2019 12:00,0.04635474,0.015236066
01/06/2019 13:00,0.043493177,0.014295516
01/06/2019 14:00,0.01836246,0.006035449
01/06/2019 15:00,0,0
01/06/2019 16:00,0,0
01/06/2019 17:00,0,0
01/06/2019 18:00,0,0
01/06/2019 19:00,0,0
01/06/2019 20:00,0.03356825,0.01103335
01/06/2019 21:00,0.075770406,0.024904528
01/06/2019 22:00,0.220934971,0.072617813
01/06/2019 23:00,0.455194965,0.14961535
01/07/2019 00:00,0.529792793,0.17413447
01/07/2019 01:00,0.574449414,0.188812392
01/07/2019 02:00,0.571078975,0.187704582
01/07/2019 03:00,0.597653957,0.196439356
01/07/2019 04:00,0.613747908,0.201729182
01/07/2019 05:00,0.709030609,0.233047091
01/07/2019 06:00,0.86738611,0.285096027
01/07/2019 07:00,0.909841934,0.299050582
01/07/2019 08:00,0.91,0.299102536
01/07/2019 09:00,0.91,0.299102536
01/07/2019 10:00,0.91,0.299102536
01/07/2019 11:00,0.91,0.299102536
01/07/2019 12:00,0,0
01/07/2019 13:00,0,0
01/07/2019 14:00,0,0
01/07/2019 15:00,0,0
01/07/2019 16:00,0,0
01/07/2019 17:00,0,0
01/07/2019 18:00,0.91,0.299102536
01/07/2019 19:00,0.91,0.299102536
01/07/2019 20:00,0.91,0.299102536
01/07/2019 21:00,0.91,0.299102536
01/07/2019 22:00,0.91,0.299102536
01/07/2019 23:00,0.91,0.299102536
01/08/2019 00:00,0.91,0.299102536
01/08/2019 01:00,0.91,0.299102536
01/08/2019 02:00,0.908788923,0.298704474
01/08/2019 03:00,0.907342186,0.298228955
01/08/2019 04:00,0.905213025,0.297529133
01/08/2019 05:00,0.896017497,0.294506709
01/08/2019 06:00,0.857723721,0.281920154
01/08/2019 07:00,0.841050004,0.276439768
01/08/2019 08:00,0.843740631,0.277324134
01/08/2019 09:00,0.814401345,0.267680777
01/08/2019 10:00,0.809527598,0.266078854
01/08/2019 11:00,0.813448409,0.267367562
01/08/2019 12:00,0.814942646,0.267858694
01/08/2019 13:00,0.811439793,0.266707362
01/08/2019 14:00,0.748092026,0.245885958
01/08/2019 15:00,0.655892101,0.215581308
01/08/2019 16:00,0.546391589,0.17959023
01/08/2019 17:00,0.52784343,0.173493745
01/08/2019 18:00,0.486432241,0.159882546
01/08/2019 19:00,0.414025298,0.136083535
01/08/2019 20:00,0.357851439,0.11762008
01/08/2019 21:00,0.269241474,0.088495393
01/08/2019 22:00,0.208151489,0.068416086
01/08/2019 23:00,0.167638958,0.055100261
01/09/2019 00:00,0.151673145,0.049852552
01/09/2019 01:00,0.137192522,0.045093001
01/09/2019 02:00,0.130303342,0.042828637
01/09/2019 03:00,0.087457776,0.028745981
01/09/2019 04:00,0.059991052,0.019718105
01/09/2019 05:00,0.049675117,0.016327421
01/09/2019 06:00,0.047321931,0.015553967
01/09/2019 07:00,0.037257378,0.012245908
01/09/2019 08:00,0.022161313,0.007284071
01/09/2019 09:00,0.008643498,0.00284098
01/09/2019 10:00,0,0
01/09/2019 11:00,0.008597868,0.002825983
01/09/2019 12:00,0.021739376,0.007145387
01/09/2019 13:00,0.060056484,0.019739612
01/09/2019 14:00,0.118288649,0.038879599
01/09/2019 15:00,0.163776855,0.053830849
01/09/2019 16:00,0.190277291,0.062541121
01/09/2019 17:00,0.210427133,0.069164054
01/09/2019 18:00,0.305954337,0.100562328
01/09/2019 19:00,0.460406537,0.151328311
01/09/2019 20:00,0.501652468,0.164885193
01/09/2019 21:00,0.515219976,0.169344617
01/09/2019 22:00,0.440250093,0.144703208
01/09/2019 23:00,0.455716775,0.14978686
01/10/2019 00:00,0.533705064,0.175420372
01/10/2019 01:00,0.621531928,0.204287666
01/10/2019 02:00,0.655837275,0.215563288
01/10/2019 03:00,0.679590024,0.223370439
01/10/2019 04:00,0.680070852,0.223528479
01/10/2019 05:00,0.683420024,0.224629299
01/10/2019 06:00,0.700066058,0.230100586
01/10/2019 07:00,0.731510081,0.240435737
01/10/2019 08:00,0.718748546,0.236241223
01/10/2019 09:00,0.701017671,0.230413366
01/10/2019 10:00,0.668742611,0.219805067
01/10/2019 11:00,0.634737885,0.208628254
01/10/2019 12:00,0.661858631,0.217542412
01/10/2019 13:00,0.755790043,0.248416174
01/10/2019 14:00,0.812867184,0.267176523
01/10/2019 15:00,0.834483318,0.274281403
01/10/2019 16:00,0.845885589,0.278029148
01/10/2019 17:00,0.830592402,0.27300252
01/10/2019 18:00,0.813241869,0.267299676
01/10/2019 19:00,0.813391603,0.267348891
01/10/2019 20:00,0.817016838,0.268540448
01/10/2019 21:00,0.812985186,0.267215309
01/10/2019 22:00,0.845583416,0.277929828
01/10/2019 23:00,0.827989321,0.272146929
01/11/2019 00:00,0.813505559,0.267386347
01/11/2019 01:00,0.810192253,0.266297316
01/11/2019 02:00,0.801902934,0.263572748
01/11/2019 03:00,0.763792822,0.25104656
01/11/2019 04:00,0.735682915,0.241807281
01/11/2019 05:00,0.647604516,0.212857311
01/11/2019 06:00,0.539101538,0.177194106
01/11/2019 07:00,0.459805907,0.151130893
01/11/2019 08:00,0.437230956,0.143710866
01/11/2019 09:00,0.464809858,0.152775612
01/11/2019 10:00,0.5547943,0.182352068
01/11/2019 11:00,0.554720369,0.182327768
01/11/2019 12:00,0.525911299,0.172858685
01/11/2019 13:00,0.482841611,0.158702363
01/11/2019 14:00,0.452455462,0.148714919
01/11/2019 15:00,0.462057624,0.151870997
01/11/2019 16:00,0.504468633,0.165810821
01/11/2019 17:00,0.457662604,0.150426423
01/11/2019 18:00,0.456339149,0.149991425
01/11/2019 19:00,0.458896756,0.15083207
01/11/2019 20:00,0.365979148,0.120291529
01/11/2019 21:00,0.451470342,0.148391126
01/11/2019 22:00,0.66089274,0.217224939
01/11/2019 23:00,0.853909669,0.280666535
01/12/2019 00:00,0.909970562,0.29909286
01/12/2019 01:00,0.877058583,0.288275216
01/12/2019 02:00,0.897210282,0.294898759
01/12/2019 03:00,0.90055177,0.295997053
01/12/2019 04:00,0.899334207,0.295596859
01/12/2019 05:00,0.905186105,0.297520285
01/12/2019 06:00,0.905638135,0.29766886
01/12/2019 07:00,0.882525281,0.290072032
01/12/2019 08:00,0.89410321,0.293877513
01/12/2019 09:00,0.905712531,0.297693313
01/12/2019 10:00,0.90527591,0.297549802
01/12/2019 11:00,0.909160767,0.298826693
01/12/2019 12:00,0.91,0.299102536
01/12/2019 13:00,0.907560094,0.298300577
01/12/2019 14:00,0.876415181,0.288063739
01/12/2019 15:00,0.825015997,0.271169645
01/12/2019 16:00,0.756582501,0.248676642
01/12/2019 17:00,0.715253916,0.235092593
01/12/2019 18:00,0.727780288,0.239209813
01/12/2019 19:00,0.834269371,0.274211082
01/12/2019 20:00,0.895545766,0.294351659
01/12/2019 21:00,0.901462183,0.296296291
01/12/2019 22:00,0.895594664,0.294367731
01/12/2019 23:00,0.907538476,0.298293472
1/13/2019 0:00,0.909270572,0.298862784
1/13/2019 1:00,0.91,0.299102536
1/13/2019 2:00,0.91,0.299102536
1/13/2019 3:00,0.91,0.299102536
1/13/2019 4:00,0.91,0.299102536
1/13/2019 5:00,0.91,0.299102536
1/13/2019 6:00,0.91,0.299102536
1/13/2019 7:00,0.91,0.299102536
1/13/2019 8:00,0.91,0.299102536
1/13/2019 9:00,0.91,0.299102536
1/13/2019 10:00,0.91,0.299102536
1/13/2019 11:00,0.91,0.299102536
1/13/2019 12:00,0.91,0.299102536
1/13/2019 13:00,0.909277066,0.298864919
1/13/2019 14:00,0.905473297,0.29761468
1/13/2019 15:00,0.814535831,0.267724981
1/13/2019 16:00,0.27338915,0.089858668
1/13/2019 17:00,0.240607696,0.079083925
1/13/2019 18:00,0.544131168,0.178847266
1/13/2019 19:00,0.607159402,0.199563645
1/13/2019 20:00,0.491580674,0.161574754
1/13/2019 21:00,0.266666137,0.087648921
1/13/2019 22:00,0.338701783,0.111325893
1/13/2019 23:00,0.387836203,0.127475595
1/14/2019 0:00,0.400085469,0.131501734
1/14/2019 1:00,0.496121248,0.163067168
1/14/2019 2:00,0.567865191,0.186648262
1/14/2019 3:00,0.561048176,0.184407618
1/14/2019 4:00,0.444205493,0.146003285
1/14/2019 5:00,0.269655275,0.088631403
1/14/2019 6:00,0.16963429,0.055756095
1/14/2019 7:00,0.132351744,0.043501915
1/14/2019 8:00,0.149737968,0.04921649
1/14/2019 9:00,0.225397617,0.074084614
1/14/2019 10:00,0.298146475,0.097996007
1/14/2019 11:00,0.547292241,0.17988626
1/14/2019 12:00,0.646052078,0.212347049
1/14/2019 13:00,0.664577187,0.218435958
1/14/2019 14:00,0.733607289,0.241125055
1/14/2019 15:00,0.764103648,0.251148724
1/14/2019 16:00,0.647179723,0.212717688
1/14/2019 17:00,0.50733799,0.166753933
1/14/2019 18:00,0.384044811,0.126229425
1/14/2019 19:00,0.314015613,0.103211941
1/14/2019 20:00,0.441452058,0.145098275
1/14/2019 21:00,0.732689609,0.240823428
1/14/2019 22:00,0.845504193,0.277903789
1/14/2019 23:00,0.861067844,0.283019314
1/15/2019 0:00,0.895381508,0.29429767
1/15/2019 1:00,0.897006387,0.294831742
1/15/2019 2:00,0.902159577,0.296525513
1/15/2019 3:00,0.905423148,0.297598197
1/15/2019 4:00,0.898812931,0.295425524
1/15/2019 5:00,0.874613336,0.287471502
1/15/2019 6:00,0.858582027,0.282202265
1/15/2019 7:00,0.858513591,0.282179771
1/15/2019 8:00,0.820656599,0.26973678
1/15/2019 9:00,0.757963591,0.249130585
1/15/2019 10:00,0.645738623,0.212244022
1/15/2019 11:00,0.421263492,0.138462614
1/15/2019 12:00,0.23674544,0.077814463
1/15/2019 13:00,0.140157163,0.046067432
1/15/2019 14:00,0.048667706,0.015996301
1/15/2019 15:00,0,0
1/15/2019 16:00,0.008703205,0.002860605
1/15/2019 17:00,0.091886236,0.030201545
1/15/2019 18:00,0.148966574,0.048962945
1/15/2019 19:00,0.652348823,0.214416689
1/15/2019 20:00,0.767686017,0.252326191
1/15/2019 21:00,0.838318595,0.275541997
1/15/2019 22:00,0.878435415,0.288727758
1/15/2019 23:00,0.895941651,0.29448178
1/16/2019 0:00,0.906141108,0.297834179
1/16/2019 1:00,0.907385849,0.298243306
1/16/2019 2:00,0.905857534,0.297740973
1/16/2019 3:00,0.880572026,0.289430028
1/16/2019 4:00,0.820204451,0.269588166
1/16/2019 5:00,0.606654337,0.199397638
1/16/2019 6:00,0.305290336,0.100344081
1/16/2019 7:00,0.127914055,0.042043317
1/16/2019 8:00,0.036389287,0.01196058
1/16/2019 9:00,0.007200309,0.002366627
1/16/2019 10:00,0.017987452,0.00591219
1/16/2019 11:00,0.010322235,0.003392755
1/16/2019 12:00,0.007797557,0.002562933
1/16/2019 13:00,0.01553578,0.005106364
1/16/2019 14:00,0.038742751,0.012734126
1/16/2019 15:00,0.128839845,0.042347609
1/16/2019 16:00,0.539724959,0.177399015
1/16/2019 17:00,0.824365955,0.270955986
1/16/2019 18:00,0.80695414,0.265232999
1/16/2019 19:00,0.80354701,0.26411313
1/16/2019 20:00,0.855352459,0.281140758
1/16/2019 21:00,0.854555126,0.280878687
1/16/2019 22:00,0.88937858,0.292324603
1/16/2019 23:00,0.900901412,0.296111974
1/17/2019 0:00,0.909603467,0.298972202
1/17/2019 1:00,0.91,0.299102536
1/17/2019 2:00,0.91,0.299102536
1/17/2019 3:00,0.908201251,0.298511316
1/17/2019 4:00,0.89768445,0.29505461
1/17/2019 5:00,0.894130838,0.293886595
1/17/2019 6:00,0.886244948,0.291294628
1/17/2019 7:00,0.858829348,0.282283556
1/17/2019 8:00,0.829365843,0.27259937
1/17/2019 9:00,0.787724742,0.258912602
1/17/2019 10:00,0.677576992,0.222708787
1/17/2019 11:00,0.524622954,0.172435226
1/17/2019 12:00,0.406013291,0.133450115
1/17/2019 13:00,0.329724564,0.108375223
1/17/2019 14:00,0.227303399,0.074711014
1/17/2019 15:00,0.1647008,0.054134535
1/17/2019 16:00,0.116442989,0.03827296
1/17/2019 17:00,0.077330608,0.025417342
1/17/2019 18:00,0.053085201,0.017448262
1/17/2019 19:00,0.034092725,0.011205737
1/17/2019 20:00,0.01622794,0.005333866
1/17/2019 21:00,0.000421216,0.000138447
1/17/2019 22:00,0,0
1/17/2019 23:00,0,0
1/18/2019 0:00,0,0
1/18/2019 1:00,0,0
1/18/2019 2:00,0,0
1/18/2019 3:00,0.001056791,0.00034735
1/18/2019 4:00,0.031865637,0.010473728
1/18/2019 5:00,0.067211088,0.022091216
1/18/2019 6:00,0.092969489,0.030557593
1/18/2019 7:00,0.122288578,0.040194312
1/18/2019 8:00,0.143825848,0.04727327
1/18/2019 9:00,0.162670843,0.05346732
1/18/2019 10:00,0.20785529,0.06831873
1/18/2019 11:00,0.225253431,0.074037223
1/18/2019 12:00,0.240250111,0.078966393
1/18/2019 13:00,0.285174715,0.093732396
1/18/2019 14:00,0.325147577,0.106870841
1/18/2019 15:00,0.336003215,0.110438916
1/18/2019 16:00,0.339770298,0.111677096
1/18/2019 17:00,0.314917342,0.103508325
1/18/2019 18:00,0.255112617,0.083851462
1/18/2019 19:00,0.210883692,0.069314118
1/18/2019 20:00,0.192084864,0.063135242
1/18/2019 21:00,0.185341365,0.060918761
1/18/2019 22:00,0.218596562,0.071849215
1/18/2019 23:00,0.191992085,0.063104747
1/19/2019 0:00,0.204187599,0.067113218
1/19/2019 1:00,0.229877825,0.075557187
1/19/2019 2:00,0.204237197,0.06712952
1/19/2019 3:00,0.185006436,0.060808675
1/19/2019 4:00,0.155117015,0.050984497
1/19/2019 5:00,0.132776649,0.043641574
1/19/2019 6:00,0.101762422,0.033447691
1/19/2019 7:00,0.07868511,0.025862545
1/19/2019 8:00,0.061958742,0.020364854
1/19/2019 9:00,0.066220554,0.021765644
1/19/2019 10:00,0.107476879,0.035325942
1/19/2019 11:00,0.099668326,0.032759395
1/19/2019 12:00,0.085325317,0.028045076
1/19/2019 13:00,0.082352364,0.027067913
1/19/2019 14:00,0.073903325,0.024290848
1/19/2019 15:00,0.058676009,0.019285872
1/19/2019 16:00,0.038185046,0.012550818
1/19/2019 17:00,0.021195322,0.006966566
1/19/2019 18:00,0.012864057,0.004228211
1/19/2019 19:00,0.009777809,0.00321381
1/19/2019 20:00,0.011632255,0.003823337
1/19/2019 21:00,0.016493175,0.005421045
1/19/2019 22:00,0.012490889,0.004105557
1/19/2019 23:00,0.015772002,0.005184006
1/20/2019 0:00,0.018175687,0.005974059
1/20/2019 1:00,0.023138474,0.007605249
1/20/2019 2:00,0.025778245,0.008472899
1/20/2019 3:00,0.03612234,0.011872839
1/20/2019 4:00,0.064537785,0.021212544
1/20/2019 5:00,0.115386794,0.037925805
1/20/2019 6:00,0.158621631,0.052136409
1/20/2019 7:00,0.222197526,0.073032795
1/20/2019 8:00,0.242626786,0.079747568
1/20/2019 9:00,0.454224836,0.149296484
1/20/2019 10:00,0.733196278,0.240989963
1/20/2019 11:00,0.642679307,0.211238473
1/20/2019 12:00,0.615230863,0.202216606
1/20/2019 13:00,0.72954506,0.239789865
1/20/2019 14:00,0.698068951,0.229444169
1/20/2019 15:00,0.705946329,0.232033338
1/20/2019 16:00,0.738265094,0.242656002
1/20/2019 17:00,0.706202686,0.232117598
1/20/2019 18:00,0.63873005,0.209940415
1/20/2019 19:00,0.588359583,0.193384443
1/20/2019 20:00,0.507920821,0.166945501
1/20/2019 21:00,0.406156448,0.133497169
1/20/2019 22:00,0.308249382,0.101316672
1/20/2019 23:00,0.267224945,0.087832592
1/21/2019 0:00,0.26722481,0.087832548
1/21/2019 1:00,0.325126019,0.106863755
1/21/2019 2:00,0.342563852,0.112595293
1/21/2019 3:00,0.356390347,0.117139842
1/21/2019 4:00,0.352719261,0.115933215
1/21/2019 5:00,0.404649371,0.133001817
1/21/2019 6:00,0.404585254,0.132980742
1/21/2019 7:00,0.38125237,0.125311594
1/21/2019 8:00,0.388199964,0.127595158
1/21/2019 9:00,0.452763032,0.148816012
1/21/2019 10:00,0.534177166,0.175575544
1/21/2019 11:00,0.604177625,0.198583582
1/21/2019 12:00,0.647111498,0.212695264
1/21/2019 13:00,0.666167284,0.218958598
1/21/2019 14:00,0.648582602,0.213178792
1/21/2019 15:00,0.679774093,0.22343094
1/21/2019 16:00,0.715122963,0.235049551
1/21/2019 17:00,0.759250976,0.249553727
1/21/2019 18:00,0.804915292,0.264562863
1/21/2019 19:00,0.833703066,0.274024946
1/21/2019 20:00,0.765837683,0.251718673
1/21/2019 21:00,0.376213525,0.123655406
1/21/2019 22:00,0.242098085,0.079573792
1/21/2019 23:00,0.210185588,0.069084662
1/22/2019 0:00,0.212466213,0.069834267
1/22/2019 1:00,0.256496688,0.084306384
1/22/2019 2:00,0.247084163,0.081212637
1/22/2019 3:00,0.216705417,0.071227626
1/22/2019 4:00,0.22564446,0.074165747
1/22/2019 5:00,0.298384362,0.098074197
1/22/2019 6:00,0.332898945,0.109418592
1/22/2019 7:00,0.218731074,0.071893427
1/22/2019 8:00,0.168237861,0.055297111
1/22/2019 9:00,0.142600391,0.046870482
1/22/2019 10:00,0.144870446,0.047616613
1/22/2019 11:00,0.143231046,0.047077768
1/22/2019 12:00,0.149242631,0.049053681
1/22/2019 13:00,0.118074129,0.038809089
1/22/2019 14:00,0.117753584,0.038703731
1/22/2019 15:00,0.142779668,0.046929407
1/22/2019 16:00,0.134120938,0.044083421
1/22/2019 17:00,0.132297058,0.04348394
1/22/2019 18:00,0.15322144,0.050361452
1/22/2019 19:00,0.158374475,0.052055173
1/22/2019 20:00,0.16576016,0.05448273
1/22/2019 21:00,0.17139308,0.056334181
1/22/2019 22:00,0.14459953,0.047527567
1/22/2019 23:00,0.155403722,0.051078733
1/23/2019 0:00,0.141951788,0.046657296
1/23/2019 1:00,0.116046576,0.038142665
1/23/2019 2:00,0.118034249,0.038795981
1/23/2019 3:00,0.114354422,0.037586481
1/23/2019 4:00,0.120602111,0.039639997
1/23/2019 5:00,0.138173707,0.045415501
1/23/2019 6:00,0.12835813,0.042189277
1/23/2019 7:00,0.112382319,0.036938282
1/23/2019 8:00,0.108979047,0.035819681
1/23/2019 9:00,0.119725815,0.039351972
1/23/2019 10:00,0.047811015,0.015714721
1/23/2019 11:00,0.046460685,0.015270889
1/23/2019 12:00,0.052062133,0.017111996
1/23/2019 13:00,0.06347716,0.020863934
1/23/2019 14:00,0.057429326,0.018876107
1/23/2019 15:00,0.048965912,0.016094317
1/23/2019 16:00,0.065051942,0.021381539
1/23/2019 17:00,0.052745002,0.017336444
1/23/2019 18:00,0.04200989,0.013807983
1/23/2019 19:00,0.032537161,0.010694448
1/23/2019 20:00,0.028847256,0.009481635
1/23/2019 21:00,0.025686494,0.008442742
1/23/2019 22:00,0.006146732,0.002020333
1/23/2019 23:00,0.000438697,0.000144193
1/24/2019 0:00,0,0
1/24/2019 1:00,0.002957576,0.000972108
1/24/2019 2:00,0.007548794,0.002481169
1/24/2019 3:00,0.015172331,0.004986904
1/24/2019 4:00,0.009658974,0.003174751
1/24/2019 5:00,0.008780387,0.002885974
1/24/2019 6:00,0.007035846,0.002312571
1/24/2019 7:00,0.002145957,0.000705342
1/24/2019 8:00,0,0
1/24/2019 9:00,0,0
1/24/2019 10:00,0,0
1/24/2019 11:00,0,0
1/24/2019 12:00,0.000562183,0.000184781
1/24/2019 13:00,0.009279829,0.003050132
1/24/2019 14:00,0.015966196,0.005247835
1/24/2019 15:00,0.015447958,0.005077498
1/24/2019 16:00,0.016249587,0.005340981
1/24/2019 17:00,0.025171495,0.00827347
1/24/2019 18:00,0.046664313,0.015337818
1/24/2019 19:00,0.096427056,0.031694041
1/24/2019 20:00,0.129209389,0.042469073
1/24/2019 21:00,0.14813393,0.048689268
1/24/2019 22:00,0.207117141,0.068076112
1/24/2019 23:00,0.30052867,0.098778997
1/25/2019 0:00,0.36365155,0.119526484
1/25/2019 1:00,0.330292133,0.108561774
1/25/2019 2:00,0.274723825,0.090297355
1/25/2019 3:00,0.495491125,0.162860057
1/25/2019 4:00,0.691916065,0.227421813
1/25/2019 5:00,0.757651015,0.249027846
1/25/2019 6:00,0.800978759,0.263268987
1/25/2019 7:00,0.795005477,0.261305664
1/25/2019 8:00,0.825704543,0.271395959
1/25/2019 9:00,0.841013084,0.276427633
1/25/2019 10:00,0.865993001,0.284638135
1/25/2019 11:00,0.885004817,0.290887017
1/25/2019 12:00,0.909353294,0.298889974
1/25/2019 13:00,0.909605711,0.298972939
1/25/2019 14:00,0.91,0.299102536
1/25/2019 15:00,0.91,0.299102536
1/25/2019 16:00,0.91,0.299102536
1/25/2019 17:00,0.908758243,0.29869439
1/25/2019 18:00,0.901664182,0.296362685
1/25/2019 19:00,0.860262619,0.282754649
1/25/2019 20:00,0.806570034,0.26510675
1/25/2019 21:00,0.716678792,0.235560927
1/25/2019 22:00,0.453881451,0.149183618
1/25/2019 23:00,0.314041051,0.103220302
1/26/2019 0:00,0.214395359,0.070468347
1/26/2019 1:00,0.166420391,0.054699737
1/26/2019 2:00,0.112989151,0.037137738
1/26/2019 3:00,0.04811466,0.015814524
1/26/2019 4:00,0.010838684,0.003562503
1/26/2019 5:00,0.003805517,0.001250813
1/26/2019 6:00,0.021683873,0.007127145
1/26/2019 7:00,0.087573973,0.028784173
1/26/2019 8:00,0.140609082,0.04621597
1/26/2019 9:00,0.153263094,0.050375143
1/26/2019 10:00,0.147416701,0.048453527
1/26/2019 11:00,0.205406978,0.067514009
1/26/2019 12:00,0.260981147,0.085780355
1/26/2019 13:00,0.371983069,0.122264922
1/26/2019 14:00,0.555530351,0.182593996
1/26/2019 15:00,0.694236425,0.228184478
1/26/2019 16:00,0.792925667,0.260622063
1/26/2019 17:00,0.857750237,0.281928869
1/26/2019 18:00,0.869945213,0.285937164
1/26/2019 19:00,0.856028568,0.281362984
1/26/2019 20:00,0.825624046,0.271369501
1/26/2019 21:00,0.798097147,0.262321846
1/26/2019 22:00,0.830318077,0.272912354
1/26/2019 23:00,0.762900972,0.250753423
1/27/2019 0:00,0.781424482,0.256841807
1/27/2019 1:00,0.821448386,0.269997028
1/27/2019 2:00,0.845887872,0.278029898
1/27/2019 3:00,0.856412321,0.281489117
1/27/2019 4:00,0.857135648,0.281726863
1/27/2019 5:00,0.818555971,0.269046337
1/27/2019 6:00,0.785345099,0.258130451
1/27/2019 7:00,0.812324981,0.26699831
1/27/2019 8:00,0.85293412,0.280345888
1/27/2019 9:00,0.868175116,0.285355361
1/27/2019 10:00,0.897026698,0.294838418
1/27/2019 11:00,0.898069077,0.295181031
1/27/2019 12:00,0.887869047,0.291828443
1/27/2019 13:00,0.873375475,0.287064636
1/27/2019 14:00,0.850657262,0.279597521
1/27/2019 15:00,0.813177557,0.267278538
1/27/2019 16:00,0.801948097,0.263587593
1/27/2019 17:00,0.773132012,0.254116204
1/27/2019 18:00,0.688020745,0.226141483
1/27/2019 19:00,0.621332075,0.204221977
1/27/2019 20:00,0.598498377,0.196716903
1/27/2019 21:00,0.565867098,0.185991521
1/27/2019 22:00,0.614938954,0.20212066
1/27/2019 23:00,0.621604934,0.204311662
1/28/2019 0:00,0.577025661,0.189659163
1/28/2019 1:00,0.501709001,0.164903774
1/28/2019 2:00,0.462081358,0.151878798
1/28/2019 3:00,0.440818183,0.14488993
1/28/2019 4:00,0.387917796,0.127502414
1/28/2019 5:00,0.322648107,0.106049304
1/28/2019 6:00,0.279815258,0.091970828
1/28/2019 7:00,0.25305684,0.083175761
1/28/2019 8:00,0.250835379,0.082445602
1/28/2019 9:00,0.238247163,0.078308056
1/28/2019 10:00,0.33665662,0.11065368
1/28/2019 11:00,0.320368848,0.105300148
1/28/2019 12:00,0.271026248,0.08908202
1/28/2019 13:00,0.298193887,0.098011591
1/28/2019 14:00,0.36300308,0.119313343
1/28/2019 15:00,0.45514588,0.149599216
1/28/2019 16:00,0.388521575,0.127700866
1/28/2019 17:00,0.441323187,0.145055917
1/28/2019 18:00,0.503672727,0.16554922
1/28/2019 19:00,0.545948728,0.179444669
1/28/2019 20:00,0.581578317,0.191155549
1/28/2019 21:00,0.529301158,0.173972878
1/28/2019 22:00,0.334589926,0.10997439
1/28/2019 23:00,0.272612083,0.089603259
1/29/2019 0:00,0.326997633,0.107478924
1/29/2019 1:00,0.374613848,0.123129617
1/29/2019 2:00,0.296244697,0.097370923
1/29/2019 3:00,0.171397578,0.05633566
1/29/2019 4:00,0.123705972,0.040660187
1/29/2019 5:00,0.146346341,0.048101716
1/29/2019 6:00,0.153266096,0.05037613
1/29/2019 7:00,0.147354868,0.048433203
1/29/2019 8:00,0.143129497,0.047044391
1/29/2019 9:00,0.147369392,0.048437977
1/29/2019 10:00,0.1202774,0.03953327
1/29/2019 11:00,0.088662209,0.029141859
1/29/2019 12:00,0.082008778,0.026954982
1/29/2019 13:00,0.083111608,0.027317464
1/29/2019 14:00,0.085948198,0.028249807
1/29/2019 15:00,0.076425031,0.025119693
1/29/2019 16:00,0.075088431,0.024680374
1/29/2019 17:00,0.089210647,0.029322122
1/29/2019 18:00,0.108506438,0.035664341
1/29/2019 19:00,0.121012346,0.039774835
1/29/2019 20:00,0.115090821,0.037828523
1/29/2019 21:00,0.126393273,0.04154346
1/29/2019 22:00,0.109421658,0.03596516
1/29/2019 23:00,0.141017348,0.046350161
1/30/2019 0:00,0.18121627,0.059562908
1/30/2019 1:00,0.187354848,0.06158056
1/30/2019 2:00,0.185704425,0.061038093
1/30/2019 3:00,0.165379326,0.054357556
1/30/2019 4:00,0.131430851,0.043199232
1/30/2019 5:00,0.078835557,0.025911994
1/30/2019 6:00,0.036939518,0.012141432
1/30/2019 7:00,0.01650298,0.005424267
1/30/2019 8:00,0.013713513,0.004507414
1/30/2019 9:00,0.003767319,0.001238258
1/30/2019 10:00,0.000682355,0.000224279
1/30/2019 11:00,0,0
1/30/2019 12:00,0,0
1/30/2019 13:00,0,0
1/30/2019 14:00,0,0
1/30/2019 15:00,0.002387243,0.000784649
1/30/2019 16:00,0.015679418,0.005153576
1/30/2019 17:00,0.023170873,0.007615898
1/30/2019 18:00,0.047736827,0.015690336
1/30/2019 19:00,0.086175224,0.028324427
1/30/2019 20:00,0.108555575,0.035680492
1/30/2019 21:00,0.088575003,0.029113196
1/30/2019 22:00,0.101342397,0.033309635
1/30/2019 23:00,0.076279553,0.025071877
1/31/2019 0:00,0.050292437,0.016530325
1/31/2019 1:00,0.036018118,0.011838583
1/31/2019 2:00,0.026752479,0.008793115
1/31/2019 3:00,0.022763571,0.007482024
1/31/2019 4:00,0.024765173,0.008139919
1/31/2019 5:00,0.028010342,0.009206554
1/31/2019 6:00,0.025926334,0.008521574
1/31/2019 7:00,0.025097849,0.008249264
1/31/2019 8:00,0.028210067,0.009272201
1/31/2019 9:00,0.022113545,0.007268371
1/31/2019 10:00,0.037813066,0.012428554
1/31/2019 11:00,0.049349102,0.016220265
1/31/2019 12:00,0.047175931,0.015505979
1/31/2019 13:00,0.061210459,0.020118905
1/31/2019 14:00,0.068252013,0.022433352
1/31/2019 15:00,0.075591745,0.024845805
1/31/2019 16:00,0.09409708,0.030928215
1/31/2019 17:00,0.124985373,0.041080705
1/31/2019 18:00,0.133097988,0.043747193
1/31/2019 19:00,0.139353168,0.045803171
1/31/2019 20:00,0.146525682,0.048160663
1/31/2019 21:00,0.149415721,0.049110573
1/31/2019 22:00,0.398976047,0.131137085
1/31/2019 23:00,0.470464312,0.154634141
02/01/2019 00:00,0.429223481,0.141078936
02/01/2019 01:00,0.358940571,0.11797806
02/01/2019 02:00,0.295871699,0.097248325
02/01/2019 03:00,0.23974923,0.078801761
02/01/2019 04:00,0.176111186,0.057884948
02/01/2019 05:00,0.126416952,0.041551243
02/01/2019 06:00,0.111131043,0.036527007
02/01/2019 07:00,0.114403961,0.037602764
02/01/2019 08:00,0.146310328,0.048089879
02/01/2019 09:00,0.201874014,0.06635278
02/01/2019 10:00,0.252293696,0.082924928
02/01/2019 11:00,0.339623827,0.111628954
02/01/2019 12:00,0.406139103,0.133491468
02/01/2019 13:00,0.416094696,0.136763713
02/01/2019 14:00,0.465179802,0.152897207
02/01/2019 15:00,0.460687908,0.151420793
02/01/2019 16:00,0.515110866,0.169308754
02/01/2019 17:00,0.562192017,0.18478358
02/01/2019 18:00,0.559914027,0.184034841
02/01/2019 19:00,0.539315802,0.177264532
02/01/2019 20:00,0.486866704,0.160025347
02/01/2019 21:00,0.414419793,0.136213199
02/01/2019 22:00,0.450422751,0.148046799
02/01/2019 23:00,0.403319818,0.132564814
02/02/2019 00:00,0.406852163,0.133725839
02/02/2019 01:00,0.391549552,0.128696114
02/02/2019 02:00,0.34494865,0.113379138
02/02/2019 03:00,0.331443157,0.108940097
02/02/2019 04:00,0.332980815,0.109445501
02/02/2019 05:00,0.274712493,0.09029363
02/02/2019 06:00,0.20628055,0.067801138
02/02/2019 07:00,0.18240332,0.059953072
02/02/2019 08:00,0.179311095,0.058936707
02/02/2019 09:00,0.201128174,0.066107634
02/02/2019 10:00,0.20743022,0.068179016
02/02/2019 11:00,0.170548353,0.056056533
02/02/2019 12:00,0.185551054,0.060987682
02/02/2019 13:00,0.197403948,0.06488354
02/02/2019 14:00,0.177976299,0.058497981
02/02/2019 15:00,0.149716315,0.049209373
02/02/2019 16:00,0.128870425,0.04235766
02/02/2019 17:00,0.097644172,0.032094087
02/02/2019 18:00,0.058803472,0.019327767
02/02/2019 19:00,0.02403052,0.00789845
02/02/2019 20:00,0.004864048,0.001598735
02/02/2019 21:00,0.017913533,0.005887894
02/02/2019 22:00,0.024523749,0.008060567
02/02/2019 23:00,0.048893266,0.016070439
02/03/2019 00:00,0.081594189,0.026818713
02/03/2019 01:00,0.100428064,0.033009108
02/03/2019 02:00,0.122855183,0.040380546
02/03/2019 03:00,0.12056185,0.039626764
02/03/2019 04:00,0.098914655,0.032511675
02/03/2019 05:00,0.118112017,0.038821543
02/03/2019 06:00,0.116513559,0.038296155
02/03/2019 07:00,0.117382128,0.03858164
02/03/2019 08:00,0.116709222,0.038360466
02/03/2019 09:00,0.147438765,0.048460779
02/03/2019 10:00,0.245025591,0.080536017
02/03/2019 11:00,0.334884928,0.110071353
02/03/2019 12:00,0.50874078,0.167215008
02/03/2019 13:00,0.455326081,0.149658446
02/03/2019 14:00,0.581967498,0.191283466
02/03/2019 15:00,0.717182278,0.235726415
02/03/2019 16:00,0.707596894,0.232575852
02/03/2019 17:00,0.584952391,0.192264553
02/03/2019 18:00,0.538239115,0.176910642
02/03/2019 19:00,0.569021546,0.187028338
02/03/2019 20:00,0.560965977,0.1843806
02/03/2019 21:00,0.505670284,0.166205785
02/03/2019 22:00,0.493590399,0.162235319
02/03/2019 23:00,0.455875534,0.149839042
02/04/2019 00:00,0.393865452,0.129457314
02/04/2019 01:00,0.309981021,0.101885834
02/04/2019 02:00,0.219635735,0.072190775
02/04/2019 03:00,0.117022057,0.03846329
02/04/2019 04:00,0.069657454,0.022895298
02/04/2019 05:00,0.064306681,0.021136584
02/04/2019 06:00,0.06202279,0.020385905
02/04/2019 07:00,0.086545864,0.02844625
02/04/2019 08:00,0.154548997,0.050797799
02/04/2019 09:00,0.211388365,0.069479996
02/04/2019 10:00,0.282717477,0.092924741
02/04/2019 11:00,0.390616238,0.128389349
02/04/2019 12:00,0.410497454,0.134923988
02/04/2019 13:00,0.44710499,0.146956304
02/04/2019 14:00,0.430270478,0.141423067
02/04/2019 15:00,0.461065456,0.151544887
02/04/2019 16:00,0.431497792,0.141826465
02/04/2019 17:00,0.334132439,0.109824022
02/04/2019 18:00,0.345121833,0.113436061
02/04/2019 19:00,0.433453137,0.142469157
02/04/2019 20:00,0.46463444,0.152717955
02/04/2019 21:00,0.45125398,0.148320011
02/04/2019 22:00,0.273041121,0.089744276
02/04/2019 23:00,0.245814695,0.080795383
02/05/2019 00:00,0.207438375,0.068181697
02/05/2019 01:00,0.148602064,0.048843136
02/05/2019 02:00,0.094252684,0.030979359
02/05/2019 03:00,0.049332758,0.016214894
02/05/2019 04:00,0.014132193,0.004645027
02/05/2019 05:00,0,0
02/05/2019 06:00,0,0
02/05/2019 07:00,0,0
02/05/2019 08:00,0,0
02/05/2019 09:00,0.00947941,0.003115731
02/05/2019 10:00,0.066321396,0.021798789
02/05/2019 11:00,0.141261013,0.04643025
02/05/2019 12:00,0.244161216,0.080251911
02/05/2019 13:00,0.377523319,0.124085914
02/05/2019 14:00,0.548487595,0.180279154
02/05/2019 15:00,0.681479143,0.223991362
02/05/2019 16:00,0.757295739,0.248911072
02/05/2019 17:00,0.815934014,0.268184541
02/05/2019 18:00,0.860117536,0.282706963
02/05/2019 19:00,0.872900434,0.286908498
02/05/2019 20:00,0.879157182,0.288964992
02/05/2019 21:00,0.877837382,0.288531194
02/05/2019 22:00,0.791729751,0.260228985
02/05/2019 23:00,0.57777827,0.189906534
02/06/2019 00:00,0.305804704,0.100513145
02/06/2019 01:00,0.315790523,0.103795325
02/06/2019 02:00,0.428240023,0.140755689
02/06/2019 03:00,0.514550293,0.169124502
02/06/2019 04:00,0.528608804,0.173745312
02/06/2019 05:00,0.558231816,0.183481925
02/06/2019 06:00,0.503150594,0.165377603
02/06/2019 07:00,0.417409371,0.137195826
02/06/2019 08:00,0.394063263,0.129522331
02/06/2019 09:00,0.3580134,0.117673314
02/06/2019 10:00,0.302384907,0.099389112
02/06/2019 11:00,0.295581669,0.097152996
02/06/2019 12:00,0.260807447,0.085723262
02/06/2019 13:00,0.187963616,0.061780653
02/06/2019 14:00,0.13719798,0.045094795
02/06/2019 15:00,0.116187966,0.038189138
02/06/2019 16:00,0.121458881,0.039921603
02/06/2019 17:00,0.202615823,0.066596601
02/06/2019 18:00,0.251244194,0.082579973
02/06/2019 19:00,0.278183468,0.091434484
02/06/2019 20:00,0.308105798,0.101269479
02/06/2019 21:00,0.268190352,0.088149906
02/06/2019 22:00,0.225353802,0.074070213
02/06/2019 23:00,0.153803939,0.05055291
02/07/2019 00:00,0.091280544,0.030002464
02/07/2019 01:00,0.081900325,0.026919335
02/07/2019 02:00,0.041263742,0.013562736
02/07/2019 03:00,0.008148312,0.002678221
02/07/2019 04:00,0,0
02/07/2019 05:00,0,0
02/07/2019 06:00,0,0
02/07/2019 07:00,0,0
02/07/2019 08:00,0,0
02/07/2019 09:00,0,0
02/07/2019 10:00,0,0
02/07/2019 11:00,0,0
02/07/2019 12:00,0,0
02/07/2019 13:00,0.014879308,0.004890592
02/07/2019 14:00,0.057910793,0.019034357
02/07/2019 15:00,0.08875442,0.029172167
02/07/2019 16:00,0.077662565,0.025526451
02/07/2019 17:00,0.044305791,0.014562609
02/07/2019 18:00,0.036904018,0.012129764
02/07/2019 19:00,0.079117311,0.026004603
02/07/2019 20:00,0.116813921,0.038394879
02/07/2019 21:00,0.161856826,0.053199766
02/07/2019 22:00,0.184964287,0.060794821
02/07/2019 23:00,0.214948013,0.070649995
02/08/2019 00:00,0.208404255,0.068499166
02/08/2019 01:00,0.213273498,0.070099609
02/08/2019 02:00,0.201194458,0.06612942
02/08/2019 03:00,0.177991494,0.058502975
02/08/2019 04:00,0.194275408,0.063855239
02/08/2019 05:00,0.29618258,0.097350506
02/08/2019 06:00,0.47232594,0.155246029
02/08/2019 07:00,0.688335626,0.226244979
02/08/2019 08:00,0.874569086,0.287456957
02/08/2019 09:00,0.904521387,0.297301803
02/08/2019 10:00,0.871444,0.286429792
02/08/2019 11:00,0.874456942,0.287420097
02/08/2019 12:00,0.819040341,0.269205542
02/08/2019 13:00,0.830373723,0.272930644
02/08/2019 14:00,0.832847628,0.273743777
02/08/2019 15:00,0.809589458,0.266099187
02/08/2019 16:00,0.790137443,0.259705618
02/08/2019 17:00,0.741308859,0.243656439
02/08/2019 18:00,0.709869932,0.233322963
02/08/2019 19:00,0.722520233,0.237480916
02/08/2019 20:00,0.720445766,0.236799072
02/08/2019 21:00,0.743560328,0.244396461
02/08/2019 22:00,0.777317064,0.255491764
02/08/2019 23:00,0.769620604,0.25296206
02/09/2019 00:00,0.823120185,0.270546522
02/09/2019 01:00,0.805713313,0.264825159
02/09/2019 02:00,0.755883512,0.248446896
02/09/2019 03:00,0.639695119,0.210257618
02/09/2019 04:00,0.509780284,0.167556676
02/09/2019 05:00,0.424766816,0.139614101
02/09/2019 06:00,0.458911441,0.150836896
02/09/2019 07:00,0.600969067,0.19752898
02/09/2019 08:00,0.735840515,0.241859081
02/09/2019 09:00,0.864493479,0.284145265
02/09/2019 10:00,0.91,0.299102536
02/09/2019 11:00,0.91,0.299102536
02/09/2019 12:00,0.91,0.299102536
02/09/2019 13:00,0.91,0.299102536
02/09/2019 14:00,0.91,0.299102536
02/09/2019 15:00,0.91,0.299102536
02/09/2019 16:00,0.91,0.299102536
02/09/2019 17:00,0.91,0.299102536
02/09/2019 18:00,0.91,0.299102536
02/09/2019 19:00,0.91,0.299102536
02/09/2019 20:00,0.91,0.299102536
02/09/2019 21:00,0.91,0.299102536
02/09/2019 22:00,0.91,0.299102536
02/09/2019 23:00,0.91,0.299102536
02/10/2019 00:00,0.906179588,0.297846827
02/10/2019 01:00,0.884795789,0.290818312
02/10/2019 02:00,0.857342339,0.281794799
02/10/2019 03:00,0.825676528,0.271386751
02/10/2019 04:00,0.801628549,0.263482562
02/10/2019 05:00,0.750020599,0.246519849
02/10/2019 06:00,0.709299588,0.2331355
02/10/2019 07:00,0.599529428,0.197055793
02/10/2019 08:00,0.456173959,0.149937129
02/10/2019 09:00,0.346221145,0.113797387
02/10/2019 10:00,0.197401727,0.06488281
02/10/2019 11:00,0.113887872,0.037433133
02/10/2019 12:00,0.048973707,0.016096879
02/10/2019 13:00,0.00858007,0.002820133
02/10/2019 14:00,0.018658373,0.00613271
02/10/2019 15:00,0.173164991,0.05691658
02/10/2019 16:00,0.524649676,0.172444009
02/10/2019 17:00,0.682927982,0.224467573
02/10/2019 18:00,0.711553277,0.233876252
02/10/2019 19:00,0.661911947,0.217559936
02/10/2019 20:00,0.605461417,0.199005544
02/10/2019 21:00,0.49994675,0.16432455
02/10/2019 22:00,0.446435084,0.146736116
02/10/2019 23:00,0.38738685,0.1273279
02/11/2019 00:00,0.364643022,0.119852365
02/11/2019 01:00,0.310754047,0.102139916
02/11/2019 02:00,0.220205343,0.072377996
02/11/2019 03:00,0.151517584,0.049801422
02/11/2019 04:00,0.145327096,0.047766707
02/11/2019 05:00,0.160669175,0.052809404
02/11/2019 06:00,0.167058998,0.054909637
02/11/2019 07:00,0.11865225,0.038999109
02/11/2019 08:00,0.107219224,0.035241255
02/11/2019 09:00,0.099942564,0.032849532
02/11/2019 10:00,0.043677316,0.01435604
02/11/2019 11:00,0.022315043,0.0073346
02/11/2019 12:00,0.019723631,0.006482844
02/11/2019 13:00,0.010775306,0.003541672
02/11/2019 14:00,0.002369009,0.000778656
02/11/2019 15:00,0.026219012,0.008617773
02/11/2019 16:00,0.036372715,0.011955133
02/11/2019 17:00,0.063406906,0.020840842
02/11/2019 18:00,0.090646306,0.029794
02/11/2019 19:00,0.12311853,0.040467104
02/11/2019 20:00,0.240516698,0.079054016
02/11/2019 21:00,0.392032557,0.12885487
02/11/2019 22:00,0.509747048,0.167545752
02/11/2019 23:00,0.456789555,0.150139466
02/12/2019 00:00,0.432001327,0.141991969
02/12/2019 01:00,0.447352413,0.147037628
02/12/2019 02:00,0.419228253,0.137793663
02/12/2019 03:00,0.409686954,0.13465759
02/12/2019 04:00,0.544781016,0.179060861
02/12/2019 05:00,0.607712243,0.199745355
02/12/2019 06:00,0.690627962,0.226998434
02/12/2019 07:00,0.708835057,0.232982816
02/12/2019 08:00,0.712886487,0.234314457
02/12/2019 09:00,0.731448048,0.240415347
02/12/2019 10:00,0.812876011,0.267179424
02/12/2019 11:00,0.854591364,0.280890598
02/12/2019 12:00,0.883867308,0.290513135
02/12/2019 13:00,0.903058122,0.296820851
02/12/2019 14:00,0.873144352,0.28698867
02/12/2019 15:00,0.889986652,0.292524466
02/12/2019 16:00,0.90990726,0.299072054
02/12/2019 17:00,0.91,0.299102536
02/12/2019 18:00,0.91,0.299102536
02/12/2019 19:00,0.91,0.299102536
02/12/2019 20:00,0.91,0.299102536
02/12/2019 21:00,0.91,0.299102536
02/12/2019 22:00,0.907613645,0.298318179
02/12/2019 23:00,0.890870807,0.292815074
2/13/2019 0:00,0.803925825,0.26423764
2/13/2019 1:00,0.543219443,0.178547597
2/13/2019 2:00,0.319922549,0.105153457
2/13/2019 3:00,0.207778166,0.06829338
2/13/2019 4:00,0.261082596,0.085813699
2/13/2019 5:00,0.375306486,0.123357277
2/13/2019 6:00,0.428462111,0.140828686
2/13/2019 7:00,0.413705784,0.135978515
2/13/2019 8:00,0.440041116,0.14463452
2/13/2019 9:00,0.426572828,0.140207708
2/13/2019 10:00,0.471881203,0.155099851
2/13/2019 11:00,0.470426735,0.15462179
2/13/2019 12:00,0.553871108,0.182048629
2/13/2019 13:00,0.518078597,0.1702842
2/13/2019 14:00,0.547615972,0.179992666
2/13/2019 15:00,0.598718856,0.196789371
2/13/2019 16:00,0.556026119,0.182756947
2/13/2019 17:00,0.603075168,0.198221222
2/13/2019 18:00,0.729251232,0.239693289
2/13/2019 19:00,0.782901349,0.257327229
2/13/2019 20:00,0.794461759,0.261126952
2/13/2019 21:00,0.800422097,0.263086021
2/13/2019 22:00,0.816694574,0.268434525
2/13/2019 23:00,0.838473805,0.275593012
2/14/2019 0:00,0.82308935,0.270536387
2/14/2019 1:00,0.82993118,0.272785187
2/14/2019 2:00,0.83129604,0.273233795
2/14/2019 3:00,0.827256777,0.271906154
2/14/2019 4:00,0.766539974,0.251949505
2/14/2019 5:00,0.658425078,0.216413857
2/14/2019 6:00,0.509432942,0.167442511
2/14/2019 7:00,0.335552499,0.110290773
2/14/2019 8:00,0.237361216,0.078016859
2/14/2019 9:00,0.190453406,0.062599007
2/14/2019 10:00,0.235914388,0.077541309
2/14/2019 11:00,0.301031508,0.098944272
2/14/2019 12:00,0.390248397,0.128268445
2/14/2019 13:00,0.45688979,0.150172412
2/14/2019 14:00,0.484891304,0.159376064
2/14/2019 15:00,0.382401754,0.125689378
2/14/2019 16:00,0.256743433,0.084387486
2/14/2019 17:00,0.230696987,0.075826433
2/14/2019 18:00,0.213636261,0.070218843
2/14/2019 19:00,0.149615737,0.049176315
2/14/2019 20:00,0.15036609,0.049422944
2/14/2019 21:00,0.166960223,0.054877171
2/14/2019 22:00,0.159834747,0.052535141
2/14/2019 23:00,0.157568842,0.051790374
2/15/2019 0:00,0.140687291,0.046241676
2/15/2019 1:00,0.136202317,0.044767537
2/15/2019 2:00,0.132385517,0.043513015
2/15/2019 3:00,0.136943437,0.045011131
2/15/2019 4:00,0.132773177,0.043640433
2/15/2019 5:00,0.157194951,0.051667482
2/15/2019 6:00,0.206326285,0.06781617
2/15/2019 7:00,0.279915688,0.092003838
2/15/2019 8:00,0.356006995,0.117013841
2/15/2019 9:00,0.402076352,0.132156106
2/15/2019 10:00,0.343052429,0.112755881
2/15/2019 11:00,0.412541107,0.135595705
2/15/2019 12:00,0.45689913,0.150175482
2/15/2019 13:00,0.465596854,0.153034285
2/15/2019 14:00,0.518901235,0.170554588
2/15/2019 15:00,0.579178707,0.190366835
2/15/2019 16:00,0.674046604,0.221548405
2/15/2019 17:00,0.737232959,0.242316755
2/15/2019 18:00,0.703781626,0.231321834
2/15/2019 19:00,0.613016514,0.201488784
2/15/2019 20:00,0.439766063,0.144544115
2/15/2019 21:00,0.250916259,0.082472186
2/15/2019 22:00,0.114678444,0.037692982
2/15/2019 23:00,0.039303916,0.012918572
2/16/2019 0:00,0,0
2/16/2019 1:00,0,0
2/16/2019 2:00,0.010163186,0.003340478
2/16/2019 3:00,0.035642835,0.011715233
2/16/2019 4:00,0.031605037,0.010388073
2/16/2019 5:00,0.014118287,0.004640457
2/16/2019 6:00,0.006484306,0.002131288
2/16/2019 7:00,0.013064443,0.004294075
2/16/2019 8:00,0.029617566,0.009734823
2/16/2019 9:00,0.074880002,0.024611867
2/16/2019 10:00,0.146846012,0.04826595
2/16/2019 11:00,0.135106307,0.044407296
2/16/2019 12:00,0.103907922,0.034152882
2/16/2019 13:00,0.085229533,0.028013593
2/16/2019 14:00,0.120523525,0.039614167
2/16/2019 15:00,0.097237506,0.031960423
2/16/2019 16:00,0.029290847,0.009627436
2/16/2019 17:00,0.046398913,0.015250585
2/16/2019 18:00,0.123468979,0.040582291
2/16/2019 19:00,0.201686796,0.066291244
2/16/2019 20:00,0.251808349,0.082765402
2/16/2019 21:00,0.270766564,0.088996666
2/16/2019 22:00,0.300191492,0.098668172
2/16/2019 23:00,0.301054906,0.098951962
2/17/2019 0:00,0.295739054,0.097204726
2/17/2019 1:00,0.343095003,0.112769874
2/17/2019 2:00,0.327394158,0.107609256
2/17/2019 3:00,0.298352014,0.098063565
2/17/2019 4:00,0.403404141,0.132592529
2/17/2019 5:00,0.542372055,0.178269074
2/17/2019 6:00,0.642695309,0.211243732
2/17/2019 7:00,0.689369535,0.226584809
2/17/2019 8:00,0.678333711,0.222957509
2/17/2019 9:00,0.692288733,0.227544303
2/17/2019 10:00,0.567781839,0.186620866
2/17/2019 11:00,0.657497027,0.216108822
2/17/2019 12:00,0.718789585,0.236254712
2/17/2019 13:00,0.799330861,0.262727349
2/17/2019 14:00,0.842325961,0.276859155
2/17/2019 15:00,0.772373874,0.253867016
2/17/2019 16:00,0.617254052,0.202881596
2/17/2019 17:00,0.384356762,0.126331958
2/17/2019 18:00,0.357605757,0.117539328
2/17/2019 19:00,0.352611252,0.115897714
2/17/2019 20:00,0.389748193,0.128104036
2/17/2019 21:00,0.478898452,0.157406309
2/17/2019 22:00,0.605502404,0.199019016
2/17/2019 23:00,0.621408243,0.204247012
2/18/2019 0:00,0.609215829,0.20023956
2/18/2019 1:00,0.540766195,0.177741253
2/18/2019 2:00,0.490746802,0.161300674
2/18/2019 3:00,0.538257527,0.176916694
2/18/2019 4:00,0.542751083,0.178393654
2/18/2019 5:00,0.460414606,0.151330963
2/18/2019 6:00,0.424155427,0.139413147
2/18/2019 7:00,0.514372271,0.16906599
2/18/2019 8:00,0.623551594,0.204951498
2/18/2019 9:00,0.679147622,0.223225029
2/18/2019 10:00,0.699809279,0.230016187
2/18/2019 11:00,0.712524542,0.234195491
2/18/2019 12:00,0.698603452,0.229619851
2/18/2019 13:00,0.740816759,0.243494694
2/18/2019 14:00,0.797592148,0.262155861
2/18/2019 15:00,0.769960752,0.253073861
2/18/2019 16:00,0.747992937,0.245853389
2/18/2019 17:00,0.74128751,0.243649422
2/18/2019 18:00,0.729369035,0.239732009
2/18/2019 19:00,0.685194422,0.225212515
2/18/2019 20:00,0.645406546,0.212134873
2/18/2019 21:00,0.664674851,0.218468059
2/18/2019 22:00,0.661755554,0.217508532
2/18/2019 23:00,0.74657927,0.245388739
2/19/2019 0:00,0.802501528,0.263769497
2/19/2019 1:00,0.823405763,0.270640386
2/19/2019 2:00,0.833962458,0.274110204
2/19/2019 3:00,0.800283169,0.263040357
2/19/2019 4:00,0.683257508,0.224575883
2/19/2019 5:00,0.564883752,0.185668311
2/19/2019 6:00,0.436615861,0.143508693
2/19/2019 7:00,0.321989107,0.105832701
2/19/2019 8:00,0.223271844,0.073385906
2/19/2019 9:00,0.149593722,0.049169079
2/19/2019 10:00,0.126586625,0.041607012
2/19/2019 11:00,0.078149625,0.02568654
2/19/2019 12:00,0.031978985,0.010510984
2/19/2019 13:00,0.001754862,0.000576795
2/19/2019 14:00,0,0
2/19/2019 15:00,0,0
2/19/2019 16:00,0,0
2/19/2019 17:00,0.018097573,0.005948385
2/19/2019 18:00,0.073753439,0.024241583
2/19/2019 19:00,0.140023915,0.046023635
2/19/2019 20:00,0.23190765,0.076224359
2/19/2019 21:00,0.349444838,0.114856964
2/19/2019 22:00,0.486999166,0.160068885
2/19/2019 23:00,0.553937792,0.182070547
2/20/2019 0:00,0.600089266,0.197239804
2/20/2019 1:00,0.613083421,0.201510776
2/20/2019 2:00,0.639400781,0.210160874
2/20/2019 3:00,0.657602705,0.216143557
2/20/2019 4:00,0.594896225,0.195532933
2/20/2019 5:00,0.536442404,0.176320092
2/20/2019 6:00,0.441271471,0.145038919
2/20/2019 7:00,0.405642717,0.133328314
2/20/2019 8:00,0.401300567,0.131901118
2/20/2019 9:00,0.393418107,0.129310278
2/20/2019 10:00,0.46886222,0.154107559
2/20/2019 11:00,0.5076722,0.166863783
2/20/2019 12:00,0.515722768,0.169509876
2/20/2019 13:00,0.574377143,0.188788637
2/20/2019 14:00,0.593340361,0.195021546
2/20/2019 15:00,0.605926371,0.199158367
2/20/2019 16:00,0.614713759,0.202046642
2/20/2019 17:00,0.649790772,0.213575898
2/20/2019 18:00,0.660385336,0.217058163
2/20/2019 19:00,0.59655685,0.196078754
2/20/2019 20:00,0.531245556,0.17461197
2/20/2019 21:00,0.502452827,0.165148258
2/20/2019 22:00,0.290291885,0.095414328
2/20/2019 23:00,0.259549935,0.085309938
2/21/2019 0:00,0.194051004,0.063781481
2/21/2019 1:00,0.114995271,0.037797118
2/21/2019 2:00,0.049181628,0.016165219
2/21/2019 3:00,0.051308792,0.016864384
2/21/2019 4:00,0.096940716,0.031862873
2/21/2019 5:00,0.179970387,0.059153406
2/21/2019 6:00,0.234833116,0.077185913
2/21/2019 7:00,0.222918199,0.073269669
2/21/2019 8:00,0.195228114,0.064168378
2/21/2019 9:00,0.163287365,0.053669962
2/21/2019 10:00,0.140320469,0.046121108
2/21/2019 11:00,0.12913981,0.042446203
2/21/2019 12:00,0.10351861,0.034024922
2/21/2019 13:00,0.075819645,0.024920712
2/21/2019 14:00,0.055396776,0.01820804
2/21/2019 15:00,0.040085776,0.013175557
2/21/2019 16:00,0.043766919,0.014385491
2/21/2019 17:00,0.080933965,0.026601708
2/21/2019 18:00,0.154932355,0.050923803
2/21/2019 19:00,0.20435042,0.067166735
2/21/2019 20:00,0.18866171,0.062010105
2/21/2019 21:00,0.165406366,0.054366443
2/21/2019 22:00,0.144673513,0.047551884
2/21/2019 23:00,0.133669496,0.043935039
2/22/2019 0:00,0.11373278,0.037382157
2/22/2019 1:00,0.104899165,0.034478688
2/22/2019 2:00,0.162267838,0.053334859
2/22/2019 3:00,0.224762495,0.073875859
2/22/2019 4:00,0.230818906,0.075866506
2/22/2019 5:00,0.238542522,0.078405136
2/22/2019 6:00,0.365902101,0.120266205
2/22/2019 7:00,0.484890841,0.159375912
2/22/2019 8:00,0.516724626,0.169839171
2/22/2019 9:00,0.510455285,0.167778538
2/22/2019 10:00,0.459699606,0.151095954
2/22/2019 11:00,0.549388853,0.180575384
2/22/2019 12:00,0.542570732,0.178334376
2/22/2019 13:00,0.493240307,0.162120249
2/22/2019 14:00,0.450131147,0.147950953
2/22/2019 15:00,0.371414114,0.122077916
2/22/2019 16:00,0.377406309,0.124047455
2/22/2019 17:00,0.33344364,0.109597624
2/22/2019 18:00,0.387579277,0.127391148
2/22/2019 19:00,0.582755551,0.191542487
2/22/2019 20:00,0.669534699,0.220065413
2/22/2019 21:00,0.744599783,0.244738113
2/22/2019 22:00,0.777466106,0.255540751
2/22/2019 23:00,0.798674844,0.262511727
2/23/2019 0:00,0.765926138,0.251747747
2/23/2019 1:00,0.792733599,0.260558934
2/23/2019 2:00,0.779575496,0.256234074
2/23/2019 3:00,0.799436695,0.262762135
2/23/2019 4:00,0.830160074,0.272860421
2/23/2019 5:00,0.837014762,0.275113448
2/23/2019 6:00,0.800624006,0.263152385
2/23/2019 7:00,0.819831112,0.269465455
2/23/2019 8:00,0.821524354,0.270021997
2/23/2019 9:00,0.834813101,0.274389797
2/23/2019 10:00,0.783335992,0.25747009
2/23/2019 11:00,0.726721164,0.238861696
2/23/2019 12:00,0.635580402,0.208905176
2/23/2019 13:00,0.534805993,0.175782229
2/23/2019 14:00,0.425665603,0.139909518
2/23/2019 15:00,0.357932093,0.11764659
2/23/2019 16:00,0.352110677,0.115733183
2/23/2019 17:00,0.349188343,0.114772658
2/23/2019 18:00,0.398735488,0.131058017
2/23/2019 19:00,0.459734136,0.151107303
2/23/2019 20:00,0.506792532,0.16657465
2/23/2019 21:00,0.552469593,0.181587974
2/23/2019 22:00,0.47481789,0.156065093
2/23/2019 23:00,0.438977282,0.144284855
2/24/2019 0:00,0.363211737,0.119381925
2/24/2019 1:00,0.291351864,0.095762727
2/24/2019 2:00,0.257555088,0.084654264
2/24/2019 3:00,0.204832196,0.067325087
2/24/2019 4:00,0.191502783,0.062943921
2/24/2019 5:00,0.114388229,0.037597593
2/24/2019 6:00,0.073030252,0.024003883
2/24/2019 7:00,0.039253859,0.012902119
2/24/2019 8:00,0.018711583,0.0061502
2/24/2019 9:00,0.051866969,0.017047848
2/24/2019 10:00,0.152670955,0.050180516
2/24/2019 11:00,0.245778682,0.080783546
2/24/2019 12:00,0.400470914,0.131628424
2/24/2019 13:00,0.575516472,0.189163117
2/24/2019 14:00,0.597809262,0.196490402
2/24/2019 15:00,0.540095612,0.177520843
2/24/2019 16:00,0.499804208,0.164277699
2/24/2019 17:00,0.456428404,0.150020762
2/24/2019 18:00,0.42816388,0.140730662
2/24/2019 19:00,0.393638856,0.129382835
2/24/2019 20:00,0.360718784,0.118562531
2/24/2019 21:00,0.262009912,0.086118494
2/24/2019 22:00,0.087130109,0.028638282
2/24/2019 23:00,0.04930861,0.016206956
2/25/2019 0:00,0.047344372,0.015561342
2/25/2019 1:00,0.047543081,0.015626655
2/25/2019 2:00,0.070959193,0.023323159
2/25/2019 3:00,0.089331821,0.02936195
2/25/2019 4:00,0.100701595,0.033099014
2/25/2019 5:00,0.121156155,0.039822103
2/25/2019 6:00,0.120133756,0.039486056
2/25/2019 7:00,0.069532506,0.022854229
2/25/2019 8:00,0.0254066,0.008350746
2/25/2019 9:00,0,0
2/25/2019 10:00,0,0
2/25/2019 11:00,0.001970758,0.000647757
2/25/2019 12:00,0.003221144,0.001058739
2/25/2019 13:00,0.031222646,0.010262387
2/25/2019 14:00,0.060073624,0.019745245
2/25/2019 15:00,0.078433206,0.025779748
2/25/2019 16:00,0.163031685,0.053585923
2/25/2019 17:00,0.366102967,0.120332226
2/25/2019 18:00,0.53837517,0.176955361
2/25/2019 19:00,0.601824576,0.197810172
2/25/2019 20:00,0.626216942,0.205827555
2/25/2019 21:00,0.525892785,0.1728526
2/25/2019 22:00,0.4119835,0.135412428
2/25/2019 23:00,0.398215474,0.130887097
2/26/2019 0:00,0.372579107,0.12246083
2/26/2019 1:00,0.343244355,0.112818964
2/26/2019 2:00,0.333718346,0.109687916
2/26/2019 3:00,0.373943021,0.122909127
2/26/2019 4:00,0.422278433,0.138796209
2/26/2019 5:00,0.519790439,0.170846855
2/26/2019 6:00,0.543382434,0.178601169
2/26/2019 7:00,0.510639543,0.167839101
2/26/2019 8:00,0.477363687,0.156901856
2/26/2019 9:00,0.39210131,0.128877468
2/26/2019 10:00,0.274376637,0.090183239
2/26/2019 11:00,0.20261341,0.066595807
2/26/2019 12:00,0.203191242,0.066785732
2/26/2019 13:00,0.133305155,0.043815286
2/26/2019 14:00,0.088672288,0.029145172
2/26/2019 15:00,0.042997237,0.014132508
2/26/2019 16:00,0.009298188,0.003056167
2/26/2019 17:00,0,0
2/26/2019 18:00,0,0
2/26/2019 19:00,0,0
2/26/2019 20:00,0.001534955,0.000504515
2/26/2019 21:00,0.030022934,0.009868061
2/26/2019 22:00,0.039765,0.013070123
2/26/2019 23:00,0.030621372,0.010064758
2/27/2019 0:00,0.003148952,0.00103501
2/27/2019 1:00,0,0
2/27/2019 2:00,0,0
2/27/2019 3:00,0,0
2/27/2019 4:00,0,0
2/27/2019 5:00,0,0
2/27/2019 6:00,0,0
2/27/2019 7:00,0,0
2/27/2019 8:00,0,0
2/27/2019 9:00,0,0
2/27/2019 10:00,0,0
2/27/2019 11:00,0,0
2/27/2019 12:00,0.003424313,0.001125517
2/27/2019 13:00,0.060650039,0.019934704
2/27/2019 14:00,0.093735678,0.030809427
2/27/2019 15:00,0.119949371,0.039425452
2/27/2019 16:00,0.12129777,0.039868649
2/27/2019 17:00,0.088852784,0.029204498
2/27/2019 18:00,0.04360835,0.014333371
2/27/2019 19:00,0.013129808,0.004315559
2/27/2019 20:00,0.001756062,0.00057719
2/27/2019 21:00,0,0
2/27/2019 22:00,0.004475209,0.00147093
2/27/2019 23:00,0.012737827,0.004186721
2/28/2019 0:00,0.029542233,0.009710062
2/28/2019 1:00,0.038395729,0.012620066
2/28/2019 2:00,0.049630141,0.016312639
2/28/2019 3:00,0.05658528,0.018598682
2/28/2019 4:00,0.065534025,0.021539992
2/28/2019 5:00,0.072593922,0.023860468
2/28/2019 6:00,0.080360317,0.026413159
2/28/2019 7:00,0.085008542,0.027940957
2/28/2019 8:00,0.089472906,0.029408322
2/28/2019 9:00,0.089787454,0.029511709
2/28/2019 10:00,0.121954756,0.04008459
2/28/2019 11:00,0.108062677,0.035518484
2/28/2019 12:00,0.079978632,0.026287705
2/28/2019 13:00,0.061556818,0.020232748
2/28/2019 14:00,0.061487804,0.020210064
2/28/2019 15:00,0.060716625,0.01995659
2/28/2019 16:00,0.061000712,0.020049965
2/28/2019 17:00,0.048511179,0.015944853
2/28/2019 18:00,0.041149287,0.013525117
2/28/2019 19:00,0.043924414,0.014437257
2/28/2019 20:00,0.042089678,0.013834208
2/28/2019 21:00,0.035403267,0.011636491
2/28/2019 22:00,0.062383152,0.02050435
2/28/2019 23:00,0.063763351,0.020958
03/01/2019 00:00,0.064504668,0.021201659
03/01/2019 01:00,0.060579235,0.019911432
03/01/2019 02:00,0.054352095,0.01786467
03/01/2019 03:00,0.042263806,0.013891441
03/01/2019 04:00,0.02744924,0.009022129
03/01/2019 05:00,0.03901261,0.012822825
03/01/2019 06:00,0.079375352,0.026089417
03/01/2019 07:00,0.14222393,0.046746745
03/01/2019 08:00,0.230574989,0.075786334
03/01/2019 09:00,0.233644427,0.07679521
03/01/2019 10:00,0.24232935,0.079649806
03/01/2019 11:00,0.243328954,0.07997836
03/01/2019 12:00,0.237696351,0.078127012
03/01/2019 13:00,0.2057651,0.067631718
03/01/2019 14:00,0.209548317,0.068875201
03/01/2019 15:00,0.194806988,0.06402996
03/01/2019 16:00,0.137792257,0.045290125
03/01/2019 17:00,0.127292847,0.041839135
03/01/2019 18:00,0.130725873,0.042967517
03/01/2019 19:00,0.138498301,0.04552219
03/01/2019 20:00,0.154187554,0.050678998
03/01/2019 21:00,0.145061752,0.047679492
03/01/2019 22:00,0.120201426,0.039508298
03/01/2019 23:00,0.122994023,0.04042618
03/02/2019 00:00,0.110598919,0.036352107
03/02/2019 01:00,0.114815807,0.037738131
03/02/2019 02:00,0.1077301,0.035409172
03/02/2019 03:00,0.138145821,0.045406336
03/02/2019 04:00,0.125304634,0.041185642
03/02/2019 05:00,0.125139316,0.041131304
03/02/2019 06:00,0.113697014,0.037370401
03/02/2019 07:00,0.089080334,0.02927929
03/02/2019 08:00,0.114876425,0.037758055
03/02/2019 09:00,0.10809907,0.035530446
03/02/2019 10:00,0.050110806,0.016470625
03/02/2019 11:00,0.080875872,0.026582614
03/02/2019 12:00,0.110715246,0.036390341
03/02/2019 13:00,0.217054461,0.071342351
03/02/2019 14:00,0.556108905,0.182784158
03/02/2019 15:00,0.762813796,0.25072477
03/02/2019 16:00,0.805161788,0.264643882
03/02/2019 17:00,0.804548337,0.26444225
03/02/2019 18:00,0.736305007,0.242011752
03/02/2019 19:00,0.60401618,0.198530518
03/02/2019 20:00,0.43277715,0.14224697
03/02/2019 21:00,0.32114543,0.105555398
03/02/2019 22:00,0.404892778,0.13308182
03/02/2019 23:00,0.59600712,0.195898067
03/03/2019 00:00,0.685282814,0.225241569
03/03/2019 01:00,0.729313884,0.239713881
03/03/2019 02:00,0.76692419,0.252075791
03/03/2019 03:00,0.81281232,0.26715849
03/03/2019 04:00,0.863104647,0.283688779
03/03/2019 05:00,0.908000168,0.298445223
03/03/2019 06:00,0.907513393,0.298285228
03/03/2019 07:00,0.892002917,0.293187181
03/03/2019 08:00,0.883165971,0.290282617
03/03/2019 09:00,0.893144731,0.293562477
03/03/2019 10:00,0.870805185,0.286219823
03/03/2019 11:00,0.88681071,0.291480585
03/03/2019 12:00,0.8911962,0.292922025
03/03/2019 13:00,0.876032056,0.287937813
03/03/2019 14:00,0.852410304,0.280173718
03/03/2019 15:00,0.70518421,0.231782841
03/03/2019 16:00,0.512120025,0.168325712
03/03/2019 17:00,0.320690969,0.105406024
03/03/2019 18:00,0.254503589,0.083651284
03/03/2019 19:00,0.193153822,0.063486591
03/03/2019 20:00,0.165076827,0.054258129
03/03/2019 21:00,0.146878841,0.048276741
03/03/2019 22:00,0.133389661,0.043843061
03/03/2019 23:00,0.125411194,0.041220666
03/04/2019 00:00,0.1176459,0.038668337
03/04/2019 01:00,0.127001279,0.041743302
03/04/2019 02:00,0.149303018,0.049073529
03/04/2019 03:00,0.166802394,0.054825296
03/04/2019 04:00,0.185249312,0.060888504
03/04/2019 05:00,0.233989608,0.076908665
03/04/2019 06:00,0.294414978,0.096769524
03/04/2019 07:00,0.365331964,0.12007881
03/04/2019 08:00,0.454213529,0.149292767
03/04/2019 09:00,0.541166427,0.177872803
03/04/2019 10:00,0.579181725,0.190367827
03/04/2019 11:00,0.600965803,0.197527907
03/04/2019 12:00,0.579839887,0.190584154
03/04/2019 13:00,0.570081967,0.187376881
03/04/2019 14:00,0.604909066,0.198823995
03/04/2019 15:00,0.688682942,0.226359136
03/04/2019 16:00,0.725940247,0.23860502
03/04/2019 17:00,0.764868302,0.251400054
03/04/2019 18:00,0.711195844,0.233758769
03/04/2019 19:00,0.617815444,0.203066116
03/04/2019 20:00,0.520384467,0.171042103
03/04/2019 21:00,0.429286472,0.14109964
03/04/2019 22:00,0.363682065,0.119536514
03/04/2019 23:00,0.316400193,0.103995714
03/05/2019 00:00,0.316047966,0.103879943
03/05/2019 01:00,0.263031802,0.086454372
03/05/2019 02:00,0.194072874,0.063788669
03/05/2019 03:00,0.12374042,0.040671509
03/05/2019 04:00,0.079848189,0.026244831
03/05/2019 05:00,0.068007353,0.022352936
03/05/2019 06:00,0.049224265,0.016179234
03/05/2019 07:00,0.028536344,0.009379443
03/05/2019 08:00,0.014712113,0.004835638
03/05/2019 09:00,0.009587933,0.003151401
03/05/2019 10:00,0,0
03/05/2019 11:00,0,0
03/05/2019 12:00,0,0
03/05/2019 13:00,0,0
03/05/2019 14:00,0,0
03/05/2019 15:00,0,0
03/05/2019 16:00,0,0
03/05/2019 17:00,0.00820772,0.002697747
03/05/2019 18:00,0.017228089,0.005662599
03/05/2019 19:00,0.025968402,0.008535401
03/05/2019 20:00,0.035483959,0.011663013
03/05/2019 21:00,0.044485366,0.014621633
03/05/2019 22:00,0.073389027,0.024121807
03/05/2019 23:00,0.088862143,0.029207574
03/06/2019 00:00,0.13394546,0.044025744
03/06/2019 01:00,0.169908155,0.05584611
03/06/2019 02:00,0.230066936,0.075619345
03/06/2019 03:00,0.25709064,0.084501607
03/06/2019 04:00,0.234492298,0.077073891
03/06/2019 05:00,0.232822347,0.076525005
03/06/2019 06:00,0.26342706,0.086584287
03/06/2019 07:00,0.303683178,0.099815834
03/06/2019 08:00,0.361689627,0.118881631
03/06/2019 09:00,0.400225684,0.131547821
03/06/2019 10:00,0.326976068,0.107471836
03/06/2019 11:00,0.453663284,0.14911191
03/06/2019 12:00,0.592810576,0.194847414
03/06/2019 13:00,0.608416894,0.199976963
03/06/2019 14:00,0.702840068,0.231012359
03/06/2019 15:00,0.731203521,0.240334975
03/06/2019 16:00,0.698529042,0.229595393
03/06/2019 17:00,0.690142308,0.226838807
03/06/2019 18:00,0.695446061,0.228582066
03/06/2019 19:00,0.735067658,0.241605055
03/06/2019 20:00,0.742817446,0.244152288
03/06/2019 21:00,0.687639166,0.226016064
03/06/2019 22:00,0.640896562,0.210652513
03/06/2019 23:00,0.712454877,0.234172594
03/07/2019 00:00,0.721606966,0.23718074
03/07/2019 01:00,0.722678601,0.237532969
03/07/2019 02:00,0.712362093,0.234142097
03/07/2019 03:00,0.713909299,0.234650639
03/07/2019 04:00,0.73832212,0.242674745
03/07/2019 05:00,0.776981966,0.255381622
03/07/2019 06:00,0.804017023,0.264267616
03/07/2019 07:00,0.854991679,0.281022175
03/07/2019 08:00,0.876515584,0.288096741
03/07/2019 09:00,0.880248258,0.289323611
03/07/2019 10:00,0.89482222,0.294113841
03/07/2019 11:00,0.8831278,0.290270071
03/07/2019 12:00,0.870728582,0.286194645
03/07/2019 13:00,0.867556555,0.28515205
03/07/2019 14:00,0.858125064,0.282052069
03/07/2019 15:00,0.850601362,0.279579148
03/07/2019 16:00,0.846029361,0.278076403
03/07/2019 17:00,0.803573506,0.264121839
03/07/2019 18:00,0.770299223,0.253185111
03/07/2019 19:00,0.722335886,0.237420324
03/07/2019 20:00,0.579068119,0.190330486
03/07/2019 21:00,0.378876367,0.12453064
03/07/2019 22:00,0.277887814,0.091337308
03/07/2019 23:00,0.216941815,0.071305326
03/08/2019 00:00,0.178890037,0.058798312
03/08/2019 01:00,0.125468844,0.041239615
03/08/2019 02:00,0.095091328,0.031255008
03/08/2019 03:00,0.065632272,0.021572284
03/08/2019 04:00,0.041738949,0.013718929
03/08/2019 05:00,0.026451648,0.008694236
03/08/2019 06:00,0.011236871,0.003693381
03/08/2019 07:00,0.003698671,0.001215694
03/08/2019 08:00,0.020569077,0.006760729
03/08/2019 09:00,0.07262111,0.023869405
03/08/2019 10:00,0.187084558,0.061491721
03/08/2019 11:00,0.273629969,0.089937822
03/08/2019 12:00,0.257365971,0.084592104
03/08/2019 13:00,0.279525672,0.091875645
03/08/2019 14:00,0.420487679,0.138207616
03/08/2019 15:00,0.358350586,0.117784142
03/08/2019 16:00,0.25901936,0.085135547
03/08/2019 17:00,0.184578242,0.060667934
03/08/2019 18:00,0.166405997,0.054695006
03/08/2019 19:00,0.206064569,0.067730148
03/08/2019 20:00,0.26102834,0.085795866
03/08/2019 21:00,0.238376475,0.078350558
03/08/2019 22:00,0.229833728,0.075542693
03/08/2019 23:00,0.875896389,0.287893221
03/09/2019 00:00,0.91,0.299102536
03/09/2019 01:00,0.91,0.299102536
03/09/2019 02:00,0.91,0.299102536
03/09/2019 03:00,0.91,0.299102536
03/09/2019 04:00,0.91,0.299102536
03/09/2019 05:00,0.91,0.299102536
03/09/2019 06:00,0.91,0.299102536
03/09/2019 07:00,0.91,0.299102536
03/09/2019 08:00,0.91,0.299102536
03/09/2019 09:00,0.91,0.299102536
03/09/2019 10:00,0.91,0.299102536
03/09/2019 11:00,0.91,0.299102536
03/09/2019 12:00,0.91,0.299102536
03/09/2019 13:00,0.91,0.299102536
03/09/2019 14:00,0.91,0.299102536
03/09/2019 15:00,0.91,0.299102536
03/09/2019 16:00,0.909155892,0.298825091
03/09/2019 17:00,0.886507809,0.291381026
03/09/2019 18:00,0.832658008,0.273681452
03/09/2019 19:00,0.723241045,0.237717836
03/09/2019 20:00,0.65441016,0.215094218
03/09/2019 21:00,0.724648866,0.238180564
03/09/2019 22:00,0.65864721,0.216486869
03/09/2019 23:00,0.559314432,0.183837764
03/10/2019 00:00,0.437244953,0.143715466
03/10/2019 01:00,0.485695885,0.159640517
03/10/2019 02:00,0.424080334,0.139388465
03/10/2019 03:00,0.181302479,0.059591243
03/10/2019 04:00,0.078893925,0.025931179
03/10/2019 05:00,0.072918683,0.023967212
03/10/2019 06:00,0.06302403,0.020714997
03/10/2019 07:00,0.054029761,0.017758724
03/10/2019 08:00,0.04109592,0.013507576
03/10/2019 09:00,0.014870397,0.004887663
03/10/2019 10:00,0.02089402,0.006867532
03/10/2019 11:00,0.035699173,0.011733751
03/10/2019 12:00,0.082610218,0.027152666
03/10/2019 13:00,0.131309539,0.043159358
03/10/2019 14:00,0.107302676,0.035268684
03/10/2019 15:00,0.044203838,0.014529099
03/10/2019 16:00,0.007964138,0.002617686
03/10/2019 17:00,0.025952016,0.008530015
03/10/2019 18:00,0.149005264,0.048975662
03/10/2019 19:00,0.255914322,0.08411497
03/10/2019 20:00,0.276549124,0.090897301
03/10/2019 21:00,0.321520328,0.105678621
03/10/2019 22:00,0.285805179,0.093939619
03/10/2019 23:00,0.310211434,0.101961568
03/11/2019 00:00,0.275399127,0.090519316
03/11/2019 01:00,0.307522703,0.101077824
03/11/2019 02:00,0.4607755,0.151449583
03/11/2019 03:00,0.520839522,0.171191672
03/11/2019 04:00,0.448609163,0.147450701
03/11/2019 05:00,0.513558534,0.168798527
03/11/2019 06:00,0.640393151,0.21048705
03/11/2019 07:00,0.727412887,0.239089054
03/11/2019 08:00,0.736034667,0.241922896
03/11/2019 09:00,0.788549016,0.259183528
03/11/2019 10:00,0.830151474,0.272857595
03/11/2019 11:00,0.819079065,0.26921827
03/11/2019 12:00,0.813886421,0.26751153
03/11/2019 13:00,0.755414357,0.248292692
03/11/2019 14:00,0.556010625,0.182751855
03/11/2019 15:00,0.430570203,0.141521582
03/11/2019 16:00,0.353358313,0.116143261
03/11/2019 17:00,0.226670965,0.074503143
03/11/2019 18:00,0.254969112,0.083804294
03/11/2019 19:00,0.486448526,0.159887898
03/11/2019 20:00,0.731819014,0.240537278
03/11/2019 21:00,0.867052089,0.28498624
03/11/2019 22:00,0.907053395,0.298134034
03/11/2019 23:00,0.91,0.299102536
03/12/2019 00:00,0.91,0.299102536
03/12/2019 01:00,0.91,0.299102536
03/12/2019 02:00,0.870593476,0.286150238
03/12/2019 03:00,0.745148042,0.244918317
03/12/2019 04:00,0.636514786,0.209212293
03/12/2019 05:00,0.570959088,0.187665177
03/12/2019 06:00,0.590447246,0.194070625
03/12/2019 07:00,0.630487801,0.207231319
03/12/2019 08:00,0.714075005,0.234705104
03/12/2019 09:00,0.751081221,0.246868459
03/12/2019 10:00,0.679429698,0.223317742
03/12/2019 11:00,0.648078138,0.213012983
03/12/2019 12:00,0.735376861,0.241706685
03/12/2019 13:00,0.744115726,0.244579012
03/12/2019 14:00,0.795649438,0.261517324
03/12/2019 15:00,0.838014819,0.275442151
03/12/2019 16:00,0.861049032,0.28301313
03/12/2019 17:00,0.8910788,0.292883438
03/12/2019 18:00,0.86762383,0.285174162
03/12/2019 19:00,0.724416117,0.238104063
03/12/2019 20:00,0.411657355,0.135305229
03/12/2019 21:00,0.200574933,0.065925792
03/12/2019 22:00,0.077335726,0.025419024
03/12/2019 23:00,0.036220609,0.011905138
3/13/2019 0:00,0.065820293,0.021634084
3/13/2019 1:00,0.244782895,0.080456247
3/13/2019 2:00,0.533916042,0.175489716
3/13/2019 3:00,0.718814701,0.236262967
3/13/2019 4:00,0.798365908,0.262410184
3/13/2019 5:00,0.851724463,0.279948293
3/13/2019 6:00,0.872260742,0.286698242
3/13/2019 7:00,0.833289299,0.273888948
3/13/2019 8:00,0.723919235,0.237940746
3/13/2019 9:00,0.662983015,0.217911979
3/13/2019 10:00,0.603994152,0.198523277
3/13/2019 11:00,0.608148284,0.199888675
3/13/2019 12:00,0.640093593,0.21038859
3/13/2019 13:00,0.67577001,0.222114861
3/13/2019 14:00,0.712433485,0.234165563
3/13/2019 15:00,0.751841889,0.247118479
3/13/2019 16:00,0.734602764,0.241452252
3/13/2019 17:00,0.683381629,0.224616679
3/13/2019 18:00,0.615167154,0.202195666
3/13/2019 19:00,0.549454604,0.180596995
3/13/2019 20:00,0.421917587,0.138677604
3/13/2019 21:00,0.224198371,0.073690441
3/13/2019 22:00,0.106055043,0.034858607
3/13/2019 23:00,0.165877254,0.054521217
3/14/2019 0:00,0.214919565,0.070640645
3/14/2019 1:00,0.19426306,0.06385118
3/14/2019 2:00,0.641720346,0.210923278
3/14/2019 3:00,0.796261566,0.26171852
3/14/2019 4:00,0.699643002,0.229961534
3/14/2019 5:00,0.666211117,0.218973005
3/14/2019 6:00,0.621446555,0.204259605
3/14/2019 7:00,0.647266234,0.212746123
3/14/2019 8:00,0.549727005,0.180686529
3/14/2019 9:00,0.58027572,0.190727406
3/14/2019 10:00,0.798359022,0.262407921
3/14/2019 11:00,0.741453256,0.2437039
3/14/2019 12:00,0.695935255,0.228742856
3/14/2019 13:00,0.636733559,0.2092842
3/14/2019 14:00,0.63095463,0.207384758
3/14/2019 15:00,0.625240711,0.205506684
3/14/2019 16:00,0.614247981,0.201893548
3/14/2019 17:00,0.62743263,0.206227133
3/14/2019 18:00,0.634983084,0.208708847
3/14/2019 19:00,0.667782491,0.21948949
3/14/2019 20:00,0.675134343,0.221905927
3/14/2019 21:00,0.75386395,0.247783098
3/14/2019 22:00,0.780713763,0.256608205
3/14/2019 23:00,0.791349928,0.260104143
3/15/2019 0:00,0.795098248,0.261336156
3/15/2019 1:00,0.699152052,0.229800167
3/15/2019 2:00,0.549432796,0.180589827
3/15/2019 3:00,0.383604507,0.126084704
3/15/2019 4:00,0.271409574,0.089208013
3/15/2019 5:00,0.277043126,0.091059672
3/15/2019 6:00,0.344389702,0.113195421
3/15/2019 7:00,0.488656124,0.160613501
3/15/2019 8:00,0.668545404,0.219740248
3/15/2019 9:00,0.760077177,0.249825287
3/15/2019 10:00,0.873409827,0.287075927
3/15/2019 11:00,0.874125155,0.287311044
3/15/2019 12:00,0.860328351,0.282776254
3/15/2019 13:00,0.871122716,0.28632419
3/15/2019 14:00,0.87631316,0.288030207
3/15/2019 15:00,0.901622686,0.296349046
3/15/2019 16:00,0.904897262,0.297425347
3/15/2019 17:00,0.906990651,0.29811341
3/15/2019 18:00,0.906990743,0.298113441
3/15/2019 19:00,0.900336062,0.295926153
3/15/2019 20:00,0.89596548,0.294489612
3/15/2019 21:00,0.888791054,0.292131492
3/15/2019 22:00,0.862104988,0.283360206
3/15/2019 23:00,0.838069694,0.275460187
3/16/2019 0:00,0.811561827,0.266747473
3/16/2019 1:00,0.770076383,0.253111867
3/16/2019 2:00,0.72410824,0.238002869
3/16/2019 3:00,0.638346657,0.2098144
3/16/2019 4:00,0.529771724,0.174127545
3/16/2019 5:00,0.371170053,0.121997697
3/16/2019 6:00,0.232531645,0.076429456
3/16/2019 7:00,0.132545415,0.043565571
3/16/2019 8:00,0.086625233,0.028472337
3/16/2019 9:00,0.055639811,0.018287921
3/16/2019 10:00,0.0374687,0.012315366
3/16/2019 11:00,0.012179257,0.004003128
3/16/2019 12:00,0,0
3/16/2019 13:00,0,0
3/16/2019 14:00,0,0
3/16/2019 15:00,0,0
3/16/2019 16:00,0.014528472,0.004775278
3/16/2019 17:00,0.035322641,0.01160999
3/16/2019 18:00,0.056803737,0.018670485
3/16/2019 19:00,0.090391963,0.029710401
3/16/2019 20:00,0.138643468,0.045569904
3/16/2019 21:00,0.172024434,0.056541697
3/16/2019 22:00,0.136669728,0.044921167
3/16/2019 23:00,0.176922905,0.058151747
3/17/2019 0:00,0.241115377,0.079250792
3/17/2019 1:00,0.285519572,0.093845745
3/17/2019 2:00,0.295480738,0.097119822
3/17/2019 3:00,0.297149774,0.097668408
3/17/2019 4:00,0.396834674,0.13043325
3/17/2019 5:00,0.41662095,0.136936684
3/17/2019 6:00,0.365703166,0.120200818
3/17/2019 7:00,0.373433014,0.122741496
3/17/2019 8:00,0.517400584,0.170061348
3/17/2019 9:00,0.719599642,0.236520964
3/17/2019 10:00,0.872712224,0.286846637
3/17/2019 11:00,0.878420386,0.288722819
3/17/2019 12:00,0.884897476,0.290851735
3/17/2019 13:00,0.892107998,0.293221719
3/17/2019 14:00,0.887590384,0.291736851
3/17/2019 15:00,0.862835443,0.283600296
3/17/2019 16:00,0.832695256,0.273693695
3/17/2019 17:00,0.79093028,0.259966211
3/17/2019 18:00,0.746704556,0.245429919
3/17/2019 19:00,0.717227095,0.235741146
3/17/2019 20:00,0.670717313,0.22045412
3/17/2019 21:00,0.570330686,0.187458631
3/17/2019 22:00,0.549146877,0.18049585
3/17/2019 23:00,0.430060775,0.141354141
3/18/2019 0:00,0.328824264,0.108079309
3/18/2019 1:00,0.243631083,0.080077665
3/18/2019 2:00,0.170080378,0.055902717
3/18/2019 3:00,0.105628284,0.034718338
3/18/2019 4:00,0.052006122,0.017093586
3/18/2019 5:00,0.028045826,0.009218217
3/18/2019 6:00,0.001517974,0.000498934
3/18/2019 7:00,0,0
3/18/2019 8:00,0,0
3/18/2019 9:00,0,0
3/18/2019 10:00,0,0
3/18/2019 11:00,0,0
3/18/2019 12:00,0,0
3/18/2019 13:00,0,0
3/18/2019 14:00,0,0
3/18/2019 15:00,0,0
3/18/2019 16:00,0,0
3/18/2019 17:00,0.020720832,0.006810608
3/18/2019 18:00,0.057360327,0.018853428
3/18/2019 19:00,0.101941131,0.03350643
3/18/2019 20:00,0.14646536,0.048140836
3/18/2019 21:00,0.162560304,0.053430988
3/18/2019 22:00,0.202731204,0.066634524
3/18/2019 23:00,0.18499522,0.060804988
3/19/2019 0:00,0.17636078,0.057966985
3/19/2019 1:00,0.183677949,0.060372022
3/19/2019 2:00,0.189304472,0.062221371
3/19/2019 3:00,0.192514851,0.063276571
3/19/2019 4:00,0.237515898,0.0780677
3/19/2019 5:00,0.269279484,0.088507886
3/19/2019 6:00,0.276032638,0.090727541
3/19/2019 7:00,0.266130596,0.087472897
3/19/2019 8:00,0.277585898,0.091238072
3/19/2019 9:00,0.309755077,0.10181157
3/19/2019 10:00,0.364144511,0.119688513
3/19/2019 11:00,0.386671147,0.12709266
3/19/2019 12:00,0.524381203,0.172355766
3/19/2019 13:00,0.713809621,0.234617876
3/19/2019 14:00,0.784464941,0.257841157
3/19/2019 15:00,0.7588897,0.249434982
3/19/2019 16:00,0.822403788,0.270311053
3/19/2019 17:00,0.818861698,0.269146825
3/19/2019 18:00,0.804719888,0.264498636
3/19/2019 19:00,0.78782602,0.25894589
3/19/2019 20:00,0.750102396,0.246546735
3/19/2019 21:00,0.747852938,0.245807374
3/19/2019 22:00,0.698945076,0.229732137
3/19/2019 23:00,0.715608654,0.23520919
3/20/2019 0:00,0.720773035,0.23690664
3/20/2019 1:00,0.740783456,0.243483747
3/20/2019 2:00,0.713191632,0.234414753
3/20/2019 3:00,0.659736895,0.216845031
3/20/2019 4:00,0.649980256,0.213638179
3/20/2019 5:00,0.636983122,0.209366228
3/20/2019 6:00,0.551170878,0.181161107
3/20/2019 7:00,0.426464067,0.14017196
3/20/2019 8:00,0.374882797,0.123218017
3/20/2019 9:00,0.344541551,0.113245331
3/20/2019 10:00,0.383778483,0.126141887
3/20/2019 11:00,0.31662834,0.104070703
3/20/2019 12:00,0.319775796,0.105105221
3/20/2019 13:00,0.280783439,0.092289053
3/20/2019 14:00,0.335843042,0.11038627
3/20/2019 15:00,0.544138786,0.17884977
3/20/2019 16:00,0.801833739,0.263550005
3/20/2019 17:00,0.875674253,0.287820208
3/20/2019 18:00,0.887182355,0.291602738
3/20/2019 19:00,0.890172191,0.29258545
3/20/2019 20:00,0.882008633,0.289902218
3/20/2019 21:00,0.876299342,0.288025665
3/20/2019 22:00,0.845949086,0.278050018
3/20/2019 23:00,0.81252706,0.26706473
3/21/2019 0:00,0.802674292,0.263826281
3/21/2019 1:00,0.747365643,0.245647208
3/21/2019 2:00,0.476105529,0.15648832
3/21/2019 3:00,0.243132026,0.079913632
3/21/2019 4:00,0.150548058,0.049482754
3/21/2019 5:00,0.17017308,0.055933187
3/21/2019 6:00,0.261531352,0.085961199
3/21/2019 7:00,0.278790082,0.091633869
3/21/2019 8:00,0.226620636,0.074486601
3/21/2019 9:00,0.13491189,0.044343394
3/21/2019 10:00,0.083205467,0.027348314
3/21/2019 11:00,0.085871225,0.028224507
3/21/2019 12:00,0.106549951,0.035021275
3/21/2019 13:00,0.082549133,0.027132588
3/21/2019 14:00,0.074305332,0.024422982
3/21/2019 15:00,0.049472808,0.016260926
3/21/2019 16:00,0,0
3/21/2019 17:00,0,0
3/21/2019 18:00,0.047192337,0.015511371
3/21/2019 19:00,0.147927877,0.048621542
3/21/2019 20:00,0.512165266,0.168340582
3/21/2019 21:00,0.752500278,0.247334881
3/21/2019 22:00,0.742184856,0.243944365
3/21/2019 23:00,0.669488622,0.220050269
3/22/2019 0:00,0.656921797,0.215919753
3/22/2019 1:00,0.667142505,0.219279137
3/22/2019 2:00,0.639483135,0.210187942
3/22/2019 3:00,0.63276258,0.207979003
3/22/2019 4:00,0.706533915,0.232226468
3/22/2019 5:00,0.781111168,0.256738825
3/22/2019 6:00,0.811328607,0.266670817
3/22/2019 7:00,0.847640596,0.278605991
3/22/2019 8:00,0.873968333,0.2872595
3/22/2019 9:00,0.882172803,0.289956178
3/22/2019 10:00,0.845601668,0.277935828
3/22/2019 11:00,0.828441231,0.272295465
3/22/2019 12:00,0.827336508,0.27193236
3/22/2019 13:00,0.823549191,0.270687529
3/22/2019 14:00,0.856107569,0.28138895
3/22/2019 15:00,0.889719283,0.292436586
3/22/2019 16:00,0.905484864,0.297618482
3/22/2019 17:00,0.909200002,0.298839589
3/22/2019 18:00,0.91,0.299102536
3/22/2019 19:00,0.91,0.299102536
3/22/2019 20:00,0.91,0.299102536
3/22/2019 21:00,0.91,0.299102536
3/22/2019 22:00,0.91,0.299102536
3/22/2019 23:00,0.91,0.299102536
3/23/2019 0:00,0.91,0.299102536
3/23/2019 1:00,0.91,0.299102536
3/23/2019 2:00,0.91,0.299102536
3/23/2019 3:00,0.91,0.299102536
3/23/2019 4:00,0.91,0.299102536
3/23/2019 5:00,0.91,0.299102536
3/23/2019 6:00,0.91,0.299102536
3/23/2019 7:00,0.91,0.299102536
3/23/2019 8:00,0.91,0.299102536
3/23/2019 9:00,0.91,0.299102536
3/23/2019 10:00,0.91,0.299102536
3/23/2019 11:00,0.91,0.299102536
3/23/2019 12:00,0.91,0.299102536
3/23/2019 13:00,0.90829706,0.298542807
3/23/2019 14:00,0.903075177,0.296826456
3/23/2019 15:00,0.874405481,0.287403183
3/23/2019 16:00,0.850677246,0.27960409
3/23/2019 17:00,0.813192632,0.267283493
3/23/2019 18:00,0.764479263,0.251272182
3/23/2019 19:00,0.768420339,0.252567552
3/23/2019 20:00,0.774292852,0.254497753
3/23/2019 21:00,0.740827364,0.243498179
3/23/2019 22:00,0.680370242,0.223626884
3/23/2019 23:00,0.718431468,0.236137004
3/24/2019 0:00,0.724735536,0.238209051
3/24/2019 1:00,0.749414504,0.246320636
3/24/2019 2:00,0.733260389,0.241011035
3/24/2019 3:00,0.755562752,0.248341467
3/24/2019 4:00,0.828259937,0.272235876
3/24/2019 5:00,0.861370631,0.283118835
3/24/2019 6:00,0.872544972,0.286791663
3/24/2019 7:00,0.878529909,0.288758817
3/24/2019 8:00,0.898660407,0.295375392
3/24/2019 9:00,0.902025859,0.296481562
3/24/2019 10:00,0.895105547,0.294206966
3/24/2019 11:00,0.90414563,0.297178297
3/24/2019 12:00,0.903442781,0.296947282
3/24/2019 13:00,0.903133271,0.296845551
3/24/2019 14:00,0.905268975,0.297547523
3/24/2019 15:00,0.90695126,0.298100463
3/24/2019 16:00,0.91,0.299102536
3/24/2019 17:00,0.91,0.299102536
3/24/2019 18:00,0.91,0.299102536
3/24/2019 19:00,0.91,0.299102536
3/24/2019 20:00,0.91,0.299102536
3/24/2019 21:00,0.908650793,0.298659073
3/24/2019 22:00,0.886212516,0.291283968
3/24/2019 23:00,0.870594584,0.286150602
3/25/2019 0:00,0.868703254,0.285528952
3/25/2019 1:00,0.838440088,0.27558193
3/25/2019 2:00,0.798341569,0.262402184
3/25/2019 3:00,0.766761744,0.252022398
3/25/2019 4:00,0.737576341,0.24242962
3/25/2019 5:00,0.730619633,0.24014306
3/25/2019 6:00,0.665452019,0.218723501
3/25/2019 7:00,0.515594827,0.169467824
3/25/2019 8:00,0.409431073,0.134573486
3/25/2019 9:00,0.34336266,0.112857849
3/25/2019 10:00,0.319865088,0.10513457
3/25/2019 11:00,0.304885046,0.100210869
3/25/2019 12:00,0.397867575,0.130772748
3/25/2019 13:00,0.430754243,0.141582073
3/25/2019 14:00,0.423148649,0.139082235
3/25/2019 15:00,0.453812752,0.149161038
3/25/2019 16:00,0.331995191,0.109121542
3/25/2019 17:00,0.341395821,0.11221138
3/25/2019 18:00,0.390318378,0.128291447
3/25/2019 19:00,0.38243861,0.125701492
3/25/2019 20:00,0.388633282,0.127737583
3/25/2019 21:00,0.448119767,0.147289845
3/25/2019 22:00,0.375560743,0.123440847
3/25/2019 23:00,0.406415167,0.133582206
3/26/2019 0:00,0.466544516,0.153345767
3/26/2019 1:00,0.545774066,0.179387261
3/26/2019 2:00,0.625029316,0.205437201
3/26/2019 3:00,0.717205578,0.235734074
3/26/2019 4:00,0.76331928,0.250890915
3/26/2019 5:00,0.79137789,0.260113334
3/26/2019 6:00,0.815343879,0.267990573
3/26/2019 7:00,0.816246412,0.268287222
3/26/2019 8:00,0.810563289,0.266419269
3/26/2019 9:00,0.816475185,0.268362415
3/26/2019 10:00,0.820470229,0.269675523
3/26/2019 11:00,0.876461388,0.288078927
3/26/2019 12:00,0.871751241,0.286530777
3/26/2019 13:00,0.889923143,0.292503592
3/26/2019 14:00,0.886296284,0.291311501
3/26/2019 15:00,0.898353734,0.295274593
3/26/2019 16:00,0.895682007,0.294396439
3/26/2019 17:00,0.883729744,0.29046792
3/26/2019 18:00,0.866240296,0.284719417
3/26/2019 19:00,0.85411697,0.280734672
3/26/2019 20:00,0.842003562,0.276753187
3/26/2019 21:00,0.828702486,0.272381335
3/26/2019 22:00,0.85068842,0.279607762
3/26/2019 23:00,0.836781495,0.275036777
3/27/2019 0:00,0.810264186,0.266320959
3/27/2019 1:00,0.78841778,0.259140392
3/27/2019 2:00,0.77756215,0.255572319
3/27/2019 3:00,0.777671175,0.255608154
3/27/2019 4:00,0.782980155,0.257353132
3/27/2019 5:00,0.801260587,0.263361619
3/27/2019 6:00,0.816106646,0.268241283
3/27/2019 7:00,0.817512562,0.268703385
3/27/2019 8:00,0.801764352,0.263527199
3/27/2019 9:00,0.780177164,0.256431833
3/27/2019 10:00,0.730612912,0.240140851
3/27/2019 11:00,0.747683768,0.24575177
3/27/2019 12:00,0.813243073,0.267300072
3/27/2019 13:00,0.812161443,0.266944557
3/27/2019 14:00,0.821464032,0.27000217
3/27/2019 15:00,0.810552799,0.266415822
3/27/2019 16:00,0.808983897,0.265900148
3/27/2019 17:00,0.797412285,0.262096743
3/27/2019 18:00,0.793501939,0.260811475
3/27/2019 19:00,0.767785422,0.252358865
3/27/2019 20:00,0.766061751,0.251792321
3/27/2019 21:00,0.766873844,0.252059243
3/27/2019 22:00,0.767142755,0.25214763
3/27/2019 23:00,0.768857401,0.252711207
3/28/2019 0:00,0.791244212,0.260069396
3/28/2019 1:00,0.784568101,0.257875064
3/28/2019 2:00,0.781246351,0.256783258
3/28/2019 3:00,0.774782264,0.254658615
3/28/2019 4:00,0.776140198,0.255104946
3/28/2019 5:00,0.792787122,0.260576526
3/28/2019 6:00,0.803904136,0.264230512
3/28/2019 7:00,0.805506383,0.264757145
3/28/2019 8:00,0.812800797,0.267154702
3/28/2019 9:00,0.800398011,0.263078104
3/28/2019 10:00,0.837309075,0.275210184
3/28/2019 11:00,0.83537207,0.274573521
3/28/2019 12:00,0.831824446,0.273407474
3/28/2019 13:00,0.823077282,0.27053242
3/28/2019 14:00,0.806546625,0.265099056
3/28/2019 15:00,0.7976233,0.262166101
3/28/2019 16:00,0.800555,0.263129704
3/28/2019 17:00,0.823152662,0.270557196
3/28/2019 18:00,0.846110885,0.278103199
3/28/2019 19:00,0.853329773,0.280475933
3/28/2019 20:00,0.861617771,0.283200066
3/28/2019 21:00,0.869297727,0.285724345
3/28/2019 22:00,0.856592538,0.281548352
3/28/2019 23:00,0.863333644,0.283764046
3/29/2019 0:00,0.870613714,0.28615689
3/29/2019 1:00,0.87831087,0.288686822
3/29/2019 2:00,0.879741398,0.289157014
3/29/2019 3:00,0.879464088,0.289065867
3/29/2019 4:00,0.873006349,0.286943311
3/29/2019 5:00,0.873493401,0.287103397
3/29/2019 6:00,0.876328339,0.288035196
3/29/2019 7:00,0.87796177,0.288572079
3/29/2019 8:00,0.876381768,0.288052757
3/29/2019 9:00,0.858875479,0.282298718
3/29/2019 10:00,0.841654165,0.276638346
3/29/2019 11:00,0.827739114,0.27206469
3/29/2019 12:00,0.713207544,0.234419983
3/29/2019 13:00,0.481671697,0.158317831
3/29/2019 14:00,0.321694777,0.10573596
3/29/2019 15:00,0.202299774,0.06649272
3/29/2019 16:00,0.158885469,0.052223128
3/29/2019 17:00,0.13520914,0.044441095
3/29/2019 18:00,0.122317073,0.040203678
3/29/2019 19:00,0.113186255,0.037202523
3/29/2019 20:00,0.129413393,0.042536125
3/29/2019 21:00,0.163485547,0.053735101
3/29/2019 22:00,0.183312345,0.060251854
3/29/2019 23:00,0.229248869,0.075350459
3/30/2019 0:00,0.258041398,0.084814106
3/30/2019 1:00,0.275875692,0.090675955
3/30/2019 2:00,0.338370448,0.111216988
3/30/2019 3:00,0.38508668,0.126571871
3/30/2019 4:00,0.446690268,0.146819991
3/30/2019 5:00,0.478344839,0.157224345
3/30/2019 6:00,0.526920085,0.173190257
3/30/2019 7:00,0.582107886,0.19132961
3/30/2019 8:00,0.632584539,0.207920483
3/30/2019 9:00,0.735043106,0.241596986
3/30/2019 10:00,0.840323779,0.276201069
3/30/2019 11:00,0.859549629,0.282520301
3/30/2019 12:00,0.877083651,0.288283455
3/30/2019 13:00,0.889965635,0.292517558
3/30/2019 14:00,0.890735805,0.292770701
3/30/2019 15:00,0.870994132,0.286281927
3/30/2019 16:00,0.833266987,0.273881614
3/30/2019 17:00,0.728467385,0.239435651
3/30/2019 18:00,0.505002829,0.165986403
3/30/2019 19:00,0.311374324,0.102343791
3/30/2019 20:00,0.207454879,0.068187121
3/30/2019 21:00,0.138958678,0.045673509
3/30/2019 22:00,0.09836515,0.032331061
3/30/2019 23:00,0.062081362,0.020405157
3/31/2019 0:00,0.03645833,0.011983274
3/31/2019 1:00,0.026980444,0.008868043
3/31/2019 2:00,0.027658734,0.009090986
3/31/2019 3:00,0.018660594,0.006133441
3/31/2019 4:00,0.010202911,0.003353535
3/31/2019 5:00,0.005555436,0.001825983
3/31/2019 6:00,0.001304779,0.00042886
3/31/2019 7:00,0,0
3/31/2019 8:00,0.001232093,0.000404969
3/31/2019 9:00,0.017893186,0.005881206
3/31/2019 10:00,0.064796634,0.021297624
3/31/2019 11:00,0.080870743,0.026580928
3/31/2019 12:00,0.094458444,0.031046989
3/31/2019 13:00,0.092968476,0.03055726
3/31/2019 14:00,0.083593482,0.027475849
3/31/2019 15:00,0.080837363,0.026569956
3/31/2019 16:00,0.071553779,0.02351859
3/31/2019 17:00,0.054532943,0.017924112
3/31/2019 18:00,0.047444689,0.015594315
3/31/2019 19:00,0.060391724,0.0198498
3/31/2019 20:00,0.091005876,0.029912185
3/31/2019 21:00,0.110191201,0.036218096
3/31/2019 22:00,0.124718261,0.04099291
3/31/2019 23:00,0.106369376,0.034961923
04/01/2019 00:00,0.084118864,0.027648533
04/01/2019 01:00,0.080254296,0.026378312
04/01/2019 02:00,0.095138777,0.031270604
04/01/2019 03:00,0.118420183,0.038922832
04/01/2019 04:00,0.149828809,0.049246348
04/01/2019 05:00,0.206805929,0.067973822
04/01/2019 06:00,0.280189123,0.092093711
04/01/2019 07:00,0.33330746,0.109552864
04/01/2019 08:00,0.350527603,0.115212851
04/01/2019 09:00,0.37106879,0.121964413
04/01/2019 10:00,0.378852618,0.124522834
04/01/2019 11:00,0.376331129,0.123694061
04/01/2019 12:00,0.427945485,0.140658879
04/01/2019 13:00,0.45362611,0.149099692
04/01/2019 14:00,0.421146,0.138423996
04/01/2019 15:00,0.374018306,0.122933872
04/01/2019 16:00,0.341996579,0.11240884
04/01/2019 17:00,0.375037148,0.123268749
04/01/2019 18:00,0.426728665,0.14025893
04/01/2019 19:00,0.473398855,0.155598679
04/01/2019 20:00,0.514037482,0.16895595
04/01/2019 21:00,0.505195522,0.166049738
04/01/2019 22:00,0.359218239,0.118069326
04/01/2019 23:00,0.282992237,0.09301505
04/02/2019 00:00,0.162820332,0.053516455
04/02/2019 01:00,0.103969268,0.034173046
04/02/2019 02:00,0.083670083,0.027501027
04/02/2019 03:00,0.090886653,0.029872998
04/02/2019 04:00,0.103599045,0.034051359
04/02/2019 05:00,0.070091426,0.023037937
04/02/2019 06:00,0.037730536,0.012401427
04/02/2019 07:00,0.016489796,0.005419934
04/02/2019 08:00,0.001835211,0.000603205
04/02/2019 09:00,0,0
04/02/2019 10:00,0,0
04/02/2019 11:00,0.010982142,0.003609655
04/02/2019 12:00,0.035437991,0.011647904
04/02/2019 13:00,0.073188317,0.024055836
04/02/2019 14:00,0.130882903,0.04301913
04/02/2019 15:00,0.233041276,0.076596963
04/02/2019 16:00,0.426727357,0.1402585
04/02/2019 17:00,0.563636437,0.185258338
04/02/2019 18:00,0.709889476,0.233329387
04/02/2019 19:00,0.823560102,0.270691115
04/02/2019 20:00,0.878293829,0.288681221
04/02/2019 21:00,0.904400557,0.297262088
04/02/2019 22:00,0.90875089,0.298691973
04/02/2019 23:00,0.909548565,0.298954156
04/03/2019 00:00,0.909724821,0.299012089
04/03/2019 01:00,0.91,0.299102536
04/03/2019 02:00,0.91,0.299102536
04/03/2019 03:00,0.91,0.299102536
04/03/2019 04:00,0.91,0.299102536
04/03/2019 05:00,0.91,0.299102536
04/03/2019 06:00,0.91,0.299102536
04/03/2019 07:00,0.91,0.299102536
04/03/2019 08:00,0.91,0.299102536
04/03/2019 09:00,0.91,0.299102536
04/03/2019 10:00,0.908391492,0.298573845
04/03/2019 11:00,0.907087371,0.298145201
04/03/2019 12:00,0.905269958,0.297547846
04/03/2019 13:00,0.909650911,0.298987796
04/03/2019 14:00,0.90805906,0.298464579
04/03/2019 15:00,0.835509352,0.274618644
04/03/2019 16:00,0.495482829,0.16285733
04/03/2019 17:00,0.284921304,0.093649104
04/03/2019 18:00,0.166495699,0.05472449
04/03/2019 19:00,0.095870577,0.031511135
04/03/2019 20:00,0.054969764,0.018067688
04/03/2019 21:00,0.048588685,0.015970329
04/03/2019 22:00,0.059808127,0.019657981
04/03/2019 23:00,0.07607038,0.025003125
04/04/2019 00:00,0.193540444,0.063613668
04/04/2019 01:00,0.36118759,0.11871662
04/04/2019 02:00,0.575025811,0.189001844
04/04/2019 03:00,0.640255159,0.210441694
04/04/2019 04:00,0.655791419,0.215548216
04/04/2019 05:00,0.649586531,0.213508768
04/04/2019 06:00,0.663352782,0.218033515
04/04/2019 07:00,0.766086865,0.251800576
04/04/2019 08:00,0.807594845,0.265443589
04/04/2019 09:00,0.823511506,0.270675142
04/04/2019 10:00,0.825802636,0.2714282
04/04/2019 11:00,0.736543538,0.242090154
04/04/2019 12:00,0.717793371,0.235927272
04/04/2019 13:00,0.731072743,0.24029199
04/04/2019 14:00,0.561866347,0.184676537
04/04/2019 15:00,0.457335449,0.150318893
04/04/2019 16:00,0.400554118,0.131655772
04/04/2019 17:00,0.288283476,0.094754196
04/04/2019 18:00,0.188439349,0.061937019
04/04/2019 19:00,0.195121845,0.064133449
04/04/2019 20:00,0.189285319,0.062215076
04/04/2019 21:00,0.146823235,0.048258464
04/04/2019 22:00,0.110278486,0.036246785
04/04/2019 23:00,0.136613032,0.044902532
04/05/2019 00:00,0.146618966,0.048191324
04/05/2019 01:00,0.1744791,0.057348507
04/05/2019 02:00,0.201198372,0.066130707
04/05/2019 03:00,0.226769247,0.074535447
04/05/2019 04:00,0.257576451,0.084661285
04/05/2019 05:00,0.266515241,0.087599323
04/05/2019 06:00,0.24317661,0.079928286
04/05/2019 07:00,0.219953986,0.072295379
04/05/2019 08:00,0.19940034,0.065539722
04/05/2019 09:00,0.183474716,0.060305223
04/05/2019 10:00,0.175120153,0.057559211
04/05/2019 11:00,0.122189425,0.040161722
04/05/2019 12:00,0.077614913,0.025510788
04/05/2019 13:00,0.057848391,0.019013847
04/05/2019 14:00,0.066588901,0.021886713
04/05/2019 15:00,0.060375986,0.019844627
04/05/2019 16:00,0.057999276,0.01906344
04/05/2019 17:00,0.044817051,0.014730652
04/05/2019 18:00,0.029185721,0.009592883
04/05/2019 19:00,0.00828831,0.002724236
04/05/2019 20:00,0,0
04/05/2019 21:00,0,0
04/05/2019 22:00,0,0
04/05/2019 23:00,0,0
04/06/2019 00:00,0,0
04/06/2019 01:00,0,0
04/06/2019 02:00,0,0
04/06/2019 03:00,0.016951155,0.005571575
04/06/2019 04:00,0.034644577,0.011387122
04/06/2019 05:00,0.049830878,0.016378617
04/06/2019 06:00,0.06918934,0.022741436
04/06/2019 07:00,0.078865684,0.025921897
04/06/2019 08:00,0.110173358,0.036212232
04/06/2019 09:00,0.175624,0.057724817
04/06/2019 10:00,0.198226233,0.065153812
04/06/2019 11:00,0.208186005,0.068427431
04/06/2019 12:00,0.274353974,0.090175791
04/06/2019 13:00,0.327214606,0.10755024
04/06/2019 14:00,0.361596907,0.118851156
04/06/2019 15:00,0.431729282,0.141902553
04/06/2019 16:00,0.482710468,0.158659258
04/06/2019 17:00,0.456837864,0.150155345
04/06/2019 18:00,0.422679352,0.138927985
04/06/2019 19:00,0.436379841,0.143431118
04/06/2019 20:00,0.433490595,0.142481468
04/06/2019 21:00,0.421828835,0.138648433
04/06/2019 22:00,0.464585273,0.152701795
04/06/2019 23:00,0.427631184,0.140555573
04/07/2019 00:00,0.422721109,0.138941709
04/07/2019 01:00,0.434646066,0.142861253
04/07/2019 02:00,0.442359842,0.145396649
04/07/2019 03:00,0.457953886,0.150522163
04/07/2019 04:00,0.441382544,0.145075426
04/07/2019 05:00,0.428013162,0.140681123
04/07/2019 06:00,0.438850353,0.144243136
04/07/2019 07:00,0.42611927,0.140058631
04/07/2019 08:00,0.430211036,0.141403529
04/07/2019 09:00,0.405980263,0.13343926
04/07/2019 10:00,0.421704542,0.13860758
04/07/2019 11:00,0.392712259,0.129078277
04/07/2019 12:00,0.373879103,0.122888118
04/07/2019 13:00,0.399240752,0.131224089
04/07/2019 14:00,0.41121857,0.135161008
04/07/2019 15:00,0.448176072,0.147308351
04/07/2019 16:00,0.432347921,0.14210589
04/07/2019 17:00,0.40676332,0.133696638
04/07/2019 18:00,0.417240971,0.137140475
04/07/2019 19:00,0.41112956,0.135131751
04/07/2019 20:00,0.414714996,0.136310227
04/07/2019 21:00,0.416663114,0.136950543
04/07/2019 22:00,0.446477153,0.146749944
04/07/2019 23:00,0.369076099,0.121309447
04/08/2019 00:00,0.321422388,0.10564643
04/08/2019 01:00,0.328583312,0.108000112
04/08/2019 02:00,0.312767802,0.102801805
04/08/2019 03:00,0.300089752,0.098634732
04/08/2019 04:00,0.291569764,0.095834347
04/08/2019 05:00,0.279344728,0.091816172
04/08/2019 06:00,0.265279278,0.087193082
04/08/2019 07:00,0.220819009,0.072579698
04/08/2019 08:00,0.1989447,0.065389961
04/08/2019 09:00,0.194341561,0.063876982
04/08/2019 10:00,0.14454311,0.047509023
04/08/2019 11:00,0.168781183,0.055475692
04/08/2019 12:00,0.168304792,0.05531911
04/08/2019 13:00,0.143802838,0.047265707
04/08/2019 14:00,0.132851032,0.043666022
04/08/2019 15:00,0.127290663,0.041838418
04/08/2019 16:00,0.121494911,0.039933446
04/08/2019 17:00,0.122496292,0.040262584
04/08/2019 18:00,0.143984318,0.047325357
04/08/2019 19:00,0.163396103,0.053705702
04/08/2019 20:00,0.191429066,0.062919691
04/08/2019 21:00,0.195742022,0.064337291
04/08/2019 22:00,0.201319617,0.066170558
04/08/2019 23:00,0.298121863,0.097987918
04/09/2019 00:00,0.425038885,0.139703525
04/09/2019 01:00,0.487967925,0.160387301
04/09/2019 02:00,0.51731058,0.170031765
04/09/2019 03:00,0.496536597,0.163203687
04/09/2019 04:00,0.44614461,0.146640642
04/09/2019 05:00,0.386594645,0.127067515
04/09/2019 06:00,0.349272593,0.11480035
04/09/2019 07:00,0.302158181,0.099314591
04/09/2019 08:00,0.24554783,0.080707669
04/09/2019 09:00,0.217627504,0.071530701
04/09/2019 10:00,0.280962631,0.092347951
04/09/2019 11:00,0.243203338,0.079937071
04/09/2019 12:00,0.213872153,0.070296377
04/09/2019 13:00,0.175487315,0.057679891
04/09/2019 14:00,0.138893567,0.045652108
04/09/2019 15:00,0.126073611,0.041438392
04/09/2019 16:00,0.11948167,0.039271726
04/09/2019 17:00,0.103574663,0.034043345
04/09/2019 18:00,0.088629753,0.029131191
04/09/2019 19:00,0.087318505,0.028700205
04/09/2019 20:00,0.082769816,0.027205123
04/09/2019 21:00,0.082279461,0.027043951
04/09/2019 22:00,0.109310881,0.035928749
04/09/2019 23:00,0.091002751,0.029911158
04/10/2019 00:00,0.082691902,0.027179514
04/10/2019 01:00,0.066495661,0.021856067
04/10/2019 02:00,0.047192809,0.015511526
04/10/2019 03:00,0.035955405,0.01181797
04/10/2019 04:00,0.027196769,0.008939146
04/10/2019 05:00,0.030923405,0.010164032
04/10/2019 06:00,0.035912048,0.011803719
04/10/2019 07:00,0.028582732,0.00939469
04/10/2019 08:00,0.017091161,0.005617593
04/10/2019 09:00,0.011806464,0.003880597
04/10/2019 10:00,0.025936191,0.008524814
04/10/2019 11:00,0.02338183,0.007685236
04/10/2019 12:00,0.019666794,0.006464163
04/10/2019 13:00,0.014082365,0.004628649
04/10/2019 14:00,0.009002845,0.002959092
04/10/2019 15:00,0.005481477,0.001801674
04/10/2019 16:00,0.003906786,0.001284098
04/10/2019 17:00,0.011230744,0.003691367
04/10/2019 18:00,0.019583107,0.006436656
04/10/2019 19:00,0.031038121,0.010201737
04/10/2019 20:00,0.031936581,0.010497047
04/10/2019 21:00,0.023291054,0.007655399
04/10/2019 22:00,0.021810638,0.00716881
04/10/2019 23:00,0.01698988,0.005584303
04/11/2019 00:00,0.013207323,0.004341037
04/11/2019 01:00,0.010724627,0.003525015
04/11/2019 02:00,0.010210571,0.003356053
04/11/2019 03:00,0.008597934,0.002826004
04/11/2019 04:00,0.008356958,0.002746799
04/11/2019 05:00,0.005955669,0.001957534
04/11/2019 06:00,0,0
04/11/2019 07:00,0,0
04/11/2019 08:00,0,0
04/11/2019 09:00,0,0
04/11/2019 10:00,0,0
04/11/2019 11:00,0,0
04/11/2019 12:00,0,0
04/11/2019 13:00,0,0
04/11/2019 14:00,0,0
04/11/2019 15:00,0,0
04/11/2019 16:00,0,0
04/11/2019 17:00,0,0
04/11/2019 18:00,0.002831997,0.000930833
04/11/2019 19:00,0.006754501,0.002220097
04/11/2019 20:00,0.006216223,0.002043174
04/11/2019 21:00,0.006842903,0.002249154
04/11/2019 22:00,0.009403395,0.003090747
04/11/2019 23:00,0,0
04/12/2019 00:00,0,0
04/12/2019 01:00,0,0
04/12/2019 02:00,0,0
04/12/2019 03:00,0,0
04/12/2019 04:00,0.009194644,0.003022133
04/12/2019 05:00,0.031038702,0.010201928
04/12/2019 06:00,0.073763653,0.02424494
04/12/2019 07:00,0.135530225,0.044546631
04/12/2019 08:00,0.262420194,0.086253347
04/12/2019 09:00,0.343249414,0.112820626
04/12/2019 10:00,0.335462515,0.110261197
04/12/2019 11:00,0.333045891,0.109466891
04/12/2019 12:00,0.399484361,0.13130416
04/12/2019 13:00,0.441535232,0.145125613
04/12/2019 14:00,0.481655773,0.158312597
04/12/2019 15:00,0.510369543,0.167750357
04/12/2019 16:00,0.560888664,0.184355189
04/12/2019 17:00,0.600801222,0.197473812
04/12/2019 18:00,0.612551208,0.201335846
04/12/2019 19:00,0.648860637,0.213270178
04/12/2019 20:00,0.662351568,0.217704432
04/12/2019 21:00,0.672401224,0.221007595
04/12/2019 22:00,0.631282082,0.207492386
04/12/2019 23:00,0.599074724,0.19690634
4/13/2019 0:00,0.590438063,0.194067606
4/13/2019 1:00,0.634212617,0.208455607
4/13/2019 2:00,0.668073902,0.219585273
4/13/2019 3:00,0.652344598,0.2144153
4/13/2019 4:00,0.610892568,0.200790677
4/13/2019 5:00,0.5785715,0.190167256
4/13/2019 6:00,0.582192444,0.191357403
4/13/2019 7:00,0.609740448,0.200411993
4/13/2019 8:00,0.640633321,0.21056599
4/13/2019 9:00,0.649257915,0.213400757
4/13/2019 10:00,0.711903816,0.233991469
4/13/2019 11:00,0.749684728,0.246409454
4/13/2019 12:00,0.783559227,0.257543463
4/13/2019 13:00,0.804880983,0.264551586
4/13/2019 14:00,0.813118688,0.267259188
4/13/2019 15:00,0.82214966,0.270227525
4/13/2019 16:00,0.837491207,0.275270048
4/13/2019 17:00,0.834787932,0.274381524
4/13/2019 18:00,0.807418144,0.26538551
4/13/2019 19:00,0.771234653,0.253492572
4/13/2019 20:00,0.743812855,0.244479463
4/13/2019 21:00,0.735018385,0.24158886
4/13/2019 22:00,0.606038167,0.199195113
4/13/2019 23:00,0.616278529,0.202560957
4/14/2019 0:00,0.632578275,0.207918424
4/14/2019 1:00,0.649258268,0.213400873
4/14/2019 2:00,0.658341629,0.216386429
4/14/2019 3:00,0.626516027,0.20592586
4/14/2019 4:00,0.65913479,0.216647129
4/14/2019 5:00,0.723565204,0.237824382
4/14/2019 6:00,0.740104354,0.243260537
4/14/2019 7:00,0.737288101,0.24233488
4/14/2019 8:00,0.754038311,0.247840408
4/14/2019 9:00,0.760788719,0.250059159
4/14/2019 10:00,0.738534739,0.24274463
4/14/2019 11:00,0.7005833,0.230270595
4/14/2019 12:00,0.669609654,0.22009005
4/14/2019 13:00,0.680517581,0.223675312
4/14/2019 14:00,0.693895736,0.228072499
4/14/2019 15:00,0.721598605,0.237177992
4/14/2019 16:00,0.743263424,0.244298874
4/14/2019 17:00,0.721285097,0.237074947
4/14/2019 18:00,0.717144591,0.235714028
4/14/2019 19:00,0.719293426,0.236420316
4/14/2019 20:00,0.714379614,0.234805224
4/14/2019 21:00,0.703753323,0.231312531
4/14/2019 22:00,0.610165018,0.200551543
4/14/2019 23:00,0.558885327,0.183696724
4/15/2019 0:00,0.585361301,0.192398956
4/15/2019 1:00,0.594678183,0.195461266
4/15/2019 2:00,0.592241451,0.194660352
4/15/2019 3:00,0.574757027,0.188913499
4/15/2019 4:00,0.601379847,0.197663997
4/15/2019 5:00,0.605239419,0.198932577
4/15/2019 6:00,0.681734169,0.224075185
4/15/2019 7:00,0.683196417,0.224555803
4/15/2019 8:00,0.747535029,0.245702882
4/15/2019 9:00,0.786782435,0.258602881
4/15/2019 10:00,0.792523459,0.260489864
4/15/2019 11:00,0.830010519,0.272811265
4/15/2019 12:00,0.842216483,0.276823171
4/15/2019 13:00,0.856521327,0.281524946
4/15/2019 14:00,0.882427858,0.290040011
4/15/2019 15:00,0.896567517,0.294687492
4/15/2019 16:00,0.906444109,0.297933771
4/15/2019 17:00,0.908678058,0.298668034
4/15/2019 18:00,0.909676834,0.298996316
4/15/2019 19:00,0.90549624,0.297622221
4/15/2019 20:00,0.894721492,0.294080733
4/15/2019 21:00,0.89721176,0.294899244
4/15/2019 22:00,0.905824619,0.297730155
4/15/2019 23:00,0.907200523,0.298182392
4/16/2019 0:00,0.906254562,0.29787147
4/16/2019 1:00,0.897483752,0.294988644
4/16/2019 2:00,0.87852377,0.288756799
4/16/2019 3:00,0.85592242,0.281328095
4/16/2019 4:00,0.83749358,0.275270828
4/16/2019 5:00,0.792685329,0.260543068
4/16/2019 6:00,0.746528573,0.245372076
4/16/2019 7:00,0.754499007,0.247991831
4/16/2019 8:00,0.821789465,0.270109135
4/16/2019 9:00,0.831918946,0.273438534
4/16/2019 10:00,0.78425345,0.257771643
4/16/2019 11:00,0.757106165,0.248848762
4/16/2019 12:00,0.733977085,0.241246601
4/16/2019 13:00,0.749046527,0.246199688
4/16/2019 14:00,0.76187928,0.250417609
4/16/2019 15:00,0.764492888,0.251276661
4/16/2019 16:00,0.768435663,0.252572588
4/16/2019 17:00,0.756103831,0.248519311
4/16/2019 18:00,0.754314527,0.247931195
4/16/2019 19:00,0.74736268,0.245646234
4/16/2019 20:00,0.739824252,0.243168472
4/16/2019 21:00,0.731974442,0.240588365
4/16/2019 22:00,0.674595885,0.221728945
4/16/2019 23:00,0.668840578,0.219837267
4/17/2019 0:00,0.641999867,0.211015152
4/17/2019 1:00,0.625313018,0.20553045
4/17/2019 2:00,0.602707506,0.198100377
4/17/2019 3:00,0.593569627,0.195096902
4/17/2019 4:00,0.577813191,0.189918012
4/17/2019 5:00,0.562781689,0.184977396
4/17/2019 6:00,0.570405557,0.18748324
4/17/2019 7:00,0.57942337,0.190447252
4/17/2019 8:00,0.582171726,0.191350593
4/17/2019 9:00,0.546942277,0.179771233
4/17/2019 10:00,0.532908587,0.175158582
4/17/2019 11:00,0.522618482,0.171776388
4/17/2019 12:00,0.49867869,0.163907759
4/17/2019 13:00,0.409795991,0.134693429
4/17/2019 14:00,0.354884205,0.116644797
4/17/2019 15:00,0.358897046,0.117963754
4/17/2019 16:00,0.368074289,0.120980168
4/17/2019 17:00,0.375814531,0.123524263
4/17/2019 18:00,0.406242639,0.133525498
4/17/2019 19:00,0.456740496,0.150123341
4/17/2019 20:00,0.430413678,0.141470135
4/17/2019 21:00,0.454227898,0.14929749
4/17/2019 22:00,0.394045545,0.129516507
4/17/2019 23:00,0.362312754,0.119086443
4/18/2019 0:00,0.329648199,0.108350123
4/18/2019 1:00,0.312624843,0.102754817
4/18/2019 2:00,0.309880631,0.101852838
4/18/2019 3:00,0.288568528,0.094847888
4/18/2019 4:00,0.260562835,0.085642862
4/18/2019 5:00,0.275002798,0.090389049
4/18/2019 6:00,0.31150818,0.102387787
4/18/2019 7:00,0.354656375,0.116569913
4/18/2019 8:00,0.367640989,0.120837749
4/18/2019 9:00,0.402426248,0.132271111
4/18/2019 10:00,0.358949879,0.11798112
4/18/2019 11:00,0.343545908,0.112918079
4/18/2019 12:00,0.363984582,0.119635947
4/18/2019 13:00,0.394081647,0.129528374
4/18/2019 14:00,0.42170396,0.138607389
4/18/2019 15:00,0.462290979,0.151947697
4/18/2019 16:00,0.48751882,0.160239687
4/18/2019 17:00,0.49576075,0.162948678
4/18/2019 18:00,0.536573596,0.176363212
4/18/2019 19:00,0.585694518,0.192508478
4/18/2019 20:00,0.623119063,0.204809332
4/18/2019 21:00,0.633890494,0.20834973
4/18/2019 22:00,0.601115381,0.197577071
4/18/2019 23:00,0.556779434,0.18300455
4/19/2019 0:00,0.514147085,0.168991974
4/19/2019 1:00,0.50011133,0.164378645
4/19/2019 2:00,0.495322312,0.162804571
4/19/2019 3:00,0.503779421,0.165584288
4/19/2019 4:00,0.491132306,0.161427382
4/19/2019 5:00,0.507890964,0.166935687
4/19/2019 6:00,0.523920445,0.172204323
4/19/2019 7:00,0.523249575,0.171983818
4/19/2019 8:00,0.463973915,0.152500851
4/19/2019 9:00,0.440308363,0.14472236
4/19/2019 10:00,0.424438255,0.139506108
4/19/2019 11:00,0.355669885,0.116903038
4/19/2019 12:00,0.303117058,0.099629759
4/19/2019 13:00,0.260332769,0.085567243
4/19/2019 14:00,0.240189881,0.078946596
4/19/2019 15:00,0.228769341,0.075192846
4/19/2019 16:00,0.228772198,0.075193785
4/19/2019 17:00,0.216311303,0.071098087
4/19/2019 18:00,0.16559776,0.054429352
4/19/2019 19:00,0.12111069,0.039807159
4/19/2019 20:00,0.105242832,0.034591646
4/19/2019 21:00,0.109831942,0.036100013
4/19/2019 22:00,0.073832623,0.02426761
4/19/2019 23:00,0.09718976,0.031944729
4/20/2019 0:00,0.116132457,0.038170893
4/20/2019 1:00,0.121820223,0.040040371
4/20/2019 2:00,0.120341929,0.039554479
4/20/2019 3:00,0.130694451,0.042957189
4/20/2019 4:00,0.158658017,0.052148368
4/20/2019 5:00,0.17756341,0.05836227
4/20/2019 6:00,0.212979608,0.070003012
4/20/2019 7:00,0.234938224,0.07722046
4/20/2019 8:00,0.236619113,0.077772941
4/20/2019 9:00,0.217306881,0.071425318
4/20/2019 10:00,0.155159478,0.050998454
4/20/2019 11:00,0.160033122,0.052600344
4/20/2019 12:00,0.196263637,0.064508738
4/20/2019 13:00,0.204562979,0.0672366
4/20/2019 14:00,0.178284552,0.058599298
4/20/2019 15:00,0.116040606,0.038140703
4/20/2019 16:00,0.054436105,0.017892283
4/20/2019 17:00,0.017392887,0.005716766
4/20/2019 18:00,0.000858534,0.000282187
4/20/2019 19:00,0,0
4/20/2019 20:00,0,0
4/20/2019 21:00,0,0
4/20/2019 22:00,0.017030175,0.005597548
4/20/2019 23:00,0.039319669,0.01292375
4/21/2019 0:00,0.043360402,0.014251875
4/21/2019 1:00,0.027414831,0.009010819
4/21/2019 2:00,0.010469879,0.003441283
4/21/2019 3:00,0.020947937,0.006885254
4/21/2019 4:00,0.018077568,0.005941809
4/21/2019 5:00,0,0
4/21/2019 6:00,0,0
4/21/2019 7:00,0,0
4/21/2019 8:00,0,0
4/21/2019 9:00,0,0
4/21/2019 10:00,0.02466265,0.008106221
4/21/2019 11:00,0.082594837,0.02714761
4/21/2019 12:00,0.123416101,0.040564911
4/21/2019 13:00,0.15811205,0.051968918
4/21/2019 14:00,0.118178667,0.038843449
4/21/2019 15:00,0.095832126,0.031498497
4/21/2019 16:00,0.063808622,0.02097288
4/21/2019 17:00,0.042876991,0.014092986
4/21/2019 18:00,0.052446186,0.017238228
4/21/2019 19:00,0.071840322,0.023612772
4/21/2019 20:00,0.107195351,0.035233408
4/21/2019 21:00,0.158074439,0.051956556
4/21/2019 22:00,0.160376253,0.052713125
4/21/2019 23:00,0.229791096,0.075528681
4/22/2019 0:00,0.346233575,0.113801473
4/22/2019 1:00,0.422792253,0.138965093
4/22/2019 2:00,0.437061194,0.143655067
4/22/2019 3:00,0.444758575,0.146185074
4/22/2019 4:00,0.430120998,0.141373935
4/22/2019 5:00,0.429690673,0.141232494
4/22/2019 6:00,0.432986321,0.142315721
4/22/2019 7:00,0.431658864,0.141879407
4/22/2019 8:00,0.410818549,0.135029527
4/22/2019 9:00,0.388814147,0.12779703
4/22/2019 10:00,0.381651759,0.125442867
4/22/2019 11:00,0.389849473,0.128137325
4/22/2019 12:00,0.366875148,0.12058603
4/22/2019 13:00,0.358831265,0.117942133
4/22/2019 14:00,0.430106078,0.141369032
4/22/2019 15:00,0.531402821,0.174663661
4/22/2019 16:00,0.635641806,0.208925358
4/22/2019 17:00,0.737948489,0.242551939
4/22/2019 18:00,0.776440694,0.255203715
4/22/2019 19:00,0.778923672,0.25601983
4/22/2019 20:00,0.776113707,0.255096239
4/22/2019 21:00,0.738593604,0.242763978
4/22/2019 22:00,0.720830855,0.236925645
4/22/2019 23:00,0.705877016,0.232010555
4/23/2019 0:00,0.680728508,0.223744641
4/23/2019 1:00,0.667298422,0.219330385
4/23/2019 2:00,0.658105879,0.216308942
4/23/2019 3:00,0.646644108,0.21254164
4/23/2019 4:00,0.625417337,0.205564738
4/23/2019 5:00,0.609095143,0.200199892
4/23/2019 6:00,0.658363012,0.216393457
4/23/2019 7:00,0.71417932,0.234739391
4/23/2019 8:00,0.692747446,0.227695074
4/23/2019 9:00,0.730811973,0.240206279
4/23/2019 10:00,0.79328579,0.26074043
4/23/2019 11:00,0.843919731,0.277383001
4/23/2019 12:00,0.857232615,0.281758735
4/23/2019 13:00,0.856179429,0.28141257
4/23/2019 14:00,0.861288588,0.283091869
4/23/2019 15:00,0.869245454,0.285707164
4/23/2019 16:00,0.866721577,0.284877606
4/23/2019 17:00,0.867758413,0.285218397
4/23/2019 18:00,0.864002114,0.283983762
4/23/2019 19:00,0.878419477,0.28872252
4/23/2019 20:00,0.883537503,0.290404733
4/23/2019 21:00,0.88029783,0.289339905
4/23/2019 22:00,0.85901502,0.282344583
4/23/2019 23:00,0.857403958,0.281815053
4/24/2019 0:00,0.843428976,0.277221698
4/24/2019 1:00,0.839335911,0.275876373
4/24/2019 2:00,0.842927837,0.277056982
4/24/2019 3:00,0.835131734,0.274494527
4/24/2019 4:00,0.81804325,0.268877814
4/24/2019 5:00,0.800609962,0.263147769
4/24/2019 6:00,0.798530469,0.262464273
4/24/2019 7:00,0.790690206,0.259887303
4/24/2019 8:00,0.815878717,0.268166366
4/24/2019 9:00,0.836165512,0.274834313
4/24/2019 10:00,0.835214838,0.274521842
4/24/2019 11:00,0.848854609,0.279005017
4/24/2019 12:00,0.840601925,0.276292491
4/24/2019 13:00,0.796403125,0.261765048
4/24/2019 14:00,0.773542971,0.254251279
4/24/2019 15:00,0.772801866,0.25400769
4/24/2019 16:00,0.737544543,0.242419168
4/24/2019 17:00,0.681591457,0.224028278
4/24/2019 18:00,0.641432914,0.210828803
4/24/2019 19:00,0.656939488,0.215925568
4/24/2019 20:00,0.66839835,0.219691913
4/24/2019 21:00,0.645268706,0.212089567
4/24/2019 22:00,0.540772362,0.17774328
4/24/2019 23:00,0.445736061,0.146506359
4/25/2019 0:00,0.431717586,0.141898709
4/25/2019 1:00,0.374714925,0.12316284
4/25/2019 2:00,0.355725656,0.116921369
4/25/2019 3:00,0.405627498,0.133323311
4/25/2019 4:00,0.456389647,0.150008023
4/25/2019 5:00,0.540978157,0.177810921
4/25/2019 6:00,0.464845815,0.152787431
4/25/2019 7:00,0.391351325,0.12863096
4/25/2019 8:00,0.364537992,0.119817844
4/25/2019 9:00,0.464351667,0.152625012
4/25/2019 10:00,0.316932192,0.104170574
4/25/2019 11:00,0.310862069,0.102175421
4/25/2019 12:00,0.286688739,0.094230031
4/25/2019 13:00,0.284631571,0.093553873
4/25/2019 14:00,0.394033628,0.12951259
4/25/2019 15:00,0.518839241,0.170534212
4/25/2019 16:00,0.585244076,0.192360425
4/25/2019 17:00,0.672353964,0.220992061
4/25/2019 18:00,0.653734473,0.21487213
4/25/2019 19:00,0.518448397,0.170405747
4/25/2019 20:00,0.538500811,0.176996657
4/25/2019 21:00,0.584215795,0.192022446
4/25/2019 22:00,0.589690919,0.193822032
4/25/2019 23:00,0.57610759,0.189357408
4/26/2019 0:00,0.54693083,0.17976747
4/26/2019 1:00,0.562822202,0.184990712
4/26/2019 2:00,0.565240925,0.185785708
4/26/2019 3:00,0.563427865,0.185189784
4/26/2019 4:00,0.452451434,0.148713595
4/26/2019 5:00,0.465431472,0.152979927
4/26/2019 6:00,0.471117733,0.154848911
4/26/2019 7:00,0.562326307,0.184827719
4/26/2019 8:00,0.534650061,0.175730977
4/26/2019 9:00,0.532139027,0.17490564
4/26/2019 10:00,0.562825884,0.184991922
4/26/2019 11:00,0.657015596,0.215950583
4/26/2019 12:00,0.679011506,0.223180289
4/26/2019 13:00,0.640138281,0.210403278
4/26/2019 14:00,0.681246937,0.22391504
4/26/2019 15:00,0.763066548,0.250807845
4/26/2019 16:00,0.778220199,0.25578861
4/26/2019 17:00,0.758935172,0.249449928
4/26/2019 18:00,0.776330888,0.255167623
4/26/2019 19:00,0.814534299,0.267724477
4/26/2019 20:00,0.804521599,0.264433462
4/26/2019 21:00,0.802990773,0.263930304
4/26/2019 22:00,0.767040304,0.252113956
4/26/2019 23:00,0.679024344,0.223184509
4/27/2019 0:00,0.607649016,0.199724573
4/27/2019 1:00,0.538443894,0.17697795
4/27/2019 2:00,0.401751378,0.132049292
4/27/2019 3:00,0.267588949,0.087952234
4/27/2019 4:00,0.260724516,0.085696004
4/27/2019 5:00,0.31196681,0.102538532
4/27/2019 6:00,0.339900496,0.11171989
4/27/2019 7:00,0.275290453,0.090483596
4/27/2019 8:00,0.239166354,0.078610179
4/27/2019 9:00,0.234358873,0.077030036
4/27/2019 10:00,0.183185813,0.060210265
4/27/2019 11:00,0.141220252,0.046416852
4/27/2019 12:00,0.080180956,0.026354206
4/27/2019 13:00,0.084179018,0.027668305
4/27/2019 14:00,0.08314044,0.027326941
4/27/2019 15:00,0.050405093,0.016567353
4/27/2019 16:00,0.080534922,0.026470549
4/27/2019 17:00,0.08219026,0.027014632
4/27/2019 18:00,0.043935953,0.014441049
4/27/2019 19:00,0.028386111,0.009330064
4/27/2019 20:00,0.022745481,0.007476078
4/27/2019 21:00,0.012142224,0.003990956
4/27/2019 22:00,0.010579528,0.003477323
4/27/2019 23:00,0.003843701,0.001263363
4/28/2019 0:00,0,0
4/28/2019 1:00,0,0
4/28/2019 2:00,0,0
4/28/2019 3:00,0,0
4/28/2019 4:00,0,0
4/28/2019 5:00,0,0
4/28/2019 6:00,0,0
4/28/2019 7:00,0,0
4/28/2019 8:00,0,0
4/28/2019 9:00,0,0
4/28/2019 10:00,0,0
4/28/2019 11:00,0,0
4/28/2019 12:00,0,0
4/28/2019 13:00,0,0
4/28/2019 14:00,0.017262887,0.005674037
4/28/2019 15:00,0.044263301,0.014548644
4/28/2019 16:00,0.077304746,0.025408841
4/28/2019 17:00,0.115317204,0.037902932
4/28/2019 18:00,0.189905345,0.062418868
4/28/2019 19:00,0.200432203,0.065878879
4/28/2019 20:00,0.191846431,0.063056872
4/28/2019 21:00,0.178734744,0.058747269
4/28/2019 22:00,0.135727852,0.044611587
4/28/2019 23:00,0.122968027,0.040417636
4/29/2019 0:00,0.111979982,0.03680604
4/29/2019 1:00,0.112738811,0.037055455
4/29/2019 2:00,0.124948522,0.041068593
4/29/2019 3:00,0.12342926,0.040569236
4/29/2019 4:00,0.119892102,0.039406628
4/29/2019 5:00,0.140690082,0.046242594
4/29/2019 6:00,0.180868484,0.059448596
4/29/2019 7:00,0.172349648,0.05664859
4/29/2019 8:00,0.176810401,0.058114768
4/29/2019 9:00,0.169300632,0.055646427
4/29/2019 10:00,0.183292409,0.060245301
4/29/2019 11:00,0.16795147,0.055202979
4/29/2019 12:00,0.164469795,0.054058607
4/29/2019 13:00,0.190461091,0.062601533
4/29/2019 14:00,0.21529399,0.070763712
4/29/2019 15:00,0.190570851,0.06263761
4/29/2019 16:00,0.155521164,0.051117335
4/29/2019 17:00,0.161134105,0.052962219
4/29/2019 18:00,0.191806045,0.063043598
4/29/2019 19:00,0.213121587,0.070049678
4/29/2019 20:00,0.233643411,0.076794875
4/29/2019 21:00,0.24457305,0.080387274
4/29/2019 22:00,0.283293676,0.093114128
4/29/2019 23:00,0.249820374,0.082111986
4/30/2019 0:00,0.246358376,0.080974082
4/30/2019 1:00,0.243539942,0.080047708
4/30/2019 2:00,0.242826131,0.079813089
4/30/2019 3:00,0.223371523,0.073418669
4/30/2019 4:00,0.194039431,0.063777677
4/30/2019 5:00,0.161058581,0.052937395
4/30/2019 6:00,0.12025541,0.039526042
4/30/2019 7:00,0.097850987,0.032162064
4/30/2019 8:00,0.06479696,0.021297731
4/30/2019 9:00,0.031148276,0.010237943
4/30/2019 10:00,0.016233927,0.005335834
4/30/2019 11:00,0.009303508,0.003057915
4/30/2019 12:00,0,0
4/30/2019 13:00,0,0
4/30/2019 14:00,0,0
4/30/2019 15:00,0.000264129,8.68E-05
4/30/2019 16:00,0.018947827,0.00622785
4/30/2019 17:00,0.029422925,0.009670848
4/30/2019 18:00,0.02317112,0.007615979
4/30/2019 19:00,0.01337755,0.004396988
4/30/2019 20:00,0.004484639,0.001474029
4/30/2019 21:00,0,0
4/30/2019 22:00,0,0
4/30/2019 23:00,0,0
05/01/2019 00:00,0.013242126,0.004352476
05/01/2019 01:00,0.013796021,0.004534533
05/01/2019 02:00,0.011637659,0.003825114
05/01/2019 03:00,0.013651348,0.004486981
05/01/2019 04:00,0.014741778,0.004845388
05/01/2019 05:00,0.019172064,0.006301553
05/01/2019 06:00,0.015842484,0.005207173
05/01/2019 07:00,0.004623161,0.00151956
05/01/2019 08:00,0,0
05/01/2019 09:00,0,0
05/01/2019 10:00,0,0
05/01/2019 11:00,0,0
05/01/2019 12:00,0,0
05/01/2019 13:00,0,0
05/01/2019 14:00,0.011799095,0.003878175
05/01/2019 15:00,0.023719322,0.007796164
05/01/2019 16:00,0.031634999,0.010397921
05/01/2019 17:00,0.029705237,0.009763639
05/01/2019 18:00,0.027470891,0.009029245
05/01/2019 19:00,0.019878158,0.006533635
05/01/2019 20:00,0.02193978,0.007211257
05/01/2019 21:00,0.037481794,0.01231967
05/01/2019 22:00,0.047728912,0.015687735
05/01/2019 23:00,0.070793524,0.023268706
05/02/2019 00:00,0.111052842,0.036501304
05/02/2019 01:00,0.145243821,0.047739335
05/02/2019 02:00,0.177397107,0.058307609
05/02/2019 03:00,0.235311065,0.077343007
05/02/2019 04:00,0.250613486,0.082372669
05/02/2019 05:00,0.226045774,0.074297653
05/02/2019 06:00,0.268486236,0.088247158
05/02/2019 07:00,0.334804852,0.110045033
05/02/2019 08:00,0.383615761,0.126088403
05/02/2019 09:00,0.412805136,0.135682487
05/02/2019 10:00,0.467222898,0.15356874
05/02/2019 11:00,0.447872402,0.14720854
05/02/2019 12:00,0.38472768,0.126453873
05/02/2019 13:00,0.371333305,0.122051355
05/02/2019 14:00,0.386901079,0.127168235
05/02/2019 15:00,0.372533373,0.122445798
05/02/2019 16:00,0.339310891,0.111526096
05/02/2019 17:00,0.31685698,0.104145853
05/02/2019 18:00,0.310868391,0.102177499
05/02/2019 19:00,0.281383467,0.092486273
05/02/2019 20:00,0.267672117,0.08797957
05/02/2019 21:00,0.268196667,0.088151982
05/02/2019 22:00,0.35287536,0.115984522
05/02/2019 23:00,0.436180643,0.143365644
05/03/2019 00:00,0.428834915,0.14095122
05/03/2019 01:00,0.493484711,0.162200581
05/03/2019 02:00,0.602238812,0.197946325
05/03/2019 03:00,0.625238756,0.205506041
05/03/2019 04:00,0.668673605,0.219782385
05/03/2019 05:00,0.702354341,0.230852708
05/03/2019 06:00,0.717384639,0.235792928
05/03/2019 07:00,0.739150997,0.242947184
05/03/2019 08:00,0.7730957,0.254104269
05/03/2019 09:00,0.789203828,0.259398754
05/03/2019 10:00,0.763638156,0.250995724
05/03/2019 11:00,0.750770234,0.246766243
05/03/2019 12:00,0.771630327,0.253622624
05/03/2019 13:00,0.711287992,0.233789057
05/03/2019 14:00,0.618566971,0.203313131
05/03/2019 15:00,0.531191413,0.174594174
05/03/2019 16:00,0.468369662,0.153945663
05/03/2019 17:00,0.487288302,0.160163919
05/03/2019 18:00,0.531897741,0.174826333
05/03/2019 19:00,0.567113487,0.186401189
05/03/2019 20:00,0.6219235,0.204416369
05/03/2019 21:00,0.661522919,0.217432069
05/03/2019 22:00,0.707123622,0.232420295
05/03/2019 23:00,0.729451468,0.239759103
05/04/2019 00:00,0.717715556,0.235901695
05/04/2019 01:00,0.681209507,0.223902737
05/04/2019 02:00,0.718575024,0.236184189
05/04/2019 03:00,0.740859075,0.243508602
05/04/2019 04:00,0.76013159,0.249843172
05/04/2019 05:00,0.744589358,0.244734687
05/04/2019 06:00,0.756794418,0.248746296
05/04/2019 07:00,0.740807042,0.2434915
05/04/2019 08:00,0.729754948,0.239858852
05/04/2019 09:00,0.707992212,0.232705787
05/04/2019 10:00,0.741063912,0.243575929
05/04/2019 11:00,0.710153771,0.233416257
05/04/2019 12:00,0.670194716,0.22028235
05/04/2019 13:00,0.575035599,0.189005061
05/04/2019 14:00,0.513647387,0.168827732
05/04/2019 15:00,0.488903579,0.160694835
05/04/2019 16:00,0.471127447,0.154852103
05/04/2019 17:00,0.488291703,0.160493722
05/04/2019 18:00,0.464827086,0.152781275
05/04/2019 19:00,0.435991394,0.143303441
05/04/2019 20:00,0.404621608,0.132992691
05/04/2019 21:00,0.34079334,0.112013354
05/04/2019 22:00,0.446883818,0.146883608
05/04/2019 23:00,0.431527985,0.14183639
05/05/2019 00:00,0.514249137,0.169025518
05/05/2019 01:00,0.614803525,0.202076146
05/05/2019 02:00,0.682659994,0.224379489
05/05/2019 03:00,0.680637452,0.223714712
05/05/2019 04:00,0.718757543,0.23624418
05/05/2019 05:00,0.733911126,0.241224922
05/05/2019 06:00,0.744912625,0.24484094
05/05/2019 07:00,0.762099903,0.250490125
05/05/2019 08:00,0.769468374,0.252912024
05/05/2019 09:00,0.780010891,0.256377182
05/05/2019 10:00,0.824370101,0.270957349
05/05/2019 11:00,0.829876081,0.272767077
05/05/2019 12:00,0.808575699,0.26576598
05/05/2019 13:00,0.76272901,0.250696902
05/05/2019 14:00,0.737629712,0.242447162
05/05/2019 15:00,0.715761022,0.235259271
05/05/2019 16:00,0.652907139,0.214600199
05/05/2019 17:00,0.6064953,0.199345365
05/05/2019 18:00,0.567727861,0.186603124
05/05/2019 19:00,0.568984822,0.187016267
05/05/2019 20:00,0.558204657,0.183472998
05/05/2019 21:00,0.530487711,0.174362879
05/05/2019 22:00,0.490344158,0.161168331
05/05/2019 23:00,0.437536557,0.143811312
05/06/2019 00:00,0.432581923,0.142182802
05/06/2019 01:00,0.387841381,0.127477297
05/06/2019 02:00,0.386899296,0.127167649
05/06/2019 03:00,0.392708842,0.129077154
05/06/2019 04:00,0.398209786,0.130885227
05/06/2019 05:00,0.37739511,0.124043774
05/06/2019 06:00,0.370017961,0.121619022
05/06/2019 07:00,0.268627638,0.088293635
05/06/2019 08:00,0.183241897,0.060228699
05/06/2019 09:00,0.126681795,0.041638292
05/06/2019 10:00,0.090416411,0.029718437
05/06/2019 11:00,0.070076661,0.023033084
05/06/2019 12:00,0.070272599,0.023097486
05/06/2019 13:00,0.071797333,0.023598642
05/06/2019 14:00,0.086565406,0.028452673
05/06/2019 15:00,0.108460363,0.035649197
05/06/2019 16:00,0.119245964,0.039194253
05/06/2019 17:00,0.112509868,0.036980205
05/06/2019 18:00,0.10631242,0.034943203
05/06/2019 19:00,0.086989545,0.028592081
05/06/2019 20:00,0.07212659,0.023706864
05/06/2019 21:00,0.05562332,0.018282501
05/06/2019 22:00,0.048586413,0.015969582
05/06/2019 23:00,0.042051009,0.013821498
05/07/2019 00:00,0.035237514,0.011582011
05/07/2019 01:00,0.032156993,0.010569493
05/07/2019 02:00,0.035455574,0.011653683
05/07/2019 03:00,0.033019458,0.010852971
05/07/2019 04:00,0.026767692,0.008798115
05/07/2019 05:00,0.024491922,0.008050105
05/07/2019 06:00,0.017649771,0.005801199
05/07/2019 07:00,0.01631022,0.00536091
05/07/2019 08:00,0.016745899,0.005504111
05/07/2019 09:00,0.016739272,0.005501933
05/07/2019 10:00,0.025383459,0.008343139
05/07/2019 11:00,0.02256084,0.00741539
05/07/2019 12:00,0.019554643,0.0064273
05/07/2019 13:00,0.019258336,0.006329909
05/07/2019 14:00,0.019776627,0.006500263
05/07/2019 15:00,0.018278435,0.006007831
05/07/2019 16:00,0.014590319,0.004795606
05/07/2019 17:00,0.010281072,0.003379225
05/07/2019 18:00,0.009791205,0.003218213
05/07/2019 19:00,0.00716407,0.002354716
05/07/2019 20:00,0.003916241,0.001287206
05/07/2019 21:00,0,0
05/07/2019 22:00,0,0
05/07/2019 23:00,0,0
05/08/2019 00:00,0,0
05/08/2019 01:00,0,0
05/08/2019 02:00,0,0
05/08/2019 03:00,0.004644681,0.001526633
05/08/2019 04:00,0.014819482,0.004870928
05/08/2019 05:00,0.028820089,0.009472705
05/08/2019 06:00,0.041157649,0.013527865
05/08/2019 07:00,0.051775215,0.01701769
05/08/2019 08:00,0.07404977,0.024338983
05/08/2019 09:00,0.088335011,0.029034314
05/08/2019 10:00,0.045992221,0.015116912
05/08/2019 11:00,0.089598224,0.029449512
05/08/2019 12:00,0.112725585,0.037051108
05/08/2019 13:00,0.128951349,0.042384259
05/08/2019 14:00,0.12012683,0.03948378
05/08/2019 15:00,0.122769815,0.040352487
05/08/2019 16:00,0.111877084,0.036772219
05/08/2019 17:00,0.11012891,0.036197622
05/08/2019 18:00,0.0924391,0.030383263
05/08/2019 19:00,0.071771066,0.023590008
05/08/2019 20:00,0.057752057,0.018982183
05/08/2019 21:00,0.052315095,0.01719514
05/08/2019 22:00,0.050640329,0.016644671
05/08/2019 23:00,0.024612943,0.008089883
05/09/2019 00:00,0.012983448,0.004267453
05/09/2019 01:00,0.016357292,0.005376382
05/09/2019 02:00,0.030137514,0.009905722
05/09/2019 03:00,0.03574052,0.011747341
05/09/2019 04:00,0.027446468,0.009021218
05/09/2019 05:00,0.019172099,0.006301564
05/09/2019 06:00,0.016462929,0.005411103
05/09/2019 07:00,0.020001852,0.006574291
05/09/2019 08:00,0.035259659,0.01158929
05/09/2019 09:00,0.046226531,0.015193926
05/09/2019 10:00,0.0776022,0.02550661
05/09/2019 11:00,0.097917875,0.032184049
05/09/2019 12:00,0.096900828,0.031849762
05/09/2019 13:00,0.092300549,0.030337723
05/09/2019 14:00,0.086347463,0.028381039
05/09/2019 15:00,0.094309409,0.030998004
05/09/2019 16:00,0.094413904,0.03103235
05/09/2019 17:00,0.097347225,0.031996486
05/09/2019 18:00,0.098563837,0.032396367
05/09/2019 19:00,0.08354884,0.027461176
05/09/2019 20:00,0.065335359,0.021474694
05/09/2019 21:00,0.048492261,0.015938635
05/09/2019 22:00,0.038703113,0.012721098
05/09/2019 23:00,0.04248978,0.013965715
05/10/2019 00:00,0.069510443,0.022846978
05/10/2019 01:00,0.075212094,0.02472102
05/10/2019 02:00,0.068560773,0.022534836
05/10/2019 03:00,0.053679761,0.017643684
05/10/2019 04:00,0.0418737,0.01376322
05/10/2019 05:00,0.026072204,0.008569519
05/10/2019 06:00,0.015836366,0.005205162
05/10/2019 07:00,0.012624068,0.004149331
05/10/2019 08:00,0.010196133,0.003351307
05/10/2019 09:00,0,0
05/10/2019 10:00,0,0
05/10/2019 11:00,0,0
05/10/2019 12:00,0,0
05/10/2019 13:00,0,0
05/10/2019 14:00,0.009231729,0.003034322
05/10/2019 15:00,0.022819183,0.007500303
05/10/2019 16:00,0.033448483,0.010993985
05/10/2019 17:00,0.027738654,0.009117255
05/10/2019 18:00,0.00606729,0.001994222
05/10/2019 19:00,0,0
05/10/2019 20:00,0,0
05/10/2019 21:00,0,0
05/10/2019 22:00,0,0
05/10/2019 23:00,0.004754692,0.001562792
05/11/2019 00:00,0.025879523,0.008506188
05/11/2019 01:00,0.032294883,0.010614815
05/11/2019 02:00,0.042003555,0.013805901
05/11/2019 03:00,0.058590503,0.019257767
05/11/2019 04:00,0.081148977,0.026672379
05/11/2019 05:00,0.086167251,0.028321806
05/11/2019 06:00,0.086249976,0.028348996
05/11/2019 07:00,0.097395634,0.032012397
05/11/2019 08:00,0.105415418,0.034648372
05/11/2019 09:00,0.107028564,0.035178588
05/11/2019 10:00,0.111915845,0.036784959
05/11/2019 11:00,0.130470755,0.042883663
05/11/2019 12:00,0.146704942,0.048219582
05/11/2019 13:00,0.153282453,0.050381506
05/11/2019 14:00,0.14794187,0.048626141
05/11/2019 15:00,0.140854566,0.046296657
05/11/2019 16:00,0.127612563,0.041944221
05/11/2019 17:00,0.112877872,0.037101162
05/11/2019 18:00,0.089315454,0.02935657
05/11/2019 19:00,0.061083745,0.020077256
05/11/2019 20:00,0.033799587,0.011109387
05/11/2019 21:00,0.013433628,0.00441542
05/11/2019 22:00,0,0
05/11/2019 23:00,0,0
05/12/2019 00:00,0,0
05/12/2019 01:00,0.000815541,0.000268055
05/12/2019 02:00,0.009788629,0.003217367
05/12/2019 03:00,0.002240176,0.00073631
05/12/2019 04:00,0.0028103,0.000923701
05/12/2019 05:00,0.01361108,0.004473746
05/12/2019 06:00,0.009889222,0.00325043
05/12/2019 07:00,0.013464197,0.004425467
05/12/2019 08:00,0.017076733,0.005612851
05/12/2019 09:00,0.015449287,0.005077935
05/12/2019 10:00,0.011373501,0.003738289
05/12/2019 11:00,0.01337598,0.004396472
05/12/2019 12:00,0.009457782,0.003108623
05/12/2019 13:00,0.003740735,0.00122952
05/12/2019 14:00,0,0
05/12/2019 15:00,0,0
05/12/2019 16:00,0,0
05/12/2019 17:00,0,0
05/12/2019 18:00,0,0
05/12/2019 19:00,0.001683069,0.000553198
05/12/2019 20:00,0.043053419,0.014150974
05/12/2019 21:00,0.088295989,0.029021488
05/12/2019 22:00,0.052049713,0.017107913
05/12/2019 23:00,0.036284686,0.011926199
5/13/2019 0:00,0.034990611,0.011500858
5/13/2019 1:00,0.045517415,0.014960851
5/13/2019 2:00,0.032335698,0.01062823
5/13/2019 3:00,0.023243543,0.007639783
5/13/2019 4:00,0.019067312,0.006267122
5/13/2019 5:00,0.019583636,0.00643683
5/13/2019 6:00,0.030347335,0.009974687
5/13/2019 7:00,0.041317608,0.013580441
5/13/2019 8:00,0.047829454,0.015720781
5/13/2019 9:00,0.042580183,0.013995429
5/13/2019 10:00,0.067173425,0.022078837
5/13/2019 11:00,0.051760826,0.017012961
5/13/2019 12:00,0.051924182,0.017066653
5/13/2019 13:00,0.087624882,0.028800906
5/13/2019 14:00,0.141193904,0.046408192
5/13/2019 15:00,0.149918156,0.049275715
5/13/2019 16:00,0.082046718,0.026967452
5/13/2019 17:00,0.020069807,0.006596627
5/13/2019 18:00,0,0
5/13/2019 19:00,0,0
5/13/2019 20:00,0,0
5/13/2019 21:00,0,0
5/13/2019 22:00,0.002144912,0.000704998
5/13/2019 23:00,0.002531565,0.000832085
5/14/2019 0:00,0.008296703,0.002726995
5/14/2019 1:00,0.017373666,0.005710448
5/14/2019 2:00,0.026483802,0.008704805
5/14/2019 3:00,0.037178026,0.012219826
5/14/2019 4:00,0.043049351,0.014149637
5/14/2019 5:00,0.039974988,0.013139143
5/14/2019 6:00,0.026941026,0.008855087
5/14/2019 7:00,0.014334589,0.004711551
5/14/2019 8:00,0.005400617,0.001775097
5/14/2019 9:00,0.001376851,0.000452549
5/14/2019 10:00,0,0
5/14/2019 11:00,0,0
5/14/2019 12:00,0,0
5/14/2019 13:00,0,0
5/14/2019 14:00,0,0
5/14/2019 15:00,0,0
5/14/2019 16:00,0,0
5/14/2019 17:00,0.00112292,0.000369086
5/14/2019 18:00,0.010477662,0.003443841
5/14/2019 19:00,0.017691474,0.005814906
5/14/2019 20:00,0.028118503,0.009242105
5/14/2019 21:00,0.049607677,0.016305255
5/14/2019 22:00,0.044307146,0.014563055
5/14/2019 23:00,0.04477926,0.014718231
5/15/2019 0:00,0.057955038,0.0190489
5/15/2019 1:00,0.087815193,0.028863458
5/15/2019 2:00,0.121523722,0.039942916
5/15/2019 3:00,0.14787406,0.048603853
5/15/2019 4:00,0.160355216,0.052706211
5/15/2019 5:00,0.160741016,0.052833017
5/15/2019 6:00,0.157935396,0.051910854
5/15/2019 7:00,0.14680529,0.048252565
5/15/2019 8:00,0.134486225,0.044203484
5/15/2019 9:00,0.110771487,0.036408827
5/15/2019 10:00,0.117010554,0.038459509
5/15/2019 11:00,0.117614505,0.038658018
5/15/2019 12:00,0.131899062,0.043353125
5/15/2019 13:00,0.197956982,0.065065313
5/15/2019 14:00,0.265299294,0.087199661
5/15/2019 15:00,0.272179428,0.089461052
5/15/2019 16:00,0.249370529,0.081964129
5/15/2019 17:00,0.273680151,0.089954316
5/15/2019 18:00,0.319237034,0.104928139
5/15/2019 19:00,0.35323728,0.116103479
5/15/2019 20:00,0.404219892,0.132860654
5/15/2019 21:00,0.43887001,0.144249597
5/15/2019 22:00,0.419827651,0.137990676
5/15/2019 23:00,0.473553425,0.155649484
5/16/2019 0:00,0.533915796,0.175489636
5/16/2019 1:00,0.570018895,0.18735615
5/16/2019 2:00,0.546383836,0.179587682
5/16/2019 3:00,0.520982966,0.17123882
5/16/2019 4:00,0.503226352,0.165402503
5/16/2019 5:00,0.516067599,0.169623217
5/16/2019 6:00,0.553998,0.182090337
5/16/2019 7:00,0.573677912,0.188558811
5/16/2019 8:00,0.592255529,0.194664979
5/16/2019 9:00,0.616030342,0.202479382
5/16/2019 10:00,0.63075028,0.207317592
5/16/2019 11:00,0.644747761,0.211918341
5/16/2019 12:00,0.659699993,0.216832902
5/16/2019 13:00,0.653320019,0.214735906
5/16/2019 14:00,0.648544097,0.213166136
5/16/2019 15:00,0.635956589,0.209028822
5/16/2019 16:00,0.674676118,0.221755316
5/16/2019 17:00,0.696765561,0.229015765
5/16/2019 18:00,0.69940821,0.229884362
5/16/2019 19:00,0.702618743,0.230939613
5/16/2019 20:00,0.724986967,0.238291693
5/16/2019 21:00,0.725694199,0.238524149
5/16/2019 22:00,0.648195322,0.213051499
5/16/2019 23:00,0.591995306,0.194579448
5/17/2019 0:00,0.532949621,0.175172069
5/17/2019 1:00,0.506675241,0.166536098
5/17/2019 2:00,0.466937949,0.153475082
5/17/2019 3:00,0.395802976,0.130094147
5/17/2019 4:00,0.35183981,0.115644153
5/17/2019 5:00,0.248406927,0.081647409
5/17/2019 6:00,0.158227533,0.052006875
5/17/2019 7:00,0.118568721,0.038971654
5/17/2019 8:00,0.089639316,0.029463018
5/17/2019 9:00,0.07097546,0.023328506
5/17/2019 10:00,0.045690012,0.015017581
5/17/2019 11:00,0.063609749,0.020907513
5/17/2019 12:00,0.111611965,0.036685079
5/17/2019 13:00,0.146647622,0.048200742
5/17/2019 14:00,0.155706836,0.051178362
5/17/2019 15:00,0.148859457,0.048927738
5/17/2019 16:00,0.164890593,0.054196917
5/17/2019 17:00,0.190115215,0.062487849
5/17/2019 18:00,0.148954864,0.048959096
5/17/2019 19:00,0.141140547,0.046390654
5/17/2019 20:00,0.153733924,0.050529897
5/17/2019 21:00,0.113200495,0.037207203
5/17/2019 22:00,0.047099177,0.015480751
5/17/2019 23:00,0.018145988,0.005964298
5/18/2019 0:00,0.009394042,0.003087672
5/18/2019 1:00,0.015081521,0.004957056
5/18/2019 2:00,0.026413199,0.008681599
5/18/2019 3:00,0.049054969,0.016123589
5/18/2019 4:00,0.095607739,0.031424744
5/18/2019 5:00,0.116006664,0.038129547
5/18/2019 6:00,0.101204799,0.033264409
5/18/2019 7:00,0.056600836,0.018603795
5/18/2019 8:00,0.017742689,0.00583174
5/18/2019 9:00,0,0
5/18/2019 10:00,0,0
5/18/2019 11:00,0,0
5/18/2019 12:00,0,0
5/18/2019 13:00,0,0
5/18/2019 14:00,0.01741815,0.005725069
5/18/2019 15:00,0.048848297,0.016055659
5/18/2019 16:00,0.070416441,0.023144765
5/18/2019 17:00,0.093565749,0.030753575
5/18/2019 18:00,0.09737563,0.032005822
5/18/2019 19:00,0.07663635,0.02518915
5/18/2019 20:00,0.059101044,0.019425574
5/18/2019 21:00,0.055329766,0.018186014
5/18/2019 22:00,0.065876221,0.021652467
5/18/2019 23:00,0.04328378,0.014226691
5/19/2019 0:00,0.033068251,0.010869008
5/19/2019 1:00,0.035921533,0.011806837
5/19/2019 2:00,0.041357037,0.013593401
5/19/2019 3:00,0.046221875,0.015192396
5/19/2019 4:00,0.048215468,0.015847658
5/19/2019 5:00,0.043798333,0.014395816
5/19/2019 6:00,0.036688271,0.012058851
5/19/2019 7:00,0.032468435,0.010671858
5/19/2019 8:00,0.02092246,0.00687688
5/19/2019 9:00,0.013107922,0.004308365
5/19/2019 10:00,0,0
5/19/2019 11:00,0,0
5/19/2019 12:00,0,0
5/19/2019 13:00,0,0
5/19/2019 14:00,0,0
5/19/2019 15:00,0.002946469,0.000968457
5/19/2019 16:00,0.013083663,0.004300392
5/19/2019 17:00,0.021543475,0.007080998
5/19/2019 18:00,0.02933561,0.009642149
5/19/2019 19:00,0.019371764,0.006367191
5/19/2019 20:00,0.013026055,0.004281457
5/19/2019 21:00,0.007825861,0.002572236
5/19/2019 22:00,0.006266668,0.002059754
5/19/2019 23:00,0,0
5/20/2019 0:00,0,0
5/20/2019 1:00,0,0
5/20/2019 2:00,0,0
5/20/2019 3:00,0,0
5/20/2019 4:00,0,0
5/20/2019 5:00,0,0
5/20/2019 6:00,0,0
5/20/2019 7:00,0,0
5/20/2019 8:00,0,0
5/20/2019 9:00,0.007583382,0.002492537
5/20/2019 10:00,0.0007897,0.000259562
5/20/2019 11:00,0,0
5/20/2019 12:00,0,0
5/20/2019 13:00,0,0
5/20/2019 14:00,0,0
5/20/2019 15:00,0,0
5/20/2019 16:00,0,0
5/20/2019 17:00,0,0
5/20/2019 18:00,0,0
5/20/2019 19:00,0,0
5/20/2019 20:00,0,0
5/20/2019 21:00,0,0
5/20/2019 22:00,0,0
5/20/2019 23:00,0,0
5/21/2019 0:00,0,0
5/21/2019 1:00,0.023356852,0.007677026
5/21/2019 2:00,0.070843591,0.023285162
5/21/2019 3:00,0.091250327,0.029992532
5/21/2019 4:00,0.088413535,0.029060124
5/21/2019 5:00,0.084569398,0.027796617
5/21/2019 6:00,0.083833695,0.027554803
5/21/2019 7:00,0.071916584,0.023637838
5/21/2019 8:00,0.069569207,0.022866293
5/21/2019 9:00,0.076840617,0.025256289
5/21/2019 10:00,0.103730781,0.034094659
5/21/2019 11:00,0.145044704,0.047673889
5/21/2019 12:00,0.180268315,0.05925133
5/21/2019 13:00,0.19191603,0.063079748
5/21/2019 14:00,0.206413923,0.067844976
5/21/2019 15:00,0.208711075,0.068600013
5/21/2019 16:00,0.210531885,0.069198484
5/21/2019 17:00,0.202999143,0.066722592
5/21/2019 18:00,0.20341683,0.066859879
5/21/2019 19:00,0.205634585,0.067588819
5/21/2019 20:00,0.186150876,0.061184834
5/21/2019 21:00,0.12819165,0.042134558
5/21/2019 22:00,0.070022213,0.023015188
5/21/2019 23:00,0.027946257,0.00918549
5/22/2019 0:00,0.019182023,0.006304826
5/22/2019 1:00,0.023734881,0.007801278
5/22/2019 2:00,0.036415436,0.011969175
5/22/2019 3:00,0.064657632,0.021251936
5/22/2019 4:00,0.093224488,0.030641408
5/22/2019 5:00,0.139378827,0.045811605
5/22/2019 6:00,0.153355047,0.050405366
5/22/2019 7:00,0.175339125,0.057631183
5/22/2019 8:00,0.214668587,0.070558153
5/22/2019 9:00,0.272105978,0.08943691
5/22/2019 10:00,0.358145114,0.117716606
5/22/2019 11:00,0.463727654,0.152419909
5/22/2019 12:00,0.437459102,0.143785853
5/22/2019 13:00,0.346957878,0.11403954
5/22/2019 14:00,0.406099525,0.133478459
5/22/2019 15:00,0.446490256,0.14675425
5/22/2019 16:00,0.480226836,0.157842928
5/22/2019 17:00,0.512726732,0.168525127
5/22/2019 18:00,0.553347625,0.181876569
5/22/2019 19:00,0.556103714,0.182782452
5/22/2019 20:00,0.60036499,0.19733043
5/22/2019 21:00,0.616307491,0.202570476
5/22/2019 22:00,0.563255899,0.185133261
5/22/2019 23:00,0.586623953,0.192813969
5/23/2019 0:00,0.671833613,0.22082103
5/23/2019 1:00,0.699572304,0.229938297
5/23/2019 2:00,0.746710266,0.245431796
5/23/2019 3:00,0.723249182,0.23772051
5/23/2019 4:00,0.658336899,0.216384874
5/23/2019 5:00,0.604942352,0.198834936
5/23/2019 6:00,0.606692929,0.199410322
5/23/2019 7:00,0.68532233,0.225254557
5/23/2019 8:00,0.766426781,0.251912301
5/23/2019 9:00,0.78153425,0.256877886
5/23/2019 10:00,0.830040632,0.272821163
5/23/2019 11:00,0.839183107,0.275826148
5/23/2019 12:00,0.845873425,0.27802515
5/23/2019 13:00,0.839252023,0.2758488
5/23/2019 14:00,0.84796683,0.278713219
5/23/2019 15:00,0.860965472,0.282985666
5/23/2019 16:00,0.85640349,0.281486215
5/23/2019 17:00,0.856396184,0.281483813
5/23/2019 18:00,0.835812532,0.274718294
5/23/2019 19:00,0.816647579,0.268419079
5/23/2019 20:00,0.787223557,0.25874787
5/23/2019 21:00,0.749271423,0.246273607
5/23/2019 22:00,0.711082563,0.233721536
5/23/2019 23:00,0.661806372,0.217525235
5/24/2019 0:00,0.596420579,0.196033964
5/24/2019 1:00,0.559089396,0.183763798
5/24/2019 2:00,0.572783325,0.188264775
5/24/2019 3:00,0.536704632,0.176406282
5/24/2019 4:00,0.50411578,0.165694844
5/24/2019 5:00,0.476389724,0.15658173
5/24/2019 6:00,0.448793275,0.147511216
5/24/2019 7:00,0.412890929,0.135710686
5/24/2019 8:00,0.453418632,0.149031497
5/24/2019 9:00,0.444517854,0.146105953
5/24/2019 10:00,0.407918788,0.134076422
5/24/2019 11:00,0.387795969,0.127462371
5/24/2019 12:00,0.398427851,0.130956902
5/24/2019 13:00,0.453627342,0.149100097
5/24/2019 14:00,0.460112896,0.151231796
5/24/2019 15:00,0.426887392,0.1403111
5/24/2019 16:00,0.477234397,0.156859361
5/24/2019 17:00,0.476748127,0.156699531
5/24/2019 18:00,0.368822483,0.121226088
5/24/2019 19:00,0.265447868,0.087248495
5/24/2019 20:00,0.18948423,0.062280455
5/24/2019 21:00,0.181331938,0.059600926
5/24/2019 22:00,0.176187435,0.057910009
5/24/2019 23:00,0.149856377,0.049255409
5/25/2019 0:00,0.098962848,0.032527515
5/25/2019 1:00,0.085329401,0.028046418
5/25/2019 2:00,0.073843875,0.024271308
5/25/2019 3:00,0.067462733,0.022173928
5/25/2019 4:00,0.083613484,0.027482423
5/25/2019 5:00,0.09807598,0.032236016
5/25/2019 6:00,0.087562334,0.028780347
5/25/2019 7:00,0.092604184,0.030437523
5/25/2019 8:00,0.106036195,0.034852412
5/25/2019 9:00,0.092657175,0.030454941
5/25/2019 10:00,0.108748652,0.035743953
5/25/2019 11:00,0.080896557,0.026589412
5/25/2019 12:00,0.070974538,0.023328202
5/25/2019 13:00,0.048666454,0.01599589
5/25/2019 14:00,0.031887199,0.010480816
5/25/2019 15:00,0.027174532,0.008931837
5/25/2019 16:00,0.015268357,0.005018466
5/25/2019 17:00,0.012439707,0.004088734
5/25/2019 18:00,0.018733654,0.006157454
5/25/2019 19:00,0.024298635,0.007986575
5/25/2019 20:00,0.026859202,0.008828193
5/25/2019 21:00,0.022879011,0.007519967
5/25/2019 22:00,0.015342275,0.005042762
5/25/2019 23:00,0.015509047,0.005097577
5/26/2019 0:00,0.011260311,0.003701085
5/26/2019 1:00,0.027383587,0.00900055
5/26/2019 2:00,0.011089939,0.003645087
5/26/2019 3:00,0.029186388,0.009593102
5/26/2019 4:00,0.068210423,0.022419682
5/26/2019 5:00,0.072066329,0.023687057
5/26/2019 6:00,0.098661201,0.032428369
5/26/2019 7:00,0.128207389,0.042139731
5/26/2019 8:00,0.173717924,0.057098321
5/26/2019 9:00,0.215612832,0.070868511
5/26/2019 10:00,0.160824794,0.052860554
5/26/2019 11:00,0.1393211,0.045792631
5/26/2019 12:00,0.157033398,0.051614382
5/26/2019 13:00,0.179062544,0.058855012
5/26/2019 14:00,0.187310709,0.061566053
5/26/2019 15:00,0.230755707,0.075845733
5/26/2019 16:00,0.26161283,0.085987979
5/26/2019 17:00,0.282674837,0.092910726
5/26/2019 18:00,0.297183152,0.097679378
5/26/2019 19:00,0.258504863,0.08496644
5/26/2019 20:00,0.219256254,0.072066046
5/26/2019 21:00,0.193976412,0.063756963
5/26/2019 22:00,0.170582488,0.056067753
5/26/2019 23:00,0.188706195,0.062024727
5/27/2019 0:00,0.175457813,0.057670194
5/27/2019 1:00,0.165243659,0.054312964
5/27/2019 2:00,0.178365682,0.058625965
5/27/2019 3:00,0.184344993,0.060591269
5/27/2019 4:00,0.18236156,0.059939346
5/27/2019 5:00,0.158924736,0.052236035
5/27/2019 6:00,0.126800112,0.041677181
5/27/2019 7:00,0.100008417,0.032871177
5/27/2019 8:00,0.083854539,0.027561654
5/27/2019 9:00,0.068901793,0.022646924
5/27/2019 10:00,0.033846659,0.011124859
5/27/2019 11:00,0.03697507,0.012153118
5/27/2019 12:00,0.051818857,0.017032035
5/27/2019 13:00,0.061308594,0.02015116
5/27/2019 14:00,0.064749617,0.02128217
5/27/2019 15:00,0.064048318,0.021051664
5/27/2019 16:00,0.075841962,0.024928047
5/27/2019 17:00,0.082685608,0.027177445
5/27/2019 18:00,0.086810635,0.028533276
5/27/2019 19:00,0.087552032,0.028776961
5/27/2019 20:00,0.088374005,0.029047131
5/27/2019 21:00,0.092814603,0.030506685
5/27/2019 22:00,0.122176991,0.040157635
5/27/2019 23:00,0.143326719,0.047109214
5/28/2019 0:00,0.136448379,0.044848413
5/28/2019 1:00,0.142006126,0.046675156
5/28/2019 2:00,0.18355683,0.060332212
5/28/2019 3:00,0.245386586,0.08065467
5/28/2019 4:00,0.245625841,0.08073331
5/28/2019 5:00,0.242466397,0.079694851
5/28/2019 6:00,0.222881039,0.073257455
5/28/2019 7:00,0.217533938,0.071499948
5/28/2019 8:00,0.199274487,0.065498356
5/28/2019 9:00,0.189677637,0.062344025
5/28/2019 10:00,0.213955207,0.070323676
5/28/2019 11:00,0.257641885,0.084682792
5/28/2019 12:00,0.290178908,0.095377195
5/28/2019 13:00,0.319314986,0.104953761
5/28/2019 14:00,0.385387827,0.126670853
5/28/2019 15:00,0.461264,0.151610145
5/28/2019 16:00,0.46960877,0.154352938
5/28/2019 17:00,0.450865331,0.148192268
5/28/2019 18:00,0.458323818,0.150643754
5/28/2019 19:00,0.374183459,0.122988156
5/28/2019 20:00,0.328328038,0.107916207
5/28/2019 21:00,0.252470888,0.082983168
5/28/2019 22:00,0.124137931,0.040802165
5/28/2019 23:00,0.070855363,0.023289032
5/29/2019 0:00,0.035738215,0.011746583
5/29/2019 1:00,0.020708914,0.006806691
5/29/2019 2:00,0.08849932,0.02908832
5/29/2019 3:00,0.202745136,0.066639104
5/29/2019 4:00,0.27839971,0.09150556
5/29/2019 5:00,0.323379886,0.106289829
5/29/2019 6:00,0.300499569,0.098769432
5/29/2019 7:00,0.278077481,0.091399648
5/29/2019 8:00,0.312155236,0.102600465
5/29/2019 9:00,0.262242726,0.086195016
5/29/2019 10:00,0.139035541,0.045698772
5/29/2019 11:00,0.084004147,0.027610828
5/29/2019 12:00,0.079128279,0.026008208
5/29/2019 13:00,0.039076454,0.012843809
5/29/2019 14:00,0.025862913,0.008500728
5/29/2019 15:00,0.016940066,0.00556793
5/29/2019 16:00,0.008561027,0.002813874
5/29/2019 17:00,0,0
5/29/2019 18:00,0,0
5/29/2019 19:00,0,0
5/29/2019 20:00,0,0
5/29/2019 21:00,0,0
5/29/2019 22:00,0.008945736,0.002940321
5/29/2019 23:00,0.020984478,0.006897264
5/30/2019 0:00,0.046628401,0.015326014
5/30/2019 1:00,0.083638985,0.027490805
5/30/2019 2:00,0.09819619,0.032275527
5/30/2019 3:00,0.102464608,0.033678488
5/30/2019 4:00,0.097294622,0.031979196
5/30/2019 5:00,0.080652083,0.026509058
5/30/2019 6:00,0.0536694,0.017640279
5/30/2019 7:00,0.034443531,0.011321041
5/30/2019 8:00,0.026894607,0.00883983
5/30/2019 9:00,0.025544421,0.008396045
5/30/2019 10:00,0.021777422,0.007157892
5/30/2019 11:00,0.038766556,0.012741951
5/30/2019 12:00,0.051809911,0.017029094
5/30/2019 13:00,0.038435843,0.012633251
5/30/2019 14:00,0.02193468,0.007209581
5/30/2019 15:00,0.018491343,0.006077811
5/30/2019 16:00,0.007137414,0.002345955
5/30/2019 17:00,0,0
5/30/2019 18:00,0,0
5/30/2019 19:00,0,0
5/30/2019 20:00,0,0
5/30/2019 21:00,0,0
5/30/2019 22:00,0,0
5/30/2019 23:00,0,0
5/31/2019 0:00,0,0
5/31/2019 1:00,0.008692782,0.002857179
5/31/2019 2:00,0.044363875,0.0145817
5/31/2019 3:00,0.069546413,0.022858801
5/31/2019 4:00,0.087846007,0.028873586
5/31/2019 5:00,0.154025652,0.050625784
5/31/2019 6:00,0.219741314,0.072225477
5/31/2019 7:00,0.267419238,0.087896453
5/31/2019 8:00,0.394408053,0.129635658
5/31/2019 9:00,0.515417803,0.169409639
5/31/2019 10:00,0.530073655,0.174226785
5/31/2019 11:00,0.526355777,0.173004777
5/31/2019 12:00,0.54732912,0.179898382
5/31/2019 13:00,0.495580625,0.162889474
5/31/2019 14:00,0.330869821,0.108751651
5/31/2019 15:00,0.226676951,0.074505111
5/31/2019 16:00,0.13776505,0.045281182
5/31/2019 17:00,0.095099673,0.031257751
5/31/2019 18:00,0.131466486,0.043210944
5/31/2019 19:00,0.275540589,0.090565812
5/31/2019 20:00,0.543975163,0.17879599
5/31/2019 21:00,0.712150656,0.234072601
5/31/2019 22:00,0.446670065,0.14681335
5/31/2019 23:00,0.498852111,0.16396476
06/01/2019 00:00,0.57911729,0.190346648
06/01/2019 01:00,0.529593401,0.174068933
06/01/2019 02:00,0.463891922,0.152473901
06/01/2019 03:00,0.472981379,0.155461461
06/01/2019 04:00,0.541440037,0.177962734
06/01/2019 05:00,0.587378169,0.193061868
06/01/2019 06:00,0.571022626,0.187686061
06/01/2019 07:00,0.604007268,0.198527588
06/01/2019 08:00,0.531327,0.17463874
06/01/2019 09:00,0.43714898,0.143683921
06/01/2019 10:00,0.346238366,0.113803047
06/01/2019 11:00,0.255335966,0.083924874
06/01/2019 12:00,0.222978849,0.073289603
06/01/2019 13:00,0.191209922,0.062847662
06/01/2019 14:00,0.171870598,0.056491134
06/01/2019 15:00,0.142536979,0.046849639
06/01/2019 16:00,0.130873222,0.043015948
06/01/2019 17:00,0.121139821,0.039816734
06/01/2019 18:00,0.08908914,0.029282184
06/01/2019 19:00,0.058757399,0.019312623
06/01/2019 20:00,0.029288922,0.009626803
06/01/2019 21:00,0.01397841,0.004594481
06/01/2019 22:00,0.009706188,0.00319027
06/01/2019 23:00,0.038059096,0.01250942
06/02/2019 00:00,0.082959152,0.027267355
06/02/2019 01:00,0.105557019,0.034694914
06/02/2019 02:00,0.135056747,0.044391006
06/02/2019 03:00,0.186262435,0.061221502
06/02/2019 04:00,0.222659094,0.073184505
06/02/2019 05:00,0.290812301,0.095585381
06/02/2019 06:00,0.366408125,0.120432527
06/02/2019 07:00,0.473548027,0.15564771
06/02/2019 08:00,0.552257208,0.181518166
06/02/2019 09:00,0.55421593,0.182161967
06/02/2019 10:00,0.503157393,0.165379837
06/02/2019 11:00,0.446764392,0.146844354
06/02/2019 12:00,0.446883444,0.146883485
06/02/2019 13:00,0.495174701,0.162756053
06/02/2019 14:00,0.412779408,0.135674031
06/02/2019 15:00,0.206382424,0.067834622
06/02/2019 16:00,0.065935544,0.021671965
06/02/2019 17:00,0.031835487,0.010463818
06/02/2019 18:00,0.064011872,0.021039685
06/02/2019 19:00,0.045434915,0.014933734
06/02/2019 20:00,0.009982957,0.003281239
06/02/2019 21:00,0,0
06/02/2019 22:00,0,0
06/02/2019 23:00,0.018713523,0.006150838
06/03/2019 00:00,0.102943381,0.033835853
06/03/2019 01:00,0.142078107,0.046698815
06/03/2019 02:00,0.090108711,0.029617301
06/03/2019 03:00,0.16182918,0.053190679
06/03/2019 04:00,0.225843504,0.07423117
06/03/2019 05:00,0.205946073,0.067691201
06/03/2019 06:00,0.147452891,0.048465422
06/03/2019 07:00,0.126064818,0.041435502
06/03/2019 08:00,0.100647099,0.033081102
06/03/2019 09:00,0.076850054,0.025259391
06/03/2019 10:00,0.181592,0.059686404
06/03/2019 11:00,0.506968918,0.166632625
06/03/2019 12:00,0.724139825,0.238013251
06/03/2019 13:00,0.819297584,0.269290093
06/03/2019 14:00,0.869185136,0.285687339
06/03/2019 15:00,0.882746315,0.290144683
06/03/2019 16:00,0.898321333,0.295263943
06/03/2019 17:00,0.87451805,0.287440183
06/03/2019 18:00,0.802072999,0.263628646
06/03/2019 19:00,0.716075326,0.235362578
06/03/2019 20:00,0.669410477,0.220024584
06/03/2019 21:00,0.623978052,0.205091668
06/03/2019 22:00,0.718170123,0.236051104
06/03/2019 23:00,0.634135665,0.208430314
06/04/2019 00:00,0.583024413,0.191630858
06/04/2019 01:00,0.511968046,0.168275759
06/04/2019 02:00,0.432292386,0.142087636
06/04/2019 03:00,0.362525078,0.119156231
06/04/2019 04:00,0.322628595,0.106042891
06/04/2019 05:00,0.270308609,0.088846143
06/04/2019 06:00,0.263028088,0.086453152
06/04/2019 07:00,0.266203464,0.087496847
06/04/2019 08:00,0.226084894,0.074310511
06/04/2019 09:00,0.187464026,0.061616446
06/04/2019 10:00,0.206304899,0.067809141
06/04/2019 11:00,0.163940787,0.053884731
06/04/2019 12:00,0.120323074,0.039548282
06/04/2019 13:00,0.091748767,0.030156361
06/04/2019 14:00,0.070248761,0.023089651
06/04/2019 15:00,0.043589406,0.014327145
06/04/2019 16:00,0.022683004,0.007455543
06/04/2019 17:00,0.015496183,0.005093349
06/04/2019 18:00,0.006628796,0.00217878
06/04/2019 19:00,0,0
06/04/2019 20:00,0.007813558,0.002568192
06/04/2019 21:00,0.006250206,0.002054343
06/04/2019 22:00,0.018979464,0.006238248
06/04/2019 23:00,0.0452625,0.014877064
06/05/2019 00:00,0.061521479,0.020221132
06/05/2019 01:00,0.075420609,0.024789555
06/05/2019 02:00,0.108592168,0.035692519
06/05/2019 03:00,0.127042744,0.041756931
06/05/2019 04:00,0.14302236,0.047009176
06/05/2019 05:00,0.1618546,0.053199034
06/05/2019 06:00,0.173499423,0.057026503
06/05/2019 07:00,0.167834592,0.055164563
06/05/2019 08:00,0.148120007,0.048684692
06/05/2019 09:00,0.131490534,0.043218849
06/05/2019 10:00,0.137858938,0.045312042
06/05/2019 11:00,0.086083317,0.028294218
06/05/2019 12:00,0.071681491,0.023560567
06/05/2019 13:00,0.089696557,0.029481833
06/05/2019 14:00,0.069219113,0.022751222
06/05/2019 15:00,0.041752104,0.013723253
06/05/2019 16:00,0.029769994,0.009784924
06/05/2019 17:00,0.029950176,0.009844147
06/05/2019 18:00,0.013930622,0.004578774
06/05/2019 19:00,0.004285557,0.001408594
06/05/2019 20:00,7.78E-05,2.56E-05
06/05/2019 21:00,0,0
06/05/2019 22:00,0,0
06/05/2019 23:00,0,0
06/06/2019 00:00,0.000320314,0.000105282
06/06/2019 01:00,0.00692155,0.002275004
06/06/2019 02:00,0.017052471,0.005604876
06/06/2019 03:00,0.041372935,0.013598626
06/06/2019 04:00,0.092285606,0.030332812
06/06/2019 05:00,0.140564732,0.046201393
06/06/2019 06:00,0.210463973,0.069176163
06/06/2019 07:00,0.272176207,0.089459993
06/06/2019 08:00,0.2740826,0.090086594
06/06/2019 09:00,0.304205915,0.099987649
06/06/2019 10:00,0.345436166,0.113539377
06/06/2019 11:00,0.333368943,0.109573073
06/06/2019 12:00,0.185950373,0.061118932
06/06/2019 13:00,0.085903686,0.028235176
06/06/2019 14:00,0.042708785,0.014037699
06/06/2019 15:00,0.036478751,0.011989986
06/06/2019 16:00,0.022114764,0.007268771
06/06/2019 17:00,0.020164921,0.006627889
06/06/2019 18:00,0.027101174,0.008907725
06/06/2019 19:00,0.021903782,0.007199425
06/06/2019 20:00,0.008572954,0.002817794
06/06/2019 21:00,0.005505471,0.001809561
06/06/2019 22:00,0.005872226,0.001930107
06/06/2019 23:00,0.002211438,0.000726864
06/07/2019 00:00,0.008593859,0.002824665
06/07/2019 01:00,0.018464568,0.00606901
06/07/2019 02:00,0.041259471,0.013561332
06/07/2019 03:00,0.06445546,0.021185485
06/07/2019 04:00,0.058559155,0.019247463
06/07/2019 05:00,0.040738503,0.013390099
06/07/2019 06:00,0.033590039,0.011040512
06/07/2019 07:00,0.039999048,0.013147051
06/07/2019 08:00,0.036863308,0.012116384
06/07/2019 09:00,0.031872425,0.01047596
06/07/2019 10:00,0,0
06/07/2019 11:00,0,0
06/07/2019 12:00,0,0
06/07/2019 13:00,0.016377703,0.005383091
06/07/2019 14:00,0.027211491,0.008943985
06/07/2019 15:00,0.01643777,0.005402834
06/07/2019 16:00,0.029850306,0.009811321
06/07/2019 17:00,0.076250379,0.025062288
06/07/2019 18:00,0.073877001,0.024282196
06/07/2019 19:00,0.066866419,0.021977929
06/07/2019 20:00,0.090862662,0.029865113
06/07/2019 21:00,0.13230636,0.043486998
06/07/2019 22:00,0.137540299,0.04520731
06/07/2019 23:00,0.121764955,0.040022205
06/08/2019 00:00,0.113038044,0.037153808
06/08/2019 01:00,0.095867866,0.031510244
06/08/2019 02:00,0.075443973,0.024797235
06/08/2019 03:00,0.048639989,0.015987191
06/08/2019 04:00,0.041014597,0.013480846
06/08/2019 05:00,0.057539603,0.018912353
06/08/2019 06:00,0.079221173,0.02603874
06/08/2019 07:00,0.106768737,0.035093187
06/08/2019 08:00,0.105202227,0.0345783
06/08/2019 09:00,0.095882162,0.031514942
06/08/2019 10:00,0.081842284,0.026900258
06/08/2019 11:00,0.08065765,0.026510887
06/08/2019 12:00,0.102372686,0.033648275
06/08/2019 13:00,0.128999431,0.042400063
06/08/2019 14:00,0.156953867,0.051588241
06/08/2019 15:00,0.183357011,0.060266535
06/08/2019 16:00,0.210182207,0.06908355
06/08/2019 17:00,0.215817715,0.070935853
06/08/2019 18:00,0.178274737,0.058596072
06/08/2019 19:00,0.15066169,0.049520103
06/08/2019 20:00,0.131695623,0.043286258
06/08/2019 21:00,0.139197893,0.045752135
06/08/2019 22:00,0.133245126,0.043795555
06/08/2019 23:00,0.110894449,0.036449243
06/09/2019 00:00,0.080056052,0.026313152
06/09/2019 01:00,0.067811988,0.022288723
06/09/2019 02:00,0.086729449,0.028506591
06/09/2019 03:00,0.116105301,0.038161967
06/09/2019 04:00,0.123706708,0.040660428
06/09/2019 05:00,0.115107861,0.037834124
06/09/2019 06:00,0.089407576,0.029386849
06/09/2019 07:00,0.063646179,0.020919487
06/09/2019 08:00,0.045141109,0.014837165
06/09/2019 09:00,0.027697444,0.009103709
06/09/2019 10:00,0.022277697,0.007322325
06/09/2019 11:00,0.020430506,0.006715182
06/09/2019 12:00,0.019793493,0.006505807
06/09/2019 13:00,0.010667765,0.003506325
06/09/2019 14:00,0.002718159,0.000893416
06/09/2019 15:00,0.001731986,0.000569276
06/09/2019 16:00,0,0
06/09/2019 17:00,0,0
06/09/2019 18:00,0,0
06/09/2019 19:00,0,0
06/09/2019 20:00,0,0
06/09/2019 21:00,0,0
06/09/2019 22:00,0,0
06/09/2019 23:00,0,0
06/10/2019 00:00,0,0
06/10/2019 01:00,0,0
06/10/2019 02:00,0,0
06/10/2019 03:00,0.009288942,0.003053128
06/10/2019 04:00,0.019370713,0.006366846
06/10/2019 05:00,0.026417582,0.008683039
06/10/2019 06:00,0.032208774,0.010586512
06/10/2019 07:00,0.030674754,0.010082304
06/10/2019 08:00,0.034604422,0.011373924
06/10/2019 09:00,0.045798317,0.015053179
06/10/2019 10:00,0.068612741,0.022551917
06/10/2019 11:00,0.068453687,0.022499639
06/10/2019 12:00,0.056119026,0.018445432
06/10/2019 13:00,0.061222355,0.020122815
06/10/2019 14:00,0.088531196,0.029098797
06/10/2019 15:00,0.107023461,0.03517691
06/10/2019 16:00,0.099393319,0.032669004
06/10/2019 17:00,0.089815803,0.029521027
06/10/2019 18:00,0.078838881,0.025913087
06/10/2019 19:00,0.068916708,0.022651827
06/10/2019 20:00,0.071451525,0.023484981
06/10/2019 21:00,0.067193321,0.022085377
06/10/2019 22:00,0.069097141,0.022711132
06/10/2019 23:00,0.081869047,0.026909054
06/11/2019 00:00,0.108382969,0.035623759
06/11/2019 01:00,0.170133322,0.055920119
06/11/2019 02:00,0.259468149,0.085283056
06/11/2019 03:00,0.316240328,0.103943169
06/11/2019 04:00,0.31415061,0.103256312
06/11/2019 05:00,0.314124779,0.103247822
06/11/2019 06:00,0.360218901,0.118398227
06/11/2019 07:00,0.344121086,0.113107131
06/11/2019 08:00,0.373856003,0.122880526
06/11/2019 09:00,0.511170596,0.16801365
06/11/2019 10:00,0.444235443,0.146013129
06/11/2019 11:00,0.411043371,0.135103423
06/11/2019 12:00,0.361351226,0.118770404
06/11/2019 13:00,0.370465541,0.121766135
06/11/2019 14:00,0.39402032,0.129508216
06/11/2019 15:00,0.433646983,0.142532871
06/11/2019 16:00,0.468290882,0.15391977
06/11/2019 17:00,0.47372322,0.155705293
06/11/2019 18:00,0.447671252,0.147142425
06/11/2019 19:00,0.484142241,0.159129859
06/11/2019 20:00,0.572813389,0.188274656
06/11/2019 21:00,0.64221833,0.211086957
06/11/2019 22:00,0.794562548,0.26116008
06/11/2019 23:00,0.753625169,0.247704614
06/12/2019 00:00,0.731539615,0.240445444
06/12/2019 01:00,0.725484876,0.238455347
06/12/2019 02:00,0.753255294,0.247583042
06/12/2019 03:00,0.808422654,0.265715677
06/12/2019 04:00,0.826854182,0.271773827
06/12/2019 05:00,0.806683244,0.26514396
06/12/2019 06:00,0.803028068,0.263942562
06/12/2019 07:00,0.806758126,0.265168573
06/12/2019 08:00,0.778892959,0.256009735
06/12/2019 09:00,0.759764013,0.249722355
06/12/2019 10:00,0.721876691,0.237269394
06/12/2019 11:00,0.678718774,0.223084073
06/12/2019 12:00,0.680890782,0.223797977
06/12/2019 13:00,0.648778025,0.213243025
06/12/2019 14:00,0.640860964,0.210640812
06/12/2019 15:00,0.669476392,0.220046249
06/12/2019 16:00,0.729725171,0.239849065
06/12/2019 17:00,0.747686631,0.245752711
06/12/2019 18:00,0.709184048,0.233097524
06/12/2019 19:00,0.648614738,0.213189355
06/12/2019 20:00,0.633746042,0.208302251
06/12/2019 21:00,0.627746006,0.206330134
06/12/2019 22:00,0.575553728,0.189175362
06/12/2019 23:00,0.54140416,0.177950942
6/13/2019 0:00,0.479351056,0.157555073
6/13/2019 1:00,0.501608538,0.164870754
6/13/2019 2:00,0.546942,0.179771142
6/13/2019 3:00,0.587727182,0.193176583
6/13/2019 4:00,0.598743114,0.196797345
6/13/2019 5:00,0.583902331,0.191919415
6/13/2019 6:00,0.519478922,0.170744465
6/13/2019 7:00,0.406684998,0.133670895
6/13/2019 8:00,0.426867539,0.140304575
6/13/2019 9:00,0.551227504,0.181179719
6/13/2019 10:00,0.537062712,0.176523977
6/13/2019 11:00,0.566934445,0.186342341
6/13/2019 12:00,0.531237311,0.17460926
6/13/2019 13:00,0.517096609,0.169961436
6/13/2019 14:00,0.534177524,0.175575662
6/13/2019 15:00,0.565798247,0.185968891
6/13/2019 16:00,0.632229075,0.207803648
6/13/2019 17:00,0.516920504,0.169903553
6/13/2019 18:00,0.501574307,0.164859502
6/13/2019 19:00,0.568441503,0.186837687
6/13/2019 20:00,0.5848585,0.192233693
6/13/2019 21:00,0.24731011,0.081286902
6/13/2019 22:00,0.079715446,0.0262012
6/13/2019 23:00,0,0
6/14/2019 0:00,0,0
6/14/2019 1:00,0.047812209,0.015715113
6/14/2019 2:00,0.148378615,0.048769692
6/14/2019 3:00,0.315625282,0.103741013
6/14/2019 4:00,0.416475122,0.136888753
6/14/2019 5:00,0.401236403,0.131880028
6/14/2019 6:00,0.378705286,0.124474408
6/14/2019 7:00,0.413154857,0.135797435
6/14/2019 8:00,0.450575182,0.148096901
6/14/2019 9:00,0.46966623,0.154371825
6/14/2019 10:00,0.448505455,0.147416614
6/14/2019 11:00,0.577663368,0.189868767
6/14/2019 12:00,0.554552294,0.182272525
6/14/2019 13:00,0.552823303,0.181704233
6/14/2019 14:00,0.574633274,0.188872823
6/14/2019 15:00,0.617006139,0.202800111
6/14/2019 16:00,0.65440144,0.215091352
6/14/2019 17:00,0.630318703,0.207175739
6/14/2019 18:00,0.601704033,0.197770552
6/14/2019 19:00,0.53457849,0.175707453
6/14/2019 20:00,0.456447932,0.15002718
6/14/2019 21:00,0.378867301,0.12452766
6/14/2019 22:00,0.334133204,0.109824273
6/14/2019 23:00,0.270732595,0.088985501
6/15/2019 0:00,0.223672434,0.073517574
6/15/2019 1:00,0.203765959,0.066974632
6/15/2019 2:00,0.199483959,0.065567207
6/15/2019 3:00,0.250802736,0.082434873
6/15/2019 4:00,0.32913045,0.108179947
6/15/2019 5:00,0.320078485,0.10520471
6/15/2019 6:00,0.262051722,0.086132236
6/15/2019 7:00,0.31718238,0.104252807
6/15/2019 8:00,0.329164703,0.108191206
6/15/2019 9:00,0.350426618,0.115179659
6/15/2019 10:00,0.397246694,0.130568674
6/15/2019 11:00,0.436500432,0.143470754
6/15/2019 12:00,0.503656323,0.165543828
6/15/2019 13:00,0.443929634,0.145912614
6/15/2019 14:00,0.350584686,0.115231614
6/15/2019 15:00,0.360849637,0.11860554
6/15/2019 16:00,0.38618172,0.126931793
6/15/2019 17:00,0.335384422,0.110235529
6/15/2019 18:00,0.272134389,0.089446248
6/15/2019 19:00,0.295172603,0.097018543
6/15/2019 20:00,0.315211304,0.103604945
6/15/2019 21:00,0.361370886,0.118776866
6/15/2019 22:00,0.29909917,0.098309143
6/15/2019 23:00,0.269664148,0.088634319
6/16/2019 0:00,0.249088519,0.081871437
6/16/2019 1:00,0.26699655,0.087757522
6/16/2019 2:00,0.266187142,0.087491483
6/16/2019 3:00,0.223985679,0.073620532
6/16/2019 4:00,0.192244746,0.063187792
6/16/2019 5:00,0.161230033,0.052993749
6/16/2019 6:00,0.101986212,0.033521247
6/16/2019 7:00,0.068253071,0.0224337
6/16/2019 8:00,0.043610143,0.014333961
6/16/2019 9:00,0.039294548,0.012915493
6/16/2019 10:00,0.024379382,0.008013115
6/16/2019 11:00,0.021033484,0.006913372
6/16/2019 12:00,0.042727336,0.014043796
6/16/2019 13:00,0.057734124,0.018976289
6/16/2019 14:00,0.048834817,0.016051228
6/16/2019 15:00,0.025334344,0.008326996
6/16/2019 16:00,0.008596932,0.002825675
6/16/2019 17:00,0,0
6/16/2019 18:00,0,0
6/16/2019 19:00,0,0
6/16/2019 20:00,0,0
6/16/2019 21:00,0,0
6/16/2019 22:00,0.016342717,0.005371591
6/16/2019 23:00,0.035463353,0.011656241
6/17/2019 0:00,0.038568989,0.012677014
6/17/2019 1:00,0.039540482,0.012996328
6/17/2019 2:00,0.070780287,0.023264355
6/17/2019 3:00,0.122252119,0.040182328
6/17/2019 4:00,0.13033206,0.042838077
6/17/2019 5:00,0.05753197,0.018909844
6/17/2019 6:00,0,0
6/17/2019 7:00,0,0
6/17/2019 8:00,0.012844465,0.004221772
6/17/2019 9:00,0.084603385,0.027807788
6/17/2019 10:00,0.231834589,0.076200345
6/17/2019 11:00,0.242702991,0.079772616
6/17/2019 12:00,0.127188388,0.041804801
6/17/2019 13:00,0.040870309,0.013433421
6/17/2019 14:00,5.36E-06,1.76E-06
6/17/2019 15:00,0,0
6/17/2019 16:00,0,0
6/17/2019 17:00,0,0
6/17/2019 18:00,0,0
6/17/2019 19:00,0.000516321,0.000169707
6/17/2019 20:00,0.028736844,0.009445344
6/17/2019 21:00,0.094360633,0.03101484
6/17/2019 22:00,0.11292058,0.0371152
6/17/2019 23:00,0.104645264,0.034395235
6/18/2019 0:00,0.112251672,0.036895341
6/18/2019 1:00,0.141730816,0.046584666
6/18/2019 2:00,0.179001196,0.058834848
6/18/2019 3:00,0.241916789,0.079514203
6/18/2019 4:00,0.288114909,0.094698791
6/18/2019 5:00,0.316908049,0.104162638
6/18/2019 6:00,0.379064649,0.124592525
6/18/2019 7:00,0.420201257,0.138113474
6/18/2019 8:00,0.39850464,0.130982141
6/18/2019 9:00,0.491670167,0.161604169
6/18/2019 10:00,0.393763256,0.129423723
6/18/2019 11:00,0.514635773,0.169152599
6/18/2019 12:00,0.499250644,0.164095751
6/18/2019 13:00,0.485509216,0.159579162
6/18/2019 14:00,0.487456658,0.160219255
6/18/2019 15:00,0.422275556,0.138795263
6/18/2019 16:00,0.355188527,0.116744823
6/18/2019 17:00,0.290554879,0.09550077
6/18/2019 18:00,0.211516039,0.06952196
6/18/2019 19:00,0.142194745,0.046737152
6/18/2019 20:00,0.110496909,0.036318578
6/18/2019 21:00,0.106954943,0.03515439
6/18/2019 22:00,0.135743976,0.044616887
6/18/2019 23:00,0.115591137,0.03799297
6/19/2019 0:00,0.093896675,0.030862345
6/19/2019 1:00,0.097581913,0.032073624
6/19/2019 2:00,0.11602948,0.038137046
6/19/2019 3:00,0.131865637,0.043342139
6/19/2019 4:00,0.140407332,0.046149658
6/19/2019 5:00,0.145746809,0.04790466
6/19/2019 6:00,0.157811594,0.051870162
6/19/2019 7:00,0.149034421,0.048985245
6/19/2019 8:00,0.127513408,0.04191163
6/19/2019 9:00,0.09488172,0.031186113
6/19/2019 10:00,0.063731569,0.020947554
6/19/2019 11:00,0.039710819,0.013052315
6/19/2019 12:00,0.013790156,0.004532605
6/19/2019 13:00,0,0
6/19/2019 14:00,0,0
6/19/2019 15:00,0,0
6/19/2019 16:00,0,0
6/19/2019 17:00,0.004778811,0.001570719
6/19/2019 18:00,0,0
6/19/2019 19:00,0,0
6/19/2019 20:00,0,0
6/19/2019 21:00,0,0
6/19/2019 22:00,0,0
6/19/2019 23:00,0.009766197,0.003209994
6/20/2019 0:00,0.030771612,0.01011414
6/20/2019 1:00,0.023549499,0.007740346
6/20/2019 2:00,0.020315735,0.006677459
6/20/2019 3:00,0.029512788,0.009700384
6/20/2019 4:00,0.03375339,0.011094203
6/20/2019 5:00,0.034254042,0.011258759
6/20/2019 6:00,0.029875551,0.009819619
6/20/2019 7:00,0.02477708,0.008143832
6/20/2019 8:00,0.022685489,0.007456359
6/20/2019 9:00,0.019129407,0.006287532
6/20/2019 10:00,0.012705685,0.004176157
6/20/2019 11:00,0.023484782,0.007719075
6/20/2019 12:00,0.042259426,0.013890001
6/20/2019 13:00,0.179401618,0.05896646
6/20/2019 14:00,0.308380492,0.101359766
6/20/2019 15:00,0.434132188,0.14269235
6/20/2019 16:00,0.514857451,0.169225461
6/20/2019 17:00,0.593812357,0.195176683
6/20/2019 18:00,0.571338248,0.187789801
6/20/2019 19:00,0.517496059,0.170092729
6/20/2019 20:00,0.555363866,0.182539275
6/20/2019 21:00,0.570679426,0.187573257
6/20/2019 22:00,0.606919171,0.199484685
6/20/2019 23:00,0.625005766,0.205429461
6/21/2019 0:00,0.597867387,0.196509507
6/21/2019 1:00,0.56404689,0.185393247
6/21/2019 2:00,0.565277958,0.18579788
6/21/2019 3:00,0.593470467,0.195064309
6/21/2019 4:00,0.551782363,0.181362092
6/21/2019 5:00,0.484817225,0.159351716
6/21/2019 6:00,0.429393548,0.141134834
6/21/2019 7:00,0.449722143,0.14781652
6/21/2019 8:00,0.466625235,0.153372298
6/21/2019 9:00,0.504402948,0.165789231
6/21/2019 10:00,0.671732783,0.220787889
6/21/2019 11:00,0.658734237,0.216515473
6/21/2019 12:00,0.627474476,0.206240887
6/21/2019 13:00,0.6032828,0.198289467
6/21/2019 14:00,0.610709623,0.200730546
6/21/2019 15:00,0.59123723,0.19433028
6/21/2019 16:00,0.571994122,0.188005376
6/21/2019 17:00,0.5280388,0.17355796
6/21/2019 18:00,0.45311154,0.148930561
6/21/2019 19:00,0.354809864,0.116620363
6/21/2019 20:00,0.289391283,0.095118315
6/21/2019 21:00,0.259511498,0.085297305
6/21/2019 22:00,0.225824391,0.074224888
6/21/2019 23:00,0.220841997,0.072587254
6/22/2019 0:00,0.216291317,0.071091518
6/22/2019 1:00,0.203824268,0.066993797
6/22/2019 2:00,0.173041605,0.056876025
6/22/2019 3:00,0.149273013,0.049063667
6/22/2019 4:00,0.150808988,0.049568517
6/22/2019 5:00,0.14847081,0.048799995
6/22/2019 6:00,0.113226773,0.037215841
6/22/2019 7:00,0.084313087,0.027712372
6/22/2019 8:00,0.069595896,0.022875065
6/22/2019 9:00,0.066058299,0.021712313
6/22/2019 10:00,0.05332228,0.017526186
6/22/2019 11:00,0.057146036,0.018782994
6/22/2019 12:00,0.044149789,0.014511334
6/22/2019 13:00,0.052214624,0.017162117
6/22/2019 14:00,0.043679061,0.014356613
6/22/2019 15:00,0.026680955,0.008769606
6/22/2019 16:00,0.007805126,0.002565421
6/22/2019 17:00,0,0
6/22/2019 18:00,0,0
6/22/2019 19:00,0,0
6/22/2019 20:00,0,0
6/22/2019 21:00,0,0
6/22/2019 22:00,0,0
6/22/2019 23:00,0,0
6/23/2019 0:00,0,0
6/23/2019 1:00,0,0
6/23/2019 2:00,0,0
6/23/2019 3:00,0,0
6/23/2019 4:00,0,0
6/23/2019 5:00,0.009845315,0.003235999
6/23/2019 6:00,0.018613972,0.006118117
6/23/2019 7:00,0.022922365,0.007534217
6/23/2019 8:00,0.031461477,0.010340888
6/23/2019 9:00,0.041461872,0.013627858
6/23/2019 10:00,0.062933812,0.020685344
6/23/2019 11:00,0.104023122,0.034190747
6/23/2019 12:00,0.148346516,0.048759142
6/23/2019 13:00,0.187737094,0.061706199
6/23/2019 14:00,0.217162845,0.071377976
6/23/2019 15:00,0.252363721,0.082947944
6/23/2019 16:00,0.275352139,0.090503872
6/23/2019 17:00,0.266480142,0.087587787
6/23/2019 18:00,0.262390614,0.086243624
6/23/2019 19:00,0.275224315,0.090461858
6/23/2019 20:00,0.30703724,0.10091826
6/23/2019 21:00,0.325576099,0.107011689
6/23/2019 22:00,0.432011903,0.141995446
6/23/2019 23:00,0.356860208,0.117294278
6/24/2019 0:00,0.313154503,0.102928908
6/24/2019 1:00,0.295175203,0.097019398
6/24/2019 2:00,0.235942656,0.077550601
6/24/2019 3:00,0.179593006,0.059029367
6/24/2019 4:00,0.137117727,0.045068417
6/24/2019 5:00,0.139805703,0.045951912
6/24/2019 6:00,0.154058833,0.05063669
6/24/2019 7:00,0.165552492,0.054414473
6/24/2019 8:00,0.193242649,0.063515787
6/24/2019 9:00,0.20131912,0.066170395
6/24/2019 10:00,0.295370914,0.097083724
6/24/2019 11:00,0.20047506,0.065892966
6/24/2019 12:00,0.169526699,0.055720731
6/24/2019 13:00,0.236607918,0.077769262
6/24/2019 14:00,0.302299214,0.099360947
6/24/2019 15:00,0.345142863,0.113442973
6/24/2019 16:00,0.385291041,0.126639041
6/24/2019 17:00,0.416496645,0.136895827
6/24/2019 18:00,0.405275388,0.133207578
6/24/2019 19:00,0.414841228,0.136351718
6/24/2019 20:00,0.439547902,0.144472409
6/24/2019 21:00,0.487855572,0.160350372
6/24/2019 22:00,0.498458719,0.163835458
6/24/2019 23:00,0.525483919,0.172718212
6/25/2019 0:00,0.542150452,0.178196236
6/25/2019 1:00,0.507518323,0.166813206
6/25/2019 2:00,0.481193993,0.158160817
6/25/2019 3:00,0.445685907,0.146489873
6/25/2019 4:00,0.422242783,0.138784491
6/25/2019 5:00,0.377008399,0.123916668
6/25/2019 6:00,0.325209792,0.10689129
6/25/2019 7:00,0.274398979,0.090190583
6/25/2019 8:00,0.27492168,0.090362386
6/25/2019 9:00,0.277540826,0.091223258
6/25/2019 10:00,0.265600963,0.087298815
6/25/2019 11:00,0.257035781,0.084483576
6/25/2019 12:00,0.227971906,0.074930742
6/25/2019 13:00,0.186335164,0.061245407
6/25/2019 14:00,0.186792183,0.061395622
6/25/2019 15:00,0.15436582,0.050737591
6/25/2019 16:00,0.126345641,0.041527804
6/25/2019 17:00,0.132034721,0.043397714
6/25/2019 18:00,0.142859135,0.046955527
6/25/2019 19:00,0.139322904,0.045793224
6/25/2019 20:00,0.111627757,0.03669027
6/25/2019 21:00,0.08628751,0.028361333
6/25/2019 22:00,0.102822378,0.033796081
6/25/2019 23:00,0.094915935,0.031197359
6/26/2019 0:00,0.079307004,0.026066951
6/26/2019 1:00,0.070731326,0.023248263
6/26/2019 2:00,0.073906675,0.024291949
6/26/2019 3:00,0.073636518,0.024203153
6/26/2019 4:00,0.099404372,0.032672637
6/26/2019 5:00,0.145327244,0.047766755
6/26/2019 6:00,0.195684405,0.064318354
6/26/2019 7:00,0.285678636,0.093898027
6/26/2019 8:00,0.289455473,0.095139413
6/26/2019 9:00,0.318289793,0.104616796
6/26/2019 10:00,0.425447606,0.139837866
6/26/2019 11:00,0.428964324,0.140993755
6/26/2019 12:00,0.490878656,0.161344012
6/26/2019 13:00,0.54179679,0.178079993
6/26/2019 14:00,0.624728773,0.205338418
6/26/2019 15:00,0.680061703,0.223525472
6/26/2019 16:00,0.692543149,0.227627925
6/26/2019 17:00,0.682458046,0.224313112
6/26/2019 18:00,0.694693772,0.228334801
6/26/2019 19:00,0.682641456,0.224373396
6/26/2019 20:00,0.655856668,0.215569662
6/26/2019 21:00,0.568664559,0.186911002
6/26/2019 22:00,0.531594587,0.174726691
6/26/2019 23:00,0.537359446,0.176621509
6/27/2019 0:00,0.512017241,0.168291929
6/27/2019 1:00,0.460931454,0.151500842
6/27/2019 2:00,0.397285676,0.130581487
6/27/2019 3:00,0.3692526,0.12136746
6/27/2019 4:00,0.343233715,0.112815467
6/27/2019 5:00,0.304571901,0.100107943
6/27/2019 6:00,0.215379589,0.070791847
6/27/2019 7:00,0.148280305,0.048737379
6/27/2019 8:00,0.11456443,0.037655507
6/27/2019 9:00,0.097278436,0.031973876
6/27/2019 10:00,0.094656763,0.031112173
6/27/2019 11:00,0.112118532,0.036851579
6/27/2019 12:00,0.117958048,0.038770936
6/27/2019 13:00,0.098340904,0.032323092
6/27/2019 14:00,0.078087543,0.025666134
6/27/2019 15:00,0.060399129,0.019852234
6/27/2019 16:00,0.04485834,0.014744223
6/27/2019 17:00,0.034529546,0.011349313
6/27/2019 18:00,0.025314556,0.008320492
6/27/2019 19:00,0.01577842,0.005186116
6/27/2019 20:00,0.008341315,0.002741658
6/27/2019 21:00,0.000649634,0.000213524
6/27/2019 22:00,0,0
6/27/2019 23:00,0,0
6/28/2019 0:00,0,0
6/28/2019 1:00,0,0
6/28/2019 2:00,0,0
6/28/2019 3:00,0,0
6/28/2019 4:00,0.011261504,0.003701477
6/28/2019 5:00,0.027282232,0.008967236
6/28/2019 6:00,0.046528569,0.015293201
6/28/2019 7:00,0.06401176,0.021039648
6/28/2019 8:00,0.084414223,0.027745613
6/28/2019 9:00,0.098343428,0.032323922
6/28/2019 10:00,0.079537833,0.026142821
6/28/2019 11:00,0.097954587,0.032196116
6/28/2019 12:00,0.111162352,0.036537298
6/28/2019 13:00,0.093704444,0.030799161
6/28/2019 14:00,0.09315875,0.030619801
6/28/2019 15:00,0.095902446,0.03152161
6/28/2019 16:00,0.104752584,0.034430509
6/28/2019 17:00,0.10771704,0.035404879
6/28/2019 18:00,0.101166304,0.033251756
6/28/2019 19:00,0.116042813,0.038141428
6/28/2019 20:00,0.15254411,0.050138824
6/28/2019 21:00,0.206842641,0.067985888
6/28/2019 22:00,0.202938298,0.066702593
6/28/2019 23:00,0.153196683,0.050353315
6/29/2019 0:00,0.173400972,0.056994143
6/29/2019 1:00,0.118107384,0.03882002
6/29/2019 2:00,0.046166427,0.015174171
6/29/2019 3:00,0.122327217,0.040207012
6/29/2019 4:00,0.148359851,0.048763525
6/29/2019 5:00,0.108202473,0.035564433
6/29/2019 6:00,0.039002573,0.012819526
6/29/2019 7:00,0,0
6/29/2019 8:00,0,0
6/29/2019 9:00,0.005601305,0.00184106
6/29/2019 10:00,0.032737801,0.010760395
6/29/2019 11:00,0.086957279,0.028581476
6/29/2019 12:00,0.045230534,0.014866558
6/29/2019 13:00,0.060764968,0.019972479
6/29/2019 14:00,0.049966694,0.016423258
6/29/2019 15:00,0.011328539,0.003723511
6/29/2019 16:00,0,0
6/29/2019 17:00,0,0
6/29/2019 18:00,0,0
6/29/2019 19:00,0,0
6/29/2019 20:00,0.00228041,0.000749535
6/29/2019 21:00,0.019031378,0.006255312
6/29/2019 22:00,0.059988807,0.019717367
6/29/2019 23:00,0.070685133,0.02323308
6/30/2019 0:00,0.020947502,0.006885111
6/30/2019 1:00,0,0
6/30/2019 2:00,0,0
6/30/2019 3:00,0,0
6/30/2019 4:00,0,0
6/30/2019 5:00,0,0
6/30/2019 6:00,0.048023731,0.015784637
6/30/2019 7:00,0.1084615,0.035649571
6/30/2019 8:00,0.173054147,0.056880148
6/30/2019 9:00,0.268643179,0.088298743
6/30/2019 10:00,0.375910866,0.123555927
6/30/2019 11:00,0.366273098,0.120388145
6/30/2019 12:00,0.3745918,0.123122371
6/30/2019 13:00,0.609362949,0.200287916
6/30/2019 14:00,0.691050321,0.227137256
6/30/2019 15:00,0.741053531,0.243572517
6/30/2019 16:00,0.733794446,0.241186571
6/30/2019 17:00,0.72355766,0.237821902
6/30/2019 18:00,0.710320527,0.233471067
6/30/2019 19:00,0.696646913,0.228976767
6/30/2019 20:00,0.769222848,0.252831323
6/30/2019 21:00,0.814198602,0.267614139
6/30/2019 22:00,0.802637842,0.263814301
6/30/2019 23:00,0.80880702,0.265842012
07/01/2019 00:00,0.756616823,0.248687923
07/01/2019 01:00,0.738692182,0.242796379
07/01/2019 02:00,0.717548851,0.235846902
07/01/2019 03:00,0.650026796,0.213653476
07/01/2019 04:00,0.666345301,0.219017109
07/01/2019 05:00,0.712633909,0.234231439
07/01/2019 06:00,0.744988061,0.244865734
07/01/2019 07:00,0.773441088,0.254217792
07/01/2019 08:00,0.722731525,0.237550365
07/01/2019 09:00,0.732341125,0.240708887
07/01/2019 10:00,0.734747091,0.24149969
07/01/2019 11:00,0.706317663,0.232155389
07/01/2019 12:00,0.711301471,0.233793488
07/01/2019 13:00,0.717285342,0.235760291
07/01/2019 14:00,0.700217901,0.230150494
07/01/2019 15:00,0.720802773,0.236916414
07/01/2019 16:00,0.677517029,0.222689078
07/01/2019 17:00,0.647161908,0.212711832
07/01/2019 18:00,0.590892773,0.194217062
07/01/2019 19:00,0.483769198,0.159007246
07/01/2019 20:00,0.357156585,0.117391692
07/01/2019 21:00,0.268232467,0.088163748
07/01/2019 22:00,0.245151971,0.080577556
07/01/2019 23:00,0.189329609,0.062229633
07/02/2019 00:00,0.126956894,0.041728713
07/02/2019 01:00,0.07495292,0.024635834
07/02/2019 02:00,0.041812928,0.013743245
07/02/2019 03:00,0.047973958,0.015768277
07/02/2019 04:00,0.119587787,0.039306605
07/02/2019 05:00,0.205084009,0.067407854
07/02/2019 06:00,0.279654195,0.091917889
07/02/2019 07:00,0.300639025,0.098815269
07/02/2019 08:00,0.30820865,0.101303284
07/02/2019 09:00,0.318202961,0.104588255
07/02/2019 10:00,0.381282951,0.125321646
07/02/2019 11:00,0.43772869,0.143874463
07/02/2019 12:00,0.595506191,0.19573342
07/02/2019 13:00,0.682960807,0.224478362
07/02/2019 14:00,0.697885904,0.229384004
07/02/2019 15:00,0.714186818,0.234741855
07/02/2019 16:00,0.674853471,0.221813609
07/02/2019 17:00,0.586774986,0.192863611
07/02/2019 18:00,0.52747966,0.17337418
07/02/2019 19:00,0.477941765,0.157091861
07/02/2019 20:00,0.416186676,0.136793945
07/02/2019 21:00,0.376697355,0.123814433
07/02/2019 22:00,0.324356707,0.106610894
07/02/2019 23:00,0.322301387,0.105935343
07/03/2019 00:00,0.375625097,0.123461999
07/03/2019 01:00,0.407340411,0.133886318
07/03/2019 02:00,0.396703729,0.13039021
07/03/2019 03:00,0.378496181,0.124405679
07/03/2019 04:00,0.370362963,0.121732419
07/03/2019 05:00,0.398432007,0.130958268
07/03/2019 06:00,0.411386005,0.135216041
07/03/2019 07:00,0.395395377,0.129960176
07/03/2019 08:00,0.366855152,0.120579457
07/03/2019 09:00,0.322225325,0.105910343
07/03/2019 10:00,0.290840994,0.095594812
07/03/2019 11:00,0.389784959,0.12811612
07/03/2019 12:00,0.452502012,0.148730219
07/03/2019 13:00,0.532976468,0.175180894
07/03/2019 14:00,0.574639155,0.188874757
07/03/2019 15:00,0.692043892,0.227463827
07/03/2019 16:00,0.736226375,0.241985907
07/03/2019 17:00,0.771408728,0.253549787
07/03/2019 18:00,0.757018376,0.248819908
07/03/2019 19:00,0.747286771,0.245621284
07/03/2019 20:00,0.74831678,0.245959831
07/03/2019 21:00,0.762057589,0.250476217
07/03/2019 22:00,0.816656073,0.26842187
07/03/2019 23:00,0.832979835,0.273787232
07/04/2019 00:00,0.840791464,0.27635479
07/04/2019 01:00,0.851035429,0.279721819
07/04/2019 02:00,0.857906613,0.281980267
07/04/2019 03:00,0.86433289,0.284092482
07/04/2019 04:00,0.8665439,0.284819206
07/04/2019 05:00,0.868179895,0.285356932
07/04/2019 06:00,0.867563407,0.285154302
07/04/2019 07:00,0.86959484,0.285822002
07/04/2019 08:00,0.869044306,0.28564105
07/04/2019 09:00,0.876546597,0.288106934
07/04/2019 10:00,0.874681729,0.287493981
07/04/2019 11:00,0.883458204,0.290378669
07/04/2019 12:00,0.883826033,0.290499569
07/04/2019 13:00,0.866968677,0.284958824
07/04/2019 14:00,0.822577934,0.270368292
07/04/2019 15:00,0.744798393,0.244803393
07/04/2019 16:00,0.651567369,0.214159838
07/04/2019 17:00,0.561395105,0.184521648
07/04/2019 18:00,0.382147573,0.125605833
07/04/2019 19:00,0.302772291,0.09951644
07/04/2019 20:00,0.226119215,0.074321792
07/04/2019 21:00,0.178983475,0.058829023
07/04/2019 22:00,0.12601263,0.041418348
07/04/2019 23:00,0.129309415,0.042501949
07/05/2019 00:00,0.132515149,0.043555623
07/05/2019 01:00,0.155981572,0.051268664
07/05/2019 02:00,0.204432292,0.067193645
07/05/2019 03:00,0.223098689,0.073328993
07/05/2019 04:00,0.202371207,0.066516199
07/05/2019 05:00,0.20069349,0.06596476
07/05/2019 06:00,0.189188894,0.062183382
07/05/2019 07:00,0.170723008,0.056113939
07/05/2019 08:00,0.151479016,0.049788745
07/05/2019 09:00,0.171295716,0.056302179
07/05/2019 10:00,0.156301864,0.051373938
07/05/2019 11:00,0.137136585,0.045074616
07/05/2019 12:00,0.177980844,0.058499474
07/05/2019 13:00,0.267603603,0.087957051
07/05/2019 14:00,0.429019005,0.141011728
07/05/2019 15:00,0.65494272,0.215269262
07/05/2019 16:00,0.724016627,0.237972757
07/05/2019 17:00,0.704935451,0.231701078
07/05/2019 18:00,0.653535305,0.214806667
07/05/2019 19:00,0.667923478,0.219535831
07/05/2019 20:00,0.671009335,0.220550103
07/05/2019 21:00,0.717564466,0.235852034
07/05/2019 22:00,0.795949045,0.2616158
07/05/2019 23:00,0.771866819,0.253700355
07/06/2019 00:00,0.767999027,0.252429073
07/06/2019 01:00,0.755822465,0.248426831
07/06/2019 02:00,0.728186417,0.239343301
07/06/2019 03:00,0.688314844,0.226238149
07/06/2019 04:00,0.647616253,0.212861169
07/06/2019 05:00,0.611509495,0.200993451
07/06/2019 06:00,0.555621005,0.182623793
07/06/2019 07:00,0.484794703,0.159344313
07/06/2019 08:00,0.39875613,0.131064802
07/06/2019 09:00,0.317541628,0.104370886
07/06/2019 10:00,0.375921144,0.123559305
07/06/2019 11:00,0.291359102,0.095765106
07/06/2019 12:00,0.278363478,0.091493651
07/06/2019 13:00,0.285578371,0.093865071
07/06/2019 14:00,0.313552385,0.103059685
07/06/2019 15:00,0.308504854,0.101400642
07/06/2019 16:00,0.26575426,0.087349201
07/06/2019 17:00,0.2277959,0.074872892
07/06/2019 18:00,0.204940877,0.067360809
07/06/2019 19:00,0.19289722,0.06340225
07/06/2019 20:00,0.184886058,0.060769108
07/06/2019 21:00,0.186182251,0.061195147
07/06/2019 22:00,0.315938051,0.103843815
07/06/2019 23:00,0.309558774,0.101747049
07/07/2019 00:00,0.313745123,0.103123035
07/07/2019 01:00,0.357779283,0.117596364
07/07/2019 02:00,0.40598089,0.133439466
07/07/2019 03:00,0.454698981,0.149452328
07/07/2019 04:00,0.502490432,0.165160618
07/07/2019 05:00,0.537114609,0.176541035
07/07/2019 06:00,0.571266409,0.187766188
07/07/2019 07:00,0.636174145,0.20910033
07/07/2019 08:00,0.677768157,0.22277162
07/07/2019 09:00,0.658116476,0.216312425
07/07/2019 10:00,0.68066743,0.223724565
07/07/2019 11:00,0.601967856,0.197857266
07/07/2019 12:00,0.477336638,0.156892966
07/07/2019 13:00,0.473054796,0.155485592
07/07/2019 14:00,0.442515634,0.145447855
07/07/2019 15:00,0.395904267,0.13012744
07/07/2019 16:00,0.336590445,0.110631929
07/07/2019 17:00,0.277314007,0.091148706
07/07/2019 18:00,0.202982627,0.066717163
07/07/2019 19:00,0.156265299,0.05136192
07/07/2019 20:00,0.165534804,0.054408659
07/07/2019 21:00,0.165160965,0.054285784
07/07/2019 22:00,0.211289309,0.069447437
07/07/2019 23:00,0.176230442,0.057924145
07/08/2019 00:00,0.146194337,0.048051755
07/08/2019 01:00,0.125648255,0.041298584
07/08/2019 02:00,0.116186222,0.038188565
07/08/2019 03:00,0.09636249,0.031672819
07/08/2019 04:00,0.080356571,0.026411928
07/08/2019 05:00,0.04946708,0.016259043
07/08/2019 06:00,0.031243148,0.010269126
07/08/2019 07:00,0.020841791,0.006850365
07/08/2019 08:00,0.007232056,0.002377062
07/08/2019 09:00,0,0
07/08/2019 10:00,0,0
07/08/2019 11:00,0,0
07/08/2019 12:00,0,0
07/08/2019 13:00,0,0
07/08/2019 14:00,0.015356018,0.005047279
07/08/2019 15:00,0.041625601,0.013681673
07/08/2019 16:00,0.066195202,0.021757311
07/08/2019 17:00,0.068982837,0.022673562
07/08/2019 18:00,0.05738795,0.018862507
07/08/2019 19:00,0.052820882,0.017361384
07/08/2019 20:00,0.052612372,0.017292851
07/08/2019 21:00,0.05550179,0.018242556
07/08/2019 22:00,0.04675574,0.015367869
07/08/2019 23:00,0.084876273,0.027897482
07/09/2019 00:00,0.1211729,0.039827606
07/09/2019 01:00,0.109224982,0.035900516
07/09/2019 02:00,0.104139214,0.034228904
07/09/2019 03:00,0.11452702,0.037643211
07/09/2019 04:00,0.120793369,0.03970286
07/09/2019 05:00,0.129623063,0.04260504
07/09/2019 06:00,0.176151837,0.057898309
07/09/2019 07:00,0.168012317,0.055222978
07/09/2019 08:00,0.191292972,0.062874959
07/09/2019 09:00,0.278137718,0.091419447
07/09/2019 10:00,0.276093519,0.090747551
07/09/2019 11:00,0.245907381,0.080825848
07/09/2019 12:00,0.217913003,0.071624541
07/09/2019 13:00,0.195825882,0.064364855
07/09/2019 14:00,0.178741504,0.058749491
07/09/2019 15:00,0.161686455,0.053143768
07/09/2019 16:00,0.123770979,0.040681553
07/09/2019 17:00,0.065814599,0.021632213
07/09/2019 18:00,0.058846072,0.019341769
07/09/2019 19:00,0.071529428,0.023510586
07/09/2019 20:00,0.072783877,0.023922903
07/09/2019 21:00,0.060863521,0.020004872
07/09/2019 22:00,0.052110751,0.017127976
07/09/2019 23:00,0.014621997,0.004806018
07/10/2019 00:00,0,0
07/10/2019 01:00,0,0
07/10/2019 02:00,0.009050798,0.002974853
07/10/2019 03:00,0.015954029,0.005243836
07/10/2019 04:00,0.007567592,0.002487347
07/10/2019 05:00,0,0
07/10/2019 06:00,0,0
07/10/2019 07:00,0,0
07/10/2019 08:00,0,0
07/10/2019 09:00,0,0
07/10/2019 10:00,0,0
07/10/2019 11:00,0,0
07/10/2019 12:00,0,0
07/10/2019 13:00,0.00294474,0.000967889
07/10/2019 14:00,0.021826002,0.00717386
07/10/2019 15:00,0.039858957,0.013101006
07/10/2019 16:00,0.061083513,0.02007718
07/10/2019 17:00,0.083259848,0.027366188
07/10/2019 18:00,0.10858646,0.035690643
07/10/2019 19:00,0.140645249,0.046227858
07/10/2019 20:00,0.144420995,0.047468885
07/10/2019 21:00,0.099150499,0.032589193
07/10/2019 22:00,0.117052884,0.038473422
07/10/2019 23:00,0.095508772,0.031392215
07/11/2019 00:00,0.101154273,0.033247802
07/11/2019 01:00,0.069706433,0.022911397
07/11/2019 02:00,0.037900675,0.012457349
07/11/2019 03:00,0.024706477,0.008120626
07/11/2019 04:00,0.03582829,0.011776189
07/11/2019 05:00,0.035868651,0.011789455
07/11/2019 06:00,0.035281167,0.011596359
07/11/2019 07:00,0.037503736,0.012326882
07/11/2019 08:00,0.027383721,0.009000594
07/11/2019 09:00,0.031824642,0.010460254
07/11/2019 10:00,0.06862066,0.02255452
07/11/2019 11:00,0.08641367,0.0284028
07/11/2019 12:00,0.092246594,0.030319989
07/11/2019 13:00,0.077397287,0.025439258
07/11/2019 14:00,0.073189249,0.024056143
07/11/2019 15:00,0.057085745,0.018763177
07/11/2019 16:00,0.0754625,0.024803324
07/11/2019 17:00,0.084405346,0.027742696
07/11/2019 18:00,0.078772495,0.025891267
07/11/2019 19:00,0.074483894,0.024481672
07/11/2019 20:00,0.085194799,0.028002176
07/11/2019 21:00,0.092060057,0.030258677
07/11/2019 22:00,0.124182736,0.040816892
07/11/2019 23:00,0.118279517,0.038876597
07/12/2019 00:00,0.091471776,0.030065319
07/12/2019 01:00,0.085251568,0.028020835
07/12/2019 02:00,0.092166639,0.030293709
07/12/2019 03:00,0.075786234,0.02490973
07/12/2019 04:00,0.053032728,0.017431015
07/12/2019 05:00,0.049309959,0.0162074
07/12/2019 06:00,0.061357056,0.020167089
07/12/2019 07:00,0.064242247,0.021115405
07/12/2019 08:00,0.051683867,0.016987666
07/12/2019 09:00,0.030177629,0.009918907
07/12/2019 10:00,0.02626784,0.008633821
07/12/2019 11:00,0.007551941,0.002482203
07/12/2019 12:00,0,0
07/12/2019 13:00,0,0
07/12/2019 14:00,0,0
07/12/2019 15:00,0,0
07/12/2019 16:00,0.001248507,0.000410365
07/12/2019 17:00,0.002106463,0.000692361
07/12/2019 18:00,0,0
07/12/2019 19:00,0,0
07/12/2019 20:00,0,0
07/12/2019 21:00,0,0
07/12/2019 22:00,0,0
07/12/2019 23:00,0,0
7/13/2019 0:00,0,0
7/13/2019 1:00,0,0
7/13/2019 2:00,0.007994272,0.00262759
7/13/2019 3:00,0.024802788,0.008152282
7/13/2019 4:00,0.034169617,0.01123101
7/13/2019 5:00,0.064061818,0.021056101
7/13/2019 6:00,0.12601264,0.041418352
7/13/2019 7:00,0.187780508,0.061720468
7/13/2019 8:00,0.205739716,0.067623374
7/13/2019 9:00,0.192872827,0.063394233
7/13/2019 10:00,0.240985708,0.079208172
7/13/2019 11:00,0.220405658,0.072443837
7/13/2019 12:00,0.24442723,0.080339345
7/13/2019 13:00,0.252639821,0.083038694
7/13/2019 14:00,0.245412954,0.080663337
7/13/2019 15:00,0.24831766,0.081618068
7/13/2019 16:00,0.288478219,0.094818205
7/13/2019 17:00,0.293374252,0.096427454
7/13/2019 18:00,0.255893407,0.084108096
7/13/2019 19:00,0.231861348,0.07620914
7/13/2019 20:00,0.179833609,0.059108449
7/13/2019 21:00,0.145637291,0.047868663
7/13/2019 22:00,0.116000435,0.038127499
7/13/2019 23:00,0.12690631,0.041712087
7/14/2019 0:00,0.142778568,0.046929046
7/14/2019 1:00,0.117228156,0.038531032
7/14/2019 2:00,0.111628812,0.036690616
7/14/2019 3:00,0.125319456,0.041190513
7/14/2019 4:00,0.096025985,0.031562215
7/14/2019 5:00,0.088230404,0.028999931
7/14/2019 6:00,0.078285033,0.025731046
7/14/2019 7:00,0.073533425,0.024169268
7/14/2019 8:00,0.06103356,0.020060761
7/14/2019 9:00,0.071847377,0.023615091
7/14/2019 10:00,0.061774041,0.020304145
7/14/2019 11:00,0.045260226,0.014876317
7/14/2019 12:00,0.036834398,0.012106881
7/14/2019 13:00,0.031335387,0.010299444
7/14/2019 14:00,0.031628169,0.010395676
7/14/2019 15:00,0.030641577,0.010071399
7/14/2019 16:00,0.020537718,0.006750422
7/14/2019 17:00,0.014099852,0.004634397
7/14/2019 18:00,0.013657356,0.004488956
7/14/2019 19:00,0.0116756,0.003837584
7/14/2019 20:00,0.000879106,0.000288948
7/14/2019 21:00,0,0
7/14/2019 22:00,0,0
7/14/2019 23:00,0,0
7/15/2019 0:00,0,0
7/15/2019 1:00,0,0
7/15/2019 2:00,0,0
7/15/2019 3:00,0,0
7/15/2019 4:00,0.003283968,0.001079388
7/15/2019 5:00,0.005897006,0.001938252
7/15/2019 6:00,0.004574819,0.00150367
7/15/2019 7:00,0.00302124,0.000993034
7/15/2019 8:00,0,0
7/15/2019 9:00,0,0
7/15/2019 10:00,0,0
7/15/2019 11:00,0,0
7/15/2019 12:00,0,0
7/15/2019 13:00,0,0
7/15/2019 14:00,0,0
7/15/2019 15:00,0,0
7/15/2019 16:00,0,0
7/15/2019 17:00,0,0
7/15/2019 18:00,0.00203282,0.000668155
7/15/2019 19:00,0,0
7/15/2019 20:00,0.005543541,0.001822074
7/15/2019 21:00,0.014151936,0.004651517
7/15/2019 22:00,0.026452692,0.008694579
7/15/2019 23:00,0.02955928,0.009715666
7/16/2019 0:00,0.024787721,0.00814733
7/16/2019 1:00,0.018735445,0.006158043
7/16/2019 2:00,0.014355716,0.004718496
7/16/2019 3:00,0.013588177,0.004466218
7/16/2019 4:00,0.011423012,0.003754563
7/16/2019 5:00,0.008662021,0.002847069
7/16/2019 6:00,0.012550825,0.004125257
7/16/2019 7:00,0.016315107,0.005362516
7/16/2019 8:00,0.015581625,0.005121432
7/16/2019 9:00,0.007777319,0.002556281
7/16/2019 10:00,0,0
7/16/2019 11:00,0,0
7/16/2019 12:00,0,0
7/16/2019 13:00,0,0
7/16/2019 14:00,0,0
7/16/2019 15:00,0,0
7/16/2019 16:00,0,0
7/16/2019 17:00,0,0
7/16/2019 18:00,0,0
7/16/2019 19:00,0,0
7/16/2019 20:00,0.013974424,0.004593171
7/16/2019 21:00,0.03634928,0.011947431
7/16/2019 22:00,0.046726711,0.015358327
7/16/2019 23:00,0.072582411,0.023856685
7/17/2019 0:00,0.077475047,0.025464816
7/17/2019 1:00,0.085211765,0.028007753
7/17/2019 2:00,0.09076925,0.02983441
7/17/2019 3:00,0.096878951,0.031842571
7/17/2019 4:00,0.097495456,0.032045207
7/17/2019 5:00,0.102754499,0.03377377
7/17/2019 6:00,0.119532962,0.039288585
7/17/2019 7:00,0.153788351,0.050547786
7/17/2019 8:00,0.226171331,0.074338921
7/17/2019 9:00,0.266994601,0.087756882
7/17/2019 10:00,0.28272627,0.092927631
7/17/2019 11:00,0.297203616,0.097686105
7/17/2019 12:00,0.304820917,0.10018979
7/17/2019 13:00,0.336970704,0.110756914
7/17/2019 14:00,0.397186227,0.1305488
7/17/2019 15:00,0.394907686,0.129799879
7/17/2019 16:00,0.351072737,0.115392028
7/17/2019 17:00,0.334663671,0.109998629
7/17/2019 18:00,0.30250383,0.099428201
7/17/2019 19:00,0.232636269,0.076463844
7/17/2019 20:00,0.160893517,0.052883142
7/17/2019 21:00,0.110055302,0.036173428
7/17/2019 22:00,0.125471653,0.041240538
7/17/2019 23:00,0.114159017,0.037522254
7/18/2019 0:00,0.081432481,0.026765562
7/18/2019 1:00,0.059455446,0.01954206
7/18/2019 2:00,0.048947459,0.016088252
7/18/2019 3:00,0.032242534,0.010597609
7/18/2019 4:00,0.016822787,0.005529383
7/18/2019 5:00,0.007065889,0.002322445
7/18/2019 6:00,0.007265878,0.002388178
7/18/2019 7:00,0.011960091,0.003931092
7/18/2019 8:00,0.023036648,0.00757178
7/18/2019 9:00,0.026218166,0.008617494
7/18/2019 10:00,0.009626559,0.003164097
7/18/2019 11:00,0.008302832,0.002729009
7/18/2019 12:00,0.011132676,0.003659134
7/18/2019 13:00,0.014430713,0.004743146
7/18/2019 14:00,0.010807103,0.003552123
7/18/2019 15:00,0.02162751,0.007108619
7/18/2019 16:00,0.030062013,0.009880906
7/18/2019 17:00,0.031090414,0.010218925
7/18/2019 18:00,0.067045009,0.022036629
7/18/2019 19:00,0.094659005,0.03111291
7/18/2019 20:00,0.078529559,0.025811418
7/18/2019 21:00,0.076706124,0.025212084
7/18/2019 22:00,0.101140138,0.033243156
7/18/2019 23:00,0.108282395,0.035590702
7/19/2019 0:00,0.111579191,0.036674307
7/19/2019 1:00,0.119071979,0.039137067
7/19/2019 2:00,0.130442977,0.042874533
7/19/2019 3:00,0.12167021,0.039991064
7/19/2019 4:00,0.139701501,0.045917663
7/19/2019 5:00,0.143250028,0.047084007
7/19/2019 6:00,0.153304164,0.050388642
7/19/2019 7:00,0.145811665,0.047925977
7/19/2019 8:00,0.12212414,0.040140264
7/19/2019 9:00,0.080034816,0.026306172
7/19/2019 10:00,0.029663213,0.009749827
7/19/2019 11:00,0.012221382,0.004016974
7/19/2019 12:00,0,0
7/19/2019 13:00,0,0
7/19/2019 14:00,0,0
7/19/2019 15:00,0,0
7/19/2019 16:00,0,0
7/19/2019 17:00,0,0
7/19/2019 18:00,0,0
7/19/2019 19:00,0,0
7/19/2019 20:00,0,0
7/19/2019 21:00,0.00785483,0.002581758
7/19/2019 22:00,0.046233031,0.015196063
7/19/2019 23:00,0.084477456,0.027766397
7/20/2019 0:00,0.13239284,0.043515422
7/20/2019 1:00,0.152018773,0.049966154
7/20/2019 2:00,0.149604299,0.049172555
7/20/2019 3:00,0.141636609,0.046553702
7/20/2019 4:00,0.105066792,0.034533784
7/20/2019 5:00,0.076019416,0.024986374
7/20/2019 6:00,0.086419745,0.028404797
7/20/2019 7:00,0.111884132,0.036774536
7/20/2019 8:00,0.099756688,0.032788438
7/20/2019 9:00,0.063698904,0.020936817
7/20/2019 10:00,0.049900298,0.016401435
7/20/2019 11:00,0.091450177,0.030058219
7/20/2019 12:00,0.123160785,0.040480992
7/20/2019 13:00,0.165608603,0.054432915
7/20/2019 14:00,0.223215275,0.073367313
7/20/2019 15:00,0.268610123,0.088287878
7/20/2019 16:00,0.29975878,0.098525946
7/20/2019 17:00,0.327484621,0.10763899
7/20/2019 18:00,0.304089532,0.099949396
7/20/2019 19:00,0.27881326,0.091641487
7/20/2019 20:00,0.275420716,0.090526411
7/20/2019 21:00,0.232858928,0.076537028
7/20/2019 22:00,0.142325561,0.04678015
7/20/2019 23:00,0.119850451,0.039392938
7/21/2019 0:00,0.118970157,0.039103599
7/21/2019 1:00,0.133698098,0.04394444
7/21/2019 2:00,0.123510684,0.040595999
7/21/2019 3:00,0.109734358,0.036067939
7/21/2019 4:00,0.128157221,0.042123242
7/21/2019 5:00,0.149576622,0.049163458
7/21/2019 6:00,0.15289255,0.050253351
7/21/2019 7:00,0.144047367,0.04734608
7/21/2019 8:00,0.143051952,0.047018903
7/21/2019 9:00,0.118419362,0.038922562
7/21/2019 10:00,0.086627469,0.028473072
7/21/2019 11:00,0.058678784,0.019286784
7/21/2019 12:00,0.041386399,0.013603051
7/21/2019 13:00,0.011777157,0.003870964
7/21/2019 14:00,0.004723749,0.001552621
7/21/2019 15:00,0.017167657,0.005642736
7/21/2019 16:00,0.084871828,0.027896021
7/21/2019 17:00,0.272525695,0.089574864
7/21/2019 18:00,0.38720375,0.127267718
7/21/2019 19:00,0.408908779,0.134401816
7/21/2019 20:00,0.607035956,0.19952307
7/21/2019 21:00,0.710356937,0.233483034
7/21/2019 22:00,0.612373566,0.201277458
7/21/2019 23:00,0.300937084,0.098913236
7/22/2019 0:00,0.250387059,0.082298246
7/22/2019 1:00,0.271139157,0.089119131
7/22/2019 2:00,0.297237892,0.097697371
7/22/2019 3:00,0.306341926,0.100689722
7/22/2019 4:00,0.248445849,0.081660202
7/22/2019 5:00,0.212745265,0.069925987
7/22/2019 6:00,0.165039624,0.054245901
7/22/2019 7:00,0.137449555,0.045177484
7/22/2019 8:00,0.141209142,0.0464132
7/22/2019 9:00,0.166017833,0.054567423
7/22/2019 10:00,0.016658044,0.005475234
7/22/2019 11:00,0,0
7/22/2019 12:00,0,0
7/22/2019 13:00,0,0
7/22/2019 14:00,0,0
7/22/2019 15:00,0,0
7/22/2019 16:00,0,0
7/22/2019 17:00,0,0
7/22/2019 18:00,0,0
7/22/2019 19:00,0.003686664,0.001211748
7/22/2019 20:00,0.028264625,0.009290133
7/22/2019 21:00,0.075932285,0.024957735
7/22/2019 22:00,0.13738591,0.045156565
7/22/2019 23:00,0.219722776,0.072219384
7/23/2019 0:00,0.289086027,0.095017982
7/23/2019 1:00,0.328823636,0.108079102
7/23/2019 2:00,0.36975643,0.121533061
7/23/2019 3:00,0.351759128,0.115617634
7/23/2019 4:00,0.265430024,0.08724263
7/23/2019 5:00,0.147593614,0.048511675
7/23/2019 6:00,0.108969745,0.035816623
7/23/2019 7:00,0.143981845,0.047324544
7/23/2019 8:00,0.176966104,0.058165946
7/23/2019 9:00,0.158027706,0.051941195
7/23/2019 10:00,0.139926438,0.045991596
7/23/2019 11:00,0.096694332,0.03178189
7/23/2019 12:00,0.042741346,0.014048401
7/23/2019 13:00,0.010348692,0.003401451
7/23/2019 14:00,0,0
7/23/2019 15:00,0,0
7/23/2019 16:00,0.005818967,0.001912602
7/23/2019 17:00,0.004791285,0.001574819
7/23/2019 18:00,0,0
7/23/2019 19:00,0,0
7/23/2019 20:00,0,0
7/23/2019 21:00,0,0
7/23/2019 22:00,0,0
7/23/2019 23:00,0,0
7/24/2019 0:00,0.01511295,0.004967386
7/24/2019 1:00,0.058113623,0.019101024
7/24/2019 2:00,0.129715857,0.042635541
7/24/2019 3:00,0.181360474,0.059610305
7/24/2019 4:00,0.252706492,0.083060607
7/24/2019 5:00,0.390079897,0.128213062
7/24/2019 6:00,0.64775782,0.212907699
7/24/2019 7:00,0.770082353,0.253113829
7/24/2019 8:00,0.66213336,0.217632711
7/24/2019 9:00,0.446589729,0.146786945
7/24/2019 10:00,0.27230037,0.089500803
7/24/2019 11:00,0.192670617,0.06332777
7/24/2019 12:00,0.074897783,0.024617711
7/24/2019 13:00,0.003602693,0.001184148
7/24/2019 14:00,0,0
7/24/2019 15:00,0,0
7/24/2019 16:00,0,0
7/24/2019 17:00,0,0
7/24/2019 18:00,0.006199115,0.002037551
7/24/2019 19:00,0.012340871,0.004056248
7/24/2019 20:00,0,0
7/24/2019 21:00,0,0
7/24/2019 22:00,0,0
7/24/2019 23:00,0,0
7/25/2019 0:00,0,0
7/25/2019 1:00,0.026060452,0.008565656
7/25/2019 2:00,0.076987867,0.025304688
7/25/2019 3:00,0.105950886,0.034824372
7/25/2019 4:00,0.108003465,0.035499022
7/25/2019 5:00,0.136721207,0.044938088
7/25/2019 6:00,0.179950673,0.059146926
7/25/2019 7:00,0.165826328,0.054504478
7/25/2019 8:00,0.154178803,0.050676122
7/25/2019 9:00,0.177042687,0.058191117
7/25/2019 10:00,0.242972407,0.079861168
7/25/2019 11:00,0.297296395,0.0977166
7/25/2019 12:00,0.292299003,0.096074036
7/25/2019 13:00,0.315029551,0.103545206
7/25/2019 14:00,0.417300075,0.137159902
7/25/2019 15:00,0.599053867,0.196899484
7/25/2019 16:00,0.668531927,0.219735818
7/25/2019 17:00,0.711578862,0.233884662
7/25/2019 18:00,0.79369085,0.260873567
7/25/2019 19:00,0.813797698,0.267482368
7/25/2019 20:00,0.807328797,0.265356143
7/25/2019 21:00,0.821637801,0.270059285
7/25/2019 22:00,0.806773372,0.265173584
7/25/2019 23:00,0.824499977,0.271000037
7/26/2019 0:00,0.829063348,0.272499945
7/26/2019 1:00,0.819088552,0.269221388
7/26/2019 2:00,0.776728819,0.255298417
7/26/2019 3:00,0.714291139,0.234776144
7/26/2019 4:00,0.566240484,0.186114247
7/26/2019 5:00,0.281525318,0.092532897
7/26/2019 6:00,0.250842926,0.082448083
7/26/2019 7:00,0.294196497,0.096697712
7/26/2019 8:00,0.223327327,0.073404143
7/26/2019 9:00,0.149544948,0.049153048
7/26/2019 10:00,0.11269406,0.037040746
7/26/2019 11:00,0.136408245,0.044835222
7/26/2019 12:00,0.187413995,0.061600001
7/26/2019 13:00,0.233066452,0.076605238
7/26/2019 14:00,0.349855664,0.114991996
7/26/2019 15:00,0.454296841,0.149320151
7/26/2019 16:00,0.443630662,0.145814347
7/26/2019 17:00,0.334313982,0.109883692
7/26/2019 18:00,0.310495265,0.102054858
7/26/2019 19:00,0.220102698,0.072344258
7/26/2019 20:00,0.121502673,0.039935997
7/26/2019 21:00,0.120672693,0.039663196
7/26/2019 22:00,0.040438526,0.013291501
7/26/2019 23:00,0.032837827,0.010793272
7/27/2019 0:00,0.01364656,0.004485407
7/27/2019 1:00,0.021848888,0.007181382
7/27/2019 2:00,0.053828034,0.017692419
7/27/2019 3:00,0.02321747,0.007631214
7/27/2019 4:00,0.002853886,0.000938027
7/27/2019 5:00,0.038106128,0.012524879
7/27/2019 6:00,0.089021496,0.029259951
7/27/2019 7:00,0.111032848,0.036494732
7/27/2019 8:00,0.064125468,0.021077022
7/27/2019 9:00,0.034884093,0.011465847
7/27/2019 10:00,0.039297871,0.012916586
7/27/2019 11:00,0.05042652,0.016574396
7/27/2019 12:00,0.097265912,0.031969759
7/27/2019 13:00,0.141428088,0.046485165
7/27/2019 14:00,0.202701118,0.066624636
7/27/2019 15:00,0.244455777,0.080348728
7/27/2019 16:00,0.30546973,0.100403045
7/27/2019 17:00,0.366136359,0.120343201
7/27/2019 18:00,0.346167205,0.113779658
7/27/2019 19:00,0.333652047,0.109666125
7/27/2019 20:00,0.348451657,0.114530521
7/27/2019 21:00,0.341875451,0.112369027
7/27/2019 22:00,0.329335007,0.108247182
7/27/2019 23:00,0.309908701,0.101862064
7/28/2019 0:00,0.318501312,0.104686319
7/28/2019 1:00,0.314767858,0.103459192
7/28/2019 2:00,0.319995665,0.105177489
7/28/2019 3:00,0.331960632,0.109110183
7/28/2019 4:00,0.309194225,0.101627227
7/28/2019 5:00,0.282531779,0.092863705
7/28/2019 6:00,0.294611617,0.096834156
7/28/2019 7:00,0.312882462,0.102839492
7/28/2019 8:00,0.309805045,0.101827994
7/28/2019 9:00,0.332713077,0.1093575
7/28/2019 10:00,0.334914029,0.110080918
7/28/2019 11:00,0.336925042,0.110741906
7/28/2019 12:00,0.323247055,0.106246169
7/28/2019 13:00,0.323102847,0.10619877
7/28/2019 14:00,0.277768953,0.09129824
7/28/2019 15:00,0.209350122,0.068810058
7/28/2019 16:00,0.177034895,0.058188556
7/28/2019 17:00,0.165813531,0.054500272
7/28/2019 18:00,0.149760648,0.049223945
7/28/2019 19:00,0.134841547,0.044320273
7/28/2019 20:00,0.120599952,0.039639287
7/28/2019 21:00,0.092840516,0.030515202
7/28/2019 22:00,0.084349697,0.027724405
7/28/2019 23:00,0.126439503,0.041558655
7/29/2019 0:00,0.102134086,0.033569851
7/29/2019 1:00,0.060555474,0.019903622
7/29/2019 2:00,0.037521804,0.012332821
7/29/2019 3:00,0.008730322,0.002869518
7/29/2019 4:00,0,0
7/29/2019 5:00,0,0
7/29/2019 6:00,0,0
7/29/2019 7:00,0.002677514,0.000880056
7/29/2019 8:00,0.005831172,0.001916614
7/29/2019 9:00,0.009703328,0.00318933
7/29/2019 10:00,0.006443037,0.002117724
7/29/2019 11:00,0.021122412,0.006942601
7/29/2019 12:00,0.026531566,0.008720504
7/29/2019 13:00,0.026609788,0.008746214
7/29/2019 14:00,0.073332845,0.024103341
7/29/2019 15:00,0.122144713,0.040147026
7/29/2019 16:00,0.127776998,0.041998268
7/29/2019 17:00,0.140897976,0.046310925
7/29/2019 18:00,0.141335421,0.046454706
7/29/2019 19:00,0.135296432,0.044469787
7/29/2019 20:00,0.113423269,0.037280426
7/29/2019 21:00,0.099026781,0.032548529
7/29/2019 22:00,0.11168056,0.036707625
7/29/2019 23:00,0.100550444,0.033049333
7/30/2019 0:00,0.053870888,0.017706505
7/30/2019 1:00,0.031798245,0.010451578
7/30/2019 2:00,0.007705904,0.002532808
7/30/2019 3:00,0,0
7/30/2019 4:00,0,0
7/30/2019 5:00,0,0
7/30/2019 6:00,0,0
7/30/2019 7:00,0,0
7/30/2019 8:00,0,0
7/30/2019 9:00,0.001097555,0.000360749
7/30/2019 10:00,0.010798317,0.003549235
7/30/2019 11:00,0.013535784,0.004448997
7/30/2019 12:00,0.020556053,0.006756448
7/30/2019 13:00,0.026777683,0.008801399
7/30/2019 14:00,0.01426673,0.004689247
7/30/2019 15:00,0,0
7/30/2019 16:00,0,0
7/30/2019 17:00,0,0
7/30/2019 18:00,0,0
7/30/2019 19:00,0,0
7/30/2019 20:00,0,0
7/30/2019 21:00,0,0
7/30/2019 22:00,0,0
7/30/2019 23:00,0,0
7/31/2019 0:00,0,0
7/31/2019 1:00,0,0
7/31/2019 2:00,0,0
7/31/2019 3:00,0.003838254,0.001261573
7/31/2019 4:00,0.007726241,0.002539493
7/31/2019 5:00,0.003247601,0.001067435
7/31/2019 6:00,0,0
7/31/2019 7:00,0,0
7/31/2019 8:00,0,0
7/31/2019 9:00,0,0
7/31/2019 10:00,0,0
7/31/2019 11:00,0,0
7/31/2019 12:00,0.010638327,0.003496649
7/31/2019 13:00,0.019499287,0.006409106
7/31/2019 14:00,0.028718906,0.009439448
7/31/2019 15:00,0.036736343,0.012074652
7/31/2019 16:00,0.038592775,0.012684832
7/31/2019 17:00,0.027634659,0.009083073
7/31/2019 18:00,0.021536893,0.007078834
7/31/2019 19:00,0.018063666,0.00593724
7/31/2019 20:00,0.018509373,0.006083737
7/31/2019 21:00,0.022351461,0.00734657
7/31/2019 22:00,0.024081738,0.007915285
7/31/2019 23:00,0.046652057,0.015333789
08/01/2019 00:00,0.068569526,0.022537713
08/01/2019 01:00,0.071251403,0.023419204
08/01/2019 02:00,0.076675252,0.025201937
08/01/2019 03:00,0.069147444,0.022727666
08/01/2019 04:00,0.052640475,0.017302088
08/01/2019 05:00,0.048183998,0.015837314
08/01/2019 06:00,0.038458986,0.012640857
08/01/2019 07:00,0.016995208,0.005586055
08/01/2019 08:00,0.006334911,0.002082185
08/01/2019 09:00,0,0
08/01/2019 10:00,0.006669071,0.002192018
08/01/2019 11:00,0.009339572,0.003069769
08/01/2019 12:00,0.02733859,0.00898576
08/01/2019 13:00,0.047632782,0.015656138
08/01/2019 14:00,0.064024986,0.021043995
08/01/2019 15:00,0.071376633,0.023460365
08/01/2019 16:00,0.058643156,0.019275073
08/01/2019 17:00,0.047892879,0.015741628
08/01/2019 18:00,0.03859627,0.01268598
08/01/2019 19:00,0.022583737,0.007422915
08/01/2019 20:00,0.011897813,0.003910622
08/01/2019 21:00,0.003019386,0.000992424
08/01/2019 22:00,0,0
08/01/2019 23:00,0,0
08/02/2019 00:00,0,0
08/02/2019 01:00,0,0
08/02/2019 02:00,0,0
08/02/2019 03:00,0,0
08/02/2019 04:00,0.005790082,0.001903108
08/02/2019 05:00,0.007923612,0.002604365
08/02/2019 06:00,0.005382866,0.001769262
08/02/2019 07:00,0,0
08/02/2019 08:00,0,0
08/02/2019 09:00,0,0
08/02/2019 10:00,0.006576449,0.002161574
08/02/2019 11:00,0.01173118,0.003855852
08/02/2019 12:00,0.013898031,0.004568062
08/02/2019 13:00,0.017768812,0.005840326
08/02/2019 14:00,0.028280063,0.009295207
08/02/2019 15:00,0.033301326,0.010945617
08/02/2019 16:00,0.035347486,0.011618157
08/02/2019 17:00,0.038302704,0.01258949
08/02/2019 18:00,0.027889475,0.009166827
08/02/2019 19:00,0.019518059,0.006415276
08/02/2019 20:00,0.014112377,0.004638514
08/02/2019 21:00,0.005231483,0.001719505
08/02/2019 22:00,0,0
08/02/2019 23:00,0,0
08/03/2019 00:00,0,0
08/03/2019 01:00,0,0
08/03/2019 02:00,0,0
08/03/2019 03:00,0,0
08/03/2019 04:00,0,0
08/03/2019 05:00,0,0
08/03/2019 06:00,0,0
08/03/2019 07:00,0,0
08/03/2019 08:00,0,0
08/03/2019 09:00,0,0
08/03/2019 10:00,0,0
08/03/2019 11:00,0,0
08/03/2019 12:00,0,0
08/03/2019 13:00,0,0
08/03/2019 14:00,0,0
08/03/2019 15:00,0.002097764,0.000689502
08/03/2019 16:00,0.007997525,0.002628659
08/03/2019 17:00,0.015090776,0.004960098
08/03/2019 18:00,0.032926388,0.01082238
08/03/2019 19:00,0.042862171,0.014088114
08/03/2019 20:00,0.04478826,0.014721189
08/03/2019 21:00,0.049050184,0.016122016
08/03/2019 22:00,0.083957848,0.02759561
08/03/2019 23:00,0.071596457,0.023532617
08/04/2019 00:00,0.059964926,0.019709518
08/04/2019 01:00,0.060406216,0.019854563
08/04/2019 02:00,0.063123659,0.020747743
08/04/2019 03:00,0.068200189,0.022416318
08/04/2019 04:00,0.069768659,0.022931849
08/04/2019 05:00,0.076634071,0.025188401
08/04/2019 06:00,0.099367497,0.032660517
08/04/2019 07:00,0.107654988,0.035384484
08/04/2019 08:00,0.106510784,0.035008402
08/04/2019 09:00,0.100672284,0.03308938
08/04/2019 10:00,0.128900904,0.042367678
08/04/2019 11:00,0.116777085,0.038382772
08/04/2019 12:00,0.109366523,0.035947038
08/04/2019 13:00,0.114424358,0.037609468
08/04/2019 14:00,0.132767256,0.043638487
08/04/2019 15:00,0.137300204,0.045128395
08/04/2019 16:00,0.134952347,0.044356691
08/04/2019 17:00,0.133048988,0.043731088
08/04/2019 18:00,0.156472349,0.051429974
08/04/2019 19:00,0.180031407,0.059173462
08/04/2019 20:00,0.214665337,0.070557084
08/04/2019 21:00,0.253809135,0.083423028
08/04/2019 22:00,0.318764969,0.104772979
08/04/2019 23:00,0.336071322,0.110461302
08/05/2019 00:00,0.296085913,0.097318733
08/05/2019 01:00,0.359398328,0.118128518
08/05/2019 02:00,0.471599734,0.155007336
08/05/2019 03:00,0.473368835,0.155588812
08/05/2019 04:00,0.47096436,0.154798499
08/05/2019 05:00,0.450578443,0.148097973
08/05/2019 06:00,0.412247192,0.135499099
08/05/2019 07:00,0.390522512,0.128358542
08/05/2019 08:00,0.357575564,0.117529404
08/05/2019 09:00,0.320455193,0.105328528
08/05/2019 10:00,0.223779934,0.073552907
08/05/2019 11:00,0.184183371,0.060538146
08/05/2019 12:00,0.146541805,0.048165962
08/05/2019 13:00,0.12980814,0.042665872
08/05/2019 14:00,0.132570849,0.043573931
08/05/2019 15:00,0.152560736,0.050144289
08/05/2019 16:00,0.151397531,0.049761962
08/05/2019 17:00,0.135124801,0.044413374
08/05/2019 18:00,0.104988245,0.034507967
08/05/2019 19:00,0.061501226,0.020214476
08/05/2019 20:00,0.039456989,0.012968885
08/05/2019 21:00,0.026831681,0.008819147
08/05/2019 22:00,0.005777328,0.001898916
08/05/2019 23:00,0,0
08/06/2019 00:00,0,0
08/06/2019 01:00,0,0
08/06/2019 02:00,0,0
08/06/2019 03:00,0.001315144,0.000432267
08/06/2019 04:00,0.008898391,0.00292476
08/06/2019 05:00,0.015302964,0.005029841
08/06/2019 06:00,0.014190793,0.004664288
08/06/2019 07:00,0,0
08/06/2019 08:00,0,0
08/06/2019 09:00,0,0
08/06/2019 10:00,0,0
08/06/2019 11:00,0,0
08/06/2019 12:00,0.003960523,0.001301761
08/06/2019 13:00,0.000762135,0.000250502
08/06/2019 14:00,0,0
08/06/2019 15:00,0.013293075,0.004369222
08/06/2019 16:00,0.030705386,0.010092372
08/06/2019 17:00,0.040725747,0.013385906
08/06/2019 18:00,0.034426757,0.011315528
08/06/2019 19:00,0.026430855,0.008687402
08/06/2019 20:00,0.032761755,0.010768268
08/06/2019 21:00,0.038911535,0.012789603
08/06/2019 22:00,0.076213797,0.025050264
08/06/2019 23:00,0.055437174,0.018221318
08/07/2019 00:00,0.039664202,0.013036993
08/07/2019 01:00,0.027587644,0.00906762
08/07/2019 02:00,0.035405511,0.011637229
08/07/2019 03:00,0.04508658,0.014819242
08/07/2019 04:00,0.05086748,0.016719332
08/07/2019 05:00,0.059565707,0.019578301
08/07/2019 06:00,0.067917165,0.022323292
08/07/2019 07:00,0.075800756,0.024914504
08/07/2019 08:00,0.087386067,0.028722411
08/07/2019 09:00,0.108150709,0.035547419
08/07/2019 10:00,0.111185664,0.03654496
08/07/2019 11:00,0.132942865,0.043696206
08/07/2019 12:00,0.15682933,0.051547308
08/07/2019 13:00,0.196576147,0.064611455
08/07/2019 14:00,0.269051754,0.088433035
08/07/2019 15:00,0.289224821,0.095063602
08/07/2019 16:00,0.337371813,0.110888753
08/07/2019 17:00,0.372722863,0.122508081
08/07/2019 18:00,0.421018547,0.138382104
08/07/2019 19:00,0.424326516,0.139469381
08/07/2019 20:00,0.382402371,0.125689581
08/07/2019 21:00,0.354133421,0.116398027
08/07/2019 22:00,0.290955568,0.095632471
08/07/2019 23:00,0.292721313,0.096212843
08/08/2019 00:00,0.279788981,0.091962191
08/08/2019 01:00,0.270411342,0.08887991
08/08/2019 02:00,0.27105452,0.089091312
08/08/2019 03:00,0.271202215,0.089139857
08/08/2019 04:00,0.247370114,0.081306625
08/08/2019 05:00,0.204770381,0.067304769
08/08/2019 06:00,0.159639341,0.052470914
08/08/2019 07:00,0.136820493,0.044970721
08/08/2019 08:00,0.128772893,0.042325603
08/08/2019 09:00,0.117017131,0.038461671
08/08/2019 10:00,0.114776111,0.037725083
08/08/2019 11:00,0.107255935,0.035253321
08/08/2019 12:00,0.111858017,0.036765952
08/08/2019 13:00,0.125454454,0.041234885
08/08/2019 14:00,0.128502482,0.042236723
08/08/2019 15:00,0.113064087,0.037162368
08/08/2019 16:00,0.113284886,0.037234941
08/08/2019 17:00,0.104467198,0.034336708
08/08/2019 18:00,0.106415252,0.034977002
08/08/2019 19:00,0.127250026,0.041825061
08/08/2019 20:00,0.135356351,0.044489481
08/08/2019 21:00,0.104683198,0.034407703
08/08/2019 22:00,0.077462333,0.025460638
08/08/2019 23:00,0.069799867,0.022942107
08/09/2019 00:00,0.046648767,0.015332708
08/09/2019 01:00,0.046063402,0.015140308
08/09/2019 02:00,0.061088934,0.020078961
08/09/2019 03:00,0.076431551,0.025121836
08/09/2019 04:00,0.115770441,0.038051904
08/09/2019 05:00,0.15710231,0.051637032
08/09/2019 06:00,0.221546834,0.072818923
08/09/2019 07:00,0.326161038,0.107203949
08/09/2019 08:00,0.596032254,0.195906328
08/09/2019 09:00,0.699014852,0.229755071
08/09/2019 10:00,0.743885258,0.24450326
08/09/2019 11:00,0.730365947,0.240059678
08/09/2019 12:00,0.748182386,0.245915658
08/09/2019 13:00,0.698999469,0.229750015
08/09/2019 14:00,0.696076368,0.228789238
08/09/2019 15:00,0.70786602,0.232664309
08/09/2019 16:00,0.698147104,0.229469856
08/09/2019 17:00,0.714152818,0.23473068
08/09/2019 18:00,0.763735178,0.251027614
08/09/2019 19:00,0.818081246,0.268890302
08/09/2019 20:00,0.844863406,0.277693173
08/09/2019 21:00,0.810135946,0.266278809
08/09/2019 22:00,0.790897095,0.259955304
08/09/2019 23:00,0.759960542,0.249786951
08/10/2019 00:00,0.760129844,0.249842597
08/10/2019 01:00,0.733158575,0.24097757
08/10/2019 02:00,0.628986354,0.206737817
08/10/2019 03:00,0.491921331,0.161686723
08/10/2019 04:00,0.440593761,0.144816166
08/10/2019 05:00,0.371150271,0.121991195
08/10/2019 06:00,0.284412499,0.093481868
08/10/2019 07:00,0.160355485,0.052706299
08/10/2019 08:00,0.102716678,0.033761339
08/10/2019 09:00,0.142097908,0.046705324
08/10/2019 10:00,0.127259351,0.041828126
08/10/2019 11:00,0.084506237,0.027775857
08/10/2019 12:00,0.059352467,0.019508213
08/10/2019 13:00,0.083332946,0.027390215
08/10/2019 14:00,0.115214021,0.037869017
08/10/2019 15:00,0.141061108,0.046364544
08/10/2019 16:00,0.198170098,0.065135361
08/10/2019 17:00,0.259998982,0.085457533
08/10/2019 18:00,0.313552498,0.103059722
08/10/2019 19:00,0.403032051,0.132470229
08/10/2019 20:00,0.518033694,0.170269441
08/10/2019 21:00,0.632073312,0.207752451
08/10/2019 22:00,0.627252412,0.206167898
08/10/2019 23:00,0.744300321,0.244639685
08/11/2019 00:00,0.781636338,0.25691144
08/11/2019 01:00,0.789367379,0.259452511
08/11/2019 02:00,0.759978554,0.249792871
08/11/2019 03:00,0.757834871,0.249088277
08/11/2019 04:00,0.781847131,0.256980725
08/11/2019 05:00,0.78428293,0.257781333
08/11/2019 06:00,0.756019327,0.248491536
08/11/2019 07:00,0.696074989,0.228788785
08/11/2019 08:00,0.62909285,0.20677282
08/11/2019 09:00,0.550186195,0.180837457
08/11/2019 10:00,0.491878984,0.161672804
08/11/2019 11:00,0.401681079,0.132026186
08/11/2019 12:00,0.32802913,0.107817961
08/11/2019 13:00,0.291791274,0.095907154
08/11/2019 14:00,0.288919762,0.094963333
08/11/2019 15:00,0.281784168,0.092617977
08/11/2019 16:00,0.243643275,0.080081672
08/11/2019 17:00,0.211775831,0.06960735
08/11/2019 18:00,0.190227712,0.062524825
08/11/2019 19:00,0.1564497,0.05142253
08/11/2019 20:00,0.135247081,0.044453566
08/11/2019 21:00,0.10716305,0.035222791
08/11/2019 22:00,0.091534664,0.030085989
08/11/2019 23:00,0.088656393,0.029139947
08/12/2019 00:00,0.099458225,0.032690338
08/12/2019 01:00,0.078672294,0.025858333
08/12/2019 02:00,0.055616435,0.018280238
08/12/2019 03:00,0.044372055,0.014584389
08/12/2019 04:00,0.037842541,0.012438242
08/12/2019 05:00,0.024662759,0.008106257
08/12/2019 06:00,0.018494169,0.006078739
08/12/2019 07:00,0.01702912,0.005597201
08/12/2019 08:00,0.017259709,0.005672992
08/12/2019 09:00,0.01608774,0.005287784
08/12/2019 10:00,0.008000407,0.002629607
08/12/2019 11:00,0.00884226,0.00290631
08/12/2019 12:00,0.00689194,0.002265271
08/12/2019 13:00,0,0
08/12/2019 14:00,0,0
08/12/2019 15:00,0,0
08/12/2019 16:00,0,0
08/12/2019 17:00,0,0
08/12/2019 18:00,0,0
08/12/2019 19:00,0,0
08/12/2019 20:00,0,0
08/12/2019 21:00,0.013018812,0.004279077
08/12/2019 22:00,0.007568082,0.002487508
08/12/2019 23:00,0.021449968,0.007050263
8/13/2019 0:00,0.036625813,0.012038323
8/13/2019 1:00,0.046500931,0.015284117
8/13/2019 2:00,0.069864424,0.022963326
8/13/2019 3:00,0.088924561,0.02922809
8/13/2019 4:00,0.090123282,0.02962209
8/13/2019 5:00,0.099584576,0.032731867
8/13/2019 6:00,0.099778124,0.032795483
8/13/2019 7:00,0.099940446,0.032848836
8/13/2019 8:00,0.119432628,0.039255607
8/13/2019 9:00,0.126250417,0.041496505
8/13/2019 10:00,0.134501665,0.044208559
8/13/2019 11:00,0.128686363,0.042297162
8/13/2019 12:00,0.112310139,0.036914557
8/13/2019 13:00,0.118512927,0.038953315
8/13/2019 14:00,0.147302228,0.048415901
8/13/2019 15:00,0.179312864,0.058937288
8/13/2019 16:00,0.225586923,0.074146836
8/13/2019 17:00,0.252999034,0.083156761
8/13/2019 18:00,0.257010507,0.084475269
8/13/2019 19:00,0.214008663,0.070341246
8/13/2019 20:00,0.192715233,0.063342434
8/13/2019 21:00,0.1579263,0.051907865
8/13/2019 22:00,0.180353652,0.059279379
8/13/2019 23:00,0.199580772,0.065599028
8/14/2019 0:00,0.204868751,0.067337102
8/14/2019 1:00,0.190750443,0.062696639
8/14/2019 2:00,0.189587061,0.062314254
8/14/2019 3:00,0.19046441,0.062602624
8/14/2019 4:00,0.171927818,0.056509941
8/14/2019 5:00,0.143862833,0.047285427
8/14/2019 6:00,0.118859837,0.039067339
8/14/2019 7:00,0.071551127,0.023517718
8/14/2019 8:00,0.038396214,0.012620225
8/14/2019 9:00,0.019559178,0.006428791
8/14/2019 10:00,0.014023364,0.004609257
8/14/2019 11:00,0.011063195,0.003636296
8/14/2019 12:00,0.020325806,0.006680769
8/14/2019 13:00,0.037951665,0.012474109
8/14/2019 14:00,0.069733229,0.022920204
8/14/2019 15:00,0.093812756,0.030834762
8/14/2019 16:00,0.107986089,0.035493311
8/14/2019 17:00,0.133612681,0.043916364
8/14/2019 18:00,0.184736717,0.060720023
8/14/2019 19:00,0.241749035,0.079459065
8/14/2019 20:00,0.350007324,0.115041844
8/14/2019 21:00,0.423898244,0.139328615
8/14/2019 22:00,0.232557339,0.076437901
8/14/2019 23:00,0.188970437,0.062111579
8/15/2019 0:00,0.162918599,0.053548754
8/15/2019 1:00,0.147344637,0.04842984
8/15/2019 2:00,0.085852012,0.028218192
8/15/2019 3:00,0.039510192,0.012986372
8/15/2019 4:00,0.009239997,0.00303704
8/15/2019 5:00,0.00805315,0.002646942
8/15/2019 6:00,0.055139224,0.018123386
8/15/2019 7:00,0.219341193,0.072093964
8/15/2019 8:00,0.417087225,0.137089941
8/15/2019 9:00,0.598372428,0.196675506
8/15/2019 10:00,0.628305912,0.206514166
8/15/2019 11:00,0.629277509,0.206833515
8/15/2019 12:00,0.599067471,0.196903956
8/15/2019 13:00,0.606711647,0.199416475
8/15/2019 14:00,0.612595471,0.201350394
8/15/2019 15:00,0.618326361,0.203234047
8/15/2019 16:00,0.41645417,0.136881866
8/15/2019 17:00,0.354540556,0.116531845
8/15/2019 18:00,0.238695011,0.078455256
8/15/2019 19:00,0.144372918,0.047453083
8/15/2019 20:00,0.048915764,0.016077834
8/15/2019 21:00,0.011313796,0.003718665
8/15/2019 22:00,0.002710283,0.000890827
8/15/2019 23:00,0.039898642,0.013114049
8/16/2019 0:00,0.138695775,0.045587097
8/16/2019 1:00,0.243735721,0.080112057
8/16/2019 2:00,0.307982409,0.101228923
8/16/2019 3:00,0.329877379,0.108425451
8/16/2019 4:00,0.356941355,0.11732095
8/16/2019 5:00,0.421583448,0.138567778
8/16/2019 6:00,0.462346536,0.151965958
8/16/2019 7:00,0.545846437,0.179411048
8/16/2019 8:00,0.627384195,0.206211213
8/16/2019 9:00,0.685166662,0.225203391
8/16/2019 10:00,0.672167566,0.220930795
8/16/2019 11:00,0.699273465,0.229840073
8/16/2019 12:00,0.727702191,0.239184144
8/16/2019 13:00,0.695540288,0.228613037
8/16/2019 14:00,0.614260195,0.201897562
8/16/2019 15:00,0.519112147,0.170623912
8/16/2019 16:00,0.320165944,0.105233457
8/16/2019 17:00,0.195322936,0.064199544
8/16/2019 18:00,0.116520058,0.038298291
8/16/2019 19:00,0.079656467,0.026181815
8/16/2019 20:00,0.080244517,0.026375097
8/16/2019 21:00,0.097260413,0.031967952
8/16/2019 22:00,0.111168683,0.036539379
8/16/2019 23:00,0.127458777,0.041893674
8/17/2019 0:00,0.111465427,0.036636914
8/17/2019 1:00,0.088352143,0.029039945
8/17/2019 2:00,0.063775084,0.020961856
8/17/2019 3:00,0.056873758,0.0186935
8/17/2019 4:00,0.040699319,0.013377219
8/17/2019 5:00,0.027318093,0.008979023
8/17/2019 6:00,0.039224229,0.012892381
8/17/2019 7:00,0.096649859,0.031767272
8/17/2019 8:00,0.24853746,0.081690313
8/17/2019 9:00,0.409179028,0.134490643
8/17/2019 10:00,0.344570413,0.113254818
8/17/2019 11:00,0.242946185,0.079852549
8/17/2019 12:00,0.233551238,0.07676458
8/17/2019 13:00,0.222652501,0.073182338
8/17/2019 14:00,0.14984699,0.049252324
8/17/2019 15:00,0.101446075,0.033343712
8/17/2019 16:00,0.099657642,0.032755883
8/17/2019 17:00,0.116644531,0.038339203
8/17/2019 18:00,0.210969914,0.069342457
8/17/2019 19:00,0.296881466,0.097580219
8/17/2019 20:00,0.471960199,0.155125816
8/17/2019 21:00,0.543641422,0.178686294
8/17/2019 22:00,0.644378836,0.211797081
8/17/2019 23:00,0.602851728,0.198147781
8/18/2019 0:00,0.550413088,0.180912033
8/18/2019 1:00,0.539106068,0.177195596
8/18/2019 2:00,0.511308724,0.16805905
8/18/2019 3:00,0.427011692,0.140351956
8/18/2019 4:00,0.366670853,0.120518881
8/18/2019 5:00,0.342083217,0.112437316
8/18/2019 6:00,0.31528396,0.103628826
8/18/2019 7:00,0.278947682,0.091685669
8/18/2019 8:00,0.218703474,0.071884356
8/18/2019 9:00,0.128628826,0.042278251
8/18/2019 10:00,0.03370422,0.011078041
8/18/2019 11:00,0.016593121,0.005453895
8/18/2019 12:00,0.006004163,0.001973473
8/18/2019 13:00,0,0
8/18/2019 14:00,0,0
8/18/2019 15:00,0.001373802,0.000451547
8/18/2019 16:00,0.064970255,0.02135469
8/18/2019 17:00,0.169547083,0.055727431
8/18/2019 18:00,0.234120873,0.07695181
8/18/2019 19:00,0.298539601,0.098125222
8/18/2019 20:00,0.364568583,0.119827898
8/18/2019 21:00,0.432030262,0.14200148
8/18/2019 22:00,0.450883562,0.14819826
8/18/2019 23:00,0.468433646,0.153966694
8/19/2019 0:00,0.490314959,0.161158734
8/19/2019 1:00,0.49406314,0.162390701
8/19/2019 2:00,0.505698343,0.166215007
8/19/2019 3:00,0.577513308,0.189819445
8/19/2019 4:00,0.634549202,0.208566237
8/19/2019 5:00,0.592923284,0.194884459
8/19/2019 6:00,0.512030321,0.168296228
8/19/2019 7:00,0.483671752,0.158975217
8/19/2019 8:00,0.494229195,0.162445281
8/19/2019 9:00,0.435028847,0.142987067
8/19/2019 10:00,0.410901215,0.135056698
8/19/2019 11:00,0.384774785,0.126469356
8/19/2019 12:00,0.378250806,0.124325028
8/19/2019 13:00,0.37430764,0.123028972
8/19/2019 14:00,0.384516372,0.12638442
8/19/2019 15:00,0.401903522,0.132099299
8/19/2019 16:00,0.431527996,0.141836393
8/19/2019 17:00,0.471130937,0.15485325
8/19/2019 18:00,0.437458011,0.143785495
8/19/2019 19:00,0.463391849,0.152309535
8/19/2019 20:00,0.466414297,0.153302966
8/19/2019 21:00,0.434868626,0.142934405
8/19/2019 22:00,0.353639583,0.11623571
8/19/2019 23:00,0.351024675,0.115376231
8/20/2019 0:00,0.329087529,0.10816584
8/20/2019 1:00,0.282794347,0.092950007
8/20/2019 2:00,0.285133445,0.093718831
8/20/2019 3:00,0.336950786,0.110750367
8/20/2019 4:00,0.368946487,0.121266846
8/20/2019 5:00,0.359621651,0.118201921
8/20/2019 6:00,0.327925972,0.107784055
8/20/2019 7:00,0.29094152,0.095627853
8/20/2019 8:00,0.25056353,0.082356249
8/20/2019 9:00,0.235300613,0.077339571
8/20/2019 10:00,0.201024728,0.066073633
8/20/2019 11:00,0.151052207,0.049648459
8/20/2019 12:00,0.136347984,0.044815415
8/20/2019 13:00,0.126349548,0.041529088
8/20/2019 14:00,0.087392384,0.028724488
8/20/2019 15:00,0.05818949,0.01912596
8/20/2019 16:00,0.036163784,0.011886461
8/20/2019 17:00,0.012257735,0.004028923
8/20/2019 18:00,0,0
8/20/2019 19:00,0,0
8/20/2019 20:00,0,0
8/20/2019 21:00,0.042262757,0.013891097
8/20/2019 22:00,0.13738146,0.045155102
8/20/2019 23:00,0.192132422,0.063150873
8/21/2019 0:00,0.195727065,0.064332375
8/21/2019 1:00,0.180977781,0.05948452
8/21/2019 2:00,0.174646288,0.057403459
8/21/2019 3:00,0.168892249,0.055512198
8/21/2019 4:00,0.184543916,0.060656652
8/21/2019 5:00,0.208769689,0.068619278
8/21/2019 6:00,0.202093605,0.066424956
8/21/2019 7:00,0.188213404,0.061862754
8/21/2019 8:00,0.207070708,0.06806085
8/21/2019 9:00,0.17521901,0.057591703
8/21/2019 10:00,0.128107789,0.042106994
8/21/2019 11:00,0.157310165,0.051705351
8/21/2019 12:00,0.206518499,0.067879348
8/21/2019 13:00,0.281456393,0.092510243
8/21/2019 14:00,0.336602949,0.110636039
8/21/2019 15:00,0.435305736,0.143078076
8/21/2019 16:00,0.512299578,0.168384728
8/21/2019 17:00,0.482364958,0.158545695
8/21/2019 18:00,0.625571623,0.205615449
8/21/2019 19:00,0.636210394,0.209112244
8/21/2019 20:00,0.460467515,0.151348353
8/21/2019 21:00,0.287236169,0.094409963
8/21/2019 22:00,0.195506391,0.064259843
8/21/2019 23:00,0.191789905,0.063038293
8/22/2019 0:00,0.173158489,0.056914443
8/22/2019 1:00,0.191419375,0.062916506
8/22/2019 2:00,0.203112064,0.066759707
8/22/2019 3:00,0.252981254,0.083150917
8/22/2019 4:00,0.302097801,0.099294745
8/22/2019 5:00,0.298522546,0.098119616
8/22/2019 6:00,0.310345586,0.102005661
8/22/2019 7:00,0.320371551,0.105301037
8/22/2019 8:00,0.334479952,0.109938244
8/22/2019 9:00,0.383691699,0.126113363
8/22/2019 10:00,0.362542316,0.119161897
8/22/2019 11:00,0.387702959,0.1274318
8/22/2019 12:00,0.409491817,0.134593452
8/22/2019 13:00,0.48686732,0.160025549
8/22/2019 14:00,0.607901031,0.199807406
8/22/2019 15:00,0.68567915,0.225371838
8/22/2019 16:00,0.796735066,0.261874152
8/22/2019 17:00,0.875240952,0.287677789
8/22/2019 18:00,0.897538806,0.295006739
8/22/2019 19:00,0.900278264,0.295907156
8/22/2019 20:00,0.892261987,0.293272333
8/22/2019 21:00,0.890607343,0.292728478
8/22/2019 22:00,0.834603782,0.274320997
8/22/2019 23:00,0.764033274,0.251125593
8/23/2019 0:00,0.732867307,0.240881835
8/23/2019 1:00,0.607071552,0.19953477
8/23/2019 2:00,0.465665984,0.153057007
8/23/2019 3:00,0.328183688,0.107868762
8/23/2019 4:00,0.170863329,0.05616006
8/23/2019 5:00,0.076867072,0.025264985
8/23/2019 6:00,0.016129764,0.005301597
8/23/2019 7:00,0.022990864,0.007556731
8/23/2019 8:00,0.038754266,0.012737911
8/23/2019 9:00,0.081626109,0.026829205
8/23/2019 10:00,0.448215118,0.147321185
8/23/2019 11:00,0.716618771,0.235541199
8/23/2019 12:00,0.726925654,0.238928908
8/23/2019 13:00,0.537276564,0.176594267
8/23/2019 14:00,0.283603637,0.093216007
8/23/2019 15:00,0.202987599,0.066718797
8/23/2019 16:00,0.184146677,0.060526086
8/23/2019 17:00,0.172718544,0.05676984
8/23/2019 18:00,0.142447639,0.046820275
8/23/2019 19:00,0.102004608,0.033527293
8/23/2019 20:00,0.097905849,0.032180096
8/23/2019 21:00,0.130328578,0.042836932
8/23/2019 22:00,0.160709306,0.052822594
8/23/2019 23:00,0.205093901,0.067411105
8/24/2019 0:00,0.279953855,0.092016382
8/24/2019 1:00,0.294254028,0.096716622
8/24/2019 2:00,0.303167912,0.099646474
8/24/2019 3:00,0.285082462,0.093702074
8/24/2019 4:00,0.283164949,0.093071818
8/24/2019 5:00,0.295464474,0.097114476
8/24/2019 6:00,0.289180048,0.095048885
8/24/2019 7:00,0.255930256,0.084120207
8/24/2019 8:00,0.227781532,0.074868169
8/24/2019 9:00,0.172225212,0.05660769
8/24/2019 10:00,0.13477628,0.044298821
8/24/2019 11:00,0.115158963,0.037850921
8/24/2019 12:00,0.102048919,0.033541858
8/24/2019 13:00,0.087634962,0.028804219
8/24/2019 14:00,0.054004219,0.017750328
8/24/2019 15:00,0.043845268,0.014411243
8/24/2019 16:00,0.034689785,0.011401981
8/24/2019 17:00,0.04728189,0.015540806
8/24/2019 18:00,0.049407408,0.01623943
8/24/2019 19:00,0.044196569,0.01452671
8/24/2019 20:00,0.04198616,0.013800183
8/24/2019 21:00,0.041611953,0.013677188
8/24/2019 22:00,0.012758737,0.004193594
8/24/2019 23:00,0.006395645,0.002102147
8/25/2019 0:00,0.012397842,0.004074974
8/25/2019 1:00,0.03403862,0.011187953
8/25/2019 2:00,0.006049208,0.001988278
8/25/2019 3:00,0,0
8/25/2019 4:00,0,0
8/25/2019 5:00,0,0
8/25/2019 6:00,0,0
8/25/2019 7:00,0,0
8/25/2019 8:00,0,0
8/25/2019 9:00,0.006173287,0.002029061
8/25/2019 10:00,0.024917219,0.008189894
8/25/2019 11:00,0.036413103,0.011968408
8/25/2019 12:00,0.042523755,0.013976882
8/25/2019 13:00,0.054009782,0.017752157
8/25/2019 14:00,0.11871902,0.039021055
8/25/2019 15:00,0.191645991,0.062990991
8/25/2019 16:00,0.215250028,0.070749263
8/25/2019 17:00,0.239388316,0.078683135
8/25/2019 18:00,0.281600301,0.092557543
8/25/2019 19:00,0.280722078,0.092268885
8/25/2019 20:00,0.203372257,0.066845228
8/25/2019 21:00,0.101454162,0.033346371
8/25/2019 22:00,0.084279326,0.027701275
8/25/2019 23:00,0.086896033,0.028561345
8/26/2019 0:00,0.086926134,0.028571238
8/26/2019 1:00,0.04675536,0.015367744
8/26/2019 2:00,0.021387232,0.007029643
8/26/2019 3:00,0.021387021,0.007029574
8/26/2019 4:00,0.02755774,0.009057791
8/26/2019 5:00,0.036067838,0.011854925
8/26/2019 6:00,0.049618843,0.016308925
8/26/2019 7:00,0.07277315,0.023919378
8/26/2019 8:00,0.091574475,0.030099074
8/26/2019 9:00,0.074691959,0.02455006
8/26/2019 10:00,0.027512759,0.009043007
8/26/2019 11:00,0.016954983,0.005572833
8/26/2019 12:00,0.008743319,0.00287379
8/26/2019 13:00,0,0
8/26/2019 14:00,0,0
8/26/2019 15:00,0,0
8/26/2019 16:00,0,0
8/26/2019 17:00,0,0
8/26/2019 18:00,0,0
8/26/2019 19:00,0,0
8/26/2019 20:00,0,0
8/26/2019 21:00,0,0
8/26/2019 22:00,0.007939018,0.002609429
8/26/2019 23:00,0.008120737,0.002669157
8/27/2019 0:00,0.006086578,0.002000562
8/27/2019 1:00,0.016824242,0.005529861
8/27/2019 2:00,0.031202913,0.010255902
8/27/2019 3:00,0.028461461,0.00935483
8/27/2019 4:00,0.009303254,0.003057832
8/27/2019 5:00,5.06E-06,1.66E-06
8/27/2019 6:00,0,0
8/27/2019 7:00,0,0
8/27/2019 8:00,0,0
8/27/2019 9:00,0,0
8/27/2019 10:00,0,0
8/27/2019 11:00,0,0
8/27/2019 12:00,0,0
8/27/2019 13:00,0.001595825,0.000524522
8/27/2019 14:00,0.01898896,0.006241369
8/27/2019 15:00,0.02673195,0.008786367
8/27/2019 16:00,0.049005502,0.01610733
8/27/2019 17:00,0.106499744,0.035004773
8/27/2019 18:00,0.138950106,0.045670691
8/27/2019 19:00,0.137563865,0.045215056
8/27/2019 20:00,0.18501284,0.06081078
8/27/2019 21:00,0.207781993,0.068294638
8/27/2019 22:00,0.182144579,0.059868028
8/27/2019 23:00,0.107230702,0.035245027
8/28/2019 0:00,0.160283753,0.052682722
8/28/2019 1:00,0.137831416,0.045302996
8/28/2019 2:00,0.152841906,0.050236705
8/28/2019 3:00,0.160832443,0.052863068
8/28/2019 4:00,0.121381932,0.039896312
8/28/2019 5:00,0.134871576,0.044330143
8/28/2019 6:00,0.135272058,0.044461775
8/28/2019 7:00,0.177485391,0.058336627
8/28/2019 8:00,0.217018219,0.071330439
8/28/2019 9:00,0.193102959,0.063469873
8/28/2019 10:00,0.17268673,0.056759383
8/28/2019 11:00,0.118312753,0.038887521
8/28/2019 12:00,0.039066477,0.01284053
8/28/2019 13:00,0.093481271,0.030725808
8/28/2019 14:00,0.273880629,0.09002021
8/28/2019 15:00,0.299837247,0.098551737
8/28/2019 16:00,0.291905797,0.095944796
8/28/2019 17:00,0.26649241,0.087591819
8/28/2019 18:00,0.235675453,0.077462776
8/28/2019 19:00,0.20840911,0.068500762
8/28/2019 20:00,0.169555317,0.055730138
8/28/2019 21:00,0.116908541,0.038425979
8/28/2019 22:00,0.049029505,0.016115219
8/28/2019 23:00,0.058910762,0.019363031
8/29/2019 0:00,0.057585518,0.018927444
8/29/2019 1:00,0.072549866,0.023845988
8/29/2019 2:00,0.104041688,0.034196849
8/29/2019 3:00,0.124580708,0.040947699
8/29/2019 4:00,0.142649497,0.046886622
8/29/2019 5:00,0.135805845,0.044637223
8/29/2019 6:00,0.149497853,0.049137568
8/29/2019 7:00,0.148630849,0.048852598
8/29/2019 8:00,0.164259358,0.05398944
8/29/2019 9:00,0.187787085,0.06172263
8/29/2019 10:00,0.219041724,0.071995533
8/29/2019 11:00,0.406471867,0.133600842
8/29/2019 12:00,0.635791971,0.208974715
8/29/2019 13:00,0.725478275,0.238453178
8/29/2019 14:00,0.610581813,0.200688537
8/29/2019 15:00,0.581262415,0.191051717
8/29/2019 16:00,0.459969471,0.151184654
8/29/2019 17:00,0.375475178,0.123412723
8/29/2019 18:00,0.400768486,0.131726231
8/29/2019 19:00,0.425265714,0.139778081
8/29/2019 20:00,0.491505563,0.161550066
8/29/2019 21:00,0.555207125,0.182487757
8/29/2019 22:00,0.451446132,0.148383168
8/29/2019 23:00,0.511769252,0.168210419
8/30/2019 0:00,0.573371355,0.188458051
8/30/2019 1:00,0.546045002,0.179476313
8/30/2019 2:00,0.426423478,0.140158619
8/30/2019 3:00,0.489935747,0.161034093
8/30/2019 4:00,0.503216362,0.16539922
8/30/2019 5:00,0.398722815,0.131053852
8/30/2019 6:00,0.299518029,0.098446815
8/30/2019 7:00,0.192947923,0.063418915
8/30/2019 8:00,0.098637822,0.032420684
8/30/2019 9:00,0.032562931,0.010702918
8/30/2019 10:00,0,0
8/30/2019 11:00,0,0
8/30/2019 12:00,0,0
8/30/2019 13:00,0.031539351,0.010366483
8/30/2019 14:00,0.114397802,0.037600739
8/30/2019 15:00,0.126829865,0.041686961
8/30/2019 16:00,0.127741555,0.041986619
8/30/2019 17:00,0.128967938,0.042389711
8/30/2019 18:00,0.095413906,0.031361034
8/30/2019 19:00,0.063683639,0.0209318
8/30/2019 20:00,0.033568877,0.011033556
8/30/2019 21:00,0.008908974,0.002928238
8/30/2019 22:00,0,0
8/30/2019 23:00,0,0
8/31/2019 0:00,0,0
8/31/2019 1:00,0,0
8/31/2019 2:00,0.001430023,0.000470026
8/31/2019 3:00,0.01554337,0.005108859
8/31/2019 4:00,0.047556974,0.015631221
8/31/2019 5:00,0.137780906,0.045286394
8/31/2019 6:00,0.219335631,0.072092136
8/31/2019 7:00,0.309378272,0.101687721
8/31/2019 8:00,0.313186869,0.102939546
8/31/2019 9:00,0.368765949,0.121207506
8/31/2019 10:00,0.344741685,0.113311112
8/31/2019 11:00,0.527233074,0.173293131
8/31/2019 12:00,0.526631107,0.173095274
8/31/2019 13:00,0.422342058,0.138817122
8/31/2019 14:00,0.500194544,0.164405996
8/31/2019 15:00,0.594163312,0.195292036
8/31/2019 16:00,0.508535146,0.167147419
8/31/2019 17:00,0.375212119,0.12332626
8/31/2019 18:00,0.299360674,0.098395095
8/31/2019 19:00,0.332654824,0.109338353
8/31/2019 20:00,0.386806405,0.127137117
8/31/2019 21:00,0.370405045,0.121746251
8/31/2019 22:00,0.478013069,0.157115298
8/31/2019 23:00,0.424250246,0.139444313
09/01/2019 00:00,0.4212908,0.13847159
09/01/2019 01:00,0.397399201,0.130618801
09/01/2019 02:00,0.374785835,0.123186147
09/01/2019 03:00,0.352164839,0.115750985
09/01/2019 04:00,0.404435379,0.132931481
09/01/2019 05:00,0.424028887,0.139371555
09/01/2019 06:00,0.424607901,0.139561868
09/01/2019 07:00,0.366319737,0.120403475
09/01/2019 08:00,0.322620996,0.106040394
09/01/2019 09:00,0.282546239,0.092868458
09/01/2019 10:00,0.313198195,0.102943268
09/01/2019 11:00,0.317225775,0.10426707
09/01/2019 12:00,0.30776787,0.101158407
09/01/2019 13:00,0.263972221,0.086763473
09/01/2019 14:00,0.219449009,0.072129401
09/01/2019 15:00,0.14591582,0.047960211
09/01/2019 16:00,0.083970669,0.027599824
09/01/2019 17:00,0.045695917,0.015019522
09/01/2019 18:00,0.031849431,0.010468402
09/01/2019 19:00,0.033724929,0.011084848
09/01/2019 20:00,0.048221984,0.0158498
09/01/2019 21:00,0.055909148,0.018376448
09/01/2019 22:00,0.044465538,0.014615115
09/01/2019 23:00,0.06363119,0.020914561
09/02/2019 00:00,0.086646412,0.028479298
09/02/2019 01:00,0.094222592,0.030969468
09/02/2019 02:00,0.108760835,0.035747958
09/02/2019 03:00,0.106715338,0.035075636
09/02/2019 04:00,0.115804084,0.038062962
09/02/2019 05:00,0.156364719,0.051394598
09/02/2019 06:00,0.161702235,0.053148954
09/02/2019 07:00,0.173265817,0.05694972
09/02/2019 08:00,0.147877435,0.048604962
09/02/2019 09:00,0.138934973,0.045665717
09/02/2019 10:00,0.11563067,0.038005963
09/02/2019 11:00,0.179389316,0.058962417
09/02/2019 12:00,0.274146853,0.090107713
09/02/2019 13:00,0.32001569,0.105184071
09/02/2019 14:00,0.157356179,0.051720475
09/02/2019 15:00,0.183738182,0.06039182
09/02/2019 16:00,0.251280909,0.082592041
09/02/2019 17:00,0.14320986,0.047070805
09/02/2019 18:00,0.066222435,0.021766262
09/02/2019 19:00,0.076686499,0.025205633
09/02/2019 20:00,0.098581501,0.032402173
09/02/2019 21:00,0.075022191,0.024658602
09/02/2019 22:00,0.078828148,0.025909559
09/02/2019 23:00,0.078282227,0.025730124
09/03/2019 00:00,0.066475831,0.021849549
09/03/2019 01:00,0.046202342,0.015185975
09/03/2019 02:00,0.030492292,0.010022332
09/03/2019 03:00,0.014135316,0.004646054
09/03/2019 04:00,0.00527848,0.001734952
09/03/2019 05:00,0.000130834,4.30E-05
09/03/2019 06:00,0,0
09/03/2019 07:00,0,0
09/03/2019 08:00,0,0
09/03/2019 09:00,0,0
09/03/2019 10:00,0,0
09/03/2019 11:00,0.012837232,0.004219394
09/03/2019 12:00,0.055846306,0.018355793
09/03/2019 13:00,0.124023653,0.040764604
09/03/2019 14:00,0.169369602,0.055669096
09/03/2019 15:00,0.225412367,0.074089462
09/03/2019 16:00,0.243579346,0.08006066
09/03/2019 17:00,0.273496798,0.08989405
09/03/2019 18:00,0.251917222,0.082801187
09/03/2019 19:00,0.198720247,0.065316186
09/03/2019 20:00,0.213102095,0.070043271
09/03/2019 21:00,0.338778818,0.111351213
09/03/2019 22:00,0.578047585,0.189995053
09/03/2019 23:00,0.44874992,0.147496966
09/04/2019 00:00,0.333425776,0.109591753
09/04/2019 01:00,0.263159694,0.086496409
09/04/2019 02:00,0.211370091,0.069473989
09/04/2019 03:00,0.183070241,0.060172278
09/04/2019 04:00,0.179844252,0.059111947
09/04/2019 05:00,0.143784049,0.047259532
09/04/2019 06:00,0.097314201,0.031985631
09/04/2019 07:00,0.056603267,0.018604594
09/04/2019 08:00,0.039501412,0.012983486
09/04/2019 09:00,0.02129081,0.006997951
09/04/2019 10:00,0.023558059,0.007743159
09/04/2019 11:00,0.122598282,0.040296107
09/04/2019 12:00,0.17298747,0.056858232
09/04/2019 13:00,0.440703894,0.144852365
09/04/2019 14:00,0.908615645,0.29864752
09/04/2019 15:00,0.905836346,0.297734009
09/04/2019 16:00,0.836563547,0.274965141
09/04/2019 17:00,0.85019869,0.279446796
09/04/2019 18:00,0.878615919,0.288787087
09/04/2019 19:00,0.888494134,0.292033899
09/04/2019 20:00,0.889818145,0.292469081
09/04/2019 21:00,0.886163734,0.291267934
09/04/2019 22:00,0.905335737,0.297569467
09/04/2019 23:00,0.883959038,0.290543286
09/05/2019 00:00,0.850981566,0.279704115
09/05/2019 01:00,0.760042237,0.249813803
09/05/2019 02:00,0.602075673,0.197892704
09/05/2019 03:00,0.446674983,0.146814967
09/05/2019 04:00,0.377651755,0.124128129
09/05/2019 05:00,0.322045156,0.105851124
09/05/2019 06:00,0.296521069,0.097461762
09/05/2019 07:00,0.244179748,0.080258002
09/05/2019 08:00,0.191908886,0.063077401
09/05/2019 09:00,0.148586134,0.0488379
09/05/2019 10:00,0.189477539,0.062278255
09/05/2019 11:00,0.265428059,0.087241984
09/05/2019 12:00,0.418015607,0.137395086
09/05/2019 13:00,0.482053821,0.158443429
09/05/2019 14:00,0.545145149,0.179180546
09/05/2019 15:00,0.708854844,0.23298932
09/05/2019 16:00,0.818482823,0.269022294
09/05/2019 17:00,0.725842716,0.238572964
09/05/2019 18:00,0.64812823,0.213029447
09/05/2019 19:00,0.641491484,0.210848054
09/05/2019 20:00,0.641097826,0.210718665
09/05/2019 21:00,0.580418927,0.190774476
09/05/2019 22:00,0.558475356,0.183561973
09/05/2019 23:00,0.659823441,0.216873477
09/06/2019 00:00,0.622407828,0.20457556
09/06/2019 01:00,0.616609159,0.20266963
09/06/2019 02:00,0.682027895,0.224171728
09/06/2019 03:00,0.652520145,0.214473
09/06/2019 04:00,0.625732516,0.205668332
09/06/2019 05:00,0.62948007,0.206900094
09/06/2019 06:00,0.650939069,0.213953325
09/06/2019 07:00,0.63405471,0.208403705
09/06/2019 08:00,0.587446597,0.193084359
09/06/2019 09:00,0.572989753,0.188332624
09/06/2019 10:00,0.663537725,0.218094303
09/06/2019 11:00,0.660759501,0.217181145
09/06/2019 12:00,0.594284324,0.195331811
09/06/2019 13:00,0.539882881,0.177450922
09/06/2019 14:00,0.598174893,0.19661058
09/06/2019 15:00,0.668631352,0.219768498
09/06/2019 16:00,0.71026281,0.233452096
09/06/2019 17:00,0.63595229,0.209027409
09/06/2019 18:00,0.576536773,0.189498473
09/06/2019 19:00,0.501824389,0.1649417
09/06/2019 20:00,0.432905554,0.142289175
09/06/2019 21:00,0.358814483,0.117936617
09/06/2019 22:00,0.338502764,0.111260478
09/06/2019 23:00,0.328356176,0.107925456
09/07/2019 00:00,0.301477036,0.09909071
09/07/2019 01:00,0.269460066,0.088567241
09/07/2019 02:00,0.277525214,0.091218127
09/07/2019 03:00,0.270218924,0.088816665
09/07/2019 04:00,0.250435594,0.082314199
09/07/2019 05:00,0.231995084,0.076253097
09/07/2019 06:00,0.20161622,0.066268047
09/07/2019 07:00,0.160125067,0.052630564
09/07/2019 08:00,0.132987426,0.043710853
09/07/2019 09:00,0.069566447,0.022865385
09/07/2019 10:00,0.036712219,0.012066723
09/07/2019 11:00,0.0225303,0.007405352
09/07/2019 12:00,0.034147404,0.011223709
09/07/2019 13:00,0.042335773,0.013915096
09/07/2019 14:00,0.035647694,0.01171683
09/07/2019 15:00,0.024259287,0.007973642
09/07/2019 16:00,0.014983163,0.004924728
09/07/2019 17:00,0.004221829,0.001387648
09/07/2019 18:00,0,0
09/07/2019 19:00,0,0
09/07/2019 20:00,0,0
09/07/2019 21:00,0,0
09/07/2019 22:00,0,0
09/07/2019 23:00,0.002626395,0.000863254
09/08/2019 00:00,0.026340564,0.008657725
09/08/2019 01:00,0.045672988,0.015011985
09/08/2019 02:00,0.074033862,0.024333754
09/08/2019 03:00,0.091427793,0.030050862
09/08/2019 04:00,0.083687705,0.027506819
09/08/2019 05:00,0.062644109,0.020590123
09/08/2019 06:00,0.072607255,0.023864851
09/08/2019 07:00,0.094192993,0.03095974
09/08/2019 08:00,0.095793057,0.031485655
09/08/2019 09:00,0.089425652,0.02939279
09/08/2019 10:00,0.102709916,0.033759117
09/08/2019 11:00,0.098165826,0.032265547
09/08/2019 12:00,0.12384316,0.040705278
09/08/2019 13:00,0.138339699,0.04547006
09/08/2019 14:00,0.116450235,0.038275341
09/08/2019 15:00,0.111620893,0.036688013
09/08/2019 16:00,0.120632894,0.039650115
09/08/2019 17:00,0.193448849,0.063583562
09/08/2019 18:00,0.213332669,0.070119057
09/08/2019 19:00,0.212966733,0.06999878
09/08/2019 20:00,0.262766284,0.086367101
09/08/2019 21:00,0.309271993,0.101652788
09/08/2019 22:00,0.21790833,0.071623005
09/08/2019 23:00,0.162439019,0.053391124
09/09/2019 00:00,0.122384638,0.040225885
09/09/2019 01:00,0.125662483,0.041303261
09/09/2019 02:00,0.177879481,0.058466158
09/09/2019 03:00,0.226707084,0.074515015
09/09/2019 04:00,0.227670054,0.074831528
09/09/2019 05:00,0.215910904,0.070966482
09/09/2019 06:00,0.27056074,0.088929015
09/09/2019 07:00,0.326962863,0.107467496
09/09/2019 08:00,0.347111951,0.114090181
09/09/2019 09:00,0.404388134,0.132915952
09/09/2019 10:00,0.246068242,0.08087872
09/09/2019 11:00,0.264715405,0.087007746
09/09/2019 12:00,0.235871147,0.077527097
09/09/2019 13:00,0.215323621,0.070773452
09/09/2019 14:00,0.16258785,0.053440042
09/09/2019 15:00,0.092754353,0.030486881
09/09/2019 16:00,0.047894632,0.015742204
09/09/2019 17:00,0.026483886,0.008704832
09/09/2019 18:00,0.008736862,0.002871668
09/09/2019 19:00,0,0
09/09/2019 20:00,0,0
09/09/2019 21:00,0.049867983,0.016390814
09/09/2019 22:00,0.162643798,0.053458431
09/09/2019 23:00,0.201687525,0.066291484
09/10/2019 00:00,0.22617484,0.074340075
09/10/2019 01:00,0.231365628,0.076046204
09/10/2019 02:00,0.245540608,0.080705295
09/10/2019 03:00,0.20054677,0.065916536
09/10/2019 04:00,0.128091132,0.042101519
09/10/2019 05:00,0.063696633,0.020936071
09/10/2019 06:00,0.038755554,0.012738335
09/10/2019 07:00,0.042863437,0.01408853
09/10/2019 08:00,0.061583568,0.02024154
09/10/2019 09:00,0.0444305,0.014603599
09/10/2019 10:00,0.02636706,0.008666434
09/10/2019 11:00,0.040272368,0.013236887
09/10/2019 12:00,0.074360408,0.024441084
09/10/2019 13:00,0.093768409,0.030820185
09/10/2019 14:00,0.185057689,0.060825521
09/10/2019 15:00,0.271964558,0.089390428
09/10/2019 16:00,0.318628889,0.104728251
09/10/2019 17:00,0.536601466,0.176372373
09/10/2019 18:00,0.758703607,0.249373816
09/10/2019 19:00,0.843721806,0.277317947
09/10/2019 20:00,0.857045519,0.281697239
09/10/2019 21:00,0.833532183,0.27396878
09/10/2019 22:00,0.764053917,0.251132378
09/10/2019 23:00,0.804191683,0.264325024
09/11/2019 00:00,0.814867122,0.267833871
09/11/2019 01:00,0.802044517,0.263619284
09/11/2019 02:00,0.800056375,0.262965814
09/11/2019 03:00,0.702789437,0.230995717
09/11/2019 04:00,0.700336276,0.230189402
09/11/2019 05:00,0.834143257,0.27416963
09/11/2019 06:00,0.856463034,0.281505786
09/11/2019 07:00,0.830958759,0.273122936
09/11/2019 08:00,0.8384785,0.275594556
09/11/2019 09:00,0.835776582,0.274706478
09/11/2019 10:00,0.855282093,0.28111763
09/11/2019 11:00,0.862930181,0.283631434
09/11/2019 12:00,0.871180648,0.286343232
09/11/2019 13:00,0.886374697,0.291337274
09/11/2019 14:00,0.892919327,0.29348839
09/11/2019 15:00,0.878726474,0.288823425
09/11/2019 16:00,0.857937355,0.281990372
09/11/2019 17:00,0.819344457,0.2693055
09/11/2019 18:00,0.824015616,0.270840835
09/11/2019 19:00,0.825985534,0.271488316
09/11/2019 20:00,0.794886694,0.261266622
09/11/2019 21:00,0.783737273,0.257601984
09/11/2019 22:00,0.78299635,0.257358455
09/11/2019 23:00,0.716773154,0.235591943
09/12/2019 00:00,0.653892241,0.214923986
09/12/2019 01:00,0.700000841,0.23007915
09/12/2019 02:00,0.655160698,0.215340908
09/12/2019 03:00,0.63740711,0.209505586
09/12/2019 04:00,0.583915669,0.191923799
09/12/2019 05:00,0.464440419,0.152654184
09/12/2019 06:00,0.48319761,0.158819374
09/12/2019 07:00,0.417245339,0.137141911
09/12/2019 08:00,0.456610021,0.150080456
09/12/2019 09:00,0.513265318,0.168702152
09/12/2019 10:00,0.643586523,0.21153666
09/12/2019 11:00,0.690445859,0.226938579
09/12/2019 12:00,0.751138094,0.246887152
09/12/2019 13:00,0.804570184,0.264449431
09/12/2019 14:00,0.822045393,0.270193254
09/12/2019 15:00,0.796876354,0.261920591
09/12/2019 16:00,0.745643986,0.245081326
09/12/2019 17:00,0.707284674,0.23247323
09/12/2019 18:00,0.671891286,0.220839986
09/12/2019 19:00,0.664022506,0.218253643
09/12/2019 20:00,0.666519886,0.219074492
09/12/2019 21:00,0.753246404,0.24758012
09/12/2019 22:00,0.780498042,0.256537301
09/12/2019 23:00,0.796198812,0.261697894
9/13/2019 0:00,0.778302116,0.255815534
9/13/2019 1:00,0.773731347,0.254313196
9/13/2019 2:00,0.805466447,0.264744019
9/13/2019 3:00,0.829620027,0.272682916
9/13/2019 4:00,0.834576896,0.27431216
9/13/2019 5:00,0.854035283,0.280707823
9/13/2019 6:00,0.869744928,0.285871333
9/13/2019 7:00,0.868150318,0.28534721
9/13/2019 8:00,0.856316327,0.281457566
9/13/2019 9:00,0.869164161,0.285680444
9/13/2019 10:00,0.886328879,0.291322214
9/13/2019 11:00,0.874784065,0.287527618
9/13/2019 12:00,0.87969441,0.28914157
9/13/2019 13:00,0.873923658,0.287244816
9/13/2019 14:00,0.860316179,0.282772254
9/13/2019 15:00,0.842721961,0.276989314
9/13/2019 16:00,0.790089928,0.259690001
9/13/2019 17:00,0.712377746,0.234147242
9/13/2019 18:00,0.650084337,0.213672389
9/13/2019 19:00,0.601710363,0.197772632
9/13/2019 20:00,0.517675411,0.170151679
9/13/2019 21:00,0.579873977,0.190595359
9/13/2019 22:00,0.61919327,0.203518986
9/13/2019 23:00,0.580516738,0.190806625
9/14/2019 0:00,0.505155863,0.166036703
9/14/2019 1:00,0.462626728,0.152058052
9/14/2019 2:00,0.435949907,0.143289805
9/14/2019 3:00,0.432252774,0.142074616
9/14/2019 4:00,0.418297664,0.137487793
9/14/2019 5:00,0.410296188,0.134857835
9/14/2019 6:00,0.518616762,0.170461086
9/14/2019 7:00,0.696422472,0.228902997
9/14/2019 8:00,0.7930421,0.260660333
9/14/2019 9:00,0.848957526,0.279038845
9/14/2019 10:00,0.850658624,0.279597969
9/14/2019 11:00,0.875119788,0.287637964
9/14/2019 12:00,0.9052955,0.297556241
9/14/2019 13:00,0.908301257,0.298544186
9/14/2019 14:00,0.91,0.299102536
9/14/2019 15:00,0.91,0.299102536
9/14/2019 16:00,0.91,0.299102536
9/14/2019 17:00,0.91,0.299102536
9/14/2019 18:00,0.91,0.299102536
9/14/2019 19:00,0.91,0.299102536
9/14/2019 20:00,0.91,0.299102536
9/14/2019 21:00,0.91,0.299102536
9/14/2019 22:00,0.91,0.299102536
9/14/2019 23:00,0.91,0.299102536
9/15/2019 0:00,0.91,0.299102536
9/15/2019 1:00,0.91,0.299102536
9/15/2019 2:00,0.91,0.299102536
9/15/2019 3:00,0.91,0.299102536
9/15/2019 4:00,0.91,0.299102536
9/15/2019 5:00,0.91,0.299102536
9/15/2019 6:00,0.91,0.299102536
9/15/2019 7:00,0.91,0.299102536
9/15/2019 8:00,0.91,0.299102536
9/15/2019 9:00,0.91,0.299102536
9/15/2019 10:00,0.91,0.299102536
9/15/2019 11:00,0.91,0.299102536
9/15/2019 12:00,0.907661762,0.298333994
9/15/2019 13:00,0.892521193,0.29335753
9/15/2019 14:00,0.863648467,0.283867523
9/15/2019 15:00,0.834192161,0.274185704
9/15/2019 16:00,0.809893068,0.266198978
9/15/2019 17:00,0.804609983,0.264462512
9/15/2019 18:00,0.746453585,0.245347429
9/15/2019 19:00,0.710464035,0.233518235
9/15/2019 20:00,0.68097085,0.223824294
9/15/2019 21:00,0.629937639,0.207050489
9/15/2019 22:00,0.624192402,0.205162121
9/15/2019 23:00,0.555593783,0.182614845
9/16/2019 0:00,0.608938134,0.200148286
9/16/2019 1:00,0.667511259,0.219400341
9/16/2019 2:00,0.744776117,0.244796072
9/16/2019 3:00,0.775623333,0.254935061
9/16/2019 4:00,0.797143283,0.262008327
9/16/2019 5:00,0.804927328,0.264566819
9/16/2019 6:00,0.805257811,0.264675443
9/16/2019 7:00,0.812302816,0.266991024
9/16/2019 8:00,0.839374625,0.275889097
9/16/2019 9:00,0.851902627,0.280006853
9/16/2019 10:00,0.835673313,0.274672535
9/16/2019 11:00,0.830371667,0.272929968
9/16/2019 12:00,0.858893936,0.282304785
9/16/2019 13:00,0.856917605,0.281655196
9/16/2019 14:00,0.8609248,0.282972298
9/16/2019 15:00,0.853289202,0.280462598
9/16/2019 16:00,0.864450693,0.284131203
9/16/2019 17:00,0.859874022,0.282626923
9/16/2019 18:00,0.858739509,0.282254027
9/16/2019 19:00,0.863438331,0.283798455
9/16/2019 20:00,0.874663147,0.287487874
9/16/2019 21:00,0.896043668,0.294515311
9/16/2019 22:00,0.900048381,0.295831597
9/16/2019 23:00,0.906633037,0.297995869
9/17/2019 0:00,0.906801982,0.298051398
9/17/2019 1:00,0.903015891,0.29680697
9/17/2019 2:00,0.894783196,0.294101014
9/17/2019 3:00,0.889540118,0.292377698
9/17/2019 4:00,0.881083289,0.289598072
9/17/2019 5:00,0.863226315,0.283728769
9/17/2019 6:00,0.830237427,0.272885846
9/17/2019 7:00,0.787125134,0.25871552
9/17/2019 8:00,0.737228107,0.242315161
9/17/2019 9:00,0.682679369,0.224385858
9/17/2019 10:00,0.660727144,0.21717051
9/17/2019 11:00,0.530127613,0.17424452
9/17/2019 12:00,0.411592496,0.135283911
9/17/2019 13:00,0.387863179,0.127484462
9/17/2019 14:00,0.336193185,0.110501356
9/17/2019 15:00,0.283254473,0.093101243
9/17/2019 16:00,0.234429453,0.077053235
9/17/2019 17:00,0.167255742,0.054974304
9/17/2019 18:00,0.107685709,0.035394581
9/17/2019 19:00,0.077857619,0.025590562
9/17/2019 20:00,0.046371588,0.015241604
9/17/2019 21:00,0.02833869,0.009314477
9/17/2019 22:00,0.00871263,0.002863703
9/17/2019 23:00,0,0
9/18/2019 0:00,0,0
9/18/2019 1:00,0,0
9/18/2019 2:00,0,0
9/18/2019 3:00,0,0
9/18/2019 4:00,0,0
9/18/2019 5:00,0,0
9/18/2019 6:00,0.001272691,0.000418313
9/18/2019 7:00,0.016266069,0.005346398
9/18/2019 8:00,0.034126187,0.011216735
9/18/2019 9:00,0.046768072,0.015371922
9/18/2019 10:00,0.082460973,0.027103611
9/18/2019 11:00,0.081019867,0.026629943
9/18/2019 12:00,0.072279374,0.023757081
9/18/2019 13:00,0.076844744,0.025257646
9/18/2019 14:00,0.066136657,0.021738068
9/18/2019 15:00,0.058787585,0.019322545
9/18/2019 16:00,0.062655433,0.020593845
9/18/2019 17:00,0.083170744,0.027336902
9/18/2019 18:00,0.075484263,0.024810477
9/18/2019 19:00,0.085519661,0.028108953
9/18/2019 20:00,0.1041336,0.034227059
9/18/2019 21:00,0.112254573,0.036896294
9/18/2019 22:00,0.148509733,0.048812789
9/18/2019 23:00,0.152427154,0.050100383
9/19/2019 0:00,0.151583648,0.049823136
9/19/2019 1:00,0.118945256,0.039095415
9/19/2019 2:00,0.091567282,0.03009671
9/19/2019 3:00,0.161943389,0.053228218
9/19/2019 4:00,0.230786218,0.075855762
9/19/2019 5:00,0.211651487,0.069566479
9/19/2019 6:00,0.199158396,0.065460199
9/19/2019 7:00,0.231205489,0.075993569
9/19/2019 8:00,0.269008452,0.088418802
9/19/2019 9:00,0.342187287,0.112471522
9/19/2019 10:00,0.361663528,0.118873053
9/19/2019 11:00,0.357202376,0.117406743
9/19/2019 12:00,0.386979207,0.127193914
9/19/2019 13:00,0.392724196,0.129082201
9/19/2019 14:00,0.381304282,0.125328657
9/19/2019 15:00,0.37714401,0.123961241
9/19/2019 16:00,0.361956247,0.118969265
9/19/2019 17:00,0.376665135,0.123803843
9/19/2019 18:00,0.364430742,0.119782592
9/19/2019 19:00,0.290479693,0.095476058
9/19/2019 20:00,0.248001563,0.081514172
9/19/2019 21:00,0.242124549,0.079582491
9/19/2019 22:00,0.204343932,0.067164602
9/19/2019 23:00,0.182441096,0.059965488
9/20/2019 0:00,0.154343307,0.050730192
9/20/2019 1:00,0.124190308,0.04081938
9/20/2019 2:00,0.086824932,0.028537975
9/20/2019 3:00,0.053564996,0.017605963
9/20/2019 4:00,0.035496754,0.011667219
9/20/2019 5:00,0.020613833,0.006775439
9/20/2019 6:00,0.009589967,0.00315207
9/20/2019 7:00,0.006109827,0.002008203
9/20/2019 8:00,0.014978654,0.004923246
9/20/2019 9:00,0.031512651,0.010357708
9/20/2019 10:00,0.048701311,0.016007347
9/20/2019 11:00,0.053471399,0.017575199
9/20/2019 12:00,0.046734331,0.015360832
9/20/2019 13:00,0.037678355,0.012384276
9/20/2019 14:00,0.03246632,0.010671163
9/20/2019 15:00,0.026703181,0.008776911
9/20/2019 16:00,0.030151654,0.009910369
9/20/2019 17:00,0.047169802,0.015503964
9/20/2019 18:00,0.07171463,0.023571459
9/20/2019 19:00,0.094465845,0.031049422
9/20/2019 20:00,0.114337894,0.037581048
9/20/2019 21:00,0.127598912,0.041939734
9/20/2019 22:00,0.145268014,0.047747287
9/20/2019 23:00,0.234545978,0.077091535
9/21/2019 0:00,0.349238647,0.114789192
9/21/2019 1:00,0.433507302,0.14248696
9/21/2019 2:00,0.502895873,0.16529388
9/21/2019 3:00,0.55040048,0.180907889
9/21/2019 4:00,0.581888472,0.191257492
9/21/2019 5:00,0.567255889,0.186447994
9/21/2019 6:00,0.548336273,0.180229417
9/21/2019 7:00,0.559354773,0.183851023
9/21/2019 8:00,0.618998102,0.203454837
9/21/2019 9:00,0.66925003,0.219971847
9/21/2019 10:00,0.704277568,0.231484842
9/21/2019 11:00,0.745373056,0.244992276
9/21/2019 12:00,0.779043411,0.256059187
9/21/2019 13:00,0.807908002,0.265546519
9/21/2019 14:00,0.814249166,0.267630758
9/21/2019 15:00,0.806529284,0.265093356
9/21/2019 16:00,0.807132433,0.265291601
9/21/2019 17:00,0.835177668,0.274509624
9/21/2019 18:00,0.843924891,0.277384698
9/21/2019 19:00,0.837391202,0.275237178
9/21/2019 20:00,0.827082749,0.271848953
9/21/2019 21:00,0.813960489,0.267535875
9/21/2019 22:00,0.843104635,0.277115092
9/21/2019 23:00,0.839143234,0.275813043
9/22/2019 0:00,0.820328414,0.269628911
9/22/2019 1:00,0.792653042,0.260532456
9/22/2019 2:00,0.758463518,0.249294903
9/22/2019 3:00,0.744833371,0.24481489
9/22/2019 4:00,0.740967095,0.243544107
9/22/2019 5:00,0.725981591,0.23861861
9/22/2019 6:00,0.695834351,0.228709691
9/22/2019 7:00,0.674046508,0.221548373
9/22/2019 8:00,0.670059989,0.220238068
9/22/2019 9:00,0.691327714,0.227228431
9/22/2019 10:00,0.684400764,0.224951653
9/22/2019 11:00,0.660769705,0.217184499
9/22/2019 12:00,0.628009176,0.206416634
9/22/2019 13:00,0.622793417,0.204702297
9/22/2019 14:00,0.631430019,0.207541011
9/22/2019 15:00,0.629923375,0.207045801
9/22/2019 16:00,0.615125418,0.202181947
9/22/2019 17:00,0.629172206,0.206798903
9/22/2019 18:00,0.637737374,0.209614138
9/22/2019 19:00,0.629323718,0.206848703
9/22/2019 20:00,0.617925237,0.203102204
9/22/2019 21:00,0.61638343,0.202595436
9/22/2019 22:00,0.613074974,0.201507999
9/22/2019 23:00,0.625682954,0.205652042
9/23/2019 0:00,0.568404376,0.186825484
9/23/2019 1:00,0.567304006,0.18646381
9/23/2019 2:00,0.605084427,0.198881633
9/23/2019 3:00,0.609410782,0.200303638
9/23/2019 4:00,0.588007994,0.193268881
9/23/2019 5:00,0.491963451,0.161700567
9/23/2019 6:00,0.462640269,0.152062503
9/23/2019 7:00,0.479005862,0.157441613
9/23/2019 8:00,0.458246439,0.150618321
9/23/2019 9:00,0.402659682,0.132347837
9/23/2019 10:00,0.430404482,0.141467112
9/23/2019 11:00,0.382966118,0.125874876
9/23/2019 12:00,0.330608884,0.108665885
9/23/2019 13:00,0.308464931,0.10138752
9/23/2019 14:00,0.290990254,0.095643871
9/23/2019 15:00,0.323751529,0.106411982
9/23/2019 16:00,0.419495999,0.137881667
9/23/2019 17:00,0.547155357,0.179841269
9/23/2019 18:00,0.575409079,0.189127818
9/23/2019 19:00,0.587766386,0.193189469
9/23/2019 20:00,0.56732859,0.18647189
9/23/2019 21:00,0.520222404,0.170988835
9/23/2019 22:00,0.475799672,0.156387789
9/23/2019 23:00,0.446730889,0.146833343
9/24/2019 0:00,0.465555886,0.15302082
9/24/2019 1:00,0.456911715,0.150179618
9/24/2019 2:00,0.558437763,0.183549617
9/24/2019 3:00,0.626628634,0.205962872
9/24/2019 4:00,0.682932787,0.224469152
9/24/2019 5:00,0.741997759,0.243882869
9/24/2019 6:00,0.775523151,0.254902133
9/24/2019 7:00,0.773943737,0.254383005
9/24/2019 8:00,0.742540712,0.244061329
9/24/2019 9:00,0.729709892,0.239844043
9/24/2019 10:00,0.674419781,0.221671062
9/24/2019 11:00,0.618246974,0.203207953
9/24/2019 12:00,0.588686375,0.193491854
9/24/2019 13:00,0.486392372,0.159869441
9/24/2019 14:00,0.38141539,0.125365176
9/24/2019 15:00,0.441386976,0.145076883
9/24/2019 16:00,0.436439699,0.143450792
9/24/2019 17:00,0.398233223,0.130892931
9/24/2019 18:00,0.341617674,0.112284299
9/24/2019 19:00,0.321336637,0.105618245
9/24/2019 20:00,0.390173305,0.128243764
9/24/2019 21:00,0.451151263,0.148286249
9/24/2019 22:00,0.522339913,0.171684827
9/24/2019 23:00,0.615544234,0.202319606
9/25/2019 0:00,0.596068057,0.195918096
9/25/2019 1:00,0.54252802,0.178320337
9/25/2019 2:00,0.577051803,0.189667756
9/25/2019 3:00,0.572437633,0.188151151
9/25/2019 4:00,0.549581665,0.180638758
9/25/2019 5:00,0.598739114,0.19679603
9/25/2019 6:00,0.648266586,0.213074923
9/25/2019 7:00,0.690636299,0.227001174
9/25/2019 8:00,0.724468503,0.238121282
9/25/2019 9:00,0.750394224,0.246642654
9/25/2019 10:00,0.716911173,0.235637307
9/25/2019 11:00,0.70620641,0.232118822
9/25/2019 12:00,0.717866702,0.235951375
9/25/2019 13:00,0.720063403,0.236673395
9/25/2019 14:00,0.760508276,0.249966982
9/25/2019 15:00,0.803096164,0.263964944
9/25/2019 16:00,0.821408402,0.269983886
9/25/2019 17:00,0.812484321,0.267050682
9/25/2019 18:00,0.800442552,0.263092744
9/25/2019 19:00,0.804068515,0.26428454
9/25/2019 20:00,0.812323702,0.266997889
9/25/2019 21:00,0.826408454,0.271627323
9/25/2019 22:00,0.827242796,0.271901558
9/25/2019 23:00,0.843501255,0.277245455
9/26/2019 0:00,0.852301516,0.280137961
9/26/2019 1:00,0.854967357,0.281014181
9/26/2019 2:00,0.857271056,0.28177137
9/26/2019 3:00,0.864259125,0.284068237
9/26/2019 4:00,0.862870736,0.283611896
9/26/2019 5:00,0.850117302,0.279420045
9/26/2019 6:00,0.850521893,0.279553027
9/26/2019 7:00,0.815176805,0.267935659
9/26/2019 8:00,0.776991814,0.255384859
9/26/2019 9:00,0.694101826,0.228140237
9/26/2019 10:00,0.587215867,0.193008522
9/26/2019 11:00,0.650236487,0.213722398
9/26/2019 12:00,0.584342735,0.192064169
9/26/2019 13:00,0.299364662,0.098396406
9/26/2019 14:00,0.110425576,0.036295132
9/26/2019 15:00,0.046490952,0.015280837
9/26/2019 16:00,0.016140995,0.005305289
9/26/2019 17:00,0,0
9/26/2019 18:00,0,0
9/26/2019 19:00,0,0
9/26/2019 20:00,0,0
9/26/2019 21:00,0,0
9/26/2019 22:00,0.017064797,0.005608927
9/26/2019 23:00,0.010128034,0.003328924
9/27/2019 0:00,0,0
9/27/2019 1:00,0,0
9/27/2019 2:00,0,0
9/27/2019 3:00,0,0
9/27/2019 4:00,0,0
9/27/2019 5:00,0,0
9/27/2019 6:00,0,0
9/27/2019 7:00,0,0
9/27/2019 8:00,0,0
9/27/2019 9:00,0,0
9/27/2019 10:00,0,0
9/27/2019 11:00,0,0
9/27/2019 12:00,0,0
9/27/2019 13:00,0,0
9/27/2019 14:00,0,0
9/27/2019 15:00,0,0
9/27/2019 16:00,0,0
9/27/2019 17:00,0,0
9/27/2019 18:00,0,0
9/27/2019 19:00,0,0
9/27/2019 20:00,0,0
9/27/2019 21:00,0,0
9/27/2019 22:00,0,0
9/27/2019 23:00,0,0
9/28/2019 0:00,0,0
9/28/2019 1:00,0,0
9/28/2019 2:00,0,0
9/28/2019 3:00,0,0
9/28/2019 4:00,0,0
9/28/2019 5:00,0,0
9/28/2019 6:00,0.002883568,0.000947783
9/28/2019 7:00,0.007350608,0.002416028
9/28/2019 8:00,0.00437806,0.001438999
9/28/2019 9:00,0.006337139,0.002082917
9/28/2019 10:00,0.041917294,0.013777548
9/28/2019 11:00,0.045804241,0.015055126
9/28/2019 12:00,0.025956738,0.008531567
9/28/2019 13:00,0.007728447,0.002540218
9/28/2019 14:00,0,0
9/28/2019 15:00,0,0
9/28/2019 16:00,0,0
9/28/2019 17:00,0,0
9/28/2019 18:00,0,0
9/28/2019 19:00,0,0
9/28/2019 20:00,0.002970844,0.000976469
9/28/2019 21:00,0,0
9/28/2019 22:00,0.003097193,0.001017998
9/28/2019 23:00,0,0
9/29/2019 0:00,0,0
9/29/2019 1:00,0,0
9/29/2019 2:00,0.000637687,0.000209597
9/29/2019 3:00,0.026928022,0.008850813
9/29/2019 4:00,0.049503378,0.016270973
9/29/2019 5:00,0.06536385,0.021484059
9/29/2019 6:00,0.086762708,0.028517523
9/29/2019 7:00,0.144935939,0.04763814
9/29/2019 8:00,0.211351893,0.069468008
9/29/2019 9:00,0.200082543,0.065763952
9/29/2019 10:00,0.130620038,0.04293273
9/29/2019 11:00,0.078625029,0.025842797
9/29/2019 12:00,0.050790549,0.016694046
9/29/2019 13:00,0.058904564,0.019360994
9/29/2019 14:00,0.090956899,0.029896087
9/29/2019 15:00,0.11471242,0.037704149
9/29/2019 16:00,0.129179048,0.0424591
9/29/2019 17:00,0.138142214,0.04540515
9/29/2019 18:00,0.14266732,0.04689248
9/29/2019 19:00,0.135142524,0.0444192
9/29/2019 20:00,0.138088701,0.045387561
9/29/2019 21:00,0.152333754,0.050069684
9/29/2019 22:00,0.30988429,0.101854041
9/29/2019 23:00,0.4215286,0.138549751
9/30/2019 0:00,0.471189801,0.154872598
9/30/2019 1:00,0.433751718,0.142567295
9/30/2019 2:00,0.41876502,0.137641406
9/30/2019 3:00,0.425644122,0.139902458
9/30/2019 4:00,0.365821572,0.120239736
9/30/2019 5:00,0.314389912,0.103334967
9/30/2019 6:00,0.289696603,0.095218669
9/30/2019 7:00,0.267367442,0.087879428
9/30/2019 8:00,0.256781132,0.084399877
9/30/2019 9:00,0.254852805,0.083766066
9/30/2019 10:00,0.320452952,0.105327792
9/30/2019 11:00,0.246331843,0.080965361
9/30/2019 12:00,0.19319435,0.063499912
9/30/2019 13:00,0.163453798,0.053724665
9/30/2019 14:00,0.153337634,0.050399643
9/30/2019 15:00,0.155835657,0.051220704
9/30/2019 16:00,0.126397734,0.041544926
9/30/2019 17:00,0.128367205,0.04219226
9/30/2019 18:00,0.117345427,0.038569577
9/30/2019 19:00,0.077628224,0.025515163
9/30/2019 20:00,0.050050044,0.016450654
9/30/2019 21:00,0.059716701,0.01962793
9/30/2019 22:00,0.104554641,0.034365449
9/30/2019 23:00,0.145424705,0.047798789
10/01/2019 00:00,0.144402916,0.047462943
10/01/2019 01:00,0.120309355,0.039543773
10/01/2019 02:00,0.116007633,0.038129865
10/01/2019 03:00,0.145483101,0.047817983
10/01/2019 04:00,0.185386301,0.060933531
10/01/2019 05:00,0.226967758,0.074600694
10/01/2019 06:00,0.244766666,0.080450913
10/01/2019 07:00,0.254509339,0.083653174
10/01/2019 08:00,0.292039513,0.095988746
10/01/2019 09:00,0.353144523,0.116072992
10/01/2019 10:00,0.406517291,0.133615772
10/01/2019 11:00,0.365650609,0.120183543
10/01/2019 12:00,0.385555721,0.126726037
10/01/2019 13:00,0.379286891,0.124665572
10/01/2019 14:00,0.429692609,0.141233131
10/01/2019 15:00,0.461837449,0.151798629
10/01/2019 16:00,0.516522629,0.169772778
10/01/2019 17:00,0.535453723,0.175995128
10/01/2019 18:00,0.535302885,0.17594555
10/01/2019 19:00,0.538874252,0.177119401
10/01/2019 20:00,0.597540718,0.196402136
10/01/2019 21:00,0.68714009,0.225852026
10/01/2019 22:00,0.775597703,0.254926637
10/01/2019 23:00,0.813725703,0.267458705
10/02/2019 00:00,0.834162164,0.274175844
10/02/2019 01:00,0.850907621,0.27967981
10/02/2019 02:00,0.856591617,0.281548049
10/02/2019 03:00,0.861106262,0.283031941
10/02/2019 04:00,0.851636138,0.279919262
10/02/2019 05:00,0.809404397,0.26603836
10/02/2019 06:00,0.764505476,0.251280798
10/02/2019 07:00,0.713308628,0.234453208
10/02/2019 08:00,0.65711342,0.215982737
10/02/2019 09:00,0.597928888,0.196529722
10/02/2019 10:00,0.619493589,0.203617696
10/02/2019 11:00,0.557699217,0.183306868
10/02/2019 12:00,0.515552323,0.169453854
10/02/2019 13:00,0.497841278,0.163632515
10/02/2019 14:00,0.488885708,0.160688961
10/02/2019 15:00,0.410195788,0.134824836
10/02/2019 16:00,0.356186554,0.117072859
10/02/2019 17:00,0.321552228,0.105689106
10/02/2019 18:00,0.293914154,0.096604911
10/02/2019 19:00,0.266396694,0.087560359
10/02/2019 20:00,0.21077983,0.06927998
10/02/2019 21:00,0.173010877,0.056865925
10/02/2019 22:00,0.12021803,0.039513756
10/02/2019 23:00,0.09367968,0.030791022
10/03/2019 00:00,0.09257733,0.030428697
10/03/2019 01:00,0.078359039,0.025755371
10/03/2019 02:00,0.052056985,0.017110303
10/03/2019 03:00,0.054552207,0.017930443
10/03/2019 04:00,0.048806924,0.01604206
10/03/2019 05:00,0.03765745,0.012377405
10/03/2019 06:00,0.042096679,0.013836509
10/03/2019 07:00,0.058918154,0.019365461
10/03/2019 08:00,0.096456087,0.031703583
10/03/2019 09:00,0.143313272,0.047104794
10/03/2019 10:00,0.214132958,0.0703821
10/03/2019 11:00,0.270728486,0.08898415
10/03/2019 12:00,0.277043699,0.09105986
10/03/2019 13:00,0.313158536,0.102930233
10/03/2019 14:00,0.406837115,0.133720893
10/03/2019 15:00,0.511946504,0.168268679
10/03/2019 16:00,0.557066727,0.183098979
10/03/2019 17:00,0.653037156,0.214642933
10/03/2019 18:00,0.693993456,0.228104618
10/03/2019 19:00,0.691736275,0.227362719
10/03/2019 20:00,0.704674248,0.231615225
10/03/2019 21:00,0.692546125,0.227628903
10/03/2019 22:00,0.731069399,0.240290891
10/03/2019 23:00,0.747023757,0.245534835
10/04/2019 00:00,0.742992984,0.244209984
10/04/2019 01:00,0.747675124,0.245748929
10/04/2019 02:00,0.725641383,0.238506789
10/04/2019 03:00,0.655286734,0.215382334
10/04/2019 04:00,0.575260722,0.189079056
10/04/2019 05:00,0.530092947,0.174233126
10/04/2019 06:00,0.481462208,0.158248975
10/04/2019 07:00,0.435564302,0.143163063
10/04/2019 08:00,0.410108117,0.13479602
10/04/2019 09:00,0.347468264,0.114207295
10/04/2019 10:00,0.325132385,0.106865847
10/04/2019 11:00,0.207612344,0.068238877
10/04/2019 12:00,0.156694396,0.051502957
10/04/2019 13:00,0.153022039,0.050295912
10/04/2019 14:00,0.120873911,0.039729333
10/04/2019 15:00,0.095251406,0.031307623
10/04/2019 16:00,0.115492692,0.037960612
10/04/2019 17:00,0.129042138,0.0424141
10/04/2019 18:00,0.167841159,0.055166721
10/04/2019 19:00,0.170342682,0.055988932
10/04/2019 20:00,0.133419685,0.04385293
10/04/2019 21:00,0.10873494,0.035739447
10/04/2019 22:00,0.154594295,0.050812688
10/04/2019 23:00,0.116904911,0.038424786
10/05/2019 00:00,0.09553828,0.031401914
10/05/2019 01:00,0.118911924,0.039084459
10/05/2019 02:00,0.14170397,0.046575842
10/05/2019 03:00,0.200917777,0.06603848
10/05/2019 04:00,0.244006109,0.08020093
10/05/2019 05:00,0.316655613,0.104079667
10/05/2019 06:00,0.453656541,0.149109694
10/05/2019 07:00,0.53664751,0.176387507
10/05/2019 08:00,0.575179889,0.189052487
10/05/2019 09:00,0.657606817,0.216144908
10/05/2019 10:00,0.785794183,0.258278058
10/05/2019 11:00,0.807032334,0.2652587
10/05/2019 12:00,0.835116193,0.274489419
10/05/2019 13:00,0.850322564,0.279487511
10/05/2019 14:00,0.842618381,0.276955269
10/05/2019 15:00,0.838157675,0.275489105
10/05/2019 16:00,0.856704416,0.281585125
10/05/2019 17:00,0.865381046,0.284436995
10/05/2019 18:00,0.866641392,0.28485125
10/05/2019 19:00,0.865447537,0.284458849
10/05/2019 20:00,0.875856058,0.287879965
10/05/2019 21:00,0.874497588,0.287433457
10/05/2019 22:00,0.828613524,0.272352095
10/05/2019 23:00,0.830221389,0.272880574
10/06/2019 00:00,0.803179351,0.263992286
10/06/2019 01:00,0.800018112,0.262953237
10/06/2019 02:00,0.83678951,0.275039411
10/06/2019 03:00,0.848091242,0.278754111
10/06/2019 04:00,0.857681188,0.281906174
10/06/2019 05:00,0.845619523,0.277941696
10/06/2019 06:00,0.803756464,0.264181974
10/06/2019 07:00,0.776441444,0.255203961
10/06/2019 08:00,0.735514909,0.24175206
10/06/2019 09:00,0.721657251,0.237197268
10/06/2019 10:00,0.847576881,0.278585049
10/06/2019 11:00,0.836959652,0.275095334
10/06/2019 12:00,0.823799646,0.27076985
10/06/2019 13:00,0.859511516,0.282507774
10/06/2019 14:00,0.837234134,0.275185552
10/06/2019 15:00,0.788749953,0.259249573
10/06/2019 16:00,0.755390216,0.248284757
10/06/2019 17:00,0.685675639,0.225370684
10/06/2019 18:00,0.683755206,0.224739468
10/06/2019 19:00,0.712550376,0.234203983
10/06/2019 20:00,0.738707332,0.242801359
10/06/2019 21:00,0.791266296,0.260076655
10/06/2019 22:00,0.851002011,0.279710834
10/06/2019 23:00,0.850242694,0.279461259
10/07/2019 00:00,0.848857805,0.279006068
10/07/2019 01:00,0.867563437,0.285154312
10/07/2019 02:00,0.905578056,0.297649113
10/07/2019 03:00,0.90949946,0.298938016
10/07/2019 04:00,0.91,0.299102536
10/07/2019 05:00,0.91,0.299102536
10/07/2019 06:00,0.91,0.299102536
10/07/2019 07:00,0.91,0.299102536
10/07/2019 08:00,0.91,0.299102536
10/07/2019 09:00,0.907743754,0.298360943
10/07/2019 10:00,0.870177994,0.286013675
10/07/2019 11:00,0.836787936,0.275038894
10/07/2019 12:00,0.851081695,0.279737026
10/07/2019 13:00,0.81938612,0.269319194
10/07/2019 14:00,0.696272844,0.228853817
10/07/2019 15:00,0.446206228,0.146660895
10/07/2019 16:00,0.328755015,0.108056548
10/07/2019 17:00,0.252273989,0.08291845
10/07/2019 18:00,0.251737911,0.08274225
10/07/2019 19:00,0.359219076,0.118069601
10/07/2019 20:00,0.48664034,0.159950945
10/07/2019 21:00,0.520340816,0.171027756
10/07/2019 22:00,0.471760843,0.15506029
10/07/2019 23:00,0.434111276,0.142685476
10/08/2019 00:00,0.433054884,0.142338257
10/08/2019 01:00,0.430495485,0.141497023
10/08/2019 02:00,0.4232627,0.139119722
10/08/2019 03:00,0.448689161,0.147476996
10/08/2019 04:00,0.478591248,0.157305336
10/08/2019 05:00,0.504121466,0.165696713
10/08/2019 06:00,0.544978838,0.179125882
10/08/2019 07:00,0.542994887,0.178473789
10/08/2019 08:00,0.51733113,0.17003852
10/08/2019 09:00,0.556473236,0.182903908
10/08/2019 10:00,0.548832246,0.180392436
10/08/2019 11:00,0.587558356,0.193121092
10/08/2019 12:00,0.573748928,0.188582153
10/08/2019 13:00,0.474423169,0.155935355
10/08/2019 14:00,0.400444985,0.131619902
10/08/2019 15:00,0.394846162,0.129779657
10/08/2019 16:00,0.390641731,0.128397728
10/08/2019 17:00,0.378645829,0.124454865
10/08/2019 18:00,0.349179805,0.114769852
10/08/2019 19:00,0.334350533,0.109895706
10/08/2019 20:00,0.353272252,0.116114974
10/08/2019 21:00,0.359733691,0.118238746
10/08/2019 22:00,0.357307248,0.117441213
10/08/2019 23:00,0.429414663,0.141141774
10/09/2019 00:00,0.469893504,0.154446526
10/09/2019 01:00,0.523199131,0.171967238
10/09/2019 02:00,0.56107601,0.184416766
10/09/2019 03:00,0.57702996,0.189660576
10/09/2019 04:00,0.533209096,0.175257355
10/09/2019 05:00,0.524397204,0.172361026
10/09/2019 06:00,0.558972354,0.183725328
10/09/2019 07:00,0.548456163,0.180268823
10/09/2019 08:00,0.600960047,0.197526015
10/09/2019 09:00,0.654042153,0.21497326
10/09/2019 10:00,0.604903085,0.198822029
10/09/2019 11:00,0.69026222,0.22687822
10/09/2019 12:00,0.677063292,0.222539942
10/09/2019 13:00,0.718049262,0.236011379
10/09/2019 14:00,0.732436177,0.240740129
10/09/2019 15:00,0.717192404,0.235729744
10/09/2019 16:00,0.691596761,0.227316863
10/09/2019 17:00,0.731304959,0.240368316
10/09/2019 18:00,0.78279333,0.257291725
10/09/2019 19:00,0.797617989,0.262164355
10/09/2019 20:00,0.762468466,0.250611266
10/09/2019 21:00,0.77503214,0.254740745
10/09/2019 22:00,0.745000663,0.244869876
10/09/2019 23:00,0.770087821,0.253115626
10/10/2019 00:00,0.794876532,0.261263281
10/10/2019 01:00,0.822613368,0.270379939
10/10/2019 02:00,0.827713942,0.272056416
10/10/2019 03:00,0.819346222,0.26930608
10/10/2019 04:00,0.835234578,0.27452833
10/10/2019 05:00,0.854670275,0.280916534
10/10/2019 06:00,0.854458769,0.280847016
10/10/2019 07:00,0.829234027,0.272556044
10/10/2019 08:00,0.793482282,0.260805014
10/10/2019 09:00,0.706334064,0.23216078
10/10/2019 10:00,0.674894534,0.221827106
10/10/2019 11:00,0.65789109,0.216238344
10/10/2019 12:00,0.645922965,0.212304612
10/10/2019 13:00,0.547855167,0.180071285
10/10/2019 14:00,0.406097247,0.13347771
10/10/2019 15:00,0.19693791,0.064730361
10/10/2019 16:00,0.080131479,0.026337944
10/10/2019 17:00,0.014553949,0.004783652
10/10/2019 18:00,0,0
10/10/2019 19:00,0.00406135,0.001334901
10/10/2019 20:00,0.017130416,0.005630496
10/10/2019 21:00,0.050816761,0.016702662
10/10/2019 22:00,0.087126578,0.028637121
10/10/2019 23:00,0.081989046,0.026948496
10/11/2019 00:00,0.07047967,0.023165547
10/11/2019 01:00,0.028606457,0.009402488
10/11/2019 02:00,0.030696385,0.010089414
10/11/2019 03:00,0.054604327,0.017947574
10/11/2019 04:00,0.071094178,0.023367526
10/11/2019 05:00,0.114970729,0.037789051
10/11/2019 06:00,0.144118034,0.047369307
10/11/2019 07:00,0.161474527,0.05307411
10/11/2019 08:00,0.17744075,0.058321954
10/11/2019 09:00,0.169257532,0.05563226
10/11/2019 10:00,0.076047305,0.02499554
10/11/2019 11:00,0.071135376,0.023381067
10/11/2019 12:00,0.101376124,0.033320721
10/11/2019 13:00,0.073697678,0.024223255
10/11/2019 14:00,0.053691445,0.017647524
10/11/2019 15:00,0.010120408,0.003326417
10/11/2019 16:00,0.004879602,0.001603848
10/11/2019 17:00,0.001352217,0.000444452
10/11/2019 18:00,0.019200378,0.006310859
10/11/2019 19:00,0.046411454,0.015254707
10/11/2019 20:00,0.09700908,0.031885343
10/11/2019 21:00,0.150774925,0.049557321
10/11/2019 22:00,0.163442646,0.053721
10/11/2019 23:00,0.145924618,0.047963102
10/12/2019 00:00,0.136371748,0.044823226
10/12/2019 01:00,0.120084274,0.039469792
10/12/2019 02:00,0.119437412,0.039257179
10/12/2019 03:00,0.137724748,0.045267936
10/12/2019 04:00,0.180449905,0.059311015
10/12/2019 05:00,0.177992369,0.058503262
10/12/2019 06:00,0.173859238,0.057144768
10/12/2019 07:00,0.178914452,0.058806336
10/12/2019 08:00,0.143855166,0.047282907
10/12/2019 09:00,0.109404182,0.035959416
10/12/2019 10:00,0.138646401,0.045570868
10/12/2019 11:00,0.141024733,0.046352588
10/12/2019 12:00,0.205915472,0.067681143
10/12/2019 13:00,0.208476249,0.068522829
10/12/2019 14:00,0.181400203,0.059623363
10/12/2019 15:00,0.130618843,0.042932338
10/12/2019 16:00,0.06012041,0.019760623
10/12/2019 17:00,0.017918162,0.005889415
10/12/2019 18:00,0,0
10/12/2019 19:00,0,0
10/12/2019 20:00,0,0
10/12/2019 21:00,0,0
10/12/2019 22:00,0,0
10/12/2019 23:00,0.00230457,0.000757475
10/13/2019 0:00,0,0
10/13/2019 1:00,0,0
10/13/2019 2:00,0,0
10/13/2019 3:00,0,0
10/13/2019 4:00,0,0
10/13/2019 5:00,0,0
10/13/2019 6:00,0,0
10/13/2019 7:00,0,0
10/13/2019 8:00,0,0
10/13/2019 9:00,0,0
10/13/2019 10:00,0,0
10/13/2019 11:00,0,0
10/13/2019 12:00,0,0
10/13/2019 13:00,0,0
10/13/2019 14:00,0,0
10/13/2019 15:00,0,0
10/13/2019 16:00,6.88E-05,2.26E-05
10/13/2019 17:00,0.003000927,0.000986357
10/13/2019 18:00,0.004092999,0.001345304
10/13/2019 19:00,0,0
10/13/2019 20:00,0,0
10/13/2019 21:00,0,0
10/13/2019 22:00,0,0
10/13/2019 23:00,0,0
10/14/2019 0:00,0,0
10/14/2019 1:00,0,0
10/14/2019 2:00,0,0
10/14/2019 3:00,0,0
10/14/2019 4:00,0,0
10/14/2019 5:00,0,0
10/14/2019 6:00,0,0
10/14/2019 7:00,0,0
10/14/2019 8:00,0.003599638,0.001183144
10/14/2019 9:00,0.009934962,0.003265464
10/14/2019 10:00,0.009300782,0.003057019
10/14/2019 11:00,0.009957485,0.003272867
10/14/2019 12:00,0.013070612,0.004296103
10/14/2019 13:00,0.015940831,0.005239498
10/14/2019 14:00,0.009432388,0.003100276
10/14/2019 15:00,0.005649617,0.001856939
10/14/2019 16:00,0.009115334,0.002996065
10/14/2019 17:00,0.002134613,0.000701613
10/14/2019 18:00,0,0
10/14/2019 19:00,0,0
10/14/2019 20:00,0.005886378,0.001934759
10/14/2019 21:00,0.004992095,0.001640822
10/14/2019 22:00,0.045150239,0.014840166
10/14/2019 23:00,0.047595062,0.01564374
10/15/2019 0:00,0.048805858,0.01604171
10/15/2019 1:00,0.066021945,0.021700364
10/15/2019 2:00,0.102461085,0.03367733
10/15/2019 3:00,0.116105155,0.038161919
10/15/2019 4:00,0.148066787,0.048667199
10/15/2019 5:00,0.214652048,0.070552716
10/15/2019 6:00,0.202238683,0.06647264
10/15/2019 7:00,0.197483614,0.064909725
10/15/2019 8:00,0.209711774,0.068928927
10/15/2019 9:00,0.240366835,0.079004758
10/15/2019 10:00,0.277956305,0.09135982
10/15/2019 11:00,0.309979843,0.101885447
10/15/2019 12:00,0.270635497,0.088953586
10/15/2019 13:00,0.221164591,0.072693286
10/15/2019 14:00,0.226649165,0.074495978
10/15/2019 15:00,0.208371539,0.068488413
10/15/2019 16:00,0.17300335,0.056863451
10/15/2019 17:00,0.168382224,0.055344561
10/15/2019 18:00,0.154016103,0.050622645
10/15/2019 19:00,0.150290577,0.049398124
10/15/2019 20:00,0.178929905,0.058811416
10/15/2019 21:00,0.187215974,0.061534915
10/15/2019 22:00,0.145256942,0.047743648
10/15/2019 23:00,0.127014047,0.041747498
10/16/2019 0:00,0.105178853,0.034570617
10/16/2019 1:00,0.072814076,0.023932829
10/16/2019 2:00,0.03347196,0.011001701
10/16/2019 3:00,0.019854845,0.006525972
10/16/2019 4:00,0.029965847,0.009849297
10/16/2019 5:00,0.057624419,0.01894023
10/16/2019 6:00,0.079840622,0.026242343
10/16/2019 7:00,0.083178275,0.027339377
10/16/2019 8:00,0.164298422,0.05400228
10/16/2019 9:00,0.304475522,0.100076264
10/16/2019 10:00,0.286140478,0.094049827
10/16/2019 11:00,0.26086085,0.085740815
10/16/2019 12:00,0.20877175,0.068619956
10/16/2019 13:00,0.118594406,0.038980096
10/16/2019 14:00,0.055739294,0.01832062
10/16/2019 15:00,0.0740527,0.024339945
10/16/2019 16:00,0.086828566,0.02853917
10/16/2019 17:00,0.061250799,0.020132164
10/16/2019 18:00,0.036416536,0.011969536
10/16/2019 19:00,0.022809922,0.007497259
10/16/2019 20:00,0.018304438,0.006016378
10/16/2019 21:00,0.022962477,0.007547401
10/16/2019 22:00,0.013697276,0.004502077
10/16/2019 23:00,0.01719314,0.005651112
10/17/2019 0:00,0.012712382,0.004178358
10/17/2019 1:00,0.010536785,0.003463274
10/17/2019 2:00,0.010859575,0.00356937
10/17/2019 3:00,0.00929986,0.003056716
10/17/2019 4:00,0.005190594,0.001706066
10/17/2019 5:00,0,0
10/17/2019 6:00,0,0
10/17/2019 7:00,0,0
10/17/2019 8:00,0,0
10/17/2019 9:00,0.010077761,0.0033124
10/17/2019 10:00,0.034571215,0.011363009
10/17/2019 11:00,0.049073245,0.016129596
10/17/2019 12:00,0.038470728,0.012644717
10/17/2019 13:00,0.02885202,0.0094832
10/17/2019 14:00,0.033581685,0.011037766
10/17/2019 15:00,0.045138274,0.014836233
10/17/2019 16:00,0.066627529,0.02189941
10/17/2019 17:00,0.076328585,0.025087993
10/17/2019 18:00,0.081575642,0.026812617
10/17/2019 19:00,0.093609407,0.030767924
10/17/2019 20:00,0.099555411,0.032722281
10/17/2019 21:00,0.085448493,0.028085562
10/17/2019 22:00,0.092627881,0.030445312
10/17/2019 23:00,0.088206556,0.028992093
10/18/2019 0:00,0.116217709,0.038198914
10/18/2019 1:00,0.148057231,0.048664058
10/18/2019 2:00,0.161589038,0.053111748
10/18/2019 3:00,0.165231206,0.054308871
10/18/2019 4:00,0.170040262,0.055889531
10/18/2019 5:00,0.180726445,0.05940191
10/18/2019 6:00,0.161887761,0.053209934
10/18/2019 7:00,0.150487445,0.049462831
10/18/2019 8:00,0.142154462,0.046723912
10/18/2019 9:00,0.137445578,0.045176177
10/18/2019 10:00,0.117466646,0.038609419
10/18/2019 11:00,0.141696488,0.046573383
10/18/2019 12:00,0.1645249,0.05407672
10/18/2019 13:00,0.225687604,0.074179928
10/18/2019 14:00,0.19914415,0.065455517
10/18/2019 15:00,0.165237487,0.054310935
10/18/2019 16:00,0.284932779,0.093652876
10/18/2019 17:00,0.385483725,0.126702373
10/18/2019 18:00,0.40299415,0.132457772
10/18/2019 19:00,0.404564445,0.132973903
10/18/2019 20:00,0.387867104,0.127485752
10/18/2019 21:00,0.43581726,0.143246206
10/18/2019 22:00,0.528600022,0.173742425
10/18/2019 23:00,0.506702273,0.166544983
10/19/2019 0:00,0.445930387,0.14657023
10/19/2019 1:00,0.394892545,0.129794903
10/19/2019 2:00,0.396801668,0.130422401
10/19/2019 3:00,0.395965828,0.130147674
10/19/2019 4:00,0.33875278,0.111342654
10/19/2019 5:00,0.307639551,0.10111623
10/19/2019 6:00,0.318397446,0.10465218
10/19/2019 7:00,0.313516746,0.103047971
10/19/2019 8:00,0.336542653,0.110616221
10/19/2019 9:00,0.326052513,0.107168278
10/19/2019 10:00,0.319099506,0.104882936
10/19/2019 11:00,0.310456358,0.10204207
10/19/2019 12:00,0.411706108,0.135321254
10/19/2019 13:00,0.480190321,0.157830926
10/19/2019 14:00,0.565535787,0.185882624
10/19/2019 15:00,0.602320642,0.197973221
10/19/2019 16:00,0.702524683,0.230908697
10/19/2019 17:00,0.80597425,0.264910925
10/19/2019 18:00,0.857070144,0.281705333
10/19/2019 19:00,0.858240841,0.282090123
10/19/2019 20:00,0.83231956,0.27357021
10/19/2019 21:00,0.785004534,0.258018513
10/19/2019 22:00,0.69629243,0.228860254
10/19/2019 23:00,0.724735837,0.23820915
10/20/2019 0:00,0.728374386,0.239405083
10/20/2019 1:00,0.755193077,0.248219961
10/20/2019 2:00,0.740055326,0.243244423
10/20/2019 3:00,0.76333752,0.25089691
10/20/2019 4:00,0.772885004,0.254035016
10/20/2019 5:00,0.762238813,0.250535782
10/20/2019 6:00,0.753951886,0.247812001
10/20/2019 7:00,0.744275599,0.244631559
10/20/2019 8:00,0.700737643,0.230321325
10/20/2019 9:00,0.625686377,0.205653167
10/20/2019 10:00,0.471421796,0.154948851
10/20/2019 11:00,0.417696903,0.137290333
10/20/2019 12:00,0.395473299,0.129985788
10/20/2019 13:00,0.362462367,0.119135619
10/20/2019 14:00,0.314357926,0.103324454
10/20/2019 15:00,0.270080251,0.088771086
10/20/2019 16:00,0.236313418,0.077672464
10/20/2019 17:00,0.159029339,0.052270416
10/20/2019 18:00,0.127049352,0.041759103
10/20/2019 19:00,0.11051125,0.036323291
10/20/2019 20:00,0.064311251,0.021138086
10/20/2019 21:00,0.033441681,0.010991749
10/20/2019 22:00,0.018853695,0.00619691
10/20/2019 23:00,0.012448566,0.004091646
10/21/2019 0:00,0,0
10/21/2019 1:00,0,0
10/21/2019 2:00,0.012495386,0.004107035
10/21/2019 3:00,0.003098074,0.001018288
10/21/2019 4:00,0.003882021,0.001275959
10/21/2019 5:00,0.01852437,0.006088666
10/21/2019 6:00,0.045004696,0.014792328
10/21/2019 7:00,0.08833462,0.029034186
10/21/2019 8:00,0.136496802,0.044864329
10/21/2019 9:00,0.154088702,0.050646507
10/21/2019 10:00,0.185295094,0.060903552
10/21/2019 11:00,0.241780917,0.079469544
10/21/2019 12:00,0.286073091,0.094027678
10/21/2019 13:00,0.368911957,0.121255496
10/21/2019 14:00,0.47866933,0.157331
10/21/2019 15:00,0.639069366,0.210051943
10/21/2019 16:00,0.69741225,0.229228321
10/21/2019 17:00,0.685681848,0.225372725
10/21/2019 18:00,0.669836706,0.220164678
10/21/2019 19:00,0.732691372,0.240824008
10/21/2019 20:00,0.799205764,0.262686232
10/21/2019 21:00,0.843702379,0.277311561
10/21/2019 22:00,0.853290949,0.280463172
10/21/2019 23:00,0.86639538,0.28477039
10/22/2019 0:00,0.869244647,0.285706899
10/22/2019 1:00,0.864066321,0.284004866
10/22/2019 2:00,0.849739184,0.279295763
10/22/2019 3:00,0.856437463,0.281497381
10/22/2019 4:00,0.861300717,0.283095856
10/22/2019 5:00,0.85975401,0.282587477
10/22/2019 6:00,0.861723275,0.283234743
10/22/2019 7:00,0.870149393,0.286004275
10/22/2019 8:00,0.865607921,0.284511565
10/22/2019 9:00,0.855634323,0.281233402
10/22/2019 10:00,0.814196924,0.267613587
10/22/2019 11:00,0.807438115,0.265392074
10/22/2019 12:00,0.806394584,0.265049082
10/22/2019 13:00,0.805414901,0.264727076
10/22/2019 14:00,0.782281392,0.257123459
10/22/2019 15:00,0.708259584,0.232793668
10/22/2019 16:00,0.575191011,0.189056143
10/22/2019 17:00,0.559075558,0.183759249
10/22/2019 18:00,0.636127582,0.209085025
10/22/2019 19:00,0.683375819,0.22461477
10/22/2019 20:00,0.703721033,0.231301918
10/22/2019 21:00,0.712749435,0.23426941
10/22/2019 22:00,0.616010018,0.202472701
10/22/2019 23:00,0.639836706,0.210304155
10/23/2019 0:00,0.676177049,0.222248648
10/23/2019 1:00,0.70784296,0.23265673
10/23/2019 2:00,0.670926042,0.220522726
10/23/2019 3:00,0.627476816,0.206241656
10/23/2019 4:00,0.583293872,0.191719424
10/23/2019 5:00,0.475084335,0.15615267
10/23/2019 6:00,0.361608894,0.118855096
10/23/2019 7:00,0.34382155,0.113008678
10/23/2019 8:00,0.35670746,0.117244072
10/23/2019 9:00,0.407804071,0.134038716
10/23/2019 10:00,0.394080173,0.129527889
10/23/2019 11:00,0.492151713,0.161762446
10/23/2019 12:00,0.557794529,0.183338196
10/23/2019 13:00,0.619064973,0.203476817
10/23/2019 14:00,0.58756464,0.193123158
10/23/2019 15:00,0.504637136,0.165866205
10/23/2019 16:00,0.46366346,0.15239881
10/23/2019 17:00,0.535963056,0.176162537
10/23/2019 18:00,0.651926897,0.214278009
10/23/2019 19:00,0.751311624,0.246944189
10/23/2019 20:00,0.78749763,0.258837954
10/23/2019 21:00,0.762002825,0.250458217
10/23/2019 22:00,0.735696468,0.241811735
10/23/2019 23:00,0.696538724,0.228941207
10/24/2019 0:00,0.527336813,0.173327228
10/24/2019 1:00,0.444496641,0.146098981
10/24/2019 2:00,0.345390585,0.113524395
10/24/2019 3:00,0.299943247,0.098586578
10/24/2019 4:00,0.28031093,0.092133747
10/24/2019 5:00,0.339560539,0.111608152
10/24/2019 6:00,0.498722635,0.163922203
10/24/2019 7:00,0.520763375,0.171166644
10/24/2019 8:00,0.525507877,0.172726086
10/24/2019 9:00,0.459941971,0.151175615
10/24/2019 10:00,0.502124196,0.165040242
10/24/2019 11:00,0.497728791,0.163595542
10/24/2019 12:00,0.776361486,0.25517768
10/24/2019 13:00,0.852253782,0.280122272
10/24/2019 14:00,0.851221428,0.279782953
10/24/2019 15:00,0.793049302,0.2606627
10/24/2019 16:00,0.679673302,0.223397811
10/24/2019 17:00,0.634886921,0.208677239
10/24/2019 18:00,0.683607736,0.224690997
10/24/2019 19:00,0.728470077,0.239436535
10/24/2019 20:00,0.745589012,0.245063257
10/24/2019 21:00,0.748690151,0.246082552
10/24/2019 22:00,0.795234253,0.261380859
10/24/2019 23:00,0.813235903,0.267297715
10/25/2019 0:00,0.837986405,0.275432812
10/25/2019 1:00,0.857218103,0.281753965
10/25/2019 2:00,0.864340268,0.284094908
10/25/2019 3:00,0.873228724,0.287016402
10/25/2019 4:00,0.876836705,0.288202288
10/25/2019 5:00,0.881194806,0.289634726
10/25/2019 6:00,0.893828655,0.293787272
10/25/2019 7:00,0.903830823,0.297074825
10/25/2019 8:00,0.90993986,0.299082769
10/25/2019 9:00,0.91,0.299102536
10/25/2019 10:00,0.91,0.299102536
10/25/2019 11:00,0.91,0.299102536
10/25/2019 12:00,0.91,0.299102536
10/25/2019 13:00,0.91,0.299102536
10/25/2019 14:00,0.909643431,0.298985337
10/25/2019 15:00,0.909570685,0.298961427
10/25/2019 16:00,0.908391961,0.298573999
10/25/2019 17:00,0.900515717,0.295985202
10/25/2019 18:00,0.885244311,0.290965734
10/25/2019 19:00,0.874277394,0.287361083
10/25/2019 20:00,0.875013987,0.287603189
10/25/2019 21:00,0.871161249,0.286336856
10/25/2019 22:00,0.875194411,0.287662492
10/25/2019 23:00,0.897225094,0.294903627
10/26/2019 0:00,0.906609776,0.297988223
10/26/2019 1:00,0.906529725,0.297961912
10/26/2019 2:00,0.903324522,0.296908412
10/26/2019 3:00,0.895510022,0.29433991
10/26/2019 4:00,0.871589246,0.286477531
10/26/2019 5:00,0.837549392,0.275289172
10/26/2019 6:00,0.805258078,0.264675531
10/26/2019 7:00,0.746444028,0.245344287
10/26/2019 8:00,0.696309583,0.228865892
10/26/2019 9:00,0.681958128,0.224148797
10/26/2019 10:00,0.611792754,0.201086554
10/26/2019 11:00,0.641841597,0.210963131
10/26/2019 12:00,0.63079533,0.207332399
10/26/2019 13:00,0.605563391,0.199039061
10/26/2019 14:00,0.586016411,0.19261428
10/26/2019 15:00,0.577646707,0.189863291
10/26/2019 16:00,0.595560603,0.195751304
10/26/2019 17:00,0.556575845,0.182937634
10/26/2019 18:00,0.579752622,0.190555472
10/26/2019 19:00,0.632807617,0.207993805
10/26/2019 20:00,0.708384134,0.232834605
10/26/2019 21:00,0.739551561,0.243078843
10/26/2019 22:00,0.787843213,0.258951542
10/26/2019 23:00,0.824695179,0.271064197
10/27/2019 0:00,0.841458022,0.276573877
10/27/2019 1:00,0.879577455,0.289103129
10/27/2019 2:00,0.878943629,0.2888948
10/27/2019 3:00,0.87114649,0.286332005
10/27/2019 4:00,0.861076217,0.283022066
10/27/2019 5:00,0.823549362,0.270687585
10/27/2019 6:00,0.803807554,0.264198767
10/27/2019 7:00,0.817427156,0.268675313
10/27/2019 8:00,0.823762396,0.270757606
10/27/2019 9:00,0.841636446,0.276632522
10/27/2019 10:00,0.883347296,0.290342216
10/27/2019 11:00,0.86241641,0.283462566
10/27/2019 12:00,0.749207575,0.246252621
10/27/2019 13:00,0.688452596,0.226283426
10/27/2019 14:00,0.601179073,0.197598006
10/27/2019 15:00,0.546340506,0.17957344
10/27/2019 16:00,0.508157122,0.167023169
10/27/2019 17:00,0.495567569,0.162885183
10/27/2019 18:00,0.508882245,0.167261505
10/27/2019 19:00,0.500991874,0.164668066
10/27/2019 20:00,0.47008426,0.154509224
10/27/2019 21:00,0.407191436,0.133837353
10/27/2019 22:00,0.453925364,0.149198052
10/27/2019 23:00,0.505972931,0.16630526
10/28/2019 0:00,0.489067579,0.16074874
10/28/2019 1:00,0.513341413,0.168727163
10/28/2019 2:00,0.527476542,0.173373155
10/28/2019 3:00,0.521827857,0.171516522
10/28/2019 4:00,0.504019209,0.165663103
10/28/2019 5:00,0.490122883,0.161095601
10/28/2019 6:00,0.445944411,0.14657484
10/28/2019 7:00,0.3942424,0.12958121
10/28/2019 8:00,0.351945538,0.115678904
10/28/2019 9:00,0.328058492,0.107827612
10/28/2019 10:00,0.298235139,0.09802515
10/28/2019 11:00,0.249457558,0.081992734
10/28/2019 12:00,0.221952793,0.072952355
10/28/2019 13:00,0.203175322,0.066780499
10/28/2019 14:00,0.203587923,0.066916114
10/28/2019 15:00,0.219164123,0.072035764
10/28/2019 16:00,0.229774522,0.075523233
10/28/2019 17:00,0.224691757,0.073852609
10/28/2019 18:00,0.202294606,0.066491021
10/28/2019 19:00,0.187898381,0.061759211
10/28/2019 20:00,0.194571863,0.063952679
10/28/2019 21:00,0.188965413,0.062109928
10/28/2019 22:00,0.132574264,0.043575053
10/28/2019 23:00,0.100243091,0.032948311
10/29/2019 0:00,0.080416288,0.026431556
10/29/2019 1:00,0.065055604,0.021382743
10/29/2019 2:00,0.063986134,0.021031225
10/29/2019 3:00,0.065252169,0.021447351
10/29/2019 4:00,0.062235846,0.020455933
10/29/2019 5:00,0.055988666,0.018402585
10/29/2019 6:00,0.047186521,0.015509459
10/29/2019 7:00,0.037915076,0.012462083
10/29/2019 8:00,0.027324899,0.00898126
10/29/2019 9:00,0.017811259,0.005854278
10/29/2019 10:00,0.002518173,0.000827684
10/29/2019 11:00,0,0
10/29/2019 12:00,0,0
10/29/2019 13:00,0,0
10/29/2019 14:00,0,0
10/29/2019 15:00,0,0
10/29/2019 16:00,0,0
10/29/2019 17:00,0,0
10/29/2019 18:00,0,0
10/29/2019 19:00,0,0
10/29/2019 20:00,0,0
10/29/2019 21:00,0,0
10/29/2019 22:00,0,0
10/29/2019 23:00,0,0
10/30/2019 0:00,0,0
10/30/2019 1:00,0,0
10/30/2019 2:00,0,0
10/30/2019 3:00,0,0
10/30/2019 4:00,0,0
10/30/2019 5:00,0,0
10/30/2019 6:00,0,0
10/30/2019 7:00,0,0
10/30/2019 8:00,0,0
10/30/2019 9:00,0,0
10/30/2019 10:00,0,0
10/30/2019 11:00,0,0
10/30/2019 12:00,0,0
10/30/2019 13:00,0,0
10/30/2019 14:00,0.002297962,0.000755304
10/30/2019 15:00,0.009734637,0.00319962
10/30/2019 16:00,0.015000526,0.004930435
10/30/2019 17:00,0.021872219,0.007189051
10/30/2019 18:00,0.026398936,0.008676911
10/30/2019 19:00,0.027405786,0.009007846
10/30/2019 20:00,0.034107777,0.011210684
10/30/2019 21:00,0.037312546,0.012264041
10/30/2019 22:00,0.035498015,0.011667633
10/30/2019 23:00,0.031172047,0.010245757
10/31/2019 0:00,0.030543943,0.010039309
10/31/2019 1:00,0.026078118,0.008571463
10/31/2019 2:00,0.027211576,0.008944013
10/31/2019 3:00,0.034190651,0.011237924
10/31/2019 4:00,0.037409587,0.012295937
10/31/2019 5:00,0.031764147,0.01044037
10/31/2019 6:00,0.025881437,0.008506817
10/31/2019 7:00,0.024435858,0.008031678
10/31/2019 8:00,0.031903375,0.010486132
10/31/2019 9:00,0.042416986,0.013941789
10/31/2019 10:00,0.035323537,0.011610285
10/31/2019 11:00,0.049502915,0.016270821
10/31/2019 12:00,0.070946334,0.023318932
10/31/2019 13:00,0.088812356,0.02919121
10/31/2019 14:00,0.10350815,0.034021484
10/31/2019 15:00,0.119343456,0.039226297
10/31/2019 16:00,0.137161484,0.0450828
10/31/2019 17:00,0.146312639,0.048090639
10/31/2019 18:00,0.159741438,0.052504472
10/31/2019 19:00,0.185212317,0.060876345
10/31/2019 20:00,0.170111369,0.055912903
10/31/2019 21:00,0.151411786,0.049766647
10/31/2019 22:00,0.107134595,0.035213438
10/31/2019 23:00,0.105260978,0.034597611
11/01/2019 00:00,0.104891214,0.034476075
11/01/2019 01:00,0.070001936,0.023008524
11/01/2019 02:00,0.034723971,0.011413217
11/01/2019 03:00,0.017027621,0.005596708
11/01/2019 04:00,0.01920293,0.006311698
11/01/2019 05:00,0.035979147,0.011825774
11/01/2019 06:00,0.065575562,0.021553645
11/01/2019 07:00,0.091522394,0.030081956
11/01/2019 08:00,0.107942271,0.035478909
11/01/2019 09:00,0.126007969,0.041416816
11/01/2019 10:00,0.167830982,0.055163376
11/01/2019 11:00,0.246795548,0.081117774
11/01/2019 12:00,0.288835709,0.094935707
11/01/2019 13:00,0.301889359,0.099226234
11/01/2019 14:00,0.337722373,0.111003976
11/01/2019 15:00,0.363309502,0.119414059
11/01/2019 16:00,0.50425662,0.165741136
11/01/2019 17:00,0.607371429,0.199633335
11/01/2019 18:00,0.638060754,0.209720428
11/01/2019 19:00,0.646953299,0.212643266
11/01/2019 20:00,0.714441964,0.234825718
11/01/2019 21:00,0.712904139,0.234320259
11/01/2019 22:00,0.756781171,0.248741942
11/01/2019 23:00,0.835878517,0.274739982
11/02/2019 00:00,0.85575717,0.28127378
11/02/2019 01:00,0.856244001,0.281433793
11/02/2019 02:00,0.864087936,0.28401197
11/02/2019 03:00,0.876401215,0.288059149
11/02/2019 04:00,0.89598626,0.294496442
11/02/2019 05:00,0.899115557,0.295524992
11/02/2019 06:00,0.90995241,0.299086894
11/02/2019 07:00,0.91,0.299102536
11/02/2019 08:00,0.91,0.299102536
11/02/2019 09:00,0.91,0.299102536
11/02/2019 10:00,0.91,0.299102536
11/02/2019 11:00,0.91,0.299102536
11/02/2019 12:00,0.91,0.299102536
11/02/2019 13:00,0.91,0.299102536
11/02/2019 14:00,0.91,0.299102536
11/02/2019 15:00,0.91,0.299102536
11/02/2019 16:00,0.91,0.299102536
11/02/2019 17:00,0.91,0.299102536
11/02/2019 18:00,0.91,0.299102536
11/02/2019 19:00,0.908680248,0.298668754
11/02/2019 20:00,0.906456718,0.297937915
11/02/2019 21:00,0.900945148,0.29612635
11/02/2019 22:00,0.851555332,0.279892702
11/02/2019 23:00,0.838233914,0.275514164
11/03/2019 00:00,0.817421039,0.268673303
11/03/2019 01:00,0.826073762,0.271517315
11/03/2019 02:00,0.801848336,0.263554803
11/03/2019 03:00,0.766649965,0.251985658
11/03/2019 04:00,0.750620723,0.246717101
11/03/2019 05:00,0.744893918,0.244834791
11/03/2019 06:00,0.709009598,0.233040185
11/03/2019 07:00,0.705382348,0.231847966
11/03/2019 08:00,0.695649042,0.228648783
11/03/2019 09:00,0.714579588,0.234870952
11/03/2019 10:00,0.71603054,0.235347857
11/03/2019 11:00,0.757275057,0.248904274
11/03/2019 12:00,0.763432064,0.250927985
11/03/2019 13:00,0.729799419,0.239873469
11/03/2019 14:00,0.706503588,0.2322165
11/03/2019 15:00,0.711548503,0.233874683
11/03/2019 16:00,0.747260197,0.245612549
11/03/2019 17:00,0.779366861,0.256165499
11/03/2019 18:00,0.760778401,0.250055768
11/03/2019 19:00,0.768388201,0.252556988
11/03/2019 20:00,0.774031306,0.254411787
11/03/2019 21:00,0.816327692,0.268313937
11/03/2019 22:00,0.790038025,0.259672941
11/03/2019 23:00,0.803207518,0.264001544
11/04/2019 00:00,0.806848597,0.265198309
11/04/2019 01:00,0.82858149,0.272341566
11/04/2019 02:00,0.814558858,0.267732549
11/04/2019 03:00,0.742808583,0.244149374
11/04/2019 04:00,0.673648208,0.221417458
11/04/2019 05:00,0.628690428,0.206640551
11/04/2019 06:00,0.663350165,0.218032655
11/04/2019 07:00,0.684300619,0.224918737
11/04/2019 08:00,0.663270224,0.21800638
11/04/2019 09:00,0.672352656,0.220991631
11/04/2019 10:00,0.697945113,0.229403465
11/04/2019 11:00,0.739441697,0.243042733
11/04/2019 12:00,0.695442202,0.228580798
11/04/2019 13:00,0.626980651,0.206078574
11/04/2019 14:00,0.613579585,0.201673857
11/04/2019 15:00,0.598699583,0.196783037
11/04/2019 16:00,0.592374166,0.194703973
11/04/2019 17:00,0.603598123,0.198393109
11/04/2019 18:00,0.601217651,0.197610686
11/04/2019 19:00,0.555437964,0.18256363
11/04/2019 20:00,0.500200762,0.16440804
11/04/2019 21:00,0.456258963,0.149965069
11/04/2019 22:00,0.417785967,0.137319607
11/04/2019 23:00,0.413968473,0.136064857
11/05/2019 00:00,0.430925731,0.141638438
11/05/2019 01:00,0.420230471,0.138123076
11/05/2019 02:00,0.410087651,0.134789293
11/05/2019 03:00,0.369263368,0.121371
11/05/2019 04:00,0.337697832,0.11099591
11/05/2019 05:00,0.323836822,0.106440016
11/05/2019 06:00,0.315891814,0.103828618
11/05/2019 07:00,0.316069951,0.103887169
11/05/2019 08:00,0.304468405,0.100073925
11/05/2019 09:00,0.257137073,0.084516869
11/05/2019 10:00,0.164785614,0.054162412
11/05/2019 11:00,0.129066006,0.042421945
11/05/2019 12:00,0.092415934,0.030375649
11/05/2019 13:00,0.079601934,0.02616389
11/05/2019 14:00,0.086064825,0.02828814
11/05/2019 15:00,0.125554688,0.04126783
11/05/2019 16:00,0.194665771,0.063983545
11/05/2019 17:00,0.230475986,0.075753793
11/05/2019 18:00,0.223693513,0.073524502
11/05/2019 19:00,0.195730949,0.064333652
11/05/2019 20:00,0.170458898,0.05602713
11/05/2019 21:00,0.157568032,0.051790108
11/05/2019 22:00,0.05418585,0.017810028
11/05/2019 23:00,0.031755435,0.010437507
11/06/2019 00:00,0.023643619,0.007771282
11/06/2019 01:00,0.017974788,0.005908027
11/06/2019 02:00,0.013865265,0.004557292
11/06/2019 03:00,0.015157404,0.004981998
11/06/2019 04:00,0.014052215,0.00461874
11/06/2019 05:00,0.016075218,0.005283669
11/06/2019 06:00,0.018231182,0.0059923
11/06/2019 07:00,0.024657392,0.008104493
11/06/2019 08:00,0.027708644,0.009107391
11/06/2019 09:00,0.024994076,0.008215155
11/06/2019 10:00,0.011837262,0.00389072
11/06/2019 11:00,0,0
11/06/2019 12:00,0,0
11/06/2019 13:00,0,0
11/06/2019 14:00,0.007064279,0.002321916
11/06/2019 15:00,0.023287671,0.007654287
11/06/2019 16:00,0.041581626,0.01366722
11/06/2019 17:00,0.066208787,0.021761776
11/06/2019 18:00,0.089092891,0.029283417
11/06/2019 19:00,0.112968086,0.037130814
11/06/2019 20:00,0.123938454,0.0407366
11/06/2019 21:00,0.12375178,0.040675243
11/06/2019 22:00,0.148272058,0.048734669
11/06/2019 23:00,0.153728855,0.050528231
11/07/2019 00:00,0.158773192,0.052186224
11/07/2019 01:00,0.182653905,0.060035435
11/07/2019 02:00,0.202774724,0.066648829
11/07/2019 03:00,0.213268575,0.070097991
11/07/2019 04:00,0.221894345,0.072933144
11/07/2019 05:00,0.234140144,0.076958144
11/07/2019 06:00,0.247598376,0.081381651
11/07/2019 07:00,0.278702822,0.091605188
11/07/2019 08:00,0.321616921,0.10571037
11/07/2019 09:00,0.371363577,0.122061305
11/07/2019 10:00,0.496455179,0.163176926
11/07/2019 11:00,0.504061063,0.16567686
11/07/2019 12:00,0.534295103,0.175614308
11/07/2019 13:00,0.602226256,0.197942198
11/07/2019 14:00,0.662651891,0.217803144
11/07/2019 15:00,0.652272059,0.214391458
11/07/2019 16:00,0.579236158,0.190385718
11/07/2019 17:00,0.516394113,0.169730537
11/07/2019 18:00,0.484643478,0.159294608
11/07/2019 19:00,0.469944453,0.154463272
11/07/2019 20:00,0.432775134,0.142246308
11/07/2019 21:00,0.381115329,0.125266551
11/07/2019 22:00,0.303945092,0.09990192
11/07/2019 23:00,0.310184367,0.101952671
11/08/2019 00:00,0.313673476,0.103099486
11/08/2019 01:00,0.295162304,0.097015158
11/08/2019 02:00,0.258485721,0.084960148
11/08/2019 03:00,0.261735591,0.086028328
11/08/2019 04:00,0.22549376,0.074116215
11/08/2019 05:00,0.189497133,0.062284696
11/08/2019 06:00,0.143397473,0.04713247
11/08/2019 07:00,0.121604981,0.039969624
11/08/2019 08:00,0.09647592,0.031710101
11/08/2019 09:00,0.071632197,0.023544365
11/08/2019 10:00,0.069046005,0.022694325
11/08/2019 11:00,0.035143499,0.01155111
11/08/2019 12:00,0.012929209,0.004249626
11/08/2019 13:00,0.005679706,0.001866829
11/08/2019 14:00,0.002764262,0.000908569
11/08/2019 15:00,0.006426937,0.002112432
11/08/2019 16:00,0.00496207,0.001630954
11/08/2019 17:00,0.001352161,0.000444434
11/08/2019 18:00,0,0
11/08/2019 19:00,0,0
11/08/2019 20:00,0.012035453,0.003955862
11/08/2019 21:00,0.028494224,0.009365599
11/08/2019 22:00,0.045782913,0.015048116
11/08/2019 23:00,0.065605537,0.021563497
11/09/2019 00:00,0.077279426,0.025400519
11/09/2019 01:00,0.084874908,0.027897033
11/09/2019 02:00,0.106297261,0.03493822
11/09/2019 03:00,0.141040184,0.046357667
11/09/2019 04:00,0.152249871,0.050042113
11/09/2019 05:00,0.139003383,0.045688203
11/09/2019 06:00,0.140822783,0.04628621
11/09/2019 07:00,0.153849099,0.050567753
11/09/2019 08:00,0.178431209,0.058647502
11/09/2019 09:00,0.184703404,0.060709073
11/09/2019 10:00,0.266748612,0.087676029
11/09/2019 11:00,0.275246505,0.090469151
11/09/2019 12:00,0.244889725,0.08049136
11/09/2019 13:00,0.208547117,0.068546123
11/09/2019 14:00,0.148730997,0.048885515
11/09/2019 15:00,0.11784657,0.038734294
11/09/2019 16:00,0.123167618,0.040483238
11/09/2019 17:00,0.125871072,0.041371821
11/09/2019 18:00,0.117191009,0.038518822
11/09/2019 19:00,0.115436806,0.037942243
11/09/2019 20:00,0.121438466,0.039914894
11/09/2019 21:00,0.134718429,0.044279806
11/09/2019 22:00,0.130992836,0.043055263
11/09/2019 23:00,0.115116288,0.037836894
11/10/2019 00:00,0.11700015,0.03845609
11/10/2019 01:00,0.134201652,0.04410995
11/10/2019 02:00,0.152803361,0.050224036
11/10/2019 03:00,0.161354804,0.053034759
11/10/2019 04:00,0.163634008,0.053783897
11/10/2019 05:00,0.159121794,0.052300804
11/10/2019 06:00,0.149940221,0.049282967
11/10/2019 07:00,0.107752651,0.035416584
11/10/2019 08:00,0.067367315,0.022142566
11/10/2019 09:00,0.059441217,0.019537383
11/10/2019 10:00,0.079204048,0.026033112
11/10/2019 11:00,0.083761617,0.027531112
11/10/2019 12:00,0.072828048,0.023937422
11/10/2019 13:00,0.066708032,0.02192587
11/10/2019 14:00,0.088780563,0.02918076
11/10/2019 15:00,0.177652756,0.058391637
11/10/2019 16:00,0.206651247,0.06792298
11/10/2019 17:00,0.231666497,0.076145095
11/10/2019 18:00,0.338742584,0.111339303
11/10/2019 19:00,0.399172153,0.131201542
11/10/2019 20:00,0.456202199,0.149946412
11/10/2019 21:00,0.529577056,0.174063561
11/10/2019 22:00,0.49039911,0.161186393
11/10/2019 23:00,0.645439769,0.212145793
11/11/2019 00:00,0.731045438,0.240283016
11/11/2019 01:00,0.754738006,0.248070386
11/11/2019 02:00,0.743581853,0.244403536
11/11/2019 03:00,0.701569388,0.230594706
11/11/2019 04:00,0.681329605,0.223942212
11/11/2019 05:00,0.7250154,0.238301038
11/11/2019 06:00,0.754849386,0.248106995
11/11/2019 07:00,0.804326653,0.264369386
11/11/2019 08:00,0.815497728,0.268041141
11/11/2019 09:00,0.819726353,0.269431023
11/11/2019 10:00,0.845820643,0.278007801
11/11/2019 11:00,0.861854115,0.283277749
11/11/2019 12:00,0.85674326,0.281597892
11/11/2019 13:00,0.803674674,0.264155091
11/11/2019 14:00,0.712236922,0.234100955
11/11/2019 15:00,0.597557973,0.196407808
11/11/2019 16:00,0.587240421,0.193016592
11/11/2019 17:00,0.549384748,0.180574034
11/11/2019 18:00,0.522786899,0.171831744
11/11/2019 19:00,0.468734878,0.154065704
11/11/2019 20:00,0.43840328,0.14409619
11/11/2019 21:00,0.341852857,0.112361601
11/11/2019 22:00,0.371338986,0.122053222
11/11/2019 23:00,0.510606239,0.167828155
11/12/2019 00:00,0.628909889,0.206712684
11/12/2019 01:00,0.748887382,0.246147379
11/12/2019 02:00,0.82489139,0.271128688
11/12/2019 03:00,0.838444625,0.275583421
11/12/2019 04:00,0.851406221,0.279843692
11/12/2019 05:00,0.824632092,0.271043461
11/12/2019 06:00,0.766864359,0.252056126
11/12/2019 07:00,0.720962149,0.236968799
11/12/2019 08:00,0.662421563,0.217727439
11/12/2019 09:00,0.577038584,0.189663411
11/12/2019 10:00,0.503433851,0.165470705
11/12/2019 11:00,0.478564551,0.157296561
11/12/2019 12:00,0.391281092,0.128607876
11/12/2019 13:00,0.266637097,0.087639376
11/12/2019 14:00,0.217515349,0.071493838
11/12/2019 15:00,0.220334594,0.072420479
11/12/2019 16:00,0.194666856,0.063983901
11/12/2019 17:00,0.153388433,0.05041634
11/12/2019 18:00,0.124481263,0.040915013
11/12/2019 19:00,0.102715809,0.033761054
11/12/2019 20:00,0.090929214,0.029886987
11/12/2019 21:00,0.073304486,0.024094019
11/12/2019 22:00,0.043530873,0.014307906
11/12/2019 23:00,0.033474333,0.011002481
11/13/2019 0:00,0.028933489,0.009509978
11/13/2019 1:00,0.018753944,0.006164123
11/13/2019 2:00,0.014294188,0.004698272
11/13/2019 3:00,0.009955115,0.003272088
11/13/2019 4:00,0.005526946,0.001816619
11/13/2019 5:00,0.000977263,0.000321211
11/13/2019 6:00,0,0
11/13/2019 7:00,0,0
11/13/2019 8:00,0,0
11/13/2019 9:00,0.000127295,4.18E-05
11/13/2019 10:00,0.015845009,0.005208003
11/13/2019 11:00,0.026914117,0.008846242
11/13/2019 12:00,0.027298059,0.008972438
11/13/2019 13:00,0.025804604,0.008481563
11/13/2019 14:00,0.027607918,0.009074284
11/13/2019 15:00,0.033464888,0.010999377
11/13/2019 16:00,0.04414298,0.014509096
11/13/2019 17:00,0.046986753,0.015443799
11/13/2019 18:00,0.049171453,0.016161875
11/13/2019 19:00,0.0645308,0.021210248
11/13/2019 20:00,0.072770087,0.023918371
11/13/2019 21:00,0.088165088,0.028978463
11/13/2019 22:00,0.067905653,0.022319509
11/13/2019 23:00,0.096381006,0.031678905
11/14/2019 0:00,0.130913256,0.043029106
11/14/2019 1:00,0.147781098,0.048573298
11/14/2019 2:00,0.195377062,0.064217335
11/14/2019 3:00,0.237603364,0.078096449
11/14/2019 4:00,0.276208104,0.090785213
11/14/2019 5:00,0.30197339,0.099253854
11/14/2019 6:00,0.314893706,0.103500556
11/14/2019 7:00,0.313298652,0.102976287
11/14/2019 8:00,0.296652105,0.097504832
11/14/2019 9:00,0.31459813,0.103403405
11/14/2019 10:00,0.455796007,0.149812903
11/14/2019 11:00,0.405926293,0.13342152
11/14/2019 12:00,0.415949103,0.136715859
11/14/2019 13:00,0.457380135,0.15033358
11/14/2019 14:00,0.543599555,0.178672533
11/14/2019 15:00,0.597304191,0.196324394
11/14/2019 16:00,0.667599255,0.219429264
11/14/2019 17:00,0.721137628,0.237026476
11/14/2019 18:00,0.700243427,0.230158884
11/14/2019 19:00,0.636542188,0.209221299
11/14/2019 20:00,0.593680138,0.195133225
11/14/2019 21:00,0.562200709,0.184786437
11/14/2019 22:00,0.590388226,0.194051226
11/14/2019 23:00,0.575717383,0.189229153
11/15/2019 0:00,0.419085249,0.13774666
11/15/2019 1:00,0.382809408,0.125823368
11/15/2019 2:00,0.384716046,0.126450049
11/15/2019 3:00,0.345485082,0.113555455
11/15/2019 4:00,0.273350426,0.08984594
11/15/2019 5:00,0.221404965,0.072772293
11/15/2019 6:00,0.176579381,0.058038836
11/15/2019 7:00,0.140138145,0.046061181
11/15/2019 8:00,0.112603772,0.03701107
11/15/2019 9:00,0.08622466,0.028340675
11/15/2019 10:00,0.091583709,0.030102109
11/15/2019 11:00,0.072576591,0.023854772
11/15/2019 12:00,0.049130496,0.016148413
11/15/2019 13:00,0.034923301,0.011478734
11/15/2019 14:00,0.032799736,0.010780752
11/15/2019 15:00,0.026666805,0.008764955
11/15/2019 16:00,0.023499527,0.007723921
11/15/2019 17:00,0.032795211,0.010779265
11/15/2019 18:00,0.045531661,0.014965533
11/15/2019 19:00,0.045526653,0.014963887
11/15/2019 20:00,0.030849045,0.010139591
11/15/2019 21:00,0.024106231,0.007923335
11/15/2019 22:00,0.017864967,0.005871931
11/15/2019 23:00,0.008589193,0.002823131
11/16/2019 0:00,0,0
11/16/2019 1:00,0,0
11/16/2019 2:00,0,0
11/16/2019 3:00,0,0
11/16/2019 4:00,0,0
11/16/2019 5:00,0,0
11/16/2019 6:00,0,0
11/16/2019 7:00,0,0
11/16/2019 8:00,0,0
11/16/2019 9:00,0,0
11/16/2019 10:00,0.001916887,0.00063005
11/16/2019 11:00,0.004295312,0.001411801
11/16/2019 12:00,0.003308285,0.001087381
11/16/2019 13:00,0,0
11/16/2019 14:00,0,0
11/16/2019 15:00,0,0
11/16/2019 16:00,0,0
11/16/2019 17:00,0,0
11/16/2019 18:00,0,0
11/16/2019 19:00,0,0
11/16/2019 20:00,0,0
11/16/2019 21:00,0,0
11/16/2019 22:00,0.000784834,0.000257962
11/16/2019 23:00,0.00253447,0.00083304
11/17/2019 0:00,0.011093174,0.00364615
11/17/2019 1:00,0.019736748,0.006487155
11/17/2019 2:00,0.037477389,0.012318222
11/17/2019 3:00,0.033971501,0.011165892
11/17/2019 4:00,0.012572899,0.004132512
11/17/2019 5:00,0.005005788,0.001645323
11/17/2019 6:00,0.01825505,0.006000145
11/17/2019 7:00,0.06811021,0.022386743
11/17/2019 8:00,0.120115467,0.039480045
11/17/2019 9:00,0.130159235,0.042781272
11/17/2019 10:00,0.096004027,0.031554998
11/17/2019 11:00,0.072404464,0.023798196
11/17/2019 12:00,0.077974677,0.025629037
11/17/2019 13:00,0.079139055,0.026011749
11/17/2019 14:00,0.062461194,0.020530002
11/17/2019 15:00,0.086107693,0.02830223
11/17/2019 16:00,0.119883575,0.039403825
11/17/2019 17:00,0.096204736,0.031620968
11/17/2019 18:00,0.112758488,0.037061923
11/17/2019 19:00,0.131532549,0.043232658
11/17/2019 20:00,0.170764037,0.056127425
11/17/2019 21:00,0.216054926,0.07101382
11/17/2019 22:00,0.260708812,0.085690843
11/17/2019 23:00,0.278552463,0.091555767
11/18/2019 0:00,0.199855637,0.065689371
11/18/2019 1:00,0.142346468,0.046787021
11/18/2019 2:00,0.152423722,0.050099255
11/18/2019 3:00,0.175502843,0.057684995
11/18/2019 4:00,0.183220025,0.06022151
11/18/2019 5:00,0.157646061,0.051815754
11/18/2019 6:00,0.112525566,0.036985365
11/18/2019 7:00,0.081975943,0.026944189
11/18/2019 8:00,0.070643089,0.023219261
11/18/2019 9:00,0.049849048,0.01638459
11/18/2019 10:00,0.030778543,0.010116418
11/18/2019 11:00,0.015985606,0.005254215
11/18/2019 12:00,0.01126253,0.003701815
11/18/2019 13:00,0.009338635,0.003069461
11/18/2019 14:00,0.009470919,0.00311294
11/18/2019 15:00,0.011202565,0.003682105
11/18/2019 16:00,0.006546753,0.002151813
11/18/2019 17:00,0.001718772,0.000564933
11/18/2019 18:00,0,0
11/18/2019 19:00,0,0
11/18/2019 20:00,0,0
11/18/2019 21:00,0,0
11/18/2019 22:00,0,0
11/18/2019 23:00,0,0
11/19/2019 0:00,0,0
11/19/2019 1:00,0,0
11/19/2019 2:00,0,0
11/19/2019 3:00,0.002054167,0.000675172
11/19/2019 4:00,0.010380048,0.003411757
11/19/2019 5:00,0.012554718,0.004126536
11/19/2019 6:00,0.013820227,0.004542489
11/19/2019 7:00,0.024441862,0.008033652
11/19/2019 8:00,0.042060868,0.013824739
11/19/2019 9:00,0.06032817,0.019828911
11/19/2019 10:00,0.082218323,0.027023856
11/19/2019 11:00,0.109525985,0.03599945
11/19/2019 12:00,0.157355605,0.051720286
11/19/2019 13:00,0.200790318,0.065996586
11/19/2019 14:00,0.268164684,0.088141469
11/19/2019 15:00,0.364962954,0.119957522
11/19/2019 16:00,0.41312614,0.135787996
11/19/2019 17:00,0.42781426,0.140615747
11/19/2019 18:00,0.454287778,0.149317172
11/19/2019 19:00,0.468009021,0.153827126
11/19/2019 20:00,0.485022588,0.159419215
11/19/2019 21:00,0.504584444,0.165848887
11/19/2019 22:00,0.548869508,0.180404683
11/19/2019 23:00,0.545026205,0.17914145
11/20/2019 0:00,0.50002462,0.164350145
11/20/2019 1:00,0.455328036,0.149659088
11/20/2019 2:00,0.437964709,0.143952038
11/20/2019 3:00,0.343838022,0.113014093
11/20/2019 4:00,0.281896349,0.092654849
11/20/2019 5:00,0.289913923,0.095290098
11/20/2019 6:00,0.353040163,0.11603869
11/20/2019 7:00,0.439412905,0.144428038
11/20/2019 8:00,0.528622377,0.173749773
11/20/2019 9:00,0.5683236,0.186798934
11/20/2019 10:00,0.636367387,0.209163845
11/20/2019 11:00,0.658137887,0.216319463
11/20/2019 12:00,0.657646812,0.216158054
11/20/2019 13:00,0.691678947,0.227343876
11/20/2019 14:00,0.726994356,0.23895149
11/20/2019 15:00,0.690052064,0.226809145
11/20/2019 16:00,0.650827838,0.213916766
11/20/2019 17:00,0.645007016,0.212003554
11/20/2019 18:00,0.657751686,0.216192524
11/20/2019 19:00,0.680201005,0.223571259
11/20/2019 20:00,0.691032371,0.227131356
11/20/2019 21:00,0.665184085,0.218635436
11/20/2019 22:00,0.607176278,0.199569192
11/20/2019 23:00,0.618999033,0.203455143
11/21/2019 0:00,0.63289507,0.20802255
11/21/2019 1:00,0.675562732,0.222046732
11/21/2019 2:00,0.668403586,0.219693634
11/21/2019 3:00,0.72829972,0.239380542
11/21/2019 4:00,0.781838425,0.256977863
11/21/2019 5:00,0.809435717,0.266048654
11/21/2019 6:00,0.807259451,0.26533335
11/21/2019 7:00,0.776691113,0.255286024
11/21/2019 8:00,0.797299855,0.262059789
11/21/2019 9:00,0.791412609,0.260124745
11/21/2019 10:00,0.728117408,0.239320619
11/21/2019 11:00,0.735043039,0.241596964
11/21/2019 12:00,0.780922697,0.256676878
11/21/2019 13:00,0.749128004,0.246226468
11/21/2019 14:00,0.724075434,0.237992086
11/21/2019 15:00,0.658665312,0.216492819
11/21/2019 16:00,0.534661753,0.17573482
11/21/2019 17:00,0.413139765,0.135792474
11/21/2019 18:00,0.332788459,0.109382277
11/21/2019 19:00,0.314730192,0.103446812
11/21/2019 20:00,0.305549125,0.100429141
11/21/2019 21:00,0.316978262,0.104185716
11/21/2019 22:00,0.397070947,0.130510909
11/21/2019 23:00,0.387302772,0.127300265
11/22/2019 0:00,0.389308114,0.127959389
11/22/2019 1:00,0.367820505,0.120896754
11/22/2019 2:00,0.319510134,0.105017903
11/22/2019 3:00,0.312834138,0.102823609
11/22/2019 4:00,0.337277067,0.110857611
11/22/2019 5:00,0.372131068,0.122313567
11/22/2019 6:00,0.361196243,0.118719464
11/22/2019 7:00,0.336672762,0.110658986
11/22/2019 8:00,0.356195793,0.117075895
11/22/2019 9:00,0.290380748,0.095443536
11/22/2019 10:00,0.264087796,0.086801461
11/22/2019 11:00,0.278204217,0.091441304
11/22/2019 12:00,0.275044951,0.090402904
11/22/2019 13:00,0.247053722,0.081202632
11/22/2019 14:00,0.23127511,0.076016453
11/22/2019 15:00,0.210075015,0.069048318
11/22/2019 16:00,0.194831767,0.064038105
11/22/2019 17:00,0.202108206,0.066429755
11/22/2019 18:00,0.208011414,0.068370045
11/22/2019 19:00,0.226842572,0.074559548
11/22/2019 20:00,0.260415759,0.085594521
11/22/2019 21:00,0.281189943,0.092422665
11/22/2019 22:00,0.299970812,0.098595638
11/22/2019 23:00,0.2837124,0.093251756
11/23/2019 0:00,0.230217363,0.075668788
11/23/2019 1:00,0.179290286,0.058929867
11/23/2019 2:00,0.136323345,0.044807317
11/23/2019 3:00,0.145479739,0.047816878
11/23/2019 4:00,0.186772518,0.061389158
11/23/2019 5:00,0.198168567,0.065134858
11/23/2019 6:00,0.195584599,0.064285549
11/23/2019 7:00,0.202446677,0.066541005
11/23/2019 8:00,0.207701034,0.068268029
11/23/2019 9:00,0.188175989,0.061850456
11/23/2019 10:00,0.208809743,0.068632444
11/23/2019 11:00,0.216717098,0.071231465
11/23/2019 12:00,0.231365485,0.076046157
11/23/2019 13:00,0.229146677,0.075316871
11/23/2019 14:00,0.21041482,0.069160007
11/23/2019 15:00,0.214300514,0.070437173
11/23/2019 16:00,0.244723247,0.080436641
11/23/2019 17:00,0.253087741,0.083185918
11/23/2019 18:00,0.31686666,0.104149035
11/23/2019 19:00,0.353879821,0.116314672
11/23/2019 20:00,0.440427076,0.144761379
11/23/2019 21:00,0.47449398,0.155958629
11/23/2019 22:00,0.41665189,0.136946854
11/23/2019 23:00,0.424201318,0.139428231
11/24/2019 0:00,0.477830247,0.157055207
11/24/2019 1:00,0.560911985,0.184362854
11/24/2019 2:00,0.60848599,0.199999673
11/24/2019 3:00,0.578229536,0.190054857
11/24/2019 4:00,0.619313417,0.203558476
11/24/2019 5:00,0.684577842,0.225009855
11/24/2019 6:00,0.73936885,0.243018789
11/24/2019 7:00,0.686531369,0.225651949
11/24/2019 8:00,0.763931321,0.251092083
11/24/2019 9:00,0.771306839,0.253516298
11/24/2019 10:00,0.707009684,0.232382845
11/24/2019 11:00,0.610220881,0.200569904
11/24/2019 12:00,0.561796075,0.18465344
11/24/2019 13:00,0.496182826,0.163087408
11/24/2019 14:00,0.427041958,0.140361904
11/24/2019 15:00,0.441553996,0.14513178
11/24/2019 16:00,0.479766463,0.157691611
11/24/2019 17:00,0.430226685,0.141408673
11/24/2019 18:00,0.345023823,0.113403847
11/24/2019 19:00,0.281259265,0.09244545
11/24/2019 20:00,0.23866083,0.078444021
11/24/2019 21:00,0.206646248,0.067921337
11/24/2019 22:00,0.174073344,0.057215141
11/24/2019 23:00,0.159392931,0.052389923
11/25/2019 0:00,0.15858853,0.052125529
11/25/2019 1:00,0.160437811,0.052733358
11/25/2019 2:00,0.138892761,0.045651843
11/25/2019 3:00,0.12687847,0.041702936
11/25/2019 4:00,0.104773683,0.034437444
11/25/2019 5:00,0.101714981,0.033432098
11/25/2019 6:00,0.105231296,0.034587854
11/25/2019 7:00,0.090625781,0.029787254
11/25/2019 8:00,0.086136856,0.028311815
11/25/2019 9:00,0.09174902,0.030156444
11/25/2019 10:00,0.104790011,0.034442811
11/25/2019 11:00,0.135129971,0.044415074
11/25/2019 12:00,0.183325348,0.060256128
11/25/2019 13:00,0.23942427,0.078694952
11/25/2019 14:00,0.247479817,0.081342682
11/25/2019 15:00,0.258722631,0.085038016
11/25/2019 16:00,0.28432571,0.093453342
11/25/2019 17:00,0.313463053,0.103030323
11/25/2019 18:00,0.347947748,0.114364894
11/25/2019 19:00,0.364189057,0.119703154
11/25/2019 20:00,0.329909396,0.108435975
11/25/2019 21:00,0.292430086,0.096117121
11/25/2019 22:00,0.292301653,0.096074907
11/25/2019 23:00,0.313681238,0.103102037
11/26/2019 0:00,0.30181409,0.099201494
11/26/2019 1:00,0.310317158,0.101996318
11/26/2019 2:00,0.337340971,0.110878615
11/26/2019 3:00,0.33958494,0.111616172
11/26/2019 4:00,0.374086503,0.122956287
11/26/2019 5:00,0.430675247,0.141556108
11/26/2019 6:00,0.526667956,0.173107386
11/26/2019 7:00,0.545088938,0.17916207
11/26/2019 8:00,0.618662664,0.203344584
11/26/2019 9:00,0.628238561,0.206492029
11/26/2019 10:00,0.541459061,0.177968987
11/26/2019 11:00,0.444591715,0.14613023
11/26/2019 12:00,0.48116796,0.15815226
11/26/2019 13:00,0.54647007,0.179616026
11/26/2019 14:00,0.606188233,0.199244437
11/26/2019 15:00,0.716396449,0.235468126
11/26/2019 16:00,0.79833678,0.26240061
11/26/2019 17:00,0.842879934,0.277041237
11/26/2019 18:00,0.867601792,0.285166919
11/26/2019 19:00,0.864894971,0.28427723
11/26/2019 20:00,0.86440936,0.284117617
11/26/2019 21:00,0.858770031,0.282264059
11/26/2019 22:00,0.792779359,0.260573974
11/26/2019 23:00,0.816664409,0.268424611
11/27/2019 0:00,0.80087899,0.263236194
11/27/2019 1:00,0.761696903,0.250357665
11/27/2019 2:00,0.714471892,0.234835554
11/27/2019 3:00,0.693771569,0.228031687
11/27/2019 4:00,0.646669265,0.212549909
11/27/2019 5:00,0.63676194,0.209293529
11/27/2019 6:00,0.661591405,0.217454579
11/27/2019 7:00,0.689974519,0.226783657
11/27/2019 8:00,0.700679766,0.230302302
11/27/2019 9:00,0.711446551,0.233841173
11/27/2019 10:00,0.793875281,0.260934186
11/27/2019 11:00,0.781204325,0.256769444
11/27/2019 12:00,0.775449093,0.254877791
11/27/2019 13:00,0.779729317,0.256284633
11/27/2019 14:00,0.803091926,0.263963551
11/27/2019 15:00,0.808814624,0.265844511
11/27/2019 16:00,0.824635405,0.27104455
11/27/2019 17:00,0.850881698,0.279671289
11/27/2019 18:00,0.866351516,0.284755973
11/27/2019 19:00,0.869284012,0.285719838
11/27/2019 20:00,0.871677635,0.286506583
11/27/2019 21:00,0.867359009,0.28508712
11/27/2019 22:00,0.886861567,0.291497301
11/27/2019 23:00,0.869837016,0.285901601
11/28/2019 0:00,0.864067454,0.284005238
11/28/2019 1:00,0.857192963,0.281745702
11/28/2019 2:00,0.845051356,0.277754949
11/28/2019 3:00,0.847667055,0.278614687
11/28/2019 4:00,0.841612821,0.276624757
11/28/2019 5:00,0.811475243,0.266719014
11/28/2019 6:00,0.782308548,0.257132385
11/28/2019 7:00,0.769899732,0.253053805
11/28/2019 8:00,0.774027265,0.254410459
11/28/2019 9:00,0.753289112,0.247594158
11/28/2019 10:00,0.673574678,0.22139329
11/28/2019 11:00,0.653836326,0.214905608
11/28/2019 12:00,0.609938004,0.200476927
11/28/2019 13:00,0.623384725,0.204896651
11/28/2019 14:00,0.703154828,0.231115815
11/28/2019 15:00,0.708276654,0.232799278
11/28/2019 16:00,0.656366501,0.215737236
11/28/2019 17:00,0.64697042,0.212648893
11/28/2019 18:00,0.586590517,0.192802979
11/28/2019 19:00,0.56243587,0.184863731
11/28/2019 20:00,0.516043946,0.169615443
11/28/2019 21:00,0.498918192,0.163986479
11/28/2019 22:00,0.46840042,0.153955773
11/28/2019 23:00,0.450033267,0.147918782
11/29/2019 0:00,0.409687843,0.134657882
11/29/2019 1:00,0.387688406,0.127427017
11/29/2019 2:00,0.408900813,0.134399198
11/29/2019 3:00,0.427828364,0.140620383
11/29/2019 4:00,0.410469485,0.134914795
11/29/2019 5:00,0.394143754,0.129548787
11/29/2019 6:00,0.415557048,0.136586996
11/29/2019 7:00,0.395198795,0.129895562
11/29/2019 8:00,0.37074872,0.121859211
11/29/2019 9:00,0.348085102,0.11441004
11/29/2019 10:00,0.299080472,0.098302997
11/29/2019 11:00,0.260324634,0.085564569
11/29/2019 12:00,0.208002481,0.068367109
11/29/2019 13:00,0.168024252,0.055226901
11/29/2019 14:00,0.138066943,0.04538041
11/29/2019 15:00,0.131174107,0.043114844
11/29/2019 16:00,0.124351867,0.040872482
11/29/2019 17:00,0.125335367,0.041195743
11/29/2019 18:00,0.142997898,0.047001136
11/29/2019 19:00,0.167049249,0.054906433
11/29/2019 20:00,0.188807433,0.062058002
11/29/2019 21:00,0.205452402,0.067528939
11/29/2019 22:00,0.324793038,0.106754309
11/29/2019 23:00,0.290847468,0.09559694
11/30/2019 0:00,0.20923655,0.068772728
11/30/2019 1:00,0.154930962,0.050923345
11/30/2019 2:00,0.113886554,0.0374327
11/30/2019 3:00,0.086298924,0.028365085
11/30/2019 4:00,0.059120452,0.019431953
11/30/2019 5:00,0.037211287,0.012230759
11/30/2019 6:00,0.015645952,0.005142576
11/30/2019 7:00,0,0
11/30/2019 8:00,0,0
11/30/2019 9:00,0,0
11/30/2019 10:00,0,0
11/30/2019 11:00,0,0
11/30/2019 12:00,0,0
11/30/2019 13:00,0,0
11/30/2019 14:00,0,0
11/30/2019 15:00,0.001275256,0.000419156
11/30/2019 16:00,0.004296878,0.001412315
11/30/2019 17:00,0.009838685,0.003233819
11/30/2019 18:00,0.018544455,0.006095268
11/30/2019 19:00,0.030135218,0.009904967
11/30/2019 20:00,0.043410903,0.014268474
11/30/2019 21:00,0.054660079,0.017965899
11/30/2019 22:00,0.090011562,0.02958537
11/30/2019 23:00,0.120226626,0.039516581
12/01/2019 00:00,0.14647784,0.048144938
12/01/2019 01:00,0.216559752,0.071179748
12/01/2019 02:00,0.24253514,0.079717446
12/01/2019 03:00,0.315629831,0.103742508
12/01/2019 04:00,0.387143497,0.127247914
12/01/2019 05:00,0.412715812,0.135653127
12/01/2019 06:00,0.40659394,0.133640965
12/01/2019 07:00,0.466149398,0.153215898
12/01/2019 08:00,0.487014747,0.160074006
12/01/2019 09:00,0.445850137,0.146543853
12/01/2019 10:00,0.417713255,0.137295707
12/01/2019 11:00,0.417013088,0.137065574
12/01/2019 12:00,0.515982878,0.169595371
12/01/2019 13:00,0.602399959,0.197999291
12/01/2019 14:00,0.675709014,0.222094812
12/01/2019 15:00,0.70410176,0.231427057
12/01/2019 16:00,0.68431672,0.224924029
12/01/2019 17:00,0.657555126,0.216127918
12/01/2019 18:00,0.565261228,0.185792381
12/01/2019 19:00,0.515230879,0.169348201
12/01/2019 20:00,0.404046706,0.13280373
12/01/2019 21:00,0.369271688,0.121373734
12/01/2019 22:00,0.43682252,0.143576619
12/01/2019 23:00,0.381244119,0.125308882
12/02/2019 00:00,0.308453417,0.101383735
12/02/2019 01:00,0.318604491,0.104720232
12/02/2019 02:00,0.418726729,0.13762882
12/02/2019 03:00,0.591153319,0.1943027
12/02/2019 04:00,0.66552903,0.218748814
12/02/2019 05:00,0.657859519,0.216227967
12/02/2019 06:00,0.634055794,0.208404061
12/02/2019 07:00,0.628845914,0.206691657
12/02/2019 08:00,0.642373565,0.211137981
12/02/2019 09:00,0.642561147,0.211199636
12/02/2019 10:00,0.469404858,0.154285916
12/02/2019 11:00,0.346062968,0.113745397
12/02/2019 12:00,0.385268669,0.126631688
12/02/2019 13:00,0.448333189,0.147359993
12/02/2019 14:00,0.549231461,0.180523651
12/02/2019 15:00,0.615447867,0.202287931
12/02/2019 16:00,0.66594817,0.218886578
12/02/2019 17:00,0.705890456,0.232014973
12/02/2019 18:00,0.731942603,0.240577899
12/02/2019 19:00,0.751224167,0.246915443
12/02/2019 20:00,0.769087942,0.252786982
12/02/2019 21:00,0.812877776,0.267180005
12/02/2019 22:00,0.814827371,0.267820805
12/02/2019 23:00,0.859502634,0.282504854
12/03/2019 00:00,0.87576678,0.28785062
12/03/2019 01:00,0.862482579,0.283484315
12/03/2019 02:00,0.856641758,0.28156453
12/03/2019 03:00,0.839096022,0.275797525
12/03/2019 04:00,0.824002179,0.270836419
12/03/2019 05:00,0.807458208,0.265398679
12/03/2019 06:00,0.793075656,0.260671362
12/03/2019 07:00,0.778471709,0.255871277
12/03/2019 08:00,0.734592581,0.241448905
12/03/2019 09:00,0.638397503,0.209831112
12/03/2019 10:00,0.664939507,0.218555047
12/03/2019 11:00,0.657297899,0.216043372
12/03/2019 12:00,0.630484493,0.207230231
12/03/2019 13:00,0.552066033,0.18145533
12/03/2019 14:00,0.392754946,0.129092308
12/03/2019 15:00,0.286358316,0.094121427
12/03/2019 16:00,0.199669744,0.065628271
12/03/2019 17:00,0.199616558,0.06561079
12/03/2019 18:00,0.232641462,0.076465551
12/03/2019 19:00,0.27151366,0.089242224
12/03/2019 20:00,0.304470648,0.100074663
12/03/2019 21:00,0.363538464,0.119489315
12/03/2019 22:00,0.326071365,0.107174475
12/03/2019 23:00,0.484007002,0.159085408
12/04/2019 00:00,0.573843288,0.188613168
12/04/2019 01:00,0.589406295,0.193728481
12/04/2019 02:00,0.613943348,0.20179342
12/04/2019 03:00,0.590553429,0.194105525
12/04/2019 04:00,0.567489155,0.186524665
12/04/2019 05:00,0.593386737,0.195036789
12/04/2019 06:00,0.614608764,0.202012132
12/04/2019 07:00,0.624337515,0.205209817
12/04/2019 08:00,0.638833885,0.209974544
12/04/2019 09:00,0.642707211,0.211247645
12/04/2019 10:00,0.66902221,0.219896967
12/04/2019 11:00,0.747996499,0.24585456
12/04/2019 12:00,0.764104903,0.251149136
12/04/2019 13:00,0.717142033,0.235713187
12/04/2019 14:00,0.797087789,0.261990087
12/04/2019 15:00,0.857430648,0.281823825
12/04/2019 16:00,0.883603765,0.290426513
12/04/2019 17:00,0.890098806,0.292561329
12/04/2019 18:00,0.884747026,0.290802285
12/04/2019 19:00,0.890052686,0.292546171
12/04/2019 20:00,0.892198418,0.293251439
12/04/2019 21:00,0.903435571,0.296944912
12/04/2019 22:00,0.902572953,0.296661383
12/04/2019 23:00,0.908063993,0.298466201
12/05/2019 00:00,0.91,0.299102536
12/05/2019 01:00,0.91,0.299102536
12/05/2019 02:00,0.91,0.299102536
12/05/2019 03:00,0.909004522,0.298775338
12/05/2019 04:00,0.91,0.299102536
12/05/2019 05:00,0.91,0.299102536
12/05/2019 06:00,0.91,0.299102536
12/05/2019 07:00,0.91,0.299102536
12/05/2019 08:00,0.91,0.299102536
12/05/2019 09:00,0.908347603,0.298559419
12/05/2019 10:00,0.905099912,0.297491955
12/05/2019 11:00,0.830035316,0.272819415
12/05/2019 12:00,0.773361631,0.254191676
12/05/2019 13:00,0.634451462,0.208534111
12/05/2019 14:00,0.469518555,0.154323286
12/05/2019 15:00,0.356325665,0.117118582
12/05/2019 16:00,0.246043093,0.080870454
12/05/2019 17:00,0.114112094,0.037506832
12/05/2019 18:00,0.043521734,0.014304902
12/05/2019 19:00,0.292959734,0.096291208
12/05/2019 20:00,0.164640463,0.054114703
12/05/2019 21:00,0.057251609,0.018817694
12/05/2019 22:00,0.174235877,0.057268563
12/05/2019 23:00,0.242307284,0.079642553
12/06/2019 00:00,0.239813053,0.078822739
12/06/2019 01:00,0.107418441,0.035306734
12/06/2019 02:00,0.073823334,0.024264556
12/06/2019 03:00,0.045882134,0.015080728
12/06/2019 04:00,0.049075512,0.016130341
12/06/2019 05:00,0.028460218,0.009354421
12/06/2019 06:00,0,0
12/06/2019 07:00,0,0
12/06/2019 08:00,0,0
12/06/2019 09:00,0,0
12/06/2019 10:00,0.015556782,0.005113267
12/06/2019 11:00,0.00076002,0.000249806
12/06/2019 12:00,0,0
12/06/2019 13:00,0,0
12/06/2019 14:00,0.030783162,0.010117936
12/06/2019 15:00,0.091546464,0.030089868
12/06/2019 16:00,0.134608704,0.044243742
12/06/2019 17:00,0.162309931,0.053348694
12/06/2019 18:00,0.253816344,0.083425398
12/06/2019 19:00,0.243263495,0.079956844
12/06/2019 20:00,0.240485553,0.079043779
12/06/2019 21:00,0.303908965,0.099890046
12/06/2019 22:00,0.328125194,0.107849536
12/06/2019 23:00,0.348172734,0.114438844
12/07/2019 00:00,0.436029527,0.143315975
12/07/2019 01:00,0.46612753,0.15320871
12/07/2019 02:00,0.398732216,0.131056942
12/07/2019 03:00,0.38978152,0.12811499
12/07/2019 04:00,0.483404354,0.158887327
12/07/2019 05:00,0.298052398,0.097965086
12/07/2019 06:00,0.208857315,0.06864808
12/07/2019 07:00,0.143190167,0.047064332
12/07/2019 08:00,0.072782437,0.02392243
12/07/2019 09:00,0.044123314,0.014502632
12/07/2019 10:00,0,0
12/07/2019 11:00,0,0
12/07/2019 12:00,0,0
12/07/2019 13:00,0.100007234,0.032870788
12/07/2019 14:00,0.325424859,0.106961979
12/07/2019 15:00,0.59993322,0.197188513
12/07/2019 16:00,0.746100055,0.245231229
12/07/2019 17:00,0.760313774,0.249903052
12/07/2019 18:00,0.742774221,0.24413808
12/07/2019 19:00,0.69714723,0.229141213
12/07/2019 20:00,0.660665312,0.217150187
12/07/2019 21:00,0.695755291,0.228683705
12/07/2019 22:00,0.554967167,0.182408887
12/07/2019 23:00,0.594237035,0.195316268
12/08/2019 00:00,0.719508536,0.236491019
12/08/2019 01:00,0.866404922,0.284773526
12/08/2019 02:00,0.91,0.299102536
12/08/2019 03:00,0.91,0.299102536
12/08/2019 04:00,0.91,0.299102536
12/08/2019 05:00,0.91,0.299102536
12/08/2019 06:00,0.91,0.299102536
12/08/2019 07:00,0.907523131,0.298288428
12/08/2019 08:00,0.905180172,0.297518335
12/08/2019 09:00,0.889200024,0.292265914
12/08/2019 10:00,0.896084636,0.294528777
12/08/2019 11:00,0.869586483,0.285819255
12/08/2019 12:00,0.842088059,0.27678096
12/08/2019 13:00,0.789869345,0.259617499
12/08/2019 14:00,0.73090219,0.240235932
12/08/2019 15:00,0.651311532,0.214075748
12/08/2019 16:00,0.630465342,0.207223937
12/08/2019 17:00,0.614188117,0.201873872
12/08/2019 18:00,0.531597353,0.1747276
12/08/2019 19:00,0.470964747,0.154798626
12/08/2019 20:00,0.454471215,0.149377465
12/08/2019 21:00,0.746684313,0.245423265
12/08/2019 22:00,0.91,0.299102536
12/08/2019 23:00,0.91,0.299102536
12/09/2019 00:00,0.91,0.299102536
12/09/2019 01:00,0.91,0.299102536
12/09/2019 02:00,0.91,0.299102536
12/09/2019 03:00,0.908667071,0.298664423
12/09/2019 04:00,0.908043824,0.298459572
12/09/2019 05:00,0.900396598,0.29594605
12/09/2019 06:00,0.880398077,0.289372854
12/09/2019 07:00,0.861240387,0.283076026
12/09/2019 08:00,0.851574648,0.279899051
12/09/2019 09:00,0.83322076,0.27386642
12/09/2019 10:00,0.813481452,0.267378423
12/09/2019 11:00,0.694321777,0.228212532
12/09/2019 12:00,0.576104881,0.189356517
12/09/2019 13:00,0.372846989,0.122548879
12/09/2019 14:00,0.155205052,0.051013434
12/09/2019 15:00,0.123147363,0.040476581
12/09/2019 16:00,0.05557079,0.018265235
12/09/2019 17:00,0.03058639,0.01005326
12/09/2019 18:00,0.015497917,0.005093919
12/09/2019 19:00,0.067598368,0.022218509
12/09/2019 20:00,0.230846554,0.075875593
12/09/2019 21:00,0.486664554,0.159958904
12/09/2019 22:00,0.663187371,0.217979147
12/09/2019 23:00,0.755736236,0.248398488
12/10/2019 00:00,0.767666715,0.252319847
12/10/2019 01:00,0.765799451,0.251706107
12/10/2019 02:00,0.776083554,0.255086328
12/10/2019 03:00,0.81037703,0.266358049
12/10/2019 04:00,0.861218261,0.283068753
12/10/2019 05:00,0.899627187,0.295693157
12/10/2019 06:00,0.908563688,0.298630443
12/10/2019 07:00,0.909040546,0.298787179
12/10/2019 08:00,0.909233446,0.298850582
12/10/2019 09:00,0.908246198,0.298526089
12/10/2019 10:00,0.909447168,0.298920829
12/10/2019 11:00,0.907754864,0.298364595
12/10/2019 12:00,0.90685843,0.298069952
12/10/2019 13:00,0.902769338,0.296725932
12/10/2019 14:00,0.869014677,0.285631312
12/10/2019 15:00,0.907921166,0.298419256
12/10/2019 16:00,0.903854968,0.297082761
12/10/2019 17:00,0.895075384,0.294197052
12/10/2019 18:00,0.906396861,0.297918241
12/10/2019 19:00,0.908978804,0.298766885
12/10/2019 20:00,0.91,0.299102536
12/10/2019 21:00,0.91,0.299102536
12/10/2019 22:00,0.91,0.299102536
12/10/2019 23:00,0.909767489,0.299026113
12/11/2019 00:00,0.909099685,0.298806616
12/11/2019 01:00,0.91,0.299102536
12/11/2019 02:00,0.91,0.299102536
12/11/2019 03:00,0.91,0.299102536
12/11/2019 04:00,0.91,0.299102536
12/11/2019 05:00,0.909432077,0.298915868
12/11/2019 06:00,0.905968922,0.297777584
12/11/2019 07:00,0.906386449,0.297914819
12/11/2019 08:00,0.906813104,0.298055053
12/11/2019 09:00,0.908596023,0.298641071
12/11/2019 10:00,0.892337988,0.293297313
12/11/2019 11:00,0.909335286,0.298884055
12/11/2019 12:00,0.91,0.299102536
12/11/2019 13:00,0.91,0.299102536
12/11/2019 14:00,0.91,0.299102536
12/11/2019 15:00,0.91,0.299102536
12/11/2019 16:00,0.91,0.299102536
12/11/2019 17:00,0.91,0.299102536
12/11/2019 18:00,0.91,0.299102536
12/11/2019 19:00,0.91,0.299102536
12/11/2019 20:00,0.91,0.299102536
12/11/2019 21:00,0.90873586,0.298687033
12/11/2019 22:00,0.906356846,0.297905089
12/11/2019 23:00,0.898384564,0.295284727
12/12/2019 00:00,0.894170251,0.293899549
12/12/2019 01:00,0.889277324,0.292291322
12/12/2019 02:00,0.888969437,0.292190124
12/12/2019 03:00,0.870786397,0.286213648
12/12/2019 04:00,0.841874869,0.276710888
12/12/2019 05:00,0.797857897,0.262243209
12/12/2019 06:00,0.728154777,0.239332901
12/12/2019 07:00,0.649711409,0.213549813
12/12/2019 08:00,0.572363598,0.188126817
12/12/2019 09:00,0.454959643,0.149538003
12/12/2019 10:00,0.298634026,0.098156258
12/12/2019 11:00,0.202234873,0.066471388
12/12/2019 12:00,0.141809034,0.046610375
12/12/2019 13:00,0.085062388,0.027958655
12/12/2019 14:00,0.023813237,0.007827033
12/12/2019 15:00,0.00271533,0.000892486
12/12/2019 16:00,0.018686492,0.006141953
12/12/2019 17:00,0.049008874,0.016108438
12/12/2019 18:00,0.065769604,0.021617424
12/12/2019 19:00,0.058616353,0.019266263
12/12/2019 20:00,0.048787858,0.016035793
12/12/2019 21:00,0.047891384,0.015741137
12/12/2019 22:00,0.076417621,0.025117257
12/12/2019 23:00,0.106509522,0.035007987
12/13/2019 0:00,0.154104116,0.050651573
12/13/2019 1:00,0.187708358,0.061696754
12/13/2019 2:00,0.21348097,0.070167802
12/13/2019 3:00,0.203603406,0.066921203
12/13/2019 4:00,0.205883365,0.067670589
12/13/2019 5:00,0.255459466,0.083965466
12/13/2019 6:00,0.352897064,0.115991656
12/13/2019 7:00,0.405916985,0.133418461
12/13/2019 8:00,0.464052557,0.152526699
12/13/2019 9:00,0.520566828,0.171102042
12/13/2019 10:00,0.508909732,0.16727054
12/13/2019 11:00,0.528158722,0.173597377
12/13/2019 12:00,0.518525575,0.170431115
12/13/2019 13:00,0.507367387,0.166763596
12/13/2019 14:00,0.417236277,0.137138932
12/13/2019 15:00,0.378625582,0.124448211
12/13/2019 16:00,0.330226033,0.108540048
12/13/2019 17:00,0.295565159,0.09714757
12/13/2019 18:00,0.289246696,0.095070791
12/13/2019 19:00,0.246170901,0.080912462
12/13/2019 20:00,0.198833424,0.065353386
12/13/2019 21:00,0.171178191,0.05626355
12/13/2019 22:00,0.185585651,0.060999054
12/13/2019 23:00,0.147729659,0.048556391
12/14/2019 0:00,0.18956202,0.062306023
12/14/2019 1:00,0.207155249,0.068088637
12/14/2019 2:00,0.235996786,0.077568392
12/14/2019 3:00,0.318434152,0.104664244
12/14/2019 4:00,0.380122952,0.124940372
12/14/2019 5:00,0.409593026,0.134626717
12/14/2019 6:00,0.486300246,0.159839161
12/14/2019 7:00,0.66473943,0.218489285
12/14/2019 8:00,0.760912882,0.25009997
12/14/2019 9:00,0.767899211,0.252396265
12/14/2019 10:00,0.745058787,0.244888981
12/14/2019 11:00,0.715671083,0.23522971
12/14/2019 12:00,0.662852985,0.21786924
12/14/2019 13:00,0.557654608,0.183292206
12/14/2019 14:00,0.492788944,0.161971893
12/14/2019 15:00,0.43531524,0.1430812
12/14/2019 16:00,0.401626447,0.132008229
12/14/2019 17:00,0.369611962,0.121485577
12/14/2019 18:00,0.301467146,0.099087459
12/14/2019 19:00,0.22302331,0.073304217
12/14/2019 20:00,0.184567603,0.060664438
12/14/2019 21:00,0.177356339,0.05829421
12/14/2019 22:00,0.116146341,0.038175456
12/14/2019 23:00,0.123052852,0.040445516
12/15/2019 0:00,0.148037669,0.048657629
12/15/2019 1:00,0.198543724,0.065258166
12/15/2019 2:00,0.225256182,0.074038127
12/15/2019 3:00,0.249564828,0.082027992
12/15/2019 4:00,0.265329113,0.087209462
12/15/2019 5:00,0.260455634,0.085607627
12/15/2019 6:00,0.252093643,0.082859173
12/15/2019 7:00,0.266207517,0.08749818
12/15/2019 8:00,0.288054716,0.094679007
12/15/2019 9:00,0.301890895,0.099226739
12/15/2019 10:00,0.185521854,0.060978085
12/15/2019 11:00,0.257059737,0.08449145
12/15/2019 12:00,0.326509525,0.107318491
12/15/2019 13:00,0.32355003,0.106345752
12/15/2019 14:00,0.260773761,0.08571219
12/15/2019 15:00,0.228795513,0.075201448
12/15/2019 16:00,0.201303716,0.066165332
12/15/2019 17:00,0.180027076,0.059172038
12/15/2019 18:00,0.174574911,0.057379998
12/15/2019 19:00,0.23448039,0.077069977
12/15/2019 20:00,0.260257173,0.085542396
12/15/2019 21:00,0.243126634,0.07991186
12/15/2019 22:00,0.201731253,0.066305856
12/15/2019 23:00,0.191510828,0.062946565
12/16/2019 0:00,0.209179591,0.068754007
12/16/2019 1:00,0.199968131,0.065726346
12/16/2019 2:00,0.162842196,0.053523642
12/16/2019 3:00,0.131946877,0.043368841
12/16/2019 4:00,0.069167222,0.022734167
12/16/2019 5:00,0.036901933,0.012129079
12/16/2019 6:00,0.050172181,0.016490798
12/16/2019 7:00,0.062409314,0.020512949
12/16/2019 8:00,0.048064728,0.015798112
12/16/2019 9:00,0.03885912,0.012772375
12/16/2019 10:00,0.024974656,0.008208772
12/16/2019 11:00,0.031734449,0.010430609
12/16/2019 12:00,0.034789443,0.011434737
12/16/2019 13:00,0.028205741,0.009270779
12/16/2019 14:00,0.020085195,0.006601684
12/16/2019 15:00,0.019906678,0.006543009
12/16/2019 16:00,0.024904553,0.008185731
12/16/2019 17:00,0.031004312,0.010190625
12/16/2019 18:00,0.018945118,0.006226959
12/16/2019 19:00,0.002575648,0.000846575
12/16/2019 20:00,0,0
12/16/2019 21:00,0,0
12/16/2019 22:00,0.00686323,0.002255835
12/16/2019 23:00,0.010689134,0.003513348
12/17/2019 0:00,0.004857863,0.001596702
12/17/2019 1:00,0.005150959,0.001693038
12/17/2019 2:00,0.004464744,0.00146749
12/17/2019 3:00,0,0
12/17/2019 4:00,0,0
12/17/2019 5:00,0,0
12/17/2019 6:00,0,0
12/17/2019 7:00,0,0
12/17/2019 8:00,0,0
12/17/2019 9:00,0,0
12/17/2019 10:00,0,0
12/17/2019 11:00,0,0
12/17/2019 12:00,0,0
12/17/2019 13:00,0,0
12/17/2019 14:00,0,0
12/17/2019 15:00,0,0
12/17/2019 16:00,0,0
12/17/2019 17:00,0,0
12/17/2019 18:00,0,0
12/17/2019 19:00,0.004469907,0.001469187
12/17/2019 20:00,0.017750201,0.005834209
12/17/2019 21:00,0.027359918,0.00899277
12/17/2019 22:00,0.059237392,0.019470389
12/17/2019 23:00,0.142300177,0.046771806
12/18/2019 0:00,0.170647684,0.056089181
12/18/2019 1:00,0.177479578,0.058334716
12/18/2019 2:00,0.155765525,0.051197652
12/18/2019 3:00,0.167181074,0.054949762
12/18/2019 4:00,0.174182859,0.057251137
12/18/2019 5:00,0.177151581,0.058226909
12/18/2019 6:00,0.19699238,0.064748264
12/18/2019 7:00,0.205134656,0.067424501
12/18/2019 8:00,0.16214012,0.05329288
12/18/2019 9:00,0.130506419,0.042895386
12/18/2019 10:00,0.13608868,0.044730186
12/18/2019 11:00,0.153668949,0.050508541
12/18/2019 12:00,0.130939103,0.043037602
12/18/2019 13:00,0.074695128,0.024551101
12/18/2019 14:00,0.071441361,0.02348164
12/18/2019 15:00,0.100727973,0.033107684
12/18/2019 16:00,0.237712008,0.078132159
12/18/2019 17:00,0.391116135,0.128553657
12/18/2019 18:00,0.46514027,0.152884214
12/18/2019 19:00,0.651175497,0.214031036
12/18/2019 20:00,0.801754004,0.263523797
12/18/2019 21:00,0.865434767,0.284454652
12/18/2019 22:00,0.884353099,0.290672807
12/18/2019 23:00,0.909646206,0.298986249
12/19/2019 0:00,0.91,0.299102536
12/19/2019 1:00,0.91,0.299102536
12/19/2019 2:00,0.91,0.299102536
12/19/2019 3:00,0.91,0.299102536
12/19/2019 4:00,0.91,0.299102536
12/19/2019 5:00,0.870003557,0.285956341
12/19/2019 6:00,0.791067925,0.260011453
12/19/2019 7:00,0.709195843,0.233101401
12/19/2019 8:00,0.54915895,0.180499818
12/19/2019 9:00,0.396143765,0.130206159
12/19/2019 10:00,0.294327302,0.096740706
12/19/2019 11:00,0.269302747,0.088515532
12/19/2019 12:00,0.182421313,0.059958986
12/19/2019 13:00,0.20703586,0.068049396
12/19/2019 14:00,0.253270552,0.083246005
12/19/2019 15:00,0.198914452,0.065380019
12/19/2019 16:00,0.083967235,0.027598695
12/19/2019 17:00,0.125948701,0.041397336
12/19/2019 18:00,0.113306735,0.037242123
12/19/2019 19:00,0.099901545,0.03283605
12/19/2019 20:00,0.133099765,0.043747777
12/19/2019 21:00,0.286380054,0.094128572
12/19/2019 22:00,0.307098487,0.100938391
12/19/2019 23:00,0.367102502,0.120660757
12/20/2019 0:00,0.553690069,0.181989125
12/20/2019 1:00,0.709963202,0.23335362
12/20/2019 2:00,0.722927125,0.237614655
12/20/2019 3:00,0.810140457,0.266280291
12/20/2019 4:00,0.777423715,0.255526818
12/20/2019 5:00,0.664219103,0.218318261
12/20/2019 6:00,0.572121096,0.18804711
12/20/2019 7:00,0.644223866,0.211746145
12/20/2019 8:00,0.67066224,0.220436018
12/20/2019 9:00,0.616852467,0.202749601
12/20/2019 10:00,0.62732358,0.206191289
12/20/2019 11:00,0.636147191,0.20909147
12/20/2019 12:00,0.48140159,0.158229051
12/20/2019 13:00,0.347818804,0.114322512
12/20/2019 14:00,0.256062222,0.084163582
12/20/2019 15:00,0.220468376,0.072464451
12/20/2019 16:00,0.211407747,0.069486366
12/20/2019 17:00,0.114788852,0.037729271
12/20/2019 18:00,0.060035003,0.019732551
12/20/2019 19:00,0.013857317,0.00455468
12/20/2019 20:00,0,0
12/20/2019 21:00,0.012692457,0.004171809
12/20/2019 22:00,0,0
12/20/2019 23:00,0.017175615,0.005645352
12/21/2019 0:00,0.042185149,0.013865588
12/21/2019 1:00,0.152135142,0.050004403
12/21/2019 2:00,0.380612797,0.125101377
12/21/2019 3:00,0.526942148,0.173197508
12/21/2019 4:00,0.56066907,0.184283012
12/21/2019 5:00,0.603851723,0.198476463
12/21/2019 6:00,0.576730571,0.189562172
12/21/2019 7:00,0.554962133,0.182407232
12/21/2019 8:00,0.54618368,0.179521894
12/21/2019 9:00,0.545746905,0.179378333
12/21/2019 10:00,0.562489439,0.184881338
12/21/2019 11:00,0.509476628,0.16745687
12/21/2019 12:00,0.417202213,0.137127736
12/21/2019 13:00,0.317056724,0.104211506
12/21/2019 14:00,0.230048612,0.075613322
12/21/2019 15:00,0.220415983,0.07244723
12/21/2019 16:00,0.272266823,0.089489777
12/21/2019 17:00,0.251283618,0.082592931
12/21/2019 18:00,0.177403875,0.058309834
12/21/2019 19:00,0.125194645,0.04114949
12/21/2019 20:00,0.109393427,0.035955881
12/21/2019 21:00,0.105275463,0.034602371
12/21/2019 22:00,0.087539284,0.028772771
12/21/2019 23:00,0.064351983,0.021151474
12/22/2019 0:00,0.046921188,0.015422249
12/22/2019 1:00,0.033570016,0.011033931
12/22/2019 2:00,0.023930018,0.007865417
12/22/2019 3:00,0.021741621,0.007146125
12/22/2019 4:00,0.020652695,0.006788212
12/22/2019 5:00,0.016532005,0.005433807
12/22/2019 6:00,0.008978364,0.002951045
12/22/2019 7:00,0.000458985,0.000150861
12/22/2019 8:00,0,0
12/22/2019 9:00,0,0
12/22/2019 10:00,0,0
12/22/2019 11:00,0,0
12/22/2019 12:00,0.006692582,0.002199745
12/22/2019 13:00,0.00939998,0.003089624
12/22/2019 14:00,0.01035836,0.003404628
12/22/2019 15:00,0.010173314,0.003343806
12/22/2019 16:00,0.006696594,0.002201064
12/22/2019 17:00,0.000638285,0.000209794
12/22/2019 18:00,0,0
12/22/2019 19:00,0,0
12/22/2019 20:00,0,0
12/22/2019 21:00,0,0
12/22/2019 22:00,0,0
12/22/2019 23:00,0,0
12/23/2019 0:00,0,0
12/23/2019 1:00,0,0
12/23/2019 2:00,0,0
12/23/2019 3:00,0,0
12/23/2019 4:00,0.012927924,0.004249203
12/23/2019 5:00,0.01509579,0.004961746
12/23/2019 6:00,0.011233114,0.003692146
12/23/2019 7:00,0.000625503,0.000205593
12/23/2019 8:00,0,0
12/23/2019 9:00,0,0
12/23/2019 10:00,0,0
12/23/2019 11:00,0,0
12/23/2019 12:00,0,0
12/23/2019 13:00,0,0
12/23/2019 14:00,0,0
12/23/2019 15:00,0,0
12/23/2019 16:00,0,0
12/23/2019 17:00,0,0
12/23/2019 18:00,0,0
12/23/2019 19:00,0,0
12/23/2019 20:00,0,0
12/23/2019 21:00,0,0
12/23/2019 22:00,0,0
12/23/2019 23:00,0,0
12/24/2019 0:00,0,0
12/24/2019 1:00,0,0
12/24/2019 2:00,0,0
12/24/2019 3:00,0,0
12/24/2019 4:00,0,0
12/24/2019 5:00,0,0
12/24/2019 6:00,0,0
12/24/2019 7:00,0,0
12/24/2019 8:00,0,0
12/24/2019 9:00,0,0
12/24/2019 10:00,0,0
12/24/2019 11:00,0,0
12/24/2019 12:00,0,0
12/24/2019 13:00,0,0
12/24/2019 14:00,0,0
12/24/2019 15:00,0,0
12/24/2019 16:00,0,0
12/24/2019 17:00,0,0
12/24/2019 18:00,0,0
12/24/2019 19:00,0.001748472,0.000574695
12/24/2019 20:00,0.012909522,0.004243155
12/24/2019 21:00,0.024242903,0.007968257
12/24/2019 22:00,0.008123394,0.002670031
12/24/2019 23:00,0.007227578,0.00237559
12/25/2019 0:00,0.012949553,0.004256312
12/25/2019 1:00,0.031677164,0.01041178
12/25/2019 2:00,0.046498727,0.015283393
12/25/2019 3:00,0.035342573,0.011616542
12/25/2019 4:00,0.038459155,0.012640913
12/25/2019 5:00,0.062474879,0.0205345
12/25/2019 6:00,0.080264453,0.02638165
12/25/2019 7:00,0.071662363,0.02355428
12/25/2019 8:00,0.066800896,0.021956393
12/25/2019 9:00,0.060707168,0.019953481
12/25/2019 10:00,0.051541058,0.016940727
12/25/2019 11:00,0.038674306,0.01271163
12/25/2019 12:00,0.040770244,0.013400531
12/25/2019 13:00,0.039181912,0.012878472
12/25/2019 14:00,0.028856891,0.009484801
12/25/2019 15:00,0.008897632,0.00292451
12/25/2019 16:00,0,0
12/25/2019 17:00,0,0
12/25/2019 18:00,0,0
12/25/2019 19:00,0,0
12/25/2019 20:00,0,0
12/25/2019 21:00,0,0
12/25/2019 22:00,0,0
12/25/2019 23:00,0.003941145,0.001295392
12/26/2019 0:00,0.015341063,0.005042363
12/26/2019 1:00,0.028732438,0.009443896
12/26/2019 2:00,0.040401273,0.013279256
12/26/2019 3:00,0.054283133,0.017842003
12/26/2019 4:00,0.125431799,0.041227439
12/26/2019 5:00,0.251548754,0.082680077
12/26/2019 6:00,0.377588154,0.124107225
12/26/2019 7:00,0.476486552,0.156613556
12/26/2019 8:00,0.498986914,0.164009067
12/26/2019 9:00,0.575698064,0.189222803
12/26/2019 10:00,0.569488632,0.187181861
12/26/2019 11:00,0.592292654,0.194677181
12/26/2019 12:00,0.599702167,0.19711257
12/26/2019 13:00,0.612287388,0.201249132
12/26/2019 14:00,0.646411206,0.212465089
12/26/2019 15:00,0.706223644,0.232124487
12/26/2019 16:00,0.714722847,0.234918039
12/26/2019 17:00,0.689110745,0.226499749
12/26/2019 18:00,0.712000083,0.23402311
12/26/2019 19:00,0.74318307,0.244272462
12/26/2019 20:00,0.756558049,0.248668605
12/26/2019 21:00,0.736838603,0.242187137
12/26/2019 22:00,0.744321948,0.244646793
12/26/2019 23:00,0.788111763,0.25903981
12/27/2019 0:00,0.758823755,0.249413307
12/27/2019 1:00,0.736279578,0.242003394
12/27/2019 2:00,0.802829495,0.263877294
12/27/2019 3:00,0.821897035,0.270144492
12/27/2019 4:00,0.840783163,0.276352062
12/27/2019 5:00,0.858585733,0.282203483
12/27/2019 6:00,0.858199129,0.282076413
12/27/2019 7:00,0.868179496,0.285356801
12/27/2019 8:00,0.868740758,0.285541279
12/27/2019 9:00,0.868894344,0.28559176
12/27/2019 10:00,0.869302015,0.285725755
12/27/2019 11:00,0.857706275,0.28191442
12/27/2019 12:00,0.86216639,0.283380388
12/27/2019 13:00,0.856953871,0.281667116
12/27/2019 14:00,0.856927433,0.281658427
12/27/2019 15:00,0.849299566,0.279151268
12/27/2019 16:00,0.814419739,0.267686823
12/27/2019 17:00,0.745723846,0.245107575
12/27/2019 18:00,0.67524962,0.221943817
12/27/2019 19:00,0.560087484,0.184091853
12/27/2019 20:00,0.457745365,0.150453626
12/27/2019 21:00,0.368599316,0.121152736
12/27/2019 22:00,0.247239351,0.081263645
12/27/2019 23:00,0.209207595,0.068763211
12/28/2019 0:00,0.186897919,0.061430375
12/28/2019 1:00,0.190108355,0.062485594
12/28/2019 2:00,0.222072265,0.072991624
12/28/2019 3:00,0.276808273,0.09098248
12/28/2019 4:00,0.335322094,0.110215042
12/28/2019 5:00,0.531646704,0.174743821
12/28/2019 6:00,0.647922036,0.212961675
12/28/2019 7:00,0.673770098,0.221457522
12/28/2019 8:00,0.596602037,0.196093607
12/28/2019 9:00,0.563689968,0.185275933
12/28/2019 10:00,0.592591867,0.194775528
12/28/2019 11:00,0.508250295,0.167053793
12/28/2019 12:00,0.430219694,0.141406375
12/28/2019 13:00,0.369389889,0.121412585
12/28/2019 14:00,0.388180343,0.127588709
12/28/2019 15:00,0.448431892,0.147392435
12/28/2019 16:00,0.446894564,0.14688714
12/28/2019 17:00,0.445912063,0.146564207
12/28/2019 18:00,0.50092676,0.164646664
12/28/2019 19:00,0.560591804,0.184257616
12/28/2019 20:00,0.621134329,0.204156981
12/28/2019 21:00,0.669753325,0.220137272
12/28/2019 22:00,0.722938132,0.237618273
12/28/2019 23:00,0.753179416,0.247558102
12/29/2019 0:00,0.758758672,0.249391915
12/29/2019 1:00,0.773590796,0.254266998
12/29/2019 2:00,0.792867156,0.260602832
12/29/2019 3:00,0.805804434,0.264855109
12/29/2019 4:00,0.846610418,0.278267388
12/29/2019 5:00,0.861729629,0.283236832
12/29/2019 6:00,0.872115649,0.286650552
12/29/2019 7:00,0.868554021,0.285479901
12/29/2019 8:00,0.856595446,0.281549308
12/29/2019 9:00,0.846002004,0.278067412
12/29/2019 10:00,0.810996778,0.26656175
12/29/2019 11:00,0.770956133,0.253401027
12/29/2019 12:00,0.746188296,0.245260232
12/29/2019 13:00,0.710822686,0.233636119
12/29/2019 14:00,0.683728418,0.224730663
12/29/2019 15:00,0.616697948,0.202698813
12/29/2019 16:00,0.555882031,0.182709588
12/29/2019 17:00,0.532838516,0.175135551
12/29/2019 18:00,0.575690321,0.189220258
12/29/2019 19:00,0.665121791,0.218614961
12/29/2019 20:00,0.711432155,0.233836441
12/29/2019 21:00,0.772024187,0.253752079
12/29/2019 22:00,0.758470702,0.249297264
12/29/2019 23:00,0.76467462,0.251336393
12/30/2019 0:00,0.818871235,0.269149959
12/30/2019 1:00,0.845703301,0.277969233
12/30/2019 2:00,0.84588202,0.278027975
12/30/2019 3:00,0.835869254,0.274736938
12/30/2019 4:00,0.826445002,0.271639336
12/30/2019 5:00,0.83861451,0.27563926
12/30/2019 6:00,0.823432963,0.270649327
12/30/2019 7:00,0.812610068,0.267092013
12/30/2019 8:00,0.824726496,0.27107449
12/30/2019 9:00,0.818706548,0.269095829
12/30/2019 10:00,0.822222214,0.270251373
12/30/2019 11:00,0.85847197,0.282166091
12/30/2019 12:00,0.877371543,0.28837808
12/30/2019 13:00,0.902540565,0.296650738
12/30/2019 14:00,0.909360912,0.298892478
12/30/2019 15:00,0.909850751,0.29905348
12/30/2019 16:00,0.91,0.299102536
12/30/2019 17:00,0.907951518,0.298429232
12/30/2019 18:00,0.906587347,0.297980851
12/30/2019 19:00,0.89368654,0.293740561
12/30/2019 20:00,0.861343837,0.283110028
12/30/2019 21:00,0.825448508,0.271311804
12/30/2019 22:00,0.79267255,0.260538868
12/30/2019 23:00,0.686863804,0.225761215
12/31/2019 0:00,0.630310125,0.207172919
12/31/2019 1:00,0.518684598,0.170483383
12/31/2019 2:00,0.3545018,0.116519107
12/31/2019 3:00,0.313622976,0.103082887
12/31/2019 4:00,0.159794831,0.052522021
12/31/2019 5:00,0.119992297,0.039439561
12/31/2019 6:00,0.117535997,0.038632214
12/31/2019 7:00,0.183881206,0.06043883
12/31/2019 8:00,0.252834823,0.083102788
12/31/2019 9:00,0.260472555,0.085613189
12/31/2019 10:00,0.245304121,0.080627565
12/31/2019 11:00,0.235349288,0.07735557
12/31/2019 12:00,0.232725042,0.076493022
12/31/2019 13:00,0.225248263,0.074035524
12/31/2019 14:00,0.230743159,0.075841609
12/31/2019 15:00,0.258718117,0.085036533
12/31/2019 16:00,0.251436852,0.082643297
12/31/2019 17:00,0.234084756,0.076939939
12/31/2019 18:00,0.214091249,0.07036839
12/31/2019 19:00,0.263782014,0.086700955
12/31/2019 20:00,0.283098807,0.093050078
12/31/2019 21:00,0.299617254,0.098479429
12/31/2019 22:00,0.206510766,0.067876806
12/31/2019 23:00,0.287987383,0.094656875
